Workbook

Sheet 0831
B1: 屏榮 大溪廠組合室生產人時性分析
B3: 日期 | C3: 114.08.31星期日 | E3: 訂單量 | F3: ='0831(18度C)'!D1+'0831(4度C)'!D1 -> 251694 | H3: 營業額 | I3: ='0831(18度C)'!F1+'0831(4度C)'!F1 -> 7725142.4
B4: 人時性 | C4: 項目 | E4: ➀ | G4: ➁ | I4: ➂ | K4: ④ | M4: ⑤
C5: 組合室 | E5: 全溫層 | G5: 4度C-各編組展開(一配) | I5: 4度C-各編組展開(二配) | K5: 18度C-各編組展開(一配) | M5: 18度C-各編組展開(二配)
C6: 排關平均 | E6: =AVERAGE(D13:O13,D27:X27) -> 492.99534 | F6: =AVERAGE(#REF!,D13:K13) -> #REF! | G6: =AVERAGE(D13:K13) -> 174.7978 | I6: =AVERAGE(L13:O13) -> 91.865358 | K6: =AVERAGE(D27:O27) -> 671.63502 | M6: =AVERAGE(P27:X27) -> 759.74955
C7: 實績平均 | E7: =AVERAGE(D14:O14,D28:X28) -> 421.57475 | F7: =AVERAGE(#REF!,D14:K14) -> #REF! | G7: =AVERAGE(D14:K14) -> 149.85211 | I7: =AVERAGE(L14:O14) -> 78.698736 | K7: =AVERAGE(D28:O28) -> 573.6167 | M7: =AVERAGE(P28:X28) -> 650.15391
C8: 達成率平均 | E8: =AVERAGE(D15:O15,D29:X29) -> 0.85713781 | F8: =AVERAGE(D15:K15,#REF!) -> #REF! | G8: =AVERAGE(D15:K15) -> 0.85996396 | I8: =AVERAGE(L15:O15) -> 0.85674037 | K8: =AVERAGE(D29:O29) -> 0.85438899 | M8: =AVERAGE(P29:X29) -> 0.85763822 | O8: ※現行日本鮮食廠以達成率80%為基本(即為現行KPI)
B10: 溫層 | D10: ➁4度C-各編組展開 | L10: ➂4度C-各編組展開
B11: 編組 | D11: 1 | E11: 2 | F11: 3 | G11: 4 | H11: 5 | I11: 6 | J11: 7 | K11: 8 | L11: 1 | M11: 2 | N11: 3 | O11: 4
D12: 便當一線 | E12: 便當二線 | F12: 涼麵一線 | G12: 涼麵二線 | H12: 涼麵三線 | I12: 自動包裝機 | J12: 自動包裝機2 | K12: 自動包裝機3 | L12: 便當一線 | M12: 便當二線 | N12: 涼麵一線 | O12: 涼麵二線
B13: 人時性 | C13: 排關 | D13: 115.15152 | E13: 79.545455 | F13: 82.105263 | G13: 84.507042 | H13: 178.02198 | I13: 250.92 | J13: - | K13: 433.33333 | L13: - | M13: - | N13: 86.956522 | O13: 96.774194
C14: 實績 | D14: 100.80313 | E14: 68.090971 | F14: 70.588589 | G14: 72.868101 | H14: 152.41134 | I14: 215.80781 | J14: - | K14: 368.39485 | L14: - | M14: - | N14: 74.605881 | O14: 82.791591
C15: 達成率 | D15: =D14/D13 -> 0.87539561 | E15: =E14/E13 -> 0.85600078 | F15: =F14/F13 -> 0.85973281 | G15: =G14/G13 -> 0.86227253 | H15: =H14/H13 -> 0.8561378 | I15: =I14/I13 -> 0.8600662 | J15: - | K15: =K14/K13 -> 0.85014197 | L15: - | M15: - | N15: =N14/N13 -> 0.85796763 | O15: =O14/O13 -> 0.85551311
B16: 作業 時間 | C16: 開始 | D16: 0.25 | E16: 0.25 | F16: 0.25030093 | G16: 0.25023148 | H16: 0.16666667 | I16: 0.25 | J16: - | K16: 0.32016204 | L16: - | M16: - | N16: 0.70841435 | O16: 0.70844907
C17: 結束 | D17: 0.56681713 | E17: 0.67638889 | F17: 0.61738426 | G17: 0.61180556 | H17: 0.73402778 | I17: 0.59664352 | J17: - | K17: 0.50033565 | L17: - | M17: - | N17: 0.82309028 | O17: 0.8544213
B18: 配置人數 | D18: 16.5 | E18: 25.142857 | F18: 23.75 | G18: 23.666667 | H18: 20.222222 | I18: 12.5 | J18: - | K18: 6 | L18: - | M18: - | N18: 23 | O18: 20.666667
B19: 主要應用設備 | D19: L型封口機 | E19: ET-55 | F19: ET-55 | G19: ET-55 | H19: ET-600 | I19: 伺服包裝機 | J19: 伺服包裝機 | K19: 伺服包裝機 | L19: L型封口機 | M19: ET-55 | N19: ET-55 | O19: ET-55
B20: 次要應用設備 | D20: 伺服包裝機 | H20: 伺服包裝機
B21: 備註 | H21: 涼麵+烤飯糰 | I21: 大口飯糰線 | K21: 烤飯糰+手卷
B24: 溫層 | D24: ➃18度C-各編組展開 (一配) | P24: ⑤18度C-各編組展開 (二配)
B25: 編組 | D25: 1 | E25: 2 | F25: 3 | G25: 4 | H25: 5 | I25: 6 | J25: 7 | K25: 8 | L25: 9 | M25: 10 | N25: 11 | O25: 12 | P25: 1 | Q25: 2 | R25: 3 | S25: 4 | T25: 5 | U25: 6 | V25: 7 | W25: 8 | X25: 9
D26: 便當一線 | E26: 涼麵一線 | F26: 涼麵三線 | G26: 自動包裝機 | H26: 自動包裝機2 | I26: 自動包裝機3 | J26: 味付飯糰線B | K26: (舊) 3300型飯糰線 | L26: 3000型飯糰線 | M26: (新) 3300型飯糰機 | N26: GKK3600型 飯糰機 | O26: GKK3600型 飯糰機2 | P26: 自動包裝機 | Q26: 自動包裝機2 | R26: 自動包裝機3 | S26: 味付飯糰線B | T26: (舊) 3300型飯糰線 | U26: 3000型飯糰線 | V26: (新) 3300型飯糰機 | W26: GKK3600型 飯糰機 | X26: GKK3600型 飯糰機2
B27: 人時性 | C27: 排關 | D27: 226.15 | E27: - | F27: - | G27: 260.86957 | H27: 433.33333 | I27: - | J27: 675 | K27: 825 | L27: - | M27: 880 | N27: 1200 | O27: 872.72727 | P27: 226.65517 | Q27: - | R27: - | S27: 675 | T27: 836.84211 | U27: - | V27: 776.47059 | W27: 1020 | X27: 1023.5294
C28: 實績 | D28: 193.15701 | E28: - | F28: - | G28: 223.49379 | H28: 359.33288 | I28: - | J28: 594.50634 | K28: 712.87129 | L28: - | M28: 753.79419 | N28: 1003.5862 | O28: 748.19185 | P28: 193.56617 | Q28: - | R28: - | S28: 600.84507 | T28: 714.91033 | U28: - | V28: 668.59423 | W28: 862.19214 | X28: 860.8155
C29: 達成率 | D29: =D28/D27 -> 0.85411015 | E29: - | F29: - | G29: =G28/G27 -> 0.85672619 | H29: =H28/H27 -> 0.82922973 | I29: - | J29: =J28/J27 -> 0.88075014 | K29: =K28/K27 -> 0.86408641 | L29: - | M29: =M28/M27 -> 0.85658431 | N29: =N28/N27 -> 0.83632187 | O29: =O28/O27 -> 0.85730316 | P29: =P28/P27 -> 0.85401172 | Q29: - | R29: - | S29: =S28/S27 -> 0.89014085 | T29: =T28/T27 -> 0.85429536 | U29: - | V29: =V28/V27 -> 0.86106833 | W29: =W28/W27 -> 0.84528641 | X29: =X28/X27 -> 0.84102664
B30: 作業 時間 | C30: 開始 | D30: 0.3765625 | E30: - | F30: - | G30: 0.32013889 | H30: 0.25 | I30: - | J30: 0.25 | K30: 0.35833333 | L30: - | M30: 0.25 | N30: 0.25023148 | O30: 0.25 | P30: 0.70833333 | Q30: - | R30: - | S30: 0.70833333 | T30: 0.70833333 | U30: - | V30: 0.70833333 | W30: 0.70834491 | X30: 0.70861111
C31: 結束 | D31: 0.47672454 | E31: - | F31: - | G31: 0.40416667 | H31: 0.31597222 | I31: - | J31: 0.35491898 | K31: 0.44600694 | L31: - | M31: 0.43912037 | N31: 0.46180556 | O31: 0.41806713 | P31: 0.86041667 | Q31: - | R31: - | S31: 0.89322917 | T31: 0.95902778 | U31: - | V31: 0.96137731 | W31: 0.98853009 | X31: 0.97361111
B32: 配置人數 | D32: 13.333333 | E32: - | F32: - | G32: 11.5 | H32: 6 | I32: - | J32: 4 | K32: 4 | L32: - | M32: 3.75 | N32: 3 | O32: 3.6666667 | P32: 14.5 | Q32: - | R32: - | S32: 4 | T32: 3.8 | U32: - | V32: 4.25 | W32: 3.3333333 | X32: 3.4
B33: 主要應用設備 | D33: 伺服包裝機 | E33: ET-55 | F33: ET-600 | G33: 夾心型 | H33: 伺服包裝機 | I33: 伺服包裝機 | J33: 夾心型 | K33: 3300型 | L33: 3300型 | M33: 3300型 | N33: GKK | O33: GKK | P33: 夾心型 | Q33: 伺服包裝機 | R33: 伺服包裝機 | S33: 夾心型 | T33: 3300型 | U33: 3300型 | V33: 3300型 | W33: GKK | X33: GKK
B34: 次要應用設備
B35: 備註

Sheet 0831(18度C)
A1: 大溪廠日報分析 | C1: 總生產量 | D1: =SUM(F5:F242) -> 135198 | E1: 營業額 | F1: =SUM(G5:G242) -> 2606903.3 | G1: 出勤人數 | H1: =L21+L38+L55+L72+L89+L106+L123+L140+L157+L293+L191+L208+L225+L242 -> 78.533333 | I1: 產線配置圖 | L1: 生產實績 | O1: 人時性差異分析 | S1: 日報登錄 | Y1: 分析說明 | AA1: 產能差異分析
A2: 45900 | C2: 人時性 | D2: =AVERAGE(N21,N38,N55,N72,N89,N106,N123,N140,N157,N174,N191,N208,N225,N242) -> 606.41836 | E2: 平均廠價 | F2: =F1/D1 -> 19.282114 | G2: 多次生產數 | H2: =COUNT(H5:H242) -> 4
A3: 線別 | B3: 品類 | C3: 品名 | E3: 廠價 | F3: 生產量 | G3: 營收 | H3: 多次 生產 | I3: 人數 | J3: 產能/時 | K3: 人時性 | L3: 人數 | M3: 產能/時 | N3: 人時性 | O3: 人數 | P3: 人時性 | Q3: 達成率 | R3: 達成率 平均 | S3: 生產時間 | U3: 換線、休息/分 | V3: 稼動時間/分 | W3: 休息時間 | Y3: (屏榮回填) | AA3: 產能/時 | AB3: 達成率 | AC3: 達成率平均
S4: 開始 | T4: 結束 | W4: 開始 | X4: 結束
A5: 便當一線 | B5: 18℃-壽司手卷 | C5: 一配海饌雙手卷 | E5: 29.85 | F5: 2418 | G5: =E5*F5 -> 72177.3 | I5: 17 | J5: 3273 | K5: =J5/I5 -> 192.52941 | L5: 17 | M5: =F5/V5*60 -> 2802.5757 | N5: =M5/L5 -> 164.85739 | O5: =L5-I5 -> 0 | P5: =N5-K5 -> -27.67202 | Q5: =N5/K5 -> 0.85627121 | R5: =Q21 -> 0.85411015 | S5: 0.3765625 | T5: 0.41251157 | U5: 6.8333333 | V5: 51.766667 | AA5: =M5-J5 -> -470.42434 | AB5: =M5/J5 -> 0.85627121 | AC5: =AB21 -> 0.85411015
B6: 18℃-壽司手卷 | C6: 一配雙饗雙手卷 | E6: 29.52 | F6: 2445 | G6: =E6*F6 -> 72176.4 | I6: 17 | J6: 3273 | K6: =J6/I6 -> 192.52941 | L6: 17 | M6: =F6/V6*60 -> 2803.1847 | N6: =M6/L6 -> 164.89322 | O6: =L6-I6 -> 0 | P6: =N6-K6 -> -27.636193 | Q6: =N6/K6 -> 0.85645729 | S6: 0.41666667 | T6: 0.45300926 | U6: 5.9833333 | V6: 52.333333 | AA6: =M6-J6 -> -469.81529 | AB6: =M6/J6 -> 0.85645729
B7: 18℃-壽司手卷 | C7: 一配日式厚蛋脆卷 | E7: 21.61 | F7: 1042 | G7: =E7*F7 -> 22517.62 | I7: 6 | J7: 2500 | K7: =J7/I7 -> 416.66667 | L7: 6 | M7: =F7/V7*60 -> 2120.5201 | N7: =M7/L7 -> 353.42001 | O7: =L7-I7 -> 0 | P7: =N7-K7 -> -63.246655 | Q7: =N7/K7 -> 0.84820803 | S7: 0.45625 | T7: 0.47672454 | U7: 4.6666667 | V7: 29.483333 | W7: 0.47672454 | X7: 0.51666667 | AA7: =M7-J7 -> -379.47993 | AB7: =M7/J7 -> 0.84820803
B21: 平均 | I21: =AVERAGE(I5:I20) -> 13.333333 | J21: =AVERAGE(J5:J20) -> 3015.3333 | K21: =J21/I21 -> 226.15 | L21: =AVERAGE(L5:L20) -> 13.333333 | M21: =AVERAGE(M5:M20) -> 2575.4268 | N21: =M21/L21 -> 193.15701 | O21: =L21-I21 -> 0 | P21: =N21-K21 -> -32.992989 | Q21: =N21/K21 -> 0.85411015 | S21: =S5 -> 0.3765625 | T21: =INDEX(T5:T20,COUNTA(T5:T20)) -> 0.47672454 | AA21: =M21-J21 -> -439.90652 | AB21: =M21/J21 -> 0.85411015
A22: 自動包裝機 | B22: 18℃-壽司手卷 | C22: 一配新之助的豆皮壽司喔 | E22: 25.52 | F22: 2570 | G22: =E22*F22 -> 65586.4 | I22: 12 | J22: 3000 | K22: =J22/I22 -> 250 | L22: 12 | M22: =F22/V22*60 -> 2570 | N22: =M22/L22 -> 214.16667 | O22: =L22-I22 -> 0 | P22: =N22-K22 -> -35.833333 | Q22: =N22/K22 -> 0.85666667 | R22: =Q38 -> 0.85672619 | S22: 0.32013889 | T22: 0.36180556 | U22: 7 | V22: 60 | AA22: =M22-J22 -> -430 | AB22: =M22/J22 -> 0.85666667 | AC22: =AB38 -> 0.85672619
B23: 18℃-壽司手卷 | C23: 一配長野稻荷壽司 | E23: 25.64 | F23: 2399 | G23: =E23*F23 -> 61510.36 | I23: 11 | J23: 3000 | K23: =J23/I23 -> 272.72727 | L23: 11 | M23: =F23/V23*60 -> 2570.3571 | N23: =M23/L23 -> 233.66883 | O23: =L23-I23 -> 0 | P23: =N23-K23 -> -39.058442 | Q23: =N23/K23 -> 0.85678571 | S23: 0.36527778 | T23: 0.40416667 | U23: 5 | V23: 56 | AA23: =M23-J23 -> -429.64286 | AB23: =M23/J23 -> 0.85678571
B38: 平均 | I38: =AVERAGE(I22:I37) -> 11.5 | J38: =AVERAGE(J22:J37) -> 3000 | K38: =J38/I38 -> 260.86957 | L38: =AVERAGE(L22:L37) -> 11.5 | M38: =AVERAGE(M22:M37) -> 2570.1786 | N38: =M38/L38 -> 223.49379 | O38: =L38-I38 -> 0 | P38: =N38-K38 -> -37.375776 | Q38: =N38/K38 -> 0.85672619 | S38: =S22 -> 0.32013889 | T38: =INDEX(T22:T37,COUNTA(T22:T37)) -> 0.40416667 | AA38: =M38-J38 -> -429.82143 | AB38: =M38/J38 -> 0.85672619
A39: 自動包裝機2 | B39: 18℃-壽司手卷 | C39: 一配芝麻海苔香鬆細卷 | E39: 14.06 | F39: 1096 | G39: =E39*F39 -> 15409.76 | I39: 6 | J39: 2600 | K39: =J39/I39 -> 433.33333 | L39: 6 | M39: =F39/V39*60 -> 2165.5324 | N39: =M39/L39 -> 360.92206 | O39: =L39-I39 -> 0 | P39: =N39-K39 -> -72.41127 | Q39: =N39/K39 -> 0.83289707 | R39: =Q55 -> 0.82922973 | S39: 0.25 | T39: 0.27108796 | V39: 30.366667 | AA39: =M39-J39 -> -434.46762 | AB39: =M39/J39 -> 0.83289707 | AC39: =AB55 -> 0.82922973
B40: 18℃-壽司手卷 | C40: 一配鮪魚沙拉細卷 | E40: 14.81 | F40: 1255 | G40: =E40*F40 -> 18586.55 | I40: 6 | J40: 2600 | K40: =J40/I40 -> 433.33333 | L40: 6 | M40: =F40/V40*60 -> 2167.9463 | N40: =M40/L40 -> 361.32438 | O40: =L40-I40 -> 0 | P40: =N40-K40 -> -72.008957 | Q40: =N40/K40 -> 0.83382548 | S40: 0.27450231 | T40: 0.29862269 | U40: 4.9166667 | V40: 34.733333 | AA40: =M40-J40 -> -432.05374 | AB40: =M40/J40 -> 0.83382548
B41: 18℃-壽司手卷 | C41: 一配炙烤焦糖鮭魚細卷 | E41: 17.87 | F41: 737 | G41: =E41*F41 -> 13170.19 | I41: 6 | J41: 2600 | K41: =J41/I41 -> 433.33333 | L41: 6 | M41: =F41/V41*60 -> 2134.5133 | N41: =M41/L41 -> 355.75221 | O41: =L41-I41 -> 0 | P41: =N41-K41 -> -77.581121 | Q41: =N41/K41 -> 0.82096664 | S41: 0.30158565 | T41: 0.31597222 | U41: 4.2666667 | V41: 20.716667 | AA41: =M41-J41 -> -465.48673 | AB41: =M41/J41 -> 0.82096664
B55: 平均 | I55: =AVERAGE(I39:I54) -> 6 | J55: =AVERAGE(J39:J54) -> 2600 | K55: =J55/I55 -> 433.33333 | L55: =AVERAGE(L39:L54) -> 6 | M55: =AVERAGE(M39:M54) -> 2155.9973 | N55: =M55/L55 -> 359.33288 | O55: =L55-I55 -> 0 | P55: =N55-K55 -> -74.000449 | Q55: =N55/K55 -> 0.82922973 | S55: =S39 -> 0.25 | T55: =INDEX(T39:T54,COUNTA(T39:T54)) -> 0.31597222 | AA55: =M55-J55 -> -444.0027 | AB55: =M55/J55 -> 0.82922973
A56: 味付飯糰線B | B56: 18℃-飯糰 | C56: 一配經典肉鬆飯糰 | E56: 14.03 | F56: 5988 | G56: =E56*F56 -> 84011.64 | I56: 4 | J56: 2700 | K56: =J56/I56 -> 675 | L56: 4 | M56: =F56/V56*60 -> 2378.0254 | N56: =M56/L56 -> 594.50634 | O56: =L56-I56 -> 0 | P56: =N56-K56 -> -80.493657 | Q56: =N56/K56 -> 0.88075014 | R56: =Q72 -> 0.88075014 | S56: 0.25 | T56: 0.35491898 | V56: 151.08333 | AA56: =M56-J56 -> -321.97463 | AB56: =M56/J56 -> 0.88075014 | AC56: =AB72 -> 0.88075014
B72: 平均 | I72: =AVERAGE(I56:I71) -> 4 | J72: =AVERAGE(J56:J71) -> 2700 | K72: =J72/I72 -> 675 | L72: =AVERAGE(L56:L71) -> 4 | M72: =AVERAGE(M56:M71) -> 2378.0254 | N72: =M72/L72 -> 594.50634 | O72: =L72-I72 -> 0 | P72: =N72-K72 -> -80.493657 | Q72: =N72/K72 -> 0.88075014 | S72: =S56 -> 0.25 | T72: =INDEX(T56:T71,COUNTA(T56:T71)) -> 0.35491898 | AA72: =M72-J72 -> -321.97463 | AB72: =M72/J72 -> 0.88075014
A73: (舊) 3300型飯糰線 | B73: 18℃-飯糰 | C73: 一配雞肉飯飯糰 | E73: 16.66 | F73: 6000 | G73: =E73*F73 -> 99960 | I73: 4 | J73: 3300 | K73: =J73/I73 -> 825 | L73: 4 | M73: =F73/V73*60 -> 2851.4851 | N73: =M73/L73 -> 712.87129 | O73: =L73-I73 -> 0 | P73: =N73-K73 -> -112.12871 | Q73: =N73/K73 -> 0.86408641 | R73: =Q89 -> 0.86408641 | S73: 0.35833333 | T73: 0.44600694 | V73: 126.25 | AA73: =M73-J73 -> -448.51485 | AB73: =M73/J73 -> 0.86408641 | AC73: =AB89 -> 0.86408641
B89: 平均 | I89: =AVERAGE(I73:I88) -> 4 | J89: =AVERAGE(J73:J88) -> 3300 | K89: =J89/I89 -> 825 | L89: =AVERAGE(L73:L88) -> 4 | M89: =AVERAGE(M73:M88) -> 2851.4851 | N89: =M89/L89 -> 712.87129 | O89: =L89-I89 -> 0 | P89: =N89-K89 -> -112.12871 | Q89: =N89/K89 -> 0.86408641 | S89: =S73 -> 0.35833333 | T89: =INDEX(T73:T88,COUNTA(T73:T88)) -> 0.44600694 | AA89: =M89-J89 -> -448.51485 | AB89: =M89/J89 -> 0.86408641
A90: (新) 3300型飯糰機 | B90: 18℃-飯糰 | C90: 一配三杯辣海瓜子飯糰 | E90: 21.45 | F90: 1802 | G90: =E90*F90 -> 38652.9 | I90: 3 | J90: 3300 | K90: =J90/I90 -> 1100 | L90: 3 | M90: =F90/V90*60 -> 2821.7486 | N90: =M90/L90 -> 940.58286 | O90: =L90-I90 -> 0 | P90: =N90-K90 -> -159.41714 | Q90: =N90/K90 -> 0.85507533 | R90: =Q106 -> 0.85658431 | S90: 0.25 | T90: 0.2766088 | V90: 38.316667 | AA90: =M90-J90 -> -478.25141 | AB90: =M90/J90 -> 0.85507533 | AC90: =AB106 -> 0.85658431
B91: 18℃-飯糰 | C91: 一配哇沙米魚卵沙拉飯糰 | E91: 15.71 | F91: 4855 | G91: =E91*F91 -> 76272.05 | I91: 3 | J91: 3300 | K91: =J91/I91 -> 1100 | L91: 3 | M91: =F91/V91*60 -> 2838.2592 | N91: =M91/L91 -> 946.08639 | O91: =L91-I91 -> 0 | P91: =N91-K91 -> -153.91361 | Q91: =N91/K91 -> 0.86007854 | S91: 0.28219907 | T91: 0.35347222 | U91: 8.05 | V91: 102.63333 | AA91: =M91-J91 -> -461.74082 | AB91: =M91/J91 -> 0.86007854
B92: 18℃-飯糰 | C92: 一配鹽蔥燒肉飯糰 | E92: 17.89 | F92: 3639 | G92: =E92*F92 -> 65101.71 | I92: 4 | J92: 3300 | K92: =J92/I92 -> 825 | L92: 4 | M92: =F92/V92*60 -> 2833.1315 | N92: =M92/L92 -> 708.28287 | O92: =L92-I92 -> 0 | P92: =N92-K92 -> -116.71713 | Q92: =N92/K92 -> 0.85852469 | S92: 0.35625 | T92: 0.40976852 | U92: 4 | V92: 77.066667 | AA92: =M92-J92 -> -466.86851 | AB92: =M92/J92 -> 0.85852469
B93: 18℃-飯糰 | C93: 一配壹號醬炙烤牛飯糰 | E93: 22.28 | F93: 1657 | G93: =E93*F93 -> 36917.96 | I93: 5 | J93: 3300 | K93: =J93/I93 -> 660 | L93: 5 | M93: =F93/V93*60 -> 2813.7736 | N93: =M93/L93 -> 562.75472 | O93: =L93-I93 -> 0 | P93: =N93-K93 -> -97.245283 | Q93: =N93/K93 -> 0.85265866 | S93: 0.41458333 | T93: 0.43912037 | U93: 6.9333333 | V93: 35.333333 | AA93: =M93-J93 -> -486.22642 | AB93: =M93/J93 -> 0.85265866
B106: 平均 | I106: =AVERAGE(I90:I105) -> 3.75 | J106: =AVERAGE(J90:J105) -> 3300 | K106: =J106/I106 -> 880 | L106: =AVERAGE(L90:L105) -> 3.75 | M106: =AVERAGE(M90:M105) -> 2826.7282 | N106: =M106/L106 -> 753.79419 | O106: =L106-I106 -> 0 | P106: =N106-K106 -> -126.20581 | Q106: =N106/K106 -> 0.85658431 | S106: =S90 -> 0.25 | T106: =INDEX(T90:T105,COUNTA(T90:T105)) -> 0.43912037 | AA106: =M106-J106 -> -473.27179 | AB106: =M106/J106 -> 0.85658431
A107: GKK3600型 飯糰機 | B107: 18℃-飯糰 | C107: 一配明太子龍蝦風味沙拉飯糰 | E107: 18.18 | F107: 3141 | G107: =E107*F107 -> 57103.38 | I107: 3 | J107: 3600 | K107: =J107/I107 -> 1200 | L107: 3 | M107: =F107/V107*60 -> 3006.5408 | N107: =M107/L107 -> 1002.1803 | O107: =L107-I107 -> 0 | P107: =N107-K107 -> -197.81973 | Q107: =N107/K107 -> 0.83515023 | R107: =Q123 -> 0.83632187 | S107: 0.25023148 | T107: 0.29376157 | V107: 62.683333 | AA107: =M107-J107 -> -593.45919 | AB107: =M107/J107 -> 0.83515023 | AC107: =AB123 -> 0.83632187
B108: 18℃-飯糰 | C108: 一配蔬食鮪魚飯糰 | E108: 18.18 | F108: 2863 | G108: =E108*F108 -> 52049.34 | I108: 3 | J108: 3600 | K108: =J108/I108 -> 1200 | L108: 3 | M108: =F108/V108*60 -> 3003.1469 | N108: =M108/L108 -> 1001.049 | O108: =L108-I108 -> 0 | P108: =N108-K108 -> -198.95105 | Q108: =N108/K108 -> 0.83420746 | S108: 0.30763889 | T108: 0.34736111 | U108: 19.983333 | V108: 57.2 | AA108: =M108-J108 -> -596.85315 | AB108: =M108/J108 -> 0.83420746
B109: 18℃-飯糰 | C109: 一配鮪魚飯糰 | E109: 14.28 | F109: 7538 | G109: =E109*F109 -> 107642.64 | I109: 3 | J109: 3600 | K109: =J109/I109 -> 1200 | L109: 3 | M109: =F109/V109*60 -> 3022.5885 | N109: =M109/L109 -> 1007.5295 | O109: =L109-I109 -> 0 | P109: =N109-K109 -> -192.47048 | Q109: =N109/K109 -> 0.83960793 | S109: 0.35789352 | T109: 0.46180556 | U109: 15.166667 | V109: 149.63333 | AA109: =M109-J109 -> -577.41145 | AB109: =M109/J109 -> 0.83960793
B123: 平均 | I123: =AVERAGE(I107:I122) -> 3 | J123: =AVERAGE(J107:J122) -> 3600 | K123: =J123/I123 -> 1200 | L123: =AVERAGE(L107:L122) -> 3 | M123: =AVERAGE(M107:M122) -> 3010.7587 | N123: =M123/L123 -> 1003.5862 | O123: =L123-I123 -> 0 | P123: =N123-K123 -> -196.41375 | Q123: =N123/K123 -> 0.83632187 | S123: =S107 -> 0.25023148 | T123: =INDEX(T107:T122,COUNTA(T107:T122)) -> 0.46180556 | AA123: =M123-J123 -> -589.24126 | AB123: =M123/J123 -> 0.83632187
A124: GKK3600型 飯糰機2 | B124: 18℃-飯糰 | C124: 一配贅沢鮭魚肚飯糰 | E124: 30 | F124: 4282 | G124: =E124*F124 -> 128460 | I124: 3 | J124: 3000 | K124: =J124/I124 -> 1000 | L124: 3 | M124: =F124/V124*60 -> 2585.5753 | N124: =M124/L124 -> 861.85844 | O124: =L124-I124 -> 0 | P124: =N124-K124 -> -138.14156 | Q124: =N124/K124 -> 0.86185844 | R124: =Q140 -> 0.85730316 | S124: 0.25 | T124: 0.31900463 | V124: 99.366667 | AA124: =M124-J124 -> -414.42469 | AB124: =M124/J124 -> 0.86185844 | AC124: =AB140 -> 0.85730316
B125: 18℃-飯糰 | C125: 一配熟成紅鮭飯糰 | E125: 25.03 | F125: 2279 | G125: =E125*F125 -> 57043.37 | I125: 4 | J125: 3300 | K125: =J125/I125 -> 825 | L125: 4 | M125: =F125/V125*60 -> 2820.3506 | N125: =M125/L125 -> 705.08766 | O125: =L125-I125 -> 0 | P125: =N125-K125 -> -119.91234 | Q125: =N125/K125 -> 0.85465171 | S125: 0.33263889 | T125: 0.36630787 | U125: 19.633333 | V125: 48.483333 | AA125: =M125-J125 -> -479.64936 | AB125: =M125/J125 -> 0.85465171
B126: 18℃-飯糰 | C126: 一配北海道秋鮭親子飯糰 | E126: 24.83 | F126: 2621 | G126: =E126*F126 -> 65079.43 | I126: 4 | J126: 3300 | K126: =J126/I126 -> 825 | L126: 4 | M126: =F126/V126*60 -> 2824.1844 | N126: =M126/L126 -> 706.04609 | O126: =L126-I126 -> 0 | P126: =N126-K126 -> -118.95391 | Q126: =N126/K126 -> 0.85581345 | S126: 0.37939815 | T126: 0.41806713 | U126: 18.85 | V126: 55.683333 | AA126: =M126-J126 -> -475.81562 | AB126: =M126/J126 -> 0.85581345
B140: 平均 | I140: =AVERAGE(I124:I139) -> 3.6666667 | J140: =AVERAGE(J124:J139) -> 3200 | K140: =J140/I140 -> 872.72727 | L140: =AVERAGE(L124:L139) -> 3.6666667 | M140: =AVERAGE(M124:M139) -> 2743.3701 | N140: =M140/L140 -> 748.19185 | O140: =L140-I140 -> 0 | P140: =N140-K140 -> -124.53543 | Q140: =N140/K140 -> 0.85730316 | S140: =S124 -> 0.25 | T140: =INDEX(T124:T139,COUNTA(T124:T139)) -> 0.41806713 | AA140: =M140-J140 -> -456.62989 | AB140: =M140/J140 -> 0.85730316
A141: 自動包裝機 (二配) | B141: 18℃-壽司手卷 | C141: 二配雙饗雙手卷 | E141: 29.52 | F141: 2404 | G141: =E141*F141 -> 70966.08 | I141: 17 | J141: 3273 | K141: =J141/I141 -> 192.52941 | L141: 17 | M141: =F141/V141*60 -> 2801.6834 | N141: =M141/L141 -> 164.80491 | O141: =L141-I141 -> 0 | P141: =N141-K141 -> -27.724506 | Q141: =N141/K141 -> 0.85599859 | R141: =Q157 -> 0.85401172 | S141: 0.70833333 | T141: 0.74408565 | V141: 51.483333 | AA141: =M141-J141 -> -471.31661 | AB141: =M141/J141 -> 0.85599859 | AC141: =AB157 -> 0.85401172
B142: 18℃-壽司手卷 | C142: 二配海饌雙手卷 | E142: 29.85 | F142: 2459 | G142: =E142*F142 -> 73401.15 | I142: 17 | J142: 3273 | K142: =J142/I142 -> 192.52941 | L142: 17 | M142: =F142/V142*60 -> 2803.1666 | N142: =M142/L142 -> 164.89215 | O142: =L142-I142 -> 0 | P142: =N142-K142 -> -27.637261 | Q142: =N142/K142 -> 0.85645174 | S142: 0.74956019 | T142: 0.78611111 | U142: 7.8833333 | V142: 52.633333 | AA142: =M142-J142 -> -469.83344 | AB142: =M142/J142 -> 0.85645174
B143: 18℃-飯糰 | C143: 二配兩粒飯糰(鮪魚&培根蛋沙拉) | E143: 28.57 | F143: 1889 | G143: =E143*F143 -> 53968.73 | I143: 13 | J143: 3600 | K143: =J143/I143 -> 276.92308 | L143: 13 | M143: =F143/V143*60 -> 3052.2442 | N143: =M143/L143 -> 234.78801 | O143: =L143-I143 -> 0 | P143: =N143-K143 -> -42.135064 | Q143: =N143/K143 -> 0.8478456 | S143: 0.79097222 | T143: 0.81675926 | U143: 7 | V143: 37.133333 | AA143: =M143-J143 -> -547.75583 | AB143: =M143/J143 -> 0.8478456
B144: 18℃-壽司手卷 | C144: 二配長野稻荷壽司 | E144: 25.64 | F144: 2397 | G144: =E144*F144 -> 61459.08 | I144: 11 | J144: 3000 | K144: =J144/I144 -> 272.72727 | L144: 11 | M144: =F144/V144*60 -> 2569.7439 | N144: =M144/L144 -> 233.61308 | O144: =L144-I144 -> 0 | P144: =N144-K144 -> -39.114191 | Q144: =N144/K144 -> 0.8565813 | S144: 0.82155093 | T144: 0.86041667 | U144: 6.9 | V144: 55.966667 | AA144: =M144-J144 -> -430.2561 | AB144: =M144/J144 -> 0.8565813
B157: 平均 | I157: =AVERAGE(I141:I156) -> 14.5 | J157: =AVERAGE(J141:J156) -> 3286.5 | K157: =J157/I157 -> 226.65517 | L157: =AVERAGE(L141:L156) -> 14.5 | M157: =AVERAGE(M141:M156) -> 2806.7095 | N157: =M157/L157 -> 193.56617 | O157: =L157-I157 -> 0 | P157: =N157-K157 -> -33.089 | Q157: =N157/K157 -> 0.85401172 | S157: =S141 -> 0.70833333 | T157: =INDEX(T141:T156,COUNTA(T141:T156)) -> 0.86041667 | AA157: =M157-J157 -> -479.7905 | AB157: =M157/J157 -> 0.85401172
A158: 味付飯糰線B (二配) | B158: 18℃-飯糰 | C158: 二配經典肉鬆飯糰 | E158: 14.03 | F158: 10665 | G158: =E158*F158 -> 149629.95 | I158: 4 | J158: 2700 | K158: =J158/I158 -> 675 | L158: 4 | M158: =F158/V158*60 -> 2403.3803 | N158: =M158/L158 -> 600.84507 | O158: =L158-I158 -> 0 | P158: =N158-K158 -> -74.15493 | Q158: =N158/K158 -> 0.89014085 | R158: =Q174 -> 0.89014085 | S158: 0.70833333 | T158: 0.89322917 | V158: 266.25 | AA158: =M158-J158 -> -296.61972 | AB158: =M158/J158 -> 0.89014085 | AC158: =AB174 -> 0.89014085
B174: 平均 | I174: =AVERAGE(I158:I173) -> 4 | J174: =AVERAGE(J158:J173) -> 2700 | K174: =J174/I174 -> 675 | L174: =AVERAGE(L158:L173) -> 4 | M174: =AVERAGE(M158:M173) -> 2403.3803 | N174: =M174/L174 -> 600.84507 | O174: =L174-I174 -> 0 | P174: =N174-K174 -> -74.15493 | Q174: =N174/K174 -> 0.89014085 | S174: =S158 -> 0.70833333 | T174: =INDEX(T158:T173,COUNTA(T158:T173)) -> 0.89322917 | AA174: =M174-J174 -> -296.61972 | AB174: =M174/J174 -> 0.89014085
A175: (舊) 3300型飯糰線 (二配) | B175: 18℃-飯糰 | C175: 二配大飯糰韓式炸雞 | E175: 27.58 | F175: 1617 | G175: =E175*F175 -> 44596.86 | I175: 4 | J175: 3000 | K175: =J175/I175 -> 750 | L175: 4 | M175: =F175/V175*60 -> 2530.9565 | N175: =M175/L175 -> 632.73913 | O175: =L175-I175 -> 0 | P175: =N175-K175 -> -117.26087 | Q175: =N175/K175 -> 0.84365217 | R175: =Q191 -> 0.85429536 | S175: 0.70833333 | T175: 0.7349537 | V175: 38.333333 | AA175: =M175-J175 -> -469.04348 | AB175: =M175/J175 -> 0.84365217 | AC175: =AB191 -> 0.85429536
B176: 18℃-飯糰 | C176: 二配大飯糰春川風味辣炒雞 | E176: 24.15 | F176: 1328 | G176: =E176*F176 -> 32071.2 | I176: 4 | J176: 3000 | K176: =J176/I176 -> 750 | L176: 4 | M176: =F176/V176*60 -> 2520.1898 | N176: =M176/L176 -> 630.04744 | O176: =L176-I176 -> 0 | P176: =N176-K176 -> -119.95256 | Q176: =N176/K176 -> 0.84006326 | S176: 0.73916667 | T176: 0.76112269 | U176: 6.0666667 | V176: 31.616667 | AA176: =M176-J176 -> -479.81023 | AB176: =M176/J176 -> 0.84006326
B177: 18℃-飯糰 | C177: 二配哇沙米魚卵沙拉飯糰 | E177: 15.71 | F177: 3796 | G177: =E177*F177 -> 59635.16 | I177: 3 | J177: 3300 | K177: =J177/I177 -> 1100 | L177: 3 | M177: =F177/V177*60 -> 2838.7204 | N177: =M177/L177 -> 946.24013 | O177: =L177-I177 -> 0 | P177: =N177-K177 -> -153.75987 | Q177: =N177/K177 -> 0.8602183 | S177: 0.76388889 | T177: 0.81960648 | U177: 3.9833333 | V177: 80.233333 | AA177: =M177-J177 -> -461.2796 | AB177: =M177/J177 -> 0.8602183
B178: 18℃-飯糰 | C178: 二配鹽蔥燒肉飯糰 | E178: 17.89 | F178: 1754 | G178: =E178*F178 -> 31379.06 | H178: 2 | I178: 4 | J178: 3300 | K178: =J178/I178 -> 825 | L178: 4 | M178: =F178/V178*60 -> 2846.8891 | N178: =M178/L178 -> 711.72227 | O178: =L178-I178 -> 0 | P178: =N178-K178 -> -113.27773 | Q178: =N178/K178 -> 0.86269366 | S178: 0.82502315 | T178: 0.85069444 | U178: 7.8 | V178: 36.966667 | W178: 0.85069444 | X178: 0.89178241 | AA178: =M178-J178 -> -453.11091 | AB178: =M178/J178 -> 0.86269366
B179: 18℃-飯糰 | C179: 二配鹽蔥燒肉飯糰 | E179: 17.89 | F179: 4594 | G179: =E179*F179 -> 82186.66 | I179: 4 | J179: 3300 | K179: =J179/I179 -> 825 | L179: 4 | M179: =F179/V179*60 -> 2846.5404 | N179: =M179/L179 -> 711.63511 | O179: =L179-I179 -> 0 | P179: =N179-K179 -> -113.36489 | Q179: =N179/K179 -> 0.86258801 | S179: 0.89178241 | T179: 0.95902778 | U179: 59.166667 | V179: 96.833333 | AA179: =M179-J179 -> -453.45955 | AB179: =M179/J179 -> 0.86258801
B191: 平均 | I191: =AVERAGE(I175:I190) -> 3.8 | J191: =AVERAGE(J175:J190) -> 3180 | K191: =J191/I191 -> 836.84211 | L191: =AVERAGE(L175:L190) -> 3.8 | M191: =AVERAGE(M175:M190) -> 2716.6592 | N191: =M191/L191 -> 714.91033 | O191: =L191-I191 -> 0 | P191: =N191-K191 -> -121.93178 | Q191: =N191/K191 -> 0.85429536 | S191: =S175 -> 0.70833333 | T191: =INDEX(T175:T190,COUNTA(T175:T190)) -> 0.95902778 | AA191: =M191-J191 -> -463.34075 | AB191: =M191/J191 -> 0.85429536
A192: (新) 3300型飯糰機 (二配) | B192: 18℃-飯糰 | C192: 二配壹號醬炙烤牛飯糰 | E192: 22.28 | F192: 2074 | G192: =E192*F192 -> 46208.72 | I192: 5 | J192: 3300 | K192: =J192/I192 -> 660 | L192: 5 | M192: =F192/V192*60 -> 2826.0409 | N192: =M192/L192 -> 565.20818 | O192: =L192-I192 -> 0 | P192: =N192-K192 -> -94.791824 | Q192: =N192/K192 -> 0.85637602 | R192: =Q208 -> 0.86106833 | S192: 0.70833333 | T192: 0.73891204 | V192: 44.033333 | AA192: =M192-J192 -> -473.95912 | AB192: =M192/J192 -> 0.85637602 | AC192: =AB208 -> 0.86106833
B193: 18℃-飯糰 | C193: 二配油蔥G絲飯糰 | E193: 18.18 | F193: 2340 | G193: =E193*F193 -> 42541.2 | I193: 4 | J193: 3300 | K193: =J193/I193 -> 825 | L193: 4 | M193: =F193/V193*60 -> 2837.319 | N193: =M193/L193 -> 709.32974 | O193: =L193-I193 -> 0 | P193: =N193-K193 -> -115.67026 | Q193: =N193/K193 -> 0.85979363 | S193: 0.74236111 | T193: 0.77672454 | U193: 4.9666667 | V193: 49.483333 | AA193: =M193-J193 -> -462.68104 | AB193: =M193/J193 -> 0.85979363
B194: 18℃-飯糰 | C194: 二配雞肉飯飯糰 | E194: 16.66 | F194: 5651 | G194: =E194*F194 -> 94145.66 | H194: 2 | I194: 4 | J194: 3300 | K194: =J194/I194 -> 825 | L194: 4 | M194: =F194/V194*60 -> 2853.2398 | N194: =M194/L194 -> 713.30996 | O194: =L194-I194 -> 0 | P194: =N194-K194 -> -111.69004 | Q194: =N194/K194 -> 0.86461813 | S194: 0.78136574 | T194: 0.86388889 | U194: 6.6833333 | V194: 118.83333 | W194: 0.86388889 | X194: 0.90208333 | AA194: =M194-J194 -> -446.76017 | AB194: =M194/J194 -> 0.86461813
B195: 18℃-飯糰 | C195: 二配雞肉飯飯糰 | E195: 16.66 | F195: 4055 | G195: =E195*F195 -> 67556.3 | I195: 4 | J195: 3300 | K195: =J195/I195 -> 825 | L195: 4 | M195: =F195/V195*60 -> 2849.5022 | N195: =M195/L195 -> 712.37556 | O195: =L195-I195 -> 0 | P195: =N195-K195 -> -112.62444 | Q195: =N195/K195 -> 0.86348553 | S195: 0.90208333 | T195: 0.96137731 | U195: 55 | V195: 85.383333 | AA195: =M195-J195 -> -450.49776 | AB195: =M195/J195 -> 0.86348553
B208: 平均 | I208: =AVERAGE(I192:I207) -> 4.25 | J208: =AVERAGE(J192:J207) -> 3300 | K208: =J208/I208 -> 776.47059 | L208: =AVERAGE(L192:L207) -> 4.25 | M208: =AVERAGE(M192:M207) -> 2841.5255 | N208: =M208/L208 -> 668.59423 | O208: =L208-I208 -> 0 | P208: =N208-K208 -> -107.87636 | Q208: =N208/K208 -> 0.86106833 | S208: =S192 -> 0.70833333 | T208: =INDEX(T192:T207,COUNTA(T192:T207)) -> 0.96137731 | AA208: =M208-J208 -> -458.47452 | AB208: =M208/J208 -> 0.86106833
A209: GKK3600型 飯糰機 (二配) | B209: 18℃-飯糰 | C209: 二配芝麻香鬆飯糰 | E209: 18.18 | F209: 2883 | G209: =E209*F209 -> 52412.94 | I209: 4 | J209: 3000 | K209: =J209/I209 -> 750 | L209: 4 | M209: =F209/V209*60 -> 2582.4334 | N209: =M209/L209 -> 645.60836 | O209: =L209-I209 -> 0 | P209: =N209-K209 -> -104.39164 | Q209: =N209/K209 -> 0.86081115 | R209: =Q225 -> 0.84528641 | S209: 0.70834491 | T209: 0.75486111 | V209: 66.983333 | AA209: =M209-J209 -> -417.56656 | AB209: =M209/J209 -> 0.86081115 | AC209: =AB225 -> 0.84528641
B210: 18℃-飯糰 | C210: 二配鮪魚飯糰 | E210: 14.28 | F210: 7071 | G210: =E210*F210 -> 100973.88 | H210: 2 | I210: 3 | J210: 3600 | K210: =J210/I210 -> 1200 | L210: 3 | M210: =F210/V210*60 -> 3021.4362 | N210: =M210/L210 -> 1007.1454 | O210: =L210-I210 -> 0 | P210: =N210-K210 -> -192.8546 | Q210: =N210/K210 -> 0.83928783 | S210: 0.76736111 | T210: 0.86487269 | U210: 18 | V210: 140.41667 | W210: 0.86487269 | X210: 0.91736111 | AA210: =M210-J210 -> -578.5638 | AB210: =M210/J210 -> 0.83928783
B211: 18℃-飯糰 | C211: 二配鮪魚飯糰 | E211: 14.28 | F211: 5155 | G211: =E211*F211 -> 73613.4 | I211: 3 | J211: 3600 | K211: =J211/I211 -> 1200 | L211: 3 | M211: =F211/V211*60 -> 3018.0517 | N211: =M211/L211 -> 1006.0172 | O211: =L211-I211 -> 0 | P211: =N211-K211 -> -193.98276 | Q211: =N211/K211 -> 0.8383477 | S211: 0.91736111 | T211: 0.98853009 | U211: 75.583333 | V211: 102.48333 | AA211: =M211-J211 -> -581.94828 | AB211: =M211/J211 -> 0.8383477
B225: 平均 | I225: =AVERAGE(I209:I224) -> 3.3333333 | J225: =AVERAGE(J209:J224) -> 3400 | K225: =J225/I225 -> 1020 | L225: =AVERAGE(L209:L224) -> 3.3333333 | M225: =AVERAGE(M209:M224) -> 2873.9738 | N225: =M225/L225 -> 862.19214 | O225: =L225-I225 -> 0 | P225: =N225-K225 -> -157.80786 | Q225: =N225/K225 -> 0.84528641 | S225: =S209 -> 0.70834491 | T225: =INDEX(T209:T224,COUNTA(T209:T224)) -> 0.98853009 | AA225: =M225-J225 -> -526.02621 | AB225: =M225/J225 -> 0.84528641
A226: GKK3600型 飯糰機2 (二配) | B226: 18℃-飯糰 | C226: 二配明太子龍蝦風味沙拉飯糰 | E226: 18.18 | F226: 129 | G226: =E226*F226 -> 2345.22 | H226: 2 | I226: 3 | J226: 3600 | K226: =J226/I226 -> 1200 | L226: 3 | M226: =F226/V226*60 -> 2976.9231 | N226: =M226/L226 -> 992.30769 | O226: =L226-I226 -> 0 | P226: =N226-K226 -> -207.69231 | Q226: =N226/K226 -> 0.82692308 | R226: =Q242 -> 0.84102664 | S226: 0.70861111 | T226: 0.71041667 | V226: 2.6 | AA226: =M226-J226 -> -623.07692 | AB226: =M226/J226 -> 0.82692308 | AC226: =AB242 -> 0.84102664
B227: 18℃-飯糰 | C227: 二配蔬食鮪魚飯糰 | E227: 18.18 | F227: 2668 | G227: =E227*F227 -> 48504.24 | I227: 3 | J227: 3600 | K227: =J227/I227 -> 1200 | L227: 3 | M227: =F227/V227*60 -> 2998.6887 | N227: =M227/L227 -> 999.56291 | O227: =L227-I227 -> 0 | P227: =N227-K227 -> -200.43709 | Q227: =N227/K227 -> 0.83296909 | S227: 0.72013889 | T227: 0.75721065 | U227: 14 | V227: 53.383333 | AA227: =M227-J227 -> -601.31127 | AB227: =M227/J227 -> 0.83296909
B228: 18℃-飯糰 | C228: 二配北海道秋鮭親子飯糰 | E228: 24.83 | F228: 3554 | G228: =E228*F228 -> 88245.82 | I228: 4 | J228: 3300 | K228: =J228/I228 -> 825 | L228: 4 | M228: =F228/V228*60 -> 2829.3675 | N228: =M228/L228 -> 707.34188 | O228: =L228-I228 -> 0 | P228: =N228-K228 -> -117.65812 | Q228: =N228/K228 -> 0.8573841 | S228: 0.77083333 | T228: 0.8231713 | U228: 19.616667 | V228: 75.366667 | AA228: =M228-J228 -> -470.63246 | AB228: =M228/J228 -> 0.8573841
B229: 18℃-飯糰 | C229: 二配熟成紅鮭飯糰 | E229: 25.03 | F229: 1599 | G229: =E229*F229 -> 40022.97 | I229: 4 | J229: 3300 | K229: =J229/I229 -> 825 | L229: 4 | M229: =F229/V229*60 -> 2824.5339 | N229: =M229/L229 -> 706.13346 | O229: =L229-I229 -> 0 | P229: =N229-K229 -> -118.86654 | Q229: =N229/K229 -> 0.85591935 | S229: 0.83335648 | T229: 0.85694444 | U229: 14.666667 | V229: 33.966667 | W229: 0.85694444 | X229: 0.91135417 | AA229: =M229-J229 -> -475.46614 | AB229: =M229/J229 -> 0.85591935
B230: 18℃-飯糰 | C230: 二配明太子龍蝦風味沙拉飯糰 | E230: 18.18 | F230: 4489 | G230: =E230*F230 -> 81610.02 | I230: 3 | J230: 3600 | K230: =J230/I230 -> 1200 | L230: 3 | M230: =F230/V230*60 -> 3004.3503 | N230: =M230/L230 -> 1001.4501 | O230: =L230-I230 -> 0 | P230: =N230-K230 -> -198.54992 | Q230: =N230/K230 -> 0.83454174 | S230: 0.91135417 | T230: 0.97361111 | U230: 78.35 | V230: 89.65 | AA230: =M230-J230 -> -595.64975 | AB230: =M230/J230 -> 0.83454174
B242: 平均 | I242: =AVERAGE(I226:I241) -> 3.4 | J242: =AVERAGE(J226:J241) -> 3480 | K242: =J242/I242 -> 1023.5294 | L242: =AVERAGE(L226:L241) -> 3.4 | M242: =AVERAGE(M226:M241) -> 2926.7727 | N242: =M242/L242 -> 860.8155 | O242: =L242-I242 -> 0 | P242: =N242-K242 -> -162.71391 | Q242: =N242/K242 -> 0.84102664 | S242: =S226 -> 0.70861111 | T242: =INDEX(T226:T241,COUNTA(T226:T241)) -> 0.97361111 | AA242: =M242-J242 -> -553.22731 | AB242: =M242/J242 -> 0.84102664
Y244: 原因回覆
Y245: 1.當日出勤人數較多
Y246: 2.當日出勤人數較少
Y247: 3.當日出勤熟手較多
Y248: 4.當日出勤新人較多
Y249: 5.機台夾盒
Y250: 6.封膜不順
Y251: 7.更換膠膜
Y252: 8.更換碳帶
Y253: 9.當日熱轉印碳帶異常
Y254: 10.訂單量過少
Y255: 11.新品上市，尚未熟悉
Y256: 12.活動期間品項需貼標

Sheet 0831(4度C)
A1: 大溪廠日報分析 | C1: 總生產量 | D1: =SUM(F5:F157) -> 116496 | E1: 營業額 | F1: =SUM(G5:G157) -> 5118239.1 | G1: 出勤人數 | H1: =L21+L38+L55+L72+L89+L106+L123+L140+L157+L293 -> 171.44841 | I1: 產線配置圖 | L1: 生產實績 | O1: 人時性差異分析 | S1: 日報登錄 | Y1: 分析說明 | AA1: 產能差異分析
A2: 45900 | C2: 人時性 | D2: =AVERAGE(N21,N38,N55,N72,N89,N106,N123,N140,N157) -> 134.04025 | E2: 平均廠價 | F2: =F1/D1 -> 43.934891 | G2: 多次生產數 | H2: =COUNT(H5:H157) -> 1
A3: 線別 | B3: 品類 | C3: 品名 | E3: 廠價 | F3: 生產量 | G3: 營收 | H3: 多次 生產 | I3: 人數 | J3: 產能/時 | K3: 人時性 | L3: 人數 | M3: 產能/時 | N3: 人時性 | O3: 人數 | P3: 人時性 | Q3: 達成率 | R3: 達成率 平均 | S3: 生產時間 | U3: 換線、休息/分 | V3: 稼動時間/分 | W3: 休息時間 | Y3: (屏榮回填) | AA3: 產能/時 | AB3: 達成率 | AC3: 達成率平均
S4: 開始 | T4: 結束 | W4: 開始 | X4: 結束
A5: 便當一線 | B5: 微波小吃 | C5: 日式茶碗蒸 | E5: 19.7 | F5: 3099 | G5: =E5*F5 -> 61050.3 | I5: 13 | J5: 1200 | K5: =J5/I5 -> 92.307692 | L5: 13 | M5: =F5/V5*60 -> 1059.9905 | N5: =M5/L5 -> 81.537731 | O5: =L5-I5 -> 0 | P5: =N5-K5 -> -10.769962 | Q5: =N5/K5 -> 0.88332542 | R5: =Q21 -> 0.87539561 | S5: 0.25 | T5: 0.37181713 | V5: 175.41667 | AA5: =M5-J5 -> -140.0095 | AB5: =M5/J5 -> 0.88332542 | AC5: =AB21 -> 0.87539561
B6: 4℃-飯糰 | C6: 麻油雞飯糰 | E6: 29.97 | F6: 2728 | G6: =E6*F6 -> 81758.16 | I6: 20 | J6: 2600 | K6: =J6/I6 -> 130 | L6: 20 | M6: =F6/V6*60 -> 2266.5128 | N6: =M6/L6 -> 113.32564 | O6: =L6-I6 -> 0 | P6: =N6-K6 -> -16.67436 | Q6: =N6/K6 -> 0.8717357 | S6: 0.51666667 | T6: 0.56681713 | U6: 57.516667 | V6: 72.216667 | AA6: =M6-J6 -> -333.48719 | AB6: =M6/J6 -> 0.8717357
B21: 平均 | I21: =AVERAGE(I5:I20) -> 16.5 | J21: =AVERAGE(J5:J20) -> 1900 | K21: =J21/I21 -> 115.15152 | L21: =AVERAGE(L5:L20) -> 16.5 | M21: =AVERAGE(M5:M20) -> 1663.2517 | N21: =M21/L21 -> 100.80313 | O21: =L21-I21 -> 0 | P21: =N21-K21 -> -14.348385 | Q21: =N21/K21 -> 0.87539561 | S21: =S5 -> 0.25 | T21: =INDEX(T5:T20,COUNTA(T5:T20)) -> 0.56681713 | AA21: =M21-J21 -> -236.74835 | AB21: =M21/J21 -> 0.87539561
A22: 便當二線 | B22: 便當 | C22: 鰻牛雙饗匠食盒 | E22: 71.88 | F22: 1629 | G22: =E22*F22 -> 117092.52 | I22: 26 | J22: 2000 | K22: =J22/I22 -> 76.923077 | L22: 26 | M22: =F22/V22*60 -> 1702.7875 | N22: =M22/L22 -> 65.491825 | O22: =L22-I22 -> 0 | P22: =N22-K22 -> -11.431252 | Q22: =N22/K22 -> 0.85139373 | R22: =Q38 -> 0.85600078 | S22: 0.25 | T22: 0.28986111 | V22: 57.4 | AA22: =M22-J22 -> -297.21254 | AB22: =M22/J22 -> 0.85139373 | AC22: =AB38 -> 0.85600078
B23: 微波主食 | C23: 糖燻野郎三十天熟成牛飯 | E23: 56.77 | F23: 4709 | G23: =E23*F23 -> 267329.93 | I23: 26 | J23: 2000 | K23: =J23/I23 -> 76.923077 | L23: 26 | M23: =F23/V23*60 -> 1742.9981 | N23: =M23/L23 -> 67.03839 | O23: =L23-I23 -> 0 | P23: =N23-K23 -> -9.8846866 | Q23: =N23/K23 -> 0.87149907 | S23: 0.29444444 | T23: 0.40701389 | U23: 6.6 | V23: 162.1 | AA23: =M23-J23 -> -257.00185 | AB23: =M23/J23 -> 0.87149907
B24: 微波主食 | C24: 柚見極炙烤牛 | E24: 57.3 | F24: 1640 | G24: =E24*F24 -> 93972 | I24: 26 | J24: 2000 | K24: =J24/I24 -> 76.923077 | L24: 26 | M24: =F24/V24*60 -> 1702.4221 | N24: =M24/L24 -> 65.477775 | O24: =L24-I24 -> 0 | P24: =N24-K24 -> -11.445302 | Q24: =N24/K24 -> 0.85121107 | S24: 0.41125 | T24: 0.45138889 | U24: 6.1 | V24: 57.8 | AA24: =M24-J24 -> -297.57785 | AB24: =M24/J24 -> 0.85121107
B25: 微波主食 | C25: 蒜蒜燒豚飯 | E25: 51.86 | F25: 1842 | G25: =E25*F25 -> 95526.12 | I25: 26 | J25: 2000 | K25: =J25/I25 -> 76.923077 | L25: 26 | M25: =F25/V25*60 -> 1705.5556 | N25: =M25/L25 -> 65.598291 | O25: =L25-I25 -> 0 | P25: =N25-K25 -> -11.324786 | Q25: =N25/K25 -> 0.85277778 | S25: 0.45569444 | T25: 0.50069444 | U25: 6.2 | V25: 64.8 | W25: 0.50069444 | X25: 0.54173611 | AA25: =M25-J25 -> -294.44444 | AB25: =M25/J25 -> 0.85277778
B26: 微波主食 | C26: 姨次滿足熟成牛豚雙拼 | E26: 57.3 | F26: 594 | G26: =E26*F26 -> 34036.2 | H26: 2 | I26: 25 | J26: 2000 | K26: =J26/I26 -> 80 | L26: 25 | M26: =F26/V26*60 -> 1705.2632 | N26: =M26/L26 -> 68.210526 | O26: =L26-I26 -> 0 | P26: =N26-K26 -> -11.789474 | Q26: =N26/K26 -> 0.85263158 | S26: 0.54173611 | T26: 0.55625 | U26: 59.1 | V26: 20.9 | AA26: =M26-J26 -> -294.73684 | AB26: =M26/J26 -> 0.85263158
B27: 微波主食 | C27: 壹號醬雞豚雙拼 | E27: 56.43 | F27: 2933 | G27: =E27*F27 -> 165509.19 | I27: 22 | J27: 2000 | K27: =J27/I27 -> 90.909091 | L27: 22 | M27: =F27/V27*60 -> 1714.6476 | N27: =M27/L27 -> 77.938528 | O27: =L27-I27 -> 0 | P27: =N27-K27 -> -12.970563 | Q27: =N27/K27 -> 0.85732381 | S27: 0.55997685 | T27: 0.63125 | U27: 5.3666667 | V27: 102.63333 | AA27: =M27-J27 -> -285.35239 | AB27: =M27/J27 -> 0.85732381
B28: 微波主食 | C28: 姨次滿足熟成牛豚雙拼 | E28: 57.3 | F28: 1650 | G28: =E28*F28 -> 94545 | I28: 25 | J28: 2000 | K28: =J28/I28 -> 80 | L28: 25 | M28: =F28/V28*60 -> 1710.3369 | N28: =M28/L28 -> 68.413475 | O28: =L28-I28 -> 0 | P28: =N28-K28 -> -11.586525 | Q28: =N28/K28 -> 0.85516844 | S28: 0.63619213 | T28: 0.67638889 | U28: 7.1166667 | V28: 57.883333 | AA28: =M28-J28 -> -289.66312 | AB28: =M28/J28 -> 0.85516844
AQ29: =AI8 -> 0
B38: 平均 | I38: =AVERAGE(I22:I37) -> 25.142857 | J38: =AVERAGE(J22:J37) -> 2000 | K38: =J38/I38 -> 79.545455 | L38: =AVERAGE(L22:L37) -> 25.142857 | M38: =AVERAGE(M22:M37) -> 1712.0016 | N38: =M38/L38 -> 68.090971 | O38: =L38-I38 -> 0 | P38: =N38-K38 -> -11.454483 | Q38: =N38/K38 -> 0.85600078 | S38: =S22 -> 0.25 | T38: =INDEX(T22:T37,COUNTA(T22:T37)) -> 0.67638889 | AA38: =M38-J38 -> -287.99843 | AB38: =M38/J38 -> 0.85600078
A39: 涼麵一線 | B39: 熱食義麵 | C39: 金沙豆腐細扁麵 | E39: 49.52 | F39: 2277 | G39: =E39*F39 -> 112757.04 | I39: 24 | J39: 2000 | K39: =J39/I39 -> 83.333333 | L39: 24 | M39: =F39/V39*60 -> 1717.0507 | N39: =M39/L39 -> 71.543779 | O39: =L39-I39 -> 0 | P39: =N39-K39 -> -11.789555 | Q39: =N39/K39 -> 0.85852535 | R39: =Q55 -> 0.85973281 | S39: 0.25030093 | T39: 0.30555556 | V39: 79.566667 | AA39: =M39-J39 -> -282.94931 | AB39: =M39/J39 -> 0.85852535 | AC39: =AB55 -> 0.85973281
B40: 微波小吃 | C40: 越式牛肉寬粉 | E40: 51.82 | F40: 2482 | G40: =E40*F40 -> 128617.24 | I40: 23 | J40: 1800 | K40: =J40/I40 -> 78.26087 | L40: 23 | M40: =F40/V40*60 -> 1544.5462 | N40: =M40/L40 -> 67.154184 | O40: =L40-I40 -> 0 | P40: =N40-K40 -> -11.106685 | Q40: =N40/K40 -> 0.85808124 | S40: 0.30902778 | T40: 0.3759838 | U40: 5 | V40: 96.416667 | AA40: =M40-J40 -> -255.45376 | AB40: =M40/J40 -> 0.85808124
B41: 便當 | C41: 美式雞丁餐盒 | E41: 59.34 | F41: 2729 | G41: =E41*F41 -> 161938.86 | I41: 24 | J41: 2000 | K41: =J41/I41 -> 83.333333 | L41: 24 | M41: =F41/V41*60 -> 1716.0524 | N41: =M41/L41 -> 71.502183 | O41: =L41-I41 -> 0 | P41: =N41-K41 -> -11.83115 | Q41: =N41/K41 -> 0.8580262 | S41: 0.38125 | T41: 0.44751157 | U41: 7.5833333 | V41: 95.416667 | W41: 0.44751157 | X41: 0.48611111 | AA41: =M41-J41 -> -283.9476 | AB41: =M41/J41 -> 0.8580262
B42: 便當 | C42: 烤蛋白餐盒 | E42: 58.67 | F42: 5445 | G42: =E42*F42 -> 319458.15 | I42: 24 | J42: 2000 | K42: =J42/I42 -> 83.333333 | L42: 24 | M42: =F42/V42*60 -> 1728.2666 | N42: =M42/L42 -> 72.011109 | O42: =L42-I42 -> 0 | P42: =N42-K42 -> -11.322224 | Q42: =N42/K42 -> 0.86413331 | S42: 0.48611111 | T42: 0.61738426 | U42: 55.583333 | V42: 189.03333 | AA42: =M42-J42 -> -271.73338 | AB42: =M42/J42 -> 0.86413331
B55: 平均 | I55: =AVERAGE(I39:I54) -> 23.75 | J55: =AVERAGE(J39:J54) -> 1950 | K55: =J55/I55 -> 82.105263 | L55: =AVERAGE(L39:L54) -> 23.75 | M55: =AVERAGE(M39:M54) -> 1676.479 | N55: =M55/L55 -> 70.588589 | O55: =L55-I55 -> 0 | P55: =N55-K55 -> -11.516674 | Q55: =N55/K55 -> 0.85973281 | S55: =S39 -> 0.25030093 | T55: =INDEX(T39:T54,COUNTA(T39:T54)) -> 0.61738426 | AA55: =M55-J55 -> -273.52101 | AB55: =M55/J55 -> 0.85973281
A56: 涼麵二線 | B56: 便當 | C56: 經典滷肉飯 | E56: 47.37 | F56: 2153 | G56: =E56*F56 -> 101987.61 | I56: 21 | J56: 2000 | K56: =J56/I56 -> 95.238095 | L56: 21 | M56: =F56/V56*60 -> 1706.8487 | N56: =M56/L56 -> 81.27851 | O56: =L56-I56 -> 0 | P56: =N56-K56 -> -13.959585 | Q56: =N56/K56 -> 0.85342436 | R56: =Q72 -> 0.86227253 | S56: 0.25023148 | T56: 0.30278935 | V56: 75.683333 | AA56: =M56-J56 -> -293.15129 | AB56: =M56/J56 -> 0.85342436 | AC56: =AB72 -> 0.86227253
B57: 便當 | C57: 健身G肉餐盒 | E57: 59.52 | F57: 7449 | G57: =E57*F57 -> 443364.48 | I57: 25 | J57: 2000 | K57: =J57/I57 -> 80 | L57: 25 | M57: =F57/V57*60 -> 1749.39 | N57: =M57/L57 -> 69.975602 | O57: =L57-I57 -> 0 | P57: =N57-K57 -> -10.024398 | Q57: =N57/K57 -> 0.87469502 | S57: 0.30625 | T57: 0.48366898 | U57: 4.9833333 | V57: 255.48333 | W57: 0.48366898 | X57: 0.52378472 | AA57: =M57-J57 -> -250.60995 | AB57: =M57/J57 -> 0.87469502
B58: 便當 | C58: 嫩烤香料雞胸排蔬滿盒 | E58: 77.34 | F58: 3628 | G58: =E58*F58 -> 280589.52 | I58: 25 | J58: 2000 | K58: =J58/I58 -> 80 | L58: 25 | M58: =F58/V58*60 -> 1717.3964 | N58: =M58/L58 -> 68.695858 | O58: =L58-I58 -> 0 | P58: =N58-K58 -> -11.304142 | Q58: =N58/K58 -> 0.85869822 | S58: 0.52378472 | T58: 0.61180556 | U58: 57.766667 | V58: 126.75 | AA58: =M58-J58 -> -282.60355 | AB58: =M58/J58 -> 0.85869822
B72: 平均 | I72: =AVERAGE(I56:I71) -> 23.666667 | J72: =AVERAGE(J56:J71) -> 2000 | K72: =J72/I72 -> 84.507042 | L72: =AVERAGE(L56:L71) -> 23.666667 | M72: =AVERAGE(M56:M71) -> 1724.5451 | N72: =M72/L72 -> 72.868101 | O72: =L72-I72 -> 0 | P72: =N72-K72 -> -11.638941 | Q72: =N72/K72 -> 0.86227253 | S72: =S56 -> 0.25023148 | T72: =INDEX(T56:T71,COUNTA(T56:T71)) -> 0.61180556 | AA72: =M72-J72 -> -275.45493 | AB72: =M72/J72 -> 0.86227253
A73: 涼麵三線 | B73: 季節調理麵 | C73: 椒麻香蔥雞涼拌麵 | E73: 37.94 | F73: 5223 | G73: =E73*F73 -> 198160.62 | I73: 21 | J73: 3600 | K73: =J73/I73 -> 171.42857 | L73: 21 | M73: =F73/V73*60 -> 3010.8567 | N73: =M73/L73 -> 143.37413 | O73: =L73-I73 -> 0 | P73: =N73-K73 -> -28.054444 | Q73: =N73/K73 -> 0.83634908 | R73: =Q89 -> 0.8561378 | S73: 0.16666667 | T73: 0.23894676 | V73: 104.08333 | AA73: =M73-J73 -> -589.14331 | AB73: =M73/J73 -> 0.83634908 | AC73: =AB89 -> 0.8561378
B74: 季節調理麵 | C74: 酸辣麻醬細冷麵 | E74: 32.06 | F74: 2820 | G74: =E74*F74 -> 90409.2 | I74: 21 | J74: 3600 | K74: =J74/I74 -> 171.42857 | L74: 21 | M74: =F74/V74*60 -> 3004.4392 | N74: =M74/L74 -> 143.06853 | O74: =L74-I74 -> 0 | P74: =N74-K74 -> -28.360039 | Q74: =N74/K74 -> 0.83456644 | S74: 0.24444444 | T74: 0.28355324 | U74: 7.9166667 | V74: 56.316667 | AA74: =M74-J74 -> -595.56082 | AB74: =M74/J74 -> 0.83456644
B75: 季節調理麵 | C75: 和風涓絲冷麵 | E75: 28.29 | F75: 4401 | G75: =E75*F75 -> 124504.29 | I75: 19 | J75: 3600 | K75: =J75/I75 -> 189.47368 | L75: 19 | M75: =F75/V75*60 -> 3009.8024 | N75: =M75/L75 -> 158.41065 | O75: =L75-I75 -> 0 | P75: =N75-K75 -> -31.06303 | Q75: =N75/K75 -> 0.83605623 | S75: 0.2883912 | T75: 0.34931713 | U75: 6.9666667 | V75: 87.733333 | AA75: =M75-J75 -> -590.19757 | AB75: =M75/J75 -> 0.83605623
B76: 季節調理麵 | C76: 芝麻鰹魚烏龍冷麵 | E76: 38.99 | F76: 2475 | G76: =E76*F76 -> 96500.25 | I76: 19 | J76: 3600 | K76: =J76/I76 -> 189.47368 | L76: 19 | M76: =F76/V76*60 -> 2994.958 | N76: =M76/L76 -> 157.62937 | O76: =L76-I76 -> 0 | P76: =N76-K76 -> -31.844317 | Q76: =N76/K76 -> 0.83193277 | S76: 0.35445602 | T76: 0.38888889 | U76: 7.4 | V76: 49.583333 | AA76: =M76-J76 -> -605.04202 | AB76: =M76/J76 -> 0.83193277
B77: 季節調理麵 | C77: 台式麻醬涼麵 | E77: 31.27 | F77: 4233 | G77: =E77*F77 -> 132365.91 | I77: 19 | J77: 3600 | K77: =J77/I77 -> 189.47368 | L77: 19 | M77: =F77/V77*60 -> 3004.4953 | N77: =M77/L77 -> 158.13133 | O77: =L77-I77 -> 0 | P77: =N77-K77 -> -31.342354 | Q77: =N77/K77 -> 0.83458202 | S77: 0.39269676 | T77: 0.45140046 | U77: 5.4833333 | V77: 84.533333 | W77: 0.45140046 | X77: 0.49166667 | AA77: =M77-J77 -> -595.50473 | AB77: =M77/J77 -> 0.83458202
B78: 季節調理麵 | C78: 日式蕎麥沾麵 | E78: 36.86 | F78: 3925 | G78: =E78*F78 -> 144675.5 | I78: 21 | J78: 3600 | K78: =J78/I78 -> 171.42857 | L78: 21 | M78: =F78/V78*60 -> 3178.8526 | N78: =M78/L78 -> 151.37394 | O78: =L78-I78 -> 0 | P78: =N78-K78 -> -20.054636 | Q78: =N78/K78 -> 0.88301462 | S78: 0.49166667 | T78: 0.54311343 | U78: 57.983333 | V78: 74.083333 | AA78: =M78-J78 -> -421.14736 | AB78: =M78/J78 -> 0.88301462
B79: 季節調理麵 | C79: 大滿足麻醬涼麵 | E79: 38 | F79: 365 | G79: =E79*F79 -> 13870 | I79: 21 | J79: 3600 | K79: =J79/I79 -> 171.42857 | L79: 21 | M79: =F79/V79*60 -> 3158.6538 | N79: =M79/L79 -> 150.41209 | O79: =L79-I79 -> 0 | P79: =N79-K79 -> -21.016484 | Q79: =N79/K79 -> 0.87740385 | S79: 0.54799769 | T79: 0.5528125 | U79: 7.0333333 | V79: 6.9333333 | AA79: =M79-J79 -> -441.34615 | AB79: =M79/J79 -> 0.87740385
B80: 季節調理麵 | C80: 大滿足香辣涼麵 | E80: 38.63 | F80: 5857 | G80: =E80*F80 -> 226255.91 | I80: 20 | J80: 3600 | K80: =J80/I80 -> 180 | L80: 20 | M80: =F80/V80*60 -> 3187.483 | N80: =M80/L80 -> 159.37415 | O80: =L80-I80 -> 0 | P80: =N80-K80 -> -20.62585 | Q80: =N80/K80 -> 0.88541194 | S80: 0.55763889 | T80: 0.63420139 | U80: 6.95 | V80: 110.25 | AA80: =M80-J80 -> -412.51701 | AB80: =M80/J80 -> 0.88541194
B81: 季節調理麵 | C81: 大滿足麻醬涼麵 | E81: 38 | F81: 7269 | G81: =E81*F81 -> 276222 | I81: 21 | J81: 3600 | K81: =J81/I81 -> 171.42857 | L81: 21 | M81: =F81/V81*60 -> 3189.3236 | N81: =M81/L81 -> 151.87255 | O81: =L81-I81 -> 0 | P81: =N81-K81 -> -19.55602 | Q81: =N81/K81 -> 0.88592322 | S81: 0.6390625 | T81: 0.73402778 | U81: 7 | V81: 136.75 | AA81: =M81-J81 -> -410.67642 | AB81: =M81/J81 -> 0.88592322
B89: 平均 | I89: =AVERAGE(I73:I88) -> 20.222222 | J89: =AVERAGE(J73:J88) -> 3600 | K89: =J89/I89 -> 178.02198 | L89: =AVERAGE(L73:L88) -> 20.222222 | M89: =AVERAGE(M73:M88) -> 3082.0961 | N89: =M89/L89 -> 152.41134 | O89: =L89-I89 -> 0 | P89: =N89-K89 -> -25.610634 | Q89: =N89/K89 -> 0.8561378 | S89: =S73 -> 0.16666667 | T89: =INDEX(T73:T88,COUNTA(T73:T88)) -> 0.73402778 | AA89: =M89-J89 -> -517.90393 | AB89: =M89/J89 -> 0.8561378
A90: 自動包裝機 | B90: 4℃-飯糰 | C90: 大口蒜味香腸燒肉雙拼飯糰 | E90: 34.23 | F90: 2141 | G90: =E90*F90 -> 73286.43 | I90: 16 | J90: 3000 | K90: =J90/I90 -> 187.5 | L90: 16 | M90: =F90/V90*60 -> 2556.4179 | N90: =M90/L90 -> 159.77612 | O90: =L90-I90 -> 0 | P90: =N90-K90 -> -27.723881 | Q90: =N90/K90 -> 0.8521393 | R90: =Q106 -> 0.8600662 | S90: 0.25 | T90: 0.28489583 | V90: 50.25 | AA90: =M90-J90 -> -443.58209 | AB90: =M90/J90 -> 0.8521393 | AC90: =AB106 -> 0.8600662
B91: 4℃-飯糰 | C91: 大口花椒香麻雞飯糰 | E91: 34.77 | F91: 1596 | G91: =E91*F91 -> 55492.92 | I91: 11 | J91: 3000 | K91: =J91/I91 -> 272.72727 | L91: 11 | M91: =F91/V91*60 -> 2550.1997 | N91: =M91/L91 -> 231.83634 | O91: =L91-I91 -> 0 | P91: =N91-K91 -> -40.890933 | Q91: =N91/K91 -> 0.85006658 | S91: 0.28920139 | T91: 0.31527778 | U91: 6.2 | V91: 37.55 | AA91: =M91-J91 -> -449.80027 | AB91: =M91/J91 -> 0.85006658
B92: 4℃-飯糰 | C92: 大口法式蕈菇起司雞排飯糰 | E92: 35.83 | F92: 5526 | G92: =E92*F92 -> 197996.58 | I92: 12 | J92: 3273 | K92: =J92/I92 -> 272.75 | L92: 12 | M92: =F92/V92*60 -> 2846.8231 | N92: =M92/L92 -> 237.23526 | O92: =L92-I92 -> 0 | P92: =N92-K92 -> -35.51474 | Q92: =N92/K92 -> 0.86979014 | S92: 0.40763889 | T92: 0.48851852 | U92: 5 | V92: 116.46667 | W92: 0.48851852 | X92: 0.52986111 | AA92: =M92-J92 -> -426.17687 | AB92: =M92/J92 -> 0.86979014
B93: 4℃-飯糰 | C93: 大口義式香草雞腿排飯糰 | E93: 36.41 | F93: 4547 | G93: =E93*F93 -> 165556.27 | I93: 11 | J93: 3273 | K93: =J93/I93 -> 297.54545 | L93: 11 | M93: =F93/V93*60 -> 2836.9497 | N93: =M93/L93 -> 257.90452 | O93: =L93-I93 -> 0 | P93: =N93-K93 -> -39.640933 | Q93: =N93/K93 -> 0.86677352 | S93: 0.52986111 | T93: 0.59664352 | U93: 59.533333 | V93: 96.166667 | AA93: =M93-J93 -> -436.05026 | AB93: =M93/J93 -> 0.86677352
B106: 平均 | I106: =AVERAGE(I90:I105) -> 12.5 | J106: =AVERAGE(J90:J105) -> 3136.5 | K106: =J106/I106 -> 250.92 | L106: =AVERAGE(L90:L105) -> 12.5 | M106: =AVERAGE(M90:M105) -> 2697.5976 | N106: =M106/L106 -> 215.80781 | O106: =L106-I106 -> 0 | P106: =N106-K106 -> -35.11219 | Q106: =N106/K106 -> 0.8600662 | S106: =S90 -> 0.25 | T106: =INDEX(T90:T105,COUNTA(T90:T105)) -> 0.59664352 | AA106: =M106-J106 -> -438.90237 | AB106: =M106/J106 -> 0.8600662
A107: 自動包裝機3 | B107: 4℃-壽司手卷 | C107: 日式明太子炙烤牛飯卷 | E107: 26.63 | F107: 799 | G107: =E107*F107 -> 21277.37 | I107: 6 | J107: 2600 | K107: =J107/I107 -> 433.33333 | L107: 6 | M107: =F107/V107*60 -> 2180.743 | N107: =M107/L107 -> 363.45716 | O107: =L107-I107 -> 0 | P107: =N107-K107 -> -69.876169 | Q107: =N107/K107 -> 0.8387473 | R107: =Q123 -> 0.85014197 | S107: 0.32016204 | T107: 0.33542824 | V107: 21.983333 | AA107: =M107-J107 -> -419.25701 | AB107: =M107/J107 -> 0.8387473 | AC107: =AB123 -> 0.85014197
B108: 4℃-壽司手卷 | C108: 壽喜燒和牛飯卷 | E108: 30.6 | F108: 2466 | G108: =E108*F108 -> 75459.6 | I108: 6 | J108: 2600 | K108: =J108/I108 -> 433.33333 | L108: 6 | M108: =F108/V108*60 -> 2235.6082 | N108: =M108/L108 -> 372.60136 | O108: =L108-I108 -> 0 | P108: =N108-K108 -> -60.731973 | Q108: =N108/K108 -> 0.85984929 | S108: 0.33819444 | T108: 0.38415509 | U108: 3.9833333 | V108: 66.183333 | AA108: =M108-J108 -> -364.39184 | AB108: =M108/J108 -> 0.85984929
B109: 4℃-飯糰 | C109: 淡麗清酒蒸蛤蜊烤飯糰 | E109: 24.73 | F109: 1937 | G109: =E109*F109 -> 47902.01 | I109: 6 | J109: 2600 | K109: =J109/I109 -> 433.33333 | L109: 6 | M109: =F109/V109*60 -> 2214.4173 | N109: =M109/L109 -> 369.06955 | O109: =L109-I109 -> 0 | P109: =N109-K109 -> -64.263787 | Q109: =N109/K109 -> 0.85169895 | S109: 0.3875 | T109: 0.42394676 | U109: 4.8166667 | V109: 52.483333 | AA109: =M109-J109 -> -385.58272 | AB109: =M109/J109 -> 0.85169895
B110: 4℃-飯糰 | C110: 鮭魚炙燒明太子烤飯糰 | E110: 24.94 | F110: 1453 | G110: =E110*F110 -> 36237.82 | I110: 6 | J110: 2600 | K110: =J110/I110 -> 433.33333 | L110: 6 | M110: =F110/V110*60 -> 2208.0203 | N110: =M110/L110 -> 368.00338 | O110: =L110-I110 -> 0 | P110: =N110-K110 -> -65.329956 | Q110: =N110/K110 -> 0.84923856 | S110: 0.42777778 | T110: 0.45519676 | U110: 5.5166667 | V110: 39.483333 | AA110: =M110-J110 -> -391.97974 | AB110: =M110/J110 -> 0.84923856
B111: 4℃-飯糰 | C111: 糖燻野郎起司炙燒牛烤飯糰 | E111: 24.73 | F111: 2194 | G111: =E111*F111 -> 54257.62 | I111: 6 | J111: 2600 | K111: =J111/I111 -> 433.33333 | L111: 6 | M111: =F111/V111*60 -> 2213.0569 | N111: =M111/L111 -> 368.84281 | O111: =L111-I111 -> 0 | P111: =N111-K111 -> -64.49052 | Q111: =N111/K111 -> 0.85117572 | S111: 0.45902778 | T111: 0.50033565 | U111: 5.5166667 | V111: 59.483333 | AA111: =M111-J111 -> -386.94312 | AB111: =M111/J111 -> 0.85117572
B123: 平均 | I123: =AVERAGE(I107:I122) -> 6 | J123: =AVERAGE(J107:J122) -> 2600 | K123: =J123/I123 -> 433.33333 | L123: =AVERAGE(L107:L122) -> 6 | M123: =AVERAGE(M107:M122) -> 2210.3691 | N123: =M123/L123 -> 368.39485 | O123: =L123-I123 -> 0 | P123: =N123-K123 -> -64.938481 | Q123: =N123/K123 -> 0.85014197 | S123: =S107 -> 0.32016204 | T123: =INDEX(T107:T122,COUNTA(T107:T122)) -> 0.50033565 | AA123: =M123-J123 -> -389.63089 | AB123: =M123/J123 -> 0.85014197
A124: 涼麵一線 (二配) | B124: 微波主食 | C124: 二配里肌豬排可可咖哩歐姆蛋飯 | E124: 56.79 | F124: 2490 | G124: =E124*F124 -> 141407.1 | I124: 23 | J124: 2000 | K124: =J124/I124 -> 86.956522 | L124: 23 | M124: =F124/V124*60 -> 1719.5473 | N124: =M124/L124 -> 74.762925 | O124: =L124-I124 -> 0 | P124: =N124-K124 -> -12.193596 | Q124: =N124/K124 -> 0.85977364 | R124: =Q140 -> 0.85796763 | S124: 0.70841435 | T124: 0.76875 | V124: 86.883333 | AA124: =M124-J124 -> -280.45271 | AB124: =M124/J124 -> 0.85977364 | AC124: =AB140 -> 0.85796763
B125: 微波主食 | C125: 二配黃金雞排蘑菇白醬歐姆蛋飯 | E125: 56.87 | F125: 2119 | G125: =E125*F125 -> 120507.53 | I125: 23 | J125: 2000 | K125: =J125/I125 -> 86.956522 | L125: 23 | M125: =F125/V125*60 -> 1712.3232 | N125: =M125/L125 -> 74.448836 | O125: =L125-I125 -> 0 | P125: =N125-K125 -> -12.507686 | Q125: =N125/K125 -> 0.85616162 | S125: 0.77152778 | T125: 0.82309028 | U125: 4 | V125: 74.25 | AA125: =M125-J125 -> -287.67677 | AB125: =M125/J125 -> 0.85616162
B140: 平均 | I140: =AVERAGE(I124:I139) -> 23 | J140: =AVERAGE(J124:J139) -> 2000 | K140: =J140/I140 -> 86.956522 | L140: =AVERAGE(L124:L139) -> 23 | M140: =AVERAGE(M124:M139) -> 1715.9353 | N140: =M140/L140 -> 74.605881 | O140: =L140-I140 -> 0 | P140: =N140-K140 -> -12.350641 | Q140: =N140/K140 -> 0.85796763 | S140: =S124 -> 0.70841435 | T140: =INDEX(T124:T139,COUNTA(T124:T139)) -> 0.82309028 | AA140: =M140-J140 -> -284.06474 | AB140: =M140/J140 -> 0.85796763
A141: 涼麵二線 (二配) | B141: 微波主食 | C141: 二配鐵板蘑菇肉醬起司焗飯 | E141: 44.3 | F141: 2021 | G141: =E141*F141 -> 89530.3 | I141: 17 | J141: 2000 | K141: =J141/I141 -> 117.64706 | L141: 17 | M141: =F141/V141*60 -> 1711.9059 | N141: =M141/L141 -> 100.70035 | O141: =L141-I141 -> 0 | P141: =N141-K141 -> -16.946713 | Q141: =N141/K141 -> 0.85595294 | R141: =Q157 -> 0.85551311 | S141: 0.70844907 | T141: 0.75763889 | V141: 70.833333 | AA141: =M141-J141 -> -288.09412 | AB141: =M141/J141 -> 0.85595294 | AC141: =AB157 -> 0.85551311
B142: 微波主食 | C142: 二配三杯海瓜子好下飯 | E142: 50.67 | F142: 976 | G142: =E142*F142 -> 49453.92 | I142: 22 | J142: 2000 | K142: =J142/I142 -> 90.909091 | L142: 22 | M142: =F142/V142*60 -> 1701.5012 | N142: =M142/L142 -> 77.340964 | O142: =L142-I142 -> 0 | P142: =N142-K142 -> -13.568127 | Q142: =N142/K142 -> 0.85075061 | S142: 0.76180556 | T142: 0.78570602 | U142: 6 | V142: 34.416667 | AA142: =M142-J142 -> -298.49879 | AB142: =M142/J142 -> 0.85075061
B143: 微波主食 | C143: 二配哞哞培根奶香海陸焗飯 | E143: 47.6 | F143: 2676 | G143: =E143*F143 -> 127377.6 | I143: 23 | J143: 2000 | K143: =J143/I143 -> 86.956522 | L143: 23 | M143: =F143/V143*60 -> 1719.6715 | N143: =M143/L143 -> 74.768328 | O143: =L143-I143 -> 0 | P143: =N143-K143 -> -12.188194 | Q143: =N143/K143 -> 0.85983577 | S143: 0.78958333 | T143: 0.8544213 | U143: 5.5833333 | V143: 93.366667 | AA143: =M143-J143 -> -280.32845 | AB143: =M143/J143 -> 0.85983577
B157: 平均 | I157: =AVERAGE(I141:I156) -> 20.666667 | J157: =AVERAGE(J141:J156) -> 2000 | K157: =J157/I157 -> 96.774194 | L157: =AVERAGE(L141:L156) -> 20.666667 | M157: =AVERAGE(M141:M156) -> 1711.0262 | N157: =M157/L157 -> 82.791591 | O157: =L157-I157 -> 0 | P157: =N157-K157 -> -13.982603 | Q157: =N157/K157 -> 0.85551311 | S157: =S141 -> 0.70844907 | T157: =INDEX(T141:T156,COUNTA(T141:T156)) -> 0.8544213 | AA157: =M157-J157 -> -288.97379 | AB157: =M157/J157 -> 0.85551311
Y159: 原因回覆
Y160: 1.當日出勤人數較多
Y161: 2.當日出勤人數較少
Y162: 3.當日出勤熟手較多
Y163: 4.當日出勤新人較多
Y164: 5.機台夾盒
Y165: 6.封膜不順
Y166: 7.更換膠膜
Y167: 8.更換碳帶
Y168: 9.當日熱轉印碳帶異常
Y169: 10.訂單量過少
Y170: 11.新品上市，尚未熟悉
Y171: 12.活動期間品項需貼標

Sheet 0830
B1: 屏榮 大溪廠組合室生產人時性分析
B3: 日期 | C3: 114.08.30星期六 | E3: 訂單量 | F3: ='0830(18度C)'!D1+'0830(4度C)'!D1 -> 202704 | H3: 營業額 | I3: ='0830(18度C)'!F1+'0830(4度C)'!F1 -> 6161593.8
B4: 人時性 | C4: 項目 | E4: ➀ | G4: ➁ | I4: ➂ | K4: ④ | M4: ⑤
C5: 組合室 | E5: 全溫層 | G5: 4度C-各編組展開(一配) | I5: 4度C-各編組展開(二配) | K5: 18度C-各編組展開(一配) | M5: 18度C-各編組展開(二配)
C6: 排關平均 | E6: =AVERAGE(D13:O13,D27:X27) -> 475.60069 | F6: =AVERAGE(#REF!,D13:K13) -> #REF! | G6: =AVERAGE(D13:K13) -> 175.56964 | I6: =AVERAGE(L13:O13) -> 91.865358 | K6: =AVERAGE(D27:O27) -> 643.39628 | M6: =AVERAGE(P27:X27) -> 757.78717
C7: 實績平均 | E7: =AVERAGE(D14:O14,D28:X28) -> 406.13914 | F7: =AVERAGE(#REF!,D14:K14) -> #REF! | G7: =AVERAGE(D14:K14) -> 150.36454 | I7: =AVERAGE(L14:O14) -> 78.680783 | K7: =AVERAGE(D28:O28) -> 548.27943 | M7: =AVERAGE(P28:X28) -> 647.86528
C8: 達成率平均 | E8: =AVERAGE(D15:O15,D29:X29) -> 0.85627247 | F8: =AVERAGE(D15:K15,#REF!) -> #REF! | G8: =AVERAGE(D15:K15) -> 0.85896549 | I8: =AVERAGE(L15:O15) -> 0.85654868 | K8: =AVERAGE(D29:O29) -> 0.85290977 | M8: =AVERAGE(P29:X29) -> 0.85696169 | O8: ※現行日本鮮食廠以達成率80%為基本(即為現行KPI)
B10: 溫層 | D10: ➁4度C-各編組展開 | L10: ➂4度C-各編組展開
B11: 編組 | D11: 1 | E11: 2 | F11: 3 | G11: 4 | H11: 5 | I11: 6 | J11: 7 | K11: 8 | L11: 1 | M11: 2 | N11: 3 | O11: 4
D12: 便當一線 | E12: 便當二線 | F12: 涼麵一線 | G12: 涼麵二線 | H12: 涼麵三線 | I12: 自動包裝機 | J12: 自動包裝機2 | K12: 自動包裝機3 | L12: 便當一線 | M12: 便當二線 | N12: 涼麵一線 | O12: 涼麵二線
B13: 人時性 | C13: 排關 | D13: 115.15152 | E13: 79.470199 | F13: 82.105263 | G13: 83.333333 | H13: 178.88199 | I13: 256.71186 | J13: - | K13: 433.33333 | L13: - | M13: - | N13: 86.956522 | O13: 96.774194
C14: 實績 | D14: 100.79054 | E14: 68.050855 | F14: 70.583545 | G14: 71.57614 | H14: 152.65219 | I14: 220.577 | J14: - | K14: 368.32151 | L14: - | M14: - | N14: 74.595294 | O14: 82.766272
C15: 達成率 | D15: =D14/D13 -> 0.87528627 | E15: =E14/E13 -> 0.8563066 | F15: =F14/F13 -> 0.85967138 | G15: =G14/G13 -> 0.85891368 | H15: =H14/H13 -> 0.85336816 | I15: =I14/I13 -> 0.85923961 | J15: - | K15: =K14/K13 -> 0.84997272 | L15: - | M15: - | N15: =N14/N13 -> 0.85784588 | O15: =O14/O13 -> 0.85525148
B16: 作業 時間 | C16: 開始 | D16: 0.29166667 | E16: 0.25033565 | F16: 0.33333333 | G16: 0.33333333 | H16: 0.16689815 | I16: 0.25 | J16: - | K16: 0.30017361 | L16: - | M16: - | N16: 0.70853009 | O16: 0.70847222
C17: 結束 | D17: 0.57594907 | E17: 0.5875 | F17: 0.59953704 | G17: 0.59546296 | H17: 0.65902778 | I17: 0.54814815 | J17: - | K17: 0.44305556 | L17: - | M17: - | N17: 0.82847222 | O17: 0.86541667
B18: 配置人數 | D18: 16.5 | E18: 25.166667 | F18: 23.75 | G18: 24 | H18: 20.125 | I18: 11.8 | J18: - | K18: 6 | L18: - | M18: - | N18: 23 | O18: 20.666667
B19: 主要應用設備 | D19: L型封口機 | E19: ET-55 | F19: ET-55 | G19: ET-55 | H19: ET-600 | I19: 伺服包裝機 | J19: 伺服包裝機 | K19: 伺服包裝機 | L19: L型封口機 | M19: ET-55 | N19: ET-55 | O19: ET-55
B20: 次要應用設備 | D20: 伺服包裝機 | H20: 伺服包裝機
B21: 備註 | H21: 涼麵+烤飯糰 | I21: 大口飯糰線 | K21: 烤飯糰+手卷
B24: 溫層 | D24: ➃18度C-各編組展開 (一配) | P24: ⑤18度C-各編組展開 (二配)
B25: 編組 | D25: 1 | E25: 2 | F25: 3 | G25: 4 | H25: 5 | I25: 6 | J25: 7 | K25: 8 | L25: 9 | M25: 10 | N25: 11 | O25: 12 | P25: 1 | Q25: 2 | R25: 3 | S25: 4 | T25: 5 | U25: 6 | V25: 7 | W25: 8 | X25: 9
D26: 便當一線 | E26: 涼麵一線 | F26: 涼麵三線 | G26: 自動包裝機 | H26: 自動包裝機2 | I26: 自動包裝機3 | J26: 味付飯糰線B | K26: (舊) 3300型飯糰線 | L26: 3000型飯糰線 | M26: (新) 3300型飯糰機 | N26: GKK3600型 飯糰機 | O26: GKK3600型 飯糰機2 | P26: 自動包裝機 | Q26: 自動包裝機2 | R26: 自動包裝機3 | S26: 味付飯糰線B | T26: (舊) 3300型飯糰線 | U26: 3000型飯糰線 | V26: (新) 3300型飯糰機 | W26: GKK3600型 飯糰機 | X26: GKK3600型 飯糰機2
B27: 人時性 | C27: 排關 | D27: 226.15 | E27: - | F27: - | G27: 260.86957 | H27: 433.33333 | I27: - | J27: 675 | K27: - | L27: - | M27: 868.42105 | N27: 1200 | O27: 840 | P27: 226.65517 | Q27: - | R27: - | S27: 675 | T27: 840 | U27: - | V27: 761.53846 | W27: 1020 | X27: 1023.5294
C28: 實績 | D28: 193.09081 | E28: - | F28: - | G28: 223.40936 | H28: 359.31846 | I28: - | J28: 594.39394 | K28: - | L28: - | M28: 745.19014 | N28: 1003.4867 | O28: 719.06666 | P28: 193.55072 | Q28: - | R28: - | S28: 600.81259 | T28: 715.75966 | U28: - | V28: 655.42852 | W28: 861.70017 | X28: 859.94
C29: 達成率 | D29: =D28/D27 -> 0.85381742 | E29: - | F29: - | G29: =G28/G27 -> 0.85640255 | H29: =H28/H27 -> 0.82919644 | I29: - | J29: =J28/J27 -> 0.88058361 | K29: - | L29: - | M29: =M28/M27 -> 0.85809773 | N29: =N28/N27 -> 0.83623888 | O29: =O28/O27 -> 0.85603173 | P29: =P28/P27 -> 0.85394352 | Q29: - | R29: - | S29: =S28/S27 -> 0.89009273 | T29: =T28/T27 -> 0.85209483 | U29: - | V29: =V28/V27 -> 0.86066371 | W29: =W28/W27 -> 0.84480409 | X29: =X28/X27 -> 0.84017126
B30: 作業 時間 | C30: 開始 | D30: 0.43263889 | E30: - | F30: - | G30: 0.30356481 | H30: 0.25 | I30: - | J30: 0.25 | K30: - | L30: - | M30: 0.25 | N30: 0.25002315 | O30: 0.25013889 | P30: 0.70833333 | Q30: - | R30: - | S30: 0.70856481 | T30: 0.7083912 | U30: - | V30: 0.70835648 | W30: 0.70862269 | X30: 0.70833333
C31: 結束 | D31: 0.5034838 | E31: - | F31: - | G31: 0.36265046 | H31: 0.29755787 | I31: - | J31: 0.31875 | K31: - | L31: - | M31: 0.44236111 | N31: 0.39722222 | O31: 0.39446759 | P31: 0.83819444 | Q31: - | R31: - | S31: 0.86666667 | T31: 0.89652778 | U31: - | V31: 0.89861111 | W31: 0.96059028 | X31: 0.9746412
B32: 配置人數 | D32: 13.333333 | E32: - | F32: - | G32: 11.5 | H32: 6 | I32: - | J32: 4 | K32: - | L32: - | M32: 3.8 | N32: 3 | O32: 3.75 | P32: 14.5 | Q32: - | R32: - | S32: 4 | T32: 3.75 | U32: - | V32: 4.3333333 | W32: 3.3333333 | X32: 3.4
B33: 主要應用設備 | D33: 伺服包裝機 | E33: ET-55 | F33: ET-600 | G33: 夾心型 | H33: 伺服包裝機 | I33: 伺服包裝機 | J33: 夾心型 | K33: 3300型 | L33: 3300型 | M33: 3300型 | N33: GKK | O33: GKK | P33: 夾心型 | Q33: 伺服包裝機 | R33: 伺服包裝機 | S33: 夾心型 | T33: 3300型 | U33: 3300型 | V33: 3300型 | W33: GKK | X33: GKK
B34: 次要應用設備
B35: 備註

Sheet 0830(18度C)
A1: 大溪廠日報分析 | C1: 總生產量 | D1: =SUM(F5:F225) -> 107641 | E1: 營業額 | F1: =SUM(G5:G225) -> 2085917.9 | G1: 出勤人數 | H1: =L21+L38+L55+L72+L89+L106+L123+L140+L157+L174+L191+L208+L225 -> 78.7 | I1: 產線配置圖 | L1: 生產實績 | O1: 人時性差異分析 | S1: 日報登錄 | Y1: 分析說明 | AA1: 產能差異分析
A2: 45899 | C2: 人時性 | D2: =AVERAGE(N21,N38,N55,N72,N89,N106,N123,N140,N157,N174,N191,N208,N225) -> 594.24213 | E2: 平均廠價 | F2: =F1/D1 -> 19.37847 | G2: 多次生產數 | H2: =COUNT(H5:H225) -> 2
A3: 線別 | B3: 品類 | C3: 品名 | E3: 廠價 | F3: 生產量 | G3: 營收 | H3: 多次 生產 | I3: 人數 | J3: 產能/時 | K3: 人時性 | L3: 人數 | M3: 產能/時 | N3: 人時性 | O3: 人數 | P3: 人時性 | Q3: 達成率 | R3: 達成率 平均 | S3: 生產時間 | U3: 換線、休息/分 | V3: 稼動時間/分 | W3: 休息時間 | Y3: (屏榮回填) | AA3: 產能/時 | AB3: 達成率 | AC3: 達成率平均
S4: 開始 | T4: 結束 | W4: 開始 | X4: 結束
A5: 便當一線 | B5: 18℃-壽司手卷 | C5: 一配海饌雙手卷 | E5: 29.85 | F5: 1741 | G5: =E5*F5 -> 51968.85 | I5: 17 | J5: 3273 | K5: =J5/I5 -> 192.52941 | L5: 17 | M5: =F5/V5*60 -> 2803.0411 | N5: =M5/L5 -> 164.88477 | O5: =L5-I5 -> 0 | P5: =N5-K5 -> -27.644639 | Q5: =N5/K5 -> 0.85641343 | R5: =Q21 -> 0.85381742 | S5: 0.43263889 | T5: 0.45851852 | U5: 6.5166667 | V5: 37.266667 | AA5: =M5-J5 -> -469.95886 | AB5: =M5/J5 -> 0.85641343 | AC5: =AB21 -> 0.85381742
B6: 18℃-壽司手卷 | C6: 一配雙饗雙手卷 | E6: 29.52 | F6: 1708 | G6: =E6*F6 -> 50420.16 | I6: 17 | J6: 3273 | K6: =J6/I6 -> 192.52941 | L6: 17 | M6: =F6/V6*60 -> 2802.5524 | N6: =M6/L6 -> 164.85602 | O6: =L6-I6 -> 0 | P6: =N6-K6 -> -27.673387 | Q6: =N6/K6 -> 0.85626411 | S6: 0.46210648 | T6: 0.4875 | U6: 5.1666667 | V6: 36.566667 | AA6: =M6-J6 -> -470.44758 | AB6: =M6/J6 -> 0.85626411
B7: 18℃-壽司手卷 | C7: 一配日式厚蛋脆卷 | E7: 21.61 | F7: 636 | G7: =E7*F7 -> 13743.96 | I7: 6 | J7: 2500 | K7: =J7/I7 -> 416.66667 | L7: 6 | M7: =F7/V7*60 -> 2118.0389 | N7: =M7/L7 -> 353.00648 | O7: =L7-I7 -> 0 | P7: =N7-K7 -> -63.660191 | Q7: =N7/K7 -> 0.84721554 | S7: 0.49097222 | T7: 0.5034838 | U7: 5 | V7: 18.016667 | W7: 0.5034838 | X7: 0.54305556 | AA7: =M7-J7 -> -381.96115 | AB7: =M7/J7 -> 0.84721554
B21: 平均 | I21: =AVERAGE(I5:I20) -> 13.333333 | J21: =AVERAGE(J5:J20) -> 3015.3333 | K21: =J21/I21 -> 226.15 | L21: =AVERAGE(L5:L20) -> 13.333333 | M21: =AVERAGE(M5:M20) -> 2574.5441 | N21: =M21/L21 -> 193.09081 | O21: =L21-I21 -> 0 | P21: =N21-K21 -> -33.05919 | Q21: =N21/K21 -> 0.85381742 | S21: =S5 -> 0.43263889 | T21: =INDEX(T5:T20,COUNTA(T5:T20)) -> 0.5034838 | AA21: =M21-J21 -> -440.7892 | AB21: =M21/J21 -> 0.85381742
A22: 自動包裝機 | B22: 18℃-壽司手卷 | C22: 一配新之助的豆皮壽司喔 | E22: 25.52 | F22: 1750 | G22: =E22*F22 -> 44660 | I22: 12 | J22: 3000 | K22: =J22/I22 -> 250 | L22: 12 | M22: =F22/V22*60 -> 2569.3312 | N22: =M22/L22 -> 214.11093 | O22: =L22-I22 -> 0 | P22: =N22-K22 -> -35.88907 | Q22: =N22/K22 -> 0.85644372 | R22: =Q38 -> 0.85640255 | S22: 0.30356481 | T22: 0.33194444 | U22: 5.9 | V22: 40.866667 | AA22: =M22-J22 -> -430.66884 | AB22: =M22/J22 -> 0.85644372 | AC22: =AB38 -> 0.85640255
B23: 18℃-壽司手卷 | C23: 一配長野稻荷壽司 | E23: 25.64 | F23: 1722 | G23: =E23*F23 -> 44152.08 | I23: 11 | J23: 3000 | K23: =J23/I23 -> 272.72727 | L23: 11 | M23: =F23/V23*60 -> 2569.0841 | N23: =M23/L23 -> 233.5531 | O23: =L23-I23 -> 0 | P23: =N23-K23 -> -39.17417 | Q23: =N23/K23 -> 0.85636138 | S23: 0.33472222 | T23: 0.36265046 | U23: 4 | V23: 40.216667 | AA23: =M23-J23 -> -430.91587 | AB23: =M23/J23 -> 0.85636138
B38: 平均 | I38: =AVERAGE(I22:I37) -> 11.5 | J38: =AVERAGE(J22:J37) -> 3000 | K38: =J38/I38 -> 260.86957 | L38: =AVERAGE(L22:L37) -> 11.5 | M38: =AVERAGE(M22:M37) -> 2569.2076 | N38: =M38/L38 -> 223.40936 | O38: =L38-I38 -> 0 | P38: =N38-K38 -> -37.460205 | Q38: =N38/K38 -> 0.85640255 | S38: =S22 -> 0.30356481 | T38: =INDEX(T22:T37,COUNTA(T22:T37)) -> 0.36265046 | AA38: =M38-J38 -> -430.79236 | AB38: =M38/J38 -> 0.85640255
A39: 自動包裝機2 | B39: 18℃-壽司手卷 | C39: 一配芝麻海苔香鬆細卷 | E39: 14.06 | F39: 722 | G39: =E39*F39 -> 10151.32 | I39: 6 | J39: 2600 | K39: =J39/I39 -> 433.33333 | L39: 6 | M39: =F39/V39*60 -> 2166 | N39: =M39/L39 -> 361 | O39: =L39-I39 -> 0 | P39: =N39-K39 -> -72.333333 | Q39: =N39/K39 -> 0.83307692 | R39: =Q55 -> 0.82919644 | S39: 0.25 | T39: 0.26388889 | V39: 20 | AA39: =M39-J39 -> -434 | AB39: =M39/J39 -> 0.83307692 | AC39: =AB55 -> 0.82919644
B40: 18℃-壽司手卷 | C40: 一配鮪魚沙拉細卷 | E40: 14.81 | F40: 846 | G40: =E40*F40 -> 12529.26 | I40: 6 | J40: 2600 | K40: =J40/I40 -> 433.33333 | L40: 6 | M40: =F40/V40*60 -> 2167.6868 | N40: =M40/L40 -> 361.28114 | O40: =L40-I40 -> 0 | P40: =N40-K40 -> -72.052195 | Q40: =N40/K40 -> 0.8337257 | S40: 0.26805556 | T40: 0.28431713 | U40: 6 | V40: 23.416667 | AA40: =M40-J40 -> -432.31317 | AB40: =M40/J40 -> 0.8337257
B41: 18℃-壽司手卷 | C41: 一配炙烤焦糖鮭魚細卷 | E41: 17.87 | F41: 444 | G41: =E41*F41 -> 7934.28 | I41: 6 | J41: 2600 | K41: =J41/I41 -> 433.33333 | L41: 6 | M41: =F41/V41*60 -> 2134.0454 | N41: =M41/L41 -> 355.67423 | O41: =L41-I41 -> 0 | P41: =N41-K41 -> -77.659101 | Q41: =N41/K41 -> 0.82078669 | S41: 0.28888889 | T41: 0.29755787 | U41: 6.5833333 | V41: 12.483333 | AA41: =M41-J41 -> -465.95461 | AB41: =M41/J41 -> 0.82078669
B55: 平均 | I55: =AVERAGE(I39:I54) -> 6 | J55: =AVERAGE(J39:J54) -> 2600 | K55: =J55/I55 -> 433.33333 | L55: =AVERAGE(L39:L54) -> 6 | M55: =AVERAGE(M39:M54) -> 2155.9107 | N55: =M55/L55 -> 359.31846 | O55: =L55-I55 -> 0 | P55: =N55-K55 -> -74.014876 | Q55: =N55/K55 -> 0.82919644 | S55: =S39 -> 0.25 | T55: =INDEX(T39:T54,COUNTA(T39:T54)) -> 0.29755787 | AA55: =M55-J55 -> -444.08926 | AB55: =M55/J55 -> 0.82919644
A56: 味付飯糰線B | B56: 18℃-飯糰 | C56: 一配經典肉鬆飯糰 | E56: 14.03 | F56: 3923 | G56: =E56*F56 -> 55039.69 | I56: 4 | J56: 2700 | K56: =J56/I56 -> 675 | L56: 4 | M56: =F56/V56*60 -> 2377.5758 | N56: =M56/L56 -> 594.39394 | O56: =L56-I56 -> 0 | P56: =N56-K56 -> -80.606061 | Q56: =N56/K56 -> 0.88058361 | R56: =Q72 -> 0.88058361 | S56: 0.25 | T56: 0.31875 | V56: 99 | AA56: =M56-J56 -> -322.42424 | AB56: =M56/J56 -> 0.88058361 | AC56: =AB72 -> 0.88058361
B72: 平均 | I72: =AVERAGE(I56:I71) -> 4 | J72: =AVERAGE(J56:J71) -> 2700 | K72: =J72/I72 -> 675 | L72: =AVERAGE(L56:L71) -> 4 | M72: =AVERAGE(M56:M71) -> 2377.5758 | N72: =M72/L72 -> 594.39394 | O72: =L72-I72 -> 0 | P72: =N72-K72 -> -80.606061 | Q72: =N72/K72 -> 0.88058361 | S72: =S56 -> 0.25 | T72: =INDEX(T56:T71,COUNTA(T56:T71)) -> 0.31875 | AA72: =M72-J72 -> -322.42424 | AB72: =M72/J72 -> 0.88058361
A73: (新) 3300型飯糰機 | B73: 18℃-飯糰 | C73: 一配三杯辣海瓜子飯糰 | E73: 21.45 | F73: 1186 | G73: =E73*F73 -> 25439.7 | I73: 3 | J73: 3300 | K73: =J73/I73 -> 1100 | L73: 3 | M73: =F73/V73*60 -> 2821.9432 | N73: =M73/L73 -> 940.64772 | O73: =L73-I73 -> 0 | P73: =N73-K73 -> -159.35228 | Q73: =N73/K73 -> 0.85513429 | R73: =Q89 -> 0.85809773 | S73: 0.25 | T73: 0.26751157 | V73: 25.216667 | AA73: =M73-J73 -> -478.05684 | AB73: =M73/J73 -> 0.85513429 | AC73: =AB89 -> 0.85809773
B74: 18℃-飯糰 | C74: 一配哇沙米魚卵沙拉飯糰 | E74: 15.71 | F74: 3487 | G74: =E74*F74 -> 54780.77 | I74: 3 | J74: 3300 | K74: =J74/I74 -> 1100 | L74: 3 | M74: =F74/V74*60 -> 2838.1641 | N74: =M74/L74 -> 946.05471 | O74: =L74-I74 -> 0 | P74: =N74-K74 -> -153.94529 | Q74: =N74/K74 -> 0.86004974 | S74: 0.27172454 | T74: 0.32291667 | U74: 6.0666667 | V74: 73.716667 | AA74: =M74-J74 -> -461.83586 | AB74: =M74/J74 -> 0.86004974
B75: 18℃-飯糰 | C75: 一配鹽蔥燒肉飯糰 | E75: 17.89 | F75: 2464 | G75: =E75*F75 -> 44080.96 | I75: 4 | J75: 3300 | K75: =J75/I75 -> 825 | L75: 4 | M75: =F75/V75*60 -> 2833.0885 | N75: =M75/L75 -> 708.27212 | O75: =L75-I75 -> 0 | P75: =N75-K75 -> -116.72788 | Q75: =N75/K75 -> 0.85851166 | S75: 0.32569444 | T75: 0.36193287 | U75: 4 | V75: 52.183333 | AA75: =M75-J75 -> -466.91153 | AB75: =M75/J75 -> 0.85851166
B76: 18℃-飯糰 | C76: 一配雞肉飯飯糰 | E76: 16.66 | F76: 3817 | G76: =E76*F76 -> 63591.22 | I76: 4 | J76: 3300 | K76: =J76/I76 -> 825 | L76: 4 | M76: =F76/V76*60 -> 2850.8714 | N76: =M76/L76 -> 712.71784 | O76: =L76-I76 -> 0 | P76: =N76-K76 -> -112.28216 | Q76: =N76/K76 -> 0.86390041 | S76: 0.36666667 | T76: 0.4224537 | U76: 6.8166667 | V76: 80.333333 | AA76: =M76-J76 -> -449.12863 | AB76: =M76/J76 -> 0.86390041
B77: 18℃-飯糰 | C77: 一配壹號醬炙烤牛飯糰 | E77: 22.28 | F77: 1118 | G77: =E77*F77 -> 24909.04 | I77: 5 | J77: 3300 | K77: =J77/I77 -> 660 | L77: 5 | M77: =F77/V77*60 -> 2814.5455 | N77: =M77/L77 -> 562.90909 | O77: =L77-I77 -> 0 | P77: =N77-K77 -> -97.090909 | Q77: =N77/K77 -> 0.85289256 | S77: 0.42581019 | T77: 0.44236111 | U77: 4.8333333 | V77: 23.833333 | AA77: =M77-J77 -> -485.45455 | AB77: =M77/J77 -> 0.85289256
B89: 平均 | I89: =AVERAGE(I73:I88) -> 3.8 | J89: =AVERAGE(J73:J88) -> 3300 | K89: =J89/I89 -> 868.42105 | L89: =AVERAGE(L73:L88) -> 3.8 | M89: =AVERAGE(M73:M88) -> 2831.7225 | N89: =M89/L89 -> 745.19014 | O89: =L89-I89 -> 0 | P89: =N89-K89 -> -123.23092 | Q89: =N89/K89 -> 0.85809773 | S89: =S73 -> 0.25 | T89: =INDEX(T73:T88,COUNTA(T73:T88)) -> 0.44236111 | AA89: =M89-J89 -> -468.27748 | AB89: =M89/J89 -> 0.85809773
A90: GKK3600型 飯糰機 | B90: 18℃-飯糰 | C90: 一配明太子龍蝦風味沙拉飯糰 | E90: 18.18 | F90: 2203 | G90: =E90*F90 -> 40050.54 | I90: 3 | J90: 3600 | K90: =J90/I90 -> 1200 | L90: 3 | M90: =F90/V90*60 -> 3006.3685 | N90: =M90/L90 -> 1002.1228 | O90: =L90-I90 -> 0 | P90: =N90-K90 -> -197.87718 | Q90: =N90/K90 -> 0.83510235 | R90: =Q106 -> 0.83623888 | S90: 0.25002315 | T90: 0.28055556 | V90: 43.966667 | AA90: =M90-J90 -> -593.63154 | AB90: =M90/J90 -> 0.83510235 | AC90: =AB106 -> 0.83623888
B91: 18℃-飯糰 | C91: 一配蔬食鮪魚飯糰 | E91: 18.18 | F91: 2061 | G91: =E91*F91 -> 37468.98 | I91: 3 | J91: 3600 | K91: =J91/I91 -> 1200 | L91: 3 | M91: =F91/V91*60 -> 3002.671 | N91: =M91/L91 -> 1000.8903 | O91: =L91-I91 -> 0 | P91: =N91-K91 -> -199.10967 | Q91: =N91/K91 -> 0.83407527 | S91: 0.29236111 | T91: 0.32096065 | U91: 17 | V91: 41.183333 | AA91: =M91-J91 -> -597.32902 | AB91: =M91/J91 -> 0.83407527
B92: 18℃-飯糰 | C92: 一配鮪魚飯糰 | E92: 14.28 | F92: 4735 | G92: =E92*F92 -> 67615.8 | I92: 3 | J92: 3600 | K92: =J92/I92 -> 1200 | L92: 3 | M92: =F92/V92*60 -> 3022.3404 | N92: =M92/L92 -> 1007.4468 | O92: =L92-I92 -> 0 | P92: =N92-K92 -> -192.55319 | Q92: =N92/K92 -> 0.83953901 | S92: 0.33194444 | T92: 0.39722222 | U92: 15.816667 | V92: 94 | AA92: =M92-J92 -> -577.65957 | AB92: =M92/J92 -> 0.83953901
B106: 平均 | I106: =AVERAGE(I90:I105) -> 3 | J106: =AVERAGE(J90:J105) -> 3600 | K106: =J106/I106 -> 1200 | L106: =AVERAGE(L90:L105) -> 3 | M106: =AVERAGE(M90:M105) -> 3010.46 | N106: =M106/L106 -> 1003.4867 | O106: =L106-I106 -> 0 | P106: =N106-K106 -> -196.51335 | Q106: =N106/K106 -> 0.83623888 | S106: =S90 -> 0.25002315 | T106: =INDEX(T90:T105,COUNTA(T90:T105)) -> 0.39722222 | AA106: =M106-J106 -> -589.54004 | AB106: =M106/J106 -> 0.83623888
A107: GKK3600型 飯糰機2 | B107: 18℃-飯糰 | C107: 一配熟成紅鮭飯糰 | E107: 25.03 | F107: 1541 | G107: =E107*F107 -> 38571.23 | I107: 4 | J107: 3300 | K107: =J107/I107 -> 825 | L107: 4 | M107: =F107/V107*60 -> 2818.9024 | N107: =M107/L107 -> 704.72561 | O107: =L107-I107 -> 0 | P107: =N107-K107 -> -120.27439 | Q107: =N107/K107 -> 0.85421286 | R107: =Q123 -> 0.85603173 | S107: 0.25013889 | T107: 0.27291667 | V107: 32.8 | AA107: =M107-J107 -> -481.09756 | AB107: =M107/J107 -> 0.85421286 | AC107: =AB123 -> 0.85603173
B108: 18℃-飯糰 | C108: 一配北海道秋鮭親子飯糰 | E108: 24.83 | F108: 1860 | G108: =E108*F108 -> 46183.8 | I108: 4 | J108: 3300 | K108: =J108/I108 -> 825 | L108: 4 | M108: =F108/V108*60 -> 2824.1248 | N108: =M108/L108 -> 706.03121 | O108: =L108-I108 -> 0 | P108: =N108-K108 -> -118.96879 | Q108: =N108/K108 -> 0.85579541 | S108: 0.28505787 | T108: 0.3125 | U108: 17.483333 | V108: 39.516667 | AA108: =M108-J108 -> -475.87516 | AB108: =M108/J108 -> 0.85579541
B109: 18℃-飯糰 | C109: 一配海老天婦羅飯糰 | E109: 27.91 | F109: 707 | G109: =E109*F109 -> 19732.37 | I109: 4 | J109: 3000 | K109: =J109/I109 -> 750 | L109: 4 | M109: =F109/V109*60 -> 2557.9899 | N109: =M109/L109 -> 639.49749 | O109: =L109-I109 -> 0 | P109: =N109-K109 -> -110.50251 | Q109: =N109/K109 -> 0.85266332 | S109: 0.32321759 | T109: 0.3347338 | U109: 15.433333 | V109: 16.583333 | AA109: =M109-J109 -> -442.01005 | AB109: =M109/J109 -> 0.85266332
B110: 18℃-飯糰 | C110: 一配贅沢鮭魚肚飯糰 | E110: 30 | F110: 2888 | G110: =E110*F110 -> 86640 | I110: 3 | J110: 3000 | K110: =J110/I110 -> 1000 | L110: 3 | M110: =F110/V110*60 -> 2584.9826 | N110: =M110/L110 -> 861.66087 | O110: =L110-I110 -> 0 | P110: =N110-K110 -> -138.33913 | Q110: =N110/K110 -> 0.86166087 | S110: 0.34791667 | T110: 0.39446759 | U110: 18.983333 | V110: 67.033333 | AA110: =M110-J110 -> -415.0174 | AB110: =M110/J110 -> 0.86166087
B123: 平均 | I123: =AVERAGE(I107:I122) -> 3.75 | J123: =AVERAGE(J107:J122) -> 3150 | K123: =J123/I123 -> 840 | L123: =AVERAGE(L107:L122) -> 3.75 | M123: =AVERAGE(M107:M122) -> 2696.5 | N123: =M123/L123 -> 719.06666 | O123: =L123-I123 -> 0 | P123: =N123-K123 -> -120.93334 | Q123: =N123/K123 -> 0.85603173 | S123: =S107 -> 0.25013889 | T123: =INDEX(T107:T122,COUNTA(T107:T122)) -> 0.39446759 | AA123: =M123-J123 -> -453.50004 | AB123: =M123/J123 -> 0.85603173
A124: 自動包裝機 (二配) | B124: 18℃-壽司手卷 | C124: 二配雙饗雙手卷 | E124: 29.52 | F124: 2023 | G124: =E124*F124 -> 59718.96 | I124: 17 | J124: 3273 | K124: =J124/I124 -> 192.52941 | L124: 17 | M124: =F124/V124*60 -> 2802.1547 | N124: =M124/L124 -> 164.83263 | O124: =L124-I124 -> 0 | P124: =N124-K124 -> -27.696784 | Q124: =N124/K124 -> 0.85614258 | R124: =Q140 -> 0.85394352 | S124: 0.70833333 | T124: 0.73841435 | V124: 43.316667 | AA124: =M124-J124 -> -470.84533 | AB124: =M124/J124 -> 0.85614258 | AC124: =AB140 -> 0.85394352
B125: 18℃-壽司手卷 | C125: 二配海饌雙手卷 | E125: 29.85 | F125: 2031 | G125: =E125*F125 -> 60625.35 | I125: 17 | J125: 3273 | K125: =J125/I125 -> 192.52941 | L125: 17 | M125: =F125/V125*60 -> 2802.453 | N125: =M125/L125 -> 164.85018 | O125: =L125-I125 -> 0 | P125: =N125-K125 -> -27.679233 | Q125: =N125/K125 -> 0.85623374 | S125: 0.74236111 | T125: 0.77255787 | U125: 5.6833333 | V125: 43.483333 | AA125: =M125-J125 -> -470.54695 | AB125: =M125/J125 -> 0.85623374
B126: 18℃-飯糰 | C126: 二配兩粒飯糰(鮪魚&培根蛋沙拉) | E126: 28.57 | F126: 1738 | G126: =E126*F126 -> 49654.66 | I126: 13 | J126: 3600 | K126: =J126/I126 -> 276.92308 | L126: 13 | M126: =F126/V126*60 -> 3052.0976 | N126: =M126/L126 -> 234.77674 | O126: =L126-I126 -> 0 | P126: =N126-K126 -> -42.146341 | Q126: =N126/K126 -> 0.84780488 | S126: 0.77777778 | T126: 0.80150463 | U126: 7.5166667 | V126: 34.166667 | AA126: =M126-J126 -> -547.90244 | AB126: =M126/J126 -> 0.84780488
B127: 18℃-壽司手卷 | C127: 二配長野稻荷壽司 | E127: 25.64 | F127: 2009 | G127: =E127*F127 -> 51510.76 | I127: 11 | J127: 3000 | K127: =J127/I127 -> 272.72727 | L127: 11 | M127: =F127/V127*60 -> 2569.2362 | N127: =M127/L127 -> 233.56693 | O127: =L127-I127 -> 0 | P127: =N127-K127 -> -39.160342 | Q127: =N127/K127 -> 0.85641208 | S127: 0.80561343 | T127: 0.83819444 | U127: 5.9166667 | V127: 46.916667 | AA127: =M127-J127 -> -430.76377 | AB127: =M127/J127 -> 0.85641208
B140: 平均 | I140: =AVERAGE(I124:I139) -> 14.5 | J140: =AVERAGE(J124:J139) -> 3286.5 | K140: =J140/I140 -> 226.65517 | L140: =AVERAGE(L124:L139) -> 14.5 | M140: =AVERAGE(M124:M139) -> 2806.4854 | N140: =M140/L140 -> 193.55072 | O140: =L140-I140 -> 0 | P140: =N140-K140 -> -33.104457 | Q140: =N140/K140 -> 0.85394352 | S140: =S124 -> 0.70833333 | T140: =INDEX(T124:T139,COUNTA(T124:T139)) -> 0.83819444 | AA140: =M140-J140 -> -480.01462 | AB140: =M140/J140 -> 0.85394352
A141: 味付飯糰線B (二配) | B141: 18℃-飯糰 | C141: 二配經典肉鬆飯糰 | E141: 14.03 | F141: 9119 | G141: =E141*F141 -> 127939.57 | I141: 4 | J141: 2700 | K141: =J141/I141 -> 675 | L141: 4 | M141: =F141/V141*60 -> 2403.2504 | N141: =M141/L141 -> 600.81259 | O141: =L141-I141 -> 0 | P141: =N141-K141 -> -74.187408 | Q141: =N141/K141 -> 0.89009273 | R141: =Q157 -> 0.89009273 | S141: 0.70856481 | T141: 0.86666667 | V141: 227.66667 | AA141: =M141-J141 -> -296.74963 | AB141: =M141/J141 -> 0.89009273 | AC141: =AB157 -> 0.89009273
B157: 平均 | I157: =AVERAGE(I141:I156) -> 4 | J157: =AVERAGE(J141:J156) -> 2700 | K157: =J157/I157 -> 675 | L157: =AVERAGE(L141:L156) -> 4 | M157: =AVERAGE(M141:M156) -> 2403.2504 | N157: =M157/L157 -> 600.81259 | O157: =L157-I157 -> 0 | P157: =N157-K157 -> -74.187408 | Q157: =N157/K157 -> 0.89009273 | S157: =S141 -> 0.70856481 | T157: =INDEX(T141:T156,COUNTA(T141:T156)) -> 0.86666667 | AA157: =M157-J157 -> -296.74963 | AB157: =M157/J157 -> 0.89009273
A158: (舊) 3300型飯糰線 (二配) | B158: 18℃-飯糰 | C158: 二配大飯糰韓式炸雞 | E158: 27.58 | F158: 1486 | G158: =E158*F158 -> 40983.88 | I158: 4 | J158: 3000 | K158: =J158/I158 -> 750 | L158: 4 | M158: =F158/V158*60 -> 2531.7558 | N158: =M158/L158 -> 632.93895 | O158: =L158-I158 -> 0 | P158: =N158-K158 -> -117.06105 | Q158: =N158/K158 -> 0.8439186 | R158: =Q174 -> 0.85209483 | S158: 0.7083912 | T158: 0.73284722 | V158: 35.216667 | AA158: =M158-J158 -> -468.2442 | AB158: =M158/J158 -> 0.8439186 | AC158: =AB174 -> 0.85209483
B159: 18℃-飯糰 | C159: 二配大飯糰春川風味辣炒雞 | E159: 24.15 | F159: 1158 | G159: =E159*F159 -> 27965.7 | I159: 4 | J159: 3000 | K159: =J159/I159 -> 750 | L159: 4 | M159: =F159/V159*60 -> 2520.4353 | N159: =M159/L159 -> 630.10883 | O159: =L159-I159 -> 0 | P159: =N159-K159 -> -119.89117 | Q159: =N159/K159 -> 0.8401451 | S159: 0.73780093 | T159: 0.75694444 | U159: 7.1333333 | V159: 27.566667 | AA159: =M159-J159 -> -479.56469 | AB159: =M159/J159 -> 0.8401451
B160: 18℃-飯糰 | C160: 二配哇沙米魚卵沙拉飯糰 | E160: 15.71 | F160: 3295 | G160: =E160*F160 -> 51764.45 | I160: 3 | J160: 3300 | K160: =J160/I160 -> 1100 | L160: 3 | M160: =F160/V160*60 -> 2837.799 | N160: =M160/L160 -> 945.93301 | O160: =L160-I160 -> 0 | P160: =N160-K160 -> -154.06699 | Q160: =N160/K160 -> 0.8599391 | S160: 0.76203704 | T160: 0.81041667 | U160: 7.3333333 | V160: 69.666667 | AA160: =M160-J160 -> -462.20096 | AB160: =M160/J160 -> 0.8599391
B161: 18℃-飯糰 | C161: 二配鹽蔥燒肉飯糰 | E161: 17.89 | F161: 5575 | G161: =E161*F161 -> 99736.75 | I161: 4 | J161: 3300 | K161: =J161/I161 -> 825 | L161: 4 | M161: =F161/V161*60 -> 2846.4048 | N161: =M161/L161 -> 711.60119 | O161: =L161-I161 -> 0 | P161: =N161-K161 -> -113.39881 | Q161: =N161/K161 -> 0.8625469 | S161: 0.81491898 | T161: 0.89652778 | U161: 6.4833333 | V161: 117.51667 | AA161: =M161-J161 -> -453.59523 | AB161: =M161/J161 -> 0.8625469
B174: 平均 | I174: =AVERAGE(I158:I173) -> 3.75 | J174: =AVERAGE(J158:J173) -> 3150 | K174: =J174/I174 -> 840 | L174: =AVERAGE(L158:L173) -> 3.75 | M174: =AVERAGE(M158:M173) -> 2684.0987 | N174: =M174/L174 -> 715.75966 | O174: =L174-I174 -> 0 | P174: =N174-K174 -> -124.24034 | Q174: =N174/K174 -> 0.85209483 | S174: =S158 -> 0.7083912 | T174: =INDEX(T158:T173,COUNTA(T158:T173)) -> 0.89652778 | AA174: =M174-J174 -> -465.90127 | AB174: =M174/J174 -> 0.85209483
A175: (新) 3300型飯糰機 (二配) | B175: 18℃-飯糰 | C175: 二配壹號醬炙烤牛飯糰 | E175: 22.28 | F175: 1882 | G175: =E175*F175 -> 41930.96 | I175: 5 | J175: 3300 | K175: =J175/I175 -> 660 | L175: 5 | M175: =F175/V175*60 -> 2825.3545 | N175: =M175/L175 -> 565.07089 | O175: =L175-I175 -> 0 | P175: =N175-K175 -> -94.929108 | Q175: =N175/K175 -> 0.85616802 | R175: =Q191 -> 0.86066371 | S175: 0.70835648 | T175: 0.73611111 | V175: 39.966667 | AA175: =M175-J175 -> -474.64554 | AB175: =M175/J175 -> 0.85616802 | AC175: =AB191 -> 0.86066371
B176: 18℃-飯糰 | C176: 二配油蔥G絲飯糰 | E176: 18.18 | F176: 2114 | G176: =E176*F176 -> 38432.52 | I176: 4 | J176: 3300 | K176: =J176/I176 -> 825 | L176: 4 | M176: =F176/V176*60 -> 2835.4694 | N176: =M176/L176 -> 708.86736 | O176: =L176-I176 -> 0 | P176: =N176-K176 -> -116.13264 | Q176: =N176/K176 -> 0.85923317 | S176: 0.73907407 | T176: 0.77013889 | U176: 4.2666667 | V176: 44.733333 | AA176: =M176-J176 -> -464.53055 | AB176: =M176/J176 -> 0.85923317
B177: 18℃-飯糰 | C177: 二配雞肉飯飯糰 | E177: 16.66 | F177: 8472 | G177: =E177*F177 -> 141143.52 | I177: 4 | J177: 3300 | K177: =J177/I177 -> 825 | L177: 4 | M177: =F177/V177*60 -> 2859.7468 | N177: =M177/L177 -> 714.93671 | O177: =L177-I177 -> 0 | P177: =N177-K177 -> -110.06329 | Q177: =N177/K177 -> 0.86658995 | S177: 0.77517361 | T177: 0.89861111 | U177: 7.25 | V177: 177.75 | AA177: =M177-J177 -> -440.25316 | AB177: =M177/J177 -> 0.86658995
B191: 平均 | I191: =AVERAGE(I175:I190) -> 4.3333333 | J191: =AVERAGE(J175:J190) -> 3300 | K191: =J191/I191 -> 761.53846 | L191: =AVERAGE(L175:L190) -> 4.3333333 | M191: =AVERAGE(M175:M190) -> 2840.1902 | N191: =M191/L191 -> 655.42852 | O191: =L191-I191 -> 0 | P191: =N191-K191 -> -106.10994 | Q191: =N191/K191 -> 0.86066371 | S191: =S175 -> 0.70835648 | T191: =INDEX(T175:T190,COUNTA(T175:T190)) -> 0.89861111 | AA191: =M191-J191 -> -459.80975 | AB191: =M191/J191 -> 0.86066371
A192: GKK3600型 飯糰機 (二配) | B192: 18℃-飯糰 | C192: 二配芝麻香鬆飯糰 | E192: 18.18 | F192: 2564 | G192: =E192*F192 -> 46613.52 | I192: 4 | J192: 3000 | K192: =J192/I192 -> 750 | L192: 4 | M192: =F192/V192*60 -> 2581.9301 | N192: =M192/L192 -> 645.48252 | O192: =L192-I192 -> 0 | P192: =N192-K192 -> -104.51748 | Q192: =N192/K192 -> 0.86064336 | R192: =Q208 -> 0.84480409 | S192: 0.70862269 | T192: 0.75 | V192: 59.583333 | AA192: =M192-J192 -> -418.06993 | AB192: =M192/J192 -> 0.86064336 | AC192: =AB208 -> 0.84480409
B193: 18℃-飯糰 | C193: 二配鮪魚飯糰 | E193: 14.28 | F193: 6004 | G193: =E193*F193 -> 85737.12 | H193: 2 | I193: 3 | J193: 3600 | K193: =J193/I193 -> 1200 | L193: 3 | M193: =F193/V193*60 -> 3020.8805 | N193: =M193/L193 -> 1006.9602 | O193: =L193-I193 -> 0 | P193: =N193-K193 -> -193.03983 | Q193: =N193/K193 -> 0.83913347 | S193: 0.76180556 | T193: 0.84461806 | U193: 17 | V193: 119.25 | W193: 0.84461806 | X193: 0.8994213 | AA193: =M193-J193 -> -579.1195 | AB193: =M193/J193 -> 0.83913347
B194: 18℃-飯糰 | C194: 二配鮪魚飯糰 | E194: 14.28 | F194: 4425 | G194: =E194*F194 -> 63189 | I194: 3 | J194: 3600 | K194: =J194/I194 -> 1200 | L194: 3 | M194: =F194/V194*60 -> 3014.1911 | N194: =M194/L194 -> 1004.7304 | O194: =L194-I194 -> 0 | P194: =N194-K194 -> -195.26963 | Q194: =N194/K194 -> 0.83727531 | S194: 0.8994213 | T194: 0.96059028 | U194: 78.916667 | V194: 88.083333 | AA194: =M194-J194 -> -585.80889 | AB194: =M194/J194 -> 0.83727531
B208: 平均 | I208: =AVERAGE(I192:I207) -> 3.3333333 | J208: =AVERAGE(J192:J207) -> 3400 | K208: =J208/I208 -> 1020 | L208: =AVERAGE(L192:L207) -> 3.3333333 | M208: =AVERAGE(M192:M207) -> 2872.3339 | N208: =M208/L208 -> 861.70017 | O208: =L208-I208 -> 0 | P208: =N208-K208 -> -158.29983 | Q208: =N208/K208 -> 0.84480409 | S208: =S192 -> 0.70862269 | T208: =INDEX(T192:T207,COUNTA(T192:T207)) -> 0.96059028 | AA208: =M208-J208 -> -527.66611 | AB208: =M208/J208 -> 0.84480409
A209: GKK3600型 飯糰機2 (二配) | B209: 18℃-飯糰 | C209: 二配明太子龍蝦風味沙拉飯糰 | E209: 18.18 | F209: 123 | G209: =E209*F209 -> 2236.14 | H209: 2 | I209: 3 | J209: 3600 | K209: =J209/I209 -> 1200 | L209: 3 | M209: =F209/V209*60 -> 2971.8121 | N209: =M209/L209 -> 990.60403 | O209: =L209-I209 -> 0 | P209: =N209-K209 -> -209.39597 | Q209: =N209/K209 -> 0.82550336 | R209: =Q225 -> 0.84017126 | S209: 0.70833333 | T209: 0.71005787 | V209: 2.4833333 | AA209: =M209-J209 -> -628.18792 | AB209: =M209/J209 -> 0.82550336 | AC209: =AB225 -> 0.84017126
B210: 18℃-飯糰 | C210: 二配蔬食鮪魚飯糰 | E210: 18.18 | F210: 2436 | G210: =E210*F210 -> 44286.48 | I210: 3 | J210: 3600 | K210: =J210/I210 -> 1200 | L210: 3 | M210: =F210/V210*60 -> 2997.1292 | N210: =M210/L210 -> 999.04306 | O210: =L210-I210 -> 0 | P210: =N210-K210 -> -200.95694 | Q210: =N210/K210 -> 0.83253589 | S210: 0.72377315 | T210: 0.75763889 | U210: 19.75 | V210: 48.766667 | AA210: =M210-J210 -> -602.87081 | AB210: =M210/J210 -> 0.83253589
B211: 18℃-飯糰 | C211: 二配北海道秋鮭親子飯糰 | E211: 24.83 | F211: 3165 | G211: =E211*F211 -> 78586.95 | I211: 4 | J211: 3300 | K211: =J211/I211 -> 825 | L211: 4 | M211: =F211/V211*60 -> 2827.2953 | N211: =M211/L211 -> 706.82382 | O211: =L211-I211 -> 0 | P211: =N211-K211 -> -118.17618 | Q211: =N211/K211 -> 0.85675615 | S211: 0.77152778 | T211: 0.8181713 | U211: 20 | V211: 67.166667 | AA211: =M211-J211 -> -472.70471 | AB211: =M211/J211 -> 0.85675615
B212: 18℃-飯糰 | C212: 二配熟成紅鮭飯糰 | E212: 25.03 | F212: 2438 | G212: =E212*F212 -> 61023.14 | I212: 4 | J212: 3300 | K212: =J212/I212 -> 825 | L212: 4 | M212: =F212/V212*60 -> 2822.1222 | N212: =M212/L212 -> 705.53055 | O212: =L212-I212 -> 0 | P212: =N212-K212 -> -119.46945 | Q212: =N212/K212 -> 0.85518854 | S212: 0.82858796 | T212: 0.86458333 | U212: 15 | V212: 51.833333 | W212: 0.86458333 | X212: 0.91875 | AA212: =M212-J212 -> -477.87781 | AB212: =M212/J212 -> 0.85518854
B213: 18℃-飯糰 | C213: 二配明太子龍蝦風味沙拉飯糰 | E213: 18.18 | F213: 4025 | G213: =E213*F213 -> 73174.5 | I213: 3 | J213: 3600 | K213: =J213/I213 -> 1200 | L213: 3 | M213: =F213/V213*60 -> 3000.6212 | N213: =M213/L213 -> 1000.2071 | O213: =L213-I213 -> 0 | P213: =N213-K213 -> -199.79292 | Q213: =N213/K213 -> 0.8335059 | S213: 0.91875 | T213: 0.9746412 | U213: 78 | V213: 80.483333 | AA213: =M213-J213 -> -599.37875 | AB213: =M213/J213 -> 0.8335059
B225: 平均 | I225: =AVERAGE(I209:I224) -> 3.4 | J225: =AVERAGE(J209:J224) -> 3480 | K225: =J225/I225 -> 1023.5294 | L225: =AVERAGE(L209:L224) -> 3.4 | M225: =AVERAGE(M209:M224) -> 2923.796 | N225: =M225/L225 -> 859.94 | O225: =L225-I225 -> 0 | P225: =N225-K225 -> -163.58941 | Q225: =N225/K225 -> 0.84017126 | S225: =S209 -> 0.70833333 | T225: =INDEX(T209:T224,COUNTA(T209:T224)) -> 0.9746412 | AA225: =M225-J225 -> -556.204 | AB225: =M225/J225 -> 0.84017126
Y227: 原因回覆
Y228: 1.當日出勤人數較多
Y229: 2.當日出勤人數較少
Y230: 3.當日出勤熟手較多
Y231: 4.當日出勤新人較多
Y232: 5.機台夾盒
Y233: 6.封膜不順
Y234: 7.更換膠膜
Y235: 8.更換碳帶
Y236: 9.當日熱轉印碳帶異常
Y237: 10.訂單量過少
Y238: 11.新品上市，尚未熟悉
Y239: 12.活動期間品項需貼標

Sheet 0830(4度C)
A1: 大溪廠日報分析 | C1: 總生產量 | D1: =SUM(F5:F157) -> 95063 | E1: 營業額 | F1: =SUM(G5:G157) -> 4075675.9 | G1: 出勤人數 | H1: =L21+L38+L55+L72+L89+L106+L123+L140+L157 -> 171.00833 | I1: 產線配置圖 | L1: 生產實績 | O1: 人時性差異分析 | S1: 日報登錄 | Y1: 分析說明 | AA1: 產能差異分析
A2: 45899 | C2: 人時性 | D2: =AVERAGE(N21,N38,N55,N72,N89,N106,N123,N140,N157) -> 134.43482 | E2: 平均廠價 | F2: =F1/D1 -> 42.873419 | G2: 多次生產數 | H2: =COUNT(H5:H157) -> 0
A3: 線別 | B3: 品類 | C3: 品名 | E3: 廠價 | F3: 生產量 | G3: 營收 | H3: 多次 生產 | I3: 人數 | J3: 產能/時 | K3: 人時性 | L3: 人數 | M3: 產能/時 | N3: 人時性 | O3: 人數 | P3: 人時性 | Q3: 達成率 | R3: 達成率 平均 | S3: 生產時間 | U3: 換線、休息/分 | V3: 稼動時間/分 | W3: 休息時間 | Y3: (屏榮回填) | AA3: 產能/時 | AB3: 達成率 | AC3: 達成率平均
S4: 開始 | T4: 結束 | W4: 開始 | X4: 結束
A5: 便當一線 | B5: 微波小吃 | C5: 日式茶碗蒸 | E5: 19.7 | F5: 3471 | G5: =E5*F5 -> 68378.7 | I5: 13 | J5: 1200 | K5: =J5/I5 -> 92.307692 | L5: 13 | M5: =F5/V5*60 -> 1059.9372 | N5: =M5/L5 -> 81.533633 | O5: =L5-I5 -> 0 | P5: =N5-K5 -> -10.774059 | Q5: =N5/K5 -> 0.88328102 | R5: =Q21 -> 0.87528627 | S5: 0.29166667 | T5: 0.42811343 | V5: 196.48333 | AA5: =M5-J5 -> -140.06277 | AB5: =M5/J5 -> 0.88328102 | AC5: =AB21 -> 0.87528627
B6: 4℃-飯糰 | C6: 麻油雞飯糰 | E6: 29.97 | F6: 1789 | G6: =E6*F6 -> 53616.33 | I6: 20 | J6: 2600 | K6: =J6/I6 -> 130 | L6: 20 | M6: =F6/V6*60 -> 2266.1506 | N6: =M6/L6 -> 113.30753 | O6: =L6-I6 -> 0 | P6: =N6-K6 -> -16.69247 | Q6: =N6/K6 -> 0.87159638 | S6: 0.54305556 | T6: 0.57594907 | U6: 56.983333 | V6: 47.366667 | AA6: =M6-J6 -> -333.8494 | AB6: =M6/J6 -> 0.87159638
B21: 平均 | I21: =AVERAGE(I5:I20) -> 16.5 | J21: =AVERAGE(J5:J20) -> 1900 | K21: =J21/I21 -> 115.15152 | L21: =AVERAGE(L5:L20) -> 16.5 | M21: =AVERAGE(M5:M20) -> 1663.0439 | N21: =M21/L21 -> 100.79054 | O21: =L21-I21 -> 0 | P21: =N21-K21 -> -14.360975 | Q21: =N21/K21 -> 0.87528627 | S21: =S5 -> 0.29166667 | T21: =INDEX(T5:T20,COUNTA(T5:T20)) -> 0.57594907 | AA21: =M21-J21 -> -236.95609 | AB21: =M21/J21 -> 0.87528627
A22: 便當二線 | B22: 便當 | C22: 鰻牛雙饗匠食盒 | E22: 71.88 | F22: 1405 | G22: =E22*F22 -> 100991.4 | I22: 26 | J22: 2000 | K22: =J22/I22 -> 76.923077 | L22: 26 | M22: =F22/V22*60 -> 1702.4571 | N22: =M22/L22 -> 65.479119 | O22: =L22-I22 -> 0 | P22: =N22-K22 -> -11.443958 | Q22: =N22/K22 -> 0.85122854 | R22: =Q38 -> 0.8563066 | S22: 0.25033565 | T22: 0.28472222 | V22: 49.516667 | AA22: =M22-J22 -> -297.54291 | AB22: =M22/J22 -> 0.85122854 | AC22: =AB38 -> 0.8563066
B23: 微波主食 | C23: 糖燻野郎三十天熟成牛飯 | E23: 56.77 | F23: 3656 | G23: =E23*F23 -> 207551.12 | I23: 26 | J23: 2000 | K23: =J23/I23 -> 76.923077 | L23: 26 | M23: =F23/V23*60 -> 1742.3352 | N23: =M23/L23 -> 67.012892 | O23: =L23-I23 -> 0 | P23: =N23-K23 -> -9.9101851 | Q23: =N23/K23 -> 0.87116759 | S23: 0.28826389 | T23: 0.37569444 | U23: 5.1 | V23: 125.9 | AA23: =M23-J23 -> -257.66481 | AB23: =M23/J23 -> 0.87116759
B24: 微波主食 | C24: 柚見極炙烤牛 | E24: 57.3 | F24: 1286 | G24: =E24*F24 -> 73687.8 | I24: 26 | J24: 2000 | K24: =J24/I24 -> 76.923077 | L24: 26 | M24: =F24/V24*60 -> 1702.0588 | N24: =M24/L24 -> 65.463801 | O24: =L24-I24 -> 0 | P24: =N24-K24 -> -11.459276 | Q24: =N24/K24 -> 0.85102941 | S24: 0.37916667 | T24: 0.41064815 | U24: 5 | V24: 45.333333 | AA24: =M24-J24 -> -297.94118 | AB24: =M24/J24 -> 0.85102941
B25: 微波主食 | C25: 蒜蒜燒豚飯 | E25: 51.86 | F25: 1416 | G25: =E25*F25 -> 73433.76 | I25: 26 | J25: 2000 | K25: =J25/I25 -> 76.923077 | L25: 26 | M25: =F25/V25*60 -> 1704.8829 | N25: =M25/L25 -> 65.572421 | O25: =L25-I25 -> 0 | P25: =N25-K25 -> -11.350656 | Q25: =N25/K25 -> 0.85244147 | S25: 0.41539352 | T25: 0.45 | U25: 6.8333333 | V25: 49.833333 | W25: 0.45 | X25: 0.4890625 | AA25: =M25-J25 -> -295.11706 | AB25: =M25/J25 -> 0.85244147
B26: 微波主食 | C26: 壹號醬雞豚雙拼 | E26: 56.43 | F26: 2193 | G26: =E26*F26 -> 123750.99 | I26: 22 | J26: 2000 | K26: =J26/I26 -> 90.909091 | L26: 22 | M26: =F26/V26*60 -> 1714.3974 | N26: =M26/L26 -> 77.927154 | O26: =L26-I26 -> 0 | P26: =N26-K26 -> -12.981937 | Q26: =N26/K26 -> 0.8571987 | S26: 0.4890625 | T26: 0.54236111 | U26: 56.25 | V26: 76.75 | AA26: =M26-J26 -> -285.60261 | AB26: =M26/J26 -> 0.8571987
B27: 微波主食 | C27: 姨次滿足熟成牛豚雙拼 | E27: 57.3 | F27: 1701 | G27: =E27*F27 -> 97467.3 | I27: 25 | J27: 2000 | K27: =J27/I27 -> 80 | L27: 25 | M27: =F27/V27*60 -> 1709.5477 | N27: =M27/L27 -> 68.38191 | O27: =L27-I27 -> 0 | P27: =N27-K27 -> -11.61809 | Q27: =N27/K27 -> 0.85477387 | S27: 0.54604167 | T27: 0.5875 | U27: 5.3 | V27: 59.7 | AA27: =M27-J27 -> -290.45226 | AB27: =M27/J27 -> 0.85477387
AQ29: =AI8 -> 0
B38: 平均 | I38: =AVERAGE(I22:I37) -> 25.166667 | J38: =AVERAGE(J22:J37) -> 2000 | K38: =J38/I38 -> 79.470199 | L38: =AVERAGE(L22:L37) -> 25.166667 | M38: =AVERAGE(M22:M37) -> 1712.6132 | N38: =M38/L38 -> 68.050855 | O38: =L38-I38 -> 0 | P38: =N38-K38 -> -11.419343 | Q38: =N38/K38 -> 0.8563066 | S38: =S22 -> 0.25033565 | T38: =INDEX(T22:T37,COUNTA(T22:T37)) -> 0.5875 | AA38: =M38-J38 -> -287.3868 | AB38: =M38/J38 -> 0.8563066
A39: 涼麵一線 | B39: 熱食義麵 | C39: 金沙豆腐細扁麵 | E39: 49.52 | F39: 1837 | G39: =E39*F39 -> 90968.24 | I39: 24 | J39: 2000 | K39: =J39/I39 -> 83.333333 | L39: 24 | M39: =F39/V39*60 -> 1716.8224 | N39: =M39/L39 -> 71.534268 | O39: =L39-I39 -> 0 | P39: =N39-K39 -> -11.799065 | Q39: =N39/K39 -> 0.85841121 | R39: =Q55 -> 0.85967138 | S39: 0.33333333 | T39: 0.37791667 | V39: 64.2 | AA39: =M39-J39 -> -283.17757 | AB39: =M39/J39 -> 0.85841121 | AC39: =AB55 -> 0.85967138
B40: 微波小吃 | C40: 越式牛肉寬粉 | E40: 51.82 | F40: 2022 | G40: =E40*F40 -> 104780.04 | I40: 23 | J40: 1800 | K40: =J40/I40 -> 78.26087 | L40: 23 | M40: =F40/V40*60 -> 1545.1496 | N40: =M40/L40 -> 67.18042 | O40: =L40-I40 -> 0 | P40: =N40-K40 -> -11.08045 | Q40: =N40/K40 -> 0.85841647 | S40: 0.38297454 | T40: 0.4375 | U40: 7.2833333 | V40: 78.516667 | AA40: =M40-J40 -> -254.85035 | AB40: =M40/J40 -> 0.85841647
B41: 便當 | C41: 美式雞丁餐盒 | E41: 59.34 | F41: 1699 | G41: =E41*F41 -> 100818.66 | I41: 24 | J41: 2000 | K41: =J41/I41 -> 83.333333 | L41: 24 | M41: =F41/V41*60 -> 1715.6802 | N41: =M41/L41 -> 71.486676 | O41: =L41-I41 -> 0 | P41: =N41-K41 -> -11.846657 | Q41: =N41/K41 -> 0.85784011 | S41: 0.44027778 | T41: 0.48153935 | U41: 4 | V41: 59.416667 | W41: 0.48153935 | X41: 0.52222222 | AA41: =M41-J41 -> -284.31978 | AB41: =M41/J41 -> 0.85784011
B42: 便當 | C42: 烤蛋白餐盒 | E42: 58.67 | F42: 3206 | G42: =E42*F42 -> 188096.02 | I42: 24 | J42: 2000 | K42: =J42/I42 -> 83.333333 | L42: 24 | M42: =F42/V42*60 -> 1727.7844 | N42: =M42/L42 -> 71.991018 | O42: =L42-I42 -> 0 | P42: =N42-K42 -> -11.342315 | Q42: =N42/K42 -> 0.86389222 | S42: 0.52222222 | T42: 0.59953704 | U42: 58.583333 | V42: 111.33333 | AA42: =M42-J42 -> -272.21557 | AB42: =M42/J42 -> 0.86389222
B55: 平均 | I55: =AVERAGE(I39:I54) -> 23.75 | J55: =AVERAGE(J39:J54) -> 1950 | K55: =J55/I55 -> 82.105263 | L55: =AVERAGE(L39:L54) -> 23.75 | M55: =AVERAGE(M39:M54) -> 1676.3592 | N55: =M55/L55 -> 70.583545 | O55: =L55-I55 -> 0 | P55: =N55-K55 -> -11.521719 | Q55: =N55/K55 -> 0.85967138 | S55: =S39 -> 0.33333333 | T55: =INDEX(T39:T54,COUNTA(T39:T54)) -> 0.59953704 | AA55: =M55-J55 -> -273.64082 | AB55: =M55/J55 -> 0.85967138
A56: 涼麵二線 | B56: 便當 | C56: 經典滷肉飯 | E56: 47.37 | F56: 1599 | G56: =E56*F56 -> 75744.63 | I56: 21 | J56: 2000 | K56: =J56/I56 -> 95.238095 | L56: 21 | M56: =F56/V56*60 -> 1706.6113 | N56: =M56/L56 -> 81.267206 | O56: =L56-I56 -> 0 | P56: =N56-K56 -> -13.970889 | Q56: =N56/K56 -> 0.85330566 | R56: =Q72 -> 0.85891368 | S56: 0.33333333 | T56: 0.37237269 | V56: 56.216667 | AA56: =M56-J56 -> -293.38867 | AB56: =M56/J56 -> 0.85330566 | AC56: =AB72 -> 0.85891368
B57: 便當 | C57: 一口滷魂便當 | E57: 53.37 | F57: 827 | G57: =E57*F57 -> 44136.99 | I57: 25 | J57: 2000 | K57: =J57/I57 -> 80 | L57: 25 | M57: =F57/V57*60 -> 1698.3457 | N57: =M57/L57 -> 67.933828 | O57: =L57-I57 -> 0 | P57: =N57-K57 -> -12.066172 | Q57: =N57/K57 -> 0.84917285 | S57: 0.37569444 | T57: 0.3959838 | U57: 4.7833333 | V57: 29.216667 | AA57: =M57-J57 -> -301.65431 | AB57: =M57/J57 -> 0.84917285
B58: 便當 | C58: 嫩烤香料雞胸排蔬滿盒 | E58: 77.34 | F58: 2190 | G58: =E58*F58 -> 169374.6 | I58: 25 | J58: 2000 | K58: =J58/I58 -> 80 | L58: 25 | M58: =F58/V58*60 -> 1717.2729 | N58: =M58/L58 -> 68.690917 | O58: =L58-I58 -> 0 | P58: =N58-K58 -> -11.309083 | Q58: =N58/K58 -> 0.85863646 | S58: 0.40103009 | T58: 0.45416667 | U58: 7.2666667 | V58: 76.516667 | W58: 0.45416667 | X58: 0.49236111 | AA58: =M58-J58 -> -282.72707 | AB58: =M58/J58 -> 0.85863646
B59: 便當 | C59: 健身G肉餐盒 | E59: 59.52 | F59: 4328 | G59: =E59*F59 -> 257602.56 | I59: 25 | J59: 2000 | K59: =J59/I59 -> 80 | L59: 25 | M59: =F59/V59*60 -> 1749.0795 | N59: =M59/L59 -> 69.963179 | O59: =L59-I59 -> 0 | P59: =N59-K59 -> -10.036821 | Q59: =N59/K59 -> 0.87453974 | S59: 0.49236111 | T59: 0.59546296 | U59: 55 | V59: 148.46667 | AA59: =M59-J59 -> -250.92052 | AB59: =M59/J59 -> 0.87453974
B72: 平均 | I72: =AVERAGE(I56:I71) -> 24 | J72: =AVERAGE(J56:J71) -> 2000 | K72: =J72/I72 -> 83.333333 | L72: =AVERAGE(L56:L71) -> 24 | M72: =AVERAGE(M56:M71) -> 1717.8274 | N72: =M72/L72 -> 71.57614 | O72: =L72-I72 -> 0 | P72: =N72-K72 -> -11.757194 | Q72: =N72/K72 -> 0.85891368 | S72: =S56 -> 0.33333333 | T72: =INDEX(T56:T71,COUNTA(T56:T71)) -> 0.59546296 | AA72: =M72-J72 -> -282.17264 | AB72: =M72/J72 -> 0.85891368
A73: 涼麵三線 | B73: 季節調理麵 | C73: 椒麻香蔥雞涼拌麵 | E73: 37.94 | F73: 4198 | G73: =E73*F73 -> 159272.12 | I73: 21 | J73: 3600 | K73: =J73/I73 -> 171.42857 | L73: 21 | M73: =F73/V73*60 -> 3010.5179 | N73: =M73/L73 -> 143.358 | O73: =L73-I73 -> 0 | P73: =N73-K73 -> -28.070575 | Q73: =N73/K73 -> 0.83625498 | R73: =Q89 -> 0.85336816 | S73: 0.16689815 | T73: 0.225 | V73: 83.666667 | AA73: =M73-J73 -> -589.48207 | AB73: =M73/J73 -> 0.83625498 | AC73: =AB89 -> 0.85336816
B74: 季節調理麵 | C74: 酸辣麻醬細冷麵 | E74: 32.06 | F74: 2637 | G74: =E74*F74 -> 84542.22 | I74: 21 | J74: 3600 | K74: =J74/I74 -> 171.42857 | L74: 21 | M74: =F74/V74*60 -> 3004.1772 | N74: =M74/L74 -> 143.05606 | O74: =L74-I74 -> 0 | P74: =N74-K74 -> -28.372514 | Q74: =N74/K74 -> 0.83449367 | S74: 0.23148148 | T74: 0.26805556 | U74: 9.3333333 | V74: 52.666667 | AA74: =M74-J74 -> -595.82278 | AB74: =M74/J74 -> 0.83449367
B75: 季節調理麵 | C75: 和風涓絲冷麵 | E75: 28.29 | F75: 4041 | G75: =E75*F75 -> 114319.89 | I75: 19 | J75: 3600 | K75: =J75/I75 -> 189.47368 | L75: 19 | M75: =F75/V75*60 -> 3009.4332 | N75: =M75/L75 -> 158.39122 | O75: =L75-I75 -> 0 | P75: =N75-K75 -> -31.082464 | Q75: =N75/K75 -> 0.83595366 | S75: 0.27252315 | T75: 0.32847222 | U75: 6.4333333 | V75: 80.566667 | AA75: =M75-J75 -> -590.56682 | AB75: =M75/J75 -> 0.83595366
B76: 季節調理麵 | C76: 芝麻鰹魚烏龍冷麵 | E76: 38.99 | F76: 2306 | G76: =E76*F76 -> 89910.94 | I76: 19 | J76: 3600 | K76: =J76/I76 -> 189.47368 | L76: 19 | M76: =F76/V76*60 -> 2994.8052 | N76: =M76/L76 -> 157.62133 | O76: =L76-I76 -> 0 | P76: =N76-K76 -> -31.852358 | Q76: =N76/K76 -> 0.83189033 | S76: 0.33263889 | T76: 0.36472222 | U76: 6 | V76: 46.2 | AA76: =M76-J76 -> -605.19481 | AB76: =M76/J76 -> 0.83189033
B77: 季節調理麵 | C77: 台式麻醬涼麵 | E77: 31.27 | F77: 3542 | G77: =E77*F77 -> 110758.34 | I77: 19 | J77: 3600 | K77: =J77/I77 -> 189.47368 | L77: 19 | M77: =F77/V77*60 -> 3004.524 | N77: =M77/L77 -> 158.13284 | O77: =L77-I77 -> 0 | P77: =N77-K77 -> -31.34084 | Q77: =N77/K77 -> 0.83459001 | S77: 0.36962963 | T77: 0.41875 | U77: 7.0666667 | V77: 70.733333 | AA77: =M77-J77 -> -595.47597 | AB77: =M77/J77 -> 0.83459001
B78: 季節調理麵 | C78: 日式蕎麥沾麵 | E78: 36.86 | F78: 3196 | G78: =E78*F78 -> 117804.56 | I78: 21 | J78: 3600 | K78: =J78/I78 -> 171.42857 | L78: 21 | M78: =F78/V78*60 -> 3178.3425 | N78: =M78/L78 -> 151.34964 | O78: =L78-I78 -> 0 | P78: =N78-K78 -> -20.078927 | Q78: =N78/K78 -> 0.88287293 | S78: 0.42291667 | T78: 0.46481481 | U78: 6 | V78: 60.333333 | W78: 0.46481481 | X78: 0.50694444 | AA78: =M78-J78 -> -421.65746 | AB78: =M78/J78 -> 0.88287293
B79: 季節調理麵 | C79: 大滿足香辣涼麵 | E79: 38.63 | F79: 4834 | G79: =E79*F79 -> 186737.42 | I79: 20 | J79: 3600 | K79: =J79/I79 -> 180 | L79: 20 | M79: =F79/V79*60 -> 3186.0857 | N79: =M79/L79 -> 159.30428 | O79: =L79-I79 -> 0 | P79: =N79-K79 -> -20.695716 | Q79: =N79/K79 -> 0.8850238 | S79: 0.50694444 | T79: 0.57016204 | U79: 60.666667 | V79: 91.033333 | AA79: =M79-J79 -> -413.91432 | AB79: =M79/J79 -> 0.8850238
B80: 季節調理麵 | C80: 大滿足麻醬涼麵 | E80: 38 | F80: 6512 | G80: =E80*F80 -> 247456 | I80: 21 | J80: 3600 | K80: =J80/I80 -> 171.42857 | L80: 21 | M80: =F80/V80*60 -> 3189.1171 | N80: =M80/L80 -> 151.86272 | O80: =L80-I80 -> 0 | P80: =N80-K80 -> -19.565851 | Q80: =N80/K80 -> 0.88586587 | S80: 0.57394676 | T80: 0.65902778 | U80: 5.45 | V80: 122.51667 | AA80: =M80-J80 -> -410.88287 | AB80: =M80/J80 -> 0.88586587
B89: 平均 | I89: =AVERAGE(I73:I88) -> 20.125 | J89: =AVERAGE(J73:J88) -> 3600 | K89: =J89/I89 -> 178.88199 | L89: =AVERAGE(L73:L88) -> 20.125 | M89: =AVERAGE(M73:M88) -> 3072.1254 | N89: =M89/L89 -> 152.65219 | O89: =L89-I89 -> 0 | P89: =N89-K89 -> -26.229796 | Q89: =N89/K89 -> 0.85336816 | S89: =S73 -> 0.16689815 | T89: =INDEX(T73:T88,COUNTA(T73:T88)) -> 0.65902778 | AA89: =M89-J89 -> -527.87464 | AB89: =M89/J89 -> 0.85336816
A90: 自動包裝機 | B90: 4℃-飯糰 | C90: 大口蒜味香腸燒肉雙拼飯糰 | E90: 34.23 | F90: 1537 | G90: =E90*F90 -> 52611.51 | I90: 16 | J90: 3000 | K90: =J90/I90 -> 187.5 | L90: 16 | M90: =F90/V90*60 -> 2555.7506 | N90: =M90/L90 -> 159.73441 | O90: =L90-I90 -> 0 | P90: =N90-K90 -> -27.765589 | Q90: =N90/K90 -> 0.85191686 | R90: =Q106 -> 0.85923961 | S90: 0.25 | T90: 0.27505787 | V90: 36.083333 | AA90: =M90-J90 -> -444.24942 | AB90: =M90/J90 -> 0.85191686 | AC90: =AB106 -> 0.85923961
B91: 4℃-飯糰 | C91: 大口花椒香麻雞飯糰 | E91: 34.77 | F91: 1242 | G91: =E91*F91 -> 43184.34 | I91: 11 | J91: 3000 | K91: =J91/I91 -> 272.72727 | L91: 11 | M91: =F91/V91*60 -> 2549.1448 | N91: =M91/L91 -> 231.74044 | O91: =L91-I91 -> 0 | P91: =N91-K91 -> -40.986835 | Q91: =N91/K91 -> 0.84971494 | S91: 0.27916667 | T91: 0.29946759 | U91: 5.9166667 | V91: 29.233333 | AA91: =M91-J91 -> -450.85519 | AB91: =M91/J91 -> 0.84971494
B92: 4℃-飯糰 | C92: 霜降和牛飯糰 | E92: 26.63 | F92: 1680 | G92: =E92*F92 -> 44738.4 | I92: 9 | J92: 2600 | K92: =J92/I92 -> 288.88889 | L92: 9 | M92: =F92/V92*60 -> 2227.6243 | N92: =M92/L92 -> 247.51381 | O92: =L92-I92 -> 0 | P92: =N92-K92 -> -41.375077 | Q92: =N92/K92 -> 0.85677858 | S92: 0.36597222 | T92: 0.39739583 | U92: 4.7833333 | V92: 45.25 | AA92: =M92-J92 -> -372.37569 | AB92: =M92/J92 -> 0.85677858
B93: 4℃-飯糰 | C93: 大口法式蕈菇起司雞排飯糰 | E93: 35.83 | F93: 4060 | G93: =E93*F93 -> 145469.8 | I93: 12 | J93: 3273 | K93: =J93/I93 -> 272.75 | L93: 12 | M93: =F93/V93*60 -> 2844.6866 | N93: =M93/L93 -> 237.05722 | O93: =L93-I93 -> 0 | P93: =N93-K93 -> -35.692779 | Q93: =N93/K93 -> 0.86913738 | S93: 0.40303241 | T93: 0.4625 | U93: 8.1166667 | V93: 85.633333 | W93: 0.4625 | X93: 0.50277778 | AA93: =M93-J93 -> -428.31335 | AB93: =M93/J93 -> 0.86913738
B94: 4℃-飯糰 | C94: 大口義式香草雞腿排飯糰 | E94: 36.41 | F94: 3089 | G94: =E94*F94 -> 112470.49 | I94: 11 | J94: 3273 | K94: =J94/I94 -> 297.54545 | L94: 11 | M94: =F94/V94*60 -> 2836.8367 | N94: =M94/L94 -> 257.89425 | O94: =L94-I94 -> 0 | P94: =N94-K94 -> -39.651206 | Q94: =N94/K94 -> 0.866739 | S94: 0.50277778 | T94: 0.54814815 | U94: 58 | V94: 65.333333 | AA94: =M94-J94 -> -436.16327 | AB94: =M94/J94 -> 0.866739
B106: 平均 | I106: =AVERAGE(I90:I105) -> 11.8 | J106: =AVERAGE(J90:J105) -> 3029.2 | K106: =J106/I106 -> 256.71186 | L106: =AVERAGE(L90:L105) -> 11.8 | M106: =AVERAGE(M90:M105) -> 2602.8086 | N106: =M106/L106 -> 220.577 | O106: =L106-I106 -> 0 | P106: =N106-K106 -> -36.134863 | Q106: =N106/K106 -> 0.85923961 | S106: =S90 -> 0.25 | T106: =INDEX(T90:T105,COUNTA(T90:T105)) -> 0.54814815 | AA106: =M106-J106 -> -426.39138 | AB106: =M106/J106 -> 0.85923961
A107: 自動包裝機3 | B107: 4℃-壽司手卷 | C107: 日式明太子炙烤牛飯卷 | E107: 26.63 | F107: 718 | G107: =E107*F107 -> 19120.34 | I107: 6 | J107: 2600 | K107: =J107/I107 -> 433.33333 | L107: 6 | M107: =F107/V107*60 -> 2181.2658 | N107: =M107/L107 -> 363.5443 | O107: =L107-I107 -> 0 | P107: =N107-K107 -> -69.78903 | Q107: =N107/K107 -> 0.83894839 | R107: =Q123 -> 0.84997272 | S107: 0.30017361 | T107: 0.31388889 | V107: 19.75 | AA107: =M107-J107 -> -418.73418 | AB107: =M107/J107 -> 0.83894839 | AC107: =AB123 -> 0.84997272
B108: 4℃-壽司手卷 | C108: 壽喜燒和牛飯卷 | E108: 30.6 | F108: 2097 | G108: =E108*F108 -> 64168.2 | I108: 6 | J108: 2600 | K108: =J108/I108 -> 433.33333 | L108: 6 | M108: =F108/V108*60 -> 2234.8135 | N108: =M108/L108 -> 372.46892 | O108: =L108-I108 -> 0 | P108: =N108-K108 -> -60.864417 | Q108: =N108/K108 -> 0.85954365 | S108: 0.31736111 | T108: 0.35645833 | U108: 5 | V108: 56.3 | AA108: =M108-J108 -> -365.1865 | AB108: =M108/J108 -> 0.85954365
B109: 4℃-飯糰 | C109: 淡麗清酒蒸蛤蜊烤飯糰 | E109: 24.73 | F109: 1322 | G109: =E109*F109 -> 32693.06 | I109: 6 | J109: 2600 | K109: =J109/I109 -> 433.33333 | L109: 6 | M109: =F109/V109*60 -> 2213.5814 | N109: =M109/L109 -> 368.93023 | O109: =L109-I109 -> 0 | P109: =N109-K109 -> -64.403101 | Q109: =N109/K109 -> 0.85137746 | S109: 0.35983796 | T109: 0.38472222 | U109: 4.8666667 | V109: 35.833333 | AA109: =M109-J109 -> -386.4186 | AB109: =M109/J109 -> 0.85137746
B110: 4℃-飯糰 | C110: 鮭魚炙燒明太子烤飯糰 | E110: 24.94 | F110: 1044 | G110: =E110*F110 -> 26037.36 | I110: 6 | J110: 2600 | K110: =J110/I110 -> 433.33333 | L110: 6 | M110: =F110/V110*60 -> 2206.9289 | N110: =M110/L110 -> 367.82149 | O110: =L110-I110 -> 0 | P110: =N110-K110 -> -65.511842 | Q110: =N110/K110 -> 0.84881883 | S110: 0.38888889 | T110: 0.40859954 | U110: 6 | V110: 28.383333 | AA110: =M110-J110 -> -393.07105 | AB110: =M110/J110 -> 0.84881883
B111: 4℃-飯糰 | C111: 糖燻野郎起司炙燒牛烤飯糰 | E111: 24.73 | F111: 1535 | G111: =E111*F111 -> 37960.55 | I111: 6 | J111: 2600 | K111: =J111/I111 -> 433.33333 | L111: 6 | M111: =F111/V111*60 -> 2213.0557 | N111: =M111/L111 -> 368.84261 | O111: =L111-I111 -> 0 | P111: =N111-K111 -> -64.490722 | Q111: =N111/K111 -> 0.85117526 | S111: 0.41415509 | T111: 0.44305556 | U111: 8 | V111: 41.616667 | AA111: =M111-J111 -> -386.94433 | AB111: =M111/J111 -> 0.85117526
B123: 平均 | I123: =AVERAGE(I107:I122) -> 6 | J123: =AVERAGE(J107:J122) -> 2600 | K123: =J123/I123 -> 433.33333 | L123: =AVERAGE(L107:L122) -> 6 | M123: =AVERAGE(M107:M122) -> 2209.9291 | N123: =M123/L123 -> 368.32151 | O123: =L123-I123 -> 0 | P123: =N123-K123 -> -65.011822 | Q123: =N123/K123 -> 0.84997272 | S123: =S107 -> 0.30017361 | T123: =INDEX(T107:T122,COUNTA(T107:T122)) -> 0.44305556 | AA123: =M123-J123 -> -390.07093 | AB123: =M123/J123 -> 0.84997272
A124: 涼麵一線 (二配) | B124: 微波主食 | C124: 二配里肌豬排可可咖哩歐姆蛋飯 | E124: 56.79 | F124: 2628 | G124: =E124*F124 -> 149244.12 | I124: 23 | J124: 2000 | K124: =J124/I124 -> 86.956522 | L124: 23 | M124: =F124/V124*60 -> 1719.2077 | N124: =M124/L124 -> 74.748161 | O124: =L124-I124 -> 0 | P124: =N124-K124 -> -12.208361 | Q124: =N124/K124 -> 0.85960385 | R124: =Q140 -> 0.85784588 | S124: 0.70853009 | T124: 0.77222222 | V124: 91.716667 | AA124: =M124-J124 -> -280.7923 | AB124: =M124/J124 -> 0.85960385 | AC124: =AB140 -> 0.85784588
B125: 微波主食 | C125: 二配黃金雞排蘑菇白醬歐姆蛋飯 | E125: 56.87 | F125: 2164 | G125: =E125*F125 -> 123066.68 | I125: 23 | J125: 2000 | K125: =J125/I125 -> 86.956522 | L125: 23 | M125: =F125/V125*60 -> 1712.1758 | N125: =M125/L125 -> 74.442427 | O125: =L125-I125 -> 0 | P125: =N125-K125 -> -12.514095 | Q125: =N125/K125 -> 0.85608791 | S125: 0.77581019 | T125: 0.82847222 | U125: 5.1666667 | V125: 75.833333 | AA125: =M125-J125 -> -287.82418 | AB125: =M125/J125 -> 0.85608791
B140: 平均 | I140: =AVERAGE(I124:I139) -> 23 | J140: =AVERAGE(J124:J139) -> 2000 | K140: =J140/I140 -> 86.956522 | L140: =AVERAGE(L124:L139) -> 23 | M140: =AVERAGE(M124:M139) -> 1715.6918 | N140: =M140/L140 -> 74.595294 | O140: =L140-I140 -> 0 | P140: =N140-K140 -> -12.361228 | Q140: =N140/K140 -> 0.85784588 | S140: =S124 -> 0.70853009 | T140: =INDEX(T124:T139,COUNTA(T124:T139)) -> 0.82847222 | AA140: =M140-J140 -> -284.30824 | AB140: =M140/J140 -> 0.85784588
A141: 涼麵二線 (二配) | B141: 微波主食 | C141: 二配鐵板蘑菇肉醬起司焗飯 | E141: 44.3 | F141: 2333 | G141: =E141*F141 -> 103351.9 | I141: 17 | J141: 2000 | K141: =J141/I141 -> 117.64706 | L141: 17 | M141: =F141/V141*60 -> 1711.2469 | N141: =M141/L141 -> 100.66158 | O141: =L141-I141 -> 0 | P141: =N141-K141 -> -16.985474 | Q141: =N141/K141 -> 0.85562347 | R141: =Q157 -> 0.85525148 | S141: 0.70847222 | T141: 0.76527778 | V141: 81.8 | AA141: =M141-J141 -> -288.75306 | AB141: =M141/J141 -> 0.85562347 | AC141: =AB157 -> 0.85525148
B142: 微波主食 | C142: 二配三杯海瓜子好下飯 | E142: 50.67 | F142: 1024 | G142: =E142*F142 -> 51886.08 | I142: 22 | J142: 2000 | K142: =J142/I142 -> 90.909091 | L142: 22 | M142: =F142/V142*60 -> 1701.1537 | N142: =M142/L142 -> 77.325167 | O142: =L142-I142 -> 0 | P142: =N142-K142 -> -13.583924 | Q142: =N142/K142 -> 0.85057683 | S142: 0.77013889 | T142: 0.79521991 | U142: 7 | V142: 36.116667 | AA142: =M142-J142 -> -298.84633 | AB142: =M142/J142 -> 0.85057683
B143: 微波主食 | C143: 二配哞哞培根奶香海陸焗飯 | E143: 47.6 | F143: 2699 | G143: =E143*F143 -> 128472.4 | I143: 23 | J143: 2000 | K143: =J143/I143 -> 86.956522 | L143: 23 | M143: =F143/V143*60 -> 1719.1083 | N143: =M143/L143 -> 74.743838 | O143: =L143-I143 -> 0 | P143: =N143-K143 -> -12.212683 | Q143: =N143/K143 -> 0.85955414 | S143: 0.8 | T143: 0.86541667 | U143: 6.8833333 | V143: 94.2 | AA143: =M143-J143 -> -280.89172 | AB143: =M143/J143 -> 0.85955414
B157: 平均 | I157: =AVERAGE(I141:I156) -> 20.666667 | J157: =AVERAGE(J141:J156) -> 2000 | K157: =J157/I157 -> 96.774194 | L157: =AVERAGE(L141:L156) -> 20.666667 | M157: =AVERAGE(M141:M156) -> 1710.503 | N157: =M157/L157 -> 82.766272 | O157: =L157-I157 -> 0 | P157: =N157-K157 -> -14.007921 | Q157: =N157/K157 -> 0.85525148 | S157: =S141 -> 0.70847222 | T157: =INDEX(T141:T156,COUNTA(T141:T156)) -> 0.86541667 | AA157: =M157-J157 -> -289.49704 | AB157: =M157/J157 -> 0.85525148
Y159: 原因回覆
Y160: 1.當日出勤人數較多
Y161: 2.當日出勤人數較少
Y162: 3.當日出勤熟手較多
Y163: 4.當日出勤新人較多
Y164: 5.機台夾盒
Y165: 6.封膜不順
Y166: 7.更換膠膜
Y167: 8.更換碳帶
Y168: 9.當日熱轉印碳帶異常
Y169: 10.訂單量過少
Y170: 11.新品上市，尚未熟悉
Y171: 12.活動期間品項需貼標

Sheet 0829
B1: 屏榮 大溪廠組合室生產人時性分析
B3: 日期 | C3: 114.08.29星期五 | E3: 訂單量 | F3: ='0829(18度C)'!D1+'0829(4度C)'!D1 -> 190353 | H3: 營業額 | I3: ='0829(18度C)'!F1+'0829(4度C)'!F1 -> 5760799.9
B4: 人時性 | C4: 項目 | E4: ➀ | G4: ➁ | I4: ➂ | K4: ④ | M4: ⑤
C5: 組合室 | E5: 全溫層 | G5: 4度C-各編組展開(一配) | I5: 4度C-各編組展開(二配) | K5: 18度C-各編組展開(一配) | M5: 18度C-各編組展開(二配)
C6: 排關平均 | E6: =AVERAGE(D13:O13,D27:X27) -> 472.0942 | F6: =AVERAGE(#REF!,D13:K13) -> #REF! | G6: =AVERAGE(D13:K13) -> 175.56964 | I6: =AVERAGE(L13:O13) -> 91.865358 | K6: =AVERAGE(D27:O27) -> 643.39628 | M6: =AVERAGE(P27:X27) -> 744.93003
C7: 實績平均 | E7: =AVERAGE(D14:O14,D28:X28) -> 403.0451 | F7: =AVERAGE(#REF!,D14:K14) -> #REF! | G7: =AVERAGE(D14:K14) -> 150.22022 | I7: =AVERAGE(L14:O14) -> 78.64932 | K7: =AVERAGE(D28:O28) -> 547.79885 | M7: =AVERAGE(P28:X28) -> 637.25999
C8: 達成率平均 | E8: =AVERAGE(D15:O15,D29:X29) -> 0.85571751 | F8: =AVERAGE(D15:K15,#REF!) -> #REF! | G8: =AVERAGE(D15:K15) -> 0.85811979 | I8: =AVERAGE(L15:O15) -> 0.85620678 | K8: =AVERAGE(D29:O29) -> 0.85201376 | M8: =AVERAGE(P29:X29) -> 0.85707282 | O8: ※現行日本鮮食廠以達成率80%為基本(即為現行KPI)
B10: 溫層 | D10: ➁4度C-各編組展開 | L10: ➂4度C-各編組展開
B11: 編組 | D11: 1 | E11: 2 | F11: 3 | G11: 4 | H11: 5 | I11: 6 | J11: 7 | K11: 8 | L11: 1 | M11: 2 | N11: 3 | O11: 4
D12: 便當一線 | E12: 便當二線 | F12: 涼麵一線 | G12: 涼麵二線 | H12: 涼麵三線 | I12: 自動包裝機 | J12: 自動包裝機2 | K12: 自動包裝機3 | L12: 便當一線 | M12: 便當二線 | N12: 涼麵一線 | O12: 涼麵二線
B13: 人時性 | C13: 排關 | D13: 115.15152 | E13: 79.470199 | F13: 82.105263 | G13: 83.333333 | H13: 178.88199 | I13: 256.71186 | J13: - | K13: 433.33333 | L13: - | M13: - | N13: 86.956522 | O13: 96.774194
C14: 實績 | D14: 100.69805 | E14: 67.971948 | F14: 70.516465 | G14: 71.493362 | H14: 152.57571 | I14: 220.27945 | J14: - | K14: 368.00659 | L14: - | M14: - | N14: 74.56652 | O14: 82.73212
C15: 達成率 | D15: =D14/D13 -> 0.87448303 | E15: =E14/E13 -> 0.85531369 | F15: =F14/F13 -> 0.85885438 | G15: =G14/G13 -> 0.85792034 | H15: =H14/H13 -> 0.8529406 | I15: =I14/I13 -> 0.85808053 | J15: - | K15: =K14/K13 -> 0.84924597 | L15: - | M15: - | N15: =N14/N13 -> 0.85751498 | O15: =O14/O13 -> 0.85489858
B16: 作業 時間 | C16: 開始 | D16: 0.29166667 | E16: 0.25 | F16: 0.33347222 | G16: 0.33349537 | H16: 0.16689815 | I16: 0.25008102 | J16: - | K16: 0.30353009 | L16: - | M16: - | N16: 0.70833333 | O16: 0.70833333
C17: 結束 | D17: 0.56180556 | E17: 0.5799537 | F17: 0.58055556 | G17: 0.58055556 | H17: 0.65561343 | I17: 0.54652778 | J17: - | K17: 0.43289352 | L17: - | M17: - | N17: 0.80208333 | O17: 0.82777778
B18: 配置人數 | D18: 16.5 | E18: 25.166667 | F18: 23.75 | G18: 24 | H18: 20.125 | I18: 11.8 | J18: - | K18: 6 | L18: - | M18: - | N18: 23 | O18: 20.666667
B19: 主要應用設備 | D19: L型封口機 | E19: ET-55 | F19: ET-55 | G19: ET-55 | H19: ET-600 | I19: 伺服包裝機 | J19: 伺服包裝機 | K19: 伺服包裝機 | L19: L型封口機 | M19: ET-55 | N19: ET-55 | O19: ET-55
B20: 次要應用設備 | D20: 伺服包裝機 | H20: 伺服包裝機
B21: 備註 | H21: 涼麵+烤飯糰 | I21: 大口飯糰線 | K21: 烤飯糰+手卷
B24: 溫層 | D24: ➃18度C-各編組展開 (一配) | P24: ⑤18度C-各編組展開 (二配)
B25: 編組 | D25: 1 | E25: 2 | F25: 3 | G25: 4 | H25: 5 | I25: 6 | J25: 7 | K25: 8 | L25: 9 | M25: 10 | N25: 11 | O25: 12 | P25: 1 | Q25: 2 | R25: 3 | S25: 4 | T25: 5 | U25: 6 | V25: 7 | W25: 8 | X25: 9
D26: 便當一線 | E26: 涼麵一線 | F26: 涼麵三線 | G26: 自動包裝機 | H26: 自動包裝機2 | I26: 自動包裝機3 | J26: 味付飯糰線B | K26: (舊) 3300型飯糰線 | L26: 3000型飯糰線 | M26: (新) 3300型飯糰機 | N26: GKK3600型 飯糰機 | O26: GKK3600型 飯糰機2 | P26: 自動包裝機 | Q26: 自動包裝機2 | R26: 自動包裝機3 | S26: 味付飯糰線B | T26: (舊) 3300型飯糰線 | U26: 3000型飯糰線 | V26: (新) 3300型飯糰機 | W26: GKK3600型 飯糰機 | X26: GKK3600型 飯糰機2
B27: 人時性 | C27: 排關 | D27: 226.15 | E27: - | F27: - | G27: 260.86957 | H27: 433.33333 | I27: - | J27: 675 | K27: - | L27: - | M27: 868.42105 | N27: 1200 | O27: 840 | P27: 226.65517 | Q27: - | R27: - | S27: 675 | T27: 840 | U27: - | V27: 761.53846 | W27: 942.85714 | X27: 1023.5294
C28: 實績 | D28: 193.02423 | E28: - | F28: - | G28: 223.45853 | H28: 357.24399 | I28: - | J28: 594.24858 | K28: - | L28: - | M28: 745.03822 | N28: 1003.0052 | O28: 718.57325 | P28: 193.35224 | Q28: - | R28: - | S28: 600.7686 | T28: 714.40764 | U28: - | V28: 654.91062 | W28: 800.47631 | X28: 859.64452
C29: 達成率 | D29: =D28/D27 -> 0.85352302 | E29: - | F29: - | G29: =G28/G27 -> 0.85659103 | H29: =H28/H27 -> 0.82440921 | I29: - | J29: =J28/J27 -> 0.88036826 | K29: - | L29: - | M29: =M28/M27 -> 0.8579228 | N29: =N28/N27 -> 0.83583764 | O29: =O28/O27 -> 0.85544435 | P29: =P28/P27 -> 0.85306784 | Q29: - | R29: - | S29: =S28/S27 -> 0.89002755 | T29: =T28/T27 -> 0.85048528 | U29: - | V29: =V28/V27 -> 0.85998364 | W29: =W28/W27 -> 0.84899002 | X29: =X28/X27 -> 0.83988258
B30: 作業 時間 | C30: 開始 | D30: 0.41736111 | E30: - | F30: - | G30: 0.29791667 | H30: 0.25 | I30: - | J30: 0.25028935 | K30: - | L30: - | M30: 0.25 | N30: 0.25 | O30: 0.25 | P30: 0.70833333 | Q30: - | R30: - | S30: 0.70856481 | T30: 0.70833333 | U30: - | V30: 0.70862269 | W30: 0.70861111 | X30: 0.70850694
C31: 結束 | D31: 0.49166667 | E31: - | F31: - | G31: 0.35835648 | H31: 0.30033565 | I31: - | J31: 0.32152778 | K31: - | L31: - | M31: 0.45221065 | N31: 0.40625 | O31: 0.4 | P31: 0.83150463 | Q31: - | R31: - | S31: 0.84861111 | T31: 0.87152778 | U31: - | V31: 0.87708333 | W31: 0.88201389 | X31: 0.95416667
B32: 配置人數 | D32: 13.333333 | E32: - | F32: - | G32: 11.5 | H32: 6 | I32: - | J32: 4 | K32: - | L32: - | M32: 3.8 | N32: 3 | O32: 3.75 | P32: 14.5 | Q32: - | R32: - | S32: 4 | T32: 3.75 | U32: - | V32: 4.3333333 | W32: 3.5 | X32: 3.4
B33: 主要應用設備 | D33: 伺服包裝機 | E33: ET-55 | F33: ET-600 | G33: 夾心型 | H33: 伺服包裝機 | I33: 伺服包裝機 | J33: 夾心型 | K33: 3300型 | L33: 3300型 | M33: 3300型 | N33: GKK | O33: GKK | P33: 夾心型 | Q33: 伺服包裝機 | R33: 伺服包裝機 | S33: 夾心型 | T33: 3300型 | U33: 3300型 | V33: 3300型 | W33: GKK | X33: GKK
B34: 次要應用設備
B35: 備註

Sheet 0829(18度C)
A1: 大溪廠日報分析 | C1: 總生產量 | D1: =SUM(F5:F225) -> 101561 | E1: 營業額 | F1: =SUM(G5:G225) -> 1975941.3 | G1: 出勤人數 | H1: =L21+L38+L55+L72+L89+L106+L123+L140+L157+L174+L191+L208+L225 -> 78.866667 | I1: 產線配置圖 | L1: 生產實績 | O1: 人時性差異分析 | S1: 日報登錄 | Y1: 分析說明 | AA1: 產能差異分析
A2: 45898 | C2: 人時性 | D2: =AVERAGE(N21,N38,N55,N72,N89,N106,N123,N140,N157,N174,N191,N208,N225) -> 589.08861 | E2: 平均廠價 | F2: =F1/D1 -> 19.455709 | G2: 多次生產數 | H2: =COUNT(H5:H225) -> 1
A3: 線別 | B3: 品類 | C3: 品名 | E3: 廠價 | F3: 生產量 | G3: 營收 | H3: 多次 生產 | I3: 人數 | J3: 產能/時 | K3: 人時性 | L3: 人數 | M3: 產能/時 | N3: 人時性 | O3: 人數 | P3: 人時性 | Q3: 達成率 | R3: 達成率 平均 | S3: 生產時間 | U3: 換線、休息/分 | V3: 稼動時間/分 | W3: 休息時間 | Y3: (屏榮回填) | AA3: 產能/時 | AB3: 達成率 | AC3: 達成率平均
S4: 開始 | T4: 結束 | W4: 開始 | X4: 結束
A5: 便當一線 | B5: 18℃-壽司手卷 | C5: 一配海饌雙手卷 | E5: 29.85 | F5: 1750 | G5: =E5*F5 -> 52237.5 | I5: 17 | J5: 3273 | K5: =J5/I5 -> 192.52941 | L5: 17 | M5: =F5/V5*60 -> 2802.4911 | N5: =M5/L5 -> 164.85242 | O5: =L5-I5 -> 0 | P5: =N5-K5 -> -27.676994 | Q5: =N5/K5 -> 0.85624537 | R5: =Q21 -> 0.85352302 | S5: 0.41736111 | T5: 0.44337963 | U5: 4.8833333 | V5: 37.466667 | AA5: =M5-J5 -> -470.5089 | AB5: =M5/J5 -> 0.85624537 | AC5: =AB21 -> 0.85352302
B6: 18℃-壽司手卷 | C6: 一配雙饗雙手卷 | E6: 29.52 | F6: 1735 | G6: =E6*F6 -> 51217.2 | I6: 17 | J6: 3273 | K6: =J6/I6 -> 192.52941 | L6: 17 | M6: =F6/V6*60 -> 2802.1534 | N6: =M6/L6 -> 164.83255 | O6: =L6-I6 -> 0 | P6: =N6-K6 -> -27.696857 | Q6: =N6/K6 -> 0.8561422 | S6: 0.44861111 | T6: 0.47440972 | U6: 7.5333333 | V6: 37.15 | AA6: =M6-J6 -> -470.84657 | AB6: =M6/J6 -> 0.8561422
B7: 18℃-壽司手卷 | C7: 一配日式厚蛋脆卷 | E7: 21.61 | F7: 659 | G7: =E7*F7 -> 14240.99 | I7: 6 | J7: 2500 | K7: =J7/I7 -> 416.66667 | L7: 6 | M7: =F7/V7*60 -> 2116.3247 | N7: =M7/L7 -> 352.72079 | O7: =L7-I7 -> 0 | P7: =N7-K7 -> -63.945882 | Q7: =N7/K7 -> 0.84652988 | S7: 0.47869213 | T7: 0.49166667 | U7: 6.1666667 | V7: 18.683333 | W7: 0.49166667 | X7: 0.53135417 | AA7: =M7-J7 -> -383.67529 | AB7: =M7/J7 -> 0.84652988
B21: 平均 | I21: =AVERAGE(I5:I20) -> 13.333333 | J21: =AVERAGE(J5:J20) -> 3015.3333 | K21: =J21/I21 -> 226.15 | L21: =AVERAGE(L5:L20) -> 13.333333 | M21: =AVERAGE(M5:M20) -> 2573.6564 | N21: =M21/L21 -> 193.02423 | O21: =L21-I21 -> 0 | P21: =N21-K21 -> -33.125769 | Q21: =N21/K21 -> 0.85352302 | S21: =S5 -> 0.41736111 | T21: =INDEX(T5:T20,COUNTA(T5:T20)) -> 0.49166667 | AA21: =M21-J21 -> -441.67692 | AB21: =M21/J21 -> 0.85352302
A22: 自動包裝機 | B22: 18℃-壽司手卷 | C22: 一配新之助的豆皮壽司喔 | E22: 25.52 | F22: 1802 | G22: =E22*F22 -> 45987.04 | I22: 12 | J22: 3000 | K22: =J22/I22 -> 250 | L22: 12 | M22: =F22/V22*60 -> 2569.1881 | N22: =M22/L22 -> 214.09901 | O22: =L22-I22 -> 0 | P22: =N22-K22 -> -35.90099 | Q22: =N22/K22 -> 0.85639604 | R22: =Q38 -> 0.85659103 | S22: 0.29791667 | T22: 0.3271412 | U22: 5 | V22: 42.083333 | AA22: =M22-J22 -> -430.81188 | AB22: =M22/J22 -> 0.85639604 | AC22: =AB38 -> 0.85659103
B23: 18℃-壽司手卷 | C23: 一配長野稻荷壽司 | E23: 25.64 | F23: 1715 | G23: =E23*F23 -> 43972.6 | I23: 11 | J23: 3000 | K23: =J23/I23 -> 272.72727 | L23: 11 | M23: =F23/V23*60 -> 2570.358 | N23: =M23/L23 -> 233.66891 | O23: =L23-I23 -> 0 | P23: =N23-K23 -> -39.05836 | Q23: =N23/K23 -> 0.85678601 | S23: 0.33055556 | T23: 0.35835648 | U23: 4.9166667 | V23: 40.033333 | AA23: =M23-J23 -> -429.64197 | AB23: =M23/J23 -> 0.85678601
B38: 平均 | I38: =AVERAGE(I22:I37) -> 11.5 | J38: =AVERAGE(J22:J37) -> 3000 | K38: =J38/I38 -> 260.86957 | L38: =AVERAGE(L22:L37) -> 11.5 | M38: =AVERAGE(M22:M37) -> 2569.7731 | N38: =M38/L38 -> 223.45853 | O38: =L38-I38 -> 0 | P38: =N38-K38 -> -37.411037 | Q38: =N38/K38 -> 0.85659103 | S38: =S22 -> 0.29791667 | T38: =INDEX(T22:T37,COUNTA(T22:T37)) -> 0.35835648 | AA38: =M38-J38 -> -430.22692 | AB38: =M38/J38 -> 0.85659103
A39: 自動包裝機2 | B39: 18℃-壽司手卷 | C39: 一配芝麻海苔香鬆細卷 | E39: 14.06 | F39: 761 | G39: =E39*F39 -> 10699.66 | I39: 6 | J39: 2600 | K39: =J39/I39 -> 433.33333 | L39: 6 | M39: =F39/V39*60 -> 2157.1654 | N39: =M39/L39 -> 359.52756 | O39: =L39-I39 -> 0 | P39: =N39-K39 -> -73.805774 | Q39: =N39/K39 -> 0.82967898 | R39: =Q55 -> 0.82440921 | S39: 0.25 | T39: 0.26469907 | V39: 21.166667 | AA39: =M39-J39 -> -442.83465 | AB39: =M39/J39 -> 0.82967898 | AC39: =AB55 -> 0.82440921
B40: 18℃-壽司手卷 | C40: 一配鮪魚沙拉細卷 | E40: 14.81 | F40: 874 | G40: =E40*F40 -> 12943.94 | I40: 6 | J40: 2600 | K40: =J40/I40 -> 433.33333 | L40: 6 | M40: =F40/V40*60 -> 2159.5058 | N40: =M40/L40 -> 359.91764 | O40: =L40-I40 -> 0 | P40: =N40-K40 -> -73.415694 | Q40: =N40/K40 -> 0.83057917 | S40: 0.26944444 | T40: 0.28630787 | U40: 6.8333333 | V40: 24.283333 | AA40: =M40-J40 -> -440.49417 | AB40: =M40/J40 -> 0.83057917
B41: 18℃-壽司手卷 | C41: 一配炙烤焦糖鮭魚細卷 | E41: 17.87 | F41: 475 | G41: =E41*F41 -> 8488.25 | I41: 6 | J41: 2600 | K41: =J41/I41 -> 433.33333 | L41: 6 | M41: =F41/V41*60 -> 2113.7206 | N41: =M41/L41 -> 352.28677 | O41: =L41-I41 -> 0 | P41: =N41-K41 -> -81.04656 | Q41: =N41/K41 -> 0.81296948 | S41: 0.29097222 | T41: 0.30033565 | U41: 6.7166667 | V41: 13.483333 | AA41: =M41-J41 -> -486.27936 | AB41: =M41/J41 -> 0.81296948
B55: 平均 | I55: =AVERAGE(I39:I54) -> 6 | J55: =AVERAGE(J39:J54) -> 2600 | K55: =J55/I55 -> 433.33333 | L55: =AVERAGE(L39:L54) -> 6 | M55: =AVERAGE(M39:M54) -> 2143.4639 | N55: =M55/L55 -> 357.24399 | O55: =L55-I55 -> 0 | P55: =N55-K55 -> -76.089343 | Q55: =N55/K55 -> 0.82440921 | S55: =S39 -> 0.25 | T55: =INDEX(T39:T54,COUNTA(T39:T54)) -> 0.30033565 | AA55: =M55-J55 -> -456.53606 | AB55: =M55/J55 -> 0.82440921
A56: 味付飯糰線B | B56: 18℃-飯糰 | C56: 一配經典肉鬆飯糰 | E56: 14.03 | F56: 4064 | G56: =E56*F56 -> 57017.92 | I56: 4 | J56: 2700 | K56: =J56/I56 -> 675 | L56: 4 | M56: =F56/V56*60 -> 2376.9943 | N56: =M56/L56 -> 594.24858 | O56: =L56-I56 -> 0 | P56: =N56-K56 -> -80.751422 | Q56: =N56/K56 -> 0.88036826 | R56: =Q72 -> 0.88036826 | S56: 0.25028935 | T56: 0.32152778 | V56: 102.58333 | AA56: =M56-J56 -> -323.00569 | AB56: =M56/J56 -> 0.88036826 | AC56: =AB72 -> 0.88036826
B72: 平均 | I72: =AVERAGE(I56:I71) -> 4 | J72: =AVERAGE(J56:J71) -> 2700 | K72: =J72/I72 -> 675 | L72: =AVERAGE(L56:L71) -> 4 | M72: =AVERAGE(M56:M71) -> 2376.9943 | N72: =M72/L72 -> 594.24858 | O72: =L72-I72 -> 0 | P72: =N72-K72 -> -80.751422 | Q72: =N72/K72 -> 0.88036826 | S72: =S56 -> 0.25028935 | T72: =INDEX(T56:T71,COUNTA(T56:T71)) -> 0.32152778 | AA72: =M72-J72 -> -323.00569 | AB72: =M72/J72 -> 0.88036826
A73: (新) 3300型飯糰機 | B73: 18℃-飯糰 | C73: 一配三杯辣海瓜子飯糰 | E73: 21.45 | F73: 1232 | G73: =E73*F73 -> 26426.4 | I73: 3 | J73: 3300 | K73: =J73/I73 -> 1100 | L73: 3 | M73: =F73/V73*60 -> 2821.374 | N73: =M73/L73 -> 940.45802 | O73: =L73-I73 -> 0 | P73: =N73-K73 -> -159.54198 | Q73: =N73/K73 -> 0.85496183 | R73: =Q89 -> 0.8579228 | S73: 0.25 | T73: 0.26819444 | V73: 26.2 | AA73: =M73-J73 -> -478.62595 | AB73: =M73/J73 -> 0.85496183 | AC73: =AB89 -> 0.8579228
B74: 18℃-飯糰 | C74: 一配哇沙米魚卵沙拉飯糰 | E74: 15.71 | F74: 3588 | G74: =E74*F74 -> 56367.48 | I74: 3 | J74: 3300 | K74: =J74/I74 -> 1100 | L74: 3 | M74: =F74/V74*60 -> 2837.6098 | N74: =M74/L74 -> 945.86995 | O74: =L74-I74 -> 0 | P74: =N74-K74 -> -154.13005 | Q74: =N74/K74 -> 0.85988177 | S74: 0.2737037 | T74: 0.32638889 | U74: 7.9333333 | V74: 75.866667 | AA74: =M74-J74 -> -462.39016 | AB74: =M74/J74 -> 0.85988177
B75: 18℃-飯糰 | C75: 一配鹽蔥燒肉飯糰 | E75: 17.89 | F75: 2524 | G75: =E75*F75 -> 45154.36 | I75: 4 | J75: 3300 | K75: =J75/I75 -> 825 | L75: 4 | M75: =F75/V75*60 -> 2832.419 | N75: =M75/L75 -> 708.10474 | O75: =L75-I75 -> 0 | P75: =N75-K75 -> -116.89526 | Q75: =N75/K75 -> 0.85830877 | S75: 0.33055556 | T75: 0.36768519 | U75: 6 | V75: 53.466667 | AA75: =M75-J75 -> -467.58105 | AB75: =M75/J75 -> 0.85830877
B76: 18℃-飯糰 | C76: 一配雞肉飯飯糰 | E76: 16.66 | F76: 4047 | G76: =E76*F76 -> 67423.02 | I76: 4 | J76: 3300 | K76: =J76/I76 -> 825 | L76: 4 | M76: =F76/V76*60 -> 2850.5576 | N76: =M76/L76 -> 712.63941 | O76: =L76-I76 -> 0 | P76: =N76-K76 -> -112.36059 | Q76: =N76/K76 -> 0.86380534 | S76: 0.37222222 | T76: 0.43137731 | U76: 6.5333333 | V76: 85.183333 | AA76: =M76-J76 -> -449.44238 | AB76: =M76/J76 -> 0.86380534
B77: 18℃-飯糰 | C77: 一配壹號醬炙烤牛飯糰 | E77: 22.28 | F77: 1181 | G77: =E77*F77 -> 26312.68 | I77: 5 | J77: 3300 | K77: =J77/I77 -> 660 | L77: 5 | M77: =F77/V77*60 -> 2813.7657 | N77: =M77/L77 -> 562.75314 | O77: =L77-I77 -> 0 | P77: =N77-K77 -> -97.246856 | Q77: =N77/K77 -> 0.85265628 | S77: 0.43472222 | T77: 0.45221065 | U77: 4.8166667 | V77: 25.183333 | AA77: =M77-J77 -> -486.23428 | AB77: =M77/J77 -> 0.85265628
B89: 平均 | I89: =AVERAGE(I73:I88) -> 3.8 | J89: =AVERAGE(J73:J88) -> 3300 | K89: =J89/I89 -> 868.42105 | L89: =AVERAGE(L73:L88) -> 3.8 | M89: =AVERAGE(M73:M88) -> 2831.1452 | N89: =M89/L89 -> 745.03822 | O89: =L89-I89 -> 0 | P89: =N89-K89 -> -123.38283 | Q89: =N89/K89 -> 0.8579228 | S89: =S73 -> 0.25 | T89: =INDEX(T73:T88,COUNTA(T73:T88)) -> 0.45221065 | AA89: =M89-J89 -> -468.85476 | AB89: =M89/J89 -> 0.8579228
A90: GKK3600型 飯糰機 | B90: 18℃-飯糰 | C90: 一配明太子龍蝦風味沙拉飯糰 | E90: 18.18 | F90: 2254 | G90: =E90*F90 -> 40977.72 | I90: 3 | J90: 3600 | K90: =J90/I90 -> 1200 | L90: 3 | M90: =F90/V90*60 -> 3005.3333 | N90: =M90/L90 -> 1001.7778 | O90: =L90-I90 -> 0 | P90: =N90-K90 -> -198.22222 | Q90: =N90/K90 -> 0.83481481 | R90: =Q106 -> 0.83583764 | S90: 0.25 | T90: 0.28125 | V90: 45 | AA90: =M90-J90 -> -594.66667 | AB90: =M90/J90 -> 0.83481481 | AC90: =AB106 -> 0.83583764
B91: 18℃-飯糰 | C91: 一配蔬食鮪魚飯糰 | E91: 18.18 | F91: 2230 | G91: =E91*F91 -> 40541.4 | I91: 3 | J91: 3600 | K91: =J91/I91 -> 1200 | L91: 3 | M91: =F91/V91*60 -> 3001.1215 | N91: =M91/L91 -> 1000.3738 | O91: =L91-I91 -> 0 | P91: =N91-K91 -> -199.62617 | Q91: =N91/K91 -> 0.83364486 | S91: 0.29403935 | T91: 0.325 | U91: 18.416667 | V91: 44.583333 | AA91: =M91-J91 -> -598.8785 | AB91: =M91/J91 -> 0.83364486
B92: 18℃-飯糰 | C92: 一配鮪魚飯糰 | E92: 14.28 | F92: 4963 | G92: =E92*F92 -> 70871.64 | I92: 3 | J92: 3600 | K92: =J92/I92 -> 1200 | L92: 3 | M92: =F92/V92*60 -> 3020.5917 | N92: =M92/L92 -> 1006.8639 | O92: =L92-I92 -> 0 | P92: =N92-K92 -> -193.13609 | Q92: =N92/K92 -> 0.83905325 | S92: 0.33778935 | T92: 0.40625 | U92: 18.416667 | V92: 98.583333 | AA92: =M92-J92 -> -579.40828 | AB92: =M92/J92 -> 0.83905325
B106: 平均 | I106: =AVERAGE(I90:I105) -> 3 | J106: =AVERAGE(J90:J105) -> 3600 | K106: =J106/I106 -> 1200 | L106: =AVERAGE(L90:L105) -> 3 | M106: =AVERAGE(M90:M105) -> 3009.0155 | N106: =M106/L106 -> 1003.0052 | O106: =L106-I106 -> 0 | P106: =N106-K106 -> -196.99483 | Q106: =N106/K106 -> 0.83583764 | S106: =S90 -> 0.25 | T106: =INDEX(T90:T105,COUNTA(T90:T105)) -> 0.40625 | AA106: =M106-J106 -> -590.98449 | AB106: =M106/J106 -> 0.83583764
A107: GKK3600型 飯糰機2 | B107: 18℃-飯糰 | C107: 一配熟成紅鮭飯糰 | E107: 25.03 | F107: 1606 | G107: =E107*F107 -> 40198.18 | I107: 4 | J107: 3300 | K107: =J107/I107 -> 825 | L107: 4 | M107: =F107/V107*60 -> 2813.4307 | N107: =M107/L107 -> 703.35766 | O107: =L107-I107 -> 0 | P107: =N107-K107 -> -121.64234 | Q107: =N107/K107 -> 0.85255474 | R107: =Q123 -> 0.85544435 | S107: 0.25 | T107: 0.27378472 | V107: 34.25 | AA107: =M107-J107 -> -486.56934 | AB107: =M107/J107 -> 0.85255474 | AC107: =AB123 -> 0.85544435
B108: 18℃-飯糰 | C108: 一配北海道秋鮭親子飯糰 | E108: 24.83 | F108: 1934 | G108: =E108*F108 -> 48021.22 | I108: 4 | J108: 3300 | K108: =J108/I108 -> 825 | L108: 4 | M108: =F108/V108*60 -> 2822.2132 | N108: =M108/L108 -> 705.5533 | O108: =L108-I108 -> 0 | P108: =N108-K108 -> -119.4467 | Q108: =N108/K108 -> 0.85521613 | S108: 0.28402778 | T108: 0.31258102 | U108: 14.75 | V108: 41.116667 | AA108: =M108-J108 -> -477.78679 | AB108: =M108/J108 -> 0.85521613
B109: 18℃-飯糰 | C109: 一配海老天婦羅飯糰 | E109: 27.91 | F109: 728 | G109: =E109*F109 -> 20318.48 | I109: 4 | J109: 3000 | K109: =J109/I109 -> 750 | L109: 4 | M109: =F109/V109*60 -> 2559.375 | N109: =M109/L109 -> 639.84375 | O109: =L109-I109 -> 0 | P109: =N109-K109 -> -110.15625 | Q109: =N109/K109 -> 0.853125 | S109: 0.32569444 | T109: 0.3375463 | U109: 18.883333 | V109: 17.066667 | AA109: =M109-J109 -> -440.625 | AB109: =M109/J109 -> 0.853125
B110: 18℃-飯糰 | C110: 一配贅沢鮭魚肚飯糰 | E110: 30 | F110: 3007 | G110: =E110*F110 -> 90210 | I110: 3 | J110: 3000 | K110: =J110/I110 -> 1000 | L110: 3 | M110: =F110/V110*60 -> 2583.58 | N110: =M110/L110 -> 861.19332 | O110: =L110-I110 -> 0 | P110: =N110-K110 -> -138.80668 | Q110: =N110/K110 -> 0.86119332 | S110: 0.35150463 | T110: 0.4 | U110: 20.1 | V110: 69.833333 | AA110: =M110-J110 -> -416.42005 | AB110: =M110/J110 -> 0.86119332
B123: 平均 | I123: =AVERAGE(I107:I122) -> 3.75 | J123: =AVERAGE(J107:J122) -> 3150 | K123: =J123/I123 -> 840 | L123: =AVERAGE(L107:L122) -> 3.75 | M123: =AVERAGE(M107:M122) -> 2694.6497 | N123: =M123/L123 -> 718.57325 | O123: =L123-I123 -> 0 | P123: =N123-K123 -> -121.42675 | Q123: =N123/K123 -> 0.85544435 | S123: =S107 -> 0.25 | T123: =INDEX(T107:T122,COUNTA(T107:T122)) -> 0.4 | AA123: =M123-J123 -> -455.35029 | AB123: =M123/J123 -> 0.85544435
A124: 自動包裝機 (二配) | B124: 18℃-壽司手卷 | C124: 二配雙饗雙手卷 | E124: 29.52 | F124: 1961 | G124: =E124*F124 -> 57888.72 | I124: 17 | J124: 3273 | K124: =J124/I124 -> 192.52941 | L124: 17 | M124: =F124/V124*60 -> 2801.4286 | N124: =M124/L124 -> 164.78992 | O124: =L124-I124 -> 0 | P124: =N124-K124 -> -27.739496 | Q124: =N124/K124 -> 0.85592074 | R124: =Q140 -> 0.85306784 | S124: 0.70833333 | T124: 0.7375 | V124: 42 | AA124: =M124-J124 -> -471.57143 | AB124: =M124/J124 -> 0.85592074 | AC124: =AB140 -> 0.85306784
B125: 18℃-壽司手卷 | C125: 二配海饌雙手卷 | E125: 29.85 | F125: 1982 | G125: =E125*F125 -> 59162.7 | I125: 17 | J125: 3273 | K125: =J125/I125 -> 192.52941 | L125: 17 | M125: =F125/V125*60 -> 2800.314 | N125: =M125/L125 -> 164.72435 | O125: =L125-I125 -> 0 | P125: =N125-K125 -> -27.80506 | Q125: =N125/K125 -> 0.85558019 | S125: 0.74305556 | T125: 0.7725463 | U125: 8 | V125: 42.466667 | AA125: =M125-J125 -> -472.68603 | AB125: =M125/J125 -> 0.85558019
B126: 18℃-飯糰 | C126: 二配兩粒飯糰(鮪魚&培根蛋沙拉) | E126: 28.57 | F126: 1501 | G126: =E126*F126 -> 42883.57 | I126: 13 | J126: 3600 | K126: =J126/I126 -> 276.92308 | L126: 13 | M126: =F126/V126*60 -> 3044.2817 | N126: =M126/L126 -> 234.17551 | O126: =L126-I126 -> 0 | P126: =N126-K126 -> -42.747562 | Q126: =N126/K126 -> 0.8456338 | S126: 0.7759838 | T126: 0.79652778 | U126: 4.95 | V126: 29.583333 | AA126: =M126-J126 -> -555.71831 | AB126: =M126/J126 -> 0.8456338
B127: 18℃-壽司手卷 | C127: 二配長野稻荷壽司 | E127: 25.64 | F127: 1942 | G127: =E127*F127 -> 49792.88 | I127: 11 | J127: 3000 | K127: =J127/I127 -> 272.72727 | L127: 11 | M127: =F127/V127*60 -> 2568.4056 | N127: =M127/L127 -> 233.49142 | O127: =L127-I127 -> 0 | P127: =N127-K127 -> -39.235856 | Q127: =N127/K127 -> 0.85613519 | S127: 0.8 | T127: 0.83150463 | U127: 5 | V127: 45.366667 | AA127: =M127-J127 -> -431.59442 | AB127: =M127/J127 -> 0.85613519
B140: 平均 | I140: =AVERAGE(I124:I139) -> 14.5 | J140: =AVERAGE(J124:J139) -> 3286.5 | K140: =J140/I140 -> 226.65517 | L140: =AVERAGE(L124:L139) -> 14.5 | M140: =AVERAGE(M124:M139) -> 2803.6075 | N140: =M140/L140 -> 193.35224 | O140: =L140-I140 -> 0 | P140: =N140-K140 -> -33.302934 | Q140: =N140/K140 -> 0.85306784 | S140: =S124 -> 0.70833333 | T140: =INDEX(T124:T139,COUNTA(T124:T139)) -> 0.83150463 | AA140: =M140-J140 -> -482.89255 | AB140: =M140/J140 -> 0.85306784
A141: 味付飯糰線B (二配) | B141: 18℃-飯糰 | C141: 二配經典肉鬆飯糰 | E141: 14.03 | F141: 8077 | G141: =E141*F141 -> 113320.31 | I141: 4 | J141: 2700 | K141: =J141/I141 -> 675 | L141: 4 | M141: =F141/V141*60 -> 2403.0744 | N141: =M141/L141 -> 600.7686 | O141: =L141-I141 -> 0 | P141: =N141-K141 -> -74.231405 | Q141: =N141/K141 -> 0.89002755 | R141: =Q157 -> 0.89002755 | S141: 0.70856481 | T141: 0.84861111 | V141: 201.66667 | AA141: =M141-J141 -> -296.92562 | AB141: =M141/J141 -> 0.89002755 | AC141: =AB157 -> 0.89002755
B157: 平均 | I157: =AVERAGE(I141:I156) -> 4 | J157: =AVERAGE(J141:J156) -> 2700 | K157: =J157/I157 -> 675 | L157: =AVERAGE(L141:L156) -> 4 | M157: =AVERAGE(M141:M156) -> 2403.0744 | N157: =M157/L157 -> 600.7686 | O157: =L157-I157 -> 0 | P157: =N157-K157 -> -74.231405 | Q157: =N157/K157 -> 0.89002755 | S157: =S141 -> 0.70856481 | T157: =INDEX(T141:T156,COUNTA(T141:T156)) -> 0.84861111 | AA157: =M157-J157 -> -296.92562 | AB157: =M157/J157 -> 0.89002755
A158: (舊) 3300型飯糰線 (二配) | B158: 18℃-飯糰 | C158: 二配大飯糰韓式炸雞 | E158: 27.58 | F158: 1264 | G158: =E158*F158 -> 34861.12 | I158: 4 | J158: 3000 | K158: =J158/I158 -> 750 | L158: 4 | M158: =F158/V158*60 -> 2525.1942 | N158: =M158/L158 -> 631.29856 | O158: =L158-I158 -> 0 | P158: =N158-K158 -> -118.70144 | Q158: =N158/K158 -> 0.84173141 | R158: =Q174 -> 0.85048528 | S158: 0.70833333 | T158: 0.72918981 | V158: 30.033333 | AA158: =M158-J158 -> -474.80577 | AB158: =M158/J158 -> 0.84173141 | AC158: =AB174 -> 0.85048528
B159: 18℃-飯糰 | C159: 二配大飯糰春川風味辣炒雞 | E159: 24.15 | F159: 1015 | G159: =E159*F159 -> 24512.25 | I159: 4 | J159: 3000 | K159: =J159/I159 -> 750 | L159: 4 | M159: =F159/V159*60 -> 2516.5289 | N159: =M159/L159 -> 629.13223 | O159: =L159-I159 -> 0 | P159: =N159-K159 -> -120.86777 | Q159: =N159/K159 -> 0.83884298 | S159: 0.73263889 | T159: 0.74944444 | U159: 4.9666667 | V159: 24.2 | AA159: =M159-J159 -> -483.47107 | AB159: =M159/J159 -> 0.83884298
B160: 18℃-飯糰 | C160: 二配哇沙米魚卵沙拉飯糰 | E160: 15.71 | F160: 2903 | G160: =E160*F160 -> 45606.13 | I160: 3 | J160: 3300 | K160: =J160/I160 -> 1100 | L160: 3 | M160: =F160/V160*60 -> 2832.9629 | N160: =M160/L160 -> 944.32095 | O160: =L160-I160 -> 0 | P160: =N160-K160 -> -155.67905 | Q160: =N160/K160 -> 0.85847359 | S160: 0.75416667 | T160: 0.79686343 | U160: 6.8 | V160: 61.483333 | AA160: =M160-J160 -> -467.03714 | AB160: =M160/J160 -> 0.85847359
B161: 18℃-飯糰 | C161: 二配鹽蔥燒肉飯糰 | E161: 17.89 | F161: 4862 | G161: =E161*F161 -> 86981.18 | I161: 4 | J161: 3300 | K161: =J161/I161 -> 825 | L161: 4 | M161: =F161/V161*60 -> 2841.4286 | N161: =M161/L161 -> 710.35714 | O161: =L161-I161 -> 0 | P161: =N161-K161 -> -114.64286 | Q161: =N161/K161 -> 0.86103896 | S161: 0.80023148 | T161: 0.87152778 | U161: 4.85 | V161: 102.66667 | AA161: =M161-J161 -> -458.57143 | AB161: =M161/J161 -> 0.86103896
B174: 平均 | I174: =AVERAGE(I158:I173) -> 3.75 | J174: =AVERAGE(J158:J173) -> 3150 | K174: =J174/I174 -> 840 | L174: =AVERAGE(L158:L173) -> 3.75 | M174: =AVERAGE(M158:M173) -> 2679.0286 | N174: =M174/L174 -> 714.40764 | O174: =L174-I174 -> 0 | P174: =N174-K174 -> -125.59236 | Q174: =N174/K174 -> 0.85048528 | S174: =S158 -> 0.70833333 | T174: =INDEX(T158:T173,COUNTA(T158:T173)) -> 0.87152778 | AA174: =M174-J174 -> -470.97135 | AB174: =M174/J174 -> 0.85048528
A175: (新) 3300型飯糰機 (二配) | B175: 18℃-飯糰 | C175: 二配壹號醬炙烤牛飯糰 | E175: 22.28 | F175: 1675 | G175: =E175*F175 -> 37319 | I175: 5 | J175: 3300 | K175: =J175/I175 -> 660 | L175: 5 | M175: =F175/V175*60 -> 2824.356 | N175: =M175/L175 -> 564.87119 | O175: =L175-I175 -> 0 | P175: =N175-K175 -> -95.128806 | Q175: =N175/K175 -> 0.85586545 | R175: =Q191 -> 0.85998364 | S175: 0.70862269 | T175: 0.73333333 | V175: 35.583333 | AA175: =M175-J175 -> -475.64403 | AB175: =M175/J175 -> 0.85586545 | AC175: =AB191 -> 0.85998364
B176: 18℃-飯糰 | C176: 二配油蔥G絲飯糰 | E176: 18.18 | F176: 1792 | G176: =E176*F176 -> 32578.56 | I176: 4 | J176: 3300 | K176: =J176/I176 -> 825 | L176: 4 | M176: =F176/V176*60 -> 2831.9579 | N176: =M176/L176 -> 707.98946 | O176: =L176-I176 -> 0 | P176: =N176-K176 -> -117.01054 | Q176: =N176/K176 -> 0.85816905 | S176: 0.73821759 | T176: 0.76458333 | U176: 7.0333333 | V176: 37.966667 | AA176: =M176-J176 -> -468.04214 | AB176: =M176/J176 -> 0.85816905
B177: 18℃-飯糰 | C177: 二配雞肉飯飯糰 | E177: 16.66 | F177: 7374 | G177: =E177*F177 -> 122850.84 | I177: 4 | J177: 3300 | K177: =J177/I177 -> 825 | L177: 4 | M177: =F177/V177*60 -> 2857.5242 | N177: =M177/L177 -> 714.38105 | O177: =L177-I177 -> 0 | P177: =N177-K177 -> -110.61895 | Q177: =N177/K177 -> 0.86591643 | S177: 0.76956019 | T177: 0.87708333 | U177: 7.1666667 | V177: 154.83333 | AA177: =M177-J177 -> -442.47578 | AB177: =M177/J177 -> 0.86591643
B191: 平均 | I191: =AVERAGE(I175:I190) -> 4.3333333 | J191: =AVERAGE(J175:J190) -> 3300 | K191: =J191/I191 -> 761.53846 | L191: =AVERAGE(L175:L190) -> 4.3333333 | M191: =AVERAGE(M175:M190) -> 2837.946 | N191: =M191/L191 -> 654.91062 | O191: =L191-I191 -> 0 | P191: =N191-K191 -> -106.62784 | Q191: =N191/K191 -> 0.85998364 | S191: =S175 -> 0.70862269 | T191: =INDEX(T175:T190,COUNTA(T175:T190)) -> 0.87708333 | AA191: =M191-J191 -> -462.05398 | AB191: =M191/J191 -> 0.85998364
A192: GKK3600型 飯糰機 (二配) | B192: 18℃-飯糰 | C192: 二配芝麻香鬆飯糰 | E192: 18.18 | F192: 2263 | G192: =E192*F192 -> 41141.34 | I192: 4 | J192: 3000 | K192: =J192/I192 -> 750 | L192: 4 | M192: =F192/V192*60 -> 2581.3688 | N192: =M192/L192 -> 645.34221 | O192: =L192-I192 -> 0 | P192: =N192-K192 -> -104.65779 | Q192: =N192/K192 -> 0.86045627 | R192: =Q208 -> 0.84899002 | S192: 0.70861111 | T192: 0.74513889 | V192: 52.6 | AA192: =M192-J192 -> -418.63118 | AB192: =M192/J192 -> 0.86045627 | AC192: =AB208 -> 0.84899002
B193: 18℃-飯糰 | C193: 二配鮪魚飯糰 | E193: 14.28 | F193: 9149 | G193: =E193*F193 -> 130647.72 | I193: 3 | J193: 3600 | K193: =J193/I193 -> 1200 | L193: 3 | M193: =F193/V193*60 -> 3021.9653 | N193: =M193/L193 -> 1007.3218 | O193: =L193-I193 -> 0 | P193: =N193-K193 -> -192.67823 | Q193: =N193/K193 -> 0.83943481 | S193: 0.75586806 | T193: 0.88201389 | U193: 15.45 | V193: 181.65 | AA193: =M193-J193 -> -578.03468 | AB193: =M193/J193 -> 0.83943481
B208: 平均 | I208: =AVERAGE(I192:I207) -> 3.5 | J208: =AVERAGE(J192:J207) -> 3300 | K208: =J208/I208 -> 942.85714 | L208: =AVERAGE(L192:L207) -> 3.5 | M208: =AVERAGE(M192:M207) -> 2801.6671 | N208: =M208/L208 -> 800.47631 | O208: =L208-I208 -> 0 | P208: =N208-K208 -> -142.38084 | Q208: =N208/K208 -> 0.84899002 | S208: =S192 -> 0.70861111 | T208: =INDEX(T192:T207,COUNTA(T192:T207)) -> 0.88201389 | AA208: =M208-J208 -> -498.33293 | AB208: =M208/J208 -> 0.84899002
A209: GKK3600型 飯糰機2 (二配) | B209: 18℃-飯糰 | C209: 二配明太子龍蝦風味沙拉飯糰 | E209: 18.18 | F209: 1030 | G209: =E209*F209 -> 18725.4 | H209: 2 | I209: 3 | J209: 3600 | K209: =J209/I209 -> 1200 | L209: 3 | M209: =F209/V209*60 -> 2978.3133 | N209: =M209/L209 -> 992.77108 | O209: =L209-I209 -> 0 | P209: =N209-K209 -> -207.22892 | Q209: =N209/K209 -> 0.82730924 | R209: =Q225 -> 0.83988258 | S209: 0.70850694 | T209: 0.72291667 | V209: 20.75 | AA209: =M209-J209 -> -621.68675 | AB209: =M209/J209 -> 0.82730924 | AC209: =AB225 -> 0.83988258
B210: 18℃-飯糰 | C210: 二配蔬食鮪魚飯糰 | E210: 18.18 | F210: 2193 | G210: =E210*F210 -> 39868.74 | I210: 3 | J210: 3600 | K210: =J210/I210 -> 1200 | L210: 3 | M210: =F210/V210*60 -> 2996.129 | N210: =M210/L210 -> 998.70968 | O210: =L210-I210 -> 0 | P210: =N210-K210 -> -201.29032 | Q210: =N210/K210 -> 0.83225806 | S210: 0.73275463 | T210: 0.76325231 | U210: 14.166667 | V210: 43.916667 | AA210: =M210-J210 -> -603.87097 | AB210: =M210/J210 -> 0.83225806
B211: 18℃-飯糰 | C211: 二配北海道秋鮭親子飯糰 | E211: 24.83 | F211: 2772 | G211: =E211*F211 -> 68828.76 | I211: 4 | J211: 3300 | K211: =J211/I211 -> 825 | L211: 4 | M211: =F211/V211*60 -> 2823.7691 | N211: =M211/L211 -> 705.94228 | O211: =L211-I211 -> 0 | P211: =N211-K211 -> -119.05772 | Q211: =N211/K211 -> 0.85568761 | S211: 0.77576389 | T211: 0.81666667 | U211: 18.016667 | V211: 58.9 | AA211: =M211-J211 -> -476.2309 | AB211: =M211/J211 -> 0.85568761
B212: 18℃-飯糰 | C212: 二配熟成紅鮭飯糰 | E212: 25.03 | F212: 2090 | G212: =E212*F212 -> 52312.7 | I212: 4 | J212: 3300 | K212: =J212/I212 -> 825 | L212: 4 | M212: =F212/V212*60 -> 2821.1474 | N212: =M212/L212 -> 705.28684 | O212: =L212-I212 -> 0 | P212: =N212-K212 -> -119.71316 | Q212: =N212/K212 -> 0.85489314 | S212: 0.8284838 | T212: 0.85935185 | U212: 17.016667 | V212: 44.45 | W212: 0.85935185 | X212: 0.9181713 | AA212: =M212-J212 -> -478.85264 | AB212: =M212/J212 -> 0.85489314
B213: 18℃-飯糰 | C213: 二配明太子龍蝦風味沙拉飯糰 | E213: 18.18 | F213: 2587 | G213: =E213*F213 -> 47031.66 | I213: 3 | J213: 3600 | K213: =J213/I213 -> 1200 | L213: 3 | M213: =F213/V213*60 -> 2994.5981 | N213: =M213/L213 -> 998.19936 | O213: =L213-I213 -> 0 | P213: =N213-K213 -> -201.80064 | Q213: =N213/K213 -> 0.8318328 | S213: 0.9181713 | T213: 0.95416667 | U213: 84.7 | V213: 51.833333 | AA213: =M213-J213 -> -605.40193 | AB213: =M213/J213 -> 0.8318328
B225: 平均 | I225: =AVERAGE(I209:I224) -> 3.4 | J225: =AVERAGE(J209:J224) -> 3480 | K225: =J225/I225 -> 1023.5294 | L225: =AVERAGE(L209:L224) -> 3.4 | M225: =AVERAGE(M209:M224) -> 2922.7914 | N225: =M225/L225 -> 859.64452 | O225: =L225-I225 -> 0 | P225: =N225-K225 -> -163.88489 | Q225: =N225/K225 -> 0.83988258 | S225: =S209 -> 0.70850694 | T225: =INDEX(T209:T224,COUNTA(T209:T224)) -> 0.95416667 | AA225: =M225-J225 -> -557.20864 | AB225: =M225/J225 -> 0.83988258
Y227: 原因回覆
Y228: 1.當日出勤人數較多
Y229: 2.當日出勤人數較少
Y230: 3.當日出勤熟手較多
Y231: 4.當日出勤新人較多
Y232: 5.機台夾盒
Y233: 6.封膜不順
Y234: 7.更換膠膜
Y235: 8.更換碳帶
Y236: 9.當日熱轉印碳帶異常
Y237: 10.訂單量過少
Y238: 11.新品上市，尚未熟悉
Y239: 12.活動期間品項需貼標

Sheet 0829(4度C)
A1: 大溪廠日報分析 | C1: 總生產量 | D1: =SUM(F5:F157) -> 88792 | E1: 營業額 | F1: =SUM(G5:G157) -> 3784858.6 | G1: 出勤人數 | H1: =L21+L38+L55+L72+L89+L106+L123+L140+L157 -> 171.00833 | I1: 產線配置圖 | L1: 生產實績 | O1: 人時性差異分析 | S1: 日報登錄 | Y1: 分析說明 | AA1: 產能差異分析
A2: 45898 | C2: 人時性 | D2: =AVERAGE(N21,N38,N55,N72,N89,N106,N123,N140,N157) -> 134.31558 | E2: 平均廠價 | F2: =F1/D1 -> 42.626122 | G2: 多次生產數 | H2: =COUNT(H5:H157) -> 0
A3: 線別 | B3: 品類 | C3: 品名 | E3: 廠價 | F3: 生產量 | G3: 營收 | H3: 多次 生產 | I3: 人數 | J3: 產能/時 | K3: 人時性 | L3: 人數 | M3: 產能/時 | N3: 人時性 | O3: 人數 | P3: 人時性 | Q3: 達成率 | R3: 達成率 平均 | S3: 生產時間 | U3: 換線、休息/分 | V3: 稼動時間/分 | W3: 休息時間 | Y3: (屏榮回填) | AA3: 產能/時 | AB3: 達成率 | AC3: 達成率平均
S4: 開始 | T4: 結束 | W4: 開始 | X4: 結束
A5: 便當一線 | B5: 微波小吃 | C5: 日式茶碗蒸 | E5: 19.7 | F5: 3111 | G5: =E5*F5 -> 61286.7 | I5: 13 | J5: 1200 | K5: =J5/I5 -> 92.307692 | L5: 13 | M5: =F5/V5*60 -> 1059.8656 | N5: =M5/L5 -> 81.528125 | O5: =L5-I5 -> 0 | P5: =N5-K5 -> -10.779568 | Q5: =N5/K5 -> 0.88322135 | R5: =Q21 -> 0.87448303 | S5: 0.29166667 | T5: 0.41396991 | V5: 176.11667 | AA5: =M5-J5 -> -140.13438 | AB5: =M5/J5 -> 0.88322135 | AC5: =AB21 -> 0.87448303
B6: 4℃-飯糰 | C6: 麻油雞飯糰 | E6: 29.97 | F6: 1654 | G6: =E6*F6 -> 49570.38 | I6: 20 | J6: 2600 | K6: =J6/I6 -> 130 | L6: 20 | M6: =F6/V6*60 -> 2263.1699 | N6: =M6/L6 -> 113.15849 | O6: =L6-I6 -> 0 | P6: =N6-K6 -> -16.841505 | Q6: =N6/K6 -> 0.87044996 | S6: 0.53135417 | T6: 0.56180556 | U6: 57.15 | V6: 43.85 | AA6: =M6-J6 -> -336.8301 | AB6: =M6/J6 -> 0.87044996
B21: 平均 | I21: =AVERAGE(I5:I20) -> 16.5 | J21: =AVERAGE(J5:J20) -> 1900 | K21: =J21/I21 -> 115.15152 | L21: =AVERAGE(L5:L20) -> 16.5 | M21: =AVERAGE(M5:M20) -> 1661.5178 | N21: =M21/L21 -> 100.69805 | O21: =L21-I21 -> 0 | P21: =N21-K21 -> -14.453469 | Q21: =N21/K21 -> 0.87448303 | S21: =S5 -> 0.29166667 | T21: =INDEX(T5:T20,COUNTA(T5:T20)) -> 0.56180556 | AA21: =M21-J21 -> -238.48224 | AB21: =M21/J21 -> 0.87448303
A22: 便當二線 | B22: 便當 | C22: 鰻牛雙饗匠食盒 | E22: 71.88 | F22: 1344 | G22: =E22*F22 -> 96606.72 | I22: 26 | J22: 2000 | K22: =J22/I22 -> 76.923077 | L22: 26 | M22: =F22/V22*60 -> 1700.0703 | N22: =M22/L22 -> 65.387318 | O22: =L22-I22 -> 0 | P22: =N22-K22 -> -11.535759 | Q22: =N22/K22 -> 0.85003514 | R22: =Q38 -> 0.85531369 | S22: 0.25 | T22: 0.28293981 | V22: 47.433333 | AA22: =M22-J22 -> -299.92973 | AB22: =M22/J22 -> 0.85003514 | AC22: =AB38 -> 0.85531369
B23: 微波主食 | C23: 糖燻野郎三十天熟成牛飯 | E23: 56.77 | F23: 3593 | G23: =E23*F23 -> 203974.61 | I23: 26 | J23: 2000 | K23: =J23/I23 -> 76.923077 | L23: 26 | M23: =F23/V23*60 -> 1742.2953 | N23: =M23/L23 -> 67.011356 | O23: =L23-I23 -> 0 | P23: =N23-K23 -> -9.9117208 | Q23: =N23/K23 -> 0.87114763 | S23: 0.2862963 | T23: 0.37222222 | U23: 4.8333333 | V23: 123.73333 | AA23: =M23-J23 -> -257.70474 | AB23: =M23/J23 -> 0.87114763
B24: 微波主食 | C24: 柚見極炙烤牛 | E24: 57.3 | F24: 1208 | G24: =E24*F24 -> 69218.4 | I24: 26 | J24: 2000 | K24: =J24/I24 -> 76.923077 | L24: 26 | M24: =F24/V24*60 -> 1701.4085 | N24: =M24/L24 -> 65.438787 | O24: =L24-I24 -> 0 | P24: =N24-K24 -> -11.48429 | Q24: =N24/K24 -> 0.85070423 | S24: 0.37736111 | T24: 0.40694444 | U24: 7.4 | V24: 42.6 | AA24: =M24-J24 -> -298.59155 | AB24: =M24/J24 -> 0.85070423
B25: 微波主食 | C25: 蒜蒜燒豚飯 | E25: 51.86 | F25: 1322 | G25: =E25*F25 -> 68558.92 | I25: 26 | J25: 2000 | K25: =J25/I25 -> 76.923077 | L25: 26 | M25: =F25/V25*60 -> 1699.7143 | N25: =M25/L25 -> 65.373626 | O25: =L25-I25 -> 0 | P25: =N25-K25 -> -11.549451 | Q25: =N25/K25 -> 0.84985714 | S25: 0.41203704 | T25: 0.44444444 | U25: 7.3333333 | V25: 46.666667 | W25: 0.44444444 | X25: 0.48402778 | AA25: =M25-J25 -> -300.28571 | AB25: =M25/J25 -> 0.84985714
B26: 微波主食 | C26: 壹號醬雞豚雙拼 | E26: 56.43 | F26: 2118 | G26: =E26*F26 -> 119518.74 | I26: 22 | J26: 2000 | K26: =J26/I26 -> 90.909091 | L26: 22 | M26: =F26/V26*60 -> 1711.1311 | N26: =M26/L26 -> 77.778685 | O26: =L26-I26 -> 0 | P26: =N26-K26 -> -13.130406 | Q26: =N26/K26 -> 0.85556553 | S26: 0.48402778 | T26: 0.53560185 | U26: 57 | V26: 74.266667 | AA26: =M26-J26 -> -288.86894 | AB26: =M26/J26 -> 0.85556553
B27: 微波主食 | C27: 姨次滿足熟成牛豚雙拼 | E27: 57.3 | F27: 1599 | G27: =E27*F27 -> 91622.7 | I27: 25 | J27: 2000 | K27: =J27/I27 -> 80 | L27: 25 | M27: =F27/V27*60 -> 1709.1449 | N27: =M27/L27 -> 68.365796 | O27: =L27-I27 -> 0 | P27: =N27-K27 -> -11.634204 | Q27: =N27/K27 -> 0.85457245 | S27: 0.54097222 | T27: 0.5799537 | U27: 7.7333333 | V27: 56.133333 | AA27: =M27-J27 -> -290.85511 | AB27: =M27/J27 -> 0.85457245
AQ29: =AI8 -> 0
B38: 平均 | I38: =AVERAGE(I22:I37) -> 25.166667 | J38: =AVERAGE(J22:J37) -> 2000 | K38: =J38/I38 -> 79.470199 | L38: =AVERAGE(L22:L37) -> 25.166667 | M38: =AVERAGE(M22:M37) -> 1710.6274 | N38: =M38/L38 -> 67.971948 | O38: =L38-I38 -> 0 | P38: =N38-K38 -> -11.49825 | Q38: =N38/K38 -> 0.85531369 | S38: =S22 -> 0.25 | T38: =INDEX(T22:T37,COUNTA(T22:T37)) -> 0.5799537 | AA38: =M38-J38 -> -289.37263 | AB38: =M38/J38 -> 0.85531369
A39: 涼麵一線 | B39: 熱食義麵 | C39: 金沙豆腐細扁麵 | E39: 49.52 | F39: 1680 | G39: =E39*F39 -> 83193.6 | I39: 24 | J39: 2000 | K39: =J39/I39 -> 83.333333 | L39: 24 | M39: =F39/V39*60 -> 1714.2857 | N39: =M39/L39 -> 71.428571 | O39: =L39-I39 -> 0 | P39: =N39-K39 -> -11.904762 | Q39: =N39/K39 -> 0.85714286 | R39: =Q55 -> 0.85885438 | S39: 0.33347222 | T39: 0.37430556 | V39: 58.8 | AA39: =M39-J39 -> -285.71429 | AB39: =M39/J39 -> 0.85714286 | AC39: =AB55 -> 0.85885438
B40: 微波小吃 | C40: 越式牛肉寬粉 | E40: 51.82 | F40: 1870 | G40: =E40*F40 -> 96903.4 | I40: 23 | J40: 1800 | K40: =J40/I40 -> 78.26087 | L40: 23 | M40: =F40/V40*60 -> 1544.0367 | N40: =M40/L40 -> 67.13203 | O40: =L40-I40 -> 0 | P40: =N40-K40 -> -11.128839 | Q40: =N40/K40 -> 0.85779817 | S40: 0.37800926 | T40: 0.42847222 | U40: 5.3333333 | V40: 72.666667 | AA40: =M40-J40 -> -255.9633 | AB40: =M40/J40 -> 0.85779817
B41: 便當 | C41: 美式雞丁餐盒 | E41: 59.34 | F41: 1646 | G41: =E41*F41 -> 97673.64 | I41: 24 | J41: 2000 | K41: =J41/I41 -> 83.333333 | L41: 24 | M41: =F41/V41*60 -> 1713.5917 | N41: =M41/L41 -> 71.399653 | O41: =L41-I41 -> 0 | P41: =N41-K41 -> -11.93368 | Q41: =N41/K41 -> 0.85679584 | S41: 0.43289352 | T41: 0.47291667 | U41: 6.3666667 | V41: 57.633333 | W41: 0.47291667 | X41: 0.5119213 | AA41: =M41-J41 -> -286.40833 | AB41: =M41/J41 -> 0.85679584
B42: 便當 | C42: 烤蛋白餐盒 | E42: 58.67 | F42: 2845 | G42: =E42*F42 -> 166916.15 | I42: 24 | J42: 2000 | K42: =J42/I42 -> 83.333333 | L42: 24 | M42: =F42/V42*60 -> 1727.1501 | N42: =M42/L42 -> 71.964587 | O42: =L42-I42 -> 0 | P42: =N42-K42 -> -11.368746 | Q42: =N42/K42 -> 0.86357504 | S42: 0.5119213 | T42: 0.58055556 | U42: 56.166667 | V42: 98.833333 | AA42: =M42-J42 -> -272.84992 | AB42: =M42/J42 -> 0.86357504
B55: 平均 | I55: =AVERAGE(I39:I54) -> 23.75 | J55: =AVERAGE(J39:J54) -> 1950 | K55: =J55/I55 -> 82.105263 | L55: =AVERAGE(L39:L54) -> 23.75 | M55: =AVERAGE(M39:M54) -> 1674.766 | N55: =M55/L55 -> 70.516465 | O55: =L55-I55 -> 0 | P55: =N55-K55 -> -11.588798 | Q55: =N55/K55 -> 0.85885438 | S55: =S39 -> 0.33347222 | T55: =INDEX(T39:T54,COUNTA(T39:T54)) -> 0.58055556 | AA55: =M55-J55 -> -275.23396 | AB55: =M55/J55 -> 0.85885438
A56: 涼麵二線 | B56: 便當 | C56: 經典滷肉飯 | E56: 47.37 | F56: 1499 | G56: =E56*F56 -> 71007.63 | I56: 21 | J56: 2000 | K56: =J56/I56 -> 95.238095 | L56: 21 | M56: =F56/V56*60 -> 1704.4852 | N56: =M56/L56 -> 81.16596 | O56: =L56-I56 -> 0 | P56: =N56-K56 -> -14.072135 | Q56: =N56/K56 -> 0.85224258 | R56: =Q72 -> 0.85792034 | S56: 0.33349537 | T56: 0.37013889 | V56: 52.766667 | AA56: =M56-J56 -> -295.51485 | AB56: =M56/J56 -> 0.85224258 | AC56: =AB72 -> 0.85792034
B57: 便當 | C57: 一口滷魂便當 | E57: 53.37 | F57: 784 | G57: =E57*F57 -> 41842.08 | I57: 25 | J57: 2000 | K57: =J57/I57 -> 80 | L57: 25 | M57: =F57/V57*60 -> 1695.1351 | N57: =M57/L57 -> 67.805405 | O57: =L57-I57 -> 0 | P57: =N57-K57 -> -12.194595 | Q57: =N57/K57 -> 0.84756757 | S57: 0.37378472 | T57: 0.39305556 | U57: 5.25 | V57: 27.75 | AA57: =M57-J57 -> -304.86486 | AB57: =M57/J57 -> 0.84756757
B58: 便當 | C58: 嫩烤香料雞胸排蔬滿盒 | E58: 77.34 | F58: 2137 | G58: =E58*F58 -> 165275.58 | I58: 25 | J58: 2000 | K58: =J58/I58 -> 80 | L58: 25 | M58: =F58/V58*60 -> 1715.7003 | N58: =M58/L58 -> 68.628011 | O58: =L58-I58 -> 0 | P58: =N58-K58 -> -11.371989 | Q58: =N58/K58 -> 0.85785013 | S58: 0.39740741 | T58: 0.44930556 | U58: 6.2666667 | V58: 74.733333 | W58: 0.44930556 | X58: 0.48833333 | AA58: =M58-J58 -> -284.29973 | AB58: =M58/J58 -> 0.85785013
B59: 便當 | C59: 健身G肉餐盒 | E59: 59.52 | F59: 3869 | G59: =E59*F59 -> 230282.88 | I59: 25 | J59: 2000 | K59: =J59/I59 -> 80 | L59: 25 | M59: =F59/V59*60 -> 1748.0422 | N59: =M59/L59 -> 69.921687 | O59: =L59-I59 -> 0 | P59: =N59-K59 -> -10.078313 | Q59: =N59/K59 -> 0.87402108 | S59: 0.48833333 | T59: 0.58055556 | U59: 56.2 | V59: 132.8 | AA59: =M59-J59 -> -251.95783 | AB59: =M59/J59 -> 0.87402108
B72: 平均 | I72: =AVERAGE(I56:I71) -> 24 | J72: =AVERAGE(J56:J71) -> 2000 | K72: =J72/I72 -> 83.333333 | L72: =AVERAGE(L56:L71) -> 24 | M72: =AVERAGE(M56:M71) -> 1715.8407 | N72: =M72/L72 -> 71.493362 | O72: =L72-I72 -> 0 | P72: =N72-K72 -> -11.839972 | Q72: =N72/K72 -> 0.85792034 | S72: =S56 -> 0.33349537 | T72: =INDEX(T56:T71,COUNTA(T56:T71)) -> 0.58055556 | AA72: =M72-J72 -> -284.15932 | AB72: =M72/J72 -> 0.85792034
A73: 涼麵三線 | B73: 季節調理麵 | C73: 椒麻香蔥雞涼拌麵 | E73: 37.94 | F73: 4197 | G73: =E73*F73 -> 159234.18 | I73: 21 | J73: 3600 | K73: =J73/I73 -> 171.42857 | L73: 21 | M73: =F73/V73*60 -> 3009.8008 | N73: =M73/L73 -> 143.32385 | O73: =L73-I73 -> 0 | P73: =N73-K73 -> -28.104724 | Q73: =N73/K73 -> 0.83605578 | R73: =Q89 -> 0.8529406 | S73: 0.16689815 | T73: 0.225 | V73: 83.666667 | AA73: =M73-J73 -> -590.1992 | AB73: =M73/J73 -> 0.83605578 | AC73: =AB89 -> 0.8529406
B74: 季節調理麵 | C74: 酸辣麻醬細冷麵 | E74: 32.06 | F74: 2635 | G74: =E74*F74 -> 84478.1 | I74: 21 | J74: 3600 | K74: =J74/I74 -> 171.42857 | L74: 21 | M74: =F74/V74*60 -> 3001.8987 | N74: =M74/L74 -> 142.94756 | O74: =L74-I74 -> 0 | P74: =N74-K74 -> -28.481013 | Q74: =N74/K74 -> 0.83386076 | S74: 0.23009259 | T74: 0.26666667 | U74: 7.3333333 | V74: 52.666667 | AA74: =M74-J74 -> -598.10127 | AB74: =M74/J74 -> 0.83386076
B75: 季節調理麵 | C75: 和風涓絲冷麵 | E75: 28.29 | F75: 3935 | G75: =E75*F75 -> 111321.15 | I75: 19 | J75: 3600 | K75: =J75/I75 -> 189.47368 | L75: 19 | M75: =F75/V75*60 -> 3007.0049 | N75: =M75/L75 -> 158.26341 | O75: =L75-I75 -> 0 | P75: =N75-K75 -> -31.210269 | Q75: =N75/K75 -> 0.83527913 | S75: 0.27255787 | T75: 0.32708333 | U75: 8.4833333 | V75: 78.516667 | AA75: =M75-J75 -> -592.99512 | AB75: =M75/J75 -> 0.83527913
B76: 季節調理麵 | C76: 芝麻鰹魚烏龍冷麵 | E76: 38.99 | F76: 2151 | G76: =E76*F76 -> 83867.49 | I76: 19 | J76: 3600 | K76: =J76/I76 -> 189.47368 | L76: 19 | M76: =F76/V76*60 -> 2993.2741 | N76: =M76/L76 -> 157.54074 | O76: =L76-I76 -> 0 | P76: =N76-K76 -> -31.932944 | Q76: =N76/K76 -> 0.83146502 | S76: 0.33263889 | T76: 0.36258102 | U76: 8 | V76: 43.116667 | AA76: =M76-J76 -> -606.72594 | AB76: =M76/J76 -> 0.83146502
B77: 季節調理麵 | C77: 台式麻醬涼麵 | E77: 31.27 | F77: 3538 | G77: =E77*F77 -> 110633.26 | I77: 19 | J77: 3600 | K77: =J77/I77 -> 189.47368 | L77: 19 | M77: =F77/V77*60 -> 3003.9623 | N77: =M77/L77 -> 158.10328 | O77: =L77-I77 -> 0 | P77: =N77-K77 -> -31.370407 | Q77: =N77/K77 -> 0.83443396 | S77: 0.3662037 | T77: 0.41527778 | U77: 5.2166667 | V77: 70.666667 | AA77: =M77-J77 -> -596.03774 | AB77: =M77/J77 -> 0.83443396
B78: 季節調理麵 | C78: 日式蕎麥沾麵 | E78: 36.86 | F78: 3244 | G78: =E78*F78 -> 119573.84 | I78: 21 | J78: 3600 | K78: =J78/I78 -> 171.42857 | L78: 21 | M78: =F78/V78*60 -> 3177.7959 | N78: =M78/L78 -> 151.32362 | O78: =L78-I78 -> 0 | P78: =N78-K78 -> -20.104956 | Q78: =N78/K78 -> 0.88272109 | S78: 0.42013889 | T78: 0.46267361 | U78: 7 | V78: 61.25 | W78: 0.46267361 | X78: 0.50509259 | AA78: =M78-J78 -> -422.20408 | AB78: =M78/J78 -> 0.88272109
B79: 季節調理麵 | C79: 大滿足香辣涼麵 | E79: 38.63 | F79: 4816 | G79: =E79*F79 -> 186042.08 | I79: 20 | J79: 3600 | K79: =J79/I79 -> 180 | L79: 20 | M79: =F79/V79*60 -> 3184.7171 | N79: =M79/L79 -> 159.23586 | O79: =L79-I79 -> 0 | P79: =N79-K79 -> -20.764144 | Q79: =N79/K79 -> 0.88464364 | S79: 0.50509259 | T79: 0.56810185 | U79: 61.083333 | V79: 90.733333 | AA79: =M79-J79 -> -415.28288 | AB79: =M79/J79 -> 0.88464364
B80: 季節調理麵 | C80: 大滿足麻醬涼麵 | E80: 38 | F80: 6430 | G80: =E80*F80 -> 244340 | I80: 21 | J80: 3600 | K80: =J80/I80 -> 171.42857 | L80: 21 | M80: =F80/V80*60 -> 3186.2354 | N80: =M80/L80 -> 151.72549 | O80: =L80-I80 -> 0 | P80: =N80-K80 -> -19.703077 | Q80: =N80/K80 -> 0.88506538 | S80: 0.57152778 | T80: 0.65561343 | U80: 4.9333333 | V80: 121.08333 | AA80: =M80-J80 -> -413.76462 | AB80: =M80/J80 -> 0.88506538
B89: 平均 | I89: =AVERAGE(I73:I88) -> 20.125 | J89: =AVERAGE(J73:J88) -> 3600 | K89: =J89/I89 -> 178.88199 | L89: =AVERAGE(L73:L88) -> 20.125 | M89: =AVERAGE(M73:M88) -> 3070.5861 | N89: =M89/L89 -> 152.57571 | O89: =L89-I89 -> 0 | P89: =N89-K89 -> -26.306279 | Q89: =N89/K89 -> 0.8529406 | S89: =S73 -> 0.16689815 | T89: =INDEX(T73:T88,COUNTA(T73:T88)) -> 0.65561343 | AA89: =M89-J89 -> -529.41386 | AB89: =M89/J89 -> 0.8529406
A90: 自動包裝機 | B90: 4℃-飯糰 | C90: 大口蒜味香腸燒肉雙拼飯糰 | E90: 34.23 | F90: 1440 | G90: =E90*F90 -> 49291.2 | I90: 16 | J90: 3000 | K90: =J90/I90 -> 187.5 | L90: 16 | M90: =F90/V90*60 -> 2549.9262 | N90: =M90/L90 -> 159.37039 | O90: =L90-I90 -> 0 | P90: =N90-K90 -> -28.129611 | Q90: =N90/K90 -> 0.84997541 | R90: =Q106 -> 0.85808053 | S90: 0.25008102 | T90: 0.27361111 | V90: 33.883333 | AA90: =M90-J90 -> -450.07378 | AB90: =M90/J90 -> 0.84997541 | AC90: =AB106 -> 0.85808053
B91: 4℃-飯糰 | C91: 大口花椒香麻雞飯糰 | E91: 34.77 | F91: 1101 | G91: =E91*F91 -> 38281.77 | I91: 11 | J91: 3000 | K91: =J91/I91 -> 272.72727 | L91: 11 | M91: =F91/V91*60 -> 2544.0308 | N91: =M91/L91 -> 231.27553 | O91: =L91-I91 -> 0 | P91: =N91-K91 -> -41.451745 | Q91: =N91/K91 -> 0.84801027 | S91: 0.27641204 | T91: 0.29444444 | U91: 4.0333333 | V91: 25.966667 | AA91: =M91-J91 -> -455.96919 | AB91: =M91/J91 -> 0.84801027
B92: 4℃-飯糰 | C92: 霜降和牛飯糰 | E92: 26.63 | F92: 1583 | G92: =E92*F92 -> 42155.29 | I92: 9 | J92: 2600 | K92: =J92/I92 -> 288.88889 | L92: 9 | M92: =F92/V92*60 -> 2226.0938 | N92: =M92/L92 -> 247.34375 | O92: =L92-I92 -> 0 | P92: =N92-K92 -> -41.545139 | Q92: =N92/K92 -> 0.8561899 | S92: 0.36412037 | T92: 0.39375 | U92: 8.3 | V92: 42.666667 | AA92: =M92-J92 -> -373.90625 | AB92: =M92/J92 -> 0.8561899
B93: 4℃-飯糰 | C93: 大口法式蕈菇起司雞排飯糰 | E93: 35.83 | F93: 3990 | G93: =E93*F93 -> 142961.7 | I93: 12 | J93: 3273 | K93: =J93/I93 -> 272.75 | L93: 12 | M93: =F93/V93*60 -> 2844.3564 | N93: =M93/L93 -> 237.0297 | O93: =L93-I93 -> 0 | P93: =N93-K93 -> -35.720297 | Q93: =N93/K93 -> 0.86903649 | S93: 0.39861111 | T93: 0.45706019 | U93: 7 | V93: 84.166667 | W93: 0.45706019 | X93: 0.49818287 | AA93: =M93-J93 -> -428.64356 | AB93: =M93/J93 -> 0.86903649
B94: 4℃-飯糰 | C94: 大口義式香草雞腿排飯糰 | E94: 36.41 | F94: 3286 | G94: =E94*F94 -> 119643.26 | I94: 11 | J94: 3273 | K94: =J94/I94 -> 297.54545 | L94: 11 | M94: =F94/V94*60 -> 2832.0804 | N94: =M94/L94 -> 257.46186 | O94: =L94-I94 -> 0 | P94: =N94-K94 -> -40.083596 | Q94: =N94/K94 -> 0.86528581 | S94: 0.49818287 | T94: 0.54652778 | U94: 59.216667 | V94: 69.616667 | AA94: =M94-J94 -> -440.91956 | AB94: =M94/J94 -> 0.86528581
B106: 平均 | I106: =AVERAGE(I90:I105) -> 11.8 | J106: =AVERAGE(J90:J105) -> 3029.2 | K106: =J106/I106 -> 256.71186 | L106: =AVERAGE(L90:L105) -> 11.8 | M106: =AVERAGE(M90:M105) -> 2599.2975 | N106: =M106/L106 -> 220.27945 | O106: =L106-I106 -> 0 | P106: =N106-K106 -> -36.432413 | Q106: =N106/K106 -> 0.85808053 | S106: =S90 -> 0.25008102 | T106: =INDEX(T90:T105,COUNTA(T90:T105)) -> 0.54652778 | AA106: =M106-J106 -> -429.90247 | AB106: =M106/J106 -> 0.85808053
A107: 自動包裝機3 | B107: 4℃-壽司手卷 | C107: 日式明太子炙烤牛飯卷 | E107: 26.63 | F107: 650 | G107: =E107*F107 -> 17309.5 | I107: 6 | J107: 2600 | K107: =J107/I107 -> 433.33333 | L107: 6 | M107: =F107/V107*60 -> 2176.7442 | N107: =M107/L107 -> 362.7907 | O107: =L107-I107 -> 0 | P107: =N107-K107 -> -70.542636 | Q107: =N107/K107 -> 0.8372093 | R107: =Q123 -> 0.84924597 | S107: 0.30353009 | T107: 0.31597222 | V107: 17.916667 | AA107: =M107-J107 -> -423.25581 | AB107: =M107/J107 -> 0.8372093 | AC107: =AB123 -> 0.84924597
B108: 4℃-壽司手卷 | C108: 壽喜燒和牛飯卷 | E108: 30.6 | F108: 1851 | G108: =E108*F108 -> 56640.6 | I108: 6 | J108: 2600 | K108: =J108/I108 -> 433.33333 | L108: 6 | M108: =F108/V108*60 -> 2232.3618 | N108: =M108/L108 -> 372.0603 | O108: =L108-I108 -> 0 | P108: =N108-K108 -> -61.273032 | Q108: =N108/K108 -> 0.8586007 | S108: 0.32170139 | T108: 0.35625 | U108: 8.25 | V108: 49.75 | AA108: =M108-J108 -> -367.63819 | AB108: =M108/J108 -> 0.8586007
B109: 4℃-飯糰 | C109: 淡麗清酒蒸蛤蜊烤飯糰 | E109: 24.73 | F109: 1255 | G109: =E109*F109 -> 31036.15 | I109: 6 | J109: 2600 | K109: =J109/I109 -> 433.33333 | L109: 6 | M109: =F109/V109*60 -> 2212.5367 | N109: =M109/L109 -> 368.75612 | O109: =L109-I109 -> 0 | P109: =N109-K109 -> -64.577212 | Q109: =N109/K109 -> 0.85097566 | S109: 0.35972222 | T109: 0.38335648 | U109: 5 | V109: 34.033333 | AA109: =M109-J109 -> -387.46327 | AB109: =M109/J109 -> 0.85097566
B110: 4℃-飯糰 | C110: 鮭魚炙燒明太子烤飯糰 | E110: 24.94 | F110: 953 | G110: =E110*F110 -> 23767.82 | I110: 6 | J110: 2600 | K110: =J110/I110 -> 433.33333 | L110: 6 | M110: =F110/V110*60 -> 2206.3023 | N110: =M110/L110 -> 367.71704 | O110: =L110-I110 -> 0 | P110: =N110-K110 -> -65.616292 | Q110: =N110/K110 -> 0.84857779 | S110: 0.38686343 | T110: 0.40486111 | U110: 5.05 | V110: 25.916667 | AA110: =M110-J110 -> -393.69775 | AB110: =M110/J110 -> 0.84857779
B111: 4℃-飯糰 | C111: 糖燻野郎起司炙燒牛烤飯糰 | E111: 24.73 | F111: 1304 | G111: =E111*F111 -> 32247.92 | I111: 6 | J111: 2600 | K111: =J111/I111 -> 433.33333 | L111: 6 | M111: =F111/V111*60 -> 2212.2526 | N111: =M111/L111 -> 368.70877 | O111: =L111-I111 -> 0 | P111: =N111-K111 -> -64.624568 | Q111: =N111/K111 -> 0.85086638 | S111: 0.40833333 | T111: 0.43289352 | U111: 5 | V111: 35.366667 | AA111: =M111-J111 -> -387.74741 | AB111: =M111/J111 -> 0.85086638
B123: 平均 | I123: =AVERAGE(I107:I122) -> 6 | J123: =AVERAGE(J107:J122) -> 2600 | K123: =J123/I123 -> 433.33333 | L123: =AVERAGE(L107:L122) -> 6 | M123: =AVERAGE(M107:M122) -> 2208.0395 | N123: =M123/L123 -> 368.00659 | O123: =L123-I123 -> 0 | P123: =N123-K123 -> -65.326748 | Q123: =N123/K123 -> 0.84924597 | S123: =S107 -> 0.30353009 | T123: =INDEX(T107:T122,COUNTA(T107:T122)) -> 0.43289352 | AA123: =M123-J123 -> -391.96049 | AB123: =M123/J123 -> 0.84924597
A124: 涼麵一線 (二配) | B124: 微波主食 | C124: 二配里肌豬排可可咖哩歐姆蛋飯 | E124: 56.79 | F124: 2019 | G124: =E124*F124 -> 114659.01 | I124: 23 | J124: 2000 | K124: =J124/I124 -> 86.956522 | L124: 23 | M124: =F124/V124*60 -> 1718.7042 | N124: =M124/L124 -> 74.726269 | O124: =L124-I124 -> 0 | P124: =N124-K124 -> -12.230253 | Q124: =N124/K124 -> 0.85935209 | R124: =Q140 -> 0.85751498 | S124: 0.70833333 | T124: 0.75728009 | V124: 70.483333 | AA124: =M124-J124 -> -281.29581 | AB124: =M124/J124 -> 0.85935209 | AC124: =AB140 -> 0.85751498
B125: 微波主食 | C125: 二配黃金雞排蘑菇白醬歐姆蛋飯 | E125: 56.87 | F125: 1641 | G125: =E125*F125 -> 93323.67 | I125: 23 | J125: 2000 | K125: =J125/I125 -> 86.956522 | L125: 23 | M125: =F125/V125*60 -> 1711.3557 | N125: =M125/L125 -> 74.406771 | O125: =L125-I125 -> 0 | P125: =N125-K125 -> -12.549751 | Q125: =N125/K125 -> 0.85567787 | S125: 0.76212963 | T125: 0.80208333 | U125: 6.9833333 | V125: 57.533333 | AA125: =M125-J125 -> -288.64426 | AB125: =M125/J125 -> 0.85567787
B140: 平均 | I140: =AVERAGE(I124:I139) -> 23 | J140: =AVERAGE(J124:J139) -> 2000 | K140: =J140/I140 -> 86.956522 | L140: =AVERAGE(L124:L139) -> 23 | M140: =AVERAGE(M124:M139) -> 1715.03 | N140: =M140/L140 -> 74.56652 | O140: =L140-I140 -> 0 | P140: =N140-K140 -> -12.390002 | Q140: =N140/K140 -> 0.85751498 | S140: =S124 -> 0.70833333 | T140: =INDEX(T124:T139,COUNTA(T124:T139)) -> 0.80208333 | AA140: =M140-J140 -> -284.97004 | AB140: =M140/J140 -> 0.85751498
A141: 涼麵二線 (二配) | B141: 微波主食 | C141: 二配鐵板蘑菇肉醬起司焗飯 | E141: 44.3 | F141: 1683 | G141: =E141*F141 -> 74556.9 | I141: 17 | J141: 2000 | K141: =J141/I141 -> 117.64706 | L141: 17 | M141: =F141/V141*60 -> 1711.0421 | N141: =M141/L141 -> 100.64953 | O141: =L141-I141 -> 0 | P141: =N141-K141 -> -16.997525 | Q141: =N141/K141 -> 0.85552104 | R141: =Q157 -> 0.85489858 | S141: 0.70833333 | T141: 0.74931713 | V141: 59.016667 | AA141: =M141-J141 -> -288.95792 | AB141: =M141/J141 -> 0.85552104 | AC141: =AB157 -> 0.85489858
B142: 微波主食 | C142: 二配三杯海瓜子好下飯 | E142: 50.67 | F142: 729 | G142: =E142*F142 -> 36938.43 | I142: 22 | J142: 2000 | K142: =J142/I142 -> 90.909091 | L142: 22 | M142: =F142/V142*60 -> 1700.8425 | N142: =M142/L142 -> 77.311023 | O142: =L142-I142 -> 0 | P142: =N142-K142 -> -13.598068 | Q142: =N142/K142 -> 0.85042126 | S142: 0.75505787 | T142: 0.77291667 | U142: 8.2666667 | V142: 25.716667 | AA142: =M142-J142 -> -299.15749 | AB142: =M142/J142 -> 0.85042126
B143: 微波主食 | C143: 二配哞哞培根奶香海陸焗飯 | E143: 47.6 | F143: 2082 | G143: =E143*F143 -> 99103.2 | I143: 23 | J143: 2000 | K143: =J143/I143 -> 86.956522 | L143: 23 | M143: =F143/V143*60 -> 1717.5069 | N143: =M143/L143 -> 74.674212 | O143: =L143-I143 -> 0 | P143: =N143-K143 -> -12.28231 | Q143: =N143/K143 -> 0.85875344 | S143: 0.77726852 | T143: 0.82777778 | U143: 6.2666667 | V143: 72.733333 | AA143: =M143-J143 -> -282.49313 | AB143: =M143/J143 -> 0.85875344
B157: 平均 | I157: =AVERAGE(I141:I156) -> 20.666667 | J157: =AVERAGE(J141:J156) -> 2000 | K157: =J157/I157 -> 96.774194 | L157: =AVERAGE(L141:L156) -> 20.666667 | M157: =AVERAGE(M141:M156) -> 1709.7972 | N157: =M157/L157 -> 82.73212 | O157: =L157-I157 -> 0 | P157: =N157-K157 -> -14.042073 | Q157: =N157/K157 -> 0.85489858 | S157: =S141 -> 0.70833333 | T157: =INDEX(T141:T156,COUNTA(T141:T156)) -> 0.82777778 | AA157: =M157-J157 -> -290.20284 | AB157: =M157/J157 -> 0.85489858
Y159: 原因回覆
Y160: 1.當日出勤人數較多
Y161: 2.當日出勤人數較少
Y162: 3.當日出勤熟手較多
Y163: 4.當日出勤新人較多
Y164: 5.機台夾盒
Y165: 6.封膜不順
Y166: 7.更換膠膜
Y167: 8.更換碳帶
Y168: 9.當日熱轉印碳帶異常
Y169: 10.訂單量過少
Y170: 11.新品上市，尚未熟悉
Y171: 12.活動期間品項需貼標

Sheet 0828
B1: 屏榮 大溪廠組合室生產人時性分析
B3: 日期 | C3: 114.08.28星期四 | E3: 訂單量 | F3: ='0828(18度C)'!D1+'0828(4度C)'!D1 -> 223084 | H3: 營業額 | I3: ='0828(18度C)'!F1+'0828(4度C)'!F1 -> 6765305.7
B4: 人時性 | C4: 項目 | E4: ➀ | G4: ➁ | I4: ➂ | K4: ④ | M4: ⑤
C5: 組合室 | E5: 全溫層 | G5: 4度C-各編組展開(一配) | I5: 4度C-各編組展開(二配) | K5: 18度C-各編組展開(一配) | M5: 18度C-各編組展開(二配)
C6: 排關平均 | E6: =AVERAGE(D13:O13,D27:X27) -> 475.62772 | F6: =AVERAGE(#REF!,D13:K13) -> #REF! | G6: =AVERAGE(D13:K13) -> 175.65459 | I6: =AVERAGE(L13:O13) -> 91.865358 | K6: =AVERAGE(D27:O27) -> 643.39628 | M6: =AVERAGE(P27:X27) -> 757.78717
C7: 實績平均 | E7: =AVERAGE(D14:O14,D28:X28) -> 405.5346 | F7: =AVERAGE(#REF!,D14:K14) -> #REF! | G7: =AVERAGE(D14:K14) -> 150.10645 | I7: =AVERAGE(L14:O14) -> 78.599813 | K7: =AVERAGE(D28:O28) -> 547.39037 | M7: =AVERAGE(P28:X28) -> 647.01396
C8: 達成率平均 | E8: =AVERAGE(D15:O15,D29:X29) -> 0.85499711 | F8: =AVERAGE(D15:K15,#REF!) -> #REF! | G8: =AVERAGE(D15:K15) -> 0.85770481 | I8: =AVERAGE(L15:O15) -> 0.85565995 | K8: =AVERAGE(D29:O29) -> 0.85140539 | M8: =AVERAGE(P29:X29) -> 0.85580753 | O8: ※現行日本鮮食廠以達成率80%為基本(即為現行KPI)
B10: 溫層 | D10: ➁4度C-各編組展開 | L10: ➂4度C-各編組展開
B11: 編組 | D11: 1 | E11: 2 | F11: 3 | G11: 4 | H11: 5 | I11: 6 | J11: 7 | K11: 8 | L11: 1 | M11: 2 | N11: 3 | O11: 4
D12: 便當一線 | E12: 便當二線 | F12: 涼麵一線 | G12: 涼麵二線 | H12: 涼麵三線 | I12: 自動包裝機 | J12: 自動包裝機2 | K12: 自動包裝機3 | L12: 便當一線 | M12: 便當二線 | N12: 涼麵一線 | O12: 涼麵二線
B13: 人時性 | C13: 排關 | D13: 115.15152 | E13: 80.924855 | F13: 82.105263 | G13: 83.333333 | H13: 178.02198 | I13: 256.71186 | J13: - | K13: 433.33333 | L13: - | M13: - | N13: 86.956522 | O13: 96.774194
C14: 實績 | D14: 100.67018 | E14: 69.176148 | F14: 70.497687 | G14: 71.426254 | H14: 152.32998 | I14: 220.22423 | J14: - | K14: 366.42068 | L14: - | M14: - | N14: 74.506085 | O14: 82.693541
C15: 達成率 | D15: =D14/D13 -> 0.87424108 | E15: =E14/E13 -> 0.85481954 | F15: =F14/F13 -> 0.85862568 | G15: =G14/G13 -> 0.85711505 | H15: =H14/H13 -> 0.85568075 | I15: =I14/I13 -> 0.8578654 | J15: - | K15: =K14/K13 -> 0.84558618 | L15: - | M15: - | N15: =N14/N13 -> 0.85681998 | O15: =O14/O13 -> 0.85449993
B16: 作業 時間 | C16: 開始 | D16: 0.25021991 | E16: 0.25032407 | F16: 0.33333333 | G16: 0.33333333 | H16: 0.16700231 | I16: 0.25 | J16: - | K16: 0.31550926 | L16: - | M16: - | N16: 0.70833333 | O16: 0.70833333
C17: 結束 | D17: 0.55833333 | E17: 0.62708333 | F17: 0.6403125 | G17: 0.64930556 | H17: 0.70075231 | I17: 0.58611111 | J17: - | K17: 0.46180556 | L17: - | M17: - | N17: 0.80304398 | O17: 0.82083333
B18: 配置人數 | D18: 16.5 | E18: 24.714286 | F18: 23.75 | G18: 24 | H18: 20.222222 | I18: 11.8 | J18: - | K18: 6 | L18: - | M18: - | N18: 23 | O18: 20.666667
B19: 主要應用設備 | D19: L型封口機 | E19: ET-55 | F19: ET-55 | G19: ET-55 | H19: ET-600 | I19: 伺服包裝機 | J19: 伺服包裝機 | K19: 伺服包裝機 | L19: L型封口機 | M19: ET-55 | N19: ET-55 | O19: ET-55
B20: 次要應用設備 | D20: 伺服包裝機 | H20: 伺服包裝機
B21: 備註 | H21: 涼麵+烤飯糰 | I21: 大口飯糰線 | K21: 烤飯糰+手卷
B24: 溫層 | D24: ➃18度C-各編組展開 (一配) | P24: ⑤18度C-各編組展開 (二配)
B25: 編組 | D25: 1 | E25: 2 | F25: 3 | G25: 4 | H25: 5 | I25: 6 | J25: 7 | K25: 8 | L25: 9 | M25: 10 | N25: 11 | O25: 12 | P25: 1 | Q25: 2 | R25: 3 | S25: 4 | T25: 5 | U25: 6 | V25: 7 | W25: 8 | X25: 9
D26: 便當一線 | E26: 涼麵一線 | F26: 涼麵三線 | G26: 自動包裝機 | H26: 自動包裝機2 | I26: 自動包裝機3 | J26: 味付飯糰線B | K26: (舊) 3300型飯糰線 | L26: 3000型飯糰線 | M26: (新) 3300型飯糰機 | N26: GKK3600型 飯糰機 | O26: GKK3600型 飯糰機2 | P26: 自動包裝機 | Q26: 自動包裝機2 | R26: 自動包裝機3 | S26: 味付飯糰線B | T26: (舊) 3300型飯糰線 | U26: 3000型飯糰線 | V26: (新) 3300型飯糰機 | W26: GKK3600型 飯糰機 | X26: GKK3600型 飯糰機2
B27: 人時性 | C27: 排關 | D27: 226.15 | E27: - | F27: - | G27: 260.86957 | H27: 433.33333 | I27: - | J27: 675 | K27: - | L27: - | M27: 868.42105 | N27: 1200 | O27: 840 | P27: 226.65517 | Q27: - | R27: - | S27: 675 | T27: 840 | U27: - | V27: 761.53846 | W27: 1020 | X27: 1023.5294
C28: 實績 | D28: 192.9792 | E28: - | F28: - | G28: 223.34376 | H28: 356.6903 | I28: - | J28: 594.2377 | K28: - | L28: - | M28: 744.58016 | N28: 1002.4503 | O28: 717.45122 | P28: 193.26926 | Q28: - | R28: - | S28: 600.73057 | T28: 713.42825 | U28: - | V28: 654.156 | W28: 861.40747 | X28: 859.09223
C29: 達成率 | D29: =D28/D27 -> 0.85332388 | E29: - | F29: - | G29: =G28/G27 -> 0.8561511 | H29: =H28/H27 -> 0.82313146 | I29: - | J29: =J28/J27 -> 0.88035214 | K29: - | L29: - | M29: =M28/M27 -> 0.85739533 | N29: =N28/N27 -> 0.83537522 | O29: =O28/O27 -> 0.8541086 | P29: =P28/P27 -> 0.85270176 | Q29: - | R29: - | S29: =S28/S27 -> 0.88997122 | T29: =T28/T27 -> 0.84931935 | U29: - | V29: =V28/V27 -> 0.85899273 | W29: =W28/W27 -> 0.84451713 | X29: =X28/X27 -> 0.83934298
B30: 作業 時間 | C30: 開始 | D30: 0.3905787 | E30: - | F30: - | G30: 0.30763889 | H30: 0.25033565 | I30: - | J30: 0.25011574 | K30: - | L30: - | M30: 0.16666667 | N30: 0.25005787 | O30: 0.25033565 | P30: 0.70833333 | Q30: - | R30: - | S30: 0.7084375 | T30: 0.70833333 | U30: - | V30: 0.70863426 | W30: 0.70846065 | X30: 0.70833333
C31: 結束 | D31: 0.48082176 | E31: - | F31: - | G31: 0.38483796 | H31: 0.31111111 | I31: - | J31: 0.34652778 | K31: - | L31: - | M31: 0.42430556 | N31: 0.44450231 | O31: 0.4356713 | P31: 0.84652778 | Q31: - | R31: - | S31: 0.86527778 | T31: 0.88402778 | U31: - | V31: 0.89166667 | W31: 0.95856481 | X31: 0.96603009
B32: 配置人數 | D32: 13.333333 | E32: - | F32: - | G32: 11.5 | H32: 6 | I32: - | J32: 4 | K32: - | L32: - | M32: 3.8 | N32: 3 | O32: 3.75 | P32: 14.5 | Q32: - | R32: - | S32: 4 | T32: 3.75 | U32: - | V32: 4.3333333 | W32: 3.3333333 | X32: 3.4
B33: 主要應用設備 | D33: 伺服包裝機 | E33: ET-55 | F33: ET-600 | G33: 夾心型 | H33: 伺服包裝機 | I33: 伺服包裝機 | J33: 夾心型 | K33: 3300型 | L33: 3300型 | M33: 3300型 | N33: GKK | O33: GKK | P33: 夾心型 | Q33: 伺服包裝機 | R33: 伺服包裝機 | S33: 夾心型 | T33: 3300型 | U33: 3300型 | V33: 3300型 | W33: GKK | X33: GKK
B34: 次要應用設備
B35: 備註

Sheet 0828(18度C)
A1: 大溪廠日報分析 | C1: 總生產量 | D1: =SUM(F5:F225) -> 120932 | E1: 營業額 | F1: =SUM(G5:G225) -> 2355337.4 | G1: 出勤人數 | H1: =L21+L38+L55+L72+L89+L106+L123+L140+L157+L174+L191+L208+L225 -> 78.7 | I1: 產線配置圖 | L1: 生產實績 | O1: 人時性差異分析 | S1: 日報登錄 | Y1: 分析說明 | AA1: 產能差異分析
A2: 45897 | C2: 人時性 | D2: =AVERAGE(N21,N38,N55,N72,N89,N106,N123,N140,N157,N174,N191,N208,N225) -> 593.37049 | E2: 平均廠價 | F2: =F1/D1 -> 19.476544 | G2: 多次生產數 | H2: =COUNT(H5:H225) -> 2
A3: 線別 | B3: 品類 | C3: 品名 | E3: 廠價 | F3: 生產量 | G3: 營收 | H3: 多次 生產 | I3: 人數 | J3: 產能/時 | K3: 人時性 | L3: 人數 | M3: 產能/時 | N3: 人時性 | O3: 人數 | P3: 人時性 | Q3: 達成率 | R3: 達成率 平均 | S3: 生產時間 | U3: 換線、休息/分 | V3: 稼動時間/分 | W3: 休息時間 | Y3: (屏榮回填) | AA3: 產能/時 | AB3: 達成率 | AC3: 達成率平均
S4: 開始 | T4: 結束 | W4: 開始 | X4: 結束
A5: 便當一線 | B5: 18℃-壽司手卷 | C5: 一配海饌雙手卷 | E5: 29.85 | F5: 2221 | G5: =E5*F5 -> 66296.85 | I5: 17 | J5: 3273 | K5: =J5/I5 -> 192.52941 | L5: 17 | M5: =F5/V5*60 -> 2801.5417 | N5: =M5/L5 -> 164.79657 | O5: =L5-I5 -> 0 | P5: =N5-K5 -> -27.732841 | Q5: =N5/K5 -> 0.8559553 | R5: =Q21 -> 0.85332388 | S5: 0.3905787 | T5: 0.42361111 | U5: 5.4333333 | V5: 47.566667 | AA5: =M5-J5 -> -471.4583 | AB5: =M5/J5 -> 0.8559553 | AC5: =AB21 -> 0.85332388
B6: 18℃-壽司手卷 | C6: 一配雙饗雙手卷 | E6: 29.52 | F6: 2182 | G6: =E6*F6 -> 64412.64 | I6: 17 | J6: 3273 | K6: =J6/I6 -> 192.52941 | L6: 17 | M6: =F6/V6*60 -> 2801.4265 | N6: =M6/L6 -> 164.7898 | O6: =L6-I6 -> 0 | P6: =N6-K6 -> -27.739616 | Q6: =N6/K6 -> 0.85592011 | S6: 0.42865741 | T6: 0.46111111 | U6: 7.2666667 | V6: 46.733333 | AA6: =M6-J6 -> -471.57347 | AB6: =M6/J6 -> 0.85592011
B7: 18℃-壽司手卷 | C7: 一配日式厚蛋脆卷 | E7: 21.61 | F7: 860 | G7: =E7*F7 -> 18584.6 | I7: 6 | J7: 2500 | K7: =J7/I7 -> 416.66667 | L7: 6 | M7: =F7/V7*60 -> 2116.1996 | N7: =M7/L7 -> 352.69993 | O7: =L7-I7 -> 0 | P7: =N7-K7 -> -63.966735 | Q7: =N7/K7 -> 0.84647984 | S7: 0.46388889 | T7: 0.48082176 | U7: 4 | V7: 24.383333 | W7: 0.48082176 | X7: 0.51908565 | AA7: =M7-J7 -> -383.80041 | AB7: =M7/J7 -> 0.84647984
B21: 平均 | I21: =AVERAGE(I5:I20) -> 13.333333 | J21: =AVERAGE(J5:J20) -> 3015.3333 | K21: =J21/I21 -> 226.15 | L21: =AVERAGE(L5:L20) -> 13.333333 | M21: =AVERAGE(M5:M20) -> 2573.0559 | N21: =M21/L21 -> 192.9792 | O21: =L21-I21 -> 0 | P21: =N21-K21 -> -33.170805 | Q21: =N21/K21 -> 0.85332388 | S21: =S5 -> 0.3905787 | T21: =INDEX(T5:T20,COUNTA(T5:T20)) -> 0.48082176 | AA21: =M21-J21 -> -442.27739 | AB21: =M21/J21 -> 0.85332388
A22: 自動包裝機 | B22: 18℃-壽司手卷 | C22: 一配新之助的豆皮壽司喔 | E22: 25.52 | F22: 2371 | G22: =E22*F22 -> 60507.92 | I22: 12 | J22: 3000 | K22: =J22/I22 -> 250 | L22: 12 | M22: =F22/V22*60 -> 2567.87 | N22: =M22/L22 -> 213.98917 | O22: =L22-I22 -> 0 | P22: =N22-K22 -> -36.01083 | Q22: =N22/K22 -> 0.85595668 | R22: =Q38 -> 0.8561511 | S22: 0.30763889 | T22: 0.34611111 | U22: 4 | V22: 55.4 | AA22: =M22-J22 -> -432.12996 | AB22: =M22/J22 -> 0.85595668 | AC22: =AB38 -> 0.8561511
B23: 18℃-壽司手卷 | C23: 一配長野稻荷壽司 | E23: 25.64 | F23: 2148 | G23: =E23*F23 -> 55074.72 | I23: 11 | J23: 3000 | K23: =J23/I23 -> 272.72727 | L23: 11 | M23: =F23/V23*60 -> 2569.0365 | N23: =M23/L23 -> 233.54878 | O23: =L23-I23 -> 0 | P23: =N23-K23 -> -39.178496 | Q23: =N23/K23 -> 0.85634551 | S23: 0.35 | T23: 0.38483796 | U23: 5.6 | V23: 50.166667 | AA23: =M23-J23 -> -430.96346 | AB23: =M23/J23 -> 0.85634551
B38: 平均 | I38: =AVERAGE(I22:I37) -> 11.5 | J38: =AVERAGE(J22:J37) -> 3000 | K38: =J38/I38 -> 260.86957 | L38: =AVERAGE(L22:L37) -> 11.5 | M38: =AVERAGE(M22:M37) -> 2568.4533 | N38: =M38/L38 -> 223.34376 | O38: =L38-I38 -> 0 | P38: =N38-K38 -> -37.525801 | Q38: =N38/K38 -> 0.8561511 | S38: =S22 -> 0.30763889 | T38: =INDEX(T22:T37,COUNTA(T22:T37)) -> 0.38483796 | AA38: =M38-J38 -> -431.54671 | AB38: =M38/J38 -> 0.8561511
A39: 自動包裝機2 | B39: 18℃-壽司手卷 | C39: 一配芝麻海苔香鬆細卷 | E39: 14.06 | F39: 953 | G39: =E39*F39 -> 13399.18 | I39: 6 | J39: 2600 | K39: =J39/I39 -> 433.33333 | L39: 6 | M39: =F39/V39*60 -> 2156.3796 | N39: =M39/L39 -> 359.39661 | O39: =L39-I39 -> 0 | P39: =N39-K39 -> -73.936727 | Q39: =N39/K39 -> 0.82937678 | R39: =Q55 -> 0.82313146 | S39: 0.25033565 | T39: 0.26875 | V39: 26.516667 | AA39: =M39-J39 -> -443.62036 | AB39: =M39/J39 -> 0.82937678 | AC39: =AB55 -> 0.82313146
B40: 18℃-壽司手卷 | C40: 一配鮪魚沙拉細卷 | E40: 14.81 | F40: 1111 | G40: =E40*F40 -> 16453.91 | I40: 6 | J40: 2600 | K40: =J40/I40 -> 433.33333 | L40: 6 | M40: =F40/V40*60 -> 2158.4458 | N40: =M40/L40 -> 359.74096 | O40: =L40-I40 -> 0 | P40: =N40-K40 -> -73.592373 | Q40: =N40/K40 -> 0.83017145 | S40: 0.27230324 | T40: 0.29375 | U40: 5.1166667 | V40: 30.883333 | AA40: =M40-J40 -> -441.55424 | AB40: =M40/J40 -> 0.83017145
B41: 18℃-壽司手卷 | C41: 一配炙烤焦糖鮭魚細卷 | E41: 17.87 | F41: 658 | G41: =E41*F41 -> 11758.46 | I41: 6 | J41: 2600 | K41: =J41/I41 -> 433.33333 | L41: 6 | M41: =F41/V41*60 -> 2105.6 | N41: =M41/L41 -> 350.93333 | O41: =L41-I41 -> 0 | P41: =N41-K41 -> -82.4 | Q41: =N41/K41 -> 0.80984615 | S41: 0.29809028 | T41: 0.31111111 | U41: 6.25 | V41: 18.75 | AA41: =M41-J41 -> -494.4 | AB41: =M41/J41 -> 0.80984615
B55: 平均 | I55: =AVERAGE(I39:I54) -> 6 | J55: =AVERAGE(J39:J54) -> 2600 | K55: =J55/I55 -> 433.33333 | L55: =AVERAGE(L39:L54) -> 6 | M55: =AVERAGE(M39:M54) -> 2140.1418 | N55: =M55/L55 -> 356.6903 | O55: =L55-I55 -> 0 | P55: =N55-K55 -> -76.643033 | Q55: =N55/K55 -> 0.82313146 | S55: =S39 -> 0.25033565 | T55: =INDEX(T39:T54,COUNTA(T39:T54)) -> 0.31111111 | AA55: =M55-J55 -> -459.8582 | AB55: =M55/J55 -> 0.82313146
A56: 味付飯糰線B | B56: 18℃-飯糰 | C56: 一配經典肉鬆飯糰 | E56: 14.03 | F56: 5500 | G56: =E56*F56 -> 77165 | I56: 4 | J56: 2700 | K56: =J56/I56 -> 675 | L56: 4 | M56: =F56/V56*60 -> 2376.9508 | N56: =M56/L56 -> 594.2377 | O56: =L56-I56 -> 0 | P56: =N56-K56 -> -80.762305 | Q56: =N56/K56 -> 0.88035214 | R56: =Q72 -> 0.88035214 | S56: 0.25011574 | T56: 0.34652778 | V56: 138.83333 | AA56: =M56-J56 -> -323.04922 | AB56: =M56/J56 -> 0.88035214 | AC56: =AB72 -> 0.88035214
B72: 平均 | I72: =AVERAGE(I56:I71) -> 4 | J72: =AVERAGE(J56:J71) -> 2700 | K72: =J72/I72 -> 675 | L72: =AVERAGE(L56:L71) -> 4 | M72: =AVERAGE(M56:M71) -> 2376.9508 | N72: =M72/L72 -> 594.2377 | O72: =L72-I72 -> 0 | P72: =N72-K72 -> -80.762305 | Q72: =N72/K72 -> 0.88035214 | S72: =S56 -> 0.25011574 | T72: =INDEX(T56:T71,COUNTA(T56:T71)) -> 0.34652778 | AA72: =M72-J72 -> -323.04922 | AB72: =M72/J72 -> 0.88035214
A73: (新) 3300型飯糰機 | B73: 18℃-飯糰 | C73: 一配三杯辣海瓜子飯糰 | E73: 21.45 | F73: 1690 | G73: =E73*F73 -> 36250.5 | I73: 3 | J73: 3300 | K73: =J73/I73 -> 1100 | L73: 3 | M73: =F73/V73*60 -> 2816.6667 | N73: =M73/L73 -> 938.88889 | O73: =L73-I73 -> 0 | P73: =N73-K73 -> -161.11111 | Q73: =N73/K73 -> 0.85353535 | R73: =Q89 -> 0.85739533 | S73: 0.16666667 | T73: 0.19166667 | V73: 36 | AA73: =M73-J73 -> -483.33333 | AB73: =M73/J73 -> 0.85353535 | AC73: =AB89 -> 0.85739533
B74: 18℃-飯糰 | C74: 一配哇沙米魚卵沙拉飯糰 | E74: 15.71 | F74: 4415 | G74: =E74*F74 -> 69359.65 | I74: 3 | J74: 3300 | K74: =J74/I74 -> 1100 | L74: 3 | M74: =F74/V74*60 -> 2836.6946 | N74: =M74/L74 -> 945.56488 | O74: =L74-I74 -> 0 | P74: =N74-K74 -> -154.43512 | Q74: =N74/K74 -> 0.85960443 | S74: 0.19722222 | T74: 0.26207176 | U74: 8 | V74: 93.383333 | AA74: =M74-J74 -> -463.30537 | AB74: =M74/J74 -> 0.85960443
B75: 18℃-飯糰 | C75: 一配鹽蔥燒肉飯糰 | E75: 17.89 | F75: 3347 | G75: =E75*F75 -> 59877.83 | I75: 4 | J75: 3300 | K75: =J75/I75 -> 825 | L75: 4 | M75: =F75/V75*60 -> 2831.7744 | N75: =M75/L75 -> 707.9436 | O75: =L75-I75 -> 0 | P75: =N75-K75 -> -117.0564 | Q75: =N75/K75 -> 0.85811345 | S75: 0.26741898 | T75: 0.31666667 | U75: 7.7 | V75: 70.916667 | AA75: =M75-J75 -> -468.22562 | AB75: =M75/J75 -> 0.85811345
B76: 18℃-飯糰 | C76: 一配雞肉飯飯糰 | E76: 16.66 | F76: 5385 | G76: =E76*F76 -> 89714.1 | I76: 4 | J76: 3300 | K76: =J76/I76 -> 825 | L76: 4 | M76: =F76/V76*60 -> 2849.6252 | N76: =M76/L76 -> 712.40629 | O76: =L76-I76 -> 0 | P76: =N76-K76 -> -112.59371 | Q76: =N76/K76 -> 0.86352278 | S76: 0.32013889 | T76: 0.39887731 | U76: 5 | V76: 113.38333 | AA76: =M76-J76 -> -450.37483 | AB76: =M76/J76 -> 0.86352278
B77: 18℃-飯糰 | C77: 一配壹號醬炙烤牛飯糰 | E77: 22.28 | F77: 1478 | G77: =E77*F77 -> 32929.84 | I77: 5 | J77: 3300 | K77: =J77/I77 -> 660 | L77: 5 | M77: =F77/V77*60 -> 2812.2622 | N77: =M77/L77 -> 562.45243 | O77: =L77-I77 -> 0 | P77: =N77-K77 -> -97.547569 | Q77: =N77/K77 -> 0.85220065 | S77: 0.40240741 | T77: 0.42430556 | U77: 5.0833333 | V77: 31.533333 | AA77: =M77-J77 -> -487.73784 | AB77: =M77/J77 -> 0.85220065
B89: 平均 | I89: =AVERAGE(I73:I88) -> 3.8 | J89: =AVERAGE(J73:J88) -> 3300 | K89: =J89/I89 -> 868.42105 | L89: =AVERAGE(L73:L88) -> 3.8 | M89: =AVERAGE(M73:M88) -> 2829.4046 | N89: =M89/L89 -> 744.58016 | O89: =L89-I89 -> 0 | P89: =N89-K89 -> -123.84089 | Q89: =N89/K89 -> 0.85739533 | S89: =S73 -> 0.16666667 | T89: =INDEX(T73:T88,COUNTA(T73:T88)) -> 0.42430556 | AA89: =M89-J89 -> -470.5954 | AB89: =M89/J89 -> 0.85739533
A90: GKK3600型 飯糰機 | B90: 18℃-飯糰 | C90: 一配明太子龍蝦風味沙拉飯糰 | E90: 18.18 | F90: 2849 | G90: =E90*F90 -> 51794.82 | I90: 3 | J90: 3600 | K90: =J90/I90 -> 1200 | L90: 3 | M90: =F90/V90*60 -> 3003.3382 | N90: =M90/L90 -> 1001.1127 | O90: =L90-I90 -> 0 | P90: =N90-K90 -> -198.88726 | Q90: =N90/K90 -> 0.83426061 | R90: =Q106 -> 0.83537522 | S90: 0.25005787 | T90: 0.28958333 | V90: 56.916667 | AA90: =M90-J90 -> -596.66179 | AB90: =M90/J90 -> 0.83426061 | AC90: =AB106 -> 0.83537522
B91: 18℃-飯糰 | C91: 一配蔬食鮪魚飯糰 | E91: 18.18 | F91: 2598 | G91: =E91*F91 -> 47231.64 | I91: 3 | J91: 3600 | K91: =J91/I91 -> 1200 | L91: 3 | M91: =F91/V91*60 -> 2998.6534 | N91: =M91/L91 -> 999.55114 | O91: =L91-I91 -> 0 | P91: =N91-K91 -> -200.44886 | Q91: =N91/K91 -> 0.83295928 | S91: 0.30140046 | T91: 0.3375 | U91: 17.016667 | V91: 51.983333 | AA91: =M91-J91 -> -601.34659 | AB91: =M91/J91 -> 0.83295928
B92: 18℃-飯糰 | C92: 一配鮪魚飯糰 | E92: 14.28 | F92: 6900 | G92: =E92*F92 -> 98532 | I92: 3 | J92: 3600 | K92: =J92/I92 -> 1200 | L92: 3 | M92: =F92/V92*60 -> 3020.0608 | N92: =M92/L92 -> 1006.6869 | O92: =L92-I92 -> 0 | P92: =N92-K92 -> -193.31307 | Q92: =N92/K92 -> 0.83890578 | S92: 0.34930556 | T92: 0.44450231 | U92: 17 | V92: 137.08333 | AA92: =M92-J92 -> -579.93921 | AB92: =M92/J92 -> 0.83890578
B106: 平均 | I106: =AVERAGE(I90:I105) -> 3 | J106: =AVERAGE(J90:J105) -> 3600 | K106: =J106/I106 -> 1200 | L106: =AVERAGE(L90:L105) -> 3 | M106: =AVERAGE(M90:M105) -> 3007.3508 | N106: =M106/L106 -> 1002.4503 | O106: =L106-I106 -> 0 | P106: =N106-K106 -> -197.54973 | Q106: =N106/K106 -> 0.83537522 | S106: =S90 -> 0.25005787 | T106: =INDEX(T90:T105,COUNTA(T90:T105)) -> 0.44450231 | AA106: =M106-J106 -> -592.64919 | AB106: =M106/J106 -> 0.83537522
A107: GKK3600型 飯糰機2 | B107: 18℃-飯糰 | C107: 一配熟成紅鮭飯糰 | E107: 25.03 | F107: 2082 | G107: =E107*F107 -> 52112.46 | I107: 4 | J107: 3300 | K107: =J107/I107 -> 825 | L107: 4 | M107: =F107/V107*60 -> 2806.14 | N107: =M107/L107 -> 701.53501 | O107: =L107-I107 -> 0 | P107: =N107-K107 -> -123.46499 | Q107: =N107/K107 -> 0.85034546 | R107: =Q123 -> 0.8541086 | S107: 0.25033565 | T107: 0.28125 | V107: 44.516667 | AA107: =M107-J107 -> -493.85998 | AB107: =M107/J107 -> 0.85034546 | AC107: =AB123 -> 0.8541086
B108: 18℃-飯糰 | C108: 一配北海道秋鮭親子飯糰 | E108: 24.83 | F108: 2465 | G108: =E108*F108 -> 61205.95 | I108: 4 | J108: 3300 | K108: =J108/I108 -> 825 | L108: 4 | M108: =F108/V108*60 -> 2812.6783 | N108: =M108/L108 -> 703.16957 | O108: =L108-I108 -> 0 | P108: =N108-K108 -> -121.83043 | Q108: =N108/K108 -> 0.85232675 | S108: 0.2947338 | T108: 0.33125 | U108: 19.416667 | V108: 52.583333 | AA108: =M108-J108 -> -487.32171 | AB108: =M108/J108 -> 0.85232675
B109: 18℃-飯糰 | C109: 一配海老天婦羅飯糰 | E109: 27.91 | F109: 1139 | G109: =E109*F109 -> 31789.49 | I109: 4 | J109: 3000 | K109: =J109/I109 -> 750 | L109: 4 | M109: =F109/V109*60 -> 2559.5506 | N109: =M109/L109 -> 639.88764 | O109: =L109-I109 -> 0 | P109: =N109-K109 -> -110.11236 | Q109: =N109/K109 -> 0.85318352 | S109: 0.34256944 | T109: 0.36111111 | U109: 16.3 | V109: 26.7 | AA109: =M109-J109 -> -440.44944 | AB109: =M109/J109 -> 0.85318352
B110: 18℃-飯糰 | C110: 一配贅沢鮭魚肚飯糰 | E110: 30 | F110: 3977 | G110: =E110*F110 -> 119310 | I110: 3 | J110: 3000 | K110: =J110/I110 -> 1000 | L110: 3 | M110: =F110/V110*60 -> 2583.3995 | N110: =M110/L110 -> 861.13316 | O110: =L110-I110 -> 0 | P110: =N110-K110 -> -138.86684 | Q110: =N110/K110 -> 0.86113316 | S110: 0.37152778 | T110: 0.4356713 | U110: 15 | V110: 92.366667 | AA110: =M110-J110 -> -416.60051 | AB110: =M110/J110 -> 0.86113316
B123: 平均 | I123: =AVERAGE(I107:I122) -> 3.75 | J123: =AVERAGE(J107:J122) -> 3150 | K123: =J123/I123 -> 840 | L123: =AVERAGE(L107:L122) -> 3.75 | M123: =AVERAGE(M107:M122) -> 2690.4421 | N123: =M123/L123 -> 717.45122 | O123: =L123-I123 -> 0 | P123: =N123-K123 -> -122.54878 | Q123: =N123/K123 -> 0.8541086 | S123: =S107 -> 0.25033565 | T123: =INDEX(T107:T122,COUNTA(T107:T122)) -> 0.4356713 | AA123: =M123-J123 -> -459.55791 | AB123: =M123/J123 -> 0.8541086
A124: 自動包裝機 (二配) | B124: 18℃-壽司手卷 | C124: 二配雙饗雙手卷 | E124: 29.52 | F124: 2287 | G124: =E124*F124 -> 67512.24 | I124: 17 | J124: 3273 | K124: =J124/I124 -> 192.52941 | L124: 17 | M124: =F124/V124*60 -> 2800.4082 | N124: =M124/L124 -> 164.72989 | O124: =L124-I124 -> 0 | P124: =N124-K124 -> -27.79952 | Q124: =N124/K124 -> 0.85560897 | R124: =Q140 -> 0.85270176 | S124: 0.70833333 | T124: 0.74236111 | V124: 49 | AA124: =M124-J124 -> -472.59184 | AB124: =M124/J124 -> 0.85560897 | AC124: =AB140 -> 0.85270176
B125: 18℃-壽司手卷 | C125: 二配海饌雙手卷 | E125: 29.85 | F125: 2262 | G125: =E125*F125 -> 67520.7 | I125: 17 | J125: 3273 | K125: =J125/I125 -> 192.52941 | L125: 17 | M125: =F125/V125*60 -> 2800.2751 | N125: =M125/L125 -> 164.72206 | O125: =L125-I125 -> 0 | P125: =N125-K125 -> -27.807347 | Q125: =N125/K125 -> 0.85556832 | S125: 0.74652778 | T125: 0.78018519 | U125: 6 | V125: 48.466667 | AA125: =M125-J125 -> -472.7249 | AB125: =M125/J125 -> 0.85556832
B126: 18℃-飯糰 | C126: 二配兩粒飯糰(鮪魚&培根蛋沙拉) | E126: 28.57 | F126: 1579 | G126: =E126*F126 -> 45112.03 | I126: 13 | J126: 3600 | K126: =J126/I126 -> 276.92308 | L126: 13 | M126: =F126/V126*60 -> 3039.7861 | N126: =M126/L126 -> 233.8297 | O126: =L126-I126 -> 0 | P126: =N126-K126 -> -43.093377 | Q126: =N126/K126 -> 0.84438503 | S126: 0.78402778 | T126: 0.8056713 | U126: 5.5333333 | V126: 31.166667 | AA126: =M126-J126 -> -560.2139 | AB126: =M126/J126 -> 0.84438503
B127: 18℃-壽司手卷 | C127: 二配長野稻荷壽司 | E127: 25.64 | F127: 2253 | G127: =E127*F127 -> 57766.92 | I127: 11 | J127: 3000 | K127: =J127/I127 -> 272.72727 | L127: 11 | M127: =F127/V127*60 -> 2569.1479 | N127: =M127/L127 -> 233.5589 | O127: =L127-I127 -> 0 | P127: =N127-K127 -> -39.16837 | Q127: =N127/K127 -> 0.85638264 | S127: 0.80998843 | T127: 0.84652778 | U127: 6.2166667 | V127: 52.616667 | AA127: =M127-J127 -> -430.85207 | AB127: =M127/J127 -> 0.85638264
B140: 平均 | I140: =AVERAGE(I124:I139) -> 14.5 | J140: =AVERAGE(J124:J139) -> 3286.5 | K140: =J140/I140 -> 226.65517 | L140: =AVERAGE(L124:L139) -> 14.5 | M140: =AVERAGE(M124:M139) -> 2802.4043 | N140: =M140/L140 -> 193.26926 | O140: =L140-I140 -> 0 | P140: =N140-K140 -> -33.385909 | Q140: =N140/K140 -> 0.85270176 | S140: =S124 -> 0.70833333 | T140: =INDEX(T124:T139,COUNTA(T124:T139)) -> 0.84652778 | AA140: =M140-J140 -> -484.09568 | AB140: =M140/J140 -> 0.85270176
A141: 味付飯糰線B (二配) | B141: 18℃-飯糰 | C141: 二配經典肉鬆飯糰 | E141: 14.03 | F141: 9045 | G141: =E141*F141 -> 126901.35 | I141: 4 | J141: 2700 | K141: =J141/I141 -> 675 | L141: 4 | M141: =F141/V141*60 -> 2402.9223 | N141: =M141/L141 -> 600.73057 | O141: =L141-I141 -> 0 | P141: =N141-K141 -> -74.269427 | Q141: =N141/K141 -> 0.88997122 | R141: =Q157 -> 0.88997122 | S141: 0.7084375 | T141: 0.86527778 | V141: 225.85 | AA141: =M141-J141 -> -297.07771 | AB141: =M141/J141 -> 0.88997122 | AC141: =AB157 -> 0.88997122
B157: 平均 | I157: =AVERAGE(I141:I156) -> 4 | J157: =AVERAGE(J141:J156) -> 2700 | K157: =J157/I157 -> 675 | L157: =AVERAGE(L141:L156) -> 4 | M157: =AVERAGE(M141:M156) -> 2402.9223 | N157: =M157/L157 -> 600.73057 | O157: =L157-I157 -> 0 | P157: =N157-K157 -> -74.269427 | Q157: =N157/K157 -> 0.88997122 | S157: =S141 -> 0.7084375 | T157: =INDEX(T141:T156,COUNTA(T141:T156)) -> 0.86527778 | AA157: =M157-J157 -> -297.07771 | AB157: =M157/J157 -> 0.88997122
A158: (舊) 3300型飯糰線 (二配) | B158: 18℃-飯糰 | C158: 二配大飯糰韓式炸雞 | E158: 27.58 | F158: 1306 | G158: =E158*F158 -> 36019.48 | I158: 4 | J158: 3000 | K158: =J158/I158 -> 750 | L158: 4 | M158: =F158/V158*60 -> 2520.9651 | N158: =M158/L158 -> 630.24129 | O158: =L158-I158 -> 0 | P158: =N158-K158 -> -119.75871 | Q158: =N158/K158 -> 0.84032172 | R158: =Q174 -> 0.84931935 | S158: 0.70833333 | T158: 0.72991898 | V158: 31.083333 | AA158: =M158-J158 -> -479.03485 | AB158: =M158/J158 -> 0.84032172 | AC158: =AB174 -> 0.84931935
B159: 18℃-飯糰 | C159: 二配大飯糰春川風味辣炒雞 | E159: 24.15 | F159: 1040 | G159: =E159*F159 -> 25116 | I159: 4 | J159: 3000 | K159: =J159/I159 -> 750 | L159: 4 | M159: =F159/V159*60 -> 2512.7517 | N159: =M159/L159 -> 628.18792 | O159: =L159-I159 -> 0 | P159: =N159-K159 -> -121.81208 | Q159: =N159/K159 -> 0.83758389 | S159: 0.73344907 | T159: 0.75069444 | U159: 5.0833333 | V159: 24.833333 | AA159: =M159-J159 -> -487.24832 | AB159: =M159/J159 -> 0.83758389
B160: 18℃-飯糰 | C160: 二配哇沙米魚卵沙拉飯糰 | E160: 15.71 | F160: 3052 | G160: =E160*F160 -> 47946.92 | I160: 3 | J160: 3300 | K160: =J160/I160 -> 1100 | L160: 3 | M160: =F160/V160*60 -> 2831.7526 | N160: =M160/L160 -> 943.91753 | O160: =L160-I160 -> 0 | P160: =N160-K160 -> -156.08247 | Q160: =N160/K160 -> 0.85810684 | S160: 0.75439815 | T160: 0.79930556 | U160: 5.3333333 | V160: 64.666667 | AA160: =M160-J160 -> -468.24742 | AB160: =M160/J160 -> 0.85810684
B161: 18℃-飯糰 | C161: 二配鹽蔥燒肉飯糰 | E161: 17.89 | F161: 5460 | G161: =E161*F161 -> 97679.4 | I161: 4 | J161: 3300 | K161: =J161/I161 -> 825 | L161: 4 | M161: =F161/V161*60 -> 2835.9544 | N161: =M161/L161 -> 708.9886 | O161: =L161-I161 -> 0 | P161: =N161-K161 -> -116.0114 | Q161: =N161/K161 -> 0.85938012 | S161: 0.80380787 | T161: 0.88402778 | U161: 6.4833333 | V161: 115.51667 | AA161: =M161-J161 -> -464.04559 | AB161: =M161/J161 -> 0.85938012
B174: 平均 | I174: =AVERAGE(I158:I173) -> 3.75 | J174: =AVERAGE(J158:J173) -> 3150 | K174: =J174/I174 -> 840 | L174: =AVERAGE(L158:L173) -> 3.75 | M174: =AVERAGE(M158:M173) -> 2675.356 | N174: =M174/L174 -> 713.42825 | O174: =L174-I174 -> 0 | P174: =N174-K174 -> -126.57175 | Q174: =N174/K174 -> 0.84931935 | S174: =S158 -> 0.70833333 | T174: =INDEX(T158:T173,COUNTA(T158:T173)) -> 0.88402778 | AA174: =M174-J174 -> -474.64405 | AB174: =M174/J174 -> 0.84931935
A175: (新) 3300型飯糰機 (二配) | B175: 18℃-飯糰 | C175: 二配壹號醬炙烤牛飯糰 | E175: 22.28 | F175: 1766 | G175: =E175*F175 -> 39346.48 | I175: 5 | J175: 3300 | K175: =J175/I175 -> 660 | L175: 5 | M175: =F175/V175*60 -> 2820.5856 | N175: =M175/L175 -> 564.11713 | O175: =L175-I175 -> 0 | P175: =N175-K175 -> -95.882875 | Q175: =N175/K175 -> 0.85472292 | R175: =Q191 -> 0.85899273 | S175: 0.70863426 | T175: 0.73472222 | V175: 37.566667 | AA175: =M175-J175 -> -479.41437 | AB175: =M175/J175 -> 0.85472292 | AC175: =AB191 -> 0.85899273
B176: 18℃-飯糰 | C176: 二配油蔥G絲飯糰 | E176: 18.18 | F176: 1954 | G176: =E176*F176 -> 35523.72 | I176: 4 | J176: 3300 | K176: =J176/I176 -> 825 | L176: 4 | M176: =F176/V176*60 -> 2826.1953 | N176: =M176/L176 -> 706.54881 | O176: =L176-I176 -> 0 | P176: =N176-K176 -> -118.45119 | Q176: =N176/K176 -> 0.85642281 | S176: 0.7375 | T176: 0.76630787 | U176: 4 | V176: 41.483333 | AA176: =M176-J176 -> -473.80474 | AB176: =M176/J176 -> 0.85642281
B177: 18℃-飯糰 | C177: 二配雞肉飯飯糰 | E177: 16.66 | F177: 8263 | G177: =E177*F177 -> 137661.58 | I177: 4 | J177: 3300 | K177: =J177/I177 -> 825 | L177: 4 | M177: =F177/V177*60 -> 2857.2471 | N177: =M177/L177 -> 714.31179 | O177: =L177-I177 -> 0 | P177: =N177-K177 -> -110.68821 | Q177: =N177/K177 -> 0.86583247 | S177: 0.77116898 | T177: 0.89166667 | U177: 7 | V177: 173.51667 | AA177: =M177-J177 -> -442.75286 | AB177: =M177/J177 -> 0.86583247
B191: 平均 | I191: =AVERAGE(I175:I190) -> 4.3333333 | J191: =AVERAGE(J175:J190) -> 3300 | K191: =J191/I191 -> 761.53846 | L191: =AVERAGE(L175:L190) -> 4.3333333 | M191: =AVERAGE(M175:M190) -> 2834.676 | N191: =M191/L191 -> 654.156 | O191: =L191-I191 -> 0 | P191: =N191-K191 -> -107.38246 | Q191: =N191/K191 -> 0.85899273 | S191: =S175 -> 0.70863426 | T191: =INDEX(T175:T190,COUNTA(T175:T190)) -> 0.89166667 | AA191: =M191-J191 -> -465.32399 | AB191: =M191/J191 -> 0.85899273
A192: GKK3600型 飯糰機 (二配) | B192: 18℃-飯糰 | C192: 二配芝麻香鬆飯糰 | E192: 18.18 | F192: 2442 | G192: =E192*F192 -> 44395.56 | I192: 4 | J192: 3000 | K192: =J192/I192 -> 750 | L192: 4 | M192: =F192/V192*60 -> 2578.8208 | N192: =M192/L192 -> 644.70519 | O192: =L192-I192 -> 0 | P192: =N192-K192 -> -105.29481 | Q192: =N192/K192 -> 0.85960692 | R192: =Q208 -> 0.84451713 | S192: 0.70846065 | T192: 0.74791667 | V192: 56.816667 | AA192: =M192-J192 -> -421.17923 | AB192: =M192/J192 -> 0.85960692 | AC192: =AB208 -> 0.84451713
B193: 18℃-飯糰 | C193: 二配鮪魚飯糰 | E193: 14.28 | F193: 7226 | G193: =E193*F193 -> 103187.28 | H193: 2 | I193: 3 | J193: 3600 | K193: =J193/I193 -> 1200 | L193: 3 | M193: =F193/V193*60 -> 3021.675 | N193: =M193/L193 -> 1007.225 | O193: =L193-I193 -> 0 | P193: =N193-K193 -> -192.775 | Q193: =N193/K193 -> 0.83935416 | S193: 0.75833333 | T193: 0.85797454 | U193: 15 | V193: 143.48333 | W193: 0.85797454 | X193: 0.91458333 | AA193: =M193-J193 -> -578.32501 | AB193: =M193/J193 -> 0.83935416
B194: 18℃-飯糰 | C194: 二配鮪魚飯糰 | E194: 14.28 | F194: 3181 | G194: =E194*F194 -> 45424.68 | I194: 3 | J194: 3600 | K194: =J194/I194 -> 1200 | L194: 3 | M194: =F194/V194*60 -> 3013.5789 | N194: =M194/L194 -> 1004.5263 | O194: =L194-I194 -> 0 | P194: =N194-K194 -> -195.47368 | Q194: =N194/K194 -> 0.83710526 | S194: 0.91458333 | T194: 0.95856481 | U194: 81.516667 | V194: 63.333333 | AA194: =M194-J194 -> -586.42105 | AB194: =M194/J194 -> 0.83710526
B208: 平均 | I208: =AVERAGE(I192:I207) -> 3.3333333 | J208: =AVERAGE(J192:J207) -> 3400 | K208: =J208/I208 -> 1020 | L208: =AVERAGE(L192:L207) -> 3.3333333 | M208: =AVERAGE(M192:M207) -> 2871.3582 | N208: =M208/L208 -> 861.40747 | O208: =L208-I208 -> 0 | P208: =N208-K208 -> -158.59253 | Q208: =N208/K208 -> 0.84451713 | S208: =S192 -> 0.70846065 | T208: =INDEX(T192:T207,COUNTA(T192:T207)) -> 0.95856481 | AA208: =M208-J208 -> -528.64176 | AB208: =M208/J208 -> 0.84451713
A209: GKK3600型 飯糰機2 (二配) | B209: 18℃-飯糰 | C209: 二配明太子龍蝦風味沙拉飯糰 | E209: 18.18 | F209: 612 | G209: =E209*F209 -> 11126.16 | H209: 2 | I209: 3 | J209: 3600 | K209: =J209/I209 -> 1200 | L209: 3 | M209: =F209/V209*60 -> 2969.2722 | N209: =M209/L209 -> 989.75741 | O209: =L209-I209 -> 0 | P209: =N209-K209 -> -210.24259 | Q209: =N209/K209 -> 0.82479784 | R209: =Q225 -> 0.83934298 | S209: 0.70833333 | T209: 0.7169213 | V209: 12.366667 | AA209: =M209-J209 -> -630.72776 | AB209: =M209/J209 -> 0.82479784 | AC209: =AB225 -> 0.83934298
B210: 18℃-飯糰 | C210: 二配北海道秋鮭親子飯糰 | E210: 24.83 | F210: 3009 | G210: =E210*F210 -> 74713.47 | I210: 4 | J210: 3300 | K210: =J210/I210 -> 825 | L210: 4 | M210: =F210/V210*60 -> 2820.9375 | N210: =M210/L210 -> 705.23438 | O210: =L210-I210 -> 0 | P210: =N210-K210 -> -119.76562 | Q210: =N210/K210 -> 0.85482955 | S210: 0.72708333 | T210: 0.77152778 | U210: 14.633333 | V210: 64 | AA210: =M210-J210 -> -479.0625 | AB210: =M210/J210 -> 0.85482955
B211: 18℃-飯糰 | C211: 二配蔬食鮪魚飯糰 | E211: 18.18 | F211: 2237 | G211: =E211*F211 -> 40668.66 | I211: 3 | J211: 3600 | K211: =J211/I211 -> 1200 | L211: 3 | M211: =F211/V211*60 -> 2999.3296 | N211: =M211/L211 -> 999.77654 | O211: =L211-I211 -> 0 | P211: =N211-K211 -> -200.22346 | Q211: =N211/K211 -> 0.83314711 | S211: 0.78420139 | T211: 0.81527778 | U211: 18.25 | V211: 44.75 | AA211: =M211-J211 -> -600.67039 | AB211: =M211/J211 -> 0.83314711
B212: 18℃-飯糰 | C212: 二配熟成紅鮭飯糰 | E212: 25.03 | F212: 2280 | G212: =E212*F212 -> 57068.4 | I212: 4 | J212: 3300 | K212: =J212/I212 -> 825 | L212: 4 | M212: =F212/V212*60 -> 2819.6496 | N212: =M212/L212 -> 704.9124 | O212: =L212-I212 -> 0 | P212: =N212-K212 -> -120.0876 | Q212: =N212/K212 -> 0.85443927 | S212: 0.82880787 | T212: 0.8625 | U212: 19.483333 | V212: 48.516667 | W212: 0.8625 | X212: 0.91944444 | AA212: =M212-J212 -> -480.3504 | AB212: =M212/J212 -> 0.85443927
B213: 18℃-飯糰 | C213: 二配明太子龍蝦風味沙拉飯糰 | E213: 18.18 | F213: 3349 | G213: =E213*F213 -> 60884.82 | I213: 3 | J213: 3600 | K213: =J213/I213 -> 1200 | L213: 3 | M213: =F213/V213*60 -> 2995.3789 | N213: =M213/L213 -> 998.45963 | O213: =L213-I213 -> 0 | P213: =N213-K213 -> -201.54037 | Q213: =N213/K213 -> 0.83204969 | S213: 0.91944444 | T213: 0.96603009 | U213: 82 | V213: 67.083333 | AA213: =M213-J213 -> -604.62112 | AB213: =M213/J213 -> 0.83204969
B225: 平均 | I225: =AVERAGE(I209:I224) -> 3.4 | J225: =AVERAGE(J209:J224) -> 3480 | K225: =J225/I225 -> 1023.5294 | L225: =AVERAGE(L209:L224) -> 3.4 | M225: =AVERAGE(M209:M224) -> 2920.9136 | N225: =M225/L225 -> 859.09223 | O225: =L225-I225 -> 0 | P225: =N225-K225 -> -164.43719 | Q225: =N225/K225 -> 0.83934298 | S225: =S209 -> 0.70833333 | T225: =INDEX(T209:T224,COUNTA(T209:T224)) -> 0.96603009 | AA225: =M225-J225 -> -559.08643 | AB225: =M225/J225 -> 0.83934298
Y227: 原因回覆
Y228: 1.當日出勤人數較多
Y229: 2.當日出勤人數較少
Y230: 3.當日出勤熟手較多
Y231: 4.當日出勤新人較多
Y232: 5.機台夾盒
Y233: 6.封膜不順
Y234: 7.更換膠膜
Y235: 8.更換碳帶
Y236: 9.當日熱轉印碳帶異常
Y237: 10.訂單量過少
Y238: 11.新品上市，尚未熟悉
Y239: 12.活動期間品項需貼標

Sheet 0828(4度C)
A1: 大溪廠日報分析 | C1: 總生產量 | D1: =SUM(F5:F157) -> 102152 | E1: 營業額 | F1: =SUM(G5:G157) -> 4409968.3 | G1: 出勤人數 | H1: =L21+L38+L55+L72+L89+L106+L123+L140+L157 -> 170.65317 | I1: 產線配置圖 | L1: 生產實績 | O1: 人時性差異分析 | S1: 日報登錄 | Y1: 分析說明 | AA1: 產能差異分析
A2: 45897 | C2: 人時性 | D2: =AVERAGE(N21,N38,N55,N72,N89,N106,N123,N140,N157) -> 134.21609 | E2: 平均廠價 | F2: =F1/D1 -> 43.170651 | G2: 多次生產數 | H2: =COUNT(H5:H157) -> 2
A3: 線別 | B3: 品類 | C3: 品名 | E3: 廠價 | F3: 生產量 | G3: 營收 | H3: 多次 生產 | I3: 人數 | J3: 產能/時 | K3: 人時性 | L3: 人數 | M3: 產能/時 | N3: 人時性 | O3: 人數 | P3: 人時性 | Q3: 達成率 | R3: 達成率 平均 | S3: 生產時間 | U3: 換線、休息/分 | V3: 稼動時間/分 | W3: 休息時間 | Y3: (屏榮回填) | AA3: 產能/時 | AB3: 達成率 | AC3: 達成率平均
S4: 開始 | T4: 結束 | W4: 開始 | X4: 結束
A5: 便當一線 | B5: 微波小吃 | C5: 日式茶碗蒸 | E5: 19.7 | F5: 3474 | G5: =E5*F5 -> 68437.8 | I5: 13 | J5: 1200 | K5: =J5/I5 -> 92.307692 | L5: 13 | M5: =F5/V5*60 -> 1059.7746 | N5: =M5/L5 -> 81.521123 | O5: =L5-I5 -> 0 | P5: =N5-K5 -> -10.78657 | Q5: =N5/K5 -> 0.8831455 | R5: =Q21 -> 0.87424108 | S5: 0.25021991 | T5: 0.38680556 | V5: 196.68333 | AA5: =M5-J5 -> -140.2254 | AB5: =M5/J5 -> 0.8831455 | AC5: =AB21 -> 0.87424108
B6: 4℃-飯糰 | C6: 麻油雞飯糰 | E6: 29.97 | F6: 2131 | G6: =E6*F6 -> 63866.07 | I6: 20 | J6: 2600 | K6: =J6/I6 -> 130 | L6: 20 | M6: =F6/V6*60 -> 2262.3415 | N6: =M6/L6 -> 113.11707 | O6: =L6-I6 -> 0 | P6: =N6-K6 -> -16.882925 | Q6: =N6/K6 -> 0.87013134 | S6: 0.51908565 | T6: 0.55833333 | U6: 55.1 | V6: 56.516667 | AA6: =M6-J6 -> -337.65851 | AB6: =M6/J6 -> 0.87013134
B21: 平均 | I21: =AVERAGE(I5:I20) -> 16.5 | J21: =AVERAGE(J5:J20) -> 1900 | K21: =J21/I21 -> 115.15152 | L21: =AVERAGE(L5:L20) -> 16.5 | M21: =AVERAGE(M5:M20) -> 1661.058 | N21: =M21/L21 -> 100.67018 | O21: =L21-I21 -> 0 | P21: =N21-K21 -> -14.481331 | Q21: =N21/K21 -> 0.87424108 | S21: =S5 -> 0.25021991 | T21: =INDEX(T5:T20,COUNTA(T5:T20)) -> 0.55833333 | AA21: =M21-J21 -> -238.94196 | AB21: =M21/J21 -> 0.87424108
A22: 便當二線 | B22: 便當 | C22: 鰻牛雙饗匠食盒 | E22: 71.88 | F22: 1460 | G22: =E22*F22 -> 104944.8 | I22: 26 | J22: 2000 | K22: =J22/I22 -> 76.923077 | L22: 26 | M22: =F22/V22*60 -> 1699.8706 | N22: =M22/L22 -> 65.37964 | O22: =L22-I22 -> 0 | P22: =N22-K22 -> -11.543437 | Q22: =N22/K22 -> 0.84993532 | R22: =Q38 -> 0.85481954 | S22: 0.25032407 | T22: 0.28611111 | V22: 51.533333 | AA22: =M22-J22 -> -300.12937 | AB22: =M22/J22 -> 0.84993532 | AC22: =AB38 -> 0.85481954
B23: 微波主食 | C23: 糖燻野郎三十天熟成牛飯 | E23: 56.77 | F23: 4390 | G23: =E23*F23 -> 249220.3 | I23: 26 | J23: 2000 | K23: =J23/I23 -> 76.923077 | L23: 26 | M23: =F23/V23*60 -> 1742.0635 | N23: =M23/L23 -> 67.002442 | O23: =L23-I23 -> 0 | P23: =N23-K23 -> -9.9206349 | Q23: =N23/K23 -> 0.87103175 | S23: 0.28888889 | T23: 0.39388889 | U23: 4 | V23: 151.2 | AA23: =M23-J23 -> -257.93651 | AB23: =M23/J23 -> 0.87103175
B24: 微波主食 | C24: 柚見極炙烤牛 | E24: 57.3 | F24: 1371 | G24: =E24*F24 -> 78558.3 | I24: 26 | J24: 2000 | K24: =J24/I24 -> 76.923077 | L24: 26 | M24: =F24/V24*60 -> 1700.7581 | N24: =M24/L24 -> 65.413773 | O24: =L24-I24 -> 0 | P24: =N24-K24 -> -11.509304 | Q24: =N24/K24 -> 0.85037905 | S24: 0.39930556 | T24: 0.43289352 | U24: 7.8 | V24: 48.366667 | AA24: =M24-J24 -> -299.2419 | AB24: =M24/J24 -> 0.85037905
B25: 微波主食 | C25: 壹號醬雞豚雙拼 | E25: 56.43 | F25: 675 | G25: =E25*F25 -> 38090.25 | H25: 2 | I25: 22 | J25: 2000 | K25: =J25/I25 -> 90.909091 | L25: 22 | M25: =F25/V25*60 -> 1705.2632 | N25: =M25/L25 -> 77.511962 | O25: =L25-I25 -> 0 | P25: =N25-K25 -> -13.397129 | Q25: =N25/K25 -> 0.85263158 | S25: 0.43836806 | T25: 0.45486111 | U25: 7.8833333 | V25: 23.75 | W25: 0.45486111 | X25: 0.49456019 | AA25: =M25-J25 -> -294.73684 | AB25: =M25/J25 -> 0.85263158
B26: 微波主食 | C26: 蒜蒜燒豚飯 | E26: 51.86 | F26: 1525 | G26: =E26*F26 -> 79086.5 | I26: 26 | J26: 2000 | K26: =J26/I26 -> 76.923077 | L26: 26 | M26: =F26/V26*60 -> 1699.6904 | N26: =M26/L26 -> 65.372708 | O26: =L26-I26 -> 0 | P26: =N26-K26 -> -11.550369 | Q26: =N26/K26 -> 0.8498452 | S26: 0.49456019 | T26: 0.53194444 | U26: 57.166667 | V26: 53.833333 | AA26: =M26-J26 -> -300.3096 | AB26: =M26/J26 -> 0.8498452
B27: 微波主食 | C27: 姨次滿足熟成牛豚雙拼 | E27: 57.3 | F27: 1794 | G27: =E27*F27 -> 102796.2 | I27: 25 | J27: 2000 | K27: =J27/I27 -> 80 | L27: 25 | M27: =F27/V27*60 -> 1709.0236 | N27: =M27/L27 -> 68.360942 | O27: =L27-I27 -> 0 | P27: =N27-K27 -> -11.639058 | Q27: =N27/K27 -> 0.85451178 | S27: 0.53681713 | T27: 0.58055556 | U27: 7.0166667 | V27: 62.983333 | AA27: =M27-J27 -> -290.97645 | AB27: =M27/J27 -> 0.85451178
B28: 微波主食 | C28: 壹號醬雞豚雙拼 | E28: 56.43 | F28: 1755 | G28: =E28*F28 -> 99034.65 | I28: 22 | J28: 2000 | K28: =J28/I28 -> 90.909091 | L28: 22 | M28: =F28/V28*60 -> 1710.8042 | N28: =M28/L28 -> 77.763828 | O28: =L28-I28 -> 0 | P28: =N28-K28 -> -13.145263 | Q28: =N28/K28 -> 0.85540211 | S28: 0.58434028 | T28: 0.62708333 | U28: 5.45 | V28: 61.55 | AA28: =M28-J28 -> -289.19578 | AB28: =M28/J28 -> 0.85540211
AQ29: =AI8 -> 0
B38: 平均 | I38: =AVERAGE(I22:I37) -> 24.714286 | J38: =AVERAGE(J22:J37) -> 2000 | K38: =J38/I38 -> 80.924855 | L38: =AVERAGE(L22:L37) -> 24.714286 | M38: =AVERAGE(M22:M37) -> 1709.6391 | N38: =M38/L38 -> 69.176148 | O38: =L38-I38 -> 0 | P38: =N38-K38 -> -11.748708 | Q38: =N38/K38 -> 0.85481954 | S38: =S22 -> 0.25032407 | T38: =INDEX(T22:T37,COUNTA(T22:T37)) -> 0.62708333 | AA38: =M38-J38 -> -290.36092 | AB38: =M38/J38 -> 0.85481954
A39: 涼麵一線 | B39: 熱食義麵 | C39: 金沙豆腐細扁麵 | E39: 49.52 | F39: 1956 | G39: =E39*F39 -> 96861.12 | I39: 24 | J39: 2000 | K39: =J39/I39 -> 83.333333 | L39: 24 | M39: =F39/V39*60 -> 1713.7016 | N39: =M39/L39 -> 71.404235 | O39: =L39-I39 -> 0 | P39: =N39-K39 -> -11.929099 | Q39: =N39/K39 -> 0.85685082 | R39: =Q55 -> 0.85862568 | S39: 0.33333333 | T39: 0.3808912 | V39: 68.483333 | AA39: =M39-J39 -> -286.29837 | AB39: =M39/J39 -> 0.85685082 | AC39: =AB55 -> 0.85862568
B40: 微波小吃 | C40: 越式牛肉寬粉 | E40: 51.82 | F40: 2120 | G40: =E40*F40 -> 109858.4 | I40: 23 | J40: 1800 | K40: =J40/I40 -> 78.26087 | L40: 23 | M40: =F40/V40*60 -> 1543.3771 | N40: =M40/L40 -> 67.103354 | O40: =L40-I40 -> 0 | P40: =N40-K40 -> -11.157515 | Q40: =N40/K40 -> 0.85743175 | S40: 0.38541667 | T40: 0.44265046 | U40: 6.5166667 | V40: 82.416667 | AA40: =M40-J40 -> -256.62285 | AB40: =M40/J40 -> 0.85743175
B41: 便當 | C41: 美式雞丁餐盒 | E41: 59.34 | F41: 2201 | G41: =E41*F41 -> 130607.34 | I41: 24 | J41: 2000 | K41: =J41/I41 -> 83.333333 | L41: 24 | M41: =F41/V41*60 -> 1713.2108 | N41: =M41/L41 -> 71.383784 | O41: =L41-I41 -> 0 | P41: =N41-K41 -> -11.94955 | Q41: =N41/K41 -> 0.85660541 | S41: 0.44722222 | T41: 0.50075231 | U41: 6.5833333 | V41: 77.083333 | W41: 0.50075231 | X41: 0.53958333 | AA41: =M41-J41 -> -286.78919 | AB41: =M41/J41 -> 0.85660541
B42: 便當 | C42: 烤蛋白餐盒 | E42: 58.67 | F42: 4175 | G42: =E42*F42 -> 244947.25 | I42: 24 | J42: 2000 | K42: =J42/I42 -> 83.333333 | L42: 24 | M42: =F42/V42*60 -> 1726.9907 | N42: =M42/L42 -> 71.957946 | O42: =L42-I42 -> 0 | P42: =N42-K42 -> -11.375388 | Q42: =N42/K42 -> 0.86349535 | S42: 0.53958333 | T42: 0.6403125 | U42: 55.916667 | V42: 145.05 | AA42: =M42-J42 -> -273.00931 | AB42: =M42/J42 -> 0.86349535
B55: 平均 | I55: =AVERAGE(I39:I54) -> 23.75 | J55: =AVERAGE(J39:J54) -> 1950 | K55: =J55/I55 -> 82.105263 | L55: =AVERAGE(L39:L54) -> 23.75 | M55: =AVERAGE(M39:M54) -> 1674.3201 | N55: =M55/L55 -> 70.497687 | O55: =L55-I55 -> 0 | P55: =N55-K55 -> -11.607576 | Q55: =N55/K55 -> 0.85862568 | S55: =S39 -> 0.33333333 | T55: =INDEX(T39:T54,COUNTA(T39:T54)) -> 0.6403125 | AA55: =M55-J55 -> -275.67993 | AB55: =M55/J55 -> 0.85862568
A56: 涼麵二線 | B56: 便當 | C56: 經典滷肉飯 | E56: 47.37 | F56: 1744 | G56: =E56*F56 -> 82613.28 | I56: 21 | J56: 2000 | K56: =J56/I56 -> 95.238095 | L56: 21 | M56: =F56/V56*60 -> 1703.772 | N56: =M56/L56 -> 81.132002 | O56: =L56-I56 -> 0 | P56: =N56-K56 -> -14.106093 | Q56: =N56/K56 -> 0.85188602 | R56: =Q72 -> 0.85711505 | S56: 0.33333333 | T56: 0.3759838 | V56: 61.416667 | AA56: =M56-J56 -> -296.22795 | AB56: =M56/J56 -> 0.85188602 | AC56: =AB72 -> 0.85711505
B57: 便當 | C57: 一口滷魂便當 | E57: 53.37 | F57: 867 | G57: =E57*F57 -> 46271.79 | I57: 25 | J57: 2000 | K57: =J57/I57 -> 80 | L57: 25 | M57: =F57/V57*60 -> 1689.8755 | N57: =M57/L57 -> 67.595019 | O57: =L57-I57 -> 0 | P57: =N57-K57 -> -12.404981 | Q57: =N57/K57 -> 0.84493774 | S57: 0.38001157 | T57: 0.40138889 | U57: 5.8 | V57: 30.783333 | AA57: =M57-J57 -> -310.12453 | AB57: =M57/J57 -> 0.84493774
B58: 便當 | C58: 嫩烤香料雞胸排蔬滿盒 | E58: 77.34 | F58: 2931 | G58: =E58*F58 -> 226683.54 | I58: 25 | J58: 2000 | K58: =J58/I58 -> 80 | L58: 25 | M58: =F58/V58*60 -> 1715.4284 | N58: =M58/L58 -> 68.617135 | O58: =L58-I58 -> 0 | P58: =N58-K58 -> -11.382865 | Q58: =N58/K58 -> 0.85771419 | S58: 0.40658565 | T58: 0.47777778 | U58: 7.4833333 | V58: 102.51667 | W58: 0.47777778 | X58: 0.51828704 | AA58: =M58-J58 -> -284.57161 | AB58: =M58/J58 -> 0.85771419
B59: 便當 | C59: 健身G肉餐盒 | E59: 59.52 | F59: 5496 | G59: =E59*F59 -> 327121.92 | I59: 25 | J59: 2000 | K59: =J59/I59 -> 80 | L59: 25 | M59: =F59/V59*60 -> 1747.8445 | N59: =M59/L59 -> 69.913781 | O59: =L59-I59 -> 0 | P59: =N59-K59 -> -10.086219 | Q59: =N59/K59 -> 0.87392226 | S59: 0.51828704 | T59: 0.64930556 | U59: 58.333333 | V59: 188.66667 | AA59: =M59-J59 -> -252.15548 | AB59: =M59/J59 -> 0.87392226
B72: 平均 | I72: =AVERAGE(I56:I71) -> 24 | J72: =AVERAGE(J56:J71) -> 2000 | K72: =J72/I72 -> 83.333333 | L72: =AVERAGE(L56:L71) -> 24 | M72: =AVERAGE(M56:M71) -> 1714.2301 | N72: =M72/L72 -> 71.426254 | O72: =L72-I72 -> 0 | P72: =N72-K72 -> -11.907079 | Q72: =N72/K72 -> 0.85711505 | S72: =S56 -> 0.33333333 | T72: =INDEX(T56:T71,COUNTA(T56:T71)) -> 0.64930556 | AA72: =M72-J72 -> -285.76989 | AB72: =M72/J72 -> 0.85711505
A73: 涼麵三線 | B73: 季節調理麵 | C73: 椒麻香蔥雞涼拌麵 | E73: 37.94 | F73: 4789 | G73: =E73*F73 -> 181694.66 | I73: 21 | J73: 3600 | K73: =J73/I73 -> 171.42857 | L73: 21 | M73: =F73/V73*60 -> 3008.2708 | N73: =M73/L73 -> 143.25099 | O73: =L73-I73 -> 0 | P73: =N73-K73 -> -28.177581 | Q73: =N73/K73 -> 0.83563078 | R73: =Q89 -> 0.85568075 | S73: 0.16700231 | T73: 0.23333333 | V73: 95.516667 | AA73: =M73-J73 -> -591.72919 | AB73: =M73/J73 -> 0.83563078 | AC73: =AB89 -> 0.85568075
B74: 季節調理麵 | C74: 酸辣麻醬細冷麵 | E74: 32.06 | F74: 2724 | G74: =E74*F74 -> 87331.44 | I74: 21 | J74: 3600 | K74: =J74/I74 -> 171.42857 | L74: 21 | M74: =F74/V74*60 -> 2999.8165 | N74: =M74/L74 -> 142.8484 | O74: =L74-I74 -> 0 | P74: =N74-K74 -> -28.580169 | Q74: =N74/K74 -> 0.83328235 | S74: 0.2375 | T74: 0.27533565 | U74: 6 | V74: 54.483333 | AA74: =M74-J74 -> -600.18354 | AB74: =M74/J74 -> 0.83328235
