Workbook

Sheet 1231
B1: 屏榮 大溪廠組合室生產人時性分析
B3: 日期 | C3: 114.12.31星期三 | E3: 訂單量 | F3: ='1231(18度C)'!D1+'1231(4度C)'!D1 -> 129015 | H3: 營業額 | I3: ='1231(18度C)'!F1+'1231(4度C)'!F1 -> 3992684.9
B4: 人時性 | C4: 項目 | E4: ➀ | G4: ➁ | I4: ➂ | K4: ④ | M4: ⑤ | O4: 異常停線 | Q4: 短暫停線
C5: 組合室 | E5: 全溫層 | G5: 4度C-各編組展開(一配) | I5: 4度C-各編組展開(二配) | K5: 18度C-各編組展開(一配) | M5: 18度C-各編組展開(二配) | O5: 合計次數 | P5: 時間 | Q5: 合計次數 | R5: 設備次數
C6: 排關平均 | E6: =AVERAGE(D14:O14,D32:X32) -> 498.79134 | F6: =AVERAGE(#REF!,D14:K14) -> #REF! | G6: =AVERAGE(D14:K14) -> 196.89372 | I6: =AVERAGE(L14:O14) -> 96.103896 | K6: =AVERAGE(D32:O32) -> 703.4 | M6: =AVERAGE(P32:X32) -> 757.15528 | O6: ='[1]1201(4度C)'!Y2 -> 0 | P6: ='[1]1201(4度C)'!Z2 -> 0 | Q6: ='[1]1201(4度C)'!AC2 -> 0 | R6: ='[1]1201(4度C)'!AD2 -> 0
C7: 實績平均 | E7: =AVERAGE(D15:O15,D33:X33) -> 440.80433 | F7: =AVERAGE(#REF!,D15:K15) -> #REF! | G7: =AVERAGE(D15:K15) -> 176.83643 | I7: =AVERAGE(L15:O15) -> 85.109593 | K7: =AVERAGE(D33:O33) -> 619.06698 | M7: =AVERAGE(P33:X33) -> 668.78748
C8: 達成率平均 | E8: =AVERAGE(D16:O16,D34:X34) -> 0.88455089 | F8: =AVERAGE(D16:K16,#REF!) -> #REF! | G8: =AVERAGE(D16:K16) -> 0.89075379 | I8: =AVERAGE(L16:O16) -> 0.88559533 | K8: =AVERAGE(D34:O34) -> 0.88082517 | M8: =AVERAGE(P34:X34) -> 0.88165592
O9: ※現行日本鮮食廠以達成率80%為基本(即為現行KPI)
B11: 溫層 | D11: ➁4度C-各編組展開 | L11: ➂4度C-各編組展開
B12: 編組 | D12: 1 | E12: 2 | F12: 3 | G12: 4 | H12: 5 | I12: 6 | J12: 7 | K12: 8 | L12: 1 | M12: 2 | N12: 3 | O12: 4
D13: 便當一線 | E13: 便當二線 | F13: 涼麵一線 | G13: 涼麵二線 | H13: 涼麵三線 | I13: 自動包裝機 | J13: 自動包裝機2 | K13: 自動包裝機3 | L13: 便當一線 | M13: 便當二線 | N13: 涼麵一線 | O13: 涼麵二線
B14: 人時性 | C14: 排關 | D14: - | E14: 97.391304 | F14: 96.842105 | G14: 86.956522 | H14: 103.27869 | I14: 600 | J14: - | K14: - | L14: - | M14: 101.2987 | N14: 90.909091 | O14: -
C15: 實績 | D15: - | E15: 86.52022 | F15: 85.942399 | G15: 77.079454 | H15: 91.542846 | I15: 543.09724 | J15: - | K15: - | L15: - | M15: 89.718071 | N15: 80.501115 | O15: -
C16: 達成率 | D16: - | E16: =E15/E14 -> 0.88837726 | F16: =F15/F14 -> 0.88744868 | G16: =G15/G14 -> 0.88641372 | H16: =H15/H14 -> 0.88636724 | I16: =I15/I14 -> 0.90516206 | J16: - | K16: - | L16: - | M16: =M15/M14 -> 0.8856784 | N16: =N15/N14 -> 0.88551226 | O16: -
B17: 作業 時間 | C17: 開始 | D17: - | E17: 0.29166667 | F17: 0.29166667 | G17: 0.29185185 | H17: 0.29166667 | I17: 0.34730324 | J17: - | K17: - | L17: - | M17: 0.70855324 | N17: 0.70833333 | O17: -
C18: 結束 | D18: - | E18: 0.56478009 | F18: 0.58974537 | G18: 0.4619213 | H18: 0.44469907 | I18: 0.35694444 | J18: - | K18: - | L18: - | M18: 0.85373843 | N18: 0.86666667 | O18: -
B19: 產線異常 (5分鐘以上) | C19: 次數
C20: 時間/分
B21: 短暫停線 (5分鐘以下) | C21: 次數
C22: 設備次數
B23: 配置人數 | D23: - | E23: 23 | F23: 19 | G23: 23 | H23: 20.333333 | I23: 6 | J23: - | K23: - | L23: - | M23: 19.25 | N23: 22 | O23: -
B24: 主要應用設備 | D24: L型封口機 | E24: ET-55 | F24: ET-55 | G24: ET-55 | H24: ET-600 | I24: 伺服包裝機 | J24: 伺服包裝機 | K24: 伺服包裝機 | L24: L型封口機 | M24: ET-55 | N24: ET-55 | O24: ET-55
B25: 次要應用設備 | D25: 伺服包裝機 | H25: 伺服包裝機
B26: 備註 | H26: 涼麵+烤飯糰 | I26: 大口飯糰線 | K26: 烤飯糰+手卷
B29: 溫層 | D29: ➃18度C-各編組展開 (一配) | P29: ⑤18度C-各編組展開 (二配)
B30: 編組 | D30: 1 | E30: 2 | F30: 3 | G30: 4 | H30: 5 | I30: 6 | J30: 7 | K30: 8 | L30: 9 | M30: 10 | N30: 11 | O30: 12 | P30: 1 | Q30: 2 | R30: 3 | S30: 4 | T30: 5 | U30: 6 | V30: 7 | W30: 8 | X30: 9
D31: 便當一線 | E31: 涼麵一線 | F31: 涼麵三線 | G31: 自動包裝機 | H31: 自動包裝機2 | I31: 自動包裝機3 | J31: 味付飯糰線B | K31: (舊) 3300型飯糰線 | L31: 3000型飯糰線 | M31: (新) 3300型飯糰機 | N31: GKK3600型 飯糰機 | O31: GKK3600型 飯糰機2 | P31: 自動包裝機 | Q31: 自動包裝機2 | R31: 自動包裝機3 | S31: 味付飯糰線B | T31: (舊) 3300型飯糰線 | U31: 3000型飯糰線 | V31: (新) 3300型飯糰機 | W31: GKK3600型 飯糰機 | X31: GKK3600型 飯糰機2
B32: 人時性 | C32: 排關 | D32: - | E32: - | F32: - | G32: 248.66667 | H32: 433.33333 | I32: - | J32: - | K32: - | L32: - | M32: 825 | N32: 1150 | O32: 860 | P32: 252.63158 | Q32: - | R32: - | S32: - | T32: 715.38462 | U32: - | V32: 825 | W32: 969.23077 | X32: 1023.5294
C33: 實績 | D33: - | E33: - | F33: - | G33: 217.14412 | H33: 386.15046 | I33: - | J33: - | K33: - | L33: - | M33: 726.47999 | N33: 1001.9022 | O33: 763.65813 | P33: 219.27271 | Q33: - | R33: - | S33: - | T33: 635.25076 | U33: - | V33: 736.35028 | W33: 859.25734 | X33: 893.80628
C34: 達成率 | D34: - | E34: - | F34: - | G34: =G33/G32 -> 0.87323371 | H34: =H33/H32 -> 0.89111644 | I34: - | J34: - | K34: - | L34: - | M34: =M33/M32 -> 0.88058181 | N34: =N33/N32 -> 0.87121931 | O34: =O33/O32 -> 0.88797457 | P34: =P33/P32 -> 0.86795449 | Q34: - | R34: - | S34: - | T34: =T33/T32 -> 0.88798493 | U34: - | V34: =V33/V32 -> 0.8925458 | W34: =W33/W32 -> 0.88653535 | X34: =X33/X32 -> 0.87325901
B35: 作業 時間 | C35: 開始 | D35: - | E35: - | F35: - | G35: 0.36052083 | H35: 0.29177083 | I35: - | J35: - | K35: - | L35: - | M35: 0.29172454 | N35: 0.29200231 | O35: 0.29166667 | P35: 0.70833333 | Q35: - | R35: - | S35: - | T35: 0.70833333 | U35: - | V35: 0.70866898 | W35: 0.70849537 | X35: 0.70862269
C36: 結束 | D36: - | E36: - | F36: - | G36: 0.54583333 | H36: 0.32777778 | I36: - | J36: - | K36: - | L36: - | M36: 0.45921296 | N36: 0.46041667 | O36: 0.40167824 | P36: 0.80013889 | Q36: - | R36: - | S36: - | T36: 0.85347222 | U36: - | V36: 0.86741898 | W36: 0.96041667 | X36: 0.95972222
B37: 配置人數 | D37: - | E37: - | F37: - | G37: 12.5 | H37: 6 | I37: - | J37: - | K37: - | L37: - | M37: 4 | N37: 3 | O37: 3.75 | P37: 14.25 | Q37: - | R37: - | S37: - | T37: 4.3333333 | U37: - | V37: 4 | W37: 3.25 | X37: 3.4
B38: 主要應用設備 | D38: 伺服包裝機 | E38: ET-55 | F38: ET-600 | G38: 夾心型 | H38: 伺服包裝機 | I38: 伺服包裝機 | J38: 夾心型 | K38: 3300型 | L38: 3300型 | M38: 3300型 | N38: GKK | O38: GKK | P38: 夾心型 | Q38: 伺服包裝機 | R38: 伺服包裝機 | S38: 夾心型 | T38: 3300型 | U38: 3300型 | V38: 3300型 | W38: GKK | X38: GKK
B39: 次要應用設備
B40: 備註

Sheet 1231(18度C)
A1: 大溪廠日報分析 | C1: 總生產量 | D1: =SUM(F5:F174) -> 85616 | E1: 營業額 | F1: =SUM(G5:G174) -> 1705140.7 | G1: 出勤人數 | H1: =L21+L38+L55+L72+L89+L106+L123+L140+L157+L174 -> 58.483333 | I1: 產線配置圖 | L1: 生產實績 | O1: 人時性差異分析 | S1: 日報登錄 | Y1: 分析說明 | AA1: 產能差異分析
A2: 46022 | C2: 人時性 | D2: =AVERAGE(N21,N38,N55,N72,N89,N106,N123,N140,N157,N174) -> 643.92723 | E2: 平均廠價 | F2: =F1/D1 -> 19.916146 | G2: 多次生產數 | H2: =COUNT(H5:H174) -> 2
A3: 線別 | B3: 品類 | C3: 品名 | E3: 廠價 | F3: 生產量 | G3: 營收 | H3: 多次 生產 | I3: 人數 | J3: 產能/時 | K3: 人時性 | L3: 人數 | M3: 產能/時 | N3: 人時性 | O3: 人數 | P3: 人時性 | Q3: 達成率 | R3: 達成率 平均 | S3: 生產時間 | U3: 換線、休息/分 | V3: 稼動時間/分 | W3: 休息時間 | Y3: (屏榮回填) | AA3: 產能/時 | AB3: 達成率 | AC3: 達成率平均
S4: 開始 | T4: 結束 | W4: 開始 | X4: 結束
A5: 自動包裝機 | B5: 18℃-壽司手卷 | C5: 一配明太子玉子脆卷 | E5: 19.7 | F5: 558 | G5: =E5*F5 -> 10992.6 | I5: 6 | J5: 2500 | K5: =J5/I5 -> 416.66667 | L5: 6 | M5: =F5/V5*60 -> 2254.5455 | N5: =M5/L5 -> 375.75758 | O5: =L5-I5 -> 0 | P5: =N5-K5 -> -40.909091 | Q5: =N5/K5 -> 0.90181818 | R5: =Q21 -> 0.87323371 | S5: 0.36052083 | T5: 0.37083333 | U5: 5.15 | V5: 14.85 | AA5: =M5-J5 -> -245.45455 | AB5: =M5/J5 -> 0.90181818 | AC5: =AB21 -> 0.87323371
B6: 18℃-飯糰 | C6: 一配兩粒飯糰(鮪魚.焦糖鮭魚) | E6: 28.57 | F6: 1838 | G6: =E6*F6 -> 52511.66 | I6: 12 | J6: 3600 | K6: =J6/I6 -> 300 | L6: 12 | M6: =F6/V6*60 -> 3110.8604 | N6: =M6/L6 -> 259.23836 | O6: =L6-I6 -> 0 | P6: =N6-K6 -> -40.761636 | Q6: =N6/K6 -> 0.86412788 | S6: 0.37430556 | T6: 0.39892361 | U6: 5 | V6: 35.45 | AA6: =M6-J6 -> -489.13963 | AB6: =M6/J6 -> 0.86412788
B7: 18℃-壽司手卷 | C7: 一配海饌雙手卷 | E7: 29.85 | F7: 1554 | G7: =E7*F7 -> 46386.9 | I7: 17 | J7: 3600 | K7: =J7/I7 -> 211.76471 | L7: 17 | M7: =F7/V7*60 -> 3118.3946 | N7: =M7/L7 -> 183.43498 | O7: =L7-I7 -> 0 | P7: =N7-K7 -> -28.329727 | Q7: =N7/K7 -> 0.86622074 | S7: 0.40215278 | T7: 0.42291667 | U7: 4.65 | V7: 29.9 | AA7: =M7-J7 -> -481.60535 | AB7: =M7/J7 -> 0.86622074
B8: 18℃-壽司手卷 | C8: 一配雙饗雙手卷 | E8: 29.52 | F8: 1466 | G8: =E8*F8 -> 43276.32 | I8: 17 | J8: 3600 | K8: =J8/I8 -> 211.76471 | L8: 17 | M8: =F8/V8*60 -> 3119.1489 | N8: =M8/L8 -> 183.47935 | O8: =L8-I8 -> 0 | P8: =N8-K8 -> -28.285357 | Q8: =N8/K8 -> 0.86643026 | S8: 0.42638889 | T8: 0.44597222 | U8: 5 | V8: 28.2 | AA8: =M8-J8 -> -480.85106 | AB8: =M8/J8 -> 0.86643026
B9: 18℃-壽司手卷 | C9: 一配長野稻荷壽司 | E9: 25.64 | F9: 1016 | G9: =E9*F9 -> 26050.24 | I9: 11 | J9: 3600 | K9: =J9/I9 -> 327.27273 | L9: 11 | M9: =F9/V9*60 -> 3150.3876 | N9: =M9/L9 -> 286.39887 | O9: =L9-I9 -> 0 | P9: =N9-K9 -> -40.873855 | Q9: =N9/K9 -> 0.87510767 | S9: 0.44930556 | T9: 0.46274306 | U9: 4.8 | V9: 19.35 | W9: 0.46274306 | X9: 0.50284722 | AA9: =M9-J9 -> -449.6124 | AB9: =M9/J9 -> 0.87510767
B10: 18℃-壽司手卷 | C10: 一配核桃腰果稻荷壽司組 | E10: 30.95 | F10: 1581 | G10: =E10*F10 -> 48931.95 | I10: 12 | J10: 1750 | K10: =J10/I10 -> 145.83333 | L10: 12 | M10: =F10/V10*60 -> 1532.4717 | N10: =M10/L10 -> 127.70598 | O10: =L10-I10 -> 0 | P10: =N10-K10 -> -18.127356 | Q10: =N10/K10 -> 0.87569813 | S10: 0.50284722 | T10: 0.54583333 | U10: 57.75 | V10: 61.9 | AA10: =M10-J10 -> -217.52827 | AB10: =M10/J10 -> 0.87569813
B21: 平均 | I21: =AVERAGE(I5:I20) -> 12.5 | J21: =AVERAGE(J5:J20) -> 3108.3333 | K21: =J21/I21 -> 248.66667 | L21: =AVERAGE(L5:L20) -> 12.5 | M21: =AVERAGE(M5:M20) -> 2714.3015 | N21: =M21/L21 -> 217.14412 | O21: =L21-I21 -> 0 | P21: =N21-K21 -> -31.52255 | Q21: =N21/K21 -> 0.87323371 | S21: =S5 -> 0.36052083 | T21: =INDEX(T5:T20,COUNTA(T5:T20)) -> 0.54583333 | AA21: =M21-J21 -> -394.03188 | AB21: =M21/J21 -> 0.87323371
A22: 自動包裝機2 | B22: 18℃-壽司手卷 | C22: 一配雙鬆細卷 | E22: 14.03 | F22: 844 | G22: =E22*F22 -> 11841.32 | I22: 6 | J22: 2600 | K22: =J22/I22 -> 433.33333 | L22: 6 | M22: =F22/V22*60 -> 2317.6201 | N22: =M22/L22 -> 386.27002 | O22: =L22-I22 -> 0 | P22: =N22-K22 -> -47.06331 | Q22: =N22/K22 -> 0.89139236 | R22: =Q38 -> 0.89111644 | S22: 0.29177083 | T22: 0.30694444 | V22: 21.85 | AA22: =M22-J22 -> -282.37986 | AB22: =M22/J22 -> 0.89139236 | AC22: =AB38 -> 0.89111644
B23: 18℃-壽司手卷 | C23: 一配經典鮪魚沙拉細卷 | E23: 14.49 | F23: 958 | G23: =E23*F23 -> 13881.42 | I23: 6 | J23: 2600 | K23: =J23/I23 -> 433.33333 | L23: 6 | M23: =F23/V23*60 -> 2316.1854 | N23: =M23/L23 -> 386.03089 | O23: =L23-I23 -> 0 | P23: =N23-K23 -> -47.30244 | Q23: =N23/K23 -> 0.89084052 | S23: 0.31054398 | T23: 0.32777778 | U23: 5.1833333 | V23: 24.816667 | AA23: =M23-J23 -> -283.81464 | AB23: =M23/J23 -> 0.89084052
B38: 平均 | I38: =AVERAGE(I22:I37) -> 6 | J38: =AVERAGE(J22:J37) -> 2600 | K38: =J38/I38 -> 433.33333 | L38: =AVERAGE(L22:L37) -> 6 | M38: =AVERAGE(M22:M37) -> 2316.9027 | N38: =M38/L38 -> 386.15046 | O38: =L38-I38 -> 0 | P38: =N38-K38 -> -47.182875 | Q38: =N38/K38 -> 0.89111644 | S38: =S22 -> 0.29177083 | T38: =INDEX(T22:T37,COUNTA(T22:T37)) -> 0.32777778 | AA38: =M38-J38 -> -283.09725 | AB38: =M38/J38 -> 0.89111644
A39: (新) 3300型飯糰機 | B39: 18℃-飯糰 | C39: 一配照燒雞肉飯糰 | E39: 21.45 | F39: 1423 | G39: =E39*F39 -> 30523.35 | I39: 4 | J39: 3300 | K39: =J39/I39 -> 825 | L39: 4 | M39: =F39/V39*60 -> 2952.6225 | N39: =M39/L39 -> 738.15562 | O39: =L39-I39 -> 0 | P39: =N39-K39 -> -86.84438 | Q39: =N39/K39 -> 0.89473408 | R39: =Q55 -> 0.88058181 | S39: 0.29172454 | T39: 0.31180556 | V39: 28.916667 | AA39: =M39-J39 -> -347.37752 | AB39: =M39/J39 -> 0.89473408 | AC39: =AB55 -> 0.88058181
B40: 18℃-飯糰 | C40: 一配壹號醬炙烤牛飯糰 | E40: 22.28 | F40: 818 | G40: =E40*F40 -> 18225.04 | I40: 5 | J40: 3300 | K40: =J40/I40 -> 660 | L40: 5 | M40: =F40/V40*60 -> 2950.7014 | N40: =M40/L40 -> 590.14028 | O40: =L40-I40 -> 0 | P40: =N40-K40 -> -69.859719 | Q40: =N40/K40 -> 0.89415194 | S40: 0.31553241 | T40: 0.32708333 | U40: 5.3666667 | V40: 16.633333 | AA40: =M40-J40 -> -349.2986 | AB40: =M40/J40 -> 0.89415194
B41: 18℃-飯糰 | C41: 一配鹽蔥燒肉飯糰 | E41: 17.89 | F41: 2059 | G41: =E41*F41 -> 36835.51 | I41: 4 | J41: 3300 | K41: =J41/I41 -> 825 | L41: 4 | M41: =F41/V41*60 -> 2947.2763 | N41: =M41/L41 -> 736.81909 | O41: =L41-I41 -> 0 | P41: =N41-K41 -> -88.180915 | Q41: =N41/K41 -> 0.89311404 | S41: 0.33061343 | T41: 0.35972222 | U41: 5.0833333 | V41: 41.916667 | AA41: =M41-J41 -> -352.72366 | AB41: =M41/J41 -> 0.89311404
B42: 18℃-飯糰 | C42: 一配鮭魚奶油醬油飯糰 | E42: 17.62 | F42: 3068 | G42: =E42*F42 -> 54058.16 | I42: 3 | J42: 3300 | K42: =J42/I42 -> 1100 | L42: 3 | M42: =F42/V42*60 -> 2737.2491 | N42: =M42/L42 -> 912.41636 | O42: =L42-I42 -> 0 | P42: =N42-K42 -> -187.58364 | Q42: =N42/K42 -> 0.82946942 | S42: 0.36319444 | T42: 0.40989583 | U42: 5 | V42: 67.25 | AA42: =M42-J42 -> -562.75093 | AB42: =M42/J42 -> 0.82946942
B43: 18℃-飯糰 | C43: 一配雞肉飯飯糰 | E43: 16.66 | F43: 3249 | G43: =E43*F43 -> 54128.34 | I43: 4 | J43: 3300 | K43: =J43/I43 -> 825 | L43: 4 | M43: =F43/V43*60 -> 2941.7505 | N43: =M43/L43 -> 735.43763 | O43: =L43-I43 -> 0 | P43: =N43-K43 -> -89.562374 | Q43: =N43/K43 -> 0.89143955 | S43: 0.41319444 | T43: 0.45921296 | U43: 4.75 | V43: 66.266667 | AA43: =M43-J43 -> -358.2495 | AB43: =M43/J43 -> 0.89143955
B55: 平均 | I55: =AVERAGE(I39:I54) -> 4 | J55: =AVERAGE(J39:J54) -> 3300 | K55: =J55/I55 -> 825 | L55: =AVERAGE(L39:L54) -> 4 | M55: =AVERAGE(M39:M54) -> 2905.92 | N55: =M55/L55 -> 726.47999 | O55: =L55-I55 -> 0 | P55: =N55-K55 -> -98.52001 | Q55: =N55/K55 -> 0.88058181 | S55: =S39 -> 0.29172454 | T55: =INDEX(T39:T54,COUNTA(T39:T54)) -> 0.45921296 | AA55: =M55-J55 -> -394.08004 | AB55: =M55/J55 -> 0.88058181
A56: GKK3600型 飯糰機 | B56: 18℃-飯糰 | C56: 一配蔬食鮪魚飯糰 | E56: 18.18 | F56: 909 | G56: =E56*F56 -> 16525.62 | I56: 3 | J56: 3600 | K56: =J56/I56 -> 1200 | L56: 3 | M56: =F56/V56*60 -> 3113.6061 | N56: =M56/L56 -> 1037.8687 | O56: =L56-I56 -> 0 | P56: =N56-K56 -> -162.1313 | Q56: =N56/K56 -> 0.86489058 | R56: =Q72 -> 0.87121931 | S56: 0.29200231 | T56: 0.30416667 | V56: 17.516667 | AA56: =M56-J56 -> -486.39391 | AB56: =M56/J56 -> 0.86489058 | AC56: =AB72 -> 0.87121931
B57: 18℃-飯糰 | C57: 一配經典肉鬆飯糰 | E57: 14.03 | F57: 3113 | G57: =E57*F57 -> 43675.39 | I57: 3 | J57: 3000 | K57: =J57/I57 -> 1000 | L57: 3 | M57: =F57/V57*60 -> 2683.6207 | N57: =M57/L57 -> 894.54023 | O57: =L57-I57 -> 0 | P57: =N57-K57 -> -105.45977 | Q57: =N57/K57 -> 0.89454023 | S57: 0.31486111 | T57: 0.36319444 | U57: 15.4 | V57: 69.6 | AA57: =M57-J57 -> -316.37931 | AB57: =M57/J57 -> 0.89454023
B58: 18℃-飯糰 | C58: 一配明太子龍蝦風味沙拉飯糰 | E58: 18.18 | F58: 1681 | G58: =E58*F58 -> 30560.58 | I58: 3 | J58: 3600 | K58: =J58/I58 -> 1200 | L58: 3 | M58: =F58/V58*60 -> 3112.963 | N58: =M58/L58 -> 1037.6543 | O58: =L58-I58 -> 0 | P58: =N58-K58 -> -162.34568 | Q58: =N58/K58 -> 0.86471193 | S58: 0.37361111 | T58: 0.39611111 | U58: 15 | V58: 32.4 | AA58: =M58-J58 -> -487.03704 | AB58: =M58/J58 -> 0.86471193
B59: 18℃-飯糰 | C59: 一配鮪魚飯糰 | E59: 14.28 | F59: 4030 | G59: =E59*F59 -> 57548.4 | I59: 3 | J59: 3600 | K59: =J59/I59 -> 1200 | L59: 3 | M59: =F59/V59*60 -> 3112.6368 | N59: =M59/L59 -> 1037.5456 | O59: =L59-I59 -> 0 | P59: =N59-K59 -> -162.45441 | Q59: =N59/K59 -> 0.86462133 | S59: 0.40646991 | T59: 0.46041667 | U59: 14.916667 | V59: 77.683333 | AA59: =M59-J59 -> -487.36323 | AB59: =M59/J59 -> 0.86462133
B72: 平均 | I72: =AVERAGE(I56:I71) -> 3 | J72: =AVERAGE(J56:J71) -> 3450 | K72: =J72/I72 -> 1150 | L72: =AVERAGE(L56:L71) -> 3 | M72: =AVERAGE(M56:M71) -> 3005.7066 | N72: =M72/L72 -> 1001.9022 | O72: =L72-I72 -> 0 | P72: =N72-K72 -> -148.09779 | Q72: =N72/K72 -> 0.87121931 | S72: =S56 -> 0.29200231 | T72: =INDEX(T56:T71,COUNTA(T56:T71)) -> 0.46041667 | AA72: =M72-J72 -> -444.29337 | AB72: =M72/J72 -> 0.87121931
A73: GKK3600型 飯糰機2 | B73: 18℃-飯糰 | C73: 一配博多明太子奶油飯糰 | E73: 25.45 | F73: 591 | G73: =E73*F73 -> 15040.95 | I73: 4 | J73: 3300 | K73: =J73/I73 -> 825 | L73: 4 | M73: =F73/V73*60 -> 2922.5275 | N73: =M73/L73 -> 730.63187 | O73: =L73-I73 -> 0 | P73: =N73-K73 -> -94.368132 | Q73: =N73/K73 -> 0.88561439 | R73: =Q89 -> 0.88797457 | S73: 0.29166667 | T73: 0.30009259 | V73: 12.133333 | AA73: =M73-J73 -> -377.47253 | AB73: =M73/J73 -> 0.88561439 | AC73: =AB89 -> 0.88797457
B74: 18℃-飯糰 | C74: 一配熟成紅鮭飯糰 | E74: 25.03 | F74: 1121 | G74: =E74*F74 -> 28058.63 | I74: 4 | J74: 3300 | K74: =J74/I74 -> 825 | L74: 4 | M74: =F74/V74*60 -> 2922.2303 | N74: =M74/L74 -> 730.55757 | O74: =L74-I74 -> 0 | P74: =N74-K74 -> -94.442433 | Q74: =N74/K74 -> 0.88552432 | S74: 0.31041667 | T74: 0.32640046 | U74: 14.866667 | V74: 23.016667 | AA74: =M74-J74 -> -377.76973 | AB74: =M74/J74 -> 0.88552432
B75: 18℃-飯糰 | C75: 一配北海道秋鮭親子飯糰 | E75: 24.82 | F75: 1395 | G75: =E75*F75 -> 34623.9 | I75: 4 | J75: 3300 | K75: =J75/I75 -> 825 | L75: 4 | M75: =F75/V75*60 -> 2923.1665 | N75: =M75/L75 -> 730.79162 | O75: =L75-I75 -> 0 | P75: =N75-K75 -> -94.208382 | Q75: =N75/K75 -> 0.88580802 | S75: 0.33706019 | T75: 0.35694444 | U75: 15.35 | V75: 28.633333 | AA75: =M75-J75 -> -376.83353 | AB75: =M75/J75 -> 0.88580802
B76: 18℃-飯糰 | C76: 一配贅沢鮭魚肚飯糰 | E76: 30 | F76: 2213 | G76: =E76*F76 -> 66390 | I76: 3 | J76: 3000 | K76: =J76/I76 -> 1000 | L76: 3 | M76: =F76/V76*60 -> 2686.9477 | N76: =M76/L76 -> 895.64924 | O76: =L76-I76 -> 0 | P76: =N76-K76 -> -104.35076 | Q76: =N76/K76 -> 0.89564924 | S76: 0.36736111 | T76: 0.40167824 | U76: 15 | V76: 49.416667 | AA76: =M76-J76 -> -313.05228 | AB76: =M76/J76 -> 0.89564924
B89: 平均 | I89: =AVERAGE(I73:I88) -> 3.75 | J89: =AVERAGE(J73:J88) -> 3225 | K89: =J89/I89 -> 860 | L89: =AVERAGE(L73:L88) -> 3.75 | M89: =AVERAGE(M73:M88) -> 2863.718 | N89: =M89/L89 -> 763.65813 | O89: =L89-I89 -> 0 | P89: =N89-K89 -> -96.341871 | Q89: =N89/K89 -> 0.88797457 | S89: =S73 -> 0.29166667 | T89: =INDEX(T73:T88,COUNTA(T73:T88)) -> 0.40167824 | AA89: =M89-J89 -> -361.28202 | AB89: =M89/J89 -> 0.88797457
A90: 自動包裝機 (二配) | B90: 18℃-壽司手卷 | C90: 二配長野稻荷壽司 | E90: 25.64 | F90: 1275 | G90: =E90*F90 -> 32691 | I90: 11 | J90: 3600 | K90: =J90/I90 -> 327.27273 | L90: 11 | M90: =F90/V90*60 -> 3152.4725 | N90: =M90/L90 -> 286.58841 | O90: =L90-I90 -> 0 | P90: =N90-K90 -> -40.684316 | Q90: =N90/K90 -> 0.87568681 | R90: =Q106 -> 0.86795449 | S90: 0.70833333 | T90: 0.72518519 | V90: 24.266667 | AA90: =M90-J90 -> -447.52747 | AB90: =M90/J90 -> 0.87568681 | AC90: =AB106 -> 0.86795449
B91: 18℃-壽司手卷 | C91: 二配雙饗雙手卷 | E91: 29.52 | F91: 1576 | G91: =E91*F91 -> 46523.52 | I91: 17 | J91: 3600 | K91: =J91/I91 -> 211.76471 | L91: 17 | M91: =F91/V91*60 -> 3117.3626 | N91: =M91/L91 -> 183.37427 | O91: =L91-I91 -> 0 | P91: =N91-K91 -> -28.390433 | Q91: =N91/K91 -> 0.86593407 | S91: 0.72847222 | T91: 0.74953704 | U91: 4.7333333 | V91: 30.333333 | AA91: =M91-J91 -> -482.63736 | AB91: =M91/J91 -> 0.86593407
B92: 18℃-壽司手卷 | C92: 二配海饌雙手卷 | E92: 29.85 | F92: 1613 | G92: =E92*F92 -> 48148.05 | I92: 17 | J92: 3600 | K92: =J92/I92 -> 211.76471 | L92: 17 | M92: =F92/V92*60 -> 3116.9082 | N92: =M92/L92 -> 183.34754 | O92: =L92-I92 -> 0 | P92: =N92-K92 -> -28.417164 | Q92: =N92/K92 -> 0.86580784 | S92: 0.75277778 | T92: 0.77434028 | U92: 4.6666667 | V92: 31.05 | AA92: =M92-J92 -> -483.09179 | AB92: =M92/J92 -> 0.86580784
B93: 18℃-飯糰 | C93: 二配兩粒飯糰(鮪魚.焦糖鮭魚) | E93: 28.57 | F93: 1670 | G93: =E93*F93 -> 47711.9 | I93: 12 | J93: 3600 | K93: =J93/I93 -> 300 | L93: 12 | M93: =F93/V93*60 -> 3111.8012 | N93: =M93/L93 -> 259.31677 | O93: =L93-I93 -> 0 | P93: =N93-K93 -> -40.68323 | Q93: =N93/K93 -> 0.86438923 | S93: 0.77777778 | T93: 0.80013889 | U93: 4.95 | V93: 32.2 | AA93: =M93-J93 -> -488.19876 | AB93: =M93/J93 -> 0.86438923
B106: 平均 | I106: =AVERAGE(I90:I105) -> 14.25 | J106: =AVERAGE(J90:J105) -> 3600 | K106: =J106/I106 -> 252.63158 | L106: =AVERAGE(L90:L105) -> 14.25 | M106: =AVERAGE(M90:M105) -> 3124.6362 | N106: =M106/L106 -> 219.27271 | O106: =L106-I106 -> 0 | P106: =N106-K106 -> -33.358866 | Q106: =N106/K106 -> 0.86795449 | S106: =S90 -> 0.70833333 | T106: =INDEX(T90:T105,COUNTA(T90:T105)) -> 0.80013889 | AA106: =M106-J106 -> -475.36385 | AB106: =M106/J106 -> 0.86795449
A107: (舊) 3300型飯糰線 (二配) | B107: 18℃-飯糰 | C107: 二配大飯糰滷肉飯加蛋 | E107: 22.48 | F107: 2589 | G107: =E107*F107 -> 58200.72 | I107: 5 | J107: 3000 | K107: =J107/I107 -> 600 | L107: 5 | M107: =F107/V107*60 -> 2659.1726 | N107: =M107/L107 -> 531.83452 | O107: =L107-I107 -> 0 | P107: =N107-K107 -> -68.165478 | Q107: =N107/K107 -> 0.88639087 | R107: =Q123 -> 0.88798493 | S107: 0.70833333 | T107: 0.74890046 | V107: 58.416667 | AA107: =M107-J107 -> -340.82739 | AB107: =M107/J107 -> 0.88639087 | AC107: =AB123 -> 0.88798493
B108: 18℃-飯糰 | C108: 二配大飯糰韓式蒜烤豬五花 | E108: 24.54 | F108: 2410 | G108: =E108*F108 -> 59141.4 | I108: 4 | J108: 3000 | K108: =J108/I108 -> 750 | L108: 4 | M108: =F108/V108*60 -> 2656.4605 | N108: =M108/L108 -> 664.11513 | O108: =L108-I108 -> 0 | P108: =N108-K108 -> -85.884874 | Q108: =N108/K108 -> 0.88548683 | S108: 0.75208333 | T108: 0.78988426 | U108: 4.5833333 | V108: 54.433333 | AA108: =M108-J108 -> -343.5395 | AB108: =M108/J108 -> 0.88548683
B109: 18℃-飯糰 | C109: 二配鹽蔥燒肉飯糰 | E109: 17.89 | F109: 4257 | G109: =E109*F109 -> 76157.73 | I109: 4 | J109: 3300 | K109: =J109/I109 -> 825 | L109: 4 | M109: =F109/V109*60 -> 2942.6267 | N109: =M109/L109 -> 735.65668 | O109: =L109-I109 -> 0 | P109: =N109-K109 -> -89.343318 | Q109: =N109/K109 -> 0.89170507 | S109: 0.79319444 | T109: 0.85347222 | U109: 4.7666667 | V109: 86.8 | AA109: =M109-J109 -> -357.37327 | AB109: =M109/J109 -> 0.89170507
B123: 平均 | I123: =AVERAGE(I107:I122) -> 4.3333333 | J123: =AVERAGE(J107:J122) -> 3100 | K123: =J123/I123 -> 715.38462 | L123: =AVERAGE(L107:L122) -> 4.3333333 | M123: =AVERAGE(M107:M122) -> 2752.7533 | N123: =M123/L123 -> 635.25076 | O123: =L123-I123 -> 0 | P123: =N123-K123 -> -80.133858 | Q123: =N123/K123 -> 0.88798493 | S123: =S107 -> 0.70833333 | T123: =INDEX(T107:T122,COUNTA(T107:T122)) -> 0.85347222 | AA123: =M123-J123 -> -347.24672 | AB123: =M123/J123 -> 0.88798493
A124: (新) 3300型飯糰機 (二配) | B124: 18℃-飯糰 | C124: 二配三杯醬爆菇菇飯糰 | E124: 16.7 | F124: 1746 | G124: =E124*F124 -> 29158.2 | I124: 3 | J124: 3300 | K124: =J124/I124 -> 1100 | L124: 3 | M124: =F124/V124*60 -> 2949.6011 | N124: =M124/L124 -> 983.20038 | O124: =L124-I124 -> 0 | P124: =N124-K124 -> -116.79962 | Q124: =N124/K124 -> 0.89381852 | R124: =Q140 -> 0.8925458 | S124: 0.70866898 | T124: 0.73333333 | V124: 35.516667 | AA124: =M124-J124 -> -350.39887 | AB124: =M124/J124 -> 0.89381852 | AC124: =AB140 -> 0.8925458
B125: 18℃-飯糰 | C125: 二配壹號醬炙烤牛飯糰 | E125: 22.28 | F125: 1543 | G125: =E125*F125 -> 34378.04 | I125: 5 | J125: 3300 | K125: =J125/I125 -> 660 | L125: 5 | M125: =F125/V125*60 -> 2945.281 | N125: =M125/L125 -> 589.0562 | O125: =L125-I125 -> 0 | P125: =N125-K125 -> -70.943796 | Q125: =N125/K125 -> 0.8925094 | S125: 0.73680556 | T125: 0.75863426 | U125: 5 | V125: 31.433333 | AA125: =M125-J125 -> -354.71898 | AB125: =M125/J125 -> 0.8925094
B126: 18℃-飯糰 | C126: 二配油蔥G絲飯糰 | E126: 18.18 | F126: 754 | G126: =E126*F126 -> 13707.72 | I126: 4 | J126: 3300 | K126: =J126/I126 -> 825 | L126: 4 | M126: =F126/V126*60 -> 2944.0347 | N126: =M126/L126 -> 736.00868 | O126: =L126-I126 -> 0 | P126: =N126-K126 -> -88.991323 | Q126: =N126/K126 -> 0.89213173 | S126: 0.76180556 | T126: 0.77247685 | U126: 4.5666667 | V126: 15.366667 | AA126: =M126-J126 -> -355.96529 | AB126: =M126/J126 -> 0.89213173
B127: 18℃-飯糰 | C127: 二配雞肉飯飯糰 | E127: 16.66 | F127: 6478 | G127: =E127*F127 -> 107923.48 | I127: 4 | J127: 3300 | K127: =J127/I127 -> 825 | L127: 4 | M127: =F127/V127*60 -> 2942.6877 | N127: =M127/L127 -> 735.67192 | O127: =L127-I127 -> 0 | P127: =N127-K127 -> -89.328076 | Q127: =N127/K127 -> 0.89172354 | S127: 0.77569444 | T127: 0.86741898 | U127: 4.6333333 | V127: 132.08333 | AA127: =M127-J127 -> -357.3123 | AB127: =M127/J127 -> 0.89172354
B140: 平均 | I140: =AVERAGE(I124:I139) -> 4 | J140: =AVERAGE(J124:J139) -> 3300 | K140: =J140/I140 -> 825 | L140: =AVERAGE(L124:L139) -> 4 | M140: =AVERAGE(M124:M139) -> 2945.4011 | N140: =M140/L140 -> 736.35028 | O140: =L140-I140 -> 0 | P140: =N140-K140 -> -88.649716 | Q140: =N140/K140 -> 0.8925458 | S140: =S124 -> 0.70866898 | T140: =INDEX(T124:T139,COUNTA(T124:T139)) -> 0.86741898 | AA140: =M140-J140 -> -354.59886 | AB140: =M140/J140 -> 0.8925458
A141: GKK3600型 飯糰機 (二配) | B141: 18℃-飯糰 | C141: 二配經典肉鬆飯糰 | E141: 14.03 | F141: 2584 | G141: =E141*F141 -> 36253.52 | H141: 2 | I141: 3 | J141: 3000 | K141: =J141/I141 -> 1000 | L141: 3 | M141: =F141/V141*60 -> 2683.9008 | N141: =M141/L141 -> 894.63358 | O141: =L141-I141 -> 0 | P141: =N141-K141 -> -105.36642 | Q141: =N141/K141 -> 0.89463358 | R141: =Q157 -> 0.88653535 | S141: 0.70849537 | T141: 0.74861111 | V141: 57.766667 | AA141: =M141-J141 -> -316.09925 | AB141: =M141/J141 -> 0.89463358 | AC141: =AB157 -> 0.88653535
B142: 18℃-飯糰 | C142: 二配芝麻香鬆飯糰 | E142: 18.18 | F142: 1582 | G142: =E142*F142 -> 28760.76 | I142: 4 | J142: 3000 | K142: =J142/I142 -> 750 | L142: 4 | M142: =F142/V142*60 -> 2686.4151 | N142: =M142/L142 -> 671.60377 | O142: =L142-I142 -> 0 | P142: =N142-K142 -> -78.396226 | Q142: =N142/K142 -> 0.8954717 | S142: 0.75902778 | T142: 0.78356481 | U142: 15 | V142: 35.333333 | AA142: =M142-J142 -> -313.58491 | AB142: =M142/J142 -> 0.8954717
B143: 18℃-飯糰 | C143: 二配鮪魚飯糰 | E143: 14.28 | F143: 4210 | G143: =E143*F143 -> 60118.8 | H143: 2 | I143: 3 | J143: 3600 | K143: =J143/I143 -> 1200 | L143: 3 | M143: =F143/V143*60 -> 3115.9539 | N143: =M143/L143 -> 1038.6513 | O143: =L143-I143 -> 0 | P143: =N143-K143 -> -161.34868 | Q143: =N143/K143 -> 0.86554276 | S143: 0.79375 | T143: 0.8500463 | U143: 14.666667 | V143: 81.066667 | W143: 0.8500463 | X143: 0.90350694 | AA143: =M143-J143 -> -484.04605 | AB143: =M143/J143 -> 0.86554276
B144: 18℃-飯糰 | C144: 二配經典肉鬆飯糰 | E144: 14.03 | F144: 3666 | G144: =E144*F144 -> 51433.98 | I144: 3 | J144: 3000 | K144: =J144/I144 -> 1000 | L144: 3 | M144: =F144/V144*60 -> 2684.0757 | N144: =M144/L144 -> 894.69189 | O144: =L144-I144 -> 0 | P144: =N144-K144 -> -105.30811 | Q144: =N144/K144 -> 0.89469189 | S144: 0.90350694 | T144: 0.96041667 | U144: 76.983333 | V144: 81.95 | AA144: =M144-J144 -> -315.92434 | AB144: =M144/J144 -> 0.89469189
B157: 平均 | I157: =AVERAGE(I141:I156) -> 3.25 | J157: =AVERAGE(J141:J156) -> 3150 | K157: =J157/I157 -> 969.23077 | L157: =AVERAGE(L141:L156) -> 3.25 | M157: =AVERAGE(M141:M156) -> 2792.5864 | N157: =M157/L157 -> 859.25734 | O157: =L157-I157 -> 0 | P157: =N157-K157 -> -109.97343 | Q157: =N157/K157 -> 0.88653535 | S157: =S141 -> 0.70849537 | T157: =INDEX(T141:T156,COUNTA(T141:T156)) -> 0.96041667 | AA157: =M157-J157 -> -357.41364 | AB157: =M157/J157 -> 0.88653535
A158: GKK3600型 飯糰機2 (二配) | B158: 18℃-飯糰 | C158: 二配蔬食鮪魚飯糰 | E158: 18.18 | F158: 1174 | G158: =E158*F158 -> 21343.32 | I158: 3 | J158: 3600 | K158: =J158/I158 -> 1200 | L158: 3 | M158: =F158/V158*60 -> 3119.1144 | N158: =M158/L158 -> 1039.7048 | O158: =L158-I158 -> 0 | P158: =N158-K158 -> -160.2952 | Q158: =N158/K158 -> 0.86642066 | R158: =Q174 -> 0.87325901 | S158: 0.70862269 | T158: 0.72430556 | V158: 22.583333 | AA158: =M158-J158 -> -480.88561 | AB158: =M158/J158 -> 0.86642066 | AC158: =AB174 -> 0.87325901
B159: 18℃-飯糰 | C159: 二配北海道秋鮭親子飯糰 | E159: 24.82 | F159: 2312 | G159: =E159*F159 -> 57383.84 | I159: 4 | J159: 3300 | K159: =J159/I159 -> 825 | L159: 4 | M159: =F159/V159*60 -> 2922.4719 | N159: =M159/L159 -> 730.61798 | O159: =L159-I159 -> 0 | P159: =N159-K159 -> -94.382022 | Q159: =N159/K159 -> 0.88559755 | S159: 0.73472222 | T159: 0.76768519 | U159: 15 | V159: 47.466667 | AA159: =M159-J159 -> -377.52809 | AB159: =M159/J159 -> 0.88559755
B160: 18℃-飯糰 | C160: 二配熟成紅鮭飯糰 | E160: 25.03 | F160: 1836 | G160: =E160*F160 -> 45955.08 | I160: 4 | J160: 3300 | K160: =J160/I160 -> 825 | L160: 4 | M160: =F160/V160*60 -> 2919.4346 | N160: =M160/L160 -> 729.85866 | O160: =L160-I160 -> 0 | P160: =N160-K160 -> -95.141343 | Q160: =N160/K160 -> 0.88467716 | S160: 0.77796296 | T160: 0.80416667 | U160: 14.8 | V160: 37.733333 | AA160: =M160-J160 -> -380.56537 | AB160: =M160/J160 -> 0.88467716
B161: 18℃-飯糰 | C161: 二配明太子龍蝦風味沙拉飯糰 | E161: 18.18 | F161: 3123 | G161: =E161*F161 -> 56776.14 | I161: 3 | J161: 3600 | K161: =J161/I161 -> 1200 | L161: 3 | M161: =F161/V161*60 -> 3117.8037 | N161: =M161/L161 -> 1039.2679 | O161: =L161-I161 -> 0 | P161: =N161-K161 -> -160.73211 | Q161: =N161/K161 -> 0.86605657 | S161: 0.81458333 | T161: 0.85631944 | U161: 15 | V161: 60.1 | W161: 0.85631944 | X161: 0.90980324 | AA161: =M161-J161 -> -482.19634 | AB161: =M161/J161 -> 0.86605657
B162: 18℃-飯糰 | C162: 二配鮪魚飯糰 | E162: 14.28 | F162: 3733 | G162: =E162*F162 -> 53307.24 | I162: 3 | J162: 3600 | K162: =J162/I162 -> 1200 | L162: 3 | M162: =F162/V162*60 -> 3115.8822 | N162: =M162/L162 -> 1038.6274 | O162: =L162-I162 -> 0 | P162: =N162-K162 -> -161.37259 | Q162: =N162/K162 -> 0.86552284 | S162: 0.90980324 | T162: 0.95972222 | U162: 77.016667 | V162: 71.883333 | AA162: =M162-J162 -> -484.11778 | AB162: =M162/J162 -> 0.86552284
B174: 平均 | I174: =AVERAGE(I158:I173) -> 3.4 | J174: =AVERAGE(J158:J173) -> 3480 | K174: =J174/I174 -> 1023.5294 | L174: =AVERAGE(L158:L173) -> 3.4 | M174: =AVERAGE(M158:M173) -> 3038.9414 | N174: =M174/L174 -> 893.80628 | O174: =L174-I174 -> 0 | P174: =N174-K174 -> -129.72313 | Q174: =N174/K174 -> 0.87325901 | S174: =S158 -> 0.70862269 | T174: =INDEX(T158:T173,COUNTA(T158:T173)) -> 0.95972222 | AA174: =M174-J174 -> -441.05864 | AB174: =M174/J174 -> 0.87325901
Y176: 原因回覆
Y177: 1.當日出勤人數較多
Y178: 2.當日出勤人數較少
Y179: 3.當日出勤熟手較多
Y180: 4.當日出勤新人較多
Y181: 5.機台夾盒
Y182: 6.封膜不順
Y183: 7.更換膠膜
Y184: 8.更換碳帶
Y185: 9.當日熱轉印碳帶異常
Y186: 10.訂單量過少
Y187: 11.新品上市，尚未熟悉
Y188: 12.活動期間品項需貼標

Sheet 1231(4度C)
A1: 大溪廠日報分析 | C1: 總生產量 | D1: =SUM(F5:F123) -> 43399 | E1: 營業額 | F1: =SUM(G5:G123) -> 2287544.1 | G1: 出勤人數 | H1: =L21+L38+L55+L72+L89+L106+L123 -> 132.58333 | I1: 產線配置圖 | L1: 生產實績 | O1: 人時性差異分析 | S1: 日報登錄 | Y1: 合計次數 | Z1: 合計(時間/分) | AA1: 產線異常 分析說明(5分鐘以上) | AC1: 合計次數 | AD1: 合計(時間/分) | AE1: 短暫停線 分析說明(5分鐘以下) | AG1: 短暫停線 分析說明(5分鐘以下) | AI1: 產能差異分析
A2: 46022 | C2: 人時性 | D2: =AVERAGE(N21,N38,N55,N72,N89,N106,N123) -> 150.62876 | E2: 平均廠價 | F2: =F1/D1 -> 52.709605 | G2: 多次生產數 | H2: =COUNT(H5:H123) -> 0 | Y2: =SUM(Y21+Y38+Y55+Y72+Y89+Y106+Y123) -> 0 | Z2: =SUM(Z21+Z38+Z55+Z72+Z89+Z106+Z123) -> 0 | AC2: =SUM(AC21+AC38+AC55+AC72+AC89+AC106+AC123) -> 0 | AD2: =SUM(AD21+AD38+AD55+AD72+AD89+AD106+AD123) -> 0
A3: 線別 | B3: 品類 | C3: 品名 | E3: 廠價 | F3: 生產量 | G3: 營收 | H3: 多次 生產 | I3: 人數 | J3: 產能/時 | K3: 人時性 | L3: 人數 | M3: 產能/時 | N3: 人時性 | O3: 人數 | P3: 人時性 | Q3: 達成率 | R3: 達成率 平均 | S3: 生產時間 | U3: 換線、休息/分 | V3: 稼動時間/分 | W3: 休息時間 | Y3: 產線異常統計 | AA3: (屏榮回填) | AC3: 短暫停線統計 | AE3: (屏榮回填) | AG3: (屏榮回填) | AI3: 產能/時 | AJ3: 達成率 | AK3: 達成率平均
S4: 開始 | T4: 結束 | W4: 開始 | X4: 結束 | Y4: 次數 | Z4: 時間/分 | AC4: 總次數 | AD4: 設備因素(次數)
A5: 便當二線 | B5: 微波主食 | C5: 糖燻野郎三十天熟成牛飯 | E5: 56.77 | F5: 3262 | G5: =E5*F5 -> 185183.74 | I5: 25 | J5: 2000 | K5: =J5/I5 -> 80 | L5: 25 | M5: =F5/V5*60 -> 1776.5809 | N5: =M5/L5 -> 71.063238 | O5: =L5-I5 -> 0 | P5: =N5-K5 -> -8.9367625 | Q5: =N5/K5 -> 0.88829047 | R5: =Q21 -> 0.88837726 | S5: 0.29166667 | T5: 0.3681713 | V5: 110.16667 | AI5: =M5-J5 -> -223.41906 | AJ5: =M5/J5 -> 0.88829047 | AK5: =AJ21 -> 0.88837726
B6: 4℃-飯糰 | C6: 韓素燒若飯糰 | E6: 24.07 | F6: 696 | G6: =E6*F6 -> 16752.72 | I6: 20 | J6: 2600 | K6: =J6/I6 -> 130 | L6: 20 | M6: =F6/V6*60 -> 2307.1823 | N6: =M6/L6 -> 115.35912 | O6: =L6-I6 -> 0 | P6: =N6-K6 -> -14.640884 | Q6: =N6/K6 -> 0.88737782 | S6: 0.37152778 | T6: 0.38409722 | U6: 4.8333333 | V6: 18.1 | AI6: =M6-J6 -> -292.81768 | AJ6: =M6/J6 -> 0.88737782
B7: 4℃-飯糰 | C7: 麻油雞飯糰 | E7: 29.97 | F7: 2201 | G7: =E7*F7 -> 65963.97 | I7: 20 | J7: 2600 | K7: =J7/I7 -> 130 | L7: 20 | M7: =F7/V7*60 -> 2307.3966 | N7: =M7/L7 -> 115.36983 | O7: =L7-I7 -> 0 | P7: =N7-K7 -> -14.630169 | Q7: =N7/K7 -> 0.88746024 | S7: 0.3875 | T7: 0.42724537 | U7: 4.9 | V7: 57.233333 | AI7: =M7-J7 -> -292.60338 | AJ7: =M7/J7 -> 0.88746024
B8: 便當 | C8: 嫩烤香料雞胸排蔬滿盒 | E8: 77.34 | F8: 1474 | G8: =E8*F8 -> 113999.16 | I8: 25 | J8: 2000 | K8: =J8/I8 -> 80 | L8: 25 | M8: =F8/V8*60 -> 1777.0931 | N8: =M8/L8 -> 71.083724 | O8: =L8-I8 -> 0 | P8: =N8-K8 -> -8.916276 | Q8: =N8/K8 -> 0.88854655 | S8: 0.43071759 | T8: 0.46527778 | U8: 5 | V8: 49.766667 | W8: 0.46527778 | X8: 0.50486111 | AI8: =M8-J8 -> -222.9069 | AJ8: =M8/J8 -> 0.88854655
B9: 便當 | C9: 健身G肉餐盒 | E9: 59.52 | F9: 2562 | G9: =E9*F9 -> 152490.24 | I9: 25 | J9: 2000 | K9: =J9/I9 -> 80 | L9: 25 | M9: =F9/V9*60 -> 1781.5723 | N9: =M9/L9 -> 71.262894 | O9: =L9-I9 -> 0 | P9: =N9-K9 -> -8.7371064 | Q9: =N9/K9 -> 0.89078617 | S9: 0.50486111 | T9: 0.56478009 | U9: 57 | V9: 86.283333 | AI9: =M9-J9 -> -218.42766 | AJ9: =M9/J9 -> 0.89078617
B21: 平均 | I21: =AVERAGE(I5:I20) -> 23 | J21: =AVERAGE(J5:J20) -> 2240 | K21: =J21/I21 -> 97.391304 | L21: =AVERAGE(L5:L20) -> 23 | M21: =AVERAGE(M5:M20) -> 1989.9651 | N21: =M21/L21 -> 86.52022 | O21: =L21-I21 -> 0 | P21: =N21-K21 -> -10.871084 | Q21: =N21/K21 -> 0.88837726 | S21: =S5 -> 0.29166667 | T21: =INDEX(T5:T20,COUNTA(T5:T20)) -> 0.56478009 | Y21: =SUM(Y5:Y20) -> 0 | Z21: =SUM(Z5:Z20) -> 0 | AC21: =SUM(AC5:AC20) -> 0 | AD21: =SUM(AD5:AD20) -> 0 | AI21: =M21-J21 -> -250.03494 | AJ21: =M21/J21 -> 0.88837726
A22: 涼麵一線 | B22: 微波小吃 | C22: 日式茶碗蒸 | E22: 19.7 | F22: 3042 | G22: =E22*F22 -> 59927.4 | I22: 13 | J22: 1200 | K22: =J22/I22 -> 92.307692 | L22: 13 | M22: =F22/V22*60 -> 1077.4498 | N22: =M22/L22 -> 82.880756 | O22: =L22-I22 -> 0 | P22: =N22-K22 -> -9.4269367 | Q22: =N22/K22 -> 0.89787485 | R22: =Q38 -> 0.88744868 | S22: 0.29166667 | T22: 0.40930556 | V22: 169.4 | AI22: =M22-J22 -> -122.55018 | AJ22: =M22/J22 -> 0.89787485 | AK22: =AJ38 -> 0.88744868
B23: 便當 | C23: 經典滷肉飯 | E23: 47.37 | F23: 1309 | G23: =E23*F23 -> 62007.33 | I23: 21 | J23: 2000 | K23: =J23/I23 -> 95.238095 | L23: 21 | M23: =F23/V23*60 -> 1772.2452 | N23: =M23/L23 -> 84.392629 | O23: =L23-I23 -> 0 | P23: =N23-K23 -> -10.845466 | Q23: =N23/K23 -> 0.8861226 | S23: 0.4125 | T23: 0.44327546 | U23: 4.6 | V23: 44.316667 | AI23: =M23-J23 -> -227.7548 | AJ23: =M23/J23 -> 0.8861226
B24: 便當 | C24: 香腸腿排雙拼便當 | E24: 53.76 | F24: 2740 | G24: =E24*F24 -> 147302.4 | I24: 20 | J24: 2000 | K24: =J24/I24 -> 100 | L24: 20 | M24: =F24/V24*60 -> 1771.2336 | N24: =M24/L24 -> 88.561681 | O24: =L24-I24 -> 0 | P24: =N24-K24 -> -11.438319 | Q24: =N24/K24 -> 0.88561681 | S24: 0.44665509 | T24: 0.51111111 | U24: 4.8666667 | V24: 92.816667 | W24: 0.51111111 | X24: 0.55071759 | AI24: =M24-J24 -> -228.76639 | AJ24: =M24/J24 -> 0.88561681
B25: 便當 | C25: 香烤藍尾鱈魚五行餐盒 | E25: 64.97 | F25: 619 | G25: =E25*F25 -> 40216.43 | I25: 20 | J25: 2000 | K25: =J25/I25 -> 100 | L25: 20 | M25: =F25/V25*60 -> 1771.3831 | N25: =M25/L25 -> 88.569157 | O25: =L25-I25 -> 0 | P25: =N25-K25 -> -11.430843 | Q25: =N25/K25 -> 0.88569157 | S25: 0.55071759 | T25: 0.56527778 | U25: 57.033333 | V25: 20.966667 | AI25: =M25-J25 -> -228.61685 | AJ25: =M25/J25 -> 0.88569157
B26: 熱食義麵 | C26: 明太子雞叉燒拌麵 | E26: 57.3 | F26: 893 | G26: =E26*F26 -> 51168.9 | I26: 21 | J26: 2000 | K26: =J26/I26 -> 95.238095 | L26: 21 | M26: =F26/V26*60 -> 1772.2161 | N26: =M26/L26 -> 84.391243 | O26: =L26-I26 -> 0 | P26: =N26-K26 -> -10.846853 | Q26: =N26/K26 -> 0.88610805 | S26: 0.56875 | T26: 0.58974537 | U26: 5 | V26: 30.233333 | AI26: =M26-J26 -> -227.7839 | AJ26: =M26/J26 -> 0.88610805
B38: 平均 | I38: =AVERAGE(I22:I37) -> 19 | J38: =AVERAGE(J22:J37) -> 1840 | K38: =J38/I38 -> 96.842105 | L38: =AVERAGE(L22:L37) -> 19 | M38: =AVERAGE(M22:M37) -> 1632.9056 | N38: =M38/L38 -> 85.942399 | O38: =L38-I38 -> 0 | P38: =N38-K38 -> -10.899706 | Q38: =N38/K38 -> 0.88744868 | S38: =S22 -> 0.29166667 | T38: =INDEX(T22:T37,COUNTA(T22:T37)) -> 0.58974537 | Y38: =SUM(Y22:Y37) -> 0 | Z38: =SUM(Z22:Z37) -> 0 | AC38: =SUM(AC22:AC37) -> 0 | AD38: =SUM(AD22:AD37) -> 0 | AI38: =M38-J38 -> -207.09442 | AJ38: =M38/J38 -> 0.88744868
A39: 涼麵二線 | B39: 便當 | C39: 美式雞丁餐盒 | E39: 59.34 | F39: 1085 | G39: =E39*F39 -> 64383.9 | I39: 24 | J39: 2000 | K39: =J39/I39 -> 83.333333 | L39: 24 | M39: =F39/V39*60 -> 1772.2323 | N39: =M39/L39 -> 73.843013 | O39: =L39-I39 -> 0 | P39: =N39-K39 -> -9.4903206 | Q39: =N39/K39 -> 0.88611615 | R39: =Q55 -> 0.88641372 | S39: 0.29185185 | T39: 0.31736111 | V39: 36.733333 | AI39: =M39-J39 -> -227.7677 | AJ39: =M39/J39 -> 0.88611615 | AK39: =AJ55 -> 0.88641372
B40: 便當 | C40: 烤蛋白餐盒 | E40: 58.67 | F40: 2096 | G40: =E40*F40 -> 122972.32 | I40: 23 | J40: 2000 | K40: =J40/I40 -> 86.956522 | L40: 23 | M40: =F40/V40*60 -> 1776.2712 | N40: =M40/L40 -> 77.229182 | O40: =L40-I40 -> 0 | P40: =N40-K40 -> -9.7273397 | Q40: =N40/K40 -> 0.88813559 | S40: 0.32097222 | T40: 0.37013889 | U40: 5.2 | V40: 70.8 | AI40: =M40-J40 -> -223.72881 | AJ40: =M40/J40 -> 0.88813559
B41: 便當 | C41: 海陸雙拼肉肉餐盒 | E41: 59.54 | F41: 2028 | G41: =E41*F41 -> 120747.12 | I41: 23 | J41: 2000 | K41: =J41/I41 -> 86.956522 | L41: 23 | M41: =F41/V41*60 -> 1769.8909 | N41: =M41/L41 -> 76.951779 | O41: =L41-I41 -> 0 | P41: =N41-K41 -> -10.004743 | Q41: =N41/K41 -> 0.88494545 | S41: 0.37378472 | T41: 0.42152778 | U41: 5.25 | V41: 68.75 | AI41: =M41-J41 -> -230.10909 | AJ41: =M41/J41 -> 0.88494545
B42: 便當 | C42: 蔬活腿排補力餐盒 | E42: 71.55 | F42: 1571 | G42: =E42*F42 -> 112405.05 | I42: 22 | J42: 2000 | K42: =J42/I42 -> 90.909091 | L42: 22 | M42: =F42/V42*60 -> 1772.9154 | N42: =M42/L42 -> 80.587062 | O42: =L42-I42 -> 0 | P42: =N42-K42 -> -10.322029 | Q42: =N42/K42 -> 0.88645768 | S42: 0.425 | T42: 0.4619213 | U42: 5 | V42: 53.166667 | AI42: =M42-J42 -> -227.08464 | AJ42: =M42/J42 -> 0.88645768
B55: 平均 | I55: =AVERAGE(I39:I54) -> 23 | J55: =AVERAGE(J39:J54) -> 2000 | K55: =J55/I55 -> 86.956522 | L55: =AVERAGE(L39:L54) -> 23 | M55: =AVERAGE(M39:M54) -> 1772.8274 | N55: =M55/L55 -> 77.079454 | O55: =L55-I55 -> 0 | P55: =N55-K55 -> -9.8770678 | Q55: =N55/K55 -> 0.88641372 | S55: =S39 -> 0.29185185 | T55: =INDEX(T39:T54,COUNTA(T39:T54)) -> 0.4619213 | Y55: =SUM(Y39:Y54) -> 0 | Z55: =SUM(Z39:Z54) -> 0 | AC55: =SUM(AC39:AC54) -> 0 | AD55: =SUM(AD39:AD54) -> 0 | AI55: =M55-J55 -> -227.17256 | AJ55: =M55/J55 -> 0.88641372
A56: 涼麵三線 | B56: 熱食義麵 | C56: 焗烤蕃茄起司四方麵 | E56: 57.3 | F56: 1998 | G56: =E56*F56 -> 114485.4 | I56: 22 | J56: 1800 | K56: =J56/I56 -> 81.818182 | L56: 22 | M56: =F56/V56*60 -> 1595.2096 | N56: =M56/L56 -> 72.509526 | O56: =L56-I56 -> 0 | P56: =N56-K56 -> -9.3086554 | Q56: =N56/K56 -> 0.88622754 | R56: =Q72 -> 0.88636724 | S56: 0.29166667 | T56: 0.34385417 | V56: 75.15 | AI56: =M56-J56 -> -204.79042 | AJ56: =M56/J56 -> 0.88622754 | AK56: =AJ72 -> 0.88636724
B57: 季節調理麵 | C57: 東京豚骨風味拉麵 | E57: 71.84 | F57: 762 | G57: =E57*F57 -> 54742.08 | I57: 19 | J57: 1800 | K57: =J57/I57 -> 94.736842 | L57: 19 | M57: =F57/V57*60 -> 1597.6704 | N57: =M57/L57 -> 84.087913 | O57: =L57-I57 -> 0 | P57: =N57-K57 -> -10.648929 | Q57: =N57/K57 -> 0.88759464 | S57: 0.34748843 | T57: 0.36736111 | U57: 5.2333333 | V57: 28.616667 | AI57: =M57-J57 -> -202.32964 | AJ57: =M57/J57 -> 0.88759464
B58: 季節調理麵 | C58: 醬油叉燒拉麵 | E58: 72.4 | F58: 546 | G58: =E58*F58 -> 39530.4 | I58: 18 | J58: 1800 | K58: =J58/I58 -> 100 | L58: 18 | M58: =F58/V58*60 -> 1599.3491 | N58: =M58/L58 -> 88.852726 | O58: =L58-I58 -> 0 | P58: =N58-K58 -> -11.147274 | Q58: =N58/K58 -> 0.88852726 | S58: 0.37083333 | T58: 0.38505787 | U58: 5 | V58: 20.483333 | AI58: =M58-J58 -> -200.65094 | AJ58: =M58/J58 -> 0.88852726
B59: 季節調理麵 | C59: 和風匠製胡麻涼麵 | E59: 32.06 | F59: 344 | G59: =E59*F59 -> 11028.64 | I59: 19 | J59: 3600 | K59: =J59/I59 -> 189.47368 | L59: 19 | M59: =F59/V59*60 -> 3183.5476 | N59: =M59/L59 -> 167.55513 | O59: =L59-I59 -> 0 | P59: =N59-K59 -> -21.91855 | Q59: =N59/K59 -> 0.88431877 | S59: 0.38819444 | T59: 0.39269676 | U59: 4.5166667 | V59: 6.4833333 | AI59: =M59-J59 -> -416.45244 | AJ59: =M59/J59 -> 0.88431877
B60: 微波小吃 | C60: 日式壽喜燒 | E60: 57.73 | F60: 768 | G60: =E60*F60 -> 44336.64 | I60: 22 | J60: 1800 | K60: =J60/I60 -> 81.818182 | L60: 22 | M60: =F60/V60*60 -> 1595.3837 | N60: =M60/L60 -> 72.517442 | O60: =L60-I60 -> 0 | P60: =N60-K60 -> -9.3007397 | Q60: =N60/K60 -> 0.88632429 | S60: 0.39591435 | T60: 0.41597222 | U60: 4.6333333 | V60: 28.883333 | AI60: =M60-J60 -> -204.61627 | AJ60: =M60/J60 -> 0.88632429
B61: 微波小吃 | C61: 韓式部隊鍋 | E61: 57.73 | F61: 968 | G61: =E61*F61 -> 55882.64 | I61: 22 | J61: 1800 | K61: =J61/I61 -> 81.818182 | L61: 22 | M61: =F61/V61*60 -> 1597.0669 | N61: =M61/L61 -> 72.593951 | O61: =L61-I61 -> 0 | P61: =N61-K61 -> -9.2242313 | Q61: =N61/K61 -> 0.8872594 | S61: 0.41944444 | T61: 0.44469907 | U61: 5 | V61: 36.366667 | AI61: =M61-J61 -> -202.93309 | AJ61: =M61/J61 -> 0.8872594
B72: 平均 | I72: =AVERAGE(I56:I71) -> 20.333333 | J72: =AVERAGE(J56:J71) -> 2100 | K72: =J72/I72 -> 103.27869 | L72: =AVERAGE(L56:L71) -> 20.333333 | M72: =AVERAGE(M56:M71) -> 1861.3712 | N72: =M72/L72 -> 91.542846 | O72: =L72-I72 -> 0 | P72: =N72-K72 -> -11.735843 | Q72: =N72/K72 -> 0.88636724 | S72: =S56 -> 0.29166667 | T72: =INDEX(T56:T71,COUNTA(T56:T71)) -> 0.44469907 | Y72: =SUM(Y56:Y71) -> 0 | Z72: =SUM(Z56:Z71) -> 0 | AC72: =SUM(AC56:AC71) -> 0 | AD72: =SUM(AD56:AD71) -> 0 | AI72: =M72-J72 -> -238.6288 | AJ72: =M72/J72 -> 0.88636724
A73: 自動包裝機 | B73: 4℃-飯糰 | C73: 和風牛肉咖哩炸飯糰 | E73: 21.74 | F73: 754 | G73: =E73*F73 -> 16391.96 | I73: 6 | J73: 3600 | K73: =J73/I73 -> 600 | L73: 6 | M73: =F73/V73*60 -> 3258.5834 | N73: =M73/L73 -> 543.09724 | O73: =L73-I73 -> 0 | P73: =N73-K73 -> -56.902761 | Q73: =N73/K73 -> 0.90516206 | R73: =Q89 -> 0.90516206 | S73: 0.34730324 | T73: 0.35694444 | V73: 13.883333 | AI73: =M73-J73 -> -341.41657 | AJ73: =M73/J73 -> 0.90516206 | AK73: =AJ89 -> 0.90516206
B89: 平均 | I89: =AVERAGE(I73:I88) -> 6 | J89: =AVERAGE(J73:J88) -> 3600 | K89: =J89/I89 -> 600 | L89: =AVERAGE(L73:L88) -> 6 | M89: =AVERAGE(M73:M88) -> 3258.5834 | N89: =M89/L89 -> 543.09724 | O89: =L89-I89 -> 0 | P89: =N89-K89 -> -56.902761 | Q89: =N89/K89 -> 0.90516206 | S89: =S73 -> 0.34730324 | T89: =INDEX(T73:T88,COUNTA(T73:T88)) -> 0.35694444 | Y89: =SUM(Y73:Y88) -> 0 | Z89: =SUM(Z73:Z88) -> 0 | AC89: =SUM(AC73:AC88) -> 0 | AD89: =SUM(AD73:AD88) -> 0 | AI89: =M89-J89 -> -341.41657 | AJ89: =M89/J89 -> 0.90516206
A90: 便當二線 (二配) | B90: 微波主食 | C90: 二配鐵板蘑菇肉醬起司焗飯 | E90: 44.3 | F90: 759 | G90: =E90*F90 -> 33623.7 | I90: 17 | J90: 2000 | K90: =J90/I90 -> 117.64706 | L90: 17 | M90: =F90/V90*60 -> 1773.1343 | N90: =M90/L90 -> 104.30202 | O90: =L90-I90 -> 0 | P90: =N90-K90 -> -13.34504 | Q90: =N90/K90 -> 0.88656716 | R90: =Q106 -> 0.8856784 | S90: 0.70855324 | T90: 0.72638889 | V90: 25.683333 | AI90: =M90-J90 -> -226.86567 | AJ90: =M90/J90 -> 0.88656716 | AK90: =AJ106 -> 0.8856784
B91: 微波主食 | C91: 二配蒙古風味烤肉飯 | E91: 58.17 | F91: 2786 | G91: =E91*F91 -> 162061.62 | I91: 19 | J91: 1800 | K91: =J91/I91 -> 94.736842 | L91: 19 | M91: =F91/V91*60 -> 1597.3244 | N91: =M91/L91 -> 84.069706 | O91: =L91-I91 -> 0 | P91: =N91-K91 -> -10.667136 | Q91: =N91/K91 -> 0.88740245 | S91: 0.73010417 | T91: 0.80277778 | U91: 5.35 | V91: 104.65 | AI91: =M91-J91 -> -202.67559 | AJ91: =M91/J91 -> 0.88740245
B92: 微波主食 | C92: 二配乳酪燻腸紅醬焗飯 | E92: 50.67 | F92: 613 | G92: =E92*F92 -> 31060.71 | I92: 20 | J92: 2000 | K92: =J92/I92 -> 100 | L92: 20 | M92: =F92/V92*60 -> 1768.2692 | N92: =M92/L92 -> 88.413462 | O92: =L92-I92 -> 0 | P92: =N92-K92 -> -11.586538 | Q92: =N92/K92 -> 0.88413462 | S92: 0.80638889 | T92: 0.82083333 | U92: 5.2 | V92: 20.8 | AI92: =M92-J92 -> -231.73077 | AJ92: =M92/J92 -> 0.88413462
B93: 微波主食 | C93: 二配西班牙風味海鮮燉飯 | E93: 57.3 | F93: 1250 | G93: =E93*F93 -> 71625 | I93: 21 | J93: 2000 | K93: =J93/I93 -> 95.238095 | L93: 21 | M93: =F93/V93*60 -> 1769.5635 | N93: =M93/L93 -> 84.264929 | O93: =L93-I93 -> 0 | P93: =N93-K93 -> -10.973166 | Q93: =N93/K93 -> 0.88478175 | S93: 0.82430556 | T93: 0.85373843 | U93: 5 | V93: 42.383333 | AI93: =M93-J93 -> -230.43649 | AJ93: =M93/J93 -> 0.88478175
B106: 平均 | I106: =AVERAGE(I90:I105) -> 19.25 | J106: =AVERAGE(J90:J105) -> 1950 | K106: =J106/I106 -> 101.2987 | L106: =AVERAGE(L90:L105) -> 19.25 | M106: =AVERAGE(M90:M105) -> 1727.0729 | N106: =M106/L106 -> 89.718071 | O106: =L106-I106 -> 0 | P106: =N106-K106 -> -11.58063 | Q106: =N106/K106 -> 0.8856784 | S106: =S90 -> 0.70855324 | T106: =INDEX(T90:T105,COUNTA(T90:T105)) -> 0.85373843 | Y106: =SUM(Y90:Y105) -> 0 | Z106: =SUM(Z90:Z105) -> 0 | AC106: =SUM(AC90:AC105) -> 0 | AD106: =SUM(AD90:AD105) -> 0 | AI106: =M106-J106 -> -222.92713 | AJ106: =M106/J106 -> 0.8856784
A107: 涼麵一線 (二配) | B107: 微波主食 | C107: 二配里肌豬排可可咖哩歐姆蛋飯 | E107: 56.79 | F107: 1485 | G107: =E107*F107 -> 84333.15 | I107: 23 | J107: 2000 | K107: =J107/I107 -> 86.956522 | L107: 23 | M107: =F107/V107*60 -> 1771.3718 | N107: =M107/L107 -> 77.016164 | O107: =L107-I107 -> 0 | P107: =N107-K107 -> -9.9403579 | Q107: =N107/K107 -> 0.88568588 | R107: =Q123 -> 0.88551226 | S107: 0.70833333 | T107: 0.74326389 | V107: 50.3 | AI107: =M107-J107 -> -228.62823 | AJ107: =M107/J107 -> 0.88568588 | AK107: =AJ123 -> 0.88551226
B108: 微波主食 | C108: 二配黃金雞排蘑菇白醬歐姆蛋飯 | E108: 56.87 | F108: 1109 | G108: =E108*F108 -> 63068.83 | I108: 23 | J108: 2000 | K108: =J108/I108 -> 86.956522 | L108: 23 | M108: =F108/V108*60 -> 1772.8242 | N108: =M108/L108 -> 77.079311 | O108: =L108-I108 -> 0 | P108: =N108-K108 -> -9.8772106 | Q108: =N108/K108 -> 0.88641208 | S108: 0.74685185 | T108: 0.77291667 | U108: 5.1666667 | V108: 37.533333 | AI108: =M108-J108 -> -227.17584 | AJ108: =M108/J108 -> 0.88641208
B109: 微波主食 | C109: 二配哞哞培根奶香海陸焗飯 | E109: 47.6 | F109: 1409 | G109: =E109*F109 -> 67068.4 | I109: 23 | J109: 2000 | K109: =J109/I109 -> 86.956522 | L109: 23 | M109: =F109/V109*60 -> 1768.0028 | N109: =M109/L109 -> 76.869686 | O109: =L109-I109 -> 0 | P109: =N109-K109 -> -10.086835 | Q109: =N109/K109 -> 0.88400139 | S109: 0.7765162 | T109: 0.80972222 | U109: 5.1833333 | V109: 47.816667 | AI109: =M109-J109 -> -231.99721 | AJ109: =M109/J109 -> 0.88400139
B110: 微波主食 | C110: 二配失控起司薯餅焗飯 | E110: 54.09 | F110: 2270 | G110: =E110*F110 -> 122784.3 | I110: 19 | J110: 2000 | K110: =J110/I110 -> 105.26316 | L110: 19 | M110: =F110/V110*60 -> 1771.8994 | N110: =M110/L110 -> 93.257863 | O110: =L110-I110 -> 0 | P110: =N110-K110 -> -12.005295 | Q110: =N110/K110 -> 0.8859497 | S110: 0.81328704 | T110: 0.86666667 | U110: 5.1333333 | V110: 76.866667 | AI110: =M110-J110 -> -228.10061 | AJ110: =M110/J110 -> 0.8859497
B123: 平均 | I123: =AVERAGE(I107:I122) -> 22 | J123: =AVERAGE(J107:J122) -> 2000 | K123: =J123/I123 -> 90.909091 | L123: =AVERAGE(L107:L122) -> 22 | M123: =AVERAGE(M107:M122) -> 1771.0245 | N123: =M123/L123 -> 80.501115 | O123: =L123-I123 -> 0 | P123: =N123-K123 -> -10.407976 | Q123: =N123/K123 -> 0.88551226 | S123: =S107 -> 0.70833333 | T123: =INDEX(T107:T122,COUNTA(T107:T122)) -> 0.86666667 | Y123: =SUM(Y107:Y122) -> 0 | Z123: =SUM(Z107:Z122) -> 0 | AC123: =SUM(AC107:AC122) -> 0 | AD123: =SUM(AD107:AD122) -> 0 | AI123: =M123-J123 -> -228.97547 | AJ123: =M123/J123 -> 0.88551226
AA125: 原因回覆 | AE125: 1.膜料更換。
AA126: 1.當日出勤人數較多 | AE126: 2.半成品更換過慢。
AA127: 2.當日出勤人數較少 | AE127: 3.半成品不足。
AA128: 3.當日出勤熟手較多 | AE128: 4.半成品狀態異常。
AA129: 4.當日出勤新人較多 | AE129: 5.包材異常。
AA130: 5.機台夾盒 | AE130: 6.人員作業不及。
AA131: 6.封膜不順 | AE131: 7.酒精消毒。
AA132: 7.更換膠膜 | AE132: 8.機台設備異常。
AA133: 8.更換碳帶 | AE133: 9.金檢異常。
AA134: 9.當日熱轉印碳帶異常
AA135: 10.訂單量過少
AA136: 11.新品上市，尚未熟悉
AA137: 12.活動期間品項需貼標

Sheet 1230
B1: 屏榮 大溪廠組合室生產人時性分析
B3: 日期 | C3: 114.12.30星期二 | E3: 訂單量 | F3: ='1230(18度C)'!D1+'1230(4度C)'!D1 -> 160010 | H3: 營業額 | I3: ='1230(18度C)'!F1+'1230(4度C)'!F1 -> 4991542.2
B4: 人時性 | C4: 項目 | E4: ➀ | G4: ➁ | I4: ➂ | K4: ④ | M4: ⑤ | O4: 異常停線 | Q4: 短暫停線
C5: 組合室 | E5: 全溫層 | G5: 4度C-各編組展開(一配) | I5: 4度C-各編組展開(二配) | K5: 18度C-各編組展開(一配) | M5: 18度C-各編組展開(二配) | O5: 合計次數 | P5: 時間 | Q5: 合計次數 | R5: 設備次數
C6: 排關平均 | E6: =AVERAGE(D14:O14,D32:X32) -> 498.79134 | F6: =AVERAGE(#REF!,D14:K14) -> #REF! | G6: =AVERAGE(D14:K14) -> 196.89372 | I6: =AVERAGE(L14:O14) -> 96.103896 | K6: =AVERAGE(D32:O32) -> 703.4 | M6: =AVERAGE(P32:X32) -> 757.15528 | O6: ='[1]1201(4度C)'!Y2 -> 0 | P6: ='[1]1201(4度C)'!Z2 -> 0 | Q6: ='[1]1201(4度C)'!AC2 -> 0 | R6: ='[1]1201(4度C)'!AD2 -> 0
C7: 實績平均 | E7: =AVERAGE(D15:O15,D33:X33) -> 440.60228 | F7: =AVERAGE(#REF!,D15:K15) -> #REF! | G7: =AVERAGE(D15:K15) -> 176.76271 | I7: =AVERAGE(L15:O15) -> 85.106945 | K7: =AVERAGE(D33:O33) -> 618.48124 | M7: =AVERAGE(P33:X33) -> 668.76103
C8: 達成率平均 | E8: =AVERAGE(D16:O16,D34:X34) -> 0.88426879 | F8: =AVERAGE(D16:K16,#REF!) -> #REF! | G8: =AVERAGE(D16:K16) -> 0.89057336 | I8: =AVERAGE(L16:O16) -> 0.88556926 | K8: =AVERAGE(D34:O34) -> 0.8800812 | M8: =AVERAGE(P34:X34) -> 0.8816316
O9: ※現行日本鮮食廠以達成率80%為基本(即為現行KPI)
B11: 溫層 | D11: ➁4度C-各編組展開 | L11: ➂4度C-各編組展開
B12: 編組 | D12: 1 | E12: 2 | F12: 3 | G12: 4 | H12: 5 | I12: 6 | J12: 7 | K12: 8 | L12: 1 | M12: 2 | N12: 3 | O12: 4
D13: 便當一線 | E13: 便當二線 | F13: 涼麵一線 | G13: 涼麵二線 | H13: 涼麵三線 | I13: 自動包裝機 | J13: 自動包裝機2 | K13: 自動包裝機3 | L13: 便當一線 | M13: 便當二線 | N13: 涼麵一線 | O13: 涼麵二線
B14: 人時性 | C14: 排關 | D14: - | E14: 97.391304 | F14: 96.842105 | G14: 86.956522 | H14: 103.27869 | I14: 600 | J14: - | K14: - | L14: - | M14: 101.2987 | N14: 90.909091 | O14: -
C15: 實績 | D15: - | E15: 86.511406 | F15: 85.936069 | G15: 77.071253 | H15: 91.533302 | I15: 542.76151 | J15: - | K15: - | L15: - | M15: 89.712644 | N15: 80.501246 | O15: -
C16: 達成率 | D16: - | E16: =E15/E14 -> 0.88828676 | F16: =F15/F14 -> 0.88738332 | G16: =G15/G14 -> 0.88631941 | H16: =H15/H14 -> 0.88627483 | I16: =I15/I14 -> 0.90460251 | J16: - | K16: - | L16: - | M16: =M15/M14 -> 0.88562481 | N16: =N15/N14 -> 0.88551371 | O16: -
B17: 作業 時間 | C17: 開始 | D17: - | E17: 0.25021991 | F17: 0.20833333 | G17: 0.29166667 | H17: 0.29180556 | I17: 0.31811343 | J17: - | K17: - | L17: - | M17: 0.70861111 | N17: 0.70835648 | O17: -
C18: 結束 | D18: - | E18: 0.60849537 | F18: 0.55902778 | G18: 0.56111111 | H18: 0.4625 | I18: 0.33194444 | J18: - | K18: - | L18: - | M18: 0.87166667 | N18: 0.87646991 | O18: -
B19: 產線異常 (5分鐘以上) | C19: 次數
C20: 時間/分
B21: 短暫停線 (5分鐘以下) | C21: 次數
C22: 設備次數
B23: 配置人數 | D23: - | E23: 23 | F23: 19 | G23: 23 | H23: 20.333333 | I23: 6 | J23: - | K23: - | L23: - | M23: 19.25 | N23: 22 | O23: -
B24: 主要應用設備 | D24: L型封口機 | E24: ET-55 | F24: ET-55 | G24: ET-55 | H24: ET-600 | I24: 伺服包裝機 | J24: 伺服包裝機 | K24: 伺服包裝機 | L24: L型封口機 | M24: ET-55 | N24: ET-55 | O24: ET-55
B25: 次要應用設備 | D25: 伺服包裝機 | H25: 伺服包裝機
B26: 備註 | H26: 涼麵+烤飯糰 | I26: 大口飯糰線 | K26: 烤飯糰+手卷
B29: 溫層 | D29: ➃18度C-各編組展開 (一配) | P29: ⑤18度C-各編組展開 (二配)
B30: 編組 | D30: 1 | E30: 2 | F30: 3 | G30: 4 | H30: 5 | I30: 6 | J30: 7 | K30: 8 | L30: 9 | M30: 10 | N30: 11 | O30: 12 | P30: 1 | Q30: 2 | R30: 3 | S30: 4 | T30: 5 | U30: 6 | V30: 7 | W30: 8 | X30: 9
D31: 便當一線 | E31: 涼麵一線 | F31: 涼麵三線 | G31: 自動包裝機 | H31: 自動包裝機2 | I31: 自動包裝機3 | J31: 味付飯糰線B | K31: (舊) 3300型飯糰線 | L31: 3000型飯糰線 | M31: (新) 3300型飯糰機 | N31: GKK3600型 飯糰機 | O31: GKK3600型 飯糰機2 | P31: 自動包裝機 | Q31: 自動包裝機2 | R31: 自動包裝機3 | S31: 味付飯糰線B | T31: (舊) 3300型飯糰線 | U31: 3000型飯糰線 | V31: (新) 3300型飯糰機 | W31: GKK3600型 飯糰機 | X31: GKK3600型 飯糰機2
B32: 人時性 | C32: 排關 | D32: - | E32: - | F32: - | G32: 248.66667 | H32: 433.33333 | I32: - | J32: - | K32: - | L32: - | M32: 825 | N32: 1150 | O32: 860 | P32: 252.63158 | Q32: - | R32: - | S32: - | T32: 715.38462 | U32: - | V32: 825 | W32: 969.23077 | X32: 1023.5294
C33: 實績 | D33: - | E33: - | F33: - | G33: 217.10311 | H33: 386.08689 | I33: - | J33: - | K33: - | L33: - | M33: 723.84189 | N33: 1001.8825 | O33: 763.49186 | P33: 219.29012 | Q33: - | R33: - | S33: - | T33: 635.22382 | U33: - | V33: 736.2081 | W33: 859.266 | X33: 893.81712
C34: 達成率 | D34: - | E34: - | F34: - | G34: =G33/G32 -> 0.87306879 | H34: =H33/H32 -> 0.89096974 | I34: - | J34: - | K34: - | L34: - | M34: =M33/M32 -> 0.8773841 | N34: =N33/N32 -> 0.87120215 | O34: =O33/O32 -> 0.88778124 | P34: =P33/P32 -> 0.86802337 | Q34: - | R34: - | S34: - | T34: =T33/T32 -> 0.88794728 | U34: - | V34: =V33/V32 -> 0.89237346 | W34: =W33/W32 -> 0.88654428 | X34: =X33/X32 -> 0.8732696
B35: 作業 時間 | C35: 開始 | D35: - | E35: - | F35: - | G35: 0.3362037 | H35: 0.25008102 | I35: - | J35: - | K35: - | L35: - | M35: 0.20833333 | N35: 0.20833333 | O35: 0.25012731 | P35: 0.70854167 | Q35: - | R35: - | S35: - | T35: 0.70833333 | U35: - | V35: 0.70833333 | W35: 0.70833333 | X35: 0.70833333
C36: 結束 | D36: - | E36: - | F36: - | G36: 0.55773148 | H36: 0.29747685 | I36: - | J36: - | K36: - | L36: - | M36: 0.45974537 | N36: 0.4419213 | O36: 0.39802083 | P36: 0.81388889 | Q36: - | R36: - | S36: - | T36: 0.86458333 | U36: - | V36: 0.87638889 | W36: 0.97446759 | X36: 0.97361111
B37: 配置人數 | D37: - | E37: - | F37: - | G37: 12.5 | H37: 6 | I37: - | J37: - | K37: - | L37: - | M37: 4 | N37: 3 | O37: 3.75 | P37: 14.25 | Q37: - | R37: - | S37: - | T37: 4.3333333 | U37: - | V37: 4 | W37: 3.25 | X37: 3.4
B38: 主要應用設備 | D38: 伺服包裝機 | E38: ET-55 | F38: ET-600 | G38: 夾心型 | H38: 伺服包裝機 | I38: 伺服包裝機 | J38: 夾心型 | K38: 3300型 | L38: 3300型 | M38: 3300型 | N38: GKK | O38: GKK | P38: 夾心型 | Q38: 伺服包裝機 | R38: 伺服包裝機 | S38: 夾心型 | T38: 3300型 | U38: 3300型 | V38: 3300型 | W38: GKK | X38: GKK
B39: 次要應用設備
B40: 備註

Sheet 1230(18度C)
A1: 大溪廠日報分析 | C1: 總生產量 | D1: =SUM(F5:F174) -> 105992 | E1: 營業額 | F1: =SUM(G5:G174) -> 2115740.8 | G1: 出勤人數 | H1: =L21+L38+L55+L72+L89+L106+L123+L140+L157+L174 -> 58.483333 | I1: 產線配置圖 | L1: 生產實績 | O1: 人時性差異分析 | S1: 日報登錄 | Y1: 分析說明 | AA1: 產能差異分析
A2: 46021 | C2: 人時性 | D2: =AVERAGE(N21,N38,N55,N72,N89,N106,N123,N140,N157,N174) -> 643.62114 | E2: 平均廠價 | F2: =F1/D1 -> 19.961326 | G2: 多次生產數 | H2: =COUNT(H5:H174) -> 2
A3: 線別 | B3: 品類 | C3: 品名 | E3: 廠價 | F3: 生產量 | G3: 營收 | H3: 多次 生產 | I3: 人數 | J3: 產能/時 | K3: 人時性 | L3: 人數 | M3: 產能/時 | N3: 人時性 | O3: 人數 | P3: 人時性 | Q3: 達成率 | R3: 達成率 平均 | S3: 生產時間 | U3: 換線、休息/分 | V3: 稼動時間/分 | W3: 休息時間 | Y3: (屏榮回填) | AA3: 產能/時 | AB3: 達成率 | AC3: 達成率平均
S4: 開始 | T4: 結束 | W4: 開始 | X4: 結束
A5: 自動包裝機 | B5: 18℃-壽司手卷 | C5: 一配明太子玉子脆卷 | E5: 19.7 | F5: 709 | G5: =E5*F5 -> 13967.3 | I5: 6 | J5: 2500 | K5: =J5/I5 -> 416.66667 | L5: 6 | M5: =F5/V5*60 -> 2254.7703 | N5: =M5/L5 -> 375.79505 | O5: =L5-I5 -> 0 | P5: =N5-K5 -> -40.871614 | Q5: =N5/K5 -> 0.90190813 | R5: =Q21 -> 0.87306879 | S5: 0.3362037 | T5: 0.34930556 | U5: 6.1333333 | V5: 18.866667 | AA5: =M5-J5 -> -245.22968 | AB5: =M5/J5 -> 0.90190813 | AC5: =AB21 -> 0.87306879
B6: 18℃-飯糰 | C6: 一配兩粒飯糰(鮪魚.焦糖鮭魚) | E6: 28.57 | F6: 2560 | G6: =E6*F6 -> 73139.2 | I6: 12 | J6: 3600 | K6: =J6/I6 -> 300 | L6: 12 | M6: =F6/V6*60 -> 3110.3611 | N6: =M6/L6 -> 259.19676 | O6: =L6-I6 -> 0 | P6: =N6-K6 -> -40.80324 | Q6: =N6/K6 -> 0.8639892 | S6: 0.35277778 | T6: 0.38707176 | U6: 5 | V6: 49.383333 | AA6: =M6-J6 -> -489.63888 | AB6: =M6/J6 -> 0.8639892
B7: 18℃-壽司手卷 | C7: 一配海饌雙手卷 | E7: 29.85 | F7: 2101 | G7: =E7*F7 -> 62714.85 | I7: 17 | J7: 3600 | K7: =J7/I7 -> 211.76471 | L7: 17 | M7: =F7/V7*60 -> 3117.7246 | N7: =M7/L7 -> 183.39557 | O7: =L7-I7 -> 0 | P7: =N7-K7 -> -28.369138 | Q7: =N7/K7 -> 0.86603462 | S7: 0.39027778 | T7: 0.41835648 | U7: 4.6166667 | V7: 40.433333 | AA7: =M7-J7 -> -482.27535 | AB7: =M7/J7 -> 0.86603462
B8: 18℃-壽司手卷 | C8: 一配雙饗雙手卷 | E8: 29.52 | F8: 1987 | G8: =E8*F8 -> 58656.24 | I8: 17 | J8: 3600 | K8: =J8/I8 -> 211.76471 | L8: 17 | M8: =F8/V8*60 -> 3118.2214 | N8: =M8/L8 -> 183.42479 | O8: =L8-I8 -> 0 | P8: =N8-K8 -> -28.339915 | Q8: =N8/K8 -> 0.86617262 | S8: 0.42152778 | T8: 0.4480787 | U8: 4.5666667 | V8: 38.233333 | AA8: =M8-J8 -> -481.77855 | AB8: =M8/J8 -> 0.86617262
B9: 18℃-壽司手卷 | C9: 一配長野稻荷壽司 | E9: 25.64 | F9: 1384 | G9: =E9*F9 -> 35485.76 | I9: 11 | J9: 3600 | K9: =J9/I9 -> 327.27273 | L9: 11 | M9: =F9/V9*60 -> 3149.4311 | N9: =M9/L9 -> 286.31192 | O9: =L9-I9 -> 0 | P9: =N9-K9 -> -40.960809 | Q9: =N9/K9 -> 0.87484197 | S9: 0.45138889 | T9: 0.46969907 | U9: 4.7666667 | V9: 26.366667 | W9: 0.46969907 | X9: 0.50902778 | AA9: =M9-J9 -> -450.5689 | AB9: =M9/J9 -> 0.87484197
B10: 18℃-壽司手卷 | C10: 一配核桃腰果稻荷壽司組 | E10: 30.95 | F10: 1791 | G10: =E10*F10 -> 55431.45 | I10: 12 | J10: 1750 | K10: =J10/I10 -> 145.83333 | L10: 12 | M10: =F10/V10*60 -> 1532.2243 | N10: =M10/L10 -> 127.68536 | O10: =L10-I10 -> 0 | P10: =N10-K10 -> -18.147972 | Q10: =N10/K10 -> 0.87555676 | S10: 0.50902778 | T10: 0.55773148 | U10: 56.633333 | V10: 70.133333 | AA10: =M10-J10 -> -217.77567 | AB10: =M10/J10 -> 0.87555676
B21: 平均 | I21: =AVERAGE(I5:I20) -> 12.5 | J21: =AVERAGE(J5:J20) -> 3108.3333 | K21: =J21/I21 -> 248.66667 | L21: =AVERAGE(L5:L20) -> 12.5 | M21: =AVERAGE(M5:M20) -> 2713.7888 | N21: =M21/L21 -> 217.10311 | O21: =L21-I21 -> 0 | P21: =N21-K21 -> -31.56356 | Q21: =N21/K21 -> 0.87306879 | S21: =S5 -> 0.3362037 | T21: =INDEX(T5:T20,COUNTA(T5:T20)) -> 0.55773148 | AA21: =M21-J21 -> -394.54451 | AB21: =M21/J21 -> 0.87306879
A22: 自動包裝機2 | B22: 18℃-壽司手卷 | C22: 一配雙鬆細卷 | E22: 14.03 | F22: 1231 | G22: =E22*F22 -> 17270.93 | I22: 6 | J22: 2600 | K22: =J22/I22 -> 433.33333 | L22: 6 | M22: =F22/V22*60 -> 2316.5708 | N22: =M22/L22 -> 386.09514 | O22: =L22-I22 -> 0 | P22: =N22-K22 -> -47.238195 | Q22: =N22/K22 -> 0.89098878 | R22: =Q38 -> 0.89096974 | S22: 0.25008102 | T22: 0.27222222 | V22: 31.883333 | AA22: =M22-J22 -> -283.42917 | AB22: =M22/J22 -> 0.89098878 | AC22: =AB38 -> 0.89096974
B23: 18℃-壽司手卷 | C23: 一配經典鮪魚沙拉細卷 | E23: 14.49 | F23: 1211 | G23: =E23*F23 -> 17547.39 | I23: 6 | J23: 2600 | K23: =J23/I23 -> 433.33333 | L23: 6 | M23: =F23/V23*60 -> 2316.4718 | N23: =M23/L23 -> 386.07864 | O23: =L23-I23 -> 0 | P23: =N23-K23 -> -47.254694 | Q23: =N23/K23 -> 0.89095071 | S23: 0.27569444 | T23: 0.29747685 | U23: 5 | V23: 31.366667 | AA23: =M23-J23 -> -283.52816 | AB23: =M23/J23 -> 0.89095071
B38: 平均 | I38: =AVERAGE(I22:I37) -> 6 | J38: =AVERAGE(J22:J37) -> 2600 | K38: =J38/I38 -> 433.33333 | L38: =AVERAGE(L22:L37) -> 6 | M38: =AVERAGE(M22:M37) -> 2316.5213 | N38: =M38/L38 -> 386.08689 | O38: =L38-I38 -> 0 | P38: =N38-K38 -> -47.246444 | Q38: =N38/K38 -> 0.89096974 | S38: =S22 -> 0.25008102 | T38: =INDEX(T22:T37,COUNTA(T22:T37)) -> 0.29747685 | AA38: =M38-J38 -> -283.47867 | AB38: =M38/J38 -> 0.89096974
A39: (新) 3300型飯糰機 | B39: 18℃-飯糰 | C39: 一配照燒雞肉飯糰 | E39: 21.45 | F39: 1931 | G39: =E39*F39 -> 41419.95 | I39: 4 | J39: 3300 | K39: =J39/I39 -> 825 | L39: 4 | M39: =F39/V39*60 -> 2951.8471 | N39: =M39/L39 -> 737.96178 | O39: =L39-I39 -> 0 | P39: =N39-K39 -> -87.038217 | Q39: =N39/K39 -> 0.89449913 | R39: =Q55 -> 0.8773841 | S39: 0.20833333 | T39: 0.23559028 | V39: 39.25 | AA39: =M39-J39 -> -348.15287 | AB39: =M39/J39 -> 0.89449913 | AC39: =AB55 -> 0.8773841
B40: 18℃-飯糰 | C40: 一配壹號醬炙烤牛飯糰 | E40: 22.28 | F40: 1291 | G40: =E40*F40 -> 28763.48 | I40: 5 | J40: 3300 | K40: =J40/I40 -> 660 | L40: 5 | M40: =F40/V40*60 -> 2948.9848 | N40: =M40/L40 -> 589.79695 | O40: =L40-I40 -> 0 | P40: =N40-K40 -> -70.203046 | Q40: =N40/K40 -> 0.89363175 | S40: 0.23888889 | T40: 0.25712963 | U40: 4.75 | V40: 26.266667 | AA40: =M40-J40 -> -351.01523 | AB40: =M40/J40 -> 0.89363175
B41: 18℃-飯糰 | C41: 一配鹽蔥燒肉飯糰 | E41: 17.89 | F41: 2953 | G41: =E41*F41 -> 52829.17 | I41: 4 | J41: 3300 | K41: =J41/I41 -> 825 | L41: 4 | M41: =F41/V41*60 -> 2947.2692 | N41: =M41/L41 -> 736.8173 | O41: =L41-I41 -> 0 | P41: =N41-K41 -> -88.1827 | Q41: =N41/K41 -> 0.89311188 | S41: 0.26041667 | T41: 0.30216435 | U41: 4.7333333 | V41: 60.116667 | AA41: =M41-J41 -> -352.7308 | AB41: =M41/J41 -> 0.89311188
B42: 18℃-飯糰 | C42: 一配鮭魚奶油醬油飯糰 | E42: 17.62 | F42: 5285 | G42: =E42*F42 -> 93121.7 | I42: 3 | J42: 3300 | K42: =J42/I42 -> 1100 | L42: 3 | M42: =F42/V42*60 -> 2687.2881 | N42: =M42/L42 -> 895.76271 | O42: =L42-I42 -> 0 | P42: =N42-K42 -> -204.23729 | Q42: =N42/K42 -> 0.81432974 | S42: 0.30625 | T42: 0.38819444 | U42: 5.8833333 | V42: 118 | AA42: =M42-J42 -> -612.71186 | AB42: =M42/J42 -> 0.81432974
B43: 18℃-飯糰 | C43: 一配雞肉飯飯糰 | E43: 16.66 | F43: 4806 | G43: =E43*F43 -> 80067.96 | I43: 4 | J43: 3300 | K43: =J43/I43 -> 825 | L43: 4 | M43: =F43/V43*60 -> 2941.4485 | N43: =M43/L43 -> 735.36212 | O43: =L43-I43 -> 0 | P43: =N43-K43 -> -89.637878 | Q43: =N43/K43 -> 0.89134803 | S43: 0.39166667 | T43: 0.45974537 | U43: 5 | V43: 98.033333 | AA43: =M43-J43 -> -358.55151 | AB43: =M43/J43 -> 0.89134803
B55: 平均 | I55: =AVERAGE(I39:I54) -> 4 | J55: =AVERAGE(J39:J54) -> 3300 | K55: =J55/I55 -> 825 | L55: =AVERAGE(L39:L54) -> 4 | M55: =AVERAGE(M39:M54) -> 2895.3675 | N55: =M55/L55 -> 723.84189 | O55: =L55-I55 -> 0 | P55: =N55-K55 -> -101.15811 | Q55: =N55/K55 -> 0.8773841 | S55: =S39 -> 0.20833333 | T55: =INDEX(T39:T54,COUNTA(T39:T54)) -> 0.45974537 | AA55: =M55-J55 -> -404.63245 | AB55: =M55/J55 -> 0.8773841
A56: GKK3600型 飯糰機 | B56: 18℃-飯糰 | C56: 一配蔬食鮪魚飯糰 | E56: 18.18 | F56: 1364 | G56: =E56*F56 -> 24797.52 | I56: 3 | J56: 3600 | K56: =J56/I56 -> 1200 | L56: 3 | M56: =F56/V56*60 -> 3113.7603 | N56: =M56/L56 -> 1037.9201 | O56: =L56-I56 -> 0 | P56: =N56-K56 -> -162.0799 | Q56: =N56/K56 -> 0.86493342 | R56: =Q72 -> 0.87120215 | S56: 0.20833333 | T56: 0.22658565 | V56: 26.283333 | AA56: =M56-J56 -> -486.2397 | AB56: =M56/J56 -> 0.86493342 | AC56: =AB72 -> 0.87120215
B57: 18℃-飯糰 | C57: 一配經典肉鬆飯糰 | E57: 14.03 | F57: 4548 | G57: =E57*F57 -> 63808.44 | I57: 3 | J57: 3000 | K57: =J57/I57 -> 1000 | L57: 3 | M57: =F57/V57*60 -> 2683.1858 | N57: =M57/L57 -> 894.39528 | O57: =L57-I57 -> 0 | P57: =N57-K57 -> -105.60472 | Q57: =N57/K57 -> 0.89439528 | S57: 0.23701389 | T57: 0.30763889 | U57: 15.016667 | V57: 101.7 | AA57: =M57-J57 -> -316.81416 | AB57: =M57/J57 -> 0.89439528
B58: 18℃-飯糰 | C58: 一配明太子龍蝦風味沙拉飯糰 | E58: 18.18 | F58: 2454 | G58: =E58*F58 -> 44613.72 | I58: 3 | J58: 3600 | K58: =J58/I58 -> 1200 | L58: 3 | M58: =F58/V58*60 -> 3112.8964 | N58: =M58/L58 -> 1037.6321 | O58: =L58-I58 -> 0 | P58: =N58-K58 -> -162.36786 | Q58: =N58/K58 -> 0.86469345 | S58: 0.31805556 | T58: 0.35090278 | U58: 15 | V58: 47.3 | AA58: =M58-J58 -> -487.10359 | AB58: =M58/J58 -> 0.86469345
B59: 18℃-飯糰 | C59: 一配鮪魚飯糰 | E59: 14.28 | F59: 6037 | G59: =E59*F59 -> 86208.36 | I59: 3 | J59: 3600 | K59: =J59/I59 -> 1200 | L59: 3 | M59: =F59/V59*60 -> 3112.7471 | N59: =M59/L59 -> 1037.5824 | O59: =L59-I59 -> 0 | P59: =N59-K59 -> -162.41765 | Q59: =N59/K59 -> 0.86465196 | S59: 0.36111111 | T59: 0.4419213 | U59: 14.7 | V59: 116.36667 | AA59: =M59-J59 -> -487.25294 | AB59: =M59/J59 -> 0.86465196
B72: 平均 | I72: =AVERAGE(I56:I71) -> 3 | J72: =AVERAGE(J56:J71) -> 3450 | K72: =J72/I72 -> 1150 | L72: =AVERAGE(L56:L71) -> 3 | M72: =AVERAGE(M56:M71) -> 3005.6474 | N72: =M72/L72 -> 1001.8825 | O72: =L72-I72 -> 0 | P72: =N72-K72 -> -148.11753 | Q72: =N72/K72 -> 0.87120215 | S72: =S56 -> 0.20833333 | T72: =INDEX(T56:T71,COUNTA(T56:T71)) -> 0.4419213 | AA72: =M72-J72 -> -444.3526 | AB72: =M72/J72 -> 0.87120215
A73: GKK3600型 飯糰機2 | B73: 18℃-飯糰 | C73: 一配博多明太子奶油飯糰 | E73: 25.45 | F73: 965 | G73: =E73*F73 -> 24559.25 | I73: 4 | J73: 3300 | K73: =J73/I73 -> 825 | L73: 4 | M73: =F73/V73*60 -> 2921.783 | N73: =M73/L73 -> 730.44575 | O73: =L73-I73 -> 0 | P73: =N73-K73 -> -94.554247 | Q73: =N73/K73 -> 0.88538879 | R73: =Q89 -> 0.88778124 | S73: 0.25012731 | T73: 0.26388889 | V73: 19.816667 | AA73: =M73-J73 -> -378.21699 | AB73: =M73/J73 -> 0.88538879 | AC73: =AB89 -> 0.88778124
B74: 18℃-飯糰 | C74: 一配熟成紅鮭飯糰 | E74: 25.03 | F74: 1738 | G74: =E74*F74 -> 43502.14 | I74: 4 | J74: 3300 | K74: =J74/I74 -> 825 | L74: 4 | M74: =F74/V74*60 -> 2921.0084 | N74: =M74/L74 -> 730.2521 | O74: =L74-I74 -> 0 | P74: =N74-K74 -> -94.747899 | Q74: =N74/K74 -> 0.88515406 | S74: 0.27451389 | T74: 0.29930556 | U74: 15.3 | V74: 35.7 | AA74: =M74-J74 -> -378.9916 | AB74: =M74/J74 -> 0.88515406
B75: 18℃-飯糰 | C75: 一配北海道秋鮭親子飯糰 | E75: 24.82 | F75: 1972 | G75: =E75*F75 -> 48945.04 | I75: 4 | J75: 3300 | K75: =J75/I75 -> 825 | L75: 4 | M75: =F75/V75*60 -> 2922.6842 | N75: =M75/L75 -> 730.67106 | O75: =L75-I75 -> 0 | P75: =N75-K75 -> -94.328942 | Q75: =N75/K75 -> 0.88566189 | S75: 0.30972222 | T75: 0.33783565 | U75: 15 | V75: 40.483333 | AA75: =M75-J75 -> -377.31577 | AB75: =M75/J75 -> 0.88566189
B76: 18℃-飯糰 | C76: 一配贅沢鮭魚肚飯糰 | E76: 30 | F76: 3231 | G76: =E76*F76 -> 96930 | I76: 3 | J76: 3000 | K76: =J76/I76 -> 1000 | L76: 3 | M76: =F76/V76*60 -> 2686.9023 | N76: =M76/L76 -> 895.6341 | O76: =L76-I76 -> 0 | P76: =N76-K76 -> -104.3659 | Q76: =N76/K76 -> 0.8956341 | S76: 0.34791667 | T76: 0.39802083 | U76: 14.516667 | V76: 72.15 | AA76: =M76-J76 -> -313.09771 | AB76: =M76/J76 -> 0.8956341
B89: 平均 | I89: =AVERAGE(I73:I88) -> 3.75 | J89: =AVERAGE(J73:J88) -> 3225 | K89: =J89/I89 -> 860 | L89: =AVERAGE(L73:L88) -> 3.75 | M89: =AVERAGE(M73:M88) -> 2863.0945 | N89: =M89/L89 -> 763.49186 | O89: =L89-I89 -> 0 | P89: =N89-K89 -> -96.508138 | Q89: =N89/K89 -> 0.88778124 | S89: =S73 -> 0.25012731 | T89: =INDEX(T73:T88,COUNTA(T73:T88)) -> 0.39802083 | AA89: =M89-J89 -> -361.90552 | AB89: =M89/J89 -> 0.88778124
A90: 自動包裝機 (二配) | B90: 18℃-壽司手卷 | C90: 二配長野稻荷壽司 | E90: 25.64 | F90: 1455 | G90: =E90*F90 -> 37306.2 | I90: 11 | J90: 3600 | K90: =J90/I90 -> 327.27273 | L90: 11 | M90: =F90/V90*60 -> 3151.6245 | N90: =M90/L90 -> 286.51132 | O90: =L90-I90 -> 0 | P90: =N90-K90 -> -40.761405 | Q90: =N90/K90 -> 0.87545126 | R90: =Q106 -> 0.86802337 | S90: 0.70854167 | T90: 0.72777778 | V90: 27.7 | AA90: =M90-J90 -> -448.37545 | AB90: =M90/J90 -> 0.87545126 | AC90: =AB106 -> 0.86802337
B91: 18℃-壽司手卷 | C91: 二配雙饗雙手卷 | E91: 29.52 | F91: 1920 | G91: =E91*F91 -> 56678.4 | I91: 17 | J91: 3600 | K91: =J91/I91 -> 211.76471 | L91: 17 | M91: =F91/V91*60 -> 3117.7267 | N91: =M91/L91 -> 183.39569 | O91: =L91-I91 -> 0 | P91: =N91-K91 -> -28.36902 | Q91: =N91/K91 -> 0.86603518 | S91: 0.73128472 | T91: 0.75694444 | U91: 5.05 | V91: 36.95 | AA91: =M91-J91 -> -482.27334 | AB91: =M91/J91 -> 0.86603518
B92: 18℃-壽司手卷 | C92: 二配海饌雙手卷 | E92: 29.85 | F92: 2043 | G92: =E92*F92 -> 60983.55 | I92: 17 | J92: 3600 | K92: =J92/I92 -> 211.76471 | L92: 17 | M92: =F92/V92*60 -> 3117.7618 | N92: =M92/L92 -> 183.39775 | O92: =L92-I92 -> 0 | P92: =N92-K92 -> -28.366955 | Q92: =N92/K92 -> 0.86604493 | S92: 0.76041667 | T92: 0.78771991 | U92: 5 | V92: 39.316667 | AA92: =M92-J92 -> -482.23824 | AB92: =M92/J92 -> 0.86604493
B93: 18℃-飯糰 | C93: 二配兩粒飯糰(鮪魚.焦糖鮭魚) | E93: 28.57 | F93: 1698 | G93: =E93*F93 -> 48511.86 | I93: 12 | J93: 3600 | K93: =J93/I93 -> 300 | L93: 12 | M93: =F93/V93*60 -> 3112.4236 | N93: =M93/L93 -> 259.36864 | O93: =L93-I93 -> 0 | P93: =N93-K93 -> -40.631365 | Q93: =N93/K93 -> 0.86456212 | S93: 0.79115741 | T93: 0.81388889 | U93: 4.95 | V93: 32.733333 | AA93: =M93-J93 -> -487.57637 | AB93: =M93/J93 -> 0.86456212
B106: 平均 | I106: =AVERAGE(I90:I105) -> 14.25 | J106: =AVERAGE(J90:J105) -> 3600 | K106: =J106/I106 -> 252.63158 | L106: =AVERAGE(L90:L105) -> 14.25 | M106: =AVERAGE(M90:M105) -> 3124.8841 | N106: =M106/L106 -> 219.29012 | O106: =L106-I106 -> 0 | P106: =N106-K106 -> -33.341463 | Q106: =N106/K106 -> 0.86802337 | S106: =S90 -> 0.70854167 | T106: =INDEX(T90:T105,COUNTA(T90:T105)) -> 0.81388889 | AA106: =M106-J106 -> -475.11585 | AB106: =M106/J106 -> 0.86802337
A107: (舊) 3300型飯糰線 (二配) | B107: 18℃-飯糰 | C107: 二配大飯糰滷肉飯加蛋 | E107: 22.48 | F107: 2722 | G107: =E107*F107 -> 61190.56 | I107: 5 | J107: 3000 | K107: =J107/I107 -> 600 | L107: 5 | M107: =F107/V107*60 -> 2659.213 | N107: =M107/L107 -> 531.84261 | O107: =L107-I107 -> 0 | P107: =N107-K107 -> -68.157395 | Q107: =N107/K107 -> 0.88640434 | R107: =Q123 -> 0.88794728 | S107: 0.70833333 | T107: 0.7509838 | V107: 61.416667 | AA107: =M107-J107 -> -340.78697 | AB107: =M107/J107 -> 0.88640434 | AC107: =AB123 -> 0.88794728
B108: 18℃-飯糰 | C108: 二配大飯糰韓式蒜烤豬五花 | E108: 24.54 | F108: 2525 | G108: =E108*F108 -> 61963.5 | I108: 4 | J108: 3000 | K108: =J108/I108 -> 750 | L108: 4 | M108: =F108/V108*60 -> 2656.3413 | N108: =M108/L108 -> 664.08533 | O108: =L108-I108 -> 0 | P108: =N108-K108 -> -85.91467 | Q108: =N108/K108 -> 0.88544711 | S108: 0.75416667 | T108: 0.79377315 | U108: 4.5833333 | V108: 57.033333 | AA108: =M108-J108 -> -343.65868 | AB108: =M108/J108 -> 0.88544711
B109: 18℃-飯糰 | C109: 二配鹽蔥燒肉飯糰 | E109: 17.89 | F109: 4747 | G109: =E109*F109 -> 84923.83 | I109: 4 | J109: 3300 | K109: =J109/I109 -> 825 | L109: 4 | M109: =F109/V109*60 -> 2942.3554 | N109: =M109/L109 -> 735.58884 | O109: =L109-I109 -> 0 | P109: =N109-K109 -> -89.411157 | Q109: =N109/K109 -> 0.89162284 | S109: 0.79736111 | T109: 0.86458333 | U109: 5.1666667 | V109: 96.8 | AA109: =M109-J109 -> -357.64463 | AB109: =M109/J109 -> 0.89162284
B123: 平均 | I123: =AVERAGE(I107:I122) -> 4.3333333 | J123: =AVERAGE(J107:J122) -> 3100 | K123: =J123/I123 -> 715.38462 | L123: =AVERAGE(L107:L122) -> 4.3333333 | M123: =AVERAGE(M107:M122) -> 2752.6366 | N123: =M123/L123 -> 635.22382 | O123: =L123-I123 -> 0 | P123: =N123-K123 -> -80.160791 | Q123: =N123/K123 -> 0.88794728 | S123: =S107 -> 0.70833333 | T123: =INDEX(T107:T122,COUNTA(T107:T122)) -> 0.86458333 | AA123: =M123-J123 -> -347.36343 | AB123: =M123/J123 -> 0.88794728
A124: (新) 3300型飯糰機 (二配) | B124: 18℃-飯糰 | C124: 二配三杯醬爆菇菇飯糰 | E124: 16.7 | F124: 1725 | G124: =E124*F124 -> 28807.5 | I124: 3 | J124: 3300 | K124: =J124/I124 -> 1100 | L124: 3 | M124: =F124/V124*60 -> 2948.7179 | N124: =M124/L124 -> 982.90598 | O124: =L124-I124 -> 0 | P124: =N124-K124 -> -117.09402 | Q124: =N124/K124 -> 0.89355089 | R124: =Q140 -> 0.89237346 | S124: 0.70833333 | T124: 0.73270833 | V124: 35.1 | AA124: =M124-J124 -> -351.28205 | AB124: =M124/J124 -> 0.89355089 | AC124: =AB140 -> 0.89237346
B125: 18℃-飯糰 | C125: 二配壹號醬炙烤牛飯糰 | E125: 22.28 | F125: 1617 | G125: =E125*F125 -> 36026.76 | I125: 5 | J125: 3300 | K125: =J125/I125 -> 660 | L125: 5 | M125: =F125/V125*60 -> 2944.4613 | N125: =M125/L125 -> 588.89226 | O125: =L125-I125 -> 0 | P125: =N125-K125 -> -71.107739 | Q125: =N125/K125 -> 0.892261 | S125: 0.73614583 | T125: 0.75902778 | U125: 4.95 | V125: 32.95 | AA125: =M125-J125 -> -355.53869 | AB125: =M125/J125 -> 0.892261
B126: 18℃-飯糰 | C126: 二配油蔥G絲飯糰 | E126: 18.18 | F126: 713 | G126: =E126*F126 -> 12962.34 | I126: 4 | J126: 3300 | K126: =J126/I126 -> 825 | L126: 4 | M126: =F126/V126*60 -> 2943.578 | N126: =M126/L126 -> 735.8945 | O126: =L126-I126 -> 0 | P126: =N126-K126 -> -89.105505 | Q126: =N126/K126 -> 0.89199333 | S126: 0.76282407 | T126: 0.77291667 | U126: 5.4666667 | V126: 14.533333 | AA126: =M126-J126 -> -356.42202 | AB126: =M126/J126 -> 0.89199333
B127: 18℃-飯糰 | C127: 二配雞肉飯飯糰 | E127: 16.66 | F127: 7054 | G127: =E127*F127 -> 117519.64 | I127: 4 | J127: 3300 | K127: =J127/I127 -> 825 | L127: 4 | M127: =F127/V127*60 -> 2942.5724 | N127: =M127/L127 -> 735.64311 | O127: =L127-I127 -> 0 | P127: =N127-K127 -> -89.356895 | Q127: =N127/K127 -> 0.89168861 | S127: 0.77650463 | T127: 0.87638889 | U127: 5.1666667 | V127: 143.83333 | AA127: =M127-J127 -> -357.42758 | AB127: =M127/J127 -> 0.89168861
B140: 平均 | I140: =AVERAGE(I124:I139) -> 4 | J140: =AVERAGE(J124:J139) -> 3300 | K140: =J140/I140 -> 825 | L140: =AVERAGE(L124:L139) -> 4 | M140: =AVERAGE(M124:M139) -> 2944.8324 | N140: =M140/L140 -> 736.2081 | O140: =L140-I140 -> 0 | P140: =N140-K140 -> -88.791896 | Q140: =N140/K140 -> 0.89237346 | S140: =S124 -> 0.70833333 | T140: =INDEX(T124:T139,COUNTA(T124:T139)) -> 0.87638889 | AA140: =M140-J140 -> -355.16759 | AB140: =M140/J140 -> 0.89237346
A141: GKK3600型 飯糰機 (二配) | B141: 18℃-飯糰 | C141: 二配經典肉鬆飯糰 | E141: 14.03 | F141: 2883 | G141: =E141*F141 -> 40448.49 | H141: 2 | I141: 3 | J141: 3000 | K141: =J141/I141 -> 1000 | L141: 3 | M141: =F141/V141*60 -> 2683.941 | N141: =M141/L141 -> 894.64701 | O141: =L141-I141 -> 0 | P141: =N141-K141 -> -105.35299 | Q141: =N141/K141 -> 0.89464701 | R141: =Q157 -> 0.88654428 | S141: 0.70833333 | T141: 0.75309028 | V141: 64.45 | AA141: =M141-J141 -> -316.05896 | AB141: =M141/J141 -> 0.89464701 | AC141: =AB157 -> 0.88654428
B142: 18℃-飯糰 | C142: 二配芝麻香鬆飯糰 | E142: 18.18 | F142: 1665 | G142: =E142*F142 -> 30269.7 | I142: 4 | J142: 3000 | K142: =J142/I142 -> 750 | L142: 4 | M142: =F142/V142*60 -> 2686.6876 | N142: =M142/L142 -> 671.6719 | O142: =L142-I142 -> 0 | P142: =N142-K142 -> -78.328104 | Q142: =N142/K142 -> 0.89556253 | S142: 0.76319444 | T142: 0.7890162 | U142: 14.55 | V142: 37.183333 | AA142: =M142-J142 -> -313.31242 | AB142: =M142/J142 -> 0.89556253
B143: 18℃-飯糰 | C143: 二配鮪魚飯糰 | E143: 14.28 | F143: 4511 | G143: =E143*F143 -> 64417.08 | H143: 2 | I143: 3 | J143: 3600 | K143: =J143/I143 -> 1200 | L143: 3 | M143: =F143/V143*60 -> 3115.8097 | N143: =M143/L143 -> 1038.6032 | O143: =L143-I143 -> 0 | P143: =N143-K143 -> -161.39678 | Q143: =N143/K143 -> 0.86550269 | S143: 0.79939815 | T143: 0.85972222 | U143: 14.95 | V143: 86.866667 | W143: 0.85972222 | X143: 0.91319444 | AA143: =M143-J143 -> -484.19033 | AB143: =M143/J143 -> 0.86550269
B144: 18℃-飯糰 | C144: 二配經典肉鬆飯糰 | E144: 14.03 | F144: 3947 | G144: =E144*F144 -> 55376.41 | I144: 3 | J144: 3000 | K144: =J144/I144 -> 1000 | L144: 3 | M144: =F144/V144*60 -> 2684.0196 | N144: =M144/L144 -> 894.67321 | O144: =L144-I144 -> 0 | P144: =N144-K144 -> -105.32679 | Q144: =N144/K144 -> 0.89467321 | S144: 0.91319444 | T144: 0.97446759 | U144: 77 | V144: 88.233333 | AA144: =M144-J144 -> -315.98036 | AB144: =M144/J144 -> 0.89467321
B157: 平均 | I157: =AVERAGE(I141:I156) -> 3.25 | J157: =AVERAGE(J141:J156) -> 3150 | K157: =J157/I157 -> 969.23077 | L157: =AVERAGE(L141:L156) -> 3.25 | M157: =AVERAGE(M141:M156) -> 2792.6145 | N157: =M157/L157 -> 859.266 | O157: =L157-I157 -> 0 | P157: =N157-K157 -> -109.96477 | Q157: =N157/K157 -> 0.88654428 | S157: =S141 -> 0.70833333 | T157: =INDEX(T141:T156,COUNTA(T141:T156)) -> 0.97446759 | AA157: =M157-J157 -> -357.38552 | AB157: =M157/J157 -> 0.88654428
A158: GKK3600型 飯糰機2 (二配) | B158: 18℃-飯糰 | C158: 二配蔬食鮪魚飯糰 | E158: 18.18 | F158: 1201 | G158: =E158*F158 -> 21834.18 | I158: 3 | J158: 3600 | K158: =J158/I158 -> 1200 | L158: 3 | M158: =F158/V158*60 -> 3119.4805 | N158: =M158/L158 -> 1039.8268 | O158: =L158-I158 -> 0 | P158: =N158-K158 -> -160.17316 | Q158: =N158/K158 -> 0.86652237 | R158: =Q174 -> 0.8732696 | S158: 0.70833333 | T158: 0.724375 | V158: 23.1 | AA158: =M158-J158 -> -480.51948 | AB158: =M158/J158 -> 0.86652237 | AC158: =AB174 -> 0.8732696
B159: 18℃-飯糰 | C159: 二配北海道秋鮭親子飯糰 | E159: 24.82 | F159: 2547 | G159: =E159*F159 -> 63216.54 | I159: 4 | J159: 3300 | K159: =J159/I159 -> 825 | L159: 4 | M159: =F159/V159*60 -> 2922.92 | N159: =M159/L159 -> 730.73 | O159: =L159-I159 -> 0 | P159: =N159-K159 -> -94.270003 | Q159: =N159/K159 -> 0.88573333 | S159: 0.73472222 | T159: 0.77103009 | U159: 14.9 | V159: 52.283333 | AA159: =M159-J159 -> -377.08001 | AB159: =M159/J159 -> 0.88573333
B160: 18℃-飯糰 | C160: 二配熟成紅鮭飯糰 | E160: 25.03 | F160: 1995 | G160: =E160*F160 -> 49934.85 | I160: 4 | J160: 3300 | K160: =J160/I160 -> 825 | L160: 4 | M160: =F160/V160*60 -> 2919.5122 | N160: =M160/L160 -> 729.87805 | O160: =L160-I160 -> 0 | P160: =N160-K160 -> -95.121951 | Q160: =N160/K160 -> 0.88470067 | S160: 0.78125 | T160: 0.80972222 | U160: 14.716667 | V160: 41 | AA160: =M160-J160 -> -380.4878 | AB160: =M160/J160 -> 0.88470067
B161: 18℃-飯糰 | C161: 二配明太子龍蝦風味沙拉飯糰 | E161: 18.18 | F161: 3294 | G161: =E161*F161 -> 59884.92 | I161: 3 | J161: 3600 | K161: =J161/I161 -> 1200 | L161: 3 | M161: =F161/V161*60 -> 3117.3502 | N161: =M161/L161 -> 1039.1167 | O161: =L161-I161 -> 0 | P161: =N161-K161 -> -160.88328 | Q161: =N161/K161 -> 0.8659306 | S161: 0.82013889 | T161: 0.86416667 | U161: 15 | V161: 63.4 | W161: 0.86416667 | X161: 0.91769676 | AA161: =M161-J161 -> -482.64984 | AB161: =M161/J161 -> 0.8659306
B162: 18℃-飯糰 | C162: 二配鮪魚飯糰 | E162: 14.28 | F162: 4181 | G162: =E162*F162 -> 59704.68 | I162: 3 | J162: 3600 | K162: =J162/I162 -> 1200 | L162: 3 | M162: =F162/V162*60 -> 3115.6282 | N162: =M162/L162 -> 1038.5427 | O162: =L162-I162 -> 0 | P162: =N162-K162 -> -161.45726 | Q162: =N162/K162 -> 0.86545229 | S162: 0.91769676 | T162: 0.97361111 | U162: 77.083333 | V162: 80.516667 | AA162: =M162-J162 -> -484.37177 | AB162: =M162/J162 -> 0.86545229
B174: 平均 | I174: =AVERAGE(I158:I173) -> 3.4 | J174: =AVERAGE(J158:J173) -> 3480 | K174: =J174/I174 -> 1023.5294 | L174: =AVERAGE(L158:L173) -> 3.4 | M174: =AVERAGE(M158:M173) -> 3038.9782 | N174: =M174/L174 -> 893.81712 | O174: =L174-I174 -> 0 | P174: =N174-K174 -> -129.71229 | Q174: =N174/K174 -> 0.8732696 | S174: =S158 -> 0.70833333 | T174: =INDEX(T158:T173,COUNTA(T158:T173)) -> 0.97361111 | AA174: =M174-J174 -> -441.02178 | AB174: =M174/J174 -> 0.8732696
Y176: 原因回覆
Y177: 1.當日出勤人數較多
Y178: 2.當日出勤人數較少
Y179: 3.當日出勤熟手較多
Y180: 4.當日出勤新人較多
Y181: 5.機台夾盒
Y182: 6.封膜不順
Y183: 7.更換膠膜
Y184: 8.更換碳帶
Y185: 9.當日熱轉印碳帶異常
Y186: 10.訂單量過少
Y187: 11.新品上市，尚未熟悉
Y188: 12.活動期間品項需貼標

Sheet 1230(4度C)
A1: 大溪廠日報分析 | C1: 總生產量 | D1: =SUM(F5:F123) -> 54018 | E1: 營業額 | F1: =SUM(G5:G123) -> 2875801.3 | G1: 出勤人數 | H1: =L21+L38+L55+L72+L89+L106+L123 -> 132.58333 | I1: 產線配置圖 | L1: 生產實績 | O1: 人時性差異分析 | S1: 日報登錄 | Y1: 合計次數 | Z1: 合計(時間/分) | AA1: 產線異常 分析說明(5分鐘以上) | AC1: 合計次數 | AD1: 合計(時間/分) | AE1: 短暫停線 分析說明(5分鐘以下) | AG1: 短暫停線 分析說明(5分鐘以下) | AI1: 產能差異分析
A2: 46021 | C2: 人時性 | D2: =AVERAGE(N21,N38,N55,N72,N89,N106,N123) -> 150.57535 | E2: 平均廠價 | F2: =F1/D1 -> 53.237834 | G2: 多次生產數 | H2: =COUNT(H5:H123) -> 0 | Y2: =SUM(Y21+Y38+Y55+Y72+Y89+Y106+Y123) -> 0 | Z2: =SUM(Z21+Z38+Z55+Z72+Z89+Z106+Z123) -> 0 | AC2: =SUM(AC21+AC38+AC55+AC72+AC89+AC106+AC123) -> 0 | AD2: =SUM(AD21+AD38+AD55+AD72+AD89+AD106+AD123) -> 0
A3: 線別 | B3: 品類 | C3: 品名 | E3: 廠價 | F3: 生產量 | G3: 營收 | H3: 多次 生產 | I3: 人數 | J3: 產能/時 | K3: 人時性 | L3: 人數 | M3: 產能/時 | N3: 人時性 | O3: 人數 | P3: 人時性 | Q3: 達成率 | R3: 達成率 平均 | S3: 生產時間 | U3: 換線、休息/分 | V3: 稼動時間/分 | W3: 休息時間 | Y3: 產線異常統計 | AA3: (屏榮回填) | AC3: 短暫停線統計 | AE3: (屏榮回填) | AG3: (屏榮回填) | AI3: 產能/時 | AJ3: 達成率 | AK3: 達成率平均
S4: 開始 | T4: 結束 | W4: 開始 | X4: 結束 | Y4: 次數 | Z4: 時間/分 | AC4: 總次數 | AD4: 設備因素(次數)
A5: 便當二線 | B5: 微波主食 | C5: 糖燻野郎三十天熟成牛飯 | E5: 56.77 | F5: 3810 | G5: =E5*F5 -> 216293.7 | I5: 25 | J5: 2000 | K5: =J5/I5 -> 80 | L5: 25 | M5: =F5/V5*60 -> 1776.4538 | N5: =M5/L5 -> 71.058153 | O5: =L5-I5 -> 0 | P5: =N5-K5 -> -8.9418469 | Q5: =N5/K5 -> 0.88822691 | R5: =Q21 -> 0.88828676 | S5: 0.25021991 | T5: 0.33958333 | V5: 128.68333 | AI5: =M5-J5 -> -223.54617 | AJ5: =M5/J5 -> 0.88822691 | AK5: =AJ21 -> 0.88828676
B6: 4℃-飯糰 | C6: 韓素燒若飯糰 | E6: 24.07 | F6: 860 | G6: =E6*F6 -> 20700.2 | I6: 20 | J6: 2600 | K6: =J6/I6 -> 130 | L6: 20 | M6: =F6/V6*60 -> 2307.0045 | N6: =M6/L6 -> 115.35022 | O6: =L6-I6 -> 0 | P6: =N6-K6 -> -14.649776 | Q6: =N6/K6 -> 0.88730941 | S6: 0.34305556 | T6: 0.35858796 | U6: 5 | V6: 22.366667 | AI6: =M6-J6 -> -292.99553 | AJ6: =M6/J6 -> 0.88730941
B7: 4℃-飯糰 | C7: 麻油雞飯糰 | E7: 29.97 | F7: 2741 | G7: =E7*F7 -> 82147.77 | I7: 20 | J7: 2600 | K7: =J7/I7 -> 130 | L7: 20 | M7: =F7/V7*60 -> 2307.1312 | N7: =M7/L7 -> 115.35656 | O7: =L7-I7 -> 0 | P7: =N7-K7 -> -14.643442 | Q7: =N7/K7 -> 0.88735814 | S7: 0.36180556 | T7: 0.41130787 | U7: 4.6333333 | V7: 71.283333 | AI7: =M7-J7 -> -292.86883 | AJ7: =M7/J7 -> 0.88735814
B8: 便當 | C8: 嫩烤香料雞胸排蔬滿盒 | E8: 77.34 | F8: 2063 | G8: =E8*F8 -> 159552.42 | I8: 25 | J8: 2000 | K8: =J8/I8 -> 80 | L8: 25 | M8: =F8/V8*60 -> 1776.7464 | N8: =M8/L8 -> 71.069856 | O8: =L8-I8 -> 0 | P8: =N8-K8 -> -8.9301435 | Q8: =N8/K8 -> 0.88837321 | S8: 0.41481481 | T8: 0.46319444 | U8: 5.05 | V8: 69.666667 | W8: 0.46319444 | X8: 0.50277778 | AI8: =M8-J8 -> -223.25359 | AJ8: =M8/J8 -> 0.88837321
B9: 便當 | C9: 健身G肉餐盒 | E9: 59.52 | F9: 4520 | G9: =E9*F9 -> 269030.4 | I9: 25 | J9: 2000 | K9: =J9/I9 -> 80 | L9: 25 | M9: =F9/V9*60 -> 1781.4758 | N9: =M9/L9 -> 71.259032 | O9: =L9-I9 -> 0 | P9: =N9-K9 -> -8.7409678 | Q9: =N9/K9 -> 0.8907379 | S9: 0.50277778 | T9: 0.60849537 | U9: 57 | V9: 152.23333 | AI9: =M9-J9 -> -218.5242 | AJ9: =M9/J9 -> 0.8907379
B21: 平均 | I21: =AVERAGE(I5:I20) -> 23 | J21: =AVERAGE(J5:J20) -> 2240 | K21: =J21/I21 -> 97.391304 | L21: =AVERAGE(L5:L20) -> 23 | M21: =AVERAGE(M5:M20) -> 1989.7623 | N21: =M21/L21 -> 86.511406 | O21: =L21-I21 -> 0 | P21: =N21-K21 -> -10.879898 | Q21: =N21/K21 -> 0.88828676 | S21: =S5 -> 0.25021991 | T21: =INDEX(T5:T20,COUNTA(T5:T20)) -> 0.60849537 | Y21: =SUM(Y5:Y20) -> 0 | Z21: =SUM(Z5:Z20) -> 0 | AC21: =SUM(AC5:AC20) -> 0 | AD21: =SUM(AD5:AD20) -> 0 | AI21: =M21-J21 -> -250.23766 | AJ21: =M21/J21 -> 0.88828676
A22: 涼麵一線 | B22: 微波小吃 | C22: 日式茶碗蒸 | E22: 19.7 | F22: 3414 | G22: =E22*F22 -> 67255.8 | I22: 13 | J22: 1200 | K22: =J22/I22 -> 92.307692 | L22: 13 | M22: =F22/V22*60 -> 1077.4437 | N22: =M22/L22 -> 82.880283 | O22: =L22-I22 -> 0 | P22: =N22-K22 -> -9.4274096 | Q22: =N22/K22 -> 0.89786973 | R22: =Q38 -> 0.88738332 | S22: 0.20833333 | T22: 0.3403588 | V22: 190.11667 | AI22: =M22-J22 -> -122.55633 | AJ22: =M22/J22 -> 0.89786973 | AK22: =AJ38 -> 0.88738332
B23: 便當 | C23: 經典滷肉飯 | E23: 47.37 | F23: 1614 | G23: =E23*F23 -> 76455.18 | I23: 21 | J23: 2000 | K23: =J23/I23 -> 95.238095 | L23: 21 | M23: =F23/V23*60 -> 1772.0037 | N23: =M23/L23 -> 84.381127 | O23: =L23-I23 -> 0 | P23: =N23-K23 -> -10.856969 | Q23: =N23/K23 -> 0.88600183 | S23: 0.34399306 | T23: 0.38194444 | U23: 5.2333333 | V23: 54.65 | AI23: =M23-J23 -> -227.99634 | AJ23: =M23/J23 -> 0.88600183
B24: 便當 | C24: 香腸腿排雙拼便當 | E24: 53.76 | F24: 3452 | G24: =E24*F24 -> 185579.52 | I24: 20 | J24: 2000 | K24: =J24/I24 -> 100 | L24: 20 | M24: =F24/V24*60 -> 1771.2657 | N24: =M24/L24 -> 88.563284 | O24: =L24-I24 -> 0 | P24: =N24-K24 -> -11.436716 | Q24: =N24/K24 -> 0.88563284 | S24: 0.38546296 | T24: 0.46666667 | U24: 5.0666667 | V24: 116.93333 | W24: 0.46666667 | X24: 0.50694444 | AI24: =M24-J24 -> -228.73432 | AJ24: =M24/J24 -> 0.88563284
B25: 便當 | C25: 香烤藍尾鱈魚五行餐盒 | E25: 64.97 | F25: 895 | G25: =E25*F25 -> 58148.15 | I25: 20 | J25: 2000 | K25: =J25/I25 -> 100 | L25: 20 | M25: =F25/V25*60 -> 1771.3029 | N25: =M25/L25 -> 88.565146 | O25: =L25-I25 -> 0 | P25: =N25-K25 -> -11.434854 | Q25: =N25/K25 -> 0.88565146 | S25: 0.50694444 | T25: 0.52799769 | U25: 58 | V25: 30.316667 | AI25: =M25-J25 -> -228.69709 | AJ25: =M25/J25 -> 0.88565146
B26: 熱食義麵 | C26: 明太子雞叉燒拌麵 | E26: 57.3 | F26: 1167 | G26: =E26*F26 -> 66869.1 | I26: 21 | J26: 2000 | K26: =J26/I26 -> 95.238095 | L26: 21 | M26: =F26/V26*60 -> 1771.9106 | N26: =M26/L26 -> 84.376695 | O26: =L26-I26 -> 0 | P26: =N26-K26 -> -10.861401 | Q26: =N26/K26 -> 0.88595529 | S26: 0.53158565 | T26: 0.55902778 | U26: 5.1666667 | V26: 39.516667 | AI26: =M26-J26 -> -228.08941 | AJ26: =M26/J26 -> 0.88595529
B38: 平均 | I38: =AVERAGE(I22:I37) -> 19 | J38: =AVERAGE(J22:J37) -> 1840 | K38: =J38/I38 -> 96.842105 | L38: =AVERAGE(L22:L37) -> 19 | M38: =AVERAGE(M22:M37) -> 1632.7853 | N38: =M38/L38 -> 85.936069 | O38: =L38-I38 -> 0 | P38: =N38-K38 -> -10.906037 | Q38: =N38/K38 -> 0.88738332 | S38: =S22 -> 0.20833333 | T38: =INDEX(T22:T37,COUNTA(T22:T37)) -> 0.55902778 | Y38: =SUM(Y22:Y37) -> 0 | Z38: =SUM(Z22:Z37) -> 0 | AC38: =SUM(AC22:AC37) -> 0 | AD38: =SUM(AD22:AD37) -> 0 | AI38: =M38-J38 -> -207.2147 | AJ38: =M38/J38 -> 0.88738332
A39: 涼麵二線 | B39: 便當 | C39: 美式雞丁餐盒 | E39: 59.34 | F39: 1455 | G39: =E39*F39 -> 86339.7 | I39: 24 | J39: 2000 | K39: =J39/I39 -> 83.333333 | L39: 24 | M39: =F39/V39*60 -> 1771.9892 | N39: =M39/L39 -> 73.832882 | O39: =L39-I39 -> 0 | P39: =N39-K39 -> -9.5004511 | Q39: =N39/K39 -> 0.88599459 | R39: =Q55 -> 0.88631941 | S39: 0.29166667 | T39: 0.32587963 | V39: 49.266667 | AI39: =M39-J39 -> -228.01083 | AJ39: =M39/J39 -> 0.88599459 | AK39: =AJ55 -> 0.88631941
B40: 便當 | C40: 烤蛋白餐盒 | E40: 58.67 | F40: 3139 | G40: =E40*F40 -> 184165.13 | I40: 23 | J40: 2000 | K40: =J40/I40 -> 86.956522 | L40: 23 | M40: =F40/V40*60 -> 1775.9547 | N40: =M40/L40 -> 77.215423 | O40: =L40-I40 -> 0 | P40: =N40-K40 -> -9.7410983 | Q40: =N40/K40 -> 0.88797737 | S40: 0.32916667 | T40: 0.4028125 | U40: 4.7333333 | V40: 106.05 | AI40: =M40-J40 -> -224.04526 | AJ40: =M40/J40 -> 0.88797737
B41: 便當 | C41: 海陸雙拼肉肉餐盒 | E41: 59.54 | F41: 2831 | G41: =E41*F41 -> 168557.74 | I41: 23 | J41: 2000 | K41: =J41/I41 -> 86.956522 | L41: 23 | M41: =F41/V41*60 -> 1769.6822 | N41: =M41/L41 -> 76.942706 | O41: =L41-I41 -> 0 | P41: =N41-K41 -> -10.013816 | Q41: =N41/K41 -> 0.88484112 | S41: 0.40626157 | T41: 0.47291667 | U41: 4.9666667 | V41: 95.983333 | W41: 0.47291667 | X41: 0.51262731 | AI41: =M41-J41 -> -230.31776 | AJ41: =M41/J41 -> 0.88484112
B42: 便當 | C42: 蔬活腿排補力餐盒 | E42: 71.55 | F42: 2063 | G42: =E42*F42 -> 147607.65 | I42: 22 | J42: 2000 | K42: =J42/I42 -> 90.909091 | L42: 22 | M42: =F42/V42*60 -> 1772.9291 | N42: =M42/L42 -> 80.587686 | O42: =L42-I42 -> 0 | P42: =N42-K42 -> -10.321405 | Q42: =N42/K42 -> 0.88646455 | S42: 0.51262731 | T42: 0.56111111 | U42: 57.183333 | V42: 69.816667 | AI42: =M42-J42 -> -227.0709 | AJ42: =M42/J42 -> 0.88646455
B55: 平均 | I55: =AVERAGE(I39:I54) -> 23 | J55: =AVERAGE(J39:J54) -> 2000 | K55: =J55/I55 -> 86.956522 | L55: =AVERAGE(L39:L54) -> 23 | M55: =AVERAGE(M39:M54) -> 1772.6388 | N55: =M55/L55 -> 77.071253 | O55: =L55-I55 -> 0 | P55: =N55-K55 -> -9.885269 | Q55: =N55/K55 -> 0.88631941 | S55: =S39 -> 0.29166667 | T55: =INDEX(T39:T54,COUNTA(T39:T54)) -> 0.56111111 | Y55: =SUM(Y39:Y54) -> 0 | Z55: =SUM(Z39:Z54) -> 0 | AC55: =SUM(AC39:AC54) -> 0 | AD55: =SUM(AD39:AD54) -> 0 | AI55: =M55-J55 -> -227.36119 | AJ55: =M55/J55 -> 0.88631941
A56: 涼麵三線 | B56: 熱食義麵 | C56: 焗烤蕃茄起司四方麵 | E56: 57.3 | F56: 2281 | G56: =E56*F56 -> 130701.3 | I56: 22 | J56: 1800 | K56: =J56/I56 -> 81.818182 | L56: 22 | M56: =F56/V56*60 -> 1595.1049 | N56: =M56/L56 -> 72.504768 | O56: =L56-I56 -> 0 | P56: =N56-K56 -> -9.3134139 | Q56: =N56/K56 -> 0.88616939 | R56: =Q72 -> 0.88627483 | S56: 0.29180556 | T56: 0.35138889 | V56: 85.8 | AI56: =M56-J56 -> -204.8951 | AJ56: =M56/J56 -> 0.88616939 | AK56: =AJ72 -> 0.88627483
B57: 季節調理麵 | C57: 東京豚骨風味拉麵 | E57: 71.84 | F57: 911 | G57: =E57*F57 -> 65446.24 | I57: 19 | J57: 1800 | K57: =J57/I57 -> 94.736842 | L57: 19 | M57: =F57/V57*60 -> 1597.4671 | N57: =M57/L57 -> 84.077217 | O57: =L57-I57 -> 0 | P57: =N57-K57 -> -10.659625 | Q57: =N57/K57 -> 0.88748173 | S57: 0.35486111 | T57: 0.37862269 | U57: 5 | V57: 34.216667 | AI57: =M57-J57 -> -202.53288 | AJ57: =M57/J57 -> 0.88748173
B58: 季節調理麵 | C58: 醬油叉燒拉麵 | E58: 72.4 | F58: 609 | G58: =E58*F58 -> 44091.6 | I58: 18 | J58: 1800 | K58: =J58/I58 -> 100 | L58: 18 | M58: =F58/V58*60 -> 1599.1247 | N58: =M58/L58 -> 88.840263 | O58: =L58-I58 -> 0 | P58: =N58-K58 -> -11.159737 | Q58: =N58/K58 -> 0.88840263 | S58: 0.38204861 | T58: 0.39791667 | U58: 4.9333333 | V58: 22.85 | AI58: =M58-J58 -> -200.87527 | AJ58: =M58/J58 -> 0.88840263
B59: 季節調理麵 | C59: 和風匠製胡麻涼麵 | E59: 32.06 | F59: 389 | G59: =E59*F59 -> 12471.34 | I59: 19 | J59: 3600 | K59: =J59/I59 -> 189.47368 | L59: 19 | M59: =F59/V59*60 -> 3182.7273 | N59: =M59/L59 -> 167.51196 | O59: =L59-I59 -> 0 | P59: =N59-K59 -> -21.961722 | Q59: =N59/K59 -> 0.88409091 | S59: 0.40138889 | T59: 0.40648148 | U59: 5 | V59: 7.3333333 | AI59: =M59-J59 -> -417.27273 | AJ59: =M59/J59 -> 0.88409091
B60: 微波小吃 | C60: 日式壽喜燒 | E60: 57.73 | F60: 827 | G60: =E60*F60 -> 47742.71 | I60: 22 | J60: 1800 | K60: =J60/I60 -> 81.818182 | L60: 22 | M60: =F60/V60*60 -> 1595.4984 | N60: =M60/L60 -> 72.522654 | O60: =L60-I60 -> 0 | P60: =N60-K60 -> -9.2955276 | Q60: =N60/K60 -> 0.886388 | S60: 0.40972222 | T60: 0.43131944 | U60: 4.6666667 | V60: 31.1 | AI60: =M60-J60 -> -204.50161 | AJ60: =M60/J60 -> 0.886388
B61: 微波小吃 | C61: 韓式部隊鍋 | E61: 57.73 | F61: 1055 | G61: =E61*F61 -> 60905.15 | I61: 22 | J61: 1800 | K61: =J61/I61 -> 81.818182 | L61: 22 | M61: =F61/V61*60 -> 1597.1405 | N61: =M61/L61 -> 72.597293 | O61: =L61-I61 -> 0 | P61: =N61-K61 -> -9.2208884 | Q61: =N61/K61 -> 0.88730025 | S61: 0.43497685 | T61: 0.4625 | U61: 5.2666667 | V61: 39.633333 | AI61: =M61-J61 -> -202.85955 | AJ61: =M61/J61 -> 0.88730025
B72: 平均 | I72: =AVERAGE(I56:I71) -> 20.333333 | J72: =AVERAGE(J56:J71) -> 2100 | K72: =J72/I72 -> 103.27869 | L72: =AVERAGE(L56:L71) -> 20.333333 | M72: =AVERAGE(M56:M71) -> 1861.1771 | N72: =M72/L72 -> 91.533302 | O72: =L72-I72 -> 0 | P72: =N72-K72 -> -11.745386 | Q72: =N72/K72 -> 0.88627483 | S72: =S56 -> 0.29180556 | T72: =INDEX(T56:T71,COUNTA(T56:T71)) -> 0.4625 | Y72: =SUM(Y56:Y71) -> 0 | Z72: =SUM(Z56:Z71) -> 0 | AC72: =SUM(AC56:AC71) -> 0 | AD72: =SUM(AD56:AD71) -> 0 | AI72: =M72-J72 -> -238.82286 | AJ72: =M72/J72 -> 0.88627483
A73: 自動包裝機 | B73: 4℃-飯糰 | C73: 和風牛肉咖哩炸飯糰 | E73: 21.74 | F73: 1081 | G73: =E73*F73 -> 23500.94 | I73: 6 | J73: 3600 | K73: =J73/I73 -> 600 | L73: 6 | M73: =F73/V73*60 -> 3256.569 | N73: =M73/L73 -> 542.76151 | O73: =L73-I73 -> 0 | P73: =N73-K73 -> -57.238494 | Q73: =N73/K73 -> 0.90460251 | R73: =Q89 -> 0.90460251 | S73: 0.31811343 | T73: 0.33194444 | V73: 19.916667 | AI73: =M73-J73 -> -343.43096 | AJ73: =M73/J73 -> 0.90460251 | AK73: =AJ89 -> 0.90460251
B89: 平均 | I89: =AVERAGE(I73:I88) -> 6 | J89: =AVERAGE(J73:J88) -> 3600 | K89: =J89/I89 -> 600 | L89: =AVERAGE(L73:L88) -> 6 | M89: =AVERAGE(M73:M88) -> 3256.569 | N89: =M89/L89 -> 542.76151 | O89: =L89-I89 -> 0 | P89: =N89-K89 -> -57.238494 | Q89: =N89/K89 -> 0.90460251 | S89: =S73 -> 0.31811343 | T89: =INDEX(T73:T88,COUNTA(T73:T88)) -> 0.33194444 | Y89: =SUM(Y73:Y88) -> 0 | Z89: =SUM(Z73:Z88) -> 0 | AC89: =SUM(AC73:AC88) -> 0 | AD89: =SUM(AD73:AD88) -> 0 | AI89: =M89-J89 -> -343.43096 | AJ89: =M89/J89 -> 0.90460251
A90: 便當二線 (二配) | B90: 微波主食 | C90: 二配鐵板蘑菇肉醬起司焗飯 | E90: 44.3 | F90: 668 | G90: =E90*F90 -> 29592.4 | I90: 17 | J90: 2000 | K90: =J90/I90 -> 117.64706 | L90: 17 | M90: =F90/V90*60 -> 1773.4513 | N90: =M90/L90 -> 104.32067 | O90: =L90-I90 -> 0 | P90: =N90-K90 -> -13.326393 | Q90: =N90/K90 -> 0.88672566 | R90: =Q106 -> 0.88562481 | S90: 0.70861111 | T90: 0.72430556 | V90: 22.6 | AI90: =M90-J90 -> -226.54867 | AJ90: =M90/J90 -> 0.88672566 | AK90: =AJ106 -> 0.88562481
B91: 微波主食 | C91: 二配蒙古風味烤肉飯 | E91: 58.17 | F91: 3242 | G91: =E91*F91 -> 188587.14 | I91: 19 | J91: 1800 | K91: =J91/I91 -> 94.736842 | L91: 19 | M91: =F91/V91*60 -> 1597.2629 | N91: =M91/L91 -> 84.066468 | O91: =L91-I91 -> 0 | P91: =N91-K91 -> -10.670374 | Q91: =N91/K91 -> 0.88736828 | S91: 0.72792824 | T91: 0.8125 | U91: 5.2166667 | V91: 121.78333 | AI91: =M91-J91 -> -202.7371 | AJ91: =M91/J91 -> 0.88736828
B92: 微波主食 | C92: 二配乳酪燻腸紅醬焗飯 | E92: 50.67 | F92: 600 | G92: =E92*F92 -> 30402 | I92: 20 | J92: 2000 | K92: =J92/I92 -> 100 | L92: 20 | M92: =F92/V92*60 -> 1767.5941 | N92: =M92/L92 -> 88.379705 | O92: =L92-I92 -> 0 | P92: =N92-K92 -> -11.620295 | Q92: =N92/K92 -> 0.88379705 | S92: 0.81597222 | T92: 0.83011574 | U92: 5 | V92: 20.366667 | AI92: =M92-J92 -> -232.40589 | AJ92: =M92/J92 -> 0.88379705
B93: 微波主食 | C93: 二配西班牙風味海鮮燉飯 | E93: 57.3 | F93: 1628 | G93: =E93*F93 -> 93284.4 | I93: 21 | J93: 2000 | K93: =J93/I93 -> 95.238095 | L93: 21 | M93: =F93/V93*60 -> 1769.5652 | N93: =M93/L93 -> 84.26501 | O93: =L93-I93 -> 0 | P93: =N93-K93 -> -10.973085 | Q93: =N93/K93 -> 0.88478261 | S93: 0.83333333 | T93: 0.87166667 | U93: 4.6333333 | V93: 55.2 | AI93: =M93-J93 -> -230.43478 | AJ93: =M93/J93 -> 0.88478261
B106: 平均 | I106: =AVERAGE(I90:I105) -> 19.25 | J106: =AVERAGE(J90:J105) -> 1950 | K106: =J106/I106 -> 101.2987 | L106: =AVERAGE(L90:L105) -> 19.25 | M106: =AVERAGE(M90:M105) -> 1726.9684 | N106: =M106/L106 -> 89.712644 | O106: =L106-I106 -> 0 | P106: =N106-K106 -> -11.586058 | Q106: =N106/K106 -> 0.88562481 | S106: =S90 -> 0.70861111 | T106: =INDEX(T90:T105,COUNTA(T90:T105)) -> 0.87166667 | Y106: =SUM(Y90:Y105) -> 0 | Z106: =SUM(Z90:Z105) -> 0 | AC106: =SUM(AC90:AC105) -> 0 | AD106: =SUM(AD90:AD105) -> 0 | AI106: =M106-J106 -> -223.03161 | AJ106: =M106/J106 -> 0.88562481
A107: 涼麵一線 (二配) | B107: 微波主食 | C107: 二配里肌豬排可可咖哩歐姆蛋飯 | E107: 56.79 | F107: 1593 | G107: =E107*F107 -> 90466.47 | I107: 23 | J107: 2000 | K107: =J107/I107 -> 86.956522 | L107: 23 | M107: =F107/V107*60 -> 1771.0933 | N107: =M107/L107 -> 77.004055 | O107: =L107-I107 -> 0 | P107: =N107-K107 -> -9.9524666 | Q107: =N107/K107 -> 0.88554663 | R107: =Q123 -> 0.88551371 | S107: 0.70835648 | T107: 0.74583333 | V107: 53.966667 | AI107: =M107-J107 -> -228.90673 | AJ107: =M107/J107 -> 0.88554663 | AK107: =AJ123 -> 0.88551371
B108: 微波主食 | C108: 二配黃金雞排蘑菇白醬歐姆蛋飯 | E108: 56.87 | F108: 1262 | G108: =E108*F108 -> 71769.94 | I108: 23 | J108: 2000 | K108: =J108/I108 -> 86.956522 | L108: 23 | M108: =F108/V108*60 -> 1772.6102 | N108: =M108/L108 -> 77.07001 | O108: =L108-I108 -> 0 | P108: =N108-K108 -> -9.8865121 | Q108: =N108/K108 -> 0.88630511 | S108: 0.74950231 | T108: 0.77916667 | U108: 5.2833333 | V108: 42.716667 | AI108: =M108-J108 -> -227.38978 | AJ108: =M108/J108 -> 0.88630511
B109: 微波主食 | C109: 二配哞哞培根奶香海陸焗飯 | E109: 47.6 | F109: 1541 | G109: =E109*F109 -> 73351.6 | I109: 23 | J109: 2000 | K109: =J109/I109 -> 86.956522 | L109: 23 | M109: =F109/V109*60 -> 1768.4412 | N109: =M109/L109 -> 76.888747 | O109: =L109-I109 -> 0 | P109: =N109-K109 -> -10.067775 | Q109: =N109/K109 -> 0.88422059 | S109: 0.78263889 | T109: 0.81894676 | U109: 5 | V109: 52.283333 | AI109: =M109-J109 -> -231.55881 | AJ109: =M109/J109 -> 0.88422059
B110: 微波主食 | C110: 二配失控起司薯餅焗飯 | E110: 54.09 | F110: 2307 | G110: =E110*F110 -> 124785.63 | I110: 19 | J110: 2000 | K110: =J110/I110 -> 105.26316 | L110: 19 | M110: =F110/V110*60 -> 1771.965 | N110: =M110/L110 -> 93.261316 | O110: =L110-I110 -> 0 | P110: =N110-K110 -> -12.001842 | Q110: =N110/K110 -> 0.8859825 | S110: 0.82222222 | T110: 0.87646991 | U110: 4.7166667 | V110: 78.116667 | AI110: =M110-J110 -> -228.03499 | AJ110: =M110/J110 -> 0.8859825
B123: 平均 | I123: =AVERAGE(I107:I122) -> 22 | J123: =AVERAGE(J107:J122) -> 2000 | K123: =J123/I123 -> 90.909091 | L123: =AVERAGE(L107:L122) -> 22 | M123: =AVERAGE(M107:M122) -> 1771.0274 | N123: =M123/L123 -> 80.501246 | O123: =L123-I123 -> 0 | P123: =N123-K123 -> -10.407844 | Q123: =N123/K123 -> 0.88551371 | S123: =S107 -> 0.70835648 | T123: =INDEX(T107:T122,COUNTA(T107:T122)) -> 0.87646991 | Y123: =SUM(Y107:Y122) -> 0 | Z123: =SUM(Z107:Z122) -> 0 | AC123: =SUM(AC107:AC122) -> 0 | AD123: =SUM(AD107:AD122) -> 0 | AI123: =M123-J123 -> -228.97258 | AJ123: =M123/J123 -> 0.88551371
AA125: 原因回覆 | AE125: 1.膜料更換。
AA126: 1.當日出勤人數較多 | AE126: 2.半成品更換過慢。
AA127: 2.當日出勤人數較少 | AE127: 3.半成品不足。
AA128: 3.當日出勤熟手較多 | AE128: 4.半成品狀態異常。
AA129: 4.當日出勤新人較多 | AE129: 5.包材異常。
AA130: 5.機台夾盒 | AE130: 6.人員作業不及。
AA131: 6.封膜不順 | AE131: 7.酒精消毒。
AA132: 7.更換膠膜 | AE132: 8.機台設備異常。
AA133: 8.更換碳帶 | AE133: 9.金檢異常。
AA134: 9.當日熱轉印碳帶異常
AA135: 10.訂單量過少
AA136: 11.新品上市，尚未熟悉
AA137: 12.活動期間品項需貼標

Sheet 1229
B1: 屏榮 大溪廠組合室生產人時性分析
B3: 日期 | C3: 114.12.29星期一 | E3: 訂單量 | F3: ='1229(18度C)'!D1+'1229(4度C)'!D1 -> 167738 | H3: 營業額 | I3: ='1229(18度C)'!F1+'1229(4度C)'!F1 -> 5307038.4
B4: 人時性 | C4: 項目 | E4: ➀ | G4: ➁ | I4: ➂ | K4: ④ | M4: ⑤ | O4: 異常停線 | Q4: 短暫停線
C5: 組合室 | E5: 全溫層 | G5: 4度C-各編組展開(一配) | I5: 4度C-各編組展開(二配) | K5: 18度C-各編組展開(一配) | M5: 18度C-各編組展開(二配) | O5: 合計次數 | P5: 時間 | Q5: 合計次數 | R5: 設備次數
C6: 排關平均 | E6: =AVERAGE(D14:O14,D32:X32) -> 497.49376 | F6: =AVERAGE(#REF!,D14:K14) -> #REF! | G6: =AVERAGE(D14:K14) -> 196.89372 | I6: =AVERAGE(L14:O14) -> 96.103896 | K6: =AVERAGE(D32:O32) -> 693.69412 | M6: =AVERAGE(P32:X32) -> 762.44939 | O6: ='[1]1201(4度C)'!Y2 -> 0 | P6: ='[1]1201(4度C)'!Z2 -> 0 | Q6: ='[1]1201(4度C)'!AC2 -> 0 | R6: ='[1]1201(4度C)'!AD2 -> 0
C7: 實績平均 | E7: =AVERAGE(D15:O15,D33:X33) -> 440.09029 | F7: =AVERAGE(#REF!,D15:K15) -> #REF! | G7: =AVERAGE(D15:K15) -> 176.78041 | I7: =AVERAGE(L15:O15) -> 85.101107 | K7: =AVERAGE(D33:O33) -> 612.41609 | M7: =AVERAGE(P33:X33) -> 673.07005
C8: 達成率平均 | E8: =AVERAGE(D16:O16,D34:X34) -> 0.88509054 | F8: =AVERAGE(D16:K16,#REF!) -> #REF! | G8: =AVERAGE(D16:K16) -> 0.89055479 | I8: =AVERAGE(L16:O16) -> 0.88550674 | K8: =AVERAGE(D34:O34) -> 0.88323702 | M8: =AVERAGE(P34:X34) -> 0.88131333
O9: ※現行日本鮮食廠以達成率80%為基本(即為現行KPI)
B11: 溫層 | D11: ➁4度C-各編組展開 | L11: ➂4度C-各編組展開
B12: 編組 | D12: 1 | E12: 2 | F12: 3 | G12: 4 | H12: 5 | I12: 6 | J12: 7 | K12: 8 | L12: 1 | M12: 2 | N12: 3 | O12: 4
D13: 便當一線 | E13: 便當二線 | F13: 涼麵一線 | G13: 涼麵二線 | H13: 涼麵三線 | I13: 自動包裝機 | J13: 自動包裝機2 | K13: 自動包裝機3 | L13: 便當一線 | M13: 便當二線 | N13: 涼麵一線 | O13: 涼麵二線
B14: 人時性 | C14: 排關 | D14: - | E14: 97.391304 | F14: 96.842105 | G14: 86.956522 | H14: 103.27869 | I14: 600 | J14: - | K14: - | L14: - | M14: 101.2987 | N14: 90.909091 | O14: -
C15: 實績 | D15: - | E15: 86.509688 | F15: 85.938687 | G15: 77.069127 | H15: 91.504934 | I15: 542.87962 | J15: - | K15: - | L15: - | M15: 89.709648 | N15: 80.492567 | O15: -
C16: 達成率 | D16: - | E16: =E15/E14 -> 0.88826911 | F16: =F15/F14 -> 0.88741036 | G16: =G15/G14 -> 0.88629496 | H16: =H15/H14 -> 0.88600016 | I16: =I15/I14 -> 0.90479937 | J16: - | K16: - | L16: - | M16: =M15/M14 -> 0.88559524 | N16: =N15/N14 -> 0.88541823 | O16: -
B17: 作業 時間 | C17: 開始 | D17: - | E17: 0.25006944 | F17: 0.20835648 | G17: 0.29166667 | H17: 0.29166667 | I17: 0.31736111 | J17: - | K17: - | L17: - | M17: 0.70833333 | N17: 0.7084375 | O17: -
C18: 結束 | D18: - | E18: 0.62152778 | F18: 0.575 | G18: 0.58333333 | H18: 0.48762731 | I18: 0.33207176 | J18: - | K18: - | L18: - | M18: 0.87299769 | N18: 0.89930556 | O18: -
B19: 產線異常 (5分鐘以上) | C19: 次數
C20: 時間/分
B21: 短暫停線 (5分鐘以下) | C21: 次數
C22: 設備次數
B23: 配置人數 | D23: - | E23: 23 | F23: 19 | G23: 23 | H23: 20.333333 | I23: 6 | J23: - | K23: - | L23: - | M23: 19.25 | N23: 22 | O23: -
B24: 主要應用設備 | D24: L型封口機 | E24: ET-55 | F24: ET-55 | G24: ET-55 | H24: ET-600 | I24: 伺服包裝機 | J24: 伺服包裝機 | K24: 伺服包裝機 | L24: L型封口機 | M24: ET-55 | N24: ET-55 | O24: ET-55
B25: 次要應用設備 | D25: 伺服包裝機 | H25: 伺服包裝機
B26: 備註 | H26: 涼麵+烤飯糰 | I26: 大口飯糰線 | K26: 烤飯糰+手卷
B29: 溫層 | D29: ➃18度C-各編組展開 (一配) | P29: ⑤18度C-各編組展開 (二配)
B30: 編組 | D30: 1 | E30: 2 | F30: 3 | G30: 4 | H30: 5 | I30: 6 | J30: 7 | K30: 8 | L30: 9 | M30: 10 | N30: 11 | O30: 12 | P30: 1 | Q30: 2 | R30: 3 | S30: 4 | T30: 5 | U30: 6 | V30: 7 | W30: 8 | X30: 9
D31: 便當一線 | E31: 涼麵一線 | F31: 涼麵三線 | G31: 自動包裝機 | H31: 自動包裝機2 | I31: 自動包裝機3 | J31: 味付飯糰線B | K31: (舊) 3300型飯糰線 | L31: 3000型飯糰線 | M31: (新) 3300型飯糰機 | N31: GKK3600型 飯糰機 | O31: GKK3600型 飯糰機2 | P31: 自動包裝機 | Q31: 自動包裝機2 | R31: 自動包裝機3 | S31: 味付飯糰線B | T31: (舊) 3300型飯糰線 | U31: 3000型飯糰線 | V31: (新) 3300型飯糰機 | W31: GKK3600型 飯糰機 | X31: GKK3600型 飯糰機2
B32: 人時性 | C32: 排關 | D32: - | E32: - | F32: - | G32: 248.66667 | H32: 433.33333 | I32: - | J32: - | K32: - | L32: - | M32: 776.47059 | N32: 1150 | O32: 860 | P32: 252.63158 | Q32: - | R32: - | S32: - | T32: 715.38462 | U32: - | V32: 825 | W32: 969.23077 | X32: 1050
C33: 實績 | D33: - | E33: - | F33: - | G33: 217.08817 | H33: 386.12876 | I33: - | J33: - | K33: - | L33: - | M33: 693.46125 | N33: 1001.8822 | O33: 763.52005 | P33: 219.25972 | Q33: - | R33: - | S33: - | T33: 635.23378 | U33: - | V33: 736.21011 | W33: 859.15366 | X33: 915.49298
C34: 達成率 | D34: - | E34: - | F34: - | G34: =G33/G32 -> 0.87300874 | H34: =H33/H32 -> 0.89106638 | I34: - | J34: - | K34: - | L34: - | M34: =M33/M32 -> 0.89309403 | N34: =N33/N32 -> 0.87120193 | O34: =O33/O32 -> 0.88781401 | P34: =P33/P32 -> 0.86790307 | Q34: - | R34: - | S34: - | T34: =T33/T32 -> 0.8879612 | U34: - | V34: =V33/V32 -> 0.89237589 | W34: =W33/W32 -> 0.88642838 | X34: =X33/X32 -> 0.87189807
B35: 作業 時間 | C35: 開始 | D35: - | E35: - | F35: - | G35: 0.33541667 | H35: 0.25 | I35: - | J35: - | K35: - | L35: - | M35: 0.25 | N35: 0.166875 | O35: 0.25 | P35: 0.70833333 | Q35: - | R35: - | S35: - | T35: 0.70833333 | U35: - | V35: 0.70849537 | W35: 0.70862269 | X35: 0.70862269
C36: 結束 | D36: - | E36: - | F36: - | G36: 0.56460648 | H36: 0.29652778 | I36: - | J36: - | K36: - | L36: - | M36: 0.42297454 | N36: 0.40854167 | O36: 0.40368056 | P36: 0.81666667 | Q36: - | R36: - | S36: - | T36: 0.88574074 | U36: - | V36: 0.89873843 | W36: 1.0083333 | X36: 1.0064005
B37: 配置人數 | D37: - | E37: - | F37: - | G37: 12.5 | H37: 6 | I37: - | J37: - | K37: - | L37: - | M37: 4.25 | N37: 3 | O37: 3.75 | P37: 14.25 | Q37: - | R37: - | S37: - | T37: 4.3333333 | U37: - | V37: 4 | W37: 3.25 | X37: 3.3333333
B38: 主要應用設備 | D38: 伺服包裝機 | E38: ET-55 | F38: ET-600 | G38: 夾心型 | H38: 伺服包裝機 | I38: 伺服包裝機 | J38: 夾心型 | K38: 3300型 | L38: 3300型 | M38: 3300型 | N38: GKK | O38: GKK | P38: 夾心型 | Q38: 伺服包裝機 | R38: 伺服包裝機 | S38: 夾心型 | T38: 3300型 | U38: 3300型 | V38: 3300型 | W38: GKK | X38: GKK
B39: 次要應用設備
B40: 備註

Sheet 1229(18度C)
A1: 大溪廠日報分析 | C1: 總生產量 | D1: =SUM(F5:F174) -> 109466 | E1: 營業額 | F1: =SUM(G5:G174) -> 2187968.2 | G1: 出勤人數 | H1: =L21+L38+L55+L72+L89+L106+L123+L140+L157+L174 -> 58.666667 | I1: 產線配置圖 | L1: 生產實績 | O1: 人時性差異分析 | S1: 日報登錄 | Y1: 分析說明 | AA1: 產能差異分析
A2: 46020 | C2: 人時性 | D2: =AVERAGE(N21,N38,N55,N72,N89,N106,N123,N140,N157,N174) -> 642.74307 | E2: 平均廠價 | F2: =F1/D1 -> 19.987651 | G2: 多次生產數 | H2: =COUNT(H5:H174) -> 3
A3: 線別 | B3: 品類 | C3: 品名 | E3: 廠價 | F3: 生產量 | G3: 營收 | H3: 多次 生產 | I3: 人數 | J3: 產能/時 | K3: 人時性 | L3: 人數 | M3: 產能/時 | N3: 人時性 | O3: 人數 | P3: 人時性 | Q3: 達成率 | R3: 達成率 平均 | S3: 生產時間 | U3: 換線、休息/分 | V3: 稼動時間/分 | W3: 休息時間 | Y3: (屏榮回填) | AA3: 產能/時 | AB3: 達成率 | AC3: 達成率平均
S4: 開始 | T4: 結束 | W4: 開始 | X4: 結束
A5: 自動包裝機 | B5: 18℃-壽司手卷 | C5: 一配明太子玉子脆卷 | E5: 19.7 | F5: 720 | G5: =E5*F5 -> 14184 | I5: 6 | J5: 2500 | K5: =J5/I5 -> 416.66667 | L5: 6 | M5: =F5/V5*60 -> 2253.913 | N5: =M5/L5 -> 375.65217 | O5: =L5-I5 -> 0 | P5: =N5-K5 -> -41.014493 | Q5: =N5/K5 -> 0.90156522 | R5: =Q21 -> 0.87300874 | S5: 0.33541667 | T5: 0.34872685 | U5: 4.8166667 | V5: 19.166667 | AA5: =M5-J5 -> -246.08696 | AB5: =M5/J5 -> 0.90156522 | AC5: =AB21 -> 0.87300874
B6: 18℃-飯糰 | C6: 一配兩粒飯糰(鮪魚.焦糖鮭魚) | E6: 28.57 | F6: 2693 | G6: =E6*F6 -> 76939.01 | I6: 12 | J6: 3600 | K6: =J6/I6 -> 300 | L6: 12 | M6: =F6/V6*60 -> 3110.2984 | N6: =M6/L6 -> 259.19153 | O6: =L6-I6 -> 0 | P6: =N6-K6 -> -40.80847 | Q6: =N6/K6 -> 0.86397177 | S6: 0.35211806 | T6: 0.38819444 | U6: 4.8833333 | V6: 51.95 | AA6: =M6-J6 -> -489.70164 | AB6: =M6/J6 -> 0.86397177
B7: 18℃-壽司手卷 | C7: 一配海饌雙手卷 | E7: 29.85 | F7: 2199 | G7: =E7*F7 -> 65640.15 | I7: 17 | J7: 3600 | K7: =J7/I7 -> 211.76471 | L7: 17 | M7: =F7/V7*60 -> 3117.9204 | N7: =M7/L7 -> 183.40708 | O7: =L7-I7 -> 0 | P7: =N7-K7 -> -28.357621 | Q7: =N7/K7 -> 0.86608901 | S7: 0.39166667 | T7: 0.42105324 | U7: 5 | V7: 42.316667 | AA7: =M7-J7 -> -482.07956 | AB7: =M7/J7 -> 0.86608901
B8: 18℃-壽司手卷 | C8: 一配雙饗雙手卷 | E8: 29.52 | F8: 2051 | G8: =E8*F8 -> 60545.52 | I8: 17 | J8: 3600 | K8: =J8/I8 -> 211.76471 | L8: 17 | M8: =F8/V8*60 -> 3118.0743 | N8: =M8/L8 -> 183.41614 | O8: =L8-I8 -> 0 | P8: =N8-K8 -> -28.348569 | Q8: =N8/K8 -> 0.86613176 | S8: 0.42430556 | T8: 0.45171296 | U8: 4.6833333 | V8: 39.466667 | AA8: =M8-J8 -> -481.92568 | AB8: =M8/J8 -> 0.86613176
B9: 18℃-壽司手卷 | C9: 一配長野稻荷壽司 | E9: 25.64 | F9: 1440 | G9: =E9*F9 -> 36921.6 | I9: 11 | J9: 3600 | K9: =J9/I9 -> 327.27273 | L9: 11 | M9: =F9/V9*60 -> 3149.4532 | N9: =M9/L9 -> 286.31393 | O9: =L9-I9 -> 0 | P9: =N9-K9 -> -40.958798 | Q9: =N9/K9 -> 0.87484812 | S9: 0.46041667 | T9: 0.47946759 | U9: 12.533333 | V9: 27.433333 | W9: 0.47946759 | X9: 0.51875 | AA9: =M9-J9 -> -450.54678 | AB9: =M9/J9 -> 0.87484812
B10: 18℃-壽司手卷 | C10: 一配核桃腰果稻荷壽司組 | E10: 30.95 | F10: 1686 | G10: =E10*F10 -> 52181.7 | I10: 12 | J10: 1750 | K10: =J10/I10 -> 145.83333 | L10: 12 | M10: =F10/V10*60 -> 1531.9536 | N10: =M10/L10 -> 127.6628 | O10: =L10-I10 -> 0 | P10: =N10-K10 -> -18.170537 | Q10: =N10/K10 -> 0.87540203 | S10: 0.51875 | T10: 0.56460648 | U10: 56.566667 | V10: 66.033333 | AA10: =M10-J10 -> -218.04644 | AB10: =M10/J10 -> 0.87540203
B21: 平均 | I21: =AVERAGE(I5:I20) -> 12.5 | J21: =AVERAGE(J5:J20) -> 3108.3333 | K21: =J21/I21 -> 248.66667 | L21: =AVERAGE(L5:L20) -> 12.5 | M21: =AVERAGE(M5:M20) -> 2713.6022 | N21: =M21/L21 -> 217.08817 | O21: =L21-I21 -> 0 | P21: =N21-K21 -> -31.578494 | Q21: =N21/K21 -> 0.87300874 | S21: =S5 -> 0.33541667 | T21: =INDEX(T5:T20,COUNTA(T5:T20)) -> 0.56460648 | AA21: =M21-J21 -> -394.73117 | AB21: =M21/J21 -> 0.87300874
A22: 自動包裝機2 | B22: 18℃-壽司手卷 | C22: 一配雙鬆細卷 | E22: 14.03 | F22: 1177 | G22: =E22*F22 -> 16513.31 | I22: 6 | J22: 2600 | K22: =J22/I22 -> 433.33333 | L22: 6 | M22: =F22/V22*60 -> 2316.6758 | N22: =M22/L22 -> 386.11263 | O22: =L22-I22 -> 0 | P22: =N22-K22 -> -47.220703 | Q22: =N22/K22 -> 0.89102915 | R22: =Q38 -> 0.89106638 | S22: 0.25 | T22: 0.27116898 | V22: 30.483333 | AA22: =M22-J22 -> -283.32422 | AB22: =M22/J22 -> 0.89102915 | AC22: =AB38 -> 0.89106638
B23: 18℃-壽司手卷 | C23: 一配經典鮪魚沙拉細卷 | E23: 14.49 | F23: 1217 | G23: =E23*F23 -> 17634.33 | I23: 6 | J23: 2600 | K23: =J23/I23 -> 433.33333 | L23: 6 | M23: =F23/V23*60 -> 2316.8694 | N23: =M23/L23 -> 386.1449 | O23: =L23-I23 -> 0 | P23: =N23-K23 -> -47.188436 | Q23: =N23/K23 -> 0.89110361 | S23: 0.2746412 | T23: 0.29652778 | U23: 5 | V23: 31.516667 | AA23: =M23-J23 -> -283.13062 | AB23: =M23/J23 -> 0.89110361
B38: 平均 | I38: =AVERAGE(I22:I37) -> 6 | J38: =AVERAGE(J22:J37) -> 2600 | K38: =J38/I38 -> 433.33333 | L38: =AVERAGE(L22:L37) -> 6 | M38: =AVERAGE(M22:M37) -> 2316.7726 | N38: =M38/L38 -> 386.12876 | O38: =L38-I38 -> 0 | P38: =N38-K38 -> -47.20457 | Q38: =N38/K38 -> 0.89106638 | S38: =S22 -> 0.25 | T38: =INDEX(T22:T37,COUNTA(T22:T37)) -> 0.29652778 | AA38: =M38-J38 -> -283.22742 | AB38: =M38/J38 -> 0.89106638
A39: (新) 3300型飯糰機 | B39: 18℃-飯糰 | C39: 一配照燒雞肉飯糰 | E39: 21.45 | F39: 2089 | G39: =E39*F39 -> 44809.05 | I39: 4 | J39: 3300 | K39: =J39/I39 -> 825 | L39: 4 | M39: =F39/V39*60 -> 2951.4914 | N39: =M39/L39 -> 737.87284 | O39: =L39-I39 -> 0 | P39: =N39-K39 -> -87.127159 | Q39: =N39/K39 -> 0.89439132 | R39: =Q55 -> 0.89309403 | S39: 0.25 | T39: 0.27949074 | V39: 42.466667 | AA39: =M39-J39 -> -348.50863 | AB39: =M39/J39 -> 0.89439132 | AC39: =AB55 -> 0.89309403
B40: 18℃-飯糰 | C40: 一配壹號醬炙烤牛飯糰 | E40: 22.28 | F40: 1314 | G40: =E40*F40 -> 29275.92 | I40: 5 | J40: 3300 | K40: =J40/I40 -> 660 | L40: 5 | M40: =F40/V40*60 -> 2949.1272 | N40: =M40/L40 -> 589.82544 | O40: =L40-I40 -> 0 | P40: =N40-K40 -> -70.174564 | Q40: =N40/K40 -> 0.8936749 | S40: 0.28282407 | T40: 0.30138889 | U40: 4.8 | V40: 26.733333 | AA40: =M40-J40 -> -350.87282 | AB40: =M40/J40 -> 0.8936749
B41: 18℃-飯糰 | C41: 一配鹽蔥燒肉飯糰 | E41: 17.89 | F41: 3101 | G41: =E41*F41 -> 55476.89 | I41: 4 | J41: 3300 | K41: =J41/I41 -> 825 | L41: 4 | M41: =F41/V41*60 -> 2947.0961 | N41: =M41/L41 -> 736.77402 | O41: =L41-I41 -> 0 | P41: =N41-K41 -> -88.225977 | Q41: =N41/K41 -> 0.89305942 | S41: 0.30486111 | T41: 0.3487037 | U41: 5 | V41: 63.133333 | AA41: =M41-J41 -> -352.90391 | AB41: =M41/J41 -> 0.89305942
B42: 18℃-飯糰 | C42: 一配雞肉飯飯糰 | E42: 16.66 | F42: 5004 | G42: =E42*F42 -> 83366.64 | I42: 4 | J42: 3300 | K42: =J42/I42 -> 825 | L42: 4 | M42: =F42/V42*60 -> 2941.1265 | N42: =M42/L42 -> 735.28163 | O42: =L42-I42 -> 0 | P42: =N42-K42 -> -89.718367 | Q42: =N42/K42 -> 0.89125046 | S42: 0.35208333 | T42: 0.42297454 | U42: 4.8666667 | V42: 102.08333 | AA42: =M42-J42 -> -358.87347 | AB42: =M42/J42 -> 0.89125046
B55: 平均 | I55: =AVERAGE(I39:I54) -> 4.25 | J55: =AVERAGE(J39:J54) -> 3300 | K55: =J55/I55 -> 776.47059 | L55: =AVERAGE(L39:L54) -> 4.25 | M55: =AVERAGE(M39:M54) -> 2947.2103 | N55: =M55/L55 -> 693.46125 | O55: =L55-I55 -> 0 | P55: =N55-K55 -> -83.009343 | Q55: =N55/K55 -> 0.89309403 | S55: =S39 -> 0.25 | T55: =INDEX(T39:T54,COUNTA(T39:T54)) -> 0.42297454 | AA55: =M55-J55 -> -352.78971 | AB55: =M55/J55 -> 0.89309403
A56: GKK3600型 飯糰機 | B56: 18℃-飯糰 | C56: 一配蔬食鮪魚飯糰 | E56: 18.18 | F56: 1438 | G56: =E56*F56 -> 26142.84 | I56: 3 | J56: 3600 | K56: =J56/I56 -> 1200 | L56: 3 | M56: =F56/V56*60 -> 3114.8014 | N56: =M56/L56 -> 1038.2671 | O56: =L56-I56 -> 0 | P56: =N56-K56 -> -161.73285 | Q56: =N56/K56 -> 0.86522262 | R56: =Q72 -> 0.87120193 | S56: 0.166875 | T56: 0.18611111 | V56: 27.7 | AA56: =M56-J56 -> -485.19856 | AB56: =M56/J56 -> 0.86522262 | AC56: =AB72 -> 0.87120193
B57: 18℃-飯糰 | C57: 一配經典肉鬆飯糰 | E57: 14.03 | F57: 4732 | G57: =E57*F57 -> 66389.96 | I57: 3 | J57: 3000 | K57: =J57/I57 -> 1000 | L57: 3 | M57: =F57/V57*60 -> 2683.1312 | N57: =M57/L57 -> 894.37707 | O57: =L57-I57 -> 0 | P57: =N57-K57 -> -105.62293 | Q57: =N57/K57 -> 0.89437707 | S57: 0.19665509 | T57: 0.27013889 | U57: 15.183333 | V57: 105.81667 | AA57: =M57-J57 -> -316.8688 | AB57: =M57/J57 -> 0.89437707
B58: 18℃-飯糰 | C58: 一配明太子龍蝦風味沙拉飯糰 | E58: 18.18 | F58: 2502 | G58: =E58*F58 -> 45486.36 | I58: 3 | J58: 3600 | K58: =J58/I58 -> 1200 | L58: 3 | M58: =F58/V58*60 -> 3112.3704 | N58: =M58/L58 -> 1037.4568 | O58: =L58-I58 -> 0 | P58: =N58-K58 -> -162.54319 | Q58: =N58/K58 -> 0.86454734 | S58: 0.28055556 | T58: 0.31405093 | U58: 15 | V58: 48.233333 | AA58: =M58-J58 -> -487.62958 | AB58: =M58/J58 -> 0.86454734
B59: 18℃-飯糰 | C59: 一配鮪魚飯糰 | E59: 14.28 | F59: 6292 | G59: =E59*F59 -> 89849.76 | I59: 3 | J59: 3600 | K59: =J59/I59 -> 1200 | L59: 3 | M59: =F59/V59*60 -> 3112.2836 | N59: =M59/L59 -> 1037.4279 | O59: =L59-I59 -> 0 | P59: =N59-K59 -> -162.57214 | Q59: =N59/K59 -> 0.86452322 | S59: 0.32430556 | T59: 0.40854167 | U59: 14.766667 | V59: 121.3 | AA59: =M59-J59 -> -487.71641 | AB59: =M59/J59 -> 0.86452322
B72: 平均 | I72: =AVERAGE(I56:I71) -> 3 | J72: =AVERAGE(J56:J71) -> 3450 | K72: =J72/I72 -> 1150 | L72: =AVERAGE(L56:L71) -> 3 | M72: =AVERAGE(M56:M71) -> 3005.6467 | N72: =M72/L72 -> 1001.8822 | O72: =L72-I72 -> 0 | P72: =N72-K72 -> -148.11778 | Q72: =N72/K72 -> 0.87120193 | S72: =S56 -> 0.166875 | T72: =INDEX(T56:T71,COUNTA(T56:T71)) -> 0.40854167 | AA72: =M72-J72 -> -444.35333 | AB72: =M72/J72 -> 0.87120193
A73: GKK3600型 飯糰機2 | B73: 18℃-飯糰 | C73: 一配博多明太子奶油飯糰 | E73: 25.45 | F73: 1027 | G73: =E73*F73 -> 26137.15 | I73: 4 | J73: 3300 | K73: =J73/I73 -> 825 | L73: 4 | M73: =F73/V73*60 -> 2922.6877 | N73: =M73/L73 -> 730.67194 | O73: =L73-I73 -> 0 | P73: =N73-K73 -> -94.328063 | Q73: =N73/K73 -> 0.88566295 | R73: =Q89 -> 0.88781401 | S73: 0.25 | T73: 0.2646412 | V73: 21.083333 | AA73: =M73-J73 -> -377.31225 | AB73: =M73/J73 -> 0.88566295 | AC73: =AB89 -> 0.88781401
B74: 18℃-飯糰 | C74: 一配熟成紅鮭飯糰 | E74: 25.03 | F74: 1821 | G74: =E74*F74 -> 45579.63 | I74: 4 | J74: 3300 | K74: =J74/I74 -> 825 | L74: 4 | M74: =F74/V74*60 -> 2921.3904 | N74: =M74/L74 -> 730.34759 | O74: =L74-I74 -> 0 | P74: =N74-K74 -> -94.652406 | Q74: =N74/K74 -> 0.88526981 | S74: 0.275 | T74: 0.30097222 | U74: 14.916667 | V74: 37.4 | AA74: =M74-J74 -> -378.60963 | AB74: =M74/J74 -> 0.88526981
B75: 18℃-飯糰 | C75: 一配北海道秋鮭親子飯糰 | E75: 24.82 | F75: 2046 | G75: =E75*F75 -> 50781.72 | I75: 4 | J75: 3300 | K75: =J75/I75 -> 825 | L75: 4 | M75: =F75/V75*60 -> 2921.6977 | N75: =M75/L75 -> 730.42443 | O75: =L75-I75 -> 0 | P75: =N75-K75 -> -94.575565 | Q75: =N75/K75 -> 0.88536295 | S75: 0.31111111 | T75: 0.34028935 | U75: 14.6 | V75: 42.016667 | AA75: =M75-J75 -> -378.30226 | AB75: =M75/J75 -> 0.88536295
B76: 18℃-飯糰 | C76: 一配贅沢鮭魚肚飯糰 | E76: 30 | F76: 3417 | G76: =E76*F76 -> 102510 | I76: 3 | J76: 3000 | K76: =J76/I76 -> 1000 | L76: 3 | M76: =F76/V76*60 -> 2687.0249 | N76: =M76/L76 -> 895.67497 | O76: =L76-I76 -> 0 | P76: =N76-K76 -> -104.32503 | Q76: =N76/K76 -> 0.89567497 | S76: 0.35069444 | T76: 0.40368056 | U76: 14.983333 | V76: 76.3 | AA76: =M76-J76 -> -312.9751 | AB76: =M76/J76 -> 0.89567497
B89: 平均 | I89: =AVERAGE(I73:I88) -> 3.75 | J89: =AVERAGE(J73:J88) -> 3225 | K89: =J89/I89 -> 860 | L89: =AVERAGE(L73:L88) -> 3.75 | M89: =AVERAGE(M73:M88) -> 2863.2002 | N89: =M89/L89 -> 763.52005 | O89: =L89-I89 -> 0 | P89: =N89-K89 -> -96.479949 | Q89: =N89/K89 -> 0.88781401 | S89: =S73 -> 0.25 | T89: =INDEX(T73:T88,COUNTA(T73:T88)) -> 0.40368056 | AA89: =M89-J89 -> -361.79981 | AB89: =M89/J89 -> 0.88781401
A90: 自動包裝機 (二配) | B90: 18℃-壽司手卷 | C90: 二配長野稻荷壽司 | E90: 25.64 | F90: 1474 | G90: =E90*F90 -> 37793.36 | I90: 11 | J90: 3600 | K90: =J90/I90 -> 327.27273 | L90: 11 | M90: =F90/V90*60 -> 3151.0689 | N90: =M90/L90 -> 286.46081 | O90: =L90-I90 -> 0 | P90: =N90-K90 -> -40.81192 | Q90: =N90/K90 -> 0.87529691 | R90: =Q106 -> 0.86790307 | S90: 0.70833333 | T90: 0.72782407 | V90: 28.066667 | AA90: =M90-J90 -> -448.93112 | AB90: =M90/J90 -> 0.87529691 | AC90: =AB106 -> 0.86790307
B91: 18℃-壽司手卷 | C91: 二配雙饗雙手卷 | E91: 29.52 | F91: 1900 | G91: =E91*F91 -> 56088 | I91: 17 | J91: 3600 | K91: =J91/I91 -> 211.76471 | L91: 17 | M91: =F91/V91*60 -> 3117.5934 | N91: =M91/L91 -> 183.38785 | O91: =L91-I91 -> 0 | P91: =N91-K91 -> -28.376857 | Q91: =N91/K91 -> 0.86599818 | S91: 0.73155093 | T91: 0.75694444 | U91: 5.3666667 | V91: 36.566667 | AA91: =M91-J91 -> -482.40656 | AB91: =M91/J91 -> 0.86599818
B92: 18℃-壽司手卷 | C92: 二配海饌雙手卷 | E92: 29.85 | F92: 1998 | G92: =E92*F92 -> 59640.3 | I92: 17 | J92: 3600 | K92: =J92/I92 -> 211.76471 | L92: 17 | M92: =F92/V92*60 -> 3117.8153 | N92: =M92/L92 -> 183.4009 | O92: =L92-I92 -> 0 | P92: =N92-K92 -> -28.363803 | Q92: =N92/K92 -> 0.86605982 | S92: 0.76041667 | T92: 0.78711806 | U92: 5 | V92: 38.45 | AA92: =M92-J92 -> -482.18466 | AB92: =M92/J92 -> 0.86605982
B93: 18℃-飯糰 | C93: 二配兩粒飯糰(鮪魚.焦糖鮭魚) | E93: 28.57 | F93: 1961 | G93: =E93*F93 -> 56025.77 | I93: 12 | J93: 3600 | K93: =J93/I93 -> 300 | L93: 12 | M93: =F93/V93*60 -> 3111.3266 | N93: =M93/L93 -> 259.27721 | O93: =L93-I93 -> 0 | P93: =N93-K93 -> -40.722785 | Q93: =N93/K93 -> 0.86425738 | S93: 0.79040509 | T93: 0.81666667 | U93: 4.7333333 | V93: 37.816667 | AA93: =M93-J93 -> -488.67342 | AB93: =M93/J93 -> 0.86425738
B106: 平均 | I106: =AVERAGE(I90:I105) -> 14.25 | J106: =AVERAGE(J90:J105) -> 3600 | K106: =J106/I106 -> 252.63158 | L106: =AVERAGE(L90:L105) -> 14.25 | M106: =AVERAGE(M90:M105) -> 3124.4511 | N106: =M106/L106 -> 219.25972 | O106: =L106-I106 -> 0 | P106: =N106-K106 -> -33.371855 | Q106: =N106/K106 -> 0.86790307 | S106: =S90 -> 0.70833333 | T106: =INDEX(T90:T105,COUNTA(T90:T105)) -> 0.81666667 | AA106: =M106-J106 -> -475.54894 | AB106: =M106/J106 -> 0.86790307
A107: (舊) 3300型飯糰線 (二配) | B107: 18℃-飯糰 | C107: 二配大飯糰滷肉飯加蛋 | E107: 22.48 | F107: 3212 | G107: =E107*F107 -> 72205.76 | I107: 5 | J107: 3000 | K107: =J107/I107 -> 600 | L107: 5 | M107: =F107/V107*60 -> 2659.4296 | N107: =M107/L107 -> 531.88592 | O107: =L107-I107 -> 0 | P107: =N107-K107 -> -68.114075 | Q107: =N107/K107 -> 0.88647654 | R107: =Q123 -> 0.8879612 | S107: 0.70833333 | T107: 0.75865741 | V107: 72.466667 | AA107: =M107-J107 -> -340.57038 | AB107: =M107/J107 -> 0.88647654 | AC107: =AB123 -> 0.8879612
B108: 18℃-飯糰 | C108: 二配大飯糰韓式蒜烤豬五花 | E108: 24.54 | F108: 2933 | G108: =E108*F108 -> 71975.82 | I108: 4 | J108: 3000 | K108: =J108/I108 -> 750 | L108: 4 | M108: =F108/V108*60 -> 2656.3019 | N108: =M108/L108 -> 664.07547 | O108: =L108-I108 -> 0 | P108: =N108-K108 -> -85.924528 | Q108: =N108/K108 -> 0.88543396 | S108: 0.76180556 | T108: 0.8078125 | U108: 4.5333333 | V108: 66.25 | AA108: =M108-J108 -> -343.69811 | AB108: =M108/J108 -> 0.88543396
B109: 18℃-飯糰 | C109: 二配鹽蔥燒肉飯糰 | E109: 17.89 | F109: 5270 | G109: =E109*F109 -> 94280.3 | I109: 4 | J109: 3300 | K109: =J109/I109 -> 825 | L109: 4 | M109: =F109/V109*60 -> 2942.3077 | N109: =M109/L109 -> 735.57692 | O109: =L109-I109 -> 0 | P109: =N109-K109 -> -89.423077 | Q109: =N109/K109 -> 0.89160839 | S109: 0.81111111 | T109: 0.88574074 | U109: 4.75 | V109: 107.46667 | AA109: =M109-J109 -> -357.69231 | AB109: =M109/J109 -> 0.89160839
B123: 平均 | I123: =AVERAGE(I107:I122) -> 4.3333333 | J123: =AVERAGE(J107:J122) -> 3100 | K123: =J123/I123 -> 715.38462 | L123: =AVERAGE(L107:L122) -> 4.3333333 | M123: =AVERAGE(M107:M122) -> 2752.6797 | N123: =M123/L123 -> 635.23378 | O123: =L123-I123 -> 0 | P123: =N123-K123 -> -80.150831 | Q123: =N123/K123 -> 0.8879612 | S123: =S107 -> 0.70833333 | T123: =INDEX(T107:T122,COUNTA(T107:T122)) -> 0.88574074 | AA123: =M123-J123 -> -347.32027 | AB123: =M123/J123 -> 0.8879612
A124: (新) 3300型飯糰機 (二配) | B124: 18℃-飯糰 | C124: 二配三杯醬爆菇菇飯糰 | E124: 16.7 | F124: 1954 | G124: =E124*F124 -> 32631.8 | I124: 3 | J124: 3300 | K124: =J124/I124 -> 1100 | L124: 3 | M124: =F124/V124*60 -> 2948.1978 | N124: =M124/L124 -> 982.73261 | O124: =L124-I124 -> 0 | P124: =N124-K124 -> -117.26739 | Q124: =N124/K124 -> 0.89339328 | R124: =Q140 -> 0.89237589 | S124: 0.70849537 | T124: 0.73611111 | V124: 39.766667 | AA124: =M124-J124 -> -351.80218 | AB124: =M124/J124 -> 0.89339328 | AC124: =AB140 -> 0.89237589
B125: 18℃-飯糰 | C125: 二配壹號醬炙烤牛飯糰 | E125: 22.28 | F125: 1792 | G125: =E125*F125 -> 39925.76 | I125: 5 | J125: 3300 | K125: =J125/I125 -> 660 | L125: 5 | M125: =F125/V125*60 -> 2944.4089 | N125: =M125/L125 -> 588.88179 | O125: =L125-I125 -> 0 | P125: =N125-K125 -> -71.118211 | Q125: =N125/K125 -> 0.89224514 | S125: 0.73991898 | T125: 0.76527778 | U125: 5.4833333 | V125: 36.516667 | AA125: =M125-J125 -> -355.59105 | AB125: =M125/J125 -> 0.89224514
B126: 18℃-飯糰 | C126: 二配油蔥G絲飯糰 | E126: 18.18 | F126: 894 | G126: =E126*F126 -> 16252.92 | I126: 4 | J126: 3300 | K126: =J126/I126 -> 825 | L126: 4 | M126: =F126/V126*60 -> 2944.5563 | N126: =M126/L126 -> 736.13907 | O126: =L126-I126 -> 0 | P126: =N126-K126 -> -88.860933 | Q126: =N126/K126 -> 0.89228978 | S126: 0.76875 | T126: 0.78140046 | U126: 5 | V126: 18.216667 | AA126: =M126-J126 -> -355.44373 | AB126: =M126/J126 -> 0.89228978
B127: 18℃-飯糰 | C127: 二配雞肉飯飯糰 | E127: 16.66 | F127: 8051 | G127: =E127*F127 -> 134129.66 | I127: 4 | J127: 3300 | K127: =J127/I127 -> 825 | L127: 4 | M127: =F127/V127*60 -> 2942.1988 | N127: =M127/L127 -> 735.54969 | O127: =L127-I127 -> 0 | P127: =N127-K127 -> -89.45031 | Q127: =N127/K127 -> 0.89157538 | S127: 0.78472222 | T127: 0.89873843 | U127: 4.7833333 | V127: 164.18333 | AA127: =M127-J127 -> -357.80124 | AB127: =M127/J127 -> 0.89157538
B140: 平均 | I140: =AVERAGE(I124:I139) -> 4 | J140: =AVERAGE(J124:J139) -> 3300 | K140: =J140/I140 -> 825 | L140: =AVERAGE(L124:L139) -> 4 | M140: =AVERAGE(M124:M139) -> 2944.8404 | N140: =M140/L140 -> 736.21011 | O140: =L140-I140 -> 0 | P140: =N140-K140 -> -88.789888 | Q140: =N140/K140 -> 0.89237589 | S140: =S124 -> 0.70849537 | T140: =INDEX(T124:T139,COUNTA(T124:T139)) -> 0.89873843 | AA140: =M140-J140 -> -355.15955 | AB140: =M140/J140 -> 0.89237589
A141: GKK3600型 飯糰機 (二配) | B141: 18℃-飯糰 | C141: 二配經典肉鬆飯糰 | E141: 14.03 | F141: 1368 | G141: =E141*F141 -> 19193.04 | H141: 2 | I141: 3 | J141: 3000 | K141: =J141/I141 -> 1000 | L141: 3 | M141: =F141/V141*60 -> 2683.8147 | N141: =M141/L141 -> 894.6049 | O141: =L141-I141 -> 0 | P141: =N141-K141 -> -105.3951 | Q141: =N141/K141 -> 0.8946049 | R141: =Q157 -> 0.88642838 | S141: 0.70862269 | T141: 0.72986111 | V141: 30.583333 | AA141: =M141-J141 -> -316.18529 | AB141: =M141/J141 -> 0.8946049 | AC141: =AB157 -> 0.88642838
B142: 18℃-飯糰 | C142: 二配芝麻香鬆飯糰 | E142: 18.18 | F142: 1938 | G142: =E142*F142 -> 35232.84 | I142: 4 | J142: 3000 | K142: =J142/I142 -> 750 | L142: 4 | M142: =F142/V142*60 -> 2686.4844 | N142: =M142/L142 -> 671.6211 | O142: =L142-I142 -> 0 | P142: =N142-K142 -> -78.378899 | Q142: =N142/K142 -> 0.8954948 | S142: 0.74027778 | T142: 0.77033565 | U142: 15 | V142: 43.283333 | AA142: =M142-J142 -> -313.51559 | AB142: =M142/J142 -> 0.8954948
B143: 18℃-飯糰 | C143: 二配鮪魚飯糰 | E143: 14.28 | F143: 5491 | G143: =E143*F143 -> 78411.48 | H143: 2 | I143: 3 | J143: 3600 | K143: =J143/I143 -> 1200 | L143: 3 | M143: =F143/V143*60 -> 3115.461 | N143: =M143/L143 -> 1038.487 | O143: =L143-I143 -> 0 | P143: =N143-K143 -> -161.513 | Q143: =N143/K143 -> 0.86540583 | S143: 0.78072917 | T143: 0.85416667 | U143: 14.966667 | V143: 105.75 | W143: 0.85416667 | X143: 0.90766204 | AA143: =M143-J143 -> -484.53901 | AB143: =M143/J143 -> 0.86540583
B144: 18℃-飯糰 | C144: 二配經典肉鬆飯糰 | E144: 14.03 | F144: 6483 | G144: =E144*F144 -> 90956.49 | I144: 3 | J144: 3000 | K144: =J144/I144 -> 1000 | L144: 3 | M144: =F144/V144*60 -> 2683.2375 | N144: =M144/L144 -> 894.41251 | O144: =L144-I144 -> 0 | P144: =N144-K144 -> -105.58749 | Q144: =N144/K144 -> 0.89441251 | S144: 0.90766204 | T144: 1.0083333 | U144: 77.033333 | V144: 144.96667 | AA144: =M144-J144 -> -316.76247 | AB144: =M144/J144 -> 0.89441251
B157: 平均 | I157: =AVERAGE(I141:I156) -> 3.25 | J157: =AVERAGE(J141:J156) -> 3150 | K157: =J157/I157 -> 969.23077 | L157: =AVERAGE(L141:L156) -> 3.25 | M157: =AVERAGE(M141:M156) -> 2792.2494 | N157: =M157/L157 -> 859.15366 | O157: =L157-I157 -> 0 | P157: =N157-K157 -> -110.0771 | Q157: =N157/K157 -> 0.88642838 | S157: =S141 -> 0.70862269 | T157: =INDEX(T141:T156,COUNTA(T141:T156)) -> 1.0083333 | AA157: =M157-J157 -> -357.75059 | AB157: =M157/J157 -> 0.88642838
A158: GKK3600型 飯糰機2 (二配) | B158: 18℃-飯糰 | C158: 二配明太子龍蝦風味沙拉飯糰 | E158: 18.18 | F158: 1537 | G158: =E158*F158 -> 27942.66 | H158: 2 | I158: 3 | J158: 3600 | K158: =J158/I158 -> 1200 | L158: 3 | M158: =F158/V158*60 -> 3117.2958 | N158: =M158/L158 -> 1039.0986 | O158: =L158-I158 -> 0 | P158: =N158-K158 -> -160.90141 | Q158: =N158/K158 -> 0.86591549 | R158: =Q174 -> 0.87189807 | S158: 0.70862269 | T158: 0.72916667 | V158: 29.583333 | AA158: =M158-J158 -> -482.70423 | AB158: =M158/J158 -> 0.86591549 | AC158: =AB174 -> 0.87189807
B159: 18℃-飯糰 | C159: 二配蔬食鮪魚飯糰 | E159: 18.18 | F159: 1418 | G159: =E159*F159 -> 25779.24 | I159: 3 | J159: 3600 | K159: =J159/I159 -> 1200 | L159: 3 | M159: =F159/V159*60 -> 3118.3873 | N159: =M159/L159 -> 1039.4624 | O159: =L159-I159 -> 0 | P159: =N159-K159 -> -160.53757 | Q159: =N159/K159 -> 0.86621869 | S159: 0.73958333 | T159: 0.75853009 | U159: 15 | V159: 27.283333 | AA159: =M159-J159 -> -481.61271 | AB159: =M159/J159 -> 0.86621869
B160: 18℃-飯糰 | C160: 二配北海道秋鮭親子飯糰 | E160: 24.82 | F160: 2902 | G160: =E160*F160 -> 72027.64 | I160: 4 | J160: 3300 | K160: =J160/I160 -> 825 | L160: 4 | M160: =F160/V160*60 -> 2922.2937 | N160: =M160/L160 -> 730.57343 | O160: =L160-I160 -> 0 | P160: =N160-K160 -> -94.426573 | Q160: =N160/K160 -> 0.88554355 | S160: 0.76903935 | T160: 0.81041667 | U160: 15.133333 | V160: 59.583333 | AA160: =M160-J160 -> -377.70629 | AB160: =M160/J160 -> 0.88554355
B161: 18℃-飯糰 | C161: 二配熟成紅鮭飯糰 | E161: 25.03 | F161: 2325 | G161: =E161*F161 -> 58194.75 | I161: 4 | J161: 3300 | K161: =J161/I161 -> 825 | L161: 4 | M161: =F161/V161*60 -> 2919.428 | N161: =M161/L161 -> 729.85699 | O161: =L161-I161 -> 0 | P161: =N161-K161 -> -95.143007 | Q161: =N161/K161 -> 0.88467514 | S161: 0.8209838 | T161: 0.85416667 | U161: 15.216667 | V161: 47.783333 | W161: 0.85416667 | X161: 0.90774306 | AA161: =M161-J161 -> -380.57203 | AB161: =M161/J161 -> 0.88467514
B162: 18℃-飯糰 | C162: 二配明太子龍蝦風味沙拉飯糰 | E162: 18.18 | F162: 2226 | G162: =E162*F162 -> 40468.68 | I162: 3 | J162: 3600 | K162: =J162/I162 -> 1200 | L162: 3 | M162: =F162/V162*60 -> 3116.9195 | N162: =M162/L162 -> 1038.9732 | O162: =L162-I162 -> 0 | P162: =N162-K162 -> -161.02684 | Q162: =N162/K162 -> 0.86581097 | S162: 0.90774306 | T162: 0.9375 | U162: 77.15 | V162: 42.85 | AA162: =M162-J162 -> -483.08051 | AB162: =M162/J162 -> 0.86581097
B163: 18℃-飯糰 | C163: 二配鮪魚飯糰 | E163: 14.28 | F163: 4373 | G163: =E163*F163 -> 62446.44 | I163: 3 | J163: 3600 | K163: =J163/I163 -> 1200 | L163: 3 | M163: =F163/V163*60 -> 3115.5353 | N163: =M163/L163 -> 1038.5118 | O163: =L163-I163 -> 0 | P163: =N163-K163 -> -161.48822 | Q163: =N163/K163 -> 0.86542648 | S163: 0.94791667 | T163: 1.0064005 | U163: 15 | V163: 84.216667 | AA163: =M163-J163 -> -484.46467 | AB163: =M163/J163 -> 0.86542648
B174: 平均 | I174: =AVERAGE(I158:I173) -> 3.3333333 | J174: =AVERAGE(J158:J173) -> 3500 | K174: =J174/I174 -> 1050 | L174: =AVERAGE(L158:L173) -> 3.3333333 | M174: =AVERAGE(M158:M173) -> 3051.6433 | N174: =M174/L174 -> 915.49298 | O174: =L174-I174 -> 0 | P174: =N174-K174 -> -134.50702 | Q174: =N174/K174 -> 0.87189807 | S174: =S158 -> 0.70862269 | T174: =INDEX(T158:T173,COUNTA(T158:T173)) -> 1.0064005 | AA174: =M174-J174 -> -448.35674 | AB174: =M174/J174 -> 0.87189807
Y176: 原因回覆
Y177: 1.當日出勤人數較多
Y178: 2.當日出勤人數較少
Y179: 3.當日出勤熟手較多
Y180: 4.當日出勤新人較多
Y181: 5.機台夾盒
Y182: 6.封膜不順
Y183: 7.更換膠膜
Y184: 8.更換碳帶
Y185: 9.當日熱轉印碳帶異常
Y186: 10.訂單量過少
Y187: 11.新品上市，尚未熟悉
Y188: 12.活動期間品項需貼標

Sheet 1229(4度C)
A1: 大溪廠日報分析 | C1: 總生產量 | D1: =SUM(F5:F123) -> 58272 | E1: 營業額 | F1: =SUM(G5:G123) -> 3119070.1 | G1: 出勤人數 | H1: =L21+L38+L55+L72+L89+L106+L123 -> 132.58333 | I1: 產線配置圖 | L1: 生產實績 | O1: 人時性差異分析 | S1: 日報登錄 | Y1: 合計次數 | Z1: 合計(時間/分) | AA1: 產線異常 分析說明(5分鐘以上) | AC1: 合計次數 | AD1: 合計(時間/分) | AE1: 短暫停線 分析說明(5分鐘以下) | AG1: 短暫停線 分析說明(5分鐘以下) | AI1: 產能差異分析
A2: 46020 | C2: 人時性 | D2: =AVERAGE(N21,N38,N55,N72,N89,N106,N123) -> 150.58632 | E2: 平均廠價 | F2: =F1/D1 -> 53.526052 | G2: 多次生產數 | H2: =COUNT(H5:H123) -> 0 | Y2: =SUM(Y21+Y38+Y55+Y72+Y89+Y106) -> 0 | Z2: =SUM(Z21+Z38+Z55+Z72+Z89+Z106) -> 0 | AC2: =SUM(AC21+AC38+AC55+AC72+AC89+AC106) -> 0 | AD2: =SUM(AD21+AD38+AD55+AD72+AD89+AD106) -> 0
A3: 線別 | B3: 品類 | C3: 品名 | E3: 廠價 | F3: 生產量 | G3: 營收 | H3: 多次 生產 | I3: 人數 | J3: 產能/時 | K3: 人時性 | L3: 人數 | M3: 產能/時 | N3: 人時性 | O3: 人數 | P3: 人時性 | Q3: 達成率 | R3: 達成率 平均 | S3: 生產時間 | U3: 換線、休息/分 | V3: 稼動時間/分 | W3: 休息時間 | Y3: 產線異常統計 | AA3: (屏榮回填) | AC3: 短暫停線統計 | AE3: (屏榮回填) | AG3: (屏榮回填) | AI3: 產能/時 | AJ3: 達成率 | AK3: 達成率平均
S4: 開始 | T4: 結束 | W4: 開始 | X4: 結束 | Y4: 次數 | Z4: 時間/分 | AC4: 總次數 | AD4: 設備因素(次數)
A5: 便當二線 | B5: 微波主食 | C5: 糖燻野郎三十天熟成牛飯 | E5: 56.77 | F5: 3905 | G5: =E5*F5 -> 221686.85 | I5: 25 | J5: 2000 | K5: =J5/I5 -> 80 | L5: 25 | M5: =F5/V5*60 -> 1776.3457 | N5: =M5/L5 -> 71.053829 | O5: =L5-I5 -> 0 | P5: =N5-K5 -> -8.9461713 | Q5: =N5/K5 -> 0.88817286 | R5: =Q21 -> 0.88826911 | S5: 0.25006944 | T5: 0.34166667 | V5: 131.9 | AI5: =M5-J5 -> -223.65428 | AJ5: =M5/J5 -> 0.88817286 | AK5: =AJ21 -> 0.88826911
B6: 4℃-飯糰 | C6: 韓素燒若飯糰 | E6: 24.07 | F6: 1010 | G6: =E6*F6 -> 24310.7 | I6: 20 | J6: 2600 | K6: =J6/I6 -> 130 | L6: 20 | M6: =F6/V6*60 -> 2307.1066 | N6: =M6/L6 -> 115.35533 | O6: =L6-I6 -> 0 | P6: =N6-K6 -> -14.64467 | Q6: =N6/K6 -> 0.88734869 | S6: 0.34513889 | T6: 0.36337963 | U6: 5 | V6: 26.266667 | AI6: =M6-J6 -> -292.8934 | AJ6: =M6/J6 -> 0.88734869
B7: 4℃-飯糰 | C7: 麻油雞飯糰 | E7: 29.97 | F7: 2621 | G7: =E7*F7 -> 78551.37 | I7: 20 | J7: 2600 | K7: =J7/I7 -> 130 | L7: 20 | M7: =F7/V7*60 -> 2306.9927 | N7: =M7/L7 -> 115.34963 | O7: =L7-I7 -> 0 | P7: =N7-K7 -> -14.650367 | Q7: =N7/K7 -> 0.88730487 | S7: 0.36666667 | T7: 0.41400463 | U7: 4.7333333 | V7: 68.166667 | AI7: =M7-J7 -> -293.00733 | AJ7: =M7/J7 -> 0.88730487
B8: 便當 | C8: 嫩烤香料雞胸排蔬滿盒 | E8: 77.34 | F8: 2324 | G8: =E8*F8 -> 179738.16 | I8: 25 | J8: 2000 | K8: =J8/I8 -> 80 | L8: 25 | M8: =F8/V8*60 -> 1776.6829 | N8: =M8/L8 -> 71.067318 | O8: =L8-I8 -> 0 | P8: =N8-K8 -> -8.9326821 | Q8: =N8/K8 -> 0.88834147 | S8: 0.41736111 | T8: 0.47186343 | U8: 4.8333333 | V8: 78.483333 | W8: 0.47186343 | X8: 0.51125 | AI8: =M8-J8 -> -223.31705 | AJ8: =M8/J8 -> 0.88834147
B9: 便當 | C9: 健身G肉餐盒 | E9: 59.52 | F9: 4715 | G9: =E9*F9 -> 280636.8 | I9: 25 | J9: 2000 | K9: =J9/I9 -> 80 | L9: 25 | M9: =F9/V9*60 -> 1781.4861 | N9: =M9/L9 -> 71.259446 | O9: =L9-I9 -> 0 | P9: =N9-K9 -> -8.7405542 | Q9: =N9/K9 -> 0.89074307 | S9: 0.51125 | T9: 0.62152778 | U9: 56.716667 | V9: 158.8 | AI9: =M9-J9 -> -218.51385 | AJ9: =M9/J9 -> 0.89074307
B21: 平均 | I21: =AVERAGE(I5:I20) -> 23 | J21: =AVERAGE(J5:J20) -> 2240 | K21: =J21/I21 -> 97.391304 | L21: =AVERAGE(L5:L20) -> 23 | M21: =AVERAGE(M5:M20) -> 1989.7228 | N21: =M21/L21 -> 86.509688 | O21: =L21-I21 -> 0 | P21: =N21-K21 -> -10.881617 | Q21: =N21/K21 -> 0.88826911 | S21: =S5 -> 0.25006944 | T21: =INDEX(T5:T20,COUNTA(T5:T20)) -> 0.62152778 | Y21: =SUM(Y5:Y20) -> 0 | Z21: =SUM(Z5:Z20) -> 0 | AC21: =SUM(AC5:AC20) -> 0 | AD21: =SUM(AD5:AD20) -> 0 | AI21: =M21-J21 -> -250.27719 | AJ21: =M21/J21 -> 0.88826911
A22: 涼麵一線 | B22: 微波小吃 | C22: 日式茶碗蒸 | E22: 19.7 | F22: 3519 | G22: =E22*F22 -> 69324.3 | I22: 13 | J22: 1200 | K22: =J22/I22 -> 92.307692 | L22: 13 | M22: =F22/V22*60 -> 1077.4281 | N22: =M22/L22 -> 82.879087 | O22: =L22-I22 -> 0 | P22: =N22-K22 -> -9.4286051 | Q22: =N22/K22 -> 0.89785678 | R22: =Q38 -> 0.88741036 | S22: 0.20835648 | T22: 0.34444444 | V22: 195.96667 | AI22: =M22-J22 -> -122.57187 | AJ22: =M22/J22 -> 0.89785678 | AK22: =AJ38 -> 0.88741036
B23: 便當 | C23: 經典滷肉飯 | E23: 47.37 | F23: 1688 | G23: =E23*F23 -> 79960.56 | I23: 21 | J23: 2000 | K23: =J23/I23 -> 95.238095 | L23: 21 | M23: =F23/V23*60 -> 1772.1785 | N23: =M23/L23 -> 84.389451 | O23: =L23-I23 -> 0 | P23: =N23-K23 -> -10.848644 | Q23: =N23/K23 -> 0.88608924 | S23: 0.34791667 | T23: 0.38760417 | U23: 5 | V23: 57.15 | AI23: =M23-J23 -> -227.82152 | AJ23: =M23/J23 -> 0.88608924
B24: 便當 | C24: 香腸腿排雙拼便當 | E24: 53.76 | F24: 3553 | G24: =E24*F24 -> 191009.28 | I24: 20 | J24: 2000 | K24: =J24/I24 -> 100 | L24: 20 | M24: =F24/V24*60 -> 1771.3336 | N24: =M24/L24 -> 88.566681 | O24: =L24-I24 -> 0 | P24: =N24-K24 -> -11.433319 | Q24: =N24/K24 -> 0.88566681 | S24: 0.39097222 | T24: 0.47454861 | U24: 4.85 | V24: 120.35 | W24: 0.47454861 | X24: 0.51416667 | AI24: =M24-J24 -> -228.66639 | AJ24: =M24/J24 -> 0.88566681
B25: 便當 | C25: 香烤藍尾鱈魚五行餐盒 | E25: 64.97 | F25: 1110 | G25: =E25*F25 -> 72116.7 | I25: 20 | J25: 2000 | K25: =J25/I25 -> 100 | L25: 20 | M25: =F25/V25*60 -> 1771.2766 | N25: =M25/L25 -> 88.56383 | O25: =L25-I25 -> 0 | P25: =N25-K25 -> -11.43617 | Q25: =N25/K25 -> 0.8856383 | S25: 0.51416667 | T25: 0.54027778 | U25: 57.05 | V25: 37.6 | AI25: =M25-J25 -> -228.7234 | AJ25: =M25/J25 -> 0.8856383
B26: 熱食義麵 | C26: 明太子雞叉燒拌麵 | E26: 57.3 | F26: 1327 | G26: =E26*F26 -> 76037.1 | I26: 21 | J26: 2000 | K26: =J26/I26 -> 95.238095 | L26: 21 | M26: =F26/V26*60 -> 1771.9585 | N26: =M26/L26 -> 84.378974 | O26: =L26-I26 -> 0 | P26: =N26-K26 -> -10.859121 | Q26: =N26/K26 -> 0.88597923 | S26: 0.5437963 | T26: 0.575 | U26: 5.0666667 | V26: 44.933333 | AI26: =M26-J26 -> -228.04154 | AJ26: =M26/J26 -> 0.88597923
B38: 平均 | I38: =AVERAGE(I22:I37) -> 19 | J38: =AVERAGE(J22:J37) -> 1840 | K38: =J38/I38 -> 96.842105 | L38: =AVERAGE(L22:L37) -> 19 | M38: =AVERAGE(M22:M37) -> 1632.8351 | N38: =M38/L38 -> 85.938687 | O38: =L38-I38 -> 0 | P38: =N38-K38 -> -10.903418 | Q38: =N38/K38 -> 0.88741036 | S38: =S22 -> 0.20835648 | T38: =INDEX(T22:T37,COUNTA(T22:T37)) -> 0.575 | Y38: =SUM(Y22:Y37) -> 0 | Z38: =SUM(Z22:Z37) -> 0 | AC38: =SUM(AC22:AC37) -> 0 | AD38: =SUM(AD22:AD37) -> 0 | AI38: =M38-J38 -> -207.16495 | AJ38: =M38/J38 -> 0.88741036
A39: 涼麵二線 | B39: 便當 | C39: 美式雞丁餐盒 | E39: 59.34 | F39: 1664 | G39: =E39*F39 -> 98741.76 | I39: 24 | J39: 2000 | K39: =J39/I39 -> 83.333333 | L39: 24 | M39: =F39/V39*60 -> 1771.7835 | N39: =M39/L39 -> 73.824312 | O39: =L39-I39 -> 0 | P39: =N39-K39 -> -9.509021 | Q39: =N39/K39 -> 0.88589175 | R39: =Q55 -> 0.88629496 | S39: 0.29166667 | T39: 0.33079861 | V39: 56.35 | AI39: =M39-J39 -> -228.2165 | AJ39: =M39/J39 -> 0.88589175 | AK39: =AJ55 -> 0.88629496
B40: 便當 | C40: 烤蛋白餐盒 | E40: 58.67 | F40: 3358 | G40: =E40*F40 -> 197013.86 | I40: 23 | J40: 2000 | K40: =J40/I40 -> 86.956522 | L40: 23 | M40: =F40/V40*60 -> 1776.1975 | N40: =M40/L40 -> 77.225977 | O40: =L40-I40 -> 0 | P40: =N40-K40 -> -9.7305447 | Q40: =N40/K40 -> 0.88809874 | S40: 0.33402778 | T40: 0.41280093 | U40: 4.65 | V40: 113.43333 | AI40: =M40-J40 -> -223.80253 | AJ40: =M40/J40 -> 0.88809874
B41: 便當 | C41: 海陸雙拼肉肉餐盒 | E41: 59.54 | F41: 3072 | G41: =E41*F41 -> 182906.88 | I41: 23 | J41: 2000 | K41: =J41/I41 -> 86.956522 | L41: 23 | M41: =F41/V41*60 -> 1769.7552 | N41: =M41/L41 -> 76.945877 | O41: =L41-I41 -> 0 | P41: =N41-K41 -> -10.010645 | Q41: =N41/K41 -> 0.88487758 | S41: 0.41597222 | T41: 0.48829861 | U41: 4.5666667 | V41: 104.15 | W41: 0.48829861 | X41: 0.52854167 | AI41: =M41-J41 -> -230.24484 | AJ41: =M41/J41 -> 0.88487758
B42: 便當 | C42: 蔬活腿排補力餐盒 | E42: 71.55 | F42: 2331 | G42: =E42*F42 -> 166783.05 | I42: 22 | J42: 2000 | K42: =J42/I42 -> 90.909091 | L42: 22 | M42: =F42/V42*60 -> 1772.6236 | N42: =M42/L42 -> 80.573799 | O42: =L42-I42 -> 0 | P42: =N42-K42 -> -10.335292 | Q42: =N42/K42 -> 0.88631179 | S42: 0.52854167 | T42: 0.58333333 | U42: 57.95 | V42: 78.9 | AI42: =M42-J42 -> -227.37643 | AJ42: =M42/J42 -> 0.88631179
B55: 平均 | I55: =AVERAGE(I39:I54) -> 23 | J55: =AVERAGE(J39:J54) -> 2000 | K55: =J55/I55 -> 86.956522 | L55: =AVERAGE(L39:L54) -> 23 | M55: =AVERAGE(M39:M54) -> 1772.5899 | N55: =M55/L55 -> 77.069127 | O55: =L55-I55 -> 0 | P55: =N55-K55 -> -9.8873945 | Q55: =N55/K55 -> 0.88629496 | S55: =S39 -> 0.29166667 | T55: =INDEX(T39:T54,COUNTA(T39:T54)) -> 0.58333333 | Y55: =SUM(Y39:Y54) -> 0 | Z55: =SUM(Z39:Z54) -> 0 | AC55: =SUM(AC39:AC54) -> 0 | AD55: =SUM(AD39:AD54) -> 0 | AI55: =M55-J55 -> -227.41007 | AJ55: =M55/J55 -> 0.88629496
A56: 涼麵三線 | B56: 熱食義麵 | C56: 焗烤蕃茄起司四方麵 | E56: 57.3 | F56: 2692 | G56: =E56*F56 -> 154251.6 | I56: 22 | J56: 1800 | K56: =J56/I56 -> 81.818182 | L56: 22 | M56: =F56/V56*60 -> 1594.9967 | N56: =M56/L56 -> 72.49985 | O56: =L56-I56 -> 0 | P56: =N56-K56 -> -9.3183314 | Q56: =N56/K56 -> 0.88610928 | R56: =Q72 -> 0.88600016 | S56: 0.29166667 | T56: 0.36199074 | V56: 101.26667 | AI56: =M56-J56 -> -205.00329 | AJ56: =M56/J56 -> 0.88610928 | AK56: =AJ72 -> 0.88600016
B57: 季節調理麵 | C57: 東京豚骨風味拉麵 | E57: 71.84 | F57: 1011 | G57: =E57*F57 -> 72630.24 | I57: 19 | J57: 1800 | K57: =J57/I57 -> 94.736842 | L57: 19 | M57: =F57/V57*60 -> 1597.7173 | N57: =M57/L57 -> 84.090384 | O57: =L57-I57 -> 0 | P57: =N57-K57 -> -10.646458 | Q57: =N57/K57 -> 0.88762072 | S57: 0.36530093 | T57: 0.39166667 | U57: 4.7666667 | V57: 37.966667 | AI57: =M57-J57 -> -202.2827 | AJ57: =M57/J57 -> 0.88762072
B58: 季節調理麵 | C58: 醬油叉燒拉麵 | E58: 72.4 | F58: 739 | G58: =E58*F58 -> 53503.6 | I58: 18 | J58: 1800 | K58: =J58/I58 -> 100 | L58: 18 | M58: =F58/V58*60 -> 1598.7981 | N58: =M58/L58 -> 88.822115 | O58: =L58-I58 -> 0 | P58: =N58-K58 -> -11.177885 | Q58: =N58/K58 -> 0.88822115 | S58: 0.39532407 | T58: 0.41458333 | U58: 5.2666667 | V58: 27.733333 | AI58: =M58-J58 -> -201.20192 | AJ58: =M58/J58 -> 0.88822115
B59: 季節調理麵 | C59: 和風匠製胡麻涼麵 | E59: 32.06 | F59: 469 | G59: =E59*F59 -> 15036.14 | I59: 19 | J59: 3600 | K59: =J59/I59 -> 189.47368 | L59: 19 | M59: =F59/V59*60 -> 3179.661 | N59: =M59/L59 -> 167.35058 | O59: =L59-I59 -> 0 | P59: =N59-K59 -> -22.123104 | Q59: =N59/K59 -> 0.88323917 | S59: 0.41885417 | T59: 0.425 | U59: 6.15 | V59: 8.85 | AI59: =M59-J59 -> -420.33898 | AJ59: =M59/J59 -> 0.88323917
B60: 微波小吃 | C60: 日式壽喜燒 | E60: 57.73 | F60: 1016 | G60: =E60*F60 -> 58653.68 | I60: 22 | J60: 1800 | K60: =J60/I60 -> 81.818182 | L60: 22 | M60: =F60/V60*60 -> 1595.1156 | N60: =M60/L60 -> 72.505253 | O60: =L60-I60 -> 0 | P60: =N60-K60 -> -9.3129287 | Q60: =N60/K60 -> 0.88617532 | S60: 0.42847222 | T60: 0.45501157 | U60: 5 | V60: 38.216667 | AI60: =M60-J60 -> -204.88443 | AJ60: =M60/J60 -> 0.88617532
B61: 微波小吃 | C61: 韓式部隊鍋 | E61: 57.73 | F61: 1123 | G61: =E61*F61 -> 64830.79 | I61: 22 | J61: 1800 | K61: =J61/I61 -> 81.818182 | L61: 22 | M61: =F61/V61*60 -> 1597.3133 | N61: =M61/L61 -> 72.605151 | O61: =L61-I61 -> 0 | P61: =N61-K61 -> -9.2130311 | Q61: =N61/K61 -> 0.88739629 | S61: 0.45833333 | T61: 0.48762731 | U61: 4.7833333 | V61: 42.183333 | AI61: =M61-J61 -> -202.68669 | AJ61: =M61/J61 -> 0.88739629
B72: 平均 | I72: =AVERAGE(I56:I71) -> 20.333333 | J72: =AVERAGE(J56:J71) -> 2100 | K72: =J72/I72 -> 103.27869 | L72: =AVERAGE(L56:L71) -> 20.333333 | M72: =AVERAGE(M56:M71) -> 1860.6003 | N72: =M72/L72 -> 91.504934 | O72: =L72-I72 -> 0 | P72: =N72-K72 -> -11.773754 | Q72: =N72/K72 -> 0.88600016 | S72: =S56 -> 0.29166667 | T72: =INDEX(T56:T71,COUNTA(T56:T71)) -> 0.48762731 | Y72: =SUM(Y56:Y71) -> 0 | Z72: =SUM(Z56:Z71) -> 0 | AC72: =SUM(AC56:AC71) -> 0 | AD72: =SUM(AD56:AD71) -> 0 | AI72: =M72-J72 -> -239.39967 | AJ72: =M72/J72 -> 0.88600016
A73: 自動包裝機 | B73: 4℃-飯糰 | C73: 和風牛肉咖哩炸飯糰 | E73: 21.74 | F73: 1150 | G73: =E73*F73 -> 25001 | I73: 6 | J73: 3600 | K73: =J73/I73 -> 600 | L73: 6 | M73: =F73/V73*60 -> 3257.2777 | N73: =M73/L73 -> 542.87962 | O73: =L73-I73 -> 0 | P73: =N73-K73 -> -57.120378 | Q73: =N73/K73 -> 0.90479937 | R73: =Q89 -> 0.90479937 | S73: 0.31736111 | T73: 0.33207176 | V73: 21.183333 | AI73: =M73-J73 -> -342.72227 | AJ73: =M73/J73 -> 0.90479937 | AK73: =AJ89 -> 0.90479937
B89: 平均 | I89: =AVERAGE(I73:I88) -> 6 | J89: =AVERAGE(J73:J88) -> 3600 | K89: =J89/I89 -> 600 | L89: =AVERAGE(L73:L88) -> 6 | M89: =AVERAGE(M73:M88) -> 3257.2777 | N89: =M89/L89 -> 542.87962 | O89: =L89-I89 -> 0 | P89: =N89-K89 -> -57.120378 | Q89: =N89/K89 -> 0.90479937 | S89: =S73 -> 0.31736111 | T89: =INDEX(T73:T88,COUNTA(T73:T88)) -> 0.33207176 | Y89: =SUM(Y73:Y88) -> 0 | Z89: =SUM(Z73:Z88) -> 0 | AC89: =SUM(AC73:AC88) -> 0 | AD89: =SUM(AD73:AD88) -> 0 | AI89: =M89-J89 -> -342.72227 | AJ89: =M89/J89 -> 0.90479937
A90: 便當二線 (二配) | B90: 微波主食 | C90: 二配鐵板蘑菇肉醬起司焗飯 | E90: 44.3 | F90: 752 | G90: =E90*F90 -> 33313.6 | I90: 17 | J90: 2000 | K90: =J90/I90 -> 117.64706 | L90: 17 | M90: =F90/V90*60 -> 1772.888 | N90: =M90/L90 -> 104.28753 | O90: =L90-I90 -> 0 | P90: =N90-K90 -> -13.359528 | Q90: =N90/K90 -> 0.88644401 | R90: =Q106 -> 0.88559524 | S90: 0.70833333 | T90: 0.72600694 | V90: 25.45 | AI90: =M90-J90 -> -227.11198 | AJ90: =M90/J90 -> 0.88644401 | AK90: =AJ106 -> 0.88559524
B91: 微波主食 | C91: 二配蒙古風味烤肉飯 | E91: 58.17 | F91: 3161 | G91: =E91*F91 -> 183875.37 | I91: 19 | J91: 1800 | K91: =J91/I91 -> 94.736842 | L91: 19 | M91: =F91/V91*60 -> 1597.1368 | N91: =M91/L91 -> 84.059834 | O91: =L91-I91 -> 0 | P91: =N91-K91 -> -10.677008 | Q91: =N91/K91 -> 0.88729825 | S91: 0.72934028 | T91: 0.81180556 | U91: 4.8 | V91: 118.75 | AI91: =M91-J91 -> -202.86316 | AJ91: =M91/J91 -> 0.88729825
B92: 微波主食 | C92: 二配乳酪燻腸紅醬焗飯 | E92: 50.67 | F92: 693 | G92: =E92*F92 -> 35114.31 | I92: 20 | J92: 2000 | K92: =J92/I92 -> 100 | L92: 20 | M92: =F92/V92*60 -> 1768.1077 | N92: =M92/L92 -> 88.405386 | O92: =L92-I92 -> 0 | P92: =N92-K92 -> -11.594614 | Q92: =N92/K92 -> 0.88405386 | S92: 0.81561343 | T92: 0.83194444 | U92: 5.4833333 | V92: 23.516667 | AI92: =M92-J92 -> -231.89227 | AJ92: =M92/J92 -> 0.88405386
B93: 微波主食 | C93: 二配西班牙風味海鮮燉飯 | E93: 57.3 | F93: 1596 | G93: =E93*F93 -> 91450.8 | I93: 21 | J93: 2000 | K93: =J93/I93 -> 95.238095 | L93: 21 | M93: =F93/V93*60 -> 1769.5103 | N93: =M93/L93 -> 84.262396 | O93: =L93-I93 -> 0 | P93: =N93-K93 -> -10.975699 | Q93: =N93/K93 -> 0.88475516 | S93: 0.83541667 | T93: 0.87299769 | U93: 5 | V93: 54.116667 | AI93: =M93-J93 -> -230.48968 | AJ93: =M93/J93 -> 0.88475516
B106: 平均 | I106: =AVERAGE(I90:I105) -> 19.25 | J106: =AVERAGE(J90:J105) -> 1950 | K106: =J106/I106 -> 101.2987 | L106: =AVERAGE(L90:L105) -> 19.25 | M106: =AVERAGE(M90:M105) -> 1726.9107 | N106: =M106/L106 -> 89.709648 | O106: =L106-I106 -> 0 | P106: =N106-K106 -> -11.589053 | Q106: =N106/K106 -> 0.88559524 | S106: =S90 -> 0.70833333 | T106: =INDEX(T90:T105,COUNTA(T90:T105)) -> 0.87299769 | Y106: =SUM(Y90:Y105) -> 0 | Z106: =SUM(Z90:Z105) -> 0 | AC106: =SUM(AC90:AC105) -> 0 | AD106: =SUM(AD90:AD105) -> 0 | AI106: =M106-J106 -> -223.08927 | AJ106: =M106/J106 -> 0.88559524
A107: 涼麵一線 (二配) | B107: 微波主食 | C107: 二配里肌豬排可可咖哩歐姆蛋飯 | E107: 56.79 | F107: 1796 | G107: =E107*F107 -> 101994.84 | I107: 23 | J107: 2000 | K107: =J107/I107 -> 86.956522 | L107: 23 | M107: =F107/V107*60 -> 1770.9121 | N107: =M107/L107 -> 76.996177 | O107: =L107-I107 -> 0 | P107: =N107-K107 -> -9.9603444 | Q107: =N107/K107 -> 0.88545604 | R107: =Q123 -> 0.88541823 | S107: 0.7084375 | T107: 0.75069444 | V107: 60.85 | AI107: =M107-J107 -> -229.08792 | AJ107: =M107/J107 -> 0.88545604 | AK107: =AJ123 -> 0.88541823
B108: 微波主食 | C108: 二配黃金雞排蘑菇白醬歐姆蛋飯 | E108: 56.87 | F108: 1330 | G108: =E108*F108 -> 75637.1 | I108: 23 | J108: 2000 | K108: =J108/I108 -> 86.956522 | L108: 23 | M108: =F108/V108*60 -> 1772.0207 | N108: =M108/L108 -> 77.044379 | O108: =L108-I108 -> 0 | P108: =N108-K108 -> -9.9121424 | Q108: =N108/K108 -> 0.88601036 | S108: 0.75416667 | T108: 0.78543981 | U108: 5 | V108: 45.033333 | AI108: =M108-J108 -> -227.97927 | AJ108: =M108/J108 -> 0.88601036
B109: 微波主食 | C109: 二配哞哞培根奶香海陸焗飯 | E109: 47.6 | F109: 1693 | G109: =E109*F109 -> 80586.8 | I109: 23 | J109: 2000 | K109: =J109/I109 -> 86.956522 | L109: 23 | M109: =F109/V109*60 -> 1768.6593 | N109: =M109/L109 -> 76.898231 | O109: =L109-I109 -> 0 | P109: =N109-K109 -> -10.058291 | Q109: =N109/K109 -> 0.88432966 | S109: 0.78888889 | T109: 0.82877315 | U109: 4.9666667 | V109: 57.433333 | AI109: =M109-J109 -> -231.34068 | AJ109: =M109/J109 -> 0.88432966
B110: 微波主食 | C110: 二配失控起司薯餅焗飯 | E110: 54.09 | F110: 2854 | G110: =E110*F110 -> 154372.86 | I110: 19 | J110: 2000 | K110: =J110/I110 -> 105.26316 | L110: 19 | M110: =F110/V110*60 -> 1771.7538 | N110: =M110/L110 -> 93.250197 | O110: =L110-I110 -> 0 | P110: =N110-K110 -> -12.01296 | Q110: =N110/K110 -> 0.88587688 | S110: 0.8321875 | T110: 0.89930556 | U110: 4.9166667 | V110: 96.65 | AI110: =M110-J110 -> -228.24625 | AJ110: =M110/J110 -> 0.88587688
B123: 平均 | I123: =AVERAGE(I107:I122) -> 22 | J123: =AVERAGE(J107:J122) -> 2000 | K123: =J123/I123 -> 90.909091 | L123: =AVERAGE(L107:L122) -> 22 | M123: =AVERAGE(M107:M122) -> 1770.8365 | N123: =M123/L123 -> 80.492567 | O123: =L123-I123 -> 0 | P123: =N123-K123 -> -10.416524 | Q123: =N123/K123 -> 0.88541823 | S123: =S107 -> 0.7084375 | T123: =INDEX(T107:T122,COUNTA(T107:T122)) -> 0.89930556 | Y123: =SUM(Y107:Y122) -> 0 | Z123: =SUM(Z107:Z122) -> 0 | AC123: =SUM(AC107:AC122) -> 0 | AD123: =SUM(AD107:AD122) -> 0 | AI123: =M123-J123 -> -229.16353 | AJ123: =M123/J123 -> 0.88541823
AA125: 原因回覆 | AE125: 1.膜料更換。
AA126: 1.當日出勤人數較多 | AE126: 2.半成品更換過慢。
AA127: 2.當日出勤人數較少 | AE127: 3.半成品不足。
AA128: 3.當日出勤熟手較多 | AE128: 4.半成品狀態異常。
AA129: 4.當日出勤新人較多 | AE129: 5.包材異常。
AA130: 5.機台夾盒 | AE130: 6.人員作業不及。
AA131: 6.封膜不順 | AE131: 7.酒精消毒。
AA132: 7.更換膠膜 | AE132: 8.機台設備異常。
AA133: 8.更換碳帶 | AE133: 9.金檢異常。
AA134: 9.當日熱轉印碳帶異常
AA135: 10.訂單量過少
AA136: 11.新品上市，尚未熟悉
AA137: 12.活動期間品項需貼標

Sheet 1228
B1: 屏榮 大溪廠組合室生產人時性分析
B3: 日期 | C3: 114.12.28星期日 | E3: 訂單量 | F3: ='1228(18度C)'!D1+'1228(4度C)'!D1 -> 176171 | H3: 營業額 | I3: ='1228(18度C)'!F1+'1228(4度C)'!F1 -> 5647645.6
B4: 人時性 | C4: 項目 | E4: ➀ | G4: ➁ | I4: ➂ | K4: ④ | M4: ⑤ | O4: 異常停線 | Q4: 短暫停線
C5: 組合室 | E5: 全溫層 | G5: 4度C-各編組展開(一配) | I5: 4度C-各編組展開(二配) | K5: 18度C-各編組展開(一配) | M5: 18度C-各編組展開(二配) | O5: 合計次數 | P5: 時間 | Q5: 合計次數 | R5: 設備次數
C6: 排關平均 | E6: =AVERAGE(D14:O14,D32:X32) -> 497.49376 | F6: =AVERAGE(#REF!,D14:K14) -> #REF! | G6: =AVERAGE(D14:K14) -> 196.89372 | I6: =AVERAGE(L14:O14) -> 96.103896 | K6: =AVERAGE(D32:O32) -> 693.69412 | M6: =AVERAGE(P32:X32) -> 762.44939 | O6: ='[1]1201(4度C)'!Y2 -> 0 | P6: ='[1]1201(4度C)'!Z2 -> 0 | Q6: ='[1]1201(4度C)'!AC2 -> 0 | R6: ='[1]1201(4度C)'!AD2 -> 0
C7: 實績平均 | E7: =AVERAGE(D15:O15,D33:X33) -> 440.09837 | F7: =AVERAGE(#REF!,D15:K15) -> #REF! | G7: =AVERAGE(D15:K15) -> 176.82386 | I7: =AVERAGE(L15:O15) -> 85.089389 | K7: =AVERAGE(D33:O33) -> 612.44724 | M7: =AVERAGE(P33:X33) -> 673.02762
C8: 達成率平均 | E8: =AVERAGE(D16:O16,D34:X34) -> 0.88508884 | F8: =AVERAGE(D16:K16,#REF!) -> #REF! | G8: =AVERAGE(D16:K16) -> 0.89057632 | I8: =AVERAGE(L16:O16) -> 0.885385 | K8: =AVERAGE(D34:O34) -> 0.88329064 | M8: =AVERAGE(P34:X34) -> 0.88128112
O9: ※現行日本鮮食廠以達成率80%為基本(即為現行KPI)
B11: 溫層 | D11: ➁4度C-各編組展開 | L11: ➂4度C-各編組展開
B12: 編組 | D12: 1 | E12: 2 | F12: 3 | G12: 4 | H12: 5 | I12: 6 | J12: 7 | K12: 8 | L12: 1 | M12: 2 | N12: 3 | O12: 4
D13: 便當一線 | E13: 便當二線 | F13: 涼麵一線 | G13: 涼麵二線 | H13: 涼麵三線 | I13: 自動包裝機 | J13: 自動包裝機2 | K13: 自動包裝機3 | L13: 便當一線 | M13: 便當二線 | N13: 涼麵一線 | O13: 涼麵二線
B14: 人時性 | C14: 排關 | D14: - | E14: 97.391304 | F14: 96.842105 | G14: 86.956522 | H14: 103.27869 | I14: 600 | J14: - | K14: - | L14: - | M14: 101.2987 | N14: 90.909091 | O14: -
C15: 實績 | D15: - | E15: 86.493245 | F15: 85.944447 | G15: 77.069503 | H15: 91.48415 | I15: 543.12796 | J15: - | K15: - | L15: - | M15: 89.696949 | N15: 80.481828 | O15: -
C16: 達成率 | D16: - | E16: =E15/E14 -> 0.88810028 | F16: =F15/F14 -> 0.88746983 | G16: =G15/G14 -> 0.88629928 | H16: =H15/H14 -> 0.88579891 | I16: =I15/I14 -> 0.90521327 | J16: - | K16: - | L16: - | M16: =M15/M14 -> 0.88546988 | N16: =N15/N14 -> 0.88530011 | O16: -
B17: 作業 時間 | C17: 開始 | D17: - | E17: 0.25017361 | F17: 0.2083912 | G17: 0.25009259 | H17: 0.29196759 | I17: 0.31875 | J17: - | K17: - | L17: - | M17: 0.70833333 | N17: 0.70833333 | O17: -
C18: 結束 | D18: - | E18: 0.66597222 | F18: 0.57291667 | G18: 0.585 | H18: 0.4780787 | I18: 0.33340278 | J18: - | K18: - | L18: - | M18: 0.87222222 | N18: 0.91347222 | O18: -
B19: 產線異常 (5分鐘以上) | C19: 次數
C20: 時間/分
B21: 短暫停線 (5分鐘以下) | C21: 次數
C22: 設備次數
B23: 配置人數 | D23: - | E23: 23 | F23: 19 | G23: 23 | H23: 20.333333 | I23: 6 | J23: - | K23: - | L23: - | M23: 19.25 | N23: 22 | O23: -
B24: 主要應用設備 | D24: L型封口機 | E24: ET-55 | F24: ET-55 | G24: ET-55 | H24: ET-600 | I24: 伺服包裝機 | J24: 伺服包裝機 | K24: 伺服包裝機 | L24: L型封口機 | M24: ET-55 | N24: ET-55 | O24: ET-55
B25: 次要應用設備 | D25: 伺服包裝機 | H25: 伺服包裝機
B26: 備註 | H26: 涼麵+烤飯糰 | I26: 大口飯糰線 | K26: 烤飯糰+手卷
B29: 溫層 | D29: ➃18度C-各編組展開 (一配) | P29: ⑤18度C-各編組展開 (二配)
B30: 編組 | D30: 1 | E30: 2 | F30: 3 | G30: 4 | H30: 5 | I30: 6 | J30: 7 | K30: 8 | L30: 9 | M30: 10 | N30: 11 | O30: 12 | P30: 1 | Q30: 2 | R30: 3 | S30: 4 | T30: 5 | U30: 6 | V30: 7 | W30: 8 | X30: 9
D31: 便當一線 | E31: 涼麵一線 | F31: 涼麵三線 | G31: 自動包裝機 | H31: 自動包裝機2 | I31: 自動包裝機3 | J31: 味付飯糰線B | K31: (舊) 3300型飯糰線 | L31: 3000型飯糰線 | M31: (新) 3300型飯糰機 | N31: GKK3600型 飯糰機 | O31: GKK3600型 飯糰機2 | P31: 自動包裝機 | Q31: 自動包裝機2 | R31: 自動包裝機3 | S31: 味付飯糰線B | T31: (舊) 3300型飯糰線 | U31: 3000型飯糰線 | V31: (新) 3300型飯糰機 | W31: GKK3600型 飯糰機 | X31: GKK3600型 飯糰機2
B32: 人時性 | C32: 排關 | D32: - | E32: - | F32: - | G32: 248.66667 | H32: 433.33333 | I32: - | J32: - | K32: - | L32: - | M32: 776.47059 | N32: 1150 | O32: 860 | P32: 252.63158 | Q32: - | R32: - | S32: - | T32: 715.38462 | U32: - | V32: 825 | W32: 969.23077 | X32: 1050
C33: 實績 | D33: - | E33: - | F33: - | G33: 217.07707 | H33: 386.2396 | I33: - | J33: - | K33: - | L33: - | M33: 693.47219 | N33: 1001.9147 | O33: 763.53266 | P33: 219.27216 | Q33: - | R33: - | S33: - | T33: 635.26425 | U33: - | V33: 736.21093 | W33: 859.02637 | X33: 915.36437
C34: 達成率 | D34: - | E34: - | F34: - | G34: =G33/G32 -> 0.87296407 | H34: =H33/H32 -> 0.89132215 | I34: - | J34: - | K34: - | L34: - | M34: =M33/M32 -> 0.89310812 | N34: =N33/N32 -> 0.87123016 | O34: =O33/O32 -> 0.88782868 | P34: =P33/P32 -> 0.8679523 | Q34: - | R34: - | S34: - | T34: =T33/T32 -> 0.88800379 | U34: - | V34: =V33/V32 -> 0.89237689 | W34: =W33/W32 -> 0.88629705 | X34: =X33/X32 -> 0.87177559
B35: 作業 時間 | C35: 開始 | D35: - | E35: - | F35: - | G35: 0.33680556 | H35: 0.25 | I35: - | J35: - | K35: - | L35: - | M35: 0.25 | N35: 0.16668981 | O35: 0.25 | P35: 0.70851852 | Q35: - | R35: - | S35: - | T35: 0.70833333 | U35: - | V35: 0.70833333 | W35: 0.70833333 | X35: 0.70833333
C36: 結束 | D36: - | E36: - | F36: - | G36: 0.60555556 | H36: 0.29951389 | I36: - | J36: - | K36: - | L36: - | M36: 0.42777778 | N36: 0.41805556 | O36: 0.40555556 | P36: 0.81619213 | Q36: - | R36: - | S36: - | T36: 0.88899306 | U36: - | V36: 0.90364583 | W36: 1.0140856 | X36: 1.0125
B37: 配置人數 | D37: - | E37: - | F37: - | G37: 12.5 | H37: 6 | I37: - | J37: - | K37: - | L37: - | M37: 4.25 | N37: 3 | O37: 3.75 | P37: 14.25 | Q37: - | R37: - | S37: - | T37: 4.3333333 | U37: - | V37: 4 | W37: 3.25 | X37: 3.3333333
B38: 主要應用設備 | D38: 伺服包裝機 | E38: ET-55 | F38: ET-600 | G38: 夾心型 | H38: 伺服包裝機 | I38: 伺服包裝機 | J38: 夾心型 | K38: 3300型 | L38: 3300型 | M38: 3300型 | N38: GKK | O38: GKK | P38: 夾心型 | Q38: 伺服包裝機 | R38: 伺服包裝機 | S38: 夾心型 | T38: 3300型 | U38: 3300型 | V38: 3300型 | W38: GKK | X38: GKK
B39: 次要應用設備
B40: 備註

Sheet 1228(18度C)
A1: 大溪廠日報分析 | C1: 總生產量 | D1: =SUM(F5:F174) -> 113818 | E1: 營業額 | F1: =SUM(G5:G174) -> 2285256.2 | G1: 出勤人數 | H1: =L21+L38+L55+L72+L89+L106+L123+L140+L157+L174 -> 58.666667 | I1: 產線配置圖 | L1: 生產實績 | O1: 人時性差異分析 | S1: 日報登錄 | Y1: 分析說明 | AA1: 產能差異分析
A2: 46019 | C2: 人時性 | D2: =AVERAGE(N21,N38,N55,N72,N89,N106,N123,N140,N157,N174) -> 642.73743 | E2: 平均廠價 | F2: =F1/D1 -> 20.078162 | G2: 多次生產數 | H2: =COUNT(H5:H174) -> 3
A3: 線別 | B3: 品類 | C3: 品名 | E3: 廠價 | F3: 生產量 | G3: 營收 | H3: 多次 生產 | I3: 人數 | J3: 產能/時 | K3: 人時性 | L3: 人數 | M3: 產能/時 | N3: 人時性 | O3: 人數 | P3: 人時性 | Q3: 達成率 | R3: 達成率 平均 | S3: 生產時間 | U3: 換線、休息/分 | V3: 稼動時間/分 | W3: 休息時間 | Y3: (屏榮回填) | AA3: 產能/時 | AB3: 達成率 | AC3: 達成率平均
S4: 開始 | T4: 結束 | W4: 開始 | X4: 結束
A5: 自動包裝機 | B5: 18℃-壽司手卷 | C5: 一配明太子玉子脆卷 | E5: 19.7 | F5: 794 | G5: =E5*F5 -> 15641.8 | I5: 6 | J5: 2500 | K5: =J5/I5 -> 416.66667 | L5: 6 | M5: =F5/V5*60 -> 2254.2587 | N5: =M5/L5 -> 375.70978 | O5: =L5-I5 -> 0 | P5: =N5-K5 -> -40.956887 | Q5: =N5/K5 -> 0.90170347 | R5: =Q21 -> 0.87296407 | S5: 0.33680556 | T5: 0.35148148 | U5: 4.9 | V5: 21.133333 | AA5: =M5-J5 -> -245.74132 | AB5: =M5/J5 -> 0.90170347 | AC5: =AB21 -> 0.87296407
B6: 18℃-飯糰 | C6: 一配兩粒飯糰(鮪魚.焦糖鮭魚) | E6: 28.57 | F6: 2777 | G6: =E6*F6 -> 79338.89 | I6: 12 | J6: 3600 | K6: =J6/I6 -> 300 | L6: 12 | M6: =F6/V6*60 -> 3109.549 | N6: =M6/L6 -> 259.12908 | O6: =L6-I6 -> 0 | P6: =N6-K6 -> -40.870918 | Q6: =N6/K6 -> 0.86376361 | S6: 0.35515046 | T6: 0.39236111 | U6: 5.2833333 | V6: 53.583333 | AA6: =M6-J6 -> -490.45101 | AB6: =M6/J6 -> 0.86376361
B7: 18℃-壽司手卷 | C7: 一配海饌雙手卷 | E7: 29.85 | F7: 2254 | G7: =E7*F7 -> 67281.9 | I7: 17 | J7: 3600 | K7: =J7/I7 -> 211.76471 | L7: 17 | M7: =F7/V7*60 -> 3117.3262 | N7: =M7/L7 -> 183.37213 | O7: =L7-I7 -> 0 | P7: =N7-K7 -> -28.392579 | Q7: =N7/K7 -> 0.86592393 | S7: 0.39583333 | T7: 0.42596065 | U7: 5 | V7: 43.383333 | AA7: =M7-J7 -> -482.67384 | AB7: =M7/J7 -> 0.86592393
B8: 18℃-壽司手卷 | C8: 一配雙饗雙手卷 | E8: 29.52 | F8: 2186 | G8: =E8*F8 -> 64530.72 | I8: 17 | J8: 3600 | K8: =J8/I8 -> 211.76471 | L8: 17 | M8: =F8/V8*60 -> 3117.9081 | N8: =M8/L8 -> 183.40636 | O8: =L8-I8 -> 0 | P8: =N8-K8 -> -28.358348 | Q8: =N8/K8 -> 0.86608558 | S8: 0.42916667 | T8: 0.45837963 | U8: 4.6166667 | V8: 42.066667 | AA8: =M8-J8 -> -482.09192 | AB8: =M8/J8 -> 0.86608558
B9: 18℃-壽司手卷 | C9: 一配長野稻荷壽司 | E9: 25.64 | F9: 1448 | G9: =E9*F9 -> 37126.72 | I9: 11 | J9: 3600 | K9: =J9/I9 -> 327.27273 | L9: 11 | M9: =F9/V9*60 -> 3149.7281 | N9: =M9/L9 -> 286.33892 | O9: =L9-I9 -> 0 | P9: =N9-K9 -> -40.933809 | Q9: =N9/K9 -> 0.87492447 | S9: 0.46278935 | T9: 0.48194444 | U9: 6.35 | V9: 27.583333 | W9: 0.48194444 | X9: 0.52159722 | AA9: =M9-J9 -> -450.2719 | AB9: =M9/J9 -> 0.87492447
B10: 18℃-壽司手卷 | C10: 一配核桃腰果稻荷壽司組 | E10: 30.95 | F10: 3087 | G10: =E10*F10 -> 95542.65 | I10: 12 | J10: 1750 | K10: =J10/I10 -> 145.83333 | L10: 12 | M10: =F10/V10*60 -> 1532.0099 | N10: =M10/L10 -> 127.66749 | O10: =L10-I10 -> 0 | P10: =N10-K10 -> -18.16584 | Q10: =N10/K10 -> 0.87543424 | S10: 0.52159722 | T10: 0.60555556 | U10: 57.1 | V10: 120.9 | AA10: =M10-J10 -> -217.99007 | AB10: =M10/J10 -> 0.87543424
B21: 平均 | I21: =AVERAGE(I5:I20) -> 12.5 | J21: =AVERAGE(J5:J20) -> 3108.3333 | K21: =J21/I21 -> 248.66667 | L21: =AVERAGE(L5:L20) -> 12.5 | M21: =AVERAGE(M5:M20) -> 2713.4633 | N21: =M21/L21 -> 217.07707 | O21: =L21-I21 -> 0 | P21: =N21-K21 -> -31.589601 | Q21: =N21/K21 -> 0.87296407 | S21: =S5 -> 0.33680556 | T21: =INDEX(T5:T20,COUNTA(T5:T20)) -> 0.60555556 | AA21: =M21-J21 -> -394.87001 | AB21: =M21/J21 -> 0.87296407
A22: 自動包裝機2 | B22: 18℃-壽司手卷 | C22: 一配雙鬆細卷 | E22: 14.03 | F22: 1239 | G22: =E22*F22 -> 17383.17 | I22: 6 | J22: 2600 | K22: =J22/I22 -> 433.33333 | L22: 6 | M22: =F22/V22*60 -> 2317.0909 | N22: =M22/L22 -> 386.18182 | O22: =L22-I22 -> 0 | P22: =N22-K22 -> -47.151515 | Q22: =N22/K22 -> 0.89118881 | R22: =Q38 -> 0.89132215 | S22: 0.25 | T22: 0.27228009 | V22: 32.083333 | AA22: =M22-J22 -> -282.90909 | AB22: =M22/J22 -> 0.89118881 | AC22: =AB38 -> 0.89132215
B23: 18℃-壽司手卷 | C23: 一配經典鮪魚沙拉細卷 | E23: 14.49 | F23: 1325 | G23: =E23*F23 -> 19199.25 | I23: 6 | J23: 2600 | K23: =J23/I23 -> 433.33333 | L23: 6 | M23: =F23/V23*60 -> 2317.7843 | N23: =M23/L23 -> 386.29738 | O23: =L23-I23 -> 0 | P23: =N23-K23 -> -47.035957 | Q23: =N23/K23 -> 0.89145548 | S23: 0.27569444 | T23: 0.29951389 | U23: 4.9166667 | V23: 34.3 | AA23: =M23-J23 -> -282.21574 | AB23: =M23/J23 -> 0.89145548
B38: 平均 | I38: =AVERAGE(I22:I37) -> 6 | J38: =AVERAGE(J22:J37) -> 2600 | K38: =J38/I38 -> 433.33333 | L38: =AVERAGE(L22:L37) -> 6 | M38: =AVERAGE(M22:M37) -> 2317.4376 | N38: =M38/L38 -> 386.2396 | O38: =L38-I38 -> 0 | P38: =N38-K38 -> -47.093736 | Q38: =N38/K38 -> 0.89132215 | S38: =S22 -> 0.25 | T38: =INDEX(T22:T37,COUNTA(T22:T37)) -> 0.29951389 | AA38: =M38-J38 -> -282.56242 | AB38: =M38/J38 -> 0.89132215
A39: (新) 3300型飯糰機 | B39: 18℃-飯糰 | C39: 一配照燒雞肉飯糰 | E39: 21.45 | F39: 2130 | G39: =E39*F39 -> 45688.5 | I39: 4 | J39: 3300 | K39: =J39/I39 -> 825 | L39: 4 | M39: =F39/V39*60 -> 2951.5012 | N39: =M39/L39 -> 737.87529 | O39: =L39-I39 -> 0 | P39: =N39-K39 -> -87.124711 | Q39: =N39/K39 -> 0.89439429 | R39: =Q55 -> 0.89310812 | S39: 0.25 | T39: 0.28006944 | V39: 43.3 | AA39: =M39-J39 -> -348.49885 | AB39: =M39/J39 -> 0.89439429 | AC39: =AB55 -> 0.89310812
B40: 18℃-飯糰 | C40: 一配壹號醬炙烤牛飯糰 | E40: 22.28 | F40: 1324 | G40: =E40*F40 -> 29498.72 | I40: 5 | J40: 3300 | K40: =J40/I40 -> 660 | L40: 5 | M40: =F40/V40*60 -> 2949.505 | N40: =M40/L40 -> 589.90099 | O40: =L40-I40 -> 0 | P40: =N40-K40 -> -70.09901 | Q40: =N40/K40 -> 0.89378938 | S40: 0.28337963 | T40: 0.30208333 | U40: 4.7666667 | V40: 26.933333 | AA40: =M40-J40 -> -350.49505 | AB40: =M40/J40 -> 0.89378938
B41: 18℃-飯糰 | C41: 一配鹽蔥燒肉飯糰 | E41: 17.89 | F41: 3203 | G41: =E41*F41 -> 57301.67 | I41: 4 | J41: 3300 | K41: =J41/I41 -> 825 | L41: 4 | M41: =F41/V41*60 -> 2946.7927 | N41: =M41/L41 -> 736.69819 | O41: =L41-I41 -> 0 | P41: =N41-K41 -> -88.301814 | Q41: =N41/K41 -> 0.8929675 | S41: 0.30555556 | T41: 0.35084491 | U41: 5 | V41: 65.216667 | AA41: =M41-J41 -> -353.20726 | AB41: =M41/J41 -> 0.8929675
B42: 18℃-飯糰 | C42: 一配雞肉飯飯糰 | E42: 16.66 | F42: 5188 | G42: =E42*F42 -> 86432.08 | I42: 4 | J42: 3300 | K42: =J42/I42 -> 825 | L42: 4 | M42: =F42/V42*60 -> 2941.2283 | N42: =M42/L42 -> 735.30709 | O42: =L42-I42 -> 0 | P42: =N42-K42 -> -89.692913 | Q42: =N42/K42 -> 0.89128132 | S42: 0.35428241 | T42: 0.42777778 | U42: 4.95 | V42: 105.83333 | AA42: =M42-J42 -> -358.77165 | AB42: =M42/J42 -> 0.89128132
B55: 平均 | I55: =AVERAGE(I39:I54) -> 4.25 | J55: =AVERAGE(J39:J54) -> 3300 | K55: =J55/I55 -> 776.47059 | L55: =AVERAGE(L39:L54) -> 4.25 | M55: =AVERAGE(M39:M54) -> 2947.2568 | N55: =M55/L55 -> 693.47219 | O55: =L55-I55 -> 0 | P55: =N55-K55 -> -82.9984 | Q55: =N55/K55 -> 0.89310812 | S55: =S39 -> 0.25 | T55: =INDEX(T39:T54,COUNTA(T39:T54)) -> 0.42777778 | AA55: =M55-J55 -> -352.7432 | AB55: =M55/J55 -> 0.89310812
A56: GKK3600型 飯糰機 | B56: 18℃-飯糰 | C56: 一配蔬食鮪魚飯糰 | E56: 18.18 | F56: 1608 | G56: =E56*F56 -> 29233.44 | I56: 3 | J56: 3600 | K56: =J56/I56 -> 1200 | L56: 3 | M56: =F56/V56*60 -> 3115.6082 | N56: =M56/L56 -> 1038.5361 | O56: =L56-I56 -> 0 | P56: =N56-K56 -> -161.46394 | Q56: =N56/K56 -> 0.86544672 | R56: =Q72 -> 0.87123016 | S56: 0.16668981 | T56: 0.18819444 | V56: 30.966667 | AA56: =M56-J56 -> -484.39182 | AB56: =M56/J56 -> 0.86544672 | AC56: =AB72 -> 0.87123016
B57: 18℃-飯糰 | C57: 一配經典肉鬆飯糰 | E57: 14.03 | F57: 4944 | G57: =E57*F57 -> 69364.32 | I57: 3 | J57: 3000 | K57: =J57/I57 -> 1000 | L57: 3 | M57: =F57/V57*60 -> 2682.9062 | N57: =M57/L57 -> 894.30208 | O57: =L57-I57 -> 0 | P57: =N57-K57 -> -105.69792 | Q57: =N57/K57 -> 0.89430208 | S57: 0.19891204 | T57: 0.27569444 | U57: 15.433333 | V57: 110.56667 | AA57: =M57-J57 -> -317.09376 | AB57: =M57/J57 -> 0.89430208
B58: 18℃-飯糰 | C58: 一配明太子龍蝦風味沙拉飯糰 | E58: 18.18 | F58: 2591 | G58: =E58*F58 -> 47104.38 | I58: 3 | J58: 3600 | K58: =J58/I58 -> 1200 | L58: 3 | M58: =F58/V58*60 -> 3112.3123 | N58: =M58/L58 -> 1037.4374 | O58: =L58-I58 -> 0 | P58: =N58-K58 -> -162.56256 | Q58: =N58/K58 -> 0.8645312 | S58: 0.28614583 | T58: 0.32083333 | U58: 15.05 | V58: 49.95 | AA58: =M58-J58 -> -487.68769 | AB58: =M58/J58 -> 0.8645312
B59: 18℃-飯糰 | C59: 一配鮪魚飯糰 | E59: 14.28 | F59: 6475 | G59: =E59*F59 -> 92463 | I59: 3 | J59: 3600 | K59: =J59/I59 -> 1200 | L59: 3 | M59: =F59/V59*60 -> 3112.1495 | N59: =M59/L59 -> 1037.3832 | O59: =L59-I59 -> 0 | P59: =N59-K59 -> -162.61682 | Q59: =N59/K59 -> 0.86448598 | S59: 0.33136574 | T59: 0.41805556 | U59: 15.166667 | V59: 124.83333 | AA59: =M59-J59 -> -487.85047 | AB59: =M59/J59 -> 0.86448598
B72: 平均 | I72: =AVERAGE(I56:I71) -> 3 | J72: =AVERAGE(J56:J71) -> 3450 | K72: =J72/I72 -> 1150 | L72: =AVERAGE(L56:L71) -> 3 | M72: =AVERAGE(M56:M71) -> 3005.7441 | N72: =M72/L72 -> 1001.9147 | O72: =L72-I72 -> 0 | P72: =N72-K72 -> -148.08531 | Q72: =N72/K72 -> 0.87123016 | S72: =S56 -> 0.16668981 | T72: =INDEX(T56:T71,COUNTA(T56:T71)) -> 0.41805556 | AA72: =M72-J72 -> -444.25593 | AB72: =M72/J72 -> 0.87123016
A73: GKK3600型 飯糰機2 | B73: 18℃-飯糰 | C73: 一配博多明太子奶油飯糰 | E73: 25.45 | F73: 1032 | G73: =E73*F73 -> 26264.4 | I73: 4 | J73: 3300 | K73: =J73/I73 -> 825 | L73: 4 | M73: =F73/V73*60 -> 2923.0527 | N73: =M73/L73 -> 730.76318 | O73: =L73-I73 -> 0 | P73: =N73-K73 -> -94.236821 | Q73: =N73/K73 -> 0.88577355 | R73: =Q89 -> 0.88782868 | S73: 0.25 | T73: 0.26471065 | V73: 21.183333 | AA73: =M73-J73 -> -376.94729 | AB73: =M73/J73 -> 0.88577355 | AC73: =AB89 -> 0.88782868
B74: 18℃-飯糰 | C74: 一配熟成紅鮭飯糰 | E74: 25.03 | F74: 1834 | G74: =E74*F74 -> 45905.02 | I74: 4 | J74: 3300 | K74: =J74/I74 -> 825 | L74: 4 | M74: =F74/V74*60 -> 2921.4159 | N74: =M74/L74 -> 730.35398 | O74: =L74-I74 -> 0 | P74: =N74-K74 -> -94.646018 | Q74: =N74/K74 -> 0.88527755 | S74: 0.27523148 | T74: 0.30138889 | U74: 15.15 | V74: 37.666667 | AA74: =M74-J74 -> -378.58407 | AB74: =M74/J74 -> 0.88527755
B75: 18℃-飯糰 | C75: 一配北海道秋鮭親子飯糰 | E75: 24.82 | F75: 2098 | G75: =E75*F75 -> 52072.36 | I75: 4 | J75: 3300 | K75: =J75/I75 -> 825 | L75: 4 | M75: =F75/V75*60 -> 2921.7795 | N75: =M75/L75 -> 730.44487 | O75: =L75-I75 -> 0 | P75: =N75-K75 -> -94.555126 | Q75: =N75/K75 -> 0.88538773 | S75: 0.31180556 | T75: 0.34172454 | U75: 15 | V75: 43.083333 | AA75: =M75-J75 -> -378.2205 | AB75: =M75/J75 -> 0.88538773
B76: 18℃-飯糰 | C76: 一配贅沢鮭魚肚飯糰 | E76: 30 | F76: 3445 | G76: =E76*F76 -> 103350 | I76: 3 | J76: 3000 | K76: =J76/I76 -> 1000 | L76: 3 | M76: =F76/V76*60 -> 2686.7418 | N76: =M76/L76 -> 895.58059 | O76: =L76-I76 -> 0 | P76: =N76-K76 -> -104.41941 | Q76: =N76/K76 -> 0.89558059 | S76: 0.35212963 | T76: 0.40555556 | U76: 14.983333 | V76: 76.933333 | AA76: =M76-J76 -> -313.25823 | AB76: =M76/J76 -> 0.89558059
B89: 平均 | I89: =AVERAGE(I73:I88) -> 3.75 | J89: =AVERAGE(J73:J88) -> 3225 | K89: =J89/I89 -> 860 | L89: =AVERAGE(L73:L88) -> 3.75 | M89: =AVERAGE(M73:M88) -> 2863.2475 | N89: =M89/L89 -> 763.53266 | O89: =L89-I89 -> 0 | P89: =N89-K89 -> -96.467339 | Q89: =N89/K89 -> 0.88782868 | S89: =S73 -> 0.25 | T89: =INDEX(T73:T88,COUNTA(T73:T88)) -> 0.40555556 | AA89: =M89-J89 -> -361.75252 | AB89: =M89/J89 -> 0.88782868
A90: 自動包裝機 (二配) | B90: 18℃-壽司手卷 | C90: 二配長野稻荷壽司 | E90: 25.64 | F90: 1456 | G90: =E90*F90 -> 37331.84 | I90: 11 | J90: 3600 | K90: =J90/I90 -> 327.27273 | L90: 11 | M90: =F90/V90*60 -> 3150 | N90: =M90/L90 -> 286.36364 | O90: =L90-I90 -> 0 | P90: =N90-K90 -> -40.909091 | Q90: =N90/K90 -> 0.875 | R90: =Q106 -> 0.8679523 | S90: 0.70851852 | T90: 0.72777778 | V90: 27.733333 | AA90: =M90-J90 -> -450 | AB90: =M90/J90 -> 0.875 | AC90: =AB106 -> 0.8679523
B91: 18℃-壽司手卷 | C91: 二配雙饗雙手卷 | E91: 29.52 | F91: 1878 | G91: =E91*F91 -> 55438.56 | I91: 17 | J91: 3600 | K91: =J91/I91 -> 211.76471 | L91: 17 | M91: =F91/V91*60 -> 3118.4502 | N91: =M91/L91 -> 183.43825 | O91: =L91-I91 -> 0 | P91: =N91-K91 -> -28.32646 | Q91: =N91/K91 -> 0.86623616 | S91: 0.73125 | T91: 0.75634259 | U91: 5 | V91: 36.133333 | AA91: =M91-J91 -> -481.54982 | AB91: =M91/J91 -> 0.86623616
B92: 18℃-壽司手卷 | C92: 二配海饌雙手卷 | E92: 29.85 | F92: 1963 | G92: =E92*F92 -> 58595.55 | I92: 17 | J92: 3600 | K92: =J92/I92 -> 211.76471 | L92: 17 | M92: =F92/V92*60 -> 3118.6231 | N92: =M92/L92 -> 183.44842 | O92: =L92-I92 -> 0 | P92: =N92-K92 -> -28.316287 | Q92: =N92/K92 -> 0.8662842 | S92: 0.75988426 | T92: 0.78611111 | U92: 5.1 | V92: 37.766667 | AA92: =M92-J92 -> -481.37688 | AB92: =M92/J92 -> 0.8662842
B93: 18℃-飯糰 | C93: 二配兩粒飯糰(鮪魚.焦糖鮭魚) | E93: 28.57 | F93: 1987 | G93: =E93*F93 -> 56768.59 | I93: 12 | J93: 3600 | K93: =J93/I93 -> 300 | L93: 12 | M93: =F93/V93*60 -> 3111.4398 | N93: =M93/L93 -> 259.28665 | O93: =L93-I93 -> 0 | P93: =N93-K93 -> -40.713354 | Q93: =N93/K93 -> 0.86428882 | S93: 0.78958333 | T93: 0.81619213 | U93: 5 | V93: 38.316667 | AA93: =M93-J93 -> -488.56024 | AB93: =M93/J93 -> 0.86428882
B106: 平均 | I106: =AVERAGE(I90:I105) -> 14.25 | J106: =AVERAGE(J90:J105) -> 3600 | K106: =J106/I106 -> 252.63158 | L106: =AVERAGE(L90:L105) -> 14.25 | M106: =AVERAGE(M90:M105) -> 3124.6283 | N106: =M106/L106 -> 219.27216 | O106: =L106-I106 -> 0 | P106: =N106-K106 -> -33.35942 | Q106: =N106/K106 -> 0.8679523 | S106: =S90 -> 0.70851852 | T106: =INDEX(T90:T105,COUNTA(T90:T105)) -> 0.81619213 | AA106: =M106-J106 -> -475.37173 | AB106: =M106/J106 -> 0.8679523
A107: (舊) 3300型飯糰線 (二配) | B107: 18℃-飯糰 | C107: 二配大飯糰滷肉飯加蛋 | E107: 22.48 | F107: 3211 | G107: =E107*F107 -> 72183.28 | I107: 5 | J107: 3000 | K107: =J107/I107 -> 600 | L107: 5 | M107: =F107/V107*60 -> 2659.2133 | N107: =M107/L107 -> 531.84265 | O107: =L107-I107 -> 0 | P107: =N107-K107 -> -68.15735 | Q107: =N107/K107 -> 0.88640442 | R107: =Q123 -> 0.88800379 | S107: 0.70833333 | T107: 0.75864583 | V107: 72.45 | AA107: =M107-J107 -> -340.78675 | AB107: =M107/J107 -> 0.88640442 | AC107: =AB123 -> 0.88800379
B108: 18℃-飯糰 | C108: 二配大飯糰韓式蒜烤豬五花 | E108: 24.54 | F108: 3050 | G108: =E108*F108 -> 74847 | I108: 4 | J108: 3000 | K108: =J108/I108 -> 750 | L108: 4 | M108: =F108/V108*60 -> 2656.6659 | N108: =M108/L108 -> 664.16647 | O108: =L108-I108 -> 0 | P108: =N108-K108 -> -85.833535 | Q108: =N108/K108 -> 0.88555529 | S108: 0.76188657 | T108: 0.80972222 | U108: 4.6666667 | V108: 68.883333 | AA108: =M108-J108 -> -343.33414 | AB108: =M108/J108 -> 0.88555529
B109: 18℃-飯糰 | C109: 二配鹽蔥燒肉飯糰 | E109: 17.89 | F109: 5353 | G109: =E109*F109 -> 95765.17 | I109: 4 | J109: 3300 | K109: =J109/I109 -> 825 | L109: 4 | M109: =F109/V109*60 -> 2942.5561 | N109: =M109/L109 -> 735.63903 | O109: =L109-I109 -> 0 | P109: =N109-K109 -> -89.360971 | Q109: =N109/K109 -> 0.89168367 | S109: 0.81319444 | T109: 0.88899306 | U109: 5 | V109: 109.15 | AA109: =M109-J109 -> -357.44388 | AB109: =M109/J109 -> 0.89168367
B123: 平均 | I123: =AVERAGE(I107:I122) -> 4.3333333 | J123: =AVERAGE(J107:J122) -> 3100 | K123: =J123/I123 -> 715.38462 | L123: =AVERAGE(L107:L122) -> 4.3333333 | M123: =AVERAGE(M107:M122) -> 2752.8117 | N123: =M123/L123 -> 635.26425 | O123: =L123-I123 -> 0 | P123: =N123-K123 -> -80.120367 | Q123: =N123/K123 -> 0.88800379 | S123: =S107 -> 0.70833333 | T123: =INDEX(T107:T122,COUNTA(T107:T122)) -> 0.88899306 | AA123: =M123-J123 -> -347.18826 | AB123: =M123/J123 -> 0.88800379
A124: (新) 3300型飯糰機 (二配) | B124: 18℃-飯糰 | C124: 二配三杯醬爆菇菇飯糰 | E124: 16.7 | F124: 2067 | G124: =E124*F124 -> 34518.9 | I124: 3 | J124: 3300 | K124: =J124/I124 -> 1100 | L124: 3 | M124: =F124/V124*60 -> 2948.1775 | N124: =M124/L124 -> 982.72583 | O124: =L124-I124 -> 0 | P124: =N124-K124 -> -117.27417 | Q124: =N124/K124 -> 0.89338712 | R124: =Q140 -> 0.89237689 | S124: 0.70833333 | T124: 0.7375463 | V124: 42.066667 | AA124: =M124-J124 -> -351.8225 | AB124: =M124/J124 -> 0.89338712 | AC124: =AB140 -> 0.89237689
B125: 18℃-飯糰 | C125: 二配壹號醬炙烤牛飯糰 | E125: 22.28 | F125: 1822 | G125: =E125*F125 -> 40594.16 | I125: 5 | J125: 3300 | K125: =J125/I125 -> 660 | L125: 5 | M125: =F125/V125*60 -> 2943.9856 | N125: =M125/L125 -> 588.79713 | O125: =L125-I125 -> 0 | P125: =N125-K125 -> -71.202873 | Q125: =N125/K125 -> 0.89211686 | S125: 0.74097222 | T125: 0.76675926 | U125: 4.9333333 | V125: 37.133333 | AA125: =M125-J125 -> -356.01436 | AB125: =M125/J125 -> 0.89211686
B126: 18℃-飯糰 | C126: 二配油蔥G絲飯糰 | E126: 18.18 | F126: 913 | G126: =E126*F126 -> 16598.34 | I126: 4 | J126: 3300 | K126: =J126/I126 -> 825 | L126: 4 | M126: =F126/V126*60 -> 2945.1613 | N126: =M126/L126 -> 736.29032 | O126: =L126-I126 -> 0 | P126: =N126-K126 -> -88.709677 | Q126: =N126/K126 -> 0.89247312 | S126: 0.77041667 | T126: 0.78333333 | U126: 5.2666667 | V126: 18.6 | AA126: =M126-J126 -> -354.83871 | AB126: =M126/J126 -> 0.89247312
B127: 18℃-飯糰 | C127: 二配雞肉飯飯糰 | E127: 16.66 | F127: 8250 | G127: =E127*F127 -> 137445 | I127: 4 | J127: 3300 | K127: =J127/I127 -> 825 | L127: 4 | M127: =F127/V127*60 -> 2942.0505 | N127: =M127/L127 -> 735.51263 | O127: =L127-I127 -> 0 | P127: =N127-K127 -> -89.48737 | Q127: =N127/K127 -> 0.89153046 | S127: 0.78680556 | T127: 0.90364583 | U127: 5 | V127: 168.25 | AA127: =M127-J127 -> -357.94948 | AB127: =M127/J127 -> 0.89153046
B140: 平均 | I140: =AVERAGE(I124:I139) -> 4 | J140: =AVERAGE(J124:J139) -> 3300 | K140: =J140/I140 -> 825 | L140: =AVERAGE(L124:L139) -> 4 | M140: =AVERAGE(M124:M139) -> 2944.8437 | N140: =M140/L140 -> 736.21093 | O140: =L140-I140 -> 0 | P140: =N140-K140 -> -88.789066 | Q140: =N140/K140 -> 0.89237689 | S140: =S124 -> 0.70833333 | T140: =INDEX(T124:T139,COUNTA(T124:T139)) -> 0.90364583 | AA140: =M140-J140 -> -355.15626 | AB140: =M140/J140 -> 0.89237689
A141: GKK3600型 飯糰機 (二配) | B141: 18℃-飯糰 | C141: 二配經典肉鬆飯糰 | E141: 14.03 | F141: 1355 | G141: =E141*F141 -> 19010.65 | H141: 2 | I141: 3 | J141: 3000 | K141: =J141/I141 -> 1000 | L141: 3 | M141: =F141/V141*60 -> 2683.1683 | N141: =M141/L141 -> 894.38944 | O141: =L141-I141 -> 0 | P141: =N141-K141 -> -105.61056 | Q141: =N141/K141 -> 0.89438944 | R141: =Q157 -> 0.88629705 | S141: 0.70833333 | T141: 0.729375 | V141: 30.3 | AA141: =M141-J141 -> -316.83168 | AB141: =M141/J141 -> 0.89438944 | AC141: =AB157 -> 0.88629705
B142: 18℃-飯糰 | C142: 二配芝麻香鬆飯糰 | E142: 18.18 | F142: 1962 | G142: =E142*F142 -> 35669.16 | I142: 4 | J142: 3000 | K142: =J142/I142 -> 750 | L142: 4 | M142: =F142/V142*60 -> 2686.6489 | N142: =M142/L142 -> 671.66223 | O142: =L142-I142 -> 0 | P142: =N142-K142 -> -78.337771 | Q142: =N142/K142 -> 0.89554964 | S142: 0.73971065 | T142: 0.77013889 | U142: 14.883333 | V142: 43.816667 | AA142: =M142-J142 -> -313.35108 | AB142: =M142/J142 -> 0.89554964
B143: 18℃-飯糰 | C143: 二配鮪魚飯糰 | E143: 14.28 | F143: 5532 | G143: =E143*F143 -> 78996.96 | H143: 2 | I143: 3 | J143: 3600 | K143: =J143/I143 -> 1200 | L143: 3 | M143: =F143/V143*60 -> 3115.1572 | N143: =M143/L143 -> 1038.3857 | O143: =L143-I143 -> 0 | P143: =N143-K143 -> -161.61427 | Q143: =N143/K143 -> 0.86532145 | S143: 0.78086806 | T143: 0.85486111 | U143: 15.45 | V143: 106.55 | W143: 0.85486111 | X143: 0.90833333 | AA143: =M143-J143 -> -484.8428 | AB143: =M143/J143 -> 0.86532145
B144: 18℃-飯糰 | C144: 二配經典肉鬆飯糰 | E144: 14.03 | F144: 6808 | G144: =E144*F144 -> 95516.24 | I144: 3 | J144: 3000 | K144: =J144/I144 -> 1000 | L144: 3 | M144: =F144/V144*60 -> 2682.3684 | N144: =M144/L144 -> 894.1228 | O144: =L144-I144 -> 0 | P144: =N144-K144 -> -105.8772 | Q144: =N144/K144 -> 0.8941228 | S144: 0.90833333 | T144: 1.0140856 | U144: 77 | V144: 152.28333 | AA144: =M144-J144 -> -317.63161 | AB144: =M144/J144 -> 0.8941228
B157: 平均 | I157: =AVERAGE(I141:I156) -> 3.25 | J157: =AVERAGE(J141:J156) -> 3150 | K157: =J157/I157 -> 969.23077 | L157: =AVERAGE(L141:L156) -> 3.25 | M157: =AVERAGE(M141:M156) -> 2791.8357 | N157: =M157/L157 -> 859.02637 | O157: =L157-I157 -> 0 | P157: =N157-K157 -> -110.2044 | Q157: =N157/K157 -> 0.88629705 | S157: =S141 -> 0.70833333 | T157: =INDEX(T141:T156,COUNTA(T141:T156)) -> 1.0140856 | AA157: =M157-J157 -> -358.16429 | AB157: =M157/J157 -> 0.88629705
A158: GKK3600型 飯糰機2 (二配) | B158: 18℃-飯糰 | C158: 二配明太子龍蝦風味沙拉飯糰 | E158: 18.18 | F158: 1096 | G158: =E158*F158 -> 19925.28 | H158: 2 | I158: 3 | J158: 3600 | K158: =J158/I158 -> 1200 | L158: 3 | M158: =F158/V158*60 -> 3116.5877 | N158: =M158/L158 -> 1038.8626 | O158: =L158-I158 -> 0 | P158: =N158-K158 -> -161.13744 | Q158: =N158/K158 -> 0.8657188 | R158: =Q174 -> 0.87177559 | S158: 0.70833333 | T158: 0.72298611 | V158: 21.1 | AA158: =M158-J158 -> -483.41232 | AB158: =M158/J158 -> 0.8657188 | AC158: =AB174 -> 0.87177559
B159: 18℃-飯糰 | C159: 二配蔬食鮪魚飯糰 | E159: 18.18 | F159: 1447 | G159: =E159*F159 -> 26306.46 | I159: 3 | J159: 3600 | K159: =J159/I159 -> 1200 | L159: 3 | M159: =F159/V159*60 -> 3117.4147 | N159: =M159/L159 -> 1039.1382 | O159: =L159-I159 -> 0 | P159: =N159-K159 -> -160.86176 | Q159: =N159/K159 -> 0.86594853 | S159: 0.7334375 | T159: 0.75277778 | U159: 15.05 | V159: 27.85 | AA159: =M159-J159 -> -482.58528 | AB159: =M159/J159 -> 0.86594853
B160: 18℃-飯糰 | C160: 二配北海道秋鮭親子飯糰 | E160: 24.82 | F160: 2974 | G160: =E160*F160 -> 73814.68 | I160: 4 | J160: 3300 | K160: =J160/I160 -> 825 | L160: 4 | M160: =F160/V160*60 -> 2922.0524 | N160: =M160/L160 -> 730.5131 | O160: =L160-I160 -> 0 | P160: =N160-K160 -> -94.4869 | Q160: =N160/K160 -> 0.88547042 | S160: 0.76319444 | T160: 0.80560185 | U160: 15 | V160: 61.066667 | AA160: =M160-J160 -> -377.9476 | AB160: =M160/J160 -> 0.88547042
B161: 18℃-飯糰 | C161: 二配熟成紅鮭飯糰 | E161: 25.03 | F161: 2397 | G161: =E161*F161 -> 59996.91 | I161: 4 | J161: 3300 | K161: =J161/I161 -> 825 | L161: 4 | M161: =F161/V161*60 -> 2919.2152 | N161: =M161/L161 -> 729.80379 | O161: =L161-I161 -> 0 | P161: =N161-K161 -> -95.196211 | Q161: =N161/K161 -> 0.88461065 | S161: 0.81597222 | T161: 0.85018519 | U161: 14.933333 | V161: 49.266667 | W161: 0.85018519 | X161: 0.90416667 | AA161: =M161-J161 -> -380.78484 | AB161: =M161/J161 -> 0.88461065
B162: 18℃-飯糰 | C162: 二配明太子龍蝦風味沙拉飯糰 | E162: 18.18 | F162: 2757 | G162: =E162*F162 -> 50122.26 | I162: 3 | J162: 3600 | K162: =J162/I162 -> 1200 | L162: 3 | M162: =F162/V162*60 -> 3117.2111 | N162: =M162/L162 -> 1039.0704 | O162: =L162-I162 -> 0 | P162: =N162-K162 -> -160.92965 | Q162: =N162/K162 -> 0.86589196 | S162: 0.90416667 | T162: 0.94101852 | U162: 77.733333 | V162: 53.066667 | AA162: =M162-J162 -> -482.78894 | AB162: =M162/J162 -> 0.86589196
B163: 18℃-飯糰 | C163: 二配鮪魚飯糰 | E163: 14.28 | F163: 4558 | G163: =E163*F163 -> 65088.24 | I163: 3 | J163: 3600 | K163: =J163/I163 -> 1200 | L163: 3 | M163: =F163/V163*60 -> 3114.8064 | N163: =M163/L163 -> 1038.2688 | O163: =L163-I163 -> 0 | P163: =N163-K163 -> -161.73121 | Q163: =N163/K163 -> 0.86522399 | S163: 0.95152778 | T163: 1.0125 | U163: 15.133333 | V163: 87.8 | AA163: =M163-J163 -> -485.19362 | AB163: =M163/J163 -> 0.86522399
B174: 平均 | I174: =AVERAGE(I158:I173) -> 3.3333333 | J174: =AVERAGE(J158:J173) -> 3500 | K174: =J174/I174 -> 1050 | L174: =AVERAGE(L158:L173) -> 3.3333333 | M174: =AVERAGE(M158:M173) -> 3051.2146 | N174: =M174/L174 -> 915.36437 | O174: =L174-I174 -> 0 | P174: =N174-K174 -> -134.63563 | Q174: =N174/K174 -> 0.87177559 | S174: =S158 -> 0.70833333 | T174: =INDEX(T158:T173,COUNTA(T158:T173)) -> 1.0125 | AA174: =M174-J174 -> -448.78543 | AB174: =M174/J174 -> 0.87177559
Y176: 原因回覆
Y177: 1.當日出勤人數較多
Y178: 2.當日出勤人數較少
Y179: 3.當日出勤熟手較多
Y180: 4.當日出勤新人較多
Y181: 5.機台夾盒
Y182: 6.封膜不順
Y183: 7.更換膠膜
Y184: 8.更換碳帶
Y185: 9.當日熱轉印碳帶異常
Y186: 10.訂單量過少
Y187: 11.新品上市，尚未熟悉
Y188: 12.活動期間品項需貼標

Sheet 1228(4度C)
A1: 大溪廠日報分析 | C1: 總生產量 | D1: =SUM(F5:F123) -> 62353 | E1: 營業額 | F1: =SUM(G5:G123) -> 3362389.3 | G1: 出勤人數 | H1: =L21+L38+L55+L72+L89+L106+L123 -> 132.58333 | I1: 產線配置圖 | L1: 生產實績 | O1: 人時性差異分析 | S1: 日報登錄 | Y1: 合計次數 | Z1: 合計(時間/分) | AA1: 產線異常 分析說明(5分鐘以上) | AC1: 合計次數 | AD1: 合計(時間/分) | AE1: 短暫停線 分析說明(5分鐘以下) | AG1: 短暫停線 分析說明(5分鐘以下) | AI1: 產能差異分析
A2: 46019 | C2: 人時性 | D2: =AVERAGE(N21,N38,N55,N72,N89,N106,N123) -> 150.61401 | E2: 平均廠價 | F2: =F1/D1 -> 53.925061 | G2: 多次生產數 | H2: =COUNT(H5:H123) -> 0 | Y2: =SUM(Y21+Y38+Y55+Y72+Y89+Y106) -> 0 | Z2: =SUM(Z21+Z38+Z55+Z72+Z89+Z106) -> 0 | AC2: =SUM(AC21+AC38+AC55+AC72+AC89+AC106) -> 0 | AD2: =SUM(AD21+AD38+AD55+AD72+AD89+AD106) -> 0
A3: 線別 | B3: 品類 | C3: 品名 | E3: 廠價 | F3: 生產量 | G3: 營收 | H3: 多次 生產 | I3: 人數 | J3: 產能/時 | K3: 人時性 | L3: 人數 | M3: 產能/時 | N3: 人時性 | O3: 人數 | P3: 人時性 | Q3: 達成率 | R3: 達成率 平均 | S3: 生產時間 | U3: 換線、休息/分 | V3: 稼動時間/分 | W3: 休息時間 | Y3: 產線異常統計 | AA3: (屏榮回填) | AC3: 短暫停線統計 | AE3: (屏榮回填) | AG3: (屏榮回填) | AI3: 產能/時 | AJ3: 達成率 | AK3: 達成率平均
S4: 開始 | T4: 結束 | W4: 開始 | X4: 結束 | Y4: 次數 | Z4: 時間/分 | AC4: 總次數 | AD4: 設備因素(次數)
A5: 便當二線 | B5: 微波主食 | C5: 糖燻野郎三十天熟成牛飯 | E5: 56.77 | F5: 4078 | G5: =E5*F5 -> 231508.06 | I5: 25 | J5: 2000 | K5: =J5/I5 -> 80 | L5: 25 | M5: =F5/V5*60 -> 1776.2613 | N5: =M5/L5 -> 71.050454 | O5: =L5-I5 -> 0 | P5: =N5-K5 -> -8.9495463 | Q5: =N5/K5 -> 0.88813067 | R5: =Q21 -> 0.88810028 | S5: 0.25017361 | T5: 0.34583333 | V5: 137.75 | AI5: =M5-J5 -> -223.73866 | AJ5: =M5/J5 -> 0.88813067 | AK5: =AJ21 -> 0.88810028
B6: 4℃-飯糰 | C6: 韓素燒若飯糰 | E6: 24.07 | F6: 1324 | G6: =E6*F6 -> 31868.68 | I6: 20 | J6: 2600 | K6: =J6/I6 -> 130 | L6: 20 | M6: =F6/V6*60 -> 2305.9507 | N6: =M6/L6 -> 115.29753 | O6: =L6-I6 -> 0 | P6: =N6-K6 -> -14.702467 | Q6: =N6/K6 -> 0.8869041 | S6: 0.34930556 | T6: 0.37322917 | U6: 5 | V6: 34.45 | AI6: =M6-J6 -> -294.04935 | AJ6: =M6/J6 -> 0.8869041
B7: 4℃-飯糰 | C7: 麻油雞飯糰 | E7: 29.97 | F7: 2738 | G7: =E7*F7 -> 82057.86 | I7: 20 | J7: 2600 | K7: =J7/I7 -> 130 | L7: 20 | M7: =F7/V7*60 -> 2306.7634 | N7: =M7/L7 -> 115.33817 | O7: =L7-I7 -> 0 | P7: =N7-K7 -> -14.66183 | Q7: =N7/K7 -> 0.88721669 | S7: 0.37638889 | T7: 0.42584491 | U7: 4.55 | V7: 71.216667 | AI7: =M7-J7 -> -293.2366 | AJ7: =M7/J7 -> 0.88721669
B8: 便當 | C8: 嫩烤香料雞胸排蔬滿盒 | E8: 77.34 | F8: 2685 | G8: =E8*F8 -> 207657.9 | I8: 25 | J8: 2000 | K8: =J8/I8 -> 80 | L8: 25 | M8: =F8/V8*60 -> 1776.1852 | N8: =M8/L8 -> 71.047409 | O8: =L8-I8 -> 0 | P8: =N8-K8 -> -8.952591 | Q8: =N8/K8 -> 0.88809261 | S8: 0.429375 | T8: 0.49236111 | U8: 5.0833333 | V8: 90.7 | W8: 0.49236111 | X8: 0.53263889 | AI8: =M8-J8 -> -223.81477 | AJ8: =M8/J8 -> 0.88809261
B9: 便當 | C9: 健身G肉餐盒 | E9: 59.52 | F9: 5701 | G9: =E9*F9 -> 339323.52 | I9: 25 | J9: 2000 | K9: =J9/I9 -> 80 | L9: 25 | M9: =F9/V9*60 -> 1781.5625 | N9: =M9/L9 -> 71.2625 | O9: =L9-I9 -> 0 | P9: =N9-K9 -> -8.7375 | Q9: =N9/K9 -> 0.89078125 | S9: 0.53263889 | T9: 0.66597222 | U9: 58 | V9: 192 | AI9: =M9-J9 -> -218.4375 | AJ9: =M9/J9 -> 0.89078125
B21: 平均 | I21: =AVERAGE(I5:I20) -> 23 | J21: =AVERAGE(J5:J20) -> 2240 | K21: =J21/I21 -> 97.391304 | L21: =AVERAGE(L5:L20) -> 23 | M21: =AVERAGE(M5:M20) -> 1989.3446 | N21: =M21/L21 -> 86.493245 | O21: =L21-I21 -> 0 | P21: =N21-K21 -> -10.89806 | Q21: =N21/K21 -> 0.88810028 | S21: =S5 -> 0.25017361 | T21: =INDEX(T5:T20,COUNTA(T5:T20)) -> 0.66597222 | Y21: =SUM(Y5:Y20) -> 0 | Z21: =SUM(Z5:Z20) -> 0 | AC21: =SUM(AC5:AC20) -> 0 | AD21: =SUM(AD5:AD20) -> 0 | AI21: =M21-J21 -> -250.65538 | AJ21: =M21/J21 -> 0.88810028
A22: 涼麵一線 | B22: 微波小吃 | C22: 日式茶碗蒸 | E22: 19.7 | F22: 3141 | G22: =E22*F22 -> 61877.7 | I22: 13 | J22: 1200 | K22: =J22/I22 -> 92.307692 | L22: 13 | M22: =F22/V22*60 -> 1077.4273 | N22: =M22/L22 -> 82.879027 | O22: =L22-I22 -> 0 | P22: =N22-K22 -> -9.4286657 | Q22: =N22/K22 -> 0.89785612 | R22: =Q38 -> 0.88746983 | S22: 0.2083912 | T22: 0.32986111 | V22: 174.91667 | AI22: =M22-J22 -> -122.57265 | AJ22: =M22/J22 -> 0.89785612 | AK22: =AJ38 -> 0.88746983
B23: 便當 | C23: 經典滷肉飯 | E23: 47.37 | F23: 1717 | G23: =E23*F23 -> 81334.29 | I23: 21 | J23: 2000 | K23: =J23/I23 -> 95.238095 | L23: 21 | M23: =F23/V23*60 -> 1772.133 | N23: =M23/L23 -> 84.387287 | O23: =L23-I23 -> 0 | P23: =N23-K23 -> -10.850808 | Q23: =N23/K23 -> 0.88606651 | S23: 0.33333333 | T23: 0.3737037 | U23: 5 | V23: 58.133333 | AI23: =M23-J23 -> -227.86697 | AJ23: =M23/J23 -> 0.88606651
B24: 便當 | C24: 香腸腿排雙拼便當 | E24: 53.76 | F24: 3964 | G24: =E24*F24 -> 213104.64 | I24: 20 | J24: 2000 | K24: =J24/I24 -> 100 | L24: 20 | M24: =F24/V24*60 -> 1771.4002 | N24: =M24/L24 -> 88.57001 | O24: =L24-I24 -> 0 | P24: =N24-K24 -> -11.42999 | Q24: =N24/K24 -> 0.8857001 | S24: 0.37708333 | T24: 0.47032407 | U24: 4.8666667 | V24: 134.26667 | AI24: =M24-J24 -> -228.5998 | AJ24: =M24/J24 -> 0.8857001
B25: 便當 | C25: 香烤藍尾鱈魚五行餐盒 | E25: 64.97 | F25: 1089 | G25: =E25*F25 -> 70752.33 | I25: 20 | J25: 2000 | K25: =J25/I25 -> 100 | L25: 20 | M25: =F25/V25*60 -> 1771.5319 | N25: =M25/L25 -> 88.576593 | O25: =L25-I25 -> 0 | P25: =N25-K25 -> -11.423407 | Q25: =N25/K25 -> 0.88576593 | S25: 0.47369213 | T25: 0.49930556 | U25: 4.85 | V25: 36.883333 | W25: 0.49930556 | X25: 0.53990741 | AI25: =M25-J25 -> -228.46814 | AJ25: =M25/J25 -> 0.88576593
B26: 熱食義麵 | C26: 明太子雞叉燒拌麵 | E26: 57.3 | F26: 1404 | G26: =E26*F26 -> 80449.2 | I26: 21 | J26: 2000 | K26: =J26/I26 -> 95.238095 | L26: 21 | M26: =F26/V26*60 -> 1772.23 | N26: =M26/L26 -> 84.391905 | O26: =L26-I26 -> 0 | P26: =N26-K26 -> -10.84619 | Q26: =N26/K26 -> 0.88611501 | S26: 0.53990741 | T26: 0.57291667 | U26: 58.466667 | V26: 47.533333 | AI26: =M26-J26 -> -227.76999 | AJ26: =M26/J26 -> 0.88611501
B38: 平均 | I38: =AVERAGE(I22:I37) -> 19 | J38: =AVERAGE(J22:J37) -> 1840 | K38: =J38/I38 -> 96.842105 | L38: =AVERAGE(L22:L37) -> 19 | M38: =AVERAGE(M22:M37) -> 1632.9445 | N38: =M38/L38 -> 85.944447 | O38: =L38-I38 -> 0 | P38: =N38-K38 -> -10.897658 | Q38: =N38/K38 -> 0.88746983 | S38: =S22 -> 0.2083912 | T38: =INDEX(T22:T37,COUNTA(T22:T37)) -> 0.57291667 | Y38: =SUM(Y22:Y37) -> 0 | Z38: =SUM(Z22:Z37) -> 0 | AC38: =SUM(AC22:AC37) -> 0 | AD38: =SUM(AD22:AD37) -> 0 | AI38: =M38-J38 -> -207.05551 | AJ38: =M38/J38 -> 0.88746983
A39: 涼麵二線 | B39: 便當 | C39: 美式雞丁餐盒 | E39: 59.34 | F39: 1827 | G39: =E39*F39 -> 108414.18 | I39: 24 | J39: 2000 | K39: =J39/I39 -> 83.333333 | L39: 24 | M39: =F39/V39*60 -> 1771.875 | N39: =M39/L39 -> 73.828125 | O39: =L39-I39 -> 0 | P39: =N39-K39 -> -9.5052083 | Q39: =N39/K39 -> 0.8859375 | R39: =Q55 -> 0.88629928 | S39: 0.25009259 | T39: 0.29305556 | V39: 61.866667 | AI39: =M39-J39 -> -228.125 | AJ39: =M39/J39 -> 0.8859375 | AK39: =AJ55 -> 0.88629928
B40: 便當 | C40: 烤蛋白餐盒 | E40: 58.67 | F40: 4167 | G40: =E40*F40 -> 244477.89 | I40: 23 | J40: 2000 | K40: =J40/I40 -> 86.956522 | L40: 23 | M40: =F40/V40*60 -> 1776.1307 | N40: =M40/L40 -> 77.223074 | O40: =L40-I40 -> 0 | P40: =N40-K40 -> -9.7334473 | Q40: =N40/K40 -> 0.88806536 | S40: 0.29668981 | T40: 0.39444444 | U40: 5.2333333 | V40: 140.76667 | AI40: =M40-J40 -> -223.86929 | AJ40: =M40/J40 -> 0.88806536
B41: 便當 | C41: 蔬活腿排補力餐盒 | E41: 71.55 | F41: 2646 | G41: =E41*F41 -> 189321.3 | I41: 22 | J41: 2000 | K41: =J41/I41 -> 90.909091 | L41: 22 | M41: =F41/V41*60 -> 1772.5344 | N41: =M41/L41 -> 80.569747 | O41: =L41-I41 -> 0 | P41: =N41-K41 -> -10.339344 | Q41: =N41/K41 -> 0.88626721 | S41: 0.39821759 | T41: 0.46041667 | U41: 5.4333333 | V41: 89.566667 | W41: 0.46041667 | X41: 0.49930556 | AI41: =M41-J41 -> -227.46557 | AJ41: =M41/J41 -> 0.88626721
B42: 便當 | C42: 海陸雙拼肉肉餐盒 | E42: 59.54 | F42: 3640 | G42: =E42*F42 -> 216725.6 | I42: 23 | J42: 2000 | K42: =J42/I42 -> 86.956522 | L42: 23 | M42: =F42/V42*60 -> 1769.8541 | N42: =M42/L42 -> 76.95018 | O42: =L42-I42 -> 0 | P42: =N42-K42 -> -10.006342 | Q42: =N42/K42 -> 0.88492707 | S42: 0.49930556 | T42: 0.585 | U42: 56 | V42: 123.4 | AI42: =M42-J42 -> -230.14587 | AJ42: =M42/J42 -> 0.88492707
B55: 平均 | I55: =AVERAGE(I39:I54) -> 23 | J55: =AVERAGE(J39:J54) -> 2000 | K55: =J55/I55 -> 86.956522 | L55: =AVERAGE(L39:L54) -> 23 | M55: =AVERAGE(M39:M54) -> 1772.5986 | N55: =M55/L55 -> 77.069503 | O55: =L55-I55 -> 0 | P55: =N55-K55 -> -9.8870188 | Q55: =N55/K55 -> 0.88629928 | S55: =S39 -> 0.25009259 | T55: =INDEX(T39:T54,COUNTA(T39:T54)) -> 0.585 | Y55: =SUM(Y39:Y54) -> 0 | Z55: =SUM(Z39:Z54) -> 0 | AC55: =SUM(AC39:AC54) -> 0 | AD55: =SUM(AD39:AD54) -> 0 | AI55: =M55-J55 -> -227.40143 | AJ55: =M55/J55 -> 0.88629928
A56: 涼麵三線 | B56: 熱食義麵 | C56: 焗烤蕃茄起司四方麵 | E56: 57.3 | F56: 2780 | G56: =E56*F56 -> 159294 | I56: 22 | J56: 1800 | K56: =J56/I56 -> 81.818182 | L56: 22 | M56: =F56/V56*60 -> 1595.1546 | N56: =M56/L56 -> 72.507028 | O56: =L56-I56 -> 0 | P56: =N56-K56 -> -9.3111543 | Q56: =N56/K56 -> 0.886197 | R56: =Q72 -> 0.88579891 | S56: 0.29196759 | T56: 0.36458333 | V56: 104.56667 | AI56: =M56-J56 -> -204.84539 | AJ56: =M56/J56 -> 0.886197 | AK56: =AJ72 -> 0.88579891
B57: 季節調理麵 | C57: 東京豚骨風味拉麵 | E57: 71.84 | F57: 881 | G57: =E57*F57 -> 63291.04 | I57: 19 | J57: 1800 | K57: =J57/I57 -> 94.736842 | L57: 19 | M57: =F57/V57*60 -> 1597.7834 | N57: =M57/L57 -> 84.093862 | O57: =L57-I57 -> 0 | P57: =N57-K57 -> -10.64298 | Q57: =N57/K57 -> 0.88765743 | S57: 0.36805556 | T57: 0.39103009 | U57: 5 | V57: 33.083333 | AI57: =M57-J57 -> -202.21662 | AJ57: =M57/J57 -> 0.88765743
B58: 季節調理麵 | C58: 醬油叉燒拉麵 | E58: 72.4 | F58: 615 | G58: =E58*F58 -> 44526 | I58: 18 | J58: 1800 | K58: =J58/I58 -> 100 | L58: 18 | M58: =F58/V58*60 -> 1598.556 | N58: =M58/L58 -> 88.808664 | O58: =L58-I58 -> 0 | P58: =N58-K58 -> -11.191336 | Q58: =N58/K58 -> 0.88808664 | S58: 0.39444444 | T58: 0.41047454 | U58: 4.9166667 | V58: 23.083333 | AI58: =M58-J58 -> -201.44404 | AJ58: =M58/J58 -> 0.88808664
B59: 季節調理麵 | C59: 和風匠製胡麻涼麵 | E59: 32.06 | F59: 383 | G59: =E59*F59 -> 12278.98 | I59: 19 | J59: 3600 | K59: =J59/I59 -> 189.47368 | L59: 19 | M59: =F59/V59*60 -> 3176.9585 | N59: =M59/L59 -> 167.20834 | O59: =L59-I59 -> 0 | P59: =N59-K59 -> -22.265341 | Q59: =N59/K59 -> 0.88248848 | S59: 0.41388889 | T59: 0.41891204 | U59: 4.9166667 | V59: 7.2333333 | AI59: =M59-J59 -> -423.04147 | AJ59: =M59/J59 -> 0.88248848
B60: 微波小吃 | C60: 日式壽喜燒 | E60: 57.73 | F60: 918 | G60: =E60*F60 -> 52996.14 | I60: 22 | J60: 1800 | K60: =J60/I60 -> 81.818182 | L60: 22 | M60: =F60/V60*60 -> 1594.9807 | N60: =M60/L60 -> 72.499122 | O60: =L60-I60 -> 0 | P60: =N60-K60 -> -9.3190593 | Q60: =N60/K60 -> 0.88610039 | S60: 0.4225463 | T60: 0.44652778 | U60: 5.2333333 | V60: 34.533333 | AI60: =M60-J60 -> -205.01931 | AJ60: =M60/J60 -> 0.88610039
B61: 微波小吃 | C61: 韓式部隊鍋 | E61: 57.73 | F61: 1050 | G61: =E61*F61 -> 60616.5 | I61: 22 | J61: 1800 | K61: =J61/I61 -> 81.818182 | L61: 22 | M61: =F61/V61*60 -> 1597.6331 | N61: =M61/L61 -> 72.619688 | O61: =L61-I61 -> 0 | P61: =N61-K61 -> -9.1984938 | Q61: =N61/K61 -> 0.88757396 | S61: 0.45069444 | T61: 0.4780787 | U61: 6 | V61: 39.433333 | AI61: =M61-J61 -> -202.36686 | AJ61: =M61/J61 -> 0.88757396
B72: 平均 | I72: =AVERAGE(I56:I71) -> 20.333333 | J72: =AVERAGE(J56:J71) -> 2100 | K72: =J72/I72 -> 103.27869 | L72: =AVERAGE(L56:L71) -> 20.333333 | M72: =AVERAGE(M56:M71) -> 1860.1777 | N72: =M72/L72 -> 91.48415 | O72: =L72-I72 -> 0 | P72: =N72-K72 -> -11.794539 | Q72: =N72/K72 -> 0.88579891 | S72: =S56 -> 0.29196759 | T72: =INDEX(T56:T71,COUNTA(T56:T71)) -> 0.4780787 | Y72: =SUM(Y56:Y71) -> 0 | Z72: =SUM(Z56:Z71) -> 0 | AC72: =SUM(AC56:AC71) -> 0 | AD72: =SUM(AD56:AD71) -> 0 | AI72: =M72-J72 -> -239.82228 | AJ72: =M72/J72 -> 0.88579891
A73: 自動包裝機 | B73: 4℃-飯糰 | C73: 和風牛肉咖哩炸飯糰 | E73: 21.74 | F73: 1146 | G73: =E73*F73 -> 24914.04 | I73: 6 | J73: 3600 | K73: =J73/I73 -> 600 | L73: 6 | M73: =F73/V73*60 -> 3258.7678 | N73: =M73/L73 -> 543.12796 | O73: =L73-I73 -> 0 | P73: =N73-K73 -> -56.872038 | Q73: =N73/K73 -> 0.90521327 | R73: =Q89 -> 0.90521327 | S73: 0.31875 | T73: 0.33340278 | V73: 21.1 | AI73: =M73-J73 -> -341.23223 | AJ73: =M73/J73 -> 0.90521327 | AK73: =AJ89 -> 0.90521327
B89: 平均 | I89: =AVERAGE(I73:I88) -> 6 | J89: =AVERAGE(J73:J88) -> 3600 | K89: =J89/I89 -> 600 | L89: =AVERAGE(L73:L88) -> 6 | M89: =AVERAGE(M73:M88) -> 3258.7678 | N89: =M89/L89 -> 543.12796 | O89: =L89-I89 -> 0 | P89: =N89-K89 -> -56.872038 | Q89: =N89/K89 -> 0.90521327 | S89: =S73 -> 0.31875 | T89: =INDEX(T73:T88,COUNTA(T73:T88)) -> 0.33340278 | Y89: =SUM(Y73:Y88) -> 0 | Z89: =SUM(Z73:Z88) -> 0 | AC89: =SUM(AC73:AC88) -> 0 | AD89: =SUM(AD73:AD88) -> 0 | AI89: =M89-J89 -> -341.23223 | AJ89: =M89/J89 -> 0.90521327
A90: 便當二線 (二配) | B90: 微波主食 | C90: 二配鐵板蘑菇肉醬起司焗飯 | E90: 44.3 | F90: 897 | G90: =E90*F90 -> 39737.1 | I90: 17 | J90: 2000 | K90: =J90/I90 -> 117.64706 | L90: 17 | M90: =F90/V90*60 -> 1772.3381 | N90: =M90/L90 -> 104.25518 | O90: =L90-I90 -> 0 | P90: =N90-K90 -> -13.391877 | Q90: =N90/K90 -> 0.88616905 | R90: =Q106 -> 0.88546988 | S90: 0.70833333 | T90: 0.7294213 | V90: 30.366667 | AI90: =M90-J90 -> -227.66191 | AJ90: =M90/J90 -> 0.88616905 | AK90: =AJ106 -> 0.88546988
B91: 微波主食 | C91: 二配蒙古風味烤肉飯 | E91: 58.17 | F91: 3063 | G91: =E91*F91 -> 178174.71 | I91: 19 | J91: 1800 | K91: =J91/I91 -> 94.736842 | L91: 19 | M91: =F91/V91*60 -> 1596.9298 | N91: =M91/L91 -> 84.048935 | O91: =L91-I91 -> 0 | P91: =N91-K91 -> -10.687907 | Q91: =N91/K91 -> 0.8871832 | S91: 0.73333333 | T91: 0.81325231 | U91: 5.6333333 | V91: 115.08333 | AI91: =M91-J91 -> -203.07024 | AJ91: =M91/J91 -> 0.8871832
B92: 微波主食 | C92: 二配乳酪燻腸紅醬焗飯 | E92: 50.67 | F92: 748 | G92: =E92*F92 -> 37901.16 | I92: 20 | J92: 2000 | K92: =J92/I92 -> 100 | L92: 20 | M92: =F92/V92*60 -> 1768.0893 | N92: =M92/L92 -> 88.404465 | O92: =L92-I92 -> 0 | P92: =N92-K92 -> -11.595535 | Q92: =N92/K92 -> 0.88404465 | S92: 0.81666667 | T92: 0.83429398 | U92: 4.9166667 | V92: 25.383333 | AI92: =M92-J92 -> -231.9107 | AJ92: =M92/J92 -> 0.88404465
B93: 微波主食 | C93: 二配西班牙風味海鮮燉飯 | E93: 57.3 | F93: 1470 | G93: =E93*F93 -> 84231 | I93: 21 | J93: 2000 | K93: =J93/I93 -> 95.238095 | L93: 21 | M93: =F93/V93*60 -> 1769.3079 | N93: =M93/L93 -> 84.252758 | O93: =L93-I93 -> 0 | P93: =N93-K93 -> -10.985337 | Q93: =N93/K93 -> 0.88465396 | S93: 0.83760417 | T93: 0.87222222 | U93: 4.7666667 | V93: 49.85 | AI93: =M93-J93 -> -230.69208 | AJ93: =M93/J93 -> 0.88465396
B106: 平均 | I106: =AVERAGE(I90:I105) -> 19.25 | J106: =AVERAGE(J90:J105) -> 1950 | K106: =J106/I106 -> 101.2987 | L106: =AVERAGE(L90:L105) -> 19.25 | M106: =AVERAGE(M90:M105) -> 1726.6663 | N106: =M106/L106 -> 89.696949 | O106: =L106-I106 -> 0 | P106: =N106-K106 -> -11.601752 | Q106: =N106/K106 -> 0.88546988 | S106: =S90 -> 0.70833333 | T106: =INDEX(T90:T105,COUNTA(T90:T105)) -> 0.87222222 | Y106: =SUM(Y90:Y105) -> 0 | Z106: =SUM(Z90:Z105) -> 0 | AC106: =SUM(AC90:AC105) -> 0 | AD106: =SUM(AD90:AD105) -> 0 | AI106: =M106-J106 -> -223.33373 | AJ106: =M106/J106 -> 0.88546988
A107: 涼麵一線 (二配) | B107: 微波主食 | C107: 二配里肌豬排可可咖哩歐姆蛋飯 | E107: 56.79 | F107: 1950 | G107: =E107*F107 -> 110740.5 | I107: 23 | J107: 2000 | K107: =J107/I107 -> 86.956522 | L107: 23 | M107: =F107/V107*60 -> 1770.9384 | N107: =M107/L107 -> 76.997324 | O107: =L107-I107 -> 0 | P107: =N107-K107 -> -9.959198 | Q107: =N107/K107 -> 0.88546922 | R107: =Q123 -> 0.88530011 | S107: 0.70833333 | T107: 0.75421296 | V107: 66.066667 | AI107: =M107-J107 -> -229.06155 | AJ107: =M107/J107 -> 0.88546922 | AK107: =AJ123 -> 0.88530011
B108: 微波主食 | C108: 二配黃金雞排蘑菇白醬歐姆蛋飯 | E108: 56.87 | F108: 1472 | G108: =E108*F108 -> 83712.64 | I108: 23 | J108: 2000 | K108: =J108/I108 -> 86.956522 | L108: 23 | M108: =F108/V108*60 -> 1771.7151 | N108: =M108/L108 -> 77.031093 | O108: =L108-I108 -> 0 | P108: =N108-K108 -> -9.9254285 | Q108: =N108/K108 -> 0.88585757 | S108: 0.75774306 | T108: 0.79236111 | U108: 5.0833333 | V108: 49.85 | AI108: =M108-J108 -> -228.28485 | AJ108: =M108/J108 -> 0.88585757
B109: 微波主食 | C109: 二配哞哞培根奶香海陸焗飯 | E109: 47.6 | F109: 1806 | G109: =E109*F109 -> 85965.6 | I109: 23 | J109: 2000 | K109: =J109/I109 -> 86.956522 | L109: 23 | M109: =F109/V109*60 -> 1768.1806 | N109: =M109/L109 -> 76.877417 | O109: =L109-I109 -> 0 | P109: =N109-K109 -> -10.079105 | Q109: =N109/K109 -> 0.88409029 | S109: 0.79583333 | T109: 0.8383912 | U109: 5 | V109: 61.283333 | AI109: =M109-J109 -> -231.81942 | AJ109: =M109/J109 -> 0.88409029
B110: 微波主食 | C110: 二配失控起司薯餅焗飯 | E110: 54.09 | F110: 3053 | G110: =E110*F110 -> 165136.77 | I110: 19 | J110: 2000 | K110: =J110/I110 -> 105.26316 | L110: 19 | M110: =F110/V110*60 -> 1771.5667 | N110: =M110/L110 -> 93.240354 | O110: =L110-I110 -> 0 | P110: =N110-K110 -> -12.022804 | Q110: =N110/K110 -> 0.88578337 | S110: 0.84166667 | T110: 0.91347222 | U110: 4.7166667 | V110: 103.4 | AI110: =M110-J110 -> -228.43327 | AJ110: =M110/J110 -> 0.88578337
B123: 平均 | I123: =AVERAGE(I107:I122) -> 22 | J123: =AVERAGE(J107:J122) -> 2000 | K123: =J123/I123 -> 90.909091 | L123: =AVERAGE(L107:L122) -> 22 | M123: =AVERAGE(M107:M122) -> 1770.6002 | N123: =M123/L123 -> 80.481828 | O123: =L123-I123 -> 0 | P123: =N123-K123 -> -10.427262 | Q123: =N123/K123 -> 0.88530011 | S123: =S107 -> 0.70833333 | T123: =INDEX(T107:T122,COUNTA(T107:T122)) -> 0.91347222 | Y123: =SUM(Y107:Y122) -> 0 | Z123: =SUM(Z107:Z122) -> 0 | AC123: =SUM(AC107:AC122) -> 0 | AD123: =SUM(AD107:AD122) -> 0 | AI123: =M123-J123 -> -229.39977 | AJ123: =M123/J123 -> 0.88530011
AA125: 原因回覆 | AE125: 1.膜料更換。
AA126: 1.當日出勤人數較多 | AE126: 2.半成品更換過慢。
AA127: 2.當日出勤人數較少 | AE127: 3.半成品不足。
AA128: 3.當日出勤熟手較多 | AE128: 4.半成品狀態異常。
AA129: 4.當日出勤新人較多 | AE129: 5.包材異常。
AA130: 5.機台夾盒 | AE130: 6.人員作業不及。
AA131: 6.封膜不順 | AE131: 7.酒精消毒。
AA132: 7.更換膠膜 | AE132: 8.機台設備異常。
AA133: 8.更換碳帶 | AE133: 9.金檢異常。
AA134: 9.當日熱轉印碳帶異常
AA135: 10.訂單量過少
AA136: 11.新品上市，尚未熟悉
AA137: 12.活動期間品項需貼標

Sheet 1227
B1: 屏榮 大溪廠組合室生產人時性分析
B3: 日期 | C3: 114.12.27星期六 | E3: 訂單量 | F3: ='1227(18度C)'!D1+'1227(4度C)'!D1 -> 137114 | H3: 營業額 | I3: ='1227(18度C)'!F1+'1227(4度C)'!F1 -> 4295233.2
B4: 人時性 | C4: 項目 | E4: ➀ | G4: ➁ | I4: ➂ | K4: ④ | M4: ⑤ | O4: 異常停線 | Q4: 短暫停線
C5: 組合室 | E5: 全溫層 | G5: 4度C-各編組展開(一配) | I5: 4度C-各編組展開(二配) | K5: 18度C-各編組展開(一配) | M5: 18度C-各編組展開(二配) | O5: 合計次數 | P5: 時間 | Q5: 合計次數 | R5: 設備次數
C6: 排關平均 | E6: =AVERAGE(D14:O14,D32:X32) -> 497.49376 | F6: =AVERAGE(#REF!,D14:K14) -> #REF! | G6: =AVERAGE(D14:K14) -> 196.89372 | I6: =AVERAGE(L14:O14) -> 96.103896 | K6: =AVERAGE(D32:O32) -> 693.69412 | M6: =AVERAGE(P32:X32) -> 762.44939 | O6: ='[1]1201(4度C)'!Y2 -> 0 | P6: ='[1]1201(4度C)'!Z2 -> 0 | Q6: ='[1]1201(4度C)'!AC2 -> 0 | R6: ='[1]1201(4度C)'!AD2 -> 0
C7: 實績平均 | E7: =AVERAGE(D15:O15,D33:X33) -> 440.03907 | F7: =AVERAGE(#REF!,D15:K15) -> #REF! | G7: =AVERAGE(D15:K15) -> 176.80597 | I7: =AVERAGE(L15:O15) -> 84.928977 | K7: =AVERAGE(D33:O33) -> 612.35935 | M7: =AVERAGE(P33:X33) -> 672.99593
C8: 達成率平均 | E8: =AVERAGE(D16:O16,D34:X34) -> 0.88477262 | F8: =AVERAGE(D16:K16,#REF!) -> #REF! | G8: =AVERAGE(D16:K16) -> 0.89046586 | I8: =AVERAGE(L16:O16) -> 0.88379865 | K8: =AVERAGE(D34:O34) -> 0.88301108 | M8: =AVERAGE(P34:X34) -> 0.8812305
O9: ※現行日本鮮食廠以達成率80%為基本(即為現行KPI)
B11: 溫層 | D11: ➁4度C-各編組展開 | L11: ➂4度C-各編組展開
B12: 編組 | D12: 1 | E12: 2 | F12: 3 | G12: 4 | H12: 5 | I12: 6 | J12: 7 | K12: 8 | L12: 1 | M12: 2 | N12: 3 | O12: 4
D13: 便當一線 | E13: 便當二線 | F13: 涼麵一線 | G13: 涼麵二線 | H13: 涼麵三線 | I13: 自動包裝機 | J13: 自動包裝機2 | K13: 自動包裝機3 | L13: 便當一線 | M13: 便當二線 | N13: 涼麵一線 | O13: 涼麵二線
B14: 人時性 | C14: 排關 | D14: - | E14: 97.391304 | F14: 96.842105 | G14: 86.956522 | H14: 103.27869 | I14: 600 | J14: - | K14: - | L14: - | M14: 101.2987 | N14: 90.909091 | O14: -
C15: 實績 | D15: - | E15: 86.480063 | F15: 85.944937 | G15: 77.069144 | H15: 91.44791 | I15: 543.08779 | J15: - | K15: - | L15: - | M15: 89.381066 | N15: 80.476887 | O15: -
C16: 達成率 | D16: - | E16: =E15/E14 -> 0.88796494 | F16: =F15/F14 -> 0.88747489 | G16: =G15/G14 -> 0.88629516 | H16: =H15/H14 -> 0.88544801 | I16: =I15/I14 -> 0.90514632 | J16: - | K16: - | L16: - | M16: =M15/M14 -> 0.88235155 | N16: =N15/N14 -> 0.88524576 | O16: -
B17: 作業 時間 | C17: 開始 | D17: - | E17: 0.25 | F17: 0.25020833 | G17: 0.29166667 | H17: 0.29194444 | I17: 0.30172454 | J17: - | K17: - | L17: - | M17: 0.70851852 | N17: 0.70833333 | O17: -
C18: 結束 | D18: - | E18: 0.55447917 | F18: 0.55555556 | G18: 0.47638889 | H18: 0.46111111 | I18: 0.31319444 | J18: - | K18: - | L18: - | M18: 0.8481713 | N18: 0.88819444 | O18: -
B19: 產線異常 (5分鐘以上) | C19: 次數
C20: 時間/分
B21: 短暫停線 (5分鐘以下) | C21: 次數
C22: 設備次數
B23: 配置人數 | D23: - | E23: 23 | F23: 19 | G23: 23 | H23: 20.333333 | I23: 6 | J23: - | K23: - | L23: - | M23: 19.25 | N23: 22 | O23: -
B24: 主要應用設備 | D24: L型封口機 | E24: ET-55 | F24: ET-55 | G24: ET-55 | H24: ET-600 | I24: 伺服包裝機 | J24: 伺服包裝機 | K24: 伺服包裝機 | L24: L型封口機 | M24: ET-55 | N24: ET-55 | O24: ET-55
B25: 次要應用設備 | D25: 伺服包裝機 | H25: 伺服包裝機
B26: 備註 | H26: 涼麵+烤飯糰 | I26: 大口飯糰線 | K26: 烤飯糰+手卷
B29: 溫層 | D29: ➃18度C-各編組展開 (一配) | P29: ⑤18度C-各編組展開 (二配)
B30: 編組 | D30: 1 | E30: 2 | F30: 3 | G30: 4 | H30: 5 | I30: 6 | J30: 7 | K30: 8 | L30: 9 | M30: 10 | N30: 11 | O30: 12 | P30: 1 | Q30: 2 | R30: 3 | S30: 4 | T30: 5 | U30: 6 | V30: 7 | W30: 8 | X30: 9
D31: 便當一線 | E31: 涼麵一線 | F31: 涼麵三線 | G31: 自動包裝機 | H31: 自動包裝機2 | I31: 自動包裝機3 | J31: 味付飯糰線B | K31: (舊) 3300型飯糰線 | L31: 3000型飯糰線 | M31: (新) 3300型飯糰機 | N31: GKK3600型 飯糰機 | O31: GKK3600型 飯糰機2 | P31: 自動包裝機 | Q31: 自動包裝機2 | R31: 自動包裝機3 | S31: 味付飯糰線B | T31: (舊) 3300型飯糰線 | U31: 3000型飯糰線 | V31: (新) 3300型飯糰機 | W31: GKK3600型 飯糰機 | X31: GKK3600型 飯糰機2
B32: 人時性 | C32: 排關 | D32: - | E32: - | F32: - | G32: 248.66667 | H32: 433.33333 | I32: - | J32: - | K32: - | L32: - | M32: 776.47059 | N32: 1150 | O32: 860 | P32: 252.63158 | Q32: - | R32: - | S32: - | T32: 715.38462 | U32: - | V32: 825 | W32: 969.23077 | X32: 1050
C33: 實績 | D33: - | E33: - | F33: - | G33: 216.76681 | H33: 386.20675 | I33: - | J33: - | K33: - | L33: - | M33: 693.52249 | N33: 1001.8074 | O33: 763.49327 | P33: 219.2504 | Q33: - | R33: - | S33: - | T33: 635.2544 | U33: - | V33: 736.10933 | W33: 858.94975 | X33: 915.41579
C34: 達成率 | D34: - | E34: - | F34: - | G34: =G33/G32 -> 0.87171638 | H34: =H33/H32 -> 0.89124634 | I34: - | J34: - | K34: - | L34: - | M34: =M33/M32 -> 0.89317291 | N34: =N33/N32 -> 0.87113689 | O34: =O33/O32 -> 0.88778287 | P34: =P33/P32 -> 0.86786618 | Q34: - | R34: - | S34: - | T34: =T33/T32 -> 0.88799002 | U34: - | V34: =V33/V32 -> 0.89225373 | W34: =W33/W32 -> 0.88621799 | X34: =X33/X32 -> 0.87182456
B35: 作業 時間 | C35: 開始 | D35: - | E35: - | F35: - | G35: 0.31736111 | H35: 0.25 | I35: - | J35: - | K35: - | L35: - | M35: 0.29166667 | N35: 0.25 | O35: 0.29166667 | P35: 0.70847222 | Q35: - | R35: - | S35: - | T35: 0.70833333 | U35: - | V35: 0.70847222 | W35: 0.70833333 | X35: 0.70833333
C36: 結束 | D36: - | E36: - | F36: - | G36: 0.47864583 | H36: 0.28060185 | I36: - | J36: - | K36: - | L36: - | M36: 0.41677083 | N36: 0.42996528 | O36: 0.40626157 | P36: 0.80016204 | Q36: - | R36: - | S36: - | T36: 0.87222222 | U36: - | V36: 0.88431713 | W36: 0.98829861 | X36: 0.99166667
B37: 配置人數 | D37: - | E37: - | F37: - | G37: 12.5 | H37: 6 | I37: - | J37: - | K37: - | L37: - | M37: 4.25 | N37: 3 | O37: 3.75 | P37: 14.25 | Q37: - | R37: - | S37: - | T37: 4.3333333 | U37: - | V37: 4 | W37: 3.25 | X37: 3.3333333
B38: 主要應用設備 | D38: 伺服包裝機 | E38: ET-55 | F38: ET-600 | G38: 夾心型 | H38: 伺服包裝機 | I38: 伺服包裝機 | J38: 夾心型 | K38: 3300型 | L38: 3300型 | M38: 3300型 | N38: GKK | O38: GKK | P38: 夾心型 | Q38: 伺服包裝機 | R38: 伺服包裝機 | S38: 夾心型 | T38: 3300型 | U38: 3300型 | V38: 3300型 | W38: GKK | X38: GKK
B39: 次要應用設備
B40: 備註

Sheet 1227(18度C)
A1: 大溪廠日報分析 | C1: 總生產量 | D1: =SUM(F5:F174) -> 89978 | E1: 營業額 | F1: =SUM(G5:G174) -> 1793231.9 | G1: 出勤人數 | H1: =L21+L38+L55+L72+L89+L106+L123+L140+L157+L174 -> 58.666667 | I1: 產線配置圖 | L1: 生產實績 | O1: 人時性差異分析 | S1: 日報登錄 | Y1: 分析說明 | AA1: 產能差異分析
A2: 46018 | C2: 人時性 | D2: =AVERAGE(N21,N38,N55,N72,N89,N106,N123,N140,N157,N174) -> 642.67764 | E2: 平均廠價 | F2: =F1/D1 -> 19.929671 | G2: 多次生產數 | H2: =COUNT(H5:H174) -> 3
A3: 線別 | B3: 品類 | C3: 品名 | E3: 廠價 | F3: 生產量 | G3: 營收 | H3: 多次 生產 | I3: 人數 | J3: 產能/時 | K3: 人時性 | L3: 人數 | M3: 產能/時 | N3: 人時性 | O3: 人數 | P3: 人時性 | Q3: 達成率 | R3: 達成率 平均 | S3: 生產時間 | U3: 換線、休息/分 | V3: 稼動時間/分 | W3: 休息時間 | Y3: (屏榮回填) | AA3: 產能/時 | AB3: 達成率 | AC3: 達成率平均
S4: 開始 | T4: 結束 | W4: 開始 | X4: 結束
A5: 自動包裝機 | B5: 18℃-壽司手卷 | C5: 一配明太子玉子脆卷 | E5: 19.7 | F5: 350 | G5: =E5*F5 -> 6895 | I5: 6 | J5: 2500 | K5: =J5/I5 -> 416.66667 | L5: 6 | M5: =F5/V5*60 -> 2254.025 | N5: =M5/L5 -> 375.67084 | O5: =L5-I5 -> 0 | P5: =N5-K5 -> -40.995826 | Q5: =N5/K5 -> 0.90161002 | R5: =Q21 -> 0.87171638 | S5: 0.31736111 | T5: 0.32383102 | U5: 6 | V5: 9.3166667 | AA5: =M5-J5 -> -245.97496 | AB5: =M5/J5 -> 0.90161002 | AC5: =AB21 -> 0.87171638
B6: 18℃-飯糰 | C6: 一配兩粒飯糰(鮪魚.焦糖鮭魚) | E6: 28.57 | F6: 2035 | G6: =E6*F6 -> 58139.95 | I6: 12 | J6: 3600 | K6: =J6/I6 -> 300 | L6: 12 | M6: =F6/V6*60 -> 3109.5076 | N6: =M6/L6 -> 259.12564 | O6: =L6-I6 -> 0 | P6: =N6-K6 -> -40.874363 | Q6: =N6/K6 -> 0.86375212 | S6: 0.32708333 | T6: 0.35435185 | U6: 4.6833333 | V6: 39.266667 | AA6: =M6-J6 -> -490.49236 | AB6: =M6/J6 -> 0.86375212
B7: 18℃-壽司手卷 | C7: 一配海饌雙手卷 | E7: 29.85 | F7: 1422 | G7: =E7*F7 -> 42446.7 | I7: 17 | J7: 3600 | K7: =J7/I7 -> 211.76471 | L7: 17 | M7: =F7/V7*60 -> 3117.6614 | N7: =M7/L7 -> 183.39185 | O7: =L7-I7 -> 0 | P7: =N7-K7 -> -28.372859 | Q7: =N7/K7 -> 0.86601705 | S7: 0.35763889 | T7: 0.37664352 | U7: 4.7333333 | V7: 27.366667 | AA7: =M7-J7 -> -482.33861 | AB7: =M7/J7 -> 0.86601705
B8: 18℃-壽司手卷 | C8: 一配雙饗雙手卷 | E8: 29.52 | F8: 1351 | G8: =E8*F8 -> 39881.52 | I8: 17 | J8: 3600 | K8: =J8/I8 -> 211.76471 | L8: 17 | M8: =F8/V8*60 -> 3117.6923 | N8: =M8/L8 -> 183.39367 | O8: =L8-I8 -> 0 | P8: =N8-K8 -> -28.371041 | Q8: =N8/K8 -> 0.86602564 | S8: 0.37986111 | T8: 0.39791667 | U8: 4.6333333 | V8: 26 | AA8: =M8-J8 -> -482.30769 | AB8: =M8/J8 -> 0.86602564
B9: 18℃-壽司手卷 | C9: 一配長野稻荷壽司 | E9: 25.64 | F9: 914 | G9: =E9*F9 -> 23434.96 | I9: 11 | J9: 3600 | K9: =J9/I9 -> 327.27273 | L9: 11 | M9: =F9/V9*60 -> 3148.7081 | N9: =M9/L9 -> 286.24619 | O9: =L9-I9 -> 0 | P9: =N9-K9 -> -41.026533 | Q9: =N9/K9 -> 0.87464115 | S9: 0.40138889 | T9: 0.4134838 | U9: 5 | V9: 17.416667 | AA9: =M9-J9 -> -451.29187 | AB9: =M9/J9 -> 0.87464115
B10: 18℃-壽司手卷 | C10: 一配核桃腰果稻荷壽司組 | E10: 30.95 | F10: 2246 | G10: =E10*F10 -> 69513.7 | I10: 12 | J10: 1750 | K10: =J10/I10 -> 145.83333 | L10: 12 | M10: =F10/V10*60 -> 1509.916 | N10: =M10/L10 -> 125.82633 | O10: =L10-I10 -> 0 | P10: =N10-K10 -> -20.007003 | Q10: =N10/K10 -> 0.86280912 | S10: 0.41666667 | T10: 0.47864583 | U10: 4.5833333 | V10: 89.25 | AA10: =M10-J10 -> -240.08403 | AB10: =M10/J10 -> 0.86280912
B21: 平均 | I21: =AVERAGE(I5:I20) -> 12.5 | J21: =AVERAGE(J5:J20) -> 3108.3333 | K21: =J21/I21 -> 248.66667 | L21: =AVERAGE(L5:L20) -> 12.5 | M21: =AVERAGE(M5:M20) -> 2709.5851 | N21: =M21/L21 -> 216.76681 | O21: =L21-I21 -> 0 | P21: =N21-K21 -> -31.89986 | Q21: =N21/K21 -> 0.87171638 | S21: =S5 -> 0.31736111 | T21: =INDEX(T5:T20,COUNTA(T5:T20)) -> 0.47864583 | AA21: =M21-J21 -> -398.74825 | AB21: =M21/J21 -> 0.87171638
A22: 自動包裝機2 | B22: 18℃-壽司手卷 | C22: 一配雙鬆細卷 | E22: 14.03 | F22: 737 | G22: =E22*F22 -> 10340.11 | I22: 6 | J22: 2600 | K22: =J22/I22 -> 433.33333 | L22: 6 | M22: =F22/V22*60 -> 2317.2052 | N22: =M22/L22 -> 386.20087 | O22: =L22-I22 -> 0 | P22: =N22-K22 -> -47.13246 | Q22: =N22/K22 -> 0.89123278 | R22: =Q38 -> 0.89124634 | S22: 0.25 | T22: 0.26325231 | V22: 19.083333 | AA22: =M22-J22 -> -282.79476 | AB22: =M22/J22 -> 0.89123278 | AC22: =AB38 -> 0.89124634
B23: 18℃-壽司手卷 | C23: 一配經典鮪魚沙拉細卷 | E23: 14.49 | F23: 775 | G23: =E23*F23 -> 11229.75 | I23: 6 | J23: 2600 | K23: =J23/I23 -> 433.33333 | L23: 6 | M23: =F23/V23*60 -> 2317.2757 | N23: =M23/L23 -> 386.21262 | O23: =L23-I23 -> 0 | P23: =N23-K23 -> -47.120709 | Q23: =N23/K23 -> 0.8912599 | S23: 0.26666667 | T23: 0.28060185 | U23: 4.9166667 | V23: 20.066667 | AA23: =M23-J23 -> -282.72425 | AB23: =M23/J23 -> 0.8912599
B38: 平均 | I38: =AVERAGE(I22:I37) -> 6 | J38: =AVERAGE(J22:J37) -> 2600 | K38: =J38/I38 -> 433.33333 | L38: =AVERAGE(L22:L37) -> 6 | M38: =AVERAGE(M22:M37) -> 2317.2405 | N38: =M38/L38 -> 386.20675 | O38: =L38-I38 -> 0 | P38: =N38-K38 -> -47.126584 | Q38: =N38/K38 -> 0.89124634 | S38: =S22 -> 0.25 | T38: =INDEX(T22:T37,COUNTA(T22:T37)) -> 0.28060185 | AA38: =M38-J38 -> -282.75951 | AB38: =M38/J38 -> 0.89124634
A39: (新) 3300型飯糰機 | B39: 18℃-飯糰 | C39: 一配照燒雞肉飯糰 | E39: 21.45 | F39: 1434 | G39: =E39*F39 -> 30759.3 | I39: 4 | J39: 3300 | K39: =J39/I39 -> 825 | L39: 4 | M39: =F39/V39*60 -> 2951.6295 | N39: =M39/L39 -> 737.90738 | O39: =L39-I39 -> 0 | P39: =N39-K39 -> -87.092624 | Q39: =N39/K39 -> 0.89443318 | R39: =Q55 -> 0.89317291 | S39: 0.29166667 | T39: 0.31190972 | V39: 29.15 | AA39: =M39-J39 -> -348.3705 | AB39: =M39/J39 -> 0.89443318 | AC39: =AB55 -> 0.89317291
B40: 18℃-飯糰 | C40: 一配壹號醬炙烤牛飯糰 | E40: 22.28 | F40: 899 | G40: =E40*F40 -> 20029.72 | I40: 5 | J40: 3300 | K40: =J40/I40 -> 660 | L40: 5 | M40: =F40/V40*60 -> 2950.2279 | N40: =M40/L40 -> 590.04558 | O40: =L40-I40 -> 0 | P40: =N40-K40 -> -69.954421 | Q40: =N40/K40 -> 0.89400845 | S40: 0.31527778 | T40: 0.32797454 | U40: 4.85 | V40: 18.283333 | AA40: =M40-J40 -> -349.77211 | AB40: =M40/J40 -> 0.89400845
B41: 18℃-飯糰 | C41: 一配鹽蔥燒肉飯糰 | E41: 17.89 | F41: 2201 | G41: =E41*F41 -> 39375.89 | I41: 4 | J41: 3300 | K41: =J41/I41 -> 825 | L41: 4 | M41: =F41/V41*60 -> 2946.6716 | N41: =M41/L41 -> 736.66791 | O41: =L41-I41 -> 0 | P41: =N41-K41 -> -88.332094 | Q41: =N41/K41 -> 0.8929308 | S41: 0.33137731 | T41: 0.3625 | U41: 4.9 | V41: 44.816667 | AA41: =M41-J41 -> -353.32837 | AB41: =M41/J41 -> 0.8929308
B42: 18℃-飯糰 | C42: 一配雞肉飯飯糰 | E42: 16.66 | F42: 3586 | G42: =E42*F42 -> 59742.76 | I42: 4 | J42: 3300 | K42: =J42/I42 -> 825 | L42: 4 | M42: =F42/V42*60 -> 2941.3534 | N42: =M42/L42 -> 735.33835 | O42: =L42-I42 -> 0 | P42: =N42-K42 -> -89.661654 | Q42: =N42/K42 -> 0.89131921 | S42: 0.36597222 | T42: 0.41677083 | U42: 5 | V42: 73.15 | AA42: =M42-J42 -> -358.64662 | AB42: =M42/J42 -> 0.89131921
B55: 平均 | I55: =AVERAGE(I39:I54) -> 4.25 | J55: =AVERAGE(J39:J54) -> 3300 | K55: =J55/I55 -> 776.47059 | L55: =AVERAGE(L39:L54) -> 4.25 | M55: =AVERAGE(M39:M54) -> 2947.4706 | N55: =M55/L55 -> 693.52249 | O55: =L55-I55 -> 0 | P55: =N55-K55 -> -82.948094 | Q55: =N55/K55 -> 0.89317291 | S55: =S39 -> 0.29166667 | T55: =INDEX(T39:T54,COUNTA(T39:T54)) -> 0.41677083 | AA55: =M55-J55 -> -352.5294 | AB55: =M55/J55 -> 0.89317291
A56: GKK3600型 飯糰機 | B56: 18℃-飯糰 | C56: 一配蔬食鮪魚飯糰 | E56: 18.18 | F56: 957 | G56: =E56*F56 -> 17398.26 | I56: 3 | J56: 3600 | K56: =J56/I56 -> 1200 | L56: 3 | M56: =F56/V56*60 -> 3115.009 | N56: =M56/L56 -> 1038.3363 | O56: =L56-I56 -> 0 | P56: =N56-K56 -> -161.66365 | Q56: =N56/K56 -> 0.86528029 | R56: =Q72 -> 0.87113689 | S56: 0.25 | T56: 0.26280093 | V56: 18.433333 | AA56: =M56-J56 -> -484.99096 | AB56: =M56/J56 -> 0.86528029 | AC56: =AB72 -> 0.87113689
B57: 18℃-飯糰 | C57: 一配經典肉鬆飯糰 | E57: 14.03 | F57: 3422 | G57: =E57*F57 -> 48010.66 | I57: 3 | J57: 3000 | K57: =J57/I57 -> 1000 | L57: 3 | M57: =F57/V57*60 -> 2682.7526 | N57: =M57/L57 -> 894.25087 | O57: =L57-I57 -> 0 | P57: =N57-K57 -> -105.74913 | Q57: =N57/K57 -> 0.89425087 | S57: 0.27324074 | T57: 0.32638889 | U57: 15.033333 | V57: 76.533333 | AA57: =M57-J57 -> -317.24739 | AB57: =M57/J57 -> 0.89425087
B58: 18℃-飯糰 | C58: 一配明太子龍蝦風味沙拉飯糰 | E58: 18.18 | F58: 1784 | G58: =E58*F58 -> 32433.12 | I58: 3 | J58: 3600 | K58: =J58/I58 -> 1200 | L58: 3 | M58: =F58/V58*60 -> 3111.6279 | N58: =M58/L58 -> 1037.2093 | O58: =L58-I58 -> 0 | P58: =N58-K58 -> -162.7907 | Q58: =N58/K58 -> 0.86434109 | S58: 0.33680556 | T58: 0.36069444 | U58: 15 | V58: 34.4 | AA58: =M58-J58 -> -488.37209 | AB58: =M58/J58 -> 0.86434109
B59: 18℃-飯糰 | C59: 一配鮪魚飯糰 | E59: 14.28 | F59: 4365 | G59: =E59*F59 -> 62332.2 | I59: 3 | J59: 3600 | K59: =J59/I59 -> 1200 | L59: 3 | M59: =F59/V59*60 -> 3112.2995 | N59: =M59/L59 -> 1037.4332 | O59: =L59-I59 -> 0 | P59: =N59-K59 -> -162.56684 | Q59: =N59/K59 -> 0.86452763 | S59: 0.37152778 | T59: 0.42996528 | U59: 15.6 | V59: 84.15 | AA59: =M59-J59 -> -487.70053 | AB59: =M59/J59 -> 0.86452763
B72: 平均 | I72: =AVERAGE(I56:I71) -> 3 | J72: =AVERAGE(J56:J71) -> 3450 | K72: =J72/I72 -> 1150 | L72: =AVERAGE(L56:L71) -> 3 | M72: =AVERAGE(M56:M71) -> 3005.4223 | N72: =M72/L72 -> 1001.8074 | O72: =L72-I72 -> 0 | P72: =N72-K72 -> -148.19258 | Q72: =N72/K72 -> 0.87113689 | S72: =S56 -> 0.25 | T72: =INDEX(T56:T71,COUNTA(T56:T71)) -> 0.42996528 | AA72: =M72-J72 -> -444.57774 | AB72: =M72/J72 -> 0.87113689
