Workbook

Sheet 0731
B1: 屏榮 大溪廠組合室生產人時性分析
B3: 日期 | C3: 114.07.31星期四 | E3: 訂單量 | F3: ='0731(18度C)'!D1+'0731(4度C)'!D1 -> 221423 | H3: 營業額 | I3: ='0731(18度C)'!F1+'0731(4度C)'!F1 -> 7185631
B4: 人時性 | C4: 項目 | E4: ➀ | G4: ➁ | I4: ➂ | K4: ④ | M4: ⑤
C5: 組合室 | E5: 全溫層 | G5: 4度C-各編組展開(一配) | I5: 4度C-各編組展開(二配) | K5: 18度C-各編組展開(一配) | M5: 18度C-各編組展開(二配)
C6: 排關平均 | E6: =AVERAGE(D13:O13,D27:X27) -> 496.0075 | F6: =AVERAGE(#REF!,D13:K13) -> #REF! | G6: =AVERAGE(D13:K13) -> 176.06474 | I6: =AVERAGE(L13:O13) -> 89.572193 | K6: =AVERAGE(D27:O27) -> 688.59363 | M6: =AVERAGE(P27:X27) -> 747.971
C7: 實績平均 | E7: =AVERAGE(D14:O14,D28:X28) -> 418.09716 | F7: =AVERAGE(#REF!,D14:K14) -> #REF! | G7: =AVERAGE(D14:K14) -> 148.28978 | I7: =AVERAGE(L14:O14) -> 76.511202 | K7: =AVERAGE(D28:O28) -> 580.23624 | M7: =AVERAGE(P28:X28) -> 630.54901
C8: 達成率平均 | E8: =AVERAGE(D15:O15,D29:X29) -> 0.84591724 | F8: =AVERAGE(D15:K15,#REF!) -> #REF! | G8: =AVERAGE(D15:K15) -> 0.84560984 | I8: =AVERAGE(L15:O15) -> 0.85417343 | K8: =AVERAGE(D29:O29) -> 0.84418743 | M8: =AVERAGE(P29:X29) -> 0.84583024 | O8: ※現行日本鮮食廠以達成率80%為基本(即為現行KPI)
B10: 溫層 | D10: ➁4度C-各編組展開 | L10: ➂4度C-各編組展開
B11: 編組 | D11: 1 | E11: 2 | F11: 3 | G11: 4 | H11: 5 | I11: 6 | J11: 7 | K11: 8 | L11: 1 | M11: 2 | N11: 3 | O11: 4
D12: 便當一線 | E12: 便當二線 | F12: 涼麵一線 | G12: 涼麵二線 | H12: 涼麵三線 | I12: 自動包裝機 | J12: 自動包裝機2 | K12: 自動包裝機3 | L12: 便當一線 | M12: 便當二線 | N12: 涼麵一線 | O12: 涼麵二線
B13: 人時性 | C13: 排關 | D13: 113.26531 | E13: 78.431373 | F13: 92.45283 | G13: 88.050314 | H13: 176 | I13: 250.92 | J13: - | K13: 433.33333 | L13: - | M13: - | N13: 90.909091 | O13: 88.235294
C14: 實績 | D14: 96.882571 | E14: 65.963684 | F14: 78.694721 | G14: 74.046649 | H14: 149.5397 | I14: 213.98442 | J14: - | K14: 358.9167 | L14: - | M14: - | N14: 77.721126 | O14: 75.301278
C15: 達成率 | D15: =D14/D13 -> 0.85535964 | E15: =E14/E13 -> 0.84103697 | F15: =F14/F13 -> 0.8511878 | G15: =G14/G13 -> 0.84095837 | H15: =H14/H13 -> 0.84965737 | I15: =I14/I13 -> 0.8527994 | J15: - | K15: =K14/K13 -> 0.82826931 | L15: - | M15: - | N15: =N14/N13 -> 0.85493238 | O15: =O14/O13 -> 0.85341448
B16: 作業 時間 | C16: 開始 | D16: 0.25002315 | E16: 0.16666667 | F16: 0.25008102 | G16: 0.25023148 | H16: 0.16680556 | I16: 0.25 | J16: - | K16: 0.33194444 | L16: - | M16: - | N16: 0.70854167 | O16: 0.70833333
C17: 結束 | D17: 0.60416667 | E17: 0.68888889 | F17: 0.5669213 | G17: 0.65219907 | H17: 0.68894676 | I17: 0.49537037 | J17: - | K17: 0.4125 | L17: - | M17: - | N17: 0.83289352 | O17: 0.83055556
B18: 配置人數 | D18: 16.333333 | E18: 25.5 | F18: 21.2 | G18: 22.714286 | H18: 20.454545 | I18: 12.5 | J18: - | K18: 6 | L18: - | M18: - | N18: 22 | O18: 22.666667
B19: 主要應用設備 | D19: L型封口機 | E19: ET-55 | F19: ET-55 | G19: ET-55 | H19: ET-600 | I19: 伺服包裝機 | J19: 伺服包裝機 | K19: 伺服包裝機 | L19: L型封口機 | M19: ET-55 | N19: ET-55 | O19: ET-55
B20: 次要應用設備 | D20: 伺服包裝機 | H20: 伺服包裝機
B21: 備註 | H21: 涼麵+烤飯糰 | I21: 大口飯糰線 | K21: 烤飯糰+手卷
B24: 溫層 | D24: ➃18度C-各編組展開 (一配) | P24: ⑤18度C-各編組展開 (二配)
B25: 編組 | D25: 1 | E25: 2 | F25: 3 | G25: 4 | H25: 5 | I25: 6 | J25: 7 | K25: 8 | L25: 9 | M25: 10 | N25: 11 | O25: 12 | P25: 1 | Q25: 2 | R25: 3 | S25: 4 | T25: 5 | U25: 6 | V25: 7 | W25: 8 | X25: 9
D26: 便當一線 | E26: 涼麵一線 | F26: 涼麵三線 | G26: 自動包裝機 | H26: 自動包裝機2 | I26: 自動包裝機3 | J26: 味付飯糰線B | K26: (舊) 3300型飯糰線 | L26: 3000型飯糰線 | M26: (新) 3300型飯糰機 | N26: GKK3600型 飯糰機 | O26: GKK3600型 飯糰機2 | P26: 自動包裝機 | Q26: 自動包裝機2 | R26: 自動包裝機3 | S26: 味付飯糰線B | T26: (舊) 3300型飯糰線 | U26: 3000型飯糰線 | V26: (新) 3300型飯糰機 | W26: GKK3600型 飯糰機 | X26: GKK3600型 飯糰機2
B27: 人時性 | C27: 排關 | D27: 226.15 | E27: - | F27: - | G27: 272.72727 | H27: 433.33333 | I27: - | J27: 675 | K27: 1100 | L27: - | M27: 761.53846 | N27: 1200 | O27: 840 | P27: 226.65517 | Q27: - | R27: - | S27: 675 | T27: 768.75 | U27: - | V27: 761.53846 | W27: 1050 | X27: 1005.8824
C28: 實績 | D28: 192.83551 | E28: - | F28: - | G28: 232.70394 | H28: 355.86529 | I28: - | J28: 589.41685 | K28: 934.97177 | L28: - | M28: 640.46999 | N28: 998.12488 | O28: 697.50166 | P28: 192.07618 | Q28: - | R28: - | S28: 599.20703 | T28: 642.22889 | U28: - | V28: 642.22818 | W28: 873.52937 | X28: 834.02441
C29: 達成率 | D29: =D28/D27 -> 0.85268853 | E29: - | F29: - | G29: =G28/G27 -> 0.85324779 | H29: =H28/H27 -> 0.82122759 | I29: - | J29: =J28/J27 -> 0.87321014 | K29: =K28/K27 -> 0.84997434 | L29: - | M29: =M28/M27 -> 0.8410212 | N29: =N28/N27 -> 0.83177073 | O29: =O28/O27 -> 0.83035911 | P29: =P28/P27 -> 0.84743787 | Q29: - | R29: - | S29: =S28/S27 -> 0.88771412 | T29: =T28/T27 -> 0.8354197 | U29: - | V29: =V28/V27 -> 0.84332993 | W29: =W28/W27 -> 0.83193274 | X29: =X28/X27 -> 0.82914707
B30: 作業 時間 | C30: 開始 | D30: 0.38564815 | E30: - | F30: - | G30: 0.31458333 | H30: 0.25003472 | I30: - | J30: 0.33340278 | K30: 0.43333333 | L30: - | M30: 0.29166667 | N30: 0.25 | O30: 0.25 | P30: 0.70833333 | Q30: - | R30: - | S30: 0.70833333 | T30: 0.70833333 | U30: - | V30: 0.70833333 | W30: 0.70837963 | X30: 0.70833333
C31: 結束 | D31: 0.49375 | E31: - | F31: - | G31: 0.35788194 | H31: 0.31180556 | I31: - | J31: 0.42986111 | K31: 0.46818287 | L31: - | M31: 0.44861111 | N31: 0.46140046 | O31: 0.45428241 | P31: 0.85436343 | Q31: - | R31: - | S31: 0.85721065 | T31: 0.85902778 | U31: - | V31: 0.89539352 | W31: 0.95208333 | X31: 0.95555556
B32: 配置人數 | D32: 13.333333 | E32: - | F32: - | G32: 11 | H32: 6 | I32: - | J32: 4 | K32: 3 | L32: - | M32: 4.3333333 | N32: 3 | O32: 3.75 | P32: 14.5 | Q32: - | R32: - | S32: 4 | T32: 4 | U32: - | V32: 4.3333333 | W32: 3.3333333 | X32: 3.4
B33: 主要應用設備 | D33: 伺服包裝機 | E33: ET-55 | F33: ET-600 | G33: 夾心型 | H33: 伺服包裝機 | I33: 伺服包裝機 | J33: 夾心型 | K33: 3300型 | L33: 3300型 | M33: 3300型 | N33: GKK | O33: GKK | P33: 夾心型 | Q33: 伺服包裝機 | R33: 伺服包裝機 | S33: 夾心型 | T33: 3300型 | U33: 3300型 | V33: 3300型 | W33: GKK | X33: GKK
B34: 次要應用設備
B35: 備註

Sheet 0731(18度C)
A1: 大溪廠日報分析 | C1: 總生產量 | D1: =SUM(F5:F242) -> 114228 | E1: 營業額 | F1: =SUM(G5:G242) -> 2265682.9 | G1: 出勤人數 | H1: =L21+L38+L55+L72+L89+L106+L123+L140+L157+L174+L191+L208+L225+L242 -> 81.983333 | I1: 產線配置圖 | L1: 生產實績 | O1: 人時性差異分析 | S1: 日報登錄 | Y1: 分析說明 | AA1: 產能差異分析
A2: 45869 | C2: 人時性 | D2: =AVERAGE(N21,,N38,N55,N72,N89,N106,N123,N140,N157,N174,N191,N208,N225,N242) -> 561.67893 | E2: 平均廠價 | F2: =F1/D1 -> 19.834742 | G2: 多次生產數 | H2: =COUNT(H5:H242) -> 2
A3: 線別 | B3: 品類 | C3: 品名 | E3: 廠價 | F3: 生產量 | G3: 營收 | H3: 多次 生產 | I3: 人數 | J3: 產能/時 | K3: 人時性 | L3: 人數 | M3: 產能/時 | N3: 人時性 | O3: 人數 | P3: 人時性 | Q3: 達成率 | R3: 達成率 平均 | S3: 生產時間 | U3: 換線、休息/分 | V3: 稼動時間/分 | W3: 休息時間 | Y3: (屏榮回填) | AA3: 產能/時 | AB3: 達成率 | AC3: 達成率平均
S4: 開始 | T4: 結束 | W4: 開始 | X4: 結束
A5: 便當一線 | B5: 壽司手卷 | C5: 一配海饌雙手卷 | E5: 29.85 | F5: 2124 | G5: =E5*F5 -> 63401.4 | I5: 17 | J5: 3273 | K5: =J5/I5 -> 192.52941 | L5: 17 | M5: =F5/V5*60 -> 2790.6569 | N5: =M5/L5 -> 164.15629 | O5: =L5-I5 -> 0 | P5: =N5-K5 -> -28.373122 | Q5: =N5/K5 -> 0.85262968 | R5: =Q21 -> 0.85268853 | S5: 0.38564815 | T5: 0.41736111 | U5: 5.3333333 | V5: 45.666667 | AA5: =M5-J5 -> -482.34307 | AB5: =M5/J5 -> 0.85262968 | AC5: =AB21 -> 0.85268853
B6: 壽司手卷 | C6: 一配雙饗雙手卷 | E6: 29.52 | F6: 2174 | G6: =E6*F6 -> 64176.48 | I6: 17 | J6: 3273 | K6: =J6/I6 -> 192.52941 | L6: 17 | M6: =F6/V6*60 -> 2792.1513 | N6: =M6/L6 -> 164.24419 | O6: =L6-I6 -> 0 | P6: =N6-K6 -> -28.28522 | Q6: =N6/K6 -> 0.85308624 | S6: 0.42241898 | T6: 0.45486111 | U6: 7.2833333 | V6: 46.716667 | AA6: =M6-J6 -> -480.84873 | AB6: =M6/J6 -> 0.85308624
B7: 壽司手卷 | C7: 一配日式厚蛋脆卷 | E7: 21.61 | F7: 1740 | G7: =E7*F7 -> 37601.4 | I7: 6 | J7: 2500 | K7: =J7/I7 -> 416.66667 | L7: 6 | M7: =F7/V7*60 -> 2130.6122 | N7: =M7/L7 -> 355.10204 | O7: =L7-I7 -> 0 | P7: =N7-K7 -> -61.564626 | Q7: =N7/K7 -> 0.8522449 | S7: 0.45972222 | T7: 0.49375 | U7: 7 | V7: 49 | W7: 0.49375 | X7: 0.53402778 | AA7: =M7-J7 -> -369.38776 | AB7: =M7/J7 -> 0.8522449
B21: 平均 | I21: =AVERAGE(I5:I20) -> 13.333333 | J21: =AVERAGE(J5:J20) -> 3015.3333 | K21: =J21/I21 -> 226.15 | L21: =AVERAGE(L5:L20) -> 13.333333 | M21: =AVERAGE(M5:M20) -> 2571.1401 | N21: =M21/L21 -> 192.83551 | O21: =L21-I21 -> 0 | P21: =N21-K21 -> -33.314489 | Q21: =N21/K21 -> 0.85268853 | S21: =S5 -> 0.38564815 | T21: =INDEX(T5:T20,COUNTA(T5:T20)) -> 0.49375 | AA21: =M21-J21 -> -444.19318 | AB21: =M21/J21 -> 0.85268853
A22: 自動包裝機 | B22: 壽司手卷 | C22: 一配長野稻荷壽司 | E22: 25.64 | F22: 2660 | G22: =E22*F22 -> 68202.4 | I22: 11 | J22: 3000 | K22: =J22/I22 -> 272.72727 | L22: 11 | M22: =F22/V22*60 -> 2559.7434 | N22: =M22/L22 -> 232.70394 | O22: =L22-I22 -> 0 | P22: =N22-K22 -> -40.023329 | Q22: =N22/K22 -> 0.85324779 | R22: =Q38 -> 0.85324779 | S22: 0.31458333 | T22: 0.35788194 | U22: 6 | V22: 62.35 | AA22: =M22-J22 -> -440.25662 | AB22: =M22/J22 -> 0.85324779 | AC22: =AB38 -> 0.85324779
B38: 平均 | I38: =AVERAGE(I22:I37) -> 11 | J38: =AVERAGE(J22:J37) -> 3000 | K38: =J38/I38 -> 272.72727 | L38: =AVERAGE(L22:L37) -> 11 | M38: =AVERAGE(M22:M37) -> 2559.7434 | N38: =M38/L38 -> 232.70394 | O38: =L38-I38 -> 0 | P38: =N38-K38 -> -40.023329 | Q38: =N38/K38 -> 0.85324779 | S38: =S22 -> 0.31458333 | T38: =INDEX(T22:T37,COUNTA(T22:T37)) -> 0.35788194 | AA38: =M38-J38 -> -440.25662 | AB38: =M38/J38 -> 0.85324779
A39: 自動包裝機2 | B39: 壽司手卷 | C39: 一配芝麻海苔香鬆細卷 | E39: 14.06 | F39: 1019 | G39: =E39*F39 -> 14327.14 | I39: 6 | J39: 2600 | K39: =J39/I39 -> 433.33333 | L39: 6 | M39: =F39/V39*60 -> 2150.2931 | N39: =M39/L39 -> 358.38218 | O39: =L39-I39 -> 0 | P39: =N39-K39 -> -74.951153 | Q39: =N39/K39 -> 0.8270358 | R39: =Q55 -> 0.82122759 | S39: 0.25003472 | T39: 0.26978009 | V39: 28.433333 | AA39: =M39-J39 -> -449.70692 | AB39: =M39/J39 -> 0.8270358 | AC39: =AB55 -> 0.82122759
B40: 壽司手卷 | C40: 一配鮪魚沙拉細卷 | E40: 14.81 | F40: 1153 | G40: =E40*F40 -> 17075.93 | I40: 6 | J40: 2600 | K40: =J40/I40 -> 433.33333 | L40: 6 | M40: =F40/V40*60 -> 2164.1293 | N40: =M40/L40 -> 360.68822 | O40: =L40-I40 -> 0 | P40: =N40-K40 -> -72.645116 | Q40: =N40/K40 -> 0.83235742 | S40: 0.27363426 | T40: 0.29583333 | U40: 5.55 | V40: 31.966667 | AA40: =M40-J40 -> -435.8707 | AB40: =M40/J40 -> 0.83235742
B41: 壽司手卷 | C41: 一配炙烤焦糖鮭魚細卷 | E41: 17.87 | F41: 650 | G41: =E41*F41 -> 11615.5 | I41: 6 | J41: 2600 | K41: =J41/I41 -> 433.33333 | L41: 6 | M41: =F41/V41*60 -> 2091.1528 | N41: =M41/L41 -> 348.52547 | O41: =L41-I41 -> 0 | P41: =N41-K41 -> -84.807864 | Q41: =N41/K41 -> 0.80428954 | S41: 0.29885417 | T41: 0.31180556 | U41: 4.35 | V41: 18.65 | AA41: =M41-J41 -> -508.84718 | AB41: =M41/J41 -> 0.80428954
B55: 平均 | I55: =AVERAGE(I39:I54) -> 6 | J55: =AVERAGE(J39:J54) -> 2600 | K55: =J55/I55 -> 433.33333 | L55: =AVERAGE(L39:L54) -> 6 | M55: =AVERAGE(M39:M54) -> 2135.1917 | N55: =M55/L55 -> 355.86529 | O55: =L55-I55 -> 0 | P55: =N55-K55 -> -77.468044 | Q55: =N55/K55 -> 0.82122759 | S55: =S39 -> 0.25003472 | T55: =INDEX(T39:T54,COUNTA(T39:T54)) -> 0.31180556 | AA55: =M55-J55 -> -464.80827 | AB55: =M55/J55 -> 0.82122759
A56: 味付飯糰線B | B56: 飯糰 | C56: 一配經典肉鬆飯糰 | E56: 14.03 | F56: 5458 | G56: =E56*F56 -> 76575.74 | I56: 4 | J56: 2700 | K56: =J56/I56 -> 675 | L56: 4 | M56: =F56/V56*60 -> 2357.6674 | N56: =M56/L56 -> 589.41685 | O56: =L56-I56 -> 0 | P56: =N56-K56 -> -85.583153 | Q56: =N56/K56 -> 0.87321014 | R56: =Q72 -> 0.87321014 | S56: 0.33340278 | T56: 0.42986111 | V56: 138.9 | AA56: =M56-J56 -> -342.33261 | AB56: =M56/J56 -> 0.87321014 | AC56: =AB72 -> 0.87321014
B72: 平均 | I72: =AVERAGE(I56:I71) -> 4 | J72: =AVERAGE(J56:J71) -> 2700 | K72: =J72/I72 -> 675 | L72: =AVERAGE(L56:L71) -> 4 | M72: =AVERAGE(M56:M71) -> 2357.6674 | N72: =M72/L72 -> 589.41685 | O72: =L72-I72 -> 0 | P72: =N72-K72 -> -85.583153 | Q72: =N72/K72 -> 0.87321014 | S72: =S56 -> 0.33340278 | T72: =INDEX(T56:T71,COUNTA(T56:T71)) -> 0.42986111 | AA72: =M72-J72 -> -342.33261 | AB72: =M72/J72 -> 0.87321014
A73: (舊) 3300型飯糰線 | B73: 飯糰 | C73: 一配三杯辣海瓜子飯糰 | E73: 21.45 | F73: 2346 | G73: =E73*F73 -> 50321.7 | I73: 3 | J73: 3300 | K73: =J73/I73 -> 1100 | L73: 3 | M73: =F73/V73*60 -> 2804.9153 | N73: =M73/L73 -> 934.97177 | O73: =L73-I73 -> 0 | P73: =N73-K73 -> -165.02823 | Q73: =N73/K73 -> 0.84997434 | R73: =Q89 -> 0.84997434 | S73: 0.43333333 | T73: 0.46818287 | V73: 50.183333 | AA73: =M73-J73 -> -495.08469 | AB73: =M73/J73 -> 0.84997434 | AC73: =AB89 -> 0.84997434
B89: 平均 | I89: =AVERAGE(I73:I88) -> 3 | J89: =AVERAGE(J73:J88) -> 3300 | K89: =J89/I89 -> 1100 | L89: =AVERAGE(L73:L88) -> 3 | M89: =AVERAGE(M73:M88) -> 2804.9153 | N89: =M89/L89 -> 934.97177 | O89: =L89-I89 -> 0 | P89: =N89-K89 -> -165.02823 | Q89: =N89/K89 -> 0.84997434 | S89: =S73 -> 0.43333333 | T89: =INDEX(T73:T88,COUNTA(T73:T88)) -> 0.46818287 | AA89: =M89-J89 -> -495.08469 | AB89: =M89/J89 -> 0.84997434
A90: (新) 3300型飯糰機 | B90: 飯糰 | C90: 一配壹號醬炙烤牛飯糰 | E90: 22.28 | F90: 1465 | G90: =E90*F90 -> 32640.2 | I90: 5 | J90: 3300 | K90: =J90/I90 -> 660 | L90: 5 | M90: =F90/V90*60 -> 2735.4772 | N90: =M90/L90 -> 547.09544 | O90: =L90-I90 -> 0 | P90: =N90-K90 -> -112.90456 | Q90: =N90/K90 -> 0.82893248 | R90: =Q106 -> 0.8410212 | S90: 0.29166667 | T90: 0.31398148 | V90: 32.133333 | AA90: =M90-J90 -> -564.52282 | AB90: =M90/J90 -> 0.82893248 | AC90: =AB106 -> 0.8410212
B91: 飯糰 | C91: 一配鹽蔥燒肉飯糰 | E91: 17.89 | F91: 3197 | G91: =E91*F91 -> 57194.33 | I91: 4 | J91: 3300 | K91: =J91/I91 -> 825 | L91: 4 | M91: =F91/V91*60 -> 2771.2979 | N91: =M91/L91 -> 692.82446 | O91: =L91-I91 -> 0 | P91: =N91-K91 -> -132.17554 | Q91: =N91/K91 -> 0.83978723 | S91: 0.31877315 | T91: 0.36684028 | U91: 6.9 | V91: 69.216667 | AA91: =M91-J91 -> -528.70214 | AB91: =M91/J91 -> 0.83978723
B92: 飯糰 | C92: 一配雞肉飯飯糰 | E92: 16.66 | F92: 5298 | G92: =E92*F92 -> 88264.68 | I92: 4 | J92: 3300 | K92: =J92/I92 -> 825 | L92: 4 | M92: =F92/V92*60 -> 2819.3348 | N92: =M92/L92 -> 704.8337 | O92: =L92-I92 -> 0 | P92: =N92-K92 -> -120.1663 | Q92: =N92/K92 -> 0.85434388 | S92: 0.3703125 | T92: 0.44861111 | U92: 5 | V92: 112.75 | AA92: =M92-J92 -> -480.66519 | AB92: =M92/J92 -> 0.85434388
B106: 平均 | I106: =AVERAGE(I90:I105) -> 4.3333333 | J106: =AVERAGE(J90:J105) -> 3300 | K106: =J106/I106 -> 761.53846 | L106: =AVERAGE(L90:L105) -> 4.3333333 | M106: =AVERAGE(M90:M105) -> 2775.3699 | N106: =M106/L106 -> 640.46999 | O106: =L106-I106 -> 0 | P106: =N106-K106 -> -121.06847 | Q106: =N106/K106 -> 0.8410212 | S106: =S90 -> 0.29166667 | T106: =INDEX(T90:T105,COUNTA(T90:T105)) -> 0.44861111 | AA106: =M106-J106 -> -524.63005 | AB106: =M106/J106 -> 0.8410212
A107: GKK3600型 飯糰機 | B107: 飯糰 | C107: 一配明太子龍蝦風味沙拉飯糰 | E107: 18.18 | F107: 2894 | G107: =E107*F107 -> 52612.92 | I107: 3 | J107: 3600 | K107: =J107/I107 -> 1200 | L107: 3 | M107: =F107/V107*60 -> 2991.2145 | N107: =M107/L107 -> 997.07149 | O107: =L107-I107 -> 0 | P107: =N107-K107 -> -202.92851 | Q107: =N107/K107 -> 0.83089291 | R107: =Q123 -> 0.83177073 | S107: 0.25 | T107: 0.2903125 | V107: 58.05 | AA107: =M107-J107 -> -608.78553 | AB107: =M107/J107 -> 0.83089291 | AC107: =AB123 -> 0.83177073
B108: 飯糰 | C108: 一配蔬食鮪魚飯糰 | E108: 18.18 | F108: 3681 | G108: =E108*F108 -> 66920.58 | I108: 3 | J108: 3600 | K108: =J108/I108 -> 1200 | L108: 3 | M108: =F108/V108*60 -> 2994.0352 | N108: =M108/L108 -> 998.01175 | O108: =L108-I108 -> 0 | P108: =N108-K108 -> -201.98825 | Q108: =N108/K108 -> 0.83167646 | S108: 0.30363426 | T108: 0.35486111 | U108: 19.183333 | V108: 73.766667 | AA108: =M108-J108 -> -605.96475 | AB108: =M108/J108 -> 0.83167646
B109: 飯糰 | C109: 鮪魚飯糰 | E109: 14.28 | F109: 6816 | G109: =E109*F109 -> 97332.48 | I109: 3 | J109: 3600 | K109: =J109/I109 -> 1200 | L109: 3 | M109: =F109/V109*60 -> 2997.8742 | N109: =M109/L109 -> 999.29139 | O109: =L109-I109 -> 0 | P109: =N109-K109 -> -200.70861 | Q109: =N109/K109 -> 0.83274282 | S109: 0.36666667 | T109: 0.46140046 | U109: 17 | V109: 136.41667 | AA109: =M109-J109 -> -602.12584 | AB109: =M109/J109 -> 0.83274282
B123: 平均 | I123: =AVERAGE(I107:I122) -> 3 | J123: =AVERAGE(J107:J122) -> 3600 | K123: =J123/I123 -> 1200 | L123: =AVERAGE(L107:L122) -> 3 | M123: =AVERAGE(M107:M122) -> 2994.3746 | N123: =M123/L123 -> 998.12488 | O123: =L123-I123 -> 0 | P123: =N123-K123 -> -201.87512 | Q123: =N123/K123 -> 0.83177073 | S123: =S107 -> 0.25 | T123: =INDEX(T107:T122,COUNTA(T107:T122)) -> 0.46140046 | AA123: =M123-J123 -> -605.62537 | AB123: =M123/J123 -> 0.83177073
A124: GKK3600型 飯糰機2 | B124: 飯糰 | C124: 一配北海道秋鮭親子飯糰 | E124: 24.83 | F124: 2380 | G124: =E124*F124 -> 59095.4 | I124: 4 | J124: 3300 | K124: =J124/I124 -> 825 | L124: 4 | M124: =F124/V124*60 -> 2737.3802 | N124: =M124/L124 -> 684.34505 | O124: =L124-I124 -> 0 | P124: =N124-K124 -> -140.65495 | Q124: =N124/K124 -> 0.82950915 | R124: =Q140 -> 0.83035911 | S124: 0.25 | T124: 0.28622685 | V124: 52.166667 | AA124: =M124-J124 -> -562.61981 | AB124: =M124/J124 -> 0.82950915 | AC124: =AB140 -> 0.83035911
B125: 飯糰 | C125: 一配熟成紅鮭飯糰 | E125: 25.03 | F125: 1974 | G125: =E125*F125 -> 49409.22 | I125: 4 | J125: 3300 | K125: =J125/I125 -> 825 | L125: 4 | M125: =F125/V125*60 -> 2732.1799 | N125: =M125/L125 -> 683.04498 | O125: =L125-I125 -> 0 | P125: =N125-K125 -> -141.95502 | Q125: =N125/K125 -> 0.82793331 | S125: 0.29861111 | T125: 0.32871528 | U125: 17.833333 | V125: 43.35 | AA125: =M125-J125 -> -567.82007 | AB125: =M125/J125 -> 0.82793331
B126: 飯糰 | C126: 一配贅沢鮭魚肚飯糰 | E126: 30 | F126: 4012 | G126: =E126*F126 -> 120360 | I126: 3 | J126: 3000 | K126: =J126/I126 -> 1000 | L126: 3 | M126: =F126/V126*60 -> 2496.6638 | N126: =M126/L126 -> 832.22126 | O126: =L126-I126 -> 0 | P126: =N126-K126 -> -167.77874 | Q126: =N126/K126 -> 0.83222126 | S126: 0.34027778 | T126: 0.4072338 | U126: 16.65 | V126: 96.416667 | AA126: =M126-J126 -> -503.33621 | AB126: =M126/J126 -> 0.83222126
B127: 飯糰 | C127: 一配海老天婦羅飯糰 | E127: 27.91 | F127: 2212 | G127: =E127*F127 -> 61736.92 | I127: 4 | J127: 3000 | K127: =J127/I127 -> 750 | L127: 4 | M127: =F127/V127*60 -> 2496.3009 | N127: =M127/L127 -> 624.07524 | O127: =L127-I127 -> 0 | P127: =N127-K127 -> -125.92476 | Q127: =N127/K127 -> 0.83210031 | S127: 0.41736111 | T127: 0.45428241 | U127: 14.583333 | V127: 53.166667 | AA127: =M127-J127 -> -503.69906 | AB127: =M127/J127 -> 0.83210031
B140: 平均 | I140: =AVERAGE(I124:I139) -> 3.75 | J140: =AVERAGE(J124:J139) -> 3150 | K140: =J140/I140 -> 840 | L140: =AVERAGE(L124:L139) -> 3.75 | M140: =AVERAGE(M124:M139) -> 2615.6312 | N140: =M140/L140 -> 697.50166 | O140: =L140-I140 -> 0 | P140: =N140-K140 -> -142.49834 | Q140: =N140/K140 -> 0.83035911 | S140: =S124 -> 0.25 | T140: =INDEX(T124:T139,COUNTA(T124:T139)) -> 0.45428241 | AA140: =M140-J140 -> -534.36879 | AB140: =M140/J140 -> 0.83035911
A141: 自動包裝機 (二配) | B141: 壽司 | C141: 二配長野稻荷壽司 | E141: 25.64 | F141: 2480 | G141: =E141*F141 -> 63587.2 | I141: 11 | J141: 3000 | K141: =J141/I141 -> 272.72727 | L141: 11 | M141: =F141/V141*60 -> 2559.633 | N141: =M141/L141 -> 232.69391 | O141: =L141-I141 -> 0 | P141: =N141-K141 -> -40.033361 | Q141: =N141/K141 -> 0.85321101 | R141: =Q157 -> 0.84743787 | S141: 0.70833333 | T141: 0.7487037 | V141: 58.133333 | AA141: =M141-J141 -> -440.36697 | AB141: =M141/J141 -> 0.85321101 | AC141: =AB157 -> 0.84743787
B142: 壽司 | C142: 二配雙饗雙手卷 | E142: 29.52 | F142: 2139 | G142: =E142*F142 -> 63143.28 | I142: 17 | J142: 3273 | K142: =J142/I142 -> 192.52941 | L142: 17 | M142: =F142/V142*60 -> 2791.0112 | N142: =M142/L142 -> 164.17713 | O142: =L142-I142 -> 0 | P142: =N142-K142 -> -28.35228 | Q142: =N142/K142 -> 0.85273793 | S142: 0.7534838 | T142: 0.78541667 | U142: 6.8833333 | V142: 45.983333 | AA142: =M142-J142 -> -481.98876 | AB142: =M142/J142 -> 0.85273793
B143: 壽司 | C143: 二配海饌雙手卷 | E143: 29.85 | F143: 2181 | G143: =E143*F143 -> 65102.85 | I143: 17 | J143: 3273 | K143: =J143/I143 -> 192.52941 | L143: 17 | M143: =F143/V143*60 -> 2793.1697 | N143: =M143/L143 -> 164.3041 | O143: =L143-I143 -> 0 | P143: =N143-K143 -> -28.225312 | Q143: =N143/K143 -> 0.8533974 | S143: 0.79039352 | T143: 0.82292824 | U143: 7.1666667 | V143: 46.85 | AA143: =M143-J143 -> -479.83031 | AB143: =M143/J143 -> 0.8533974
B144: 飯糰 | C144: 二配兩粒飯糰(鮪魚&培根蛋沙拉) | E144: 28.57 | F144: 1912 | G144: =E144*F144 -> 54625.84 | I144: 13 | J144: 3600 | K144: =J144/I144 -> 276.92308 | L144: 13 | M144: =F144/V144*60 -> 2996.6043 | N144: =M144/L144 -> 230.50802 | O144: =L144-I144 -> 0 | P144: =N144-K144 -> -46.415056 | Q144: =N144/K144 -> 0.83239007 | S144: 0.82777778 | T144: 0.85436343 | U144: 6.9833333 | V144: 38.283333 | AA144: =M144-J144 -> -603.39573 | AB144: =M144/J144 -> 0.83239007
B157: 平均 | I157: =AVERAGE(I141:I156) -> 14.5 | J157: =AVERAGE(J141:J156) -> 3286.5 | K157: =J157/I157 -> 226.65517 | L157: =AVERAGE(L141:L156) -> 14.5 | M157: =AVERAGE(M141:M156) -> 2785.1046 | N157: =M157/L157 -> 192.07618 | O157: =L157-I157 -> 0 | P157: =N157-K157 -> -34.578996 | Q157: =N157/K157 -> 0.84743787 | S157: =S141 -> 0.70833333 | T157: =INDEX(T141:T156,COUNTA(T141:T156)) -> 0.85436343 | AA157: =M157-J157 -> -501.39544 | AB157: =M157/J157 -> 0.84743787
A158: 味付飯糰線B (二配) | B158: 飯糰 | C158: 二配經典肉鬆飯糰 | E158: 14.03 | F158: 8564 | G158: =E158*F158 -> 120152.92 | I158: 4 | J158: 2700 | K158: =J158/I158 -> 675 | L158: 4 | M158: =F158/V158*60 -> 2396.8281 | N158: =M158/L158 -> 599.20703 | O158: =L158-I158 -> 0 | P158: =N158-K158 -> -75.792972 | Q158: =N158/K158 -> 0.88771412 | R158: =Q174 -> 0.88771412 | S158: 0.70833333 | T158: 0.85721065 | V158: 214.38333 | AA158: =M158-J158 -> -303.17189 | AB158: =M158/J158 -> 0.88771412 | AC158: =AB174 -> 0.88771412
B174: 平均 | I174: =AVERAGE(I158:I173) -> 4 | J174: =AVERAGE(J158:J173) -> 2700 | K174: =J174/I174 -> 675 | L174: =AVERAGE(L158:L173) -> 4 | M174: =AVERAGE(M158:M173) -> 2396.8281 | N174: =M174/L174 -> 599.20703 | O174: =L174-I174 -> 0 | P174: =N174-K174 -> -75.792972 | Q174: =N174/K174 -> 0.88771412 | S174: =S158 -> 0.70833333 | T174: =INDEX(T158:T173,COUNTA(T158:T173)) -> 0.85721065 | AA174: =M174-J174 -> -303.17189 | AB174: =M174/J174 -> 0.88771412
A175: (舊) 3300型飯糰線 (二配) | B175: 飯糰 | C175: 二配大飯糰椒香鮪魚 | E175: 24.15 | F175: 1006 | G175: =E175*F175 -> 24294.9 | I175: 4 | J175: 3000 | K175: =J175/I175 -> 750 | L175: 4 | M175: =F175/V175*60 -> 2482.2481 | N175: =M175/L175 -> 620.56203 | O175: =L175-I175 -> 0 | P175: =N175-K175 -> -129.43797 | Q175: =N175/K175 -> 0.82741604 | R175: =Q191 -> 0.8354197 | S175: 0.70833333 | T175: 0.72521991 | V175: 24.316667 | AA175: =M175-J175 -> -517.75188 | AB175: =M175/J175 -> 0.82741604 | AC175: =AB191 -> 0.8354197
B176: 飯糰 | C176: 二配大飯糰春川風味辣炒雞 | E176: 24.15 | F176: 1273 | G176: =E176*F176 -> 30742.95 | I176: 4 | J176: 3000 | K176: =J176/I176 -> 750 | L176: 4 | M176: =F176/V176*60 -> 2496.0784 | N176: =M176/L176 -> 624.01961 | O176: =L176-I176 -> 0 | P176: =N176-K176 -> -125.98039 | Q176: =N176/K176 -> 0.83202614 | S176: 0.72950231 | T176: 0.75075231 | U176: 6.1666667 | V176: 30.6 | AA176: =M176-J176 -> -503.92157 | AB176: =M176/J176 -> 0.83202614
B177: 飯糰 | C177: 二配大飯糰韓式炸雞 | E177: 27.58 | F177: 1520 | G177: =E177*F177 -> 41921.6 | I177: 4 | J177: 3000 | K177: =J177/I177 -> 750 | L177: 4 | M177: =F177/V177*60 -> 2490.6691 | N177: =M177/L177 -> 622.66727 | O177: =L177-I177 -> 0 | P177: =N177-K177 -> -127.33273 | Q177: =N177/K177 -> 0.83022303 | S177: 0.75373843 | T177: 0.77916667 | U177: 4.3 | V177: 36.616667 | AA177: =M177-J177 -> -509.33091 | AB177: =M177/J177 -> 0.83022303
B178: 飯糰 | C178: 二配鹽蔥燒肉飯糰 | E178: 17.89 | F178: 5052 | G178: =E178*F178 -> 90380.28 | I178: 4 | J178: 3300 | K178: =J178/I178 -> 825 | L178: 4 | M178: =F178/V178*60 -> 2806.6667 | N178: =M178/L178 -> 701.66667 | O178: =L178-I178 -> 0 | P178: =N178-K178 -> -123.33333 | Q178: =N178/K178 -> 0.85050505 | S178: 0.78402778 | T178: 0.85902778 | U178: 7 | V178: 108 | AA178: =M178-J178 -> -493.33333 | AB178: =M178/J178 -> 0.85050505
B191: 平均 | I191: =AVERAGE(I175:I190) -> 4 | J191: =AVERAGE(J175:J190) -> 3075 | K191: =J191/I191 -> 768.75 | L191: =AVERAGE(L175:L190) -> 4 | M191: =AVERAGE(M175:M190) -> 2568.9156 | N191: =M191/L191 -> 642.22889 | O191: =L191-I191 -> 0 | P191: =N191-K191 -> -126.52111 | Q191: =N191/K191 -> 0.8354197 | S191: =S175 -> 0.70833333 | T191: =INDEX(T175:T190,COUNTA(T175:T190)) -> 0.85902778 | AA191: =M191-J191 -> -506.08442 | AB191: =M191/J191 -> 0.8354197
A192: (新) 3300型飯糰機 (二配) | B192: 飯糰 | C192: 二配壹號醬炙烤牛飯糰 | E192: 22.28 | F192: 1631 | G192: =E192*F192 -> 36338.68 | I192: 5 | J192: 3300 | K192: =J192/I192 -> 660 | L192: 5 | M192: =F192/V192*60 -> 2770.9297 | N192: =M192/L192 -> 554.18594 | O192: =L192-I192 -> 0 | P192: =N192-K192 -> -105.81406 | Q192: =N192/K192 -> 0.83967566 | R192: =Q208 -> 0.84332993 | S192: 0.70833333 | T192: 0.7328588 | V192: 35.316667 | AA192: =M192-J192 -> -529.07032 | AB192: =M192/J192 -> 0.83967566 | AC192: =AB208 -> 0.84332993
B193: 飯糰 | C193: 二配油蔥G絲飯糰 | E193: 18.18 | F193: 2453 | G193: =E193*F193 -> 44595.54 | I193: 4 | J193: 3300 | K193: =J193/I193 -> 825 | L193: 4 | M193: =F193/V193*60 -> 2808.7786 | N193: =M193/L193 -> 702.19466 | O193: =L193-I193 -> 0 | P193: =N193-K193 -> -122.80534 | Q193: =N193/K193 -> 0.85114504 | S193: 0.73680556 | T193: 0.77319444 | U193: 5.6833333 | V193: 52.4 | AA193: =M193-J193 -> -491.22137 | AB193: =M193/J193 -> 0.85114504
B194: 飯糰 | C194: 二配雞肉飯飯糰 | E194: 16.66 | F194: 7817 | G194: =E194*F194 -> 130231.22 | I194: 4 | J194: 3300 | K194: =J194/I194 -> 825 | L194: 4 | M194: =F194/V194*60 -> 2769.258 | N194: =M194/L194 -> 692.31451 | O194: =L194-I194 -> 0 | P194: =N194-K194 -> -132.68549 | Q194: =N194/K194 -> 0.8391691 | S194: 0.77777778 | T194: 0.89539352 | U194: 6.6 | V194: 169.36667 | AA194: =M194-J194 -> -530.74198 | AB194: =M194/J194 -> 0.8391691
B208: 平均 | I208: =AVERAGE(I192:I207) -> 4.3333333 | J208: =AVERAGE(J192:J207) -> 3300 | K208: =J208/I208 -> 761.53846 | L208: =AVERAGE(L192:L207) -> 4.3333333 | M208: =AVERAGE(M192:M207) -> 2782.9888 | N208: =M208/L208 -> 642.22818 | O208: =L208-I208 -> 0 | P208: =N208-K208 -> -119.31028 | Q208: =N208/K208 -> 0.84332993 | S208: =S192 -> 0.70833333 | T208: =INDEX(T192:T207,COUNTA(T192:T207)) -> 0.89539352 | AA208: =M208-J208 -> -517.01122 | AB208: =M208/J208 -> 0.84332993
A209: GKK3600型 飯糰機 (二配) | B209: 飯糰 | C209: 二配北海道秋鮭親子飯糰 | E209: 24.83 | F209: 2724 | G209: =E209*F209 -> 67636.92 | I209: 4 | J209: 3300 | K209: =J209/I209 -> 825 | L209: 4 | M209: =F209/V209*60 -> 2727.03 | N209: =M209/L209 -> 681.75751 | O209: =L209-I209 -> 0 | P209: =N209-K209 -> -143.24249 | Q209: =N209/K209 -> 0.82637274 | R209: =Q225 -> 0.83193274 | S209: 0.70837963 | T209: 0.75 | V209: 59.933333 | AA209: =M209-J209 -> -572.96997 | AB209: =M209/J209 -> 0.82637274 | AC209: =AB225 -> 0.83193274
B210: 飯糰 | C210: 二配鮪魚飯糰 | E210: 14.28 | F210: 6797 | G210: =E210*F210 -> 97061.16 | H210: 2 | I210: 3 | J210: 3600 | K210: =J210/I210 -> 1200 | L210: 3 | M210: =F210/V210*60 -> 3004.1989 | N210: =M210/L210 -> 1001.3996 | O210: =L210-I210 -> 0 | P210: =N210-K210 -> -198.60037 | Q210: =N210/K210 -> 0.83449969 | S210: 0.76342593 | T210: 0.85769676 | U210: 19.333333 | V210: 135.75 | W210: 0.85769676 | X210: 0.91278935 | AA210: =M210-J210 -> -595.8011 | AB210: =M210/J210 -> 0.83449969
B211: 飯糰 | C211: 二配鮪魚飯糰 | E211: 14.28 | F211: 2833 | G211: =E211*F211 -> 40455.24 | I211: 3 | J211: 3600 | K211: =J211/I211 -> 1200 | L211: 3 | M211: =F211/V211*60 -> 3004.0648 | N211: =M211/L211 -> 1001.3549 | O211: =L211-I211 -> 0 | P211: =N211-K211 -> -198.64507 | Q211: =N211/K211 -> 0.83446244 | S211: 0.91278935 | T211: 0.95208333 | U211: 79.333333 | V211: 56.583333 | AA211: =M211-J211 -> -595.9352 | AB211: =M211/J211 -> 0.83446244
B225: 平均 | I225: =AVERAGE(I209:I224) -> 3.3333333 | J225: =AVERAGE(J209:J224) -> 3500 | K225: =J225/I225 -> 1050 | L225: =AVERAGE(L209:L224) -> 3.3333333 | M225: =AVERAGE(M209:M224) -> 2911.7646 | N225: =M225/L225 -> 873.52937 | O225: =L225-I225 -> 0 | P225: =N225-K225 -> -176.47063 | Q225: =N225/K225 -> 0.83193274 | S225: =S209 -> 0.70837963 | T225: =INDEX(T209:T224,COUNTA(T209:T224)) -> 0.95208333 | AA225: =M225-J225 -> -588.23542 | AB225: =M225/J225 -> 0.83193274
A226: GKK3600型 飯糰機2 (二配) | B226: 飯糰 | C226: 二配明太子龍蝦風味沙拉飯糰 | E226: 18.18 | F226: 565 | G226: =E226*F226 -> 10271.7 | H226: 2 | I226: 3 | J226: 3600 | K226: =J226/I226 -> 1200 | L226: 3 | M226: =F226/V226*60 -> 2969.3431 | N226: =M226/L226 -> 989.78102 | O226: =L226-I226 -> 0 | P226: =N226-K226 -> -210.21898 | Q226: =N226/K226 -> 0.82481752 | R226: =Q242 -> 0.82914707 | S226: 0.70833333 | T226: 0.71626157 | V226: 11.416667 | AA226: =M226-J226 -> -630.65693 | AB226: =M226/J226 -> 0.82481752 | AC226: =AB242 -> 0.82914707
B227: 飯糰 | C227: 二配蔬食鮪魚飯糰 | E227: 18.18 | F227: 2356 | G227: =E227*F227 -> 42832.08 | I227: 3 | J227: 3600 | K227: =J227/I227 -> 1200 | L227: 3 | M227: =F227/V227*60 -> 2991.746 | N227: =M227/L227 -> 997.24868 | O227: =L227-I227 -> 0 | P227: =N227-K227 -> -202.75132 | Q227: =N227/K227 -> 0.83104056 | S227: 0.72847222 | T227: 0.76128472 | U227: 17.583333 | V227: 47.25 | AA227: =M227-J227 -> -608.25397 | AB227: =M227/J227 -> 0.83104056
B228: 飯糰 | C228: 二配熟成紅鮭飯糰 | E228: 25.03 | F228: 2039 | G228: =E228*F228 -> 51036.17 | I228: 4 | J228: 3300 | K228: =J228/I228 -> 825 | L228: 4 | M228: =F228/V228*60 -> 2726.7459 | N228: =M228/L228 -> 681.68648 | O228: =L228-I228 -> 0 | P228: =N228-K228 -> -143.31352 | Q228: =N228/K228 -> 0.82628664 | S228: 0.77372685 | T228: 0.80488426 | U228: 17.916667 | V228: 44.866667 | AA228: =M228-J228 -> -573.25409 | AB228: =M228/J228 -> 0.82628664
B229: 飯糰 | C229: 二配芝麻香鬆飯糰 | E229: 18.18 | F229: 2372 | G229: =E229*F229 -> 43122.96 | I229: 4 | J229: 3000 | K229: =J229/I229 -> 750 | L229: 4 | M229: =F229/V229*60 -> 2504.1642 | N229: =M229/L229 -> 626.04106 | O229: =L229-I229 -> 0 | P229: =N229-K229 -> -123.95894 | Q229: =N229/K229 -> 0.83472141 | S229: 0.81539352 | T229: 0.85486111 | U229: 15.133333 | V229: 56.833333 | W229: 0.85486111 | X229: 0.91005787 | AA229: =M229-J229 -> -495.83578 | AB229: =M229/J229 -> 0.83472141
B230: 飯糰 | C230: 二配明太子龍蝦風味沙拉飯糰 | E230: 18.18 | F230: 3261 | G230: =E230*F230 -> 59284.98 | I230: 3 | J230: 3600 | K230: =J230/I230 -> 1200 | L230: 3 | M230: =F230/V230*60 -> 2986.4157 | N230: =M230/L230 -> 995.47189 | O230: =L230-I230 -> 0 | P230: =N230-K230 -> -204.52811 | Q230: =N230/K230 -> 0.82955991 | S230: 0.91005787 | T230: 0.95555556 | U230: 79.483333 | V230: 65.516667 | AA230: =M230-J230 -> -613.58433 | AB230: =M230/J230 -> 0.82955991
B242: 平均 | I242: =AVERAGE(I226:I241) -> 3.4 | J242: =AVERAGE(J226:J241) -> 3420 | K242: =J242/I242 -> 1005.8824 | L242: =AVERAGE(L226:L241) -> 3.4 | M242: =AVERAGE(M226:M241) -> 2835.683 | N242: =M242/L242 -> 834.02441 | O242: =L242-I242 -> 0 | P242: =N242-K242 -> -171.85795 | Q242: =N242/K242 -> 0.82914707 | S242: =S226 -> 0.70833333 | T242: =INDEX(T226:T241,COUNTA(T226:T241)) -> 0.95555556 | AA242: =M242-J242 -> -584.31702 | AB242: =M242/J242 -> 0.82914707
Y244: 原因回覆
Y245: 1.當日出勤人數較多
Y246: 2.當日出勤人數較少
Y247: 3.當日出勤熟手較多
Y248: 4.當日出勤新人較多
Y249: 5.機台夾盒
Y250: 6.封膜不順
Y251: 7.更換膠膜
Y252: 8.更換碳帶
Y253: 9.當日熱轉印碳帶異常
Y254: 10.訂單量過少
Y255: 11.新品上市，尚未熟悉
Y256: 12.活動期間品項需貼標

Sheet 0731(4度C)
A1: 大溪廠日報分析 | C1: 總生產量 | D1: =SUM(F5:F157) -> 107195 | E1: 營業額 | F1: =SUM(G5:G157) -> 4919948.2 | G1: 出勤人數 | H1: =L21+L38+L55+L72+L89+L106+L123+L140+L157 -> 169.36883 | I1: 產線配置圖 | L1: 生產實績 | O1: 人時性差異分析 | S1: 日報登錄 | Y1: 分析說明 | AA1: 產能差異分析
A2: 45869 | C2: 人時性 | D2: =AVERAGE(N21,N38,N55,N72,N89,N106,N123,N140,N157) -> 132.33898 | E2: 平均廠價 | F2: =F1/D1 -> 45.89718 | G2: 多次生產數 | H2: =COUNT(H5:H157) -> 2
A3: 線別 | B3: 品類 | C3: 品名 | E3: 廠價 | F3: 生產量 | G3: 營收 | H3: 多次 生產 | I3: 人數 | J3: 產能/時 | K3: 人時性 | L3: 人數 | M3: 產能/時 | N3: 人時性 | O3: 人數 | P3: 人時性 | Q3: 達成率 | R3: 達成率 平均 | S3: 生產時間 | U3: 換線、休息/分 | V3: 稼動時間/分 | W3: 休息時間 | Y3: (屏榮回填) | AA3: 產能/時 | AB3: 達成率 | AC3: 達成率平均
S4: 開始 | T4: 結束 | W4: 開始 | X4: 結束
A5: 便當一線 | B5: 小菜、微波 | C5: 日式茶碗蒸 | E5: 19.7 | F5: 3348 | G5: =E5*F5 -> 65955.6 | I5: 13 | J5: 1200 | K5: =J5/I5 -> 92.307692 | L5: 13 | M5: =F5/V5*60 -> 1057.4487 | N5: =M5/L5 -> 81.342206 | O5: =L5-I5 -> 0 | P5: =N5-K5 -> -10.965487 | Q5: =N5/K5 -> 0.88120723 | R5: =Q21 -> 0.85535964 | S5: 0.25002315 | T5: 0.38194444 | V5: 189.96667 | AA5: =M5-J5 -> -142.55132 | AB5: =M5/J5 -> 0.88120723 | AC5: =AB21 -> 0.85535964
B6: 壽司手卷 | C6: (冷藏)鮪魚蛋蛋稻荷壽司組 | E6: 30.55 | F6: 893 | G6: =E6*F6 -> 27281.15 | I6: 16 | J6: 1750 | K6: =J6/I6 -> 109.375 | L6: 16 | M6: =F6/V6*60 -> 1445.5036 | N6: =M6/L6 -> 90.343975 | O6: =L6-I6 -> 0 | P6: =N6-K6 -> -19.031025 | Q6: =N6/K6 -> 0.82600206 | S6: 0.53402778 | T6: 0.55976852 | U6: 58 | V6: 37.066667 | AA6: =M6-J6 -> -304.4964 | AB6: =M6/J6 -> 0.82600206
B7: 飯糰 | C7: 麻油雞飯糰 | E7: 29.97 | F7: 2114 | G7: =E7*F7 -> 63356.58 | I7: 20 | J7: 2600 | K7: =J7/I7 -> 130 | L7: 20 | M7: =F7/V7*60 -> 2244.2937 | N7: =M7/L7 -> 112.21469 | O7: =L7-I7 -> 0 | P7: =N7-K7 -> -17.785314 | Q7: =N7/K7 -> 0.86318989 | S7: 0.56491898 | T7: 0.60416667 | U7: 7.4166667 | V7: 56.516667 | AA7: =M7-J7 -> -355.70628 | AB7: =M7/J7 -> 0.86318989
B21: 平均 | I21: =AVERAGE(I5:I20) -> 16.333333 | J21: =AVERAGE(J5:J20) -> 1850 | K21: =J21/I21 -> 113.26531 | L21: =AVERAGE(L5:L20) -> 16.333333 | M21: =AVERAGE(M5:M20) -> 1582.4153 | N21: =M21/L21 -> 96.882571 | O21: =L21-I21 -> 0 | P21: =N21-K21 -> -16.382735 | Q21: =N21/K21 -> 0.85535964 | S21: =S5 -> 0.25002315 | T21: =INDEX(T5:T20,COUNTA(T5:T20)) -> 0.60416667 | AA21: =M21-J21 -> -267.58467 | AB21: =M21/J21 -> 0.85535964
A22: 便當二線 | B22: 微波主食 | C22: 壹號醬醬燒蔥鹽雞豚飯 | E22: 56.43 | F22: 2225 | G22: =E22*F22 -> 125556.75 | I22: 24 | J22: 2000 | K22: =J22/I22 -> 83.333333 | L22: 24 | M22: =F22/V22*60 -> 1688.8046 | N22: =M22/L22 -> 70.366856 | O22: =L22-I22 -> 0 | P22: =N22-K22 -> -12.966477 | Q22: =N22/K22 -> 0.84440228 | R22: =Q38 -> 0.84103697 | S22: 0.16666667 | T22: 0.2215625 | V22: 79.05 | AA22: =M22-J22 -> -311.19545 | AB22: =M22/J22 -> 0.84440228 | AC22: =AB38 -> 0.84103697
B23: 微波主食 | C23: 蒜蒜燒豚飯 | E23: 51.86 | F23: 1404 | G23: =E23*F23 -> 72811.44 | I23: 26 | J23: 2000 | K23: =J23/I23 -> 76.923077 | L23: 26 | M23: =F23/V23*60 -> 1642.1053 | N23: =M23/L23 -> 63.157895 | O23: =L23-I23 -> 0 | P23: =N23-K23 -> -13.765182 | Q23: =N23/K23 -> 0.82105263 | S23: 0.22569444 | T23: 0.26131944 | U23: 5.95 | V23: 51.3 | AA23: =M23-J23 -> -357.89474 | AB23: =M23/J23 -> 0.82105263
B24: 微波主食 | C24: 糖燻野郎三十天熟成牛飯 | E24: 56.77 | F24: 4711 | G24: =E24*F24 -> 267443.47 | I24: 26 | J24: 2000 | K24: =J24/I24 -> 76.923077 | L24: 26 | M24: =F24/V24*60 -> 1731.4548 | N24: =M24/L24 -> 66.594416 | O24: =L24-I24 -> 0 | P24: =N24-K24 -> -10.328661 | Q24: =N24/K24 -> 0.86572741 | S24: 0.26458333 | T24: 0.37795139 | U24: 4.7 | V24: 163.25 | AA24: =M24-J24 -> -268.54518 | AB24: =M24/J24 -> 0.86572741
B25: 便當 | C25: 鰻牛雙饗匠食盒 | E25: 68.73 | F25: 2923 | G25: =E25*F25 -> 200897.79 | H25: 2 | I25: 26 | J25: 2000 | K25: =J25/I25 -> 76.923077 | L25: 26 | M25: =F25/V25*60 -> 1648.0501 | N25: =M25/L25 -> 63.386543 | O25: =L25-I25 -> 0 | P25: =N25-K25 -> -13.536534 | Q25: =N25/K25 -> 0.82402506 | S25: 0.38125 | T25: 0.45515046 | U25: 4.75 | V25: 106.41667 | W25: 0.45515046 | X25: 0.49444444 | AA25: =M25-J25 -> -351.94988 | AB25: =M25/J25 -> 0.82402506
B26: 便當 | C26: 健身G肉餐盒 | E26: 59.52 | F26: 5486 | G26: =E26*F26 -> 326526.72 | I26: 25 | J26: 2000 | K26: =J26/I26 -> 80 | L26: 25 | M26: =F26/V26*60 -> 1737.4505 | N26: =M26/L26 -> 69.498021 | O26: =L26-I26 -> 0 | P26: =N26-K26 -> -10.501979 | Q26: =N26/K26 -> 0.86872526 | S26: 0.49444444 | T26: 0.62600694 | U26: 56.583333 | V26: 189.45 | AA26: =M26-J26 -> -262.54949 | AB26: =M26/J26 -> 0.86872526
B27: 便當 | C27: 鰻牛雙饗匠食盒 | E27: 68.73 | F27: 2275 | G27: =E27*F27 -> 156360.75 | I27: 26 | J27: 2000 | K27: =J27/I27 -> 76.923077 | L27: 26 | M27: =F27/V27*60 -> 1644.5783 | N27: =M27/L27 -> 63.253012 | O27: =L27-I27 -> 0 | P27: =N27-K27 -> -13.670065 | Q27: =N27/K27 -> 0.82228916 | S27: 0.63125 | T27: 0.68888889 | U27: 7.55 | V27: 83 | AA27: =M27-J27 -> -355.42169 | AB27: =M27/J27 -> 0.82228916
AQ29: =AI8 -> 0
B38: 平均 | I38: =AVERAGE(I22:I37) -> 25.5 | J38: =AVERAGE(J22:J37) -> 2000 | K38: =J38/I38 -> 78.431373 | L38: =AVERAGE(L22:L37) -> 25.5 | M38: =AVERAGE(M22:M37) -> 1682.0739 | N38: =M38/L38 -> 65.963684 | O38: =L38-I38 -> 0 | P38: =N38-K38 -> -12.467689 | Q38: =N38/K38 -> 0.84103697 | S38: =S22 -> 0.16666667 | T38: =INDEX(T22:T37,COUNTA(T22:T37)) -> 0.68888889 | AA38: =M38-J38 -> -317.92607 | AB38: =M38/J38 -> 0.84103697
A39: 涼麵一線 | B39: 熱食義麵 | C39: 金沙豆腐細扁麵 | E39: 49.52 | F39: 3185 | G39: =E39*F39 -> 157721.2 | I39: 24 | J39: 2000 | K39: =J39/I39 -> 83.333333 | L39: 24 | M39: =F39/V39*60 -> 1708.0292 | N39: =M39/L39 -> 71.167883 | O39: =L39-I39 -> 0 | P39: =N39-K39 -> -12.16545 | Q39: =N39/K39 -> 0.8540146 | R39: =Q55 -> 0.8511878 | S39: 0.25008102 | T39: 0.32777778 | V39: 111.88333 | AA39: =M39-J39 -> -291.9708 | AB39: =M39/J39 -> 0.8540146 | AC39: =AB55 -> 0.8511878
B40: 便當 | C40: 悟家厚切排骨便當 | E40: 59.8 | F40: 854 | G40: =E40*F40 -> 51069.2 | I40: 14 | J40: 2000 | K40: =J40/I40 -> 142.85714 | L40: 14 | M40: =F40/V40*60 -> 1655.5735 | N40: =M40/L40 -> 118.25525 | O40: =L40-I40 -> 0 | P40: =N40-K40 -> -24.601892 | Q40: =N40/K40 -> 0.82778675 | S40: 0.33128472 | T40: 0.35277778 | U40: 5.05 | V40: 30.95 | AA40: =M40-J40 -> -344.42649 | AB40: =M40/J40 -> 0.82778675
B41: 小菜、微波 | C41: 越式牛肉寬粉 | E41: 51.82 | F41: 2742 | G41: =E41*F41 -> 142090.44 | I41: 23 | J41: 1800 | K41: =J41/I41 -> 78.26087 | L41: 23 | M41: =F41/V41*60 -> 1530.6559 | N41: =M41/L41 -> 66.550257 | O41: =L41-I41 -> 0 | P41: =N41-K41 -> -11.710612 | Q41: =N41/K41 -> 0.8503644 | S41: 0.35555556 | T41: 0.43019676 | U41: 4 | V41: 107.48333 | AA41: =M41-J41 -> -269.34408 | AB41: =M41/J41 -> 0.8503644
B42: 便當 | C42: 美式雞丁餐盒 | E42: 59.34 | F42: 2201 | G42: =E42*F42 -> 130607.34 | I42: 24 | J42: 2000 | K42: =J42/I42 -> 83.333333 | L42: 24 | M42: =F42/V42*60 -> 1692.3537 | N42: =M42/L42 -> 70.514737 | O42: =L42-I42 -> 0 | P42: =N42-K42 -> -12.818596 | Q42: =N42/K42 -> 0.84617685 | S42: 0.43541667 | T42: 0.48960648 | U42: 7.5166667 | V42: 78.033333 | W42: 0.48960648 | X42: 0.52986111 | AA42: =M42-J42 -> -307.6463 | AB42: =M42/J42 -> 0.84617685
B43: 季節調理麵 | C43: 日式胡麻雞絲冷麵 | E43: 46.93 | F43: 1561 | G43: =E43*F43 -> 73257.73 | I43: 21 | J43: 2000 | K43: =J43/I43 -> 95.238095 | L43: 21 | M43: =F43/V43*60 -> 1755.0281 | N43: =M43/L43 -> 83.572767 | O43: =L43-I43 -> 0 | P43: =N43-K43 -> -11.665328 | Q43: =N43/K43 -> 0.87751405 | S43: 0.52986111 | T43: 0.5669213 | U43: 57.966667 | V43: 53.366667 | AA43: =M43-J43 -> -244.97189 | AB43: =M43/J43 -> 0.87751405
B55: 平均 | I55: =AVERAGE(I39:I54) -> 21.2 | J55: =AVERAGE(J39:J54) -> 1960 | K55: =J55/I55 -> 92.45283 | L55: =AVERAGE(L39:L54) -> 21.2 | M55: =AVERAGE(M39:M54) -> 1668.3281 | N55: =M55/L55 -> 78.694721 | O55: =L55-I55 -> 0 | P55: =N55-K55 -> -13.758109 | Q55: =N55/K55 -> 0.8511878 | S55: =S39 -> 0.25008102 | T55: =INDEX(T39:T54,COUNTA(T39:T54)) -> 0.5669213 | AA55: =M55-J55 -> -291.67192 | AB55: =M55/J55 -> 0.8511878
A56: 涼麵二線 | B56: 便當 | C56: 韓味豬肉時蔬拌拌餐盒 | E56: 59.36 | F56: 1689 | G56: =E56*F56 -> 100259.04 | I56: 23 | J56: 2000 | K56: =J56/I56 -> 86.956522 | L56: 23 | M56: =F56/V56*60 -> 1698.4358 | N56: =M56/L56 -> 73.845033 | O56: =L56-I56 -> 0 | P56: =N56-K56 -> -13.111489 | Q56: =N56/K56 -> 0.84921788 | R56: =Q72 -> 0.84095837 | S56: 0.25023148 | T56: 0.29166667 | V56: 59.666667 | AA56: =M56-J56 -> -301.56425 | AB56: =M56/J56 -> 0.84921788 | AC56: =AB72 -> 0.84095837
B57: 便當 | C57: 蒲燒玉子鰻飯 | E57: 102.83 | F57: 1491 | G57: =E57*F57 -> 153319.53 | I57: 19 | J57: 2000 | K57: =J57/I57 -> 105.26316 | L57: 19 | M57: =F57/V57*60 -> 1693.2492 | N57: =M57/L57 -> 89.11838 | O57: =L57-I57 -> 0 | P57: =N57-K57 -> -16.144778 | Q57: =N57/K57 -> 0.84662461 | S57: 0.29456019 | T57: 0.33125 | U57: 4.1666667 | V57: 52.833333 | AA57: =M57-J57 -> -306.75079 | AB57: =M57/J57 -> 0.84662461
B58: 微波主食 | C58: 日式中濃醬炭火漢堡排飯 | E58: 56.85 | F58: 886 | G58: =E58*F58 -> 50369.1 | I58: 21 | J58: 2000 | K58: =J58/I58 -> 95.238095 | L58: 21 | M58: =F58/V58*60 -> 1631.509 | N58: =M58/L58 -> 77.690902 | O58: =L58-I58 -> 0 | P58: =N58-K58 -> -17.547193 | Q58: =N58/K58 -> 0.81575448 | S58: 0.33501157 | T58: 0.35763889 | U58: 5.4166667 | V58: 32.583333 | AA58: =M58-J58 -> -368.49105 | AB58: =M58/J58 -> 0.81575448
B59: 便當 | C59: 經典滷肉飯 | E59: 47.37 | F59: 1775 | G59: =E59*F59 -> 84081.75 | I59: 21 | J59: 2000 | K59: =J59/I59 -> 95.238095 | L59: 21 | M59: =F59/V59*60 -> 1670.5882 | N59: =M59/L59 -> 79.551821 | O59: =L59-I59 -> 0 | P59: =N59-K59 -> -15.686275 | Q59: =N59/K59 -> 0.83529412 | S59: 0.36197917 | T59: 0.40625 | U59: 6.25 | V59: 63.75 | AA59: =M59-J59 -> -329.41176 | AB59: =M59/J59 -> 0.83529412
B60: 便當 | C60: 嫩烤香料雞胸排蔬滿盒 | E60: 77.34 | F60: 2716 | G60: =E60*F60 -> 210055.44 | I60: 25 | J60: 2000 | K60: =J60/I60 -> 80 | L60: 25 | M60: =F60/V60*60 -> 1674.2466 | N60: =M60/L60 -> 66.969863 | O60: =L60-I60 -> 0 | P60: =N60-K60 -> -13.030137 | Q60: =N60/K60 -> 0.83712329 | S60: 0.41111111 | T60: 0.4787037 | U60: 7 | V60: 97.333333 | W60: 0.4787037 | X60: 0.51694444 | AA60: =M60-J60 -> -325.75342 | AB60: =M60/J60 -> 0.83712329
B61: 便當 | C61: 一口滷魂便當 | E61: 53.37 | F61: 1282 | G61: =E61*F61 -> 68420.34 | I61: 25 | J61: 2000 | K61: =J61/I61 -> 80 | L61: 25 | M61: =F61/V61*60 -> 1686.8421 | N61: =M61/L61 -> 67.473684 | O61: =L61-I61 -> 0 | P61: =N61-K61 -> -12.526316 | Q61: =N61/K61 -> 0.84342105 | S61: 0.51694444 | T61: 0.54861111 | U61: 55.066667 | V61: 45.6 | AA61: =M61-J61 -> -313.15789 | AB61: =M61/J61 -> 0.84342105
B62: 便當 | C62: 烤蛋白餐盒 | E62: 58.67 | F62: 4072 | G62: =E62*F62 -> 238904.24 | I62: 25 | J62: 2000 | K62: =J62/I62 -> 80 | L62: 25 | M62: =F62/V62*60 -> 1718.5463 | N62: =M62/L62 -> 68.741852 | O62: =L62-I62 -> 0 | P62: =N62-K62 -> -11.258148 | Q62: =N62/K62 -> 0.85927315 | S62: 0.55347222 | T62: 0.65219907 | U62: 7 | V62: 142.16667 | AA62: =M62-J62 -> -281.45369 | AB62: =M62/J62 -> 0.85927315
B72: 平均 | I72: =AVERAGE(I56:I71) -> 22.714286 | J72: =AVERAGE(J56:J71) -> 2000 | K72: =J72/I72 -> 88.050314 | L72: =AVERAGE(L56:L71) -> 22.714286 | M72: =AVERAGE(M56:M71) -> 1681.9167 | N72: =M72/L72 -> 74.046649 | O72: =L72-I72 -> 0 | P72: =N72-K72 -> -14.003666 | Q72: =N72/K72 -> 0.84095837 | S72: =S56 -> 0.25023148 | T72: =INDEX(T56:T71,COUNTA(T56:T71)) -> 0.65219907 | AA72: =M72-J72 -> -318.08327 | AB72: =M72/J72 -> 0.84095837
A73: 涼麵三線 | B73: 季節調理麵 | C73: 椒麻香蔥雞涼拌麵 | E73: 37.94 | F73: 4241 | G73: =E73*F73 -> 160903.54 | I73: 21 | J73: 3600 | K73: =J73/I73 -> 171.42857 | L73: 21 | M73: =F73/V73*60 -> 3000.7075 | N73: =M73/L73 -> 142.89084 | O73: =L73-I73 -> 0 | P73: =N73-K73 -> -28.537736 | Q73: =N73/K73 -> 0.83352987 | R73: =Q89 -> 0.84965737 | S73: 0.16680556 | T73: 0.22569444 | V73: 84.8 | AA73: =M73-J73 -> -599.29245 | AB73: =M73/J73 -> 0.83352987 | AC73: =AB89 -> 0.84965737
B74: 季節調理麵 | C74: 柚香海藻冷麵 | E74: 38.1 | F74: 338 | G74: =E74*F74 -> 12877.8 | I74: 21 | J74: 3600 | K74: =J74/I74 -> 171.42857 | L74: 21 | M74: =F74/V74*60 -> 2883.4123 | N74: =M74/L74 -> 137.30535 | O74: =L74-I74 -> 0 | P74: =N74-K74 -> -34.123223 | Q74: =N74/K74 -> 0.80094787 | S74: 0.23125 | T74: 0.23613426 | U74: 8 | V74: 7.0333333 | AA74: =M74-J74 -> -716.58768 | AB74: =M74/J74 -> 0.80094787
B75: 季節調理麵 | C75: 酸辣麻醬細冷麵 | E75: 32.06 | F75: 3848 | G75: =E75*F75 -> 123366.88 | I75: 21 | J75: 3600 | K75: =J75/I75 -> 171.42857 | L75: 21 | M75: =F75/V75*60 -> 2990.6736 | N75: =M75/L75 -> 142.41303 | O75: =L75-I75 -> 0 | P75: =N75-K75 -> -29.015544 | Q75: =N75/K75 -> 0.83074266 | S75: 0.24097222 | T75: 0.29458333 | U75: 6.9666667 | V75: 77.2 | AA75: =M75-J75 -> -609.32642 | AB75: =M75/J75 -> 0.83074266
B76: 季節調理麵 | C76: 和風涓絲冷麵 | E76: 28.29 | F76: 3666 | G76: =E76*F76 -> 103711.14 | I76: 19 | J76: 3600 | K76: =J76/I76 -> 189.47368 | L76: 19 | M76: =F76/V76*60 -> 2993.3318 | N76: =M76/L76 -> 157.54378 | O76: =L76-I76 -> 0 | P76: =N76-K76 -> -31.929904 | Q76: =N76/K76 -> 0.83148106 | S76: 0.3 | T76: 0.35103009 | U76: 7.8 | V76: 73.483333 | AA76: =M76-J76 -> -606.66818 | AB76: =M76/J76 -> 0.83148106
B77: 季節調理麵 | C77: 芝麻鰹魚烏龍冷麵 | E77: 38.99 | F77: 2169 | G77: =E77*F77 -> 84569.31 | I77: 19 | J77: 3600 | K77: =J77/I77 -> 189.47368 | L77: 19 | M77: =F77/V77*60 -> 2968.9734 | N77: =M77/L77 -> 156.26176 | O77: =L77-I77 -> 0 | P77: =N77-K77 -> -33.211927 | Q77: =N77/K77 -> 0.82471483 | S77: 0.3556713 | T77: 0.38611111 | U77: 6.6833333 | V77: 43.833333 | AA77: =M77-J77 -> -631.02662 | AB77: =M77/J77 -> 0.82471483
B78: 季節調理麵 | C78: 台式麻醬涼麵 | E78: 31.27 | F78: 2953 | G78: =E78*F78 -> 92340.31 | I78: 19 | J78: 3600 | K78: =J78/I78 -> 189.47368 | L78: 19 | M78: =F78/V78*60 -> 2994.5915 | N78: =M78/L78 -> 157.61008 | O78: =L78-I78 -> 0 | P78: =N78-K78 -> -31.863603 | Q78: =N78/K78 -> 0.83183099 | S78: 0.39166667 | T78: 0.43275463 | U78: 8 | V78: 59.166667 | AA78: =M78-J78 -> -605.40845 | AB78: =M78/J78 -> 0.83183099
B79: 季節調理麵 | C79: 日式蕎麥沾麵 | E79: 36.86 | F79: 2972 | G79: =E79*F79 -> 109547.92 | I79: 21 | J79: 3600 | K79: =J79/I79 -> 171.42857 | L79: 21 | M79: =F79/V79*60 -> 3184.2857 | N79: =M79/L79 -> 151.63265 | O79: =L79-I79 -> 0 | P79: =N79-K79 -> -19.795918 | Q79: =N79/K79 -> 0.88452381 | S79: 0.43819444 | T79: 0.47708333 | U79: 7.8333333 | V79: 56 | W79: 0.47708333 | X79: 0.51805556 | AA79: =M79-J79 -> -415.71429 | AB79: =M79/J79 -> 0.88452381
B80: 季節調理麵 | C80: 日式擔擔冷麵 | E80: 43.61 | F80: 1253 | G80: =E80*F80 -> 54643.33 | I80: 22 | J80: 3600 | K80: =J80/I80 -> 163.63636 | L80: 22 | M80: =F80/V80*60 -> 3132.5 | N80: =M80/L80 -> 142.38636 | O80: =L80-I80 -> 0 | P80: =N80-K80 -> -21.25 | Q80: =N80/K80 -> 0.87013889 | S80: 0.51805556 | T80: 0.53472222 | U80: 59 | V80: 24 | AA80: =M80-J80 -> -467.5 | AB80: =M80/J80 -> 0.87013889
B81: 季節調理麵 | C81: 大滿足麻醬涼麵 | E81: 38 | F81: 1767 | G81: =E81*F81 -> 67146 | H81: 2 | I81: 21 | J81: 3600 | K81: =J81/I81 -> 171.42857 | L81: 21 | M81: =F81/V81*60 -> 3153.7928 | N81: =M81/L81 -> 150.18061 | O81: =L81-I81 -> 0 | P81: =N81-K81 -> -21.247964 | Q81: =N81/K81 -> 0.87605354 | S81: 0.53915509 | T81: 0.5625 | U81: 6.3833333 | V81: 33.616667 | AA81: =M81-J81 -> -446.20724 | AB81: =M81/J81 -> 0.87605354
B82: 季節調理麵 | C82: 大滿足香辣涼麵 | E82: 38.63 | F82: 4285 | G82: =E82*F82 -> 165529.55 | I82: 20 | J82: 3600 | K82: =J82/I82 -> 180 | L82: 20 | M82: =F82/V82*60 -> 3174.0741 | N82: =M82/L82 -> 158.7037 | O82: =L82-I82 -> 0 | P82: =N82-K82 -> -21.296296 | Q82: =N82/K82 -> 0.88168724 | S82: 0.56666667 | T82: 0.62291667 | U82: 6 | V82: 81 | AA82: =M82-J82 -> -425.92593 | AB82: =M82/J82 -> 0.88168724
B83: 季節調理麵 | C83: 大滿足麻醬涼麵 | E83: 38 | F83: 4734 | G83: =E83*F83 -> 179892 | I83: 21 | J83: 3600 | K83: =J83/I83 -> 171.42857 | L83: 21 | M83: =F83/V83*60 -> 3170.0893 | N83: =M83/L83 -> 150.95663 | O83: =L83-I83 -> 0 | P83: =N83-K83 -> -20.471939 | Q83: =N83/K83 -> 0.88058036 | S83: 0.62672454 | T83: 0.68894676 | U83: 5.4833333 | V83: 89.6 | AA83: =M83-J83 -> -429.91071 | AB83: =M83/J83 -> 0.88058036
T84: 3
B89: 平均 | I89: =AVERAGE(I73:I88) -> 20.454545 | J89: =AVERAGE(J73:J88) -> 3600 | K89: =J89/I89 -> 176 | L89: =AVERAGE(L73:L88) -> 20.454545 | M89: =AVERAGE(M73:M88) -> 3058.7665 | N89: =M89/L89 -> 149.5397 | O89: =L89-I89 -> 0 | P89: =N89-K89 -> -26.460302 | Q89: =N89/K89 -> 0.84965737 | S89: =S73 -> 0.16680556 | T89: =INDEX(T73:T88,COUNTA(T73:T88)) -> 3 | AA89: =M89-J89 -> -541.23345 | AB89: =M89/J89 -> 0.84965737
A90: 自動包裝機 | B90: 飯糰 | C90: 大口蒜味香腸燒肉雙拼飯糰 | E90: 34.23 | F90: 1901 | G90: =E90*F90 -> 65071.23 | I90: 16 | J90: 3000 | K90: =J90/I90 -> 187.5 | L90: 16 | M90: =F90/V90*60 -> 2530.9172 | N90: =M90/L90 -> 158.18232 | O90: =L90-I90 -> 0 | P90: =N90-K90 -> -29.317678 | Q90: =N90/K90 -> 0.84363905 | R90: =Q106 -> 0.8527994 | S90: 0.25 | T90: 0.2812963 | V90: 45.066667 | AA90: =M90-J90 -> -469.08284 | AB90: =M90/J90 -> 0.84363905 | AC90: =AB106 -> 0.8527994
B91: 飯糰 | C91: 大口花椒香麻雞飯糰 | E91: 34.77 | F91: 1453 | G91: =E91*F91 -> 50520.81 | I91: 11 | J91: 3000 | K91: =J91/I91 -> 272.72727 | L91: 11 | M91: =F91/V91*60 -> 2518.4401 | N91: =M91/L91 -> 228.9491 | O91: =L91-I91 -> 0 | P91: =N91-K91 -> -43.778177 | Q91: =N91/K91 -> 0.83948002 | S91: 0.28637731 | T91: 0.31041667 | U91: 7.3166667 | V91: 34.616667 | AA91: =M91-J91 -> -481.55994 | AB91: =M91/J91 -> 0.83948002
B92: 飯糰 | C92: 大口法式蕈菇起司雞排飯糰 | E92: 35.83 | F92: 4660 | G92: =E92*F92 -> 166967.8 | I92: 12 | J92: 3273 | K92: =J92/I92 -> 272.75 | L92: 12 | M92: =F92/V92*60 -> 2845.8015 | N92: =M92/L92 -> 237.15013 | O92: =L92-I92 -> 0 | P92: =N92-K92 -> -35.599873 | Q92: =N92/K92 -> 0.86947801 | S92: 0.3625 | T92: 0.43072917 | U92: 6.65 | V92: 98.25 | AA92: =M92-J92 -> -427.19847 | AB92: =M92/J92 -> 0.86947801
B93: 飯糰 | C93: 大口義式香草雞腿排飯糰 | E93: 36.41 | F93: 3988 | G93: =E93*F93 -> 145203.08 | I93: 11 | J93: 3273 | K93: =J93/I93 -> 297.54545 | L93: 11 | M93: =F93/V93*60 -> 2804.0625 | N93: =M93/L93 -> 254.91477 | O93: =L93-I93 -> 0 | P93: =N93-K93 -> -42.630682 | Q93: =N93/K93 -> 0.85672548 | S93: 0.43611111 | T93: 0.49537037 | U93: 7.75 | V93: 85.333333 | AA93: =M93-J93 -> -468.9375 | AB93: =M93/J93 -> 0.85672548
B106: 平均 | I106: =AVERAGE(I90:I105) -> 12.5 | J106: =AVERAGE(J90:J105) -> 3136.5 | K106: =J106/I106 -> 250.92 | L106: =AVERAGE(L90:L105) -> 12.5 | M106: =AVERAGE(M90:M105) -> 2674.8053 | N106: =M106/L106 -> 213.98442 | O106: =L106-I106 -> 0 | P106: =N106-K106 -> -36.935575 | Q106: =N106/K106 -> 0.8527994 | S106: =S90 -> 0.25 | T106: =INDEX(T90:T105,COUNTA(T90:T105)) -> 0.49537037 | AA106: =M106-J106 -> -461.69469 | AB106: =M106/J106 -> 0.8527994
A107: 自動包裝機3 | B107: 壽司手卷 | C107: 日式明太子炙烤牛飯卷 | E107: 26.63 | F107: 775 | G107: =E107*F107 -> 20638.25 | I107: 6 | J107: 2600 | K107: =J107/I107 -> 433.33333 | L107: 6 | M107: =F107/V107*60 -> 2099.3228 | N107: =M107/L107 -> 349.88713 | O107: =L107-I107 -> 0 | P107: =N107-K107 -> -83.4462 | Q107: =N107/K107 -> 0.80743185 | R107: =Q123 -> 0.82826931 | S107: 0.33194444 | T107: 0.34732639 | V107: 22.15 | AA107: =M107-J107 -> -500.6772 | AB107: =M107/J107 -> 0.80743185 | AC107: =AB123 -> 0.82826931
B108: 飯糰 | C108: 鮭魚炙燒明太子烤飯糰 | E108: 24.94 | F108: 1304 | G108: =E108*F108 -> 32521.76 | I108: 6 | J108: 2600 | K108: =J108/I108 -> 433.33333 | L108: 6 | M108: =F108/V108*60 -> 2172.3276 | N108: =M108/L108 -> 362.0546 | O108: =L108-I108 -> 0 | P108: =N108-K108 -> -71.278729 | Q108: =N108/K108 -> 0.83551063 | S108: 0.35069444 | T108: 0.37570602 | U108: 4.85 | V108: 36.016667 | AA108: =M108-J108 -> -427.67237 | AB108: =M108/J108 -> 0.83551063
B109: 飯糰 | C109: 淡麗清酒蒸蛤蜊烤飯糰 | E109: 24.73 | F109: 1745 | G109: =E109*F109 -> 43153.85 | I109: 6 | J109: 2600 | K109: =J109/I109 -> 433.33333 | L109: 6 | M109: =F109/V109*60 -> 2188.8502 | N109: =M109/L109 -> 364.80836 | O109: =L109-I109 -> 0 | P109: =N109-K109 -> -68.524971 | Q109: =N109/K109 -> 0.84186545 | S109: 0.37928241 | T109: 0.4125 | U109: 5.15 | V109: 47.833333 | AA109: =M109-J109 -> -411.14983 | AB109: =M109/J109 -> 0.84186545
B123: 平均 | I123: =AVERAGE(I107:I122) -> 6 | J123: =AVERAGE(J107:J122) -> 2600 | K123: =J123/I123 -> 433.33333 | L123: =AVERAGE(L107:L122) -> 6 | M123: =AVERAGE(M107:M122) -> 2153.5002 | N123: =M123/L123 -> 358.9167 | O123: =L123-I123 -> 0 | P123: =N123-K123 -> -74.416633 | Q123: =N123/K123 -> 0.82826931 | S123: =S107 -> 0.33194444 | T123: =INDEX(T107:T122,COUNTA(T107:T122)) -> 0.4125 | AA123: =M123-J123 -> -446.4998 | AB123: =M123/J123 -> 0.82826931
A124: 涼麵一線 (二配) | B124: 微波主食 | C124: 二配薯勾以蛋包飯 | E124: 49.91 | F124: 1182 | G124: =E124*F124 -> 58993.62 | I124: 26 | J124: 2000 | K124: =J124/I124 -> 76.923077 | L124: 26 | M124: =F124/V124*60 -> 1700.7194 | N124: =M124/L124 -> 65.412286 | O124: =L124-I124 -> 0 | P124: =N124-K124 -> -11.510791 | Q124: =N124/K124 -> 0.85035971 | R124: =Q140 -> 0.85493238 | S124: 0.70854167 | T124: 0.7375 | V124: 41.7 | AA124: =M124-J124 -> -299.28058 | AB124: =M124/J124 -> 0.85035971 | AC124: =AB140 -> 0.85493238
B125: 微波主食 | C125: 二配里肌豬排可可咖哩歐姆蛋飯 | E125: 56.79 | F125: 1912 | G125: =E125*F125 -> 108582.48 | I125: 23 | J125: 2000 | K125: =J125/I125 -> 86.956522 | L125: 23 | M125: =F125/V125*60 -> 1715.2255 | N125: =M125/L125 -> 74.575022 | O125: =L125-I125 -> 0 | P125: =N125-K125 -> -12.381499 | Q125: =N125/K125 -> 0.85761276 | S125: 0.74105324 | T125: 0.7875 | U125: 5.1166667 | V125: 66.883333 | AA125: =M125-J125 -> -284.77448 | AB125: =M125/J125 -> 0.85761276
B126: 微波主食 | C126: 二配鐵板蘑菇肉醬起司焗飯 | E126: 44.3 | F126: 1667 | G126: =E126*F126 -> 73848.1 | I126: 17 | J126: 2000 | K126: =J126/I126 -> 117.64706 | L126: 17 | M126: =F126/V126*60 -> 1713.6493 | N126: =M126/L126 -> 100.8029 | O126: =L126-I126 -> 0 | P126: =N126-K126 -> -16.844156 | Q126: =N126/K126 -> 0.85682467 | S126: 0.79236111 | T126: 0.83289352 | U126: 7 | V126: 58.366667 | AA126: =M126-J126 -> -286.35066 | AB126: =M126/J126 -> 0.85682467
B140: 平均 | I140: =AVERAGE(I124:I139) -> 22 | J140: =AVERAGE(J124:J139) -> 2000 | K140: =J140/I140 -> 90.909091 | L140: =AVERAGE(L124:L139) -> 22 | M140: =AVERAGE(M124:M139) -> 1709.8648 | N140: =M140/L140 -> 77.721126 | O140: =L140-I140 -> 0 | P140: =N140-K140 -> -13.187965 | Q140: =N140/K140 -> 0.85493238 | S140: =S124 -> 0.70854167 | T140: =INDEX(T124:T139,COUNTA(T124:T139)) -> 0.83289352 | AA140: =M140-J140 -> -290.13524 | AB140: =M140/J140 -> 0.85493238
A141: 涼麵二線 (二配) | B141: 微波主食 | C141: 二配三杯海瓜子好下飯 | E141: 50.67 | F141: 1079 | G141: =E141*F141 -> 54672.93 | I141: 22 | J141: 2000 | K141: =J141/I141 -> 90.909091 | L141: 22 | M141: =F141/V141*60 -> 1696.9856 | N141: =M141/L141 -> 77.135708 | O141: =L141-I141 -> 0 | P141: =N141-K141 -> -13.773383 | Q141: =N141/K141 -> 0.84849279 | R141: =Q157 -> 0.85341448 | S141: 0.70833333 | T141: 0.73482639 | V141: 38.15 | AA141: =M141-J141 -> -303.01442 | AB141: =M141/J141 -> 0.84849279 | AC141: =AB157 -> 0.85341448
B142: 微波主食 | C142: 二配黃金雞排蘑菇白醬歐姆蛋飯 | E142: 56.87 | F142: 1481 | G142: =E142*F142 -> 84224.47 | I142: 23 | J142: 2000 | K142: =J142/I142 -> 86.956522 | L142: 23 | M142: =F142/V142*60 -> 1708.8462 | N142: =M142/L142 -> 74.297659 | O142: =L142-I142 -> 0 | P142: =N142-K142 -> -12.658863 | Q142: =N142/K142 -> 0.85442308 | S142: 0.74027778 | T142: 0.77638889 | U142: 7.85 | V142: 52 | AA142: =M142-J142 -> -291.15385 | AB142: =M142/J142 -> 0.85442308
B143: 微波主食 | C143: 二配哞哞培根奶香海陸焗飯 | E143: 47.6 | F143: 1989 | G143: =E143*F143 -> 94676.4 | I143: 23 | J143: 2000 | K143: =J143/I143 -> 86.956522 | L143: 23 | M143: =F143/V143*60 -> 1714.6552 | N143: =M143/L143 -> 74.550225 | O143: =L143-I143 -> 0 | P143: =N143-K143 -> -12.406297 | Q143: =N143/K143 -> 0.85732759 | S143: 0.78222222 | T143: 0.83055556 | U143: 8.4 | V143: 69.6 | AA143: =M143-J143 -> -285.34483 | AB143: =M143/J143 -> 0.85732759
B157: 平均 | I157: =AVERAGE(I141:I156) -> 22.666667 | J157: =AVERAGE(J141:J156) -> 2000 | K157: =J157/I157 -> 88.235294 | L157: =AVERAGE(L141:L156) -> 22.666667 | M157: =AVERAGE(M141:M156) -> 1706.829 | N157: =M157/L157 -> 75.301278 | O157: =L157-I157 -> 0 | P157: =N157-K157 -> -12.934016 | Q157: =N157/K157 -> 0.85341448 | S157: =S141 -> 0.70833333 | T157: =INDEX(T141:T156,COUNTA(T141:T156)) -> 0.83055556 | AA157: =M157-J157 -> -293.17103 | AB157: =M157/J157 -> 0.85341448
Y159: 原因回覆
Y160: 1.當日出勤人數較多
Y161: 2.當日出勤人數較少
Y162: 3.當日出勤熟手較多
Y163: 4.當日出勤新人較多
Y164: 5.機台夾盒
Y165: 6.封膜不順
Y166: 7.更換膠膜
Y167: 8.更換碳帶
Y168: 9.當日熱轉印碳帶異常
Y169: 10.訂單量過少
Y170: 11.新品上市，尚未熟悉
Y171: 12.活動期間品項需貼標

Sheet 0730
B1: 屏榮 大溪廠組合室生產人時性分析
B3: 日期 | C3: 114.07.30星期三 | E3: 訂單量 | F3: ='0730(18度C)'!D1+'0730(4度C)'!D1 -> 238326 | H3: 營業額 | I3: ='0730(18度C)'!F1+'0730(4度C)'!F1 -> 7772637.8
B4: 人時性 | C4: 項目 | E4: ➀ | G4: ➁ | I4: ➂ | K4: ④ | M4: ⑤
C5: 組合室 | E5: 全溫層 | G5: 4度C-各編組展開(一配) | I5: 4度C-各編組展開(二配) | K5: 18度C-各編組展開(一配) | M5: 18度C-各編組展開(二配)
C6: 排關平均 | E6: =AVERAGE(D13:O13,D27:X27) -> 499.78255 | F6: =AVERAGE(#REF!,D13:K13) -> #REF! | G6: =AVERAGE(D13:K13) -> 175.27087 | I6: =AVERAGE(L13:O13) -> 89.572193 | K6: =AVERAGE(D27:O27) -> 688.59363 | M6: =AVERAGE(P27:X27) -> 763.36818
C7: 實績平均 | E7: =AVERAGE(D14:O14,D28:X28) -> 421.08299 | F7: =AVERAGE(#REF!,D14:K14) -> #REF! | G7: =AVERAGE(D14:K14) -> 147.65526 | I7: =AVERAGE(L14:O14) -> 76.507808 | K7: =AVERAGE(D28:O28) -> 580.0661 | M7: =AVERAGE(P28:X28) -> 642.96292
C8: 達成率平均 | E8: =AVERAGE(D15:O15,D29:X29) -> 0.84551512 | F8: =AVERAGE(D15:K15,#REF!) -> #REF! | G8: =AVERAGE(D15:K15) -> 0.84495769 | I8: =AVERAGE(L15:O15) -> 0.85413741 | K8: =AVERAGE(D29:O29) -> 0.84405679 | M8: =AVERAGE(P29:X29) -> 0.84523579 | O8: ※現行日本鮮食廠以達成率80%為基本(即為現行KPI)
B10: 溫層 | D10: ➁4度C-各編組展開 | L10: ➂4度C-各編組展開
B11: 編組 | D11: 1 | E11: 2 | F11: 3 | G11: 4 | H11: 5 | I11: 6 | J11: 7 | K11: 8 | L11: 1 | M11: 2 | N11: 3 | O11: 4
D12: 便當一線 | E12: 便當二線 | F12: 涼麵一線 | G12: 涼麵二線 | H12: 涼麵三線 | I12: 自動包裝機 | J12: 自動包裝機2 | K12: 自動包裝機3 | L12: 便當一線 | M12: 便當二線 | N12: 涼麵一線 | O12: 涼麵二線
B13: 人時性 | C13: 排關 | D13: 113.26531 | E13: 78.431373 | F13: 89.090909 | G13: 89.74359 | H13: 172.11155 | I13: 250.92 | J13: - | K13: 433.33333 | L13: - | M13: - | N13: 90.909091 | O13: 88.235294
C14: 實績 | D14: 96.870717 | E14: 65.398037 | F14: 75.53284 | G14: 75.69987 | H14: 146.68198 | I14: 213.87484 | J14: - | K14: 359.52857 | L14: - | M14: - | N14: 77.70652 | O14: 75.309096
C15: 達成率 | D15: =D14/D13 -> 0.85525498 | E15: =E14/E13 -> 0.83382497 | F15: =F14/F13 -> 0.84781759 | G15: =G14/G13 -> 0.84351284 | H15: =H14/H13 -> 0.85224947 | I15: =I14/I13 -> 0.85236268 | J15: - | K15: =K14/K13 -> 0.82968131 | L15: - | M15: - | N15: =N14/N13 -> 0.85477172 | O15: =O14/O13 -> 0.85350309
B16: 作業 時間 | C16: 開始 | D16: 0.25010417 | E16: 0.16695602 | F16: 0.25 | G16: 0.16699074 | H16: 0.16666667 | I16: 0.2502662 | J16: - | K16: 0.33417824 | L16: - | M16: - | N16: 0.70844907 | O16: 0.70833333
C17: 結束 | D17: 0.61327546 | E17: 0.66075231 | F17: 0.65347222 | G17: 0.58335648 | H17: 0.71144676 | I17: 0.53902778 | J17: - | K17: 0.44733796 | L17: - | M17: - | N17: 0.85081019 | O17: 0.84616898
B18: 配置人數 | D18: 16.333333 | E18: 25.5 | F18: 22 | G18: 22.285714 | H18: 20.916667 | I18: 12.5 | J18: - | K18: 6 | L18: - | M18: - | N18: 22 | O18: 22.666667
B19: 主要應用設備 | D19: L型封口機 | E19: ET-55 | F19: ET-55 | G19: ET-55 | H19: ET-600 | I19: 伺服包裝機 | J19: 伺服包裝機 | K19: 伺服包裝機 | L19: L型封口機 | M19: ET-55 | N19: ET-55 | O19: ET-55
B20: 次要應用設備 | D20: 伺服包裝機 | H20: 伺服包裝機
B21: 備註 | H21: 涼麵+烤飯糰 | I21: 大口飯糰線 | K21: 烤飯糰+手卷
B24: 溫層 | D24: ➃18度C-各編組展開 (一配) | P24: ⑤18度C-各編組展開 (二配)
B25: 編組 | D25: 1 | E25: 2 | F25: 3 | G25: 4 | H25: 5 | I25: 6 | J25: 7 | K25: 8 | L25: 9 | M25: 10 | N25: 11 | O25: 12 | P25: 1 | Q25: 2 | R25: 3 | S25: 4 | T25: 5 | U25: 6 | V25: 7 | W25: 8 | X25: 9
D26: 便當一線 | E26: 涼麵一線 | F26: 涼麵三線 | G26: 自動包裝機 | H26: 自動包裝機2 | I26: 自動包裝機3 | J26: 味付飯糰線B | K26: (舊) 3300型飯糰線 | L26: 3000型飯糰線 | M26: (新) 3300型飯糰機 | N26: GKK3600型 飯糰機 | O26: GKK3600型 飯糰機2 | P26: 自動包裝機 | Q26: 自動包裝機2 | R26: 自動包裝機3 | S26: 味付飯糰線B | T26: (舊) 3300型飯糰線 | U26: 3000型飯糰線 | V26: (新) 3300型飯糰機 | W26: GKK3600型 飯糰機 | X26: GKK3600型 飯糰機2
B27: 人時性 | C27: 排關 | D27: 226.15 | E27: - | F27: - | G27: 272.72727 | H27: 433.33333 | I27: - | J27: 675 | K27: 1100 | L27: - | M27: 761.53846 | N27: 1200 | O27: 840 | P27: 226.65517 | Q27: - | R27: - | S27: 675 | T27: 768.75 | U27: - | V27: 776.47059 | W27: 1200 | X27: 933.33333
C28: 實績 | D28: 192.91093 | E28: - | F28: - | G28: 232.76841 | H28: 355.96724 | I28: - | J28: 589.36096 | K28: 934.73684 | L28: - | M28: 639.92063 | N28: 997.91353 | O28: 696.9503 | P28: 192.05591 | Q28: - | R28: - | S28: 599.12568 | T28: 642.12055 | U28: - | V28: 653.47415 | W28: 999.19216 | X28: 771.80906
C29: 達成率 | D29: =D28/D27 -> 0.853022 | E29: - | F29: - | G29: =G28/G27 -> 0.85348419 | H29: =H28/H27 -> 0.82146287 | I29: - | J29: =J28/J27 -> 0.87312734 | K29: =K28/K27 -> 0.84976077 | L29: - | M29: =M28/M27 -> 0.84029981 | N29: =N28/N27 -> 0.83159461 | O29: =O28/O27 -> 0.82970274 | P29: =P28/P27 -> 0.84734846 | Q29: - | R29: - | S29: =S28/S27 -> 0.88759359 | T29: =T28/T27 -> 0.83527876 | U29: - | V29: =V28/V27 -> 0.84159549 | W29: =W28/W27 -> 0.83266013 | X29: =X28/X27 -> 0.82693828
B30: 作業 時間 | C30: 開始 | D30: 0.39166667 | E30: - | F30: - | G30: 0.31681713 | H30: 0.25 | I30: - | J30: 0.25 | K30: 0.35277778 | L30: - | M30: 0.25023148 | N30: 0.25033565 | O30: 0.25016204 | P30: 0.70833333 | Q30: - | R30: - | S30: 0.70833333 | T30: 0.70833333 | U30: - | V30: 0.70856481 | W30: 0.70856481 | X30: 0.70849537
C31: 結束 | D31: 0.50277778 | E31: - | F31: - | G31: 0.3618287 | H31: 0.31461806 | I31: - | J31: 0.34888889 | K31: 0.3890625 | L31: - | M31: 0.4125463 | N31: 0.46875 | O31: 0.45981481 | P31: 0.85788194 | Q31: - | R31: - | S31: 0.87115741 | T31: 0.87361111 | U31: - | V31: 0.95417824 | W31: 0.96527778 | X31: 0.97868056
B32: 配置人數 | D32: 13.333333 | E32: - | F32: - | G32: 11 | H32: 6 | I32: - | J32: 4 | K32: 3 | L32: - | M32: 4.3333333 | N32: 3 | O32: 3.75 | P32: 14.5 | Q32: - | R32: - | S32: 4 | T32: 4 | U32: - | V32: 4.25 | W32: 3 | X32: 3.6
B33: 主要應用設備 | D33: 伺服包裝機 | E33: ET-55 | F33: ET-600 | G33: 夾心型 | H33: 伺服包裝機 | I33: 伺服包裝機 | J33: 夾心型 | K33: 3300型 | L33: 3300型 | M33: 3300型 | N33: GKK | O33: GKK | P33: 夾心型 | Q33: 伺服包裝機 | R33: 伺服包裝機 | S33: 夾心型 | T33: 3300型 | U33: 3300型 | V33: 3300型 | W33: GKK | X33: GKK
B34: 次要應用設備
B35: 備註

Sheet 0730(18度C)
A1: 大溪廠日報分析 | C1: 總生產量 | D1: =SUM(F5:F242) -> 122220 | E1: 營業額 | F1: =SUM(G5:G242) -> 2417453 | G1: 出勤人數 | H1: =L21+L38+L55+L72+L89+L106+L123+L140+L157+L174+L191+L208+L225+L242 -> 81.766667 | I1: 產線配置圖 | L1: 生產實績 | O1: 人時性差異分析 | S1: 日報登錄 | Y1: 分析說明 | AA1: 產能差異分析
A2: 45868 | C2: 人時性 | D2: =AVERAGE(N21,N38,N55,N72,N89,N106,N123,N140,N157,N174,N191,N208,N225,N242) -> 607.02188 | E2: 平均廠價 | F2: =F1/D1 -> 19.779521 | G2: 多次生產數 | H2: =COUNT(H5:H242) -> 3
A3: 線別 | B3: 品類 | C3: 品名 | E3: 廠價 | F3: 生產量 | G3: 營收 | H3: 多次 生產 | I3: 人數 | J3: 產能/時 | K3: 人時性 | L3: 人數 | M3: 產能/時 | N3: 人時性 | O3: 人數 | P3: 人時性 | Q3: 達成率 | R3: 達成率 平均 | S3: 生產時間 | U3: 換線、休息/分 | V3: 稼動時間/分 | W3: 休息時間 | Y3: (屏榮回填) | AA3: 產能/時 | AB3: 達成率 | AC3: 達成率平均
S4: 開始 | T4: 結束 | W4: 開始 | X4: 結束
A5: 便當一線 | B5: 壽司手卷 | C5: 一配海饌雙手卷 | E5: 29.85 | F5: 2161 | G5: =E5*F5 -> 64505.85 | I5: 17 | J5: 3273 | K5: =J5/I5 -> 192.52941 | L5: 17 | M5: =F5/V5*60 -> 2791.3886 | N5: =M5/L5 -> 164.19933 | O5: =L5-I5 -> 0 | P5: =N5-K5 -> -28.330083 | Q5: =N5/K5 -> 0.85285322 | R5: =Q21 -> 0.853022 | S5: 0.39166667 | T5: 0.42392361 | U5: 4 | V5: 46.45 | AA5: =M5-J5 -> -481.61141 | AB5: =M5/J5 -> 0.85285322 | AC5: =AB21 -> 0.853022
B6: 壽司手卷 | C6: 一配雙饗雙手卷 | E6: 29.52 | F6: 2231 | G6: =E6*F6 -> 65859.12 | I6: 17 | J6: 3273 | K6: =J6/I6 -> 192.52941 | L6: 17 | M6: =F6/V6*60 -> 2792.6287 | N6: =M6/L6 -> 164.27227 | O6: =L6-I6 -> 0 | P6: =N6-K6 -> -28.257138 | Q6: =N6/K6 -> 0.8532321 | S6: 0.42712963 | T6: 0.46041667 | U6: 4.6166667 | V6: 47.933333 | AA6: =M6-J6 -> -480.37135 | AB6: =M6/J6 -> 0.8532321
B7: 壽司手卷 | C7: 一配日式厚蛋脆卷 | E7: 21.61 | F7: 1902 | G7: =E7*F7 -> 41102.22 | I7: 6 | J7: 2500 | K7: =J7/I7 -> 416.66667 | L7: 6 | M7: =F7/V7*60 -> 2132.4198 | N7: =M7/L7 -> 355.4033 | O7: =L7-I7 -> 0 | P7: =N7-K7 -> -61.263366 | Q7: =N7/K7 -> 0.85296792 | S7: 0.46561343 | T7: 0.50277778 | U7: 7.4833333 | V7: 53.516667 | W7: 0.50277778 | X7: 0.54027778 | AA7: =M7-J7 -> -367.58019 | AB7: =M7/J7 -> 0.85296792
B21: 平均 | I21: =AVERAGE(I5:I20) -> 13.333333 | J21: =AVERAGE(J5:J20) -> 3015.3333 | K21: =J21/I21 -> 226.15 | L21: =AVERAGE(L5:L20) -> 13.333333 | M21: =AVERAGE(M5:M20) -> 2572.1457 | N21: =M21/L21 -> 192.91093 | O21: =L21-I21 -> 0 | P21: =N21-K21 -> -33.239074 | Q21: =N21/K21 -> 0.853022 | S21: =S5 -> 0.39166667 | T21: =INDEX(T5:T20,COUNTA(T5:T20)) -> 0.50277778 | AA21: =M21-J21 -> -443.18765 | AB21: =M21/J21 -> 0.853022
A22: 自動包裝機 | B22: 壽司手卷 | C22: 一配長野稻荷壽司 | E22: 25.64 | F22: 2766 | G22: =E22*F22 -> 70920.24 | I22: 11 | J22: 3000 | K22: =J22/I22 -> 272.72727 | L22: 11 | M22: =F22/V22*60 -> 2560.4526 | N22: =M22/L22 -> 232.76841 | O22: =L22-I22 -> 0 | P22: =N22-K22 -> -39.958858 | Q22: =N22/K22 -> 0.85348419 | R22: =Q38 -> 0.85348419 | S22: 0.31681713 | T22: 0.3618287 | U22: 4.75 | V22: 64.816667 | AA22: =M22-J22 -> -439.54744 | AB22: =M22/J22 -> 0.85348419 | AC22: =AB38 -> 0.85348419
B38: 平均 | I38: =AVERAGE(I22:I37) -> 11 | J38: =AVERAGE(J22:J37) -> 3000 | K38: =J38/I38 -> 272.72727 | L38: =AVERAGE(L22:L37) -> 11 | M38: =AVERAGE(M22:M37) -> 2560.4526 | N38: =M38/L38 -> 232.76841 | O38: =L38-I38 -> 0 | P38: =N38-K38 -> -39.958858 | Q38: =N38/K38 -> 0.85348419 | S38: =S22 -> 0.31681713 | T38: =INDEX(T22:T37,COUNTA(T22:T37)) -> 0.3618287 | AA38: =M38-J38 -> -439.54744 | AB38: =M38/J38 -> 0.85348419
A39: 自動包裝機2 | B39: 壽司手卷 | C39: 一配芝麻海苔香鬆細卷 | E39: 14.06 | F39: 1049 | G39: =E39*F39 -> 14748.94 | I39: 6 | J39: 2600 | K39: =J39/I39 -> 433.33333 | L39: 6 | M39: =F39/V39*60 -> 2149.3455 | N39: =M39/L39 -> 358.22425 | O39: =L39-I39 -> 0 | P39: =N39-K39 -> -75.109087 | Q39: =N39/K39 -> 0.82667134 | R39: =Q55 -> 0.82146287 | S39: 0.25 | T39: 0.27033565 | V39: 29.283333 | AA39: =M39-J39 -> -450.65452 | AB39: =M39/J39 -> 0.82667134 | AC39: =AB55 -> 0.82146287
B40: 壽司手卷 | C40: 一配鮪魚沙拉細卷 | E40: 14.81 | F40: 1239 | G40: =E40*F40 -> 18349.59 | I40: 6 | J40: 2600 | K40: =J40/I40 -> 433.33333 | L40: 6 | M40: =F40/V40*60 -> 2166.2943 | N40: =M40/L40 -> 361.04905 | O40: =L40-I40 -> 0 | P40: =N40-K40 -> -72.28428 | Q40: =N40/K40 -> 0.83319012 | S40: 0.27361111 | T40: 0.29744213 | U40: 4.7166667 | V40: 34.316667 | AA40: =M40-J40 -> -433.70568 | AB40: =M40/J40 -> 0.83319012
B41: 壽司手卷 | C41: 一配炙烤焦糖鮭魚細卷 | E41: 17.87 | F41: 699 | G41: =E41*F41 -> 12491.13 | I41: 6 | J41: 2600 | K41: =J41/I41 -> 433.33333 | L41: 6 | M41: =F41/V41*60 -> 2091.7706 | N41: =M41/L41 -> 348.62843 | O41: =L41-I41 -> 0 | P41: =N41-K41 -> -84.704904 | Q41: =N41/K41 -> 0.80452714 | S41: 0.30069444 | T41: 0.31461806 | U41: 4.6833333 | V41: 20.05 | AA41: =M41-J41 -> -508.22943 | AB41: =M41/J41 -> 0.80452714
B55: 平均 | I55: =AVERAGE(I39:I54) -> 6 | J55: =AVERAGE(J39:J54) -> 2600 | K55: =J55/I55 -> 433.33333 | L55: =AVERAGE(L39:L54) -> 6 | M55: =AVERAGE(M39:M54) -> 2135.8035 | N55: =M55/L55 -> 355.96724 | O55: =L55-I55 -> 0 | P55: =N55-K55 -> -77.366091 | Q55: =N55/K55 -> 0.82146287 | S55: =S39 -> 0.25 | T55: =INDEX(T39:T54,COUNTA(T39:T54)) -> 0.31461806 | AA55: =M55-J55 -> -464.19654 | AB55: =M55/J55 -> 0.82146287
A56: 味付飯糰線B | B56: 飯糰 | C56: 一配經典肉鬆飯糰 | E56: 14.03 | F56: 5595 | G56: =E56*F56 -> 78497.85 | I56: 4 | J56: 2700 | K56: =J56/I56 -> 675 | L56: 4 | M56: =F56/V56*60 -> 2357.4438 | N56: =M56/L56 -> 589.36096 | O56: =L56-I56 -> 0 | P56: =N56-K56 -> -85.639045 | Q56: =N56/K56 -> 0.87312734 | R56: =Q72 -> 0.87312734 | S56: 0.25 | T56: 0.34888889 | V56: 142.4 | AA56: =M56-J56 -> -342.55618 | AB56: =M56/J56 -> 0.87312734 | AC56: =AB72 -> 0.87312734
B72: 平均 | I72: =AVERAGE(I56:I71) -> 4 | J72: =AVERAGE(J56:J71) -> 2700 | K72: =J72/I72 -> 675 | L72: =AVERAGE(L56:L71) -> 4 | M72: =AVERAGE(M56:M71) -> 2357.4438 | N72: =M72/L72 -> 589.36096 | O72: =L72-I72 -> 0 | P72: =N72-K72 -> -85.639045 | Q72: =N72/K72 -> 0.87312734 | S72: =S56 -> 0.25 | T72: =INDEX(T56:T71,COUNTA(T56:T71)) -> 0.34888889 | AA72: =M72-J72 -> -342.55618 | AB72: =M72/J72 -> 0.87312734
A73: (舊) 3300型飯糰線 | B73: 飯糰 | C73: 一配三杯辣海瓜子飯糰 | E73: 21.45 | F73: 2442 | G73: =E73*F73 -> 52380.9 | I73: 3 | J73: 3300 | K73: =J73/I73 -> 1100 | L73: 3 | M73: =F73/V73*60 -> 2804.2105 | N73: =M73/L73 -> 934.73684 | O73: =L73-I73 -> 0 | P73: =N73-K73 -> -165.26316 | Q73: =N73/K73 -> 0.84976077 | R73: =Q89 -> 0.84976077 | S73: 0.35277778 | T73: 0.3890625 | V73: 52.25 | AA73: =M73-J73 -> -495.78947 | AB73: =M73/J73 -> 0.84976077 | AC73: =AB89 -> 0.84976077
B89: 平均 | I89: =AVERAGE(I73:I88) -> 3 | J89: =AVERAGE(J73:J88) -> 3300 | K89: =J89/I89 -> 1100 | L89: =AVERAGE(L73:L88) -> 3 | M89: =AVERAGE(M73:M88) -> 2804.2105 | N89: =M89/L89 -> 934.73684 | O89: =L89-I89 -> 0 | P89: =N89-K89 -> -165.26316 | Q89: =N89/K89 -> 0.84976077 | S89: =S73 -> 0.35277778 | T89: =INDEX(T73:T88,COUNTA(T73:T88)) -> 0.3890625 | AA89: =M89-J89 -> -495.78947 | AB89: =M89/J89 -> 0.84976077
A90: (新) 3300型飯糰機 | B90: 飯糰 | C90: 一配壹號醬炙烤牛飯糰 | E90: 22.28 | F90: 1487 | G90: =E90*F90 -> 33130.36 | I90: 5 | J90: 3300 | K90: =J90/I90 -> 660 | L90: 5 | M90: =F90/V90*60 -> 2731.2245 | N90: =M90/L90 -> 546.2449 | O90: =L90-I90 -> 0 | P90: =N90-K90 -> -113.7551 | Q90: =N90/K90 -> 0.82764378 | R90: =Q106 -> 0.84029981 | S90: 0.25023148 | T90: 0.27291667 | V90: 32.666667 | AA90: =M90-J90 -> -568.77551 | AB90: =M90/J90 -> 0.82764378 | AC90: =AB106 -> 0.84029981
B91: 飯糰 | C91: 一配鹽蔥燒肉飯糰 | E91: 17.89 | F91: 3280 | G91: =E91*F91 -> 58679.2 | I91: 4 | J91: 3300 | K91: =J91/I91 -> 825 | L91: 4 | M91: =F91/V91*60 -> 2769.8804 | N91: =M91/L91 -> 692.47009 | O91: =L91-I91 -> 0 | P91: =N91-K91 -> -132.52991 | Q91: =N91/K91 -> 0.83935769 | S91: 0.27777778 | T91: 0.32711806 | U91: 7 | V91: 71.05 | AA91: =M91-J91 -> -530.11963 | AB91: =M91/J91 -> 0.83935769
B92: 飯糰 | C92: 一配雞肉飯飯糰 | E92: 16.66 | F92: 5451 | G92: =E92*F92 -> 90813.66 | I92: 4 | J92: 3300 | K92: =J92/I92 -> 825 | L92: 4 | M92: =F92/V92*60 -> 2817.8633 | N92: =M92/L92 -> 704.46582 | O92: =L92-I92 -> 0 | P92: =N92-K92 -> -120.53418 | Q92: =N92/K92 -> 0.85389797 | S92: 0.33194444 | T92: 0.4125463 | U92: 6.95 | V92: 116.06667 | AA92: =M92-J92 -> -482.1367 | AB92: =M92/J92 -> 0.85389797
B106: 平均 | I106: =AVERAGE(I90:I105) -> 4.3333333 | J106: =AVERAGE(J90:J105) -> 3300 | K106: =J106/I106 -> 761.53846 | L106: =AVERAGE(L90:L105) -> 4.3333333 | M106: =AVERAGE(M90:M105) -> 2772.9894 | N106: =M106/L106 -> 639.92063 | O106: =L106-I106 -> 0 | P106: =N106-K106 -> -121.61783 | Q106: =N106/K106 -> 0.84029981 | S106: =S90 -> 0.25023148 | T106: =INDEX(T90:T105,COUNTA(T90:T105)) -> 0.4125463 | AA106: =M106-J106 -> -527.01062 | AB106: =M106/J106 -> 0.84029981
A107: GKK3600型 飯糰機 | B107: 飯糰 | C107: 一配明太子龍蝦風味沙拉飯糰 | E107: 18.18 | F107: 2969 | G107: =E107*F107 -> 53976.42 | I107: 3 | J107: 3600 | K107: =J107/I107 -> 1200 | L107: 3 | M107: =F107/V107*60 -> 2991.4358 | N107: =M107/L107 -> 997.14526 | O107: =L107-I107 -> 0 | P107: =N107-K107 -> -202.85474 | Q107: =N107/K107 -> 0.83095438 | R107: =Q123 -> 0.83159461 | S107: 0.25033565 | T107: 0.29168981 | V107: 59.55 | AA107: =M107-J107 -> -608.56423 | AB107: =M107/J107 -> 0.83095438 | AC107: =AB123 -> 0.83159461
B108: 飯糰 | C108: 一配蔬食鮪魚飯糰 | E108: 18.18 | F108: 3953 | G108: =E108*F108 -> 71865.54 | I108: 3 | J108: 3600 | K108: =J108/I108 -> 1200 | L108: 3 | M108: =F108/V108*60 -> 2992.8076 | N108: =M108/L108 -> 997.60252 | O108: =L108-I108 -> 0 | P108: =N108-K108 -> -202.39748 | Q108: =N108/K108 -> 0.83133544 | S108: 0.30277778 | T108: 0.3578125 | U108: 15.966667 | V108: 79.25 | AA108: =M108-J108 -> -607.19243 | AB108: =M108/J108 -> 0.83133544
B109: 飯糰 | C109: 鮪魚飯糰 | E109: 14.28 | F109: 6943 | G109: =E109*F109 -> 99146.04 | I109: 3 | J109: 3600 | K109: =J109/I109 -> 1200 | L109: 3 | M109: =F109/V109*60 -> 2996.9784 | N109: =M109/L109 -> 998.99281 | O109: =L109-I109 -> 0 | P109: =N109-K109 -> -201.00719 | Q109: =N109/K109 -> 0.832494 | S109: 0.37222222 | T109: 0.46875 | U109: 20.75 | V109: 139 | AA109: =M109-J109 -> -603.02158 | AB109: =M109/J109 -> 0.832494
B123: 平均 | I123: =AVERAGE(I107:I122) -> 3 | J123: =AVERAGE(J107:J122) -> 3600 | K123: =J123/I123 -> 1200 | L123: =AVERAGE(L107:L122) -> 3 | M123: =AVERAGE(M107:M122) -> 2993.7406 | N123: =M123/L123 -> 997.91353 | O123: =L123-I123 -> 0 | P123: =N123-K123 -> -202.08647 | Q123: =N123/K123 -> 0.83159461 | S123: =S107 -> 0.25033565 | T123: =INDEX(T107:T122,COUNTA(T107:T122)) -> 0.46875 | AA123: =M123-J123 -> -606.25941 | AB123: =M123/J123 -> 0.83159461
A124: GKK3600型 飯糰機2 | B124: 飯糰 | C124: 一配北海道秋鮭親子飯糰 | E124: 24.83 | F124: 2407 | G124: =E124*F124 -> 59765.81 | I124: 4 | J124: 3300 | K124: =J124/I124 -> 825 | L124: 4 | M124: =F124/V124*60 -> 2736.9551 | N124: =M124/L124 -> 684.23879 | O124: =L124-I124 -> 0 | P124: =N124-K124 -> -140.76121 | Q124: =N124/K124 -> 0.82938035 | R124: =Q140 -> 0.82970274 | S124: 0.25016204 | T124: 0.28680556 | V124: 52.766667 | AA124: =M124-J124 -> -563.04485 | AB124: =M124/J124 -> 0.82938035 | AC124: =AB140 -> 0.82970274
B125: 飯糰 | C125: 一配熟成紅鮭飯糰 | E125: 25.03 | F125: 2033 | G125: =E125*F125 -> 50885.99 | I125: 4 | J125: 3300 | K125: =J125/I125 -> 825 | L125: 4 | M125: =F125/V125*60 -> 2730.8955 | N125: =M125/L125 -> 682.72388 | O125: =L125-I125 -> 0 | P125: =N125-K125 -> -142.27612 | Q125: =N125/K125 -> 0.8275441 | S125: 0.29884259 | T125: 0.32986111 | U125: 17.333333 | V125: 44.666667 | AA125: =M125-J125 -> -569.10448 | AB125: =M125/J125 -> 0.8275441
B126: 飯糰 | C126: 一配贅沢鮭魚肚飯糰 | E126: 30 | F126: 4107 | G126: =E126*F126 -> 123210 | I126: 3 | J126: 3000 | K126: =J126/I126 -> 1000 | L126: 3 | M126: =F126/V126*60 -> 2493.2884 | N126: =M126/L126 -> 831.09612 | O126: =L126-I126 -> 0 | P126: =N126-K126 -> -168.90388 | Q126: =N126/K126 -> 0.83109612 | S126: 0.34108796 | T126: 0.40972222 | U126: 16.166667 | V126: 98.833333 | AA126: =M126-J126 -> -506.71164 | AB126: =M126/J126 -> 0.83109612
B127: 飯糰 | C127: 一配海老天婦羅飯糰 | E127: 27.91 | F127: 2374 | G127: =E127*F127 -> 66258.34 | I127: 4 | J127: 3000 | K127: =J127/I127 -> 750 | L127: 4 | M127: =F127/V127*60 -> 2493.1155 | N127: =M127/L127 -> 623.27888 | O127: =L127-I127 -> 0 | P127: =N127-K127 -> -126.72112 | Q127: =N127/K127 -> 0.83103851 | S127: 0.42013889 | T127: 0.45981481 | U127: 15 | V127: 57.133333 | AA127: =M127-J127 -> -506.88448 | AB127: =M127/J127 -> 0.83103851
B140: 平均 | I140: =AVERAGE(I124:I139) -> 3.75 | J140: =AVERAGE(J124:J139) -> 3150 | K140: =J140/I140 -> 840 | L140: =AVERAGE(L124:L139) -> 3.75 | M140: =AVERAGE(M124:M139) -> 2613.5636 | N140: =M140/L140 -> 696.9503 | O140: =L140-I140 -> 0 | P140: =N140-K140 -> -143.0497 | Q140: =N140/K140 -> 0.82970274 | S140: =S124 -> 0.25016204 | T140: =INDEX(T124:T139,COUNTA(T124:T139)) -> 0.45981481 | AA140: =M140-J140 -> -536.43636 | AB140: =M140/J140 -> 0.82970274
A141: 自動包裝機 (二配) | B141: 壽司 | C141: 二配長野稻荷壽司 | E141: 25.64 | F141: 2620 | G141: =E141*F141 -> 67176.8 | I141: 11 | J141: 3000 | K141: =J141/I141 -> 272.72727 | L141: 11 | M141: =F141/V141*60 -> 2559.5658 | N141: =M141/L141 -> 232.6878 | O141: =L141-I141 -> 0 | P141: =N141-K141 -> -40.039472 | Q141: =N141/K141 -> 0.8531886 | R141: =Q157 -> 0.84734846 | S141: 0.70833333 | T141: 0.7509838 | V141: 61.416667 | AA141: =M141-J141 -> -440.43419 | AB141: =M141/J141 -> 0.8531886 | AC141: =AB157 -> 0.84734846
B142: 壽司 | C142: 二配雙饗雙手卷 | E142: 29.52 | F142: 2196 | G142: =E142*F142 -> 64825.92 | I142: 17 | J142: 3273 | K142: =J142/I142 -> 192.52941 | L142: 17 | M142: =F142/V142*60 -> 2790.5401 | N142: =M142/L142 -> 164.14942 | O142: =L142-I142 -> 0 | P142: =N142-K142 -> -28.379996 | Q142: =N142/K142 -> 0.85259397 | S142: 0.75416667 | T142: 0.78695602 | U142: 4.5833333 | V142: 47.216667 | AA142: =M142-J142 -> -482.45994 | AB142: =M142/J142 -> 0.85259397
B143: 壽司 | C143: 二配海饌雙手卷 | E143: 29.85 | F143: 2273 | G143: =E143*F143 -> 67849.05 | I143: 17 | J143: 3273 | K143: =J143/I143 -> 192.52941 | L143: 17 | M143: =F143/V143*60 -> 2792.7645 | N143: =M143/L143 -> 164.28027 | O143: =L143-I143 -> 0 | P143: =N143-K143 -> -28.249147 | Q143: =N143/K143 -> 0.8532736 | S143: 0.79178241 | T143: 0.82569444 | U143: 6.95 | V143: 48.833333 | AA143: =M143-J143 -> -480.23549 | AB143: =M143/J143 -> 0.8532736
B144: 飯糰 | C144: 二配兩粒飯糰(鮪魚&培根蛋沙拉) | E144: 28.57 | F144: 2065 | G144: =E144*F144 -> 58997.05 | I144: 13 | J144: 3600 | K144: =J144/I144 -> 276.92308 | L144: 13 | M144: =F144/V144*60 -> 2996.3724 | N144: =M144/L144 -> 230.49019 | O144: =L144-I144 -> 0 | P144: =N144-K144 -> -46.43289 | Q144: =N144/K144 -> 0.83232568 | S144: 0.82916667 | T144: 0.85788194 | U144: 5 | V144: 41.35 | AA144: =M144-J144 -> -603.62757 | AB144: =M144/J144 -> 0.83232568
B157: 平均 | I157: =AVERAGE(I141:I156) -> 14.5 | J157: =AVERAGE(J141:J156) -> 3286.5 | K157: =J157/I157 -> 226.65517 | L157: =AVERAGE(L141:L156) -> 14.5 | M157: =AVERAGE(M141:M156) -> 2784.8107 | N157: =M157/L157 -> 192.05591 | O157: =L157-I157 -> 0 | P157: =N157-K157 -> -34.599262 | Q157: =N157/K157 -> 0.84734846 | S157: =S141 -> 0.70833333 | T157: =INDEX(T141:T156,COUNTA(T141:T156)) -> 0.85788194 | AA157: =M157-J157 -> -501.6893 | AB157: =M157/J157 -> 0.84734846
A158: 味付飯糰線B (二配) | B158: 飯糰 | C158: 二配經典肉鬆飯糰 | E158: 14.03 | F158: 9365 | G158: =E158*F158 -> 131390.95 | I158: 4 | J158: 2700 | K158: =J158/I158 -> 675 | L158: 4 | M158: =F158/V158*60 -> 2396.5027 | N158: =M158/L158 -> 599.12568 | O158: =L158-I158 -> 0 | P158: =N158-K158 -> -75.874325 | Q158: =N158/K158 -> 0.88759359 | R158: =Q174 -> 0.88759359 | S158: 0.70833333 | T158: 0.87115741 | V158: 234.46667 | AA158: =M158-J158 -> -303.4973 | AB158: =M158/J158 -> 0.88759359 | AC158: =AB174 -> 0.88759359
B174: 平均 | I174: =AVERAGE(I158:I173) -> 4 | J174: =AVERAGE(J158:J173) -> 2700 | K174: =J174/I174 -> 675 | L174: =AVERAGE(L158:L173) -> 4 | M174: =AVERAGE(M158:M173) -> 2396.5027 | N174: =M174/L174 -> 599.12568 | O174: =L174-I174 -> 0 | P174: =N174-K174 -> -75.874325 | Q174: =N174/K174 -> 0.88759359 | S174: =S158 -> 0.70833333 | T174: =INDEX(T158:T173,COUNTA(T158:T173)) -> 0.87115741 | AA174: =M174-J174 -> -303.4973 | AB174: =M174/J174 -> 0.88759359
A175: (舊) 3300型飯糰線 (二配) | B175: 飯糰 | C175: 二配大飯糰椒香鮪魚 | E175: 24.15 | F175: 1133 | G175: =E175*F175 -> 27361.95 | I175: 4 | J175: 3000 | K175: =J175/I175 -> 750 | L175: 4 | M175: =F175/V175*60 -> 2482.532 | N175: =M175/L175 -> 620.63299 | O175: =L175-I175 -> 0 | P175: =N175-K175 -> -129.36701 | Q175: =N175/K175 -> 0.82751065 | R175: =Q191 -> 0.83527876 | S175: 0.70833333 | T175: 0.72734954 | V175: 27.383333 | AA175: =M175-J175 -> -517.46805 | AB175: =M175/J175 -> 0.82751065 | AC175: =AB191 -> 0.83527876
B176: 飯糰 | C176: 二配大飯糰春川風味辣炒雞 | E176: 24.15 | F176: 1456 | G176: =E176*F176 -> 35162.4 | I176: 4 | J176: 3000 | K176: =J176/I176 -> 750 | L176: 4 | M176: =F176/V176*60 -> 2498.3794 | N176: =M176/L176 -> 624.59485 | O176: =L176-I176 -> 0 | P176: =N176-K176 -> -125.40515 | Q176: =N176/K176 -> 0.83279314 | S176: 0.73196759 | T176: 0.75625 | U176: 6.65 | V176: 34.966667 | AA176: =M176-J176 -> -501.62059 | AB176: =M176/J176 -> 0.83279314
B177: 飯糰 | C177: 二配大飯糰韓式炸雞 | E177: 27.58 | F177: 1726 | G177: =E177*F177 -> 47603.08 | I177: 4 | J177: 3000 | K177: =J177/I177 -> 750 | L177: 4 | M177: =F177/V177*60 -> 2489.4231 | N177: =M177/L177 -> 622.35577 | O177: =L177-I177 -> 0 | P177: =N177-K177 -> -127.64423 | Q177: =N177/K177 -> 0.82980769 | S177: 0.76 | T177: 0.78888889 | U177: 5.4 | V177: 41.6 | AA177: =M177-J177 -> -510.57692 | AB177: =M177/J177 -> 0.82980769
B178: 飯糰 | C178: 二配鹽蔥燒肉飯糰 | E178: 17.89 | F178: 5460 | G178: =E178*F178 -> 97679.4 | I178: 4 | J178: 3300 | K178: =J178/I178 -> 825 | L178: 4 | M178: =F178/V178*60 -> 2803.5944 | N178: =M178/L178 -> 700.89859 | O178: =L178-I178 -> 0 | P178: =N178-K178 -> -124.10141 | Q178: =N178/K178 -> 0.84957405 | S178: 0.79246528 | T178: 0.87361111 | U178: 5.15 | V178: 116.85 | AA178: =M178-J178 -> -496.40565 | AB178: =M178/J178 -> 0.84957405
B191: 平均 | I191: =AVERAGE(I175:I190) -> 4 | J191: =AVERAGE(J175:J190) -> 3075 | K191: =J191/I191 -> 768.75 | L191: =AVERAGE(L175:L190) -> 4 | M191: =AVERAGE(M175:M190) -> 2568.4822 | N191: =M191/L191 -> 642.12055 | O191: =L191-I191 -> 0 | P191: =N191-K191 -> -126.62945 | Q191: =N191/K191 -> 0.83527876 | S191: =S175 -> 0.70833333 | T191: =INDEX(T175:T190,COUNTA(T175:T190)) -> 0.87361111 | AA191: =M191-J191 -> -506.5178 | AB191: =M191/J191 -> 0.83527876
A192: (新) 3300型飯糰機 (二配) | B192: 飯糰 | C192: 二配壹號醬炙烤牛飯糰 | E192: 22.28 | F192: 1786 | G192: =E192*F192 -> 39792.08 | I192: 5 | J192: 3300 | K192: =J192/I192 -> 660 | L192: 5 | M192: =F192/V192*60 -> 2771.3793 | N192: =M192/L192 -> 554.27586 | O192: =L192-I192 -> 0 | P192: =N192-K192 -> -105.72414 | Q192: =N192/K192 -> 0.83981191 | R192: =Q208 -> 0.84159549 | S192: 0.70856481 | T192: 0.73541667 | V192: 38.666667 | AA192: =M192-J192 -> -528.62069 | AB192: =M192/J192 -> 0.83981191 | AC192: =AB208 -> 0.84159549
B193: 飯糰 | C193: 二配油蔥G絲飯糰 | E193: 18.18 | F193: 2801 | G193: =E193*F193 -> 50922.18 | I193: 4 | J193: 3300 | K193: =J193/I193 -> 825 | L193: 4 | M193: =F193/V193*60 -> 2808.8022 | N193: =M193/L193 -> 702.20056 | O193: =L193-I193 -> 0 | P193: =N193-K193 -> -122.79944 | Q193: =N193/K193 -> 0.85115219 | S193: 0.73900463 | T193: 0.78055556 | U193: 5.1666667 | V193: 59.833333 | AA193: =M193-J193 -> -491.19777 | AB193: =M193/J193 -> 0.85115219
B194: 飯糰 | C194: 二配雞肉飯飯糰 | E194: 16.66 | F194: 5071 | G194: =E194*F194 -> 84482.86 | H194: 2 | I194: 4 | J194: 3300 | K194: =J194/I194 -> 825 | L194: 4 | M194: =F194/V194*60 -> 2765.581 | N194: =M194/L194 -> 691.39524 | O194: =L194-I194 -> 0 | P194: =N194-K194 -> -133.60476 | Q194: =N194/K194 -> 0.83805484 | S194: 0.78333333 | T194: 0.8597338 | U194: 4 | V194: 110.01667 | W194: 0.8597338 | X194: 0.90069444 | AA194: =M194-J194 -> -534.41903 | AB194: =M194/J194 -> 0.83805484
B195: 飯糰 | C195: 二配雞肉飯飯糰 | E195: 16.66 | F195: 3547 | G195: =E195*F195 -> 59093.02 | I195: 4 | J195: 3300 | K195: =J195/I195 -> 825 | L195: 4 | M195: =F195/V195*60 -> 2763.298 | N195: =M195/L195 -> 690.8245 | O195: =L195-I195 -> 0 | P195: =N195-K195 -> -134.1755 | Q195: =N195/K195 -> 0.83736303 | S195: 0.90069444 | T195: 0.95417824 | U195: 58.983333 | V195: 77.016667 | AA195: =M195-J195 -> -536.70201 | AB195: =M195/J195 -> 0.83736303
B208: 平均 | I208: =AVERAGE(I192:I207) -> 4.25 | J208: =AVERAGE(J192:J207) -> 3300 | K208: =J208/I208 -> 776.47059 | L208: =AVERAGE(L192:L207) -> 4.25 | M208: =AVERAGE(M192:M207) -> 2777.2651 | N208: =M208/L208 -> 653.47415 | O208: =L208-I208 -> 0 | P208: =N208-K208 -> -122.99644 | Q208: =N208/K208 -> 0.84159549 | S208: =S192 -> 0.70856481 | T208: =INDEX(T192:T207,COUNTA(T192:T207)) -> 0.95417824 | AA208: =M208-J208 -> -522.73488 | AB208: =M208/J208 -> 0.84159549
A209: GKK3600型 飯糰機 (二配) | B209: 飯糰 | C209: 二配蔬食鮪魚飯糰 | E209: 18.18 | F209: 2726 | G209: =E209*F209 -> 49558.68 | I209: 3 | J209: 3600 | K209: =J209/I209 -> 1200 | L209: 3 | M209: =F209/V209*60 -> 2990.128 | N209: =M209/L209 -> 996.70932 | O209: =L209-I209 -> 0 | P209: =N209-K209 -> -203.29068 | Q209: =N209/K209 -> 0.8305911 | R209: =Q225 -> 0.83266013 | S209: 0.70856481 | T209: 0.74655093 | V209: 54.7 | AA209: =M209-J209 -> -609.87203 | AB209: =M209/J209 -> 0.8305911 | AC209: =AB225 -> 0.83266013
B210: 飯糰 | C210: 二配鮪魚飯糰 | E210: 14.28 | F210: 6064 | G210: =E210*F210 -> 86593.92 | H210: 2 | I210: 3 | J210: 3600 | K210: =J210/I210 -> 1200 | L210: 3 | M210: =F210/V210*60 -> 3002.8061 | N210: =M210/L210 -> 1000.9354 | O210: =L210-I210 -> 0 | P210: =N210-K210 -> -199.06465 | Q210: =N210/K210 -> 0.83411279 | S210: 0.75694444 | T210: 0.84108796 | U210: 14.966667 | V210: 121.16667 | W210: 0.84108796 | X210: 0.89738426 | AA210: =M210-J210 -> -597.19395 | AB210: =M210/J210 -> 0.83411279
B211: 飯糰 | C211: 二配鮪魚飯糰 | E211: 14.28 | F211: 4888 | G211: =E211*F211 -> 69800.64 | I211: 3 | J211: 3600 | K211: =J211/I211 -> 1200 | L211: 3 | M211: =F211/V211*60 -> 2999.7954 | N211: =M211/L211 -> 999.93181 | O211: =L211-I211 -> 0 | P211: =N211-K211 -> -200.06819 | Q211: =N211/K211 -> 0.83327651 | S211: 0.89738426 | T211: 0.96527778 | U211: 81.066667 | V211: 97.766667 | AA211: =M211-J211 -> -600.20457 | AB211: =M211/J211 -> 0.83327651
B225: 平均 | I225: =AVERAGE(I209:I224) -> 3 | J225: =AVERAGE(J209:J224) -> 3600 | K225: =J225/I225 -> 1200 | L225: =AVERAGE(L209:L224) -> 3 | M225: =AVERAGE(M209:M224) -> 2997.5765 | N225: =M225/L225 -> 999.19216 | O225: =L225-I225 -> 0 | P225: =N225-K225 -> -200.80784 | Q225: =N225/K225 -> 0.83266013 | S225: =S209 -> 0.70856481 | T225: =INDEX(T209:T224,COUNTA(T209:T224)) -> 0.96527778 | AA225: =M225-J225 -> -602.42352 | AB225: =M225/J225 -> 0.83266013
A226: GKK3600型 飯糰機2 (二配) | B226: 飯糰 | C226: 二配明太子龍蝦風味沙拉飯糰 | E226: 18.18 | F226: 137 | G226: =E226*F226 -> 2490.66 | H226: 2 | I226: 3 | J226: 3600 | K226: =J226/I226 -> 1200 | L226: 3 | M226: 2968 | N226: =M226/L226 -> 989.33333 | O226: =L226-I226 -> 0 | P226: =N226-K226 -> -210.66667 | Q226: =N226/K226 -> 0.82444444 | R226: =Q242 -> 0.82693828 | S226: 0.70849537 | T226: 0.71041667 | V226: 2.7666667 | AA226: =M226-J226 -> -632 | AB226: =M226/J226 -> 0.82444444 | AC226: =AB242 -> 0.82693828
B227: 飯糰 | C227: 二配北海道秋鮭親子飯糰 | E227: 24.83 | F227: 2992 | G227: =E227*F227 -> 74291.36 | I227: 4 | J227: 3300 | K227: =J227/I227 -> 825 | L227: 4 | M227: =F227/V227*60 -> 2725.5061 | N227: =M227/L227 -> 681.37652 | O227: =L227-I227 -> 0 | P227: =N227-K227 -> -143.62348 | Q227: =N227/K227 -> 0.82591093 | S227: 0.72092593 | T227: 0.76666667 | U227: 15.133333 | V227: 65.866667 | AA227: =M227-J227 -> -574.49393 | AB227: =M227/J227 -> 0.82591093
B228: 飯糰 | C228: 二配熟成紅鮭飯糰 | E228: 25.03 | F228: 2239 | G228: =E228*F228 -> 56042.17 | I228: 4 | J228: 3300 | K228: =J228/I228 -> 825 | L228: 4 | M228: =F228/V228*60 -> 2726.793 | N228: =M228/L228 -> 681.69824 | O228: =L228-I228 -> 0 | P228: =N228-K228 -> -143.30176 | Q228: =N228/K228 -> 0.8263009 | S228: 0.77918981 | T228: 0.81340278 | U228: 18.033333 | V228: 49.266667 | AA228: =M228-J228 -> -573.20704 | AB228: =M228/J228 -> 0.8263009
B229: 飯糰 | C229: 二配芝麻香鬆飯糰 | E229: 18.18 | F229: 2563 | G229: =E229*F229 -> 46595.34 | I229: 4 | J229: 3000 | K229: =J229/I229 -> 750 | L229: 4 | M229: =F229/V229*60 -> 2502.5224 | N229: =M229/L229 -> 625.63059 | O229: =L229-I229 -> 0 | P229: =N229-K229 -> -124.36941 | Q229: =N229/K229 -> 0.83417413 | S229: 0.82430556 | T229: 0.86697917 | U229: 15.7 | V229: 61.45 | W229: 0.86697917 | X229: 0.92222222 | AA229: =M229-J229 -> -497.47762 | AB229: =M229/J229 -> 0.83417413
B230: 飯糰 | C230: 二配明太子龍蝦風味沙拉飯糰 | E230: 18.18 | F230: 4024 | G230: =E230*F230 -> 73156.32 | I230: 3 | J230: 3600 | K230: =J230/I230 -> 1200 | L230: 3 | M230: =F230/V230*60 -> 2969.7417 | N230: =M230/L230 -> 989.9139 | O230: =L230-I230 -> 0 | P230: =N230-K230 -> -210.0861 | Q230: =N230/K230 -> 0.82492825 | S230: 0.92222222 | T230: 0.97868056 | U230: 79.55 | V230: 81.3 | AA230: =M230-J230 -> -630.2583 | AB230: =M230/J230 -> 0.82492825
B242: 平均 | I242: =AVERAGE(I226:I241) -> 3.6 | J242: =AVERAGE(J226:J241) -> 3360 | K242: =J242/I242 -> 933.33333 | L242: =AVERAGE(L226:L241) -> 3.6 | M242: =AVERAGE(M226:M241) -> 2778.5126 | N242: =M242/L242 -> 771.80906 | O242: =L242-I242 -> 0 | P242: =N242-K242 -> -161.52427 | Q242: =N242/K242 -> 0.82693828 | S242: =S226 -> 0.70849537 | T242: =INDEX(T226:T241,COUNTA(T226:T241)) -> 0.97868056 | AA242: =M242-J242 -> -581.48738 | AB242: =M242/J242 -> 0.82693828
Y244: 原因回覆
Y245: 1.當日出勤人數較多
Y246: 2.當日出勤人數較少
Y247: 3.當日出勤熟手較多
Y248: 4.當日出勤新人較多
Y249: 5.機台夾盒
Y250: 6.封膜不順
Y251: 7.更換膠膜
Y252: 8.更換碳帶
Y253: 9.當日熱轉印碳帶異常
Y254: 10.訂單量過少
Y255: 11.新品上市，尚未熟悉
Y256: 12.活動期間品項需貼標

Sheet 0730(4度C)
A1: 大溪廠日報分析 | C1: 總生產量 | D1: =SUM(F5:F157) -> 116106 | E1: 營業額 | F1: =SUM(G5:G157) -> 5355184.8 | G1: 出勤人數 | H1: =L21+L38+L55+L72+L89+L106+L123+L140+L157 -> 170.20238 | I1: 產線配置圖 | L1: 生產實績 | O1: 人時性差異分析 | S1: 日報登錄 | Y1: 分析說明 | AA1: 產能差異分析
A2: 45868 | C2: 人時性 | D2: =AVERAGE(N21,N38,N55,N72,N89,N106,N123,N140,N157) -> 131.84472 | E2: 平均廠價 | F2: =F1/D1 -> 46.123239 | G2: 多次生產數 | H2: =COUNT(H5:H157) -> 2
A3: 線別 | B3: 品類 | C3: 品名 | E3: 廠價 | F3: 生產量 | G3: 營收 | H3: 多次 生產 | I3: 人數 | J3: 產能/時 | K3: 人時性 | L3: 人數 | M3: 產能/時 | N3: 人時性 | O3: 人數 | P3: 人時性 | Q3: 達成率 | R3: 達成率 平均 | S3: 生產時間 | U3: 換線、休息/分 | V3: 稼動時間/分 | W3: 休息時間 | Y3: (屏榮回填) | AA3: 產能/時 | AB3: 達成率 | AC3: 達成率平均
S4: 開始 | T4: 結束 | W4: 開始 | X4: 結束
A5: 便當一線 | B5: 小菜、微波 | C5: 日式茶碗蒸 | E5: 19.7 | F5: 3522 | G5: =E5*F5 -> 69383.4 | I5: 13 | J5: 1200 | K5: =J5/I5 -> 92.307692 | L5: 13 | M5: =F5/V5*60 -> 1057.393 | N5: =M5/L5 -> 81.337927 | O5: =L5-I5 -> 0 | P5: =N5-K5 -> -10.969766 | Q5: =N5/K5 -> 0.88116087 | R5: =Q21 -> 0.85525498 | S5: 0.25010417 | T5: 0.38888889 | V5: 199.85 | AA5: =M5-J5 -> -142.60696 | AB5: =M5/J5 -> 0.88116087 | AC5: =AB21 -> 0.85525498
B6: 壽司手卷 | C6: (冷藏)鮪魚蛋蛋稻荷壽司組 | E6: 30.55 | F6: 988 | G6: =E6*F6 -> 30183.4 | I6: 16 | J6: 1750 | K6: =J6/I6 -> 109.375 | L6: 16 | M6: =F6/V6*60 -> 1445.8537 | N6: =M6/L6 -> 90.365854 | O6: =L6-I6 -> 0 | P6: =N6-K6 -> -19.009146 | Q6: =N6/K6 -> 0.82620209 | S6: 0.54027778 | T6: 0.56875 | U6: 54 | V6: 41 | AA6: =M6-J6 -> -304.14634 | AB6: =M6/J6 -> 0.82620209
B7: 飯糰 | C7: 麻油雞飯糰 | E7: 29.97 | F7: 2173 | G7: =E7*F7 -> 65124.81 | I7: 20 | J7: 2600 | K7: =J7/I7 -> 130 | L7: 20 | M7: =F7/V7*60 -> 2243.4184 | N7: =M7/L7 -> 112.17092 | O7: =L7-I7 -> 0 | P7: =N7-K7 -> -17.829079 | Q7: =N7/K7 -> 0.86285324 | S7: 0.57291667 | T7: 0.61327546 | U7: 6 | V7: 58.116667 | AA7: =M7-J7 -> -356.58159 | AB7: =M7/J7 -> 0.86285324
B21: 平均 | I21: =AVERAGE(I5:I20) -> 16.333333 | J21: =AVERAGE(J5:J20) -> 1850 | K21: =J21/I21 -> 113.26531 | L21: =AVERAGE(L5:L20) -> 16.333333 | M21: =AVERAGE(M5:M20) -> 1582.2217 | N21: =M21/L21 -> 96.870717 | O21: =L21-I21 -> 0 | P21: =N21-K21 -> -16.394589 | Q21: =N21/K21 -> 0.85525498 | S21: =S5 -> 0.25010417 | T21: =INDEX(T5:T20,COUNTA(T5:T20)) -> 0.61327546 | AA21: =M21-J21 -> -267.7783 | AB21: =M21/J21 -> 0.85525498
A22: 便當二線 | B22: 微波主食 | C22: 壹號醬醬燒蔥鹽雞豚飯 | E22: 56.43 | F22: 2412 | G22: =E22*F22 -> 136109.16 | I22: 24 | J22: 2000 | K22: =J22/I22 -> 83.333333 | L22: 24 | M22: =F22/V22*60 -> 1690.6542 | N22: =M22/L22 -> 70.443925 | O22: =L22-I22 -> 0 | P22: =N22-K22 -> -12.889408 | Q22: =N22/K22 -> 0.8453271 | R22: =Q38 -> 0.83382497 | S22: 0.16695602 | T22: 0.22640046 | V22: 85.6 | AA22: =M22-J22 -> -309.34579 | AB22: =M22/J22 -> 0.8453271 | AC22: =AB38 -> 0.83382497
B23: 微波主食 | C23: 蒜蒜燒豚飯 | E23: 51.86 | F23: 1502 | G23: =E23*F23 -> 77893.72 | I23: 26 | J23: 2000 | K23: =J23/I23 -> 76.923077 | L23: 26 | M23: =F23/V23*60 -> 1642.0285 | N23: =M23/L23 -> 63.154944 | O23: =L23-I23 -> 0 | P23: =N23-K23 -> -13.768133 | Q23: =N23/K23 -> 0.82101427 | S23: 0.22924769 | T23: 0.26736111 | U23: 4.1 | V23: 54.883333 | AA23: =M23-J23 -> -357.97145 | AB23: =M23/J23 -> 0.82101427
B24: 微波主食 | C24: 糖燻野郎三十天熟成牛飯 | E24: 56.77 | F24: 5054 | G24: =E24*F24 -> 286915.58 | I24: 26 | J24: 2000 | K24: =J24/I24 -> 76.923077 | L24: 26 | M24: =F24/V24*60 -> 1731.316 | N24: =M24/L24 -> 66.589077 | O24: =L24-I24 -> 0 | P24: =N24-K24 -> -10.333999 | Q24: =N24/K24 -> 0.86565801 | S24: 0.27222222 | T24: 0.39385417 | U24: 7 | V24: 175.15 | AA24: =M24-J24 -> -268.68399 | AB24: =M24/J24 -> 0.86565801
B25: 便當 | C25: 鰻牛雙饗匠食盒 | E25: 68.73 | F25: 2290 | G25: =E25*F25 -> 157391.7 | H25: 2 | I25: 26 | J25: 2000 | K25: =J25/I25 -> 76.923077 | L25: 26 | M25: =F25/V25*60 -> 1632.4752 | N25: =M25/L25 -> 62.78751 | O25: =L25-I25 -> 0 | P25: =N25-K25 -> -14.135567 | Q25: =N25/K25 -> 0.81623762 | S25: 0.39722222 | T25: 0.4556713 | U25: 4.85 | V25: 84.166667 | W25: 0.4556713 | X25: 0.4974537 | AA25: =M25-J25 -> -367.52475 | AB25: =M25/J25 -> 0.81623762
B26: 便當 | C26: 嫩烤香料雞胸排蔬滿盒 | E26: 77.34 | F26: 2948 | G26: =E26*F26 -> 227998.32 | I26: 25 | J26: 2000 | K26: =J26/I26 -> 80 | L26: 25 | M26: =F26/V26*60 -> 1673.4153 | N26: =M26/L26 -> 66.936613 | O26: =L26-I26 -> 0 | P26: =N26-K26 -> -13.063387 | Q26: =N26/K26 -> 0.83670766 | S26: 0.4974537 | T26: 0.57085648 | U26: 60.166667 | V26: 105.7 | AA26: =M26-J26 -> -326.58467 | AB26: =M26/J26 -> 0.83670766
B27: 便當 | C27: 鰻牛雙饗匠食盒 | E27: 68.73 | F27: 3367 | G27: =E27*F27 -> 231413.91 | I27: 26 | J27: 2000 | K27: =J27/I27 -> 76.923077 | L27: 26 | M27: =F27/V27*60 -> 1636.0103 | N27: =M27/L27 -> 62.923471 | O27: =L27-I27 -> 0 | P27: =N27-K27 -> -13.999605 | Q27: =N27/K27 -> 0.81800513 | S27: 0.575 | T27: 0.66075231 | U27: 5.9666667 | V27: 123.48333 | AA27: =M27-J27 -> -363.98974 | AB27: =M27/J27 -> 0.81800513
AQ29: =AI8 -> 0
B38: 平均 | I38: =AVERAGE(I22:I37) -> 25.5 | J38: =AVERAGE(J22:J37) -> 2000 | K38: =J38/I38 -> 78.431373 | L38: =AVERAGE(L22:L37) -> 25.5 | M38: =AVERAGE(M22:M37) -> 1667.6499 | N38: =M38/L38 -> 65.398037 | O38: =L38-I38 -> 0 | P38: =N38-K38 -> -13.033336 | Q38: =N38/K38 -> 0.83382497 | S38: =S22 -> 0.16695602 | T38: =INDEX(T22:T37,COUNTA(T22:T37)) -> 0.66075231 | AA38: =M38-J38 -> -332.35007 | AB38: =M38/J38 -> 0.83382497
A39: 涼麵一線 | B39: 熱食義麵 | C39: 金沙豆腐細扁麵 | E39: 49.52 | F39: 3340 | G39: =E39*F39 -> 165396.8 | I39: 24 | J39: 2000 | K39: =J39/I39 -> 83.333333 | L39: 24 | M39: =F39/V39*60 -> 1707.9545 | N39: =M39/L39 -> 71.164773 | O39: =L39-I39 -> 0 | P39: =N39-K39 -> -12.168561 | Q39: =N39/K39 -> 0.85397727 | R39: =Q55 -> 0.84781759 | S39: 0.25 | T39: 0.33148148 | V39: 117.33333 | AA39: =M39-J39 -> -292.04545 | AB39: =M39/J39 -> 0.85397727 | AC39: =AB55 -> 0.84781759
B40: 便當 | C40: 悟家厚切排骨便當 | E40: 59.8 | F40: 1050 | G40: =E40*F40 -> 62790 | I40: 14 | J40: 2000 | K40: =J40/I40 -> 142.85714 | L40: 14 | M40: =F40/V40*60 -> 1659.3503 | N40: =M40/L40 -> 118.52502 | O40: =L40-I40 -> 0 | P40: =N40-K40 -> -24.332121 | Q40: =N40/K40 -> 0.82967515 | S40: 0.33543981 | T40: 0.36180556 | U40: 5.7 | V40: 37.966667 | AA40: =M40-J40 -> -340.64969 | AB40: =M40/J40 -> 0.82967515
B41: 小菜、微波 | C41: 越式牛肉寬粉 | E41: 51.82 | F41: 2850 | G41: =E41*F41 -> 147687 | I41: 23 | J41: 1800 | K41: =J41/I41 -> 78.26087 | L41: 23 | M41: =F41/V41*60 -> 1531.3433 | N41: =M41/L41 -> 66.580143 | O41: =L41-I41 -> 0 | P41: =N41-K41 -> -11.680727 | Q41: =N41/K41 -> 0.85074627 | S41: 0.36689815 | T41: 0.44444444 | U41: 7.3333333 | V41: 111.66667 | W41: 0.44444444 | X41: 0.48336806 | AA41: =M41-J41 -> -268.65672 | AB41: =M41/J41 -> 0.85074627
B42: 便當 | C42: 美式雞丁餐盒 | E42: 59.34 | F42: 2367 | G42: =E42*F42 -> 140457.78 | I42: 24 | J42: 2000 | K42: =J42/I42 -> 83.333333 | L42: 24 | M42: =F42/V42*60 -> 1691.7213 | N42: =M42/L42 -> 70.488386 | O42: =L42-I42 -> 0 | P42: =N42-K42 -> -12.844947 | Q42: =N42/K42 -> 0.84586063 | S42: 0.48336806 | T42: 0.54166667 | U42: 56.05 | V42: 83.95 | AA42: =M42-J42 -> -308.27874 | AB42: =M42/J42 -> 0.84586063
B43: 便當 | C43: 烤蛋白餐盒 | E43: 58.67 | F43: 4466 | G43: =E43*F43 -> 262020.22 | I43: 25 | J43: 2000 | K43: =J43/I43 -> 80 | L43: 25 | M43: =F43/V43*60 -> 1718.243 | N43: =M43/L43 -> 68.729721 | O43: =L43-I43 -> 0 | P43: =N43-K43 -> -11.270279 | Q43: =N43/K43 -> 0.85912151 | S43: 0.54517361 | T43: 0.65347222 | U43: 5.05 | V43: 155.95 | AA43: =M43-J43 -> -281.75697 | AB43: =M43/J43 -> 0.85912151
B55: 平均 | I55: =AVERAGE(I39:I54) -> 22 | J55: =AVERAGE(J39:J54) -> 1960 | K55: =J55/I55 -> 89.090909 | L55: =AVERAGE(L39:L54) -> 22 | M55: =AVERAGE(M39:M54) -> 1661.7225 | N55: =M55/L55 -> 75.53284 | O55: =L55-I55 -> 0 | P55: =N55-K55 -> -13.558069 | Q55: =N55/K55 -> 0.84781759 | S55: =S39 -> 0.25 | T55: =INDEX(T39:T54,COUNTA(T39:T54)) -> 0.65347222 | AA55: =M55-J55 -> -298.27751 | AB55: =M55/J55 -> 0.84781759
A56: 涼麵二線 | B56: 便當 | C56: 韓味豬肉時蔬拌拌餐盒 | E56: 59.36 | F56: 1888 | G56: =E56*F56 -> 112071.68 | I56: 23 | J56: 2000 | K56: =J56/I56 -> 86.956522 | L56: 23 | M56: =F56/V56*60 -> 1702.6052 | N56: =M56/L56 -> 74.026313 | O56: =L56-I56 -> 0 | P56: =N56-K56 -> -12.930208 | Q56: =N56/K56 -> 0.85130261 | R56: =Q72 -> 0.84351284 | S56: 0.16699074 | T56: 0.21319444 | V56: 66.533333 | AA56: =M56-J56 -> -297.39479 | AB56: =M56/J56 -> 0.85130261 | AC56: =AB72 -> 0.84351284
B57: 便當 | C57: 五味五彩嫩雞餐盒 | E57: 65.55 | F57: 984 | G57: =E57*F57 -> 64501.2 | I57: 22 | J57: 2000 | K57: =J57/I57 -> 90.909091 | L57: 22 | M57: =F57/V57*60 -> 1682.8504 | N57: =M57/L57 -> 76.493198 | O57: =L57-I57 -> 0 | P57: =N57-K57 -> -14.415893 | Q57: =N57/K57 -> 0.84142518 | S57: 0.21597222 | T57: 0.24033565 | U57: 4 | V57: 35.083333 | AA57: =M57-J57 -> -317.14964 | AB57: =M57/J57 -> 0.84142518
B58: 便當 | C58: 蒲燒玉子鰻飯 | E58: 102.83 | F58: 1532 | G58: =E58*F58 -> 157535.56 | I58: 19 | J58: 2000 | K58: =J58/I58 -> 105.26316 | L58: 19 | M58: =F58/V58*60 -> 1694.3779 | N58: =M58/L58 -> 89.177783 | O58: =L58-I58 -> 0 | P58: =N58-K58 -> -16.085375 | Q58: =N58/K58 -> 0.84718894 | S58: 0.24375 | T58: 0.28142361 | U58: 4.9166667 | V58: 54.25 | AA58: =M58-J58 -> -305.62212 | AB58: =M58/J58 -> 0.84718894
B59: 便當 | C59: 健身G肉餐盒 | E59: 59.52 | F59: 5936 | G59: =E59*F59 -> 353310.72 | I59: 25 | J59: 2000 | K59: =J59/I59 -> 80 | L59: 25 | M59: =F59/V59*60 -> 1737.3659 | N59: =M59/L59 -> 69.494634 | O59: =L59-I59 -> 0 | P59: =N59-K59 -> -10.505366 | Q59: =N59/K59 -> 0.86868293 | S59: 0.28541667 | T59: 0.42777778 | U59: 5.75 | V59: 205 | AA59: =M59-J59 -> -262.63415 | AB59: =M59/J59 -> 0.86868293
B60: 便當 | C60: 一口滷魂便當 | E60: 53.37 | F60: 1431 | G60: =E60*F60 -> 76372.47 | I60: 25 | J60: 2000 | K60: =J60/I60 -> 80 | L60: 25 | M60: =F60/V60*60 -> 1689.0492 | N60: =M60/L60 -> 67.561967 | O60: =L60-I60 -> 0 | P60: =N60-K60 -> -12.438033 | Q60: =N60/K60 -> 0.84452459 | S60: 0.43275463 | T60: 0.46805556 | U60: 7.1666667 | V60: 50.833333 | W60: 0.46805556 | X60: 0.50763889 | AA60: =M60-J60 -> -310.95082 | AB60: =M60/J60 -> 0.84452459
B61: 微波主食 | C61: 日式中濃醬炭火漢堡排飯 | E61: 56.85 | F61: 980 | G61: =E61*F61 -> 55713 | I61: 21 | J61: 2000 | K61: =J61/I61 -> 95.238095 | L61: 21 | M61: =F61/V61*60 -> 1631.8224 | N61: =M61/L61 -> 77.705828 | O61: =L61-I61 -> 0 | P61: =N61-K61 -> -17.532267 | Q61: =N61/K61 -> 0.81591119 | S61: 0.50763889 | T61: 0.53266204 | U61: 57 | V61: 36.033333 | AA61: =M61-J61 -> -368.17761 | AB61: =M61/J61 -> 0.81591119
B62: 便當 | C62: 經典滷肉飯 | E62: 47.37 | F62: 1867 | G62: =E62*F62 -> 88439.79 | I62: 21 | J62: 2000 | K62: =J62/I62 -> 95.238095 | L62: 21 | M62: =F62/V62*60 -> 1671.1089 | N62: =M62/L62 -> 79.576614 | O62: =L62-I62 -> 0 | P62: =N62-K62 -> -15.661481 | Q62: =N62/K62 -> 0.83555445 | S62: 0.53680556 | T62: 0.58335648 | U62: 5.9666667 | V62: 67.033333 | AA62: =M62-J62 -> -328.8911 | AB62: =M62/J62 -> 0.83555445
B72: 平均 | I72: =AVERAGE(I56:I71) -> 22.285714 | J72: =AVERAGE(J56:J71) -> 2000 | K72: =J72/I72 -> 89.74359 | L72: =AVERAGE(L56:L71) -> 22.285714 | M72: =AVERAGE(M56:M71) -> 1687.0257 | N72: =M72/L72 -> 75.69987 | O72: =L72-I72 -> 0 | P72: =N72-K72 -> -14.043719 | Q72: =N72/K72 -> 0.84351284 | S72: =S56 -> 0.16699074 | T72: =INDEX(T56:T71,COUNTA(T56:T71)) -> 0.58335648 | AA72: =M72-J72 -> -312.97432 | AB72: =M72/J72 -> 0.84351284
A73: 涼麵三線 | B73: 季節調理麵 | C73: 椒麻香蔥雞涼拌麵 | E73: 37.94 | F73: 4005 | G73: =E73*F73 -> 151949.7 | I73: 21 | J73: 3600 | K73: =J73/I73 -> 171.42857 | L73: 21 | M73: =F73/V73*60 -> 3000 | N73: =M73/L73 -> 142.85714 | O73: =L73-I73 -> 0 | P73: =N73-K73 -> -28.571429 | Q73: =N73/K73 -> 0.83333333 | R73: =Q89 -> 0.85224947 | S73: 0.16666667 | T73: 0.22229167 | V73: 80.1 | AA73: =M73-J73 -> -600 | AB73: =M73/J73 -> 0.83333333 | AC73: =AB89 -> 0.85224947
B74: 季節調理麵 | C74: 柚香海藻冷麵 | E74: 38.1 | F74: 393 | G74: =E74*F74 -> 14973.3 | I74: 21 | J74: 3600 | K74: =J74/I74 -> 171.42857 | L74: 21 | M74: =F74/V74*60 -> 2887.3469 | N74: =M74/L74 -> 137.49271 | O74: =L74-I74 -> 0 | P74: =N74-K74 -> -33.93586 | Q74: =N74/K74 -> 0.80204082 | S74: 0.22638889 | T74: 0.23206019 | U74: 5.9 | V74: 8.1666667 | AA74: =M74-J74 -> -712.65306 | AB74: =M74/J74 -> 0.80204082
B75: 季節調理麵 | C75: 酸辣麻醬細冷麵 | E75: 32.06 | F75: 3639 | G75: =E75*F75 -> 116666.34 | I75: 21 | J75: 3600 | K75: =J75/I75 -> 171.42857 | L75: 21 | M75: =F75/V75*60 -> 2990.9589 | N75: =M75/L75 -> 142.42661 | O75: =L75-I75 -> 0 | P75: =N75-K75 -> -29.001957 | Q75: =N75/K75 -> 0.83082192 | S75: 0.23472222 | T75: 0.28541667 | U75: 3.8333333 | V75: 73 | AA75: =M75-J75 -> -609.0411 | AB75: =M75/J75 -> 0.83082192
B76: 季節調理麵 | C76: 和風涓絲冷麵 | E76: 28.29 | F76: 3711 | G76: =E76*F76 -> 104984.19 | I76: 19 | J76: 3600 | K76: =J76/I76 -> 189.47368 | L76: 19 | M76: =F76/V76*60 -> 2990.732 | N76: =M76/L76 -> 157.40695 | O76: =L76-I76 -> 0 | P76: =N76-K76 -> -32.066735 | Q76: =N76/K76 -> 0.8307589 | S76: 0.28958333 | T76: 0.34128472 | U76: 6 | V76: 74.45 | AA76: =M76-J76 -> -609.26797 | AB76: =M76/J76 -> 0.8307589
B77: 季節調理麵 | C77: 芝麻鰹魚烏龍冷麵 | E77: 38.99 | F77: 2160 | G77: =E77*F77 -> 84218.4 | I77: 19 | J77: 3600 | K77: =J77/I77 -> 189.47368 | L77: 19 | M77: =F77/V77*60 -> 2962.2857 | N77: =M77/L77 -> 155.90977 | O77: =L77-I77 -> 0 | P77: =N77-K77 -> -33.56391 | Q77: =N77/K77 -> 0.82285714 | S77: 0.34461806 | T77: 0.375 | U77: 4.8 | V77: 43.75 | AA77: =M77-J77 -> -637.71429 | AB77: =M77/J77 -> 0.82285714
B78: 季節調理麵 | C78: 台式麻醬涼麵 | E78: 31.27 | F78: 3276 | G78: =E78*F78 -> 102440.52 | I78: 19 | J78: 3600 | K78: =J78/I78 -> 189.47368 | L78: 19 | M78: =F78/V78*60 -> 2996.3415 | N78: =M78/L78 -> 157.70218 | O78: =L78-I78 -> 0 | P78: =N78-K78 -> -31.771502 | Q78: =N78/K78 -> 0.83231707 | S78: 0.37944444 | T78: 0.425 | U78: 6.4 | V78: 65.6 | AA78: =M78-J78 -> -603.65854 | AB78: =M78/J78 -> 0.83231707
B79: 季節調理麵 | C79: 日式胡麻雞絲冷麵 | E79: 46.93 | F79: 1630 | G79: =E79*F79 -> 76495.9 | I79: 26 | J79: 3600 | K79: =J79/I79 -> 138.46154 | L79: 26 | M79: =F79/V79*60 -> 3166.7566 | N79: =M79/L79 -> 121.79833 | O79: =L79-I79 -> 0 | P79: =N79-K79 -> -16.663207 | Q79: =N79/K79 -> 0.87965461 | S79: 0.43065972 | T79: 0.45210648 | U79: 8.15 | V79: 30.883333 | W79: 0.45210648 | X79: 0.49166667 | AA79: =M79-J79 -> -433.24339 | AB79: =M79/J79 -> 0.87965461
B80: 季節調理麵 | C80: 日式擔擔冷麵 | E80: 43.61 | F80: 1333 | G80: =E80*F80 -> 58132.13 | I80: 22 | J80: 3600 | K80: =J80/I80 -> 163.63636 | L80: 22 | M80: =F80/V80*60 -> 3140.5759 | N80: =M80/L80 -> 142.75345 | O80: =L80-I80 -> 0 | P80: =N80-K80 -> -20.882913 | Q80: =N80/K80 -> 0.8723822 | S80: 0.49166667 | T80: 0.50935185 | U80: 56.966667 | V80: 25.466667 | AA80: =M80-J80 -> -459.42408 | AB80: =M80/J80 -> 0.8723822
B81: 季節調理麵 | C81: 日式蕎麥沾麵 | E81: 36.86 | F81: 3114 | G81: =E81*F81 -> 114782.04 | I81: 21 | J81: 3600 | K81: =J81/I81 -> 171.42857 | L81: 21 | M81: =F81/V81*60 -> 3180.2553 | N81: =M81/L81 -> 151.44073 | O81: =L81-I81 -> 0 | P81: =N81-K81 -> -19.987842 | Q81: =N81/K81 -> 0.88340426 | S81: 0.5133912 | T81: 0.55418981 | U81: 5.8166667 | V81: 58.75 | AA81: =M81-J81 -> -419.74468 | AB81: =M81/J81 -> 0.88340426
B82: 季節調理麵 | C82: 大滿足麻醬涼麵 | E82: 38 | F82: 323 | G82: =E82*F82 -> 12274 | H82: 2 | I82: 21 | J82: 3600 | K82: =J82/I82 -> 171.42857 | L82: 21 | M82: 3154 | N82: =M82/L82 -> 150.19048 | O82: =L82-I82 -> 0 | P82: =N82-K82 -> -21.238095 | Q82: =N82/K82 -> 0.87611111 | S82: 0.55902778 | T82: 0.56329861 | U82: 6.9666667 | V82: 6.15 | AA82: =M82-J82 -> -446 | AB82: =M82/J82 -> 0.87611111
B83: 季節調理麵 | C83: 大滿足香辣涼麵 | E83: 38.63 | F83: 4588 | G83: =E83*F83 -> 177234.44 | I83: 20 | J83: 3600 | K83: =J83/I83 -> 180 | L83: 20 | M83: =F83/V83*60 -> 3176.3077 | N83: =M83/L83 -> 158.81538 | O83: =L83-I83 -> 0 | P83: =N83-K83 -> -21.184615 | Q83: =N83/K83 -> 0.88230769 | S83: 0.56689815 | T83: 0.62708333 | U83: 5.1833333 | V83: 86.666667 | AA83: =M83-J83 -> -423.69231 | AB83: =M83/J83 -> 0.88230769
B84: 季節調理麵 | C84: 大滿足麻醬涼麵 | E84: 38 | F84: 6034 | G84: =E84*F84 -> 229292 | I84: 21 | J84: 3600 | K84: =J84/I84 -> 171.42857 | L84: 21 | M84: =F84/V84*60 -> 3171.6163 | N84: =M84/L84 -> 151.02935 | O84: =L84-I84 -> 0 | P84: =N84-K84 -> -20.399224 | Q84: =N84/K84 -> 0.88100453 | S84: 0.63217593 | T84: 0.71144676 | U84: 7.3333333 | V84: 114.15 | AA84: =M84-J84 -> -428.38371 | AB84: =M84/J84 -> 0.88100453
B89: 平均 | I89: =AVERAGE(I73:I88) -> 20.916667 | J89: =AVERAGE(J73:J88) -> 3600 | K89: =J89/I89 -> 172.11155 | L89: =AVERAGE(L73:L88) -> 20.916667 | M89: =AVERAGE(M73:M88) -> 3068.0981 | N89: =M89/L89 -> 146.68198 | O89: =L89-I89 -> 0 | P89: =N89-K89 -> -25.429574 | Q89: =N89/K89 -> 0.85224947 | S89: =S73 -> 0.16666667 | T89: =INDEX(T73:T88,COUNTA(T73:T88)) -> 0.71144676 | AA89: =M89-J89 -> -531.90193 | AB89: =M89/J89 -> 0.85224947
A90: 自動包裝機 | B90: 飯糰 | C90: 大口蒜味香腸燒肉雙拼飯糰 | E90: 34.23 | F90: 2008 | G90: =E90*F90 -> 68733.84 | I90: 16 | J90: 3000 | K90: =J90/I90 -> 187.5 | L90: 16 | M90: =F90/V90*60 -> 2530.2065 | N90: =M90/L90 -> 158.13791 | O90: =L90-I90 -> 0 | P90: =N90-K90 -> -29.362093 | Q90: =N90/K90 -> 0.84340217 | R90: =Q106 -> 0.85236268 | S90: 0.2502662 | T90: 0.28333333 | V90: 47.616667 | AA90: =M90-J90 -> -469.79349 | AB90: =M90/J90 -> 0.84340217 | AC90: =AB106 -> 0.85236268
B91: 飯糰 | C91: 大口花椒香麻雞飯糰 | E91: 34.77 | F91: 1530 | G91: =E91*F91 -> 53198.1 | I91: 11 | J91: 3000 | K91: =J91/I91 -> 272.72727 | L91: 11 | M91: =F91/V91*60 -> 2517.3675 | N91: =M91/L91 -> 228.85159 | O91: =L91-I91 -> 0 | P91: =N91-K91 -> -43.875686 | Q91: =N91/K91 -> 0.83912249 | S91: 0.28819444 | T91: 0.31351852 | U91: 7 | V91: 36.466667 | AA91: =M91-J91 -> -482.63254 | AB91: =M91/J91 -> 0.83912249
B92: 飯糰 | C92: 大口法式蕈菇起司雞排飯糰 | E92: 35.83 | F92: 4905 | G92: =E92*F92 -> 175746.15 | I92: 12 | J92: 3273 | K92: =J92/I92 -> 272.75 | L92: 12 | M92: =F92/V92*60 -> 2844.3943 | N92: =M92/L92 -> 237.03286 | O92: =L92-I92 -> 0 | P92: =N92-K92 -> -35.717139 | Q92: =N92/K92 -> 0.86904807 | S92: 0.36527778 | T92: 0.43712963 | U92: 4.9666667 | V92: 103.46667 | W92: 0.43712963 | X92: 0.47638889 | AA92: =M92-J92 -> -428.60567 | AB92: =M92/J92 -> 0.86904807
B93: 飯糰 | C93: 大口義式香草雞腿排飯糰 | E93: 36.41 | F93: 4212 | G93: =E93*F93 -> 153358.92 | I93: 11 | J93: 3273 | K93: =J93/I93 -> 297.54545 | L93: 11 | M93: =F93/V93*60 -> 2801.7738 | N93: =M93/L93 -> 254.70671 | O93: =L93-I93 -> 0 | P93: =N93-K93 -> -42.838742 | Q93: =N93/K93 -> 0.85602623 | S93: 0.47638889 | T93: 0.53902778 | U93: 56.533333 | V93: 90.2 | AA93: =M93-J93 -> -471.22616 | AB93: =M93/J93 -> 0.85602623
B106: 平均 | I106: =AVERAGE(I90:I105) -> 12.5 | J106: =AVERAGE(J90:J105) -> 3136.5 | K106: =J106/I106 -> 250.92 | L106: =AVERAGE(L90:L105) -> 12.5 | M106: =AVERAGE(M90:M105) -> 2673.4355 | N106: =M106/L106 -> 213.87484 | O106: =L106-I106 -> 0 | P106: =N106-K106 -> -37.045157 | Q106: =N106/K106 -> 0.85236268 | S106: =S90 -> 0.2502662 | T106: =INDEX(T90:T105,COUNTA(T90:T105)) -> 0.53902778 | AA106: =M106-J106 -> -463.06447 | AB106: =M106/J106 -> 0.85236268
A107: 自動包裝機3 | B107: 壽司手卷 | C107: 日式明太子炙烤牛飯卷 | E107: 26.63 | F107: 868 | G107: =E107*F107 -> 23114.84 | I107: 6 | J107: 2600 | K107: =J107/I107 -> 433.33333 | L107: 6 | M107: =F107/V107*60 -> 2101.4122 | N107: =M107/L107 -> 350.23537 | O107: =L107-I107 -> 0 | P107: =N107-K107 -> -83.09796 | Q107: =N107/K107 -> 0.80823548 | R107: =Q123 -> 0.82968131 | S107: 0.33417824 | T107: 0.35138889 | V107: 24.783333 | AA107: =M107-J107 -> -498.58776 | AB107: =M107/J107 -> 0.80823548 | AC107: =AB123 -> 0.82968131
B108: 飯糰 | C108: 糖燻野郎炙燒牛烤飯糰 | E108: 24.73 | F108: 1280 | G108: =E108*F108 -> 31654.4 | I108: 6 | J108: 2600 | K108: =J108/I108 -> 433.33333 | L108: 6 | M108: =F108/V108*60 -> 2165.4135 | N108: =M108/L108 -> 360.90226 | O108: =L108-I108 -> 0 | P108: =N108-K108 -> -72.431078 | Q108: =N108/K108 -> 0.83285136 | S108: 0.35486111 | T108: 0.37949074 | U108: 5 | V108: 35.466667 | AA108: =M108-J108 -> -434.58647 | AB108: =M108/J108 -> 0.83285136
B109: 飯糰 | C109: 鮭魚炙燒明太子烤飯糰 | E109: 24.94 | F109: 1410 | G109: =E109*F109 -> 35165.4 | I109: 6 | J109: 2600 | K109: =J109/I109 -> 433.33333 | L109: 6 | M109: =F109/V109*60 -> 2171.0864 | N109: =M109/L109 -> 361.84773 | O109: =L109-I109 -> 0 | P109: =N109-K109 -> -71.4856 | Q109: =N109/K109 -> 0.83503323 | S109: 0.38335648 | T109: 0.41041667 | U109: 5.5666667 | V109: 38.966667 | AA109: =M109-J109 -> -428.9136 | AB109: =M109/J109 -> 0.83503323
B110: 飯糰 | C110: 淡麗清酒蒸蛤蜊烤飯糰 | E110: 24.73 | F110: 1794 | G110: =E110*F110 -> 44365.62 | I110: 6 | J110: 2600 | K110: =J110/I110 -> 433.33333 | L110: 6 | M110: =F110/V110*60 -> 2190.7734 | N110: =M110/L110 -> 365.1289 | O110: =L110-I110 -> 0 | P110: =N110-K110 -> -68.204432 | Q110: =N110/K110 -> 0.84260516 | S110: 0.41321759 | T110: 0.44733796 | U110: 4.0333333 | V110: 49.133333 | AA110: =M110-J110 -> -409.22659 | AB110: =M110/J110 -> 0.84260516
B123: 平均 | I123: =AVERAGE(I107:I122) -> 6 | J123: =AVERAGE(J107:J122) -> 2600 | K123: =J123/I123 -> 433.33333 | L123: =AVERAGE(L107:L122) -> 6 | M123: =AVERAGE(M107:M122) -> 2157.1714 | N123: =M123/L123 -> 359.52857 | O123: =L123-I123 -> 0 | P123: =N123-K123 -> -73.804768 | Q123: =N123/K123 -> 0.82968131 | S123: =S107 -> 0.33417824 | T123: =INDEX(T107:T122,COUNTA(T107:T122)) -> 0.44733796 | AA123: =M123-J123 -> -442.82861 | AB123: =M123/J123 -> 0.82968131
A124: 涼麵一線 (二配) | B124: 微波主食 | C124: 二配薯勾以蛋包飯 | E124: 49.91 | F124: 1441 | G124: =E124*F124 -> 71920.31 | I124: 26 | J124: 2000 | K124: =J124/I124 -> 76.923077 | L124: 26 | M124: =F124/V124*60 -> 1699.7379 | N124: =M124/L124 -> 65.374534 | O124: =L124-I124 -> 0 | P124: =N124-K124 -> -11.548543 | Q124: =N124/K124 -> 0.84986894 | R124: =Q140 -> 0.85477172 | S124: 0.70844907 | T124: 0.74377315 | V124: 50.866667 | AA124: =M124-J124 -> -300.26212 | AB124: =M124/J124 -> 0.84986894 | AC124: =AB140 -> 0.85477172
B125: 微波主食 | C125: 二配里肌豬排可可咖哩歐姆蛋飯 | E125: 56.79 | F125: 2183 | G125: =E125*F125 -> 123972.57 | I125: 23 | J125: 2000 | K125: =J125/I125 -> 86.956522 | L125: 23 | M125: =F125/V125*60 -> 1714.772 | N125: =M125/L125 -> 74.555304 | O125: =L125-I125 -> 0 | P125: =N125-K125 -> -12.401218 | Q125: =N125/K125 -> 0.85738599 | S125: 0.74652778 | T125: 0.79957176 | U125: 3.9666667 | V125: 76.383333 | AA125: =M125-J125 -> -285.22802 | AB125: =M125/J125 -> 0.85738599
B126: 微波主食 | C126: 二配鐵板蘑菇肉醬起司焗飯 | E126: 44.3 | F126: 1976 | G126: =E126*F126 -> 87536.8 | I126: 17 | J126: 2000 | K126: =J126/I126 -> 117.64706 | L126: 17 | M126: =F126/V126*60 -> 1714.1205 | N126: =M126/L126 -> 100.83062 | O126: =L126-I126 -> 0 | P126: =N126-K126 -> -16.816442 | Q126: =N126/K126 -> 0.85706024 | S126: 0.80277778 | T126: 0.85081019 | U126: 4.6166667 | V126: 69.166667 | AA126: =M126-J126 -> -285.87952 | AB126: =M126/J126 -> 0.85706024
B140: 平均 | I140: =AVERAGE(I124:I139) -> 22 | J140: =AVERAGE(J124:J139) -> 2000 | K140: =J140/I140 -> 90.909091 | L140: =AVERAGE(L124:L139) -> 22 | M140: =AVERAGE(M124:M139) -> 1709.5434 | N140: =M140/L140 -> 77.70652 | O140: =L140-I140 -> 0 | P140: =N140-K140 -> -13.202571 | Q140: =N140/K140 -> 0.85477172 | S140: =S124 -> 0.70844907 | T140: =INDEX(T124:T139,COUNTA(T124:T139)) -> 0.85081019 | AA140: =M140-J140 -> -290.45655 | AB140: =M140/J140 -> 0.85477172
A141: 涼麵二線 (二配) | B141: 微波主食 | C141: 二配三杯海瓜子好下飯 | E141: 50.67 | F141: 1363 | G141: =E141*F141 -> 69063.21 | I141: 22 | J141: 2000 | K141: =J141/I141 -> 90.909091 | L141: 22 | M141: =F141/V141*60 -> 1698.4424 | N141: =M141/L141 -> 77.201926 | O141: =L141-I141 -> 0 | P141: =N141-K141 -> -13.707165 | Q141: =N141/K141 -> 0.84922118 | R141: =Q157 -> 0.85350309 | S141: 0.70833333 | T141: 0.74177083 | V141: 48.15 | AA141: =M141-J141 -> -301.55763 | AB141: =M141/J141 -> 0.84922118 | AC141: =AB157 -> 0.85350309
B142: 微波主食 | C142: 二配黃金雞排蘑菇白醬歐姆蛋飯 | E142: 56.87 | F142: 1684 | G142: =E142*F142 -> 95769.08 | I142: 23 | J142: 2000 | K142: =J142/I142 -> 86.956522 | L142: 23 | M142: =F142/V142*60 -> 1708.6809 | N142: =M142/L142 -> 74.290476 | O142: =L142-I142 -> 0 | P142: =N142-K142 -> -12.666046 | Q142: =N142/K142 -> 0.85434047 | S142: 0.74513889 | T142: 0.7862037 | U142: 4.85 | V142: 59.133333 | AA142: =M142-J142 -> -291.31905 | AB142: =M142/J142 -> 0.85434047
B143: 微波主食 | C143: 二配哞哞培根奶香海陸焗飯 | E143: 47.6 | F143: 2299 | G143: =E143*F143 -> 109432.4 | I143: 23 | J143: 2000 | K143: =J143/I143 -> 86.956522 | L143: 23 | M143: =F143/V143*60 -> 1713.8952 | N143: =M143/L143 -> 74.517183 | O143: =L143-I143 -> 0 | P143: =N143-K143 -> -12.439338 | Q143: =N143/K143 -> 0.85694761 | S143: 0.79027778 | T143: 0.84616898 | U143: 5.8666667 | V143: 80.483333 | AA143: =M143-J143 -> -286.10478 | AB143: =M143/J143 -> 0.85694761
B157: 平均 | I157: =AVERAGE(I141:I156) -> 22.666667 | J157: =AVERAGE(J141:J156) -> 2000 | K157: =J157/I157 -> 88.235294 | L157: =AVERAGE(L141:L156) -> 22.666667 | M157: =AVERAGE(M141:M156) -> 1707.0062 | N157: =M157/L157 -> 75.309096 | O157: =L157-I157 -> 0 | P157: =N157-K157 -> -12.926198 | Q157: =N157/K157 -> 0.85350309 | S157: =S141 -> 0.70833333 | T157: =INDEX(T141:T156,COUNTA(T141:T156)) -> 0.84616898 | AA157: =M157-J157 -> -292.99382 | AB157: =M157/J157 -> 0.85350309
Y159: 原因回覆
Y160: 1.當日出勤人數較多
Y161: 2.當日出勤人數較少
Y162: 3.當日出勤熟手較多
Y163: 4.當日出勤新人較多
Y164: 5.機台夾盒
Y165: 6.封膜不順
Y166: 7.更換膠膜
Y167: 8.更換碳帶
Y168: 9.當日熱轉印碳帶異常
Y169: 10.訂單量過少
Y170: 11.新品上市，尚未熟悉
Y171: 12.活動期間品項需貼標

Sheet 0729
B1: 屏榮 大溪廠組合室生產人時性分析
B3: 日期 | C3: 114.07.29星期二 | E3: 訂單量 | F3: ='0729(18度C)'!D1+'0729(4度C)'!D1 -> 248386 | H3: 營業額 | I3: ='0729(18度C)'!F1+'0729(4度C)'!F1 -> 8226654.7
B4: 人時性 | C4: 項目 | E4: ➀ | G4: ➁ | I4: ➂ | K4: ④ | M4: ⑤
C5: 組合室 | E5: 全溫層 | G5: 4度C-各編組展開(一配) | I5: 4度C-各編組展開(二配) | K5: 18度C-各編組展開(一配) | M5: 18度C-各編組展開(二配)
C6: 排關平均 | E6: =AVERAGE(D13:O13,D27:X27) -> 499.88086 | F6: =AVERAGE(#REF!,D13:K13) -> #REF! | G6: =AVERAGE(D13:K13) -> 175.27087 | I6: =AVERAGE(L13:O13) -> 89.572193 | K6: =AVERAGE(D27:O27) -> 688.59363 | M6: =AVERAGE(P27:X27) -> 763.74505
C7: 實績平均 | E7: =AVERAGE(D14:O14,D28:X28) -> 421.10739 | F7: =AVERAGE(#REF!,D14:K14) -> #REF! | G7: =AVERAGE(D14:K14) -> 147.61797 | I7: =AVERAGE(L14:O14) -> 76.514554 | K7: =AVERAGE(D28:O28) -> 580.06637 | M7: =AVERAGE(P28:X28) -> 643.09736
C8: 達成率平均 | E8: =AVERAGE(D15:O15,D29:X29) -> 0.84535154 | F8: =AVERAGE(D15:K15,#REF!) -> #REF! | G8: =AVERAGE(D15:K15) -> 0.84454292 | I8: =AVERAGE(L15:O15) -> 0.8542122 | K8: =AVERAGE(D29:O29) -> 0.84410041 | M8: =AVERAGE(P29:X29) -> 0.84500956 | O8: ※現行日本鮮食廠以達成率80%為基本(即為現行KPI)
B10: 溫層 | D10: ➁4度C-各編組展開 | L10: ➂4度C-各編組展開
B11: 編組 | D11: 1 | E11: 2 | F11: 3 | G11: 4 | H11: 5 | I11: 6 | J11: 7 | K11: 8 | L11: 1 | M11: 2 | N11: 3 | O11: 4
D12: 便當一線 | E12: 便當二線 | F12: 涼麵一線 | G12: 涼麵二線 | H12: 涼麵三線 | I12: 自動包裝機 | J12: 自動包裝機2 | K12: 自動包裝機3 | L12: 便當一線 | M12: 便當二線 | N12: 涼麵一線 | O12: 涼麵二線
B13: 人時性 | C13: 排關 | D13: 113.26531 | E13: 78.431373 | F13: 89.090909 | G13: 89.74359 | H13: 172.11155 | I13: 250.92 | J13: - | K13: 433.33333 | L13: - | M13: - | N13: 90.909091 | O13: 88.235294
C14: 實績 | D14: 96.85677 | E14: 65.204685 | F14: 75.530713 | G14: 75.701482 | H14: 146.64588 | I14: 213.83916 | J14: - | K14: 359.54713 | L14: - | M14: - | N14: 77.71649 | O14: 75.312619
C15: 達成率 | D15: =D14/D13 -> 0.85513185 | E15: =E14/E13 -> 0.83135973 | F15: =F14/F13 -> 0.84779372 | G15: =G14/G13 -> 0.84353079 | H15: =H14/H13 -> 0.85203972 | I15: =I14/I13 -> 0.85222049 | J15: - | K15: =K14/K13 -> 0.82972413 | L15: - | M15: - | N15: =N14/N13 -> 0.85488139 | O15: =O14/O13 -> 0.85354301
B16: 作業 時間 | C16: 開始 | D16: 0.25 | E16: 0.16666667 | F16: 0.25002315 | G16: 0.16666667 | H16: 0.16672454 | I16: 0.25 | J16: - | K16: 0.33621528 | L16: - | M16: - | N16: 0.70862269 | O16: 0.70833333
C17: 結束 | D17: 0.61883102 | E17: 0.74791667 | F17: 0.65763889 | G17: 0.59733796 | H17: 0.72569444 | I17: 0.54652778 | J17: - | K17: 0.45085648 | L17: - | M17: - | N17: 0.86875 | O17: 0.85792824
B18: 配置人數 | D18: 16.333333 | E18: 25.5 | F18: 22 | G18: 22.285714 | H18: 20.916667 | I18: 12.5 | J18: - | K18: 6 | L18: - | M18: - | N18: 22 | O18: 22.666667
B19: 主要應用設備 | D19: L型封口機 | E19: ET-55 | F19: ET-55 | G19: ET-55 | H19: ET-600 | I19: 伺服包裝機 | J19: 伺服包裝機 | K19: 伺服包裝機 | L19: L型封口機 | M19: ET-55 | N19: ET-55 | O19: ET-55
B20: 次要應用設備 | D20: 伺服包裝機 | H20: 伺服包裝機
B21: 備註 | H21: 涼麵+烤飯糰 | I21: 大口飯糰線 | K21: 烤飯糰+手卷
B24: 溫層 | D24: ➃18度C-各編組展開 (一配) | P24: ⑤18度C-各編組展開 (二配)
B25: 編組 | D25: 1 | E25: 2 | F25: 3 | G25: 4 | H25: 5 | I25: 6 | J25: 7 | K25: 8 | L25: 9 | M25: 10 | N25: 11 | O25: 12 | P25: 1 | Q25: 2 | R25: 3 | S25: 4 | T25: 5 | U25: 6 | V25: 7 | W25: 8 | X25: 9
D26: 便當一線 | E26: 涼麵一線 | F26: 涼麵三線 | G26: 自動包裝機 | H26: 自動包裝機2 | I26: 自動包裝機3 | J26: 味付飯糰線B | K26: (舊) 3300型飯糰線 | L26: 3000型飯糰線 | M26: (新) 3300型飯糰機 | N26: GKK3600型 飯糰機 | O26: GKK3600型 飯糰機2 | P26: 自動包裝機 | Q26: 自動包裝機2 | R26: 自動包裝機3 | S26: 味付飯糰線B | T26: (舊) 3300型飯糰線 | U26: 3000型飯糰線 | V26: (新) 3300型飯糰機 | W26: GKK3600型 飯糰機 | X26: GKK3600型 飯糰機2
B27: 人時性 | C27: 排關 | D27: 226.15 | E27: - | F27: - | G27: 272.72727 | H27: 433.33333 | I27: - | J27: 675 | K27: 1100 | L27: - | M27: 761.53846 | N27: 1200 | O27: 840 | P27: 248.61333 | Q27: - | R27: - | S27: 675 | T27: 768.75 | U27: - | V27: 776.47059 | W27: 1200 | X27: 913.63636
C28: 實績 | D28: 192.9089 | E28: - | F28: - | G28: 232.87023 | H28: 356.09835 | I28: - | J28: 589.35245 | K28: 934.90977 | L28: - | M28: 639.79551 | N28: 997.85497 | O28: 696.74075 | P28: 210.80079 | Q28: - | R28: - | S28: 599.09998 | T28: 641.63767 | U28: - | V28: 653.01658 | W28: 998.85173 | X28: 755.17745
C29: 達成率 | D29: =D28/D27 -> 0.85301305 | E29: - | F29: - | G29: =G28/G27 -> 0.85385749 | H29: =H28/H27 -> 0.82176543 | I29: - | J29: =J28/J27 -> 0.87311474 | K29: =K28/K27 -> 0.84991797 | L29: - | M29: =M28/M27 -> 0.84013552 | N29: =N28/N27 -> 0.83154581 | O29: =O28/O27 -> 0.82945327 | P29: =P28/P27 -> 0.8479062 | Q29: - | R29: - | S29: =S28/S27 -> 0.88755552 | T29: =T28/T27 -> 0.83465063 | U29: - | V29: =V28/V27 -> 0.8410062 | W29: =W28/W27 -> 0.83237644 | X29: =X28/X27 -> 0.82656238
B30: 作業 時間 | C30: 開始 | D30: 0.38137731 | E30: - | F30: - | G30: 0.3181713 | H30: 0.25 | I30: - | J30: 0.25012731 | K30: 0.35238426 | L30: - | M30: 0.25 | N30: 0.25 | O30: 0.25 | P30: 0.70833333 | Q30: - | R30: - | S30: 0.70841435 | T30: 0.70833333 | U30: - | V30: 0.70833333 | W30: 0.70833333 | X30: 0.70866898
C31: 結束 | D31: 0.49861111 | E31: - | F31: - | G31: 0.36527778 | H31: 0.31674769 | I31: - | J31: 0.34861111 | K31: 0.38958333 | L31: - | M31: 0.41111111 | N31: 0.46805556 | O31: 0.46319444 | P31: 0.94513889 | Q31: - | R31: - | S31: 0.87430556 | T31: 0.8787037 | U31: - | V31: 0.96405093 | W31: 0.97027778 | X31: 0.99375
B32: 配置人數 | D32: 13.333333 | E32: - | F32: - | G32: 11 | H32: 6 | I32: - | J32: 4 | K32: 3 | L32: - | M32: 4.3333333 | N32: 3 | O32: 3.75 | P32: 12.5 | Q32: - | R32: - | S32: 4 | T32: 4 | U32: - | V32: 4.25 | W32: 3 | X32: 3.6666667
B33: 主要應用設備 | D33: 伺服包裝機 | E33: ET-55 | F33: ET-600 | G33: 夾心型 | H33: 伺服包裝機 | I33: 伺服包裝機 | J33: 夾心型 | K33: 3300型 | L33: 3300型 | M33: 3300型 | N33: GKK | O33: GKK | P33: 夾心型 | Q33: 伺服包裝機 | R33: 伺服包裝機 | S33: 夾心型 | T33: 3300型 | U33: 3300型 | V33: 3300型 | W33: GKK | X33: GKK
B34: 次要應用設備
B35: 備註

Sheet 0729(18度C)
A1: 大溪廠日報分析 | C1: 總生產量 | D1: =SUM(F5:F242) -> 126228 | E1: 營業額 | F1: =SUM(G5:G242) -> 2512421.9 | G1: 出勤人數 | H1: =L21+L38+L55+L72+L89+L106+L123+L140+L157+L174+L191+L208+L225+L242 -> 79.833333 | I1: 產線配置圖 | L1: 生產實績 | O1: 人時性差異分析 | S1: 日報登錄 | Y1: 分析說明 | AA1: 產能差異分析
A2: 45867 | C2: 人時性 | D2: =AVERAGE(N21,N38,N55,N72,N89,N106,N123,N140,N157,N174,N191,N208,N225,N242) -> 607.07965 | E2: 平均廠價 | F2: =F1/D1 -> 19.90384 | G2: 多次生產數 | H2: =COUNT(H5:H242) -> 5
A3: 線別 | B3: 品類 | C3: 品名 | E3: 廠價 | F3: 生產量 | G3: 營收 | H3: 多次 生產 | I3: 人數 | J3: 產能/時 | K3: 人時性 | L3: 人數 | M3: 產能/時 | N3: 人時性 | O3: 人數 | P3: 人時性 | Q3: 達成率 | R3: 達成率 平均 | S3: 生產時間 | U3: 換線、休息/分 | V3: 稼動時間/分 | W3: 休息時間 | Y3: (屏榮回填) | AA3: 產能/時 | AB3: 達成率 | AC3: 達成率平均
S4: 開始 | T4: 結束 | W4: 開始 | X4: 結束
A5: 便當一線 | B5: 壽司手卷 | C5: 一配海饌雙手卷 | E5: 29.85 | F5: 2178 | G5: =E5*F5 -> 65013.3 | I5: 17 | J5: 3273 | K5: =J5/I5 -> 192.52941 | L5: 17 | M5: =F5/V5*60 -> 2791.3136 | N5: =M5/L5 -> 164.19492 | O5: =L5-I5 -> 0 | P5: =N5-K5 -> -28.334492 | Q5: =N5/K5 -> 0.85283032 | R5: =Q21 -> 0.85301305 | S5: 0.38137731 | T5: 0.41388889 | U5: 6.1833333 | V5: 46.816667 | AA5: =M5-J5 -> -481.68637 | AB5: =M5/J5 -> 0.85283032 | AC5: =AB21 -> 0.85301305
B6: 壽司手卷 | C6: 一配雙饗雙手卷 | E6: 29.52 | F6: 2234 | G6: =E6*F6 -> 65947.68 | I6: 17 | J6: 3273 | K6: =J6/I6 -> 192.52941 | L6: 17 | M6: =F6/V6*60 -> 2792.5 | N6: =M6/L6 -> 164.26471 | O6: =L6-I6 -> 0 | P6: =N6-K6 -> -28.264706 | Q6: =N6/K6 -> 0.85319279 | S6: 0.41875 | T6: 0.45208333 | U6: 7 | V6: 48 | AA6: =M6-J6 -> -480.5 | AB6: =M6/J6 -> 0.85319279
B7: 壽司手卷 | C7: 一配日式厚蛋脆卷 | E7: 21.61 | F7: 2097 | G7: =E7*F7 -> 45316.17 | I7: 6 | J7: 2500 | K7: =J7/I7 -> 416.66667 | L7: 6 | M7: =F7/V7*60 -> 2132.5424 | N7: =M7/L7 -> 355.42373 | O7: =L7-I7 -> 0 | P7: =N7-K7 -> -61.242938 | Q7: =N7/K7 -> 0.85301695 | S7: 0.45763889 | T7: 0.49861111 | U7: 8 | V7: 59 | W7: 0.49861111 | X7: 0.53891204 | AA7: =M7-J7 -> -367.45763 | AB7: =M7/J7 -> 0.85301695
B21: 平均 | I21: =AVERAGE(I5:I20) -> 13.333333 | J21: =AVERAGE(J5:J20) -> 3015.3333 | K21: =J21/I21 -> 226.15 | L21: =AVERAGE(L5:L20) -> 13.333333 | M21: =AVERAGE(M5:M20) -> 2572.1187 | N21: =M21/L21 -> 192.9089 | O21: =L21-I21 -> 0 | P21: =N21-K21 -> -33.2411 | Q21: =N21/K21 -> 0.85301305 | S21: =S5 -> 0.38137731 | T21: =INDEX(T5:T20,COUNTA(T5:T20)) -> 0.49861111 | AA21: =M21-J21 -> -443.21466 | AB21: =M21/J21 -> 0.85301305
A22: 自動包裝機 | B22: 壽司手卷 | C22: 一配長野稻荷壽司 | E22: 25.64 | F22: 2896 | G22: =E22*F22 -> 74253.44 | I22: 11 | J22: 3000 | K22: =J22/I22 -> 272.72727 | L22: 11 | M22: =F22/V22*60 -> 2561.5725 | N22: =M22/L22 -> 232.87023 | O22: =L22-I22 -> 0 | P22: =N22-K22 -> -39.857047 | Q22: =N22/K22 -> 0.85385749 | R22: =Q38 -> 0.85385749 | S22: 0.3181713 | T22: 0.36527778 | U22: 7.0333333 | V22: 67.833333 | AA22: =M22-J22 -> -438.42752 | AB22: =M22/J22 -> 0.85385749 | AC22: =AB38 -> 0.85385749
B38: 平均 | I38: =AVERAGE(I22:I37) -> 11 | J38: =AVERAGE(J22:J37) -> 3000 | K38: =J38/I38 -> 272.72727 | L38: =AVERAGE(L22:L37) -> 11 | M38: =AVERAGE(M22:M37) -> 2561.5725 | N38: =M38/L38 -> 232.87023 | O38: =L38-I38 -> 0 | P38: =N38-K38 -> -39.857047 | Q38: =N38/K38 -> 0.85385749 | S38: =S22 -> 0.3181713 | T38: =INDEX(T22:T37,COUNTA(T22:T37)) -> 0.36527778 | AA38: =M38-J38 -> -438.42752 | AB38: =M38/J38 -> 0.85385749
A39: 自動包裝機2 | B39: 壽司手卷 | C39: 一配芝麻海苔香鬆細卷 | E39: 14.06 | F39: 1056 | G39: =E39*F39 -> 14847.36 | I39: 6 | J39: 2600 | K39: =J39/I39 -> 433.33333 | L39: 6 | M39: =F39/V39*60 -> 2149.0107 | N39: =M39/L39 -> 358.16846 | O39: =L39-I39 -> 0 | P39: =N39-K39 -> -75.164877 | Q39: =N39/K39 -> 0.82654259 | R39: =Q55 -> 0.82176543 | S39: 0.25 | T39: 0.27047454 | V39: 29.483333 | AA39: =M39-J39 -> -450.98926 | AB39: =M39/J39 -> 0.82654259 | AC39: =AB55 -> 0.82176543
B40: 壽司手卷 | C40: 一配鮪魚沙拉細卷 | E40: 14.81 | F40: 1243 | G40: =E40*F40 -> 18408.83 | I40: 6 | J40: 2600 | K40: =J40/I40 -> 433.33333 | L40: 6 | M40: =F40/V40*60 -> 2166.9734 | N40: =M40/L40 -> 361.16223 | O40: =L40-I40 -> 0 | P40: =N40-K40 -> -72.171106 | Q40: =N40/K40 -> 0.83345129 | S40: 0.275 | T40: 0.29890046 | U40: 6.5166667 | V40: 34.416667 | AA40: =M40-J40 -> -433.02663 | AB40: =M40/J40 -> 0.83345129
B41: 壽司手卷 | C41: 一配炙烤焦糖鮭魚細卷 | E41: 17.87 | F41: 702 | G41: =E41*F41 -> 12544.74 | I41: 6 | J41: 2600 | K41: =J41/I41 -> 433.33333 | L41: 6 | M41: =F41/V41*60 -> 2093.7862 | N41: =M41/L41 -> 348.96437 | O41: =L41-I41 -> 0 | P41: =N41-K41 -> -84.368959 | Q41: =N41/K41 -> 0.8053024 | S41: 0.30277778 | T41: 0.31674769 | U41: 5.5833333 | V41: 20.116667 | AA41: =M41-J41 -> -506.21375 | AB41: =M41/J41 -> 0.8053024
B55: 平均 | I55: =AVERAGE(I39:I54) -> 6 | J55: =AVERAGE(J39:J54) -> 2600 | K55: =J55/I55 -> 433.33333 | L55: =AVERAGE(L39:L54) -> 6 | M55: =AVERAGE(M39:M54) -> 2136.5901 | N55: =M55/L55 -> 356.09835 | O55: =L55-I55 -> 0 | P55: =N55-K55 -> -77.23498 | Q55: =N55/K55 -> 0.82176543 | S55: =S39 -> 0.25 | T55: =INDEX(T39:T54,COUNTA(T39:T54)) -> 0.31674769 | AA55: =M55-J55 -> -463.40988 | AB55: =M55/J55 -> 0.82176543
A56: 味付飯糰線B | B56: 飯糰 | C56: 一配經典肉鬆飯糰 | E56: 14.03 | F56: 5572 | G56: =E56*F56 -> 78175.16 | I56: 4 | J56: 2700 | K56: =J56/I56 -> 675 | L56: 4 | M56: =F56/V56*60 -> 2357.4098 | N56: =M56/L56 -> 589.35245 | O56: =L56-I56 -> 0 | P56: =N56-K56 -> -85.64755 | Q56: =N56/K56 -> 0.87311474 | R56: =Q72 -> 0.87311474 | S56: 0.25012731 | T56: 0.34861111 | V56: 141.81667 | AA56: =M56-J56 -> -342.5902 | AB56: =M56/J56 -> 0.87311474 | AC56: =AB72 -> 0.87311474
B72: 平均 | I72: =AVERAGE(I56:I71) -> 4 | J72: =AVERAGE(J56:J71) -> 2700 | K72: =J72/I72 -> 675 | L72: =AVERAGE(L56:L71) -> 4 | M72: =AVERAGE(M56:M71) -> 2357.4098 | N72: =M72/L72 -> 589.35245 | O72: =L72-I72 -> 0 | P72: =N72-K72 -> -85.64755 | Q72: =N72/K72 -> 0.87311474 | S72: =S56 -> 0.25012731 | T72: =INDEX(T56:T71,COUNTA(T56:T71)) -> 0.34861111 | AA72: =M72-J72 -> -342.5902 | AB72: =M72/J72 -> 0.87311474
A73: (舊) 3300型飯糰線 | B73: 飯糰 | C73: 一配三杯辣海瓜子飯糰 | E73: 21.45 | F73: 2504 | G73: =E73*F73 -> 53710.8 | I73: 3 | J73: 3300 | K73: =J73/I73 -> 1100 | L73: 3 | M73: =F73/V73*60 -> 2804.7293 | N73: =M73/L73 -> 934.90977 | O73: =L73-I73 -> 0 | P73: =N73-K73 -> -165.09023 | Q73: =N73/K73 -> 0.84991797 | R73: =Q89 -> 0.84991797 | S73: 0.35238426 | T73: 0.38958333 | V73: 53.566667 | AA73: =M73-J73 -> -495.27069 | AB73: =M73/J73 -> 0.84991797 | AC73: =AB89 -> 0.84991797
B89: 平均 | I89: =AVERAGE(I73:I88) -> 3 | J89: =AVERAGE(J73:J88) -> 3300 | K89: =J89/I89 -> 1100 | L89: =AVERAGE(L73:L88) -> 3 | M89: =AVERAGE(M73:M88) -> 2804.7293 | N89: =M89/L89 -> 934.90977 | O89: =L89-I89 -> 0 | P89: =N89-K89 -> -165.09023 | Q89: =N89/K89 -> 0.84991797 | S89: =S73 -> 0.35238426 | T89: =INDEX(T73:T88,COUNTA(T73:T88)) -> 0.38958333 | AA89: =M89-J89 -> -495.27069 | AB89: =M89/J89 -> 0.84991797
A90: (新) 3300型飯糰機 | B90: 飯糰 | C90: 一配壹號醬炙烤牛飯糰 | E90: 22.28 | F90: 1512 | G90: =E90*F90 -> 33687.36 | I90: 5 | J90: 3300 | K90: =J90/I90 -> 660 | L90: 5 | M90: =F90/V90*60 -> 2731.1591 | N90: =M90/L90 -> 546.23181 | O90: =L90-I90 -> 0 | P90: =N90-K90 -> -113.76819 | Q90: =N90/K90 -> 0.82762396 | R90: =Q106 -> 0.84013552 | S90: 0.25 | T90: 0.27306713 | V90: 33.216667 | AA90: =M90-J90 -> -568.84094 | AB90: =M90/J90 -> 0.82762396 | AC90: =AB106 -> 0.84013552
B91: 飯糰 | C91: 一配鹽蔥燒肉飯糰 | E91: 17.89 | F91: 3282 | G91: =E91*F91 -> 58714.98 | I91: 4 | J91: 3300 | K91: =J91/I91 -> 825 | L91: 4 | M91: =F91/V91*60 -> 2768.3224 | N91: =M91/L91 -> 692.0806 | O91: =L91-I91 -> 0 | P91: =N91-K91 -> -132.9194 | Q91: =N91/K91 -> 0.83888558 | S91: 0.27638889 | T91: 0.32578704 | U91: 4.7833333 | V91: 71.133333 | AA91: =M91-J91 -> -531.6776 | AB91: =M91/J91 -> 0.83888558
B92: 飯糰 | C92: 一配雞肉飯飯糰 | E92: 16.66 | F92: 5487 | G92: =E92*F92 -> 91413.42 | I92: 4 | J92: 3300 | K92: =J92/I92 -> 825 | L92: 4 | M92: =F92/V92*60 -> 2817.8602 | N92: =M92/L92 -> 704.46505 | O92: =L92-I92 -> 0 | P92: =N92-K92 -> -120.53495 | Q92: =N92/K92 -> 0.85389703 | S92: 0.32997685 | T92: 0.41111111 | U92: 6.0333333 | V92: 116.83333 | AA92: =M92-J92 -> -482.1398 | AB92: =M92/J92 -> 0.85389703
B106: 平均 | I106: =AVERAGE(I90:I105) -> 4.3333333 | J106: =AVERAGE(J90:J105) -> 3300 | K106: =J106/I106 -> 761.53846 | L106: =AVERAGE(L90:L105) -> 4.3333333 | M106: =AVERAGE(M90:M105) -> 2772.4472 | N106: =M106/L106 -> 639.79551 | O106: =L106-I106 -> 0 | P106: =N106-K106 -> -121.74295 | Q106: =N106/K106 -> 0.84013552 | S106: =S90 -> 0.25 | T106: =INDEX(T90:T105,COUNTA(T90:T105)) -> 0.41111111 | AA106: =M106-J106 -> -527.55278 | AB106: =M106/J106 -> 0.84013552
A107: GKK3600型 飯糰機 | B107: 飯糰 | C107: 一配明太子龍蝦風味沙拉飯糰 | E107: 18.18 | F107: 2945 | G107: =E107*F107 -> 53540.1 | I107: 3 | J107: 3600 | K107: =J107/I107 -> 1200 | L107: 3 | M107: =F107/V107*60 -> 2993.2242 | N107: =M107/L107 -> 997.74139 | O107: =L107-I107 -> 0 | P107: =N107-K107 -> -202.25861 | Q107: =N107/K107 -> 0.83145116 | R107: =Q123 -> 0.83154581 | S107: 0.25 | T107: 0.29099537 | V107: 59.033333 | AA107: =M107-J107 -> -606.77583 | AB107: =M107/J107 -> 0.83145116 | AC107: =AB123 -> 0.83154581
B108: 飯糰 | C108: 一配蔬食鮪魚飯糰 | E108: 18.18 | F108: 3953 | G108: =E108*F108 -> 71865.54 | I108: 3 | J108: 3600 | K108: =J108/I108 -> 1200 | L108: 3 | M108: =F108/V108*60 -> 2991.5493 | N108: =M108/L108 -> 997.1831 | O108: =L108-I108 -> 0 | P108: =N108-K108 -> -202.8169 | Q108: =N108/K108 -> 0.83098592 | S108: 0.30138889 | T108: 0.35644676 | U108: 14.966667 | V108: 79.283333 | AA108: =M108-J108 -> -608.4507 | AB108: =M108/J108 -> 0.83098592
B109: 飯糰 | C109: 鮪魚飯糰 | E109: 14.28 | F109: 6978 | G109: =E109*F109 -> 99645.84 | I109: 3 | J109: 3600 | K109: =J109/I109 -> 1200 | L109: 3 | M109: =F109/V109*60 -> 2995.9213 | N109: =M109/L109 -> 998.64043 | O109: =L109-I109 -> 0 | P109: =N109-K109 -> -201.35957 | Q109: =N109/K109 -> 0.83220036 | S109: 0.37100694 | T109: 0.46805556 | U109: 20.966667 | V109: 139.75 | AA109: =M109-J109 -> -604.07871 | AB109: =M109/J109 -> 0.83220036
B123: 平均 | I123: =AVERAGE(I107:I122) -> 3 | J123: =AVERAGE(J107:J122) -> 3600 | K123: =J123/I123 -> 1200 | L123: =AVERAGE(L107:L122) -> 3 | M123: =AVERAGE(M107:M122) -> 2993.5649 | N123: =M123/L123 -> 997.85497 | O123: =L123-I123 -> 0 | P123: =N123-K123 -> -202.14503 | Q123: =N123/K123 -> 0.83154581 | S123: =S107 -> 0.25 | T123: =INDEX(T107:T122,COUNTA(T107:T122)) -> 0.46805556 | AA123: =M123-J123 -> -606.43508 | AB123: =M123/J123 -> 0.83154581
A124: GKK3600型 飯糰機2 | B124: 飯糰 | C124: 一配北海道秋鮭親子飯糰 | E124: 24.83 | F124: 2377 | G124: =E124*F124 -> 59020.91 | I124: 4 | J124: 3300 | K124: =J124/I124 -> 825 | L124: 4 | M124: =F124/V124*60 -> 2736.5526 | N124: =M124/L124 -> 684.13815 | O124: =L124-I124 -> 0 | P124: =N124-K124 -> -140.86185 | Q124: =N124/K124 -> 0.82925837 | R124: =Q140 -> 0.82945327 | S124: 0.25 | T124: 0.28619213 | V124: 52.116667 | AA124: =M124-J124 -> -563.44739 | AB124: =M124/J124 -> 0.82925837 | AC124: =AB140 -> 0.82945327
B125: 飯糰 | C125: 一配熟成紅鮭飯糰 | E125: 25.03 | F125: 2025 | G125: =E125*F125 -> 50685.75 | I125: 4 | J125: 3300 | K125: =J125/I125 -> 825 | L125: 4 | M125: =F125/V125*60 -> 2729.3149 | N125: =M125/L125 -> 682.32872 | O125: =L125-I125 -> 0 | P125: =N125-K125 -> -142.67128 | Q125: =N125/K125 -> 0.82706511 | S125: 0.29686343 | T125: 0.32777778 | U125: 15.366667 | V125: 44.516667 | AA125: =M125-J125 -> -570.68514 | AB125: =M125/J125 -> 0.82706511
B126: 飯糰 | C126: 一配贅沢鮭魚肚飯糰 | E126: 30 | F126: 4132 | G126: =E126*F126 -> 123960 | I126: 3 | J126: 3000 | K126: =J126/I126 -> 1000 | L126: 3 | M126: =F126/V126*60 -> 2493.3289 | N126: =M126/L126 -> 831.10962 | O126: =L126-I126 -> 0 | P126: =N126-K126 -> -168.89038 | Q126: =N126/K126 -> 0.83110962 | S126: 0.34097222 | T126: 0.41002315 | U126: 19 | V126: 99.433333 | AA126: =M126-J126 -> -506.67114 | AB126: =M126/J126 -> 0.83110962
B127: 飯糰 | C127: 一配海老天婦羅飯糰 | E127: 27.91 | F127: 2440 | G127: =E127*F127 -> 68100.4 | I127: 4 | J127: 3000 | K127: =J127/I127 -> 750 | L127: 4 | M127: =F127/V127*60 -> 2491.9149 | N127: =M127/L127 -> 622.97872 | O127: =L127-I127 -> 0 | P127: =N127-K127 -> -127.02128 | Q127: =N127/K127 -> 0.8306383 | S127: 0.42239583 | T127: 0.46319444 | U127: 17.816667 | V127: 58.75 | AA127: =M127-J127 -> -508.08511 | AB127: =M127/J127 -> 0.8306383
B140: 平均 | I140: =AVERAGE(I124:I139) -> 3.75 | J140: =AVERAGE(J124:J139) -> 3150 | K140: =J140/I140 -> 840 | L140: =AVERAGE(L124:L139) -> 3.75 | M140: =AVERAGE(M124:M139) -> 2612.7778 | N140: =M140/L140 -> 696.74075 | O140: =L140-I140 -> 0 | P140: =N140-K140 -> -143.25925 | Q140: =N140/K140 -> 0.82945327 | S140: =S124 -> 0.25 | T140: =INDEX(T124:T139,COUNTA(T124:T139)) -> 0.46319444 | AA140: =M140-J140 -> -537.22219 | AB140: =M140/J140 -> 0.82945327
A141: 自動包裝機 (二配) | B141: 壽司 | C141: 二配長野稻荷壽司 | E141: 25.64 | F141: 101 | G141: =E141*F141 -> 2589.64 | H141: 2 | I141: 11 | J141: 3000 | K141: =J141/I141 -> 272.72727 | L141: 11 | M141: 2553 | N141: =M141/L141 -> 232.09091 | O141: =L141-I141 -> 0 | P141: =N141-K141 -> -40.636364 | Q141: =N141/K141 -> 0.851 | R141: =Q157 -> 0.8479062 | S141: 0.70833333 | T141: 0.70997685 | V141: 2.3666667 | AA141: =M141-J141 -> -447 | AB141: =M141/J141 -> 0.851 | AC141: =AB157 -> 0.8479062
B142: 壽司 | C142: 二配鮮蝦脆卷 | E142: 27.36 | F142: 1740 | G142: =E142*F142 -> 47606.4 | I142: 6 | J142: 2500 | K142: =J142/I142 -> 416.66667 | L142: 6 | M142: =F142/V142*60 -> 2120.5146 | N142: =M142/L142 -> 353.41909 | O142: =L142-I142 -> 0 | P142: =N142-K142 -> -63.247574 | Q142: =N142/K142 -> 0.84820582 | S142: 0.71319444 | T142: 0.74738426 | U142: 4.6333333 | V142: 49.233333 | AA142: =M142-J142 -> -379.48544 | AB142: =M142/J142 -> 0.84820582
B143: 壽司 | C143: 二配雙饗雙手卷 | E143: 29.52 | F143: 2227 | G143: =E143*F143 -> 65741.04 | I143: 17 | J143: 3273 | K143: =J143/I143 -> 192.52941 | L143: 17 | M143: =F143/V143*60 -> 2790.5325 | N143: =M143/L143 -> 164.14897 | O143: =L143-I143 -> 0 | P143: =N143-K143 -> -28.380439 | Q143: =N143/K143 -> 0.85259167 | S143: 0.75216435 | T143: 0.78541667 | U143: 6.8833333 | V143: 47.883333 | AA143: =M143-J143 -> -482.46746 | AB143: =M143/J143 -> 0.85259167
B144: 壽司 | C144: 二配海饌雙手卷 | E144: 29.85 | F144: 2295 | G144: =E144*F144 -> 68505.75 | I144: 17 | J144: 3273 | K144: =J144/I144 -> 192.52941 | L144: 17 | M144: =F144/V144*60 -> 2793.1034 | N144: =M144/L144 -> 164.3002 | O144: =L144-I144 -> 0 | P144: =N144-K144 -> -28.229209 | Q144: =N144/K144 -> 0.85337716 | S144: 0.79027778 | T144: 0.82451389 | U144: 7 | V144: 49.3 | AA144: =M144-J144 -> -479.89655 | AB144: =M144/J144 -> 0.85337716
B145: 飯糰 | C145: 二配兩粒飯糰(鮪魚&培根蛋沙拉) | E145: 28.57 | F145: 2128 | G145: =E145*F145 -> 60796.96 | I145: 13 | J145: 3600 | K145: =J145/I145 -> 276.92308 | L145: 13 | M145: =F145/V145*60 -> 2994.8397 | N145: =M145/L145 -> 230.37229 | O145: =L145-I145 -> 0 | P145: =N145-K145 -> -46.550791 | Q145: =N145/K145 -> 0.83189992 | S145: 0.83011574 | T145: 0.85972222 | U145: 8.0666667 | V145: 42.633333 | W145: 0.85972222 | X145: 0.90103009 | AA145: =M145-J145 -> -605.16028 | AB145: =M145/J145 -> 0.83189992
B146: 壽司 | C146: 二配長野稻荷壽司 | E146: 25.64 | F146: 2708 | G146: =E146*F146 -> 69433.12 | I146: 11 | J146: 3000 | K146: =J146/I146 -> 272.72727 | L146: 11 | M146: =F146/V146*60 -> 2558.0687 | N146: =M146/L146 -> 232.5517 | O146: =L146-I146 -> 0 | P146: =N146-K146 -> -40.175568 | Q146: =N146/K146 -> 0.85268958 | S146: 0.90103009 | T146: 0.94513889 | U146: 59.483333 | V146: 63.516667 | AA146: =M146-J146 -> -441.93125 | AB146: =M146/J146 -> 0.85268958
B157: 平均 | I157: =AVERAGE(I141:I156) -> 12.5 | J157: =AVERAGE(J141:J156) -> 3107.6667 | K157: =J157/I157 -> 248.61333 | L157: =AVERAGE(L141:L156) -> 12.5 | M157: =AVERAGE(M141:M156) -> 2635.0098 | N157: =M157/L157 -> 210.80079 | O157: =L157-I157 -> 0 | P157: =N157-K157 -> -37.812546 | Q157: =N157/K157 -> 0.8479062 | S157: =S141 -> 0.70833333 | T157: =INDEX(T141:T156,COUNTA(T141:T156)) -> 0.94513889 | AA157: =M157-J157 -> -472.65683 | AB157: =M157/J157 -> 0.8479062
A158: 味付飯糰線B (二配) | B158: 飯糰 | C158: 二配經典肉鬆飯糰 | E158: 14.03 | F158: 9541 | G158: =E158*F158 -> 133860.23 | I158: 4 | J158: 2700 | K158: =J158/I158 -> 675 | L158: 4 | M158: =F158/V158*60 -> 2396.3999 | N158: =M158/L158 -> 599.09998 | O158: =L158-I158 -> 0 | P158: =N158-K158 -> -75.900021 | Q158: =N158/K158 -> 0.88755552 | R158: =Q174 -> 0.88755552 | S158: 0.70841435 | T158: 0.87430556 | V158: 238.88333 | AA158: =M158-J158 -> -303.60008 | AB158: =M158/J158 -> 0.88755552 | AC158: =AB174 -> 0.88755552
B174: 平均 | I174: =AVERAGE(I158:I173) -> 4 | J174: =AVERAGE(J158:J173) -> 2700 | K174: =J174/I174 -> 675 | L174: =AVERAGE(L158:L173) -> 4 | M174: =AVERAGE(M158:M173) -> 2396.3999 | N174: =M174/L174 -> 599.09998 | O174: =L174-I174 -> 0 | P174: =N174-K174 -> -75.900021 | Q174: =N174/K174 -> 0.88755552 | S174: =S158 -> 0.70841435 | T174: =INDEX(T158:T173,COUNTA(T158:T173)) -> 0.87430556 | AA174: =M174-J174 -> -303.60008 | AB174: =M174/J174 -> 0.88755552
A175: (舊) 3300型飯糰線 (二配) | B175: 飯糰 | C175: 二配大飯糰椒香鮪魚 | E175: 24.15 | F175: 1176 | G175: =E175*F175 -> 28400.4 | I175: 4 | J175: 3000 | K175: =J175/I175 -> 750 | L175: 4 | M175: =F175/V175*60 -> 2481.5944 | N175: =M175/L175 -> 620.39859 | O175: =L175-I175 -> 0 | P175: =N175-K175 -> -129.60141 | Q175: =N175/K175 -> 0.82719812 | R175: =Q191 -> 0.83465063 | S175: 0.70833333 | T175: 0.7280787 | V175: 28.433333 | AA175: =M175-J175 -> -518.40563 | AB175: =M175/J175 -> 0.82719812 | AC175: =AB191 -> 0.83465063
B176: 飯糰 | C176: 二配大飯糰春川風味辣炒雞 | E176: 24.15 | F176: 1488 | G176: =E176*F176 -> 35935.2 | I176: 4 | J176: 3000 | K176: =J176/I176 -> 750 | L176: 4 | M176: =F176/V176*60 -> 2497.3427 | N176: =M176/L176 -> 624.33566 | O176: =L176-I176 -> 0 | P176: =N176-K176 -> -125.66434 | Q176: =N176/K176 -> 0.83244755 | S176: 0.73350694 | T176: 0.75833333 | U176: 7.8166667 | V176: 35.75 | AA176: =M176-J176 -> -502.65734 | AB176: =M176/J176 -> 0.83244755
B177: 飯糰 | C177: 二配大飯糰韓式炸雞 | E177: 27.58 | F177: 1782 | G177: =E177*F177 -> 49147.56 | I177: 4 | J177: 3000 | K177: =J177/I177 -> 750 | L177: 4 | M177: =F177/V177*60 -> 2485.5482 | N177: =M177/L177 -> 621.38706 | O177: =L177-I177 -> 0 | P177: =N177-K177 -> -128.61294 | Q177: =N177/K177 -> 0.82851608 | S177: 0.76180556 | T177: 0.79167824 | U177: 5 | V177: 43.016667 | AA177: =M177-J177 -> -514.45176 | AB177: =M177/J177 -> 0.82851608
B178: 飯糰 | C178: 二配鹽蔥燒肉飯糰 | E178: 17.89 | F178: 5619 | G178: =E178*F178 -> 100523.91 | I178: 4 | J178: 3300 | K178: =J178/I178 -> 825 | L178: 4 | M178: =F178/V178*60 -> 2801.7175 | N178: =M178/L178 -> 700.42936 | O178: =L178-I178 -> 0 | P178: =N178-K178 -> -124.57064 | Q178: =N178/K178 -> 0.84900529 | S178: 0.79513889 | T178: 0.8787037 | U178: 4.9833333 | V178: 120.33333 | AA178: =M178-J178 -> -498.28255 | AB178: =M178/J178 -> 0.84900529
B191: 平均 | I191: =AVERAGE(I175:I190) -> 4 | J191: =AVERAGE(J175:J190) -> 3075 | K191: =J191/I191 -> 768.75 | L191: =AVERAGE(L175:L190) -> 4 | M191: =AVERAGE(M175:M190) -> 2566.5507 | N191: =M191/L191 -> 641.63767 | O191: =L191-I191 -> 0 | P191: =N191-K191 -> -127.11233 | Q191: =N191/K191 -> 0.83465063 | S191: =S175 -> 0.70833333 | T191: =INDEX(T175:T190,COUNTA(T175:T190)) -> 0.8787037 | AA191: =M191-J191 -> -508.44932 | AB191: =M191/J191 -> 0.83465063
A192: (新) 3300型飯糰機 (二配) | B192: 飯糰 | C192: 二配壹號醬炙烤牛飯糰 | E192: 22.28 | F192: 1822 | G192: =E192*F192 -> 40594.16 | I192: 5 | J192: 3300 | K192: =J192/I192 -> 660 | L192: 5 | M192: =F192/V192*60 -> 2768.7632 | N192: =M192/L192 -> 553.75264 | O192: =L192-I192 -> 0 | P192: =N192-K192 -> -106.24736 | Q192: =N192/K192 -> 0.83901915 | R192: =Q208 -> 0.8410062 | S192: 0.70833333 | T192: 0.73575231 | V192: 39.483333 | AA192: =M192-J192 -> -531.23681 | AB192: =M192/J192 -> 0.83901915 | AC192: =AB208 -> 0.8410062
B193: 飯糰 | C193: 二配油蔥G絲飯糰 | E193: 18.18 | F193: 2975 | G193: =E193*F193 -> 54085.5 | I193: 4 | J193: 3300 | K193: =J193/I193 -> 825 | L193: 4 | M193: =F193/V193*60 -> 2808.0755 | N193: =M193/L193 -> 702.01888 | O193: =L193-I193 -> 0 | P193: =N193-K193 -> -122.98112 | Q193: =N193/K193 -> 0.85093197 | S193: 0.73988426 | T193: 0.78402778 | U193: 5.95 | V193: 63.566667 | AA193: =M193-J193 -> -491.92449 | AB193: =M193/J193 -> 0.85093197
B194: 飯糰 | C194: 二配雞肉飯飯糰 | E194: 16.66 | F194: 5096 | G194: =E194*F194 -> 84899.36 | H194: 2 | I194: 4 | J194: 3300 | K194: =J194/I194 -> 825 | L194: 4 | M194: =F194/V194*60 -> 2762.0596 | N194: =M194/L194 -> 690.51491 | O194: =L194-I194 -> 0 | P194: =N194-K194 -> -134.48509 | Q194: =N194/K194 -> 0.83698776 | S194: 0.78909722 | T194: 0.86597222 | U194: 7.3 | V194: 110.7 | W194: 0.86597222 | X194: 0.90694444 | AA194: =M194-J194 -> -537.94038 | AB194: =M194/J194 -> 0.83698776
B195: 飯糰 | C195: 二配雞肉飯飯糰 | E195: 16.66 | F195: 3786 | G195: =E195*F195 -> 63074.76 | I195: 4 | J195: 3300 | K195: =J195/I195 -> 825 | L195: 4 | M195: =F195/V195*60 -> 2762.3835 | N195: =M195/L195 -> 690.59587 | O195: =L195-I195 -> 0 | P195: =N195-K195 -> -134.40413 | Q195: =N195/K195 -> 0.8370859 | S195: 0.90694444 | T195: 0.96405093 | U195: 59 | V195: 82.233333 | AA195: =M195-J195 -> -537.61654 | AB195: =M195/J195 -> 0.8370859
B208: 平均 | I208: =AVERAGE(I192:I207) -> 4.25 | J208: =AVERAGE(J192:J207) -> 3300 | K208: =J208/I208 -> 776.47059 | L208: =AVERAGE(L192:L207) -> 4.25 | M208: =AVERAGE(M192:M207) -> 2775.3204 | N208: =M208/L208 -> 653.01658 | O208: =L208-I208 -> 0 | P208: =N208-K208 -> -123.45401 | Q208: =N208/K208 -> 0.8410062 | S208: =S192 -> 0.70833333 | T208: =INDEX(T192:T207,COUNTA(T192:T207)) -> 0.96405093 | AA208: =M208-J208 -> -524.67955 | AB208: =M208/J208 -> 0.8410062
A209: GKK3600型 飯糰機 (二配) | B209: 飯糰 | C209: 二配蔬食鮪魚飯糰 | E209: 18.18 | F209: 2904 | G209: =E209*F209 -> 52794.72 | I209: 3 | J209: 3600 | K209: =J209/I209 -> 1200 | L209: 3 | M209: =F209/V209*60 -> 2990.389 | N209: =M209/L209 -> 996.79634 | O209: =L209-I209 -> 0 | P209: =N209-K209 -> -203.20366 | Q209: =N209/K209 -> 0.83066362 | R209: =Q225 -> 0.83237644 | S209: 0.70833333 | T209: 0.7487963 | V209: 58.266667 | AA209: =M209-J209 -> -609.61098 | AB209: =M209/J209 -> 0.83066362 | AC209: =AB225 -> 0.83237644
B210: 飯糰 | C210: 二配鮪魚飯糰 | E210: 14.28 | F210: 6274 | G210: =E210*F210 -> 89592.72 | H210: 2 | I210: 3 | J210: 3600 | K210: =J210/I210 -> 1200 | L210: 3 | M210: =F210/V210*60 -> 2999.9203 | N210: =M210/L210 -> 999.97344 | O210: =L210-I210 -> 0 | P210: =N210-K210 -> -200.02656 | Q210: =N210/K210 -> 0.8333112 | S210: 0.76180556 | T210: 0.84894676 | U210: 18.733333 | V210: 125.48333 | W210: 0.84894676 | X210: 0.90555556 | AA210: =M210-J210 -> -600.07969 | AB210: =M210/J210 -> 0.8333112
B211: 飯糰 | C211: 二配鮪魚飯糰 | E211: 14.28 | F211: 4659 | G211: =E211*F211 -> 66530.52 | I211: 3 | J211: 3600 | K211: =J211/I211 -> 1200 | L211: 3 | M211: =F211/V211*60 -> 2999.3562 | N211: =M211/L211 -> 999.78541 | O211: =L211-I211 -> 0 | P211: =N211-K211 -> -200.21459 | Q211: =N211/K211 -> 0.83315451 | S211: 0.90555556 | T211: 0.97027778 | U211: 81.516667 | V211: 93.2 | AA211: =M211-J211 -> -600.64378 | AB211: =M211/J211 -> 0.83315451
B225: 平均 | I225: =AVERAGE(I209:I224) -> 3 | J225: =AVERAGE(J209:J224) -> 3600 | K225: =J225/I225 -> 1200 | L225: =AVERAGE(L209:L224) -> 3 | M225: =AVERAGE(M209:M224) -> 2996.5552 | N225: =M225/L225 -> 998.85173 | O225: =L225-I225 -> 0 | P225: =N225-K225 -> -201.14827 | Q225: =N225/K225 -> 0.83237644 | S225: =S209 -> 0.70833333 | T225: =INDEX(T209:T224,COUNTA(T209:T224)) -> 0.97027778 | AA225: =M225-J225 -> -603.44482 | AB225: =M225/J225 -> 0.83237644
A226: GKK3600型 飯糰機2 (二配) | B226: 飯糰 | C226: 二配明太子龍蝦風味沙拉飯糰 | E226: 18.18 | F226: 1213 | G226: =E226*F226 -> 22052.34 | H226: 2 | I226: 3 | J226: 3600 | K226: =J226/I226 -> 1200 | L226: 3 | M226: =F226/V226*60 -> 2966.5761 | N226: =M226/L226 -> 988.8587 | O226: =L226-I226 -> 0 | P226: =N226-K226 -> -211.1413 | Q226: =N226/K226 -> 0.82404891 | R226: =Q242 -> 0.82656238 | S226: 0.70866898 | T226: 0.72570602 | V226: 24.533333 | AA226: =M226-J226 -> -633.42391 | AB226: =M226/J226 -> 0.82404891 | AC226: =AB242 -> 0.82656238
B227: 飯糰 | C227: 二配北海道秋鮭親子飯糰 | E227: 24.83 | F227: 923 | G227: =E227*F227 -> 22918.09 | H227: 2 | I227: 4 | J227: 3300 | K227: =J227/I227 -> 825 | L227: 4 | M227: =F227/V227*60 -> 2721.3759 | N227: =M227/L227 -> 680.34398 | O227: =L227-I227 -> 0 | P227: =N227-K227 -> -144.65602 | Q227: =N227/K227 -> 0.82465937 | S227: 0.73541667 | T227: 0.74954861 | U227: 13.983333 | V227: 20.35 | AA227: =M227-J227 -> -578.62408 | AB227: =M227/J227 -> 0.82465937
B228: 飯糰 | C228: 二配芝麻香鬆飯糰 | E228: 18.18 | F228: 2672 | G228: =E228*F228 -> 48576.96 | I228: 4 | J228: 3000 | K228: =J228/I228 -> 750 | L228: 4 | M228: =F228/V228*60 -> 2501.7425 | N228: =M228/L228 -> 625.43563 | O228: =L228-I228 -> 0 | P228: =N228-K228 -> -124.56437 | Q228: =N228/K228 -> 0.83391417 | S228: 0.75972222 | T228: 0.80422454 | U228: 14.65 | V228: 64.083333 | AA228: =M228-J228 -> -498.25748 | AB228: =M228/J228 -> 0.83391417
B229: 飯糰 | C229: 二配熟成紅鮭飯糰 | E229: 25.03 | F229: 2311 | G229: =E229*F229 -> 57844.33 | I229: 4 | J229: 3300 | K229: =J229/I229 -> 825 | L229: 4 | M229: =F229/V229*60 -> 2723.2733 | N229: =M229/L229 -> 680.81833 | O229: =L229-I229 -> 0 | P229: =N229-K229 -> -144.18167 | Q229: =N229/K229 -> 0.82523434 | S229: 0.81603009 | T229: 0.85138889 | U229: 17 | V229: 50.916667 | W229: 0.85138889 | X229: 0.90833333 | AA229: =M229-J229 -> -576.72668 | AB229: =M229/J229 -> 0.82523434
B230: 飯糰 | C230: 二配北海道秋鮭親子飯糰 | E230: 24.83 | F230: 2103 | G230: =E230*F230 -> 52217.49 | I230: 4 | J230: 3300 | K230: =J230/I230 -> 825 | L230: 4 | M230: =F230/V230*60 -> 2727.2334 | N230: =M230/L230 -> 681.80836 | O230: =L230-I230 -> 0 | P230: =N230-K230 -> -143.19164 | Q230: =N230/K230 -> 0.82643437 | S230: 0.90833333 | T230: 0.94046296 | U230: 82 | V230: 46.266667 | AA230: =M230-J230 -> -572.76657 | AB230: =M230/J230 -> 0.82643437
B231: 飯糰 | C231: 二配明太子龍蝦風味沙拉飯糰 | E231: 18.18 | F231: 3072 | G231: =E231*F231 -> 55848.96 | I231: 3 | J231: 3600 | K231: =J231/I231 -> 1200 | L231: 3 | M231: =F231/V231*60 -> 2973.7026 | N231: =M231/L231 -> 991.2342 | O231: =L231-I231 -> 0 | P231: =N231-K231 -> -208.7658 | Q231: =N231/K231 -> 0.8260285 | S231: 0.95070602 | T231: 0.99375 | U231: 14.75 | V231: 61.983333 | AA231: =M231-J231 -> -626.29739 | AB231: =M231/J231 -> 0.8260285
B242: 平均 | I242: =AVERAGE(I226:I241) -> 3.6666667 | J242: =AVERAGE(J226:J241) -> 3350 | K242: =J242/I242 -> 913.63636 | L242: =AVERAGE(L226:L241) -> 3.6666667 | M242: =AVERAGE(M226:M241) -> 2768.984 | N242: =M242/L242 -> 755.17745 | O242: =L242-I242 -> 0 | P242: =N242-K242 -> -158.45891 | Q242: =N242/K242 -> 0.82656238 | S242: =S226 -> 0.70866898 | T242: =INDEX(T226:T241,COUNTA(T226:T241)) -> 0.99375 | AA242: =M242-J242 -> -581.01602 | AB242: =M242/J242 -> 0.82656238
Y244: 原因回覆
Y245: 1.當日出勤人數較多
Y246: 2.當日出勤人數較少
Y247: 3.當日出勤熟手較多
Y248: 4.當日出勤新人較多
Y249: 5.機台夾盒
Y250: 6.封膜不順
Y251: 7.更換膠膜
Y252: 8.更換碳帶
Y253: 9.當日熱轉印碳帶異常
Y254: 10.訂單量過少
Y255: 11.新品上市，尚未熟悉
Y256: 12.活動期間品項需貼標

Sheet 0729(4度C)
A1: 大溪廠日報分析 | C1: 總生產量 | D1: =SUM(F5:F157) -> 122158 | E1: 營業額 | F1: =SUM(G5:G157) -> 5714232.8 | G1: 出勤人數 | H1: =L21+L38+L55+L72+L89+L106+L123+L140+L157 -> 170.20238 | I1: 產線配置圖 | L1: 生產實績 | O1: 人時性差異分析 | S1: 日報登錄 | Y1: 分析說明 | AA1: 產能差異分析
A2: 45867 | C2: 人時性 | D2: =AVERAGE(N21,N38,N55,N72,N89,N106,N123,N140,N157) -> 131.81721 | E2: 平均廠價 | F2: =F1/D1 -> 46.777393 | G2: 多次生產數 | H2: =COUNT(H5:H157) -> 2
A3: 線別 | B3: 品類 | C3: 品名 | E3: 廠價 | F3: 生產量 | G3: 營收 | H3: 多次 生產 | I3: 人數 | J3: 產能/時 | K3: 人時性 | L3: 人數 | M3: 產能/時 | N3: 人時性 | O3: 人數 | P3: 人時性 | Q3: 達成率 | R3: 達成率 平均 | S3: 生產時間 | U3: 換線、休息/分 | V3: 稼動時間/分 | W3: 休息時間 | Y3: (屏榮回填) | AA3: 產能/時 | AB3: 達成率 | AC3: 達成率平均
S4: 開始 | T4: 結束 | W4: 開始 | X4: 結束
A5: 便當一線 | B5: 小菜、微波 | C5: 日式茶碗蒸 | E5: 19.7 | F5: 3225 | G5: =E5*F5 -> 63532.5 | I5: 13 | J5: 1200 | K5: =J5/I5 -> 92.307692 | L5: 13 | M5: =F5/V5*60 -> 1057.377 | N5: =M5/L5 -> 81.336696 | O5: =L5-I5 -> 0 | P5: =N5-K5 -> -10.970996 | Q5: =N5/K5 -> 0.88114754 | R5: =Q21 -> 0.85513185 | S5: 0.25 | T5: 0.37708333 | V5: 183 | AA5: =M5-J5 -> -142.62295 | AB5: =M5/J5 -> 0.88114754 | AC5: =AB21 -> 0.85513185
B6: 壽司手卷 | C6: (冷藏)鮪魚蛋蛋稻荷壽司組 | E6: 30.55 | F6: 1012 | G6: =E6*F6 -> 30916.6 | I6: 16 | J6: 1750 | K6: =J6/I6 -> 109.375 | L6: 16 | M6: =F6/V6*60 -> 1446.8626 | N6: =M6/L6 -> 90.428912 | O6: =L6-I6 -> 0 | P6: =N6-K6 -> -18.946088 | Q6: =N6/K6 -> 0.82677862 | S6: 0.53891204 | T6: 0.56805556 | U6: 58.033333 | V6: 41.966667 | AA6: =M6-J6 -> -303.13741 | AB6: =M6/J6 -> 0.82677862
B7: 飯糰 | C7: 麻油雞飯糰 | E7: 29.97 | F7: 2545 | G7: =E7*F7 -> 76273.65 | I7: 20 | J7: 2600 | K7: =J7/I7 -> 130 | L7: 20 | M7: =F7/V7*60 -> 2241.7421 | N7: =M7/L7 -> 112.08711 | O7: =L7-I7 -> 0 | P7: =N7-K7 -> -17.912895 | Q7: =N7/K7 -> 0.8622085 | S7: 0.57152778 | T7: 0.61883102 | U7: 5 | V7: 68.116667 | AA7: =M7-J7 -> -358.25789 | AB7: =M7/J7 -> 0.8622085
B21: 平均 | I21: =AVERAGE(I5:I20) -> 16.333333 | J21: =AVERAGE(J5:J20) -> 1850 | K21: =J21/I21 -> 113.26531 | L21: =AVERAGE(L5:L20) -> 16.333333 | M21: =AVERAGE(M5:M20) -> 1581.9939 | N21: =M21/L21 -> 96.85677 | O21: =L21-I21 -> 0 | P21: =N21-K21 -> -16.408536 | Q21: =N21/K21 -> 0.85513185 | S21: =S5 -> 0.25 | T21: =INDEX(T5:T20,COUNTA(T5:T20)) -> 0.61883102 | AA21: =M21-J21 -> -268.00608 | AB21: =M21/J21 -> 0.85513185
A22: 便當二線 | B22: 微波主食 | C22: 壹號醬醬燒蔥鹽雞豚飯 | E22: 56.43 | F22: 2484 | G22: =E22*F22 -> 140172.12 | I22: 24 | J22: 2000 | K22: =J22/I22 -> 83.333333 | L22: 24 | M22: =F22/V22*60 -> 1690.4348 | N22: =M22/L22 -> 70.434783 | O22: =L22-I22 -> 0 | P22: =N22-K22 -> -12.898551 | Q22: =N22/K22 -> 0.84521739 | R22: =Q38 -> 0.83135973 | S22: 0.16666667 | T22: 0.22789352 | V22: 88.166667 | AA22: =M22-J22 -> -309.56522 | AB22: =M22/J22 -> 0.84521739 | AC22: =AB38 -> 0.83135973
B23: 微波主食 | C23: 糖燻野郎三十天熟成牛飯 | E23: 56.77 | F23: 4992 | G23: =E23*F23 -> 283395.84 | I23: 26 | J23: 2000 | K23: =J23/I23 -> 76.923077 | L23: 26 | M23: =F23/V23*60 -> 1731.3295 | N23: =M23/L23 -> 66.589595 | O23: =L23-I23 -> 0 | P23: =N23-K23 -> -10.333482 | Q23: =N23/K23 -> 0.86566474 | S23: 0.23333333 | T23: 0.35347222 | U23: 7.8333333 | V23: 173 | AA23: =M23-J23 -> -268.67052 | AB23: =M23/J23 -> 0.86566474
B24: 便當 | C24: 鰻牛雙饗匠食盒 | E24: 68.73 | F24: 3824 | G24: =E24*F24 -> 262823.52 | H24: 2 | I24: 26 | J24: 2000 | K24: =J24/I24 -> 76.923077 | L24: 26 | M24: =F24/V24*60 -> 1616.7234 | N24: =M24/L24 -> 62.18167 | O24: =L24-I24 -> 0 | P24: =N24-K24 -> -14.741407 | Q24: =N24/K24 -> 0.80836171 | S24: 0.35914352 | T24: 0.45769676 | U24: 8.1666667 | V24: 141.91667 | AA24: =M24-J24 -> -383.27657 | AB24: =M24/J24 -> 0.80836171
B25: 微波主食 | C25: 蒜蒜燒豚飯 | E25: 51.86 | F25: 1501 | G25: =E25*F25 -> 77841.86 | I25: 26 | J25: 2000 | K25: =J25/I25 -> 76.923077 | L25: 26 | M25: =F25/V25*60 -> 1641.9325 | N25: =M25/L25 -> 63.151252 | O25: =L25-I25 -> 0 | P25: =N25-K25 -> -13.771825 | Q25: =N25/K25 -> 0.82096627 | S25: 0.46122685 | T25: 0.49931713 | U25: 5.0833333 | V25: 54.85 | W25: 0.49931713 | X25: 0.53969907 | AA25: =M25-J25 -> -358.06746 | AB25: =M25/J25 -> 0.82096627
B26: 便當 | C26: 嫩烤香料雞胸排蔬滿盒 | E26: 77.34 | F26: 2924 | G26: =E26*F26 -> 226142.16 | I26: 25 | J26: 2000 | K26: =J26/I26 -> 80 | L26: 25 | M26: =F26/V26*60 -> 1673.5135 | N26: =M26/L26 -> 66.940541 | O26: =L26-I26 -> 0 | P26: =N26-K26 -> -13.059459 | Q26: =N26/K26 -> 0.83675676 | S26: 0.53969907 | T26: 0.6125 | U26: 58.15 | V26: 104.83333 | AA26: =M26-J26 -> -326.48649 | AB26: =M26/J26 -> 0.83675676
B27: 便當 | C27: 鰻牛雙饗匠食盒 | E27: 68.73 | F27: 5106 | G27: =E27*F27 -> 350935.38 | I27: 26 | J27: 2000 | K27: =J27/I27 -> 76.923077 | L27: 26 | M27: =F27/V27*60 -> 1622.3831 | N27: =M27/L27 -> 62.399348 | O27: =L27-I27 -> 0 | P27: =N27-K27 -> -14.523729 | Q27: =N27/K27 -> 0.81119153 | S27: 0.61678241 | T27: 0.74791667 | U27: 6.1666667 | V27: 188.83333 | AA27: =M27-J27 -> -377.61695 | AB27: =M27/J27 -> 0.81119153
AQ29: =AI8 -> 0
B38: 平均 | I38: =AVERAGE(I22:I37) -> 25.5 | J38: =AVERAGE(J22:J37) -> 2000 | K38: =J38/I38 -> 78.431373 | L38: =AVERAGE(L22:L37) -> 25.5 | M38: =AVERAGE(M22:M37) -> 1662.7195 | N38: =M38/L38 -> 65.204685 | O38: =L38-I38 -> 0 | P38: =N38-K38 -> -13.226688 | Q38: =N38/K38 -> 0.83135973 | S38: =S22 -> 0.16666667 | T38: =INDEX(T22:T37,COUNTA(T22:T37)) -> 0.74791667 | AA38: =M38-J38 -> -337.28053 | AB38: =M38/J38 -> 0.83135973
A39: 涼麵一線 | B39: 熱食義麵 | C39: 金沙豆腐細扁麵 | E39: 49.52 | F39: 3301 | G39: =E39*F39 -> 163465.52 | I39: 24 | J39: 2000 | K39: =J39/I39 -> 83.333333 | L39: 24 | M39: =F39/V39*60 -> 1707.9046 | N39: =M39/L39 -> 71.16269 | O39: =L39-I39 -> 0 | P39: =N39-K39 -> -12.170643 | Q39: =N39/K39 -> 0.85395229 | R39: =Q55 -> 0.84779372 | S39: 0.25002315 | T39: 0.33055556 | V39: 115.96667 | AA39: =M39-J39 -> -292.09543 | AB39: =M39/J39 -> 0.85395229 | AC39: =AB55 -> 0.84779372
B40: 便當 | C40: 悟家厚切排骨便當 | E40: 59.8 | F40: 1003 | G40: =E40*F40 -> 59979.4 | I40: 14 | J40: 2000 | K40: =J40/I40 -> 142.85714 | L40: 14 | M40: =F40/V40*60 -> 1659.375 | N40: =M40/L40 -> 118.52679 | O40: =L40-I40 -> 0 | P40: =N40-K40 -> -24.330357 | Q40: =N40/K40 -> 0.8296875 | S40: 0.33472222 | T40: 0.35990741 | U40: 6 | V40: 36.266667 | AA40: =M40-J40 -> -340.625 | AB40: =M40/J40 -> 0.8296875
B41: 小菜、微波 | C41: 越式牛肉寬粉 | E41: 51.82 | F41: 2937 | G41: =E41*F41 -> 152195.34 | I41: 23 | J41: 1800 | K41: =J41/I41 -> 78.26087 | L41: 23 | M41: =F41/V41*60 -> 1532.7921 | N41: =M41/L41 -> 66.643135 | O41: =L41-I41 -> 0 | P41: =N41-K41 -> -11.617734 | Q41: =N41/K41 -> 0.85155117 | S41: 0.36460648 | T41: 0.44444444 | U41: 6.7666667 | V41: 114.96667 | W41: 0.44444444 | X41: 0.48402778 | AA41: =M41-J41 -> -267.20789 | AB41: =M41/J41 -> 0.85155117
B42: 便當 | C42: 美式雞丁餐盒 | E42: 59.34 | F42: 2373 | G42: =E42*F42 -> 140813.82 | I42: 24 | J42: 2000 | K42: =J42/I42 -> 83.333333 | L42: 24 | M42: =F42/V42*60 -> 1691.6436 | N42: =M42/L42 -> 70.485149 | O42: =L42-I42 -> 0 | P42: =N42-K42 -> -12.848185 | Q42: =N42/K42 -> 0.84582178 | S42: 0.48402778 | T42: 0.54247685 | U42: 57 | V42: 84.166667 | AA42: =M42-J42 -> -308.35644 | AB42: =M42/J42 -> 0.84582178
B43: 便當 | C43: 烤蛋白餐盒 | E43: 58.67 | F43: 4573 | G43: =E43*F43 -> 268297.91 | I43: 25 | J43: 2000 | K43: =J43/I43 -> 80 | L43: 25 | M43: =F43/V43*60 -> 1716.6632 | N43: =M43/L43 -> 68.666528 | O43: =L43-I43 -> 0 | P43: =N43-K43 -> -11.333472 | Q43: =N43/K43 -> 0.8583316 | S43: 0.54664352 | T43: 0.65763889 | U43: 6 | V43: 159.83333 | AA43: =M43-J43 -> -283.33681 | AB43: =M43/J43 -> 0.8583316
B55: 平均 | I55: =AVERAGE(I39:I54) -> 22 | J55: =AVERAGE(J39:J54) -> 1960 | K55: =J55/I55 -> 89.090909 | L55: =AVERAGE(L39:L54) -> 22 | M55: =AVERAGE(M39:M54) -> 1661.6757 | N55: =M55/L55 -> 75.530713 | O55: =L55-I55 -> 0 | P55: =N55-K55 -> -13.560196 | Q55: =N55/K55 -> 0.84779372 | S55: =S39 -> 0.25002315 | T55: =INDEX(T39:T54,COUNTA(T39:T54)) -> 0.65763889 | AA55: =M55-J55 -> -298.32431 | AB55: =M55/J55 -> 0.84779372
A56: 涼麵二線 | B56: 便當 | C56: 韓味豬肉時蔬拌拌餐盒 | E56: 59.36 | F56: 1849 | G56: =E56*F56 -> 109756.64 | I56: 23 | J56: 2000 | K56: =J56/I56 -> 86.956522 | L56: 23 | M56: =F56/V56*60 -> 1704.1475 | N56: =M56/L56 -> 74.093368 | O56: =L56-I56 -> 0 | P56: =N56-K56 -> -12.863154 | Q56: =N56/K56 -> 0.85207373 | R56: =Q72 -> 0.84353079 | S56: 0.16666667 | T56: 0.211875 | V56: 65.1 | AA56: =M56-J56 -> -295.85253 | AB56: =M56/J56 -> 0.85207373 | AC56: =AB72 -> 0.84353079
B57: 便當 | C57: 五味五彩嫩雞餐盒 | E57: 65.55 | F57: 960 | G57: =E57*F57 -> 62928 | I57: 22 | J57: 2000 | K57: =J57/I57 -> 90.909091 | L57: 22 | M57: =F57/V57*60 -> 1683.3902 | N57: =M57/L57 -> 76.517735 | O57: =L57-I57 -> 0 | P57: =N57-K57 -> -14.391356 | Q57: =N57/K57 -> 0.84169508 | S57: 0.21597222 | T57: 0.2397338 | U57: 5.9 | V57: 34.216667 | AA57: =M57-J57 -> -316.60984 | AB57: =M57/J57 -> 0.84169508
B58: 便當 | C58: 蒲燒玉子鰻飯 | E58: 102.83 | F58: 1538 | G58: =E58*F58 -> 158152.54 | I58: 19 | J58: 2000 | K58: =J58/I58 -> 105.26316 | L58: 19 | M58: =F58/V58*60 -> 1696.8434 | N58: =M58/L58 -> 89.307547 | O58: =L58-I58 -> 0 | P58: =N58-K58 -> -15.955611 | Q58: =N58/K58 -> 0.8484217 | S58: 0.24513889 | T58: 0.28290509 | U58: 7.7833333 | V58: 54.383333 | AA58: =M58-J58 -> -303.1566 | AB58: =M58/J58 -> 0.8484217
B59: 便當 | C59: 健身G肉餐盒 | E59: 59.52 | F59: 6285 | G59: =E59*F59 -> 374083.2 | I59: 25 | J59: 2000 | K59: =J59/I59 -> 80 | L59: 25 | M59: =F59/V59*60 -> 1733.926 | N59: =M59/L59 -> 69.357039 | O59: =L59-I59 -> 0 | P59: =N59-K59 -> -10.642961 | Q59: =N59/K59 -> 0.86696299 | S59: 0.28680556 | T59: 0.43783565 | U59: 5.6166667 | V59: 217.48333 | AA59: =M59-J59 -> -266.07403 | AB59: =M59/J59 -> 0.86696299
B60: 便當 | C60: 一口滷魂便當 | E60: 53.37 | F60: 1506 | G60: =E60*F60 -> 80375.22 | I60: 25 | J60: 2000 | K60: =J60/I60 -> 80 | L60: 25 | M60: =F60/V60*60 -> 1690.5519 | N60: =M60/L60 -> 67.622077 | O60: =L60-I60 -> 0 | P60: =N60-K60 -> -12.377923 | Q60: =N60/K60 -> 0.84527596 | S60: 0.44166667 | T60: 0.47878472 | U60: 5.5166667 | V60: 53.45 | W60: 0.47878472 | X60: 0.51666667 | AA60: =M60-J60 -> -309.44808 | AB60: =M60/J60 -> 0.84527596
B61: 微波主食 | C61: 日式中濃醬炭火漢堡排飯 | E61: 56.85 | F61: 1043 | G61: =E61*F61 -> 59294.55 | I61: 21 | J61: 2000 | K61: =J61/I61 -> 95.238095 | L61: 21 | M61: =F61/V61*60 -> 1631.1034 | N61: =M61/L61 -> 77.67159 | O61: =L61-I61 -> 0 | P61: =N61-K61 -> -17.566505 | Q61: =N61/K61 -> 0.81555169 | S61: 0.51666667 | T61: 0.54331019 | U61: 54.55 | V61: 38.366667 | AA61: =M61-J61 -> -368.89661 | AB61: =M61/J61 -> 0.81555169
B62: 便當 | C62: 經典滷肉飯 | E62: 47.37 | F62: 2008 | G62: =E62*F62 -> 95118.96 | I62: 21 | J62: 2000 | K62: =J62/I62 -> 95.238095 | L62: 21 | M62: =F62/V62*60 -> 1669.4688 | N62: =M62/L62 -> 79.498515 | O62: =L62-I62 -> 0 | P62: =N62-K62 -> -15.73958 | Q62: =N62/K62 -> 0.83473441 | S62: 0.54722222 | T62: 0.59733796 | U62: 5.6333333 | V62: 72.166667 | AA62: =M62-J62 -> -330.53118 | AB62: =M62/J62 -> 0.83473441
B72: 平均 | I72: =AVERAGE(I56:I71) -> 22.285714 | J72: =AVERAGE(J56:J71) -> 2000 | K72: =J72/I72 -> 89.74359 | L72: =AVERAGE(L56:L71) -> 22.285714 | M72: =AVERAGE(M56:M71) -> 1687.0616 | N72: =M72/L72 -> 75.701482 | O72: =L72-I72 -> 0 | P72: =N72-K72 -> -14.042108 | Q72: =N72/K72 -> 0.84353079 | S72: =S56 -> 0.16666667 | T72: =INDEX(T56:T71,COUNTA(T56:T71)) -> 0.59733796 | AA72: =M72-J72 -> -312.93841 | AB72: =M72/J72 -> 0.84353079
A73: 涼麵三線 | B73: 季節調理麵 | C73: 椒麻香蔥雞涼拌麵 | E73: 37.94 | F73: 4246 | G73: =E73*F73 -> 161093.24 | I73: 21 | J73: 3600 | K73: =J73/I73 -> 171.42857 | L73: 21 | M73: =F73/V73*60 -> 3000.1178 | N73: =M73/L73 -> 142.86275 | O73: =L73-I73 -> 0 | P73: =N73-K73 -> -28.565821 | Q73: =N73/K73 -> 0.83336605 | R73: =Q89 -> 0.85203972 | S73: 0.16672454 | T73: 0.22569444 | V73: 84.916667 | AA73: =M73-J73 -> -599.88224 | AB73: =M73/J73 -> 0.83336605 | AC73: =AB89 -> 0.85203972
B74: 季節調理麵 | C74: 酸辣麻醬細冷麵 | E74: 32.06 | F74: 3297 | G74: =E74*F74 -> 105701.82 | I74: 21 | J74: 3600 | K74: =J74/I74 -> 171.42857 | L74: 21 | M74: =F74/V74*60 -> 2992.7383 | N74: =M74/L74 -> 142.51135 | O74: =L74-I74 -> 0 | P74: =N74-K74 -> -28.917225 | Q74: =N74/K74 -> 0.83131619 | S74: 0.23125 | T74: 0.27715278 | U74: 8 | V74: 66.1 | AA74: =M74-J74 -> -607.26172 | AB74: =M74/J74 -> 0.83131619
B75: 季節調理麵 | C75: 柚香海藻冷麵 | E75: 38.1 | F75: 351 | G75: =E75*F75 -> 13373.1 | I75: 21 | J75: 3600 | K75: =J75/I75 -> 171.42857 | L75: 21 | M75: =F75/V75*60 -> 2884.9315 | N75: =M75/L75 -> 137.37769 | O75: =L75-I75 -> 0 | P75: =N75-K75 -> -34.050881 | Q75: =N75/K75 -> 0.80136986 | S75: 0.28125 | T75: 0.28631944 | U75: 5.9 | V75: 7.3 | AA75: =M75-J75 -> -715.06849 | AB75: =M75/J75 -> 0.80136986
B76: 季節調理麵 | C76: 和風涓絲冷麵 | E76: 28.29 | F76: 3630 | G76: =E76*F76 -> 102692.7 | I76: 19 | J76: 3600 | K76: =J76/I76 -> 189.47368 | L76: 19 | M76: =F76/V76*60 -> 2990.389 | N76: =M76/L76 -> 157.3889 | O76: =L76-I76 -> 0 | P76: =N76-K76 -> -32.084789 | Q76: =N76/K76 -> 0.83066362 | S76: 0.28969907 | T76: 0.34027778 | U76: 4.8666667 | V76: 72.833333 | AA76: =M76-J76 -> -609.61098 | AB76: =M76/J76 -> 0.83066362
B77: 季節調理麵 | C77: 芝麻鰹魚烏龍冷麵 | E77: 38.99 | F77: 2068 | G77: =E77*F77 -> 80631.32 | I77: 19 | J77: 3600 | K77: =J77/I77 -> 189.47368 | L77: 19 | M77: =F77/V77*60 -> 2957.8069 | N77: =M77/L77 -> 155.67405 | O77: =L77-I77 -> 0 | P77: =N77-K77 -> -33.799636 | Q77: =N77/K77 -> 0.82161303 | S77: 0.34586806 | T77: 0.375 | U77: 8.05 | V77: 41.95 | AA77: =M77-J77 -> -642.19309 | AB77: =M77/J77 -> 0.82161303
B78: 季節調理麵 | C78: 台式麻醬涼麵 | E78: 31.27 | F78: 3405 | G78: =E78*F78 -> 106474.35 | I78: 19 | J78: 3600 | K78: =J78/I78 -> 189.47368 | L78: 19 | M78: =F78/V78*60 -> 2994.8693 | N78: =M78/L78 -> 157.6247 | O78: =L78-I78 -> 0 | P78: =N78-K78 -> -31.848985 | Q78: =N78/K78 -> 0.83190814 | S78: 0.37847222 | T78: 0.42584491 | U78: 5 | V78: 68.216667 | AA78: =M78-J78 -> -605.13071 | AB78: =M78/J78 -> 0.83190814
B79: 季節調理麵 | C79: 日式胡麻雞絲冷麵 | E79: 46.93 | F79: 1655 | G79: =E79*F79 -> 77669.15 | I79: 26 | J79: 3600 | K79: =J79/I79 -> 138.46154 | L79: 26 | M79: =F79/V79*60 -> 3167.4641 | N79: =M79/L79 -> 121.82554 | O79: =L79-I79 -> 0 | P79: =N79-K79 -> -16.635996 | Q79: =N79/K79 -> 0.87985114 | S79: 0.43055556 | T79: 0.45232639 | U79: 6.7833333 | V79: 31.35 | AA79: =M79-J79 -> -432.53589 | AB79: =M79/J79 -> 0.87985114
B80: 季節調理麵 | C80: 日式擔擔冷麵 | E80: 43.61 | F80: 1293 | G80: =E80*F80 -> 56387.73 | I80: 22 | J80: 3600 | K80: =J80/I80 -> 163.63636 | L80: 22 | M80: =F80/V80*60 -> 3140.8907 | N80: =M80/L80 -> 142.76776 | O80: =L80-I80 -> 0 | P80: =N80-K80 -> -20.868605 | Q80: =N80/K80 -> 0.87246964 | S80: 0.45715278 | T80: 0.47430556 | U80: 6.95 | V80: 24.7 | W80: 0.47430556 | X80: 0.51527778 | AA80: =M80-J80 -> -459.10931 | AB80: =M80/J80 -> 0.87246964
B81: 季節調理麵 | C81: 日式蕎麥沾麵 | E81: 36.86 | F81: 3082 | G81: =E81*F81 -> 113602.52 | I81: 21 | J81: 3600 | K81: =J81/I81 -> 171.42857 | L81: 21 | M81: =F81/V81*60 -> 3180.0516 | N81: =M81/L81 -> 151.43103 | O81: =L81-I81 -> 0 | P81: =N81-K81 -> -19.997543 | Q81: =N81/K81 -> 0.88334766 | S81: 0.51527778 | T81: 0.55565972 | U81: 59 | V81: 58.15 | AA81: =M81-J81 -> -419.94841 | AB81: =M81/J81 -> 0.88334766
B82: 季節調理麵 | C82: 大滿足麻醬涼麵 | E82: 38 | F82: 344 | G82: =E82*F82 -> 13072 | H82: 2 | I82: 21 | J82: 3600 | K82: =J82/I82 -> 171.42857 | L82: 21 | M82: 3154 | N82: =M82/L82 -> 150.19048 | O82: =L82-I82 -> 0 | P82: =N82-K82 -> -21.238095 | Q82: =N82/K82 -> 0.87611111 | S82: 0.55935185 | T82: 0.56388889 | U82: 5.3166667 | V82: 6.5333333 | AA82: =M82-J82 -> -446 | AB82: =M82/J82 -> 0.87611111
B83: 季節調理麵 | C83: 大滿足香辣涼麵 | E83: 38.63 | F83: 4930 | G83: =E83*F83 -> 190445.9 | I83: 20 | J83: 3600 | K83: =J83/I83 -> 180 | L83: 20 | M83: =F83/V83*60 -> 3176.0916 | N83: =M83/L83 -> 158.80458 | O83: =L83-I83 -> 0 | P83: =N83-K83 -> -21.195419 | Q83: =N83/K83 -> 0.88224767 | S83: 0.56875 | T83: 0.63342593 | U83: 7 | V83: 93.133333 | AA83: =M83-J83 -> -423.90838 | AB83: =M83/J83 -> 0.88224767
B84: 季節調理麵 | C84: 大滿足麻醬涼麵 | E84: 38 | F84: 6628 | G84: =E84*F84 -> 251864 | I84: 21 | J84: 3600 | K84: =J84/I84 -> 171.42857 | L84: 21 | M84: =F84/V84*60 -> 3168.7649 | N84: =M84/L84 -> 150.89357 | O84: =L84-I84 -> 0 | P84: =N84-K84 -> -20.535003 | Q84: =N84/K84 -> 0.88021248 | S84: 0.63854167 | T84: 0.72569444 | U84: 7.3666667 | V84: 125.5 | AA84: =M84-J84 -> -431.23506 | AB84: =M84/J84 -> 0.88021248
B89: 平均 | I89: =AVERAGE(I73:I88) -> 20.916667 | J89: =AVERAGE(J73:J88) -> 3600 | K89: =J89/I89 -> 172.11155 | L89: =AVERAGE(L73:L88) -> 20.916667 | M89: =AVERAGE(M73:M88) -> 3067.343 | N89: =M89/L89 -> 146.64588 | O89: =L89-I89 -> 0 | P89: =N89-K89 -> -25.465674 | Q89: =N89/K89 -> 0.85203972 | S89: =S73 -> 0.16672454 | T89: =INDEX(T73:T88,COUNTA(T73:T88)) -> 0.72569444 | AA89: =M89-J89 -> -532.65702 | AB89: =M89/J89 -> 0.85203972
A90: 自動包裝機 | B90: 飯糰 | C90: 大口蒜味香腸燒肉雙拼飯糰 | E90: 34.23 | F90: 2076 | G90: =E90*F90 -> 71061.48 | I90: 16 | J90: 3000 | K90: =J90/I90 -> 187.5 | L90: 16 | M90: =F90/V90*60 -> 2529.1371 | N90: =M90/L90 -> 158.07107 | O90: =L90-I90 -> 0 | P90: =N90-K90 -> -29.428934 | Q90: =N90/K90 -> 0.84304569 | R90: =Q106 -> 0.85222049 | S90: 0.25 | T90: 0.28420139 | V90: 49.25 | AA90: =M90-J90 -> -470.86294 | AB90: =M90/J90 -> 0.84304569 | AC90: =AB106 -> 0.85222049
B91: 飯糰 | C91: 大口花椒香麻雞飯糰 | E91: 34.77 | F91: 1559 | G91: =E91*F91 -> 54206.43 | I91: 11 | J91: 3000 | K91: =J91/I91 -> 272.72727 | L91: 11 | M91: =F91/V91*60 -> 2519.0305 | N91: =M91/L91 -> 229.00277 | O91: =L91-I91 -> 0 | P91: =N91-K91 -> -43.724498 | Q91: =N91/K91 -> 0.83967684 | S91: 0.2875 | T91: 0.31328704 | U91: 4.75 | V91: 37.133333 | AA91: =M91-J91 -> -480.96948 | AB91: =M91/J91 -> 0.83967684
B92: 飯糰 | C92: 大口法式蕈菇起司雞排飯糰 | E92: 35.83 | F92: 5070 | G92: =E92*F92 -> 181658.1 | I92: 12 | J92: 3273 | K92: =J92/I92 -> 272.75 | L92: 12 | M92: =F92/V92*60 -> 2842.9907 | N92: =M92/L92 -> 236.91589 | O92: =L92-I92 -> 0 | P92: =N92-K92 -> -35.834112 | Q92: =N92/K92 -> 0.8686192 | S92: 0.36805556 | T92: 0.44236111 | U92: 4 | V92: 107 | W92: 0.44236111 | X92: 0.48287037 | AA92: =M92-J92 -> -430.00935 | AB92: =M92/J92 -> 0.8686192
B93: 飯糰 | C93: 大口義式香草雞腿排飯糰 | E93: 36.41 | F93: 4279 | G93: =E93*F93 -> 155798.39 | I93: 11 | J93: 3273 | K93: =J93/I93 -> 297.54545 | L93: 11 | M93: =F93/V93*60 -> 2800.8 | N93: =M93/L93 -> 254.61818 | O93: =L93-I93 -> 0 | P93: =N93-K93 -> -42.927273 | Q93: =N93/K93 -> 0.85572869 | S93: 0.48287037 | T93: 0.54652778 | U93: 58.333333 | V93: 91.666667 | AA93: =M93-J93 -> -472.2 | AB93: =M93/J93 -> 0.85572869
B106: 平均 | I106: =AVERAGE(I90:I105) -> 12.5 | J106: =AVERAGE(J90:J105) -> 3136.5 | K106: =J106/I106 -> 250.92 | L106: =AVERAGE(L90:L105) -> 12.5 | M106: =AVERAGE(M90:M105) -> 2672.9896 | N106: =M106/L106 -> 213.83916 | O106: =L106-I106 -> 0 | P106: =N106-K106 -> -37.080835 | Q106: =N106/K106 -> 0.85222049 | S106: =S90 -> 0.25 | T106: =INDEX(T90:T105,COUNTA(T90:T105)) -> 0.54652778 | AA106: =M106-J106 -> -463.51044 | AB106: =M106/J106 -> 0.85222049
A107: 自動包裝機3 | B107: 壽司手卷 | C107: 日式明太子炙烤牛飯卷 | E107: 26.63 | F107: 766 | G107: =E107*F107 -> 20398.58 | I107: 6 | J107: 2600 | K107: =J107/I107 -> 433.33333 | L107: 6 | M107: =F107/V107*60 -> 2103.4325 | N107: =M107/L107 -> 350.57208 | O107: =L107-I107 -> 0 | P107: =N107-K107 -> -82.761251 | Q107: =N107/K107 -> 0.8090125 | R107: =Q123 -> 0.82972413 | S107: 0.33621528 | T107: 0.35138889 | V107: 21.85 | AA107: =M107-J107 -> -496.56751 | AB107: =M107/J107 -> 0.8090125 | AC107: =AB123 -> 0.82972413
B108: 飯糰 | C108: 糖燻野郎炙燒牛烤飯糰 | E108: 24.73 | F108: 1258 | G108: =E108*F108 -> 31110.34 | I108: 6 | J108: 2600 | K108: =J108/I108 -> 433.33333 | L108: 6 | M108: =F108/V108*60 -> 2166.89 | N108: =M108/L108 -> 361.14833 | O108: =L108-I108 -> 0 | P108: =N108-K108 -> -72.185008 | Q108: =N108/K108 -> 0.83341921 | S108: 0.3556713 | T108: 0.37986111 | U108: 6.1666667 | V108: 34.833333 | AA108: =M108-J108 -> -433.11005 | AB108: =M108/J108 -> 0.83341921
B109: 飯糰 | C109: 鮭魚炙燒明太子烤飯糰 | E109: 24.94 | F109: 1427 | G109: =E109*F109 -> 35589.38 | I109: 6 | J109: 2600 | K109: =J109/I109 -> 433.33333 | L109: 6 | M109: =F109/V109*60 -> 2169.4257 | N109: =M109/L109 -> 361.57095 | O109: =L109-I109 -> 0 | P109: =N109-K109 -> -71.762387 | Q109: =N109/K109 -> 0.83439449 | S109: 0.38333333 | T109: 0.41074074 | U109: 5 | V109: 39.466667 | AA109: =M109-J109 -> -430.57432 | AB109: =M109/J109 -> 0.83439449
B110: 飯糰 | C110: 淡麗清酒蒸蛤蜊烤飯糰 | E110: 24.73 | F110: 1833 | G110: =E110*F110 -> 45330.09 | I110: 6 | J110: 2600 | K110: =J110/I110 -> 433.33333 | L110: 6 | M110: =F110/V110*60 -> 2189.3829 | N110: =M110/L110 -> 364.89715 | O110: =L110-I110 -> 0 | P110: =N110-K110 -> -68.436187 | Q110: =N110/K110 -> 0.84207034 | S110: 0.41597222 | T110: 0.45085648 | U110: 7.5333333 | V110: 50.233333 | AA110: =M110-J110 -> -410.61712 | AB110: =M110/J110 -> 0.84207034
B123: 平均 | I123: =AVERAGE(I107:I122) -> 6 | J123: =AVERAGE(J107:J122) -> 2600 | K123: =J123/I123 -> 433.33333 | L123: =AVERAGE(L107:L122) -> 6 | M123: =AVERAGE(M107:M122) -> 2157.2828 | N123: =M123/L123 -> 359.54713 | O123: =L123-I123 -> 0 | P123: =N123-K123 -> -73.786208 | Q123: =N123/K123 -> 0.82972413 | S123: =S107 -> 0.33621528 | T123: =INDEX(T107:T122,COUNTA(T107:T122)) -> 0.45085648 | AA123: =M123-J123 -> -442.71725 | AB123: =M123/J123 -> 0.82972413
A124: 涼麵一線 (二配) | B124: 微波主食 | C124: 二配薯勾以蛋包飯 | E124: 49.91 | F124: 1604 | G124: =E124*F124 -> 80055.64 | I124: 26 | J124: 2000 | K124: =J124/I124 -> 76.923077 | L124: 26 | M124: =F124/V124*60 -> 1700.8542 | N124: =M124/L124 -> 65.417469 | O124: =L124-I124 -> 0 | P124: =N124-K124 -> -11.505608 | Q124: =N124/K124 -> 0.8504271 | R124: =Q140 -> 0.85488139 | S124: 0.70862269 | T124: 0.74791667 | V124: 56.583333 | AA124: =M124-J124 -> -299.1458 | AB124: =M124/J124 -> 0.8504271 | AC124: =AB140 -> 0.85488139
B125: 微波主食 | C125: 二配里肌豬排可可咖哩歐姆蛋飯 | E125: 56.79 | F125: 2345 | G125: =E125*F125 -> 133172.55 | I125: 23 | J125: 2000 | K125: =J125/I125 -> 86.956522 | L125: 23 | M125: =F125/V125*60 -> 1714.1117 | N125: =M125/L125 -> 74.526595 | O125: =L125-I125 -> 0 | P125: =N125-K125 -> -12.429927 | Q125: =N125/K125 -> 0.85705584 | S125: 0.75277778 | T125: 0.80978009 | U125: 7 | V125: 82.083333 | AA125: =M125-J125 -> -285.88832 | AB125: =M125/J125 -> 0.85705584
B126: 微波主食 | C126: 二配鐵板蘑菇肉醬起司焗飯 | E126: 44.3 | F126: 2221 | G126: =E126*F126 -> 98390.3 | I126: 17 | J126: 2000 | K126: =J126/I126 -> 117.64706 | L126: 17 | M126: =F126/V126*60 -> 1714.3225 | N126: =M126/L126 -> 100.8425 | O126: =L126-I126 -> 0 | P126: =N126-K126 -> -16.804561 | Q126: =N126/K126 -> 0.85716123 | S126: 0.81476852 | T126: 0.86875 | U126: 7.1833333 | V126: 77.733333 | AA126: =M126-J126 -> -285.67753 | AB126: =M126/J126 -> 0.85716123
B140: 平均 | I140: =AVERAGE(I124:I139) -> 22 | J140: =AVERAGE(J124:J139) -> 2000 | K140: =J140/I140 -> 90.909091 | L140: =AVERAGE(L124:L139) -> 22 | M140: =AVERAGE(M124:M139) -> 1709.7628 | N140: =M140/L140 -> 77.71649 | O140: =L140-I140 -> 0 | P140: =N140-K140 -> -13.192601 | Q140: =N140/K140 -> 0.85488139 | S140: =S124 -> 0.70862269 | T140: =INDEX(T124:T139,COUNTA(T124:T139)) -> 0.86875 | AA140: =M140-J140 -> -290.23722 | AB140: =M140/J140 -> 0.85488139
A141: 涼麵二線 (二配) | B141: 微波主食 | C141: 二配三杯海瓜子好下飯 | E141: 50.67 | F141: 1428 | G141: =E141*F141 -> 72356.76 | I141: 22 | J141: 2000 | K141: =J141/I141 -> 90.909091 | L141: 22 | M141: =F141/V141*60 -> 1698.8764 | N141: =M141/L141 -> 77.221655 | O141: =L141-I141 -> 0 | P141: =N141-K141 -> -13.687436 | Q141: =N141/K141 -> 0.8494382 | R141: =Q157 -> 0.85354301 | S141: 0.70833333 | T141: 0.74335648 | V141: 50.433333 | AA141: =M141-J141 -> -301.1236 | AB141: =M141/J141 -> 0.8494382 | AC141: =AB157 -> 0.85354301
B142: 微波主食 | C142: 二配黃金雞排蘑菇白醬歐姆蛋飯 | E142: 56.87 | F142: 1877 | G142: =E142*F142 -> 106744.99 | I142: 23 | J142: 2000 | K142: =J142/I142 -> 86.956522 | L142: 23 | M142: =F142/V142*60 -> 1708.5209 | N142: =M142/L142 -> 74.283516 | O142: =L142-I142 -> 0 | P142: =N142-K142 -> -12.673006 | Q142: =N142/K142 -> 0.85426043 | S142: 0.74728009 | T142: 0.79305556 | U142: 5.65 | V142: 65.916667 | AA142: =M142-J142 -> -291.47914 | AB142: =M142/J142 -> 0.85426043
B143: 微波主食 | C143: 二配哞哞培根奶香海陸焗飯 | E143: 47.6 | F143: 2497 | G143: =E143*F143 -> 118857.2 | I143: 23 | J143: 2000 | K143: =J143/I143 -> 86.956522 | L143: 23 | M143: =F143/V143*60 -> 1713.8608 | N143: =M143/L143 -> 74.515688 | O143: =L143-I143 -> 0 | P143: =N143-K143 -> -12.440834 | Q143: =N143/K143 -> 0.85693041 | S143: 0.79722222 | T143: 0.85792824 | U143: 6 | V143: 87.416667 | AA143: =M143-J143 -> -286.13918 | AB143: =M143/J143 -> 0.85693041
B157: 平均 | I157: =AVERAGE(I141:I156) -> 22.666667 | J157: =AVERAGE(J141:J156) -> 2000 | K157: =J157/I157 -> 88.235294 | L157: =AVERAGE(L141:L156) -> 22.666667 | M157: =AVERAGE(M141:M156) -> 1707.086 | N157: =M157/L157 -> 75.312619 | O157: =L157-I157 -> 0 | P157: =N157-K157 -> -12.922675 | Q157: =N157/K157 -> 0.85354301 | S157: =S141 -> 0.70833333 | T157: =INDEX(T141:T156,COUNTA(T141:T156)) -> 0.85792824 | AA157: =M157-J157 -> -292.91397 | AB157: =M157/J157 -> 0.85354301
Y159: 原因回覆
Y160: 1.當日出勤人數較多
Y161: 2.當日出勤人數較少
Y162: 3.當日出勤熟手較多
Y163: 4.當日出勤新人較多
Y164: 5.機台夾盒
Y165: 6.封膜不順
Y166: 7.更換膠膜
Y167: 8.更換碳帶
Y168: 9.當日熱轉印碳帶異常
Y169: 10.訂單量過少
Y170: 11.新品上市，尚未熟悉
Y171: 12.活動期間品項需貼標

Sheet 0728
B1: 屏榮 大溪廠組合室生產人時性分析
B3: 日期 | C3: 114.07.28星期一 | E3: 訂單量 | F3: ='0728(18度C)'!D1+'0728(4度C)'!D1 -> 247974 | H3: 營業額 | I3: ='0728(18度C)'!F1+'0728(4度C)'!F1 -> 7891937.6
B4: 人時性 | C4: 項目 | E4: ➀ | G4: ➁ | I4: ➂ | K4: ④ | M4: ⑤
C5: 組合室 | E5: 全溫層 | G5: 4度C-各編組展開(一配) | I5: 4度C-各編組展開(二配) | K5: 18度C-各編組展開(一配) | M5: 18度C-各編組展開(二配)
C6: 排關平均 | E6: =AVERAGE(D13:O13,D27:X27) -> 501.72588 | F6: =AVERAGE(#REF!,D13:K13) -> #REF! | G6: =AVERAGE(D13:K13) -> 176.22174 | I6: =AVERAGE(L13:O13) -> 89.572193 | K6: =AVERAGE(D27:O27) -> 688.59363 | M6: =AVERAGE(P27:X27) -> 769.70828
C7: 實績平均 | E7: =AVERAGE(D14:O14,D28:X28) -> 422.75397 | F7: =AVERAGE(#REF!,D14:K14) -> #REF! | G7: =AVERAGE(D14:K14) -> 148.65123 | I7: =AVERAGE(L14:O14) -> 76.503688 | K7: =AVERAGE(D28:O28) -> 579.86985 | M7: =AVERAGE(P28:X28) -> 648.46941
C8: 達成率平均 | E8: =AVERAGE(D15:O15,D29:X29) -> 0.84632853 | F8: =AVERAGE(D15:K15,#REF!) -> #REF! | G8: =AVERAGE(D15:K15) -> 0.84769776 | I8: =AVERAGE(L15:O15) -> 0.85409049 | K8: =AVERAGE(D29:O29) -> 0.84381232 | M8: =AVERAGE(P29:X29) -> 0.84549872 | O8: ※現行日本鮮食廠以達成率80%為基本(即為現行KPI)
B10: 溫層 | D10: ➁4度C-各編組展開 | L10: ➂4度C-各編組展開
B11: 編組 | D11: 1 | E11: 2 | F11: 3 | G11: 4 | H11: 5 | I11: 6 | J11: 7 | K11: 8 | L11: 1 | M11: 2 | N11: 3 | O11: 4
D12: 便當一線 | E12: 便當二線 | F12: 涼麵一線 | G12: 涼麵二線 | H12: 涼麵三線 | I12: 自動包裝機 | J12: 自動包裝機2 | K12: 自動包裝機3 | L12: 便當一線 | M12: 便當二線 | N12: 涼麵一線 | O12: 涼麵二線
B13: 人時性 | C13: 排關 | D13: 108.87097 | E13: 79.365079 | F13: 100 | G13: 88.888889 | H13: 172.17391 | I13: 250.92 | J13: - | K13: 433.33333 | L13: - | M13: 90.909091 | N13: 88.235294 | O13: -
C14: 實績 | D14: 93.586198 | E14: 67.196836 | F14: 85.452617 | G14: 74.890203 | H14: 146.17633 | I14: 213.78424 | J14: - | K14: 359.47216 | L14: - | M14: 77.707889 | N14: 75.299487 | O14: -
C15: 達成率 | D15: =D14/D13 -> 0.85960656 | E15: =E14/E13 -> 0.84668014 | F15: =F14/F13 -> 0.85452617 | G15: =G14/G13 -> 0.84251478 | H15: =H14/H13 -> 0.84900393 | I15: =I14/I13 -> 0.85200159 | J15: - | K15: =K14/K13 -> 0.82955115 | L15: - | M15: =M14/M13 -> 0.85478678 | N15: =N14/N13 -> 0.85339419 | O15: -
B16: 作業 時間 | C16: 開始 | D16: 0.25 | E16: 0.16666667 | F16: 0.25 | G16: 0.16672454 | H16: 0.16666667 | I16: 0.25 | J16: - | K16: 0.33888889 | L16: - | M16: 0.70833333 | N16: 0.70833333 | O16: -
C17: 結束 | D17: 0.63351852 | E17: 0.63140046 | F17: 0.57950231 | G17: 0.63631944 | H17: 0.73920139 | I17: 0.55077546 | J17: - | K17: 0.45778935 | L17: - | M17: 0.8708912 | N17: 0.86273148 | O17: -
B18: 配置人數 | D18: 15.5 | E18: 25.2 | F18: 19.5 | G18: 22.5 | H18: 20.909091 | I18: 12.5 | J18: - | K18: 6 | L18: - | M18: 22 | N18: 22.666667 | O18: -
B19: 主要應用設備 | D19: L型封口機 | E19: ET-55 | F19: ET-55 | G19: ET-55 | H19: ET-600 | I19: 伺服包裝機 | J19: 伺服包裝機 | K19: 伺服包裝機 | L19: L型封口機 | M19: ET-55 | N19: ET-55 | O19: ET-55
B20: 次要應用設備 | D20: 伺服包裝機 | H20: 伺服包裝機
B21: 備註 | H21: 涼麵+烤飯糰 | I21: 大口飯糰線 | K21: 烤飯糰+手卷
B24: 溫層 | D24: ➃18度C-各編組展開 (一配) | P24: ⑤18度C-各編組展開 (二配)
B25: 編組 | D25: 1 | E25: 2 | F25: 3 | G25: 4 | H25: 5 | I25: 6 | J25: 7 | K25: 8 | L25: 9 | M25: 10 | N25: 11 | O25: 12 | P25: 1 | Q25: 2 | R25: 3 | S25: 4 | T25: 5 | U25: 6 | V25: 7 | W25: 8 | X25: 9
D26: 便當一線 | E26: 涼麵一線 | F26: 涼麵三線 | G26: 自動包裝機 | H26: 自動包裝機2 | I26: 自動包裝機3 | J26: 味付飯糰線B | K26: (舊) 3300型飯糰線 | L26: 3000型飯糰線 | M26: (新) 3300型飯糰機 | N26: GKK3600型 飯糰機 | O26: GKK3600型 飯糰機2 | P26: 自動包裝機 | Q26: 自動包裝機2 | R26: 自動包裝機3 | S26: 味付飯糰線B | T26: (舊) 3300型飯糰線 | U26: 3000型飯糰線 | V26: (新) 3300型飯糰機 | W26: GKK3600型 飯糰機 | X26: GKK3600型 飯糰機2
B27: 人時性 | C27: 排關 | D27: 226.15 | E27: - | F27: - | G27: 272.72727 | H27: 433.33333 | I27: - | J27: 675 | K27: 1100 | L27: - | M27: 761.53846 | N27: 1200 | O27: 840 | P27: 248.61333 | Q27: - | R27: - | S27: 675 | T27: 756 | U27: - | V27: 825 | W27: 1200 | X27: 913.63636
C28: 實績 | D28: 192.87084 | E28: - | F28: - | G28: 232.73235 | H28: 356.02668 | I28: - | J28: 589.31307 | K28: 934.78656 | L28: - | M28: 639.41143 | N28: 997.47636 | O28: 696.34153 | P28: 210.76514 | Q28: - | R28: - | S28: 598.96765 | T28: 633.85297 | U28: - | V28: 693.89433 | W28: 998.17932 | X28: 755.15704
C29: 達成率 | D29: =D28/D27 -> 0.85284474 | E29: - | F29: - | G29: =G28/G27 -> 0.85335196 | H29: =H28/H27 -> 0.82160003 | I29: - | J29: =J28/J27 -> 0.87305639 | K29: =K28/K27 -> 0.84980596 | L29: - | M29: =M28/M27 -> 0.83963117 | N29: =N28/N27 -> 0.8312303 | O29: =O28/O27 -> 0.82897801 | P29: =P28/P27 -> 0.8477628 | Q29: - | R29: - | S29: =S28/S27 -> 0.88735949 | T29: =T28/T27 -> 0.83842985 | U29: - | V29: =V28/V27 -> 0.84108403 | W29: =W28/W27 -> 0.8318161 | X29: =X28/X27 -> 0.82654005
B30: 作業 時間 | C30: 開始 | D30: 0.32222222 | E30: - | F30: - | G30: 0.3190625 | H30: 0.25 | I30: - | J30: 0.25025463 | K30: 0.35347222 | L30: - | M30: 0.25 | N30: 0.25 | O30: 0.25 | P30: 0.70862269 | Q30: - | R30: - | S30: 0.70833333 | T30: 0.70833333 | U30: - | V30: 0.70844907 | W30: 0.70842593 | X30: 0.70862269
C31: 結束 | D31: 0.43975694 | E31: - | F31: - | G31: 0.36878472 | H31: 0.31875 | I31: - | J31: 0.35 | K31: 0.39170139 | L31: - | M31: 0.41414352 | N31: 0.47032407 | O31: 0.46738426 | P31: 0.94652778 | Q31: - | R31: - | S31: 0.87650463 | T31: 0.91815972 | U31: - | V31: 0.975 | W31: 0.97454861 | X31: 0.99547454
B32: 配置人數 | D32: 13.333333 | E32: - | F32: - | G32: 11 | H32: 6 | I32: - | J32: 4 | K32: 3 | L32: - | M32: 4.3333333 | N32: 3 | O32: 3.75 | P32: 12.5 | Q32: - | R32: - | S32: 4 | T32: 4.1666667 | U32: - | V32: 4 | W32: 3 | X32: 3.6666667
B33: 主要應用設備 | D33: 伺服包裝機 | E33: ET-55 | F33: ET-600 | G33: 夾心型 | H33: 伺服包裝機 | I33: 伺服包裝機 | J33: 夾心型 | K33: 3300型 | L33: 3300型 | M33: 3300型 | N33: GKK | O33: GKK | P33: 夾心型 | Q33: 伺服包裝機 | R33: 伺服包裝機 | S33: 夾心型 | T33: 3300型 | U33: 3300型 | V33: 3300型 | W33: GKK | X33: GKK
B34: 次要應用設備
B35: 備註

Sheet 0728(18度C)
A1: 大溪廠日報分析 | C1: 總生產量 | D1: =SUM(F5:F242) -> 129293 | E1: 營業額 | F1: =SUM(G5:G242) -> 2579462.4 | G1: 出勤人數 | H1: =L21+L38+L55+L72+L89+L106+L123+L140+L157+L174+L191+L208+L225+L242 -> 79.75 | I1: 產線配置圖 | L1: 生產實績 | O1: 人時性差異分析 | S1: 日報登錄 | Y1: 分析說明 | AA1: 產能差異分析
A2: 45866 | C2: 人時性 | D2: =AVERAGE(N21,N38,N55,N72,N89,N106,N123,N140,N157,N174,N191,N208,N225,N242) -> 609.26966 | E2: 平均廠價 | F2: =F1/D1 -> 19.950519 | G2: 多次生產數 | H2: =COUNT(H5:H242) -> 6
A3: 線別 | B3: 品類 | C3: 品名 | E3: 廠價 | F3: 生產量 | G3: 營收 | H3: 多次 生產 | I3: 人數 | J3: 產能/時 | K3: 人時性 | L3: 人數 | M3: 產能/時 | N3: 人時性 | O3: 人數 | P3: 人時性 | Q3: 達成率 | R3: 達成率 平均 | S3: 生產時間 | U3: 換線、休息/分 | V3: 稼動時間/分 | W3: 休息時間 | Y3: (屏榮回填) | AA3: 產能/時 | AB3: 達成率 | AC3: 達成率平均
S4: 開始 | T4: 結束 | W4: 開始 | X4: 結束
A5: 便當一線 | B5: 壽司手卷 | C5: 一配海饌雙手卷 | E5: 29.85 | F5: 2255 | G5: =E5*F5 -> 67311.75 | I5: 17 | J5: 3273 | K5: =J5/I5 -> 192.52941 | L5: 17 | M5: =F5/V5*60 -> 2790.6497 | N5: =M5/L5 -> 164.15587 | O5: =L5-I5 -> 0 | P5: =N5-K5 -> -28.373547 | Q5: =N5/K5 -> 0.85262747 | R5: =Q21 -> 0.85284474 | S5: 0.32222222 | T5: 0.3558912 | U5: 7.5166667 | V5: 48.483333 | AA5: =M5-J5 -> -482.35029 | AB5: =M5/J5 -> 0.85262747 | AC5: =AB21 -> 0.85284474
B6: 壽司手卷 | C6: 一配雙饗雙手卷 | E6: 29.52 | F6: 2288 | G6: =E6*F6 -> 67541.76 | I6: 17 | J6: 3273 | K6: =J6/I6 -> 192.52941 | L6: 17 | M6: =F6/V6*60 -> 2792.1356 | N6: =M6/L6 -> 164.24327 | O6: =L6-I6 -> 0 | P6: =N6-K6 -> -28.286142 | Q6: =N6/K6 -> 0.85308145 | S6: 0.35902778 | T6: 0.3931713 | U6: 4.5166667 | V6: 49.166667 | AA6: =M6-J6 -> -480.86441 | AB6: =M6/J6 -> 0.85308145
B7: 壽司手卷 | C7: 一配日式厚蛋脆卷 | E7: 21.61 | F7: 2212 | G7: =E7*F7 -> 47801.32 | I7: 6 | J7: 2500 | K7: =J7/I7 -> 416.66667 | L7: 6 | M7: =F7/V7*60 -> 2132.0482 | N7: =M7/L7 -> 355.34137 | O7: =L7-I7 -> 0 | P7: =N7-K7 -> -61.325301 | Q7: =N7/K7 -> 0.85281928 | S7: 0.39652778 | T7: 0.43975694 | U7: 4.8333333 | V7: 62.25 | W7: 0.43975694 | X7: 0.48194444 | AA7: =M7-J7 -> -367.95181 | AB7: =M7/J7 -> 0.85281928
B21: 平均 | I21: =AVERAGE(I5:I20) -> 13.333333 | J21: =AVERAGE(J5:J20) -> 3015.3333 | K21: =J21/I21 -> 226.15 | L21: =AVERAGE(L5:L20) -> 13.333333 | M21: =AVERAGE(M5:M20) -> 2571.6112 | N21: =M21/L21 -> 192.87084 | O21: =L21-I21 -> 0 | P21: =N21-K21 -> -33.279163 | Q21: =N21/K21 -> 0.85284474 | S21: =S5 -> 0.32222222 | T21: =INDEX(T5:T20,COUNTA(T5:T20)) -> 0.43975694 | AA21: =M21-J21 -> -443.72217 | AB21: =M21/J21 -> 0.85284474
A22: 自動包裝機 | B22: 壽司手卷 | C22: 一配長野稻荷壽司 | E22: 25.64 | F22: 3055 | G22: =E22*F22 -> 78330.2 | I22: 11 | J22: 3000 | K22: =J22/I22 -> 272.72727 | L22: 11 | M22: =F22/V22*60 -> 2560.0559 | N22: =M22/L22 -> 232.73235 | O22: =L22-I22 -> 0 | P22: =N22-K22 -> -39.994921 | Q22: =N22/K22 -> 0.85335196 | R22: =Q38 -> 0.85335196 | S22: 0.3190625 | T22: 0.36878472 | U22: 5.0333333 | V22: 71.6 | AA22: =M22-J22 -> -439.94413 | AB22: =M22/J22 -> 0.85335196 | AC22: =AB38 -> 0.85335196
B38: 平均 | I38: =AVERAGE(I22:I37) -> 11 | J38: =AVERAGE(J22:J37) -> 3000 | K38: =J38/I38 -> 272.72727 | L38: =AVERAGE(L22:L37) -> 11 | M38: =AVERAGE(M22:M37) -> 2560.0559 | N38: =M38/L38 -> 232.73235 | O38: =L38-I38 -> 0 | P38: =N38-K38 -> -39.994921 | Q38: =N38/K38 -> 0.85335196 | S38: =S22 -> 0.3190625 | T38: =INDEX(T22:T37,COUNTA(T22:T37)) -> 0.36878472 | AA38: =M38-J38 -> -439.94413 | AB38: =M38/J38 -> 0.85335196
A39: 自動包裝機2 | B39: 壽司手卷 | C39: 一配芝麻海苔香鬆細卷 | E39: 14.06 | F39: 1123 | G39: =E39*F39 -> 15789.38 | I39: 6 | J39: 2600 | K39: =J39/I39 -> 433.33333 | L39: 6 | M39: =F39/V39*60 -> 2146.9995 | N39: =M39/L39 -> 357.83324 | O39: =L39-I39 -> 0 | P39: =N39-K39 -> -75.500089 | Q39: =N39/K39 -> 0.82576903 | R39: =Q55 -> 0.82160003 | S39: 0.25 | T39: 0.27179398 | V39: 31.383333 | AA39: =M39-J39 -> -453.00053 | AB39: =M39/J39 -> 0.82576903 | AC39: =AB55 -> 0.82160003
B40: 壽司手卷 | C40: 一配鮪魚沙拉細卷 | E40: 14.81 | F40: 1320 | G40: =E40*F40 -> 19549.2 | I40: 6 | J40: 2600 | K40: =J40/I40 -> 433.33333 | L40: 6 | M40: =F40/V40*60 -> 2167.8832 | N40: =M40/L40 -> 361.31387 | O40: =L40-I40 -> 0 | P40: =N40-K40 -> -72.019465 | Q40: =N40/K40 -> 0.83380124 | S40: 0.27532407 | T40: 0.30069444 | U40: 5.0833333 | V40: 36.533333 | AA40: =M40-J40 -> -432.11679 | AB40: =M40/J40 -> 0.83380124
B41: 壽司手卷 | C41: 一配炙烤焦糖鮭魚細卷 | E41: 17.87 | F41: 763 | G41: =E41*F41 -> 13634.81 | I41: 6 | J41: 2600 | K41: =J41/I41 -> 433.33333 | L41: 6 | M41: =F41/V41*60 -> 2093.5976 | N41: =M41/L41 -> 348.93293 | O41: =L41-I41 -> 0 | P41: =N41-K41 -> -84.400407 | Q41: =N41/K41 -> 0.80522983 | S41: 0.30356481 | T41: 0.31875 | U41: 4.1333333 | V41: 21.866667 | AA41: =M41-J41 -> -506.40244 | AB41: =M41/J41 -> 0.80522983
B55: 平均 | I55: =AVERAGE(I39:I54) -> 6 | J55: =AVERAGE(J39:J54) -> 2600 | K55: =J55/I55 -> 433.33333 | L55: =AVERAGE(L39:L54) -> 6 | M55: =AVERAGE(M39:M54) -> 2136.1601 | N55: =M55/L55 -> 356.02668 | O55: =L55-I55 -> 0 | P55: =N55-K55 -> -77.306653 | Q55: =N55/K55 -> 0.82160003 | S55: =S39 -> 0.25 | T55: =INDEX(T39:T54,COUNTA(T39:T54)) -> 0.31875 | AA55: =M55-J55 -> -463.83992 | AB55: =M55/J55 -> 0.82160003
A56: 味付飯糰線B | B56: 飯糰 | C56: 一配經典肉鬆飯糰 | E56: 14.03 | F56: 5643 | G56: =E56*F56 -> 79171.29 | I56: 4 | J56: 2700 | K56: =J56/I56 -> 675 | L56: 4 | M56: =F56/V56*60 -> 2357.2523 | N56: =M56/L56 -> 589.31307 | O56: =L56-I56 -> 0 | P56: =N56-K56 -> -85.686934 | Q56: =N56/K56 -> 0.87305639 | R56: =Q72 -> 0.87305639 | S56: 0.25025463 | T56: 0.35 | V56: 143.63333 | AA56: =M56-J56 -> -342.74774 | AB56: =M56/J56 -> 0.87305639 | AC56: =AB72 -> 0.87305639
B72: 平均 | I72: =AVERAGE(I56:I71) -> 4 | J72: =AVERAGE(J56:J71) -> 2700 | K72: =J72/I72 -> 675 | L72: =AVERAGE(L56:L71) -> 4 | M72: =AVERAGE(M56:M71) -> 2357.2523 | N72: =M72/L72 -> 589.31307 | O72: =L72-I72 -> 0 | P72: =N72-K72 -> -85.686934 | Q72: =N72/K72 -> 0.87305639 | S72: =S56 -> 0.25025463 | T72: =INDEX(T56:T71,COUNTA(T56:T71)) -> 0.35 | AA72: =M72-J72 -> -342.74774 | AB72: =M72/J72 -> 0.87305639
A73: (舊) 3300型飯糰線 | B73: 飯糰 | C73: 一配三杯辣海瓜子飯糰 | E73: 21.45 | F73: 2573 | G73: =E73*F73 -> 55190.85 | I73: 3 | J73: 3300 | K73: =J73/I73 -> 1100 | L73: 3 | M73: =F73/V73*60 -> 2804.3597 | N73: =M73/L73 -> 934.78656 | O73: =L73-I73 -> 0 | P73: =N73-K73 -> -165.21344 | Q73: =N73/K73 -> 0.84980596 | R73: =Q89 -> 0.84980596 | S73: 0.35347222 | T73: 0.39170139 | V73: 55.05 | AA73: =M73-J73 -> -495.64033 | AB73: =M73/J73 -> 0.84980596 | AC73: =AB89 -> 0.84980596
B89: 平均 | I89: =AVERAGE(I73:I88) -> 3 | J89: =AVERAGE(J73:J88) -> 3300 | K89: =J89/I89 -> 1100 | L89: =AVERAGE(L73:L88) -> 3 | M89: =AVERAGE(M73:M88) -> 2804.3597 | N89: =M89/L89 -> 934.78656 | O89: =L89-I89 -> 0 | P89: =N89-K89 -> -165.21344 | Q89: =N89/K89 -> 0.84980596 | S89: =S73 -> 0.35347222 | T89: =INDEX(T73:T88,COUNTA(T73:T88)) -> 0.39170139 | AA89: =M89-J89 -> -495.64033 | AB89: =M89/J89 -> 0.84980596
A90: (新) 3300型飯糰機 | B90: 飯糰 | C90: 一配壹號醬炙烤牛飯糰 | E90: 22.28 | F90: 1551 | G90: =E90*F90 -> 34556.28 | I90: 5 | J90: 3300 | K90: =J90/I90 -> 660 | L90: 5 | M90: =F90/V90*60 -> 2730.3667 | N90: =M90/L90 -> 546.07335 | O90: =L90-I90 -> 0 | P90: =N90-K90 -> -113.92665 | Q90: =N90/K90 -> 0.82738386 | R90: =Q106 -> 0.83963117 | S90: 0.25 | T90: 0.27366898 | V90: 34.083333 | AA90: =M90-J90 -> -569.63325 | AB90: =M90/J90 -> 0.82738386 | AC90: =AB106 -> 0.83963117
B91: 飯糰 | C91: 一配鹽蔥燒肉飯糰 | E91: 17.89 | F91: 3295 | G91: =E91*F91 -> 58947.55 | I91: 4 | J91: 3300 | K91: =J91/I91 -> 825 | L91: 4 | M91: =F91/V91*60 -> 2765.6796 | N91: =M91/L91 -> 691.41991 | O91: =L91-I91 -> 0 | P91: =N91-K91 -> -133.58009 | Q91: =N91/K91 -> 0.83808474 | S91: 0.27777778 | T91: 0.32741898 | U91: 5.9166667 | V91: 71.483333 | AA91: =M91-J91 -> -534.32035 | AB91: =M91/J91 -> 0.83808474
B92: 飯糰 | C92: 一配雞肉飯飯糰 | E92: 16.66 | F92: 5509 | G92: =E92*F92 -> 91779.94 | I92: 4 | J92: 3300 | K92: =J92/I92 -> 825 | L92: 4 | M92: =F92/V92*60 -> 2816.3022 | N92: =M92/L92 -> 704.07555 | O92: =L92-I92 -> 0 | P92: =N92-K92 -> -120.92445 | Q92: =N92/K92 -> 0.85342491 | S92: 0.33263889 | T92: 0.41414352 | U92: 7.5166667 | V92: 117.36667 | AA92: =M92-J92 -> -483.69781 | AB92: =M92/J92 -> 0.85342491
B106: 平均 | I106: =AVERAGE(I90:I105) -> 4.3333333 | J106: =AVERAGE(J90:J105) -> 3300 | K106: =J106/I106 -> 761.53846 | L106: =AVERAGE(L90:L105) -> 4.3333333 | M106: =AVERAGE(M90:M105) -> 2770.7829 | N106: =M106/L106 -> 639.41143 | O106: =L106-I106 -> 0 | P106: =N106-K106 -> -122.12703 | Q106: =N106/K106 -> 0.83963117 | S106: =S90 -> 0.25 | T106: =INDEX(T90:T105,COUNTA(T90:T105)) -> 0.41414352 | AA106: =M106-J106 -> -529.21714 | AB106: =M106/J106 -> 0.83963117
A107: GKK3600型 飯糰機 | B107: 飯糰 | C107: 一配明太子龍蝦風味沙拉飯糰 | E107: 18.18 | F107: 3000 | G107: =E107*F107 -> 54540 | I107: 3 | J107: 3600 | K107: =J107/I107 -> 1200 | L107: 3 | M107: =F107/V107*60 -> 2993.3481 | N107: =M107/L107 -> 997.78271 | O107: =L107-I107 -> 0 | P107: =N107-K107 -> -202.21729 | Q107: =N107/K107 -> 0.83148559 | R107: =Q123 -> 0.8312303 | S107: 0.25 | T107: 0.29175926 | V107: 60.133333 | Y107: GKK飯糰翻轉 3 次 | AA107: =M107-J107 -> -606.65188 | AB107: =M107/J107 -> 0.83148559 | AC107: =AB123 -> 0.8312303
B108: 飯糰 | C108: 一配蔬食鮪魚飯糰 | E108: 18.18 | F108: 4015 | G108: =E108*F108 -> 72992.7 | I108: 3 | J108: 3600 | K108: =J108/I108 -> 1200 | L108: 3 | M108: =F108/V108*60 -> 2990.0703 | N108: =M108/L108 -> 996.69011 | O108: =L108-I108 -> 0 | P108: =N108-K108 -> -203.30989 | Q108: =N108/K108 -> 0.83057509 | S108: 0.3030787 | T108: 0.35902778 | U108: 16.3 | V108: 80.566667 | AA108: =M108-J108 -> -609.92966 | AB108: =M108/J108 -> 0.83057509
B109: 飯糰 | C109: 鮪魚飯糰 | E109: 14.28 | F109: 6999 | G109: =E109*F109 -> 99945.72 | I109: 3 | J109: 3600 | K109: =J109/I109 -> 1200 | L109: 3 | M109: =F109/V109*60 -> 2993.8688 | N109: =M109/L109 -> 997.95627 | O109: =L109-I109 -> 0 | P109: =N109-K109 -> -202.04373 | Q109: =N109/K109 -> 0.83163023 | S109: 0.37291667 | T109: 0.47032407 | U109: 20 | V109: 140.26667 | AA109: =M109-J109 -> -606.13118 | AB109: =M109/J109 -> 0.83163023
B123: 平均 | I123: =AVERAGE(I107:I122) -> 3 | J123: =AVERAGE(J107:J122) -> 3600 | K123: =J123/I123 -> 1200 | L123: =AVERAGE(L107:L122) -> 3 | M123: =AVERAGE(M107:M122) -> 2992.4291 | N123: =M123/L123 -> 997.47636 | O123: =L123-I123 -> 0 | P123: =N123-K123 -> -202.52364 | Q123: =N123/K123 -> 0.8312303 | S123: =S107 -> 0.25 | T123: =INDEX(T107:T122,COUNTA(T107:T122)) -> 0.47032407 | AA123: =M123-J123 -> -607.57091 | AB123: =M123/J123 -> 0.8312303
A124: GKK3600型 飯糰機2 | B124: 飯糰 | C124: 一配北海道秋鮭親子飯糰 | E124: 24.83 | F124: 2435 | G124: =E124*F124 -> 60461.05 | I124: 4 | J124: 3300 | K124: =J124/I124 -> 825 | L124: 4 | M124: =F124/V124*60 -> 2735.1014 | N124: =M124/L124 -> 683.77535 | O124: =L124-I124 -> 0 | P124: =N124-K124 -> -141.22465 | Q124: =N124/K124 -> 0.82881861 | R124: =Q140 -> 0.82897801 | S124: 0.25 | T124: 0.28709491 | V124: 53.416667 | AA124: =M124-J124 -> -564.8986 | AB124: =M124/J124 -> 0.82881861 | AC124: =AB140 -> 0.82897801
B125: 飯糰 | C125: 一配熟成紅鮭飯糰 | E125: 25.03 | F125: 2060 | G125: =E125*F125 -> 51561.8 | I125: 4 | J125: 3300 | K125: =J125/I125 -> 825 | L125: 4 | M125: =F125/V125*60 -> 2728.4768 | N125: =M125/L125 -> 682.11921 | O125: =L125-I125 -> 0 | P125: =N125-K125 -> -142.88079 | Q125: =N125/K125 -> 0.82681116 | S125: 0.29722222 | T125: 0.32868056 | U125: 14.583333 | V125: 45.3 | AA125: =M125-J125 -> -571.52318 | AB125: =M125/J125 -> 0.82681116
B126: 飯糰 | C126: 一配贅沢鮭魚肚飯糰 | E126: 30 | F126: 4231 | G126: =E126*F126 -> 126930 | I126: 3 | J126: 3000 | K126: =J126/I126 -> 1000 | L126: 3 | M126: =F126/V126*60 -> 2490.4513 | N126: =M126/L126 -> 830.15043 | O126: =L126-I126 -> 0 | P126: =N126-K126 -> -169.84957 | Q126: =N126/K126 -> 0.83015043 | S126: 0.34032407 | T126: 0.41111111 | U126: 16.766667 | V126: 101.93333 | Y126: GKK飯糰翻轉 12 次 | AA126: =M126-J126 -> -509.54872 | AB126: =M126/J126 -> 0.83015043
B127: 飯糰 | C127: 一配海老天婦羅飯糰 | E127: 27.91 | F127: 2525 | G127: =E127*F127 -> 70472.75 | I127: 4 | J127: 3000 | K127: =J127/I127 -> 750 | L127: 4 | M127: =F127/V127*60 -> 2491.0935 | N127: =M127/L127 -> 622.77336 | O127: =L127-I127 -> 0 | P127: =N127-K127 -> -127.22664 | Q127: =N127/K127 -> 0.83036448 | S127: 0.42515046 | T127: 0.46738426 | U127: 20.216667 | V127: 60.816667 | Y127: GKK飯糰翻轉 9 次 | AA127: =M127-J127 -> -508.90655 | AB127: =M127/J127 -> 0.83036448
B140: 平均 | I140: =AVERAGE(I124:I139) -> 3.75 | J140: =AVERAGE(J124:J139) -> 3150 | K140: =J140/I140 -> 840 | L140: =AVERAGE(L124:L139) -> 3.75 | M140: =AVERAGE(M124:M139) -> 2611.2807 | N140: =M140/L140 -> 696.34153 | O140: =L140-I140 -> 0 | P140: =N140-K140 -> -143.65847 | Q140: =N140/K140 -> 0.82897801 | S140: =S124 -> 0.25 | T140: =INDEX(T124:T139,COUNTA(T124:T139)) -> 0.46738426 | AA140: =M140-J140 -> -538.71926 | AB140: =M140/J140 -> 0.82897801
A141: 自動包裝機 (二配) | B141: 壽司 | C141: 二配長野稻荷壽司 | E141: 25.64 | F141: 110 | G141: =E141*F141 -> 2820.4 | H141: 2 | I141: 11 | J141: 3000 | K141: =J141/I141 -> 272.72727 | L141: 11 | M141: =F141/V141*60 -> 2554.8387 | N141: =M141/L141 -> 232.25806 | O141: =L141-I141 -> 0 | P141: =N141-K141 -> -40.469208 | Q141: =N141/K141 -> 0.8516129 | R141: =Q157 -> 0.8477628 | S141: 0.70862269 | T141: 0.71041667 | V141: 2.5833333 | AA141: =M141-J141 -> -445.16129 | AB141: =M141/J141 -> 0.8516129 | AC141: =AB157 -> 0.8477628
B142: 壽司 | C142: 二配鮮蝦脆卷 | E142: 27.36 | F142: 1842 | G142: =E142*F142 -> 50397.12 | I142: 6 | J142: 2500 | K142: =J142/I142 -> 416.66667 | L142: 6 | M142: =F142/V142*60 -> 2119.2713 | N142: =M142/L142 -> 353.21189 | O142: =L142-I142 -> 0 | P142: =N142-K142 -> -63.454778 | Q142: =N142/K142 -> 0.84770853 | S142: 0.71319444 | T142: 0.74940972 | U142: 4 | V142: 52.15 | AA142: =M142-J142 -> -380.72867 | AB142: =M142/J142 -> 0.84770853
B143: 壽司 | C143: 二配雙饗雙手卷 | E143: 29.52 | F143: 2286 | G143: =E143*F143 -> 67482.72 | I143: 17 | J143: 3273 | K143: =J143/I143 -> 192.52941 | L143: 17 | M143: =F143/V143*60 -> 2789.6949 | N143: =M143/L143 -> 164.0997 | O143: =L143-I143 -> 0 | P143: =N143-K143 -> -28.429711 | Q143: =N143/K143 -> 0.85233575 | S143: 0.75277778 | T143: 0.7869213 | U143: 4.85 | V143: 49.166667 | AA143: =M143-J143 -> -483.30508 | AB143: =M143/J143 -> 0.85233575
B144: 壽司 | C144: 二配海饌雙手卷 | E144: 29.85 | F144: 2320 | G144: =E144*F144 -> 69252 | I144: 17 | J144: 3273 | K144: =J144/I144 -> 192.52941 | L144: 17 | M144: =F144/V144*60 -> 2791.4439 | N144: =M144/L144 -> 164.20258 | O144: =L144-I144 -> 0 | P144: =N144-K144 -> -28.326832 | Q144: =N144/K144 -> 0.8528701 | S144: 0.79037037 | T144: 0.825 | U144: 4.9666667 | V144: 49.866667 | AA144: =M144-J144 -> -481.55615 | AB144: =M144/J144 -> 0.8528701
B145: 飯糰 | C145: 二配兩粒飯糰(鮪魚&培根蛋沙拉) | E145: 28.57 | F145: 2244 | G145: =E145*F145 -> 64111.08 | I145: 13 | J145: 3600 | K145: =J145/I145 -> 276.92308 | L145: 13 | M145: =F145/V145*60 -> 2994.2179 | N145: =M145/L145 -> 230.32446 | O145: =L145-I145 -> 0 | P145: =N145-K145 -> -46.59862 | Q145: =N145/K145 -> 0.83172721 | S145: 0.82780093 | T145: 0.85902778 | U145: 4.0333333 | V145: 44.966667 | W145: 0.85902778 | X145: 0.9002662 | AA145: =M145-J145 -> -605.78206 | AB145: =M145/J145 -> 0.83172721
B146: 壽司 | C146: 二配長野稻荷壽司 | E146: 25.64 | F146: 2840 | G146: =E146*F146 -> 72817.6 | I146: 11 | J146: 3000 | K146: =J146/I146 -> 272.72727 | L146: 11 | M146: =F146/V146*60 -> 2557.9184 | N146: =M146/L146 -> 232.53804 | O146: =L146-I146 -> 0 | P146: =N146-K146 -> -40.189233 | Q146: =N146/K146 -> 0.85263948 | S146: 0.9002662 | T146: 0.94652778 | U146: 59.383333 | V146: 66.616667 | AA146: =M146-J146 -> -442.08156 | AB146: =M146/J146 -> 0.85263948
B157: 平均 | I157: =AVERAGE(I141:I156) -> 12.5 | J157: =AVERAGE(J141:J156) -> 3107.6667 | K157: =J157/I157 -> 248.61333 | L157: =AVERAGE(L141:L156) -> 12.5 | M157: =AVERAGE(M141:M156) -> 2634.5642 | N157: =M157/L157 -> 210.76514 | O157: =L157-I157 -> 0 | P157: =N157-K157 -> -37.848198 | Q157: =N157/K157 -> 0.8477628 | S157: =S141 -> 0.70862269 | T157: =INDEX(T141:T156,COUNTA(T141:T156)) -> 0.94652778 | AA157: =M157-J157 -> -473.10247 | AB157: =M157/J157 -> 0.8477628
A158: 味付飯糰線B (二配) | B158: 飯糰 | C158: 二配經典肉鬆飯糰 | E158: 14.03 | F158: 9670 | G158: =E158*F158 -> 135670.1 | I158: 4 | J158: 2700 | K158: =J158/I158 -> 675 | L158: 4 | M158: =F158/V158*60 -> 2395.8706 | N158: =M158/L158 -> 598.96765 | O158: =L158-I158 -> 0 | P158: =N158-K158 -> -76.032347 | Q158: =N158/K158 -> 0.88735949 | R158: =Q174 -> 0.88735949 | S158: 0.70833333 | T158: 0.87650463 | V158: 242.16667 | AA158: =M158-J158 -> -304.12939 | AB158: =M158/J158 -> 0.88735949 | AC158: =AB174 -> 0.88735949
B174: 平均 | I174: =AVERAGE(I158:I173) -> 4 | J174: =AVERAGE(J158:J173) -> 2700 | K174: =J174/I174 -> 675 | L174: =AVERAGE(L158:L173) -> 4 | M174: =AVERAGE(M158:M173) -> 2395.8706 | N174: =M174/L174 -> 598.96765 | O174: =L174-I174 -> 0 | P174: =N174-K174 -> -76.032347 | Q174: =N174/K174 -> 0.88735949 | S174: =S158 -> 0.70833333 | T174: =INDEX(T158:T173,COUNTA(T158:T173)) -> 0.87650463 | AA174: =M174-J174 -> -304.12939 | AB174: =M174/J174 -> 0.88735949
A175: (舊) 3300型飯糰線 (二配) | B175: 飯糰 | C175: 二配大飯糰椒香鮪魚 | E175: 24.15 | F175: 1247 | G175: =E175*F175 -> 30115.05 | I175: 4 | J175: 3000 | K175: =J175/I175 -> 750 | L175: 4 | M175: =F175/V175*60 -> 2481.592 | N175: =M175/L175 -> 620.39801 | O175: =L175-I175 -> 0 | P175: =N175-K175 -> -129.60199 | Q175: =N175/K175 -> 0.82719735 | R175: =Q191 -> 0.83842985 | S175: 0.70833333 | T175: 0.72927083 | V175: 30.15 | AA175: =M175-J175 -> -518.40796 | AB175: =M175/J175 -> 0.82719735 | AC175: =AB191 -> 0.83842985
B176: 飯糰 | C176: 二配大飯糰春川風味辣炒雞 | E176: 24.15 | F176: 1604 | G176: =E176*F176 -> 38736.6 | I176: 4 | J176: 3000 | K176: =J176/I176 -> 750 | L176: 4 | M176: =F176/V176*60 -> 2496.4981 | N176: =M176/L176 -> 624.12451 | O176: =L176-I176 -> 0 | P176: =N176-K176 -> -125.87549 | Q176: =N176/K176 -> 0.83216602 | S176: 0.73364583 | T176: 0.76041667 | U176: 6.3 | V176: 38.55 | AA176: =M176-J176 -> -503.50195 | AB176: =M176/J176 -> 0.83216602
B177: 飯糰 | C177: 二配大飯糰韓式炸雞 | E177: 27.58 | F177: 1882 | G177: =E177*F177 -> 51905.56 | I177: 4 | J177: 3000 | K177: =J177/I177 -> 750 | L177: 4 | M177: =F177/V177*60 -> 2484.4884 | N177: =M177/L177 -> 621.12211 | O177: =L177-I177 -> 0 | P177: =N177-K177 -> -128.87789 | Q177: =N177/K177 -> 0.82816282 | S177: 0.76527778 | T177: 0.79684028 | U177: 7 | V177: 45.45 | AA177: =M177-J177 -> -515.51155 | AB177: =M177/J177 -> 0.82816282
B178: 飯糰 | C178: 二配油蔥G絲飯糰 | E178: 18.18 | F178: 934 | G178: =E178*F178 -> 16980.12 | H178: 2 | I178: 4 | J178: 3300 | K178: =J178/I178 -> 825 | L178: 4 | M178: =F178/V178*60 -> 2806.6778 | N178: =M178/L178 -> 701.66945 | O178: =L178-I178 -> 0 | P178: =N178-K178 -> -123.33055 | Q178: =N178/K178 -> 0.85050842 | S178: 0.80141204 | T178: 0.81527778 | U178: 6.5833333 | V178: 19.966667 | AA178: =M178-J178 -> -493.3222 | AB178: =M178/J178 -> 0.85050842
B179: 飯糰 | C179: 二配壹號醬炙烤牛飯糰 | E179: 22.28 | F179: 1889 | G179: =E179*F179 -> 42086.92 | I179: 5 | J179: 3300 | K179: =J179/I179 -> 660 | L179: 5 | M179: =F179/V179*60 -> 2767.7656 | N179: =M179/L179 -> 553.55311 | O179: =L179-I179 -> 0 | P179: =N179-K179 -> -106.44689 | Q179: =N179/K179 -> 0.83871684 | S179: 0.82017361 | T179: 0.84861111 | U179: 7.05 | V179: 40.95 | W179: 0.84861111 | X179: 0.88680556 | AA179: =M179-J179 -> -532.23443 | AB179: =M179/J179 -> 0.83871684
B180: 飯糰 | C180: 二配油蔥G絲飯糰 | E180: 18.18 | F180: 2114 | G180: =E180*F180 -> 38432.52 | I180: 4 | J180: 3300 | K180: =J180/I180 -> 825 | L180: 4 | M180: =F180/V180*60 -> 2809.3023 | N180: =M180/L180 -> 702.32558 | O180: =L180-I180 -> 0 | P180: =N180-K180 -> -122.67442 | Q180: =N180/K180 -> 0.85130374 | S180: 0.88680556 | T180: 0.91815972 | U180: 55 | V180: 45.15 | AA180: =M180-J180 -> -490.69767 | AB180: =M180/J180 -> 0.85130374
B191: 平均 | I191: =AVERAGE(I175:I190) -> 4.1666667 | J191: =AVERAGE(J175:J190) -> 3150 | K191: =J191/I191 -> 756 | L191: =AVERAGE(L175:L190) -> 4.1666667 | M191: =AVERAGE(M175:M190) -> 2641.054 | N191: =M191/L191 -> 633.85297 | O191: =L191-I191 -> 0 | P191: =N191-K191 -> -122.14703 | Q191: =N191/K191 -> 0.83842985 | S191: =S175 -> 0.70833333 | T191: =INDEX(T175:T190,COUNTA(T175:T190)) -> 0.91815972 | AA191: =M191-J191 -> -508.94596 | AB191: =M191/J191 -> 0.83842985
A192: (新) 3300型飯糰機 (二配) | B192: 飯糰 | C192: 二配鹽蔥燒肉飯糰 | E192: 17.89 | F192: 5739 | G192: =E192*F192 -> 102670.71 | I192: 4 | J192: 3300 | K192: =J192/I192 -> 825 | L192: 4 | M192: =F192/V192*60 -> 2800.2711 | N192: =M192/L192 -> 700.06777 | O192: =L192-I192 -> 0 | P192: =N192-K192 -> -124.93223 | Q192: =N192/K192 -> 0.84856699 | R192: =Q208 -> 0.84108403 | S192: 0.70844907 | T192: 0.79384259 | V192: 122.96667 | AA192: =M192-J192 -> -499.72892 | AB192: =M192/J192 -> 0.84856699 | AC192: =AB208 -> 0.84108403
B193: 飯糰 | C193: 二配雞肉飯飯糰 | E193: 16.66 | F193: 3655 | G193: =E193*F193 -> 60892.3 | H193: 2 | I193: 4 | J193: 3300 | K193: =J193/I193 -> 825 | L193: 4 | M193: =F193/V193*60 -> 2761.3851 | N193: =M193/L193 -> 690.34627 | O193: =L193-I193 -> 0 | P193: =N193-K193 -> -134.65373 | Q193: =N193/K193 -> 0.83678336 | S193: 0.79861111 | T193: 0.85376157 | U193: 6.8666667 | V193: 79.416667 | W193: 0.85376157 | X193: 0.89400463 | AA193: =M193-J193 -> -538.6149 | AB193: =M193/J193 -> 0.83678336
B194: 飯糰 | C194: 二配雞肉飯飯糰 | E194: 16.66 | F194: 5375 | G194: =E194*F194 -> 89547.5 | I194: 4 | J194: 3300 | K194: =J194/I194 -> 825 | L194: 4 | M194: =F194/V194*60 -> 2765.0757 | N194: =M194/L194 -> 691.26893 | O194: =L194-I194 -> 0 | P194: =N194-K194 -> -133.73107 | Q194: =N194/K194 -> 0.83790174 | S194: 0.89400463 | T194: 0.975 | U194: 57.95 | V194: 116.63333 | AA194: =M194-J194 -> -534.92426 | AB194: =M194/J194 -> 0.83790174
B208: 平均 | I208: =AVERAGE(I192:I207) -> 4 | J208: =AVERAGE(J192:J207) -> 3300 | K208: =J208/I208 -> 825 | L208: =AVERAGE(L192:L207) -> 4 | M208: =AVERAGE(M192:M207) -> 2775.5773 | N208: =M208/L208 -> 693.89433 | O208: =L208-I208 -> 0 | P208: =N208-K208 -> -131.10567 | Q208: =N208/K208 -> 0.84108403 | S208: =S192 -> 0.70844907 | T208: =INDEX(T192:T207,COUNTA(T192:T207)) -> 0.975 | AA208: =M208-J208 -> -524.4227 | AB208: =M208/J208 -> 0.84108403
A209: GKK3600型 飯糰機 (二配) | B209: 飯糰 | C209: 二配蔬食鮪魚飯糰 | E209: 18.18 | F209: 2982 | G209: =E209*F209 -> 54212.76 | I209: 3 | J209: 3600 | K209: =J209/I209 -> 1200 | L209: 3 | M209: =F209/V209*60 -> 2988.6414 | N209: =M209/L209 -> 996.21381 | O209: =L209-I209 -> 0 | P209: =N209-K209 -> -203.78619 | Q209: =N209/K209 -> 0.83017817 | R209: =Q225 -> 0.8318161 | S209: 0.70842593 | T209: 0.75 | V209: 59.866667 | AA209: =M209-J209 -> -611.35857 | AB209: =M209/J209 -> 0.83017817 | AC209: =AB225 -> 0.8318161
B210: 飯糰 | C210: 二配鮪魚飯糰 | E210: 14.28 | F210: 6380 | G210: =E210*F210 -> 91106.4 | H210: 2 | I210: 3 | J210: 3600 | K210: =J210/I210 -> 1200 | L210: 3 | M210: =F210/V210*60 -> 2998.4334 | N210: =M210/L210 -> 999.47781 | O210: =L210-I210 -> 0 | P210: =N210-K210 -> -200.52219 | Q210: =N210/K210 -> 0.83289817 | S210: 0.76203704 | T210: 0.85069444 | U210: 17.333333 | V210: 127.66667 | W210: 0.85069444 | X210: 0.90833333 | Y210: GKK飯糰翻轉 15 次 | AA210: =M210-J210 -> -601.56658 | AB210: =M210/J210 -> 0.83289817
B211: 飯糰 | C211: 二配鮪魚飯糰 | E211: 14.28 | F211: 4762 | G211: =E211*F211 -> 68001.36 | I211: 3 | J211: 3600 | K211: =J211/I211 -> 1200 | L211: 3 | M211: =F211/V211*60 -> 2996.5391 | N211: =M211/L211 -> 998.84636 | O211: =L211-I211 -> 0 | P211: =N211-K211 -> -201.15364 | Q211: =N211/K211 -> 0.83237196 | S211: 0.90833333 | T211: 0.97454861 | U211: 83 | V211: 95.35 | AA211: =M211-J211 -> -603.46093 | AB211: =M211/J211 -> 0.83237196
B225: 平均 | I225: =AVERAGE(I209:I224) -> 3 | J225: =AVERAGE(J209:J224) -> 3600 | K225: =J225/I225 -> 1200 | L225: =AVERAGE(L209:L224) -> 3 | M225: =AVERAGE(M209:M224) -> 2994.538 | N225: =M225/L225 -> 998.17932 | O225: =L225-I225 -> 0 | P225: =N225-K225 -> -201.82068 | Q225: =N225/K225 -> 0.8318161 | S225: =S209 -> 0.70842593 | T225: =INDEX(T209:T224,COUNTA(T209:T224)) -> 0.97454861 | AA225: =M225-J225 -> -605.46203 | AB225: =M225/J225 -> 0.8318161
A226: GKK3600型 飯糰機2 (二配) | B226: 飯糰 | C226: 二配明太子龍蝦風味沙拉飯糰 | E226: 18.18 | F226: 1216 | G226: =E226*F226 -> 22106.88 | H226: 2 | I226: 3 | J226: 3600 | K226: =J226/I226 -> 1200 | L226: 3 | M226: =F226/V226*60 -> 2967.8644 | N226: =M226/L226 -> 989.28814 | O226: =L226-I226 -> 0 | P226: =N226-K226 -> -210.71186 | Q226: =N226/K226 -> 0.82440678 | R226: =Q242 -> 0.82654005 | S226: 0.70862269 | T226: 0.72569444 | V226: 24.583333 | Y226: GKK飯糰翻轉 22 次 | AA226: =M226-J226 -> -632.13559 | AB226: =M226/J226 -> 0.82440678 | AC226: =AB242 -> 0.82654005
B227: 飯糰 | C227: 二配北海道秋鮭親子飯糰 | E227: 24.83 | F227: 971 | G227: =E227*F227 -> 24109.93 | H227: 2 | I227: 4 | J227: 3300 | K227: =J227/I227 -> 825 | L227: 4 | M227: =F227/V227*60 -> 2724.5518 | N227: =M227/L227 -> 681.13796 | O227: =L227-I227 -> 0 | P227: =N227-K227 -> -143.86204 | Q227: =N227/K227 -> 0.82562177 | S227: 0.73819444 | T227: 0.75304398 | U227: 18 | V227: 21.383333 | Y227: GKK飯糰翻轉 9 次 | AA227: =M227-J227 -> -575.44817 | AB227: =M227/J227 -> 0.82562177
B228: 飯糰 | C228: 二配芝麻香鬆飯糰 | E228: 18.18 | F228: 2774 | G228: =E228*F228 -> 50431.32 | I228: 4 | J228: 3000 | K228: =J228/I228 -> 750 | L228: 4 | M228: =F228/V228*60 -> 2499.7247 | N228: =M228/L228 -> 624.93116 | O228: =L228-I228 -> 0 | P228: =N228-K228 -> -125.06884 | Q228: =N228/K228 -> 0.83324155 | S228: 0.76417824 | T228: 0.81041667 | U228: 16.033333 | V228: 66.583333 | AA228: =M228-J228 -> -500.27534 | AB228: =M228/J228 -> 0.83324155
B229: 飯糰 | C229: 二配熟成紅鮭飯糰 | E229: 25.03 | F229: 2421 | G229: =E229*F229 -> 60597.63 | I229: 4 | J229: 3300 | K229: =J229/I229 -> 825 | L229: 4 | M229: =F229/V229*60 -> 2721.074 | N229: =M229/L229 -> 680.2685 | O229: =L229-I229 -> 0 | P229: =N229-K229 -> -144.7315 | Q229: =N229/K229 -> 0.82456788 | S229: 0.82013889 | T229: 0.85721065 | U229: 14 | V229: 53.383333 | W229: 0.85721065 | X229: 0.90902778 | AA229: =M229-J229 -> -578.92601 | AB229: =M229/J229 -> 0.82456788
B230: 飯糰 | C230: 二配北海道秋鮭親子飯糰 | E230: 24.83 | F230: 2139 | G230: =E230*F230 -> 53111.37 | I230: 4 | J230: 3300 | K230: =J230/I230 -> 825 | L230: 4 | M230: =F230/V230*60 -> 2728.703 | N230: =M230/L230 -> 682.17576 | O230: =L230-I230 -> 0 | P230: =N230-K230 -> -142.82424 | Q230: =N230/K230 -> 0.82687971 | S230: 0.90902778 | T230: 0.94168981 | U230: 74.616667 | V230: 47.033333 | AA230: =M230-J230 -> -571.29695 | AB230: =M230/J230 -> 0.82687971
B231: 飯糰 | C231: 二配明太子龍蝦風味沙拉飯糰 | E231: 18.18 | F231: 3045 | G231: =E231*F231 -> 55358.1 | I231: 3 | J231: 3600 | K231: =J231/I231 -> 1200 | L231: 3 | M231: =F231/V231*60 -> 2971.537 | N231: =M231/L231 -> 990.51233 | O231: =L231-I231 -> 0 | P231: =N231-K231 -> -209.48767 | Q231: =N231/K231 -> 0.82542694 | S231: 0.95277778 | T231: 0.99547454 | U231: 15.966667 | V231: 61.483333 | AA231: =M231-J231 -> -628.463 | AB231: =M231/J231 -> 0.82542694
