Workbook

Sheet 1130
B1: 屏榮 大溪廠組合室生產人時性分析
B3: 日期 | C3: 114.11.30星期日 | E3: 訂單量 | F3: ='1130(18度C)'!D1+'1130(4度C)'!D1 -> 237755 | H3: 營業額 | I3: ='1130(18度C)'!F1+'1130(4度C)'!F1 -> 8105674
B4: 人時性 | C4: 項目 | E4: ➀ | G4: ➁ | I4: ➂ | K4: ④ | M4: ⑤
C5: 組合室 | E5: 全溫層 | G5: 4度C-各編組展開(一配) | I5: 4度C-各編組展開(二配) | K5: 18度C-各編組展開(一配) | M5: 18度C-各編組展開(二配)
C6: 排關平均 | E6: =AVERAGE(D13:O13,D27:X27) -> 454.74092 | F6: =AVERAGE(#REF!,D13:K13) -> #REF! | G6: =AVERAGE(D13:K13) -> 181.84724 | I6: =AVERAGE(L13:O13) -> 95.202399 | K6: =AVERAGE(D27:O27) -> 594.4684 | M6: =AVERAGE(P27:X27) -> 784.98901
C7: 實績平均 | E7: =AVERAGE(D14:O14,D28:X28) -> 401.34972 | F7: =AVERAGE(#REF!,D14:K14) -> #REF! | G7: =AVERAGE(D14:K14) -> 161.4328 | I7: =AVERAGE(L14:O14) -> 84.189588 | K7: =AVERAGE(D28:O28) -> 523.95256 | M7: =AVERAGE(P28:X28) -> 692.45348
C8: 達成率平均 | E8: =AVERAGE(D15:O15,D29:X29) -> 0.88306846 | F8: =AVERAGE(D15:K15,#REF!) -> #REF! | G8: =AVERAGE(D15:K15) -> 0.88642017 | I8: =AVERAGE(L15:O15) -> 0.88434298 | K8: =AVERAGE(D29:O29) -> 0.88050751 | M8: =AVERAGE(P29:X29) -> 0.88145158 | O8: ※現行日本鮮食廠以達成率80%為基本(即為現行KPI)
B10: 溫層 | D10: ➁4度C-各編組展開 | L10: ➂4度C-各編組展開
B11: 編組 | D11: 1 | E11: 2 | F11: 3 | G11: 4 | H11: 5 | I11: 6 | J11: 7 | K11: 8 | L11: 1 | M11: 2 | N11: 3 | O11: 4
D12: 便當一線 | E12: 便當二線 | F12: 涼麵一線 | G12: 涼麵二線 | H12: 涼麵三線 | I12: 自動包裝機 | J12: 自動包裝機2 | K12: 自動包裝機3 | L12: 便當一線 | M12: 便當二線 | N12: 涼麵一線 | O12: 涼麵二線
B13: 人時性 | C13: 排關 | D13: 120.75472 | E13: 81.300813 | F13: 90.076336 | G13: 92.307692 | H13: 136.36364 | I13: 232.33333 | J13: - | K13: 519.79412 | L13: - | M13: - | N13: 103.44828 | O13: 86.956522
C14: 實績 | D14: 107.27997 | E14: 72.143622 | F14: 79.709674 | G14: 81.605636 | H14: 121.12728 | I14: 204.37716 | J14: - | K14: 463.78628 | L14: - | M14: - | N14: 91.458858 | O14: 76.920318
C15: 達成率 | D15: =D14/D13 -> 0.88841225 | E15: =E14/E13 -> 0.88736655 | F15: =F14/F13 -> 0.88491248 | G15: =G14/G13 -> 0.88406106 | H15: =H14/H13 -> 0.8882667 | I15: =I14/I13 -> 0.87967215 | J15: - | K15: =K14/K13 -> 0.89224996 | L15: - | M15: - | N15: =N14/N13 -> 0.8841023 | O15: =O14/O13 -> 0.88458366
B16: 作業 時間 | C16: 開始 | D16: 0.25 | E16: 0.16666667 | F16: 0.16666667 | G16: 0.16693287 | H16: 0.16666667 | I16: 0.32380787 | J16: - | K16: 0.25 | L16: - | M16: - | N16: 0.70833333 | O16: 0.70833333
C17: 結束 | D17: 0.57777778 | E17: 0.63851852 | F17: 0.63435185 | G17: 0.58476852 | H17: 0.67104167 | I17: 0.57569444 | J17: - | K17: 0.40902778 | L17: - | M17: - | N17: 0.81597222 | O17: 0.85347222
B18: 配置人數 | D18: 17.666667 | E18: 24.6 | F18: 21.833333 | G18: 21.666667 | H18: 19.8 | I18: 13.5 | J18: - | K18: 6.8 | L18: - | M18: - | N18: 19.333333 | O18: 23
B19: 主要應用設備 | D19: L型封口機 | E19: ET-55 | F19: ET-55 | G19: ET-55 | H19: ET-600 | I19: 伺服包裝機 | J19: 伺服包裝機 | K19: 伺服包裝機 | L19: L型封口機 | M19: ET-55 | N19: ET-55 | O19: ET-55
B20: 次要應用設備 | D20: 伺服包裝機 | H20: 伺服包裝機
B21: 備註 | H21: 涼麵+烤飯糰 | I21: 大口飯糰線 | K21: 烤飯糰+手卷
B24: 溫層 | D24: ➃18度C-各編組展開 (一配) | P24: ⑤18度C-各編組展開 (二配)
B25: 編組 | D25: 1 | E25: 2 | F25: 3 | G25: 4 | H25: 5 | I25: 6 | J25: 7 | K25: 8 | L25: 9 | M25: 10 | N25: 11 | O25: 12 | P25: 1 | Q25: 2 | R25: 3 | S25: 4 | T25: 5 | U25: 6 | V25: 7 | W25: 8 | X25: 9
D26: 便當一線 | E26: 涼麵一線 | F26: 涼麵三線 | G26: 自動包裝機 | H26: 自動包裝機2 | I26: 自動包裝機3 | J26: 味付飯糰線B | K26: (舊) 3300型飯糰線 | L26: 3000型飯糰線 | M26: (新) 3300型飯糰機 | N26: GKK3600型 飯糰機 | O26: GKK3600型 飯糰機2 | P26: 自動包裝機 | Q26: 自動包裝機2 | R26: 自動包裝機3 | S26: 味付飯糰線B | T26: (舊) 3300型飯糰線 | U26: 3000型飯糰線 | V26: (新) 3300型飯糰機 | W26: GKK3600型 飯糰機 | X26: GKK3600型 飯糰機2
B27: 人時性 | C27: 排關 | D27: 211.76471 | E27: - | F27: - | G27: 313.04348 | H27: 433.33333 | I27: 416.66667 | J27: - | K27: - | L27: - | M27: 776.47059 | N27: 1150 | O27: 860 | P27: 285.71429 | Q27: - | R27: - | S27: - | T27: 795 | U27: - | V27: 825 | W27: 969.23077 | X27: 1050
C28: 實績 | D28: 183.32756 | E28: - | F28: - | G28: 271.80238 | H28: 384.74488 | I28: 372 | J28: - | K28: - | L28: - | M28: 693.25744 | N28: 1000.537 | O28: 761.99868 | P28: 249.25944 | Q28: - | R28: - | S28: - | T28: 706.75395 | U28: - | V28: 734.92773 | W28: 857.45836 | X28: 913.86794
C29: 達成率 | D29: =D28/D27 -> 0.86571348 | E29: - | F29: - | G29: =G28/G27 -> 0.86825761 | H29: =H28/H27 -> 0.88787279 | I29: =I28/I27 -> 0.8928 | J29: - | K29: - | L29: - | M29: =M28/M27 -> 0.89283155 | N29: =N28/N27 -> 0.87003215 | O29: =O28/O27 -> 0.88604498 | P29: =P28/P27 -> 0.87240804 | Q29: - | R29: - | S29: - | T29: =T28/T27 -> 0.88899868 | U29: - | V29: =V28/V27 -> 0.89082149 | W29: =W28/W27 -> 0.88467926 | X29: =X28/X27 -> 0.87035042
B30: 作業 時間 | C30: 開始 | D30: 0.37322917 | E30: - | F30: - | G30: 0.25 | H30: 0.25 | I30: 0.4125 | J30: - | K30: - | L30: - | M30: 0.25 | N30: 0.16666667 | O30: 0.25028935 | P30: 0.70841435 | Q30: - | R30: - | S30: - | T30: 0.70837963 | U30: - | V30: 0.70833333 | W30: 0.70833333 | X30: 0.70862269
C31: 結束 | D31: 0.44126157 | E31: - | F31: - | G31: 0.32013889 | H31: 0.33556713 | I31: 0.43622685 | J31: - | K31: - | L31: - | M31: 0.45208333 | N31: 0.43780093 | O31: 0.41319444 | P31: 0.83707176 | Q31: - | R31: - | S31: - | T31: 0.89097222 | U31: - | V31: 0.92152778 | W31: 1.0270833 | X31: 1.0263889
B32: 配置人數 | D32: 17 | E32: - | F32: - | G32: 11.5 | H32: 6 | I32: 6 | J32: - | K32: - | L32: - | M32: 4.25 | N32: 3 | O32: 3.75 | P32: 12.6 | Q32: - | R32: - | S32: - | T32: 4 | U32: - | V32: 4 | W32: 3.25 | X32: 3.3333333
B33: 主要應用設備 | D33: 伺服包裝機 | E33: ET-55 | F33: ET-600 | G33: 夾心型 | H33: 伺服包裝機 | I33: 伺服包裝機 | J33: 夾心型 | K33: 3300型 | L33: 3300型 | M33: 3300型 | N33: GKK | O33: GKK | P33: 夾心型 | Q33: 伺服包裝機 | R33: 伺服包裝機 | S33: 夾心型 | T33: 3300型 | U33: 3300型 | V33: 3300型 | W33: GKK | X33: GKK
B34: 次要應用設備
B35: 備註

Sheet 1130(18度C)
A1: 大溪廠日報分析 | C1: 總生產量 | D1: =SUM(F5:F208) -> 122280 | E1: 營業額 | F1: =SUM(G5:G208) -> 2410274.9 | G1: 出勤人數 | H1: =L21+L38+L55+L72+L89+L106+L123+L140+L157+L174+L191+L208 -> 78.683333 | I1: 產線配置圖 | L1: 生產實績 | O1: 人時性差異分析 | S1: 日報登錄 | Y1: 分析說明 | AA1: 產能差異分析
A2: 45991 | C2: 人時性 | D2: =AVERAGE(N21,N38,N55,N72,N89,N106,N123,N140,N157,N174,N191,N208) -> 594.16128 | E2: 平均廠價 | F2: =F1/D1 -> 19.711113 | G2: 多次生產數 | H2: =COUNT(H5:H208) -> 3
A3: 線別 | B3: 品類 | C3: 品名 | E3: 廠價 | F3: 生產量 | G3: 營收 | H3: 多次 生產 | I3: 人數 | J3: 產能/時 | K3: 人時性 | L3: 人數 | M3: 產能/時 | N3: 人時性 | O3: 人數 | P3: 人時性 | Q3: 達成率 | R3: 達成率 平均 | S3: 生產時間 | U3: 換線、休息/分 | V3: 稼動時間/分 | W3: 休息時間 | Y3: (屏榮回填) | AA3: 產能/時 | AB3: 達成率 | AC3: 達成率平均
S4: 開始 | T4: 結束 | W4: 開始 | X4: 結束
A5: 便當一線 | B5: 18℃-壽司手卷 | C5: 一配海饌雙手卷 | E5: 29.85 | F5: 2471 | G5: =E5*F5 -> 73759.35 | I5: 17 | J5: 3600 | K5: =J5/I5 -> 211.76471 | L5: 17 | M5: =F5/V5*60 -> 3117.9811 | N5: =M5/L5 -> 183.41065 | O5: =L5-I5 -> 0 | P5: =N5-K5 -> -28.354055 | Q5: =N5/K5 -> 0.86610585 | R5: =Q21 -> 0.86571348 | S5: 0.37322917 | T5: 0.40625 | U5: 5.1 | V5: 47.55 | AA5: =M5-J5 -> -482.01893 | AB5: =M5/J5 -> 0.86610585 | AC5: =AB21 -> 0.86571348
B6: 18℃-壽司手卷 | C6: 一配雙饗雙手卷 | E6: 29.52 | F6: 2358 | G6: =E6*F6 -> 69608.16 | I6: 17 | J6: 3600 | K6: =J6/I6 -> 211.76471 | L6: 17 | M6: =F6/V6*60 -> 3115.156 | N6: =M6/L6 -> 183.24447 | O6: =L6-I6 -> 0 | P6: =N6-K6 -> -28.520237 | Q6: =N6/K6 -> 0.8653211 | S6: 0.40972222 | T6: 0.44126157 | U6: 5 | V6: 45.416667 | AA6: =M6-J6 -> -484.84404 | AB6: =M6/J6 -> 0.8653211
B21: 平均 | I21: =AVERAGE(I5:I20) -> 17 | J21: =AVERAGE(J5:J20) -> 3600 | K21: =J21/I21 -> 211.76471 | L21: =AVERAGE(L5:L20) -> 17 | M21: =AVERAGE(M5:M20) -> 3116.5685 | N21: =M21/L21 -> 183.32756 | O21: =L21-I21 -> 0 | P21: =N21-K21 -> -28.437146 | Q21: =N21/K21 -> 0.86571348 | S21: =S5 -> 0.37322917 | T21: =INDEX(T5:T20,COUNTA(T5:T20)) -> 0.44126157 | AA21: =M21-J21 -> -483.43148 | AB21: =M21/J21 -> 0.86571348
A22: 自動包裝機 | B22: 18℃-壽司手卷 | C22: 一配長野稻荷壽司 | E22: 25.64 | F22: 1527 | G22: =E22*F22 -> 39152.28 | I22: 11 | J22: 3600 | K22: =J22/I22 -> 327.27273 | L22: 11 | M22: =F22/V22*60 -> 3144.8513 | N22: =M22/L22 -> 285.89557 | O22: =L22-I22 -> 0 | P22: =N22-K22 -> -41.377158 | Q22: =N22/K22 -> 0.87356979 | R22: =Q38 -> 0.86825761 | S22: 0.25 | T22: 0.27023148 | V22: 29.133333 | AA22: =M22-J22 -> -455.14874 | AB22: =M22/J22 -> 0.87356979 | AC22: =AB38 -> 0.86825761
B23: 18℃-飯糰 | C23: 一配兩粒飯糰(鮪魚.焦糖鮭魚) | E23: 28.57 | F23: 3463 | G23: =E23*F23 -> 98937.91 | I23: 12 | J23: 3600 | K23: =J23/I23 -> 300 | L23: 12 | M23: =F23/V23*60 -> 3106.6035 | N23: =M23/L23 -> 258.88363 | O23: =L23-I23 -> 0 | P23: =N23-K23 -> -41.116372 | Q23: =N23/K23 -> 0.86294543 | S23: 0.27369213 | T23: 0.32013889 | U23: 4.9833333 | V23: 66.883333 | AA23: =M23-J23 -> -493.39646 | AB23: =M23/J23 -> 0.86294543
B38: 平均 | I38: =AVERAGE(I22:I37) -> 11.5 | J38: =AVERAGE(J22:J37) -> 3600 | K38: =J38/I38 -> 313.04348 | L38: =AVERAGE(L22:L37) -> 11.5 | M38: =AVERAGE(M22:M37) -> 3125.7274 | N38: =M38/L38 -> 271.80238 | O38: =L38-I38 -> 0 | P38: =N38-K38 -> -41.241096 | Q38: =N38/K38 -> 0.86825761 | S38: =S22 -> 0.25 | T38: =INDEX(T22:T37,COUNTA(T22:T37)) -> 0.32013889 | AA38: =M38-J38 -> -474.2726 | AB38: =M38/J38 -> 0.86825761
A39: 自動包裝機2 | B39: 18℃-壽司手卷 | C39: 一配雙鬆細卷 | E39: 14.03 | F39: 1541 | G39: =E39*F39 -> 21620.23 | I39: 6 | J39: 2600 | K39: =J39/I39 -> 433.33333 | L39: 6 | M39: =F39/V39*60 -> 2309.5754 | N39: =M39/L39 -> 384.92923 | O39: =L39-I39 -> 0 | P39: =N39-K39 -> -48.404108 | Q39: =N39/K39 -> 0.88829821 | R39: =Q55 -> 0.88787279 | S39: 0.25 | T39: 0.27780093 | V39: 40.033333 | AA39: =M39-J39 -> -290.42465 | AB39: =M39/J39 -> 0.88829821 | AC39: =AB55 -> 0.88787279
B40: 18℃-壽司手卷 | C40: 一配香濃起司蟹風味棒細卷 | E40: 17.73 | F40: 1252 | G40: =E40*F40 -> 22197.96 | I40: 6 | J40: 2600 | K40: =J40/I40 -> 433.33333 | L40: 6 | M40: =F40/V40*60 -> 2307.8341 | N40: =M40/L40 -> 384.63902 | O40: =L40-I40 -> 0 | P40: =N40-K40 -> -48.694316 | Q40: =N40/K40 -> 0.8876285 | S40: 0.2815625 | T40: 0.30416667 | U40: 5.4166667 | V40: 32.55 | AA40: =M40-J40 -> -292.1659 | AB40: =M40/J40 -> 0.8876285
B41: 18℃-壽司手卷 | C41: 一配經典鮪魚沙拉細卷 | E41: 14.49 | F41: 1547 | G41: =E41*F41 -> 22416.03 | I41: 6 | J41: 2600 | K41: =J41/I41 -> 433.33333 | L41: 6 | M41: =F41/V41*60 -> 2307.9983 | N41: =M41/L41 -> 384.66639 | O41: =L41-I41 -> 0 | P41: =N41-K41 -> -48.666943 | Q41: =N41/K41 -> 0.88769167 | S41: 0.30763889 | T41: 0.33556713 | U41: 5 | V41: 40.216667 | AA41: =M41-J41 -> -292.00166 | AB41: =M41/J41 -> 0.88769167
B55: 平均 | I55: =AVERAGE(I39:I54) -> 6 | J55: =AVERAGE(J39:J54) -> 2600 | K55: =J55/I55 -> 433.33333 | L55: =AVERAGE(L39:L54) -> 6 | M55: =AVERAGE(M39:M54) -> 2308.4693 | N55: =M55/L55 -> 384.74488 | O55: =L55-I55 -> 0 | P55: =N55-K55 -> -48.588456 | Q55: =N55/K55 -> 0.88787279 | S55: =S39 -> 0.25 | T55: =INDEX(T39:T54,COUNTA(T39:T54)) -> 0.33556713 | AA55: =M55-J55 -> -291.53073 | AB55: =M55/J55 -> 0.88787279
A56: 自動包裝機3 | B56: 18℃-壽司手卷 | C56: 一配明太子玉子脆卷 | E56: 19.7 | F56: 1271 | G56: =E56*F56 -> 25038.7 | I56: 6 | J56: 2500 | K56: =J56/I56 -> 416.66667 | L56: 6 | M56: =F56/V56*60 -> 2232 | N56: =M56/L56 -> 372 | O56: =L56-I56 -> 0 | P56: =N56-K56 -> -44.666667 | Q56: =N56/K56 -> 0.8928 | R56: =Q72 -> 0.8928 | S56: 0.4125 | T56: 0.43622685 | U56: 5 | V56: 34.166667 | AA56: =M56-J56 -> -268 | AB56: =M56/J56 -> 0.8928 | AC56: =AB72 -> 0.8928
B72: 平均 | I72: =AVERAGE(I56:I71) -> 6 | J72: =AVERAGE(J56:J71) -> 2500 | K72: =J72/I72 -> 416.66667 | L72: =AVERAGE(L56:L71) -> 6 | M72: =AVERAGE(M56:M71) -> 2232 | N72: =M72/L72 -> 372 | O72: =L72-I72 -> 0 | P72: =N72-K72 -> -44.666667 | Q72: =N72/K72 -> 0.8928 | S72: =S56 -> 0.4125 | T72: =INDEX(T56:T71,COUNTA(T56:T71)) -> 0.43622685 | AA72: =M72-J72 -> -268 | AB72: =M72/J72 -> 0.8928
A73: (新) 3300型飯糰機 | B73: 18℃-飯糰 | C73: 一配照燒雞肉飯糰 | E73: 21.45 | F73: 2660 | G73: =E73*F73 -> 57057 | I73: 4 | J73: 3300 | K73: =J73/I73 -> 825 | L73: 4 | M73: =F73/V73*60 -> 2950.0924 | N73: =M73/L73 -> 737.52311 | O73: =L73-I73 -> 0 | P73: =N73-K73 -> -87.476895 | Q73: =N73/K73 -> 0.8939674 | R73: =Q89 -> 0.89283155 | S73: 0.25 | T73: 0.28756944 | V73: 54.1 | AA73: =M73-J73 -> -349.90758 | AB73: =M73/J73 -> 0.8939674 | AC73: =AB89 -> 0.89283155
B74: 18℃-飯糰 | C74: 一配壹號醬炙烤牛飯糰 | E74: 22.28 | F74: 1367 | G74: =E74*F74 -> 30456.76 | I74: 5 | J74: 3300 | K74: =J74/I74 -> 660 | L74: 5 | M74: =F74/V74*60 -> 2948.592 | N74: =M74/L74 -> 589.71839 | O74: =L74-I74 -> 0 | P74: =N74-K74 -> -70.281606 | Q74: =N74/K74 -> 0.89351272 | S74: 0.29109954 | T74: 0.31041667 | U74: 5.0833333 | V74: 27.816667 | AA74: =M74-J74 -> -351.40803 | AB74: =M74/J74 -> 0.89351272
B75: 18℃-飯糰 | C75: 一配鹽蔥燒肉飯糰 | E75: 17.89 | F75: 3827 | G75: =E75*F75 -> 68465.03 | I75: 4 | J75: 3300 | K75: =J75/I75 -> 825 | L75: 4 | M75: =F75/V75*60 -> 2946.3644 | N75: =M75/L75 -> 736.5911 | O75: =L75-I75 -> 0 | P75: =N75-K75 -> -88.408896 | Q75: =N75/K75 -> 0.8928377 | S75: 0.31393519 | T75: 0.36805556 | U75: 5.0666667 | V75: 77.933333 | AA75: =M75-J75 -> -353.63559 | AB75: =M75/J75 -> 0.8928377
B76: 18℃-飯糰 | C76: 一配雞肉飯飯糰 | E76: 16.66 | F76: 5683 | G76: =E76*F76 -> 94678.78 | I76: 4 | J76: 3300 | K76: =J76/I76 -> 825 | L76: 4 | M76: =F76/V76*60 -> 2940.3277 | N76: =M76/L76 -> 735.08192 | O76: =L76-I76 -> 0 | P76: =N76-K76 -> -89.91808 | Q76: =N76/K76 -> 0.89100839 | S76: 0.37155093 | T76: 0.45208333 | U76: 5.0333333 | V76: 115.96667 | AA76: =M76-J76 -> -359.67232 | AB76: =M76/J76 -> 0.89100839
B89: 平均 | I89: =AVERAGE(I73:I88) -> 4.25 | J89: =AVERAGE(J73:J88) -> 3300 | K89: =J89/I89 -> 776.47059 | L89: =AVERAGE(L73:L88) -> 4.25 | M89: =AVERAGE(M73:M88) -> 2946.3441 | N89: =M89/L89 -> 693.25744 | O89: =L89-I89 -> 0 | P89: =N89-K89 -> -83.213148 | Q89: =N89/K89 -> 0.89283155 | S89: =S73 -> 0.25 | T89: =INDEX(T73:T88,COUNTA(T73:T88)) -> 0.45208333 | AA89: =M89-J89 -> -353.65588 | AB89: =M89/J89 -> 0.89283155
A90: GKK3600型 飯糰機 | B90: 18℃-飯糰 | C90: 一配蔬食鮪魚飯糰 | E90: 18.18 | F90: 1766 | G90: =E90*F90 -> 32105.88 | I90: 3 | J90: 3600 | K90: =J90/I90 -> 1200 | L90: 3 | M90: =F90/V90*60 -> 3110.3718 | N90: =M90/L90 -> 1036.7906 | O90: =L90-I90 -> 0 | P90: =N90-K90 -> -163.20939 | Q90: =N90/K90 -> 0.86399217 | R90: =Q106 -> 0.87003215 | S90: 0.16666667 | T90: 0.19032407 | V90: 34.066667 | AA90: =M90-J90 -> -489.62818 | AB90: =M90/J90 -> 0.86399217 | AC90: =AB106 -> 0.87003215
B91: 18℃-飯糰 | C91: 一配經典肉鬆飯糰 | E91: 14.03 | F91: 5619 | G91: =E91*F91 -> 78834.57 | I91: 3 | J91: 3000 | K91: =J91/I91 -> 1000 | L91: 3 | M91: =F91/V91*60 -> 2675.0066 | N91: =M91/L91 -> 891.66887 | O91: =L91-I91 -> 0 | P91: =N91-K91 -> -108.33113 | Q91: =N91/K91 -> 0.89166887 | S91: 0.20069444 | T91: 0.28821759 | U91: 14.933333 | V91: 126.03333 | AA91: =M91-J91 -> -324.99339 | AB91: =M91/J91 -> 0.89166887
B92: 18℃-飯糰 | C92: 一配明太子龍蝦風味沙拉飯糰 | E92: 18.18 | F92: 2693 | G92: =E92*F92 -> 48958.74 | I92: 3 | J92: 3600 | K92: =J92/I92 -> 1200 | L92: 3 | M92: =F92/V92*60 -> 3110.2984 | N92: =M92/L92 -> 1036.7661 | O92: =L92-I92 -> 0 | P92: =N92-K92 -> -163.23388 | Q92: =N92/K92 -> 0.86397177 | S92: 0.29864583 | T92: 0.33472222 | U92: 15.016667 | V92: 51.95 | AA92: =M92-J92 -> -489.70164 | AB92: =M92/J92 -> 0.86397177
B93: 18℃-飯糰 | C93: 一配鮪魚飯糰 | E93: 14.28 | F93: 6918 | G93: =E93*F93 -> 98789.04 | I93: 3 | J93: 3600 | K93: =J93/I93 -> 1200 | L93: 3 | M93: =F93/V93*60 -> 3110.7669 | N93: =M93/L93 -> 1036.9223 | O93: =L93-I93 -> 0 | P93: =N93-K93 -> -163.07769 | Q93: =N93/K93 -> 0.86410192 | S93: 0.34513889 | T93: 0.43780093 | U93: 15 | V93: 133.43333 | AA93: =M93-J93 -> -489.23308 | AB93: =M93/J93 -> 0.86410192
B106: 平均 | I106: =AVERAGE(I90:I105) -> 3 | J106: =AVERAGE(J90:J105) -> 3450 | K106: =J106/I106 -> 1150 | L106: =AVERAGE(L90:L105) -> 3 | M106: =AVERAGE(M90:M105) -> 3001.6109 | N106: =M106/L106 -> 1000.537 | O106: =L106-I106 -> 0 | P106: =N106-K106 -> -149.46302 | Q106: =N106/K106 -> 0.87003215 | S106: =S90 -> 0.16666667 | T106: =INDEX(T90:T105,COUNTA(T90:T105)) -> 0.43780093 | AA106: =M106-J106 -> -448.38907 | AB106: =M106/J106 -> 0.87003215
A107: GKK3600型 飯糰機2 | B107: 18℃-飯糰 | C107: 一配博多明太子奶油飯糰 | E107: 25.45 | F107: 1242 | G107: =E107*F107 -> 31608.9 | I107: 4 | J107: 3300 | K107: =J107/I107 -> 825 | L107: 4 | M107: =F107/V107*60 -> 2912.8339 | N107: =M107/L107 -> 728.20847 | O107: =L107-I107 -> 0 | P107: =N107-K107 -> -96.791531 | Q107: =N107/K107 -> 0.88267693 | R107: =Q123 -> 0.88604498 | S107: 0.25028935 | T107: 0.26805556 | V107: 25.583333 | AA107: =M107-J107 -> -387.16612 | AB107: =M107/J107 -> 0.88267693 | AC107: =AB123 -> 0.88604498
B108: 18℃-飯糰 | C108: 一配熟成紅鮭飯糰 | E108: 25.03 | F108: 1871 | G108: =E108*F108 -> 46831.13 | I108: 4 | J108: 3300 | K108: =J108/I108 -> 825 | L108: 4 | M108: =F108/V108*60 -> 2913.3218 | N108: =M108/L108 -> 728.33045 | O108: =L108-I108 -> 0 | P108: =N108-K108 -> -96.66955 | Q108: =N108/K108 -> 0.88282479 | S108: 0.2787963 | T108: 0.30555556 | U108: 15.466667 | V108: 38.533333 | AA108: =M108-J108 -> -386.6782 | AB108: =M108/J108 -> 0.88282479
B109: 18℃-飯糰 | C109: 一配北海道秋鮭親子飯糰 | E109: 24.82 | F109: 2074 | G109: =E109*F109 -> 51476.68 | I109: 4 | J109: 3300 | K109: =J109/I109 -> 825 | L109: 4 | M109: =F109/V109*60 -> 2918.8428 | N109: =M109/L109 -> 729.71071 | O109: =L109-I109 -> 0 | P109: =N109-K109 -> -95.289289 | Q109: =N109/K109 -> 0.88449783 | S109: 0.31622685 | T109: 0.34583333 | U109: 15.366667 | V109: 42.633333 | AA109: =M109-J109 -> -381.15715 | AB109: =M109/J109 -> 0.88449783
B110: 18℃-飯糰 | C110: 一配贅沢鮭魚肚飯糰 | E110: 30 | F110: 3665 | G110: =E110*F110 -> 109950 | I110: 3 | J110: 3000 | K110: =J110/I110 -> 1000 | L110: 3 | M110: =F110/V110*60 -> 2684.9817 | N110: =M110/L110 -> 894.99389 | O110: =L110-I110 -> 0 | P110: =N110-K110 -> -105.00611 | Q110: =N110/K110 -> 0.89499389 | S110: 0.35631944 | T110: 0.41319444 | U110: 15.1 | V110: 81.9 | AA110: =M110-J110 -> -315.01832 | AB110: =M110/J110 -> 0.89499389
B123: 平均 | I123: =AVERAGE(I107:I122) -> 3.75 | J123: =AVERAGE(J107:J122) -> 3225 | K123: =J123/I123 -> 860 | L123: =AVERAGE(L107:L122) -> 3.75 | M123: =AVERAGE(M107:M122) -> 2857.4951 | N123: =M123/L123 -> 761.99868 | O123: =L123-I123 -> 0 | P123: =N123-K123 -> -98.00132 | Q123: =N123/K123 -> 0.88604498 | S123: =S107 -> 0.25028935 | T123: =INDEX(T107:T122,COUNTA(T107:T122)) -> 0.41319444 | AA123: =M123-J123 -> -367.50495 | AB123: =M123/J123 -> 0.88604498
A124: 自動包裝機 (二配) | B124: 18℃-飯糰 | C124: 二配兔兔昆布飯糰 | E124: 13.42 | F124: 155 | G124: =E124*F124 -> 2080.1 | I124: 6 | J124: 3600 | K124: =J124/I124 -> 600 | L124: 6 | M124: =F124/V124*60 -> 3225.4335 | N124: =M124/L124 -> 537.57225 | O124: =L124-I124 -> 0 | P124: =N124-K124 -> -62.427746 | Q124: =N124/K124 -> 0.89595376 | R124: =Q140 -> 0.87240804 | S124: 0.70841435 | T124: 0.71041667 | V124: 2.8833333 | AA124: =M124-J124 -> -374.56647 | AB124: =M124/J124 -> 0.89595376 | AC124: =AB140 -> 0.87240804
B125: 18℃-壽司手卷 | C125: 二配長野稻荷壽司 | E125: 25.64 | F125: 1656 | G125: =E125*F125 -> 42459.84 | I125: 11 | J125: 3600 | K125: =J125/I125 -> 327.27273 | L125: 11 | M125: =F125/V125*60 -> 3142.6463 | N125: =M125/L125 -> 285.69512 | O125: =L125-I125 -> 0 | P125: =N125-K125 -> -41.577611 | Q125: =N125/K125 -> 0.8729573 | S125: 0.71415509 | T125: 0.73611111 | U125: 5.3833333 | V125: 31.616667 | AA125: =M125-J125 -> -457.35372 | AB125: =M125/J125 -> 0.8729573
B126: 18℃-壽司手卷 | C126: 二配雙饗雙手卷 | E126: 29.52 | F126: 2075 | G126: =E126*F126 -> 61254 | I126: 17 | J126: 3600 | K126: =J126/I126 -> 211.76471 | L126: 17 | M126: =F126/V126*60 -> 3113.7974 | N126: =M126/L126 -> 183.16455 | O126: =L126-I126 -> 0 | P126: =N126-K126 -> -28.600152 | Q126: =N126/K126 -> 0.86494373 | S126: 0.73959491 | T126: 0.76736111 | U126: 5.0166667 | V126: 39.983333 | AA126: =M126-J126 -> -486.20258 | AB126: =M126/J126 -> 0.86494373
B127: 18℃-壽司手卷 | C127: 二配海饌雙手卷 | E127: 29.85 | F127: 2171 | G127: =E127*F127 -> 64804.35 | I127: 17 | J127: 3600 | K127: =J127/I127 -> 211.76471 | L127: 17 | M127: =F127/V127*60 -> 3115.0259 | N127: =M127/L127 -> 183.23682 | O127: =L127-I127 -> 0 | P127: =N127-K127 -> -28.527888 | Q127: =N127/K127 -> 0.86528497 | S127: 0.77096065 | T127: 0.8 | U127: 5.1833333 | V127: 41.816667 | AA127: =M127-J127 -> -484.97409 | AB127: =M127/J127 -> 0.86528497
B128: 18℃-飯糰 | C128: 二配兩粒飯糰(鮪魚.焦糖鮭魚) | E128: 28.57 | F128: 2505 | G128: =E128*F128 -> 71567.85 | I128: 12 | J128: 3600 | K128: =J128/I128 -> 300 | L128: 12 | M128: =F128/V128*60 -> 3106.4416 | N128: =M128/L128 -> 258.87013 | O128: =L128-I128 -> 0 | P128: =N128-K128 -> -41.129866 | Q128: =N128/K128 -> 0.86290045 | S128: 0.80347222 | T128: 0.83707176 | U128: 5 | V128: 48.383333 | AA128: =M128-J128 -> -493.55839 | AB128: =M128/J128 -> 0.86290045
B140: 平均 | I140: =AVERAGE(I124:I139) -> 12.6 | J140: =AVERAGE(J124:J139) -> 3600 | K140: =J140/I140 -> 285.71429 | L140: =AVERAGE(L124:L139) -> 12.6 | M140: =AVERAGE(M124:M139) -> 3140.6689 | N140: =M140/L140 -> 249.25944 | O140: =L140-I140 -> 0 | P140: =N140-K140 -> -36.454845 | Q140: =N140/K140 -> 0.87240804 | S140: =S124 -> 0.70841435 | T140: =INDEX(T124:T139,COUNTA(T124:T139)) -> 0.83707176 | AA140: =M140-J140 -> -459.33105 | AB140: =M140/J140 -> 0.87240804
A141: (舊) 3300型飯糰線 (二配) | B141: 18℃-飯糰 | C141: 二配三杯醬爆菇菇飯糰 | E141: 16.7 | F141: 2789 | G141: =E141*F141 -> 46576.3 | I141: 3 | J141: 3300 | K141: =J141/I141 -> 1100 | L141: 3 | M141: =F141/V141*60 -> 2939.2272 | N141: =M141/L141 -> 979.74239 | O141: =L141-I141 -> 0 | P141: =N141-K141 -> -120.25761 | Q141: =N141/K141 -> 0.8906749 | R141: =Q157 -> 0.88899868 | S141: 0.70837963 | T141: 0.74791667 | V141: 56.933333 | AA141: =M141-J141 -> -360.77283 | AB141: =M141/J141 -> 0.8906749 | AC141: =AB157 -> 0.88899868
B142: 18℃-飯糰 | C142: 二配油蔥G絲飯糰 | E142: 18.18 | F142: 1177 | G142: =E142*F142 -> 21397.86 | I142: 4 | J142: 3300 | K142: =J142/I142 -> 825 | L142: 4 | M142: =F142/V142*60 -> 2946.5925 | N142: =M142/L142 -> 736.64812 | O142: =L142-I142 -> 0 | P142: =N142-K142 -> -88.351878 | Q142: =N142/K142 -> 0.89290682 | S142: 0.75141204 | T142: 0.76805556 | U142: 5.0333333 | V142: 23.966667 | AA142: =M142-J142 -> -353.40751 | AB142: =M142/J142 -> 0.89290682
B143: 18℃-飯糰 | C143: 二配壹號醬炙烤牛飯糰 | E143: 22.28 | F143: 1875 | G143: =E143*F143 -> 41775 | I143: 5 | J143: 3300 | K143: =J143/I143 -> 660 | L143: 5 | M143: =F143/V143*60 -> 2941.1765 | N143: =M143/L143 -> 588.23529 | O143: =L143-I143 -> 0 | P143: =N143-K143 -> -71.764706 | Q143: =N143/K143 -> 0.8912656 | S143: 0.77152778 | T143: 0.79809028 | U143: 5 | V143: 38.25 | AA143: =M143-J143 -> -358.82353 | AB143: =M143/J143 -> 0.8912656
B144: 18℃-飯糰 | C144: 二配大飯糰鮪魚昆布 | E144: 22.21 | F144: 1651 | G144: =E144*F144 -> 36668.71 | I144: 4 | J144: 3000 | K144: =J144/I144 -> 750 | L144: 4 | M144: =F144/V144*60 -> 2654.5779 | N144: =M144/L144 -> 663.64448 | O144: =L144-I144 -> 0 | P144: =N144-K144 -> -86.355516 | Q144: =N144/K144 -> 0.88485931 | S144: 0.80138889 | T144: 0.82730324 | U144: 4.75 | V144: 37.316667 | AA144: =M144-J144 -> -345.42206 | AB144: =M144/J144 -> 0.88485931
B145: 18℃-飯糰 | C145: 二配大飯糰韓式蒜烤豬五花 | E145: 24.54 | F145: 3838 | G145: =E145*F145 -> 94184.52 | I145: 4 | J145: 3000 | K145: =J145/I145 -> 750 | L145: 4 | M145: =F145/V145*60 -> 2653.5049 | N145: =M145/L145 -> 663.37622 | O145: =L145-I145 -> 0 | P145: =N145-K145 -> -86.623776 | Q145: =N145/K145 -> 0.88450163 | S145: 0.83070602 | T145: 0.89097222 | U145: 4.9 | V145: 86.783333 | AA145: =M145-J145 -> -346.4951 | AB145: =M145/J145 -> 0.88450163
B157: 平均 | I157: =AVERAGE(I141:I156) -> 4 | J157: =AVERAGE(J141:J156) -> 3180 | K157: =J157/I157 -> 795 | L157: =AVERAGE(L141:L156) -> 4 | M157: =AVERAGE(M141:M156) -> 2827.0158 | N157: =M157/L157 -> 706.75395 | O157: =L157-I157 -> 0 | P157: =N157-K157 -> -88.246052 | Q157: =N157/K157 -> 0.88899868 | S157: =S141 -> 0.70837963 | T157: =INDEX(T141:T156,COUNTA(T141:T156)) -> 0.89097222 | AA157: =M157-J157 -> -352.98421 | AB157: =M157/J157 -> 0.88899868
A158: (新) 3300型飯糰機 (二配) | B158: 18℃-飯糰 | C158: 二配鹽蔥燒肉飯糰 | E158: 17.89 | F158: 5839 | G158: =E158*F158 -> 104459.71 | I158: 4 | J158: 3300 | K158: =J158/I158 -> 825 | L158: 4 | M158: =F158/V158*60 -> 2939.094 | N158: =M158/L158 -> 734.77349 | O158: =L158-I158 -> 0 | P158: =N158-K158 -> -90.22651 | Q158: =N158/K158 -> 0.89063453 | R158: =Q174 -> 0.89082149 | S158: 0.70833333 | T158: 0.79111111 | V158: 119.2 | AA158: =M158-J158 -> -360.90604 | AB158: =M158/J158 -> 0.89063453 | AC158: =AB174 -> 0.89082149
B159: 18℃-飯糰 | C159: 二配雞肉飯飯糰 | E159: 16.66 | F159: 8968 | G159: =E159*F159 -> 149406.88 | I159: 4 | J159: 3300 | K159: =J159/I159 -> 825 | L159: 4 | M159: =F159/V159*60 -> 2940.3279 | N159: =M159/L159 -> 735.08197 | O159: =L159-I159 -> 0 | P159: =N159-K159 -> -89.918033 | Q159: =N159/K159 -> 0.89100845 | S159: 0.79444444 | T159: 0.92152778 | U159: 4.8 | V159: 183 | AA159: =M159-J159 -> -359.67213 | AB159: =M159/J159 -> 0.89100845
B174: 平均 | I174: =AVERAGE(I158:I173) -> 4 | J174: =AVERAGE(J158:J173) -> 3300 | K174: =J174/I174 -> 825 | L174: =AVERAGE(L158:L173) -> 4 | M174: =AVERAGE(M158:M173) -> 2939.7109 | N174: =M174/L174 -> 734.92773 | O174: =L174-I174 -> 0 | P174: =N174-K174 -> -90.072271 | Q174: =N174/K174 -> 0.89082149 | S174: =S158 -> 0.70833333 | T174: =INDEX(T158:T173,COUNTA(T158:T173)) -> 0.92152778 | AA174: =M174-J174 -> -360.28909 | AB174: =M174/J174 -> 0.89082149
A175: GKK3600型 飯糰機 (二配) | B175: 18℃-飯糰 | C175: 二配經典肉鬆飯糰 | E175: 14.03 | F175: 1536 | G175: =E175*F175 -> 21550.08 | H175: 2 | I175: 3 | J175: 3000 | K175: =J175/I175 -> 1000 | L175: 3 | M175: =F175/V175*60 -> 2679.0698 | N175: =M175/L175 -> 893.02326 | O175: =L175-I175 -> 0 | P175: =N175-K175 -> -106.97674 | Q175: =N175/K175 -> 0.89302326 | R175: =Q191 -> 0.88467926 | S175: 0.70833333 | T175: 0.73222222 | V175: 34.4 | AA175: =M175-J175 -> -320.93023 | AB175: =M175/J175 -> 0.89302326 | AC175: =AB191 -> 0.88467926
B176: 18℃-飯糰 | C176: 二配芝麻香鬆飯糰 | E176: 18.18 | F176: 2182 | G176: =E176*F176 -> 39668.76 | I176: 4 | J176: 3000 | K176: =J176/I176 -> 750 | L176: 4 | M176: =F176/V176*60 -> 2676.3884 | N176: =M176/L176 -> 669.0971 | O176: =L176-I176 -> 0 | P176: =N176-K176 -> -80.902896 | Q176: =N176/K176 -> 0.89212947 | S176: 0.74241898 | T176: 0.77638889 | U176: 14.683333 | V176: 48.916667 | AA176: =M176-J176 -> -323.61158 | AB176: =M176/J176 -> 0.89212947
B177: 18℃-飯糰 | C177: 二配鮪魚飯糰 | E177: 14.28 | F177: 5463 | G177: =E177*F177 -> 78011.64 | H177: 2 | I177: 3 | J177: 3600 | K177: =J177/I177 -> 1200 | L177: 3 | M177: =F177/V177*60 -> 3112.3279 | N177: =M177/L177 -> 1037.4426 | O177: =L177-I177 -> 0 | P177: =N177-K177 -> -162.55737 | Q177: =N177/K177 -> 0.86453553 | S177: 0.78680556 | T177: 0.85994213 | U177: 15 | V177: 105.31667 | W177: 0.85994213 | X177: 0.91405093 | AA177: =M177-J177 -> -487.6721 | AB177: =M177/J177 -> 0.86453553
B178: 18℃-飯糰 | C178: 二配經典肉鬆飯糰 | E178: 14.03 | F178: 7268 | G178: =E178*F178 -> 101970.04 | I178: 3 | J178: 3000 | K178: =J178/I178 -> 1000 | L178: 3 | M178: =F178/V178*60 -> 2679.1726 | N178: =M178/L178 -> 893.05755 | O178: =L178-I178 -> 0 | P178: =N178-K178 -> -106.94245 | Q178: =N178/K178 -> 0.89305755 | S178: 0.91405093 | T178: 1.0270833 | U178: 77.916667 | V178: 162.76667 | AA178: =M178-J178 -> -320.82736 | AB178: =M178/J178 -> 0.89305755
B191: 平均 | I191: =AVERAGE(I175:I190) -> 3.25 | J191: =AVERAGE(J175:J190) -> 3150 | K191: =J191/I191 -> 969.23077 | L191: =AVERAGE(L175:L190) -> 3.25 | M191: =AVERAGE(M175:M190) -> 2786.7397 | N191: =M191/L191 -> 857.45836 | O191: =L191-I191 -> 0 | P191: =N191-K191 -> -111.77241 | Q191: =N191/K191 -> 0.88467926 | S191: =S175 -> 0.70833333 | T191: =INDEX(T175:T190,COUNTA(T175:T190)) -> 1.0270833 | AA191: =M191-J191 -> -363.26032 | AB191: =M191/J191 -> 0.88467926
A192: GKK3600型 飯糰機2 (二配) | B192: 18℃-飯糰 | C192: 二配明太子龍蝦風味沙拉飯糰 | E192: 18.18 | F192: 1638 | G192: =E192*F192 -> 29778.84 | H192: 2 | I192: 3 | J192: 3600 | K192: =J192/I192 -> 1200 | L192: 3 | M192: =F192/V192*60 -> 3111.7678 | N192: =M192/L192 -> 1037.2559 | O192: =L192-I192 -> 0 | P192: =N192-K192 -> -162.74406 | Q192: =N192/K192 -> 0.86437995 | R192: =Q208 -> 0.87035042 | S192: 0.70862269 | T192: 0.73055556 | V192: 31.583333 | AA192: =M192-J192 -> -488.23219 | AB192: =M192/J192 -> 0.86437995 | AC192: =AB208 -> 0.87035042
B193: 18℃-飯糰 | C193: 二配蔬食鮪魚飯糰 | E193: 18.18 | F193: 1676 | G193: =E193*F193 -> 30469.68 | I193: 3 | J193: 3600 | K193: =J193/I193 -> 1200 | L193: 3 | M193: =F193/V193*60 -> 3110.1031 | N193: =M193/L193 -> 1036.701 | O193: =L193-I193 -> 0 | P193: =N193-K193 -> -163.29897 | Q193: =N193/K193 -> 0.86391753 | S193: 0.74097222 | T193: 0.76342593 | U193: 15 | V193: 32.333333 | AA193: =M193-J193 -> -489.89691 | AB193: =M193/J193 -> 0.86391753
B194: 18℃-飯糰 | C194: 二配北海道秋鮭親子飯糰 | E194: 24.82 | F194: 2879 | G194: =E194*F194 -> 71456.78 | I194: 4 | J194: 3300 | K194: =J194/I194 -> 825 | L194: 4 | M194: =F194/V194*60 -> 2917.0842 | N194: =M194/L194 -> 729.27104 | O194: =L194-I194 -> 0 | P194: =N194-K194 -> -95.728961 | Q194: =N194/K194 -> 0.8839649 | S194: 0.77361111 | T194: 0.8147338 | U194: 14.666667 | V194: 59.216667 | AA194: =M194-J194 -> -382.91585 | AB194: =M194/J194 -> 0.8839649
B195: 18℃-飯糰 | C195: 二配熟成紅鮭飯糰 | E195: 25.03 | F195: 2322 | G195: =E195*F195 -> 58119.66 | I195: 4 | J195: 3300 | K195: =J195/I195 -> 825 | L195: 4 | M195: =F195/V195*60 -> 2914.6444 | N195: =M195/L195 -> 728.66109 | O195: =L195-I195 -> 0 | P195: =N195-K195 -> -96.338912 | Q195: =N195/K195 -> 0.88322556 | S195: 0.82513889 | T195: 0.85833333 | U195: 14.983333 | V195: 47.8 | W195: 0.85833333 | X195: 0.91126157 | AA195: =M195-J195 -> -385.35565 | AB195: =M195/J195 -> 0.88322556
B196: 18℃-飯糰 | C196: 二配明太子龍蝦風味沙拉飯糰 | E196: 18.18 | F196: 2374 | G196: =E196*F196 -> 43159.32 | I196: 3 | J196: 3600 | K196: =J196/I196 -> 1200 | L196: 3 | M196: =F196/V196*60 -> 3111.1758 | N196: =M196/L196 -> 1037.0586 | O196: =L196-I196 -> 0 | P196: =N196-K196 -> -162.94139 | Q196: =N196/K196 -> 0.86421551 | S196: 0.91126157 | T196: 0.94305556 | U196: 76.216667 | V196: 45.783333 | AA196: =M196-J196 -> -488.82417 | AB196: =M196/J196 -> 0.86421551
B197: 18℃-飯糰 | C197: 二配鮪魚飯糰 | E197: 14.28 | F197: 5428 | G197: =E197*F197 -> 77511.84 | I197: 3 | J197: 3600 | K197: =J197/I197 -> 1200 | L197: 3 | M197: =F197/V197*60 -> 3112.5836 | N197: =M197/L197 -> 1037.5279 | O197: =L197-I197 -> 0 | P197: =N197-K197 -> -162.47212 | Q197: =N197/K197 -> 0.86460656 | S197: 0.95372685 | T197: 1.0263889 | U197: 15.366667 | V197: 104.63333 | AA197: =M197-J197 -> -487.41637 | AB197: =M197/J197 -> 0.86460656
B208: 平均 | I208: =AVERAGE(I192:I207) -> 3.3333333 | J208: =AVERAGE(J192:J207) -> 3500 | K208: =J208/I208 -> 1050 | L208: =AVERAGE(L192:L207) -> 3.3333333 | M208: =AVERAGE(M192:M207) -> 3046.2265 | N208: =M208/L208 -> 913.86794 | O208: =L208-I208 -> 0 | P208: =N208-K208 -> -136.13206 | Q208: =N208/K208 -> 0.87035042 | S208: =S192 -> 0.70862269 | T208: =INDEX(T192:T207,COUNTA(T192:T207)) -> 1.0263889 | AA208: =M208-J208 -> -453.77352 | AB208: =M208/J208 -> 0.87035042
Y210: 原因回覆
Y211: 1.當日出勤人數較多
Y212: 2.當日出勤人數較少
Y213: 3.當日出勤熟手較多
Y214: 4.當日出勤新人較多
Y215: 5.機台夾盒
Y216: 6.封膜不順
Y217: 7.更換膠膜
Y218: 8.更換碳帶
Y219: 9.當日熱轉印碳帶異常
Y220: 10.訂單量過少
Y221: 11.新品上市，尚未熟悉
Y222: 12.活動期間品項需貼標

Sheet 1130(4度C)
A1: 大溪廠日報分析 | C1: 總生產量 | D1: =SUM(F5:F157) -> 115475 | E1: 營業額 | F1: =SUM(G5:G157) -> 5695399.1 | G1: 出勤人數 | H1: =L21+L38+L55+L72+L89+L106+L123+L140+L157 -> 168.2 | I1: 產線配置圖 | L1: 生產實績 | O1: 人時性差異分析 | S1: 日報登錄 | Y1: 分析說明 | AA1: 產能差異分析
A2: 45991 | C2: 人時性 | D2: =AVERAGE(N21,N38,N55,N72,N89,N106,N123,N140,N157) -> 144.26764 | E2: 平均廠價 | F2: =F1/D1 -> 49.32149 | G2: 多次生產數 | H2: =COUNT(H5:H157) -> 0
A3: 線別 | B3: 品類 | C3: 品名 | E3: 廠價 | F3: 生產量 | G3: 營收 | H3: 多次 生產 | I3: 人數 | J3: 產能/時 | K3: 人時性 | L3: 人數 | M3: 產能/時 | N3: 人時性 | O3: 人數 | P3: 人時性 | Q3: 達成率 | R3: 達成率 平均 | S3: 生產時間 | U3: 換線、休息/分 | V3: 稼動時間/分 | W3: 休息時間 | Y3: (屏榮回填) | AA3: 產能/時 | AB3: 達成率 | AC3: 達成率平均
S4: 開始 | T4: 結束 | W4: 開始 | X4: 結束
A5: 便當一線 | B5: 微波小吃 | C5: 日式茶碗蒸 | E5: 19.7 | F5: 3096 | G5: =E5*F5 -> 60991.2 | I5: 13 | J5: 1200 | K5: =J5/I5 -> 92.307692 | L5: 13 | M5: =F5/V5*60 -> 1077.8068 | N5: =M5/L5 -> 82.908215 | O5: =L5-I5 -> 0 | P5: =N5-K5 -> -9.3994778 | Q5: =N5/K5 -> 0.89817232 | R5: =Q21 -> 0.88841225 | S5: 0.25 | T5: 0.3696875 | V5: 172.35 | AA5: =M5-J5 -> -122.19321 | AB5: =M5/J5 -> 0.89817232 | AC5: =AB21 -> 0.88841225
B6: 4℃-飯糰 | C6: 韓素燒若飯糰 | E6: 24.07 | F6: 2377 | G6: =E6*F6 -> 57214.39 | I6: 20 | J6: 2600 | K6: =J6/I6 -> 130 | L6: 20 | M6: =F6/V6*60 -> 2304.6593 | N6: =M6/L6 -> 115.23297 | O6: =L6-I6 -> 0 | P6: =N6-K6 -> -14.767035 | Q6: =N6/K6 -> 0.88640743 | S6: 0.44452546 | T6: 0.4875 | U6: 4.7 | V6: 61.883333 | W6: 0.4875 | X6: 0.52732639 | AA6: =M6-J6 -> -295.34069 | AB6: =M6/J6 -> 0.88640743
B7: 4℃-飯糰 | C7: 麻油雞飯糰 | E7: 29.97 | F7: 2789 | G7: =E7*F7 -> 83586.33 | I7: 20 | J7: 2600 | K7: =J7/I7 -> 130 | L7: 20 | M7: =F7/V7*60 -> 2303.3723 | N7: =M7/L7 -> 115.16862 | O7: =L7-I7 -> 0 | P7: =N7-K7 -> -14.831383 | Q7: =N7/K7 -> 0.88591244 | S7: 0.52732639 | T7: 0.57777778 | U7: 57.35 | V7: 72.65 | AA7: =M7-J7 -> -296.62767 | AB7: =M7/J7 -> 0.88591244
B21: 平均 | I21: =AVERAGE(I5:I20) -> 17.666667 | J21: =AVERAGE(J5:J20) -> 2133.3333 | K21: =J21/I21 -> 120.75472 | L21: =AVERAGE(L5:L20) -> 17.666667 | M21: =AVERAGE(M5:M20) -> 1895.2795 | N21: =M21/L21 -> 107.27997 | O21: =L21-I21 -> 0 | P21: =N21-K21 -> -13.474747 | Q21: =N21/K21 -> 0.88841225 | S21: =S5 -> 0.25 | T21: =INDEX(T5:T20,COUNTA(T5:T20)) -> 0.57777778 | AA21: =M21-J21 -> -238.05386 | AB21: =M21/J21 -> 0.88841225
A22: 便當二線 | B22: 微波主食 | C22: 糖燻野郎三十天熟成牛飯 | E22: 56.77 | F22: 4325 | G22: =E22*F22 -> 245530.25 | I22: 25 | J22: 2000 | K22: =J22/I22 -> 80 | L22: 25 | M22: =F22/V22*60 -> 1774.1568 | N22: =M22/L22 -> 70.966272 | O22: =L22-I22 -> 0 | P22: =N22-K22 -> -9.0337284 | Q22: =N22/K22 -> 0.8870784 | R22: =Q38 -> 0.88736655 | S22: 0.16666667 | T22: 0.26824074 | V22: 146.26667 | AA22: =M22-J22 -> -225.84321 | AB22: =M22/J22 -> 0.8870784 | AC22: =AB38 -> 0.88736655
B23: 微波主食 | C23: 蒜蒜燒豚飯 | E23: 51.86 | F23: 1408 | G23: =E23*F23 -> 73018.88 | I23: 25 | J23: 2000 | K23: =J23/I23 -> 80 | L23: 25 | M23: =F23/V23*60 -> 1768.5973 | N23: =M23/L23 -> 70.743894 | O23: =L23-I23 -> 0 | P23: =N23-K23 -> -9.2561061 | Q23: =N23/K23 -> 0.88429867 | S23: 0.27238426 | T23: 0.30555556 | U23: 5.9666667 | V23: 47.766667 | AA23: =M23-J23 -> -231.40265 | AB23: =M23/J23 -> 0.88429867
B24: 便當 | C24: 嫩烤香料雞胸排蔬滿盒 | E24: 77.34 | F24: 2675 | G24: =E24*F24 -> 206884.5 | I24: 25 | J24: 2000 | K24: =J24/I24 -> 80 | L24: 25 | M24: =F24/V24*60 -> 1775.1152 | N24: =M24/L24 -> 71.004608 | O24: =L24-I24 -> 0 | P24: =N24-K24 -> -8.9953917 | Q24: =N24/K24 -> 0.8875576 | S24: 0.30902778 | T24: 0.37181713 | U24: 5 | V24: 90.416667 | AA24: =M24-J24 -> -224.88479 | AB24: =M24/J24 -> 0.8875576
B25: 便當 | C25: 烤蛋白餐盒 | E25: 58.67 | F25: 3982 | G25: =E25*F25 -> 233623.94 | I25: 23 | J25: 2000 | K25: =J25/I25 -> 86.956522 | L25: 23 | M25: =F25/V25*60 -> 1773.7194 | N25: =M25/L25 -> 77.118234 | O25: =L25-I25 -> 0 | P25: =N25-K25 -> -9.838288 | Q25: =N25/K25 -> 0.88685969 | S25: 0.37520833 | T25: 0.46875 | U25: 4.8833333 | V25: 134.7 | W25: 0.46875 | X25: 0.50833333 | AA25: =M25-J25 -> -226.28062 | AB25: =M25/J25 -> 0.88685969
B26: 便當 | C26: 健身G肉餐盒 | E26: 59.52 | F26: 5568 | G26: =E26*F26 -> 331407.36 | I26: 25 | J26: 2000 | K26: =J26/I26 -> 80 | L26: 25 | M26: =F26/V26*60 -> 1782.0768 | N26: =M26/L26 -> 71.283073 | O26: =L26-I26 -> 0 | P26: =N26-K26 -> -8.7169275 | Q26: =N26/K26 -> 0.89103841 | S26: 0.50833333 | T26: 0.63851852 | U26: 57 | V26: 187.46667 | AA26: =M26-J26 -> -217.92319 | AB26: =M26/J26 -> 0.89103841
B38: 平均 | I38: =AVERAGE(I22:I37) -> 24.6 | J38: =AVERAGE(J22:J37) -> 2000 | K38: =J38/I38 -> 81.300813 | L38: =AVERAGE(L22:L37) -> 24.6 | M38: =AVERAGE(M22:M37) -> 1774.7331 | N38: =M38/L38 -> 72.143622 | O38: =L38-I38 -> 0 | P38: =N38-K38 -> -9.1571908 | Q38: =N38/K38 -> 0.88736655 | S38: =S22 -> 0.16666667 | T38: =INDEX(T22:T37,COUNTA(T22:T37)) -> 0.63851852 | AA38: =M38-J38 -> -225.26689 | AB38: =M38/J38 -> 0.88736655
A39: 涼麵一線 | B39: 熱食義麵 | C39: 焗烤蕃茄起司四方麵 | E39: 57.3 | F39: 3350 | G39: =E39*F39 -> 191955 | I39: 22 | J39: 1800 | K39: =J39/I39 -> 81.818182 | L39: 22 | M39: =F39/V39*60 -> 1592.4997 | N39: =M39/L39 -> 72.386349 | O39: =L39-I39 -> 0 | P39: =N39-K39 -> -9.4318332 | Q39: =N39/K39 -> 0.88472204 | R39: =Q55 -> 0.88491248 | S39: 0.16666667 | T39: 0.25431713 | V39: 126.21667 | AA39: =M39-J39 -> -207.50033 | AB39: =M39/J39 -> 0.88472204 | AC39: =AB55 -> 0.88491248
B40: 微波主食 | C40: 壹號醬雞豚雙拼 | E40: 56.43 | F40: 2591 | G40: =E40*F40 -> 146210.13 | I40: 22 | J40: 2000 | K40: =J40/I40 -> 90.909091 | L40: 22 | M40: =F40/V40*60 -> 1768.9361 | N40: =M40/L40 -> 80.406186 | O40: =L40-I40 -> 0 | P40: =N40-K40 -> -10.502905 | Q40: =N40/K40 -> 0.88446804 | S40: 0.25771991 | T40: 0.31875 | U40: 4.9 | V40: 87.883333 | AA40: =M40-J40 -> -231.06391 | AB40: =M40/J40 -> 0.88446804
B41: 便當 | C41: 香烤藍尾鱈魚五行餐盒 | E41: 64.97 | F41: 2058 | G41: =E41*F41 -> 133708.26 | I41: 21 | J41: 2000 | K41: =J41/I41 -> 95.238095 | L41: 21 | M41: =F41/V41*60 -> 1771.169 | N41: =M41/L41 -> 84.341382 | O41: =L41-I41 -> 0 | P41: =N41-K41 -> -10.896713 | Q41: =N41/K41 -> 0.88558451 | S41: 0.32311343 | T41: 0.37152778 | U41: 6.2833333 | V41: 69.716667 | AA41: =M41-J41 -> -228.83098 | AB41: =M41/J41 -> 0.88558451
B42: 便當 | C42: 香腸腿排雙拼便當 | E42: 53.76 | F42: 3865 | G42: =E42*F42 -> 207782.4 | I42: 21 | J42: 2000 | K42: =J42/I42 -> 95.238095 | L42: 21 | M42: =F42/V42*60 -> 1769.3286 | N42: =M42/L42 -> 84.253742 | O42: =L42-I42 -> 0 | P42: =N42-K42 -> -10.984353 | Q42: =N42/K42 -> 0.88466429 | S42: 0.375 | T42: 0.46601852 | U42: 5 | V42: 131.06667 | W42: 0.46601852 | X42: 0.50570602 | AA42: =M42-J42 -> -230.67141 | AB42: =M42/J42 -> 0.88466429
B43: 便當 | C43: 美式雞丁餐盒 | E43: 59.34 | F43: 1822 | G43: =E43*F43 -> 108117.48 | I43: 24 | J43: 2000 | K43: =J43/I43 -> 83.333333 | L43: 24 | M43: =F43/V43*60 -> 1769.4092 | N43: =M43/L43 -> 73.725384 | O43: =L43-I43 -> 0 | P43: =N43-K43 -> -9.6079489 | Q43: =N43/K43 -> 0.88470461 | S43: 0.50570602 | T43: 0.54861111 | U43: 57.15 | V43: 61.783333 | AA43: =M43-J43 -> -230.59077 | AB43: =M43/J43 -> 0.88470461
B44: 熱食義麵 | C44: 明太子雞叉燒拌麵 | E44: 57.3 | F44: 3496 | G44: =E44*F44 -> 200320.8 | I44: 21 | J44: 2000 | K44: =J44/I44 -> 95.238095 | L44: 21 | M44: =F44/V44*60 -> 1770.6246 | N44: =M44/L44 -> 84.315459 | O44: =L44-I44 -> 0 | P44: =N44-K44 -> -10.922636 | Q44: =N44/K44 -> 0.88531232 | S44: 0.55208333 | T44: 0.63435185 | U44: 5 | V44: 118.46667 | AA44: =M44-J44 -> -229.37535 | AB44: =M44/J44 -> 0.88531232
B55: 平均 | I55: =AVERAGE(I39:I54) -> 21.833333 | J55: =AVERAGE(J39:J54) -> 1966.6667 | K55: =J55/I55 -> 90.076336 | L55: =AVERAGE(L39:L54) -> 21.833333 | M55: =AVERAGE(M39:M54) -> 1740.3279 | N55: =M55/L55 -> 79.709674 | O55: =L55-I55 -> 0 | P55: =N55-K55 -> -10.366662 | Q55: =N55/K55 -> 0.88491248 | S55: =S39 -> 0.16666667 | T55: =INDEX(T39:T54,COUNTA(T39:T54)) -> 0.63435185 | AA55: =M55-J55 -> -226.33879 | AB55: =M55/J55 -> 0.88491248
A56: 涼麵二線 | B56: 便當 | C56: 經典滷肉飯 | E56: 47.37 | F56: 1700 | G56: =E56*F56 -> 80529 | I56: 21 | J56: 2000 | K56: =J56/I56 -> 95.238095 | L56: 21 | M56: =F56/V56*60 -> 1770.3211 | N56: =M56/L56 -> 84.301004 | O56: =L56-I56 -> 0 | P56: =N56-K56 -> -10.937091 | Q56: =N56/K56 -> 0.88516054 | R56: =Q72 -> 0.88406106 | S56: 0.16693287 | T56: 0.20694444 | V56: 57.616667 | AA56: =M56-J56 -> -229.67891 | AB56: =M56/J56 -> 0.88516054 | AC56: =AB72 -> 0.88406106
B57: 微波主食 | C57: 妮妮家漢堡排 | E57: 57.3 | F57: 346 | G57: =E57*F57 -> 19825.8 | I57: 20 | J57: 2000 | K57: =J57/I57 -> 100 | L57: 20 | M57: =F57/V57*60 -> 1761.8105 | N57: =M57/L57 -> 88.090523 | O57: =L57-I57 -> 0 | P57: =N57-K57 -> -11.909477 | Q57: =N57/K57 -> 0.88090523 | S57: 0.21056713 | T57: 0.21875 | U57: 5.2166667 | V57: 11.783333 | AA57: =M57-J57 -> -238.18953 | AB57: =M57/J57 -> 0.88090523
B58: 便當 | C58: 海陸雙拼肉肉餐盒 | E58: 59.54 | F58: 3807 | G58: =E58*F58 -> 226668.78 | I58: 23 | J58: 2000 | K58: =J58/I58 -> 86.956522 | L58: 23 | M58: =F58/V58*60 -> 1768.1848 | N58: =M58/L58 -> 76.877598 | O58: =L58-I58 -> 0 | P58: =N58-K58 -> -10.078924 | Q58: =N58/K58 -> 0.88409238 | S58: 0.22222222 | T58: 0.31193287 | U58: 5 | V58: 129.18333 | AA58: =M58-J58 -> -231.81525 | AB58: =M58/J58 -> 0.88409238
B59: 便當 | C59: 蒜味奶燉豬紅米營養餐 | E59: 59.14 | F59: 5655 | G59: =E59*F59 -> 334436.7 | I59: 23 | J59: 2000 | K59: =J59/I59 -> 86.956522 | L59: 23 | M59: =F59/V59*60 -> 1769.4915 | N59: =M59/L59 -> 76.934414 | O59: =L59-I59 -> 0 | P59: =N59-K59 -> -10.022108 | Q59: =N59/K59 -> 0.88474576 | S59: 0.31545139 | T59: 0.44861111 | U59: 5.0666667 | V59: 191.75 | AA59: =M59-J59 -> -230.50847 | AB59: =M59/J59 -> 0.88474576
B60: 便當 | C60: 照燒豬排纖食餐盒 | E60: 59.36 | F60: 1223 | G60: =E60*F60 -> 72597.28 | I60: 20 | J60: 2000 | K60: =J60/I60 -> 100 | L60: 20 | M60: =F60/V60*60 -> 1768.9032 | N60: =M60/L60 -> 88.445159 | O60: =L60-I60 -> 0 | P60: =N60-K60 -> -11.554841 | Q60: =N60/K60 -> 0.88445159 | S60: 0.45277778 | T60: 0.48158565 | U60: 6 | V60: 41.483333 | W60: 0.48158565 | X60: 0.52083333 | AA60: =M60-J60 -> -231.09683 | AB60: =M60/J60 -> 0.88445159
B61: 便當 | C61: 蔬活腿排補力餐盒 | E61: 71.55 | F61: 2716 | G61: =E61*F61 -> 194329.8 | I61: 23 | J61: 2000 | K61: =J61/I61 -> 86.956522 | L61: 23 | M61: =F61/V61*60 -> 1770.0217 | N61: =M61/L61 -> 76.957466 | O61: =L61-I61 -> 0 | P61: =N61-K61 -> -9.9990555 | Q61: =N61/K61 -> 0.88501086 | S61: 0.52083333 | T61: 0.58476852 | U61: 56.516667 | V61: 92.066667 | AA61: =M61-J61 -> -229.97828 | AB61: =M61/J61 -> 0.88501086
B72: 平均 | I72: =AVERAGE(I56:I71) -> 21.666667 | J72: =AVERAGE(J56:J71) -> 2000 | K72: =J72/I72 -> 92.307692 | L72: =AVERAGE(L56:L71) -> 21.666667 | M72: =AVERAGE(M56:M71) -> 1768.1221 | N72: =M72/L72 -> 81.605636 | O72: =L72-I72 -> 0 | P72: =N72-K72 -> -10.702056 | Q72: =N72/K72 -> 0.88406106 | S72: =S56 -> 0.16693287 | T72: =INDEX(T56:T71,COUNTA(T56:T71)) -> 0.58476852 | AA72: =M72-J72 -> -231.87788 | AB72: =M72/J72 -> 0.88406106
A73: 涼麵三線 | B73: 季節調理麵 | C73: 大滿足香辣涼麵 | E73: 38.63 | F73: 1870 | G73: =E73*F73 -> 72238.1 | I73: 20 | J73: 3600 | K73: =J73/I73 -> 180 | L73: 20 | M73: =F73/V73*60 -> 3253.7458 | N73: =M73/L73 -> 162.68729 | O73: =L73-I73 -> 0 | P73: =N73-K73 -> -17.312711 | Q73: =N73/K73 -> 0.90381827 | R73: =Q89 -> 0.8882667 | S73: 0.16666667 | T73: 0.19061343 | V73: 34.483333 | AA73: =M73-J73 -> -346.25423 | AB73: =M73/J73 -> 0.90381827 | AC73: =AB89 -> 0.8882667
B74: 季節調理麵 | C74: 大滿足麻醬涼麵 | E74: 38 | F74: 2570 | G74: =E74*F74 -> 97660 | I74: 21 | J74: 3600 | K74: =J74/I74 -> 171.42857 | L74: 21 | M74: =F74/V74*60 -> 3255.4539 | N74: =M74/L74 -> 155.02161 | O74: =L74-I74 -> 0 | P74: =N74-K74 -> -16.406957 | Q74: =N74/K74 -> 0.90429275 | S74: 0.19375 | T74: 0.22664352 | U74: 4.5166667 | V74: 47.366667 | AA74: =M74-J74 -> -344.54609 | AB74: =M74/J74 -> 0.90429275
B75: 季節調理麵 | C75: 台式麻醬涼麵 | E75: 31.27 | F75: 1219 | G75: =E75*F75 -> 38118.13 | I75: 19 | J75: 3600 | K75: =J75/I75 -> 189.47368 | L75: 19 | M75: =F75/V75*60 -> 3168.5199 | N75: =M75/L75 -> 166.7642 | O75: =L75-I75 -> 0 | P75: =N75-K75 -> -22.709481 | Q75: =N75/K75 -> 0.8801444 | S75: 0.22986111 | T75: 0.2458912 | U75: 4.6333333 | V75: 23.083333 | AA75: =M75-J75 -> -431.48014 | AB75: =M75/J75 -> 0.8801444
B76: 季節調理麵 | C76: 椒麻香蔥雞涼拌麵 | E76: 37.94 | F76: 2774 | G76: =E76*F76 -> 105245.56 | I76: 21 | J76: 3600 | K76: =J76/I76 -> 171.42857 | L76: 21 | M76: =F76/V76*60 -> 3169.2796 | N76: =M76/L76 -> 150.91808 | O76: =L76-I76 -> 0 | P76: =N76-K76 -> -20.510496 | Q76: =N76/K76 -> 0.88035544 | S76: 0.2496412 | T76: 0.28611111 | U76: 5.4 | V76: 52.516667 | AA76: =M76-J76 -> -430.72041 | AB76: =M76/J76 -> 0.88035544
B77: 季節調理麵 | C77: 和風匠製胡麻涼麵 | E77: 32.06 | F77: 1115 | G77: =E77*F77 -> 35746.9 | I77: 19 | J77: 3600 | K77: =J77/I77 -> 189.47368 | L77: 19 | M77: =F77/V77*60 -> 3168.1137 | N77: =M77/L77 -> 166.74282 | O77: =L77-I77 -> 0 | P77: =N77-K77 -> -22.73086 | Q77: =N77/K77 -> 0.88003157 | S77: 0.28958333 | T77: 0.30424769 | U77: 5 | V77: 21.116667 | AA77: =M77-J77 -> -431.88635 | AB77: =M77/J77 -> 0.88003157
B78: 微波小吃 | C78: 韓式部隊鍋 | E78: 57.73 | F78: 1464 | G78: =E78*F78 -> 84516.72 | I78: 22 | J78: 1800 | K78: =J78/I78 -> 81.818182 | L78: 22 | M78: =F78/V78*60 -> 1593.7103 | N78: =M78/L78 -> 72.441378 | O78: =L78-I78 -> 0 | P78: =N78-K78 -> -9.376804 | Q78: =N78/K78 -> 0.88539462 | S78: 0.30763889 | T78: 0.34591435 | U78: 4.8833333 | V78: 55.116667 | AA78: =M78-J78 -> -206.28969 | AB78: =M78/J78 -> 0.88539462
B79: 微波小吃 | C79: 日式壽喜燒 | E79: 57.73 | F79: 1643 | G79: =E79*F79 -> 94850.39 | I79: 22 | J79: 1800 | K79: =J79/I79 -> 81.818182 | L79: 22 | M79: =F79/V79*60 -> 1593.4267 | N79: =M79/L79 -> 72.428487 | O79: =L79-I79 -> 0 | P79: =N79-K79 -> -9.3896944 | Q79: =N79/K79 -> 0.88523707 | S79: 0.34939815 | T79: 0.39236111 | U79: 5.0166667 | V79: 61.866667 | AA79: =M79-J79 -> -206.57328 | AB79: =M79/J79 -> 0.88523707
B80: 季節調理麵 | C80: 東京豚骨風味拉麵 | E80: 71.84 | F80: 1947 | G80: =E80*F80 -> 139872.48 | I80: 19 | J80: 1800 | K80: =J80/I80 -> 94.736842 | L80: 19 | M80: =F80/V80*60 -> 1594.0869 | N80: =M80/L80 -> 83.899309 | O80: =L80-I80 -> 0 | P80: =N80-K80 -> -10.837533 | Q80: =N80/K80 -> 0.88560382 | S80: 0.39583333 | T80: 0.44672454 | U80: 5 | V80: 73.283333 | W80: 0.44672454 | X80: 0.48611111 | AA80: =M80-J80 -> -205.91312 | AB80: =M80/J80 -> 0.88560382
B81: 季節調理麵 | C81: 醬油叉燒拉麵 | E81: 72.4 | F81: 2906 | G81: =E81*F81 -> 210394.4 | I81: 18 | J81: 1800 | K81: =J81/I81 -> 100 | L81: 18 | M81: =F81/V81*60 -> 1593.2988 | N81: =M81/L81 -> 88.516601 | O81: =L81-I81 -> 0 | P81: =N81-K81 -> -11.483399 | Q81: =N81/K81 -> 0.88516601 | S81: 0.48611111 | T81: 0.56210648 | U81: 56.716667 | V81: 109.43333 | AA81: =M81-J81 -> -206.70119 | AB81: =M81/J81 -> 0.88516601
B82: 季節調理麵 | C82: 濃厚豚骨拉麵 | E82: 79.19 | F82: 4045 | G82: =E82*F82 -> 320323.55 | I82: 17 | J82: 1800 | K82: =J82/I82 -> 105.88235 | L82: 17 | M82: =F82/V82*60 -> 1593.5653 | N82: =M82/L82 -> 93.739137 | O82: =L82-I82 -> 0 | P82: =N82-K82 -> -12.143216 | Q82: =N82/K82 -> 0.88531407 | S82: 0.56527778 | T82: 0.67104167 | U82: 4.5666667 | V82: 152.3 | AA82: =M82-J82 -> -206.43467 | AB82: =M82/J82 -> 0.88531407
B89: 平均 | I89: =AVERAGE(I73:I88) -> 19.8 | J89: =AVERAGE(J73:J88) -> 2700 | K89: =J89/I89 -> 136.36364 | L89: =AVERAGE(L73:L88) -> 19.8 | M89: =AVERAGE(M73:M88) -> 2398.3201 | N89: =M89/L89 -> 121.12728 | O89: =L89-I89 -> 0 | P89: =N89-K89 -> -15.236359 | Q89: =N89/K89 -> 0.8882667 | S89: =S73 -> 0.16666667 | T89: =INDEX(T73:T88,COUNTA(T73:T88)) -> 0.67104167 | AA89: =M89-J89 -> -301.67992 | AB89: =M89/J89 -> 0.8882667
A90: 自動包裝機 | B90: 4℃-壽司手卷 | C90: 鮮蝦稻荷壽司組 | E90: 30.84 | F90: 1297 | G90: =E90*F90 -> 39999.48 | I90: 15 | J90: 3000 | K90: =J90/I90 -> 200 | L90: 15 | M90: =F90/V90*60 -> 2618.7325 | N90: =M90/L90 -> 174.58216 | O90: =L90-I90 -> 0 | P90: =N90-K90 -> -25.417835 | Q90: =N90/K90 -> 0.87291082 | R90: =Q106 -> 0.87967215 | S90: 0.32380787 | T90: 0.34444444 | U90: 5.2833333 | V90: 29.716667 | AA90: =M90-J90 -> -381.26753 | AB90: =M90/J90 -> 0.87291082 | AC90: =AB106 -> 0.87967215
B91: 4℃-飯糰 | C91: 大口蒜味香腸燒肉雙拼飯糰 | E91: 34.23 | F91: 1953 | G91: =E91*F91 -> 66851.19 | I91: 16 | J91: 3000 | K91: =J91/I91 -> 187.5 | L91: 16 | M91: =F91/V91*60 -> 2602.0725 | N91: =M91/L91 -> 162.62953 | O91: =L91-I91 -> 0 | P91: =N91-K91 -> -24.870466 | Q91: =N91/K91 -> 0.86735751 | S91: 0.34861111 | T91: 0.37988426 | U91: 6 | V91: 45.033333 | AA91: =M91-J91 -> -397.92746 | AB91: =M91/J91 -> 0.86735751
B92: 4℃-飯糰 | C92: 大口法式蕈菇起司雞排飯糰 | E92: 35.83 | F92: 6143 | G92: =E92*F92 -> 220103.69 | I92: 12 | J92: 3273 | K92: =J92/I92 -> 272.75 | L92: 12 | M92: =F92/V92*60 -> 2907.5467 | N92: =M92/L92 -> 242.29556 | O92: =L92-I92 -> 0 | P92: =N92-K92 -> -30.454444 | Q92: =N92/K92 -> 0.88834301 | S92: 0.38349537 | T92: 0.47152778 | U92: 5.2 | V92: 126.76667 | W92: 0.47152778 | X92: 0.51114583 | AA92: =M92-J92 -> -365.45333 | AB92: =M92/J92 -> 0.88834301
B93: 4℃-飯糰 | C93: 大口義式香草雞腿排飯糰 | E93: 36.41 | F93: 4505 | G93: =E93*F93 -> 164027.05 | I93: 11 | J93: 3273 | K93: =J93/I93 -> 297.54545 | L93: 11 | M93: =F93/V93*60 -> 2908.0151 | N93: =M93/L93 -> 264.36501 | O93: =L93-I93 -> 0 | P93: =N93-K93 -> -33.180449 | Q93: =N93/K93 -> 0.88848612 | S93: 0.51114583 | T93: 0.57569444 | U93: 57.05 | V93: 92.95 | AA93: =M93-J93 -> -364.98494 | AB93: =M93/J93 -> 0.88848612
B106: 平均 | I106: =AVERAGE(I90:I105) -> 13.5 | J106: =AVERAGE(J90:J105) -> 3136.5 | K106: =J106/I106 -> 232.33333 | L106: =AVERAGE(L90:L105) -> 13.5 | M106: =AVERAGE(M90:M105) -> 2759.0917 | N106: =M106/L106 -> 204.37716 | O106: =L106-I106 -> 0 | P106: =N106-K106 -> -27.956171 | Q106: =N106/K106 -> 0.87967215 | S106: =S90 -> 0.32380787 | T106: =INDEX(T90:T105,COUNTA(T90:T105)) -> 0.57569444 | AA106: =M106-J106 -> -377.40831 | AB106: =M106/J106 -> 0.87967215
A107: 自動包裝機3 | B107: 4℃-飯糰 | C107: 香料咖哩炸雞烤飯糰 | E107: 22.83 | F107: 1810 | G107: =E107*F107 -> 41322.3 | I107: 10 | J107: 3600 | K107: =J107/I107 -> 360 | L107: 10 | M107: =F107/V107*60 -> 3096.9582 | N107: =M107/L107 -> 309.69582 | O107: =L107-I107 -> 0 | P107: =N107-K107 -> -50.304183 | Q107: =N107/K107 -> 0.86026616 | R107: =Q123 -> 0.89224996 | S107: 0.25 | T107: 0.27435185 | V107: 35.066667 | AA107: =M107-J107 -> -503.04183 | AB107: =M107/J107 -> 0.86026616 | AC107: =AB123 -> 0.89224996
B108: 4℃-飯糰 | C108: 淡麗清酒蒸蛤蜊烤飯糰 | E108: 24.73 | F108: 2516 | G108: =E108*F108 -> 62220.68 | I108: 6 | J108: 3600 | K108: =J108/I108 -> 600 | L108: 6 | M108: =F108/V108*60 -> 3256.9579 | N108: =M108/L108 -> 542.82632 | O108: =L108-I108 -> 0 | P108: =N108-K108 -> -57.173679 | Q108: =N108/K108 -> 0.90471054 | S108: 0.27777778 | T108: 0.30996528 | U108: 4.9333333 | V108: 46.35 | AA108: =M108-J108 -> -343.04207 | AB108: =M108/J108 -> 0.90471054
B109: 4℃-飯糰 | C109: 糖燻野郎起司炙燒牛烤飯糰 | E109: 24.73 | F109: 1946 | G109: =E109*F109 -> 48124.58 | I109: 6 | J109: 3600 | K109: =J109/I109 -> 600 | L109: 6 | M109: =F109/V109*60 -> 3258.4186 | N109: =M109/L109 -> 543.06977 | O109: =L109-I109 -> 0 | P109: =N109-K109 -> -56.930233 | Q109: =N109/K109 -> 0.90511628 | S109: 0.31331019 | T109: 0.33819444 | U109: 4.8166667 | V109: 35.833333 | AA109: =M109-J109 -> -341.5814 | AB109: =M109/J109 -> 0.90511628
B110: 4℃-飯糰 | C110: 和風牛肉咖哩炸飯糰 | E110: 21.74 | F110: 3339 | G110: =E110*F110 -> 72589.86 | I110: 6 | J110: 3600 | K110: =J110/I110 -> 600 | L110: 6 | M110: =F110/V110*60 -> 3256.6784 | N110: =M110/L110 -> 542.77973 | O110: =L110-I110 -> 0 | P110: =N110-K110 -> -57.220266 | Q110: =N110/K110 -> 0.90463289 | S110: 0.34200231 | T110: 0.38472222 | U110: 5.4833333 | V110: 61.516667 | AA110: =M110-J110 -> -343.32159 | AB110: =M110/J110 -> 0.90463289
B111: 4℃-壽司手卷 | C111: 香料咖哩烤雞飯卷 | E111: 26.21 | F111: 1441 | G111: =E111*F111 -> 37768.61 | I111: 6 | J111: 3273 | K111: =J111/I111 -> 545.5 | L111: 6 | M111: =F111/V111*60 -> 2899.7205 | N111: =M111/L111 -> 483.28675 | O111: =L111-I111 -> 0 | P111: =N111-K111 -> -62.213248 | Q111: =N111/K111 -> 0.88595188 | S111: 0.38832176 | T111: 0.40902778 | U111: 5.1833333 | V111: 29.816667 | AA111: =M111-J111 -> -373.27949 | AB111: =M111/J111 -> 0.88595188
B123: 平均 | I123: =AVERAGE(I107:I122) -> 6.8 | J123: =AVERAGE(J107:J122) -> 3534.6 | K123: =J123/I123 -> 519.79412 | L123: =AVERAGE(L107:L122) -> 6.8 | M123: =AVERAGE(M107:M122) -> 3153.7467 | N123: =M123/L123 -> 463.78628 | O123: =L123-I123 -> 0 | P123: =N123-K123 -> -56.007834 | Q123: =N123/K123 -> 0.89224996 | S123: =S107 -> 0.25 | T123: =INDEX(T107:T122,COUNTA(T107:T122)) -> 0.40902778 | AA123: =M123-J123 -> -380.85327 | AB123: =M123/J123 -> 0.89224996
A124: 涼麵一線 (二配) | B124: 微波主食 | C124: 二配鐵板蘑菇肉醬起司焗飯 | E124: 44.3 | F124: 1248 | G124: =E124*F124 -> 55286.4 | I124: 17 | J124: 2000 | K124: =J124/I124 -> 117.64706 | L124: 17 | M124: =F124/V124*60 -> 1770.2128 | N124: =M124/L124 -> 104.13016 | O124: =L124-I124 -> 0 | P124: =N124-K124 -> -13.516896 | Q124: =N124/K124 -> 0.88510638 | R124: =Q140 -> 0.8841023 | S124: 0.70833333 | T124: 0.73770833 | V124: 42.3 | AA124: =M124-J124 -> -229.78723 | AB124: =M124/J124 -> 0.88510638 | AC124: =AB140 -> 0.8841023
B125: 微波主食 | C125: 二配乳酪燻腸紅醬焗飯 | E125: 50.67 | F125: 1109 | G125: =E125*F125 -> 56193.03 | I125: 20 | J125: 2000 | K125: =J125/I125 -> 100 | L125: 20 | M125: =F125/V125*60 -> 1767.3307 | N125: =M125/L125 -> 88.366534 | O125: =L125-I125 -> 0 | P125: =N125-K125 -> -11.633466 | Q125: =N125/K125 -> 0.88366534 | S125: 0.74121528 | T125: 0.76736111 | U125: 5.05 | V125: 37.65 | AA125: =M125-J125 -> -232.66932 | AB125: =M125/J125 -> 0.88366534
B126: 微波主食 | C126: 二配西班牙風味海鮮燉飯 | E126: 57.3 | F126: 1905 | G126: =E126*F126 -> 109156.5 | I126: 21 | J126: 2000 | K126: =J126/I126 -> 95.238095 | L126: 21 | M126: =F126/V126*60 -> 1767.0703 | N126: =M126/L126 -> 84.146207 | O126: =L126-I126 -> 0 | P126: =N126-K126 -> -11.091888 | Q126: =N126/K126 -> 0.88353517 | S126: 0.77105324 | T126: 0.81597222 | U126: 5.3166667 | V126: 64.683333 | AA126: =M126-J126 -> -232.92966 | AB126: =M126/J126 -> 0.88353517
B140: 平均 | I140: =AVERAGE(I124:I139) -> 19.333333 | J140: =AVERAGE(J124:J139) -> 2000 | K140: =J140/I140 -> 103.44828 | L140: =AVERAGE(L124:L139) -> 19.333333 | M140: =AVERAGE(M124:M139) -> 1768.2046 | N140: =M140/L140 -> 91.458858 | O140: =L140-I140 -> 0 | P140: =N140-K140 -> -11.989417 | Q140: =N140/K140 -> 0.8841023 | S140: =S124 -> 0.70833333 | T140: =INDEX(T124:T139,COUNTA(T124:T139)) -> 0.81597222 | AA140: =M140-J140 -> -231.7954 | AB140: =M140/J140 -> 0.8841023
A141: 涼麵二線 (二配) | B141: 微波主食 | C141: 二配里肌豬排可可咖哩歐姆蛋飯 | E141: 56.79 | F141: 2096 | G141: =E141*F141 -> 119031.84 | I141: 23 | J141: 2000 | K141: =J141/I141 -> 86.956522 | L141: 23 | M141: =F141/V141*60 -> 1768.3618 | N141: =M141/L141 -> 76.885298 | O141: =L141-I141 -> 0 | P141: =N141-K141 -> -10.071224 | Q141: =N141/K141 -> 0.88418092 | R141: =Q157 -> 0.88458366 | S141: 0.70833333 | T141: 0.75771991 | V141: 71.116667 | AA141: =M141-J141 -> -231.63815 | AB141: =M141/J141 -> 0.88418092 | AC141: =AB157 -> 0.88458366
B142: 微波主食 | C142: 二配黃金雞排蘑菇白醬歐姆蛋飯 | E142: 56.87 | F142: 1705 | G142: =E142*F142 -> 96963.35 | I142: 23 | J142: 2000 | K142: =J142/I142 -> 86.956522 | L142: 23 | M142: =F142/V142*60 -> 1768.3665 | N142: =M142/L142 -> 76.885498 | O142: =L142-I142 -> 0 | P142: =N142-K142 -> -10.071023 | Q142: =N142/K142 -> 0.88418323 | S142: 0.76121528 | T142: 0.80138889 | U142: 5.0333333 | V142: 57.85 | AA142: =M142-J142 -> -231.63354 | AB142: =M142/J142 -> 0.88418323
B143: 微波主食 | C143: 二配哞哞培根奶香海陸焗飯 | E143: 47.6 | F143: 2060 | G143: =E143*F143 -> 98056 | I143: 23 | J143: 2000 | K143: =J143/I143 -> 86.956522 | L143: 23 | M143: =F143/V143*60 -> 1770.7736 | N143: =M143/L143 -> 76.990158 | O143: =L143-I143 -> 0 | P143: =N143-K143 -> -9.9663635 | Q143: =N143/K143 -> 0.88538682 | S143: 0.805 | T143: 0.85347222 | U143: 5.2 | V143: 69.8 | AA143: =M143-J143 -> -229.22636 | AB143: =M143/J143 -> 0.88538682
B157: 平均 | I157: =AVERAGE(I141:I156) -> 23 | J157: =AVERAGE(J141:J156) -> 2000 | K157: =J157/I157 -> 86.956522 | L157: =AVERAGE(L141:L156) -> 23 | M157: =AVERAGE(M141:M156) -> 1769.1673 | N157: =M157/L157 -> 76.920318 | O157: =L157-I157 -> 0 | P157: =N157-K157 -> -10.036204 | Q157: =N157/K157 -> 0.88458366 | S157: =S141 -> 0.70833333 | T157: =INDEX(T141:T156,COUNTA(T141:T156)) -> 0.85347222 | AA157: =M157-J157 -> -230.83268 | AB157: =M157/J157 -> 0.88458366
Y159: 原因回覆
Y160: 1.當日出勤人數較多
Y161: 2.當日出勤人數較少
Y162: 3.當日出勤熟手較多
Y163: 4.當日出勤新人較多
Y164: 5.機台夾盒
Y165: 6.封膜不順
Y166: 7.更換膠膜
Y167: 8.更換碳帶
Y168: 9.當日熱轉印碳帶異常
Y169: 10.訂單量過少
Y170: 11.新品上市，尚未熟悉
Y171: 12.活動期間品項需貼標

Sheet 1129
B1: 屏榮 大溪廠組合室生產人時性分析
B3: 日期 | C3: 114.11.29星期六 | E3: 訂單量 | F3: ='1129(18度C)'!D1+'1129(4度C)'!D1 -> 178370 | H3: 營業額 | I3: ='1129(18度C)'!F1+'1129(4度C)'!F1 -> 5795325.3
B4: 人時性 | C4: 項目 | E4: ➀ | G4: ➁ | I4: ➂ | K4: ④ | M4: ⑤
C5: 組合室 | E5: 全溫層 | G5: 4度C-各編組展開(一配) | I5: 4度C-各編組展開(二配) | K5: 18度C-各編組展開(一配) | M5: 18度C-各編組展開(二配)
C6: 排關平均 | E6: =AVERAGE(D13:O13,D27:X27) -> 454.7448 | F6: =AVERAGE(#REF!,D13:K13) -> #REF! | G6: =AVERAGE(D13:K13) -> 181.85889 | I6: =AVERAGE(L13:O13) -> 95.202399 | K6: =AVERAGE(D27:O27) -> 594.4684 | M6: =AVERAGE(P27:X27) -> 784.98901
C7: 實績平均 | E7: =AVERAGE(D14:O14,D28:X28) -> 401.30422 | F7: =AVERAGE(#REF!,D14:K14) -> #REF! | G7: =AVERAGE(D14:K14) -> 161.38623 | I7: =AVERAGE(L14:O14) -> 84.180752 | K7: =AVERAGE(D28:O28) -> 523.92564 | M7: =AVERAGE(P28:X28) -> 692.36883
C8: 達成率平均 | E8: =AVERAGE(D15:O15,D29:X29) -> 0.882846 | F8: =AVERAGE(D15:K15,#REF!) -> #REF! | G8: =AVERAGE(D15:K15) -> 0.88591442 | I8: =AVERAGE(L15:O15) -> 0.88425181 | K8: =AVERAGE(D29:O29) -> 0.88047641 | M8: =AVERAGE(P29:X29) -> 0.8813053 | O8: ※現行日本鮮食廠以達成率80%為基本(即為現行KPI)
B10: 溫層 | D10: ➁4度C-各編組展開 | L10: ➂4度C-各編組展開
B11: 編組 | D11: 1 | E11: 2 | F11: 3 | G11: 4 | H11: 5 | I11: 6 | J11: 7 | K11: 8 | L11: 1 | M11: 2 | N11: 3 | O11: 4
D12: 便當一線 | E12: 便當二線 | F12: 涼麵一線 | G12: 涼麵二線 | H12: 涼麵三線 | I12: 自動包裝機 | J12: 自動包裝機2 | K12: 自動包裝機3 | L12: 便當一線 | M12: 便當二線 | N12: 涼麵一線 | O12: 涼麵二線
B13: 人時性 | C13: 排關 | D13: 120.75472 | E13: 81.300813 | F13: 92.913386 | G13: 89.552239 | H13: 136.36364 | I13: 232.33333 | J13: - | K13: 519.79412 | L13: - | M13: - | N13: 103.44828 | O13: 86.956522
C14: 實績 | D14: 107.27134 | E14: 72.141354 | F14: 82.061549 | G14: 79.033549 | H14: 121.12211 | I14: 204.37596 | J14: - | K14: 463.69775 | L14: - | M14: - | N14: 91.447464 | O14: 76.91404
C15: 達成率 | D15: =D14/D13 -> 0.88834077 | E15: =E14/E13 -> 0.88733866 | F15: =F14/F13 -> 0.8832048 | G15: =G14/G13 -> 0.8825413 | H15: =H14/H13 -> 0.8882288 | I15: =I14/I13 -> 0.87966698 | J15: - | K15: =K14/K13 -> 0.89207965 | L15: - | M15: - | N15: =N14/N13 -> 0.88399215 | O15: =O14/O13 -> 0.88451146
B16: 作業 時間 | C16: 開始 | D16: 0.25 | E16: 0.25 | F16: 0.25015046 | G16: 0.25 | H16: 0.25019676 | I16: 0.30375 | J16: - | K16: 0.31280093 | L16: - | M16: - | N16: 0.70847222 | O16: 0.70833333
C17: 結束 | D17: 0.52927083 | E17: 0.58125 | F17: 0.57047454 | G17: 0.54408565 | H17: 0.60289352 | I17: 0.50069444 | J17: - | K17: 0.43077546 | L17: - | M17: - | N17: 0.79875 | O17: 0.8341088
B18: 配置人數 | D18: 17.666667 | E18: 24.6 | F18: 21.166667 | G18: 22.333333 | H18: 19.8 | I18: 13.5 | J18: - | K18: 6.8 | L18: - | M18: - | N18: 19.333333 | O18: 23
B19: 主要應用設備 | D19: L型封口機 | E19: ET-55 | F19: ET-55 | G19: ET-55 | H19: ET-600 | I19: 伺服包裝機 | J19: 伺服包裝機 | K19: 伺服包裝機 | L19: L型封口機 | M19: ET-55 | N19: ET-55 | O19: ET-55
B20: 次要應用設備 | D20: 伺服包裝機 | H20: 伺服包裝機
B21: 備註 | H21: 涼麵+烤飯糰 | I21: 大口飯糰線 | K21: 烤飯糰+手卷
B24: 溫層 | D24: ➃18度C-各編組展開 (一配) | P24: ⑤18度C-各編組展開 (二配)
B25: 編組 | D25: 1 | E25: 2 | F25: 3 | G25: 4 | H25: 5 | I25: 6 | J25: 7 | K25: 8 | L25: 9 | M25: 10 | N25: 11 | O25: 12 | P25: 1 | Q25: 2 | R25: 3 | S25: 4 | T25: 5 | U25: 6 | V25: 7 | W25: 8 | X25: 9
D26: 便當一線 | E26: 涼麵一線 | F26: 涼麵三線 | G26: 自動包裝機 | H26: 自動包裝機2 | I26: 自動包裝機3 | J26: 味付飯糰線B | K26: (舊) 3300型飯糰線 | L26: 3000型飯糰線 | M26: (新) 3300型飯糰機 | N26: GKK3600型 飯糰機 | O26: GKK3600型 飯糰機2 | P26: 自動包裝機 | Q26: 自動包裝機2 | R26: 自動包裝機3 | S26: 味付飯糰線B | T26: (舊) 3300型飯糰線 | U26: 3000型飯糰線 | V26: (新) 3300型飯糰機 | W26: GKK3600型 飯糰機 | X26: GKK3600型 飯糰機2
B27: 人時性 | C27: 排關 | D27: 211.76471 | E27: - | F27: - | G27: 313.04348 | H27: 433.33333 | I27: 416.66667 | J27: - | K27: - | L27: - | M27: 776.47059 | N27: 1150 | O27: 860 | P27: 285.71429 | Q27: - | R27: - | S27: - | T27: 795 | U27: - | V27: 825 | W27: 969.23077 | X27: 1050
C28: 實績 | D28: 183.32564 | E28: - | F28: - | G28: 271.82047 | H28: 384.72802 | I28: 372 | J28: - | K28: - | L28: - | M28: 693.20225 | N28: 1000.5447 | O28: 761.85836 | P28: 249.16518 | Q28: - | R28: - | S28: - | T28: 706.46376 | U28: - | V28: 734.91879 | W28: 857.49444 | X28: 913.80196
C29: 達成率 | D29: =D28/D27 -> 0.86570443 | E29: - | F29: - | G29: =G28/G27 -> 0.86831539 | H29: =H28/H27 -> 0.88783389 | I29: =I28/I27 -> 0.8928 | J29: - | K29: - | L29: - | M29: =M28/M27 -> 0.89276047 | N29: =N28/N27 -> 0.8700389 | O29: =O28/O27 -> 0.88588181 | P29: =P28/P27 -> 0.87207814 | Q29: - | R29: - | S29: - | T29: =T28/T27 -> 0.88863366 | U29: - | V29: =V28/V27 -> 0.89081065 | W29: =W28/W27 -> 0.88471648 | X29: =X28/X27 -> 0.87028758
B30: 作業 時間 | C30: 開始 | D30: 0.36736111 | E30: - | F30: - | G30: 0.25 | H30: 0.25 | I30: 0.43402778 | J30: - | K30: - | L30: - | M30: 0.25012731 | N30: 0.25 | O30: 0.25 | P30: 0.70833333 | Q30: - | R30: - | S30: - | T30: 0.70849537 | U30: - | V30: 0.70833333 | W30: 0.70833333 | X30: 0.70853009
C31: 結束 | D31: 0.41333333 | E31: - | F31: - | G31: 0.30010417 | H31: 0.30763889 | I31: 0.44733796 | J31: - | K31: - | L31: - | M31: 0.38416667 | N31: 0.43825231 | O31: 0.36875 | P31: 0.81957176 | Q31: - | R31: - | S31: - | T31: 0.87916667 | U31: - | V31: 0.89930556 | W31: 1.0050347 | X31: 1.0050463
B32: 配置人數 | D32: 17 | E32: - | F32: - | G32: 11.5 | H32: 6 | I32: 6 | J32: - | K32: - | L32: - | M32: 4.25 | N32: 3 | O32: 3.75 | P32: 12.6 | Q32: - | R32: - | S32: - | T32: 4 | U32: - | V32: 4 | W32: 3.25 | X32: 3.3333333
B33: 主要應用設備 | D33: 伺服包裝機 | E33: ET-55 | F33: ET-600 | G33: 夾心型 | H33: 伺服包裝機 | I33: 伺服包裝機 | J33: 夾心型 | K33: 3300型 | L33: 3300型 | M33: 3300型 | N33: GKK | O33: GKK | P33: 夾心型 | Q33: 伺服包裝機 | R33: 伺服包裝機 | S33: 夾心型 | T33: 3300型 | U33: 3300型 | V33: 3300型 | W33: GKK | X33: GKK
B34: 次要應用設備
B35: 備註

Sheet 1129(18度C)
A1: 大溪廠日報分析 | C1: 總生產量 | D1: =SUM(F5:F208) -> 96693 | E1: 營業額 | F1: =SUM(G5:G208) -> 1899866 | G1: 出勤人數 | H1: =L21+L38+L55+L72+L89+L106+L123+L140+L157+L174+L191+L208 -> 78.683333 | I1: 產線配置圖 | L1: 生產實績 | O1: 人時性差異分析 | S1: 日報登錄 | Y1: 分析說明 | AA1: 產能差異分析
A2: 45990 | C2: 人時性 | D2: =AVERAGE(N21,N38,N55,N72,N89,N106,N123,N140,N157,N174,N191,N208) -> 594.1103 | E2: 平均廠價 | F2: =F1/D1 -> 19.648433 | G2: 多次生產數 | H2: =COUNT(H5:H208) -> 3
A3: 線別 | B3: 品類 | C3: 品名 | E3: 廠價 | F3: 生產量 | G3: 營收 | H3: 多次 生產 | I3: 人數 | J3: 產能/時 | K3: 人時性 | L3: 人數 | M3: 產能/時 | N3: 人時性 | O3: 人數 | P3: 人時性 | Q3: 達成率 | R3: 達成率 平均 | S3: 生產時間 | U3: 換線、休息/分 | V3: 稼動時間/分 | W3: 休息時間 | Y3: (屏榮回填) | AA3: 產能/時 | AB3: 達成率 | AC3: 達成率平均
S4: 開始 | T4: 結束 | W4: 開始 | X4: 結束
A5: 便當一線 | B5: 18℃-壽司手卷 | C5: 一配海饌雙手卷 | E5: 29.85 | F5: 1636 | G5: =E5*F5 -> 48834.6 | I5: 17 | J5: 3600 | K5: =J5/I5 -> 211.76471 | L5: 17 | M5: =F5/V5*60 -> 3117.8401 | N5: =M5/L5 -> 183.40236 | O5: =L5-I5 -> 0 | P5: =N5-K5 -> -28.362345 | Q5: =N5/K5 -> 0.8660667 | R5: =Q21 -> 0.86570443 | S5: 0.36736111 | T5: 0.38922454 | U5: 4.8333333 | V5: 31.483333 | AA5: =M5-J5 -> -482.15987 | AB5: =M5/J5 -> 0.8660667 | AC5: =AB21 -> 0.86570443
B6: 18℃-壽司手卷 | C6: 一配雙饗雙手卷 | E6: 29.52 | F6: 1568 | G6: =E6*F6 -> 46287.36 | I6: 17 | J6: 3600 | K6: =J6/I6 -> 211.76471 | L6: 17 | M6: =F6/V6*60 -> 3115.2318 | N6: =M6/L6 -> 183.24893 | O6: =L6-I6 -> 0 | P6: =N6-K6 -> -28.515777 | Q6: =N6/K6 -> 0.86534216 | S6: 0.39236111 | T6: 0.41333333 | U6: 4.5166667 | V6: 30.2 | AA6: =M6-J6 -> -484.76821 | AB6: =M6/J6 -> 0.86534216
B21: 平均 | I21: =AVERAGE(I5:I20) -> 17 | J21: =AVERAGE(J5:J20) -> 3600 | K21: =J21/I21 -> 211.76471 | L21: =AVERAGE(L5:L20) -> 17 | M21: =AVERAGE(M5:M20) -> 3116.536 | N21: =M21/L21 -> 183.32564 | O21: =L21-I21 -> 0 | P21: =N21-K21 -> -28.439061 | Q21: =N21/K21 -> 0.86570443 | S21: =S5 -> 0.36736111 | T21: =INDEX(T5:T20,COUNTA(T5:T20)) -> 0.41333333 | AA21: =M21-J21 -> -483.46404 | AB21: =M21/J21 -> 0.86570443
A22: 自動包裝機 | B22: 18℃-壽司手卷 | C22: 一配長野稻荷壽司 | E22: 25.64 | F22: 1010 | G22: =E22*F22 -> 25896.4 | I22: 11 | J22: 3600 | K22: =J22/I22 -> 327.27273 | L22: 11 | M22: =F22/V22*60 -> 3145.3287 | N22: =M22/L22 -> 285.93897 | O22: =L22-I22 -> 0 | P22: =N22-K22 -> -41.333753 | Q22: =N22/K22 -> 0.87370242 | R22: =Q38 -> 0.86831539 | S22: 0.25 | T22: 0.26337963 | V22: 19.266667 | AA22: =M22-J22 -> -454.67128 | AB22: =M22/J22 -> 0.87370242 | AC22: =AB38 -> 0.86831539
B23: 18℃-飯糰 | C23: 一配兩粒飯糰(鮪魚.焦糖鮭魚) | E23: 28.57 | F23: 2493 | G23: =E23*F23 -> 71225.01 | I23: 12 | J23: 3600 | K23: =J23/I23 -> 300 | L23: 12 | M23: =F23/V23*60 -> 3106.5421 | N23: =M23/L23 -> 258.8785 | O23: =L23-I23 -> 0 | P23: =N23-K23 -> -41.121495 | Q23: =N23/K23 -> 0.86292835 | S23: 0.26666667 | T23: 0.30010417 | U23: 4.7333333 | V23: 48.15 | AA23: =M23-J23 -> -493.45794 | AB23: =M23/J23 -> 0.86292835
B38: 平均 | I38: =AVERAGE(I22:I37) -> 11.5 | J38: =AVERAGE(J22:J37) -> 3600 | K38: =J38/I38 -> 313.04348 | L38: =AVERAGE(L22:L37) -> 11.5 | M38: =AVERAGE(M22:M37) -> 3125.9354 | N38: =M38/L38 -> 271.82047 | O38: =L38-I38 -> 0 | P38: =N38-K38 -> -41.22301 | Q38: =N38/K38 -> 0.86831539 | S38: =S22 -> 0.25 | T38: =INDEX(T22:T37,COUNTA(T22:T37)) -> 0.30010417 | AA38: =M38-J38 -> -474.06461 | AB38: =M38/J38 -> 0.86831539
A39: 自動包裝機2 | B39: 18℃-壽司手卷 | C39: 一配雙鬆細卷 | E39: 14.03 | F39: 1008 | G39: =E39*F39 -> 14142.24 | I39: 6 | J39: 2600 | K39: =J39/I39 -> 433.33333 | L39: 6 | M39: =F39/V39*60 -> 2309.8663 | N39: =M39/L39 -> 384.97772 | O39: =L39-I39 -> 0 | P39: =N39-K39 -> -48.355612 | Q39: =N39/K39 -> 0.88841013 | R39: =Q55 -> 0.88783389 | S39: 0.25 | T39: 0.26818287 | V39: 26.183333 | AA39: =M39-J39 -> -290.13367 | AB39: =M39/J39 -> 0.88841013 | AC39: =AB55 -> 0.88783389
B40: 18℃-壽司手卷 | C40: 一配香濃起司蟹風味棒細卷 | E40: 17.73 | F40: 807 | G40: =E40*F40 -> 14308.11 | I40: 6 | J40: 2600 | K40: =J40/I40 -> 433.33333 | L40: 6 | M40: =F40/V40*60 -> 2307.5457 | N40: =M40/L40 -> 384.59095 | O40: =L40-I40 -> 0 | P40: =N40-K40 -> -48.742388 | Q40: =N40/K40 -> 0.88751757 | S40: 0.27153935 | T40: 0.28611111 | U40: 4.8333333 | V40: 20.983333 | AA40: =M40-J40 -> -292.45433 | AB40: =M40/J40 -> 0.88751757
B41: 18℃-壽司手卷 | C41: 一配經典鮪魚沙拉細卷 | E41: 14.49 | F41: 1000 | G41: =E41*F41 -> 14490 | I41: 6 | J41: 2600 | K41: =J41/I41 -> 433.33333 | L41: 6 | M41: =F41/V41*60 -> 2307.6923 | N41: =M41/L41 -> 384.61538 | O41: =L41-I41 -> 0 | P41: =N41-K41 -> -48.717949 | Q41: =N41/K41 -> 0.88757396 | S41: 0.28958333 | T41: 0.30763889 | U41: 5 | V41: 26 | AA41: =M41-J41 -> -292.30769 | AB41: =M41/J41 -> 0.88757396
B55: 平均 | I55: =AVERAGE(I39:I54) -> 6 | J55: =AVERAGE(J39:J54) -> 2600 | K55: =J55/I55 -> 433.33333 | L55: =AVERAGE(L39:L54) -> 6 | M55: =AVERAGE(M39:M54) -> 2308.3681 | N55: =M55/L55 -> 384.72802 | O55: =L55-I55 -> 0 | P55: =N55-K55 -> -48.605316 | Q55: =N55/K55 -> 0.88783389 | S55: =S39 -> 0.25 | T55: =INDEX(T39:T54,COUNTA(T39:T54)) -> 0.30763889 | AA55: =M55-J55 -> -291.6319 | AB55: =M55/J55 -> 0.88783389
A56: 自動包裝機3 | B56: 18℃-壽司手卷 | C56: 一配明太子玉子脆卷 | E56: 19.7 | F56: 713 | G56: =E56*F56 -> 14046.1 | I56: 6 | J56: 2500 | K56: =J56/I56 -> 416.66667 | L56: 6 | M56: =F56/V56*60 -> 2232 | N56: =M56/L56 -> 372 | O56: =L56-I56 -> 0 | P56: =N56-K56 -> -44.666667 | Q56: =N56/K56 -> 0.8928 | R56: =Q72 -> 0.8928 | S56: 0.43402778 | T56: 0.44733796 | U56: 4.6833333 | V56: 19.166667 | AA56: =M56-J56 -> -268 | AB56: =M56/J56 -> 0.8928 | AC56: =AB72 -> 0.8928
B72: 平均 | I72: =AVERAGE(I56:I71) -> 6 | J72: =AVERAGE(J56:J71) -> 2500 | K72: =J72/I72 -> 416.66667 | L72: =AVERAGE(L56:L71) -> 6 | M72: =AVERAGE(M56:M71) -> 2232 | N72: =M72/L72 -> 372 | O72: =L72-I72 -> 0 | P72: =N72-K72 -> -44.666667 | Q72: =N72/K72 -> 0.8928 | S72: =S56 -> 0.43402778 | T72: =INDEX(T56:T71,COUNTA(T56:T71)) -> 0.44733796 | AA72: =M72-J72 -> -268 | AB72: =M72/J72 -> 0.8928
A73: (新) 3300型飯糰機 | B73: 18℃-飯糰 | C73: 一配照燒雞肉飯糰 | E73: 21.45 | F73: 1810 | G73: =E73*F73 -> 38824.5 | I73: 4 | J73: 3300 | K73: =J73/I73 -> 825 | L73: 4 | M73: =F73/V73*60 -> 2949.751 | N73: =M73/L73 -> 737.43775 | O73: =L73-I73 -> 0 | P73: =N73-K73 -> -87.562245 | Q73: =N73/K73 -> 0.89386395 | R73: =Q89 -> 0.89276047 | S73: 0.25012731 | T73: 0.27569444 | V73: 36.816667 | AA73: =M73-J73 -> -350.24898 | AB73: =M73/J73 -> 0.89386395 | AC73: =AB89 -> 0.89276047
B74: 18℃-飯糰 | C74: 一配壹號醬炙烤牛飯糰 | E74: 22.28 | F74: 937 | G74: =E74*F74 -> 20876.36 | I74: 5 | J74: 3300 | K74: =J74/I74 -> 660 | L74: 5 | M74: =F74/V74*60 -> 2948.6014 | N74: =M74/L74 -> 589.72028 | O74: =L74-I74 -> 0 | P74: =N74-K74 -> -70.27972 | Q74: =N74/K74 -> 0.89351558 | S74: 0.27916667 | T74: 0.29240741 | U74: 5 | V74: 19.066667 | AA74: =M74-J74 -> -351.3986 | AB74: =M74/J74 -> 0.89351558
B75: 18℃-飯糰 | C75: 一配鹽蔥燒肉飯糰 | E75: 17.89 | F75: 2261 | G75: =E75*F75 -> 40449.29 | I75: 4 | J75: 3300 | K75: =J75/I75 -> 825 | L75: 4 | M75: =F75/V75*60 -> 2945.9283 | N75: =M75/L75 -> 736.48208 | O75: =L75-I75 -> 0 | P75: =N75-K75 -> -88.517915 | Q75: =N75/K75 -> 0.89270556 | S75: 0.29583333 | T75: 0.3278125 | U75: 4.9333333 | V75: 46.05 | AA75: =M75-J75 -> -354.07166 | AB75: =M75/J75 -> 0.89270556
B76: 18℃-飯糰 | C76: 一配雞肉飯飯糰 | E76: 16.66 | F76: 3734 | G76: =E76*F76 -> 62208.44 | I76: 4 | J76: 3300 | K76: =J76/I76 -> 825 | L76: 4 | M76: =F76/V76*60 -> 2940.1575 | N76: =M76/L76 -> 735.03937 | O76: =L76-I76 -> 0 | P76: =N76-K76 -> -89.96063 | Q76: =N76/K76 -> 0.89095681 | S76: 0.33125 | T76: 0.38416667 | U76: 4.95 | V76: 76.2 | AA76: =M76-J76 -> -359.84252 | AB76: =M76/J76 -> 0.89095681
B89: 平均 | I89: =AVERAGE(I73:I88) -> 4.25 | J89: =AVERAGE(J73:J88) -> 3300 | K89: =J89/I89 -> 776.47059 | L89: =AVERAGE(L73:L88) -> 4.25 | M89: =AVERAGE(M73:M88) -> 2946.1096 | N89: =M89/L89 -> 693.20225 | O89: =L89-I89 -> 0 | P89: =N89-K89 -> -83.268339 | Q89: =N89/K89 -> 0.89276047 | S89: =S73 -> 0.25012731 | T89: =INDEX(T73:T88,COUNTA(T73:T88)) -> 0.38416667 | AA89: =M89-J89 -> -353.89044 | AB89: =M89/J89 -> 0.89276047
A90: GKK3600型 飯糰機 | B90: 18℃-飯糰 | C90: 一配蔬食鮪魚飯糰 | E90: 18.18 | F90: 1113 | G90: =E90*F90 -> 20234.34 | I90: 3 | J90: 3600 | K90: =J90/I90 -> 1200 | L90: 3 | M90: =F90/V90*60 -> 3110.8696 | N90: =M90/L90 -> 1036.9565 | O90: =L90-I90 -> 0 | P90: =N90-K90 -> -163.04348 | Q90: =N90/K90 -> 0.86413043 | R90: =Q106 -> 0.8700389 | S90: 0.25 | T90: 0.26490741 | V90: 21.466667 | AA90: =M90-J90 -> -489.13043 | AB90: =M90/J90 -> 0.86413043 | AC90: =AB106 -> 0.8700389
B91: 18℃-飯糰 | C91: 一配經典肉鬆飯糰 | E91: 14.03 | F91: 3677 | G91: =E91*F91 -> 51588.31 | I91: 3 | J91: 3000 | K91: =J91/I91 -> 1000 | L91: 3 | M91: =F91/V91*60 -> 2674.7222 | N91: =M91/L91 -> 891.57406 | O91: =L91-I91 -> 0 | P91: =N91-K91 -> -108.42594 | Q91: =N91/K91 -> 0.89157406 | S91: 0.275 | T91: 0.33228009 | U91: 14.533333 | V91: 82.483333 | AA91: =M91-J91 -> -325.27783 | AB91: =M91/J91 -> 0.89157406
B92: 18℃-飯糰 | C92: 一配明太子龍蝦風味沙拉飯糰 | E92: 18.18 | F92: 1848 | G92: =E92*F92 -> 33596.64 | I92: 3 | J92: 3600 | K92: =J92/I92 -> 1200 | L92: 3 | M92: =F92/V92*60 -> 3110.2384 | N92: =M92/L92 -> 1036.7461 | O92: =L92-I92 -> 0 | P92: =N92-K92 -> -163.25386 | Q92: =N92/K92 -> 0.86395512 | S92: 0.34260417 | T92: 0.36736111 | U92: 14.866667 | V92: 35.65 | AA92: =M92-J92 -> -489.76157 | AB92: =M92/J92 -> 0.86395512
B93: 18℃-飯糰 | C93: 一配鮪魚飯糰 | E93: 14.28 | F93: 4463 | G93: =E93*F93 -> 63731.64 | I93: 3 | J93: 3600 | K93: =J93/I93 -> 1200 | L93: 3 | M93: =F93/V93*60 -> 3110.7067 | N93: =M93/L93 -> 1036.9022 | O93: =L93-I93 -> 0 | P93: =N93-K93 -> -163.09777 | Q93: =N93/K93 -> 0.86408519 | S93: 0.37847222 | T93: 0.43825231 | U93: 16 | V93: 86.083333 | AA93: =M93-J93 -> -489.29332 | AB93: =M93/J93 -> 0.86408519
B106: 平均 | I106: =AVERAGE(I90:I105) -> 3 | J106: =AVERAGE(J90:J105) -> 3450 | K106: =J106/I106 -> 1150 | L106: =AVERAGE(L90:L105) -> 3 | M106: =AVERAGE(M90:M105) -> 3001.6342 | N106: =M106/L106 -> 1000.5447 | O106: =L106-I106 -> 0 | P106: =N106-K106 -> -149.45526 | Q106: =N106/K106 -> 0.8700389 | S106: =S90 -> 0.25 | T106: =INDEX(T90:T105,COUNTA(T90:T105)) -> 0.43825231 | AA106: =M106-J106 -> -448.36579 | AB106: =M106/J106 -> 0.8700389
A107: GKK3600型 飯糰機2 | B107: 18℃-飯糰 | C107: 一配博多明太子奶油飯糰 | E107: 25.45 | F107: 779 | G107: =E107*F107 -> 19825.55 | I107: 4 | J107: 3300 | K107: =J107/I107 -> 825 | L107: 4 | M107: =F107/V107*60 -> 2912.1495 | N107: =M107/L107 -> 728.03738 | O107: =L107-I107 -> 0 | P107: =N107-K107 -> -96.962617 | Q107: =N107/K107 -> 0.88246956 | R107: =Q123 -> 0.88588181 | S107: 0.25 | T107: 0.26114583 | V107: 16.05 | AA107: =M107-J107 -> -387.85047 | AB107: =M107/J107 -> 0.88246956 | AC107: =AB123 -> 0.88588181
B108: 18℃-飯糰 | C108: 一配熟成紅鮭飯糰 | E108: 25.03 | F108: 1204 | G108: =E108*F108 -> 30136.12 | I108: 4 | J108: 3300 | K108: =J108/I108 -> 825 | L108: 4 | M108: =F108/V108*60 -> 2912.9032 | N108: =M108/L108 -> 728.22581 | O108: =L108-I108 -> 0 | P108: =N108-K108 -> -96.774194 | Q108: =N108/K108 -> 0.88269795 | S108: 0.27166667 | T108: 0.28888889 | U108: 15.15 | V108: 24.8 | AA108: =M108-J108 -> -387.09677 | AB108: =M108/J108 -> 0.88269795
B109: 18℃-飯糰 | C109: 一配北海道秋鮭親子飯糰 | E109: 24.82 | F109: 1438 | G109: =E109*F109 -> 35691.16 | I109: 4 | J109: 3300 | K109: =J109/I109 -> 825 | L109: 4 | M109: =F109/V109*60 -> 2918.1511 | N109: =M109/L109 -> 729.53777 | O109: =L109-I109 -> 0 | P109: =N109-K109 -> -95.462232 | Q109: =N109/K109 -> 0.8842882 | S109: 0.29960648 | T109: 0.32013889 | U109: 15.433333 | V109: 29.566667 | AA109: =M109-J109 -> -381.84893 | AB109: =M109/J109 -> 0.8842882
B110: 18℃-飯糰 | C110: 一配贅沢鮭魚肚飯糰 | E110: 30 | F110: 2452 | G110: =E110*F110 -> 73560 | I110: 3 | J110: 3000 | K110: =J110/I110 -> 1000 | L110: 3 | M110: =F110/V110*60 -> 2684.6715 | N110: =M110/L110 -> 894.89051 | O110: =L110-I110 -> 0 | P110: =N110-K110 -> -105.10949 | Q110: =N110/K110 -> 0.89489051 | S110: 0.33069444 | T110: 0.36875 | U110: 15.2 | V110: 54.8 | AA110: =M110-J110 -> -315.32847 | AB110: =M110/J110 -> 0.89489051
B123: 平均 | I123: =AVERAGE(I107:I122) -> 3.75 | J123: =AVERAGE(J107:J122) -> 3225 | K123: =J123/I123 -> 860 | L123: =AVERAGE(L107:L122) -> 3.75 | M123: =AVERAGE(M107:M122) -> 2856.9688 | N123: =M123/L123 -> 761.85836 | O123: =L123-I123 -> 0 | P123: =N123-K123 -> -98.141643 | Q123: =N123/K123 -> 0.88588181 | S123: =S107 -> 0.25 | T123: =INDEX(T107:T122,COUNTA(T107:T122)) -> 0.36875 | AA123: =M123-J123 -> -368.03116 | AB123: =M123/J123 -> 0.88588181
A124: 自動包裝機 (二配) | B124: 18℃-飯糰 | C124: 二配兔兔昆布飯糰 | E124: 13.42 | F124: 161 | G124: =E124*F124 -> 2160.62 | I124: 6 | J124: 3600 | K124: =J124/I124 -> 600 | L124: 6 | M124: =F124/V124*60 -> 3220 | N124: =M124/L124 -> 536.66667 | O124: =L124-I124 -> 0 | P124: =N124-K124 -> -63.333333 | Q124: =N124/K124 -> 0.89444444 | R124: =Q140 -> 0.87207814 | S124: 0.70833333 | T124: 0.71041667 | V124: 3 | AA124: =M124-J124 -> -380 | AB124: =M124/J124 -> 0.89444444 | AC124: =AB140 -> 0.87207814
B125: 18℃-壽司手卷 | C125: 二配長野稻荷壽司 | E125: 25.64 | F125: 1332 | G125: =E125*F125 -> 34152.48 | I125: 11 | J125: 3600 | K125: =J125/I125 -> 327.27273 | L125: 11 | M125: =F125/V125*60 -> 3142.3329 | N125: =M125/L125 -> 285.66663 | O125: =L125-I125 -> 0 | P125: =N125-K125 -> -41.6061 | Q125: =N125/K125 -> 0.87287025 | S125: 0.71388889 | T125: 0.73155093 | U125: 5 | V125: 25.433333 | AA125: =M125-J125 -> -457.6671 | AB125: =M125/J125 -> 0.87287025
B126: 18℃-壽司手卷 | C126: 二配雙饗雙手卷 | E126: 29.52 | F126: 1673 | G126: =E126*F126 -> 49386.96 | I126: 17 | J126: 3600 | K126: =J126/I126 -> 211.76471 | L126: 17 | M126: =F126/V126*60 -> 3114.1675 | N126: =M126/L126 -> 183.18633 | O126: =L126-I126 -> 0 | P126: =N126-K126 -> -28.578381 | Q126: =N126/K126 -> 0.86504654 | S126: 0.73472222 | T126: 0.75710648 | U126: 4.5666667 | V126: 32.233333 | AA126: =M126-J126 -> -485.83247 | AB126: =M126/J126 -> 0.86504654
B127: 18℃-壽司手卷 | C127: 二配海饌雙手卷 | E127: 29.85 | F127: 1830 | G127: =E127*F127 -> 54625.5 | I127: 17 | J127: 3600 | K127: =J127/I127 -> 211.76471 | L127: 17 | M127: =F127/V127*60 -> 3114.8936 | N127: =M127/L127 -> 183.22904 | O127: =L127-I127 -> 0 | P127: =N127-K127 -> -28.53567 | Q127: =N127/K127 -> 0.86524823 | S127: 0.76041667 | T127: 0.78489583 | U127: 4.7666667 | V127: 35.25 | AA127: =M127-J127 -> -485.10638 | AB127: =M127/J127 -> 0.86524823
B128: 18℃-飯糰 | C128: 二配兩粒飯糰(鮪魚.焦糖鮭魚) | E128: 28.57 | F128: 2339 | G128: =E128*F128 -> 66825.23 | I128: 12 | J128: 3600 | K128: =J128/I128 -> 300 | L128: 12 | M128: =F128/V128*60 -> 3106.0125 | N128: =M128/L128 -> 258.83438 | O128: =L128-I128 -> 0 | P128: =N128-K128 -> -41.165622 | Q128: =N128/K128 -> 0.86278126 | S128: 0.78819444 | T128: 0.81957176 | U128: 4.75 | V128: 45.183333 | AA128: =M128-J128 -> -493.98746 | AB128: =M128/J128 -> 0.86278126
B140: 平均 | I140: =AVERAGE(I124:I139) -> 12.6 | J140: =AVERAGE(J124:J139) -> 3600 | K140: =J140/I140 -> 285.71429 | L140: =AVERAGE(L124:L139) -> 12.6 | M140: =AVERAGE(M124:M139) -> 3139.4813 | N140: =M140/L140 -> 249.16518 | O140: =L140-I140 -> 0 | P140: =N140-K140 -> -36.549102 | Q140: =N140/K140 -> 0.87207814 | S140: =S124 -> 0.70833333 | T140: =INDEX(T124:T139,COUNTA(T124:T139)) -> 0.81957176 | AA140: =M140-J140 -> -460.51868 | AB140: =M140/J140 -> 0.87207814
A141: (舊) 3300型飯糰線 (二配) | B141: 18℃-飯糰 | C141: 二配三杯醬爆菇菇飯糰 | E141: 16.7 | F141: 2536 | G141: =E141*F141 -> 42351.2 | I141: 3 | J141: 3300 | K141: =J141/I141 -> 1100 | L141: 3 | M141: =F141/V141*60 -> 2939.3432 | N141: =M141/L141 -> 979.78107 | O141: =L141-I141 -> 0 | P141: =N141-K141 -> -120.21893 | Q141: =N141/K141 -> 0.89071006 | R141: =Q157 -> 0.88863366 | S141: 0.70849537 | T141: 0.74444444 | V141: 51.766667 | AA141: =M141-J141 -> -360.65679 | AB141: =M141/J141 -> 0.89071006 | AC141: =AB157 -> 0.88863366
B142: 18℃-飯糰 | C142: 二配油蔥G絲飯糰 | E142: 18.18 | F142: 1071 | G142: =E142*F142 -> 19470.78 | I142: 4 | J142: 3300 | K142: =J142/I142 -> 825 | L142: 4 | M142: =F142/V142*60 -> 2945.4545 | N142: =M142/L142 -> 736.36364 | O142: =L142-I142 -> 0 | P142: =N142-K142 -> -88.636364 | Q142: =N142/K142 -> 0.89256198 | S142: 0.74873843 | T142: 0.76388889 | U142: 6.1833333 | V142: 21.816667 | AA142: =M142-J142 -> -354.54545 | AB142: =M142/J142 -> 0.89256198
B143: 18℃-飯糰 | C143: 二配壹號醬炙烤牛飯糰 | E143: 22.28 | F143: 1750 | G143: =E143*F143 -> 38990 | I143: 5 | J143: 3300 | K143: =J143/I143 -> 660 | L143: 5 | M143: =F143/V143*60 -> 2941.1765 | N143: =M143/L143 -> 588.23529 | O143: =L143-I143 -> 0 | P143: =N143-K143 -> -71.764706 | Q143: =N143/K143 -> 0.8912656 | S143: 0.76756944 | T143: 0.79236111 | U143: 5.3 | V143: 35.7 | AA143: =M143-J143 -> -358.82353 | AB143: =M143/J143 -> 0.8912656
B144: 18℃-飯糰 | C144: 二配大飯糰鮪魚昆布 | E144: 22.21 | F144: 1479 | G144: =E144*F144 -> 32848.59 | I144: 4 | J144: 3000 | K144: =J144/I144 -> 750 | L144: 4 | M144: =F144/V144*60 -> 2651.5936 | N144: =M144/L144 -> 662.89841 | O144: =L144-I144 -> 0 | P144: =N144-K144 -> -87.101594 | Q144: =N144/K144 -> 0.88386454 | S144: 0.79583333 | T144: 0.81907407 | U144: 5 | V144: 33.466667 | AA144: =M144-J144 -> -348.40637 | AB144: =M144/J144 -> 0.88386454
B145: 18℃-飯糰 | C145: 二配大飯糰韓式蒜烤豬五花 | E145: 24.54 | F145: 3624 | G145: =E145*F145 -> 88932.96 | I145: 4 | J145: 3000 | K145: =J145/I145 -> 750 | L145: 4 | M145: =F145/V145*60 -> 2651.7073 | N145: =M145/L145 -> 662.92683 | O145: =L145-I145 -> 0 | P145: =N145-K145 -> -87.073171 | Q145: =N145/K145 -> 0.88390244 | S145: 0.82222222 | T145: 0.87916667 | U145: 4.5333333 | V145: 82 | AA145: =M145-J145 -> -348.29268 | AB145: =M145/J145 -> 0.88390244
B157: 平均 | I157: =AVERAGE(I141:I156) -> 4 | J157: =AVERAGE(J141:J156) -> 3180 | K157: =J157/I157 -> 795 | L157: =AVERAGE(L141:L156) -> 4 | M157: =AVERAGE(M141:M156) -> 2825.855 | N157: =M157/L157 -> 706.46376 | O157: =L157-I157 -> 0 | P157: =N157-K157 -> -88.536242 | Q157: =N157/K157 -> 0.88863366 | S157: =S141 -> 0.70849537 | T157: =INDEX(T141:T156,COUNTA(T141:T156)) -> 0.87916667 | AA157: =M157-J157 -> -354.14497 | AB157: =M157/J157 -> 0.88863366
A158: (新) 3300型飯糰機 (二配) | B158: 18℃-飯糰 | C158: 二配鹽蔥燒肉飯糰 | E158: 17.89 | F158: 5216 | G158: =E158*F158 -> 93314.24 | I158: 4 | J158: 3300 | K158: =J158/I158 -> 825 | L158: 4 | M158: =F158/V158*60 -> 2939.0515 | N158: =M158/L158 -> 734.76287 | O158: =L158-I158 -> 0 | P158: =N158-K158 -> -90.237126 | Q158: =N158/K158 -> 0.89062167 | R158: =Q174 -> 0.89081065 | S158: 0.70833333 | T158: 0.78228009 | V158: 106.48333 | AA158: =M158-J158 -> -360.94851 | AB158: =M158/J158 -> 0.89062167 | AC158: =AB174 -> 0.89081065
B159: 18℃-飯糰 | C159: 二配雞肉飯飯糰 | E159: 16.66 | F159: 8036 | G159: =E159*F159 -> 133879.76 | I159: 4 | J159: 3300 | K159: =J159/I159 -> 825 | L159: 4 | M159: =F159/V159*60 -> 2940.2988 | N159: =M159/L159 -> 735.0747 | O159: =L159-I159 -> 0 | P159: =N159-K159 -> -89.925297 | Q159: =N159/K159 -> 0.89099964 | S159: 0.78542824 | T159: 0.89930556 | U159: 4.5333333 | V159: 163.98333 | AA159: =M159-J159 -> -359.70119 | AB159: =M159/J159 -> 0.89099964
B174: 平均 | I174: =AVERAGE(I158:I173) -> 4 | J174: =AVERAGE(J158:J173) -> 3300 | K174: =J174/I174 -> 825 | L174: =AVERAGE(L158:L173) -> 4 | M174: =AVERAGE(M158:M173) -> 2939.6752 | N174: =M174/L174 -> 734.91879 | O174: =L174-I174 -> 0 | P174: =N174-K174 -> -90.081212 | Q174: =N174/K174 -> 0.89081065 | S174: =S158 -> 0.70833333 | T174: =INDEX(T158:T173,COUNTA(T158:T173)) -> 0.89930556 | AA174: =M174-J174 -> -360.32485 | AB174: =M174/J174 -> 0.89081065
A175: GKK3600型 飯糰機 (二配) | B175: 18℃-飯糰 | C175: 二配經典肉鬆飯糰 | E175: 14.03 | F175: 1894 | G175: =E175*F175 -> 26572.82 | H175: 2 | I175: 3 | J175: 3000 | K175: =J175/I175 -> 1000 | L175: 3 | M175: =F175/V175*60 -> 2679.1356 | N175: =M175/L175 -> 893.04519 | O175: =L175-I175 -> 0 | P175: =N175-K175 -> -106.95481 | Q175: =N175/K175 -> 0.89304519 | R175: =Q191 -> 0.88471648 | S175: 0.70833333 | T175: 0.73778935 | V175: 42.416667 | AA175: =M175-J175 -> -320.86444 | AB175: =M175/J175 -> 0.89304519 | AC175: =AB191 -> 0.88471648
B176: 18℃-飯糰 | C176: 二配芝麻香鬆飯糰 | E176: 18.18 | F176: 2121 | G176: =E176*F176 -> 38559.78 | I176: 4 | J176: 3000 | K176: =J176/I176 -> 750 | L176: 4 | M176: =F176/V176*60 -> 2676.3407 | N176: =M176/L176 -> 669.08517 | O176: =L176-I176 -> 0 | P176: =N176-K176 -> -80.914826 | Q176: =N176/K176 -> 0.89211356 | S176: 0.74822917 | T176: 0.78125 | U176: 15.033333 | V176: 47.55 | AA176: =M176-J176 -> -323.65931 | AB176: =M176/J176 -> 0.89211356
B177: 18℃-飯糰 | C177: 二配鮪魚飯糰 | E177: 14.28 | F177: 5050 | G177: =E177*F177 -> 72114 | H177: 2 | I177: 3 | J177: 3600 | K177: =J177/I177 -> 1200 | L177: 3 | M177: =F177/V177*60 -> 3112.4807 | N177: =M177/L177 -> 1037.4936 | O177: =L177-I177 -> 0 | P177: =N177-K177 -> -162.50642 | Q177: =N177/K177 -> 0.86457798 | S177: 0.79166667 | T177: 0.85927083 | U177: 15 | V177: 97.35 | W177: 0.85927083 | X177: 0.91319444 | AA177: =M177-J177 -> -487.51926 | AB177: =M177/J177 -> 0.86457798
B178: 18℃-飯糰 | C178: 二配經典肉鬆飯糰 | E178: 14.03 | F178: 5906 | G178: =E178*F178 -> 82861.18 | I178: 3 | J178: 3000 | K178: =J178/I178 -> 1000 | L178: 3 | M178: =F178/V178*60 -> 2679.4707 | N178: =M178/L178 -> 893.1569 | O178: =L178-I178 -> 0 | P178: =N178-K178 -> -106.8431 | Q178: =N178/K178 -> 0.8931569 | S178: 0.91319444 | T178: 1.0050347 | U178: 77.65 | V178: 132.25 | AA178: =M178-J178 -> -320.5293 | AB178: =M178/J178 -> 0.8931569
B191: 平均 | I191: =AVERAGE(I175:I190) -> 3.25 | J191: =AVERAGE(J175:J190) -> 3150 | K191: =J191/I191 -> 969.23077 | L191: =AVERAGE(L175:L190) -> 3.25 | M191: =AVERAGE(M175:M190) -> 2786.8569 | N191: =M191/L191 -> 857.49444 | O191: =L191-I191 -> 0 | P191: =N191-K191 -> -111.73633 | Q191: =N191/K191 -> 0.88471648 | S191: =S175 -> 0.70833333 | T191: =INDEX(T175:T190,COUNTA(T175:T190)) -> 1.0050347 | AA191: =M191-J191 -> -363.14308 | AB191: =M191/J191 -> 0.88471648
A192: GKK3600型 飯糰機2 (二配) | B192: 18℃-飯糰 | C192: 二配明太子龍蝦風味沙拉飯糰 | E192: 18.18 | F192: 1852 | G192: =E192*F192 -> 33669.36 | H192: 2 | I192: 3 | J192: 3600 | K192: =J192/I192 -> 1200 | L192: 3 | M192: =F192/V192*60 -> 3111.1526 | N192: =M192/L192 -> 1037.0509 | O192: =L192-I192 -> 0 | P192: =N192-K192 -> -162.94914 | Q192: =N192/K192 -> 0.86420905 | R192: =Q208 -> 0.87028758 | S192: 0.70853009 | T192: 0.73333333 | V192: 35.716667 | AA192: =M192-J192 -> -488.84741 | AB192: =M192/J192 -> 0.86420905 | AC192: =AB208 -> 0.87028758
B193: 18℃-飯糰 | C193: 二配蔬食鮪魚飯糰 | E193: 18.18 | F193: 1644 | G193: =E193*F193 -> 29887.92 | I193: 3 | J193: 3600 | K193: =J193/I193 -> 1200 | L193: 3 | M193: =F193/V193*60 -> 3110.0368 | N193: =M193/L193 -> 1036.6789 | O193: =L193-I193 -> 0 | P193: =N193-K193 -> -163.32107 | Q193: =N193/K193 -> 0.86389911 | S193: 0.74394676 | T193: 0.76597222 | U193: 15.283333 | V193: 31.716667 | AA193: =M193-J193 -> -489.96322 | AB193: =M193/J193 -> 0.86389911
B194: 18℃-飯糰 | C194: 二配北海道秋鮭親子飯糰 | E194: 24.82 | F194: 2699 | G194: =E194*F194 -> 66989.18 | I194: 4 | J194: 3300 | K194: =J194/I194 -> 825 | L194: 4 | M194: =F194/V194*60 -> 2916.9619 | N194: =M194/L194 -> 729.24047 | O194: =L194-I194 -> 0 | P194: =N194-K194 -> -95.759532 | Q194: =N194/K194 -> 0.88392784 | S194: 0.77672454 | T194: 0.81527778 | U194: 15.483333 | V194: 55.516667 | AA194: =M194-J194 -> -383.03813 | AB194: =M194/J194 -> 0.88392784
B195: 18℃-飯糰 | C195: 二配熟成紅鮭飯糰 | E195: 25.03 | F195: 2178 | G195: =E195*F195 -> 54515.34 | I195: 4 | J195: 3300 | K195: =J195/I195 -> 825 | L195: 4 | M195: =F195/V195*60 -> 2914.7955 | N195: =M195/L195 -> 728.69888 | O195: =L195-I195 -> 0 | P195: =N195-K195 -> -96.301115 | Q195: =N195/K195 -> 0.88327138 | S195: 0.82581019 | T195: 0.85694444 | U195: 15.166667 | V195: 44.833333 | W195: 0.85694444 | X195: 0.90972222 | AA195: =M195-J195 -> -385.20446 | AB195: =M195/J195 -> 0.88327138
B196: 18℃-飯糰 | C196: 二配明太子龍蝦風味沙拉飯糰 | E196: 18.18 | F196: 1824 | G196: =E196*F196 -> 33160.32 | I196: 3 | J196: 3600 | K196: =J196/I196 -> 1200 | L196: 3 | M196: =F196/V196*60 -> 3110.5637 | N196: =M196/L196 -> 1036.8546 | O196: =L196-I196 -> 0 | P196: =N196-K196 -> -163.14543 | Q196: =N196/K196 -> 0.86404548 | S196: 0.90972222 | T196: 0.93415509 | U196: 76 | V196: 35.183333 | AA196: =M196-J196 -> -489.43629 | AB196: =M196/J196 -> 0.86404548
B197: 18℃-飯糰 | C197: 二配鮪魚飯糰 | E197: 14.28 | F197: 4527 | G197: =E197*F197 -> 64645.56 | I197: 3 | J197: 3600 | K197: =J197/I197 -> 1200 | L197: 3 | M197: =F197/V197*60 -> 3112.5286 | N197: =M197/L197 -> 1037.5095 | O197: =L197-I197 -> 0 | P197: =N197-K197 -> -162.49045 | Q197: =N197/K197 -> 0.86459129 | S197: 0.94444444 | T197: 1.0050463 | U197: 14.816667 | V197: 87.266667 | AA197: =M197-J197 -> -487.47135 | AB197: =M197/J197 -> 0.86459129
B208: 平均 | I208: =AVERAGE(I192:I207) -> 3.3333333 | J208: =AVERAGE(J192:J207) -> 3500 | K208: =J208/I208 -> 1050 | L208: =AVERAGE(L192:L207) -> 3.3333333 | M208: =AVERAGE(M192:M207) -> 3046.0065 | N208: =M208/L208 -> 913.80196 | O208: =L208-I208 -> 0 | P208: =N208-K208 -> -136.19804 | Q208: =N208/K208 -> 0.87028758 | S208: =S192 -> 0.70853009 | T208: =INDEX(T192:T207,COUNTA(T192:T207)) -> 1.0050463 | AA208: =M208-J208 -> -453.99348 | AB208: =M208/J208 -> 0.87028758
Y210: 原因回覆
Y211: 1.當日出勤人數較多
Y212: 2.當日出勤人數較少
Y213: 3.當日出勤熟手較多
Y214: 4.當日出勤新人較多
Y215: 5.機台夾盒
Y216: 6.封膜不順
Y217: 7.更換膠膜
Y218: 8.更換碳帶
Y219: 9.當日熱轉印碳帶異常
Y220: 10.訂單量過少
Y221: 11.新品上市，尚未熟悉
Y222: 12.活動期間品項需貼標

Sheet 1129(4度C)
A1: 大溪廠日報分析 | C1: 總生產量 | D1: =SUM(F5:F157) -> 81677 | E1: 營業額 | F1: =SUM(G5:G157) -> 3895459.3 | G1: 出勤人數 | H1: =L21+L38+L55+L72+L89+L106+L123+L140+L157 -> 168.2 | I1: 產線配置圖 | L1: 生產實績 | O1: 人時性差異分析 | S1: 日報登錄 | Y1: 分析說明 | AA1: 產能差異分析
A2: 45990 | C2: 人時性 | D2: =AVERAGE(N21,N38,N55,N72,N89,N106,N123,N140,N157) -> 144.22946 | E2: 平均廠價 | F2: =F1/D1 -> 47.693467 | G2: 多次生產數 | H2: =COUNT(H5:H157) -> 0
A3: 線別 | B3: 品類 | C3: 品名 | E3: 廠價 | F3: 生產量 | G3: 營收 | H3: 多次 生產 | I3: 人數 | J3: 產能/時 | K3: 人時性 | L3: 人數 | M3: 產能/時 | N3: 人時性 | O3: 人數 | P3: 人時性 | Q3: 達成率 | R3: 達成率 平均 | S3: 生產時間 | U3: 換線、休息/分 | V3: 稼動時間/分 | W3: 休息時間 | Y3: (屏榮回填) | AA3: 產能/時 | AB3: 達成率 | AC3: 達成率平均
S4: 開始 | T4: 結束 | W4: 開始 | X4: 結束
A5: 便當一線 | B5: 微波小吃 | C5: 日式茶碗蒸 | E5: 19.7 | F5: 2949 | G5: =E5*F5 -> 58095.3 | I5: 13 | J5: 1200 | K5: =J5/I5 -> 92.307692 | L5: 13 | M5: =F5/V5*60 -> 1077.8071 | N5: =M5/L5 -> 82.908239 | O5: =L5-I5 -> 0 | P5: =N5-K5 -> -9.3994533 | Q5: =N5/K5 -> 0.89817259 | R5: =Q21 -> 0.88834077 | S5: 0.25 | T5: 0.36400463 | V5: 164.16667 | AA5: =M5-J5 -> -122.19289 | AB5: =M5/J5 -> 0.89817259 | AC5: =AB21 -> 0.88834077
B6: 4℃-飯糰 | C6: 韓素燒若飯糰 | E6: 24.07 | F6: 2099 | G6: =E6*F6 -> 50522.93 | I6: 20 | J6: 2600 | K6: =J6/I6 -> 130 | L6: 20 | M6: =F6/V6*60 -> 2304.4831 | N6: =M6/L6 -> 115.22415 | O6: =L6-I6 -> 0 | P6: =N6-K6 -> -14.775846 | Q6: =N6/K6 -> 0.88633964 | S6: 0.41690972 | T6: 0.45486111 | U6: 5.15 | V6: 54.65 | W6: 0.45486111 | X6: 0.49444444 | AA6: =M6-J6 -> -295.51693 | AB6: =M6/J6 -> 0.88633964
B7: 4℃-飯糰 | C7: 麻油雞飯糰 | E7: 29.97 | F7: 1925 | G7: =E7*F7 -> 57692.25 | I7: 20 | J7: 2600 | K7: =J7/I7 -> 130 | L7: 20 | M7: =F7/V7*60 -> 2303.0907 | N7: =M7/L7 -> 115.15454 | O7: =L7-I7 -> 0 | P7: =N7-K7 -> -14.845464 | Q7: =N7/K7 -> 0.88580413 | S7: 0.49444444 | T7: 0.52927083 | U7: 57 | V7: 50.15 | AA7: =M7-J7 -> -296.90927 | AB7: =M7/J7 -> 0.88580413
B21: 平均 | I21: =AVERAGE(I5:I20) -> 17.666667 | J21: =AVERAGE(J5:J20) -> 2133.3333 | K21: =J21/I21 -> 120.75472 | L21: =AVERAGE(L5:L20) -> 17.666667 | M21: =AVERAGE(M5:M20) -> 1895.127 | N21: =M21/L21 -> 107.27134 | O21: =L21-I21 -> 0 | P21: =N21-K21 -> -13.483379 | Q21: =N21/K21 -> 0.88834077 | S21: =S5 -> 0.25 | T21: =INDEX(T5:T20,COUNTA(T5:T20)) -> 0.52927083 | AA21: =M21-J21 -> -238.20636 | AB21: =M21/J21 -> 0.88834077
A22: 便當二線 | B22: 微波主食 | C22: 糖燻野郎三十天熟成牛飯 | E22: 56.77 | F22: 3444 | G22: =E22*F22 -> 195515.88 | I22: 25 | J22: 2000 | K22: =J22/I22 -> 80 | L22: 25 | M22: =F22/V22*60 -> 1774.2416 | N22: =M22/L22 -> 70.969662 | O22: =L22-I22 -> 0 | P22: =N22-K22 -> -9.0303377 | Q22: =N22/K22 -> 0.88712078 | R22: =Q38 -> 0.88733866 | S22: 0.25 | T22: 0.33087963 | V22: 116.46667 | AA22: =M22-J22 -> -225.75844 | AB22: =M22/J22 -> 0.88712078 | AC22: =AB38 -> 0.88733866
B23: 微波主食 | C23: 蒜蒜燒豚飯 | E23: 51.86 | F23: 1201 | G23: =E23*F23 -> 62283.86 | I23: 25 | J23: 2000 | K23: =J23/I23 -> 80 | L23: 25 | M23: =F23/V23*60 -> 1768.3436 | N23: =M23/L23 -> 70.733742 | O23: =L23-I23 -> 0 | P23: =N23-K23 -> -9.2662577 | Q23: =N23/K23 -> 0.88417178 | S23: 0.33420139 | T23: 0.3625 | U23: 4.7833333 | V23: 40.75 | AA23: =M23-J23 -> -231.65644 | AB23: =M23/J23 -> 0.88417178
B24: 便當 | C24: 嫩烤香料雞胸排蔬滿盒 | E24: 77.34 | F24: 1664 | G24: =E24*F24 -> 128693.76 | I24: 25 | J24: 2000 | K24: =J24/I24 -> 80 | L24: 25 | M24: =F24/V24*60 -> 1774.9333 | N24: =M24/L24 -> 70.997333 | O24: =L24-I24 -> 0 | P24: =N24-K24 -> -9.0026667 | Q24: =N24/K24 -> 0.88746667 | S24: 0.36597222 | T24: 0.40503472 | U24: 5 | V24: 56.25 | AA24: =M24-J24 -> -225.06667 | AB24: =M24/J24 -> 0.88746667
B25: 便當 | C25: 烤蛋白餐盒 | E25: 58.67 | F25: 2360 | G25: =E25*F25 -> 138461.2 | I25: 23 | J25: 2000 | K25: =J25/I25 -> 86.956522 | L25: 23 | M25: =F25/V25*60 -> 1773.6952 | N25: =M25/L25 -> 77.117183 | O25: =L25-I25 -> 0 | P25: =N25-K25 -> -9.8393392 | Q25: =N25/K25 -> 0.8868476 | S25: 0.40844907 | T25: 0.46388889 | U25: 4.9166667 | V25: 79.833333 | W25: 0.46388889 | X25: 0.50295139 | AA25: =M25-J25 -> -226.3048 | AB25: =M25/J25 -> 0.8868476
B26: 便當 | C26: 健身G肉餐盒 | E26: 59.52 | F26: 3349 | G26: =E26*F26 -> 199332.48 | I26: 25 | J26: 2000 | K26: =J26/I26 -> 80 | L26: 25 | M26: =F26/V26*60 -> 1782.1729 | N26: =M26/L26 -> 71.286918 | O26: =L26-I26 -> 0 | P26: =N26-K26 -> -8.713082 | Q26: =N26/K26 -> 0.89108647 | S26: 0.50295139 | T26: 0.58125 | U26: 56.25 | V26: 112.75 | AA26: =M26-J26 -> -217.82705 | AB26: =M26/J26 -> 0.89108647
B38: 平均 | I38: =AVERAGE(I22:I37) -> 24.6 | J38: =AVERAGE(J22:J37) -> 2000 | K38: =J38/I38 -> 81.300813 | L38: =AVERAGE(L22:L37) -> 24.6 | M38: =AVERAGE(M22:M37) -> 1774.6773 | N38: =M38/L38 -> 72.141354 | O38: =L38-I38 -> 0 | P38: =N38-K38 -> -9.1594586 | Q38: =N38/K38 -> 0.88733866 | S38: =S22 -> 0.25 | T38: =INDEX(T22:T37,COUNTA(T22:T37)) -> 0.58125 | AA38: =M38-J38 -> -225.32268 | AB38: =M38/J38 -> 0.88733866
A39: 涼麵一線 | B39: 熱食義麵 | C39: 焗烤蕃茄起司四方麵 | E39: 57.3 | F39: 2622 | G39: =E39*F39 -> 150240.6 | I39: 22 | J39: 1800 | K39: =J39/I39 -> 81.818182 | L39: 22 | M39: =F39/V39*60 -> 1592.5763 | N39: =M39/L39 -> 72.389834 | O39: =L39-I39 -> 0 | P39: =N39-K39 -> -9.4283479 | Q39: =N39/K39 -> 0.88476464 | R39: =Q55 -> 0.8832048 | S39: 0.25015046 | T39: 0.31875 | V39: 98.783333 | AA39: =M39-J39 -> -207.42365 | AB39: =M39/J39 -> 0.88476464 | AC39: =AB55 -> 0.8832048
B40: 微波主食 | C40: 壹號醬雞豚雙拼 | E40: 56.43 | F40: 1943 | G40: =E40*F40 -> 109643.49 | I40: 22 | J40: 2000 | K40: =J40/I40 -> 90.909091 | L40: 22 | M40: =F40/V40*60 -> 1769.044 | N40: =M40/L40 -> 80.411091 | O40: =L40-I40 -> 0 | P40: =N40-K40 -> -10.498 | Q40: =N40/K40 -> 0.884522 | S40: 0.32229167 | T40: 0.36805556 | U40: 5.1 | V40: 65.9 | AA40: =M40-J40 -> -230.95599 | AB40: =M40/J40 -> 0.884522
B41: 便當 | C41: 香烤藍尾鱈魚五行餐盒 | E41: 64.97 | F41: 1496 | G41: =E41*F41 -> 97195.12 | I41: 21 | J41: 2000 | K41: =J41/I41 -> 95.238095 | L41: 21 | M41: =F41/V41*60 -> 1770.9964 | N41: =M41/L41 -> 84.333161 | O41: =L41-I41 -> 0 | P41: =N41-K41 -> -10.904934 | Q41: =N41/K41 -> 0.88549819 | S41: 0.37174769 | T41: 0.40694444 | U41: 5.3166667 | V41: 50.683333 | AA41: =M41-J41 -> -229.00362 | AB41: =M41/J41 -> 0.88549819
B42: 便當 | C42: 香腸腿排雙拼便當 | E42: 53.76 | F42: 2714 | G42: =E42*F42 -> 145904.64 | I42: 21 | J42: 2000 | K42: =J42/I42 -> 95.238095 | L42: 21 | M42: =F42/V42*60 -> 1769.3589 | N42: =M42/L42 -> 84.255187 | O42: =L42-I42 -> 0 | P42: =N42-K42 -> -10.982908 | Q42: =N42/K42 -> 0.88467946 | S42: 0.41041667 | T42: 0.4743287 | U42: 5 | V42: 92.033333 | W42: 0.4743287 | X42: 0.5140162 | AA42: =M42-J42 -> -230.64107 | AB42: =M42/J42 -> 0.88467946
B43: 便當 | C43: 照燒豬排纖食餐盒 | E43: 59.36 | F43: 820 | G43: =E43*F43 -> 48675.2 | I43: 20 | J43: 2000 | K43: =J43/I43 -> 100 | L43: 20 | M43: =F43/V43*60 -> 1768.7238 | N43: =M43/L43 -> 88.436189 | O43: =L43-I43 -> 0 | P43: =N43-K43 -> -11.563811 | Q43: =N43/K43 -> 0.88436189 | S43: 0.5140162 | T43: 0.53333333 | U43: 57.15 | V43: 27.816667 | AA43: =M43-J43 -> -231.27621 | AB43: =M43/J43 -> 0.88436189
B44: 熱食義麵 | C44: 明太子雞叉燒拌麵 | E44: 57.3 | F44: 1415 | G44: =E44*F44 -> 81079.5 | I44: 21 | J44: 2000 | K44: =J44/I44 -> 95.238095 | L44: 21 | M44: =F44/V44*60 -> 1751.1172 | N44: =M44/L44 -> 83.386534 | O44: =L44-I44 -> 0 | P44: =N44-K44 -> -11.851561 | Q44: =N44/K44 -> 0.87555861 | S44: 0.53680556 | T44: 0.57047454 | U44: 5 | V44: 48.483333 | AA44: =M44-J44 -> -248.88278 | AB44: =M44/J44 -> 0.87555861
B55: 平均 | I55: =AVERAGE(I39:I54) -> 21.166667 | J55: =AVERAGE(J39:J54) -> 1966.6667 | K55: =J55/I55 -> 92.913386 | L55: =AVERAGE(L39:L54) -> 21.166667 | M55: =AVERAGE(M39:M54) -> 1736.9694 | N55: =M55/L55 -> 82.061549 | O55: =L55-I55 -> 0 | P55: =N55-K55 -> -10.851837 | Q55: =N55/K55 -> 0.8832048 | S55: =S39 -> 0.25015046 | T55: =INDEX(T39:T54,COUNTA(T39:T54)) -> 0.57047454 | AA55: =M55-J55 -> -229.69722 | AB55: =M55/J55 -> 0.8832048
A56: 涼麵二線 | B56: 便當 | C56: 經典滷肉飯 | E56: 47.37 | F56: 1280 | G56: =E56*F56 -> 60633.6 | I56: 21 | J56: 2000 | K56: =J56/I56 -> 95.238095 | L56: 21 | M56: =F56/V56*60 -> 1770.2651 | N56: =M56/L56 -> 84.298337 | O56: =L56-I56 -> 0 | P56: =N56-K56 -> -10.939758 | Q56: =N56/K56 -> 0.88513254 | R56: =Q72 -> 0.8825413 | S56: 0.25 | T56: 0.28012731 | V56: 43.383333 | AA56: =M56-J56 -> -229.73492 | AB56: =M56/J56 -> 0.88513254 | AC56: =AB72 -> 0.8825413
B57: 微波主食 | C57: 妮妮家漢堡排 | E57: 57.3 | F57: 403 | G57: =E57*F57 -> 23091.9 | I57: 20 | J57: 2000 | K57: =J57/I57 -> 100 | L57: 20 | M57: =F57/V57*60 -> 1762.819 | N57: =M57/L57 -> 88.140948 | O57: =L57-I57 -> 0 | P57: =N57-K57 -> -11.859052 | Q57: =N57/K57 -> 0.88140948 | S57: 0.28353009 | T57: 0.29305556 | U57: 4.9 | V57: 13.716667 | AA57: =M57-J57 -> -237.18104 | AB57: =M57/J57 -> 0.88140948
B58: 便當 | C58: 蒜味奶燉豬紅米營養餐 | E58: 59.14 | F58: 3237 | G58: =E58*F58 -> 191436.18 | I58: 23 | J58: 2000 | K58: =J58/I58 -> 86.956522 | L58: 23 | M58: =F58/V58*60 -> 1749.7297 | N58: =M58/L58 -> 76.075206 | O58: =L58-I58 -> 0 | P58: =N58-K58 -> -10.881316 | Q58: =N58/K58 -> 0.87486486 | S58: 0.29652778 | T58: 0.37361111 | U58: 5 | V58: 111 | AA58: =M58-J58 -> -250.27027 | AB58: =M58/J58 -> 0.87486486
B59: 便當 | C59: 美式雞丁餐盒 | E59: 59.34 | F59: 1126 | G59: =E59*F59 -> 66816.84 | I59: 24 | J59: 2000 | K59: =J59/I59 -> 83.333333 | L59: 24 | M59: =F59/V59*60 -> 1769.3584 | N59: =M59/L59 -> 73.723265 | O59: =L59-I59 -> 0 | P59: =N59-K59 -> -9.6100684 | Q59: =N59/K59 -> 0.88467918 | S59: 0.37777778 | T59: 0.40429398 | U59: 6 | V59: 38.183333 | AA59: =M59-J59 -> -230.64164 | AB59: =M59/J59 -> 0.88467918
B60: 便當 | C60: 蔬活腿排補力餐盒 | E60: 71.55 | F60: 1773 | G60: =E60*F60 -> 126858.15 | I60: 23 | J60: 2000 | K60: =J60/I60 -> 86.956522 | L60: 23 | M60: =F60/V60*60 -> 1770.0499 | N60: =M60/L60 -> 76.958692 | O60: =L60-I60 -> 0 | P60: =N60-K60 -> -9.9978297 | Q60: =N60/K60 -> 0.88502496 | S60: 0.40763889 | T60: 0.449375 | U60: 4.8166667 | V60: 60.1 | W60: 0.449375 | X60: 0.48958333 | AA60: =M60-J60 -> -229.95008 | AB60: =M60/J60 -> 0.88502496
B61: 便當 | C61: 海陸雙拼肉肉餐盒 | E61: 59.54 | F61: 2313 | G61: =E61*F61 -> 137716.02 | I61: 23 | J61: 2000 | K61: =J61/I61 -> 86.956522 | L61: 23 | M61: =F61/V61*60 -> 1768.2735 | N61: =M61/L61 -> 76.881457 | O61: =L61-I61 -> 0 | P61: =N61-K61 -> -10.075064 | Q61: =N61/K61 -> 0.88413676 | S61: 0.48958333 | T61: 0.54408565 | U61: 57.9 | V61: 78.483333 | AA61: =M61-J61 -> -231.72648 | AB61: =M61/J61 -> 0.88413676
B72: 平均 | I72: =AVERAGE(I56:I71) -> 22.333333 | J72: =AVERAGE(J56:J71) -> 2000 | K72: =J72/I72 -> 89.552239 | L72: =AVERAGE(L56:L71) -> 22.333333 | M72: =AVERAGE(M56:M71) -> 1765.0826 | N72: =M72/L72 -> 79.033549 | O72: =L72-I72 -> 0 | P72: =N72-K72 -> -10.51869 | Q72: =N72/K72 -> 0.8825413 | S72: =S56 -> 0.25 | T72: =INDEX(T56:T71,COUNTA(T56:T71)) -> 0.54408565 | AA72: =M72-J72 -> -234.91741 | AB72: =M72/J72 -> 0.8825413
A73: 涼麵三線 | B73: 季節調理麵 | C73: 大滿足香辣涼麵 | E73: 38.63 | F73: 1666 | G73: =E73*F73 -> 64357.58 | I73: 20 | J73: 3600 | K73: =J73/I73 -> 180 | L73: 20 | M73: =F73/V73*60 -> 3254.2594 | N73: =M73/L73 -> 162.71297 | O73: =L73-I73 -> 0 | P73: =N73-K73 -> -17.287032 | Q73: =N73/K73 -> 0.90396093 | R73: =Q89 -> 0.8882288 | S73: 0.25019676 | T73: 0.27152778 | V73: 30.716667 | AA73: =M73-J73 -> -345.74064 | AB73: =M73/J73 -> 0.90396093 | AC73: =AB89 -> 0.8882288
B74: 季節調理麵 | C74: 大滿足麻醬涼麵 | E74: 38 | F74: 2153 | G74: =E74*F74 -> 81814 | I74: 21 | J74: 3600 | K74: =J74/I74 -> 171.42857 | L74: 21 | M74: =F74/V74*60 -> 3255.2709 | N74: =M74/L74 -> 155.0129 | O74: =L74-I74 -> 0 | P74: =N74-K74 -> -16.415672 | Q74: =N74/K74 -> 0.90424192 | S74: 0.27521991 | T74: 0.30277778 | U74: 5.3166667 | V74: 39.683333 | AA74: =M74-J74 -> -344.72911 | AB74: =M74/J74 -> 0.90424192
B75: 季節調理麵 | C75: 台式麻醬涼麵 | E75: 31.27 | F75: 1173 | G75: =E75*F75 -> 36679.71 | I75: 19 | J75: 3600 | K75: =J75/I75 -> 189.47368 | L75: 19 | M75: =F75/V75*60 -> 3167.892 | N75: =M75/L75 -> 166.73116 | O75: =L75-I75 -> 0 | P75: =N75-K75 -> -22.742528 | Q75: =N75/K75 -> 0.87996999 | S75: 0.30625 | T75: 0.32167824 | U75: 5 | V75: 22.216667 | AA75: =M75-J75 -> -432.10803 | AB75: =M75/J75 -> 0.87996999
B76: 季節調理麵 | C76: 椒麻香蔥雞涼拌麵 | E76: 37.94 | F76: 2087 | G76: =E76*F76 -> 79180.78 | I76: 21 | J76: 3600 | K76: =J76/I76 -> 171.42857 | L76: 21 | M76: =F76/V76*60 -> 3168.7895 | N76: =M76/L76 -> 150.89474 | O76: =L76-I76 -> 0 | P76: =N76-K76 -> -20.533831 | Q76: =N76/K76 -> 0.88021932 | S76: 0.32533565 | T76: 0.35277778 | U76: 5.2666667 | V76: 39.516667 | AA76: =M76-J76 -> -431.21046 | AB76: =M76/J76 -> 0.88021932
B77: 季節調理麵 | C77: 和風匠製胡麻涼麵 | E77: 32.06 | F77: 954 | G77: =E77*F77 -> 30585.24 | I77: 19 | J77: 3600 | K77: =J77/I77 -> 189.47368 | L77: 19 | M77: =F77/V77*60 -> 3168.2657 | N77: =M77/L77 -> 166.75083 | O77: =L77-I77 -> 0 | P77: =N77-K77 -> -22.722859 | Q77: =N77/K77 -> 0.8800738 | S77: 0.35625 | T77: 0.3687963 | U77: 5 | V77: 18.066667 | AA77: =M77-J77 -> -431.73432 | AB77: =M77/J77 -> 0.8800738
B78: 微波小吃 | C78: 韓式部隊鍋 | E78: 57.73 | F78: 1157 | G78: =E78*F78 -> 66793.61 | I78: 22 | J78: 1800 | K78: =J78/I78 -> 81.818182 | L78: 22 | M78: =F78/V78*60 -> 1593.42 | N78: =M78/L78 -> 72.428184 | O78: =L78-I78 -> 0 | P78: =N78-K78 -> -9.3899979 | Q78: =N78/K78 -> 0.88523336 | S78: 0.37321759 | T78: 0.40347222 | U78: 6.3666667 | V78: 43.566667 | AA78: =M78-J78 -> -206.57995 | AB78: =M78/J78 -> 0.88523336
B79: 微波小吃 | C79: 日式壽喜燒 | E79: 57.73 | F79: 1144 | G79: =E79*F79 -> 66043.12 | I79: 22 | J79: 1800 | K79: =J79/I79 -> 81.818182 | L79: 22 | M79: =F79/V79*60 -> 1593.1915 | N79: =M79/L79 -> 72.417795 | O79: =L79-I79 -> 0 | P79: =N79-K79 -> -9.4003868 | Q79: =N79/K79 -> 0.88510638 | S79: 0.40694444 | T79: 0.43686343 | U79: 5 | V79: 43.083333 | AA79: =M79-J79 -> -206.80851 | AB79: =M79/J79 -> 0.88510638
B80: 季節調理麵 | C80: 東京豚骨風味拉麵 | E80: 71.84 | F80: 1726 | G80: =E80*F80 -> 123995.84 | I80: 19 | J80: 1800 | K80: =J80/I80 -> 94.736842 | L80: 19 | M80: =F80/V80*60 -> 1594.0482 | N80: =M80/L80 -> 83.897275 | O80: =L80-I80 -> 0 | P80: =N80-K80 -> -10.839567 | Q80: =N80/K80 -> 0.88558235 | S80: 0.44030093 | T80: 0.48541667 | U80: 4.95 | V80: 64.966667 | W80: 0.48541667 | X80: 0.52569444 | AA80: =M80-J80 -> -205.95177 | AB80: =M80/J80 -> 0.88558235
B81: 季節調理麵 | C81: 醬油叉燒拉麵 | E81: 72.4 | F81: 1045 | G81: =E81*F81 -> 75658 | I81: 18 | J81: 1800 | K81: =J81/I81 -> 100 | L81: 18 | M81: =F81/V81*60 -> 1593.3926 | N81: =M81/L81 -> 88.521813 | O81: =L81-I81 -> 0 | P81: =N81-K81 -> -11.478187 | Q81: =N81/K81 -> 0.88521813 | S81: 0.52569444 | T81: 0.55302083 | U81: 58 | V81: 39.35 | AA81: =M81-J81 -> -206.60737 | AB81: =M81/J81 -> 0.88521813
B82: 季節調理麵 | C82: 濃厚豚骨拉麵 | E82: 79.19 | F82: 1784 | G82: =E82*F82 -> 141274.96 | I82: 17 | J82: 1800 | K82: =J82/I82 -> 105.88235 | L82: 17 | M82: =F82/V82*60 -> 1593.6476 | N82: =M82/L82 -> 93.743979 | O82: =L82-I82 -> 0 | P82: =N82-K82 -> -12.138374 | Q82: =N82/K82 -> 0.8853598 | S82: 0.55625 | T82: 0.60289352 | U82: 4.65 | V82: 67.166667 | AA82: =M82-J82 -> -206.35236 | AB82: =M82/J82 -> 0.8853598
B89: 平均 | I89: =AVERAGE(I73:I88) -> 19.8 | J89: =AVERAGE(J73:J88) -> 2700 | K89: =J89/I89 -> 136.36364 | L89: =AVERAGE(L73:L88) -> 19.8 | M89: =AVERAGE(M73:M88) -> 2398.2177 | N89: =M89/L89 -> 121.12211 | O89: =L89-I89 -> 0 | P89: =N89-K89 -> -15.241528 | Q89: =N89/K89 -> 0.8882288 | S89: =S73 -> 0.25019676 | T89: =INDEX(T73:T88,COUNTA(T73:T88)) -> 0.60289352 | AA89: =M89-J89 -> -301.78225 | AB89: =M89/J89 -> 0.8882288
A90: 自動包裝機 | B90: 4℃-壽司手卷 | C90: 鮮蝦稻荷壽司組 | E90: 30.84 | F90: 1292 | G90: =E90*F90 -> 39845.28 | I90: 15 | J90: 3000 | K90: =J90/I90 -> 200 | L90: 15 | M90: =F90/V90*60 -> 2618.9189 | N90: =M90/L90 -> 174.59459 | O90: =L90-I90 -> 0 | P90: =N90-K90 -> -25.405405 | Q90: =N90/K90 -> 0.87297297 | R90: =Q106 -> 0.87966698 | S90: 0.30375 | T90: 0.32430556 | U90: 5.25 | V90: 29.6 | AA90: =M90-J90 -> -381.08108 | AB90: =M90/J90 -> 0.87297297 | AC90: =AB106 -> 0.87966698
B91: 4℃-飯糰 | C91: 大口法式蕈菇起司雞排飯糰 | E91: 35.83 | F91: 4703 | G91: =E91*F91 -> 168508.49 | I91: 12 | J91: 3273 | K91: =J91/I91 -> 272.75 | L91: 12 | M91: =F91/V91*60 -> 2907.5734 | N91: =M91/L91 -> 242.29778 | O91: =L91-I91 -> 0 | P91: =N91-K91 -> -30.452215 | Q91: =N91/K91 -> 0.88835118 | S91: 0.32777778 | T91: 0.39517361 | U91: 5 | V91: 97.05 | AA91: =M91-J91 -> -365.42658 | AB91: =M91/J91 -> 0.88835118
B92: 4℃-飯糰 | C92: 大口義式香草雞腿排飯糰 | E92: 36.41 | F92: 2630 | G92: =E92*F92 -> 95758.3 | I92: 11 | J92: 3273 | K92: =J92/I92 -> 297.54545 | L92: 11 | M92: =F92/V92*60 -> 2907.8624 | N92: =M92/L92 -> 264.35113 | O92: =L92-I92 -> 0 | P92: =N92-K92 -> -33.194327 | Q92: =N92/K92 -> 0.88843948 | S92: 0.39861111 | T92: 0.4362963 | U92: 4.95 | V92: 54.266667 | W92: 0.4362963 | X92: 0.47572917 | AA92: =M92-J92 -> -365.13759 | AB92: =M92/J92 -> 0.88843948
B93: 4℃-飯糰 | C93: 大口蒜味香腸燒肉雙拼飯糰 | E93: 34.23 | F93: 1559 | G93: =E93*F93 -> 53364.57 | I93: 16 | J93: 3000 | K93: =J93/I93 -> 187.5 | L93: 16 | M93: =F93/V93*60 -> 2601.9471 | N93: =M93/L93 -> 162.6217 | O93: =L93-I93 -> 0 | P93: =N93-K93 -> -24.878303 | Q93: =N93/K93 -> 0.86731572 | S93: 0.47572917 | T93: 0.50069444 | U93: 56.783333 | V93: 35.95 | AA93: =M93-J93 -> -398.05285 | AB93: =M93/J93 -> 0.86731572
B106: 平均 | I106: =AVERAGE(I90:I105) -> 13.5 | J106: =AVERAGE(J90:J105) -> 3136.5 | K106: =J106/I106 -> 232.33333 | L106: =AVERAGE(L90:L105) -> 13.5 | M106: =AVERAGE(M90:M105) -> 2759.0755 | N106: =M106/L106 -> 204.37596 | O106: =L106-I106 -> 0 | P106: =N106-K106 -> -27.957372 | Q106: =N106/K106 -> 0.87966698 | S106: =S90 -> 0.30375 | T106: =INDEX(T90:T105,COUNTA(T90:T105)) -> 0.50069444 | AA106: =M106-J106 -> -377.42453 | AB106: =M106/J106 -> 0.87966698
A107: 自動包裝機3 | B107: 4℃-飯糰 | C107: 香料咖哩炸雞烤飯糰 | E107: 22.83 | F107: 1423 | G107: =E107*F107 -> 32487.09 | I107: 10 | J107: 3600 | K107: =J107/I107 -> 360 | L107: 10 | M107: =F107/V107*60 -> 3097.2189 | N107: =M107/L107 -> 309.72189 | O107: =L107-I107 -> 0 | P107: =N107-K107 -> -50.278114 | Q107: =N107/K107 -> 0.86033857 | R107: =Q123 -> 0.89207965 | S107: 0.31280093 | T107: 0.33194444 | V107: 27.566667 | AA107: =M107-J107 -> -502.78114 | AB107: =M107/J107 -> 0.86033857 | AC107: =AB123 -> 0.89207965
B108: 4℃-飯糰 | C108: 淡麗清酒蒸蛤蜊烤飯糰 | E108: 24.73 | F108: 1671 | G108: =E108*F108 -> 41323.83 | I108: 6 | J108: 3600 | K108: =J108/I108 -> 600 | L108: 6 | M108: =F108/V108*60 -> 3256.9572 | N108: =M108/L108 -> 542.8262 | O108: =L108-I108 -> 0 | P108: =N108-K108 -> -57.173795 | Q108: =N108/K108 -> 0.90471034 | S108: 0.33556713 | T108: 0.35694444 | U108: 5.2166667 | V108: 30.783333 | AA108: =M108-J108 -> -343.04277 | AB108: =M108/J108 -> 0.90471034
B109: 4℃-飯糰 | C109: 糖燻野郎起司炙燒牛烤飯糰 | E109: 24.73 | F109: 1380 | G109: =E109*F109 -> 34127.4 | I109: 6 | J109: 3600 | K109: =J109/I109 -> 600 | L109: 6 | M109: =F109/V109*60 -> 3257.7049 | N109: =M109/L109 -> 542.95082 | O109: =L109-I109 -> 0 | P109: =N109-K109 -> -57.04918 | Q109: =N109/K109 -> 0.90491803 | S109: 0.36041667 | T109: 0.37806713 | U109: 5 | V109: 25.416667 | AA109: =M109-J109 -> -342.29508 | AB109: =M109/J109 -> 0.90491803
B110: 4℃-飯糰 | C110: 和風牛肉咖哩炸飯糰 | E110: 21.74 | F110: 2252 | G110: =E110*F110 -> 48958.48 | I110: 6 | J110: 3600 | K110: =J110/I110 -> 600 | L110: 6 | M110: =F110/V110*60 -> 3254.5965 | N110: =M110/L110 -> 542.43276 | O110: =L110-I110 -> 0 | P110: =N110-K110 -> -57.567242 | Q110: =N110/K110 -> 0.9040546 | S110: 0.38158565 | T110: 0.41041667 | U110: 5.0666667 | V110: 41.516667 | AA110: =M110-J110 -> -345.40345 | AB110: =M110/J110 -> 0.9040546
B111: 4℃-壽司手卷 | C111: 香料咖哩烤雞飯卷 | E111: 26.21 | F111: 1175 | G111: =E111*F111 -> 30796.75 | I111: 6 | J111: 3273 | K111: =J111/I111 -> 545.5 | L111: 6 | M111: =F111/V111*60 -> 2899.2461 | N111: =M111/L111 -> 483.20768 | O111: =L111-I111 -> 0 | P111: =N111-K111 -> -62.292324 | Q111: =N111/K111 -> 0.88580692 | S111: 0.41388889 | T111: 0.43077546 | U111: 5 | V111: 24.316667 | AA111: =M111-J111 -> -373.75394 | AB111: =M111/J111 -> 0.88580692
B123: 平均 | I123: =AVERAGE(I107:I122) -> 6.8 | J123: =AVERAGE(J107:J122) -> 3534.6 | K123: =J123/I123 -> 519.79412 | L123: =AVERAGE(L107:L122) -> 6.8 | M123: =AVERAGE(M107:M122) -> 3153.1447 | N123: =M123/L123 -> 463.69775 | O123: =L123-I123 -> 0 | P123: =N123-K123 -> -56.096364 | Q123: =N123/K123 -> 0.89207965 | S123: =S107 -> 0.31280093 | T123: =INDEX(T107:T122,COUNTA(T107:T122)) -> 0.43077546 | AA123: =M123-J123 -> -381.45528 | AB123: =M123/J123 -> 0.89207965
A124: 涼麵一線 (二配) | B124: 微波主食 | C124: 二配鐵板蘑菇肉醬起司焗飯 | E124: 44.3 | F124: 938 | G124: =E124*F124 -> 41553.4 | I124: 17 | J124: 2000 | K124: =J124/I124 -> 117.64706 | L124: 17 | M124: =F124/V124*60 -> 1769.8113 | N124: =M124/L124 -> 104.10655 | O124: =L124-I124 -> 0 | P124: =N124-K124 -> -13.540511 | Q124: =N124/K124 -> 0.88490566 | R124: =Q140 -> 0.88399215 | S124: 0.70847222 | T124: 0.73055556 | V124: 31.8 | AA124: =M124-J124 -> -230.18868 | AB124: =M124/J124 -> 0.88490566 | AC124: =AB140 -> 0.88399215
B125: 微波主食 | C125: 二配乳酪燻腸紅醬焗飯 | E125: 50.67 | F125: 917 | G125: =E125*F125 -> 46464.39 | I125: 20 | J125: 2000 | K125: =J125/I125 -> 100 | L125: 20 | M125: =F125/V125*60 -> 1767.2377 | N125: =M125/L125 -> 88.361884 | O125: =L125-I125 -> 0 | P125: =N125-K125 -> -11.638116 | Q125: =N125/K125 -> 0.88361884 | S125: 0.73472222 | T125: 0.75634259 | U125: 6 | V125: 31.133333 | AA125: =M125-J125 -> -232.76231 | AB125: =M125/J125 -> 0.88361884
B126: 微波主食 | C126: 二配西班牙風味海鮮燉飯 | E126: 57.3 | F126: 1655 | G126: =E126*F126 -> 94831.5 | I126: 21 | J126: 2000 | K126: =J126/I126 -> 95.238095 | L126: 21 | M126: =F126/V126*60 -> 1766.9039 | N126: =M126/L126 -> 84.138282 | O126: =L126-I126 -> 0 | P126: =N126-K126 -> -11.099814 | Q126: =N126/K126 -> 0.88345196 | S126: 0.75972222 | T126: 0.79875 | U126: 4.8666667 | V126: 56.2 | AA126: =M126-J126 -> -233.09609 | AB126: =M126/J126 -> 0.88345196
B140: 平均 | I140: =AVERAGE(I124:I139) -> 19.333333 | J140: =AVERAGE(J124:J139) -> 2000 | K140: =J140/I140 -> 103.44828 | L140: =AVERAGE(L124:L139) -> 19.333333 | M140: =AVERAGE(M124:M139) -> 1767.9843 | N140: =M140/L140 -> 91.447464 | O140: =L140-I140 -> 0 | P140: =N140-K140 -> -12.000812 | Q140: =N140/K140 -> 0.88399215 | S140: =S124 -> 0.70847222 | T140: =INDEX(T124:T139,COUNTA(T124:T139)) -> 0.79875 | AA140: =M140-J140 -> -232.01569 | AB140: =M140/J140 -> 0.88399215
A141: 涼麵二線 (二配) | B141: 微波主食 | C141: 二配里肌豬排可可咖哩歐姆蛋飯 | E141: 56.79 | F141: 1864 | G141: =E141*F141 -> 105856.56 | I141: 23 | J141: 2000 | K141: =J141/I141 -> 86.956522 | L141: 23 | M141: =F141/V141*60 -> 1768.2213 | N141: =M141/L141 -> 76.879189 | O141: =L141-I141 -> 0 | P141: =N141-K141 -> -10.077333 | Q141: =N141/K141 -> 0.88411067 | R141: =Q157 -> 0.88451146 | S141: 0.70833333 | T141: 0.75225694 | V141: 63.25 | AA141: =M141-J141 -> -231.77866 | AB141: =M141/J141 -> 0.88411067 | AC141: =AB157 -> 0.88451146
B142: 微波主食 | C142: 二配黃金雞排蘑菇白醬歐姆蛋飯 | E142: 56.87 | F142: 1422 | G142: =E142*F142 -> 80869.14 | I142: 23 | J142: 2000 | K142: =J142/I142 -> 86.956522 | L142: 23 | M142: =F142/V142*60 -> 1768.2902 | N142: =M142/L142 -> 76.882181 | O142: =L142-I142 -> 0 | P142: =N142-K142 -> -10.074341 | Q142: =N142/K142 -> 0.88414508 | S142: 0.75555556 | T142: 0.7890625 | U142: 4.75 | V142: 48.25 | AA142: =M142-J142 -> -231.70984 | AB142: =M142/J142 -> 0.88414508
B143: 微波主食 | C143: 二配哞哞培根奶香海陸焗飯 | E143: 47.6 | F143: 1774 | G143: =E143*F143 -> 84442.4 | I143: 23 | J143: 2000 | K143: =J143/I143 -> 86.956522 | L143: 23 | M143: =F143/V143*60 -> 1770.5572 | N143: =M143/L143 -> 76.98075 | O143: =L143-I143 -> 0 | P143: =N143-K143 -> -9.9757717 | Q143: =N143/K143 -> 0.88527862 | S143: 0.79236111 | T143: 0.8341088 | U143: 4.75 | V143: 60.116667 | AA143: =M143-J143 -> -229.44275 | AB143: =M143/J143 -> 0.88527862
B157: 平均 | I157: =AVERAGE(I141:I156) -> 23 | J157: =AVERAGE(J141:J156) -> 2000 | K157: =J157/I157 -> 86.956522 | L157: =AVERAGE(L141:L156) -> 23 | M157: =AVERAGE(M141:M156) -> 1769.0229 | N157: =M157/L157 -> 76.91404 | O157: =L157-I157 -> 0 | P157: =N157-K157 -> -10.042482 | Q157: =N157/K157 -> 0.88451146 | S157: =S141 -> 0.70833333 | T157: =INDEX(T141:T156,COUNTA(T141:T156)) -> 0.8341088 | AA157: =M157-J157 -> -230.97708 | AB157: =M157/J157 -> 0.88451146
Y159: 原因回覆
Y160: 1.當日出勤人數較多
Y161: 2.當日出勤人數較少
Y162: 3.當日出勤熟手較多
Y163: 4.當日出勤新人較多
Y164: 5.機台夾盒
Y165: 6.封膜不順
Y166: 7.更換膠膜
Y167: 8.更換碳帶
Y168: 9.當日熱轉印碳帶異常
Y169: 10.訂單量過少
Y170: 11.新品上市，尚未熟悉
Y171: 12.活動期間品項需貼標

Sheet 1128
B1: 屏榮 大溪廠組合室生產人時性分析
B3: 日期 | C3: 114.11.28星期五 | E3: 訂單量 | F3: ='1128(18度C)'!D1+'1128(4度C)'!D1 -> 171414 | H3: 營業額 | I3: ='1128(18度C)'!F1+'1128(4度C)'!F1 -> 5475821.4
B4: 人時性 | C4: 項目 | E4: ➀ | G4: ➁ | I4: ➂ | K4: ④ | M4: ⑤
C5: 組合室 | E5: 全溫層 | G5: 4度C-各編組展開(一配) | I5: 4度C-各編組展開(二配) | K5: 18度C-各編組展開(一配) | M5: 18度C-各編組展開(二配)
C6: 排關平均 | E6: =AVERAGE(D13:O13,D27:X27) -> 453.4646 | F6: =AVERAGE(#REF!,D13:K13) -> #REF! | G6: =AVERAGE(D13:K13) -> 181.79979 | I6: =AVERAGE(L13:O13) -> 95.202399 | K6: =AVERAGE(D27:O27) -> 594.4684 | M6: =AVERAGE(P27:X27) -> 779.69489
C7: 實績平均 | E7: =AVERAGE(D14:O14,D28:X28) -> 400.01337 | F7: =AVERAGE(#REF!,D14:K14) -> #REF! | G7: =AVERAGE(D14:K14) -> 160.80555 | I7: =AVERAGE(L14:O14) -> 84.177697 | K7: =AVERAGE(D28:O28) -> 523.863 | M7: =AVERAGE(P28:X28) -> 687.84909
C8: 達成率平均 | E8: =AVERAGE(D15:O15,D29:X29) -> 0.88209322 | F8: =AVERAGE(D15:K15,#REF!) -> #REF! | G8: =AVERAGE(D15:K15) -> 0.88378336 | I8: =AVERAGE(L15:O15) -> 0.88422292 | K8: =AVERAGE(D29:O29) -> 0.88035735 | M8: =AVERAGE(P29:X29) -> 0.88130535 | O8: ※現行日本鮮食廠以達成率80%為基本(即為現行KPI)
B10: 溫層 | D10: ➁4度C-各編組展開 | L10: ➂4度C-各編組展開
B11: 編組 | D11: 1 | E11: 2 | F11: 3 | G11: 4 | H11: 5 | I11: 6 | J11: 7 | K11: 8 | L11: 1 | M11: 2 | N11: 3 | O11: 4
D12: 便當一線 | E12: 便當二線 | F12: 涼麵一線 | G12: 涼麵二線 | H12: 涼麵三線 | I12: 自動包裝機 | J12: 自動包裝機2 | K12: 自動包裝機3 | L12: 便當一線 | M12: 便當二線 | N12: 涼麵一線 | O12: 涼麵二線
B13: 人時性 | C13: 排關 | D13: 120.75472 | E13: 80.645161 | F13: 92.61745 | G13: 90.09009 | H13: 136.36364 | I13: 232.33333 | J13: - | K13: 519.79412 | L13: - | M13: - | N13: 103.44828 | O13: 86.956522
C14: 實績 | D14: 107.27022 | E14: 71.519493 | F14: 81.563403 | G14: 79.210959 | H14: 120.6227 | I14: 204.43934 | J14: - | K14: 461.01272 | L14: - | M14: - | N14: 91.440644 | O14: 76.914749
C15: 達成率 | D15: =D14/D13 -> 0.88833151 | E15: =E14/E13 -> 0.88684171 | F15: =F14/F13 -> 0.88064834 | G15: =G14/G13 -> 0.87924164 | H15: =H14/H13 -> 0.88456646 | I15: =I14/I13 -> 0.87993976 | J15: - | K15: =K14/K13 -> 0.88691407 | L15: - | M15: - | N15: =N14/N13 -> 0.88392623 | O15: =O14/O13 -> 0.88451961
B16: 作業 時間 | C16: 開始 | D16: 0.25009259 | E16: 0.25010417 | F16: 0.25 | G16: 0.25001157 | H16: 0.25 | I16: 0.30700231 | J16: - | K16: 0.3175 | L16: - | M16: - | N16: 0.70833333 | O16: 0.70847222
C17: 結束 | D17: 0.54673611 | E17: 0.52430556 | F17: 0.56805556 | G17: 0.52986111 | H17: 0.57847222 | I17: 0.50694444 | J17: - | K17: 0.43541667 | L17: - | M17: - | N17: 0.78402778 | O17: 0.82083333
B18: 配置人數 | D18: 17.666667 | E18: 24.8 | F18: 21.285714 | G18: 22.2 | H18: 19.8 | I18: 13.5 | J18: - | K18: 6.8 | L18: - | M18: - | N18: 19.333333 | O18: 23
B19: 主要應用設備 | D19: L型封口機 | E19: ET-55 | F19: ET-55 | G19: ET-55 | H19: ET-600 | I19: 伺服包裝機 | J19: 伺服包裝機 | K19: 伺服包裝機 | L19: L型封口機 | M19: ET-55 | N19: ET-55 | O19: ET-55
B20: 次要應用設備 | D20: 伺服包裝機 | H20: 伺服包裝機
B21: 備註 | H21: 涼麵+烤飯糰 | I21: 大口飯糰線 | K21: 烤飯糰+手卷
B24: 溫層 | D24: ➃18度C-各編組展開 (一配) | P24: ⑤18度C-各編組展開 (二配)
B25: 編組 | D25: 1 | E25: 2 | F25: 3 | G25: 4 | H25: 5 | I25: 6 | J25: 7 | K25: 8 | L25: 9 | M25: 10 | N25: 11 | O25: 12 | P25: 1 | Q25: 2 | R25: 3 | S25: 4 | T25: 5 | U25: 6 | V25: 7 | W25: 8 | X25: 9
D26: 便當一線 | E26: 涼麵一線 | F26: 涼麵三線 | G26: 自動包裝機 | H26: 自動包裝機2 | I26: 自動包裝機3 | J26: 味付飯糰線B | K26: (舊) 3300型飯糰線 | L26: 3000型飯糰線 | M26: (新) 3300型飯糰機 | N26: GKK3600型 飯糰機 | O26: GKK3600型 飯糰機2 | P26: 自動包裝機 | Q26: 自動包裝機2 | R26: 自動包裝機3 | S26: 味付飯糰線B | T26: (舊) 3300型飯糰線 | U26: 3000型飯糰線 | V26: (新) 3300型飯糰機 | W26: GKK3600型 飯糰機 | X26: GKK3600型 飯糰機2
B27: 人時性 | C27: 排關 | D27: 211.76471 | E27: - | F27: - | G27: 313.04348 | H27: 433.33333 | I27: 416.66667 | J27: - | K27: - | L27: - | M27: 776.47059 | N27: 1150 | O27: 860 | P27: 285.71429 | Q27: - | R27: - | S27: - | T27: 795 | U27: - | V27: 825 | W27: 969.23077 | X27: 1023.5294
C28: 實績 | D28: 183.327 | E28: - | F28: - | G28: 271.78695 | H28: 384.52162 | I28: 372.00435 | J28: - | K28: - | L28: - | M28: 693.11068 | N28: 1000.6059 | O28: 761.68455 | P28: 249.08361 | Q28: - | R28: - | S28: - | T28: 705.67411 | U28: - | V28: 734.91191 | W28: 857.51591 | X28: 892.05991
C29: 達成率 | D29: =D28/D27 -> 0.86571081 | E29: - | F29: - | G29: =G28/G27 -> 0.8682083 | H29: =H28/H27 -> 0.8873576 | I29: =I28/I27 -> 0.89281044 | J29: - | K29: - | L29: - | M29: =M28/M27 -> 0.89264254 | N29: =N28/N27 -> 0.87009205 | O29: =O28/O27 -> 0.88567971 | P29: =P28/P27 -> 0.87179263 | Q29: - | R29: - | S29: - | T29: =T28/T27 -> 0.88764039 | U29: - | V29: =V28/V27 -> 0.89080232 | W29: =W28/W27 -> 0.88473864 | X29: =X28/X27 -> 0.87155278
B30: 作業 時間 | C30: 開始 | D30: 0.37847222 | E30: - | F30: - | G30: 0.25030093 | H30: 0.25 | I30: 0.43900463 | J30: - | K30: - | L30: - | M30: 0.25 | N30: 0.25021991 | O30: 0.25 | P30: 0.70868056 | Q30: - | R30: - | S30: - | T30: 0.70854167 | U30: - | V30: 0.70850694 | W30: 0.70833333 | X30: 0.70833333
C31: 結束 | D31: 0.42986111 | E31: - | F31: - | G31: 0.30349537 | H31: 0.31266204 | I31: 0.46597222 | J31: - | K31: - | L31: - | M31: 0.39465278 | N31: 0.44930556 | O31: 0.37638889 | P31: 0.82460648 | Q31: - | R31: - | S31: - | T31: 0.8758912 | U31: - | V31: 0.88017361 | W31: 0.97738426 | X31: 0.97446759
B32: 配置人數 | D32: 17 | E32: - | F32: - | G32: 11.5 | H32: 6 | I32: 6 | J32: - | K32: - | L32: - | M32: 4.25 | N32: 3 | O32: 3.75 | P32: 12.6 | Q32: - | R32: - | S32: - | T32: 4 | U32: - | V32: 4 | W32: 3.25 | X32: 3.4
B33: 主要應用設備 | D33: 伺服包裝機 | E33: ET-55 | F33: ET-600 | G33: 夾心型 | H33: 伺服包裝機 | I33: 伺服包裝機 | J33: 夾心型 | K33: 3300型 | L33: 3300型 | M33: 3300型 | N33: GKK | O33: GKK | P33: 夾心型 | Q33: 伺服包裝機 | R33: 伺服包裝機 | S33: 夾心型 | T33: 3300型 | U33: 3300型 | V33: 3300型 | W33: GKK | X33: GKK
B34: 次要應用設備
B35: 備註

Sheet 1128(18度C)
A1: 大溪廠日報分析 | C1: 總生產量 | D1: =SUM(F5:F208) -> 95469 | E1: 營業額 | F1: =SUM(G5:G208) -> 1894882.8 | G1: 出勤人數 | H1: =L21+L38+L55+L72+L89+L106+L123+L140+L157+L174+L191+L208 -> 78.75 | I1: 產線配置圖 | L1: 生產實績 | O1: 人時性差異分析 | S1: 日報登錄 | Y1: 分析說明 | AA1: 產能差異分析
A2: 45989 | C2: 人時性 | D2: =AVERAGE(N21,N38,N55,N72,N89,N106,N123,N140,N157,N174,N191,N208) -> 592.19054 | E2: 平均廠價 | F2: =F1/D1 -> 19.848147 | G2: 多次生產數 | H2: =COUNT(H5:H208) -> 2
A3: 線別 | B3: 品類 | C3: 品名 | E3: 廠價 | F3: 生產量 | G3: 營收 | H3: 多次 生產 | I3: 人數 | J3: 產能/時 | K3: 人時性 | L3: 人數 | M3: 產能/時 | N3: 人時性 | O3: 人數 | P3: 人時性 | Q3: 達成率 | R3: 達成率 平均 | S3: 生產時間 | U3: 換線、休息/分 | V3: 稼動時間/分 | W3: 休息時間 | Y3: (屏榮回填) | AA3: 產能/時 | AB3: 達成率 | AC3: 達成率平均
S4: 開始 | T4: 結束 | W4: 開始 | X4: 結束
A5: 便當一線 | B5: 18℃-壽司手卷 | C5: 一配海饌雙手卷 | E5: 29.85 | F5: 1842 | G5: =E5*F5 -> 54983.7 | I5: 17 | J5: 3600 | K5: =J5/I5 -> 211.76471 | L5: 17 | M5: =F5/V5*60 -> 3117.6305 | N5: =M5/L5 -> 183.39003 | O5: =L5-I5 -> 0 | P5: =N5-K5 -> -28.374679 | Q5: =N5/K5 -> 0.86600846 | R5: =Q21 -> 0.86571081 | S5: 0.37847222 | T5: 0.40309028 | U5: 6 | V5: 35.45 | AA5: =M5-J5 -> -482.36953 | AB5: =M5/J5 -> 0.86600846 | AC5: =AB21 -> 0.86571081
B6: 18℃-壽司手卷 | C6: 一配雙饗雙手卷 | E6: 29.52 | F6: 1749 | G6: =E6*F6 -> 51630.48 | I6: 17 | J6: 3600 | K6: =J6/I6 -> 211.76471 | L6: 17 | M6: =F6/V6*60 -> 3115.4874 | N6: =M6/L6 -> 183.26396 | O6: =L6-I6 -> 0 | P6: =N6-K6 -> -28.500742 | Q6: =N6/K6 -> 0.86541316 | S6: 0.40646991 | T6: 0.42986111 | U6: 4.8666667 | V6: 33.683333 | AA6: =M6-J6 -> -484.51262 | AB6: =M6/J6 -> 0.86541316
B21: 平均 | I21: =AVERAGE(I5:I20) -> 17 | J21: =AVERAGE(J5:J20) -> 3600 | K21: =J21/I21 -> 211.76471 | L21: =AVERAGE(L5:L20) -> 17 | M21: =AVERAGE(M5:M20) -> 3116.5589 | N21: =M21/L21 -> 183.327 | O21: =L21-I21 -> 0 | P21: =N21-K21 -> -28.43771 | Q21: =N21/K21 -> 0.86571081 | S21: =S5 -> 0.37847222 | T21: =INDEX(T5:T20,COUNTA(T5:T20)) -> 0.42986111 | AA21: =M21-J21 -> -483.44108 | AB21: =M21/J21 -> 0.86571081
A22: 自動包裝機 | B22: 18℃-壽司手卷 | C22: 一配長野稻荷壽司 | E22: 25.64 | F22: 1078 | G22: =E22*F22 -> 27639.92 | I22: 11 | J22: 3600 | K22: =J22/I22 -> 327.27273 | L22: 11 | M22: =F22/V22*60 -> 3144.8947 | N22: =M22/L22 -> 285.89951 | O22: =L22-I22 -> 0 | P22: =N22-K22 -> -41.373213 | Q22: =N22/K22 -> 0.87358185 | R22: =Q38 -> 0.8682083 | S22: 0.25030093 | T22: 0.26458333 | V22: 20.566667 | AA22: =M22-J22 -> -455.10535 | AB22: =M22/J22 -> 0.87358185 | AC22: =AB38 -> 0.8682083
B23: 18℃-飯糰 | C23: 一配兩粒飯糰(鮪魚.焦糖鮭魚) | E23: 28.57 | F23: 2642 | G23: =E23*F23 -> 75481.94 | I23: 12 | J23: 3600 | K23: =J23/I23 -> 300 | L23: 12 | M23: =F23/V23*60 -> 3106.2051 | N23: =M23/L23 -> 258.85042 | O23: =L23-I23 -> 0 | P23: =N23-K23 -> -41.149575 | Q23: =N23/K23 -> 0.86283475 | S23: 0.26805556 | T23: 0.30349537 | U23: 5 | V23: 51.033333 | AA23: =M23-J23 -> -493.79491 | AB23: =M23/J23 -> 0.86283475
B38: 平均 | I38: =AVERAGE(I22:I37) -> 11.5 | J38: =AVERAGE(J22:J37) -> 3600 | K38: =J38/I38 -> 313.04348 | L38: =AVERAGE(L22:L37) -> 11.5 | M38: =AVERAGE(M22:M37) -> 3125.5499 | N38: =M38/L38 -> 271.78695 | O38: =L38-I38 -> 0 | P38: =N38-K38 -> -41.256533 | Q38: =N38/K38 -> 0.8682083 | S38: =S22 -> 0.25030093 | T38: =INDEX(T22:T37,COUNTA(T22:T37)) -> 0.30349537 | AA38: =M38-J38 -> -474.45013 | AB38: =M38/J38 -> 0.8682083
A39: 自動包裝機2 | B39: 18℃-壽司手卷 | C39: 一配雙鬆細卷 | E39: 14.03 | F39: 1121 | G39: =E39*F39 -> 15727.63 | I39: 6 | J39: 2600 | K39: =J39/I39 -> 433.33333 | L39: 6 | M39: =F39/V39*60 -> 2306.0571 | N39: =M39/L39 -> 384.34286 | O39: =L39-I39 -> 0 | P39: =N39-K39 -> -48.990476 | Q39: =N39/K39 -> 0.88694505 | R39: =Q55 -> 0.8873576 | S39: 0.25 | T39: 0.27025463 | V39: 29.166667 | AA39: =M39-J39 -> -293.94286 | AB39: =M39/J39 -> 0.88694505 | AC39: =AB55 -> 0.8873576
B40: 18℃-壽司手卷 | C40: 一配香濃起司蟹風味棒細卷 | E40: 17.73 | F40: 865 | G40: =E40*F40 -> 15336.45 | I40: 6 | J40: 2600 | K40: =J40/I40 -> 433.33333 | L40: 6 | M40: =F40/V40*60 -> 2308.3766 | N40: =M40/L40 -> 384.72943 | O40: =L40-I40 -> 0 | P40: =N40-K40 -> -48.603904 | Q40: =N40/K40 -> 0.88783714 | S40: 0.27361111 | T40: 0.28922454 | U40: 4.8333333 | V40: 22.483333 | AA40: =M40-J40 -> -291.62342 | AB40: =M40/J40 -> 0.88783714
B41: 18℃-壽司手卷 | C41: 一配經典鮪魚沙拉細卷 | E41: 14.49 | F41: 1124 | G41: =E41*F41 -> 16286.76 | I41: 6 | J41: 2600 | K41: =J41/I41 -> 433.33333 | L41: 6 | M41: =F41/V41*60 -> 2306.9555 | N41: =M41/L41 -> 384.49259 | O41: =L41-I41 -> 0 | P41: =N41-K41 -> -48.840745 | Q41: =N41/K41 -> 0.88729059 | S41: 0.29236111 | T41: 0.31266204 | U41: 4.5166667 | V41: 29.233333 | AA41: =M41-J41 -> -293.04447 | AB41: =M41/J41 -> 0.88729059
B55: 平均 | I55: =AVERAGE(I39:I54) -> 6 | J55: =AVERAGE(J39:J54) -> 2600 | K55: =J55/I55 -> 433.33333 | L55: =AVERAGE(L39:L54) -> 6 | M55: =AVERAGE(M39:M54) -> 2307.1297 | N55: =M55/L55 -> 384.52162 | O55: =L55-I55 -> 0 | P55: =N55-K55 -> -48.811708 | Q55: =N55/K55 -> 0.8873576 | S55: =S39 -> 0.25 | T55: =INDEX(T39:T54,COUNTA(T39:T54)) -> 0.31266204 | AA55: =M55-J55 -> -292.87025 | AB55: =M55/J55 -> 0.8873576
A56: 自動包裝機3 | B56: 18℃-壽司手卷 | C56: 一配滿滿海鮮沙拉脆卷 | E56: 19.39 | F56: 403 | G56: =E56*F56 -> 7814.17 | I56: 6 | J56: 2500 | K56: =J56/I56 -> 416.66667 | L56: 6 | M56: =F56/V56*60 -> 2232 | N56: =M56/L56 -> 372 | O56: =L56-I56 -> 0 | P56: =N56-K56 -> -44.666667 | Q56: =N56/K56 -> 0.8928 | R56: =Q72 -> 0.89281044 | S56: 0.43900463 | T56: 0.44652778 | U56: 5.1666667 | V56: 10.833333 | AA56: =M56-J56 -> -268 | AB56: =M56/J56 -> 0.8928 | AC56: =AB72 -> 0.89281044
B57: 18℃-壽司手卷 | C57: 一配明太子玉子脆卷 | E57: 19.7 | F57: 855 | G57: =E57*F57 -> 16843.5 | I57: 6 | J57: 2500 | K57: =J57/I57 -> 416.66667 | L57: 6 | M57: =F57/V57*60 -> 2232.0522 | N57: =M57/L57 -> 372.0087 | O57: =L57-I57 -> 0 | P57: =N57-K57 -> -44.657965 | Q57: =N57/K57 -> 0.89282088 | S57: 0.45001157 | T57: 0.46597222 | U57: 5.0166667 | V57: 22.983333 | AA57: =M57-J57 -> -267.94779 | AB57: =M57/J57 -> 0.89282088
B72: 平均 | I72: =AVERAGE(I56:I71) -> 6 | J72: =AVERAGE(J56:J71) -> 2500 | K72: =J72/I72 -> 416.66667 | L72: =AVERAGE(L56:L71) -> 6 | M72: =AVERAGE(M56:M71) -> 2232.0261 | N72: =M72/L72 -> 372.00435 | O72: =L72-I72 -> 0 | P72: =N72-K72 -> -44.662316 | Q72: =N72/K72 -> 0.89281044 | S72: =S56 -> 0.43900463 | T72: =INDEX(T56:T71,COUNTA(T56:T71)) -> 0.46597222 | AA72: =M72-J72 -> -267.97389 | AB72: =M72/J72 -> 0.89281044
A73: (新) 3300型飯糰機 | B73: 18℃-飯糰 | C73: 一配照燒雞肉飯糰 | E73: 21.45 | F73: 2016 | G73: =E73*F73 -> 43243.2 | I73: 4 | J73: 3300 | K73: =J73/I73 -> 825 | L73: 4 | M73: =F73/V73*60 -> 2949.0451 | N73: =M73/L73 -> 737.26128 | O73: =L73-I73 -> 0 | P73: =N73-K73 -> -87.738724 | Q73: =N73/K73 -> 0.89365003 | R73: =Q89 -> 0.89264254 | S73: 0.25 | T73: 0.2784838 | V73: 41.016667 | AA73: =M73-J73 -> -350.9549 | AB73: =M73/J73 -> 0.89365003 | AC73: =AB89 -> 0.89264254
B74: 18℃-飯糰 | C74: 一配壹號醬炙烤牛飯糰 | E74: 22.28 | F74: 1048 | G74: =E74*F74 -> 23349.44 | I74: 5 | J74: 3300 | K74: =J74/I74 -> 660 | L74: 5 | M74: =F74/V74*60 -> 2947.5 | N74: =M74/L74 -> 589.5 | O74: =L74-I74 -> 0 | P74: =N74-K74 -> -70.5 | Q74: =N74/K74 -> 0.89318182 | S74: 0.28194444 | T74: 0.29675926 | U74: 4.9833333 | V74: 21.333333 | AA74: =M74-J74 -> -352.5 | AB74: =M74/J74 -> 0.89318182
B75: 18℃-飯糰 | C75: 一配鹽蔥燒肉飯糰 | E75: 17.89 | F75: 2433 | G75: =E75*F75 -> 43526.37 | I75: 4 | J75: 3300 | K75: =J75/I75 -> 825 | L75: 4 | M75: =F75/V75*60 -> 2946.115 | N75: =M75/L75 -> 736.52876 | O75: =L75-I75 -> 0 | P75: =N75-K75 -> -88.471241 | Q75: =N75/K75 -> 0.89276213 | S75: 0.3003125 | T75: 0.33472222 | U75: 5.1166667 | V75: 49.55 | AA75: =M75-J75 -> -353.88496 | AB75: =M75/J75 -> 0.89276213
B76: 18℃-飯糰 | C76: 一配雞肉飯飯糰 | E76: 16.66 | F76: 3984 | G76: =E76*F76 -> 66373.44 | I76: 4 | J76: 3300 | K76: =J76/I76 -> 825 | L76: 4 | M76: =F76/V76*60 -> 2940.2214 | N76: =M76/L76 -> 735.05535 | O76: =L76-I76 -> 0 | P76: =N76-K76 -> -89.944649 | Q76: =N76/K76 -> 0.89097618 | S76: 0.33819444 | T76: 0.39465278 | U76: 5 | V76: 81.3 | AA76: =M76-J76 -> -359.7786 | AB76: =M76/J76 -> 0.89097618
B89: 平均 | I89: =AVERAGE(I73:I88) -> 4.25 | J89: =AVERAGE(J73:J88) -> 3300 | K89: =J89/I89 -> 776.47059 | L89: =AVERAGE(L73:L88) -> 4.25 | M89: =AVERAGE(M73:M88) -> 2945.7204 | N89: =M89/L89 -> 693.11068 | O89: =L89-I89 -> 0 | P89: =N89-K89 -> -83.359909 | Q89: =N89/K89 -> 0.89264254 | S89: =S73 -> 0.25 | T89: =INDEX(T73:T88,COUNTA(T73:T88)) -> 0.39465278 | AA89: =M89-J89 -> -354.27961 | AB89: =M89/J89 -> 0.89264254
A90: GKK3600型 飯糰機 | B90: 18℃-飯糰 | C90: 一配蔬食鮪魚飯糰 | E90: 18.18 | F90: 1332 | G90: =E90*F90 -> 24215.76 | I90: 3 | J90: 3600 | K90: =J90/I90 -> 1200 | L90: 3 | M90: =F90/V90*60 -> 3111.7456 | N90: =M90/L90 -> 1037.2485 | O90: =L90-I90 -> 0 | P90: =N90-K90 -> -162.75146 | Q90: =N90/K90 -> 0.86437378 | R90: =Q106 -> 0.87009205 | S90: 0.25021991 | T90: 0.26805556 | V90: 25.683333 | AA90: =M90-J90 -> -488.25438 | AB90: =M90/J90 -> 0.86437378 | AC90: =AB106 -> 0.87009205
B91: 18℃-飯糰 | C91: 一配經典肉鬆飯糰 | E91: 14.03 | F91: 3873 | G91: =E91*F91 -> 54338.19 | I91: 3 | J91: 3000 | K91: =J91/I91 -> 1000 | L91: 3 | M91: =F91/V91*60 -> 2674.6211 | N91: =M91/L91 -> 891.54038 | O91: =L91-I91 -> 0 | P91: =N91-K91 -> -108.45962 | Q91: =N91/K91 -> 0.89154038 | S91: 0.27855324 | T91: 0.33888889 | U91: 15.116667 | V91: 86.883333 | AA91: =M91-J91 -> -325.37886 | AB91: =M91/J91 -> 0.89154038
B92: 18℃-飯糰 | C92: 一配明太子龍蝦風味沙拉飯糰 | E92: 18.18 | F92: 1980 | G92: =E92*F92 -> 35996.4 | I92: 3 | J92: 3600 | K92: =J92/I92 -> 1200 | L92: 3 | M92: =F92/V92*60 -> 3109.9476 | N92: =M92/L92 -> 1036.6492 | O92: =L92-I92 -> 0 | P92: =N92-K92 -> -163.35079 | Q92: =N92/K92 -> 0.86387435 | S92: 0.34930556 | T92: 0.37583333 | U92: 15 | V92: 38.2 | AA92: =M92-J92 -> -490.05236 | AB92: =M92/J92 -> 0.86387435
B93: 18℃-飯糰 | C93: 一配鮪魚飯糰 | E93: 14.28 | F93: 4701 | G93: =E93*F93 -> 67130.28 | I93: 3 | J93: 3600 | K93: =J93/I93 -> 1200 | L93: 3 | M93: =F93/V93*60 -> 3110.9559 | N93: =M93/L93 -> 1036.9853 | O93: =L93-I93 -> 0 | P93: =N93-K93 -> -163.01471 | Q93: =N93/K93 -> 0.86415441 | S93: 0.38634259 | T93: 0.44930556 | U93: 15.133333 | V93: 90.666667 | AA93: =M93-J93 -> -489.04412 | AB93: =M93/J93 -> 0.86415441
B106: 平均 | I106: =AVERAGE(I90:I105) -> 3 | J106: =AVERAGE(J90:J105) -> 3450 | K106: =J106/I106 -> 1150 | L106: =AVERAGE(L90:L105) -> 3 | M106: =AVERAGE(M90:M105) -> 3001.8176 | N106: =M106/L106 -> 1000.6059 | O106: =L106-I106 -> 0 | P106: =N106-K106 -> -149.39414 | Q106: =N106/K106 -> 0.87009205 | S106: =S90 -> 0.25021991 | T106: =INDEX(T90:T105,COUNTA(T90:T105)) -> 0.44930556 | AA106: =M106-J106 -> -448.18243 | AB106: =M106/J106 -> 0.87009205
A107: GKK3600型 飯糰機2 | B107: 18℃-飯糰 | C107: 一配博多明太子奶油飯糰 | E107: 25.45 | F107: 891 | G107: =E107*F107 -> 22675.95 | I107: 4 | J107: 3300 | K107: =J107/I107 -> 825 | L107: 4 | M107: =F107/V107*60 -> 2910.7078 | N107: =M107/L107 -> 727.67695 | O107: =L107-I107 -> 0 | P107: =N107-K107 -> -97.323049 | Q107: =N107/K107 -> 0.88203267 | R107: =Q123 -> 0.88567971 | S107: 0.25 | T107: 0.26275463 | V107: 18.366667 | AA107: =M107-J107 -> -389.2922 | AB107: =M107/J107 -> 0.88203267 | AC107: =AB123 -> 0.88567971
B108: 18℃-飯糰 | C108: 一配熟成紅鮭飯糰 | E108: 25.03 | F108: 1354 | G108: =E108*F108 -> 33890.62 | I108: 4 | J108: 3300 | K108: =J108/I108 -> 825 | L108: 4 | M108: =F108/V108*60 -> 2911.828 | N108: =M108/L108 -> 727.95699 | O108: =L108-I108 -> 0 | P108: =N108-K108 -> -97.043011 | Q108: =N108/K108 -> 0.88237211 | S108: 0.27298611 | T108: 0.29236111 | U108: 14.733333 | V108: 27.9 | AA108: =M108-J108 -> -388.17204 | AB108: =M108/J108 -> 0.88237211
B109: 18℃-飯糰 | C109: 一配北海道秋鮭親子飯糰 | E109: 24.82 | F109: 1584 | G109: =E109*F109 -> 39314.88 | I109: 4 | J109: 3300 | K109: =J109/I109 -> 825 | L109: 4 | M109: =F109/V109*60 -> 2918.3214 | N109: =M109/L109 -> 729.58035 | O109: =L109-I109 -> 0 | P109: =N109-K109 -> -95.419652 | Q109: =N109/K109 -> 0.88433982 | S109: 0.3030787 | T109: 0.32569444 | U109: 15.433333 | V109: 32.566667 | AA109: =M109-J109 -> -381.67861 | AB109: =M109/J109 -> 0.88433982
B110: 18℃-飯糰 | C110: 一配贅沢鮭魚肚飯糰 | E110: 30 | F110: 2583 | G110: =E110*F110 -> 77490 | I110: 3 | J110: 3000 | K110: =J110/I110 -> 1000 | L110: 3 | M110: =F110/V110*60 -> 2684.4111 | N110: =M110/L110 -> 894.8037 | O110: =L110-I110 -> 0 | P110: =N110-K110 -> -105.1963 | Q110: =N110/K110 -> 0.8948037 | S110: 0.3362963 | T110: 0.37638889 | U110: 15.266667 | V110: 57.733333 | AA110: =M110-J110 -> -315.58891 | AB110: =M110/J110 -> 0.8948037
B123: 平均 | I123: =AVERAGE(I107:I122) -> 3.75 | J123: =AVERAGE(J107:J122) -> 3225 | K123: =J123/I123 -> 860 | L123: =AVERAGE(L107:L122) -> 3.75 | M123: =AVERAGE(M107:M122) -> 2856.3171 | N123: =M123/L123 -> 761.68455 | O123: =L123-I123 -> 0 | P123: =N123-K123 -> -98.315451 | Q123: =N123/K123 -> 0.88567971 | S123: =S107 -> 0.25 | T123: =INDEX(T107:T122,COUNTA(T107:T122)) -> 0.37638889 | AA123: =M123-J123 -> -368.68294 | AB123: =M123/J123 -> 0.88567971
A124: 自動包裝機 (二配) | B124: 18℃-飯糰 | C124: 二配兔兔昆布飯糰 | E124: 13.42 | F124: 134 | G124: =E124*F124 -> 1798.28 | I124: 6 | J124: 3600 | K124: =J124/I124 -> 600 | L124: 6 | M124: =F124/V124*60 -> 3216 | N124: =M124/L124 -> 536 | O124: =L124-I124 -> 0 | P124: =N124-K124 -> -64 | Q124: =N124/K124 -> 0.89333333 | R124: =Q140 -> 0.87179263 | S124: 0.70868056 | T124: 0.71041667 | V124: 2.5 | AA124: =M124-J124 -> -384 | AB124: =M124/J124 -> 0.89333333 | AC124: =AB140 -> 0.87179263
B125: 18℃-壽司手卷 | C125: 二配長野稻荷壽司 | E125: 25.64 | F125: 1450 | G125: =E125*F125 -> 37178 | I125: 11 | J125: 3600 | K125: =J125/I125 -> 327.27273 | L125: 11 | M125: =F125/V125*60 -> 3142.6851 | N125: =M125/L125 -> 285.69865 | O125: =L125-I125 -> 0 | P125: =N125-K125 -> -41.574079 | Q125: =N125/K125 -> 0.87296809 | S125: 0.71480324 | T125: 0.73402778 | U125: 6.3166667 | V125: 27.683333 | AA125: =M125-J125 -> -457.31487 | AB125: =M125/J125 -> 0.87296809
B126: 18℃-壽司手卷 | C126: 二配雙饗雙手卷 | E126: 29.52 | F126: 1831 | G126: =E126*F126 -> 54051.12 | I126: 17 | J126: 3600 | K126: =J126/I126 -> 211.76471 | L126: 17 | M126: =F126/V126*60 -> 3113.6514 | N126: =M126/L126 -> 183.15596 | O126: =L126-I126 -> 0 | P126: =N126-K126 -> -28.608742 | Q126: =N126/K126 -> 0.86490316 | S126: 0.7375 | T126: 0.76200231 | U126: 5 | V126: 35.283333 | AA126: =M126-J126 -> -486.34861 | AB126: =M126/J126 -> 0.86490316
B127: 18℃-壽司手卷 | C127: 二配海饌雙手卷 | E127: 29.85 | F127: 1926 | G127: =E127*F127 -> 57491.1 | I127: 17 | J127: 3600 | K127: =J127/I127 -> 211.76471 | L127: 17 | M127: =F127/V127*60 -> 3114.8248 | N127: =M127/L127 -> 183.22499 | O127: =L127-I127 -> 0 | P127: =N127-K127 -> -28.539718 | Q127: =N127/K127 -> 0.86522911 | S127: 0.76527778 | T127: 0.79104167 | U127: 4.7166667 | V127: 37.1 | AA127: =M127-J127 -> -485.1752 | AB127: =M127/J127 -> 0.86522911
B128: 18℃-飯糰 | C128: 二配兩粒飯糰(鮪魚.焦糖鮭魚) | E128: 28.57 | F128: 2196 | G128: =E128*F128 -> 62739.72 | I128: 12 | J128: 3600 | K128: =J128/I128 -> 300 | L128: 12 | M128: =F128/V128*60 -> 3105.106 | N128: =M128/L128 -> 258.75884 | O128: =L128-I128 -> 0 | P128: =N128-K128 -> -41.241163 | Q128: =N128/K128 -> 0.86252946 | S128: 0.79513889 | T128: 0.82460648 | U128: 5.9 | V128: 42.433333 | AA128: =M128-J128 -> -494.89395 | AB128: =M128/J128 -> 0.86252946
B140: 平均 | I140: =AVERAGE(I124:I139) -> 12.6 | J140: =AVERAGE(J124:J139) -> 3600 | K140: =J140/I140 -> 285.71429 | L140: =AVERAGE(L124:L139) -> 12.6 | M140: =AVERAGE(M124:M139) -> 3138.4535 | N140: =M140/L140 -> 249.08361 | O140: =L140-I140 -> 0 | P140: =N140-K140 -> -36.630677 | Q140: =N140/K140 -> 0.87179263 | S140: =S124 -> 0.70868056 | T140: =INDEX(T124:T139,COUNTA(T124:T139)) -> 0.82460648 | AA140: =M140-J140 -> -461.54653 | AB140: =M140/J140 -> 0.87179263
A141: (舊) 3300型飯糰線 (二配) | B141: 18℃-飯糰 | C141: 二配三杯醬爆菇菇飯糰 | E141: 16.7 | F141: 2386 | G141: =E141*F141 -> 39846.2 | I141: 3 | J141: 3300 | K141: =J141/I141 -> 1100 | L141: 3 | M141: =F141/V141*60 -> 2939.6304 | N141: =M141/L141 -> 979.8768 | O141: =L141-I141 -> 0 | P141: =N141-K141 -> -120.1232 | Q141: =N141/K141 -> 0.89079709 | R141: =Q157 -> 0.88764039 | S141: 0.70854167 | T141: 0.74236111 | V141: 48.7 | AA141: =M141-J141 -> -360.36961 | AB141: =M141/J141 -> 0.89079709 | AC141: =AB157 -> 0.88764039
B142: 18℃-飯糰 | C142: 二配油蔥G絲飯糰 | E142: 18.18 | F142: 963 | G142: =E142*F142 -> 17507.34 | I142: 4 | J142: 3300 | K142: =J142/I142 -> 825 | L142: 4 | M142: =F142/V142*60 -> 2945.4545 | N142: =M142/L142 -> 736.36364 | O142: =L142-I142 -> 0 | P142: =N142-K142 -> -88.636364 | Q142: =N142/K142 -> 0.89256198 | S142: 0.74609954 | T142: 0.75972222 | U142: 5.3833333 | V142: 19.616667 | AA142: =M142-J142 -> -354.54545 | AB142: =M142/J142 -> 0.89256198
B143: 18℃-飯糰 | C143: 二配壹號醬炙烤牛飯糰 | E143: 22.28 | F143: 1598 | G143: =E143*F143 -> 35603.44 | I143: 5 | J143: 3300 | K143: =J143/I143 -> 660 | L143: 5 | M143: =F143/V143*60 -> 2941.1043 | N143: =M143/L143 -> 588.22086 | O143: =L143-I143 -> 0 | P143: =N143-K143 -> -71.779141 | Q143: =N143/K143 -> 0.89124373 | S143: 0.76416667 | T143: 0.78680556 | U143: 6.4 | V143: 32.6 | AA143: =M143-J143 -> -358.89571 | AB143: =M143/J143 -> 0.89124373
B144: 18℃-飯糰 | C144: 二配大飯糰鮪魚昆布 | E144: 22.21 | F144: 1331 | G144: =E144*F144 -> 29561.51 | I144: 4 | J144: 3000 | K144: =J144/I144 -> 750 | L144: 4 | M144: =F144/V144*60 -> 2651.6879 | N144: =M144/L144 -> 662.92197 | O144: =L144-I144 -> 0 | P144: =N144-K144 -> -87.07803 | Q144: =N144/K144 -> 0.88389596 | S144: 0.79027778 | T144: 0.81119213 | U144: 5 | V144: 30.116667 | AA144: =M144-J144 -> -348.31212 | AB144: =M144/J144 -> 0.88389596
B145: 18℃-飯糰 | C145: 二配大飯糰韓式蒜烤豬五花 | E145: 24.54 | F145: 3878 | G145: =E145*F145 -> 95166.12 | I145: 4 | J145: 3000 | K145: =J145/I145 -> 750 | L145: 4 | M145: =F145/V145*60 -> 2635.6051 | N145: =M145/L145 -> 658.90126 | O145: =L145-I145 -> 0 | P145: =N145-K145 -> -91.098735 | Q145: =N145/K145 -> 0.87853502 | S145: 0.81458333 | T145: 0.8758912 | U145: 4.8833333 | V145: 88.283333 | AA145: =M145-J145 -> -364.39494 | AB145: =M145/J145 -> 0.87853502
B157: 平均 | I157: =AVERAGE(I141:I156) -> 4 | J157: =AVERAGE(J141:J156) -> 3180 | K157: =J157/I157 -> 795 | L157: =AVERAGE(L141:L156) -> 4 | M157: =AVERAGE(M141:M156) -> 2822.6964 | N157: =M157/L157 -> 705.67411 | O157: =L157-I157 -> 0 | P157: =N157-K157 -> -89.325891 | Q157: =N157/K157 -> 0.88764039 | S157: =S141 -> 0.70854167 | T157: =INDEX(T141:T156,COUNTA(T141:T156)) -> 0.8758912 | AA157: =M157-J157 -> -357.30357 | AB157: =M157/J157 -> 0.88764039
A158: (新) 3300型飯糰機 (二配) | B158: 18℃-飯糰 | C158: 二配鹽蔥燒肉飯糰 | E158: 17.89 | F158: 4690 | G158: =E158*F158 -> 83904.1 | I158: 4 | J158: 3300 | K158: =J158/I158 -> 825 | L158: 4 | M158: =F158/V158*60 -> 2938.9034 | N158: =M158/L158 -> 734.72585 | O158: =L158-I158 -> 0 | P158: =N158-K158 -> -90.274151 | Q158: =N158/K158 -> 0.89057679 | R158: =Q174 -> 0.89080232 | S158: 0.70850694 | T158: 0.775 | V158: 95.75 | AA158: =M158-J158 -> -361.09661 | AB158: =M158/J158 -> 0.89057679 | AC158: =AB174 -> 0.89080232
B159: 18℃-飯糰 | C159: 二配雞肉飯飯糰 | E159: 16.66 | F159: 7128 | G159: =E159*F159 -> 118752.48 | I159: 4 | J159: 3300 | K159: =J159/I159 -> 825 | L159: 4 | M159: =F159/V159*60 -> 2940.3919 | N159: =M159/L159 -> 735.09797 | O159: =L159-I159 -> 0 | P159: =N159-K159 -> -89.902028 | Q159: =N159/K159 -> 0.89102784 | S159: 0.77916667 | T159: 0.88017361 | U159: 6 | V159: 145.45 | AA159: =M159-J159 -> -359.60811 | AB159: =M159/J159 -> 0.89102784
B174: 平均 | I174: =AVERAGE(I158:I173) -> 4 | J174: =AVERAGE(J158:J173) -> 3300 | K174: =J174/I174 -> 825 | L174: =AVERAGE(L158:L173) -> 4 | M174: =AVERAGE(M158:M173) -> 2939.6476 | N174: =M174/L174 -> 734.91191 | O174: =L174-I174 -> 0 | P174: =N174-K174 -> -90.08809 | Q174: =N174/K174 -> 0.89080232 | S174: =S158 -> 0.70850694 | T174: =INDEX(T158:T173,COUNTA(T158:T173)) -> 0.88017361 | AA174: =M174-J174 -> -360.35236 | AB174: =M174/J174 -> 0.89080232
A175: GKK3600型 飯糰機 (二配) | B175: 18℃-飯糰 | C175: 二配經典肉鬆飯糰 | E175: 14.03 | F175: 2867 | G175: =E175*F175 -> 40224.01 | H175: 2 | I175: 3 | J175: 3000 | K175: =J175/I175 -> 1000 | L175: 3 | M175: =F175/V175*60 -> 2679.4393 | N175: =M175/L175 -> 893.14642 | O175: =L175-I175 -> 0 | P175: =N175-K175 -> -106.85358 | Q175: =N175/K175 -> 0.89314642 | R175: =Q191 -> 0.88473864 | S175: 0.70833333 | T175: 0.75291667 | V175: 64.2 | AA175: =M175-J175 -> -320.56075 | AB175: =M175/J175 -> 0.89314642 | AC175: =AB191 -> 0.88473864
B176: 18℃-飯糰 | C176: 二配芝麻香鬆飯糰 | E176: 18.18 | F176: 1860 | G176: =E176*F176 -> 33814.8 | I176: 4 | J176: 3000 | K176: =J176/I176 -> 750 | L176: 4 | M176: =F176/V176*60 -> 2676.259 | N176: =M176/L176 -> 669.06475 | O176: =L176-I176 -> 0 | P176: =N176-K176 -> -80.935252 | Q176: =N176/K176 -> 0.89208633 | S176: 0.76340278 | T176: 0.79236111 | U176: 15.1 | V176: 41.7 | AA176: =M176-J176 -> -323.74101 | AB176: =M176/J176 -> 0.89208633
B177: 18℃-飯糰 | C177: 二配鮪魚飯糰 | E177: 14.28 | F177: 4337 | G177: =E177*F177 -> 61932.36 | H177: 2 | I177: 3 | J177: 3600 | K177: =J177/I177 -> 1200 | L177: 3 | M177: =F177/V177*60 -> 3112.6794 | N177: =M177/L177 -> 1037.5598 | O177: =L177-I177 -> 0 | P177: =N177-K177 -> -162.44019 | Q177: =N177/K177 -> 0.86463317 | S177: 0.80305556 | T177: 0.86111111 | U177: 15.4 | V177: 83.6 | W177: 0.86111111 | X177: 0.91388889 | AA177: =M177-J177 -> -487.32057 | AB177: =M177/J177 -> 0.86463317
B178: 18℃-飯糰 | C178: 二配經典肉鬆飯糰 | E178: 14.03 | F178: 4083 | G178: =E178*F178 -> 57284.49 | I178: 3 | J178: 3000 | K178: =J178/I178 -> 1000 | L178: 3 | M178: =F178/V178*60 -> 2679.3292 | N178: =M178/L178 -> 893.10973 | O178: =L178-I178 -> 0 | P178: =N178-K178 -> -106.89027 | Q178: =N178/K178 -> 0.89310973 | S178: 0.91388889 | T178: 0.97738426 | U178: 76 | V178: 91.433333 | AA178: =M178-J178 -> -320.6708 | AB178: =M178/J178 -> 0.89310973
B191: 平均 | I191: =AVERAGE(I175:I190) -> 3.25 | J191: =AVERAGE(J175:J190) -> 3150 | K191: =J191/I191 -> 969.23077 | L191: =AVERAGE(L175:L190) -> 3.25 | M191: =AVERAGE(M175:M190) -> 2786.9267 | N191: =M191/L191 -> 857.51591 | O191: =L191-I191 -> 0 | P191: =N191-K191 -> -111.71486 | Q191: =N191/K191 -> 0.88473864 | S191: =S175 -> 0.70833333 | T191: =INDEX(T175:T190,COUNTA(T175:T190)) -> 0.97738426 | AA191: =M191-J191 -> -363.07328 | AB191: =M191/J191 -> 0.88473864
A192: GKK3600型 飯糰機2 (二配) | B192: 18℃-飯糰 | C192: 二配明太子龍蝦風味沙拉飯糰 | E192: 18.18 | F192: 3290 | G192: =E192*F192 -> 59812.2 | I192: 3 | J192: 3600 | K192: =J192/I192 -> 1200 | L192: 3 | M192: =F192/V192*60 -> 3111.1111 | N192: =M192/L192 -> 1037.037 | O192: =L192-I192 -> 0 | P192: =N192-K192 -> -162.96296 | Q192: =N192/K192 -> 0.86419753 | R192: =Q208 -> 0.87155278 | S192: 0.70833333 | T192: 0.75239583 | V192: 63.45 | AA192: =M192-J192 -> -488.88889 | AB192: =M192/J192 -> 0.86419753 | AC192: =AB208 -> 0.87155278
B193: 18℃-飯糰 | C193: 二配蔬食鮪魚飯糰 | E193: 18.18 | F193: 1464 | G193: =E193*F193 -> 26615.52 | I193: 3 | J193: 3600 | K193: =J193/I193 -> 1200 | L193: 3 | M193: =F193/V193*60 -> 3109.3805 | N193: =M193/L193 -> 1036.4602 | O193: =L193-I193 -> 0 | P193: =N193-K193 -> -163.53982 | Q193: =N193/K193 -> 0.86371681 | S193: 0.7625 | T193: 0.78211806 | U193: 14.55 | V193: 28.25 | AA193: =M193-J193 -> -490.61947 | AB193: =M193/J193 -> 0.86371681
B194: 18℃-飯糰 | C194: 二配北海道秋鮭親子飯糰 | E194: 24.82 | F194: 2398 | G194: =E194*F194 -> 59518.36 | I194: 4 | J194: 3300 | K194: =J194/I194 -> 825 | L194: 4 | M194: =F194/V194*60 -> 2917.4721 | N194: =M194/L194 -> 729.36803 | O194: =L194-I194 -> 0 | P194: =N194-K194 -> -95.63197 | Q194: =N194/K194 -> 0.88408246 | S194: 0.79236111 | T194: 0.8266088 | U194: 14.75 | V194: 49.316667 | AA194: =M194-J194 -> -382.52788 | AB194: =M194/J194 -> 0.88408246
B195: 18℃-飯糰 | C195: 二配熟成紅鮭飯糰 | E195: 25.03 | F195: 1883 | G195: =E195*F195 -> 47131.49 | I195: 4 | J195: 3300 | K195: =J195/I195 -> 825 | L195: 4 | M195: =F195/V195*60 -> 2914.3594 | N195: =M195/L195 -> 728.58985 | O195: =L195-I195 -> 0 | P195: =N195-K195 -> -96.410146 | Q195: =N195/K195 -> 0.88313922 | S195: 0.83696759 | T195: 0.86388889 | U195: 14.916667 | V195: 38.766667 | W195: 0.86388889 | X195: 0.91666667 | AA195: =M195-J195 -> -385.64058 | AB195: =M195/J195 -> 0.88313922
B196: 18℃-飯糰 | C196: 二配鮪魚飯糰 | E196: 14.28 | F196: 4318 | G196: =E196*F196 -> 61661.04 | I196: 3 | J196: 3600 | K196: =J196/I196 -> 1200 | L196: 3 | M196: =F196/V196*60 -> 3112.6952 | N196: =M196/L196 -> 1037.5651 | O196: =L196-I196 -> 0 | P196: =N196-K196 -> -162.43492 | Q196: =N196/K196 -> 0.86463757 | S196: 0.91666667 | T196: 0.97446759 | U196: 76 | V196: 83.233333 | AA196: =M196-J196 -> -487.30477 | AB196: =M196/J196 -> 0.86463757
B208: 平均 | I208: =AVERAGE(I192:I207) -> 3.4 | J208: =AVERAGE(J192:J207) -> 3480 | K208: =J208/I208 -> 1023.5294 | L208: =AVERAGE(L192:L207) -> 3.4 | M208: =AVERAGE(M192:M207) -> 3033.0037 | N208: =M208/L208 -> 892.05991 | O208: =L208-I208 -> 0 | P208: =N208-K208 -> -131.46951 | Q208: =N208/K208 -> 0.87155278 | S208: =S192 -> 0.70833333 | T208: =INDEX(T192:T207,COUNTA(T192:T207)) -> 0.97446759 | AA208: =M208-J208 -> -446.99632 | AB208: =M208/J208 -> 0.87155278
Y210: 原因回覆
Y211: 1.當日出勤人數較多
Y212: 2.當日出勤人數較少
Y213: 3.當日出勤熟手較多
Y214: 4.當日出勤新人較多
Y215: 5.機台夾盒
Y216: 6.封膜不順
Y217: 7.更換膠膜
Y218: 8.更換碳帶
Y219: 9.當日熱轉印碳帶異常
Y220: 10.訂單量過少
Y221: 11.新品上市，尚未熟悉
Y222: 12.活動期間品項需貼標

Sheet 1128(4度C)
A1: 大溪廠日報分析 | C1: 總生產量 | D1: =SUM(F5:F157) -> 75945 | E1: 營業額 | F1: =SUM(G5:G157) -> 3580938.6 | G1: 出勤人數 | H1: =L21+L38+L55+L72+L89+L106+L123+L140+L157 -> 168.38571 | I1: 產線配置圖 | L1: 生產實績 | O1: 人時性差異分析 | S1: 日報登錄 | Y1: 分析說明 | AA1: 產能差異分析
A2: 45989 | C2: 人時性 | D2: =AVERAGE(N21,N38,N55,N72,N89,N106,N123,N140,N157) -> 143.77714 | E2: 平均廠價 | F2: =F1/D1 -> 47.151737 | G2: 多次生產數 | H2: =COUNT(H5:H157) -> 0
A3: 線別 | B3: 品類 | C3: 品名 | E3: 廠價 | F3: 生產量 | G3: 營收 | H3: 多次 生產 | I3: 人數 | J3: 產能/時 | K3: 人時性 | L3: 人數 | M3: 產能/時 | N3: 人時性 | O3: 人數 | P3: 人時性 | Q3: 達成率 | R3: 達成率 平均 | S3: 生產時間 | U3: 換線、休息/分 | V3: 稼動時間/分 | W3: 休息時間 | Y3: (屏榮回填) | AA3: 產能/時 | AB3: 達成率 | AC3: 達成率平均
S4: 開始 | T4: 結束 | W4: 開始 | X4: 結束
A5: 便當一線 | B5: 微波小吃 | C5: 日式茶碗蒸 | E5: 19.7 | F5: 3213 | G5: =E5*F5 -> 63296.1 | I5: 13 | J5: 1200 | K5: =J5/I5 -> 92.307692 | L5: 13 | M5: =F5/V5*60 -> 1077.7861 | N5: =M5/L5 -> 82.90662 | O5: =L5-I5 -> 0 | P5: =N5-K5 -> -9.4010723 | Q5: =N5/K5 -> 0.89815505 | R5: =Q21 -> 0.88833151 | S5: 0.25009259 | T5: 0.37430556 | V5: 178.86667 | AA5: =M5-J5 -> -122.21394 | AB5: =M5/J5 -> 0.89815505 | AC5: =AB21 -> 0.88833151
B6: 4℃-飯糰 | C6: 韓素燒若飯糰 | E6: 24.07 | F6: 2110 | G6: =E6*F6 -> 50787.7 | I6: 20 | J6: 2600 | K6: =J6/I6 -> 130 | L6: 20 | M6: =F6/V6*60 -> 2304.6117 | N6: =M6/L6 -> 115.23058 | O6: =L6-I6 -> 0 | P6: =N6-K6 -> -14.769417 | Q6: =N6/K6 -> 0.8863891 | S6: 0.43337963 | T6: 0.47152778 | U6: 5.0666667 | V6: 54.933333 | W6: 0.47152778 | X6: 0.51111111 | AA6: =M6-J6 -> -295.38835 | AB6: =M6/J6 -> 0.8863891
B7: 4℃-飯糰 | C7: 麻油雞飯糰 | E7: 29.97 | F7: 1969 | G7: =E7*F7 -> 59010.93 | I7: 20 | J7: 2600 | K7: =J7/I7 -> 130 | L7: 20 | M7: =F7/V7*60 -> 2302.924 | N7: =M7/L7 -> 115.1462 | O7: =L7-I7 -> 0 | P7: =N7-K7 -> -14.853801 | Q7: =N7/K7 -> 0.88573999 | S7: 0.51111111 | T7: 0.54673611 | U7: 57 | V7: 51.3 | AA7: =M7-J7 -> -297.07602 | AB7: =M7/J7 -> 0.88573999
B21: 平均 | I21: =AVERAGE(I5:I20) -> 17.666667 | J21: =AVERAGE(J5:J20) -> 2133.3333 | K21: =J21/I21 -> 120.75472 | L21: =AVERAGE(L5:L20) -> 17.666667 | M21: =AVERAGE(M5:M20) -> 1895.1072 | N21: =M21/L21 -> 107.27022 | O21: =L21-I21 -> 0 | P21: =N21-K21 -> -13.484496 | Q21: =N21/K21 -> 0.88833151 | S21: =S5 -> 0.25009259 | T21: =INDEX(T5:T20,COUNTA(T5:T20)) -> 0.54673611 | AA21: =M21-J21 -> -238.2261 | AB21: =M21/J21 -> 0.88833151
A22: 便當二線 | B22: 微波主食 | C22: 糖燻野郎三十天熟成牛飯 | E22: 56.77 | F22: 3130 | G22: =E22*F22 -> 177690.1 | I22: 25 | J22: 2000 | K22: =J22/I22 -> 80 | L22: 25 | M22: =F22/V22*60 -> 1774.2088 | N22: =M22/L22 -> 70.968351 | O22: =L22-I22 -> 0 | P22: =N22-K22 -> -9.0316486 | Q22: =N22/K22 -> 0.88710439 | R22: =Q38 -> 0.88684171 | S22: 0.25010417 | T22: 0.32361111 | V22: 105.85 | AA22: =M22-J22 -> -225.79121 | AB22: =M22/J22 -> 0.88710439 | AC22: =AB38 -> 0.88684171
B23: 微波主食 | C23: 蒜蒜燒豚飯 | E23: 51.86 | F23: 1001 | G23: =E23*F23 -> 51911.86 | I23: 25 | J23: 2000 | K23: =J23/I23 -> 80 | L23: 25 | M23: =F23/V23*60 -> 1768.2041 | N23: =M23/L23 -> 70.728165 | O23: =L23-I23 -> 0 | P23: =N23-K23 -> -9.2718351 | Q23: =N23/K23 -> 0.88410206 | S23: 0.32710648 | T23: 0.35069444 | U23: 5.0333333 | V23: 33.966667 | AA23: =M23-J23 -> -231.79588 | AB23: =M23/J23 -> 0.88410206
B24: 便當 | C24: 嫩烤香料雞胸排蔬滿盒 | E24: 77.34 | F24: 1411 | G24: =E24*F24 -> 109126.74 | I24: 25 | J24: 2000 | K24: =J24/I24 -> 80 | L24: 25 | M24: =F24/V24*60 -> 1774.8428 | N24: =M24/L24 -> 70.993711 | O24: =L24-I24 -> 0 | P24: =N24-K24 -> -9.0062893 | Q24: =N24/K24 -> 0.88742138 | S24: 0.354375 | T24: 0.3875 | U24: 5.3 | V24: 47.7 | AA24: =M24-J24 -> -225.15723 | AB24: =M24/J24 -> 0.88742138
B25: 便當 | C25: 健身G肉餐盒 | E25: 59.52 | F25: 2948 | G25: =E25*F25 -> 175464.96 | I25: 25 | J25: 2000 | K25: =J25/I25 -> 80 | L25: 25 | M25: =F25/V25*60 -> 1782.1662 | N25: =M25/L25 -> 71.28665 | O25: =L25-I25 -> 0 | P25: =N25-K25 -> -8.7133501 | Q25: =N25/K25 -> 0.89108312 | S25: 0.39097222 | T25: 0.45989583 | U25: 5 | V25: 99.25 | W25: 0.45989583 | X25: 0.50011574 | AA25: =M25-J25 -> -217.83375 | AB25: =M25/J25 -> 0.89108312
B26: 便當 | C26: 美式雞丁餐盒 | E26: 59.34 | F26: 1027 | G26: =E26*F26 -> 60942.18 | I26: 24 | J26: 2000 | K26: =J26/I26 -> 83.333333 | L26: 24 | M26: =F26/V26*60 -> 1768.9952 | N26: =M26/L26 -> 73.708134 | O26: =L26-I26 -> 0 | P26: =N26-K26 -> -9.6251994 | Q26: =N26/K26 -> 0.88449761 | S26: 0.50011574 | T26: 0.52430556 | U26: 57.916667 | V26: 34.833333 | AA26: =M26-J26 -> -231.00478 | AB26: =M26/J26 -> 0.88449761
B38: 平均 | I38: =AVERAGE(I22:I37) -> 24.8 | J38: =AVERAGE(J22:J37) -> 2000 | K38: =J38/I38 -> 80.645161 | L38: =AVERAGE(L22:L37) -> 24.8 | M38: =AVERAGE(M22:M37) -> 1773.6834 | N38: =M38/L38 -> 71.519493 | O38: =L38-I38 -> 0 | P38: =N38-K38 -> -9.1256682 | Q38: =N38/K38 -> 0.88684171 | S38: =S22 -> 0.25010417 | T38: =INDEX(T22:T37,COUNTA(T22:T37)) -> 0.52430556 | AA38: =M38-J38 -> -226.31657 | AB38: =M38/J38 -> 0.88684171
A39: 涼麵一線 | B39: 熱食義麵 | C39: 焗烤蕃茄起司四方麵 | E39: 57.3 | F39: 2505 | G39: =E39*F39 -> 143536.5 | I39: 22 | J39: 1800 | K39: =J39/I39 -> 81.818182 | L39: 22 | M39: =F39/V39*60 -> 1592.4422 | N39: =M39/L39 -> 72.383735 | O39: =L39-I39 -> 0 | P39: =N39-K39 -> -9.4344469 | Q39: =N39/K39 -> 0.88469009 | R39: =Q55 -> 0.88064834 | S39: 0.25 | T39: 0.31554398 | V39: 94.383333 | AA39: =M39-J39 -> -207.55783 | AB39: =M39/J39 -> 0.88469009 | AC39: =AB55 -> 0.88064834
B40: 微波主食 | C40: 壹號醬雞豚雙拼 | E40: 56.43 | F40: 1810 | G40: =E40*F40 -> 102138.3 | I40: 22 | J40: 2000 | K40: =J40/I40 -> 90.909091 | L40: 22 | M40: =F40/V40*60 -> 1768.7296 | N40: =M40/L40 -> 80.396802 | O40: =L40-I40 -> 0 | P40: =N40-K40 -> -10.512289 | Q40: =N40/K40 -> 0.88436482 | S40: 0.31875 | T40: 0.36138889 | U40: 4.6166667 | V40: 61.4 | AA40: =M40-J40 -> -231.27036 | AB40: =M40/J40 -> 0.88436482
B41: 便當 | C41: 香烤藍尾鱈魚五行餐盒 | E41: 64.97 | F41: 1794 | G41: =E41*F41 -> 116556.18 | I41: 21 | J41: 2000 | K41: =J41/I41 -> 95.238095 | L41: 21 | M41: =F41/V41*60 -> 1770.8802 | N41: =M41/L41 -> 84.327627 | O41: =L41-I41 -> 0 | P41: =N41-K41 -> -10.910468 | Q41: =N41/K41 -> 0.88544009 | S41: 0.3647338 | T41: 0.40694444 | U41: 4.8166667 | V41: 60.783333 | AA41: =M41-J41 -> -229.11982 | AB41: =M41/J41 -> 0.88544009
B42: 便當 | C42: 照燒豬排纖食餐盒 | E42: 59.36 | F42: 686 | G42: =E42*F42 -> 40720.96 | I42: 20 | J42: 2000 | K42: =J42/I42 -> 100 | L42: 20 | M42: =F42/V42*60 -> 1769.0544 | N42: =M42/L42 -> 88.452722 | O42: =L42-I42 -> 0 | P42: =N42-K42 -> -11.547278 | Q42: =N42/K42 -> 0.88452722 | S42: 0.41041667 | T42: 0.42657407 | U42: 5 | V42: 23.266667 | AA42: =M42-J42 -> -230.94556 | AB42: =M42/J42 -> 0.88452722
B43: 便當 | C43: 烤蛋白餐盒 | E43: 58.67 | F43: 1984 | G43: =E43*F43 -> 116401.28 | I43: 23 | J43: 2000 | K43: =J43/I43 -> 86.956522 | L43: 23 | M43: =F43/V43*60 -> 1773.628 | N43: =M43/L43 -> 77.114261 | O43: =L43-I43 -> 0 | P43: =N43-K43 -> -9.8422604 | Q43: =N43/K43 -> 0.88681401 | S43: 0.42986111 | T43: 0.47646991 | U43: 4.7333333 | V43: 67.116667 | W43: 0.47646991 | X43: 0.51604167 | AA43: =M43-J43 -> -226.37199 | AB43: =M43/J43 -> 0.88681401
B44: 微波主食 | C44: 妮妮家漢堡排 | E44: 57.3 | F44: 291 | G44: =E44*F44 -> 16674.3 | I44: 20 | J44: 2000 | K44: =J44/I44 -> 100 | L44: 20 | M44: =F44/V44*60 -> 1763.6364 | N44: =M44/L44 -> 88.181818 | O44: =L44-I44 -> 0 | P44: =N44-K44 -> -11.818182 | Q44: =N44/K44 -> 0.88181818 | S44: 0.51604167 | T44: 0.52291667 | U44: 56.983333 | V44: 9.9 | AA44: =M44-J44 -> -236.36364 | AB44: =M44/J44 -> 0.88181818
B45: 熱食義麵 | C45: 明太子雞叉燒拌麵 | E45: 57.3 | F45: 1686 | G45: =E45*F45 -> 96607.8 | I45: 21 | J45: 2000 | K45: =J45/I45 -> 95.238095 | L45: 21 | M45: =F45/V45*60 -> 1714.5763 | N45: =M45/L45 -> 81.646489 | O45: =L45-I45 -> 0 | P45: =N45-K45 -> -13.591606 | Q45: =N45/K45 -> 0.85728814 | S45: 0.52708333 | T45: 0.56805556 | U45: 6 | V45: 59 | AA45: =M45-J45 -> -285.42373 | AB45: =M45/J45 -> 0.85728814
B55: 平均 | I55: =AVERAGE(I39:I54) -> 21.285714 | J55: =AVERAGE(J39:J54) -> 1971.4286 | K55: =J55/I55 -> 92.61745 | L55: =AVERAGE(L39:L54) -> 21.285714 | M55: =AVERAGE(M39:M54) -> 1736.1353 | N55: =M55/L55 -> 81.563403 | O55: =L55-I55 -> 0 | P55: =N55-K55 -> -11.054046 | Q55: =N55/K55 -> 0.88064834 | S55: =S39 -> 0.25 | T55: =INDEX(T39:T54,COUNTA(T39:T54)) -> 0.56805556 | AA55: =M55-J55 -> -235.29328 | AB55: =M55/J55 -> 0.88064834
A56: 涼麵二線 | B56: 便當 | C56: 經典滷肉飯 | E56: 47.37 | F56: 1091 | G56: =E56*F56 -> 51680.67 | I56: 21 | J56: 2000 | K56: =J56/I56 -> 95.238095 | L56: 21 | M56: =F56/V56*60 -> 1769.9865 | N56: =M56/L56 -> 84.28507 | O56: =L56-I56 -> 0 | P56: =N56-K56 -> -10.953025 | Q56: =N56/K56 -> 0.88499324 | R56: =Q72 -> 0.87924164 | S56: 0.25001157 | T56: 0.27569444 | V56: 36.983333 | AA56: =M56-J56 -> -230.01352 | AB56: =M56/J56 -> 0.88499324 | AC56: =AB72 -> 0.87924164
B57: 便當 | C57: 蒜味奶燉豬紅米營養餐 | E57: 59.14 | F57: 2754 | G57: =E57*F57 -> 162871.56 | I57: 23 | J57: 2000 | K57: =J57/I57 -> 86.956522 | L57: 23 | M57: =F57/V57*60 -> 1714.9974 | N57: =M57/L57 -> 74.565105 | O57: =L57-I57 -> 0 | P57: =N57-K57 -> -12.391417 | Q57: =N57/K57 -> 0.8574987 | S57: 0.27916667 | T57: 0.34607639 | U57: 5 | V57: 96.35 | AA57: =M57-J57 -> -285.00259 | AB57: =M57/J57 -> 0.8574987
B58: 便當 | C58: 蔬活腿排補力餐盒 | E58: 71.55 | F58: 1576 | G58: =E58*F58 -> 112762.8 | I58: 23 | J58: 2000 | K58: =J58/I58 -> 86.956522 | L58: 23 | M58: =F58/V58*60 -> 1770.234 | N58: =M58/L58 -> 76.966696 | O58: =L58-I58 -> 0 | P58: =N58-K58 -> -9.9898257 | Q58: =N58/K58 -> 0.885117 | S58: 0.35 | T58: 0.38709491 | U58: 5.65 | V58: 53.416667 | AA58: =M58-J58 -> -229.76599 | AB58: =M58/J58 -> 0.885117
B59: 便當 | C59: 香腸腿排雙拼便當 | E59: 53.76 | F59: 2304 | G59: =E59*F59 -> 123863.04 | I59: 21 | J59: 2000 | K59: =J59/I59 -> 95.238095 | L59: 21 | M59: =F59/V59*60 -> 1769.2833 | N59: =M59/L59 -> 84.251585 | O59: =L59-I59 -> 0 | P59: =N59-K59 -> -10.986511 | Q59: =N59/K59 -> 0.88464164 | S59: 0.39027778 | T59: 0.44453704 | U59: 4.5833333 | V59: 78.133333 | W59: 0.44453704 | X59: 0.48505787 | AA59: =M59-J59 -> -230.71672 | AB59: =M59/J59 -> 0.88464164
B60: 便當 | C60: 海陸雙拼肉肉餐盒 | E60: 59.54 | F60: 1901 | G60: =E60*F60 -> 113185.54 | I60: 23 | J60: 2000 | K60: =J60/I60 -> 86.956522 | L60: 23 | M60: =F60/V60*60 -> 1767.9153 | N60: =M60/L60 -> 76.865881 | O60: =L60-I60 -> 0 | P60: =N60-K60 -> -10.090641 | Q60: =N60/K60 -> 0.88395763 | S60: 0.48505787 | T60: 0.52986111 | U60: 58.35 | V60: 64.516667 | AA60: =M60-J60 -> -232.08473 | AB60: =M60/J60 -> 0.88395763
B72: 平均 | I72: =AVERAGE(I56:I71) -> 22.2 | J72: =AVERAGE(J56:J71) -> 2000 | K72: =J72/I72 -> 90.09009 | L72: =AVERAGE(L56:L71) -> 22.2 | M72: =AVERAGE(M56:M71) -> 1758.4833 | N72: =M72/L72 -> 79.210959 | O72: =L72-I72 -> 0 | P72: =N72-K72 -> -10.879131 | Q72: =N72/K72 -> 0.87924164 | S72: =S56 -> 0.25001157 | T72: =INDEX(T56:T71,COUNTA(T56:T71)) -> 0.52986111 | AA72: =M72-J72 -> -241.51671 | AB72: =M72/J72 -> 0.87924164
A73: 涼麵三線 | B73: 季節調理麵 | C73: 大滿足香辣涼麵 | E73: 38.63 | F73: 1412 | G73: =E73*F73 -> 54545.56 | I73: 20 | J73: 3600 | K73: =J73/I73 -> 180 | L73: 20 | M73: =F73/V73*60 -> 3254.2894 | N73: =M73/L73 -> 162.71447 | O73: =L73-I73 -> 0 | P73: =N73-K73 -> -17.285531 | Q73: =N73/K73 -> 0.90396927 | R73: =Q89 -> 0.88456646 | S73: 0.25 | T73: 0.2680787 | V73: 26.033333 | AA73: =M73-J73 -> -345.71063 | AB73: =M73/J73 -> 0.90396927 | AC73: =AB89 -> 0.88456646
B74: 季節調理麵 | C74: 大滿足麻醬涼麵 | E74: 38 | F74: 1844 | G74: =E74*F74 -> 70072 | I74: 21 | J74: 3600 | K74: =J74/I74 -> 171.42857 | L74: 21 | M74: =F74/V74*60 -> 3255.7136 | N74: =M74/L74 -> 155.03398 | O74: =L74-I74 -> 0 | P74: =N74-K74 -> -16.394591 | Q74: =N74/K74 -> 0.90436488 | S74: 0.27153935 | T74: 0.29513889 | U74: 4.9833333 | V74: 33.983333 | AA74: =M74-J74 -> -344.28641 | AB74: =M74/J74 -> 0.90436488
B75: 季節調理麵 | C75: 台式麻醬涼麵 | E75: 31.27 | F75: 932 | G75: =E75*F75 -> 29143.64 | I75: 19 | J75: 3600 | K75: =J75/I75 -> 189.47368 | L75: 19 | M75: =F75/V75*60 -> 3168.272 | N75: =M75/L75 -> 166.75116 | O75: =L75-I75 -> 0 | P75: =N75-K75 -> -22.722529 | Q75: =N75/K75 -> 0.88007554 | S75: 0.29885417 | T75: 0.31111111 | U75: 5.35 | V75: 17.65 | AA75: =M75-J75 -> -431.72805 | AB75: =M75/J75 -> 0.88007554
B76: 季節調理麵 | C76: 椒麻香蔥雞涼拌麵 | E76: 37.94 | F76: 1663 | G76: =E76*F76 -> 63094.22 | I76: 21 | J76: 3600 | K76: =J76/I76 -> 171.42857 | L76: 21 | M76: =F76/V76*60 -> 3169.2959 | N76: =M76/L76 -> 150.91885 | O76: =L76-I76 -> 0 | P76: =N76-K76 -> -20.509718 | Q76: =N76/K76 -> 0.88035998 | S76: 0.31458333 | T76: 0.33644676 | U76: 5 | V76: 31.483333 | AA76: =M76-J76 -> -430.70408 | AB76: =M76/J76 -> 0.88035998
B77: 季節調理麵 | C77: 和風匠製胡麻涼麵 | E77: 32.06 | F77: 819 | G77: =E77*F77 -> 26257.14 | I77: 19 | J77: 3600 | K77: =J77/I77 -> 189.47368 | L77: 19 | M77: =F77/V77*60 -> 3153.369 | N77: =M77/L77 -> 165.96679 | O77: =L77-I77 -> 0 | P77: =N77-K77 -> -23.506896 | Q77: =N77/K77 -> 0.87593583 | S77: 0.33987269 | T77: 0.35069444 | U77: 4.9333333 | V77: 15.583333 | AA77: =M77-J77 -> -446.63102 | AB77: =M77/J77 -> 0.87593583
B78: 微波小吃 | C78: 韓式部隊鍋 | E78: 57.73 | F78: 1078 | G78: =E78*F78 -> 62232.94 | I78: 22 | J78: 1800 | K78: =J78/I78 -> 81.818182 | L78: 22 | M78: =F78/V78*60 -> 1593.7577 | N78: =M78/L78 -> 72.443532 | O78: =L78-I78 -> 0 | P78: =N78-K78 -> -9.37465 | Q78: =N78/K78 -> 0.88542094 | S78: 0.35515046 | T78: 0.38333333 | U78: 6.4166667 | V78: 40.583333 | AA78: =M78-J78 -> -206.2423 | AB78: =M78/J78 -> 0.88542094
B79: 微波小吃 | C79: 日式壽喜燒 | E79: 57.73 | F79: 1075 | G79: =E79*F79 -> 62059.75 | I79: 22 | J79: 1800 | K79: =J79/I79 -> 81.818182 | L79: 22 | M79: =F79/V79*60 -> 1593.2483 | N79: =M79/L79 -> 72.420375 | O79: =L79-I79 -> 0 | P79: =N79-K79 -> -9.3978068 | Q79: =N79/K79 -> 0.88513792 | S79: 0.38680556 | T79: 0.41491898 | U79: 5 | V79: 40.483333 | AA79: =M79-J79 -> -206.75175 | AB79: =M79/J79 -> 0.88513792
B80: 季節調理麵 | C80: 東京豚骨風味拉麵 | E80: 71.84 | F80: 1813 | G80: =E80*F80 -> 130245.92 | I80: 19 | J80: 1800 | K80: =J80/I80 -> 94.736842 | L80: 19 | M80: =F80/V80*60 -> 1593.8462 | N80: =M80/L80 -> 83.88664 | O80: =L80-I80 -> 0 | P80: =N80-K80 -> -10.850202 | Q80: =N80/K80 -> 0.88547009 | S80: 0.41805556 | T80: 0.46545139 | U80: 4.5166667 | V80: 68.25 | W80: 0.46545139 | X80: 0.50416667 | AA80: =M80-J80 -> -206.15385 | AB80: =M80/J80 -> 0.88547009
B81: 季節調理麵 | C81: 醬油叉燒拉麵 | E81: 72.4 | F81: 991 | G81: =E81*F81 -> 71748.4 | I81: 18 | J81: 1800 | K81: =J81/I81 -> 100 | L81: 18 | M81: =F81/V81*60 -> 1551.1304 | N81: =M81/L81 -> 86.173913 | O81: =L81-I81 -> 0 | P81: =N81-K81 -> -13.826087 | Q81: =N81/K81 -> 0.86173913 | S81: 0.50416667 | T81: 0.53078704 | U81: 55.75 | V81: 38.333333 | AA81: =M81-J81 -> -248.86957 | AB81: =M81/J81 -> 0.86173913
B82: 季節調理麵 | C82: 濃厚豚骨拉麵 | E82: 79.19 | F82: 1621 | G82: =E82*F82 -> 128366.99 | I82: 17 | J82: 1800 | K82: =J82/I82 -> 105.88235 | L82: 17 | M82: =F82/V82*60 -> 1550.3719 | N82: =M82/L82 -> 91.19835 | O82: =L82-I82 -> 0 | P82: =N82-K82 -> -14.684003 | Q82: =N82/K82 -> 0.86131775 | S82: 0.53490741 | T82: 0.57847222 | U82: 5.9333333 | V82: 62.733333 | AA82: =M82-J82 -> -249.62806 | AB82: =M82/J82 -> 0.86131775
B89: 平均 | I89: =AVERAGE(I73:I88) -> 19.8 | J89: =AVERAGE(J73:J88) -> 2700 | K89: =J89/I89 -> 136.36364 | L89: =AVERAGE(L73:L88) -> 19.8 | M89: =AVERAGE(M73:M88) -> 2388.3294 | N89: =M89/L89 -> 120.6227 | O89: =L89-I89 -> 0 | P89: =N89-K89 -> -15.740938 | Q89: =N89/K89 -> 0.88456646 | S89: =S73 -> 0.25 | T89: =INDEX(T73:T88,COUNTA(T73:T88)) -> 0.57847222 | AA89: =M89-J89 -> -311.67057 | AB89: =M89/J89 -> 0.88456646
A90: 自動包裝機 | B90: 4℃-壽司手卷 | C90: 鮮蝦稻荷壽司組 | E90: 30.84 | F90: 1437 | G90: =E90*F90 -> 44317.08 | I90: 15 | J90: 3000 | K90: =J90/I90 -> 200 | L90: 15 | M90: =F90/V90*60 -> 2619.3418 | N90: =M90/L90 -> 174.62278 | O90: =L90-I90 -> 0 | P90: =N90-K90 -> -25.377215 | Q90: =N90/K90 -> 0.87311392 | R90: =Q106 -> 0.87993976 | S90: 0.30700231 | T90: 0.32986111 | U90: 5.05 | V90: 32.916667 | AA90: =M90-J90 -> -380.65823 | AB90: =M90/J90 -> 0.87311392 | AC90: =AB106 -> 0.87993976
B91: 4℃-飯糰 | C91: 大口法式蕈菇起司雞排飯糰 | E91: 35.83 | F91: 4296 | G91: =E91*F91 -> 153925.68 | I91: 12 | J91: 3273 | K91: =J91/I91 -> 272.75 | L91: 12 | M91: =F91/V91*60 -> 2907.6142 | N91: =M91/L91 -> 242.30118 | O91: =L91-I91 -> 0 | P91: =N91-K91 -> -30.448816 | Q91: =N91/K91 -> 0.88836365 | S91: 0.33357639 | T91: 0.39513889 | U91: 5.35 | V91: 88.65 | AA91: =M91-J91 -> -365.38579 | AB91: =M91/J91 -> 0.88836365
B92: 4℃-飯糰 | C92: 大口義式香草雞腿排飯糰 | E92: 36.41 | F92: 3281 | G92: =E92*F92 -> 119461.21 | I92: 11 | J92: 3273 | K92: =J92/I92 -> 297.54545 | L92: 11 | M92: =F92/V92*60 -> 2907.8287 | N92: =M92/L92 -> 264.34806 | O92: =L92-I92 -> 0 | P92: =N92-K92 -> -33.197395 | Q92: =N92/K92 -> 0.88842916 | S92: 0.39881944 | T92: 0.44583333 | U92: 5.3 | V92: 67.7 | W92: 0.44583333 | X92: 0.48491898 | AA92: =M92-J92 -> -365.17134 | AB92: =M92/J92 -> 0.88842916
B93: 4℃-飯糰 | C93: 大口蒜味香腸燒肉雙拼飯糰 | E93: 34.23 | F93: 1377 | G93: =E93*F93 -> 47134.71 | I93: 16 | J93: 3000 | K93: =J93/I93 -> 187.5 | L93: 16 | M93: =F93/V93*60 -> 2604.9396 | N93: =M93/L93 -> 162.80872 | O93: =L93-I93 -> 0 | P93: =N93-K93 -> -24.691277 | Q93: =N93/K93 -> 0.86831319 | S93: 0.48491898 | T93: 0.50694444 | U93: 56.283333 | V93: 31.716667 | AA93: =M93-J93 -> -395.06043 | AB93: =M93/J93 -> 0.86831319
B106: 平均 | I106: =AVERAGE(I90:I105) -> 13.5 | J106: =AVERAGE(J90:J105) -> 3136.5 | K106: =J106/I106 -> 232.33333 | L106: =AVERAGE(L90:L105) -> 13.5 | M106: =AVERAGE(M90:M105) -> 2759.9311 | N106: =M106/L106 -> 204.43934 | O106: =L106-I106 -> 0 | P106: =N106-K106 -> -27.893996 | Q106: =N106/K106 -> 0.87993976 | S106: =S90 -> 0.30700231 | T106: =INDEX(T90:T105,COUNTA(T90:T105)) -> 0.50694444 | AA106: =M106-J106 -> -376.56895 | AB106: =M106/J106 -> 0.87993976
A107: 自動包裝機3 | B107: 4℃-飯糰 | C107: 香料咖哩炸雞烤飯糰 | E107: 22.83 | F107: 1590 | G107: =E107*F107 -> 36299.7 | I107: 10 | J107: 3600 | K107: =J107/I107 -> 360 | L107: 10 | M107: =F107/V107*60 -> 3097.4026 | N107: =M107/L107 -> 309.74026 | O107: =L107-I107 -> 0 | P107: =N107-K107 -> -50.25974 | Q107: =N107/K107 -> 0.86038961 | R107: =Q123 -> 0.88691407 | S107: 0.3175 | T107: 0.33888889 | V107: 30.8 | AA107: =M107-J107 -> -502.5974 | AB107: =M107/J107 -> 0.86038961 | AC107: =AB123 -> 0.88691407
B108: 4℃-飯糰 | C108: 淡麗清酒蒸蛤蜊烤飯糰 | E108: 24.73 | F108: 1532 | G108: =E108*F108 -> 37886.36 | I108: 6 | J108: 3600 | K108: =J108/I108 -> 600 | L108: 6 | M108: =F108/V108*60 -> 3257.6491 | N108: =M108/L108 -> 542.94152 | O108: =L108-I108 -> 0 | P108: =N108-K108 -> -57.058476 | Q108: =N108/K108 -> 0.90490254 | S108: 0.34236111 | T108: 0.36195602 | U108: 5 | V108: 28.216667 | AA108: =M108-J108 -> -342.35086 | AB108: =M108/J108 -> 0.90490254
B109: 4℃-飯糰 | C109: 糖燻野郎起司炙燒牛烤飯糰 | E109: 24.73 | F109: 1288 | G109: =E109*F109 -> 31852.24 | I109: 6 | J109: 3600 | K109: =J109/I109 -> 600 | L109: 6 | M109: =F109/V109*60 -> 3258.468 | N109: =M109/L109 -> 543.078 | O109: =L109-I109 -> 0 | P109: =N109-K109 -> -56.921996 | Q109: =N109/K109 -> 0.90513001 | S109: 0.36547454 | T109: 0.38194444 | U109: 5.0666667 | V109: 23.716667 | AA109: =M109-J109 -> -341.53197 | AB109: =M109/J109 -> 0.90513001
B110: 4℃-飯糰 | C110: 和風牛肉咖哩炸飯糰 | E110: 21.74 | F110: 2055 | G110: =E110*F110 -> 44675.7 | I110: 6 | J110: 3600 | K110: =J110/I110 -> 600 | L110: 6 | M110: =F110/V110*60 -> 3161.5385 | N110: =M110/L110 -> 526.92308 | O110: =L110-I110 -> 0 | P110: =N110-K110 -> -73.076923 | Q110: =N110/K110 -> 0.87820513 | S110: 0.38541667 | T110: 0.4125 | U110: 5 | V110: 39 | AA110: =M110-J110 -> -438.46154 | AB110: =M110/J110 -> 0.87820513
B111: 4℃-壽司手卷 | C111: 香料咖哩烤雞飯卷 | E111: 26.21 | F111: 1287 | G111: =E111*F111 -> 33732.27 | I111: 6 | J111: 3273 | K111: =J111/I111 -> 545.5 | L111: 6 | M111: =F111/V111*60 -> 2899.3742 | N111: =M111/L111 -> 483.22904 | O111: =L111-I111 -> 0 | P111: =N111-K111 -> -62.270964 | Q111: =N111/K111 -> 0.88584608 | S111: 0.4169213 | T111: 0.43541667 | U111: 6.3666667 | V111: 26.633333 | AA111: =M111-J111 -> -373.62578 | AB111: =M111/J111 -> 0.88584608
B123: 平均 | I123: =AVERAGE(I107:I122) -> 6.8 | J123: =AVERAGE(J107:J122) -> 3534.6 | K123: =J123/I123 -> 519.79412 | L123: =AVERAGE(L107:L122) -> 6.8 | M123: =AVERAGE(M107:M122) -> 3134.8865 | N123: =M123/L123 -> 461.01272 | O123: =L123-I123 -> 0 | P123: =N123-K123 -> -58.781399 | Q123: =N123/K123 -> 0.88691407 | S123: =S107 -> 0.3175 | T123: =INDEX(T107:T122,COUNTA(T107:T122)) -> 0.43541667 | AA123: =M123-J123 -> -399.71351 | AB123: =M123/J123 -> 0.88691407
A124: 涼麵一線 (二配) | B124: 微波主食 | C124: 二配鐵板蘑菇肉醬起司焗飯 | E124: 44.3 | F124: 866 | G124: =E124*F124 -> 38363.8 | I124: 17 | J124: 2000 | K124: =J124/I124 -> 117.64706 | L124: 17 | M124: =F124/V124*60 -> 1769.353 | N124: =M124/L124 -> 104.07959 | O124: =L124-I124 -> 0 | P124: =N124-K124 -> -13.56747 | Q124: =N124/K124 -> 0.8846765 | R124: =Q140 -> 0.88392623 | S124: 0.70833333 | T124: 0.72872685 | V124: 29.366667 | AA124: =M124-J124 -> -230.64699 | AB124: =M124/J124 -> 0.8846765 | AC124: =AB140 -> 0.88392623
B125: 微波主食 | C125: 二配乳酪燻腸紅醬焗飯 | E125: 50.67 | F125: 840 | G125: =E125*F125 -> 42562.8 | I125: 20 | J125: 2000 | K125: =J125/I125 -> 100 | L125: 20 | M125: =F125/V125*60 -> 1767.3875 | N125: =M125/L125 -> 88.369375 | O125: =L125-I125 -> 0 | P125: =N125-K125 -> -11.630625 | Q125: =N125/K125 -> 0.88369375 | S125: 0.73228009 | T125: 0.75208333 | U125: 5.1166667 | V125: 28.516667 | AA125: =M125-J125 -> -232.61251 | AB125: =M125/J125 -> 0.88369375
B126: 微波主食 | C126: 二配西班牙風味海鮮燉飯 | E126: 57.3 | F126: 1198 | G126: =E126*F126 -> 68645.4 | I126: 21 | J126: 2000 | K126: =J126/I126 -> 95.238095 | L126: 21 | M126: =F126/V126*60 -> 1766.8169 | N126: =M126/L126 -> 84.134137 | O126: =L126-I126 -> 0 | P126: =N126-K126 -> -11.103958 | Q126: =N126/K126 -> 0.88340844 | S126: 0.75577546 | T126: 0.78402778 | U126: 5.3166667 | V126: 40.683333 | AA126: =M126-J126 -> -233.18312 | AB126: =M126/J126 -> 0.88340844
B140: 平均 | I140: =AVERAGE(I124:I139) -> 19.333333 | J140: =AVERAGE(J124:J139) -> 2000 | K140: =J140/I140 -> 103.44828 | L140: =AVERAGE(L124:L139) -> 19.333333 | M140: =AVERAGE(M124:M139) -> 1767.8525 | N140: =M140/L140 -> 91.440644 | O140: =L140-I140 -> 0 | P140: =N140-K140 -> -12.007631 | Q140: =N140/K140 -> 0.88392623 | S140: =S124 -> 0.70833333 | T140: =INDEX(T124:T139,COUNTA(T124:T139)) -> 0.78402778 | AA140: =M140-J140 -> -232.14754 | AB140: =M140/J140 -> 0.88392623
A141: 涼麵二線 (二配) | B141: 微波主食 | C141: 二配里肌豬排可可咖哩歐姆蛋飯 | E141: 56.79 | F141: 1615 | G141: =E141*F141 -> 91715.85 | I141: 23 | J141: 2000 | K141: =J141/I141 -> 86.956522 | L141: 23 | M141: =F141/V141*60 -> 1768.2482 | N141: =M141/L141 -> 76.880355 | O141: =L141-I141 -> 0 | P141: =N141-K141 -> -10.076166 | Q141: =N141/K141 -> 0.88412409 | R141: =Q157 -> 0.88451961 | S141: 0.70847222 | T141: 0.74652778 | V141: 54.8 | AA141: =M141-J141 -> -231.75182 | AB141: =M141/J141 -> 0.88412409 | AC141: =AB157 -> 0.88451961
B142: 微波主食 | C142: 二配黃金雞排蘑菇白醬歐姆蛋飯 | E142: 56.87 | F142: 1294 | G142: =E142*F142 -> 73589.78 | I142: 23 | J142: 2000 | K142: =J142/I142 -> 86.956522 | L142: 23 | M142: =F142/V142*60 -> 1768.5649 | N142: =M142/L142 -> 76.894127 | O142: =L142-I142 -> 0 | P142: =N142-K142 -> -10.062395 | Q142: =N142/K142 -> 0.88428246 | S142: 0.75006944 | T142: 0.78055556 | U142: 5.1 | V142: 43.9 | AA142: =M142-J142 -> -231.43508 | AB142: =M142/J142 -> 0.88428246
B143: 微波主食 | C143: 二配哞哞培根奶香海陸焗飯 | E143: 47.6 | F143: 1550 | G143: =E143*F143 -> 73780 | I143: 23 | J143: 2000 | K143: =J143/I143 -> 86.956522 | L143: 23 | M143: =F143/V143*60 -> 1770.3046 | N143: =M143/L143 -> 76.969764 | O143: =L143-I143 -> 0 | P143: =N143-K143 -> -9.9867579 | Q143: =N143/K143 -> 0.88515228 | S143: 0.78435185 | T143: 0.82083333 | U143: 5.4666667 | V143: 52.533333 | AA143: =M143-J143 -> -229.69543 | AB143: =M143/J143 -> 0.88515228
B157: 平均 | I157: =AVERAGE(I141:I156) -> 23 | J157: =AVERAGE(J141:J156) -> 2000 | K157: =J157/I157 -> 86.956522 | L157: =AVERAGE(L141:L156) -> 23 | M157: =AVERAGE(M141:M156) -> 1769.0392 | N157: =M157/L157 -> 76.914749 | O157: =L157-I157 -> 0 | P157: =N157-K157 -> -10.041773 | Q157: =N157/K157 -> 0.88451961 | S157: =S141 -> 0.70847222 | T157: =INDEX(T141:T156,COUNTA(T141:T156)) -> 0.82083333 | AA157: =M157-J157 -> -230.96078 | AB157: =M157/J157 -> 0.88451961
Y159: 原因回覆
Y160: 1.當日出勤人數較多
Y161: 2.當日出勤人數較少
Y162: 3.當日出勤熟手較多
Y163: 4.當日出勤新人較多
Y164: 5.機台夾盒
Y165: 6.封膜不順
Y166: 7.更換膠膜
Y167: 8.更換碳帶
Y168: 9.當日熱轉印碳帶異常
Y169: 10.訂單量過少
Y170: 11.新品上市，尚未熟悉
Y171: 12.活動期間品項需貼標

Sheet 1127
B1: 屏榮 大溪廠組合室生產人時性分析
B3: 日期 | C3: 114.11.27星期四 | E3: 訂單量 | F3: ='1127(18度C)'!D1+'1127(4度C)'!D1 -> 209546 | H3: 營業額 | I3: ='1127(18度C)'!F1+'1127(4度C)'!F1 -> 6838851
B4: 人時性 | C4: 項目 | E4: ➀ | G4: ➁ | I4: ➂ | K4: ④ | M4: ⑤
C5: 組合室 | E5: 全溫層 | G5: 4度C-各編組展開(一配) | I5: 4度C-各編組展開(二配) | K5: 18度C-各編組展開(一配) | M5: 18度C-各編組展開(二配)
C6: 排關平均 | E6: =AVERAGE(D13:O13,D27:X27) -> 455.18272 | F6: =AVERAGE(#REF!,D13:K13) -> #REF! | G6: =AVERAGE(D13:K13) -> 183.17264 | I6: =AVERAGE(L13:O13) -> 95.202399 | K6: =AVERAGE(D27:O27) -> 594.4684 | M6: =AVERAGE(P27:X27) -> 784.98901
C7: 實績平均 | E7: =AVERAGE(D14:O14,D28:X28) -> 401.12163 | F7: =AVERAGE(#REF!,D14:K14) -> #REF! | G7: =AVERAGE(D14:K14) -> 161.53425 | I7: =AVERAGE(L14:O14) -> 84.176037 | K7: =AVERAGE(D28:O28) -> 523.74383 | M7: =AVERAGE(P28:X28) -> 691.65111
C8: 達成率平均 | E8: =AVERAGE(D15:O15,D29:X29) -> 0.88091368 | F8: =AVERAGE(D15:K15,#REF!) -> #REF! | G8: =AVERAGE(D15:K15) -> 0.88121556 | I8: =AVERAGE(L15:O15) -> 0.88419797 | K8: =AVERAGE(D29:O29) -> 0.88008245 | M8: =AVERAGE(P29:X29) -> 0.88034107 | O8: ※現行日本鮮食廠以達成率80%為基本(即為現行KPI)
B10: 溫層 | D10: ➁4度C-各編組展開 | L10: ➂4度C-各編組展開
B11: 編組 | D11: 1 | E11: 2 | F11: 3 | G11: 4 | H11: 5 | I11: 6 | J11: 7 | K11: 8 | L11: 1 | M11: 2 | N11: 3 | O11: 4
D12: 便當一線 | E12: 便當二線 | F12: 涼麵一線 | G12: 涼麵二線 | H12: 涼麵三線 | I12: 自動包裝機 | J12: 自動包裝機2 | K12: 自動包裝機3 | L12: 便當一線 | M12: 便當二線 | N12: 涼麵一線 | O12: 涼麵二線
B13: 人時性 | C13: 排關 | D13: 120.75472 | E13: 81.632653 | F13: 91.275168 | G13: 90.225564 | H13: 146.19289 | I13: 232.33333 | J13: - | K13: 519.79412 | L13: - | M13: - | N13: 103.44828 | O13: 86.956522
C14: 實績 | D14: 107.26139 | E14: 72.385457 | F14: 80.167581 | G14: 78.462672 | H14: 129.03972 | I14: 204.42946 | J14: - | K14: 458.99346 | L14: - | M14: - | N14: 91.447035 | O14: 76.905039
C15: 達成率 | D15: =D14/D13 -> 0.88825842 | E15: =E14/E13 -> 0.88672185 | F15: =F14/F13 -> 0.87830658 | G15: =G14/G13 -> 0.86962795 | H15: =H14/H13 -> 0.8826675 | I15: =I14/I13 -> 0.87989724 | J15: - | K15: =K14/K13 -> 0.88302936 | L15: - | M15: - | N15: =N14/N13 -> 0.883988 | O15: =O14/O13 -> 0.88440794
B16: 作業 時間 | C16: 開始 | D16: 0.25019676 | E16: 0.16666667 | F16: 0.16689815 | G16: 0.2503125 | H16: 0.16686343 | I16: 0.31978009 | J16: - | K16: 0.25033565 | L16: - | M16: - | N16: 0.70833333 | O16: 0.70833333
C17: 結束 | D17: 0.58472222 | E17: 0.55694444 | F17: 0.59375 | G17: 0.58422454 | H17: 0.5808912 | I17: 0.55 | J17: - | K17: 0.40625 | L17: - | M17: - | N17: 0.78472222 | O17: 0.81947917
B18: 配置人數 | D18: 17.666667 | E18: 24.5 | F18: 21.285714 | G18: 22.166667 | H18: 19.7 | I18: 13.5 | J18: - | K18: 6.8 | L18: - | M18: - | N18: 19.333333 | O18: 23
B19: 主要應用設備 | D19: L型封口機 | E19: ET-55 | F19: ET-55 | G19: ET-55 | H19: ET-600 | I19: 伺服包裝機 | J19: 伺服包裝機 | K19: 伺服包裝機 | L19: L型封口機 | M19: ET-55 | N19: ET-55 | O19: ET-55
B20: 次要應用設備 | D20: 伺服包裝機 | H20: 伺服包裝機
B21: 備註 | H21: 涼麵+烤飯糰 | I21: 大口飯糰線 | K21: 烤飯糰+手卷
B24: 溫層 | D24: ➃18度C-各編組展開 (一配) | P24: ⑤18度C-各編組展開 (二配)
B25: 編組 | D25: 1 | E25: 2 | F25: 3 | G25: 4 | H25: 5 | I25: 6 | J25: 7 | K25: 8 | L25: 9 | M25: 10 | N25: 11 | O25: 12 | P25: 1 | Q25: 2 | R25: 3 | S25: 4 | T25: 5 | U25: 6 | V25: 7 | W25: 8 | X25: 9
D26: 便當一線 | E26: 涼麵一線 | F26: 涼麵三線 | G26: 自動包裝機 | H26: 自動包裝機2 | I26: 自動包裝機3 | J26: 味付飯糰線B | K26: (舊) 3300型飯糰線 | L26: 3000型飯糰線 | M26: (新) 3300型飯糰機 | N26: GKK3600型 飯糰機 | O26: GKK3600型 飯糰機2 | P26: 自動包裝機 | Q26: 自動包裝機2 | R26: 自動包裝機3 | S26: 味付飯糰線B | T26: (舊) 3300型飯糰線 | U26: 3000型飯糰線 | V26: (新) 3300型飯糰機 | W26: GKK3600型 飯糰機 | X26: GKK3600型 飯糰機2
B27: 人時性 | C27: 排關 | D27: 211.76471 | E27: - | F27: - | G27: 313.04348 | H27: 433.33333 | I27: 416.66667 | J27: - | K27: - | L27: - | M27: 776.47059 | N27: 1150 | O27: 860 | P27: 285.71429 | Q27: - | R27: - | S27: - | T27: 795 | U27: - | V27: 825 | W27: 969.23077 | X27: 1050
C28: 實績 | D28: 183.30465 | E28: - | F28: - | G28: 271.73083 | H28: 384.35817 | I28: 371.54368 | J28: - | K28: - | L28: - | M28: 692.97641 | N28: 1000.561 | O28: 761.73206 | P28: 249.00434 | Q28: - | R28: - | S28: - | T28: 703.22754 | U28: - | V28: 734.92262 | W28: 857.41741 | X28: 913.68366
C29: 達成率 | D29: =D28/D27 -> 0.86560531 | E29: - | F29: - | G29: =G28/G27 -> 0.86802904 | H29: =H28/H27 -> 0.8869804 | I29: =I28/I27 -> 0.89170483 | J29: - | K29: - | L29: - | M29: =M28/M27 -> 0.89246962 | N29: =N28/N27 -> 0.87005304 | O29: =O28/O27 -> 0.88573495 | P29: =P28/P27 -> 0.87151517 | Q29: - | R29: - | S29: - | T29: =T28/T27 -> 0.88456294 | U29: - | V29: =V28/V27 -> 0.8908153 | W29: =W28/W27 -> 0.88463701 | X29: =X28/X27 -> 0.87017492
B30: 作業 時間 | C30: 開始 | D30: 0.38291667 | E30: - | F30: - | G30: 0.25028935 | H30: 0.25 | I30: 0.41003472 | J30: - | K30: - | L30: - | M30: 0.2503125 | N30: 0.16666667 | O30: 0.25 | P30: 0.70833333 | Q30: - | R30: - | S30: - | T30: 0.70834491 | U30: - | V30: 0.70833333 | W30: 0.70841435 | X30: 0.70833333
C31: 結束 | D31: 0.44861111 | E31: - | F31: - | G31: 0.31622685 | H31: 0.32936343 | I31: 0.44797454 | J31: - | K31: - | L31: - | M31: 0.43644676 | N31: 0.42013889 | O31: 0.40450231 | P31: 0.83958333 | Q31: - | R31: - | S31: - | T31: 0.89097222 | U31: - | V31: 0.89027778 | W31: 0.9958912 | X31: 0.99171296
B32: 配置人數 | D32: 17 | E32: - | F32: - | G32: 11.5 | H32: 6 | I32: 6 | J32: - | K32: - | L32: - | M32: 4.25 | N32: 3 | O32: 3.75 | P32: 12.6 | Q32: - | R32: - | S32: - | T32: 4 | U32: - | V32: 4 | W32: 3.25 | X32: 3.3333333
B33: 主要應用設備 | D33: 伺服包裝機 | E33: ET-55 | F33: ET-600 | G33: 夾心型 | H33: 伺服包裝機 | I33: 伺服包裝機 | J33: 夾心型 | K33: 3300型 | L33: 3300型 | M33: 3300型 | N33: GKK | O33: GKK | P33: 夾心型 | Q33: 伺服包裝機 | R33: 伺服包裝機 | S33: 夾心型 | T33: 3300型 | U33: 3300型 | V33: 3300型 | W33: GKK | X33: GKK
B34: 次要應用設備
B35: 備註

Sheet 1127(18度C)
A1: 大溪廠日報分析 | C1: 總生產量 | D1: =SUM(F5:F208) -> 112285 | E1: 營業額 | F1: =SUM(G5:G208) -> 2238899.6 | G1: 出勤人數 | H1: =L21+L38+L55+L72+L89+L106+L123+L140+L157+L174+L191+L208 -> 78.683333 | I1: 產線配置圖 | L1: 生產實績 | O1: 人時性差異分析 | S1: 日報登錄 | Y1: 分析說明 | AA1: 產能差異分析
A2: 45988 | C2: 人時性 | D2: =AVERAGE(N21,N38,N55,N72,N89,N106,N123,N140,N157,N174,N191,N208) -> 593.7052 | E2: 平均廠價 | F2: =F1/D1 -> 19.939437 | G2: 多次生產數 | H2: =COUNT(H5:H208) -> 3
A3: 線別 | B3: 品類 | C3: 品名 | E3: 廠價 | F3: 生產量 | G3: 營收 | H3: 多次 生產 | I3: 人數 | J3: 產能/時 | K3: 人時性 | L3: 人數 | M3: 產能/時 | N3: 人時性 | O3: 人數 | P3: 人時性 | Q3: 達成率 | R3: 達成率 平均 | S3: 生產時間 | U3: 換線、休息/分 | V3: 稼動時間/分 | W3: 休息時間 | Y3: (屏榮回填) | AA3: 產能/時 | AB3: 達成率 | AC3: 達成率平均
S4: 開始 | T4: 結束 | W4: 開始 | X4: 結束
A5: 便當一線 | B5: 18℃-壽司手卷 | C5: 一配海饌雙手卷 | E5: 29.85 | F5: 2369 | G5: =E5*F5 -> 70714.65 | I5: 17 | J5: 3600 | K5: =J5/I5 -> 211.76471 | L5: 17 | M5: =F5/V5*60 -> 3117.1053 | N5: =M5/L5 -> 183.35913 | O5: =L5-I5 -> 0 | P5: =N5-K5 -> -28.405573 | Q5: =N5/K5 -> 0.86586257 | R5: =Q21 -> 0.86560531 | S5: 0.38291667 | T5: 0.41458333 | U5: 5.4 | V5: 45.6 | AA5: =M5-J5 -> -482.89474 | AB5: =M5/J5 -> 0.86586257 | AC5: =AB21 -> 0.86560531
B6: 18℃-壽司手卷 | C6: 一配雙饗雙手卷 | E6: 29.52 | F6: 2275 | G6: =E6*F6 -> 67158 | I6: 17 | J6: 3600 | K6: =J6/I6 -> 211.76471 | L6: 17 | M6: =F6/V6*60 -> 3115.2529 | N6: =M6/L6 -> 183.25017 | O6: =L6-I6 -> 0 | P6: =N6-K6 -> -28.514532 | Q6: =N6/K6 -> 0.86534804 | S6: 0.41818287 | T6: 0.44861111 | U6: 5.1833333 | V6: 43.816667 | AA6: =M6-J6 -> -484.74705 | AB6: =M6/J6 -> 0.86534804
B21: 平均 | I21: =AVERAGE(I5:I20) -> 17 | J21: =AVERAGE(J5:J20) -> 3600 | K21: =J21/I21 -> 211.76471 | L21: =AVERAGE(L5:L20) -> 17 | M21: =AVERAGE(M5:M20) -> 3116.1791 | N21: =M21/L21 -> 183.30465 | O21: =L21-I21 -> 0 | P21: =N21-K21 -> -28.460053 | Q21: =N21/K21 -> 0.86560531 | S21: =S5 -> 0.38291667 | T21: =INDEX(T5:T20,COUNTA(T5:T20)) -> 0.44861111 | AA21: =M21-J21 -> -483.82089 | AB21: =M21/J21 -> 0.86560531
A22: 自動包裝機 | B22: 18℃-壽司手卷 | C22: 一配長野稻荷壽司 | E22: 25.64 | F22: 1393 | G22: =E22*F22 -> 35716.52 | I22: 11 | J22: 3600 | K22: =J22/I22 -> 327.27273 | L22: 11 | M22: =F22/V22*60 -> 3144.0752 | N22: =M22/L22 -> 285.82502 | O22: =L22-I22 -> 0 | P22: =N22-K22 -> -41.447706 | Q22: =N22/K22 -> 0.87335423 | R22: =Q38 -> 0.86802904 | S22: 0.25028935 | T22: 0.26875 | V22: 26.583333 | AA22: =M22-J22 -> -455.92476 | AB22: =M22/J22 -> 0.87335423 | AC22: =AB38 -> 0.86802904
B23: 18℃-飯糰 | C23: 一配兩粒飯糰(鮪魚.焦糖鮭魚) | E23: 28.57 | F23: 3280 | G23: =E23*F23 -> 93709.6 | I23: 12 | J23: 3600 | K23: =J23/I23 -> 300 | L23: 12 | M23: =F23/V23*60 -> 3105.7338 | N23: =M23/L23 -> 258.81115 | O23: =L23-I23 -> 0 | P23: =N23-K23 -> -41.188848 | Q23: =N23/K23 -> 0.86270384 | S23: 0.27222222 | T23: 0.31622685 | U23: 5 | V23: 63.366667 | AA23: =M23-J23 -> -494.26618 | AB23: =M23/J23 -> 0.86270384
B38: 平均 | I38: =AVERAGE(I22:I37) -> 11.5 | J38: =AVERAGE(J22:J37) -> 3600 | K38: =J38/I38 -> 313.04348 | L38: =AVERAGE(L22:L37) -> 11.5 | M38: =AVERAGE(M22:M37) -> 3124.9045 | N38: =M38/L38 -> 271.73083 | O38: =L38-I38 -> 0 | P38: =N38-K38 -> -41.31265 | Q38: =N38/K38 -> 0.86802904 | S38: =S22 -> 0.25028935 | T38: =INDEX(T22:T37,COUNTA(T22:T37)) -> 0.31622685 | AA38: =M38-J38 -> -475.09547 | AB38: =M38/J38 -> 0.86802904
A39: 自動包裝機2 | B39: 18℃-壽司手卷 | C39: 一配雙鬆細卷 | E39: 14.03 | F39: 1424 | G39: =E39*F39 -> 19978.72 | I39: 6 | J39: 2600 | K39: =J39/I39 -> 433.33333 | L39: 6 | M39: =F39/V39*60 -> 2306.0729 | N39: =M39/L39 -> 384.34548 | O39: =L39-I39 -> 0 | P39: =N39-K39 -> -48.987854 | Q39: =N39/K39 -> 0.88695111 | R39: =Q55 -> 0.8869804 | S39: 0.25 | T39: 0.27572917 | V39: 37.05 | AA39: =M39-J39 -> -293.92713 | AB39: =M39/J39 -> 0.88695111 | AC39: =AB55 -> 0.8869804
B40: 18℃-壽司手卷 | C40: 一配香濃起司蟹風味棒細卷 | E40: 17.73 | F40: 1148 | G40: =E40*F40 -> 20354.04 | I40: 6 | J40: 2600 | K40: =J40/I40 -> 433.33333 | L40: 6 | M40: =F40/V40*60 -> 2306.25 | N40: =M40/L40 -> 384.375 | O40: =L40-I40 -> 0 | P40: =N40-K40 -> -48.958333 | Q40: =N40/K40 -> 0.88701923 | S40: 0.27925926 | T40: 0.3 | U40: 5.0833333 | V40: 29.866667 | AA40: =M40-J40 -> -293.75 | AB40: =M40/J40 -> 0.88701923
B41: 18℃-壽司手卷 | C41: 一配經典鮪魚沙拉細卷 | E41: 14.49 | F41: 1433 | G41: =E41*F41 -> 20764.17 | I41: 6 | J41: 2600 | K41: =J41/I41 -> 433.33333 | L41: 6 | M41: =F41/V41*60 -> 2306.1243 | N41: =M41/L41 -> 384.35405 | O41: =L41-I41 -> 0 | P41: =N41-K41 -> -48.979288 | Q41: =N41/K41 -> 0.88697087 | S41: 0.30347222 | T41: 0.32936343 | U41: 5 | V41: 37.283333 | AA41: =M41-J41 -> -293.87573 | AB41: =M41/J41 -> 0.88697087
B55: 平均 | I55: =AVERAGE(I39:I54) -> 6 | J55: =AVERAGE(J39:J54) -> 2600 | K55: =J55/I55 -> 433.33333 | L55: =AVERAGE(L39:L54) -> 6 | M55: =AVERAGE(M39:M54) -> 2306.149 | N55: =M55/L55 -> 384.35817 | O55: =L55-I55 -> 0 | P55: =N55-K55 -> -48.975158 | Q55: =N55/K55 -> 0.8869804 | S55: =S39 -> 0.25 | T55: =INDEX(T39:T54,COUNTA(T39:T54)) -> 0.32936343 | AA55: =M55-J55 -> -293.85095 | AB55: =M55/J55 -> 0.8869804
A56: 自動包裝機3 | B56: 18℃-壽司手卷 | C56: 一配滿滿海鮮沙拉脆卷 | E56: 19.39 | F56: 615 | G56: =E56*F56 -> 11924.85 | I56: 6 | J56: 2500 | K56: =J56/I56 -> 416.66667 | L56: 6 | M56: =F56/V56*60 -> 2229.6073 | N56: =M56/L56 -> 371.60121 | O56: =L56-I56 -> 0 | P56: =N56-K56 -> -45.065458 | Q56: =N56/K56 -> 0.8918429 | R56: =Q72 -> 0.89170483 | S56: 0.41003472 | T56: 0.42152778 | U56: 5.45 | V56: 16.55 | AA56: =M56-J56 -> -270.39275 | AB56: =M56/J56 -> 0.8918429 | AC56: =AB72 -> 0.89170483
B57: 18℃-壽司手卷 | C57: 一配明太子玉子脆卷 | E57: 19.7 | F57: 1229 | G57: =E57*F57 -> 24211.3 | I57: 6 | J57: 2500 | K57: =J57/I57 -> 416.66667 | L57: 6 | M57: =F57/V57*60 -> 2228.9169 | N57: =M57/L57 -> 371.48615 | O57: =L57-I57 -> 0 | P57: =N57-K57 -> -45.180521 | Q57: =N57/K57 -> 0.89156675 | S57: 0.425 | T57: 0.44797454 | U57: 5 | V57: 33.083333 | AA57: =M57-J57 -> -271.08312 | AB57: =M57/J57 -> 0.89156675
B72: 平均 | I72: =AVERAGE(I56:I71) -> 6 | J72: =AVERAGE(J56:J71) -> 2500 | K72: =J72/I72 -> 416.66667 | L72: =AVERAGE(L56:L71) -> 6 | M72: =AVERAGE(M56:M71) -> 2229.2621 | N72: =M72/L72 -> 371.54368 | O72: =L72-I72 -> 0 | P72: =N72-K72 -> -45.122989 | Q72: =N72/K72 -> 0.89170483 | S72: =S56 -> 0.41003472 | T72: =INDEX(T56:T71,COUNTA(T56:T71)) -> 0.44797454 | AA72: =M72-J72 -> -270.73794 | AB72: =M72/J72 -> 0.89170483
A73: (新) 3300型飯糰機 | B73: 18℃-飯糰 | C73: 一配照燒雞肉飯糰 | E73: 21.45 | F73: 2533 | G73: =E73*F73 -> 54332.85 | I73: 4 | J73: 3300 | K73: =J73/I73 -> 825 | L73: 4 | M73: =F73/V73*60 -> 2948.2056 | N73: =M73/L73 -> 737.05141 | O73: =L73-I73 -> 0 | P73: =N73-K73 -> -87.948594 | Q73: =N73/K73 -> 0.89339564 | R73: =Q89 -> 0.89246962 | S73: 0.2503125 | T73: 0.28611111 | V73: 51.55 | AA73: =M73-J73 -> -351.79437 | AB73: =M73/J73 -> 0.89339564 | AC73: =AB89 -> 0.89246962
B74: 18℃-飯糰 | C74: 一配壹號醬炙烤牛飯糰 | E74: 22.28 | F74: 1375 | G74: =E74*F74 -> 30635 | I74: 5 | J74: 3300 | K74: =J74/I74 -> 660 | L74: 5 | M74: =F74/V74*60 -> 2946.4286 | N74: =M74/L74 -> 589.28571 | O74: =L74-I74 -> 0 | P74: =N74-K74 -> -70.714286 | Q74: =N74/K74 -> 0.89285714 | S74: 0.28958333 | T74: 0.30902778 | U74: 5 | V74: 28 | AA74: =M74-J74 -> -353.57143 | AB74: =M74/J74 -> 0.89285714
B75: 18℃-飯糰 | C75: 一配鹽蔥燒肉飯糰 | E75: 17.89 | F75: 3197 | G75: =E75*F75 -> 57194.33 | I75: 4 | J75: 3300 | K75: =J75/I75 -> 825 | L75: 4 | M75: =F75/V75*60 -> 2945.7896 | N75: =M75/L75 -> 736.4474 | O75: =L75-I75 -> 0 | P75: =N75-K75 -> -88.552598 | Q75: =N75/K75 -> 0.89266352 | S75: 0.3125 | T75: 0.35771991 | U75: 5 | V75: 65.116667 | AA75: =M75-J75 -> -354.21039 | AB75: =M75/J75 -> 0.89266352
B76: 18℃-飯糰 | C76: 一配雞肉飯飯糰 | E76: 16.66 | F76: 5316 | G76: =E76*F76 -> 88564.56 | I76: 4 | J76: 3300 | K76: =J76/I76 -> 825 | L76: 4 | M76: =F76/V76*60 -> 2940.1751 | N76: =M76/L76 -> 735.04379 | O76: =L76-I76 -> 0 | P76: =N76-K76 -> -89.956214 | Q76: =N76/K76 -> 0.89096216 | S76: 0.36111111 | T76: 0.43644676 | U76: 4.8833333 | V76: 108.48333 | AA76: =M76-J76 -> -359.82486 | AB76: =M76/J76 -> 0.89096216
B89: 平均 | I89: =AVERAGE(I73:I88) -> 4.25 | J89: =AVERAGE(J73:J88) -> 3300 | K89: =J89/I89 -> 776.47059 | L89: =AVERAGE(L73:L88) -> 4.25 | M89: =AVERAGE(M73:M88) -> 2945.1497 | N89: =M89/L89 -> 692.97641 | O89: =L89-I89 -> 0 | P89: =N89-K89 -> -83.49418 | Q89: =N89/K89 -> 0.89246962 | S89: =S73 -> 0.2503125 | T89: =INDEX(T73:T88,COUNTA(T73:T88)) -> 0.43644676 | AA89: =M89-J89 -> -354.85026 | AB89: =M89/J89 -> 0.89246962
A90: GKK3600型 飯糰機 | B90: 18℃-飯糰 | C90: 一配蔬食鮪魚飯糰 | E90: 18.18 | F90: 1725 | G90: =E90*F90 -> 31360.5 | I90: 3 | J90: 3600 | K90: =J90/I90 -> 1200 | L90: 3 | M90: =F90/V90*60 -> 3111.2224 | N90: =M90/L90 -> 1037.0741 | O90: =L90-I90 -> 0 | P90: =N90-K90 -> -162.92585 | Q90: =N90/K90 -> 0.86422846 | R90: =Q106 -> 0.87005304 | S90: 0.16666667 | T90: 0.18976852 | V90: 33.266667 | AA90: =M90-J90 -> -488.77756 | AB90: =M90/J90 -> 0.86422846 | AC90: =AB106 -> 0.87005304
B91: 18℃-飯糰 | C91: 一配經典肉鬆飯糰 | E91: 14.03 | F91: 5092 | G91: =E91*F91 -> 71440.76 | I91: 3 | J91: 3000 | K91: =J91/I91 -> 1000 | L91: 3 | M91: =F91/V91*60 -> 2674.5258 | N91: =M91/L91 -> 891.50861 | O91: =L91-I91 -> 0 | P91: =N91-K91 -> -108.49139 | Q91: =N91/K91 -> 0.89150861 | S91: 0.2 | T91: 0.2793287 | U91: 14.733333 | V91: 114.23333 | AA91: =M91-J91 -> -325.47418 | AB91: =M91/J91 -> 0.89150861
B92: 18℃-飯糰 | C92: 一配明太子龍蝦風味沙拉飯糰 | E92: 18.18 | F92: 2533 | G92: =E92*F92 -> 46049.94 | I92: 3 | J92: 3600 | K92: =J92/I92 -> 1200 | L92: 3 | M92: =F92/V92*60 -> 3110.0955 | N92: =M92/L92 -> 1036.6985 | O92: =L92-I92 -> 0 | P92: =N92-K92 -> -163.3015 | Q92: =N92/K92 -> 0.86391542 | S92: 0.28967593 | T92: 0.32361111 | U92: 14.9 | V92: 48.866667 | AA92: =M92-J92 -> -489.9045 | AB92: =M92/J92 -> 0.86391542
B93: 18℃-飯糰 | C93: 一配鮪魚飯糰 | E93: 14.28 | F93: 6373 | G93: =E93*F93 -> 91006.44 | I93: 3 | J93: 3600 | K93: =J93/I93 -> 1200 | L93: 3 | M93: =F93/V93*60 -> 3110.8881 | N93: =M93/L93 -> 1036.9627 | O93: =L93-I93 -> 0 | P93: =N93-K93 -> -163.03729 | Q93: =N93/K93 -> 0.86413559 | S93: 0.33478009 | T93: 0.42013889 | U93: 16.083333 | V93: 122.91667 | AA93: =M93-J93 -> -489.11186 | AB93: =M93/J93 -> 0.86413559
B106: 平均 | I106: =AVERAGE(I90:I105) -> 3 | J106: =AVERAGE(J90:J105) -> 3450 | K106: =J106/I106 -> 1150 | L106: =AVERAGE(L90:L105) -> 3 | M106: =AVERAGE(M90:M105) -> 3001.683 | N106: =M106/L106 -> 1000.561 | O106: =L106-I106 -> 0 | P106: =N106-K106 -> -149.43901 | Q106: =N106/K106 -> 0.87005304 | S106: =S90 -> 0.16666667 | T106: =INDEX(T90:T105,COUNTA(T90:T105)) -> 0.42013889 | AA106: =M106-J106 -> -448.31702 | AB106: =M106/J106 -> 0.87005304
A107: GKK3600型 飯糰機2 | B107: 18℃-飯糰 | C107: 一配博多明太子奶油飯糰 | E107: 25.45 | F107: 1218 | G107: =E107*F107 -> 30998.1 | I107: 4 | J107: 3300 | K107: =J107/I107 -> 825 | L107: 4 | M107: =F107/V107*60 -> 2911.5538 | N107: =M107/L107 -> 727.88845 | O107: =L107-I107 -> 0 | P107: =N107-K107 -> -97.111554 | Q107: =N107/K107 -> 0.88228903 | R107: =Q123 -> 0.88573495 | S107: 0.25 | T107: 0.26743056 | V107: 25.1 | AA107: =M107-J107 -> -388.44622 | AB107: =M107/J107 -> 0.88228903 | AC107: =AB123 -> 0.88573495
B108: 18℃-飯糰 | C108: 一配熟成紅鮭飯糰 | E108: 25.03 | F108: 1813 | G108: =E108*F108 -> 45379.39 | I108: 4 | J108: 3300 | K108: =J108/I108 -> 825 | L108: 4 | M108: =F108/V108*60 -> 2912.4498 | N108: =M108/L108 -> 728.11245 | O108: =L108-I108 -> 0 | P108: =N108-K108 -> -96.88755 | Q108: =N108/K108 -> 0.88256055 | S108: 0.27777778 | T108: 0.30371528 | U108: 14.9 | V108: 37.35 | AA108: =M108-J108 -> -387.5502 | AB108: =M108/J108 -> 0.88256055
B109: 18℃-飯糰 | C109: 一配北海道秋鮭親子飯糰 | E109: 24.82 | F109: 1967 | G109: =E109*F109 -> 48820.94 | I109: 4 | J109: 3300 | K109: =J109/I109 -> 825 | L109: 4 | M109: =F109/V109*60 -> 2917.6761 | N109: =M109/L109 -> 729.41904 | O109: =L109-I109 -> 0 | P109: =N109-K109 -> -95.580964 | Q109: =N109/K109 -> 0.88414429 | S109: 0.31388889 | T109: 0.34197917 | U109: 14.65 | V109: 40.45 | AA109: =M109-J109 -> -382.32386 | AB109: =M109/J109 -> 0.88414429
B110: 18℃-飯糰 | C110: 一配贅沢鮭魚肚飯糰 | E110: 30 | F110: 3377 | G110: =E110*F110 -> 101310 | I110: 3 | J110: 3000 | K110: =J110/I110 -> 1000 | L110: 3 | M110: =F110/V110*60 -> 2684.3012 | N110: =M110/L110 -> 894.76706 | O110: =L110-I110 -> 0 | P110: =N110-K110 -> -105.23294 | Q110: =N110/K110 -> 0.89476706 | S110: 0.35208333 | T110: 0.40450231 | U110: 14.55 | V110: 75.483333 | AA110: =M110-J110 -> -315.69883 | AB110: =M110/J110 -> 0.89476706
B123: 平均 | I123: =AVERAGE(I107:I122) -> 3.75 | J123: =AVERAGE(J107:J122) -> 3225 | K123: =J123/I123 -> 860 | L123: =AVERAGE(L107:L122) -> 3.75 | M123: =AVERAGE(M107:M122) -> 2856.4952 | N123: =M123/L123 -> 761.73206 | O123: =L123-I123 -> 0 | P123: =N123-K123 -> -98.26794 | Q123: =N123/K123 -> 0.88573495 | S123: =S107 -> 0.25 | T123: =INDEX(T107:T122,COUNTA(T107:T122)) -> 0.40450231 | AA123: =M123-J123 -> -368.50478 | AB123: =M123/J123 -> 0.88573495
A124: 自動包裝機 (二配) | B124: 18℃-飯糰 | C124: 二配兔兔昆布飯糰 | E124: 13.42 | F124: 165 | G124: =E124*F124 -> 2214.3 | I124: 6 | J124: 3600 | K124: =J124/I124 -> 600 | L124: 6 | M124: =F124/V124*60 -> 3210.8108 | N124: =M124/L124 -> 535.13514 | O124: =L124-I124 -> 0 | P124: =N124-K124 -> -64.864865 | Q124: =N124/K124 -> 0.89189189 | R124: =Q140 -> 0.87151517 | S124: 0.70833333 | T124: 0.71047454 | V124: 3.0833333 | AA124: =M124-J124 -> -389.18919 | AB124: =M124/J124 -> 0.89189189 | AC124: =AB140 -> 0.87151517
B125: 18℃-壽司手卷 | C125: 二配長野稻荷壽司 | E125: 25.64 | F125: 1775 | G125: =E125*F125 -> 45511 | I125: 11 | J125: 3600 | K125: =J125/I125 -> 327.27273 | L125: 11 | M125: =F125/V125*60 -> 3143.1382 | N125: =M125/L125 -> 285.73984 | O125: =L125-I125 -> 0 | P125: =N125-K125 -> -41.532889 | Q125: =N125/K125 -> 0.87309395 | S125: 0.71396991 | T125: 0.7375 | U125: 5.0333333 | V125: 33.883333 | AA125: =M125-J125 -> -456.86178 | AB125: =M125/J125 -> 0.87309395
B126: 18℃-壽司手卷 | C126: 二配雙饗雙手卷 | E126: 29.52 | F126: 2210 | G126: =E126*F126 -> 65239.2 | I126: 17 | J126: 3600 | K126: =J126/I126 -> 211.76471 | L126: 17 | M126: =F126/V126*60 -> 3113.8943 | N126: =M126/L126 -> 183.17025 | O126: =L126-I126 -> 0 | P126: =N126-K126 -> -28.594451 | Q126: =N126/K126 -> 0.86497065 | S126: 0.74126157 | T126: 0.77083333 | U126: 5.4166667 | V126: 42.583333 | AA126: =M126-J126 -> -486.10568 | AB126: =M126/J126 -> 0.86497065
B127: 18℃-壽司手卷 | C127: 二配海饌雙手卷 | E127: 29.85 | F127: 2249 | G127: =E127*F127 -> 67132.65 | I127: 17 | J127: 3600 | K127: =J127/I127 -> 211.76471 | L127: 17 | M127: =F127/V127*60 -> 3115.1982 | N127: =M127/L127 -> 183.24695 | O127: =L127-I127 -> 0 | P127: =N127-K127 -> -28.517756 | Q127: =N127/K127 -> 0.86533282 | S127: 0.77430556 | T127: 0.80438657 | U127: 5 | V127: 43.316667 | AA127: =M127-J127 -> -484.80185 | AB127: =M127/J127 -> 0.86533282
B128: 18℃-飯糰 | C128: 二配兩粒飯糰(鮪魚.焦糖鮭魚) | E128: 28.57 | F128: 2323 | G128: =E128*F128 -> 66368.11 | I128: 12 | J128: 3600 | K128: =J128/I128 -> 300 | L128: 12 | M128: =F128/V128*60 -> 3104.2316 | N128: =M128/L128 -> 258.68597 | O128: =L128-I128 -> 0 | P128: =N128-K128 -> -41.314031 | Q128: =N128/K128 -> 0.86228656 | S128: 0.80840278 | T128: 0.83958333 | U128: 5.7833333 | V128: 44.9 | AA128: =M128-J128 -> -495.76837 | AB128: =M128/J128 -> 0.86228656
B140: 平均 | I140: =AVERAGE(I124:I139) -> 12.6 | J140: =AVERAGE(J124:J139) -> 3600 | K140: =J140/I140 -> 285.71429 | L140: =AVERAGE(L124:L139) -> 12.6 | M140: =AVERAGE(M124:M139) -> 3137.4546 | N140: =M140/L140 -> 249.00434 | O140: =L140-I140 -> 0 | P140: =N140-K140 -> -36.70995 | Q140: =N140/K140 -> 0.87151517 | S140: =S124 -> 0.70833333 | T140: =INDEX(T124:T139,COUNTA(T124:T139)) -> 0.83958333 | AA140: =M140-J140 -> -462.54537 | AB140: =M140/J140 -> 0.87151517
A141: (舊) 3300型飯糰線 (二配) | B141: 18℃-飯糰 | C141: 二配三杯醬爆菇菇飯糰 | E141: 16.7 | F141: 2547 | G141: =E141*F141 -> 42534.9 | I141: 3 | J141: 3300 | K141: =J141/I141 -> 1100 | L141: 3 | M141: =F141/V141*60 -> 2939.7884 | N141: =M141/L141 -> 979.92946 | O141: =L141-I141 -> 0 | P141: =N141-K141 -> -120.07054 | Q141: =N141/K141 -> 0.89084497 | R141: =Q157 -> 0.88456294 | S141: 0.70834491 | T141: 0.74444444 | V141: 51.983333 | AA141: =M141-J141 -> -360.21161 | AB141: =M141/J141 -> 0.89084497 | AC141: =AB157 -> 0.88456294
B142: 18℃-飯糰 | C142: 二配油蔥G絲飯糰 | E142: 18.18 | F142: 1135 | G142: =E142*F142 -> 20634.3 | I142: 4 | J142: 3300 | K142: =J142/I142 -> 825 | L142: 4 | M142: =F142/V142*60 -> 2945.9265 | N142: =M142/L142 -> 736.48161 | O142: =L142-I142 -> 0 | P142: =N142-K142 -> -88.518385 | Q142: =N142/K142 -> 0.89270499 | S142: 0.74861111 | T142: 0.76466435 | U142: 6 | V142: 23.116667 | AA142: =M142-J142 -> -354.07354 | AB142: =M142/J142 -> 0.89270499
B143: 18℃-飯糰 | C143: 二配壹號醬炙烤牛飯糰 | E143: 22.28 | F143: 1747 | G143: =E143*F143 -> 38923.16 | I143: 5 | J143: 3300 | K143: =J143/I143 -> 660 | L143: 5 | M143: =F143/V143*60 -> 2941.6277 | N143: =M143/L143 -> 588.32554 | O143: =L143-I143 -> 0 | P143: =N143-K143 -> -71.674462 | Q143: =N143/K143 -> 0.89140233 | S143: 0.76831019 | T143: 0.79305556 | U143: 5.25 | V143: 35.633333 | AA143: =M143-J143 -> -358.37231 | AB143: =M143/J143 -> 0.89140233
B144: 18℃-飯糰 | C144: 二配大飯糰鮪魚昆布 | E144: 22.21 | F144: 1518 | G144: =E144*F144 -> 33714.78 | I144: 4 | J144: 3000 | K144: =J144/I144 -> 750 | L144: 4 | M144: =F144/V144*60 -> 2651.5284 | N144: =M144/L144 -> 662.8821 | O144: =L144-I144 -> 0 | P144: =N144-K144 -> -87.117904 | Q144: =N144/K144 -> 0.88384279 | S144: 0.79652778 | T144: 0.82038194 | U144: 5 | V144: 34.35 | AA144: =M144-J144 -> -348.47162 | AB144: =M144/J144 -> 0.88384279
B145: 18℃-飯糰 | C145: 二配大飯糰韓式蒜烤豬五花 | E145: 24.54 | F145: 4173 | G145: =E145*F145 -> 102405.42 | I145: 4 | J145: 3000 | K145: =J145/I145 -> 750 | L145: 4 | M145: =F145/V145*60 -> 2585.6799 | N145: =M145/L145 -> 646.41997 | O145: =L145-I145 -> 0 | P145: =N145-K145 -> -103.58003 | Q145: =N145/K145 -> 0.86189329 | S145: 0.82372685 | T145: 0.89097222 | U145: 4.8166667 | V145: 96.833333 | AA145: =M145-J145 -> -414.32014 | AB145: =M145/J145 -> 0.86189329
B157: 平均 | I157: =AVERAGE(I141:I156) -> 4 | J157: =AVERAGE(J141:J156) -> 3180 | K157: =J157/I157 -> 795 | L157: =AVERAGE(L141:L156) -> 4 | M157: =AVERAGE(M141:M156) -> 2812.9102 | N157: =M157/L157 -> 703.22754 | O157: =L157-I157 -> 0 | P157: =N157-K157 -> -91.772461 | Q157: =N157/K157 -> 0.88456294 | S157: =S141 -> 0.70834491 | T157: =INDEX(T141:T156,COUNTA(T141:T156)) -> 0.89097222 | AA157: =M157-J157 -> -367.08984 | AB157: =M157/J157 -> 0.88456294
A158: (新) 3300型飯糰機 (二配) | B158: 18℃-飯糰 | C158: 二配鹽蔥燒肉飯糰 | E158: 17.89 | F158: 5002 | G158: =E158*F158 -> 89485.78 | I158: 4 | J158: 3300 | K158: =J158/I158 -> 825 | L158: 4 | M158: =F158/V158*60 -> 2938.9913 | N158: =M158/L158 -> 734.74784 | O158: =L158-I158 -> 0 | P158: =N158-K158 -> -90.252163 | Q158: =N158/K158 -> 0.89060344 | R158: =Q174 -> 0.8908153 | S158: 0.70833333 | T158: 0.77924769 | V158: 102.11667 | AA158: =M158-J158 -> -361.00865 | AB158: =M158/J158 -> 0.89060344 | AC158: =AB174 -> 0.8908153
B159: 18℃-飯糰 | C159: 二配雞肉飯飯糰 | E159: 16.66 | F159: 7547 | G159: =E159*F159 -> 125733.02 | I159: 4 | J159: 3300 | K159: =J159/I159 -> 825 | L159: 4 | M159: =F159/V159*60 -> 2940.3896 | N159: =M159/L159 -> 735.0974 | O159: =L159-I159 -> 0 | P159: =N159-K159 -> -89.902597 | Q159: =N159/K159 -> 0.89102715 | S159: 0.78333333 | T159: 0.89027778 | U159: 5.8833333 | V159: 154 | AA159: =M159-J159 -> -359.61039 | AB159: =M159/J159 -> 0.89102715
B174: 平均 | I174: =AVERAGE(I158:I173) -> 4 | J174: =AVERAGE(J158:J173) -> 3300 | K174: =J174/I174 -> 825 | L174: =AVERAGE(L158:L173) -> 4 | M174: =AVERAGE(M158:M173) -> 2939.6905 | N174: =M174/L174 -> 734.92262 | O174: =L174-I174 -> 0 | P174: =N174-K174 -> -90.07738 | Q174: =N174/K174 -> 0.8908153 | S174: =S158 -> 0.70833333 | T174: =INDEX(T158:T173,COUNTA(T158:T173)) -> 0.89027778 | AA174: =M174-J174 -> -360.30952 | AB174: =M174/J174 -> 0.8908153
A175: GKK3600型 飯糰機 (二配) | B175: 18℃-飯糰 | C175: 二配經典肉鬆飯糰 | E175: 14.03 | F175: 1647 | G175: =E175*F175 -> 23107.41 | H175: 2 | I175: 3 | J175: 3000 | K175: =J175/I175 -> 1000 | L175: 3 | M175: =F175/V175*60 -> 2679.2589 | N175: =M175/L175 -> 893.08631 | O175: =L175-I175 -> 0 | P175: =N175-K175 -> -106.91369 | Q175: =N175/K175 -> 0.89308631 | R175: =Q191 -> 0.88463701 | S175: 0.70841435 | T175: 0.73402778 | V175: 36.883333 | AA175: =M175-J175 -> -320.74108 | AB175: =M175/J175 -> 0.89308631 | AC175: =AB191 -> 0.88463701
B176: 18℃-飯糰 | C176: 二配芝麻香鬆飯糰 | E176: 18.18 | F176: 2035 | G176: =E176*F176 -> 36996.3 | I176: 4 | J176: 3000 | K176: =J176/I176 -> 750 | L176: 4 | M176: =F176/V176*60 -> 2675.6757 | N176: =M176/L176 -> 668.91892 | O176: =L176-I176 -> 0 | P176: =N176-K176 -> -81.081081 | Q176: =N176/K176 -> 0.89189189 | S176: 0.74469907 | T176: 0.77638889 | U176: 15.366667 | V176: 45.633333 | AA176: =M176-J176 -> -324.32432 | AB176: =M176/J176 -> 0.89189189
B177: 18℃-飯糰 | C177: 二配鮪魚飯糰 | E177: 14.28 | F177: 5005 | G177: =E177*F177 -> 71471.4 | H177: 2 | I177: 3 | J177: 3600 | K177: =J177/I177 -> 1200 | L177: 3 | M177: =F177/V177*60 -> 3112.4547 | N177: =M177/L177 -> 1037.4849 | O177: =L177-I177 -> 0 | P177: =N177-K177 -> -162.51511 | Q177: =N177/K177 -> 0.86457074 | S177: 0.78680556 | T177: 0.85380787 | U177: 15 | V177: 96.483333 | W177: 0.85380787 | X177: 0.90694444 | AA177: =M177-J177 -> -487.54534 | AB177: =M177/J177 -> 0.86457074
B178: 18℃-飯糰 | C178: 二配經典肉鬆飯糰 | E178: 14.03 | F178: 5719 | G178: =E178*F178 -> 80237.57 | I178: 3 | J178: 3000 | K178: =J178/I178 -> 1000 | L178: 3 | M178: =F178/V178*60 -> 2679.0371 | N178: =M178/L178 -> 893.01236 | O178: =L178-I178 -> 0 | P178: =N178-K178 -> -106.98764 | Q178: =N178/K178 -> 0.89301236 | S178: 0.90694444 | T178: 0.9958912 | U178: 76.516667 | V178: 128.08333 | AA178: =M178-J178 -> -320.96291 | AB178: =M178/J178 -> 0.89301236
B191: 平均 | I191: =AVERAGE(I175:I190) -> 3.25 | J191: =AVERAGE(J175:J190) -> 3150 | K191: =J191/I191 -> 969.23077 | L191: =AVERAGE(L175:L190) -> 3.25 | M191: =AVERAGE(M175:M190) -> 2786.6066 | N191: =M191/L191 -> 857.41741 | O191: =L191-I191 -> 0 | P191: =N191-K191 -> -111.81336 | Q191: =N191/K191 -> 0.88463701 | S191: =S175 -> 0.70841435 | T191: =INDEX(T175:T190,COUNTA(T175:T190)) -> 0.9958912 | AA191: =M191-J191 -> -363.39341 | AB191: =M191/J191 -> 0.88463701
A192: GKK3600型 飯糰機2 (二配) | B192: 18℃-飯糰 | C192: 二配明太子龍蝦風味沙拉飯糰 | E192: 18.18 | F192: 2086 | G192: =E192*F192 -> 37923.48 | H192: 2 | I192: 3 | J192: 3600 | K192: =J192/I192 -> 1200 | L192: 3 | M192: =F192/V192*60 -> 3110.8534 | N192: =M192/L192 -> 1036.9511 | O192: =L192-I192 -> 0 | P192: =N192-K192 -> -163.04888 | Q192: =N192/K192 -> 0.86412593 | R192: =Q208 -> 0.87017492 | S192: 0.70833333 | T192: 0.73627315 | V192: 40.233333 | AA192: =M192-J192 -> -489.14664 | AB192: =M192/J192 -> 0.86412593 | AC192: =AB208 -> 0.87017492
B193: 18℃-飯糰 | C193: 二配蔬食鮪魚飯糰 | E193: 18.18 | F193: 1666 | G193: =E193*F193 -> 30287.88 | I193: 3 | J193: 3600 | K193: =J193/I193 -> 1200 | L193: 3 | M193: =F193/V193*60 -> 3109.1757 | N193: =M193/L193 -> 1036.3919 | O193: =L193-I193 -> 0 | P193: =N193-K193 -> -163.60809 | Q193: =N193/K193 -> 0.86365993 | S193: 0.74652778 | T193: 0.76885417 | U193: 14.766667 | V193: 32.15 | AA193: =M193-J193 -> -490.82426 | AB193: =M193/J193 -> 0.86365993
B194: 18℃-飯糰 | C194: 二配北海道秋鮭親子飯糰 | E194: 24.82 | F194: 2510 | G194: =E194*F194 -> 62298.2 | I194: 4 | J194: 3300 | K194: =J194/I194 -> 825 | L194: 4 | M194: =F194/V194*60 -> 2917.6623 | N194: =M194/L194 -> 729.41556 | O194: =L194-I194 -> 0 | P194: =N194-K194 -> -95.584437 | Q194: =N194/K194 -> 0.88414008 | S194: 0.77943287 | T194: 0.81527778 | U194: 15.233333 | V194: 51.616667 | AA194: =M194-J194 -> -382.33775 | AB194: =M194/J194 -> 0.88414008
B195: 18℃-飯糰 | C195: 二配熟成紅鮭飯糰 | E195: 25.03 | F195: 2007 | G195: =E195*F195 -> 50235.21 | I195: 4 | J195: 3300 | K195: =J195/I195 -> 825 | L195: 4 | M195: =F195/V195*60 -> 2914.5623 | N195: =M195/L195 -> 728.64058 | O195: =L195-I195 -> 0 | P195: =N195-K195 -> -96.359419 | Q195: =N195/K195 -> 0.8832007 | S195: 0.82569444 | T195: 0.85438657 | U195: 15 | V195: 41.316667 | W195: 0.85438657 | X195: 0.90717593 | AA195: =M195-J195 -> -385.43768 | AB195: =M195/J195 -> 0.8832007
B196: 18℃-飯糰 | C196: 二配明太子龍蝦風味沙拉飯糰 | E196: 18.18 | F196: 1486 | G196: =E196*F196 -> 27015.48 | I196: 3 | J196: 3600 | K196: =J196/I196 -> 1200 | L196: 3 | M196: =F196/V196*60 -> 3110.2326 | N196: =M196/L196 -> 1036.7442 | O196: =L196-I196 -> 0 | P196: =N196-K196 -> -163.25581 | Q196: =N196/K196 -> 0.86395349 | S196: 0.90717593 | T196: 0.92708333 | U196: 76.016667 | V196: 28.666667 | AA196: =M196-J196 -> -489.76744 | AB196: =M196/J196 -> 0.86395349
B197: 18℃-飯糰 | C197: 二配鮪魚飯糰 | E197: 14.28 | F197: 4048 | G197: =E197*F197 -> 57805.44 | I197: 3 | J197: 3600 | K197: =J197/I197 -> 1200 | L197: 3 | M197: =F197/V197*60 -> 3111.187 | N197: =M197/L197 -> 1037.0623 | O197: =L197-I197 -> 0 | P197: =N197-K197 -> -162.93766 | Q197: =N197/K197 -> 0.86421862 | S197: 0.9375 | T197: 0.99171296 | U197: 15 | V197: 78.066667 | AA197: =M197-J197 -> -488.81298 | AB197: =M197/J197 -> 0.86421862
B208: 平均 | I208: =AVERAGE(I192:I207) -> 3.3333333 | J208: =AVERAGE(J192:J207) -> 3500 | K208: =J208/I208 -> 1050 | L208: =AVERAGE(L192:L207) -> 3.3333333 | M208: =AVERAGE(M192:M207) -> 3045.6122 | N208: =M208/L208 -> 913.68366 | O208: =L208-I208 -> 0 | P208: =N208-K208 -> -136.31634 | Q208: =N208/K208 -> 0.87017492 | S208: =S192 -> 0.70833333 | T208: =INDEX(T192:T207,COUNTA(T192:T207)) -> 0.99171296 | AA208: =M208-J208 -> -454.38779 | AB208: =M208/J208 -> 0.87017492
Y210: 原因回覆
Y211: 1.當日出勤人數較多
Y212: 2.當日出勤人數較少
Y213: 3.當日出勤熟手較多
Y214: 4.當日出勤新人較多
Y215: 5.機台夾盒
Y216: 6.封膜不順
Y217: 7.更換膠膜
Y218: 8.更換碳帶
Y219: 9.當日熱轉印碳帶異常
Y220: 10.訂單量過少
Y221: 11.新品上市，尚未熟悉
Y222: 12.活動期間品項需貼標

Sheet 1127(4度C)
A1: 大溪廠日報分析 | C1: 總生產量 | D1: =SUM(F5:F157) -> 97261 | E1: 營業額 | F1: =SUM(G5:G157) -> 4599951.3 | G1: 出勤人數 | H1: =L21+L38+L55+L72+L89+L106+L123+L140+L157 -> 167.95238 | I1: 產線配置圖 | L1: 生產實績 | O1: 人時性差異分析 | S1: 日報登錄 | Y1: 分析說明 | AA1: 產能差異分析
A2: 45988 | C2: 人時性 | D2: =AVERAGE(N21,N38,N55,N72,N89,N106,N123,N140,N157) -> 144.34354 | E2: 平均廠價 | F2: =F1/D1 -> 47.294921 | G2: 多次生產數 | H2: =COUNT(H5:H157) -> 1
A3: 線別 | B3: 品類 | C3: 品名 | E3: 廠價 | F3: 生產量 | G3: 營收 | H3: 多次 生產 | I3: 人數 | J3: 產能/時 | K3: 人時性 | L3: 人數 | M3: 產能/時 | N3: 人時性 | O3: 人數 | P3: 人時性 | Q3: 達成率 | R3: 達成率 平均 | S3: 生產時間 | U3: 換線、休息/分 | V3: 稼動時間/分 | W3: 休息時間 | Y3: (屏榮回填) | AA3: 產能/時 | AB3: 達成率 | AC3: 達成率平均
S4: 開始 | T4: 結束 | W4: 開始 | X4: 結束
A5: 便當一線 | B5: 微波小吃 | C5: 日式茶碗蒸 | E5: 19.7 | F5: 3336 | G5: =E5*F5 -> 65719.2 | I5: 13 | J5: 1200 | K5: =J5/I5 -> 92.307692 | L5: 13 | M5: =F5/V5*60 -> 1077.7708 | N5: =M5/L5 -> 82.905446 | O5: =L5-I5 -> 0 | P5: =N5-K5 -> -9.4022463 | Q5: =N5/K5 -> 0.89814233 | R5: =Q21 -> 0.88825842 | S5: 0.25019676 | T5: 0.37916667 | V5: 185.71667 | AA5: =M5-J5 -> -122.2292 | AB5: =M5/J5 -> 0.89814233 | AC5: =AB21 -> 0.88825842
B6: 4℃-飯糰 | C6: 韓素燒若飯糰 | E6: 24.07 | F6: 2484 | G6: =E6*F6 -> 59789.88 | I6: 20 | J6: 2600 | K6: =J6/I6 -> 130 | L6: 20 | M6: =F6/V6*60 -> 2304.1484 | N6: =M6/L6 -> 115.20742 | O6: =L6-I6 -> 0 | P6: =N6-K6 -> -14.792579 | Q6: =N6/K6 -> 0.88621093 | S6: 0.45299769 | T6: 0.49791667 | U6: 6.3166667 | V6: 64.683333 | W6: 0.49791667 | X6: 0.53778935 | AA6: =M6-J6 -> -295.85158 | AB6: =M6/J6 -> 0.88621093
B7: 4℃-飯糰 | C7: 麻油雞飯糰 | E7: 29.97 | F7: 2594 | G7: =E7*F7 -> 77742.18 | I7: 20 | J7: 2600 | K7: =J7/I7 -> 130 | L7: 20 | M7: =F7/V7*60 -> 2302.9346 | N7: =M7/L7 -> 115.14673 | O7: =L7-I7 -> 0 | P7: =N7-K7 -> -14.853268 | Q7: =N7/K7 -> 0.8857441 | S7: 0.53778935 | T7: 0.58472222 | U7: 57.416667 | V7: 67.583333 | AA7: =M7-J7 -> -297.06535 | AB7: =M7/J7 -> 0.8857441
B21: 平均 | I21: =AVERAGE(I5:I20) -> 17.666667 | J21: =AVERAGE(J5:J20) -> 2133.3333 | K21: =J21/I21 -> 120.75472 | L21: =AVERAGE(L5:L20) -> 17.666667 | M21: =AVERAGE(M5:M20) -> 1894.9513 | N21: =M21/L21 -> 107.26139 | O21: =L21-I21 -> 0 | P21: =N21-K21 -> -13.493323 | Q21: =N21/K21 -> 0.88825842 | S21: =S5 -> 0.25019676 | T21: =INDEX(T5:T20,COUNTA(T5:T20)) -> 0.58472222 | AA21: =M21-J21 -> -238.38205 | AB21: =M21/J21 -> 0.88825842
A22: 便當二線 | B22: 微波主食 | C22: 糖燻野郎三十天熟成牛飯 | E22: 56.77 | F22: 3676 | G22: =E22*F22 -> 208686.52 | I22: 25 | J22: 2000 | K22: =J22/I22 -> 80 | L22: 25 | M22: =F22/V22*60 -> 1774.1788 | N22: =M22/L22 -> 70.967154 | O22: =L22-I22 -> 0 | P22: =N22-K22 -> -9.0328462 | Q22: =N22/K22 -> 0.88708942 | R22: =Q38 -> 0.88672185 | S22: 0.16666667 | T22: 0.25299769 | V22: 124.31667 | AA22: =M22-J22 -> -225.82116 | AB22: =M22/J22 -> 0.88708942 | AC22: =AB38 -> 0.88672185
B23: 微波主食 | C23: 蒜蒜燒豚飯 | E23: 51.86 | F23: 1205 | G23: =E23*F23 -> 62491.3 | I23: 25 | J23: 2000 | K23: =J23/I23 -> 80 | L23: 25 | M23: =F23/V23*60 -> 1767.7262 | N23: =M23/L23 -> 70.709046 | O23: =L23-I23 -> 0 | P23: =N23-K23 -> -9.2909535 | Q23: =N23/K23 -> 0.88386308 | S23: 0.25631944 | T23: 0.28472222 | U23: 4.7833333 | V23: 40.9 | AA23: =M23-J23 -> -232.27384 | AB23: =M23/J23 -> 0.88386308
B24: 便當 | C24: 嫩烤香料雞胸排蔬滿盒 | E24: 77.34 | F24: 1897 | G24: =E24*F24 -> 146713.98 | I24: 25 | J24: 2000 | K24: =J24/I24 -> 80 | L24: 25 | M24: =F24/V24*60 -> 1774.7401 | N24: =M24/L24 -> 70.989605 | O24: =L24-I24 -> 0 | P24: =N24-K24 -> -9.010395 | Q24: =N24/K24 -> 0.88737006 | S24: 0.28819444 | T24: 0.33273148 | U24: 5 | V24: 64.133333 | AA24: =M24-J24 -> -225.25988 | AB24: =M24/J24 -> 0.88737006
B25: 便當 | C25: 健身G肉餐盒 | E25: 59.52 | F25: 3547 | G25: =E25*F25 -> 211117.44 | I25: 25 | J25: 2000 | K25: =J25/I25 -> 80 | L25: 25 | M25: =F25/V25*60 -> 1781.9146 | N25: =M25/L25 -> 71.276584 | O25: =L25-I25 -> 0 | P25: =N25-K25 -> -8.7234161 | Q25: =N25/K25 -> 0.8909573 | S25: 0.33680556 | T25: 0.41974537 | U25: 5.8666667 | V25: 119.43333 | AA25: =M25-J25 -> -218.0854 | AB25: =M25/J25 -> 0.8909573
B26: 便當 | C26: 美式雞丁餐盒 | E26: 59.34 | F26: 1387 | G26: =E26*F26 -> 82304.58 | I26: 24 | J26: 2000 | K26: =J26/I26 -> 83.333333 | L26: 24 | M26: =F26/V26*60 -> 1768.7566 | N26: =M26/L26 -> 73.698193 | O26: =L26-I26 -> 0 | P26: =N26-K26 -> -9.6351399 | Q26: =N26/K26 -> 0.88437832 | S26: 0.42291667 | T26: 0.45559028 | U26: 4.5666667 | V26: 47.05 | W26: 0.45559028 | X26: 0.49519676 | AA26: =M26-J26 -> -231.24336 | AB26: =M26/J26 -> 0.88437832
