Workbook

Sheet 0930
B1: 屏榮 大溪廠組合室生產人時性分析
B3: 日期 | C3: 114.09.30星期二 | E3: 訂單量 | F3: ='0930(18度C)'!D1+'0930(4度C)'!D1 -> 268017 | H3: 營業額 | I3: ='0930(18度C)'!F1+'0930(4度C)'!F1 -> 8504391
B4: 人時性 | C4: 項目 | E4: ➀ | G4: ➁ | I4: ➂ | K4: ④ | M4: ⑤
C5: 組合室 | E5: 全溫層 | G5: 4度C-各編組展開(一配) | I5: 4度C-各編組展開(二配) | K5: 18度C-各編組展開(一配) | M5: 18度C-各編組展開(二配)
C6: 排關平均 | E6: =AVERAGE(D13:O13,D27:X27) -> 449.1891 | F6: =AVERAGE(#REF!,D13:K13) -> #REF! | G6: =AVERAGE(D13:K13) -> 195.33142 | I6: =AVERAGE(L13:O13) -> 94.130676 | K6: =AVERAGE(D27:O27) -> 619.22203 | M6: =AVERAGE(P27:X27) -> 742.57374
C7: 實績平均 | E7: =AVERAGE(D14:O14,D28:X28) -> 387.95051 | F7: =AVERAGE(#REF!,D14:K14) -> #REF! | G7: =AVERAGE(D14:K14) -> 171.66999 | I7: =AVERAGE(L14:O14) -> 82.178043 | K7: =AVERAGE(D28:O28) -> 531.78779 | M7: =AVERAGE(P28:X28) -> 640.44748
C8: 達成率平均 | E8: =AVERAGE(D15:O15,D29:X29) -> 0.86391389 | F8: =AVERAGE(D15:K15,#REF!) -> #REF! | G8: =AVERAGE(D15:K15) -> 0.87148872 | I8: =AVERAGE(L15:O15) -> 0.87302069 | K8: =AVERAGE(D29:O29) -> 0.85441315 | M8: =AVERAGE(P29:X29) -> 0.86106729 | O8: ※現行日本鮮食廠以達成率80%為基本(即為現行KPI)
B10: 溫層 | D10: ➁4度C-各編組展開 | L10: ➂4度C-各編組展開
B11: 編組 | D11: 1 | E11: 2 | F11: 3 | G11: 4 | H11: 5 | I11: 6 | J11: 7 | K11: 8 | L11: 1 | M11: 2 | N11: 3 | O11: 4
D12: 便當一線 | E12: 便當二線 | F12: 涼麵一線 | G12: 涼麵二線 | H12: 涼麵三線 | I12: 自動包裝機 | J12: 自動包裝機2 | K12: 自動包裝機3 | L12: 便當一線 | M12: 便當二線 | N12: 涼麵一線 | O12: 涼麵二線
B13: 人時性 | C13: 排關 | D13: 115.15152 | E13: 78.651685 | F13: 90.625 | G13: 85.714286 | H13: 159.67742 | I13: 248.4 | J13: - | K13: 589.1 | L13: - | M13: 93.023256 | N13: 95.238095 | O13: -
C14: 實績 | D14: 102.12069 | E14: 68.817133 | F14: 78.733153 | G14: 72.885019 | H14: 138.3865 | I14: 212.79097 | J14: - | K14: 527.95647 | L14: - | M14: 81.209914 | N14: 83.146172 | O14: -
C15: 達成率 | D15: =D14/D13 -> 0.88683757 | E15: =E14/E13 -> 0.87496069 | F15: =F14/F13 -> 0.86877962 | G15: =G14/G13 -> 0.85032523 | H15: =H14/H13 -> 0.86666294 | I15: =I14/I13 -> 0.85664643 | J15: - | K15: =K14/K13 -> 0.89620857 | L15: - | M15: 0.87300657 | N15: 0.8730348 | O15: -
B16: 作業 時間 | C16: 開始 | D16: 0.25016204 | E16: 0.25 | F16: 0.25016204 | G16: 0.16666667 | H16: 0.16666667 | I16: 0.16693287 | J16: - | K16: 0.25013889 | L16: - | M16: 0.75347222 | N16: 0.70833333 | O16: -
C17: 結束 | D17: 0.55103009 | E17: 0.73333333 | F17: 0.55347222 | G17: 0.74236111 | H17: 0.71736111 | I17: 0.53680556 | J17: - | K17: 0.35694444 | L17: - | M17: 0.86319444 | N17: 0.86944444 | O17: -
B18: 配置人數 | D18: 16.5 | E18: 25.428571 | F18: 21.333333 | G18: 23.333333 | H18: 20.666667 | I18: 13.2 | J18: - | K18: 6 | L18: - | M18: 21.5 | N18: 21 | O18: -
B19: 主要應用設備 | D19: L型封口機 | E19: ET-55 | F19: ET-55 | G19: ET-55 | H19: ET-600 | I19: 伺服包裝機 | J19: 伺服包裝機 | K19: 伺服包裝機 | L19: L型封口機 | M19: ET-55 | N19: ET-55 | O19: ET-55
B20: 次要應用設備 | D20: 伺服包裝機 | H20: 伺服包裝機
B21: 備註 | H21: 涼麵+烤飯糰 | I21: 大口飯糰線 | K21: 烤飯糰+手卷
B24: 溫層 | D24: ➃18度C-各編組展開 (一配) | P24: ⑤18度C-各編組展開 (二配)
B25: 編組 | D25: 1 | E25: 2 | F25: 3 | G25: 4 | H25: 5 | I25: 6 | J25: 7 | K25: 8 | L25: 9 | M25: 10 | N25: 11 | O25: 12 | P25: 1 | Q25: 2 | R25: 3 | S25: 4 | T25: 5 | U25: 6 | V25: 7 | W25: 8 | X25: 9
D26: 便當一線 | E26: 涼麵一線 | F26: 涼麵三線 | G26: 自動包裝機 | H26: 自動包裝機2 | I26: 自動包裝機3 | J26: 味付飯糰線B | K26: (舊) 3300型飯糰線 | L26: 3000型飯糰線 | M26: (新) 3300型飯糰機 | N26: GKK3600型 飯糰機 | O26: GKK3600型 飯糰機2 | P26: 自動包裝機 | Q26: 自動包裝機2 | R26: 自動包裝機3 | S26: 味付飯糰線B | T26: (舊) 3300型飯糰線 | U26: 3000型飯糰線 | V26: (新) 3300型飯糰機 | W26: GKK3600型 飯糰機 | X26: GKK3600型 飯糰機2
B27: 人時性 | C27: 排關 | D27: 211.76471 | E27: - | F27: - | G27: 313.04348 | H27: 433.33333 | I27: - | J27: - | K27: - | L27: - | M27: 860.86957 | N27: 1061.5385 | O27: 834.78261 | P27: 282.35294 | Q27: - | R27: - | S27: - | T27: 840 | U27: - | V27: 761.53846 | W27: 872.72727 | X27: 956.25
C28: 實績 | D28: 176.87081 | E28: - | F28: - | G28: 265.1288 | H28: 368.39982 | I28: - | J28: - | K28: - | L28: - | M28: 753.14229 | N28: 898.56352 | O28: 728.6215 | P28: 239.50201 | Q28: - | R28: - | S28: - | T28: 730.94538 | U28: - | V28: 667.36709 | W28: 745.27757 | X28: 819.14534
C29: 達成率 | D29: =D28/D27 -> 0.83522329 | E29: - | F29: - | G29: =G28/G27 -> 0.84693922 | H29: =H28/H27 -> 0.85015343 | I29: - | J29: - | K29: - | L29: - | M29: =M28/M27 -> 0.87486226 | N29: =N28/N27 -> 0.84647288 | O29: =O28/O27 -> 0.87282784 | P29: =P28/P27 -> 0.8482363 | Q29: - | R29: - | S29: - | T29: =T28/T27 -> 0.87017307 | U29: - | V29: =V28/V27 -> 0.87634062 | W29: =W28/W27 -> 0.85396389 | X29: =X28/X27 -> 0.85662257
B30: 作業 時間 | C30: 開始 | D30: 0.38824074 | E30: - | F30: - | G30: 0.23015046 | H30: 0.25025463 | I30: - | J30: - | K30: - | L30: - | M30: 0.16666667 | N30: 0.16666667 | O30: 0.1669213 | P30: 0.70849537 | Q30: - | R30: - | S30: - | T30: 0.70865741 | U30: - | V30: 0.70833333 | W30: 0.70866898 | X30: 0.70833333
C31: 結束 | D31: 0.46201389 | E31: - | F31: - | G31: 0.26527778 | H31: 0.43611111 | I31: - | J31: - | K31: - | L31: - | M31: 0.47013889 | N31: 0.4869213 | O31: 0.475 | P31: 0.84166667 | Q31: - | R31: - | S31: - | T31: 0.90241898 | U31: - | V31: 0.91342593 | W31: 1.0833333 | X31: 1.1
B32: 配置人數 | D32: 17 | E32: - | F32: - | G32: 11.5 | H32: 6 | I32: - | J32: - | K32: - | L32: - | M32: 3.8333333 | N32: 3.25 | O32: 3.8333333 | P32: 12.75 | Q32: - | R32: - | S32: - | T32: 3.75 | U32: - | V32: 4.3333333 | W32: 3.6666667 | X32: 3.5555556
B33: 主要應用設備 | D33: 伺服包裝機 | E33: ET-55 | F33: ET-600 | G33: 夾心型 | H33: 伺服包裝機 | I33: 伺服包裝機 | J33: 夾心型 | K33: 3300型 | L33: 3300型 | M33: 3300型 | N33: GKK | O33: GKK | P33: 夾心型 | Q33: 伺服包裝機 | R33: 伺服包裝機 | S33: 夾心型 | T33: 3300型 | U33: 3300型 | V33: 3300型 | W33: GKK | X33: GKK
B34: 次要應用設備
B35: 備註

Sheet 0930(18度C)
A1: 大溪廠日報分析 | C1: 總生產量 | D1: =SUM(F5:F191) -> 145209 | E1: 營業額 | F1: =SUM(G5:G191) -> 2803226.5 | G1: 出勤人數 | H1: =L21+L38+L55+L72+L89+L106+L123+L140+L157+L174+L191 -> 73.472222 | I1: 產線配置圖 | L1: 生產實績 | O1: 人時性差異分析 | S1: 日報登錄 | Y1: 分析說明 | AA1: 產能差異分析
A2: 45930 | C2: 人時性 | D2: =AVERAGE(N21,N38,N55,N72,N89,N106,N123,N140,N157,N174,N191) -> 581.17856 | E2: 平均廠價 | F2: =F1/D1 -> 19.304771 | G2: 多次生產數 | H2: =COUNT(H5:H191) -> 5
A3: 線別 | B3: 品類 | C3: 品名 | E3: 廠價 | F3: 生產量 | G3: 營收 | H3: 多次 生產 | I3: 人數 | J3: 產能/時 | K3: 人時性 | L3: 人數 | M3: 產能/時 | N3: 人時性 | O3: 人數 | P3: 人時性 | Q3: 達成率 | R3: 達成率 平均 | S3: 生產時間 | U3: 換線、休息/分 | V3: 稼動時間/分 | W3: 休息時間 | Y3: (屏榮回填) | AA3: 產能/時 | AB3: 達成率 | AC3: 達成率平均
S4: 開始 | T4: 結束 | W4: 開始 | X4: 結束
A5: 便當一線 | B5: 18℃-壽司手卷 | C5: 一配海饌雙手卷 | E5: 29.85 | F5: 2554 | G5: =E5*F5 -> 76236.9 | I5: 17 | J5: 3600 | K5: =J5/I5 -> 211.76471 | L5: 17 | M5: =F5/V5*60 -> 3008.6387 | N5: =M5/L5 -> 176.97875 | O5: =L5-I5 -> 0 | P5: =N5-K5 -> -34.785956 | Q5: =N5/K5 -> 0.83573298 | R5: =Q21 -> 0.83522329 | S5: 0.38824074 | T5: 0.42361111 | U5: 5.0666667 | V5: 50.933333 | AA5: =M5-J5 -> -591.36126 | AB5: =M5/J5 -> 0.83573298 | AC5: =AB21 -> 0.83522329
B6: 18℃-壽司手卷 | C6: 一配雙饗雙手卷 | E6: 29.52 | F6: 2419 | G6: =E6*F6 -> 71408.88 | I6: 17 | J6: 3600 | K6: =J6/I6 -> 211.76471 | L6: 17 | M6: =F6/V6*60 -> 3004.9689 | N6: =M6/L6 -> 176.76288 | O6: =L6-I6 -> 0 | P6: =N6-K6 -> -35.001827 | Q6: =N6/K6 -> 0.8347136 | S6: 0.42847222 | T6: 0.46201389 | U6: 7 | V6: 48.3 | W6: 0.46201389 | X6: 0.50347222 | AA6: =M6-J6 -> -595.03106 | AB6: =M6/J6 -> 0.8347136
B21: 平均 | I21: =AVERAGE(I5:I20) -> 17 | J21: =AVERAGE(J5:J20) -> 3600 | K21: =J21/I21 -> 211.76471 | L21: =AVERAGE(L5:L20) -> 17 | M21: =AVERAGE(M5:M20) -> 3006.8038 | N21: =M21/L21 -> 176.87081 | O21: =L21-I21 -> 0 | P21: =N21-K21 -> -34.893892 | Q21: =N21/K21 -> 0.83522329 | S21: =S5 -> 0.38824074 | T21: =INDEX(T5:T20,COUNTA(T5:T20)) -> 0.46201389 | AA21: =M21-J21 -> -593.19616 | AB21: =M21/J21 -> 0.83522329
A22: 自動包裝機 | B22: 18℃-壽司手卷 | C22: 一配新之助的豆皮壽司喔 | E22: 25.52 | F22: 281 | G22: =E22*F22 -> 7171.12 | I22: 12 | J22: 3600 | K22: =J22/I22 -> 300 | L22: 12 | M22: =F22/V22*60 -> 3019.7015 | N22: =M22/L22 -> 251.64179 | O22: =L22-I22 -> 0 | P22: =N22-K22 -> -48.358209 | Q22: =N22/K22 -> 0.83880597 | R22: =Q38 -> 0.84693922 | S22: 0.23015046 | T22: 0.23402778 | U22: 8.25 | V22: 5.5833333 | AA22: =M22-J22 -> -580.29851 | AB22: =M22/J22 -> 0.83880597 | AC22: =AB38 -> 0.84693922
B23: 18℃-壽司手卷 | C23: 一配長野稻荷壽司 | E23: 25.64 | F23: 1947 | G23: =E23*F23 -> 49921.08 | I23: 11 | J23: 3600 | K23: =J23/I23 -> 327.27273 | L23: 11 | M23: =F23/V23*60 -> 3078.2609 | N23: =M23/L23 -> 279.8419 | O23: =L23-I23 -> 0 | P23: =N23-K23 -> -47.43083 | Q23: =N23/K23 -> 0.85507246 | S23: 0.23892361 | T23: 0.26527778 | U23: 7.05 | V23: 37.95 | AA23: =M23-J23 -> -521.73913 | AB23: =M23/J23 -> 0.85507246
B38: 平均 | I38: =AVERAGE(I22:I37) -> 11.5 | J38: =AVERAGE(J22:J37) -> 3600 | K38: =J38/I38 -> 313.04348 | L38: =AVERAGE(L22:L37) -> 11.5 | M38: =AVERAGE(M22:M37) -> 3048.9812 | N38: =M38/L38 -> 265.1288 | O38: =L38-I38 -> 0 | P38: =N38-K38 -> -47.91468 | Q38: =N38/K38 -> 0.84693922 | S38: =S22 -> 0.23015046 | T38: =INDEX(T22:T37,COUNTA(T22:T37)) -> 0.26527778 | AA38: =M38-J38 -> -551.01882 | AB38: =M38/J38 -> 0.84693922
A39: 自動包裝機2 | B39: 18℃-壽司手卷 | C39: 一配芝麻海苔香鬆細卷 | E39: 14.06 | F39: 1025 | G39: =E39*F39 -> 14411.5 | I39: 6 | J39: 2600 | K39: =J39/I39 -> 433.33333 | L39: 6 | M39: =F39/V39*60 -> 2225.573 | N39: =M39/L39 -> 370.92883 | O39: =L39-I39 -> 0 | P39: =N39-K39 -> -62.404503 | Q39: =N39/K39 -> 0.85598961 | R39: =Q55 -> 0.85015343 | S39: 0.25025463 | T39: 0.26944444 | V39: 27.633333 | AA39: =M39-J39 -> -374.42702 | AB39: =M39/J39 -> 0.85598961 | AC39: =AB55 -> 0.85015343
B40: 18℃-壽司手卷 | C40: 一配香濃起司蟹風味棒細卷 | E40: 17.73 | F40: 3532 | G40: =E40*F40 -> 62622.36 | I40: 6 | J40: 2600 | K40: =J40/I40 -> 433.33333 | L40: 6 | M40: =F40/V40*60 -> 2266.9282 | N40: =M40/L40 -> 377.82136 | O40: =L40-I40 -> 0 | P40: =N40-K40 -> -55.511975 | Q40: =N40/K40 -> 0.87189544 | S40: 0.27222222 | T40: 0.3371412 | U40: 4 | V40: 93.483333 | AA40: =M40-J40 -> -333.07185 | AB40: =M40/J40 -> 0.87189544
B41: 18℃-壽司手卷 | C41: 一配經典鮪魚沙拉細卷 | E41: 13.58 | F41: 4919 | G41: =E41*F41 -> 66800.02 | I41: 6 | J41: 2600 | K41: =J41/I41 -> 433.33333 | L41: 6 | M41: =F41/V41*60 -> 2138.6957 | N41: =M41/L41 -> 356.44928 | O41: =L41-I41 -> 0 | P41: =N41-K41 -> -76.884058 | Q41: =N41/K41 -> 0.82257525 | S41: 0.34027778 | T41: 0.43611111 | U41: 4.5166667 | V41: 138 | AA41: =M41-J41 -> -461.30435 | AB41: =M41/J41 -> 0.82257525
B55: 平均 | I55: =AVERAGE(I39:I54) -> 6 | J55: =AVERAGE(J39:J54) -> 2600 | K55: =J55/I55 -> 433.33333 | L55: =AVERAGE(L39:L54) -> 6 | M55: =AVERAGE(M39:M54) -> 2210.3989 | N55: =M55/L55 -> 368.39982 | O55: =L55-I55 -> 0 | P55: =N55-K55 -> -64.933512 | Q55: =N55/K55 -> 0.85015343 | S55: =S39 -> 0.25025463 | T55: =INDEX(T39:T54,COUNTA(T39:T54)) -> 0.43611111 | AA55: =M55-J55 -> -389.60107 | AB55: =M55/J55 -> 0.85015343
A56: (新) 3300型飯糰機 | B56: 18℃-飯糰 | C56: 一配三杯辣海瓜子飯糰 | E56: 21.45 | F56: 1047 | G56: =E56*F56 -> 22458.15 | I56: 3 | J56: 3300 | K56: =J56/I56 -> 1100 | L56: 3 | M56: =F56/V56*60 -> 2848.9796 | N56: =M56/L56 -> 949.65986 | O56: =L56-I56 -> 0 | P56: =N56-K56 -> -150.34014 | Q56: =N56/K56 -> 0.86332715 | R56: =Q72 -> 0.87486226 | S56: 0.16666667 | T56: 0.18197917 | V56: 22.05 | AA56: =M56-J56 -> -451.02041 | AB56: =M56/J56 -> 0.86332715 | AC56: =AB72 -> 0.87486226
B57: 18℃-飯糰 | C57: 一配哇沙米魚卵沙拉飯糰 | E57: 15.71 | F57: 2527 | G57: =E57*F57 -> 39699.17 | I57: 3 | J57: 3300 | K57: =J57/I57 -> 1100 | L57: 3 | M57: =F57/V57*60 -> 2887.0835 | N57: =M57/L57 -> 962.36116 | O57: =L57-I57 -> 0 | P57: =N57-K57 -> -137.63884 | Q57: =N57/K57 -> 0.87487378 | S57: 0.1871412 | T57: 0.22361111 | U57: 7.4333333 | V57: 52.516667 | AA57: =M57-J57 -> -412.91653 | AB57: =M57/J57 -> 0.87487378
B58: 18℃-飯糰 | C58: 一配壹號醬炙烤牛飯糰 | E58: 22.28 | F58: 1514 | G58: =E58*F58 -> 33731.92 | I58: 5 | J58: 3300 | K58: =J58/I58 -> 660 | L58: 5 | M58: =F58/V58*60 -> 2858.1017 | N58: =M58/L58 -> 571.62035 | O58: =L58-I58 -> 0 | P58: =N58-K58 -> -88.379654 | Q58: =N58/K58 -> 0.86609143 | S58: 0.22792824 | T58: 0.25 | U58: 6.2166667 | V58: 31.783333 | AA58: =M58-J58 -> -441.89827 | AB58: =M58/J58 -> 0.86609143
B59: 18℃-飯糰 | C59: 一配鹽蔥燒肉飯糰 | E59: 17.89 | F59: 4022 | G59: =E59*F59 -> 71953.58 | I59: 4 | J59: 3300 | K59: =J59/I59 -> 825 | L59: 4 | M59: =F59/V59*60 -> 2905.1364 | N59: =M59/L59 -> 726.28411 | O59: =L59-I59 -> 0 | P59: =N59-K59 -> -98.715891 | Q59: =N59/K59 -> 0.88034437 | S59: 0.25347222 | T59: 0.31115741 | U59: 5 | V59: 83.066667 | AA59: =M59-J59 -> -394.86356 | AB59: =M59/J59 -> 0.88034437
B60: 18℃-飯糰 | C60: 一配照燒雞肉飯糰 | E60: 21.45 | F60: 4716 | G60: =E60*F60 -> 101158.2 | I60: 4 | J60: 3300 | K60: =J60/I60 -> 825 | L60: 4 | M60: =F60/V60*60 -> 2909.6144 | N60: =M60/L60 -> 727.4036 | O60: =L60-I60 -> 0 | P60: =N60-K60 -> -97.596401 | Q60: =N60/K60 -> 0.88170133 | S60: 0.31597222 | T60: 0.38350694 | U60: 6.9333333 | V60: 97.25 | AA60: =M60-J60 -> -390.3856 | AB60: =M60/J60 -> 0.88170133
B61: 18℃-飯糰 | C61: 一配雞肉飯飯糰 | E61: 16.66 | F61: 5677 | G61: =E61*F61 -> 94578.82 | I61: 4 | J61: 3300 | K61: =J61/I61 -> 825 | L61: 4 | M61: =F61/V61*60 -> 2913.3571 | N61: =M61/L61 -> 728.33927 | O61: =L61-I61 -> 0 | P61: =N61-K61 -> -96.660727 | Q61: =N61/K61 -> 0.88283548 | S61: 0.38894676 | T61: 0.47013889 | U61: 7.8333333 | V61: 116.91667 | AA61: =M61-J61 -> -386.64291 | AB61: =M61/J61 -> 0.88283548
B72: 平均 | I72: =AVERAGE(I56:I71) -> 3.8333333 | J72: =AVERAGE(J56:J71) -> 3300 | K72: =J72/I72 -> 860.86957 | L72: =AVERAGE(L56:L71) -> 3.8333333 | M72: =AVERAGE(M56:M71) -> 2887.0455 | N72: =M72/L72 -> 753.14229 | O72: =L72-I72 -> 0 | P72: =N72-K72 -> -107.72727 | Q72: =N72/K72 -> 0.87486226 | S72: =S56 -> 0.16666667 | T72: =INDEX(T56:T71,COUNTA(T56:T71)) -> 0.47013889 | AA72: =M72-J72 -> -412.95455 | AB72: =M72/J72 -> 0.87486226
A73: GKK3600型 飯糰機 | B73: 18℃-飯糰 | C73: 一配蔬食鮪魚飯糰 | E73: 18.18 | F73: 2190 | G73: =E73*F73 -> 39814.2 | I73: 3 | J73: 3600 | K73: =J73/I73 -> 1200 | L73: 3 | M73: =F73/V73*60 -> 3027.6498 | N73: =M73/L73 -> 1009.2166 | O73: =L73-I73 -> 0 | P73: =N73-K73 -> -190.78341 | Q73: =N73/K73 -> 0.84101382 | R73: =Q89 -> 0.84647288 | S73: 0.16666667 | T73: 0.19680556 | V73: 43.4 | AA73: =M73-J73 -> -572.35023 | AB73: =M73/J73 -> 0.84101382 | AC73: =AB89 -> 0.84647288
B74: 18℃-飯糰 | C74: 一配明太子龍蝦風味沙拉飯糰 | E74: 18.18 | F74: 2815 | G74: =E74*F74 -> 51176.7 | I74: 3 | J74: 3600 | K74: =J74/I74 -> 1200 | L74: 3 | M74: =F74/V74*60 -> 3035.0404 | N74: =M74/L74 -> 1011.6801 | O74: =L74-I74 -> 0 | P74: =N74-K74 -> -188.31986 | Q74: =N74/K74 -> 0.84306679 | S74: 0.20927083 | T74: 0.24791667 | U74: 17.95 | V74: 55.65 | AA74: =M74-J74 -> -564.95957 | AB74: =M74/J74 -> 0.84306679
B75: 18℃-飯糰 | C75: 一配經典肉鬆飯糰 | E75: 13.25 | F75: 6809 | G75: =E75*F75 -> 90219.25 | I75: 4 | J75: 3000 | K75: =J75/I75 -> 750 | L75: 4 | M75: =F75/V75*60 -> 2580.2526 | N75: =M75/L75 -> 645.06316 | O75: =L75-I75 -> 0 | P75: =N75-K75 -> -104.93684 | Q75: =N75/K75 -> 0.86008421 | S75: 0.25972222 | T75: 0.36967593 | U75: 17 | V75: 158.33333 | AA75: =M75-J75 -> -419.74737 | AB75: =M75/J75 -> 0.86008421
B76: 18℃-飯糰 | C76: 一配鮪魚飯糰 | E76: 14.28 | F76: 7098 | G76: =E76*F76 -> 101359.44 | I76: 3 | J76: 3600 | K76: =J76/I76 -> 1200 | L76: 3 | M76: =F76/V76*60 -> 3038.3829 | N76: =M76/L76 -> 1012.7943 | O76: =L76-I76 -> 0 | P76: =N76-K76 -> -187.20571 | Q76: =N76/K76 -> 0.84399524 | S76: 0.38958333 | T76: 0.4869213 | U76: 28.666667 | V76: 140.16667 | AA76: =M76-J76 -> -561.61712 | AB76: =M76/J76 -> 0.84399524
B89: 平均 | I89: =AVERAGE(I73:I88) -> 3.25 | J89: =AVERAGE(J73:J88) -> 3450 | K89: =J89/I89 -> 1061.5385 | L89: =AVERAGE(L73:L88) -> 3.25 | M89: =AVERAGE(M73:M88) -> 2920.3314 | N89: =M89/L89 -> 898.56352 | O89: =L89-I89 -> 0 | P89: =N89-K89 -> -162.97495 | Q89: =N89/K89 -> 0.84647288 | S89: =S73 -> 0.16666667 | T89: =INDEX(T73:T88,COUNTA(T73:T88)) -> 0.4869213 | AA89: =M89-J89 -> -529.66857 | AB89: =M89/J89 -> 0.84647288
A90: GKK3600型 飯糰機2 | B90: 18℃-飯糰 | C90: 一配熟成紅鮭飯糰 | E90: 25.03 | F90: 2414 | G90: =E90*F90 -> 60422.42 | I90: 4 | J90: 3300 | K90: =J90/I90 -> 825 | L90: 4 | M90: =F90/V90*60 -> 2860.5662 | N90: =M90/L90 -> 715.14154 | O90: =L90-I90 -> 0 | P90: =N90-K90 -> -109.85846 | Q90: =N90/K90 -> 0.86683823 | R90: =Q106 -> 0.87282784 | S90: 0.1669213 | T90: 0.20208333 | V90: 50.633333 | AA90: =M90-J90 -> -439.43384 | AB90: =M90/J90 -> 0.86683823 | AC90: =AB106 -> 0.87282784
B91: 18℃-飯糰 | C91: 一配博多明太子奶油飯糰 | E91: 25.45 | F91: 2640 | G91: =E91*F91 -> 67188 | I91: 4 | J91: 3300 | K91: =J91/I91 -> 825 | L91: 4 | M91: =F91/V91*60 -> 2872.1668 | N91: =M91/L91 -> 718.0417 | O91: =L91-I91 -> 0 | P91: =N91-K91 -> -106.9583 | Q91: =N91/K91 -> 0.87035358 | S91: 0.21319444 | T91: 0.25149306 | U91: 16 | V91: 55.15 | AA91: =M91-J91 -> -427.83318 | AB91: =M91/J91 -> 0.87035358
B92: 18℃-飯糰 | C92: 一配照燒鰤魚大根飯糰 | E92: 26.73 | F92: 1577 | G92: =E92*F92 -> 42153.21 | I92: 4 | J92: 3300 | K92: =J92/I92 -> 825 | L92: 4 | M92: =F92/V92*60 -> 2840.02 | N92: =M92/L92 -> 710.005 | O92: =L92-I92 -> 0 | P92: =N92-K92 -> -114.995 | Q92: =N92/K92 -> 0.86061212 | S92: 0.26527778 | T92: 0.28841435 | U92: 19.85 | V92: 33.316667 | AA92: =M92-J92 -> -459.97999 | AB92: =M92/J92 -> 0.86061212
B93: 18℃-飯糰 | C93: 一配北海道秋鮭親子飯糰 | E93: 24.82 | F93: 2555 | G93: =E93*F93 -> 63415.1 | I93: 4 | J93: 3300 | K93: =J93/I93 -> 825 | L93: 4 | M93: =F93/V93*60 -> 2866.3135 | N93: =M93/L93 -> 716.57837 | O93: =L93-I93 -> 0 | P93: =N93-K93 -> -108.42163 | Q93: =N93/K93 -> 0.86857985 | S93: 0.30138889 | T93: 0.33853009 | U93: 18.683333 | V93: 53.483333 | AA93: =M93-J93 -> -433.68651 | AB93: =M93/J93 -> 0.86857985
B94: 18℃-飯糰 | C94: 一配筋子銀鮭飯糰 | E94: 30 | F94: 3339 | G94: =E94*F94 -> 100170 | I94: 4 | J94: 3000 | K94: =J94/I94 -> 750 | L94: 4 | M94: =F94/V94*60 -> 2657.6166 | N94: =M94/L94 -> 664.40416 | O94: =L94-I94 -> 0 | P94: =N94-K94 -> -85.595843 | Q94: =N94/K94 -> 0.88587221 | S94: 0.35138889 | T94: 0.40373843 | U94: 18.516667 | V94: 75.383333 | AA94: =M94-J94 -> -342.38337 | AB94: =M94/J94 -> 0.88587221
B95: 18℃-飯糰 | C95: 一配贅沢鮭魚肚飯糰 | E95: 30 | F95: 3900 | G95: =E95*F95 -> 117000 | I95: 3 | J95: 3000 | K95: =J95/I95 -> 1000 | L95: 3 | M95: =F95/V95*60 -> 2661.6114 | N95: =M95/L95 -> 887.20379 | O95: =L95-I95 -> 0 | P95: =N95-K95 -> -112.79621 | Q95: =N95/K95 -> 0.88720379 | S95: 0.41394676 | T95: 0.475 | U95: 14.7 | V95: 87.916667 | AA95: =M95-J95 -> -338.38863 | AB95: =M95/J95 -> 0.88720379
B106: 平均 | I106: =AVERAGE(I90:I105) -> 3.8333333 | J106: =AVERAGE(J90:J105) -> 3200 | K106: =J106/I106 -> 834.78261 | L106: =AVERAGE(L90:L105) -> 3.8333333 | M106: =AVERAGE(M90:M105) -> 2793.0491 | N106: =M106/L106 -> 728.6215 | O106: =L106-I106 -> 0 | P106: =N106-K106 -> -106.16111 | Q106: =N106/K106 -> 0.87282784 | S106: =S90 -> 0.1669213 | T106: =INDEX(T90:T105,COUNTA(T90:T105)) -> 0.475 | AA106: =M106-J106 -> -406.95092 | AB106: =M106/J106 -> 0.87282784
A107: 自動包裝機 (二配) | B107: 18℃-飯糰 | C107: 二配兔兔昆布飯糰 | E107: 13.42 | F107: 1438 | G107: =E107*F107 -> 19297.96 | I107: 6 | J107: 3600 | K107: =J107/I107 -> 600 | L107: 6 | M107: =F107/V107*60 -> 3107.3229 | N107: =M107/L107 -> 517.88715 | O107: =L107-I107 -> 0 | P107: =N107-K107 -> -82.112845 | Q107: =N107/K107 -> 0.86314526 | R107: =Q123 -> 0.8482363 | S107: 0.70849537 | T107: 0.72777778 | V107: 27.766667 | AA107: =M107-J107 -> -492.67707 | AB107: =M107/J107 -> 0.86314526 | AC107: =AB123 -> 0.8482363
B108: 18℃-壽司手卷 | C108: 二配長野稻荷壽司 | E108: 25.64 | F108: 2160 | G108: =E108*F108 -> 55382.4 | I108: 11 | J108: 3600 | K108: =J108/I108 -> 327.27273 | L108: 11 | M108: =F108/V108*60 -> 3084.4903 | N108: =M108/L108 -> 280.40821 | O108: =L108-I108 -> 0 | P108: =N108-K108 -> -46.86452 | Q108: =N108/K108 -> 0.85680286 | S108: 0.73125 | T108: 0.76042824 | U108: 5 | V108: 42.016667 | AA108: =M108-J108 -> -515.50972 | AB108: =M108/J108 -> 0.85680286
B109: 18℃-壽司手卷 | C109: 二配雙饗雙手卷 | E109: 29.52 | F109: 2574 | G109: =E109*F109 -> 75984.48 | I109: 17 | J109: 3600 | K109: =J109/I109 -> 211.76471 | L109: 17 | M109: =F109/V109*60 -> 3008.5714 | N109: =M109/L109 -> 176.97479 | O109: =L109-I109 -> 0 | P109: =N109-K109 -> -34.789916 | Q109: =N109/K109 -> 0.83571429 | S109: 0.76388889 | T109: 0.79953704 | U109: 4.9833333 | V109: 51.333333 | AA109: =M109-J109 -> -591.42857 | AB109: =M109/J109 -> 0.83571429
B110: 18℃-壽司手卷 | C110: 二配海饌雙手卷 | E110: 29.85 | F110: 2650 | G110: =E110*F110 -> 79102.5 | I110: 17 | J110: 3600 | K110: =J110/I110 -> 211.76471 | L110: 17 | M110: =F110/V110*60 -> 3014.218 | N110: =M110/L110 -> 177.30694 | O110: =L110-I110 -> 0 | P110: =N110-K110 -> -34.457764 | Q110: =N110/K110 -> 0.83728278 | S110: 0.80503472 | T110: 0.84166667 | U110: 7.9166667 | V110: 52.75 | AA110: =M110-J110 -> -585.78199 | AB110: =M110/J110 -> 0.83728278
B123: 平均 | I123: =AVERAGE(I107:I122) -> 12.75 | J123: =AVERAGE(J107:J122) -> 3600 | K123: =J123/I123 -> 282.35294 | L123: =AVERAGE(L107:L122) -> 12.75 | M123: =AVERAGE(M107:M122) -> 3053.6507 | N123: =M123/L123 -> 239.50201 | O123: =L123-I123 -> 0 | P123: =N123-K123 -> -42.850928 | Q123: =N123/K123 -> 0.8482363 | S123: =S107 -> 0.70849537 | T123: =INDEX(T107:T122,COUNTA(T107:T122)) -> 0.84166667 | AA123: =M123-J123 -> -546.34934 | AB123: =M123/J123 -> 0.8482363
A124: (舊) 3300型飯糰線 (二配) | B124: 18℃-飯糰 | C124: 二配大飯糰韓式炸雞 | E124: 27.58 | F124: 1484 | G124: =E124*F124 -> 40928.72 | I124: 4 | J124: 3000 | K124: =J124/I124 -> 750 | L124: 4 | M124: =F124/V124*60 -> 2578.3784 | N124: =M124/L124 -> 644.59459 | O124: =L124-I124 -> 0 | P124: =N124-K124 -> -105.40541 | Q124: =N124/K124 -> 0.85945946 | R124: =Q140 -> 0.87017307 | S124: 0.70865741 | T124: 0.73263889 | V124: 34.533333 | AA124: =M124-J124 -> -421.62162 | AB124: =M124/J124 -> 0.85945946 | AC124: =AB140 -> 0.87017307
B125: 18℃-飯糰 | C125: 二配大飯糰春川風味辣炒雞 | E125: 24.15 | F125: 1168 | G125: =E125*F125 -> 28207.2 | I125: 4 | J125: 3000 | K125: =J125/I125 -> 750 | L125: 4 | M125: =F125/V125*60 -> 2570.1711 | N125: =M125/L125 -> 642.54279 | O125: =L125-I125 -> 0 | P125: =N125-K125 -> -107.45721 | Q125: =N125/K125 -> 0.85672372 | S125: 0.7375 | T125: 0.75643519 | U125: 7 | V125: 27.266667 | AA125: =M125-J125 -> -429.82885 | AB125: =M125/J125 -> 0.85672372
B126: 18℃-飯糰 | C126: 二配哇沙米魚卵沙拉飯糰 | E126: 15.71 | F126: 3036 | G126: =E126*F126 -> 47695.56 | I126: 3 | J126: 3300 | K126: =J126/I126 -> 1100 | L126: 3 | M126: =F126/V126*60 -> 2902.9482 | N126: =M126/L126 -> 967.6494 | O126: =L126-I126 -> 0 | P126: =N126-K126 -> -132.3506 | Q126: =N126/K126 -> 0.87968127 | S126: 0.76128472 | T126: 0.80486111 | U126: 6.9833333 | V126: 62.75 | AA126: =M126-J126 -> -397.05179 | AB126: =M126/J126 -> 0.87968127
B127: 18℃-飯糰 | C127: 二配鹽蔥燒肉飯糰 | E127: 17.89 | F127: 6577 | G127: =E127*F127 -> 117662.53 | I127: 4 | J127: 3300 | K127: =J127/I127 -> 825 | L127: 4 | M127: =F127/V127*60 -> 2912.683 | N127: =M127/L127 -> 728.17075 | O127: =L127-I127 -> 0 | P127: =N127-K127 -> -96.829253 | Q127: =N127/K127 -> 0.88263121 | S127: 0.80833333 | T127: 0.90241898 | U127: 5 | V127: 135.48333 | AA127: =M127-J127 -> -387.31701 | AB127: =M127/J127 -> 0.88263121
B140: 平均 | I140: =AVERAGE(I124:I139) -> 3.75 | J140: =AVERAGE(J124:J139) -> 3150 | K140: =J140/I140 -> 840 | L140: =AVERAGE(L124:L139) -> 3.75 | M140: =AVERAGE(M124:M139) -> 2741.0452 | N140: =M140/L140 -> 730.94538 | O140: =L140-I140 -> 0 | P140: =N140-K140 -> -109.05462 | Q140: =N140/K140 -> 0.87017307 | S140: =S124 -> 0.70865741 | T140: =INDEX(T124:T139,COUNTA(T124:T139)) -> 0.90241898 | AA140: =M140-J140 -> -408.95482 | AB140: =M140/J140 -> 0.87017307
A141: (新) 3300型飯糰機 (二配) | B141: 18℃-飯糰 | C141: 二配壹號醬炙烤牛飯糰 | E141: 22.28 | F141: 2120 | G141: =E141*F141 -> 47233.6 | I141: 5 | J141: 3300 | K141: =J141/I141 -> 660 | L141: 5 | M141: =F141/V141*60 -> 2886.5356 | N141: =M141/L141 -> 577.30711 | O141: =L141-I141 -> 0 | P141: =N141-K141 -> -82.69289 | Q141: =N141/K141 -> 0.87470774 | R141: =Q157 -> 0.87634062 | S141: 0.70833333 | T141: 0.73893519 | V141: 44.066667 | AA141: =M141-J141 -> -413.46445 | AB141: =M141/J141 -> 0.87470774 | AC141: =AB157 -> 0.87634062
B142: 18℃-飯糰 | C142: 二配油蔥G絲飯糰 | E142: 18.18 | F142: 1713 | G142: =E142*F142 -> 31142.34 | I142: 4 | J142: 3300 | K142: =J142/I142 -> 825 | L142: 4 | M142: =F142/V142*60 -> 2874.965 | N142: =M142/L142 -> 718.74126 | O142: =L142-I142 -> 0 | P142: =N142-K142 -> -106.25874 | Q142: =N142/K142 -> 0.87120153 | S142: 0.74461806 | T142: 0.76944444 | U142: 8.1833333 | V142: 35.75 | AA142: =M142-J142 -> -425.03497 | AB142: =M142/J142 -> 0.87120153
B143: 18℃-飯糰 | C143: 二配雞肉飯飯糰 | E143: 16.66 | F143: 9779 | G143: =E143*F143 -> 162918.14 | I143: 4 | J143: 3300 | K143: =J143/I143 -> 825 | L143: 4 | M143: =F143/V143*60 -> 2914.2715 | N143: =M143/L143 -> 728.56788 | O143: =L143-I143 -> 0 | P143: =N143-K143 -> -96.432119 | Q143: =N143/K143 -> 0.88311258 | S143: 0.77361111 | T143: 0.91342593 | U143: 6 | V143: 201.33333 | AA143: =M143-J143 -> -385.72848 | AB143: =M143/J143 -> 0.88311258
B157: 平均 | I157: =AVERAGE(I141:I156) -> 4.3333333 | J157: =AVERAGE(J141:J156) -> 3300 | K157: =J157/I157 -> 761.53846 | L157: =AVERAGE(L141:L156) -> 4.3333333 | M157: =AVERAGE(M141:M156) -> 2891.924 | N157: =M157/L157 -> 667.36709 | O157: =L157-I157 -> 0 | P157: =N157-K157 -> -94.171376 | Q157: =N157/K157 -> 0.87634062 | S157: =S141 -> 0.70833333 | T157: =INDEX(T141:T156,COUNTA(T141:T156)) -> 0.91342593 | AA157: =M157-J157 -> -408.07596 | AB157: =M157/J157 -> 0.87634062
A158: GKK3600型 飯糰機 (二配) | B158: 18℃-飯糰 | C158: 二配經典肉鬆飯糰 | E158: 13.25 | F158: 829 | G158: =E158*F158 -> 10984.25 | H158: 2 | I158: 4 | J158: 3000 | K158: =J158/I158 -> 750 | L158: 4 | M158: =F158/V158*60 -> 2548.5909 | N158: =M158/L158 -> 637.14774 | O158: =L158-I158 -> 0 | P158: =N158-K158 -> -112.85226 | Q158: =N158/K158 -> 0.84953032 | R158: =Q174 -> 0.85396389 | S158: 0.70866898 | T158: 0.72222222 | V158: 19.516667 | AA158: =M158-J158 -> -451.40905 | AB158: =M158/J158 -> 0.84953032 | AC158: =AB174 -> 0.85396389
B159: 18℃-飯糰 | C159: 二配鮪魚飯糰 | E159: 14.28 | F159: 9443 | G159: =E159*F159 -> 134846.04 | H159: 2 | I159: 3 | J159: 3600 | K159: =J159/I159 -> 1200 | L159: 3 | M159: =F159/V159*60 -> 3046.129 | N159: =M159/L159 -> 1015.3763 | O159: =L159-I159 -> 0 | P159: =N159-K159 -> -184.62366 | Q159: =N159/K159 -> 0.84614695 | S159: 0.73541667 | T159: 0.86458333 | U159: 19 | V159: 186 | W159: 0.86458333 | X159: 0.92083333 | AA159: =M159-J159 -> -553.87097 | AB159: =M159/J159 -> 0.84614695
B160: 18℃-飯糰 | C160: 二配經典肉鬆飯糰 | E160: 13.25 | F160: 10153 | G160: =E160*F160 -> 134527.25 | I160: 4 | J160: 3000 | K160: =J160/I160 -> 750 | L160: 4 | M160: =F160/V160*60 -> 2603.3333 | N160: =M160/L160 -> 650.83333 | O160: =L160-I160 -> 0 | P160: =N160-K160 -> -99.166667 | Q160: =N160/K160 -> 0.86777778 | S160: 0.92083333 | T160: 1.0833333 | U160: 81 | V160: 234 | AA160: =M160-J160 -> -396.66667 | AB160: =M160/J160 -> 0.86777778
B174: 平均 | I174: =AVERAGE(I158:I173) -> 3.6666667 | J174: =AVERAGE(J158:J173) -> 3200 | K174: =J174/I174 -> 872.72727 | L174: =AVERAGE(L158:L173) -> 3.6666667 | M174: =AVERAGE(M158:M173) -> 2732.6844 | N174: =M174/L174 -> 745.27757 | O174: =L174-I174 -> 0 | P174: =N174-K174 -> -127.4497 | Q174: =N174/K174 -> 0.85396389 | S174: =S158 -> 0.70866898 | T174: =INDEX(T158:T173,COUNTA(T158:T173)) -> 1.0833333 | AA174: =M174-J174 -> -467.31556 | AB174: =M174/J174 -> 0.85396389
A175: GKK3600型 飯糰機2 (二配) | B175: 18℃-飯糰 | C175: 二配明太子龍蝦風味沙拉飯糰 | E175: 18.18 | F175: 1225 | G175: =E175*F175 -> 22270.5 | H175: 2 | I175: 3 | J175: 3600 | K175: =J175/I175 -> 1200 | L175: 3 | M175: =F175/V175*60 -> 3022.6182 | N175: =M175/L175 -> 1007.5394 | O175: =L175-I175 -> 0 | P175: =N175-K175 -> -192.46059 | Q175: =N175/K175 -> 0.83961618 | R175: =Q191 -> 0.85662257 | S175: 0.70833333 | T175: 0.72521991 | V175: 24.316667 | AA175: =M175-J175 -> -577.38177 | AB175: =M175/J175 -> 0.83961618 | AC175: =AB191 -> 0.85662257
B176: 18℃-飯糰 | C176: 二配蔬食鮪魚飯糰 | E176: 18.18 | F176: 2344 | G176: =E176*F176 -> 42613.92 | I176: 3 | J176: 3600 | K176: =J176/I176 -> 1200 | L176: 3 | M176: =F176/V176*60 -> 3038.6748 | N176: =M176/L176 -> 1012.8916 | O176: =L176-I176 -> 0 | P176: =N176-K176 -> -187.10839 | Q176: =N176/K176 -> 0.84407634 | S176: 0.73541667 | T176: 0.76755787 | U176: 14.683333 | V176: 46.283333 | AA176: =M176-J176 -> -561.32517 | AB176: =M176/J176 -> 0.84407634
B177: 18℃-飯糰 | C177: 二配北海道秋鮭親子飯糰 | E177: 24.82 | F177: 1066 | G177: =E177*F177 -> 26458.12 | H177: 2 | I177: 4 | J177: 3300 | K177: =J177/I177 -> 825 | L177: 4 | M177: =F177/V177*60 -> 2844.7739 | N177: =M177/L177 -> 711.19348 | O177: =L177-I177 -> 0 | P177: =N177-K177 -> -113.80652 | Q177: =N177/K177 -> 0.8620527 | S177: 0.77777778 | T177: 0.7933912 | U177: 14.716667 | V177: 22.483333 | AA177: =M177-J177 -> -455.22609 | AB177: =M177/J177 -> 0.8620527
B178: 18℃-飯糰 | C178: 二配熟成紅鮭飯糰 | E178: 25.03 | F178: 995 | G178: =E178*F178 -> 24904.85 | H178: 2 | I178: 4 | J178: 3300 | K178: =J178/I178 -> 825 | L178: 4 | M178: =F178/V178*60 -> 2856.4593 | N178: =M178/L178 -> 714.11483 | O178: =L178-I178 -> 0 | P178: =N178-K178 -> -110.88517 | Q178: =N178/K178 -> 0.86559374 | S178: 0.80354167 | T178: 0.81805556 | U178: 14.616667 | V178: 20.9 | AA178: =M178-J178 -> -443.54067 | AB178: =M178/J178 -> 0.86559374
B179: 18℃-飯糰 | C179: 二配芝麻香鬆飯糰 | E179: 18.18 | F179: 2738 | G179: =E179*F179 -> 49776.84 | I179: 4 | J179: 3000 | K179: =J179/I179 -> 750 | L179: 4 | M179: =F179/V179*60 -> 2653.2436 | N179: =M179/L179 -> 663.3109 | O179: =L179-I179 -> 0 | P179: =N179-K179 -> -86.689098 | Q179: =N179/K179 -> 0.88441454 | S179: 0.82783565 | T179: 0.87083333 | U179: 14.083333 | V179: 61.916667 | W179: 0.87083333 | X179: 0.925 | AA179: =M179-J179 -> -346.75639 | AB179: =M179/J179 -> 0.88441454
B180: 18℃-飯糰 | C180: 二配熟成紅鮭飯糰 | E180: 25.03 | F180: 2076 | G180: =E180*F180 -> 51962.28 | I180: 4 | J180: 3300 | K180: =J180/I180 -> 825 | L180: 4 | M180: =F180/V180*60 -> 2872.2521 | N180: =M180/L180 -> 718.06303 | O180: =L180-I180 -> 0 | P180: =N180-K180 -> -106.93697 | Q180: =N180/K180 -> 0.87037943 | S180: 0.925 | T180: 0.95511574 | U180: 78 | V180: 43.366667 | AA180: =M180-J180 -> -427.74789 | AB180: =M180/J180 -> 0.87037943
B181: 18℃-飯糰 | C181: 二配北海道秋鮭親子飯糰 | E181: 24.82 | F181: 2472 | G181: =E181*F181 -> 61355.04 | I181: 4 | J181: 3300 | K181: =J181/I181 -> 825 | L181: 4 | M181: =F181/V181*60 -> 2855.0529 | N181: =M181/L181 -> 713.76323 | O181: =L181-I181 -> 0 | P181: =N181-K181 -> -111.23677 | Q181: =N181/K181 -> 0.86516756 | S181: 0.9653125 | T181: 1.0013889 | U181: 14.683333 | V181: 51.95 | AA181: =M181-J181 -> -444.94706 | AB181: =M181/J181 -> 0.86516756
B182: 18℃-飯糰 | C182: 二配明太子龍蝦風味沙拉飯糰 | E182: 18.18 | F182: 3126 | G182: =E182*F182 -> 56830.68 | I182: 3 | J182: 3600 | K182: =J182/I182 -> 1200 | L182: 3 | M182: =F182/V182*60 -> 3033.3154 | N182: =M182/L182 -> 1011.1051 | O182: =L182-I182 -> 0 | P182: =N182-K182 -> -188.89488 | Q182: =N182/K182 -> 0.8425876 | S182: 1.0119213 | T182: 1.0548611 | U182: 15.166667 | V182: 61.833333 | AA182: =M182-J182 -> -566.68464 | AB182: =M182/J182 -> 0.8425876
B183: 18℃-飯糰 | C183: 二配鮪魚飯糰 | E183: 14.28 | F183: 2526 | G183: =E183*F183 -> 36071.28 | I183: 3 | J183: 3600 | K183: =J183/I183 -> 1200 | L183: 3 | M183: =F183/V183*60 -> 3036.2604 | N183: =M183/L183 -> 1012.0868 | O183: =L183-I183 -> 0 | P183: =N183-K183 -> -187.91319 | Q183: =N183/K183 -> 0.84340568 | S183: 1.0653356 | T183: 1.1 | U183: 15.083333 | V183: 49.916667 | AA183: =M183-J183 -> -563.73957 | AB183: =M183/J183 -> 0.84340568
B191: 平均 | I191: =AVERAGE(I175:I190) -> 3.5555556 | J191: =AVERAGE(J175:J190) -> 3400 | K191: =J191/I191 -> 956.25 | L191: =AVERAGE(L175:L190) -> 3.5555556 | M191: =AVERAGE(M175:M190) -> 2912.5168 | N191: =M191/L191 -> 819.14534 | O191: =L191-I191 -> 0 | P191: =N191-K191 -> -137.10466 | Q191: =N191/K191 -> 0.85662257 | S191: =S175 -> 0.70833333 | T191: =INDEX(T175:T190,COUNTA(T175:T190)) -> 1.1 | AA191: =M191-J191 -> -487.48325 | AB191: =M191/J191 -> 0.85662257
Y193: 原因回覆
Y194: 1.當日出勤人數較多
Y195: 2.當日出勤人數較少
Y196: 3.當日出勤熟手較多
Y197: 4.當日出勤新人較多
Y198: 5.機台夾盒
Y199: 6.封膜不順
Y200: 7.更換膠膜
Y201: 8.更換碳帶
Y202: 9.當日熱轉印碳帶異常
Y203: 10.訂單量過少
Y204: 11.新品上市，尚未熟悉
Y205: 12.活動期間品項需貼標

Sheet 0930(4度C)
A1: 大溪廠日報分析 | C1: 總生產量 | D1: =SUM(F5:F157) -> 122808 | E1: 營業額 | F1: =SUM(G5:G157) -> 5701164.5 | G1: 出勤人數 | H1: =L21+L38+L55+L72+L89+L106+L123+L140+L157 -> 168.9619 | I1: 產線配置圖 | L1: 生產實績 | O1: 人時性差異分析 | S1: 日報登錄 | Y1: 分析說明 | AA1: 產能差異分析
A2: 45930 | C2: 人時性 | D2: =AVERAGE(N21,N38,N55,N72,N89,N106,N123,N140,N157) -> 151.78289 | E2: 平均廠價 | F2: =F1/D1 -> 46.423396 | G2: 多次生產數 | H2: =COUNT(H5:H157) -> 3
A3: 線別 | B3: 品類 | C3: 品名 | E3: 廠價 | F3: 生產量 | G3: 營收 | H3: 多次 生產 | I3: 人數 | J3: 產能/時 | K3: 人時性 | L3: 人數 | M3: 產能/時 | N3: 人時性 | O3: 人數 | P3: 人時性 | Q3: 達成率 | R3: 達成率 平均 | S3: 生產時間 | U3: 換線、休息/分 | V3: 稼動時間/分 | W3: 休息時間 | Y3: (屏榮回填) | AA3: 產能/時 | AB3: 達成率 | AC3: 達成率平均
S4: 開始 | T4: 結束 | W4: 開始 | X4: 結束
A5: 便當一線 | B5: 微波小吃 | C5: 日式茶碗蒸 | E5: 19.7 | F5: 3456 | G5: =E5*F5 -> 68083.2 | I5: 13 | J5: 1200 | K5: =J5/I5 -> 92.307692 | L5: 13 | M5: =F5/V5*60 -> 1070.1531 | N5: =M5/L5 -> 82.31947 | O5: =L5-I5 -> 0 | P5: =N5-K5 -> -9.9882227 | Q5: =N5/K5 -> 0.89179425 | R5: =Q21 -> 0.88683757 | S5: 0.25016204 | T5: 0.38472222 | V5: 193.76667 | AA5: =M5-J5 -> -129.84689 | AB5: =M5/J5 -> 0.89179425 | AC5: =AB21 -> 0.88683757
B6: 4℃-飯糰 | C6: 麻油雞飯糰 | E6: 29.97 | F6: 2625 | G6: =E6*F6 -> 78671.25 | I6: 20 | J6: 2600 | K6: =J6/I6 -> 130 | L6: 20 | M6: =F6/V6*60 -> 2299.8296 | N6: =M6/L6 -> 114.99148 | O6: =L6-I6 -> 0 | P6: =N6-K6 -> -15.008518 | Q6: =N6/K6 -> 0.88454986 | S6: 0.50347222 | T6: 0.55103009 | U6: 59.7 | V6: 68.483333 | AA6: =M6-J6 -> -300.17036 | AB6: =M6/J6 -> 0.88454986
B21: 平均 | I21: =AVERAGE(I5:I20) -> 16.5 | J21: =AVERAGE(J5:J20) -> 1900 | K21: =J21/I21 -> 115.15152 | L21: =AVERAGE(L5:L20) -> 16.5 | M21: =AVERAGE(M5:M20) -> 1684.9914 | N21: =M21/L21 -> 102.12069 | O21: =L21-I21 -> 0 | P21: =N21-K21 -> -13.030826 | Q21: =N21/K21 -> 0.88683757 | S21: =S5 -> 0.25016204 | T21: =INDEX(T5:T20,COUNTA(T5:T20)) -> 0.55103009 | AA21: =M21-J21 -> -215.00863 | AB21: =M21/J21 -> 0.88683757
A22: 便當二線 | B22: 微波主食 | C22: 柚見極炙烤牛 | E22: 57.3 | F22: 956 | G22: =E22*F22 -> 54778.8 | I22: 26 | J22: 2000 | K22: =J22/I22 -> 76.923077 | L22: 26 | M22: =F22/V22*60 -> 1722.5225 | N22: =M22/L22 -> 66.250866 | O22: =L22-I22 -> 0 | P22: =N22-K22 -> -10.672211 | Q22: =N22/K22 -> 0.86126126 | R22: =Q38 -> 0.87496069 | S22: 0.25 | T22: 0.273125 | V22: 33.3 | AA22: =M22-J22 -> -277.47748 | AB22: =M22/J22 -> 0.86126126 | AC22: =AB38 -> 0.87496069
B23: 微波主食 | C23: 糖燻野郎三十天熟成牛飯 | E23: 56.77 | F23: 4383 | G23: =E23*F23 -> 248822.91 | I23: 26 | J23: 2000 | K23: =J23/I23 -> 76.923077 | L23: 26 | M23: =F23/V23*60 -> 1765.9541 | N23: =M23/L23 -> 67.921312 | O23: =L23-I23 -> 0 | P23: =N23-K23 -> -9.0017649 | Q23: =N23/K23 -> 0.88297706 | S23: 0.27853009 | T23: 0.38194444 | U23: 7.7833333 | V23: 148.91667 | AA23: =M23-J23 -> -234.04589 | AB23: =M23/J23 -> 0.88297706
B24: 微波主食 | C24: 蒜蒜燒豚飯 | E24: 51.86 | F24: 1524 | G24: =E24*F24 -> 79034.64 | I24: 26 | J24: 2000 | K24: =J24/I24 -> 76.923077 | L24: 26 | M24: =F24/V24*60 -> 1732.9122 | N24: =M24/L24 -> 66.650469 | O24: =L24-I24 -> 0 | P24: =N24-K24 -> -10.272608 | Q24: =N24/K24 -> 0.8664561 | S24: 0.38488426 | T24: 0.42152778 | U24: 4.2333333 | V24: 52.766667 | AA24: =M24-J24 -> -267.08781 | AB24: =M24/J24 -> 0.8664561
B25: 微波主食 | C25: 姨次滿足熟成牛豚雙拼 | E25: 57.3 | F25: 1376 | G25: =E25*F25 -> 78844.8 | I25: 25 | J25: 2000 | K25: =J25/I25 -> 80 | L25: 25 | M25: =F25/V25*60 -> 1731.4226 | N25: =M25/L25 -> 69.256903 | O25: =L25-I25 -> 0 | P25: =N25-K25 -> -10.743097 | Q25: =N25/K25 -> 0.86571129 | S25: 0.4266088 | T25: 0.45972222 | U25: 7.3166667 | V25: 47.683333 | AA25: =M25-J25 -> -268.57742 | AB25: =M25/J25 -> 0.86571129
B26: 便當 | C26: 健身G肉餐盒 | E26: 59.52 | F26: 1015 | G26: =E26*F26 -> 60412.8 | H26: 2 | I26: 25 | J26: 2000 | K26: =J26/I26 -> 80 | L26: 25 | M26: =F26/V26*60 -> 1766.0706 | N26: =M26/L26 -> 70.642823 | O26: =L26-I26 -> 0 | P26: =N26-K26 -> -9.3571774 | Q26: =N26/K26 -> 0.88303528 | S26: 0.46319444 | T26: 0.4871412 | U26: 5 | V26: 34.483333 | W26: 0.4871412 | X26: 0.52731481 | AA26: =M26-J26 -> -233.92943 | AB26: =M26/J26 -> 0.88303528
B27: 便當 | C27: 嫩烤香料雞胸排蔬滿盒 | E27: 77.34 | F27: 3305 | G27: =E27*F27 -> 255608.7 | I27: 25 | J27: 2000 | K27: =J27/I27 -> 80 | L27: 25 | M27: =F27/V27*60 -> 1760.0592 | N27: =M27/L27 -> 70.402367 | O27: =L27-I27 -> 0 | P27: =N27-K27 -> -9.5976331 | Q27: =N27/K27 -> 0.88002959 | S27: 0.52731481 | T27: 0.60555556 | U27: 57.85 | V27: 112.66667 | AA27: =M27-J27 -> -239.94083 | AB27: =M27/J27 -> 0.88002959
B28: 便當 | C28: 健身G肉餐盒 | E28: 59.52 | F28: 5223 | G28: =E28*F28 -> 310872.96 | I28: 25 | J28: 2000 | K28: =J28/I28 -> 80 | L28: 25 | M28: =F28/V28*60 -> 1770.5085 | N28: =M28/L28 -> 70.820339 | O28: =L28-I28 -> 0 | P28: =N28-K28 -> -9.179661 | Q28: =N28/K28 -> 0.88525424 | S28: 0.61041667 | T28: 0.73333333 | U28: 7 | V28: 177 | AA28: =M28-J28 -> -229.49153 | AB28: =M28/J28 -> 0.88525424
AQ29: =AI8 -> 0
B38: 平均 | I38: =AVERAGE(I22:I37) -> 25.428571 | J38: =AVERAGE(J22:J37) -> 2000 | K38: =J38/I38 -> 78.651685 | L38: =AVERAGE(L22:L37) -> 25.428571 | M38: =AVERAGE(M22:M37) -> 1749.9214 | N38: =M38/L38 -> 68.817133 | O38: =L38-I38 -> 0 | P38: =N38-K38 -> -9.8345527 | Q38: =N38/K38 -> 0.87496069 | S38: =S22 -> 0.25 | T38: =INDEX(T22:T37,COUNTA(T22:T37)) -> 0.73333333 | AA38: =M38-J38 -> -250.07863 | AB38: =M38/J38 -> 0.87496069
A39: 涼麵一線 | B39: 熱食義麵 | C39: 金沙豆腐細扁麵 | E39: 49.52 | F39: 1671 | G39: =E39*F39 -> 82747.92 | I39: 24 | J39: 2000 | K39: =J39/I39 -> 83.333333 | L39: 24 | M39: =F39/V39*60 -> 1735.603 | N39: =M39/L39 -> 72.316792 | O39: =L39-I39 -> 0 | P39: =N39-K39 -> -11.016542 | Q39: =N39/K39 -> 0.8678015 | R39: =Q55 -> 0.86877962 | S39: 0.25016204 | T39: 0.29027778 | V39: 57.766667 | AA39: =M39-J39 -> -264.397 | AB39: =M39/J39 -> 0.8678015 | AC39: =AB55 -> 0.86877962
B40: 便當 | C40: 紅燒肉日式高湯咖哩便當 | E40: 65.84 | F40: 964 | G40: =E40*F40 -> 63469.76 | I40: 21 | J40: 2000 | K40: =J40/I40 -> 95.238095 | L40: 21 | M40: =F40/V40*60 -> 1725.7086 | N40: =M40/L40 -> 82.1766 | O40: =L40-I40 -> 0 | P40: =N40-K40 -> -13.061495 | Q40: =N40/K40 -> 0.8628543 | S40: 0.2933912 | T40: 0.31666667 | U40: 4.4833333 | V40: 33.516667 | AA40: =M40-J40 -> -274.2914 | AB40: =M40/J40 -> 0.8628543
B41: 微波小吃 | C41: 越式牛肉寬粉 | E41: 51.82 | F41: 1940 | G41: =E41*F41 -> 100530.8 | I41: 22 | J41: 1800 | K41: =J41/I41 -> 81.818182 | L41: 22 | M41: =F41/V41*60 -> 1574.7463 | N41: =M41/L41 -> 71.579379 | O41: =L41-I41 -> 0 | P41: =N41-K41 -> -10.238803 | Q41: =N41/K41 -> 0.87485908 | S41: 0.31950231 | T41: 0.37083333 | U41: 4.0833333 | V41: 73.916667 | AA41: =M41-J41 -> -225.25366 | AB41: =M41/J41 -> 0.87485908
B42: 微波小吃 | C42: 擔仔炊粉湯 | E42: 45.66 | F42: 1450 | G42: =E42*F42 -> 66207 | I42: 20 | J42: 1800 | K42: =J42/I42 -> 90 | L42: 20 | M42: =F42/V42*60 -> 1563.8107 | N42: =M42/L42 -> 78.190533 | O42: =L42-I42 -> 0 | P42: =N42-K42 -> -11.809467 | Q42: =N42/K42 -> 0.8687837 | S42: 0.37456019 | T42: 0.41319444 | U42: 5.3666667 | V42: 55.633333 | AA42: =M42-J42 -> -236.18933 | AB42: =M42/J42 -> 0.8687837
B43: 微波主食 | C43: 妮妮家漢堡排 | E43: 57.3 | F43: 1815 | G43: =E43*F43 -> 103999.5 | I43: 20 | J43: 2000 | K43: =J43/I43 -> 100 | L43: 20 | M43: =F43/V43*60 -> 1737.766 | N43: =M43/L43 -> 86.888298 | O43: =L43-I43 -> 0 | P43: =N43-K43 -> -13.111702 | Q43: =N43/K43 -> 0.86888298 | S43: 0.41828704 | T43: 0.46180556 | U43: 7.3333333 | V43: 62.666667 | W43: 0.46180556 | X43: 0.50364583 | AA43: =M43-J43 -> -262.23404 | AB43: =M43/J43 -> 0.86888298
B44: 便當 | C44: 經典滷肉飯 | E44: 47.37 | F44: 2081 | G44: =E44*F44 -> 98576.97 | I44: 21 | J44: 2000 | K44: =J44/I44 -> 95.238095 | L44: 21 | M44: =F44/V44*60 -> 1740.2091 | N44: =M44/L44 -> 82.867098 | O44: =L44-I44 -> 0 | P44: =N44-K44 -> -12.370997 | Q44: =N44/K44 -> 0.87010453 | S44: 0.50364583 | T44: 0.55347222 | U44: 60.25 | V44: 71.75 | AA44: =M44-J44 -> -259.79094 | AB44: =M44/J44 -> 0.87010453
B55: 平均 | I55: =AVERAGE(I39:I54) -> 21.333333 | J55: =AVERAGE(J39:J54) -> 1933.3333 | K55: =J55/I55 -> 90.625 | L55: =AVERAGE(L39:L54) -> 21.333333 | M55: =AVERAGE(M39:M54) -> 1679.6406 | N55: =M55/L55 -> 78.733153 | O55: =L55-I55 -> 0 | P55: =N55-K55 -> -11.891847 | Q55: =N55/K55 -> 0.86877962 | S55: =S39 -> 0.25016204 | T55: =INDEX(T39:T54,COUNTA(T39:T54)) -> 0.55347222 | AA55: =M55-J55 -> -253.69273 | AB55: =M55/J55 -> 0.86877962
A56: 涼麵二線 | B56: 微波主食 | C56: 壹號醬雞豚雙拼 | E56: 56.43 | F56: 2726 | G56: =E56*F56 -> 153828.18 | I56: 22 | J56: 2000 | K56: =J56/I56 -> 90.909091 | L56: 22 | M56: =F56/V56*60 -> 1757.1352 | N56: =M56/L56 -> 79.869781 | O56: =L56-I56 -> 0 | P56: =N56-K56 -> -11.03931 | Q56: =N56/K56 -> 0.87856759 | R56: =Q72 -> 0.85032523 | S56: 0.16666667 | T56: 0.23130787 | V56: 93.083333 | AA56: =M56-J56 -> -242.86482 | AB56: =M56/J56 -> 0.87856759 | AC56: =AB72 -> 0.85032523
B57: 便當 | C57: 美式雞丁餐盒 | E57: 59.34 | F57: 2854 | G57: =E57*F57 -> 169356.36 | I57: 24 | J57: 2000 | K57: =J57/I57 -> 83.333333 | L57: 24 | M57: =F57/V57*60 -> 1756.0075 | N57: =M57/L57 -> 73.16698 | O57: =L57-I57 -> 0 | P57: =N57-K57 -> -10.166353 | Q57: =N57/K57 -> 0.87800376 | S57: 0.23644676 | T57: 0.30416667 | U57: 7.4 | V57: 97.516667 | AA57: =M57-J57 -> -243.99248 | AB57: =M57/J57 -> 0.87800376
B58: 便當 | C58: 蔬活腿排補力餐盒 | E58: 68.4 | F58: 5382 | G58: =E58*F58 -> 368128.8 | I58: 24 | J58: 2000 | K58: =J58/I58 -> 83.333333 | L58: 24 | M58: =F58/V58*60 -> 1647.551 | N58: =M58/L58 -> 68.647959 | O58: =L58-I58 -> 0 | P58: =N58-K58 -> -14.685374 | Q58: =N58/K58 -> 0.82377551 | S58: 0.30902778 | T58: 0.44513889 | U58: 7 | V58: 196 | AA58: =M58-J58 -> -352.44898 | AB58: =M58/J58 -> 0.82377551
B59: 便當 | C59: 海陸雙拼肉肉餐盒 | E59: 56.92 | F59: 1517 | G59: =E59*F59 -> 86347.64 | H59: 2 | I59: 23 | J59: 2000 | K59: =J59/I59 -> 86.956522 | L59: 23 | M59: =F59/V59*60 -> 1632.6457 | N59: =M59/L59 -> 70.984597 | O59: =L59-I59 -> 0 | P59: =N59-K59 -> -15.971924 | Q59: =N59/K59 -> 0.81632287 | S59: 0.45225694 | T59: 0.49097222 | U59: 10.25 | V59: 55.75 | W59: 0.49097222 | X59: 0.53194444 | AA59: =M59-J59 -> -367.35426 | AB59: =M59/J59 -> 0.81632287
B60: 便當 | C60: 烤蛋白餐盒 | E60: 58.67 | F60: 4516 | G60: =E60*F60 -> 264953.72 | I60: 24 | J60: 2000 | K60: =J60/I60 -> 83.333333 | L60: 24 | M60: =F60/V60*60 -> 1767.1304 | N60: =M60/L60 -> 73.630435 | O60: =L60-I60 -> 0 | P60: =N60-K60 -> -9.7028986 | Q60: =N60/K60 -> 0.88356522 | S60: 0.53194444 | T60: 0.63842593 | U60: 59 | V60: 153.33333 | AA60: =M60-J60 -> -232.86957 | AB60: =M60/J60 -> 0.88356522
B61: 便當 | C61: 海陸雙拼肉肉餐盒 | E61: 56.92 | F61: 3931 | G61: =E61*F61 -> 223752.52 | I61: 23 | J61: 2000 | K61: =J61/I61 -> 86.956522 | L61: 23 | M61: =F61/V61*60 -> 1643.4328 | N61: =M61/L61 -> 71.453601 | O61: =L61-I61 -> 0 | P61: =N61-K61 -> -15.502921 | Q61: =N61/K61 -> 0.82171641 | S61: 0.64269676 | T61: 0.74236111 | U61: 6.15 | V61: 143.51667 | AA61: =M61-J61 -> -356.56718 | AB61: =M61/J61 -> 0.82171641
B72: 平均 | I72: =AVERAGE(I56:I71) -> 23.333333 | J72: =AVERAGE(J56:J71) -> 2000 | K72: =J72/I72 -> 85.714286 | L72: =AVERAGE(L56:L71) -> 23.333333 | M72: =AVERAGE(M56:M71) -> 1700.6505 | N72: =M72/L72 -> 72.885019 | O72: =L72-I72 -> 0 | P72: =N72-K72 -> -12.829266 | Q72: =N72/K72 -> 0.85032523 | S72: =S56 -> 0.16666667 | T72: =INDEX(T56:T71,COUNTA(T56:T71)) -> 0.74236111 | AA72: =M72-J72 -> -299.34955 | AB72: =M72/J72 -> 0.85032523
A73: 涼麵三線 | B73: 季節調理麵 | C73: 椒麻香蔥雞涼拌麵 | E73: 37.94 | F73: 7119 | G73: =E73*F73 -> 270094.86 | I73: 21 | J73: 3600 | K73: =J73/I73 -> 171.42857 | L73: 21 | M73: =F73/V73*60 -> 3043.3915 | N73: =M73/L73 -> 144.92341 | O73: =L73-I73 -> 0 | P73: =N73-K73 -> -26.505166 | Q73: =N73/K73 -> 0.84538653 | R73: =Q89 -> 0.86666294 | S73: 0.16666667 | T73: 0.26413194 | V73: 140.35 | AA73: =M73-J73 -> -556.60848 | AB73: =M73/J73 -> 0.84538653 | AC73: =AB89 -> 0.86666294
B74: 季節調理麵 | C74: 台式麻醬涼麵 | E74: 31.27 | F74: 4008 | G74: =E74*F74 -> 125330.16 | I74: 19 | J74: 3600 | K74: =J74/I74 -> 189.47368 | L74: 19 | M74: =F74/V74*60 -> 3034.4479 | N74: =M74/L74 -> 159.70779 | O74: =L74-I74 -> 0 | P74: =N74-K74 -> -29.765897 | Q74: =N74/K74 -> 0.84290221 | S74: 0.27013889 | T74: 0.32517361 | U74: 8.65 | V74: 79.25 | AA74: =M74-J74 -> -565.55205 | AB74: =M74/J74 -> 0.84290221
B75: 微波小吃 | C75: 韓式部隊鍋 | E75: 55.12 | F75: 5107 | G75: =E75*F75 -> 281497.84 | I75: 22 | J75: 1800 | K75: =J75/I75 -> 81.818182 | L75: 22 | M75: =F75/V75*60 -> 1475.5377 | N75: =M75/L75 -> 67.069896 | O75: =L75-I75 -> 0 | P75: =N75-K75 -> -14.748285 | Q75: =N75/K75 -> 0.81974318 | S75: 0.32939815 | T75: 0.47361111 | U75: 6.0833333 | V75: 207.66667 | W75: 0.47361111 | X75: 0.51678241 | AA75: =M75-J75 -> -324.46228 | AB75: =M75/J75 -> 0.81974318
B76: 季節調理麵 | C76: 大滿足麻醬涼麵 | E76: 38 | F76: 2333 | G76: =E76*F76 -> 88654 | H76: 2 | I76: 21 | J76: 3600 | K76: =J76/I76 -> 171.42857 | L76: 21 | M76: =F76/V76*60 -> 3193.4601 | N76: =M76/L76 -> 152.06953 | O76: =L76-I76 -> 0 | P76: =N76-K76 -> -19.359044 | Q76: =N76/K76 -> 0.88707224 | S76: 0.51678241 | T76: 0.54722222 | U76: 62.166667 | V76: 43.833333 | AA76: =M76-J76 -> -406.53992 | AB76: =M76/J76 -> 0.88707224
B77: 季節調理麵 | C77: 大滿足香辣涼麵 | E77: 38.63 | F77: 6386 | G77: =E77*F77 -> 246691.18 | I77: 20 | J77: 3600 | K77: =J77/I77 -> 180 | L77: 20 | M77: =F77/V77*60 -> 3208.5973 | N77: =M77/L77 -> 160.42987 | O77: =L77-I77 -> 0 | P77: =N77-K77 -> -19.570133 | Q77: =N77/K77 -> 0.89127704 | S77: 0.55208333 | T77: 0.63501157 | U77: 7 | V77: 119.41667 | AA77: =M77-J77 -> -391.40265 | AB77: =M77/J77 -> 0.89127704
B78: 季節調理麵 | C78: 大滿足麻醬涼麵 | E78: 38 | F78: 5866 | G78: =E78*F78 -> 222908 | I78: 21 | J78: 3600 | K78: =J78/I78 -> 171.42857 | L78: 21 | M78: =F78/V78*60 -> 3204.4917 | N78: =M78/L78 -> 152.59484 | O78: =L78-I78 -> 0 | P78: =N78-K78 -> -18.833731 | Q78: =N78/K78 -> 0.89013657 | S78: 0.64108796 | T78: 0.71736111 | U78: 8.75 | V78: 109.83333 | AA78: =M78-J78 -> -395.50835 | AB78: =M78/J78 -> 0.89013657
B89: 平均 | I89: =AVERAGE(I73:I88) -> 20.666667 | J89: =AVERAGE(J73:J88) -> 3300 | K89: =J89/I89 -> 159.67742 | L89: =AVERAGE(L73:L88) -> 20.666667 | M89: =AVERAGE(M73:M88) -> 2859.9877 | N89: =M89/L89 -> 138.3865 | O89: =L89-I89 -> 0 | P89: =N89-K89 -> -21.290917 | Q89: =N89/K89 -> 0.86666294 | S89: =S73 -> 0.16666667 | T89: =INDEX(T73:T88,COUNTA(T73:T88)) -> 0.71736111 | AA89: =M89-J89 -> -440.01229 | AB89: =M89/J89 -> 0.86666294
A90: 自動包裝機 | B90: 4℃-飯糰 | C90: 大口蒜味香腸燒肉雙拼飯糰 | E90: 34.23 | F90: 1849 | G90: =E90*F90 -> 63291.27 | I90: 16 | J90: 3000 | K90: =J90/I90 -> 187.5 | L90: 16 | M90: =F90/V90*60 -> 2603.2069 | N90: =M90/L90 -> 162.70043 | O90: =L90-I90 -> 0 | P90: =N90-K90 -> -24.79957 | Q90: =N90/K90 -> 0.86773563 | R90: =Q106 -> 0.85664643 | S90: 0.16693287 | T90: 0.19652778 | V90: 42.616667 | AA90: =M90-J90 -> -396.79312 | AB90: =M90/J90 -> 0.86773563 | AC90: =AB106 -> 0.8698256
B91: 4℃-飯糰 | C91: 大口花椒香麻雞飯糰 | E91: 34.77 | F91: 1519 | G91: =E91*F91 -> 52815.63 | I91: 11 | J91: 3000 | K91: =J91/I91 -> 272.72727 | L91: 11 | M91: =F91/V91*60 -> 2591.6588 | N91: =M91/L91 -> 235.60534 | O91: =L91-I91 -> 0 | P91: =N91-K91 -> -37.12193 | Q91: =N91/K91 -> 0.86388626 | S91: 0.2 | T91: 0.2244213 | U91: 5 | V91: 35.166667 | AA91: =M91-J91 -> -408.34123 | AB91: =M91/J91 -> 0.86388626
B92: 4℃-飯糰 | C92: 大口法式蕈菇起司雞排飯糰 | E92: 35.83 | F92: 6177 | G92: =E92*F92 -> 221321.91 | I92: 12 | J92: 3273 | K92: =J92/I92 -> 272.75 | L92: 12 | M92: =F92/V92*60 -> 2895.8458 | N92: =M92/L92 -> 241.32048 | O92: =L92-I92 -> 0 | P92: =N92-K92 -> -31.429516 | Q92: =N92/K92 -> 0.88476805 | S92: 0.26945602 | T92: 0.35833333 | U92: 6.0166667 | V92: 127.98333 | AA92: =M92-J92 -> -377.15419 | AB92: =M92/J92 -> 0.88476805
B93: 4℃-飯糰 | C93: 大口義式香草雞腿排飯糰 | E93: 36.41 | F93: 4466 | G93: =E93*F93 -> 162607.06 | I93: 11 | J93: 3273 | K93: =J93/I93 -> 297.54545 | L93: 11 | M93: =F93/V93*60 -> 2881.2903 | N93: =M93/L93 -> 261.93548 | O93: =L93-I93 -> 0 | P93: =N93-K93 -> -35.609971 | Q93: =N93/K93 -> 0.88032091 | S93: 0.36111111 | T93: 0.42569444 | U93: 4 | V93: 93 | W93: 0.42569444 | X93: 0.46543981 | AA93: =M93-J93 -> -391.70968 | AB93: =M93/J93 -> 0.88032091
B94: 4℃-飯糰 | C94: 德腸烤飯糰雙拼餐盒 | E94: 40.88 | F94: 5262 | G94: =E94*F94 -> 215110.56 | I94: 15 | J94: 3600 | K94: =J94/I94 -> 240 | L94: 16 | M94: =F94/V94*60 -> 3072.2024 | N94: =M94/L94 -> 192.01265 | O94: =L94-I94 -> 1 | P94: =N94-K94 -> -47.98735 | Q94: =N94/K94 -> 0.80005271 | S94: 0.46543981 | T94: 0.53680556 | U94: 57.233333 | V94: 102.76667 | AA94: =M94-J94 -> -527.7976 | AB94: =M94/J94 -> 0.85338956
B106: 平均 | I106: =AVERAGE(I90:I105) -> 13 | J106: =AVERAGE(J90:J105) -> 3229.2 | K106: =J106/I106 -> 248.4 | L106: =AVERAGE(L90:L105) -> 13.2 | M106: =AVERAGE(M90:M105) -> 2808.8408 | N106: =M106/L106 -> 212.79097 | O106: =L106-I106 -> 0.2 | P106: =N106-K106 -> -35.609027 | Q106: =N106/K106 -> 0.85664643 | S106: =S90 -> 0.16693287 | T106: =INDEX(T90:T105,COUNTA(T90:T105)) -> 0.53680556 | AA106: =M106-J106 -> -420.35916 | AB106: =M106/J106 -> 0.8698256
A107: 自動包裝機3 | B107: 4℃-壽司手卷 | C107: 日式明太子炙烤牛飯卷 | E107: 26.63 | F107: 1013 | G107: =E107*F107 -> 26976.19 | I107: 6 | J107: 3273 | K107: =J107/I107 -> 545.5 | L107: 6 | M107: =F107/V107*60 -> 2788.0734 | N107: =M107/L107 -> 464.6789 | O107: =L107-I107 -> 0 | P107: =N107-K107 -> -80.821101 | Q107: =N107/K107 -> 0.85184033 | R107: =Q123 -> 0.89620857 | S107: 0.25013889 | T107: 0.26527778 | V107: 21.8 | AA107: =M107-J107 -> -484.92661 | AB107: =M107/J107 -> 0.85184033 | AC107: =AB123 -> 0.89620857
B108: 4℃-飯糰 | C108: 肉燥烤飯糰 | E108: 20.11 | F108: 1009 | G108: =E108*F108 -> 20290.99 | I108: 6 | J108: 3600 | K108: =J108/I108 -> 600 | L108: 6 | M108: =F108/V108*60 -> 3249.0161 | N108: =M108/L108 -> 541.50268 | O108: =L108-I108 -> 0 | P108: =N108-K108 -> -58.497317 | Q108: =N108/K108 -> 0.90250447 | S108: 0.26831019 | T108: 0.28125 | U108: 4.3666667 | V108: 18.633333 | AA108: =M108-J108 -> -350.9839 | AB108: =M108/J108 -> 0.90250447
B109: 4℃-飯糰 | C109: 鮭魚炙燒明太子烤飯糰 | E109: 24.94 | F109: 1495 | G109: =E109*F109 -> 37285.3 | I109: 6 | J109: 3600 | K109: =J109/I109 -> 600 | L109: 6 | M109: =F109/V109*60 -> 3257.8692 | N109: =M109/L109 -> 542.97821 | O109: =L109-I109 -> 0 | P109: =N109-K109 -> -57.021792 | Q109: =N109/K109 -> 0.90496368 | S109: 0.28435185 | T109: 0.30347222 | U109: 4.4666667 | V109: 27.533333 | AA109: =M109-J109 -> -342.13075 | AB109: =M109/J109 -> 0.90496368
B110: 4℃-飯糰 | C110: 淡麗清酒蒸蛤蜊烤飯糰 | E110: 24.73 | F110: 1980 | G110: =E110*F110 -> 48965.4 | I110: 6 | J110: 3600 | K110: =J110/I110 -> 600 | L110: 6 | M110: =F110/V110*60 -> 3275.7353 | N110: =M110/L110 -> 545.95588 | O110: =L110-I110 -> 0 | P110: =N110-K110 -> -54.044118 | Q110: =N110/K110 -> 0.90992647 | S110: 0.30763889 | T110: 0.33282407 | U110: 6 | V110: 36.266667 | AA110: =M110-J110 -> -324.26471 | AB110: =M110/J110 -> 0.90992647
B111: 4℃-飯糰 | C111: 糖燻野郎起司炙燒牛烤飯糰 | E111: 24.73 | F111: 1634 | G111: =E111*F111 -> 40408.82 | I111: 6 | J111: 3600 | K111: =J111/I111 -> 600 | L111: 6 | M111: =F111/V111*60 -> 3268 | N111: =M111/L111 -> 544.66667 | O111: =L111-I111 -> 0 | P111: =N111-K111 -> -55.333333 | Q111: =N111/K111 -> 0.90777778 | S111: 0.33611111 | T111: 0.35694444 | U111: 4.7333333 | V111: 30 | AA111: =M111-J111 -> -332 | AB111: =M111/J111 -> 0.90777778
B123: 平均 | I123: =AVERAGE(I107:I122) -> 6 | J123: =AVERAGE(J107:J122) -> 3534.6 | K123: =J123/I123 -> 589.1 | L123: =AVERAGE(L107:L122) -> 6 | M123: =AVERAGE(M107:M122) -> 3167.7388 | N123: =M123/L123 -> 527.95647 | O123: =L123-I123 -> 0 | P123: =N123-K123 -> -61.143532 | Q123: =N123/K123 -> 0.89620857 | S123: =S107 -> 0.25013889 | T123: =INDEX(T107:T122,COUNTA(T107:T122)) -> 0.35694444 | AA123: =M123-J123 -> -366.86119 | AB123: =M123/J123 -> 0.89620857
A124: 便當二線 (二配) | B124: 微波主食 | C124: 二配乳酪燻腸紅醬焗飯 | E124: 50.67 | F124: 2011 | G124: =E124*F124 -> 101897.37 | I124: 20 | J124: 2000 | K124: =J124/I124 -> 100 | L124: 20 | M124: =F124/V124*60 -> 1740.2885 | N124: =M124/L124 -> 87.014423 | O124: =L124-I124 -> 0 | P124: =N124-K124 -> -12.985577 | Q124: =N124/K124 -> 0.87014423 | R124: =Q140 -> 0.87300657 | S124: 0.75347222 | T124: 0.80162037 | V124: 69.333333 | AA124: =M124-J124 -> -259.71154 | AB124: =M124/J124 -> 0.87014423 | AC124: =AB140 -> 0.87300657
B125: 微波主食 | C125: 二配哞哞培根奶香海陸焗飯 | E125: 47.6 | F125: 2450 | G125: =E125*F125 -> 116620 | I125: 23 | J125: 2000 | K125: =J125/I125 -> 86.956522 | L125: 23 | M125: =F125/V125*60 -> 1751.7378 | N125: =M125/L125 -> 76.162515 | O125: =L125-I125 -> 0 | P125: =N125-K125 -> -10.794007 | Q125: =N125/K125 -> 0.87586892 | S125: 0.80491898 | T125: 0.86319444 | U125: 4.75 | V125: 83.916667 | AA125: =M125-J125 -> -248.26216 | AB125: =M125/J125 -> 0.87586892
B140: 平均 | I140: =AVERAGE(I124:I139) -> 21.5 | J140: =AVERAGE(J124:J139) -> 2000 | K140: =J140/I140 -> 93.023256 | L140: =AVERAGE(L124:L139) -> 21.5 | M140: =AVERAGE(M124:M139) -> 1746.0131 | N140: =M140/L140 -> 81.209914 | O140: =L140-I140 -> 0 | P140: =N140-K140 -> -11.813342 | Q140: =N140/K140 -> 0.87300657 | S140: =S124 -> 0.75347222 | T140: =INDEX(T124:T139,COUNTA(T124:T139)) -> 0.86319444 | AA140: =M140-J140 -> -253.98685 | AB140: =M140/J140 -> 0.87300657
A141: 涼麵一線 (二配) | B141: 微波主食 | C141: 二配里肌豬排可可咖哩歐姆蛋飯 | E141: 56.79 | F141: 2548 | G141: =E141*F141 -> 144700.92 | I141: 23 | J141: 2000 | K141: =J141/I141 -> 86.956522 | L141: 23 | M141: =F141/V141*60 -> 1755.8959 | N141: =M141/L141 -> 76.343298 | O141: =L141-I141 -> 0 | P141: =N141-K141 -> -10.613223 | Q141: =N141/K141 -> 0.87794793 | R141: =Q157 -> 0.8730348 | S141: 0.70833333 | T141: 0.7687963 | V141: 87.066667 | AA141: =M141-J141 -> -244.10413 | AB141: =M141/J141 -> 0.87794793 | AC141: =AB157 -> 0.8730348
B142: 微波主食 | C142: 二配黃金雞排蘑菇白醬歐姆蛋飯 | E142: 56.87 | F142: 2021 | G142: =E142*F142 -> 114934.27 | I142: 23 | J142: 2000 | K142: =J142/I142 -> 86.956522 | L142: 23 | M142: =F142/V142*60 -> 1742.6587 | N142: =M142/L142 -> 75.767769 | O142: =L142-I142 -> 0 | P142: =N142-K142 -> -11.188753 | Q142: =N142/K142 -> 0.87132934 | S142: 0.77390046 | T142: 0.82222222 | U142: 7.35 | V142: 69.583333 | AA142: =M142-J142 -> -257.34132 | AB142: =M142/J142 -> 0.87132934
B143: 微波主食 | C143: 二配鐵板蘑菇肉醬起司焗飯 | E143: 44.3 | F143: 1845 | G143: =E143*F143 -> 81733.5 | I143: 17 | J143: 2000 | K143: =J143/I143 -> 117.64706 | L143: 17 | M143: =F143/V143*60 -> 1739.6543 | N143: =M143/L143 -> 102.3326 | O143: =L143-I143 -> 0 | P143: =N143-K143 -> -15.314455 | Q143: =N143/K143 -> 0.86982713 | S143: 0.82525463 | T143: 0.86944444 | U143: 4.3666667 | V143: 63.633333 | AA143: =M143-J143 -> -260.34573 | AB143: =M143/J143 -> 0.86982713
B157: 平均 | I157: =AVERAGE(I141:I156) -> 21 | J157: =AVERAGE(J141:J156) -> 2000 | K157: =J157/I157 -> 95.238095 | L157: =AVERAGE(L141:L156) -> 21 | M157: =AVERAGE(M141:M156) -> 1746.0696 | N157: =M157/L157 -> 83.146172 | O157: =L157-I157 -> 0 | P157: =N157-K157 -> -12.091924 | Q157: =N157/K157 -> 0.8730348 | S157: =S141 -> 0.70833333 | T157: =INDEX(T141:T156,COUNTA(T141:T156)) -> 0.86944444 | AA157: =M157-J157 -> -253.93039 | AB157: =M157/J157 -> 0.8730348
Y159: 原因回覆
Y160: 1.當日出勤人數較多
Y161: 2.當日出勤人數較少
Y162: 3.當日出勤熟手較多
Y163: 4.當日出勤新人較多
Y164: 5.機台夾盒
Y165: 6.封膜不順
Y166: 7.更換膠膜
Y167: 8.更換碳帶
Y168: 9.當日熱轉印碳帶異常
Y169: 10.訂單量過少
Y170: 11.新品上市，尚未熟悉
Y171: 12.活動期間品項需貼標

Sheet 0929
B1: 屏榮 大溪廠組合室生產人時性分析
B3: 日期 | C3: 114.09.29星期一 | E3: 訂單量 | F3: ='0929(18度C)'!D1+'0929(4度C)'!D1 -> 252448 | H3: 營業額 | I3: ='0929(18度C)'!F1+'0929(4度C)'!F1 -> 7679816.1
B4: 人時性 | C4: 項目 | E4: ➀ | G4: ➁ | I4: ➂ | K4: ④ | M4: ⑤
C5: 組合室 | E5: 全溫層 | G5: 4度C-各編組展開(一配) | I5: 4度C-各編組展開(二配) | K5: 18度C-各編組展開(一配) | M5: 18度C-各編組展開(二配)
C6: 排關平均 | E6: =AVERAGE(D13:O13,D27:X27) -> 479.11105 | F6: =AVERAGE(#REF!,D13:K13) -> #REF! | G6: =AVERAGE(D13:K13) -> 198.7478 | I6: =AVERAGE(L13:O13) -> 94.130676 | K6: =AVERAGE(D27:O27) -> 652.68716 | M6: =AVERAGE(P27:X27) -> 747.88998
C7: 實績平均 | E7: =AVERAGE(D14:O14,D28:X28) -> 415.86257 | F7: =AVERAGE(#REF!,D14:K14) -> #REF! | G7: =AVERAGE(D14:K14) -> 175.45171 | I7: =AVERAGE(L14:O14) -> 82.138871 | K7: =AVERAGE(D28:O28) -> 566.88041 | M7: =AVERAGE(P28:X28) -> 644.29873
C8: 達成率平均 | E8: =AVERAGE(D15:O15,D29:X29) -> 0.86943486 | F8: =AVERAGE(D15:K15,#REF!) -> #REF! | G8: =AVERAGE(D15:K15) -> 0.87679652 | I8: =AVERAGE(L15:O15) -> 0.87260749 | K8: =AVERAGE(D29:O29) -> 0.86678721 | M8: =AVERAGE(P29:X29) -> 0.86209572 | O8: ※現行日本鮮食廠以達成率80%為基本(即為現行KPI)
B10: 溫層 | D10: ➁4度C-各編組展開 | L10: ➂4度C-各編組展開
B11: 編組 | D11: 1 | E11: 2 | F11: 3 | G11: 4 | H11: 5 | I11: 6 | J11: 7 | K11: 8 | L11: 1 | M11: 2 | N11: 3 | O11: 4
D12: 便當一線 | E12: 便當二線 | F12: 涼麵一線 | G12: 涼麵二線 | H12: 涼麵三線 | I12: 自動包裝機 | J12: 自動包裝機2 | K12: 自動包裝機3 | L12: 便當一線 | M12: 便當二線 | N12: 涼麵一線 | O12: 涼麵二線
B13: 人時性 | C13: 排關 | D13: 115.15152 | E13: 78.431373 | F13: 89.719626 | G13: 87.912088 | H13: 180 | I13: 250.92 | J13: - | K13: 589.1 | L13: - | M13: - | N13: 95.238095 | O13: 93.023256
C14: 實績 | D14: 102.10036 | E14: 68.52277 | F14: 77.824562 | G14: 77.046127 | H14: 155.31705 | I14: 219.38941 | J14: - | K14: 527.96168 | L14: - | M14: - | N14: 83.082994 | O14: 81.194748
C15: 達成率 | D15: =D14/D13 -> 0.88666101 | E15: =E14/E13 -> 0.87366531 | F15: =F14/F13 -> 0.86741959 | G15: =G14/G13 -> 0.87639969 | H15: =H14/H13 -> 0.86287252 | I15: =I14/I13 -> 0.87434006 | J15: - | K15: =K14/K13 -> 0.89621742 | L15: - | M15: - | N15: =N14/N13 -> 0.87237143 | O15: =O14/O13 -> 0.87284354
B16: 作業 時間 | C16: 開始 | D16: 0.25 | E16: 0.16695602 | F16: 0.25012731 | G16: 0.25033565 | H16: 0.20833333 | I16: 0.25015046 | J16: - | K16: 0.37986111 | L16: - | M16: - | N16: 0.70844907 | O16: 0.70864583
C17: 結束 | D17: 0.56041667 | E17: 0.66666667 | F17: 0.51736111 | G17: 0.61828704 | H17: 0.63981481 | I17: 0.56111111 | J17: - | K17: 0.50277778 | L17: - | M17: - | N17: 0.87638889 | O17: 0.82291667
B18: 配置人數 | D18: 16.5 | E18: 25.5 | F18: 21.4 | G18: 22.75 | H18: 20 | I18: 12.5 | J18: - | K18: 6 | L18: - | M18: - | N18: 21 | O18: 21.5
B19: 主要應用設備 | D19: L型封口機 | E19: ET-55 | F19: ET-55 | G19: ET-55 | H19: ET-600 | I19: 伺服包裝機 | J19: 伺服包裝機 | K19: 伺服包裝機 | L19: L型封口機 | M19: ET-55 | N19: ET-55 | O19: ET-55
B20: 次要應用設備 | D20: 伺服包裝機 | H20: 伺服包裝機
B21: 備註 | H21: 涼麵+烤飯糰 | I21: 大口飯糰線 | K21: 烤飯糰+手卷
B24: 溫層 | D24: ➃18度C-各編組展開 (一配) | P24: ⑤18度C-各編組展開 (二配)
B25: 編組 | D25: 1 | E25: 2 | F25: 3 | G25: 4 | H25: 5 | I25: 6 | J25: 7 | K25: 8 | L25: 9 | M25: 10 | N25: 11 | O25: 12 | P25: 1 | Q25: 2 | R25: 3 | S25: 4 | T25: 5 | U25: 6 | V25: 7 | W25: 8 | X25: 9
D26: 便當一線 | E26: 涼麵一線 | F26: 涼麵三線 | G26: 自動包裝機 | H26: 自動包裝機2 | I26: 自動包裝機3 | J26: 味付飯糰線B | K26: (舊) 3300型飯糰線 | L26: 3000型飯糰線 | M26: (新) 3300型飯糰機 | N26: GKK3600型 飯糰機 | O26: GKK3600型 飯糰機2 | P26: 自動包裝機 | Q26: 自動包裝機2 | R26: 自動包裝機3 | S26: 味付飯糰線B | T26: (舊) 3300型飯糰線 | U26: 3000型飯糰線 | V26: (新) 3300型飯糰機 | W26: GKK3600型 飯糰機 | X26: GKK3600型 飯糰機2
B27: 人時性 | C27: 排關 | D27: 192.52941 | E27: - | F27: - | G27: 313.04348 | H27: 433.33333 | I27: - | J27: 675 | K27: 825 | L27: - | M27: 868.42105 | N27: 1061.5385 | O27: 852.63158 | P27: 271.03125 | Q27: - | R27: - | S27: - | T27: 840 | U27: - | V27: 776.47059 | W27: 942.85714 | X27: 909.09091
C28: 實績 | D28: 165.93142 | E28: - | F28: - | G28: 265.09769 | H28: 373.16173 | I28: - | J28: 599.67626 | K28: 727.28155 | L28: - | M28: 757.62748 | N28: 904.30716 | O28: 741.95995 | P28: 233.31179 | Q28: - | R28: - | S28: - | T28: 730.73211 | U28: - | V28: 681.04635 | W28: 797.56736 | X28: 778.83606
C29: 達成率 | D29: =D28/D27 -> 0.86184974 | E29: - | F29: - | G29: =G28/G27 -> 0.84683983 | H29: =H28/H27 -> 0.86114244 | I29: - | J29: =J28/J27 -> 0.88840927 | K29: =K28/K27 -> 0.8815534 | L29: - | M29: =M28/M27 -> 0.87241953 | N29: =N28/N27 -> 0.85188356 | O29: =O28/O27 -> 0.87019994 | P29: =P28/P27 -> 0.86082985 | Q29: - | R29: - | S29: - | T29: =T28/T27 -> 0.86991918 | U29: - | V29: =V28/V27 -> 0.87710514 | W29: =W28/W27 -> 0.84590477 | X29: =X28/X27 -> 0.85671967
B30: 作業 時間 | C30: 開始 | D30: 0.39375 | E30: - | F30: - | G30: 0.31957176 | H30: 0.25 | I30: - | J30: 0.25 | K30: 0.37222222 | L30: - | M30: 0.16666667 | N30: 0.16666667 | O30: 0.16666667 | P30: 0.7083912 | Q30: - | R30: - | S30: - | T30: 0.70866898 | U30: - | V30: 0.70847222 | W30: 0.70842593 | X30: 0.70833333
C31: 結束 | D31: 0.47253472 | E31: - | F31: - | G31: 0.35555556 | H31: 0.37569444 | I31: - | J31: 0.34652778 | K31: 0.44375 | L31: - | M31: 0.39027778 | N31: 0.4259838 | O31: 0.42164352 | P31: 0.86693287 | Q31: - | R31: - | S31: - | T31: 0.89930556 | U31: - | V31: 0.95555556 | W31: 1.1009491 | X31: 1.1013889
B32: 配置人數 | D32: 17 | E32: - | F32: - | G32: 11.5 | H32: 6 | I32: - | J32: 4 | K32: 4 | L32: - | M32: 3.8 | N32: 3.25 | O32: 3.8 | P32: 12.8 | Q32: - | R32: - | S32: - | T32: 3.75 | U32: - | V32: 4.25 | W32: 3.5 | X32: 3.6666667
B33: 主要應用設備 | D33: 伺服包裝機 | E33: ET-55 | F33: ET-600 | G33: 夾心型 | H33: 伺服包裝機 | I33: 伺服包裝機 | J33: 夾心型 | K33: 3300型 | L33: 3300型 | M33: 3300型 | N33: GKK | O33: GKK | P33: 夾心型 | Q33: 伺服包裝機 | R33: 伺服包裝機 | S33: 夾心型 | T33: 3300型 | U33: 3300型 | V33: 3300型 | W33: GKK | X33: GKK
B34: 次要應用設備
B35: 備註

Sheet 0929(18度C)
A1: 大溪廠日報分析 | C1: 總生產量 | D1: =SUM(F5:F225) -> 143311 | E1: 營業額 | F1: =SUM(G5:G225) -> 2817296.6 | G1: 出勤人數 | H1: =L21+L38+L55+L72+L89+L106+L123+L140+L157+L174+L191+L208+L225 -> 81.316667 | I1: 產線配置圖 | L1: 生產實績 | O1: 人時性差異分析 | S1: 日報登錄 | Y1: 分析說明 | AA1: 產能差異分析
A2: 45929 | C2: 人時性 | D2: =AVERAGE(N21,N38,N55,N72,N89,N106,N123,N140,N157,N174,N191,N208,N225) -> 596.65669 | E2: 平均廠價 | F2: =F1/D1 -> 19.658621 | G2: 多次生產數 | H2: =COUNT(H5:H225) -> 6
A3: 線別 | B3: 品類 | C3: 品名 | E3: 廠價 | F3: 生產量 | G3: 營收 | H3: 多次 生產 | I3: 人數 | J3: 產能/時 | K3: 人時性 | L3: 人數 | M3: 產能/時 | N3: 人時性 | O3: 人數 | P3: 人時性 | Q3: 達成率 | R3: 達成率 平均 | S3: 生產時間 | U3: 換線、休息/分 | V3: 稼動時間/分 | W3: 休息時間 | Y3: (屏榮回填) | AA3: 產能/時 | AB3: 達成率 | AC3: 達成率平均
S4: 開始 | T4: 結束 | W4: 開始 | X4: 結束
A5: 便當一線 | B5: 18℃-壽司手卷 | C5: 一配海饌雙手卷 | E5: 29.85 | F5: 2606 | G5: =E5*F5 -> 77789.1 | I5: 17 | J5: 3273 | K5: =J5/I5 -> 192.52941 | L5: 17 | M5: =F5/V5*60 -> 2824.0819 | N5: =M5/L5 -> 166.12246 | O5: =L5-I5 -> 0 | P5: =N5-K5 -> -26.406948 | Q5: =N5/K5 -> 0.862842 | R5: =Q21 -> 0.86184974 | S5: 0.39375 | T5: 0.43219907 | U5: 7 | V5: 55.366667 | AA5: =M5-J5 -> -448.91812 | AB5: =M5/J5 -> 0.862842 | AC5: =AB21 -> 0.86184974
B6: 18℃-壽司手卷 | C6: 一配雙饗雙手卷 | E6: 29.52 | F6: 2510 | G6: =E6*F6 -> 74095.2 | I6: 17 | J6: 3273 | K6: =J6/I6 -> 192.52941 | L6: 17 | M6: =F6/V6*60 -> 2817.5865 | N6: =M6/L6 -> 165.74038 | O6: =L6-I6 -> 0 | P6: =N6-K6 -> -26.789028 | Q6: =N6/K6 -> 0.86085748 | S6: 0.43541667 | T6: 0.47253472 | U6: 4.6333333 | V6: 53.45 | W6: 0.47253472 | X6: 0.51342593 | AA6: =M6-J6 -> -455.41347 | AB6: =M6/J6 -> 0.86085748
B21: 平均 | I21: =AVERAGE(I5:I20) -> 17 | J21: =AVERAGE(J5:J20) -> 3273 | K21: =J21/I21 -> 192.52941 | L21: =AVERAGE(L5:L20) -> 17 | M21: =AVERAGE(M5:M20) -> 2820.8342 | N21: =M21/L21 -> 165.93142 | O21: =L21-I21 -> 0 | P21: =N21-K21 -> -26.597988 | Q21: =N21/K21 -> 0.86184974 | S21: =S5 -> 0.39375 | T21: =INDEX(T5:T20,COUNTA(T5:T20)) -> 0.47253472 | AA21: =M21-J21 -> -452.1658 | AB21: =M21/J21 -> 0.86184974
A22: 自動包裝機 | B22: 18℃-壽司手卷 | C22: 一配新之助的豆皮壽司喔 | E22: 25.52 | F22: 343 | G22: =E22*F22 -> 8753.36 | I22: 12 | J22: 3600 | K22: =J22/I22 -> 300 | L22: 12 | M22: =F22/V22*60 -> 3019.0709 | N22: =M22/L22 -> 251.58924 | O22: =L22-I22 -> 0 | P22: =N22-K22 -> -48.410758 | Q22: =N22/K22 -> 0.83863081 | R22: =Q38 -> 0.84683983 | S22: 0.31957176 | T22: 0.32430556 | U22: 4.7166667 | V22: 6.8166667 | AA22: =M22-J22 -> -580.9291 | AB22: =M22/J22 -> 0.83863081 | AC22: =AB38 -> 0.84683983
B23: 18℃-壽司手卷 | C23: 一配長野稻荷壽司 | E23: 25.64 | F23: 2100 | G23: =E23*F23 -> 53844 | I23: 11 | J23: 3600 | K23: =J23/I23 -> 327.27273 | L23: 11 | M23: =F23/V23*60 -> 3078.1759 | N23: =M23/L23 -> 279.83417 | O23: =L23-I23 -> 0 | P23: =N23-K23 -> -47.438555 | Q23: =N23/K23 -> 0.85504886 | S23: 0.32712963 | T23: 0.35555556 | U23: 4.0666667 | V23: 40.933333 | AA23: =M23-J23 -> -521.8241 | AB23: =M23/J23 -> 0.85504886
B38: 平均 | I38: =AVERAGE(I22:I37) -> 11.5 | J38: =AVERAGE(J22:J37) -> 3600 | K38: =J38/I38 -> 313.04348 | L38: =AVERAGE(L22:L37) -> 11.5 | M38: =AVERAGE(M22:M37) -> 3048.6234 | N38: =M38/L38 -> 265.09769 | O38: =L38-I38 -> 0 | P38: =N38-K38 -> -47.945791 | Q38: =N38/K38 -> 0.84683983 | S38: =S22 -> 0.31957176 | T38: =INDEX(T22:T37,COUNTA(T22:T37)) -> 0.35555556 | AA38: =M38-J38 -> -551.3766 | AB38: =M38/J38 -> 0.84683983
A39: 自動包裝機2 | B39: 18℃-壽司手卷 | C39: 一配芝麻海苔香鬆細卷 | E39: 14.06 | F39: 1264 | G39: =E39*F39 -> 17771.84 | I39: 6 | J39: 2600 | K39: =J39/I39 -> 433.33333 | L39: 6 | M39: =F39/V39*60 -> 2225.1345 | N39: =M39/L39 -> 370.85575 | O39: =L39-I39 -> 0 | P39: =N39-K39 -> -62.477588 | Q39: =N39/K39 -> 0.85582095 | R39: =Q55 -> 0.86114244 | S39: 0.25 | T39: 0.27366898 | V39: 34.083333 | AA39: =M39-J39 -> -374.86553 | AB39: =M39/J39 -> 0.85582095 | AC39: =AB55 -> 0.86114244
B40: 18℃-壽司手卷 | C40: 一配鮪魚沙拉細卷 | E40: 14.81 | F40: 1253 | G40: =E40*F40 -> 18556.93 | I40: 6 | J40: 2600 | K40: =J40/I40 -> 433.33333 | L40: 6 | M40: =F40/V40*60 -> 2225.3577 | N40: =M40/L40 -> 370.89295 | O40: =L40-I40 -> 0 | P40: =N40-K40 -> -62.440388 | Q40: =N40/K40 -> 0.8559068 | S40: 0.27931713 | T40: 0.30277778 | U40: 8.1333333 | V40: 33.783333 | AA40: =M40-J40 -> -374.64233 | AB40: =M40/J40 -> 0.8559068
B41: 18℃-壽司手卷 | C41: 一配香濃起司蟹風味棒細卷 | E41: 17.73 | F41: 3727 | G41: =E41*F41 -> 66079.71 | I41: 6 | J41: 2600 | K41: =J41/I41 -> 433.33333 | L41: 6 | M41: =F41/V41*60 -> 2266.4189 | N41: =M41/L41 -> 377.73649 | O41: =L41-I41 -> 0 | P41: =N41-K41 -> -55.596847 | Q41: =N41/K41 -> 0.87169958 | S41: 0.30717593 | T41: 0.37569444 | U41: 6.3333333 | V41: 98.666667 | AA41: =M41-J41 -> -333.58108 | AB41: =M41/J41 -> 0.87169958
B55: 平均 | I55: =AVERAGE(I39:I54) -> 6 | J55: =AVERAGE(J39:J54) -> 2600 | K55: =J55/I55 -> 433.33333 | L55: =AVERAGE(L39:L54) -> 6 | M55: =AVERAGE(M39:M54) -> 2238.9704 | N55: =M55/L55 -> 373.16173 | O55: =L55-I55 -> 0 | P55: =N55-K55 -> -60.171608 | Q55: =N55/K55 -> 0.86114244 | S55: =S39 -> 0.25 | T55: =INDEX(T39:T54,COUNTA(T39:T54)) -> 0.37569444 | AA55: =M55-J55 -> -361.02965 | AB55: =M55/J55 -> 0.86114244
A56: 味付飯糰線B | B56: 18℃-飯糰 | C56: 一配經典肉鬆飯糰 | E56: 14.03 | F56: 5557 | G56: =E56*F56 -> 77964.71 | I56: 4 | J56: 2700 | K56: =J56/I56 -> 675 | L56: 4 | M56: =F56/V56*60 -> 2398.705 | N56: =M56/L56 -> 599.67626 | O56: =L56-I56 -> 0 | P56: =N56-K56 -> -75.323741 | Q56: =N56/K56 -> 0.88840927 | R56: =Q72 -> 0.88840927 | S56: 0.25 | T56: 0.34652778 | V56: 139 | AA56: =M56-J56 -> -301.29496 | AB56: =M56/J56 -> 0.88840927 | AC56: =AB72 -> 0.88840927
B72: 平均 | I72: =AVERAGE(I56:I71) -> 4 | J72: =AVERAGE(J56:J71) -> 2700 | K72: =J72/I72 -> 675 | L72: =AVERAGE(L56:L71) -> 4 | M72: =AVERAGE(M56:M71) -> 2398.705 | N72: =M72/L72 -> 599.67626 | O72: =L72-I72 -> 0 | P72: =N72-K72 -> -75.323741 | Q72: =N72/K72 -> 0.88840927 | S72: =S56 -> 0.25 | T72: =INDEX(T56:T71,COUNTA(T56:T71)) -> 0.34652778 | AA72: =M72-J72 -> -301.29496 | AB72: =M72/J72 -> 0.88840927
A73: (舊) 3300型飯糰線 | B73: 18℃-飯糰 | C73: 一配照燒雞肉飯糰 | E73: 21.45 | F73: 4994 | G73: =E73*F73 -> 107121.3 | I73: 4 | J73: 3300 | K73: =J73/I73 -> 825 | L73: 4 | M73: =F73/V73*60 -> 2909.1262 | N73: =M73/L73 -> 727.28155 | O73: =L73-I73 -> 0 | P73: =N73-K73 -> -97.718447 | Q73: =N73/K73 -> 0.8815534 | R73: =Q89 -> 0.8815534 | S73: 0.37222222 | T73: 0.44375 | V73: 103 | AA73: =M73-J73 -> -390.87379 | AB73: =M73/J73 -> 0.8815534 | AC73: =AB89 -> 0.8815534
B89: 平均 | I89: =AVERAGE(I73:I88) -> 4 | J89: =AVERAGE(J73:J88) -> 3300 | K89: =J89/I89 -> 825 | L89: =AVERAGE(L73:L88) -> 4 | M89: =AVERAGE(M73:M88) -> 2909.1262 | N89: =M89/L89 -> 727.28155 | O89: =L89-I89 -> 0 | P89: =N89-K89 -> -97.718447 | Q89: =N89/K89 -> 0.8815534 | S89: =S73 -> 0.37222222 | T89: =INDEX(T73:T88,COUNTA(T73:T88)) -> 0.44375 | AA89: =M89-J89 -> -390.87379 | AB89: =M89/J89 -> 0.8815534
A90: (新) 3300型飯糰機 | B90: 18℃-飯糰 | C90: 一配三杯辣海瓜子飯糰 | E90: 21.45 | F90: 1107 | G90: =E90*F90 -> 23745.15 | I90: 3 | J90: 3300 | K90: =J90/I90 -> 1100 | L90: 3 | M90: =F90/V90*60 -> 2848.6061 | N90: =M90/L90 -> 949.53538 | O90: =L90-I90 -> 0 | P90: =N90-K90 -> -150.46462 | Q90: =N90/K90 -> 0.86321398 | R90: =Q106 -> 0.87241953 | S90: 0.16666667 | T90: 0.1828588 | V90: 23.316667 | AA90: =M90-J90 -> -451.39385 | AB90: =M90/J90 -> 0.86321398 | AC90: =AB106 -> 0.87241953
B91: 18℃-飯糰 | C91: 一配哇沙米魚卵沙拉飯糰 | E91: 15.71 | F91: 2638 | G91: =E91*F91 -> 41442.98 | I91: 3 | J91: 3300 | K91: =J91/I91 -> 1100 | L91: 3 | M91: =F91/V91*60 -> 2878.6905 | N91: =M91/L91 -> 959.5635 | O91: =L91-I91 -> 0 | P91: =N91-K91 -> -140.4365 | Q91: =N91/K91 -> 0.87233046 | S91: 0.18612269 | T91: 0.22430556 | U91: 4.7 | V91: 54.983333 | AA91: =M91-J91 -> -421.30949 | AB91: =M91/J91 -> 0.87233046
B92: 18℃-飯糰 | C92: 一配壹號醬炙烤牛飯糰 | E92: 22.28 | F92: 1497 | G92: =E92*F92 -> 33353.16 | I92: 5 | J92: 3300 | K92: =J92/I92 -> 660 | L92: 5 | M92: =F92/V92*60 -> 2857.4761 | N92: =M92/L92 -> 571.49523 | O92: =L92-I92 -> 0 | P92: =N92-K92 -> -88.504772 | Q92: =N92/K92 -> 0.86590186 | S92: 0.22916667 | T92: 0.25099537 | U92: 7 | V92: 31.433333 | AA92: =M92-J92 -> -442.52386 | AB92: =M92/J92 -> 0.86590186
B93: 18℃-飯糰 | C93: 一配鹽蔥燒肉飯糰 | E93: 17.89 | F93: 3465 | G93: =E93*F93 -> 61988.85 | I93: 4 | J93: 3300 | K93: =J93/I93 -> 825 | L93: 4 | M93: =F93/V93*60 -> 2897.561 | N93: =M93/L93 -> 724.39024 | O93: =L93-I93 -> 0 | P93: =N93-K93 -> -100.60976 | Q93: =N93/K93 -> 0.87804878 | S93: 0.25503472 | T93: 0.30486111 | U93: 5.8166667 | V93: 71.75 | AA93: =M93-J93 -> -402.43902 | AB93: =M93/J93 -> 0.87804878
B94: 18℃-飯糰 | C94: 一配雞肉飯飯糰 | E94: 16.66 | F94: 5720 | G94: =E94*F94 -> 95295.2 | I94: 4 | J94: 3300 | K94: =J94/I94 -> 825 | L94: 4 | M94: =F94/V94*60 -> 2912.5884 | N94: =M94/L94 -> 728.1471 | O94: =L94-I94 -> 0 | P94: =N94-K94 -> -96.8529 | Q94: =N94/K94 -> 0.88260255 | S94: 0.30844907 | T94: 0.39027778 | U94: 5.1666667 | V94: 117.83333 | AA94: =M94-J94 -> -387.4116 | AB94: =M94/J94 -> 0.88260255
B106: 平均 | I106: =AVERAGE(I90:I105) -> 3.8 | J106: =AVERAGE(J90:J105) -> 3300 | K106: =J106/I106 -> 868.42105 | L106: =AVERAGE(L90:L105) -> 3.8 | M106: =AVERAGE(M90:M105) -> 2878.9844 | N106: =M106/L106 -> 757.62748 | O106: =L106-I106 -> 0 | P106: =N106-K106 -> -110.79357 | Q106: =N106/K106 -> 0.87241953 | S106: =S90 -> 0.16666667 | T106: =INDEX(T90:T105,COUNTA(T90:T105)) -> 0.39027778 | AA106: =M106-J106 -> -421.01556 | AB106: =M106/J106 -> 0.87241953
A107: GKK3600型 飯糰機 | B107: 18℃-飯糰 | C107: 一配筋子銀鮭飯糰 | E107: 30 | F107: 3510 | G107: =E107*F107 -> 105300 | I107: 4 | J107: 3000 | K107: =J107/I107 -> 750 | L107: 4 | M107: =F107/V107*60 -> 2657.4132 | N107: =M107/L107 -> 664.35331 | O107: =L107-I107 -> 0 | P107: =N107-K107 -> -85.646688 | Q107: =N107/K107 -> 0.88580442 | R107: =Q123 -> 0.85188356 | S107: 0.16666667 | T107: 0.22170139 | V107: 79.25 | AA107: =M107-J107 -> -342.58675 | AB107: =M107/J107 -> 0.88580442 | AC107: =AB123 -> 0.85188356
B108: 18℃-飯糰 | C108: 一配蔬食鮪魚飯糰 | E108: 18.18 | F108: 2270 | G108: =E108*F108 -> 41268.6 | I108: 3 | J108: 3600 | K108: =J108/I108 -> 1200 | L108: 3 | M108: =F108/V108*60 -> 3026.6667 | N108: =M108/L108 -> 1008.8889 | O108: =L108-I108 -> 0 | P108: =N108-K108 -> -191.11111 | Q108: =N108/K108 -> 0.84074074 | S108: 0.23541667 | T108: 0.26666667 | U108: 19.75 | V108: 45 | AA108: =M108-J108 -> -573.33333 | AB108: =M108/J108 -> 0.84074074
B109: 18℃-飯糰 | C109: 一配明太子龍蝦風味沙拉飯糰 | E109: 18.18 | F109: 2821 | G109: =E109*F109 -> 51285.78 | I109: 3 | J109: 3600 | K109: =J109/I109 -> 1200 | L109: 3 | M109: =F109/V109*60 -> 3034.2396 | N109: =M109/L109 -> 1011.4132 | O109: =L109-I109 -> 0 | P109: =N109-K109 -> -188.58679 | Q109: =N109/K109 -> 0.84284434 | S109: 0.27931713 | T109: 0.31805556 | U109: 18.216667 | V109: 55.783333 | AA109: =M109-J109 -> -565.76038 | AB109: =M109/J109 -> 0.84284434
B110: 18℃-飯糰 | C110: 一配鮪魚飯糰 | E110: 14.28 | F110: 7109 | G110: =E110*F110 -> 101516.52 | I110: 3 | J110: 3600 | K110: =J110/I110 -> 1200 | L110: 3 | M110: =F110/V110*60 -> 3037.6736 | N110: =M110/L110 -> 1012.5579 | O110: =L110-I110 -> 0 | P110: =N110-K110 -> -187.44214 | Q110: =N110/K110 -> 0.84379822 | S110: 0.32847222 | T110: 0.4259838 | U110: 15 | V110: 140.41667 | AA110: =M110-J110 -> -562.32641 | AB110: =M110/J110 -> 0.84379822
B123: 平均 | I123: =AVERAGE(I107:I122) -> 3.25 | J123: =AVERAGE(J107:J122) -> 3450 | K123: =J123/I123 -> 1061.5385 | L123: =AVERAGE(L107:L122) -> 3.25 | M123: =AVERAGE(M107:M122) -> 2938.9983 | N123: =M123/L123 -> 904.30716 | O123: =L123-I123 -> 0 | P123: =N123-K123 -> -157.2313 | Q123: =N123/K123 -> 0.85188356 | S123: =S107 -> 0.16666667 | T123: =INDEX(T107:T122,COUNTA(T107:T122)) -> 0.4259838 | AA123: =M123-J123 -> -511.00172 | AB123: =M123/J123 -> 0.85188356
A124: GKK3600型 飯糰機2 | B124: 18℃-飯糰 | C124: 一配熟成紅鮭飯糰 | E124: 25.03 | F124: 2484 | G124: =E124*F124 -> 62174.52 | I124: 4 | J124: 3300 | K124: =J124/I124 -> 825 | L124: 4 | M124: =F124/V124*60 -> 2859.7378 | N124: =M124/L124 -> 714.93444 | O124: =L124-I124 -> 0 | P124: =N124-K124 -> -110.06556 | Q124: =N124/K124 -> 0.8665872 | R124: =Q140 -> 0.87019994 | S124: 0.16666667 | T124: 0.2028588 | V124: 52.116667 | AA124: =M124-J124 -> -440.26223 | AB124: =M124/J124 -> 0.8665872 | AC124: =AB140 -> 0.87019994
B125: 18℃-飯糰 | C125: 一配博多明太子奶油飯糰 | E125: 25.45 | F125: 2817 | G125: =E125*F125 -> 71692.65 | I125: 4 | J125: 3300 | K125: =J125/I125 -> 825 | L125: 4 | M125: =F125/V125*60 -> 2872.0476 | N125: =M125/L125 -> 718.01189 | O125: =L125-I125 -> 0 | P125: =N125-K125 -> -106.98811 | Q125: =N125/K125 -> 0.87031745 | S125: 0.21538194 | T125: 0.25625 | U125: 18.033333 | V125: 58.85 | AA125: =M125-J125 -> -427.95242 | AB125: =M125/J125 -> 0.87031745
B126: 18℃-飯糰 | C126: 一配照燒鰤魚大根飯糰 | E126: 26.73 | F126: 1894 | G126: =E126*F126 -> 50626.62 | I126: 4 | J126: 3300 | K126: =J126/I126 -> 825 | L126: 4 | M126: =F126/V126*60 -> 2838.6345 | N126: =M126/L126 -> 709.65862 | O126: =L126-I126 -> 0 | P126: =N126-K126 -> -115.34138 | Q126: =N126/K126 -> 0.86019226 | S126: 0.26944444 | T126: 0.29724537 | U126: 19 | V126: 40.033333 | AA126: =M126-J126 -> -461.36553 | AB126: =M126/J126 -> 0.86019226
B127: 18℃-飯糰 | C127: 一配北海道秋鮭親子飯糰 | E127: 24.82 | F127: 2571 | G127: =E127*F127 -> 63812.22 | I127: 4 | J127: 3300 | K127: =J127/I127 -> 825 | L127: 4 | M127: =F127/V127*60 -> 2865.5108 | N127: =M127/L127 -> 716.37771 | O127: =L127-I127 -> 0 | P127: =N127-K127 -> -108.62229 | Q127: =N127/K127 -> 0.86833662 | S127: 0.30983796 | T127: 0.34722222 | U127: 18.133333 | V127: 53.833333 | AA127: =M127-J127 -> -434.48916 | AB127: =M127/J127 -> 0.86833662
B128: 18℃-飯糰 | C128: 一配贅沢鮭魚肚飯糰 | E128: 30 | F128: 3955 | G128: =E128*F128 -> 118650 | I128: 3 | J128: 3000 | K128: =J128/I128 -> 1000 | L128: 3 | M128: =F128/V128*60 -> 2661.3084 | N128: =M128/L128 -> 887.1028 | O128: =L128-I128 -> 0 | P128: =N128-K128 -> -112.8972 | Q128: =N128/K128 -> 0.8871028 | S128: 0.35972222 | T128: 0.42164352 | U128: 18 | V128: 89.166667 | AA128: =M128-J128 -> -338.69159 | AB128: =M128/J128 -> 0.8871028
B140: 平均 | I140: =AVERAGE(I124:I139) -> 3.8 | J140: =AVERAGE(J124:J139) -> 3240 | K140: =J140/I140 -> 852.63158 | L140: =AVERAGE(L124:L139) -> 3.8 | M140: =AVERAGE(M124:M139) -> 2819.4478 | N140: =M140/L140 -> 741.95995 | O140: =L140-I140 -> 0 | P140: =N140-K140 -> -110.67163 | Q140: =N140/K140 -> 0.87019994 | S140: =S124 -> 0.16666667 | T140: =INDEX(T124:T139,COUNTA(T124:T139)) -> 0.42164352 | AA140: =M140-J140 -> -420.55219 | AB140: =M140/J140 -> 0.87019994
A141: 自動包裝機 (二配) | B141: 18℃-飯糰 | C141: 二配兔兔昆布飯糰 | E141: 13.42 | F141: 1445 | G141: =E141*F141 -> 19391.9 | I141: 6 | J141: 3600 | K141: =J141/I141 -> 600 | L141: 6 | M141: =F141/V141*60 -> 3105.6716 | N141: =M141/L141 -> 517.61194 | O141: =L141-I141 -> 0 | P141: =N141-K141 -> -82.38806 | Q141: =N141/K141 -> 0.86268657 | R141: =Q157 -> 0.86082985 | S141: 0.7083912 | T141: 0.72777778 | V141: 27.916667 | AA141: =M141-J141 -> -494.32836 | AB141: =M141/J141 -> 0.86268657 | AC141: =AB157 -> 0.86082985
B142: 18℃-飯糰 | C142: 二配兩粒飯糰(鮪魚&培根蛋沙拉) | E142: 28.57 | F142: 1018 | G142: =E142*F142 -> 29084.26 | I142: 13 | J142: 3600 | K142: =J142/I142 -> 276.92308 | L142: 13 | M142: =F142/V142*60 -> 3103.1329 | N142: =M142/L142 -> 238.70253 | O142: =L142-I142 -> 0 | P142: =N142-K142 -> -38.220543 | Q142: =N142/K142 -> 0.86198137 | S142: 0.7328588 | T142: 0.74652778 | U142: 7.3166667 | V142: 19.683333 | AA142: =M142-J142 -> -496.86706 | AB142: =M142/J142 -> 0.86198137
B143: 18℃-壽司手卷 | C143: 二配長野稻荷壽司 | E143: 25.64 | F143: 2204 | G143: =E143*F143 -> 56510.56 | I143: 11 | J143: 3600 | K143: =J143/I143 -> 327.27273 | L143: 11 | M143: =F143/V143*60 -> 3083.7155 | N143: =M143/L143 -> 280.33777 | O143: =L143-I143 -> 0 | P143: =N143-K143 -> -46.934954 | Q143: =N143/K143 -> 0.85658764 | S143: 0.75146991 | T143: 0.78125 | U143: 7.1166667 | V143: 42.883333 | AA143: =M143-J143 -> -516.28449 | AB143: =M143/J143 -> 0.85658764
B144: 18℃-壽司手卷 | C144: 二配雙饗雙手卷 | E144: 29.52 | F144: 2472 | G144: =E144*F144 -> 72973.44 | I144: 17 | J144: 3273 | K144: =J144/I144 -> 192.52941 | L144: 17 | M144: =F144/V144*60 -> 2816.2025 | N144: =M144/L144 -> 165.65897 | O144: =L144-I144 -> 0 | P144: =N144-K144 -> -26.870439 | Q144: =N144/K144 -> 0.86043463 | S144: 0.78703704 | T144: 0.82361111 | U144: 8.3333333 | V144: 52.666667 | W144: 0.82361111 | X144: 0.82847222 | AA144: =M144-J144 -> -456.79747 | AB144: =M144/J144 -> 0.86043463
B145: 18℃-壽司手卷 | C145: 二配海饌雙手卷 | E145: 29.85 | F145: 2606 | G145: =E145*F145 -> 77789.1 | I145: 17 | J145: 3273 | K145: =J145/I145 -> 192.52941 | L145: 17 | M145: =F145/V145*60 -> 2823.232 | N145: =M145/L145 -> 166.07247 | O145: =L145-I145 -> 0 | P145: =N145-K145 -> -26.45694 | Q145: =N145/K145 -> 0.86258235 | S145: 0.82847222 | T145: 0.86693287 | U145: 7 | V145: 55.383333 | AA145: =M145-J145 -> -449.76798 | AB145: =M145/J145 -> 0.86258235
B157: 平均 | I157: =AVERAGE(I141:I156) -> 12.8 | J157: =AVERAGE(J141:J156) -> 3469.2 | K157: =J157/I157 -> 271.03125 | L157: =AVERAGE(L141:L156) -> 12.8 | M157: =AVERAGE(M141:M156) -> 2986.3909 | N157: =M157/L157 -> 233.31179 | O157: =L157-I157 -> 0 | P157: =N157-K157 -> -37.719459 | Q157: =N157/K157 -> 0.86082985 | S157: =S141 -> 0.7083912 | T157: =INDEX(T141:T156,COUNTA(T141:T156)) -> 0.86693287 | AA157: =M157-J157 -> -482.80907 | AB157: =M157/J157 -> 0.86082985
A158: (舊) 3300型飯糰線 (二配) | B158: 18℃-飯糰 | C158: 二配大飯糰韓式炸雞 | E158: 27.58 | F158: 1440 | G158: =E158*F158 -> 39715.2 | I158: 4 | J158: 3000 | K158: =J158/I158 -> 750 | L158: 4 | M158: =F158/V158*60 -> 2577.822 | N158: =M158/L158 -> 644.45549 | O158: =L158-I158 -> 0 | P158: =N158-K158 -> -105.54451 | Q158: =N158/K158 -> 0.85927399 | R158: =Q174 -> 0.86991918 | S158: 0.70866898 | T158: 0.73194444 | V158: 33.516667 | AA158: =M158-J158 -> -422.17802 | AB158: =M158/J158 -> 0.85927399 | AC158: =AB174 -> 0.86991918
B159: 18℃-飯糰 | C159: 二配大飯糰春川風味辣炒雞 | E159: 24.15 | F159: 1134 | G159: =E159*F159 -> 27386.1 | I159: 4 | J159: 3000 | K159: =J159/I159 -> 750 | L159: 4 | M159: =F159/V159*60 -> 2569.163 | N159: =M159/L159 -> 642.29075 | O159: =L159-I159 -> 0 | P159: =N159-K159 -> -107.70925 | Q159: =N159/K159 -> 0.85638767 | S159: 0.73541667 | T159: 0.75380787 | U159: 5 | V159: 26.483333 | AA159: =M159-J159 -> -430.837 | AB159: =M159/J159 -> 0.85638767
B160: 18℃-飯糰 | C160: 二配哇沙米魚卵沙拉飯糰 | E160: 15.71 | F160: 3148 | G160: =E160*F160 -> 49455.08 | I160: 3 | J160: 3300 | K160: =J160/I160 -> 1100 | L160: 3 | M160: =F160/V160*60 -> 2902.1255 | N160: =M160/L160 -> 967.37516 | O160: =L160-I160 -> 0 | P160: =N160-K160 -> -132.62484 | Q160: =N160/K160 -> 0.87943196 | S160: 0.75763889 | T160: 0.80283565 | U160: 5.5166667 | V160: 65.083333 | AA160: =M160-J160 -> -397.87452 | AB160: =M160/J160 -> 0.87943196
B161: 18℃-飯糰 | C161: 二配鹽蔥燒肉飯糰 | E161: 17.89 | F161: 6432 | G161: =E161*F161 -> 115068.48 | I161: 4 | J161: 3300 | K161: =J161/I161 -> 825 | L161: 4 | M161: =F161/V161*60 -> 2911.8712 | N161: =M161/L161 -> 727.96781 | O161: =L161-I161 -> 0 | P161: =N161-K161 -> -97.032193 | Q161: =N161/K161 -> 0.88238522 | S161: 0.80726852 | T161: 0.89930556 | U161: 6.3833333 | V161: 132.53333 | AA161: =M161-J161 -> -388.12877 | AB161: =M161/J161 -> 0.88238522
B174: 平均 | I174: =AVERAGE(I158:I173) -> 3.75 | J174: =AVERAGE(J158:J173) -> 3150 | K174: =J174/I174 -> 840 | L174: =AVERAGE(L158:L173) -> 3.75 | M174: =AVERAGE(M158:M173) -> 2740.2454 | N174: =M174/L174 -> 730.73211 | O174: =L174-I174 -> 0 | P174: =N174-K174 -> -109.26789 | Q174: =N174/K174 -> 0.86991918 | S174: =S158 -> 0.70866898 | T174: =INDEX(T158:T173,COUNTA(T158:T173)) -> 0.89930556 | AA174: =M174-J174 -> -409.75458 | AB174: =M174/J174 -> 0.86991918
A175: (新) 3300型飯糰機 (二配) | B175: 18℃-飯糰 | C175: 二配壹號醬炙烤牛飯糰 | E175: 22.28 | F175: 2059 | G175: =E175*F175 -> 45874.52 | I175: 5 | J175: 3300 | K175: =J175/I175 -> 660 | L175: 5 | M175: =F175/V175*60 -> 2886.4486 | N175: =M175/L175 -> 577.28972 | O175: =L175-I175 -> 0 | P175: =N175-K175 -> -82.71028 | Q175: =N175/K175 -> 0.87468139 | R175: =Q191 -> 0.87710514 | S175: 0.70847222 | T175: 0.73819444 | V175: 42.8 | AA175: =M175-J175 -> -413.5514 | AB175: =M175/J175 -> 0.87468139 | AC175: =AB191 -> 0.87710514
B176: 18℃-飯糰 | C176: 二配油蔥G絲飯糰 | E176: 18.18 | F176: 1810 | G176: =E176*F176 -> 32905.8 | I176: 4 | J176: 3300 | K176: =J176/I176 -> 825 | L176: 4 | M176: =F176/V176*60 -> 2874.2832 | N176: =M176/L176 -> 718.5708 | O176: =L176-I176 -> 0 | P176: =N176-K176 -> -106.4292 | Q176: =N176/K176 -> 0.87099491 | S176: 0.74390046 | T176: 0.77013889 | U176: 8.2166667 | V176: 37.783333 | AA176: =M176-J176 -> -425.71681 | AB176: =M176/J176 -> 0.87099491
B177: 18℃-飯糰 | C177: 二配雞肉飯飯糰 | E177: 16.66 | F177: 5773 | G177: =E177*F177 -> 96178.18 | H177: 2 | I177: 4 | J177: 3300 | K177: =J177/I177 -> 825 | L177: 4 | M177: =F177/V177*60 -> 2911.5719 | N177: =M177/L177 -> 727.89297 | O177: =L177-I177 -> 0 | P177: =N177-K177 -> -97.107033 | Q177: =N177/K177 -> 0.88229451 | S177: 0.77444444 | T177: 0.85706019 | U177: 6.2 | V177: 118.96667 | W177: 0.85706019 | X177: 0.89604167 | AA177: =M177-J177 -> -388.42813 | AB177: =M177/J177 -> 0.88229451
B178: 18℃-飯糰 | C178: 二配雞肉飯飯糰 | E178: 16.66 | F178: 4150 | G178: =E178*F178 -> 69139 | I178: 4 | J178: 3300 | K178: =J178/I178 -> 825 | L178: 4 | M178: =F178/V178*60 -> 2905.4842 | N178: =M178/L178 -> 726.37106 | O178: =L178-I178 -> 0 | P178: =N178-K178 -> -98.628938 | Q178: =N178/K178 -> 0.88044977 | S178: 0.89604167 | T178: 0.95555556 | U178: 56.133333 | V178: 85.7 | AA178: =M178-J178 -> -394.51575 | AB178: =M178/J178 -> 0.88044977
B191: 平均 | I191: =AVERAGE(I175:I190) -> 4.25 | J191: =AVERAGE(J175:J190) -> 3300 | K191: =J191/I191 -> 776.47059 | L191: =AVERAGE(L175:L190) -> 4.25 | M191: =AVERAGE(M175:M190) -> 2894.447 | N191: =M191/L191 -> 681.04635 | O191: =L191-I191 -> 0 | P191: =N191-K191 -> -95.424241 | Q191: =N191/K191 -> 0.87710514 | S191: =S175 -> 0.70847222 | T191: =INDEX(T175:T190,COUNTA(T175:T190)) -> 0.95555556 | AA191: =M191-J191 -> -405.55302 | AB191: =M191/J191 -> 0.87710514
A192: GKK3600型 飯糰機 (二配) | B192: 18℃-飯糰 | C192: 二配經典肉鬆飯糰 | E192: 13.25 | F192: 3040 | G192: =E192*F192 -> 40280 | H192: 3 | I192: 4 | J192: 3000 | K192: =J192/I192 -> 750 | L192: 4 | M192: =F192/V192*60 -> 2538.0334 | N192: =M192/L192 -> 634.50835 | O192: =L192-I192 -> 0 | P192: =N192-K192 -> -115.49165 | Q192: =N192/K192 -> 0.84601113 | R192: =Q208 -> 0.84590477 | S192: 0.70842593 | T192: 0.75833333 | V192: 71.866667 | AA192: =M192-J192 -> -461.9666 | AB192: =M192/J192 -> 0.84601113 | AC192: =AB208 -> 0.84590477
B193: 18℃-飯糰 | C193: 二配鮪魚飯糰 | E193: 14.28 | F193: 6925 | G193: =E193*F193 -> 98889 | H193: 2 | I193: 3 | J193: 3600 | K193: =J193/I193 -> 1200 | L193: 3 | M193: =F193/V193*60 -> 3040.9856 | N193: =M193/L193 -> 1013.6619 | O193: =L193-I193 -> 0 | P193: =N193-K193 -> -186.33813 | Q193: =N193/K193 -> 0.84471822 | S193: 0.77108796 | T193: 0.86597222 | U193: 18.366667 | V193: 136.63333 | W193: 0.86597222 | X193: 0.91805556 | AA193: =M193-J193 -> -559.01439 | AB193: =M193/J193 -> 0.84471822
B194: 18℃-飯糰 | C194: 二配經典肉鬆飯糰 | E194: 13.25 | F194: 6000 | G194: =E194*F194 -> 79500 | I194: 4 | J194: 3000 | K194: =J194/I194 -> 750 | L194: 4 | M194: =F194/V194*60 -> 2550.7794 | N194: =M194/L194 -> 637.69485 | O194: =L194-I194 -> 0 | P194: =N194-K194 -> -112.30515 | Q194: =N194/K194 -> 0.8502598 | S194: 0.91805556 | T194: 1.0160648 | U194: 75 | V194: 141.13333 | AA194: =M194-J194 -> -449.2206 | AB194: =M194/J194 -> 0.8502598
B195: 18℃-飯糰 | C195: 二配鮪魚飯糰 | E195: 14.28 | F195: 5180 | G195: =E195*F195 -> 73970.4 | I195: 3 | J195: 3600 | K195: =J195/I195 -> 1200 | L195: 3 | M195: =F195/V195*60 -> 3036.1446 | N195: =M195/L195 -> 1012.0482 | O195: =L195-I195 -> 0 | P195: =N195-K195 -> -187.95181 | Q195: =N195/K195 -> 0.84337349 | S195: 1.0298611 | T195: 1.1009491 | U195: 19.866667 | V195: 102.36667 | AA195: =M195-J195 -> -563.85542 | AB195: =M195/J195 -> 0.84337349
B208: 平均 | I208: =AVERAGE(I192:I207) -> 3.5 | J208: =AVERAGE(J192:J207) -> 3300 | K208: =J208/I208 -> 942.85714 | L208: =AVERAGE(L192:L207) -> 3.5 | M208: =AVERAGE(M192:M207) -> 2791.4857 | N208: =M208/L208 -> 797.56736 | O208: =L208-I208 -> 0 | P208: =N208-K208 -> -145.28979 | Q208: =N208/K208 -> 0.84590477 | S208: =S192 -> 0.70842593 | T208: =INDEX(T192:T207,COUNTA(T192:T207)) -> 1.1009491 | AA208: =M208-J208 -> -508.51425 | AB208: =M208/J208 -> 0.84590477
A209: GKK3600型 飯糰機2 (二配) | B209: 18℃-飯糰 | C209: 二配明太子龍蝦風味沙拉飯糰 | E209: 18.18 | F209: 1219 | G209: =E209*F209 -> 22161.42 | H209: 2 | I209: 3 | J209: 3600 | K209: =J209/I209 -> 1200 | L209: 3 | M209: =F209/V209*60 -> 3022.314 | N209: =M209/L209 -> 1007.438 | O209: =L209-I209 -> 0 | P209: =N209-K209 -> -192.56198 | Q209: =N209/K209 -> 0.83953168 | R209: =Q225 -> 0.85671967 | S209: 0.70833333 | T209: 0.72513889 | V209: 24.2 | AA209: =M209-J209 -> -577.68595 | AB209: =M209/J209 -> 0.83953168 | AC209: =AB225 -> 0.85671967
B210: 18℃-飯糰 | C210: 二配蔬食鮪魚飯糰 | E210: 18.18 | F210: 2385 | G210: =E210*F210 -> 43359.3 | I210: 3 | J210: 3600 | K210: =J210/I210 -> 1200 | L210: 3 | M210: =F210/V210*60 -> 3038.2166 | N210: =M210/L210 -> 1012.7389 | O210: =L210-I210 -> 0 | P210: =N210-K210 -> -187.26115 | Q210: =N210/K210 -> 0.84394904 | S210: 0.73541667 | T210: 0.768125 | U210: 14.8 | V210: 47.1 | AA210: =M210-J210 -> -561.78344 | AB210: =M210/J210 -> 0.84394904
B211: 18℃-飯糰 | C211: 二配北海道秋鮭親子飯糰 | E211: 24.82 | F211: 1081 | G211: =E211*F211 -> 26830.42 | H211: 2 | I211: 4 | J211: 3300 | K211: =J211/I211 -> 825 | L211: 4 | M211: =F211/V211*60 -> 2844.7368 | N211: =M211/L211 -> 711.18421 | O211: =L211-I211 -> 0 | P211: =N211-K211 -> -113.81579 | Q211: =N211/K211 -> 0.86204147 | S211: 0.77861111 | T211: 0.79444444 | U211: 15.1 | V211: 22.8 | AA211: =M211-J211 -> -455.26316 | AB211: =M211/J211 -> 0.86204147
B212: 18℃-飯糰 | C212: 二配熟成紅鮭飯糰 | E212: 25.03 | F212: 1042 | G212: =E212*F212 -> 26081.26 | H212: 2 | I212: 4 | J212: 3300 | K212: =J212/I212 -> 825 | L212: 4 | M212: =F212/V212*60 -> 2854.7945 | N212: =M212/L212 -> 713.69863 | O212: =L212-I212 -> 0 | P212: =N212-K212 -> -111.30137 | Q212: =N212/K212 -> 0.86508925 | S212: 0.80423611 | T212: 0.81944444 | U212: 14.1 | V212: 21.9 | AA212: =M212-J212 -> -445.20548 | AB212: =M212/J212 -> 0.86508925
B213: 18℃-飯糰 | C213: 二配芝麻香鬆飯糰 | E213: 18.18 | F213: 2888 | G213: =E213*F213 -> 52503.84 | I213: 4 | J213: 3000 | K213: =J213/I213 -> 750 | L213: 4 | M213: =F213/V213*60 -> 2652.2449 | N213: =M213/L213 -> 663.06122 | O213: =L213-I213 -> 0 | P213: =N213-K213 -> -86.938776 | Q213: =N213/K213 -> 0.88408163 | S213: 0.82916667 | T213: 0.87453704 | U213: 14 | V213: 65.333333 | W213: 0.87453704 | X213: 0.92638889 | AA213: =M213-J213 -> -347.7551 | AB213: =M213/J213 -> 0.88408163
B214: 18℃-飯糰 | C214: 二配熟成紅鮭飯糰 | E214: 25.03 | F214: 2153 | G214: =E214*F214 -> 53889.59 | I214: 4 | J214: 3300 | K214: =J214/I214 -> 825 | L214: 4 | M214: =F214/V214*60 -> 2870.6667 | N214: =M214/L214 -> 717.66667 | O214: =L214-I214 -> 0 | P214: =N214-K214 -> -107.33333 | Q214: =N214/K214 -> 0.86989899 | S214: 0.92638889 | T214: 0.95763889 | U214: 74.666667 | V214: 45 | AA214: =M214-J214 -> -429.33333 | AB214: =M214/J214 -> 0.86989899
B215: 18℃-飯糰 | C215: 二配北海道秋鮭親子飯糰 | E215: 24.82 | F215: 2546 | G215: =E215*F215 -> 63191.72 | I215: 4 | J215: 3300 | K215: =J215/I215 -> 825 | L215: 4 | M215: =F215/V215*60 -> 2854.4379 | N215: =M215/L215 -> 713.60947 | O215: =L215-I215 -> 0 | P215: =N215-K215 -> -111.39053 | Q215: =N215/K215 -> 0.86498117 | S215: 0.96769676 | T215: 1.0048611 | U215: 14.483333 | V215: 53.516667 | AA215: =M215-J215 -> -445.56213 | AB215: =M215/J215 -> 0.86498117
B216: 18℃-飯糰 | C216: 二配明太子龍蝦風味沙拉飯糰 | E216: 18.18 | F216: 3137 | G216: =E216*F216 -> 57030.66 | I216: 3 | J216: 3600 | K216: =J216/I216 -> 1200 | L216: 3 | M216: =F216/V216*60 -> 3035.8065 | N216: =M216/L216 -> 1011.9355 | O216: =L216-I216 -> 0 | P216: =N216-K216 -> -188.06452 | Q216: =N216/K216 -> 0.84327957 | S216: 1.0145833 | T216: 1.0576389 | U216: 14 | V216: 62 | AA216: =M216-J216 -> -564.19355 | AB216: =M216/J216 -> 0.84327957
B217: 18℃-飯糰 | C217: 二配經典肉鬆飯糰 | E217: 13.25 | F217: 1812 | G217: =E217*F217 -> 24009 | I217: 4 | J217: 3000 | K217: =J217/I217 -> 750 | L217: 4 | M217: =F217/V217*60 -> 2528.3721 | N217: =M217/L217 -> 632.09302 | O217: =L217-I217 -> 0 | P217: =N217-K217 -> -117.90698 | Q217: =N217/K217 -> 0.8427907 | S217: 1.0715278 | T217: 1.1013889 | U217: 20 | V217: 43 | AA217: =M217-J217 -> -471.62791 | AB217: =M217/J217 -> 0.8427907
B225: 平均 | I225: =AVERAGE(I209:I224) -> 3.6666667 | J225: =AVERAGE(J209:J224) -> 3333.3333 | K225: =J225/I225 -> 909.09091 | L225: =AVERAGE(L209:L224) -> 3.6666667 | M225: =AVERAGE(M209:M224) -> 2855.7322 | N225: =M225/L225 -> 778.83606 | O225: =L225-I225 -> 0 | P225: =N225-K225 -> -130.25485 | Q225: =N225/K225 -> 0.85671967 | S225: =S209 -> 0.70833333 | T225: =INDEX(T209:T224,COUNTA(T209:T224)) -> 1.1013889 | AA225: =M225-J225 -> -477.60112 | AB225: =M225/J225 -> 0.85671967
Y227: 原因回覆
Y228: 1.當日出勤人數較多
Y229: 2.當日出勤人數較少
Y230: 3.當日出勤熟手較多
Y231: 4.當日出勤新人較多
Y232: 5.機台夾盒
Y233: 6.封膜不順
Y234: 7.更換膠膜
Y235: 8.更換碳帶
Y236: 9.當日熱轉印碳帶異常
Y237: 10.訂單量過少
Y238: 11.新品上市，尚未熟悉
Y239: 12.活動期間品項需貼標

Sheet 0929(4度C)
A1: 大溪廠日報分析 | C1: 總生產量 | D1: =SUM(F5:F157) -> 109137 | E1: 營業額 | F1: =SUM(G5:G157) -> 4862519.5 | G1: 出勤人數 | H1: =L21+L38+L55+L72+L89+L106+L123+L140+L157 -> 167.15 | I1: 產線配置圖 | L1: 生產實績 | O1: 人時性差異分析 | S1: 日報登錄 | Y1: 分析說明 | AA1: 產能差異分析
A2: 45929 | C2: 人時性 | D2: =AVERAGE(N21,N38,N55,N72,N89,N106,N123,N140,N157) -> 154.71552 | E2: 平均廠價 | F2: =F1/D1 -> 44.554271 | G2: 多次生產數 | H2: =COUNT(H5:H157) -> 0
A3: 線別 | B3: 品類 | C3: 品名 | E3: 廠價 | F3: 生產量 | G3: 營收 | H3: 多次 生產 | I3: 人數 | J3: 產能/時 | K3: 人時性 | L3: 人數 | M3: 產能/時 | N3: 人時性 | O3: 人數 | P3: 人時性 | Q3: 達成率 | R3: 達成率 平均 | S3: 生產時間 | U3: 換線、休息/分 | V3: 稼動時間/分 | W3: 休息時間 | Y3: (屏榮回填) | AA3: 產能/時 | AB3: 達成率 | AC3: 達成率平均
S4: 開始 | T4: 結束 | W4: 開始 | X4: 結束
A5: 便當一線 | B5: 微波小吃 | C5: 日式茶碗蒸 | E5: 19.7 | F5: 3567 | G5: =E5*F5 -> 70269.9 | I5: 13 | J5: 1200 | K5: =J5/I5 -> 92.307692 | L5: 13 | M5: =F5/V5*60 -> 1070.1 | N5: =M5/L5 -> 82.315385 | O5: =L5-I5 -> 0 | P5: =N5-K5 -> -9.9923077 | Q5: =N5/K5 -> 0.89175 | R5: =Q21 -> 0.88666101 | S5: 0.25 | T5: 0.38888889 | V5: 200 | AA5: =M5-J5 -> -129.9 | AB5: =M5/J5 -> 0.89175 | AC5: =AB21 -> 0.88666101
B6: 4℃-飯糰 | C6: 麻油雞飯糰 | E6: 29.97 | F6: 2593 | G6: =E6*F6 -> 77712.21 | I6: 20 | J6: 2600 | K6: =J6/I6 -> 130 | L6: 20 | M6: =F6/V6*60 -> 2299.2118 | N6: =M6/L6 -> 114.96059 | O6: =L6-I6 -> 0 | P6: =N6-K6 -> -15.039409 | Q6: =N6/K6 -> 0.88431224 | S6: 0.51342593 | T6: 0.56041667 | U6: 58.883333 | V6: 67.666667 | AA6: =M6-J6 -> -300.78818 | AB6: =M6/J6 -> 0.88431224
B21: 平均 | I21: =AVERAGE(I5:I20) -> 16.5 | J21: =AVERAGE(J5:J20) -> 1900 | K21: =J21/I21 -> 115.15152 | L21: =AVERAGE(L5:L20) -> 16.5 | M21: =AVERAGE(M5:M20) -> 1684.6559 | N21: =M21/L21 -> 102.10036 | O21: =L21-I21 -> 0 | P21: =N21-K21 -> -13.051157 | Q21: =N21/K21 -> 0.88666101 | S21: =S5 -> 0.25 | T21: =INDEX(T5:T20,COUNTA(T5:T20)) -> 0.56041667 | AA21: =M21-J21 -> -215.34409 | AB21: =M21/J21 -> 0.88666101
A22: 便當二線 | B22: 微波主食 | C22: 柚見極炙烤牛 | E22: 57.3 | F22: 1050 | G22: =E22*F22 -> 60165 | I22: 26 | J22: 2000 | K22: =J22/I22 -> 76.923077 | L22: 26 | M22: =F22/V22*60 -> 1722.0957 | N22: =M22/L22 -> 66.234449 | O22: =L22-I22 -> 0 | P22: =N22-K22 -> -10.688628 | Q22: =N22/K22 -> 0.86104784 | R22: =Q38 -> 0.87366531 | S22: 0.16695602 | T22: 0.19236111 | V22: 36.583333 | AA22: =M22-J22 -> -277.90433 | AB22: =M22/J22 -> 0.86104784 | AC22: =AB38 -> 0.87366531
B23: 微波主食 | C23: 糖燻野郎三十天熟成牛飯 | E23: 56.77 | F23: 4674 | G23: =E23*F23 -> 265342.98 | I23: 26 | J23: 2000 | K23: =J23/I23 -> 76.923077 | L23: 26 | M23: =F23/V23*60 -> 1765.8096 | N23: =M23/L23 -> 67.915755 | O23: =L23-I23 -> 0 | P23: =N23-K23 -> -9.0073218 | Q23: =N23/K23 -> 0.88290482 | S23: 0.19596065 | T23: 0.30625 | U23: 5.1833333 | V23: 158.81667 | AA23: =M23-J23 -> -234.19037 | AB23: =M23/J23 -> 0.88290482
B24: 微波主食 | C24: 蒜蒜燒豚飯 | E24: 51.86 | F24: 1629 | G24: =E24*F24 -> 84479.94 | I24: 26 | J24: 2000 | K24: =J24/I24 -> 76.923077 | L24: 26 | M24: =F24/V24*60 -> 1732.4668 | N24: =M24/L24 -> 66.633337 | O24: =L24-I24 -> 0 | P24: =N24-K24 -> -10.28974 | Q24: =N24/K24 -> 0.86623338 | S24: 0.30902778 | T24: 0.34820602 | U24: 4 | V24: 56.416667 | AA24: =M24-J24 -> -267.53323 | AB24: =M24/J24 -> 0.86623338
B25: 便當 | C25: 嫩烤香料雞胸排蔬滿盒 | E25: 77.34 | F25: 3723 | G25: =E25*F25 -> 287936.82 | I25: 25 | J25: 2000 | K25: =J25/I25 -> 80 | L25: 25 | M25: =F25/V25*60 -> 1760.0525 | N25: =M25/L25 -> 70.402101 | O25: =L25-I25 -> 0 | P25: =N25-K25 -> -9.5978989 | Q25: =N25/K25 -> 0.88002626 | S25: 0.3521412 | T25: 0.44027778 | U25: 5.6666667 | V25: 126.91667 | W25: 0.44027778 | X25: 0.48125 | AA25: =M25-J25 -> -239.94747 | AB25: =M25/J25 -> 0.88002626
B26: 微波主食 | C26: 姨次滿足熟成牛豚雙拼 | E26: 57.3 | F26: 1481 | G26: =E26*F26 -> 84861.3 | I26: 25 | J26: 2000 | K26: =J26/I26 -> 80 | L26: 25 | M26: =F26/V26*60 -> 1731.039 | N26: =M26/L26 -> 69.241558 | O26: =L26-I26 -> 0 | P26: =N26-K26 -> -10.758442 | Q26: =N26/K26 -> 0.86551948 | S26: 0.48125 | T26: 0.51689815 | U26: 59 | V26: 51.333333 | AA26: =M26-J26 -> -268.96104 | AB26: =M26/J26 -> 0.86551948
B27: 便當 | C27: 健身G肉餐盒 | E27: 59.52 | F27: 6160 | G27: =E27*F27 -> 366643.2 | I27: 25 | J27: 2000 | K27: =J27/I27 -> 80 | L27: 25 | M27: =F27/V27*60 -> 1772.5202 | N27: =M27/L27 -> 70.900807 | O27: =L27-I27 -> 0 | P27: =N27-K27 -> -9.0991927 | Q27: =N27/K27 -> 0.88626009 | S27: 0.52186343 | T27: 0.66666667 | U27: 7.15 | V27: 208.51667 | AA27: =M27-J27 -> -227.47982 | AB27: =M27/J27 -> 0.88626009
AQ29: =AI8 -> 0
B38: 平均 | I38: =AVERAGE(I22:I37) -> 25.5 | J38: =AVERAGE(J22:J37) -> 2000 | K38: =J38/I38 -> 78.431373 | L38: =AVERAGE(L22:L37) -> 25.5 | M38: =AVERAGE(M22:M37) -> 1747.3306 | N38: =M38/L38 -> 68.52277 | O38: =L38-I38 -> 0 | P38: =N38-K38 -> -9.908603 | Q38: =N38/K38 -> 0.87366531 | S38: =S22 -> 0.16695602 | T38: =INDEX(T22:T37,COUNTA(T22:T37)) -> 0.66666667 | AA38: =M38-J38 -> -252.66938 | AB38: =M38/J38 -> 0.87366531
A39: 涼麵一線 | B39: 熱食義麵 | C39: 金沙豆腐細扁麵 | E39: 49.52 | F39: 2019 | G39: =E39*F39 -> 99980.88 | I39: 24 | J39: 2000 | K39: =J39/I39 -> 83.333333 | L39: 24 | M39: =F39/V39*60 -> 1735.1158 | N39: =M39/L39 -> 72.296491 | O39: =L39-I39 -> 0 | P39: =N39-K39 -> -11.036843 | Q39: =N39/K39 -> 0.86755789 | R39: =Q55 -> 0.86741959 | S39: 0.25012731 | T39: 0.29861111 | V39: 69.816667 | AA39: =M39-J39 -> -264.88422 | AB39: =M39/J39 -> 0.86755789 | AC39: =AB55 -> 0.86741959
B40: 便當 | C40: 紅燒肉日式高湯咖哩便當 | E40: 65.84 | F40: 1172 | G40: =E40*F40 -> 77164.48 | I40: 21 | J40: 2000 | K40: =J40/I40 -> 95.238095 | L40: 21 | M40: =F40/V40*60 -> 1725.6442 | N40: =M40/L40 -> 82.173532 | O40: =L40-I40 -> 0 | P40: =N40-K40 -> -13.064563 | Q40: =N40/K40 -> 0.86282209 | S40: 0.30364583 | T40: 0.33194444 | U40: 7.25 | V40: 40.75 | AA40: =M40-J40 -> -274.35583 | AB40: =M40/J40 -> 0.86282209
B41: 微波小吃 | C41: 越式牛肉寬粉 | E41: 51.82 | F41: 2114 | G41: =E41*F41 -> 109547.48 | I41: 22 | J41: 1800 | K41: =J41/I41 -> 81.818182 | L41: 22 | M41: =F41/V41*60 -> 1572.3967 | N41: =M41/L41 -> 71.472577 | O41: =L41-I41 -> 0 | P41: =N41-K41 -> -10.345605 | Q41: =N41/K41 -> 0.87355372 | S41: 0.3349537 | T41: 0.39097222 | U41: 4.3333333 | V41: 80.666667 | AA41: =M41-J41 -> -227.60331 | AB41: =M41/J41 -> 0.87355372
B42: 微波小吃 | C42: 擔仔炊粉湯 | E42: 45.66 | F42: 1476 | G42: =E42*F42 -> 67394.16 | I42: 20 | J42: 1800 | K42: =J42/I42 -> 90 | L42: 20 | M42: =F42/V42*60 -> 1560.5286 | N42: =M42/L42 -> 78.026432 | O42: =L42-I42 -> 0 | P42: =N42-K42 -> -11.973568 | Q42: =N42/K42 -> 0.86696035 | S42: 0.39461806 | T42: 0.43402778 | U42: 5.25 | V42: 56.75 | W42: 0.43402778 | X42: 0.47315972 | AA42: =M42-J42 -> -239.47137 | AB42: =M42/J42 -> 0.86696035
B43: 微波主食 | C43: 妮妮家漢堡排 | E43: 57.3 | F43: 1839 | G43: =E43*F43 -> 105374.7 | I43: 20 | J43: 2000 | K43: =J43/I43 -> 100 | L43: 20 | M43: =F43/V43*60 -> 1733.5428 | N43: =M43/L43 -> 86.677141 | O43: =L43-I43 -> 0 | P43: =N43-K43 -> -13.322859 | Q43: =N43/K43 -> 0.86677141 | S43: 0.47315972 | T43: 0.51736111 | U43: 56.35 | V43: 63.65 | AA43: =M43-J43 -> -266.45719 | AB43: =M43/J43 -> 0.86677141
B55: 平均 | I55: =AVERAGE(I39:I54) -> 21.4 | J55: =AVERAGE(J39:J54) -> 1920 | K55: =J55/I55 -> 89.719626 | L55: =AVERAGE(L39:L54) -> 21.4 | M55: =AVERAGE(M39:M54) -> 1665.4456 | N55: =M55/L55 -> 77.824562 | O55: =L55-I55 -> 0 | P55: =N55-K55 -> -11.895065 | Q55: =N55/K55 -> 0.86741959 | S55: =S39 -> 0.25012731 | T55: =INDEX(T39:T54,COUNTA(T39:T54)) -> 0.51736111 | AA55: =M55-J55 -> -254.55438 | AB55: =M55/J55 -> 0.86741959
A56: 涼麵二線 | B56: 便當 | C56: 經典滷肉飯 | E56: 47.37 | F56: 2161 | G56: =E56*F56 -> 102366.57 | I56: 21 | J56: 2000 | K56: =J56/I56 -> 95.238095 | L56: 21 | M56: =F56/V56*60 -> 1740.0134 | N56: =M56/L56 -> 82.857782 | O56: =L56-I56 -> 0 | P56: =N56-K56 -> -12.380313 | Q56: =N56/K56 -> 0.87000671 | R56: =Q72 -> 0.87639969 | S56: 0.25033565 | T56: 0.30208333 | V56: 74.516667 | AA56: =M56-J56 -> -259.98658 | AB56: =M56/J56 -> 0.87000671 | AC56: =AB72 -> 0.87639969
B57: 微波主食 | C57: 壹號醬雞豚雙拼 | E57: 56.43 | F57: 2886 | G57: =E57*F57 -> 162856.98 | I57: 22 | J57: 2000 | K57: =J57/I57 -> 90.909091 | L57: 22 | M57: =F57/V57*60 -> 1752.336 | N57: =M57/L57 -> 79.651635 | O57: =L57-I57 -> 0 | P57: =N57-K57 -> -11.257456 | Q57: =N57/K57 -> 0.87616799 | S57: 0.30707176 | T57: 0.37569444 | U57: 7.1833333 | V57: 98.816667 | AA57: =M57-J57 -> -247.66402 | AB57: =M57/J57 -> 0.87616799
B58: 便當 | C58: 美式雞丁餐盒 | E58: 59.34 | F58: 3119 | G58: =E58*F58 -> 185081.46 | I58: 24 | J58: 2000 | K58: =J58/I58 -> 83.333333 | L58: 24 | M58: =F58/V58*60 -> 1754.4375 | N58: =M58/L58 -> 73.101562 | O58: =L58-I58 -> 0 | P58: =N58-K58 -> -10.231771 | Q58: =N58/K58 -> 0.87721875 | S58: 0.38078704 | T58: 0.45486111 | U58: 7.3333333 | V58: 106.66667 | W58: 0.45486111 | X58: 0.49652778 | AA58: =M58-J58 -> -245.5625 | AB58: =M58/J58 -> 0.87721875
B59: 便當 | C59: 烤蛋白餐盒 | E59: 58.67 | F59: 5156 | G59: =E59*F59 -> 302502.52 | I59: 24 | J59: 2000 | K59: =J59/I59 -> 83.333333 | L59: 24 | M59: =F59/V59*60 -> 1764.4106 | N59: =M59/L59 -> 73.51711 | O59: =L59-I59 -> 0 | P59: =N59-K59 -> -9.8162231 | Q59: =N59/K59 -> 0.88220532 | S59: 0.49652778 | T59: 0.61828704 | U59: 60 | V59: 175.33333 | AA59: =M59-J59 -> -235.58935 | AB59: =M59/J59 -> 0.88220532
B72: 平均 | I72: =AVERAGE(I56:I71) -> 22.75 | J72: =AVERAGE(J56:J71) -> 2000 | K72: =J72/I72 -> 87.912088 | L72: =AVERAGE(L56:L71) -> 22.75 | M72: =AVERAGE(M56:M71) -> 1752.7994 | N72: =M72/L72 -> 77.046127 | O72: =L72-I72 -> 0 | P72: =N72-K72 -> -10.865961 | Q72: =N72/K72 -> 0.87639969 | S72: =S56 -> 0.25033565 | T72: =INDEX(T56:T71,COUNTA(T56:T71)) -> 0.61828704 | AA72: =M72-J72 -> -247.20061 | AB72: =M72/J72 -> 0.87639969
A73: 涼麵三線 | B73: 季節調理麵 | C73: 椒麻香蔥雞涼拌麵 | E73: 37.94 | F73: 6752 | G73: =E73*F73 -> 256170.88 | I73: 21 | J73: 3600 | K73: =J73/I73 -> 171.42857 | L73: 21 | M73: =F73/V73*60 -> 3042.9644 | N73: =M73/L73 -> 144.90307 | O73: =L73-I73 -> 0 | P73: =N73-K73 -> -26.525503 | Q73: =N73/K73 -> 0.8452679 | R73: =Q89 -> 0.86287252 | S73: 0.20833333 | T73: 0.30078704 | V73: 133.13333 | AA73: =M73-J73 -> -557.03555 | AB73: =M73/J73 -> 0.8452679 | AC73: =AB89 -> 0.86287252
B74: 季節調理麵 | C74: 芝麻鰹魚烏龍冷麵 | E74: 38.99 | F74: 2661 | G74: =E74*F74 -> 103752.39 | I74: 19 | J74: 3600 | K74: =J74/I74 -> 189.47368 | L74: 19 | M74: =F74/V74*60 -> 3027.6865 | N74: =M74/L74 -> 159.35192 | O74: =L74-I74 -> 0 | P74: =N74-K74 -> -30.121765 | Q74: =N74/K74 -> 0.84102402 | S74: 0.30574074 | T74: 0.34236111 | U74: 7.1333333 | V74: 52.733333 | AA74: =M74-J74 -> -572.31353 | AB74: =M74/J74 -> 0.84102402
B75: 季節調理麵 | C75: 台式麻醬涼麵 | E75: 31.27 | F75: 4056 | G75: =E75*F75 -> 126831.12 | I75: 19 | J75: 3600 | K75: =J75/I75 -> 189.47368 | L75: 19 | M75: =F75/V75*60 -> 3034.414 | N75: =M75/L75 -> 159.706 | O75: =L75-I75 -> 0 | P75: =N75-K75 -> -29.767686 | Q75: =N75/K75 -> 0.84289277 | S75: 0.34722222 | T75: 0.40291667 | U75: 7 | V75: 80.2 | AA75: =M75-J75 -> -565.58603 | AB75: =M75/J75 -> 0.84289277
B76: 季節調理麵 | C76: 大滿足香辣涼麵 | E76: 38.63 | F76: 6377 | G76: =E76*F76 -> 246343.51 | I76: 20 | J76: 3600 | K76: =J76/I76 -> 180 | L76: 20 | M76: =F76/V76*60 -> 3208.5535 | N76: =M76/L76 -> 160.42767 | O76: =L76-I76 -> 0 | P76: =N76-K76 -> -19.572327 | Q76: =N76/K76 -> 0.89126485 | S76: 0.40763889 | T76: 0.49045139 | U76: 6.8 | V76: 119.25 | W76: 0.49045139 | X76: 0.53333333 | AA76: =M76-J76 -> -391.44654 | AB76: =M76/J76 -> 0.89126485
B77: 季節調理麵 | C77: 大滿足麻醬涼麵 | E77: 38 | F77: 8224 | G77: =E77*F77 -> 312512 | I77: 21 | J77: 3600 | K77: =J77/I77 -> 171.42857 | L77: 21 | M77: =F77/V77*60 -> 3218.087 | N77: =M77/L77 -> 153.24224 | O77: =L77-I77 -> 0 | P77: =N77-K77 -> -18.186335 | Q77: =N77/K77 -> 0.89391304 | S77: 0.53333333 | T77: 0.63981481 | U77: 61.75 | V77: 153.33333 | AA77: =M77-J77 -> -381.91304 | AB77: =M77/J77 -> 0.89391304
B89: 平均 | I89: =AVERAGE(I73:I88) -> 20 | J89: =AVERAGE(J73:J88) -> 3600 | K89: =J89/I89 -> 180 | L89: =AVERAGE(L73:L88) -> 20 | M89: =AVERAGE(M73:M88) -> 3106.3411 | N89: =M89/L89 -> 155.31705 | O89: =L89-I89 -> 0 | P89: =N89-K89 -> -24.682947 | Q89: =N89/K89 -> 0.86287252 | S89: =S73 -> 0.20833333 | T89: =INDEX(T73:T88,COUNTA(T73:T88)) -> 0.63981481 | AA89: =M89-J89 -> -493.65894 | AB89: =M89/J89 -> 0.86287252
A90: 自動包裝機 | B90: 4℃-飯糰 | C90: 大口蒜味香腸燒肉雙拼飯糰 | E90: 34.23 | F90: 2116 | G90: =E90*F90 -> 72430.68 | I90: 16 | J90: 3000 | K90: =J90/I90 -> 187.5 | L90: 16 | M90: =F90/V90*60 -> 2602.5282 | N90: =M90/L90 -> 162.65801 | O90: =L90-I90 -> 0 | P90: =N90-K90 -> -24.841988 | Q90: =N90/K90 -> 0.8675094 | R90: =Q106 -> 0.87434006 | S90: 0.25015046 | T90: 0.28402778 | V90: 48.783333 | AA90: =M90-J90 -> -397.47181 | AB90: =M90/J90 -> 0.8675094 | AC90: =AB106 -> 0.87434006
B91: 4℃-飯糰 | C91: 大口花椒香麻雞飯糰 | E91: 34.77 | F91: 1704 | G91: =E91*F91 -> 59248.08 | I91: 11 | J91: 3000 | K91: =J91/I91 -> 272.72727 | L91: 11 | M91: =F91/V91*60 -> 2590.5405 | N91: =M91/L91 -> 235.50369 | O91: =L91-I91 -> 0 | P91: =N91-K91 -> -37.223587 | Q91: =N91/K91 -> 0.86351351 | S91: 0.28888889 | T91: 0.3162963 | U91: 7 | V91: 39.466667 | AA91: =M91-J91 -> -409.45946 | AB91: =M91/J91 -> 0.86351351
B92: 4℃-飯糰 | C92: 大口法式蕈菇起司雞排飯糰 | E92: 35.83 | F92: 6419 | G92: =E92*F92 -> 229992.77 | I92: 12 | J92: 3273 | K92: =J92/I92 -> 272.75 | L92: 12 | M92: =F92/V92*60 -> 2895.7895 | N92: =M92/L92 -> 241.31579 | O92: =L92-I92 -> 0 | P92: =N92-K92 -> -31.434211 | Q92: =N92/K92 -> 0.88475083 | S92: 0.35902778 | T92: 0.45138889 | U92: 5 | V92: 133 | W92: 0.45138889 | X92: 0.49305556 | AA92: =M92-J92 -> -377.21053 | AB92: =M92/J92 -> 0.88475083
B93: 4℃-飯糰 | C93: 大口義式香草雞腿排飯糰 | E93: 36.41 | F93: 4705 | G93: =E93*F93 -> 171309.05 | I93: 11 | J93: 3273 | K93: =J93/I93 -> 297.54545 | L93: 11 | M93: =F93/V93*60 -> 2880.6122 | N93: =M93/L93 -> 261.87384 | O93: =L93-I93 -> 0 | P93: =N93-K93 -> -35.671614 | Q93: =N93/K93 -> 0.88011373 | S93: 0.49305556 | T93: 0.56111111 | U93: 60 | V93: 98 | AA93: =M93-J93 -> -392.38776 | AB93: =M93/J93 -> 0.88011373
B106: 平均 | I106: =AVERAGE(I90:I105) -> 12.5 | J106: =AVERAGE(J90:J105) -> 3136.5 | K106: =J106/I106 -> 250.92 | L106: =AVERAGE(L90:L105) -> 12.5 | M106: =AVERAGE(M90:M105) -> 2742.3676 | N106: =M106/L106 -> 219.38941 | O106: =L106-I106 -> 0 | P106: =N106-K106 -> -31.530591 | Q106: =N106/K106 -> 0.87434006 | S106: =S90 -> 0.25015046 | T106: =INDEX(T90:T105,COUNTA(T90:T105)) -> 0.56111111 | AA106: =M106-J106 -> -394.13239 | AB106: =M106/J106 -> 0.87434006
A107: 自動包裝機3 | B107: 4℃-壽司手卷 | C107: 日式明太子炙烤牛飯卷 | E107: 26.63 | F107: 1216 | G107: =E107*F107 -> 32382.08 | I107: 6 | J107: 3273 | K107: =J107/I107 -> 545.5 | L107: 6 | M107: =F107/V107*60 -> 2788.2803 | N107: =M107/L107 -> 464.71338 | O107: =L107-I107 -> 0 | P107: =N107-K107 -> -80.786624 | Q107: =N107/K107 -> 0.85190353 | R107: =Q123 -> 0.89621742 | S107: 0.37986111 | T107: 0.39803241 | V107: 26.166667 | AA107: =M107-J107 -> -484.71975 | AB107: =M107/J107 -> 0.85190353 | AC107: =AB123 -> 0.89621742
B108: 4℃-飯糰 | C108: 肉燥烤飯糰 | E108: 20.11 | F108: 1232 | G108: =E108*F108 -> 24775.52 | I108: 6 | J108: 3600 | K108: =J108/I108 -> 600 | L108: 6 | M108: =F108/V108*60 -> 3249.2308 | N108: =M108/L108 -> 541.53846 | O108: =L108-I108 -> 0 | P108: =N108-K108 -> -58.461538 | Q108: =N108/K108 -> 0.9025641 | S108: 0.40364583 | T108: 0.41944444 | U108: 8.0833333 | V108: 22.75 | AA108: =M108-J108 -> -350.76923 | AB108: =M108/J108 -> 0.9025641
B109: 4℃-飯糰 | C109: 鮭魚炙燒明太子烤飯糰 | E109: 24.94 | F109: 1580 | G109: =E109*F109 -> 39405.2 | I109: 6 | J109: 3600 | K109: =J109/I109 -> 600 | L109: 6 | M109: =F109/V109*60 -> 3257.732 | N109: =M109/L109 -> 542.95533 | O109: =L109-I109 -> 0 | P109: =N109-K109 -> -57.044674 | Q109: =N109/K109 -> 0.90492554 | S109: 0.42222222 | T109: 0.44243056 | U109: 4 | V109: 29.1 | AA109: =M109-J109 -> -342.26804 | AB109: =M109/J109 -> 0.90492554
B110: 4℃-飯糰 | C110: 淡麗清酒蒸蛤蜊烤飯糰 | E110: 24.73 | F110: 2161 | G110: =E110*F110 -> 53441.53 | I110: 6 | J110: 3600 | K110: =J110/I110 -> 600 | L110: 6 | M110: =F110/V110*60 -> 3275.6211 | N110: =M110/L110 -> 545.93684 | O110: =L110-I110 -> 0 | P110: =N110-K110 -> -54.063158 | Q110: =N110/K110 -> 0.90989474 | S110: 0.44612269 | T110: 0.47361111 | U110: 5.3166667 | V110: 39.583333 | AA110: =M110-J110 -> -324.37895 | AB110: =M110/J110 -> 0.90989474
B111: 4℃-飯糰 | C111: 糖燻野郎起司炙燒牛烤飯糰 | E111: 24.73 | F111: 1880 | G111: =E111*F111 -> 46492.4 | I111: 6 | J111: 3600 | K111: =J111/I111 -> 600 | L111: 6 | M111: =F111/V111*60 -> 3267.9865 | N111: =M111/L111 -> 544.66441 | O111: =L111-I111 -> 0 | P111: =N111-K111 -> -55.335587 | Q111: =N111/K111 -> 0.90777402 | S111: 0.47880787 | T111: 0.50277778 | U111: 7.4833333 | V111: 34.516667 | AA111: =M111-J111 -> -332.01352 | AB111: =M111/J111 -> 0.90777402
B123: 平均 | I123: =AVERAGE(I107:I122) -> 6 | J123: =AVERAGE(J107:J122) -> 3534.6 | K123: =J123/I123 -> 589.1 | L123: =AVERAGE(L107:L122) -> 6 | M123: =AVERAGE(M107:M122) -> 3167.7701 | N123: =M123/L123 -> 527.96168 | O123: =L123-I123 -> 0 | P123: =N123-K123 -> -61.138316 | Q123: =N123/K123 -> 0.89621742 | S123: =S107 -> 0.37986111 | T123: =INDEX(T107:T122,COUNTA(T107:T122)) -> 0.50277778 | AA123: =M123-J123 -> -366.8299 | AB123: =M123/J123 -> 0.89621742
A124: 涼麵一線 (二配) | B124: 微波主食 | C124: 二配里肌豬排可可咖哩歐姆蛋飯 | E124: 56.79 | F124: 2570 | G124: =E124*F124 -> 145950.3 | I124: 23 | J124: 2000 | K124: =J124/I124 -> 86.956522 | L124: 23 | M124: =F124/V124*60 -> 1755.5977 | N124: =M124/L124 -> 76.330336 | O124: =L124-I124 -> 0 | P124: =N124-K124 -> -10.626186 | Q124: =N124/K124 -> 0.87779886 | R124: =Q140 -> 0.87237143 | S124: 0.70844907 | T124: 0.76944444 | V124: 87.833333 | AA124: =M124-J124 -> -244.40228 | AB124: =M124/J124 -> 0.87779886 | AC124: =AB140 -> 0.87237143
B125: 微波主食 | C125: 二配黃金雞排蘑菇白醬歐姆蛋飯 | E125: 56.87 | F125: 2077 | G125: =E125*F125 -> 118118.99 | I125: 23 | J125: 2000 | K125: =J125/I125 -> 86.956522 | L125: 23 | M125: =F125/V125*60 -> 1742.5309 | N125: =M125/L125 -> 75.762212 | O125: =L125-I125 -> 0 | P125: =N125-K125 -> -11.19431 | Q125: =N125/K125 -> 0.87126544 | S125: 0.77533565 | T125: 0.825 | U125: 8.4833333 | V125: 71.516667 | AA125: =M125-J125 -> -257.46912 | AB125: =M125/J125 -> 0.87126544
B126: 微波主食 | C126: 二配鐵板蘑菇肉醬起司焗飯 | E126: 44.3 | F126: 1929 | G126: =E126*F126 -> 85454.7 | I126: 17 | J126: 2000 | K126: =J126/I126 -> 117.64706 | L126: 17 | M126: =F126/V126*60 -> 1736.1 | N126: =M126/L126 -> 102.12353 | O126: =L126-I126 -> 0 | P126: =N126-K126 -> -15.523529 | Q126: =N126/K126 -> 0.86805 | S126: 0.83009259 | T126: 0.87638889 | U126: 7.3333333 | V126: 66.666667 | AA126: =M126-J126 -> -263.9 | AB126: =M126/J126 -> 0.86805
B140: 平均 | I140: =AVERAGE(I124:I139) -> 21 | J140: =AVERAGE(J124:J139) -> 2000 | K140: =J140/I140 -> 95.238095 | L140: =AVERAGE(L124:L139) -> 21 | M140: =AVERAGE(M124:M139) -> 1744.7429 | N140: =M140/L140 -> 83.082994 | O140: =L140-I140 -> 0 | P140: =N140-K140 -> -12.155102 | Q140: =N140/K140 -> 0.87237143 | S140: =S124 -> 0.70844907 | T140: =INDEX(T124:T139,COUNTA(T124:T139)) -> 0.87638889 | AA140: =M140-J140 -> -255.25713 | AB140: =M140/J140 -> 0.87237143
A141: 涼麵二線 (二配) | B141: 微波主食 | C141: 二配乳酪燻腸紅醬焗飯 | E141: 50.67 | F141: 2104 | G141: =E141*F141 -> 106609.68 | I141: 20 | J141: 2000 | K141: =J141/I141 -> 100 | L141: 20 | M141: =F141/V141*60 -> 1740.0414 | N141: =M141/L141 -> 87.002068 | O141: =L141-I141 -> 0 | P141: =N141-K141 -> -12.997932 | Q141: =N141/K141 -> 0.87002068 | R141: =Q157 -> 0.87284354 | S141: 0.70864583 | T141: 0.75902778 | V141: 72.55 | AA141: =M141-J141 -> -259.95865 | AB141: =M141/J141 -> 0.87002068 | AC141: =AB157 -> 0.87284354
B142: 微波主食 | C142: 二配哞哞培根奶香海陸焗飯 | E142: 47.6 | F142: 2555 | G142: =E142*F142 -> 121618 | I142: 23 | J142: 2000 | K142: =J142/I142 -> 86.956522 | L142: 23 | M142: =F142/V142*60 -> 1751.3328 | N142: =M142/L142 -> 76.144905 | O142: =L142-I142 -> 0 | P142: =N142-K142 -> -10.811616 | Q142: =N142/K142 -> 0.87566641 | S142: 0.76212963 | T142: 0.82291667 | U142: 4.4666667 | V142: 87.533333 | AA142: =M142-J142 -> -248.66717 | AB142: =M142/J142 -> 0.87566641
B157: 平均 | I157: =AVERAGE(I141:I156) -> 21.5 | J157: =AVERAGE(J141:J156) -> 2000 | K157: =J157/I157 -> 93.023256 | L157: =AVERAGE(L141:L156) -> 21.5 | M157: =AVERAGE(M141:M156) -> 1745.6871 | N157: =M157/L157 -> 81.194748 | O157: =L157-I157 -> 0 | P157: =N157-K157 -> -11.828508 | Q157: =N157/K157 -> 0.87284354 | S157: =S141 -> 0.70864583 | T157: =INDEX(T141:T156,COUNTA(T141:T156)) -> 0.82291667 | AA157: =M157-J157 -> -254.31291 | AB157: =M157/J157 -> 0.87284354
Y159: 原因回覆
Y160: 1.當日出勤人數較多
Y161: 2.當日出勤人數較少
Y162: 3.當日出勤熟手較多
Y163: 4.當日出勤新人較多
Y164: 5.機台夾盒
Y165: 6.封膜不順
Y166: 7.更換膠膜
Y167: 8.更換碳帶
Y168: 9.當日熱轉印碳帶異常
Y169: 10.訂單量過少
Y170: 11.新品上市，尚未熟悉
Y171: 12.活動期間品項需貼標

Sheet 0928
B1: 屏榮 大溪廠組合室生產人時性分析
B3: 日期 | C3: 114.09.28星期日 | E3: 訂單量 | F3: ='0928(18度C)'!D1+'0928(4度C)'!D1 -> 187314 | H3: 營業額 | I3: ='0928(18度C)'!F1+'0928(4度C)'!F1 -> 5811925.4
B4: 人時性 | C4: 項目 | E4: ➀ | G4: ➁ | I4: ➂ | K4: ④ | M4: ⑤
C5: 組合室 | E5: 全溫層 | G5: 4度C-各編組展開(一配) | I5: 4度C-各編組展開(二配) | K5: 18度C-各編組展開(一配) | M5: 18度C-各編組展開(二配)
C6: 排關平均 | E6: =AVERAGE(D13:O13,D27:X27) -> 496.70746 | F6: =AVERAGE(#REF!,D13:K13) -> #REF! | G6: =AVERAGE(D13:K13) -> 198.7478 | I6: =AVERAGE(L13:O13) -> 94.130676 | K6: =AVERAGE(D27:O27) -> 653.5981 | M6: =AVERAGE(P27:X27) -> 769.33179
C7: 實績平均 | E7: =AVERAGE(D14:O14,D28:X28) -> 430.97856 | F7: =AVERAGE(#REF!,D14:K14) -> #REF! | G7: =AVERAGE(D14:K14) -> 175.20561 | I7: =AVERAGE(L14:O14) -> 82.045599 | K7: =AVERAGE(D28:O28) -> 565.95185 | M7: =AVERAGE(P28:X28) -> 665.72694
C8: 達成率平均 | E8: =AVERAGE(D15:O15,D29:X29) -> 0.86909572 | F8: =AVERAGE(D15:K15,#REF!) -> #REF! | G8: =AVERAGE(D15:K15) -> 0.87535222 | I8: =AVERAGE(L15:O15) -> 0.8716227 | K8: =AVERAGE(D29:O29) -> 0.86430804 | M8: =AVERAGE(P29:X29) -> 0.86733771 | O8: ※現行日本鮮食廠以達成率80%為基本(即為現行KPI)
B10: 溫層 | D10: ➁4度C-各編組展開 | L10: ➂4度C-各編組展開
B11: 編組 | D11: 1 | E11: 2 | F11: 3 | G11: 4 | H11: 5 | I11: 6 | J11: 7 | K11: 8 | L11: 1 | M11: 2 | N11: 3 | O11: 4
D12: 便當一線 | E12: 便當二線 | F12: 涼麵一線 | G12: 涼麵二線 | H12: 涼麵三線 | I12: 自動包裝機 | J12: 自動包裝機2 | K12: 自動包裝機3 | L12: 便當一線 | M12: 便當二線 | N12: 涼麵一線 | O12: 涼麵二線
B13: 人時性 | C13: 排關 | D13: 115.15152 | E13: 78.431373 | F13: 89.719626 | G13: 87.912088 | H13: 180 | I13: 250.92 | J13: - | K13: 589.1 | L13: - | M13: - | N13: 95.238095 | O13: 93.023256
C14: 實績 | D14: 101.82452 | E14: 68.409163 | F14: 77.694147 | G14: 76.830761 | H14: 155.29214 | I14: 219.13134 | J14: - | K14: 527.25718 | L14: - | M14: - | N14: 82.939984 | O14: 81.151215
C15: 達成率 | D15: =D14/D13 -> 0.8842656 | E15: =E14/E13 -> 0.87221683 | F15: =F14/F13 -> 0.86596602 | G15: =G14/G13 -> 0.87394991 | H15: =H14/H13 -> 0.8627341 | I15: =I14/I13 -> 0.87331155 | J15: - | K15: =K14/K13 -> 0.89502153 | L15: - | M15: - | N15: =N14/N13 -> 0.87086983 | O15: =O14/O13 -> 0.87237556
B16: 作業 時間 | C16: 開始 | D16: 0.25 | E16: 0.25 | F16: 0.29166667 | G16: 0.33333333 | H16: 0.25 | I16: 0.25 | J16: - | K16: 0.33819444 | L16: - | M16: - | N16: 0.70844907 | O16: 0.70833333
C17: 結束 | D17: 0.46334491 | E17: 0.64461806 | F17: 0.47152778 | G17: 0.59444444 | H17: 0.6375 | I17: 0.46805556 | J17: - | K17: 0.43333333 | L17: - | M17: - | N17: 0.85648148 | O17: 0.81319444
B18: 配置人數 | D18: 16.5 | E18: 25.5 | F18: 21.4 | G18: 22.75 | H18: 20 | I18: 12.5 | J18: - | K18: 6 | L18: - | M18: - | N18: 21 | O18: 21.5
B19: 主要應用設備 | D19: L型封口機 | E19: ET-55 | F19: ET-55 | G19: ET-55 | H19: ET-600 | I19: 伺服包裝機 | J19: 伺服包裝機 | K19: 伺服包裝機 | L19: L型封口機 | M19: ET-55 | N19: ET-55 | O19: ET-55
B20: 次要應用設備 | D20: 伺服包裝機 | H20: 伺服包裝機
B21: 備註 | H21: 涼麵+烤飯糰 | I21: 大口飯糰線 | K21: 烤飯糰+手卷
B24: 溫層 | D24: ➃18度C-各編組展開 (一配) | P24: ⑤18度C-各編組展開 (二配)
B25: 編組 | D25: 1 | E25: 2 | F25: 3 | G25: 4 | H25: 5 | I25: 6 | J25: 7 | K25: 8 | L25: 9 | M25: 10 | N25: 11 | O25: 12 | P25: 1 | Q25: 2 | R25: 3 | S25: 4 | T25: 5 | U25: 6 | V25: 7 | W25: 8 | X25: 9
D26: 便當一線 | E26: 涼麵一線 | F26: 涼麵三線 | G26: 自動包裝機 | H26: 自動包裝機2 | I26: 自動包裝機3 | J26: 味付飯糰線B | K26: (舊) 3300型飯糰線 | L26: 3000型飯糰線 | M26: (新) 3300型飯糰機 | N26: GKK3600型 飯糰機 | O26: GKK3600型 飯糰機2 | P26: 自動包裝機 | Q26: 自動包裝機2 | R26: 自動包裝機3 | S26: 味付飯糰線B | T26: (舊) 3300型飯糰線 | U26: 3000型飯糰線 | V26: (新) 3300型飯糰機 | W26: GKK3600型 飯糰機 | X26: GKK3600型 飯糰機2
B27: 人時性 | C27: 排關 | D27: 192.52941 | E27: - | F27: - | G27: 313.04348 | H27: 433.33333 | I27: - | J27: 675 | K27: 825 | L27: - | M27: 868.42105 | N27: 1084.6154 | O27: 836.84211 | P27: 271.03125 | Q27: - | R27: - | S27: 675 | T27: 840 | U27: - | V27: 761.53846 | W27: 1200 | X27: 868.42105
C28: 實績 | D28: 165.63186 | E28: - | F28: - | G28: 264.25121 | H28: 371.80697 | I28: - | J28: 597.8231 | K28: 722.3491 | L28: - | M28: 755.81012 | N28: 920.11695 | O28: 729.82548 | P28: 233.08189 | Q28: - | R28: - | S28: 603.21951 | T28: 728.76163 | U28: - | V28: 666.21855 | W28: 1012.7325 | X28: 750.34759
C29: 達成率 | D29: =D28/D27 -> 0.86029379 | E29: - | F29: - | G29: =G28/G27 -> 0.8441358 | H29: =H28/H27 -> 0.85801609 | I29: - | J29: =J28/J27 -> 0.88566386 | K29: =K28/K27 -> 0.87557467 | L29: - | M29: =M28/M27 -> 0.87032681 | N29: =N28/N27 -> 0.84833478 | O29: =O28/O27 -> 0.8721185 | P29: =P28/P27 -> 0.85998159 | Q29: - | R29: - | S29: =S28/S27 -> 0.89365854 | T29: =T28/T27 -> 0.86757337 | U29: - | V29: =V28/V27 -> 0.87483244 | W29: =W28/W27 -> 0.84394373 | X29: =X28/X27 -> 0.86403662
B30: 作業 時間 | C30: 開始 | D30: 0.36458333 | E30: - | F30: - | G30: 0.30347222 | H30: 0.25012731 | I30: - | J30: 0.25001157 | K30: 0.37255787 | L30: - | M30: 0.25 | N30: 0.25 | O30: 0.25013889 | P30: 0.7084838 | Q30: - | R30: - | S30: 0.70862269 | T30: 0.70855324 | U30: - | V30: 0.70833333 | W30: 0.70833333 | X30: 0.70842593
C31: 結束 | D31: 0.41978009 | E31: - | F31: - | G31: 0.32777778 | H31: 0.33263889 | I31: - | J31: 0.30902778 | K31: 0.42222222 | L31: - | M31: 0.38819444 | N31: 0.41180556 | O31: 0.41944444 | P31: 0.83611111 | Q31: - | R31: - | S31: 0.79166667 | T31: 0.87083333 | U31: - | V31: 0.88402778 | W31: 0.97083333 | X31: 0.94755787
B32: 配置人數 | D32: 17 | E32: - | F32: - | G32: 11.5 | H32: 6 | I32: - | J32: 4 | K32: 4 | L32: - | M32: 3.8 | N32: 3.25 | O32: 3.8 | P32: 12.8 | Q32: - | R32: - | S32: 4 | T32: 3.75 | U32: - | V32: 4.3333333 | W32: 3 | X32: 3.8
B33: 主要應用設備 | D33: 伺服包裝機 | E33: ET-55 | F33: ET-600 | G33: 夾心型 | H33: 伺服包裝機 | I33: 伺服包裝機 | J33: 夾心型 | K33: 3300型 | L33: 3300型 | M33: 3300型 | N33: GKK | O33: GKK | P33: 夾心型 | Q33: 伺服包裝機 | R33: 伺服包裝機 | S33: 夾心型 | T33: 3300型 | U33: 3300型 | V33: 3300型 | W33: GKK | X33: GKK
B34: 次要應用設備
B35: 備註

Sheet 0928(18度C)
A1: 大溪廠日報分析 | C1: 總生產量 | D1: =SUM(F5:F242) -> 100249 | E1: 營業額 | F1: =SUM(G5:G242) -> 1981099.9 | G1: 出勤人數 | H1: =L21+L38+L55+L72+L89+L106+L123+L140+L157+L174+L191+L208+L225+L242 -> 85.033333 | I1: 產線配置圖 | L1: 生產實績 | O1: 人時性差異分析 | S1: 日報登錄 | Y1: 分析說明 | AA1: 產能差異分析
A2: 45928 | C2: 人時性 | D2: =AVERAGE(N21,N38,N55,N72,N89,N106,N123,N140,N157,N174,N191,N208,N225,N242) -> 608.7126 | E2: 平均廠價 | F2: =F1/D1 -> 19.761792 | G2: 多次生產數 | H2: =COUNT(H5:H242) -> 2
A3: 線別 | B3: 品類 | C3: 品名 | E3: 廠價 | F3: 生產量 | G3: 營收 | H3: 多次 生產 | I3: 人數 | J3: 產能/時 | K3: 人時性 | L3: 人數 | M3: 產能/時 | N3: 人時性 | O3: 人數 | P3: 人時性 | Q3: 達成率 | R3: 達成率 平均 | S3: 生產時間 | U3: 換線、休息/分 | V3: 稼動時間/分 | W3: 休息時間 | Y3: (屏榮回填) | AA3: 產能/時 | AB3: 達成率 | AC3: 達成率平均
S4: 開始 | T4: 結束 | W4: 開始 | X4: 結束
A5: 便當一線 | B5: 18℃-壽司手卷 | C5: 一配海饌雙手卷 | E5: 29.85 | F5: 1785 | G5: =E5*F5 -> 53282.25 | I5: 17 | J5: 3273 | K5: =J5/I5 -> 192.52941 | L5: 17 | M5: =F5/V5*60 -> 2815.9509 | N5: =M5/L5 -> 165.64417 | O5: =L5-I5 -> 0 | P5: =N5-K5 -> -26.88524 | Q5: =N5/K5 -> 0.86035775 | R5: =Q21 -> 0.86029379 | S5: 0.36458333 | T5: 0.39099537 | U5: 4.6666667 | V5: 38.033333 | AA5: =M5-J5 -> -457.04908 | AB5: =M5/J5 -> 0.86035775 | AC5: =AB21 -> 0.86029379
B6: 18℃-壽司手卷 | C6: 一配雙饗雙手卷 | E6: 29.52 | F6: 1712 | G6: =E6*F6 -> 50538.24 | I6: 17 | J6: 3273 | K6: =J6/I6 -> 192.52941 | L6: 17 | M6: =F6/V6*60 -> 2815.5322 | N6: =M6/L6 -> 165.61954 | O6: =L6-I6 -> 0 | P6: =N6-K6 -> -26.90987 | Q6: =N6/K6 -> 0.86022982 | S6: 0.39444444 | T6: 0.41978009 | U6: 4.9666667 | V6: 36.483333 | AA6: =M6-J6 -> -457.46779 | AB6: =M6/J6 -> 0.86022982
B21: 平均 | I21: =AVERAGE(I5:I20) -> 17 | J21: =AVERAGE(J5:J20) -> 3273 | K21: =J21/I21 -> 192.52941 | L21: =AVERAGE(L5:L20) -> 17 | M21: =AVERAGE(M5:M20) -> 2815.7416 | N21: =M21/L21 -> 165.63186 | O21: =L21-I21 -> 0 | P21: =N21-K21 -> -26.897555 | Q21: =N21/K21 -> 0.86029379 | S21: =S5 -> 0.36458333 | T21: =INDEX(T5:T20,COUNTA(T5:T20)) -> 0.41978009 | AA21: =M21-J21 -> -457.25844 | AB21: =M21/J21 -> 0.86029379
A22: 自動包裝機 | B22: 18℃-壽司手卷 | C22: 一配新之助的豆皮壽司喔 | E22: 25.52 | F22: 100 | G22: =E22*F22 -> 2552 | I22: 12 | J22: 3600 | K22: =J22/I22 -> 300 | L22: 12 | M22: =F22/V22*60 -> 3000 | N22: =M22/L22 -> 250 | O22: =L22-I22 -> 0 | P22: =N22-K22 -> -50 | Q22: =N22/K22 -> 0.83333333 | R22: =Q38 -> 0.8441358 | S22: 0.30347222 | T22: 0.30486111 | U22: 4 | V22: 2 | AA22: =M22-J22 -> -600 | AB22: =M22/J22 -> 0.83333333 | AC22: =AB38 -> 0.8441358
B23: 18℃-壽司手卷 | C23: 一配長野稻荷壽司 | E23: 25.64 | F23: 1385 | G23: =E23*F23 -> 35511.4 | I23: 11 | J23: 3600 | K23: =J23/I23 -> 327.27273 | L23: 11 | M23: =F23/V23*60 -> 3077.7778 | N23: =M23/L23 -> 279.79798 | O23: =L23-I23 -> 0 | P23: =N23-K23 -> -47.474747 | Q23: =N23/K23 -> 0.85493827 | S23: 0.30902778 | T23: 0.32777778 | U23: 6 | V23: 27 | AA23: =M23-J23 -> -522.22222 | AB23: =M23/J23 -> 0.85493827
B38: 平均 | I38: =AVERAGE(I22:I37) -> 11.5 | J38: =AVERAGE(J22:J37) -> 3600 | K38: =J38/I38 -> 313.04348 | L38: =AVERAGE(L22:L37) -> 11.5 | M38: =AVERAGE(M22:M37) -> 3038.8889 | N38: =M38/L38 -> 264.25121 | O38: =L38-I38 -> 0 | P38: =N38-K38 -> -48.792271 | Q38: =N38/K38 -> 0.8441358 | S38: =S22 -> 0.30347222 | T38: =INDEX(T22:T37,COUNTA(T22:T37)) -> 0.32777778 | AA38: =M38-J38 -> -561.11111 | AB38: =M38/J38 -> 0.8441358
A39: 自動包裝機2 | B39: 18℃-壽司手卷 | C39: 一配芝麻海苔香鬆細卷 | E39: 14.06 | F39: 545 | G39: =E39*F39 -> 7662.7 | I39: 6 | J39: 2600 | K39: =J39/I39 -> 433.33333 | L39: 6 | M39: =F39/V39*60 -> 2206.9741 | N39: =M39/L39 -> 367.82902 | O39: =L39-I39 -> 0 | P39: =N39-K39 -> -65.504312 | Q39: =N39/K39 -> 0.8488362 | R39: =Q55 -> 0.85801609 | S39: 0.25012731 | T39: 0.26041667 | V39: 14.816667 | AA39: =M39-J39 -> -393.02587 | AB39: =M39/J39 -> 0.8488362 | AC39: =AB55 -> 0.85801609
B40: 18℃-壽司手卷 | C40: 一配鮪魚沙拉細卷 | E40: 14.81 | F40: 707 | G40: =E40*F40 -> 10470.67 | I40: 6 | J40: 2600 | K40: =J40/I40 -> 433.33333 | L40: 6 | M40: =F40/V40*60 -> 2224.8252 | N40: =M40/L40 -> 370.8042 | O40: =L40-I40 -> 0 | P40: =N40-K40 -> -62.529138 | Q40: =N40/K40 -> 0.85570199 | S40: 0.26319444 | T40: 0.27643519 | U40: 4 | V40: 19.066667 | AA40: =M40-J40 -> -375.17483 | AB40: =M40/J40 -> 0.85570199
B41: 18℃-壽司手卷 | C41: 一配香濃起司蟹風味棒細卷 | E41: 17.73 | F41: 2819 | G41: =E41*F41 -> 49980.87 | I41: 6 | J41: 2600 | K41: =J41/I41 -> 433.33333 | L41: 6 | M41: =F41/V41*60 -> 2260.7262 | N41: =M41/L41 -> 376.7877 | O41: =L41-I41 -> 0 | P41: =N41-K41 -> -56.54563 | Q41: =N41/K41 -> 0.86951008 | S41: 0.28068287 | T41: 0.33263889 | U41: 6.1166667 | V41: 74.816667 | AA41: =M41-J41 -> -339.27378 | AB41: =M41/J41 -> 0.86951008
B55: 平均 | I55: =AVERAGE(I39:I54) -> 6 | J55: =AVERAGE(J39:J54) -> 2600 | K55: =J55/I55 -> 433.33333 | L55: =AVERAGE(L39:L54) -> 6 | M55: =AVERAGE(M39:M54) -> 2230.8418 | N55: =M55/L55 -> 371.80697 | O55: =L55-I55 -> 0 | P55: =N55-K55 -> -61.52636 | Q55: =N55/K55 -> 0.85801609 | S55: =S39 -> 0.25012731 | T55: =INDEX(T39:T54,COUNTA(T39:T54)) -> 0.33263889 | AA55: =M55-J55 -> -369.15816 | AB55: =M55/J55 -> 0.85801609
A56: 味付飯糰線B | B56: 18℃-飯糰 | C56: 一配經典肉鬆飯糰 | E56: 14.03 | F56: 3387 | G56: =E56*F56 -> 47519.61 | I56: 4 | J56: 2700 | K56: =J56/I56 -> 675 | L56: 4 | M56: =F56/V56*60 -> 2391.2924 | N56: =M56/L56 -> 597.8231 | O56: =L56-I56 -> 0 | P56: =N56-K56 -> -77.176897 | Q56: =N56/K56 -> 0.88566386 | R56: =Q72 -> 0.88566386 | S56: 0.25001157 | T56: 0.30902778 | V56: 84.983333 | AA56: =M56-J56 -> -308.70759 | AB56: =M56/J56 -> 0.88566386 | AC56: =AB72 -> 0.88566386
B72: 平均 | I72: =AVERAGE(I56:I71) -> 4 | J72: =AVERAGE(J56:J71) -> 2700 | K72: =J72/I72 -> 675 | L72: =AVERAGE(L56:L71) -> 4 | M72: =AVERAGE(M56:M71) -> 2391.2924 | N72: =M72/L72 -> 597.8231 | O72: =L72-I72 -> 0 | P72: =N72-K72 -> -77.176897 | Q72: =N72/K72 -> 0.88566386 | S72: =S56 -> 0.25001157 | T72: =INDEX(T56:T71,COUNTA(T56:T71)) -> 0.30902778 | AA72: =M72-J72 -> -308.70759 | AB72: =M72/J72 -> 0.88566386
A73: (舊) 3300型飯糰線 | B73: 18℃-飯糰 | C73: 一配照燒雞肉飯糰 | E73: 21.45 | F73: 3444 | G73: =E73*F73 -> 73873.8 | I73: 4 | J73: 3300 | K73: =J73/I73 -> 825 | L73: 4 | M73: =F73/V73*60 -> 2889.3964 | N73: =M73/L73 -> 722.3491 | O73: =L73-I73 -> 0 | P73: =N73-K73 -> -102.6509 | Q73: =N73/K73 -> 0.87557467 | R73: =Q89 -> 0.87557467 | S73: 0.37255787 | T73: 0.42222222 | V73: 71.516667 | AA73: =M73-J73 -> -410.60359 | AB73: =M73/J73 -> 0.87557467 | AC73: =AB89 -> 0.87557467
B89: 平均 | I89: =AVERAGE(I73:I88) -> 4 | J89: =AVERAGE(J73:J88) -> 3300 | K89: =J89/I89 -> 825 | L89: =AVERAGE(L73:L88) -> 4 | M89: =AVERAGE(M73:M88) -> 2889.3964 | N89: =M89/L89 -> 722.3491 | O89: =L89-I89 -> 0 | P89: =N89-K89 -> -102.6509 | Q89: =N89/K89 -> 0.87557467 | S89: =S73 -> 0.37255787 | T89: =INDEX(T73:T88,COUNTA(T73:T88)) -> 0.42222222 | AA89: =M89-J89 -> -410.60359 | AB89: =M89/J89 -> 0.87557467
A90: (新) 3300型飯糰機 | B90: 18℃-飯糰 | C90: 一配三杯辣海瓜子飯糰 | E90: 21.45 | F90: 537 | G90: =E90*F90 -> 11518.65 | I90: 3 | J90: 3300 | K90: =J90/I90 -> 1100 | L90: 3 | M90: =F90/V90*60 -> 2847.1281 | N90: =M90/L90 -> 949.04271 | O90: =L90-I90 -> 0 | P90: =N90-K90 -> -150.95729 | Q90: =N90/K90 -> 0.8627661 | R90: =Q106 -> 0.87032681 | S90: 0.25 | T90: 0.2578588 | V90: 11.316667 | AA90: =M90-J90 -> -452.87187 | AB90: =M90/J90 -> 0.8627661 | AC90: =AB106 -> 0.87032681
B91: 18℃-飯糰 | C91: 一配哇沙米魚卵沙拉飯糰 | E91: 15.71 | F91: 1439 | G91: =E91*F91 -> 22606.69 | I91: 3 | J91: 3300 | K91: =J91/I91 -> 1100 | L91: 3 | M91: =F91/V91*60 -> 2878 | N91: =M91/L91 -> 959.33333 | O91: =L91-I91 -> 0 | P91: =N91-K91 -> -140.66667 | Q91: =N91/K91 -> 0.87212121 | S91: 0.2625 | T91: 0.28333333 | U91: 6.6833333 | V91: 30 | AA91: =M91-J91 -> -422 | AB91: =M91/J91 -> 0.87212121
B92: 18℃-飯糰 | C92: 一配壹號醬炙烤牛飯糰 | E92: 22.28 | F92: 888 | G92: =E92*F92 -> 19784.64 | I92: 5 | J92: 3300 | K92: =J92/I92 -> 660 | L92: 5 | M92: =F92/V92*60 -> 2856.8365 | N92: =M92/L92 -> 571.36729 | O92: =L92-I92 -> 0 | P92: =N92-K92 -> -88.632708 | Q92: =N92/K92 -> 0.86570802 | S92: 0.28913194 | T92: 0.30208333 | U92: 8.35 | V92: 18.65 | AA92: =M92-J92 -> -443.16354 | AB92: =M92/J92 -> 0.86570802
B93: 18℃-飯糰 | C93: 一配鹽蔥燒肉飯糰 | E93: 17.89 | F93: 2161 | G93: =E93*F93 -> 38660.29 | I93: 4 | J93: 3300 | K93: =J93/I93 -> 825 | L93: 4 | M93: =F93/V93*60 -> 2882.4009 | N93: =M93/L93 -> 720.60022 | O93: =L93-I93 -> 0 | P93: =N93-K93 -> -104.39978 | Q93: =N93/K93 -> 0.87345481 | S93: 0.30487269 | T93: 0.33611111 | U93: 4.0166667 | V93: 44.983333 | AA93: =M93-J93 -> -417.59911 | AB93: =M93/J93 -> 0.87345481
B94: 18℃-飯糰 | C94: 一配雞肉飯飯糰 | E94: 16.66 | F94: 3361 | G94: =E94*F94 -> 55994.26 | I94: 4 | J94: 3300 | K94: =J94/I94 -> 825 | L94: 4 | M94: =F94/V94*60 -> 2896.0268 | N94: =M94/L94 -> 724.0067 | O94: =L94-I94 -> 0 | P94: =N94-K94 -> -100.9933 | Q94: =N94/K94 -> 0.87758388 | S94: 0.33983796 | T94: 0.38819444 | U94: 5.3666667 | V94: 69.633333 | AA94: =M94-J94 -> -403.97319 | AB94: =M94/J94 -> 0.87758388
B106: 平均 | I106: =AVERAGE(I90:I105) -> 3.8 | J106: =AVERAGE(J90:J105) -> 3300 | K106: =J106/I106 -> 868.42105 | L106: =AVERAGE(L90:L105) -> 3.8 | M106: =AVERAGE(M90:M105) -> 2872.0785 | N106: =M106/L106 -> 755.81012 | O106: =L106-I106 -> 0 | P106: =N106-K106 -> -112.61093 | Q106: =N106/K106 -> 0.87032681 | S106: =S90 -> 0.25 | T106: =INDEX(T90:T105,COUNTA(T90:T105)) -> 0.38819444 | AA106: =M106-J106 -> -427.92154 | AB106: =M106/J106 -> 0.87032681
A107: GKK3600型 飯糰機 | B107: 18℃-飯糰 | C107: 一配北海道秋鮭親子飯糰 | E107: 24.82 | F107: 1499 | G107: =E107*F107 -> 37205.18 | I107: 4 | J107: 3300 | K107: =J107/I107 -> 825 | L107: 4 | M107: =F107/V107*60 -> 2864.3312 | N107: =M107/L107 -> 716.0828 | O107: =L107-I107 -> 0 | P107: =N107-K107 -> -108.9172 | Q107: =N107/K107 -> 0.86797915 | R107: =Q123 -> 0.84833478 | S107: 0.25 | T107: 0.27180556 | V107: 31.4 | AA107: =M107-J107 -> -435.66879 | AB107: =M107/J107 -> 0.86797915 | AC107: =AB123 -> 0.84833478
B108: 18℃-飯糰 | C108: 一配明太子龍蝦風味沙拉飯糰 | E108: 18.18 | F108: 1815 | G108: =E108*F108 -> 32996.7 | I108: 3 | J108: 3600 | K108: =J108/I108 -> 1200 | L108: 3 | M108: =F108/V108*60 -> 3033.4262 | N108: =M108/L108 -> 1011.1421 | O108: =L108-I108 -> 0 | P108: =N108-K108 -> -188.85794 | Q108: =N108/K108 -> 0.84261838 | S108: 0.28201389 | T108: 0.30694444 | U108: 14.7 | V108: 35.9 | AA108: =M108-J108 -> -566.57382 | AB108: =M108/J108 -> 0.84261838
B109: 18℃-飯糰 | C109: 一配蔬食鮪魚飯糰 | E109: 18.18 | F109: 1446 | G109: =E109*F109 -> 26288.28 | I109: 3 | J109: 3600 | K109: =J109/I109 -> 1200 | L109: 3 | M109: =F109/V109*60 -> 3026.5116 | N109: =M109/L109 -> 1008.8372 | O109: =L109-I109 -> 0 | P109: =N109-K109 -> -191.16279 | Q109: =N109/K109 -> 0.84069767 | S109: 0.32106481 | T109: 0.34097222 | U109: 20.333333 | V109: 28.666667 | AA109: =M109-J109 -> -573.48837 | AB109: =M109/J109 -> 0.84069767
B110: 18℃-飯糰 | C110: 一配鮪魚飯糰 | E110: 14.28 | F110: 4199 | G110: =E110*F110 -> 59961.72 | I110: 3 | J110: 3600 | K110: =J110/I110 -> 1200 | L110: 3 | M110: =F110/V110*60 -> 3037.2514 | N110: =M110/L110 -> 1012.4171 | O110: =L110-I110 -> 0 | P110: =N110-K110 -> -187.58288 | Q110: =N110/K110 -> 0.84368093 | S110: 0.35420139 | T110: 0.41180556 | U110: 19.05 | V110: 82.95 | AA110: =M110-J110 -> -562.74864 | AB110: =M110/J110 -> 0.84368093
B123: 平均 | I123: =AVERAGE(I107:I122) -> 3.25 | J123: =AVERAGE(J107:J122) -> 3525 | K123: =J123/I123 -> 1084.6154 | L123: =AVERAGE(L107:L122) -> 3.25 | M123: =AVERAGE(M107:M122) -> 2990.3801 | N123: =M123/L123 -> 920.11695 | O123: =L123-I123 -> 0 | P123: =N123-K123 -> -164.49843 | Q123: =N123/K123 -> 0.84833478 | S123: =S107 -> 0.25 | T123: =INDEX(T107:T122,COUNTA(T107:T122)) -> 0.41180556 | AA123: =M123-J123 -> -534.61991 | AB123: =M123/J123 -> 0.84833478
A124: GKK3600型 飯糰機2 | B124: 18℃-飯糰 | C124: 一配熟成紅鮭飯糰 | E124: 25.03 | F124: 1420 | G124: =E124*F124 -> 35542.6 | I124: 4 | J124: 3300 | K124: =J124/I124 -> 825 | L124: 4 | M124: =F124/V124*60 -> 2859.0604 | N124: =M124/L124 -> 714.7651 | O124: =L124-I124 -> 0 | P124: =N124-K124 -> -110.2349 | Q124: =N124/K124 -> 0.86638194 | R124: =Q140 -> 0.8721185 | S124: 0.25013889 | T124: 0.27083333 | V124: 29.8 | AA124: =M124-J124 -> -440.9396 | AB124: =M124/J124 -> 0.86638194 | AC124: =AB140 -> 0.8721185
B125: 18℃-飯糰 | C125: 一配博多明太子奶油飯糰 | E125: 25.45 | F125: 1497 | G125: =E125*F125 -> 38098.65 | I125: 4 | J125: 3300 | K125: =J125/I125 -> 825 | L125: 4 | M125: =F125/V125*60 -> 2871.1774 | N125: =M125/L125 -> 717.79435 | O125: =L125-I125 -> 0 | P125: =N125-K125 -> -107.20565 | Q125: =N125/K125 -> 0.87005376 | S125: 0.28194444 | T125: 0.30366898 | U125: 16 | V125: 31.283333 | AA125: =M125-J125 -> -428.82259 | AB125: =M125/J125 -> 0.87005376
B126: 18℃-飯糰 | C126: 一配照燒鰤魚大根飯糰 | E126: 26.73 | F126: 708 | G126: =E126*F126 -> 18924.84 | I126: 4 | J126: 3300 | K126: =J126/I126 -> 825 | L126: 4 | M126: =F126/V126*60 -> 2838.3073 | N126: =M126/L126 -> 709.57684 | O126: =L126-I126 -> 0 | P126: =N126-K126 -> -115.42316 | Q126: =N126/K126 -> 0.86009314 | S126: 0.31738426 | T126: 0.32777778 | U126: 19.75 | V126: 14.966667 | AA126: =M126-J126 -> -461.69265 | AB126: =M126/J126 -> 0.86009314
B127: 18℃-飯糰 | C127: 一配筋子銀鮭飯糰 | E127: 30 | F127: 2091 | G127: =E127*F127 -> 62730 | I127: 4 | J127: 3000 | K127: =J127/I127 -> 750 | L127: 4 | M127: =F127/V127*60 -> 2647.7664 | N127: =M127/L127 -> 661.94161 | O127: =L127-I127 -> 0 | P127: =N127-K127 -> -88.058389 | Q127: =N127/K127 -> 0.88258881 | S127: 0.3375 | T127: 0.37040509 | U127: 14 | V127: 47.383333 | AA127: =M127-J127 -> -352.23356 | AB127: =M127/J127 -> 0.88258881
B128: 18℃-飯糰 | C128: 一配贅沢鮭魚肚飯糰 | E128: 30 | F128: 2470 | G128: =E128*F128 -> 74100 | I128: 3 | J128: 3000 | K128: =J128/I128 -> 1000 | L128: 3 | M128: =F128/V128*60 -> 2650.3726 | N128: =M128/L128 -> 883.45753 | O128: =L128-I128 -> 0 | P128: =N128-K128 -> -116.54247 | Q128: =N128/K128 -> 0.88345753 | S128: 0.38061343 | T128: 0.41944444 | U128: 14.7 | V128: 55.916667 | AA128: =M128-J128 -> -349.62742 | AB128: =M128/J128 -> 0.88345753
B140: 平均 | I140: =AVERAGE(I124:I139) -> 3.8 | J140: =AVERAGE(J124:J139) -> 3180 | K140: =J140/I140 -> 836.84211 | L140: =AVERAGE(L124:L139) -> 3.8 | M140: =AVERAGE(M124:M139) -> 2773.3368 | N140: =M140/L140 -> 729.82548 | O140: =L140-I140 -> 0 | P140: =N140-K140 -> -107.01662 | Q140: =N140/K140 -> 0.8721185 | S140: =S124 -> 0.25013889 | T140: =INDEX(T124:T139,COUNTA(T124:T139)) -> 0.41944444 | AA140: =M140-J140 -> -406.66316 | AB140: =M140/J140 -> 0.8721185
A141: 自動包裝機 (二配) | B141: 18℃-飯糰 | C141: 二配兔兔昆布飯糰 | E141: 13.42 | F141: 1177 | G141: =E141*F141 -> 15795.34 | I141: 6 | J141: 3600 | K141: =J141/I141 -> 600 | L141: 6 | M141: =F141/V141*60 -> 3099.6342 | N141: =M141/L141 -> 516.60571 | O141: =L141-I141 -> 0 | P141: =N141-K141 -> -83.394294 | Q141: =N141/K141 -> 0.86100951 | R141: =Q157 -> 0.85998159 | S141: 0.7084838 | T141: 0.72430556 | V141: 22.783333 | AA141: =M141-J141 -> -500.36576 | AB141: =M141/J141 -> 0.86100951 | AC141: =AB157 -> 0.85998159
B142: 18℃-飯糰 | C142: 二配兩粒飯糰(鮪魚&培根蛋沙拉) | E142: 28.57 | F142: 1392 | G142: =E142*F142 -> 39769.44 | I142: 13 | J142: 3600 | K142: =J142/I142 -> 276.92308 | L142: 13 | M142: =F142/V142*60 -> 3102.9102 | N142: =M142/L142 -> 238.6854 | O142: =L142-I142 -> 0 | P142: =N142-K142 -> -38.237676 | Q142: =N142/K142 -> 0.8619195 | S142: 0.72783565 | T142: 0.74652778 | U142: 5.0833333 | V142: 26.916667 | AA142: =M142-J142 -> -497.08978 | AB142: =M142/J142 -> 0.8619195
B143: 18℃-壽司手卷 | C143: 二配長野稻荷壽司 | E143: 25.64 | F143: 1683 | G143: =E143*F143 -> 43152.12 | I143: 11 | J143: 3600 | K143: =J143/I143 -> 327.27273 | L143: 11 | M143: =F143/V143*60 -> 3083.3588 | N143: =M143/L143 -> 280.30534 | O143: =L143-I143 -> 0 | P143: =N143-K143 -> -46.967384 | Q143: =N143/K143 -> 0.85648855 | S143: 0.75017361 | T143: 0.77291667 | U143: 5.25 | V143: 32.75 | AA143: =M143-J143 -> -516.64122 | AB143: =M143/J143 -> 0.85648855
B144: 18℃-壽司手卷 | C144: 二配雙饗雙手卷 | E144: 29.52 | F144: 1724 | G144: =E144*F144 -> 50892.48 | I144: 17 | J144: 3273 | K144: =J144/I144 -> 192.52941 | L144: 17 | M144: =F144/V144*60 -> 2815.971 | N144: =M144/L144 -> 165.64535 | O144: =L144-I144 -> 0 | P144: =N144-K144 -> -26.884061 | Q144: =N144/K144 -> 0.86036387 | S144: 0.77726852 | T144: 0.80277778 | U144: 6.2666667 | V144: 36.733333 | AA144: =M144-J144 -> -457.02904 | AB144: =M144/J144 -> 0.86036387
B145: 18℃-壽司手卷 | C145: 二配海饌雙手卷 | E145: 29.85 | F145: 1995 | G145: =E145*F145 -> 59550.75 | I145: 17 | J145: 3273 | K145: =J145/I145 -> 192.52941 | L145: 17 | M145: =F145/V145*60 -> 2815.3665 | N145: =M145/L145 -> 165.6098 | O145: =L145-I145 -> 0 | P145: =N145-K145 -> -26.919616 | Q145: =N145/K145 -> 0.8601792 | S145: 0.80658565 | T145: 0.83611111 | U145: 5.4833333 | V145: 42.516667 | AA145: =M145-J145 -> -457.63348 | AB145: =M145/J145 -> 0.8601792
B157: 平均 | I157: =AVERAGE(I141:I156) -> 12.8 | J157: =AVERAGE(J141:J156) -> 3469.2 | K157: =J157/I157 -> 271.03125 | L157: =AVERAGE(L141:L156) -> 12.8 | M157: =AVERAGE(M141:M156) -> 2983.4481 | N157: =M157/L157 -> 233.08189 | O157: =L157-I157 -> 0 | P157: =N157-K157 -> -37.949364 | Q157: =N157/K157 -> 0.85998159 | S157: =S141 -> 0.7084838 | T157: =INDEX(T141:T156,COUNTA(T141:T156)) -> 0.83611111 | AA157: =M157-J157 -> -485.75186 | AB157: =M157/J157 -> 0.85998159
A158: 味付飯糰線B (二配) | B158: 18℃-飯糰 | C158: 二配經典肉鬆飯糰 | E158: 14.03 | F158: 4809 | G158: =E158*F158 -> 67470.27 | I158: 4 | J158: 2700 | K158: =J158/I158 -> 675 | L158: 4 | M158: =F158/V158*60 -> 2412.878 | N158: =M158/L158 -> 603.21951 | O158: =L158-I158 -> 0 | P158: =N158-K158 -> -71.780488 | Q158: =N158/K158 -> 0.89365854 | R158: =Q174 -> 0.89365854 | S158: 0.70862269 | T158: 0.79166667 | V158: 119.58333 | AA158: =M158-J158 -> -287.12195 | AB158: =M158/J158 -> 0.89365854 | AC158: =AB174 -> 0.89365854
B174: 平均 | I174: =AVERAGE(I158:I173) -> 4 | J174: =AVERAGE(J158:J173) -> 2700 | K174: =J174/I174 -> 675 | L174: =AVERAGE(L158:L173) -> 4 | M174: =AVERAGE(M158:M173) -> 2412.878 | N174: =M174/L174 -> 603.21951 | O174: =L174-I174 -> 0 | P174: =N174-K174 -> -71.780488 | Q174: =N174/K174 -> 0.89365854 | S174: =S158 -> 0.70862269 | T174: =INDEX(T158:T173,COUNTA(T158:T173)) -> 0.79166667 | AA174: =M174-J174 -> -287.12195 | AB174: =M174/J174 -> 0.89365854
A175: (舊) 3300型飯糰線 (二配) | B175: 18℃-飯糰 | C175: 二配大飯糰韓式炸雞 | E175: 27.58 | F175: 1187 | G175: =E175*F175 -> 32737.46 | I175: 4 | J175: 3000 | K175: =J175/I175 -> 750 | L175: 4 | M175: =F175/V175*60 -> 2572.6671 | N175: =M175/L175 -> 643.16677 | O175: =L175-I175 -> 0 | P175: =N175-K175 -> -106.83323 | Q175: =N175/K175 -> 0.85755569 | R175: =Q191 -> 0.86757337 | S175: 0.70855324 | T175: 0.72777778 | V175: 27.683333 | AA175: =M175-J175 -> -427.33293 | AB175: =M175/J175 -> 0.85755569 | AC175: =AB191 -> 0.86757337
B176: 18℃-飯糰 | C176: 二配大飯糰春川風味辣炒雞 | E176: 24.15 | F176: 961 | G176: =E176*F176 -> 23208.15 | I176: 4 | J176: 3000 | K176: =J176/I176 -> 750 | L176: 4 | M176: =F176/V176*60 -> 2566.4688 | N176: =M176/L176 -> 641.61721 | O176: =L176-I176 -> 0 | P176: =N176-K176 -> -108.38279 | Q176: =N176/K176 -> 0.85548961 | S176: 0.73194444 | T176: 0.7475463 | U176: 6 | V176: 22.466667 | AA176: =M176-J176 -> -433.53116 | AB176: =M176/J176 -> 0.85548961
B177: 18℃-飯糰 | C177: 二配哇沙米魚卵沙拉飯糰 | E177: 15.71 | F177: 2657 | G177: =E177*F177 -> 41741.47 | I177: 3 | J177: 3300 | K177: =J177/I177 -> 1100 | L177: 3 | M177: =F177/V177*60 -> 2889.7885 | N177: =M177/L177 -> 963.26284 | O177: =L177-I177 -> 0 | P177: =N177-K177 -> -136.73716 | Q177: =N177/K177 -> 0.87569349 | S177: 0.75138889 | T177: 0.78969907 | U177: 5.5333333 | V177: 55.166667 | AA177: =M177-J177 -> -410.21148 | AB177: =M177/J177 -> 0.87569349
B178: 18℃-飯糰 | C178: 二配鹽蔥燒肉飯糰 | E178: 17.89 | F178: 5418 | G178: =E178*F178 -> 96928.02 | I178: 4 | J178: 3300 | K178: =J178/I178 -> 825 | L178: 4 | M178: =F178/V178*60 -> 2902.5 | N178: =M178/L178 -> 725.625 | O178: =L178-I178 -> 0 | P178: =N178-K178 -> -99.375 | Q178: =N178/K178 -> 0.87954545 | S178: 0.79305556 | T178: 0.87083333 | U178: 4.8333333 | V178: 112 | AA178: =M178-J178 -> -397.5 | AB178: =M178/J178 -> 0.87954545
B191: 平均 | I191: =AVERAGE(I175:I190) -> 3.75 | J191: =AVERAGE(J175:J190) -> 3150 | K191: =J191/I191 -> 840 | L191: =AVERAGE(L175:L190) -> 3.75 | M191: =AVERAGE(M175:M190) -> 2732.8561 | N191: =M191/L191 -> 728.76163 | O191: =L191-I191 -> 0 | P191: =N191-K191 -> -111.23837 | Q191: =N191/K191 -> 0.86757337 | S191: =S175 -> 0.70855324 | T191: =INDEX(T175:T190,COUNTA(T175:T190)) -> 0.87083333 | AA191: =M191-J191 -> -417.14389 | AB191: =M191/J191 -> 0.86757337
A192: (新) 3300型飯糰機 (二配) | B192: 18℃-飯糰 | C192: 二配壹號醬炙烤牛飯糰 | E192: 22.28 | F192: 1787 | G192: =E192*F192 -> 39814.36 | I192: 5 | J192: 3300 | K192: =J192/I192 -> 660 | L192: 5 | M192: =F192/V192*60 -> 2871.9643 | N192: =M192/L192 -> 574.39286 | O192: =L192-I192 -> 0 | P192: =N192-K192 -> -85.607143 | Q192: =N192/K192 -> 0.87029221 | R192: =Q208 -> 0.87483244 | S192: 0.70833333 | T192: 0.73425926 | V192: 37.333333 | AA192: =M192-J192 -> -428.03571 | AB192: =M192/J192 -> 0.87029221 | AC192: =AB208 -> 0.87483244
B193: 18℃-飯糰 | C193: 二配油蔥G絲飯糰 | E193: 18.18 | F193: 1570 | G193: =E193*F193 -> 28542.6 | I193: 4 | J193: 3300 | K193: =J193/I193 -> 825 | L193: 4 | M193: =F193/V193*60 -> 2873.4113 | N193: =M193/L193 -> 718.35282 | O193: =L193-I193 -> 0 | P193: =N193-K193 -> -106.64718 | Q193: =N193/K193 -> 0.87073069 | S193: 0.73903935 | T193: 0.76180556 | U193: 6.8833333 | V193: 32.783333 | AA193: =M193-J193 -> -426.58871 | AB193: =M193/J193 -> 0.87073069
B194: 18℃-飯糰 | C194: 二配雞肉飯飯糰 | E194: 16.66 | F194: 8237 | G194: =E194*F194 -> 137228.42 | I194: 4 | J194: 3300 | K194: =J194/I194 -> 825 | L194: 4 | M194: =F194/V194*60 -> 2915.4655 | N194: =M194/L194 -> 728.86638 | O194: =L194-I194 -> 0 | P194: =N194-K194 -> -96.133615 | Q194: =N194/K194 -> 0.88347441 | S194: 0.76630787 | T194: 0.88402778 | U194: 6.4833333 | V194: 169.51667 | AA194: =M194-J194 -> -384.53446 | AB194: =M194/J194 -> 0.88347441
B208: 平均 | I208: =AVERAGE(I192:I207) -> 4.3333333 | J208: =AVERAGE(J192:J207) -> 3300 | K208: =J208/I208 -> 761.53846 | L208: =AVERAGE(L192:L207) -> 4.3333333 | M208: =AVERAGE(M192:M207) -> 2886.947 | N208: =M208/L208 -> 666.21855 | O208: =L208-I208 -> 0 | P208: =N208-K208 -> -95.319915 | Q208: =N208/K208 -> 0.87483244 | S208: =S192 -> 0.70833333 | T208: =INDEX(T192:T207,COUNTA(T192:T207)) -> 0.88402778 | AA208: =M208-J208 -> -413.05296 | AB208: =M208/J208 -> 0.87483244
A209: GKK3600型 飯糰機 (二配) | B209: 18℃-飯糰 | C209: 二配明太子龍蝦風味沙拉飯糰 | E209: 18.18 | F209: 3859 | G209: =E209*F209 -> 70156.62 | I209: 3 | J209: 3600 | K209: =J209/I209 -> 1200 | L209: 3 | M209: =F209/V209*60 -> 3039.9125 | N209: =M209/L209 -> 1013.3042 | O209: =L209-I209 -> 0 | P209: =N209-K209 -> -186.69584 | Q209: =N209/K209 -> 0.84442013 | R209: =Q225 -> 0.84394373 | S209: 0.70833333 | T209: 0.76122685 | V209: 76.166667 | AA209: =M209-J209 -> -560.08753 | AB209: =M209/J209 -> 0.84442013 | AC209: =AB225 -> 0.84394373
B210: 18℃-飯糰 | C210: 二配鮪魚飯糰 | E210: 14.28 | F210: 5693 | G210: =E210*F210 -> 81296.04 | H210: 2 | I210: 3 | J210: 3600 | K210: =J210/I210 -> 1200 | L210: 3 | M210: =F210/V210*60 -> 3040.7715 | N210: =M210/L210 -> 1013.5905 | O210: =L210-I210 -> 0 | P210: =N210-K210 -> -186.4095 | Q210: =N210/K210 -> 0.84465875 | S210: 0.77361111 | T210: 0.85162037 | U210: 17.833333 | V210: 112.33333 | W210: 0.85162037 | X210: 0.90775463 | AA210: =M210-J210 -> -559.22849 | AB210: =M210/J210 -> 0.84465875
B211: 18℃-飯糰 | C211: 二配鮪魚飯糰 | E211: 14.28 | F211: 4593 | G211: =E211*F211 -> 65588.04 | I211: 3 | J211: 3600 | K211: =J211/I211 -> 1200 | L211: 3 | M211: =F211/V211*60 -> 3033.9083 | N211: =M211/L211 -> 1011.3028 | O211: =L211-I211 -> 0 | P211: =N211-K211 -> -188.69725 | Q211: =N211/K211 -> 0.84275229 | S211: 0.90775463 | T211: 0.97083333 | U211: 80.833333 | V211: 90.833333 | AA211: =M211-J211 -> -566.09174 | AB211: =M211/J211 -> 0.84275229
B225: 平均 | I225: =AVERAGE(I209:I224) -> 3 | J225: =AVERAGE(J209:J224) -> 3600 | K225: =J225/I225 -> 1200 | L225: =AVERAGE(L209:L224) -> 3 | M225: =AVERAGE(M209:M224) -> 3038.1974 | N225: =M225/L225 -> 1012.7325 | O225: =L225-I225 -> 0 | P225: =N225-K225 -> -187.26753 | Q225: =N225/K225 -> 0.84394373 | S225: =S209 -> 0.70833333 | T225: =INDEX(T209:T224,COUNTA(T209:T224)) -> 0.97083333 | AA225: =M225-J225 -> -561.80259 | AB225: =M225/J225 -> 0.84394373
A226: GKK3600型 飯糰機2 (二配) | B226: 18℃-飯糰 | C226: 二配蔬食鮪魚飯糰 | E226: 18.18 | F226: 2120 | G226: =E226*F226 -> 38541.6 | I226: 3 | J226: 3600 | K226: =J226/I226 -> 1200 | L226: 3 | M226: =F226/V226*60 -> 3038.2166 | N226: =M226/L226 -> 1012.7389 | O226: =L226-I226 -> 0 | P226: =N226-K226 -> -187.26115 | Q226: =N226/K226 -> 0.84394904 | R226: =Q242 -> 0.86403662 | S226: 0.70842593 | T226: 0.7375 | V226: 41.866667 | AA226: =M226-J226 -> -561.78344 | AB226: =M226/J226 -> 0.84394904 | AC226: =AB242 -> 0.86403662
B227: 18℃-飯糰 | C227: 二配北海道秋鮭親子飯糰 | E227: 24.82 | F227: 874 | G227: =E227*F227 -> 21692.68 | H227: 2 | I227: 4 | J227: 3300 | K227: =J227/I227 -> 825 | L227: 4 | M227: =F227/V227*60 -> 2842.2764 | N227: =M227/L227 -> 710.56911 | O227: =L227-I227 -> 0 | P227: =N227-K227 -> -114.43089 | Q227: =N227/K227 -> 0.86129589 | S227: 0.75 | T227: 0.7628125 | U227: 18 | V227: 18.45 | AA227: =M227-J227 -> -457.72358 | AB227: =M227/J227 -> 0.86129589
B228: 18℃-飯糰 | C228: 二配芝麻香鬆飯糰 | E228: 18.18 | F228: 2340 | G228: =E228*F228 -> 42541.2 | I228: 4 | J228: 3000 | K228: =J228/I228 -> 750 | L228: 4 | M228: =F228/V228*60 -> 2649.0566 | N228: =M228/L228 -> 662.26415 | O228: =L228-I228 -> 0 | P228: =N228-K228 -> -87.735849 | Q228: =N228/K228 -> 0.88301887 | S228: 0.77569444 | T228: 0.8125 | U228: 18.55 | V228: 53 | AA228: =M228-J228 -> -350.9434 | AB228: =M228/J228 -> 0.88301887
B229: 18℃-飯糰 | C229: 二配熟成紅鮭飯糰 | E229: 25.03 | F229: 2644 | G229: =E229*F229 -> 66179.32 | I229: 4 | J229: 3300 | K229: =J229/I229 -> 825 | L229: 4 | M229: =F229/V229*60 -> 2875.6495 | N229: =M229/L229 -> 718.91239 | O229: =L229-I229 -> 0 | P229: =N229-K229 -> -106.08761 | Q229: =N229/K229 -> 0.87140895 | S229: 0.82291667 | T229: 0.86122685 | U229: 15 | V229: 55.166667 | W229: 0.86122685 | X229: 0.91666667 | AA229: =M229-J229 -> -424.35045 | AB229: =M229/J229 -> 0.87140895
B230: 18℃-飯糰 | C230: 二配北海道秋鮭親子飯糰 | E230: 24.82 | F230: 2114 | G230: =E230*F230 -> 52469.48 | I230: 4 | J230: 3300 | K230: =J230/I230 -> 825 | L230: 4 | M230: =F230/V230*60 -> 2851.405 | N230: =M230/L230 -> 712.85126 | O230: =L230-I230 -> 0 | P230: =N230-K230 -> -112.14874 | Q230: =N230/K230 -> 0.86406213 | S230: 0.91666667 | T230: 0.94755787 | U230: 79.833333 | V230: 44.483333 | AA230: =M230-J230 -> -448.59498 | AB230: =M230/J230 -> 0.86406213
B242: 平均 | I242: =AVERAGE(I226:I241) -> 3.8 | J242: =AVERAGE(J226:J241) -> 3300 | K242: =J242/I242 -> 868.42105 | L242: =AVERAGE(L226:L241) -> 3.8 | M242: =AVERAGE(M226:M241) -> 2851.3208 | N242: =M242/L242 -> 750.34759 | O242: =L242-I242 -> 0 | P242: =N242-K242 -> -118.07347 | Q242: =N242/K242 -> 0.86403662 | S242: =S226 -> 0.70842593 | T242: =INDEX(T226:T241,COUNTA(T226:T241)) -> 0.94755787 | AA242: =M242-J242 -> -448.67917 | AB242: =M242/J242 -> 0.86403662
Y244: 原因回覆
Y245: 1.當日出勤人數較多
Y246: 2.當日出勤人數較少
Y247: 3.當日出勤熟手較多
Y248: 4.當日出勤新人較多
Y249: 5.機台夾盒
Y250: 6.封膜不順
Y251: 7.更換膠膜
Y252: 8.更換碳帶
Y253: 9.當日熱轉印碳帶異常
Y254: 10.訂單量過少
Y255: 11.新品上市，尚未熟悉
Y256: 12.活動期間品項需貼標

Sheet 0928(4度C)
A1: 大溪廠日報分析 | C1: 總生產量 | D1: =SUM(F5:F157) -> 87065 | E1: 營業額 | F1: =SUM(G5:G157) -> 3830825.5 | G1: 出勤人數 | H1: =L21+L38+L55+L72+L89+L106+L123+L140+L157 -> 167.15 | I1: 產線配置圖 | L1: 生產實績 | O1: 人時性差異分析 | S1: 日報登錄 | Y1: 分析說明 | AA1: 產能差異分析
A2: 45928 | C2: 人時性 | D2: =AVERAGE(N21,N38,N55,N72,N89,N106,N123,N140,N157) -> 154.50338 | E2: 平均廠價 | F2: =F1/D1 -> 43.999603 | G2: 多次生產數 | H2: =COUNT(H5:H157) -> 0
A3: 線別 | B3: 品類 | C3: 品名 | E3: 廠價 | F3: 生產量 | G3: 營收 | H3: 多次 生產 | I3: 人數 | J3: 產能/時 | K3: 人時性 | L3: 人數 | M3: 產能/時 | N3: 人時性 | O3: 人數 | P3: 人時性 | Q3: 達成率 | R3: 達成率 平均 | S3: 生產時間 | U3: 換線、休息/分 | V3: 稼動時間/分 | W3: 休息時間 | Y3: (屏榮回填) | AA3: 產能/時 | AB3: 達成率 | AC3: 達成率平均
S4: 開始 | T4: 結束 | W4: 開始 | X4: 結束
A5: 便當一線 | B5: 微波小吃 | C5: 日式茶碗蒸 | E5: 19.7 | F5: 2853 | G5: =E5*F5 -> 56204.1 | I5: 13 | J5: 1200 | K5: =J5/I5 -> 92.307692 | L5: 13 | M5: =F5/V5*60 -> 1067.6507 | N5: =M5/L5 -> 82.126979 | O5: =L5-I5 -> 0 | P5: =N5-K5 -> -10.180713 | Q5: =N5/K5 -> 0.88970894 | R5: =Q21 -> 0.8842656 | S5: 0.25 | T5: 0.36134259 | V5: 160.33333 | AA5: =M5-J5 -> -132.34927 | AB5: =M5/J5 -> 0.88970894 | AC5: =AB21 -> 0.8842656
B6: 4℃-飯糰 | C6: 麻油雞飯糰 | E6: 29.97 | F6: 2148 | G6: =E6*F6 -> 64375.56 | I6: 20 | J6: 2600 | K6: =J6/I6 -> 130 | L6: 20 | M6: =F6/V6*60 -> 2292.5586 | N6: =M6/L6 -> 114.62793 | O6: =L6-I6 -> 0 | P6: =N6-K6 -> -15.372072 | Q6: =N6/K6 -> 0.88175329 | S6: 0.42430556 | T6: 0.46334491 | U6: 6.5166667 | V6: 56.216667 | AA6: =M6-J6 -> -307.44145 | AB6: =M6/J6 -> 0.88175329
B21: 平均 | I21: =AVERAGE(I5:I20) -> 16.5 | J21: =AVERAGE(J5:J20) -> 1900 | K21: =J21/I21 -> 115.15152 | L21: =AVERAGE(L5:L20) -> 16.5 | M21: =AVERAGE(M5:M20) -> 1680.1046 | N21: =M21/L21 -> 101.82452 | O21: =L21-I21 -> 0 | P21: =N21-K21 -> -13.326991 | Q21: =N21/K21 -> 0.8842656 | S21: =S5 -> 0.25 | T21: =INDEX(T5:T20,COUNTA(T5:T20)) -> 0.46334491 | AA21: =M21-J21 -> -219.89536 | AB21: =M21/J21 -> 0.8842656
A22: 便當二線 | B22: 微波主食 | C22: 柚見極炙烤牛 | E22: 57.3 | F22: 833 | G22: =E22*F22 -> 47730.9 | I22: 26 | J22: 2000 | K22: =J22/I22 -> 76.923077 | L22: 26 | M22: =F22/V22*60 -> 1718.51 | N22: =M22/L22 -> 66.09654 | O22: =L22-I22 -> 0 | P22: =N22-K22 -> -10.826537 | Q22: =N22/K22 -> 0.85925501 | R22: =Q38 -> 0.87221683 | S22: 0.25 | T22: 0.27019676 | V22: 29.083333 | AA22: =M22-J22 -> -281.48997 | AB22: =M22/J22 -> 0.85925501 | AC22: =AB38 -> 0.87221683
B23: 微波主食 | C23: 糖燻野郎三十天熟成牛飯 | E23: 56.77 | F23: 3914 | G23: =E23*F23 -> 222197.78 | I23: 26 | J23: 2000 | K23: =J23/I23 -> 76.923077 | L23: 26 | M23: =F23/V23*60 -> 1765.7143 | N23: =M23/L23 -> 67.912088 | O23: =L23-I23 -> 0 | P23: =N23-K23 -> -9.010989 | Q23: =N23/K23 -> 0.88285714 | S23: 0.275 | T23: 0.36736111 | U23: 6.9166667 | V23: 133 | AA23: =M23-J23 -> -234.28571 | AB23: =M23/J23 -> 0.88285714
B24: 微波主食 | C24: 蒜蒜燒豚飯 | E24: 51.86 | F24: 1338 | G24: =E24*F24 -> 69388.68 | I24: 26 | J24: 2000 | K24: =J24/I24 -> 76.923077 | L24: 26 | M24: =F24/V24*60 -> 1732.0388 | N24: =M24/L24 -> 66.616878 | O24: =L24-I24 -> 0 | P24: =N24-K24 -> -10.306199 | Q24: =N24/K24 -> 0.86601942 | S24: 0.37291667 | T24: 0.40510417 | U24: 8 | V24: 46.35 | AA24: =M24-J24 -> -267.96117 | AB24: =M24/J24 -> 0.86601942
B25: 便當 | C25: 嫩烤香料雞胸排蔬滿盒 | E25: 77.34 | F25: 2280 | G25: =E25*F25 -> 176335.2 | I25: 25 | J25: 2000 | K25: =J25/I25 -> 80 | L25: 25 | M25: =F25/V25*60 -> 1752.3484 | N25: =M25/L25 -> 70.093937 | O25: =L25-I25 -> 0 | P25: =N25-K25 -> -9.9060632 | Q25: =N25/K25 -> 0.87617421 | S25: 0.40902778 | T25: 0.46324074 | U25: 5.65 | V25: 78.066667 | AA25: =M25-J25 -> -247.65158 | AB25: =M25/J25 -> 0.87617421
B26: 微波主食 | C26: 姨次滿足熟成牛豚雙拼 | E26: 57.3 | F26: 1251 | G26: =E26*F26 -> 71682.3 | I26: 25 | J26: 2000 | K26: =J26/I26 -> 80 | L26: 25 | M26: =F26/V26*60 -> 1730.8224 | N26: =M26/L26 -> 69.232898 | O26: =L26-I26 -> 0 | P26: =N26-K26 -> -10.767102 | Q26: =N26/K26 -> 0.86541122 | S26: 0.46666667 | T26: 0.49678241 | U26: 4.9333333 | V26: 43.366667 | W26: 0.49678241 | X26: 0.53611111 | AA26: =M26-J26 -> -269.17756 | AB26: =M26/J26 -> 0.86541122
B27: 便當 | C27: 健身G肉餐盒 | E27: 59.52 | F27: 4602 | G27: =E27*F27 -> 273911.04 | I27: 25 | J27: 2000 | K27: =J27/I27 -> 80 | L27: 25 | M27: =F27/V27*60 -> 1767.168 | N27: =M27/L27 -> 70.68672 | O27: =L27-I27 -> 0 | P27: =N27-K27 -> -9.31328 | Q27: =N27/K27 -> 0.883584 | S27: 0.53611111 | T27: 0.64461806 | U27: 56.633333 | V27: 156.25 | AA27: =M27-J27 -> -232.832 | AB27: =M27/J27 -> 0.883584
AQ29: =AI8 -> 0
B38: 平均 | I38: =AVERAGE(I22:I37) -> 25.5 | J38: =AVERAGE(J22:J37) -> 2000 | K38: =J38/I38 -> 78.431373 | L38: =AVERAGE(L22:L37) -> 25.5 | M38: =AVERAGE(M22:M37) -> 1744.4337 | N38: =M38/L38 -> 68.409163 | O38: =L38-I38 -> 0 | P38: =N38-K38 -> -10.022209 | Q38: =N38/K38 -> 0.87221683 | S38: =S22 -> 0.25 | T38: =INDEX(T22:T37,COUNTA(T22:T37)) -> 0.64461806 | AA38: =M38-J38 -> -255.56633 | AB38: =M38/J38 -> 0.87221683
A39: 涼麵一線 | B39: 熱食義麵 | C39: 金沙豆腐細扁麵 | E39: 49.52 | F39: 1481 | G39: =E39*F39 -> 73339.12 | I39: 24 | J39: 2000 | K39: =J39/I39 -> 83.333333 | L39: 24 | M39: =F39/V39*60 -> 1734.9821 | N39: =M39/L39 -> 72.290921 | O39: =L39-I39 -> 0 | P39: =N39-K39 -> -11.042412 | Q39: =N39/K39 -> 0.86749105 | R39: =Q55 -> 0.86596602 | S39: 0.29166667 | T39: 0.3272338 | V39: 51.216667 | AA39: =M39-J39 -> -265.0179 | AB39: =M39/J39 -> 0.86749105 | AC39: =AB55 -> 0.86596602
B40: 便當 | C40: 紅燒肉日式高湯咖哩便當 | E40: 65.84 | F40: 691 | G40: =E40*F40 -> 45495.44 | I40: 21 | J40: 2000 | K40: =J40/I40 -> 95.238095 | L40: 21 | M40: =F40/V40*60 -> 1715.5862 | N40: =M40/L40 -> 81.694581 | O40: =L40-I40 -> 0 | P40: =N40-K40 -> -13.543514 | Q40: =N40/K40 -> 0.8577931 | S40: 0.33125 | T40: 0.34803241 | U40: 5.7833333 | V40: 24.166667 | AA40: =M40-J40 -> -284.41379 | AB40: =M40/J40 -> 0.8577931
B41: 微波小吃 | C41: 越式牛肉寬粉 | E41: 51.82 | F41: 1732 | G41: =E41*F41 -> 89752.24 | I41: 22 | J41: 1800 | K41: =J41/I41 -> 81.818182 | L41: 22 | M41: =F41/V41*60 -> 1570.5793 | N41: =M41/L41 -> 71.38997 | O41: =L41-I41 -> 0 | P41: =N41-K41 -> -10.428212 | Q41: =N41/K41 -> 0.87254408 | S41: 0.35208333 | T41: 0.39803241 | U41: 5.8333333 | V41: 66.166667 | AA41: =M41-J41 -> -229.42065 | AB41: =M41/J41 -> 0.87254408
B42: 微波小吃 | C42: 擔仔炊粉湯 | E42: 45.66 | F42: 1076 | G42: =E42*F42 -> 49130.16 | I42: 20 | J42: 1800 | K42: =J42/I42 -> 90 | L42: 20 | M42: =F42/V42*60 -> 1558.7928 | N42: =M42/L42 -> 77.939638 | O42: =L42-I42 -> 0 | P42: =N42-K42 -> -12.060362 | Q42: =N42/K42 -> 0.86599598 | S42: 0.40277778 | T42: 0.43153935 | U42: 6.8333333 | V42: 41.416667 | AA42: =M42-J42 -> -241.20724 | AB42: =M42/J42 -> 0.86599598
B43: 微波主食 | C43: 妮妮家漢堡排 | E43: 57.3 | F43: 1443 | G43: =E43*F43 -> 82683.9 | I43: 20 | J43: 2000 | K43: =J43/I43 -> 100 | L43: 20 | M43: =F43/V43*60 -> 1733.3333 | N43: =M43/L43 -> 86.666667 | O43: =L43-I43 -> 0 | P43: =N43-K43 -> -13.333333 | Q43: =N43/K43 -> 0.86666667 | S43: 0.43684028 | T43: 0.47152778 | U43: 7.6333333 | V43: 49.95 | AA43: =M43-J43 -> -266.66667 | AB43: =M43/J43 -> 0.86666667
B55: 平均 | I55: =AVERAGE(I39:I54) -> 21.4 | J55: =AVERAGE(J39:J54) -> 1920 | K55: =J55/I55 -> 89.719626 | L55: =AVERAGE(L39:L54) -> 21.4 | M55: =AVERAGE(M39:M54) -> 1662.6547 | N55: =M55/L55 -> 77.694147 | O55: =L55-I55 -> 0 | P55: =N55-K55 -> -12.025479 | Q55: =N55/K55 -> 0.86596602 | S55: =S39 -> 0.29166667 | T55: =INDEX(T39:T54,COUNTA(T39:T54)) -> 0.47152778 | AA55: =M55-J55 -> -257.34525 | AB55: =M55/J55 -> 0.86596602
A56: 涼麵二線 | B56: 便當 | C56: 經典滷肉飯 | E56: 47.37 | F56: 1481 | G56: =E56*F56 -> 70154.97 | I56: 21 | J56: 2000 | K56: =J56/I56 -> 95.238095 | L56: 21 | M56: =F56/V56*60 -> 1734.9821 | N56: =M56/L56 -> 82.618195 | O56: =L56-I56 -> 0 | P56: =N56-K56 -> -12.6199 | Q56: =N56/K56 -> 0.86749105 | R56: =Q72 -> 0.87394991 | S56: 0.33333333 | T56: 0.36890046 | V56: 51.216667 | AA56: =M56-J56 -> -265.0179 | AB56: =M56/J56 -> 0.86749105 | AC56: =AB72 -> 0.87394991
B57: 微波主食 | C57: 壹號醬雞豚雙拼 | E57: 56.43 | F57: 2176 | G57: =E57*F57 -> 122791.68 | I57: 22 | J57: 2000 | K57: =J57/I57 -> 90.909091 | L57: 22 | M57: =F57/V57*60 -> 1745.4545 | N57: =M57/L57 -> 79.338843 | O57: =L57-I57 -> 0 | P57: =N57-K57 -> -11.570248 | Q57: =N57/K57 -> 0.87272727 | S57: 0.37305556 | T57: 0.425 | U57: 5.9833333 | V57: 74.8 | AA57: =M57-J57 -> -254.54545 | AB57: =M57/J57 -> 0.87272727
B58: 便當 | C58: 美式雞丁餐盒 | E58: 59.34 | F58: 2230 | G58: =E58*F58 -> 132328.2 | I58: 24 | J58: 2000 | K58: =J58/I58 -> 83.333333 | L58: 24 | M58: =F58/V58*60 -> 1748.2578 | N58: =M58/L58 -> 72.844077 | O58: =L58-I58 -> 0 | P58: =N58-K58 -> -10.489257 | Q58: =N58/K58 -> 0.87412892 | S58: 0.42949074 | T58: 0.48263889 | U58: 6.4666667 | V58: 76.533333 | W58: 0.48263889 | X58: 0.52368056 | AA58: =M58-J58 -> -251.74216 | AB58: =M58/J58 -> 0.87412892
B59: 便當 | C59: 烤蛋白餐盒 | E59: 58.67 | F59: 2994 | G59: =E59*F59 -> 175657.98 | I59: 24 | J59: 2000 | K59: =J59/I59 -> 83.333333 | L59: 24 | M59: =F59/V59*60 -> 1762.9048 | N59: =M59/L59 -> 73.454367 | O59: =L59-I59 -> 0 | P59: =N59-K59 -> -9.8789663 | Q59: =N59/K59 -> 0.8814524 | S59: 0.52368056 | T59: 0.59444444 | U59: 59.1 | V59: 101.9 | AA59: =M59-J59 -> -237.09519 | AB59: =M59/J59 -> 0.8814524
B72: 平均 | I72: =AVERAGE(I56:I71) -> 22.75 | J72: =AVERAGE(J56:J71) -> 2000 | K72: =J72/I72 -> 87.912088 | L72: =AVERAGE(L56:L71) -> 22.75 | M72: =AVERAGE(M56:M71) -> 1747.8998 | N72: =M72/L72 -> 76.830761 | O72: =L72-I72 -> 0 | P72: =N72-K72 -> -11.081326 | Q72: =N72/K72 -> 0.87394991 | S72: =S56 -> 0.33333333 | T72: =INDEX(T56:T71,COUNTA(T56:T71)) -> 0.59444444 | AA72: =M72-J72 -> -252.10018 | AB72: =M72/J72 -> 0.87394991
A73: 涼麵三線 | B73: 季節調理麵 | C73: 椒麻香蔥雞涼拌麵 | E73: 37.94 | F73: 5734 | G73: =E73*F73 -> 217547.96 | I73: 21 | J73: 3600 | K73: =J73/I73 -> 171.42857 | L73: 21 | M73: =F73/V73*60 -> 3042.3581 | N73: =M73/L73 -> 144.8742 | O73: =L73-I73 -> 0 | P73: =N73-K73 -> -26.554374 | Q73: =N73/K73 -> 0.84509948 | R73: =Q89 -> 0.8627341 | S73: 0.25 | T73: 0.32853009 | V73: 113.08333 | AA73: =M73-J73 -> -557.64186 | AB73: =M73/J73 -> 0.84509948 | AC73: =AB89 -> 0.8627341
B74: 季節調理麵 | C74: 芝麻鰹魚烏龍冷麵 | E74: 38.99 | F74: 2244 | G74: =E74*F74 -> 87493.56 | I74: 19 | J74: 3600 | K74: =J74/I74 -> 189.47368 | L74: 19 | M74: =F74/V74*60 -> 3026.7516 | N74: =M74/L74 -> 159.30272 | O74: =L74-I74 -> 0 | P74: =N74-K74 -> -30.170969 | Q74: =N74/K74 -> 0.84076433 | S74: 0.33333333 | T74: 0.36422454 | U74: 6.9166667 | V74: 44.483333 | AA74: =M74-J74 -> -573.24841 | AB74: =M74/J74 -> 0.84076433
B75: 季節調理麵 | C75: 台式麻醬涼麵 | E75: 31.27 | F75: 3742 | G75: =E75*F75 -> 117012.34 | I75: 19 | J75: 3600 | K75: =J75/I75 -> 189.47368 | L75: 19 | M75: =F75/V75*60 -> 3034.0541 | N75: =M75/L75 -> 159.68706 | O75: =L75-I75 -> 0 | P75: =N75-K75 -> -29.786629 | Q75: =N75/K75 -> 0.84279279 | S75: 0.36944444 | T75: 0.42083333 | U75: 7.5166667 | V75: 74 | AA75: =M75-J75 -> -565.94595 | AB75: =M75/J75 -> 0.84279279
B76: 季節調理麵 | C76: 大滿足香辣涼麵 | E76: 38.63 | F76: 5741 | G76: =E76*F76 -> 221774.83 | I76: 20 | J76: 3600 | K76: =J76/I76 -> 180 | L76: 20 | M76: =F76/V76*60 -> 3208.2583 | N76: =M76/L76 -> 160.41292 | O76: =L76-I76 -> 0 | P76: =N76-K76 -> -19.587085 | Q76: =N76/K76 -> 0.89118286 | S76: 0.42638889 | T76: 0.50094907 | U76: 8 | V76: 107.36667 | W76: 0.50094907 | X76: 0.54200231 | AA76: =M76-J76 -> -391.7417 | AB76: =M76/J76 -> 0.89118286
B77: 季節調理麵 | C77: 大滿足麻醬涼麵 | E77: 38 | F77: 7375 | G77: =E77*F77 -> 280250 | I77: 21 | J77: 3600 | K77: =J77/I77 -> 171.42857 | L77: 21 | M77: =F77/V77*60 -> 3217.7918 | N77: =M77/L77 -> 153.22818 | O77: =L77-I77 -> 0 | P77: =N77-K77 -> -18.200391 | Q77: =N77/K77 -> 0.89383105 | S77: 0.54200231 | T77: 0.6375 | U77: 59.116667 | V77: 137.51667 | AA77: =M77-J77 -> -382.20822 | AB77: =M77/J77 -> 0.89383105
B89: 平均 | I89: =AVERAGE(I73:I88) -> 20 | J89: =AVERAGE(J73:J88) -> 3600 | K89: =J89/I89 -> 180 | L89: =AVERAGE(L73:L88) -> 20 | M89: =AVERAGE(M73:M88) -> 3105.8428 | N89: =M89/L89 -> 155.29214 | O89: =L89-I89 -> 0 | P89: =N89-K89 -> -24.707861 | Q89: =N89/K89 -> 0.8627341 | S89: =S73 -> 0.25 | T89: =INDEX(T73:T88,COUNTA(T73:T88)) -> 0.6375 | AA89: =M89-J89 -> -494.15722 | AB89: =M89/J89 -> 0.8627341
A90: 自動包裝機 | B90: 4℃-飯糰 | C90: 大口蒜味香腸燒肉雙拼飯糰 | E90: 34.23 | F90: 1654 | G90: =E90*F90 -> 56616.42 | I90: 16 | J90: 3000 | K90: =J90/I90 -> 187.5 | L90: 16 | M90: =F90/V90*60 -> 2602.4476 | N90: =M90/L90 -> 162.65297 | O90: =L90-I90 -> 0 | P90: =N90-K90 -> -24.847028 | Q90: =N90/K90 -> 0.86748252 | R90: =Q106 -> 0.87331155 | S90: 0.25 | T90: 0.27648148 | V90: 38.133333 | AA90: =M90-J90 -> -397.55245 | AB90: =M90/J90 -> 0.86748252 | AC90: =AB106 -> 0.87331155
B91: 4℃-飯糰 | C91: 大口花椒香麻雞飯糰 | E91: 34.77 | F91: 1280 | G91: =E91*F91 -> 44505.6 | I91: 11 | J91: 3000 | K91: =J91/I91 -> 272.72727 | L91: 11 | M91: =F91/V91*60 -> 2590.2192 | N91: =M91/L91 -> 235.47447 | O91: =L91-I91 -> 0 | P91: =N91-K91 -> -37.252798 | Q91: =N91/K91 -> 0.86340641 | S91: 0.28010417 | T91: 0.30069444 | U91: 5.2166667 | V91: 29.65 | AA91: =M91-J91 -> -409.78078 | AB91: =M91/J91 -> 0.86340641
B92: 4℃-飯糰 | C92: 大口法式蕈菇起司雞排飯糰 | E92: 35.83 | F92: 5423 | G92: =E92*F92 -> 194306.09 | I92: 12 | J92: 3273 | K92: =J92/I92 -> 272.75 | L92: 12 | M92: =F92/V92*60 -> 2891.8382 | N92: =M92/L92 -> 240.98652 | O92: =L92-I92 -> 0 | P92: =N92-K92 -> -31.763479 | Q92: =N92/K92 -> 0.88354361 | S92: 0.33228009 | T92: 0.41041667 | U92: 6.4833333 | V92: 112.51667 | AA92: =M92-J92 -> -381.16175 | AB92: =M92/J92 -> 0.88354361
B93: 4℃-飯糰 | C93: 大口義式香草雞腿排飯糰 | E93: 36.41 | F93: 3618 | G93: =E93*F93 -> 131731.38 | I93: 11 | J93: 3273 | K93: =J93/I93 -> 297.54545 | L93: 11 | M93: =F93/V93*60 -> 2872.0617 | N93: =M93/L93 -> 261.09652 | O93: =L93-I93 -> 0 | P93: =N93-K93 -> -36.448933 | Q93: =N93/K93 -> 0.8775013 | S93: 0.41556713 | T93: 0.46805556 | U93: 7.4166667 | V93: 75.583333 | AA93: =M93-J93 -> -400.93826 | AB93: =M93/J93 -> 0.8775013
B106: 平均 | I106: =AVERAGE(I90:I105) -> 12.5 | J106: =AVERAGE(J90:J105) -> 3136.5 | K106: =J106/I106 -> 250.92 | L106: =AVERAGE(L90:L105) -> 12.5 | M106: =AVERAGE(M90:M105) -> 2739.1417 | N106: =M106/L106 -> 219.13134 | O106: =L106-I106 -> 0 | P106: =N106-K106 -> -31.788665 | Q106: =N106/K106 -> 0.87331155 | S106: =S90 -> 0.25 | T106: =INDEX(T90:T105,COUNTA(T90:T105)) -> 0.46805556 | AA106: =M106-J106 -> -397.35831 | AB106: =M106/J106 -> 0.87331155
A107: 自動包裝機3 | B107: 4℃-壽司手卷 | C107: 日式明太子炙烤牛飯卷 | E107: 26.63 | F107: 933 | G107: =E107*F107 -> 24845.79 | I107: 6 | J107: 3273 | K107: =J107/I107 -> 545.5 | L107: 6 | M107: =F107/V107*60 -> 2778.1638 | N107: =M107/L107 -> 463.0273 | O107: =L107-I107 -> 0 | P107: =N107-K107 -> -82.472705 | Q107: =N107/K107 -> 0.84881264 | R107: =Q123 -> 0.89502153 | S107: 0.33819444 | T107: 0.3521875 | V107: 20.15 | AA107: =M107-J107 -> -494.83623 | AB107: =M107/J107 -> 0.84881264 | AC107: =AB123 -> 0.89502153
B108: 4℃-飯糰 | C108: 淡麗清酒蒸蛤蜊烤飯糰 | E108: 24.73 | F108: 1423 | G108: =E108*F108 -> 35190.79 | I108: 6 | J108: 3600 | K108: =J108/I108 -> 600 | L108: 6 | M108: =F108/V108*60 -> 3267.0918 | N108: =M108/L108 -> 544.51531 | O108: =L108-I108 -> 0 | P108: =N108-K108 -> -55.484694 | Q108: =N108/K108 -> 0.90752551 | S108: 0.35763889 | T108: 0.37578704 | U108: 7.85 | V108: 26.133333 | AA108: =M108-J108 -> -332.90816 | AB108: =M108/J108 -> 0.90752551
B109: 4℃-飯糰 | C109: 鮭魚炙燒明太子烤飯糰 | E109: 24.94 | F109: 1005 | G109: =E109*F109 -> 25064.7 | I109: 6 | J109: 3600 | K109: =J109/I109 -> 600 | L109: 6 | M109: =F109/V109*60 -> 3256.5257 | N109: =M109/L109 -> 542.75428 | O109: =L109-I109 -> 0 | P109: =N109-K109 -> -57.245725 | Q109: =N109/K109 -> 0.90459046 | S109: 0.38158565 | T109: 0.39444444 | U109: 8.35 | V109: 18.516667 | AA109: =M109-J109 -> -343.47435 | AB109: =M109/J109 -> 0.90459046
B110: 4℃-飯糰 | C110: 糖燻野郎起司炙燒牛烤飯糰 | E110: 24.73 | F110: 1468 | G110: =E110*F110 -> 36303.64 | I110: 6 | J110: 3600 | K110: =J110/I110 -> 600 | L110: 6 | M110: =F110/V110*60 -> 3268.2746 | N110: =M110/L110 -> 544.71243 | O110: =L110-I110 -> 0 | P110: =N110-K110 -> -55.28757 | Q110: =N110/K110 -> 0.90785405 | S110: 0.39864583 | T110: 0.41736111 | U110: 6.05 | V110: 26.95 | AA110: =M110-J110 -> -331.72542 | AB110: =M110/J110 -> 0.90785405
B111: 4℃-飯糰 | C111: 肉燥烤飯糰 | E111: 20.11 | F111: 848 | G111: =E111*F111 -> 17053.28 | I111: 6 | J111: 3600 | K111: =J111/I111 -> 600 | L111: 6 | M111: =F111/V111*60 -> 3247.6596 | N111: =M111/L111 -> 541.2766 | O111: =L111-I111 -> 0 | P111: =N111-K111 -> -58.723404 | Q111: =N111/K111 -> 0.90212766 | S111: 0.4224537 | T111: 0.43333333 | U111: 7.3333333 | V111: 15.666667 | AA111: =M111-J111 -> -352.34043 | AB111: =M111/J111 -> 0.90212766
B123: 平均 | I123: =AVERAGE(I107:I122) -> 6 | J123: =AVERAGE(J107:J122) -> 3534.6 | K123: =J123/I123 -> 589.1 | L123: =AVERAGE(L107:L122) -> 6 | M123: =AVERAGE(M107:M122) -> 3163.5431 | N123: =M123/L123 -> 527.25718 | O123: =L123-I123 -> 0 | P123: =N123-K123 -> -61.842819 | Q123: =N123/K123 -> 0.89502153 | S123: =S107 -> 0.33819444 | T123: =INDEX(T107:T122,COUNTA(T107:T122)) -> 0.43333333 | AA123: =M123-J123 -> -371.05692 | AB123: =M123/J123 -> 0.89502153
A124: 涼麵一線 (二配) | B124: 微波主食 | C124: 二配里肌豬排可可咖哩歐姆蛋飯 | E124: 56.79 | F124: 2331 | G124: =E124*F124 -> 132377.49 | I124: 23 | J124: 2000 | K124: =J124/I124 -> 86.956522 | L124: 23 | M124: =F124/V124*60 -> 1751.8998 | N124: =M124/L124 -> 76.169556 | O124: =L124-I124 -> 0 | P124: =N124-K124 -> -10.786966 | Q124: =N124/K124 -> 0.8759499 | R124: =Q140 -> 0.87086983 | S124: 0.70844907 | T124: 0.76388889 | V124: 79.833333 | AA124: =M124-J124 -> -248.10021 | AB124: =M124/J124 -> 0.8759499 | AC124: =AB140 -> 0.87086983
B125: 微波主食 | C125: 二配黃金雞排蘑菇白醬歐姆蛋飯 | E125: 56.87 | F125: 1884 | G125: =E125*F125 -> 107143.08 | I125: 23 | J125: 2000 | K125: =J125/I125 -> 86.956522 | L125: 23 | M125: =F125/V125*60 -> 1737.2951 | N125: =M125/L125 -> 75.534569 | O125: =L125-I125 -> 0 | P125: =N125-K125 -> -11.421953 | Q125: =N125/K125 -> 0.86864754 | S125: 0.76736111 | T125: 0.8125463 | U125: 5 | V125: 65.066667 | AA125: =M125-J125 -> -262.70492 | AB125: =M125/J125 -> 0.86864754
B126: 微波主食 | C126: 二配鐵板蘑菇肉醬起司焗飯 | E126: 44.3 | F126: 1601 | G126: =E126*F126 -> 70924.3 | I126: 17 | J126: 2000 | K126: =J126/I126 -> 117.64706 | L126: 17 | M126: =F126/V126*60 -> 1736.0241 | N126: =M126/L126 -> 102.11906 | O126: =L126-I126 -> 0 | P126: =N126-K126 -> -15.527994 | Q126: =N126/K126 -> 0.86801205 | S126: 0.81805556 | T126: 0.85648148 | U126: 7.9333333 | V126: 55.333333 | AA126: =M126-J126 -> -263.9759 | AB126: =M126/J126 -> 0.86801205
B140: 平均 | I140: =AVERAGE(I124:I139) -> 21 | J140: =AVERAGE(J124:J139) -> 2000 | K140: =J140/I140 -> 95.238095 | L140: =AVERAGE(L124:L139) -> 21 | M140: =AVERAGE(M124:M139) -> 1741.7397 | N140: =M140/L140 -> 82.939984 | O140: =L140-I140 -> 0 | P140: =N140-K140 -> -12.298112 | Q140: =N140/K140 -> 0.87086983 | S140: =S124 -> 0.70844907 | T140: =INDEX(T124:T139,COUNTA(T124:T139)) -> 0.85648148 | AA140: =M140-J140 -> -258.26034 | AB140: =M140/J140 -> 0.87086983
A141: 涼麵二線 (二配) | B141: 微波主食 | C141: 二配乳酪燻腸紅醬焗飯 | E141: 50.67 | F141: 1888 | G141: =E141*F141 -> 95664.96 | I141: 20 | J141: 2000 | K141: =J141/I141 -> 100 | L141: 20 | M141: =F141/V141*60 -> 1738.312 | N141: =M141/L141 -> 86.915601 | O141: =L141-I141 -> 0 | P141: =N141-K141 -> -13.084399 | Q141: =N141/K141 -> 0.86915601 | R141: =Q157 -> 0.87237556 | S141: 0.70833333 | T141: 0.75358796 | V141: 65.166667 | AA141: =M141-J141 -> -261.68798 | AB141: =M141/J141 -> 0.86915601 | AC141: =AB157 -> 0.87237556
B142: 微波主食 | C142: 二配哞哞培根奶香海陸焗飯 | E142: 47.6 | F142: 2350 | G142: =E142*F142 -> 111860 | I142: 23 | J142: 2000 | K142: =J142/I142 -> 86.956522 | L142: 23 | M142: =F142/V142*60 -> 1751.1902 | N142: =M142/L142 -> 76.138706 | O142: =L142-I142 -> 0 | P142: =N142-K142 -> -10.817816 | Q142: =N142/K142 -> 0.87559511 | S142: 0.75728009 | T142: 0.81319444 | U142: 5.3166667 | V142: 80.516667 | AA142: =M142-J142 -> -248.80977 | AB142: =M142/J142 -> 0.87559511
B157: 平均 | I157: =AVERAGE(I141:I156) -> 21.5 | J157: =AVERAGE(J141:J156) -> 2000 | K157: =J157/I157 -> 93.023256 | L157: =AVERAGE(L141:L156) -> 21.5 | M157: =AVERAGE(M141:M156) -> 1744.7511 | N157: =M157/L157 -> 81.151215 | O157: =L157-I157 -> 0 | P157: =N157-K157 -> -11.872041 | Q157: =N157/K157 -> 0.87237556 | S157: =S141 -> 0.70833333 | T157: =INDEX(T141:T156,COUNTA(T141:T156)) -> 0.81319444 | AA157: =M157-J157 -> -255.24887 | AB157: =M157/J157 -> 0.87237556
Y159: 原因回覆
Y160: 1.當日出勤人數較多
Y161: 2.當日出勤人數較少
Y162: 3.當日出勤熟手較多
Y163: 4.當日出勤新人較多
Y164: 5.機台夾盒
Y165: 6.封膜不順
Y166: 7.更換膠膜
Y167: 8.更換碳帶
Y168: 9.當日熱轉印碳帶異常
Y169: 10.訂單量過少
Y170: 11.新品上市，尚未熟悉
Y171: 12.活動期間品項需貼標

Sheet 0927
B1: 屏榮 大溪廠組合室生產人時性分析
B3: 日期 | C3: 114.09.27星期六 | E3: 訂單量 | F3: ='0927(18度C)'!D1+'0927(4度C)'!D1 -> 167413 | H3: 營業額 | I3: ='0927(18度C)'!F1+'0927(4度C)'!F1 -> 5183430.2
B4: 人時性 | C4: 項目 | E4: ➀ | G4: ➁ | I4: ➂ | K4: ④ | M4: ⑤
C5: 組合室 | E5: 全溫層 | G5: 4度C-各編組展開(一配) | I5: 4度C-各編組展開(二配) | K5: 18度C-各編組展開(一配) | M5: 18度C-各編組展開(二配)
C6: 排關平均 | E6: =AVERAGE(D13:O13,D27:X27) -> 497.14621 | F6: =AVERAGE(#REF!,D13:K13) -> #REF! | G6: =AVERAGE(D13:K13) -> 198.53529 | I6: =AVERAGE(L13:O13) -> 94.130676 | K6: =AVERAGE(D27:O27) -> 653.5981 | M6: =AVERAGE(P27:X27) -> 771.26162
C7: 實績平均 | E7: =AVERAGE(D14:O14,D28:X28) -> 430.76335 | F7: =AVERAGE(#REF!,D14:K14) -> #REF! | G7: =AVERAGE(D14:K14) -> 175.00265 | I7: =AVERAGE(L14:O14) -> 81.730626 | K7: =AVERAGE(D28:O28) -> 565.01454 | M7: =AVERAGE(P28:X28) -> 666.49349
C8: 達成率平均 | E8: =AVERAGE(D15:O15,D29:X29) -> 0.86803963 | F8: =AVERAGE(D15:K15,#REF!) -> #REF! | G8: =AVERAGE(D15:K15) -> 0.8754026 | I8: =AVERAGE(L15:O15) -> 0.86826981 | K8: =AVERAGE(D29:O29) -> 0.863162 | M8: =AVERAGE(P29:X29) -> 0.86587627 | O8: ※現行日本鮮食廠以達成率80%為基本(即為現行KPI)
B10: 溫層 | D10: ➁4度C-各編組展開 | L10: ➂4度C-各編組展開
B11: 編組 | D11: 1 | E11: 2 | F11: 3 | G11: 4 | H11: 5 | I11: 6 | J11: 7 | K11: 8 | L11: 1 | M11: 2 | N11: 3 | O11: 4
D12: 便當一線 | E12: 便當二線 | F12: 涼麵一線 | G12: 涼麵二線 | H12: 涼麵三線 | I12: 自動包裝機 | J12: 自動包裝機2 | K12: 自動包裝機3 | L12: 便當一線 | M12: 便當二線 | N12: 涼麵一線 | O12: 涼麵二線
B13: 人時性 | C13: 排關 | D13: 115.15152 | E13: 78.431373 | F13: 89.719626 | G13: 87.912088 | H13: 178.5124 | I13: 250.92 | J13: - | K13: 589.1 | L13: - | M13: - | N13: 95.238095 | O13: 93.023256
C14: 實績 | D14: 101.79211 | E14: 68.357504 | F14: 77.658464 | G14: 76.776679 | H14: 154.67482 | I14: 218.9753 | J14: - | K14: 526.78365 | L14: - | M14: - | N14: 82.67531 | O14: 80.785942
C15: 達成率 | D15: =D14/D13 -> 0.88398415 | E15: =E14/E13 -> 0.87155818 | F15: =F14/F13 -> 0.8655683 | G15: =G14/G13 -> 0.87333473 | H15: =H14/H13 -> 0.86646543 | I15: =I14/I13 -> 0.8726897 | J15: - | K15: =K14/K13 -> 0.89421771 | L15: - | M15: - | N15: =N14/N13 -> 0.86809075 | O15: =O14/O13 -> 0.86844887
B16: 作業 時間 | C16: 開始 | D16: 0.25 | E16: 0.2503125 | F16: 0.25025463 | G16: 0.25 | H16: 0.25 | I16: 0.25 | J16: - | K16: 0.3375 | L16: - | M16: - | N16: 0.70841435 | O16: 0.70833333
C17: 結束 | D17: 0.50833333 | E17: 0.61547454 | F17: 0.43081019 | G17: 0.44166667 | H17: 0.59375 | I17: 0.4458912 | J17: - | K17: 0.42847222 | L17: - | M17: - | N17: 0.84236111 | O17: 0.79653935
B18: 配置人數 | D18: 16.5 | E18: 25.5 | F18: 21.4 | G18: 22.75 | H18: 20.166667 | I18: 12.5 | J18: - | K18: 6 | L18: - | M18: - | N18: 21 | O18: 21.5
B19: 主要應用設備 | D19: L型封口機 | E19: ET-55 | F19: ET-55 | G19: ET-55 | H19: ET-600 | I19: 伺服包裝機 | J19: 伺服包裝機 | K19: 伺服包裝機 | L19: L型封口機 | M19: ET-55 | N19: ET-55 | O19: ET-55
B20: 次要應用設備 | D20: 伺服包裝機 | H20: 伺服包裝機
B21: 備註 | H21: 涼麵+烤飯糰 | I21: 大口飯糰線 | K21: 烤飯糰+手卷
B24: 溫層 | D24: ➃18度C-各編組展開 (一配) | P24: ⑤18度C-各編組展開 (二配)
B25: 編組 | D25: 1 | E25: 2 | F25: 3 | G25: 4 | H25: 5 | I25: 6 | J25: 7 | K25: 8 | L25: 9 | M25: 10 | N25: 11 | O25: 12 | P25: 1 | Q25: 2 | R25: 3 | S25: 4 | T25: 5 | U25: 6 | V25: 7 | W25: 8 | X25: 9
D26: 便當一線 | E26: 涼麵一線 | F26: 涼麵三線 | G26: 自動包裝機 | H26: 自動包裝機2 | I26: 自動包裝機3 | J26: 味付飯糰線B | K26: (舊) 3300型飯糰線 | L26: 3000型飯糰線 | M26: (新) 3300型飯糰機 | N26: GKK3600型 飯糰機 | O26: GKK3600型 飯糰機2 | P26: 自動包裝機 | Q26: 自動包裝機2 | R26: 自動包裝機3 | S26: 味付飯糰線B | T26: (舊) 3300型飯糰線 | U26: 3000型飯糰線 | V26: (新) 3300型飯糰機 | W26: GKK3600型 飯糰機 | X26: GKK3600型 飯糰機2
B27: 人時性 | C27: 排關 | D27: 192.52941 | E27: - | F27: - | G27: 313.04348 | H27: 433.33333 | I27: - | J27: 675 | K27: 825 | L27: - | M27: 868.42105 | N27: 1084.6154 | O27: 836.84211 | P27: 271.03125 | Q27: - | R27: - | S27: 675 | T27: 840 | U27: - | V27: 761.53846 | W27: 1200 | X27: 880
C28: 實績 | D28: 165.62532 | E28: - | F28: - | G28: 264.65717 | H28: 371.20394 | I28: - | J28: 597.78247 | K28: 713.5214 | L28: - | M28: 755.47725 | N28: 920.75377 | O28: 731.09499 | P28: 232.33431 | Q28: - | R28: - | S28: 602.68875 | T28: 727.2712 | U28: - | V28: 664.83516 | W28: 1013.4227 | X28: 758.40886
C29: 達成率 | D29: =D28/D27 -> 0.86025982 | E29: - | F29: - | G29: =G28/G27 -> 0.84543264 | H29: =H28/H27 -> 0.85662448 | I29: - | J29: =J28/J27 -> 0.88560366 | K29: =K28/K27 -> 0.86487443 | L29: - | M29: =M28/M27 -> 0.8699435 | N29: =N28/N27 -> 0.84892192 | O29: =O28/O27 -> 0.87363553 | P29: =P28/P27 -> 0.85722334 | Q29: - | R29: - | S29: =S28/S27 -> 0.89287222 | T29: =T28/T27 -> 0.86579904 | U29: - | V29: =V28/V27 -> 0.87301587 | W29: =W28/W27 -> 0.84451889 | X29: =X28/X27 -> 0.86182825
B30: 作業 時間 | C30: 開始 | D30: 0.38197917 | E30: - | F30: - | G30: 0.30282407 | H30: 0.25011574 | I30: - | J30: 0.25005787 | K30: 0.3725463 | L30: - | M30: 0.25 | N30: 0.25 | O30: 0.25 | P30: 0.70833333 | Q30: - | R30: - | S30: 0.70833333 | T30: 0.70866898 | U30: - | V30: 0.70833333 | W30: 0.70861111 | X30: 0.70833333
C31: 結束 | D31: 0.43888889 | E31: - | F31: - | G31: 0.32708333 | H31: 0.33226852 | I31: - | J31: 0.30486111 | K31: 0.42013889 | L31: - | M31: 0.38263889 | N31: 0.39930556 | O31: 0.41696759 | P31: 0.83056713 | Q31: - | R31: - | S31: 0.8271412 | T31: 0.83900463 | U31: - | V31: 0.8496412 | W31: 0.87106481 | X31: 0.85864583
B32: 配置人數 | D32: 17 | E32: - | F32: - | G32: 11.5 | H32: 6 | I32: - | J32: 4 | K32: 4 | L32: - | M32: 3.8 | N32: 3.25 | O32: 3.8 | P32: 12.8 | Q32: - | R32: - | S32: 4 | T32: 3.75 | U32: - | V32: 4.3333333 | W32: 3 | X32: 3.75
B33: 主要應用設備 | D33: 伺服包裝機 | E33: ET-55 | F33: ET-600 | G33: 夾心型 | H33: 伺服包裝機 | I33: 伺服包裝機 | J33: 夾心型 | K33: 3300型 | L33: 3300型 | M33: 3300型 | N33: GKK | O33: GKK | P33: 夾心型 | Q33: 伺服包裝機 | R33: 伺服包裝機 | S33: 夾心型 | T33: 3300型 | U33: 3300型 | V33: 3300型 | W33: GKK | X33: GKK
B34: 次要應用設備
B35: 備註

Sheet 0927(18度C)
A1: 大溪廠日報分析 | C1: 總生產量 | D1: =SUM(F5:F242) -> 89492 | E1: 營業額 | F1: =SUM(G5:G242) -> 1773716.8 | G1: 出勤人數 | H1: =L21+L38+L55+L72+L89+L106+L123+L140+L157+L174+L191+L208+L225+L242 -> 84.983333 | I1: 產線配置圖 | L1: 生產實績 | O1: 人時性差異分析 | S1: 日報登錄 | Y1: 分析說明 | AA1: 產能差異分析
A2: 45927 | C2: 人時性 | D2: =AVERAGE(N21,N38,N55,N72,N89,N106,N123,N140,N157,N174,N191,N208,N225,N242) -> 608.50552 | E2: 平均廠價 | F2: =F1/D1 -> 19.819836 | G2: 多次生產數 | H2: =COUNT(H5:H242) -> 0
A3: 線別 | B3: 品類 | C3: 品名 | E3: 廠價 | F3: 生產量 | G3: 營收 | H3: 多次 生產 | I3: 人數 | J3: 產能/時 | K3: 人時性 | L3: 人數 | M3: 產能/時 | N3: 人時性 | O3: 人數 | P3: 人時性 | Q3: 達成率 | R3: 達成率 平均 | S3: 生產時間 | U3: 換線、休息/分 | V3: 稼動時間/分 | W3: 休息時間 | Y3: (屏榮回填) | AA3: 產能/時 | AB3: 達成率 | AC3: 達成率平均
S4: 開始 | T4: 結束 | W4: 開始 | X4: 結束
A5: 便當一線 | B5: 18℃-壽司手卷 | C5: 一配海饌雙手卷 | E5: 29.85 | F5: 1828 | G5: =E5*F5 -> 54565.8 | I5: 17 | J5: 3273 | K5: =J5/I5 -> 192.52941 | L5: 17 | M5: =F5/V5*60 -> 2815.9178 | N5: =M5/L5 -> 165.64223 | O5: =L5-I5 -> 0 | P5: =N5-K5 -> -26.887186 | Q5: =N5/K5 -> 0.86034765 | R5: =Q21 -> 0.86025982 | S5: 0.38197917 | T5: 0.40902778 | U5: 7.8 | V5: 38.95 | AA5: =M5-J5 -> -457.08216 | AB5: =M5/J5 -> 0.86034765 | AC5: =AB21 -> 0.86025982
B6: 18℃-壽司手卷 | C6: 一配雙饗雙手卷 | E6: 29.52 | F6: 1733 | G6: =E6*F6 -> 51158.16 | I6: 17 | J6: 3273 | K6: =J6/I6 -> 192.52941 | L6: 17 | M6: =F6/V6*60 -> 2815.343 | N6: =M6/L6 -> 165.60841 | O6: =L6-I6 -> 0 | P6: =N6-K6 -> -26.921002 | Q6: =N6/K6 -> 0.860172 | S6: 0.41324074 | T6: 0.43888889 | U6: 6.0666667 | V6: 36.933333 | W6: 0.43888889 | X6: 0.47927083 | AA6: =M6-J6 -> -457.65704 | AB6: =M6/J6 -> 0.860172
B21: 平均 | I21: =AVERAGE(I5:I20) -> 17 | J21: =AVERAGE(J5:J20) -> 3273 | K21: =J21/I21 -> 192.52941 | L21: =AVERAGE(L5:L20) -> 17 | M21: =AVERAGE(M5:M20) -> 2815.6304 | N21: =M21/L21 -> 165.62532 | O21: =L21-I21 -> 0 | P21: =N21-K21 -> -26.904094 | Q21: =N21/K21 -> 0.86025982 | S21: =S5 -> 0.38197917 | T21: =INDEX(T5:T20,COUNTA(T5:T20)) -> 0.43888889 | AA21: =M21-J21 -> -457.3696 | AB21: =M21/J21 -> 0.86025982
A22: 自動包裝機 | B22: 18℃-壽司手卷 | C22: 一配新之助的豆皮壽司喔 | E22: 25.52 | F22: 97 | G22: =E22*F22 -> 2475.44 | I22: 12 | J22: 3600 | K22: =J22/I22 -> 300 | L22: 12 | M22: =F22/V22*60 -> 3010.3448 | N22: =M22/L22 -> 250.86207 | O22: =L22-I22 -> 0 | P22: =N22-K22 -> -49.137931 | Q22: =N22/K22 -> 0.8362069 | R22: =Q38 -> 0.84543264 | S22: 0.30282407 | T22: 0.30416667 | U22: 4.0666667 | V22: 1.9333333 | AA22: =M22-J22 -> -589.65517 | AB22: =M22/J22 -> 0.8362069 | AC22: =AB38 -> 0.84543264
B23: 18℃-壽司手卷 | C23: 一配長野稻荷壽司 | E23: 25.64 | F23: 1376 | G23: =E23*F23 -> 35280.64 | I23: 11 | J23: 3600 | K23: =J23/I23 -> 327.27273 | L23: 11 | M23: =F23/V23*60 -> 3076.7702 | N23: =M23/L23 -> 279.70638 | O23: =L23-I23 -> 0 | P23: =N23-K23 -> -47.566347 | Q23: =N23/K23 -> 0.85465839 | S23: 0.30844907 | T23: 0.32708333 | U23: 6.1666667 | V23: 26.833333 | AA23: =M23-J23 -> -523.22981 | AB23: =M23/J23 -> 0.85465839
B38: 平均 | I38: =AVERAGE(I22:I37) -> 11.5 | J38: =AVERAGE(J22:J37) -> 3600 | K38: =J38/I38 -> 313.04348 | L38: =AVERAGE(L22:L37) -> 11.5 | M38: =AVERAGE(M22:M37) -> 3043.5575 | N38: =M38/L38 -> 264.65717 | O38: =L38-I38 -> 0 | P38: =N38-K38 -> -48.386304 | Q38: =N38/K38 -> 0.84543264 | S38: =S22 -> 0.30282407 | T38: =INDEX(T22:T37,COUNTA(T22:T37)) -> 0.32708333 | AA38: =M38-J38 -> -556.44249 | AB38: =M38/J38 -> 0.84543264
A39: 自動包裝機2 | B39: 18℃-壽司手卷 | C39: 一配芝麻海苔香鬆細卷 | E39: 14.06 | F39: 545 | G39: =E39*F39 -> 7662.7 | I39: 6 | J39: 2600 | K39: =J39/I39 -> 433.33333 | L39: 6 | M39: =F39/V39*60 -> 2204.4944 | N39: =M39/L39 -> 367.41573 | O39: =L39-I39 -> 0 | P39: =N39-K39 -> -65.917603 | Q39: =N39/K39 -> 0.84788245 | R39: =Q55 -> 0.85662448 | S39: 0.25011574 | T39: 0.26041667 | V39: 14.833333 | AA39: =M39-J39 -> -395.50562 | AB39: =M39/J39 -> 0.84788245 | AC39: =AB55 -> 0.85662448
B40: 18℃-壽司手卷 | C40: 一配鮪魚沙拉細卷 | E40: 14.81 | F40: 709 | G40: =E40*F40 -> 10500.29 | I40: 6 | J40: 2600 | K40: =J40/I40 -> 433.33333 | L40: 6 | M40: =F40/V40*60 -> 2223.3449 | N40: =M40/L40 -> 370.55749 | O40: =L40-I40 -> 0 | P40: =N40-K40 -> -62.775842 | Q40: =N40/K40 -> 0.85513267 | S40: 0.26527778 | T40: 0.27856481 | U40: 7 | V40: 19.133333 | AA40: =M40-J40 -> -376.65505 | AB40: =M40/J40 -> 0.85513267
B41: 18℃-壽司手卷 | C41: 一配香濃起司蟹風味棒細卷 | E41: 17.73 | F41: 2647 | G41: =E41*F41 -> 46931.31 | I41: 6 | J41: 2600 | K41: =J41/I41 -> 433.33333 | L41: 6 | M41: =F41/V41*60 -> 2253.8316 | N41: =M41/L41 -> 375.6386 | O41: =L41-I41 -> 0 | P41: =N41-K41 -> -57.694734 | Q41: =N41/K41 -> 0.86685831 | S41: 0.28333333 | T41: 0.33226852 | U41: 6.8666667 | V41: 70.466667 | AA41: =M41-J41 -> -346.1684 | AB41: =M41/J41 -> 0.86685831
B55: 平均 | I55: =AVERAGE(I39:I54) -> 6 | J55: =AVERAGE(J39:J54) -> 2600 | K55: =J55/I55 -> 433.33333 | L55: =AVERAGE(L39:L54) -> 6 | M55: =AVERAGE(M39:M54) -> 2227.2236 | N55: =M55/L55 -> 371.20394 | O55: =L55-I55 -> 0 | P55: =N55-K55 -> -62.129393 | Q55: =N55/K55 -> 0.85662448 | S55: =S39 -> 0.25011574 | T55: =INDEX(T39:T54,COUNTA(T39:T54)) -> 0.33226852 | AA55: =M55-J55 -> -372.77636 | AB55: =M55/J55 -> 0.85662448
A56: 味付飯糰線B | B56: 18℃-飯糰 | C56: 一配經典肉鬆飯糰 | E56: 14.03 | F56: 3145 | G56: =E56*F56 -> 44124.35 | I56: 4 | J56: 2700 | K56: =J56/I56 -> 675 | L56: 4 | M56: =F56/V56*60 -> 2391.1299 | N56: =M56/L56 -> 597.78247 | O56: =L56-I56 -> 0 | P56: =N56-K56 -> -77.217529 | Q56: =N56/K56 -> 0.88560366 | R56: =Q72 -> 0.88560366 | S56: 0.25005787 | T56: 0.30486111 | V56: 78.916667 | AA56: =M56-J56 -> -308.87012 | AB56: =M56/J56 -> 0.88560366 | AC56: =AB72 -> 0.88560366
B72: 平均 | I72: =AVERAGE(I56:I71) -> 4 | J72: =AVERAGE(J56:J71) -> 2700 | K72: =J72/I72 -> 675 | L72: =AVERAGE(L56:L71) -> 4 | M72: =AVERAGE(M56:M71) -> 2391.1299 | N72: =M72/L72 -> 597.78247 | O72: =L72-I72 -> 0 | P72: =N72-K72 -> -77.217529 | Q72: =N72/K72 -> 0.88560366 | S72: =S56 -> 0.25005787 | T72: =INDEX(T56:T71,COUNTA(T56:T71)) -> 0.30486111 | AA72: =M72-J72 -> -308.87012 | AB72: =M72/J72 -> 0.88560366
A73: (舊) 3300型飯糰線 | B73: 18℃-飯糰 | C73: 一配照燒雞肉飯糰 | E73: 21.45 | F73: 3260 | G73: =E73*F73 -> 69927 | I73: 4 | J73: 3300 | K73: =J73/I73 -> 825 | L73: 4 | M73: =F73/V73*60 -> 2854.0856 | N73: =M73/L73 -> 713.5214 | O73: =L73-I73 -> 0 | P73: =N73-K73 -> -111.4786 | Q73: =N73/K73 -> 0.86487443 | R73: =Q89 -> 0.86487443 | S73: 0.3725463 | T73: 0.42013889 | V73: 68.533333 | AA73: =M73-J73 -> -445.9144 | AB73: =M73/J73 -> 0.86487443 | AC73: =AB89 -> 0.86487443
B89: 平均 | I89: =AVERAGE(I73:I88) -> 4 | J89: =AVERAGE(J73:J88) -> 3300 | K89: =J89/I89 -> 825 | L89: =AVERAGE(L73:L88) -> 4 | M89: =AVERAGE(M73:M88) -> 2854.0856 | N89: =M89/L89 -> 713.5214 | O89: =L89-I89 -> 0 | P89: =N89-K89 -> -111.4786 | Q89: =N89/K89 -> 0.86487443 | S89: =S73 -> 0.3725463 | T89: =INDEX(T73:T88,COUNTA(T73:T88)) -> 0.42013889 | AA89: =M89-J89 -> -445.9144 | AB89: =M89/J89 -> 0.86487443
A90: (新) 3300型飯糰機 | B90: 18℃-飯糰 | C90: 一配三杯辣海瓜子飯糰 | E90: 21.45 | F90: 531 | G90: =E90*F90 -> 11389.95 | I90: 3 | J90: 3300 | K90: =J90/I90 -> 1100 | L90: 3 | M90: =F90/V90*60 -> 2844.6429 | N90: =M90/L90 -> 948.21429 | O90: =L90-I90 -> 0 | P90: =N90-K90 -> -151.78571 | Q90: =N90/K90 -> 0.86201299 | R90: =Q106 -> 0.8699435 | S90: 0.25 | T90: 0.25777778 | V90: 11.2 | AA90: =M90-J90 -> -455.35714 | AB90: =M90/J90 -> 0.86201299 | AC90: =AB106 -> 0.8699435
B91: 18℃-飯糰 | C91: 一配哇沙米魚卵沙拉飯糰 | E91: 15.71 | F91: 1378 | G91: =E91*F91 -> 21648.38 | I91: 3 | J91: 3300 | K91: =J91/I91 -> 1100 | L91: 3 | M91: =F91/V91*60 -> 2877.4942 | N91: =M91/L91 -> 959.16473 | O91: =L91-I91 -> 0 | P91: =N91-K91 -> -140.83527 | Q91: =N91/K91 -> 0.87196794 | S91: 0.26199074 | T91: 0.28194444 | U91: 6.0666667 | V91: 28.733333 | AA91: =M91-J91 -> -422.5058 | AB91: =M91/J91 -> 0.87196794
B92: 18℃-飯糰 | C92: 一配壹號醬炙烤牛飯糰 | E92: 22.28 | F92: 849 | G92: =E92*F92 -> 18915.72 | I92: 5 | J92: 3300 | K92: =J92/I92 -> 660 | L92: 5 | M92: =F92/V92*60 -> 2856.4486 | N92: =M92/L92 -> 571.28972 | O92: =L92-I92 -> 0 | P92: =N92-K92 -> -88.71028 | Q92: =N92/K92 -> 0.86559048 | S92: 0.28622685 | T92: 0.29861111 | U92: 6.1666667 | V92: 17.833333 | AA92: =M92-J92 -> -443.5514 | AB92: =M92/J92 -> 0.86559048
B93: 18℃-飯糰 | C93: 一配鹽蔥燒肉飯糰 | E93: 17.89 | F93: 2057 | G93: =E93*F93 -> 36799.73 | I93: 4 | J93: 3300 | K93: =J93/I93 -> 825 | L93: 4 | M93: =F93/V93*60 -> 2881.4008 | N93: =M93/L93 -> 720.35019 | O93: =L93-I93 -> 0 | P93: =N93-K93 -> -104.64981 | Q93: =N93/K93 -> 0.87315175 | S93: 0.30358796 | T93: 0.33333333 | U93: 7.1666667 | V93: 42.833333 | AA93: =M93-J93 -> -418.59922 | AB93: =M93/J93 -> 0.87315175
B94: 18℃-飯糰 | C94: 一配雞肉飯飯糰 | E94: 16.66 | F94: 3124 | G94: =E94*F94 -> 52045.84 | I94: 4 | J94: 3300 | K94: =J94/I94 -> 825 | L94: 4 | M94: =F94/V94*60 -> 2894.0813 | N94: =M94/L94 -> 723.52033 | O94: =L94-I94 -> 0 | P94: =N94-K94 -> -101.47967 | Q94: =N94/K94 -> 0.87699434 | S94: 0.33766204 | T94: 0.38263889 | U94: 6.2333333 | V94: 64.766667 | AA94: =M94-J94 -> -405.91868 | AB94: =M94/J94 -> 0.87699434
B106: 平均 | I106: =AVERAGE(I90:I105) -> 3.8 | J106: =AVERAGE(J90:J105) -> 3300 | K106: =J106/I106 -> 868.42105 | L106: =AVERAGE(L90:L105) -> 3.8 | M106: =AVERAGE(M90:M105) -> 2870.8136 | N106: =M106/L106 -> 755.47725 | O106: =L106-I106 -> 0 | P106: =N106-K106 -> -112.9438 | Q106: =N106/K106 -> 0.8699435 | S106: =S90 -> 0.25 | T106: =INDEX(T90:T105,COUNTA(T90:T105)) -> 0.38263889 | AA106: =M106-J106 -> -429.18645 | AB106: =M106/J106 -> 0.8699435
A107: GKK3600型 飯糰機 | B107: 18℃-飯糰 | C107: 一配北海道秋鮭親子飯糰 | E107: 24.82 | F107: 1454 | G107: =E107*F107 -> 36088.28 | I107: 4 | J107: 3300 | K107: =J107/I107 -> 825 | L107: 4 | M107: =F107/V107*60 -> 2863.4573 | N107: =M107/L107 -> 715.86433 | O107: =L107-I107 -> 0 | P107: =N107-K107 -> -109.13567 | Q107: =N107/K107 -> 0.86771434 | R107: =Q123 -> 0.84892192 | S107: 0.25 | T107: 0.27115741 | V107: 30.466667 | AA107: =M107-J107 -> -436.54267 | AB107: =M107/J107 -> 0.86771434 | AC107: =AB123 -> 0.84892192
B108: 18℃-飯糰 | C108: 一配明太子龍蝦風味沙拉飯糰 | E108: 18.18 | F108: 1721 | G108: =E108*F108 -> 31287.78 | I108: 3 | J108: 3600 | K108: =J108/I108 -> 1200 | L108: 3 | M108: =F108/V108*60 -> 3032.5991 | N108: =M108/L108 -> 1010.8664 | O108: =L108-I108 -> 0 | P108: =N108-K108 -> -189.13363 | Q108: =N108/K108 -> 0.84238864 | S108: 0.28194444 | T108: 0.30559028 | U108: 15.533333 | V108: 34.05 | AA108: =M108-J108 -> -567.40088 | AB108: =M108/J108 -> 0.84238864
B109: 18℃-飯糰 | C109: 一配蔬食鮪魚飯糰 | E109: 18.18 | F109: 1360 | G109: =E109*F109 -> 24724.8 | I109: 3 | J109: 3600 | K109: =J109/I109 -> 1200 | L109: 3 | M109: =F109/V109*60 -> 3037.2208 | N109: =M109/L109 -> 1012.4069 | O109: =L109-I109 -> 0 | P109: =N109-K109 -> -187.59305 | Q109: =N109/K109 -> 0.84367246 | S109: 0.31606481 | T109: 0.33472222 | U109: 15.083333 | V109: 26.866667 | AA109: =M109-J109 -> -562.77916 | AB109: =M109/J109 -> 0.84367246
B110: 18℃-飯糰 | C110: 一配鮪魚飯糰 | E110: 14.28 | F110: 3880 | G110: =E110*F110 -> 55406.4 | I110: 3 | J110: 3600 | K110: =J110/I110 -> 1200 | L110: 3 | M110: =F110/V110*60 -> 3036.5217 | N110: =M110/L110 -> 1012.1739 | O110: =L110-I110 -> 0 | P110: =N110-K110 -> -187.82609 | Q110: =N110/K110 -> 0.84347826 | S110: 0.34606481 | T110: 0.39930556 | U110: 16.333333 | V110: 76.666667 | AA110: =M110-J110 -> -563.47826 | AB110: =M110/J110 -> 0.84347826
B123: 平均 | I123: =AVERAGE(I107:I122) -> 3.25 | J123: =AVERAGE(J107:J122) -> 3525 | K123: =J123/I123 -> 1084.6154 | L123: =AVERAGE(L107:L122) -> 3.25 | M123: =AVERAGE(M107:M122) -> 2992.4498 | N123: =M123/L123 -> 920.75377 | O123: =L123-I123 -> 0 | P123: =N123-K123 -> -163.86161 | Q123: =N123/K123 -> 0.84892192 | S123: =S107 -> 0.25 | T123: =INDEX(T107:T122,COUNTA(T107:T122)) -> 0.39930556 | AA123: =M123-J123 -> -532.55024 | AB123: =M123/J123 -> 0.84892192
A124: GKK3600型 飯糰機2 | B124: 18℃-飯糰 | C124: 一配熟成紅鮭飯糰 | E124: 25.03 | F124: 1308 | G124: =E124*F124 -> 32739.24 | I124: 4 | J124: 3300 | K124: =J124/I124 -> 825 | L124: 4 | M124: =F124/V124*60 -> 2859.0164 | N124: =M124/L124 -> 714.7541 | O124: =L124-I124 -> 0 | P124: =N124-K124 -> -110.2459 | Q124: =N124/K124 -> 0.8663686 | R124: =Q140 -> 0.87363553 | S124: 0.25 | T124: 0.2690625 | V124: 27.45 | AA124: =M124-J124 -> -440.98361 | AB124: =M124/J124 -> 0.8663686 | AC124: =AB140 -> 0.87363553
B125: 18℃-飯糰 | C125: 一配博多明太子奶油飯糰 | E125: 25.45 | F125: 1460 | G125: =E125*F125 -> 37157 | I125: 4 | J125: 3300 | K125: =J125/I125 -> 825 | L125: 4 | M125: =F125/V125*60 -> 2870.5625 | N125: =M125/L125 -> 717.64063 | O125: =L125-I125 -> 0 | P125: =N125-K125 -> -107.35937 | Q125: =N125/K125 -> 0.86986743 | S125: 0.27950231 | T125: 0.30069444 | U125: 15.033333 | V125: 30.516667 | AA125: =M125-J125 -> -429.43747 | AB125: =M125/J125 -> 0.86986743
B126: 18℃-飯糰 | C126: 一配照燒鰤魚大根飯糰 | E126: 26.73 | F126: 681 | G126: =E126*F126 -> 18203.13 | I126: 4 | J126: 3300 | K126: =J126/I126 -> 825 | L126: 4 | M126: =F126/V126*60 -> 2864.0187 | N126: =M126/L126 -> 716.00467 | O126: =L126-I126 -> 0 | P126: =N126-K126 -> -108.99533 | Q126: =N126/K126 -> 0.86788445 | S126: 0.31180556 | T126: 0.32171296 | U126: 16 | V126: 14.266667 | AA126: =M126-J126 -> -435.98131 | AB126: =M126/J126 -> 0.86788445
B127: 18℃-飯糰 | C127: 一配筋子銀鮭飯糰 | E127: 30 | F127: 1992 | G127: =E127*F127 -> 59760 | I127: 4 | J127: 3000 | K127: =J127/I127 -> 750 | L127: 4 | M127: =F127/V127*60 -> 2647.1761 | N127: =M127/L127 -> 661.79402 | O127: =L127-I127 -> 0 | P127: =N127-K127 -> -88.20598 | Q127: =N127/K127 -> 0.88239203 | S127: 0.33472222 | T127: 0.36607639 | U127: 18.733333 | V127: 45.15 | AA127: =M127-J127 -> -352.82392 | AB127: =M127/J127 -> 0.88239203
B128: 18℃-飯糰 | C128: 一配贅沢鮭魚肚飯糰 | E128: 30 | F128: 2360 | G128: =E128*F128 -> 70800 | I128: 3 | J128: 3000 | K128: =J128/I128 -> 1000 | L128: 3 | M128: =F128/V128*60 -> 2650.0312 | N128: =M128/L128 -> 883.34373 | O128: =L128-I128 -> 0 | P128: =N128-K128 -> -116.65627 | Q128: =N128/K128 -> 0.88334373 | S128: 0.37986111 | T128: 0.41696759 | U128: 19.85 | V128: 53.433333 | AA128: =M128-J128 -> -349.96881 | AB128: =M128/J128 -> 0.88334373
B140: 平均 | I140: =AVERAGE(I124:I139) -> 3.8 | J140: =AVERAGE(J124:J139) -> 3180 | K140: =J140/I140 -> 836.84211 | L140: =AVERAGE(L124:L139) -> 3.8 | M140: =AVERAGE(M124:M139) -> 2778.161 | N140: =M140/L140 -> 731.09499 | O140: =L140-I140 -> 0 | P140: =N140-K140 -> -105.74711 | Q140: =N140/K140 -> 0.87363553 | S140: =S124 -> 0.25 | T140: =INDEX(T124:T139,COUNTA(T124:T139)) -> 0.41696759 | AA140: =M140-J140 -> -401.83902 | AB140: =M140/J140 -> 0.87363553
A141: 自動包裝機 (二配) | B141: 18℃-飯糰 | C141: 二配兔兔昆布飯糰 | E141: 13.42 | F141: 773 | G141: =E141*F141 -> 10373.66 | I141: 6 | J141: 3600 | K141: =J141/I141 -> 600 | L141: 6 | M141: =F141/V141*60 -> 3088.5683 | N141: =M141/L141 -> 514.76138 | O141: =L141-I141 -> 0 | P141: =N141-K141 -> -85.238624 | Q141: =N141/K141 -> 0.85793563 | R141: =Q157 -> 0.85722334 | S141: 0.70833333 | T141: 0.71876157 | V141: 15.016667 | AA141: =M141-J141 -> -511.43174 | AB141: =M141/J141 -> 0.85793563 | AC141: =AB157 -> 0.85722334
B142: 18℃-飯糰 | C142: 二配兩粒飯糰(鮪魚&培根蛋沙拉) | E142: 28.57 | F142: 1201 | G142: =E142*F142 -> 34312.57 | I142: 13 | J142: 3600 | K142: =J142/I142 -> 276.92308 | L142: 13 | M142: =F142/V142*60 -> 3079.4872 | N142: =M142/L142 -> 236.88363 | O142: =L142-I142 -> 0 | P142: =N142-K142 -> -40.039448 | Q142: =N142/K142 -> 0.85541311 | S142: 0.72361111 | T142: 0.73986111 | U142: 6.9833333 | V142: 23.4 | AA142: =M142-J142 -> -520.51282 | AB142: =M142/J142 -> 0.85541311
B143: 18℃-壽司手卷 | C143: 二配長野稻荷壽司 | E143: 25.64 | F143: 1697 | G143: =E143*F143 -> 43511.08 | I143: 11 | J143: 3600 | K143: =J143/I143 -> 327.27273 | L143: 11 | M143: =F143/V143*60 -> 3069.9497 | N143: =M143/L143 -> 279.08634 | O143: =L143-I143 -> 0 | P143: =N143-K143 -> -48.186386 | Q143: =N143/K143 -> 0.85276382 | S143: 0.74513889 | T143: 0.7681713 | U143: 7.6 | V143: 33.166667 | AA143: =M143-J143 -> -530.05025 | AB143: =M143/J143 -> 0.85276382
B144: 18℃-壽司手卷 | C144: 二配雙饗雙手卷 | E144: 29.52 | F144: 1652 | G144: =E144*F144 -> 48767.04 | I144: 17 | J144: 3273 | K144: =J144/I144 -> 192.52941 | L144: 17 | M144: =F144/V144*60 -> 2815.9091 | N144: =M144/L144 -> 165.64171 | O144: =L144-I144 -> 0 | P144: =N144-K144 -> -26.887701 | Q144: =N144/K144 -> 0.86034497 | S144: 0.77291667 | T144: 0.79736111 | U144: 6.8333333 | V144: 35.2 | AA144: =M144-J144 -> -457.09091 | AB144: =M144/J144 -> 0.86034497
B145: 18℃-壽司手卷 | C145: 二配海饌雙手卷 | E145: 29.85 | F145: 1859 | G145: =E145*F145 -> 55491.15 | I145: 17 | J145: 3273 | K145: =J145/I145 -> 192.52941 | L145: 17 | M145: =F145/V145*60 -> 2815.4817 | N145: =M145/L145 -> 165.61657 | O145: =L145-I145 -> 0 | P145: =N145-K145 -> -26.912841 | Q145: =N145/K145 -> 0.86021439 | S145: 0.80305556 | T145: 0.83056713 | U145: 8.2 | V145: 39.616667 | AA145: =M145-J145 -> -457.5183 | AB145: =M145/J145 -> 0.86021439
B157: 平均 | I157: =AVERAGE(I141:I156) -> 12.8 | J157: =AVERAGE(J141:J156) -> 3469.2 | K157: =J157/I157 -> 271.03125 | L157: =AVERAGE(L141:L156) -> 12.8 | M157: =AVERAGE(M141:M156) -> 2973.8792 | N157: =M157/L157 -> 232.33431 | O157: =L157-I157 -> 0 | P157: =N157-K157 -> -38.696938 | Q157: =N157/K157 -> 0.85722334 | S157: =S141 -> 0.70833333 | T157: =INDEX(T141:T156,COUNTA(T141:T156)) -> 0.83056713 | AA157: =M157-J157 -> -495.3208 | AB157: =M157/J157 -> 0.85722334
A158: 味付飯糰線B (二配) | B158: 18℃-飯糰 | C158: 二配經典肉鬆飯糰 | E158: 14.03 | F158: 6874 | G158: =E158*F158 -> 96442.22 | I158: 4 | J158: 2700 | K158: =J158/I158 -> 675 | L158: 4 | M158: =F158/V158*60 -> 2410.755 | N158: =M158/L158 -> 602.68875 | O158: =L158-I158 -> 0 | P158: =N158-K158 -> -72.311252 | Q158: =N158/K158 -> 0.89287222 | R158: =Q174 -> 0.89287222 | S158: 0.70833333 | T158: 0.8271412 | V158: 171.08333 | AA158: =M158-J158 -> -289.24501 | AB158: =M158/J158 -> 0.89287222 | AC158: =AB174 -> 0.89287222
B174: 平均 | I174: =AVERAGE(I158:I173) -> 4 | J174: =AVERAGE(J158:J173) -> 2700 | K174: =J174/I174 -> 675 | L174: =AVERAGE(L158:L173) -> 4 | M174: =AVERAGE(M158:M173) -> 2410.755 | N174: =M174/L174 -> 602.68875 | O174: =L174-I174 -> 0 | P174: =N174-K174 -> -72.311252 | Q174: =N174/K174 -> 0.89287222 | S174: =S158 -> 0.70833333 | T174: =INDEX(T158:T173,COUNTA(T158:T173)) -> 0.8271412 | AA174: =M174-J174 -> -289.24501 | AB174: =M174/J174 -> 0.89287222
A175: (舊) 3300型飯糰線 (二配) | B175: 18℃-飯糰 | C175: 二配大飯糰韓式炸雞 | E175: 27.58 | F175: 965 | G175: =E175*F175 -> 26614.7 | I175: 4 | J175: 3000 | K175: =J175/I175 -> 750 | L175: 4 | M175: =F175/V175*60 -> 2571.4286 | N175: =M175/L175 -> 642.85714 | O175: =L175-I175 -> 0 | P175: =N175-K175 -> -107.14286 | Q175: =N175/K175 -> 0.85714286 | R175: =Q191 -> 0.86579904 | S175: 0.70866898 | T175: 0.72430556 | V175: 22.516667 | AA175: =M175-J175 -> -428.57143 | AB175: =M175/J175 -> 0.85714286 | AC175: =AB191 -> 0.86579904
B176: 18℃-飯糰 | C176: 二配大飯糰春川風味辣炒雞 | E176: 24.15 | F176: 756 | G176: =E176*F176 -> 18257.4 | I176: 4 | J176: 3000 | K176: =J176/I176 -> 750 | L176: 4 | M176: =F176/V176*60 -> 2565.1272 | N176: =M176/L176 -> 641.28181 | O176: =L176-I176 -> 0 | P176: =N176-K176 -> -108.71819 | Q176: =N176/K176 -> 0.85504241 | S176: 0.72730324 | T176: 0.73958333 | U176: 4.3166667 | V176: 17.683333 | AA176: =M176-J176 -> -434.87276 | AB176: =M176/J176 -> 0.85504241
B177: 18℃-飯糰 | C177: 二配哇沙米魚卵沙拉飯糰 | E177: 15.71 | F177: 2034 | G177: =E177*F177 -> 31954.14 | I177: 3 | J177: 3300 | K177: =J177/I177 -> 1100 | L177: 3 | M177: =F177/V177*60 -> 2879.4337 | N177: =M177/L177 -> 959.81125 | O177: =L177-I177 -> 0 | P177: =N177-K177 -> -140.18875 | Q177: =N177/K177 -> 0.87255568 | S177: 0.74375 | T177: 0.77318287 | U177: 6 | V177: 42.383333 | AA177: =M177-J177 -> -420.56626 | AB177: =M177/J177 -> 0.87255568
B178: 18℃-飯糰 | C178: 二配鹽蔥燒肉飯糰 | E178: 17.89 | F178: 4203 | G178: =E178*F178 -> 75191.67 | I178: 4 | J178: 3300 | K178: =J178/I178 -> 825 | L178: 4 | M178: =F178/V178*60 -> 2893.0784 | N178: =M178/L178 -> 723.2696 | O178: =L178-I178 -> 0 | P178: =N178-K178 -> -101.7304 | Q178: =N178/K178 -> 0.87669042 | S178: 0.77847222 | T178: 0.83900463 | U178: 7.6166667 | V178: 87.166667 | AA178: =M178-J178 -> -406.92161 | AB178: =M178/J178 -> 0.87669042
B191: 平均 | I191: =AVERAGE(I175:I190) -> 3.75 | J191: =AVERAGE(J175:J190) -> 3150 | K191: =J191/I191 -> 840 | L191: =AVERAGE(L175:L190) -> 3.75 | M191: =AVERAGE(M175:M190) -> 2727.267 | N191: =M191/L191 -> 727.2712 | O191: =L191-I191 -> 0 | P191: =N191-K191 -> -112.7288 | Q191: =N191/K191 -> 0.86579904 | S191: =S175 -> 0.70866898 | T191: =INDEX(T175:T190,COUNTA(T175:T190)) -> 0.83900463 | AA191: =M191-J191 -> -422.73301 | AB191: =M191/J191 -> 0.86579904
A192: (新) 3300型飯糰機 (二配) | B192: 18℃-飯糰 | C192: 二配壹號醬炙烤牛飯糰 | E192: 22.28 | F192: 1451 | G192: =E192*F192 -> 32328.28 | I192: 5 | J192: 3300 | K192: =J192/I192 -> 660 | L192: 5 | M192: =F192/V192*60 -> 2868.5338 | N192: =M192/L192 -> 573.70675 | O192: =L192-I192 -> 0 | P192: =N192-K192 -> -86.293245 | Q192: =N192/K192 -> 0.86925266 | R192: =Q208 -> 0.87301587 | S192: 0.70833333 | T192: 0.72940972 | V192: 30.35 | AA192: =M192-J192 -> -431.46623 | AB192: =M192/J192 -> 0.86925266 | AC192: =AB208 -> 0.87301587
B193: 18℃-飯糰 | C193: 二配油蔥G絲飯糰 | E193: 18.18 | F193: 1276 | G193: =E193*F193 -> 23197.68 | I193: 4 | J193: 3300 | K193: =J193/I193 -> 825 | L193: 4 | M193: =F193/V193*60 -> 2863.8404 | N193: =M193/L193 -> 715.9601 | O193: =L193-I193 -> 0 | P193: =N193-K193 -> -109.0399 | Q193: =N193/K193 -> 0.86783042 | S193: 0.73490741 | T193: 0.75347222 | U193: 7.9166667 | V193: 26.733333 | AA193: =M193-J193 -> -436.1596 | AB193: =M193/J193 -> 0.86783042
B194: 18℃-飯糰 | C194: 二配雞肉飯飯糰 | E194: 16.66 | F194: 6378 | G194: =E194*F194 -> 106257.48 | I194: 4 | J194: 3300 | K194: =J194/I194 -> 825 | L194: 4 | M194: =F194/V194*60 -> 2910.483 | N194: =M194/L194 -> 727.62074 | O194: =L194-I194 -> 0 | P194: =N194-K194 -> -97.379262 | Q194: =N194/K194 -> 0.88196453 | S194: 0.75833333 | T194: 0.8496412 | U194: 7 | V194: 131.48333 | AA194: =M194-J194 -> -389.51705 | AB194: =M194/J194 -> 0.88196453
B208: 平均 | I208: =AVERAGE(I192:I207) -> 4.3333333 | J208: =AVERAGE(J192:J207) -> 3300 | K208: =J208/I208 -> 761.53846 | L208: =AVERAGE(L192:L207) -> 4.3333333 | M208: =AVERAGE(M192:M207) -> 2880.9524 | N208: =M208/L208 -> 664.83516 | O208: =L208-I208 -> 0 | P208: =N208-K208 -> -96.703298 | Q208: =N208/K208 -> 0.87301587 | S208: =S192 -> 0.70833333 | T208: =INDEX(T192:T207,COUNTA(T192:T207)) -> 0.8496412 | AA208: =M208-J208 -> -419.04763 | AB208: =M208/J208 -> 0.87301587
A209: GKK3600型 飯糰機 (二配) | B209: 18℃-飯糰 | C209: 二配明太子龍蝦風味沙拉飯糰 | E209: 18.18 | F209: 3164 | G209: =E209*F209 -> 57521.52 | I209: 3 | J209: 3600 | K209: =J209/I209 -> 1200 | L209: 3 | M209: =F209/V209*60 -> 3032.5879 | N209: =M209/L209 -> 1010.8626 | O209: =L209-I209 -> 0 | P209: =N209-K209 -> -189.13738 | Q209: =N209/K209 -> 0.84238552 | R209: =Q225 -> 0.84451889 | S209: 0.70861111 | T209: 0.75208333 | V209: 62.6 | AA209: =M209-J209 -> -567.41214 | AB209: =M209/J209 -> 0.84238552 | AC209: =AB225 -> 0.84451889
B210: 18℃-飯糰 | C210: 二配鮪魚飯糰 | E210: 14.28 | F210: 7840 | G210: =E210*F210 -> 111955.2 | I210: 3 | J210: 3600 | K210: =J210/I210 -> 1200 | L210: 3 | M210: =F210/V210*60 -> 3047.9482 | N210: =M210/L210 -> 1015.9827 | O210: =L210-I210 -> 0 | P210: =N210-K210 -> -184.01728 | Q210: =N210/K210 -> 0.84665227 | S210: 0.76388889 | T210: 0.87106481 | U210: 17 | V210: 154.33333 | AA210: =M210-J210 -> -552.05184 | AB210: =M210/J210 -> 0.84665227
B225: 平均 | I225: =AVERAGE(I209:I224) -> 3 | J225: =AVERAGE(J209:J224) -> 3600 | K225: =J225/I225 -> 1200 | L225: =AVERAGE(L209:L224) -> 3 | M225: =AVERAGE(M209:M224) -> 3040.268 | N225: =M225/L225 -> 1013.4227 | O225: =L225-I225 -> 0 | P225: =N225-K225 -> -186.57733 | Q225: =N225/K225 -> 0.84451889 | S225: =S209 -> 0.70861111 | T225: =INDEX(T209:T224,COUNTA(T209:T224)) -> 0.87106481 | AA225: =M225-J225 -> -559.73199 | AB225: =M225/J225 -> 0.84451889
A226: GKK3600型 飯糰機2 (二配) | B226: 18℃-飯糰 | C226: 二配蔬食鮪魚飯糰 | E226: 18.18 | F226: 1739 | G226: =E226*F226 -> 31615.02 | I226: 3 | J226: 3600 | K226: =J226/I226 -> 1200 | L226: 3 | M226: =F226/V226*60 -> 3028.7373 | N226: =M226/L226 -> 1009.5791 | O226: =L226-I226 -> 0 | P226: =N226-K226 -> -190.4209 | Q226: =N226/K226 -> 0.84131592 | R226: =Q242 -> 0.86182825 | S226: 0.70833333 | T226: 0.73225694 | V226: 34.45 | AA226: =M226-J226 -> -571.2627 | AB226: =M226/J226 -> 0.84131592 | AC226: =AB242 -> 0.86182825
B227: 18℃-飯糰 | C227: 二配熟成紅鮭飯糰 | E227: 25.03 | F227: 1970 | G227: =E227*F227 -> 49309.1 | I227: 4 | J227: 3300 | K227: =J227/I227 -> 825 | L227: 4 | M227: =F227/V227*60 -> 2860.831 | N227: =M227/L227 -> 715.20775 | O227: =L227-I227 -> 0 | P227: =N227-K227 -> -109.79225 | Q227: =N227/K227 -> 0.86691848 | S227: 0.74444444 | T227: 0.77313657 | U227: 17.55 | V227: 41.316667 | AA227: =M227-J227 -> -439.16902 | AB227: =M227/J227 -> 0.86691848
B228: 18℃-飯糰 | C228: 二配芝麻香鬆飯糰 | E228: 18.18 | F228: 1860 | G228: =E228*F228 -> 33814.8 | I228: 4 | J228: 3000 | K228: =J228/I228 -> 750 | L228: 4 | M228: =F228/V228*60 -> 2632.0755 | N228: =M228/L228 -> 658.01887 | O228: =L228-I228 -> 0 | P228: =N228-K228 -> -91.981132 | Q228: =N228/K228 -> 0.87735849 | S228: 0.78472222 | T228: 0.81416667 | U228: 16.683333 | V228: 42.4 | AA228: =M228-J228 -> -367.92453 | AB228: =M228/J228 -> 0.87735849
B229: 18℃-飯糰 | C229: 二配北海道秋鮭親子飯糰 | E229: 24.82 | F229: 2305 | G229: =E229*F229 -> 57210.1 | I229: 4 | J229: 3300 | K229: =J229/I229 -> 825 | L229: 4 | M229: =F229/V229*60 -> 2854.4892 | N229: =M229/L229 -> 713.62229 | O229: =L229-I229 -> 0 | P229: =N229-K229 -> -111.37771 | Q229: =N229/K229 -> 0.86499672 | S229: 0.825 | T229: 0.85864583 | U229: 15.6 | V229: 48.45 | AA229: =M229-J229 -> -445.51084 | AB229: =M229/J229 -> 0.86499672
B242: 平均 | I242: =AVERAGE(I226:I241) -> 3.75 | J242: =AVERAGE(J226:J241) -> 3300 | K242: =J242/I242 -> 880 | L242: =AVERAGE(L226:L241) -> 3.75 | M242: =AVERAGE(M226:M241) -> 2844.0332 | N242: =M242/L242 -> 758.40886 | O242: =L242-I242 -> 0 | P242: =N242-K242 -> -121.59114 | Q242: =N242/K242 -> 0.86182825 | S242: =S226 -> 0.70833333 | T242: =INDEX(T226:T241,COUNTA(T226:T241)) -> 0.85864583 | AA242: =M242-J242 -> -455.96677 | AB242: =M242/J242 -> 0.86182825
Y244: 原因回覆
Y245: 1.當日出勤人數較多
Y246: 2.當日出勤人數較少
Y247: 3.當日出勤熟手較多
Y248: 4.當日出勤新人較多
Y249: 5.機台夾盒
Y250: 6.封膜不順
Y251: 7.更換膠膜
Y252: 8.更換碳帶
Y253: 9.當日熱轉印碳帶異常
Y254: 10.訂單量過少
Y255: 11.新品上市，尚未熟悉
Y256: 12.活動期間品項需貼標

Sheet 0927(4度C)
A1: 大溪廠日報分析 | C1: 總生產量 | D1: =SUM(F5:F157) -> 77921 | E1: 營業額 | F1: =SUM(G5:G157) -> 3409713.5 | G1: 出勤人數 | H1: =L21+L38+L55+L72+L89+L106+L123+L140+L157 -> 167.31667 | I1: 產線配置圖 | L1: 生產實績 | O1: 人時性差異分析 | S1: 日報登錄 | Y1: 分析說明 | AA1: 產能差異分析
A2: 45927 | C2: 人時性 | D2: =AVERAGE(N21,N38,N55,N72,N89,N106,N123,N140,N157) -> 154.27553 | E2: 平均廠價 | F2: =F1/D1 -> 43.758595 | G2: 多次生產數 | H2: =COUNT(H5:H157) -> 0
A3: 線別 | B3: 品類 | C3: 品名 | E3: 廠價 | F3: 生產量 | G3: 營收 | H3: 多次 生產 | I3: 人數 | J3: 產能/時 | K3: 人時性 | L3: 人數 | M3: 產能/時 | N3: 人時性 | O3: 人數 | P3: 人時性 | Q3: 達成率 | R3: 達成率 平均 | S3: 生產時間 | U3: 換線、休息/分 | V3: 稼動時間/分 | W3: 休息時間 | Y3: (屏榮回填) | AA3: 產能/時 | AB3: 達成率 | AC3: 達成率平均
S4: 開始 | T4: 結束 | W4: 開始 | X4: 結束
A5: 便當一線 | B5: 微波小吃 | C5: 日式茶碗蒸 | E5: 19.7 | F5: 3240 | G5: =E5*F5 -> 63828 | I5: 13 | J5: 1200 | K5: =J5/I5 -> 92.307692 | L5: 13 | M5: =F5/V5*60 -> 1066.6667 | N5: =M5/L5 -> 82.051282 | O5: =L5-I5 -> 0 | P5: =N5-K5 -> -10.25641 | Q5: =N5/K5 -> 0.88888889 | R5: =Q21 -> 0.88398415 | S5: 0.25 | T5: 0.3765625 | V5: 182.25 | AA5: =M5-J5 -> -133.33333 | AB5: =M5/J5 -> 0.88888889 | AC5: =AB21 -> 0.88398415
B6: 4℃-飯糰 | C6: 麻油雞飯糰 | E6: 29.97 | F6: 1599 | G6: =E6*F6 -> 47922.03 | I6: 20 | J6: 2600 | K6: =J6/I6 -> 130 | L6: 20 | M6: =F6/V6*60 -> 2292.4731 | N6: =M6/L6 -> 114.62366 | O6: =L6-I6 -> 0 | P6: =N6-K6 -> -15.376344 | Q6: =N6/K6 -> 0.88172043 | S6: 0.47927083 | T6: 0.50833333 | U6: 58.15 | V6: 41.85 | AA6: =M6-J6 -> -307.52688 | AB6: =M6/J6 -> 0.88172043
B21: 平均 | I21: =AVERAGE(I5:I20) -> 16.5 | J21: =AVERAGE(J5:J20) -> 1900 | K21: =J21/I21 -> 115.15152 | L21: =AVERAGE(L5:L20) -> 16.5 | M21: =AVERAGE(M5:M20) -> 1679.5699 | N21: =M21/L21 -> 101.79211 | O21: =L21-I21 -> 0 | P21: =N21-K21 -> -13.3594 | Q21: =N21/K21 -> 0.88398415 | S21: =S5 -> 0.25 | T21: =INDEX(T5:T20,COUNTA(T5:T20)) -> 0.50833333 | AA21: =M21-J21 -> -220.43011 | AB21: =M21/J21 -> 0.88398415
A22: 便當二線 | B22: 微波主食 | C22: 柚見極炙烤牛 | E22: 57.3 | F22: 818 | G22: =E22*F22 -> 46871.4 | I22: 26 | J22: 2000 | K22: =J22/I22 -> 76.923077 | L22: 26 | M22: =F22/V22*60 -> 1719.0893 | N22: =M22/L22 -> 66.11882 | O22: =L22-I22 -> 0 | P22: =N22-K22 -> -10.804257 | Q22: =N22/K22 -> 0.85954466 | R22: =Q38 -> 0.87155818 | S22: 0.2503125 | T22: 0.27013889 | V22: 28.55 | AA22: =M22-J22 -> -280.91068 | AB22: =M22/J22 -> 0.85954466 | AC22: =AB38 -> 0.87155818
B23: 微波主食 | C23: 糖燻野郎三十天熟成牛飯 | E23: 56.77 | F23: 3480 | G23: =E23*F23 -> 197559.6 | I23: 26 | J23: 2000 | K23: =J23/I23 -> 76.923077 | L23: 26 | M23: =F23/V23*60 -> 1760.045 | N23: =M23/L23 -> 67.694037 | O23: =L23-I23 -> 0 | P23: =N23-K23 -> -9.2290401 | Q23: =N23/K23 -> 0.88002248 | S23: 0.2731713 | T23: 0.35555556 | U23: 4.3666667 | V23: 118.63333 | AA23: =M23-J23 -> -239.95504 | AB23: =M23/J23 -> 0.88002248
B24: 微波主食 | C24: 蒜蒜燒豚飯 | E24: 51.86 | F24: 1388 | G24: =E24*F24 -> 71981.68 | I24: 26 | J24: 2000 | K24: =J24/I24 -> 76.923077 | L24: 26 | M24: =F24/V24*60 -> 1731.9931 | N24: =M24/L24 -> 66.615118 | O24: =L24-I24 -> 0 | P24: =N24-K24 -> -10.307959 | Q24: =N24/K24 -> 0.86599653 | S24: 0.36041667 | T24: 0.39380787 | U24: 7 | V24: 48.083333 | AA24: =M24-J24 -> -268.00693 | AB24: =M24/J24 -> 0.86599653
B25: 微波主食 | C25: 姨次滿足熟成牛豚雙拼 | E25: 57.3 | F25: 1245 | G25: =E25*F25 -> 71338.5 | I25: 25 | J25: 2000 | K25: =J25/I25 -> 80 | L25: 25 | M25: =F25/V25*60 -> 1731.1703 | N25: =M25/L25 -> 69.246813 | O25: =L25-I25 -> 0 | P25: =N25-K25 -> -10.753187 | Q25: =N25/K25 -> 0.86558517 | S25: 0.39791667 | T25: 0.42788194 | U25: 5.9166667 | V25: 43.15 | AA25: =M25-J25 -> -268.82966 | AB25: =M25/J25 -> 0.86558517
B26: 便當 | C26: 嫩烤香料雞胸排蔬滿盒 | E26: 77.34 | F26: 1961 | G26: =E26*F26 -> 151663.74 | I26: 25 | J26: 2000 | K26: =J26/I26 -> 80 | L26: 25 | M26: =F26/V26*60 -> 1752.1966 | N26: =M26/L26 -> 70.087863 | O26: =L26-I26 -> 0 | P26: =N26-K26 -> -9.912137 | Q26: =N26/K26 -> 0.87609829 | S26: 0.43263889 | T26: 0.47927083 | U26: 6.85 | V26: 67.15 | W26: 0.47927083 | X26: 0.51944444 | AA26: =M26-J26 -> -247.80343 | AB26: =M26/J26 -> 0.87609829
B27: 便當 | C27: 健身G肉餐盒 | E27: 59.52 | F27: 4066 | G27: =E27*F27 -> 242008.32 | I27: 25 | J27: 2000 | K27: =J27/I27 -> 80 | L27: 25 | M27: =F27/V27*60 -> 1764.2039 | N27: =M27/L27 -> 70.568157 | O27: =L27-I27 -> 0 | P27: =N27-K27 -> -9.4318428 | Q27: =N27/K27 -> 0.88210196 | S27: 0.51944444 | T27: 0.61547454 | U27: 57.85 | V27: 138.28333 | AA27: =M27-J27 -> -235.79607 | AB27: =M27/J27 -> 0.88210196
AQ29: =AI8 -> 0
B38: 平均 | I38: =AVERAGE(I22:I37) -> 25.5 | J38: =AVERAGE(J22:J37) -> 2000 | K38: =J38/I38 -> 78.431373 | L38: =AVERAGE(L22:L37) -> 25.5 | M38: =AVERAGE(M22:M37) -> 1743.1164 | N38: =M38/L38 -> 68.357504 | O38: =L38-I38 -> 0 | P38: =N38-K38 -> -10.073868 | Q38: =N38/K38 -> 0.87155818 | S38: =S22 -> 0.2503125 | T38: =INDEX(T22:T37,COUNTA(T22:T37)) -> 0.61547454 | AA38: =M38-J38 -> -256.88364 | AB38: =M38/J38 -> 0.87155818
A39: 涼麵一線 | B39: 熱食義麵 | C39: 金沙豆腐細扁麵 | E39: 49.52 | F39: 1520 | G39: =E39*F39 -> 75270.4 | I39: 24 | J39: 2000 | K39: =J39/I39 -> 83.333333 | L39: 24 | M39: =F39/V39*60 -> 1732.7422 | N39: =M39/L39 -> 72.197593 | O39: =L39-I39 -> 0 | P39: =N39-K39 -> -11.13574 | Q39: =N39/K39 -> 0.86637112 | R39: =Q55 -> 0.8655683 | S39: 0.25025463 | T39: 0.28680556 | V39: 52.633333 | AA39: =M39-J39 -> -267.25776 | AB39: =M39/J39 -> 0.86637112 | AC39: =AB55 -> 0.8655683
