Workbook

Sheet 1031
B1: 屏榮 大溪廠組合室生產人時性分析
B3: 日期 | C3: 114.10.31星期五 | E3: 訂單量 | F3: ='1031(18度C)'!D1+'1031(4度C)'!D1 -> 181372 | H3: 營業額 | I3: ='1031(18度C)'!F1+'1031(4度C)'!F1 -> 5667008.8
B4: 人時性 | C4: 項目 | E4: ➀ | G4: ➁ | I4: ➂ | K4: ④ | M4: ⑤
C5: 組合室 | E5: 全溫層 | G5: 4度C-各編組展開(一配) | I5: 4度C-各編組展開(二配) | K5: 18度C-各編組展開(一配) | M5: 18度C-各編組展開(二配)
C6: 排關平均 | E6: =AVERAGE(D13:O13,D27:X27) -> 460.16867 | F6: =AVERAGE(#REF!,D13:K13) -> #REF! | G6: =AVERAGE(D13:K13) -> 195.87163 | I6: =AVERAGE(L13:O13) -> 95.202399 | K6: =AVERAGE(D27:O27) -> 597.79868 | M6: =AVERAGE(P27:X27) -> 783.48901
C7: 實績平均 | E7: =AVERAGE(D14:O14,D28:X28) -> 405.40262 | F7: =AVERAGE(#REF!,D14:K14) -> #REF! | G7: =AVERAGE(D14:K14) -> 175.07503 | I7: =AVERAGE(L14:O14) -> 84.051324 | K7: =AVERAGE(D28:O28) -> 525.24375 | M7: =AVERAGE(P28:X28) -> 688.62419
C8: 達成率平均 | E8: =AVERAGE(D15:O15,D29:X29) -> 0.8815121 | F8: =AVERAGE(D15:K15,#REF!) -> #REF! | G8: =AVERAGE(D15:K15) -> 0.88730687 | I8: =AVERAGE(L15:O15) -> 0.88289148 | K8: =AVERAGE(D29:O29) -> 0.8776696 | M8: =AVERAGE(P29:X29) -> 0.87822717 | O8: ※現行日本鮮食廠以達成率80%為基本(即為現行KPI)
B10: 溫層 | D10: ➁4度C-各編組展開 | L10: ➂4度C-各編組展開
B11: 編組 | D11: 1 | E11: 2 | F11: 3 | G11: 4 | H11: 5 | I11: 6 | J11: 7 | K11: 8 | L11: 1 | M11: 2 | N11: 3 | O11: 4
D12: 便當一線 | E12: 便當二線 | F12: 涼麵一線 | G12: 涼麵二線 | H12: 涼麵三線 | I12: 自動包裝機 | J12: 自動包裝機2 | K12: 自動包裝機3 | L12: 便當一線 | M12: 便當二線 | N12: 涼麵一線 | O12: 涼麵二線
B13: 人時性 | C13: 排關 | D13: 115.15152 | E13: 80 | F13: 88.073394 | G13: 86.956522 | H13: 150 | I13: 250.92 | J13: - | K13: 600 | L13: - | M13: - | N13: 103.44828 | O13: 86.956522
C14: 實績 | D14: 102.47747 | E14: 70.872698 | F14: 77.470747 | G14: 76.772177 | H14: 132.95467 | I14: 220.59256 | J14: - | K14: 544.38487 | L14: - | M14: - | N14: 91.307729 | O14: 76.794919
C15: 達成率 | D15: =D14/D13 -> 0.88993591 | E15: =E14/E13 -> 0.88590872 | F15: =F14/F13 -> 0.87961577 | G15: =G14/G13 -> 0.88288004 | H15: =H14/H13 -> 0.88636447 | I15: =I14/I13 -> 0.87913503 | J15: - | K15: =K14/K13 -> 0.90730812 | L15: - | M15: - | N15: =N14/N13 -> 0.88264138 | O15: =O14/O13 -> 0.88314157
B16: 作業 時間 | C16: 開始 | D16: 0.25 | E16: 0.25 | F16: 0.25 | G16: 0.25013889 | H16: 0.25 | I16: 0.25010417 | J16: - | K16: 0.25 | L16: - | M16: - | N16: 0.70833333 | O16: 0.70833333
C17: 結束 | D17: 0.50555556 | E17: 0.53498843 | F17: 0.57222222 | G17: 0.58541667 | H17: 0.52649306 | I17: 0.52392361 | J17: - | K17: 0.3 | L17: - | M17: - | N17: 0.81269676 | O17: 0.83207176
B18: 配置人數 | D18: 16.5 | E18: 25 | F18: 21.8 | G18: 23 | H18: 20.571429 | I18: 12.5 | J18: - | K18: 6 | L18: - | M18: - | N18: 19.333333 | O18: 23
B19: 主要應用設備 | D19: L型封口機 | E19: ET-55 | F19: ET-55 | G19: ET-55 | H19: ET-600 | I19: 伺服包裝機 | J19: 伺服包裝機 | K19: 伺服包裝機 | L19: L型封口機 | M19: ET-55 | N19: ET-55 | O19: ET-55
B20: 次要應用設備 | D20: 伺服包裝機 | H20: 伺服包裝機
B21: 備註 | H21: 涼麵+烤飯糰 | I21: 大口飯糰線 | K21: 烤飯糰+手卷
B24: 溫層 | D24: ➃18度C-各編組展開 (一配) | P24: ⑤18度C-各編組展開 (二配)
B25: 編組 | D25: 1 | E25: 2 | F25: 3 | G25: 4 | H25: 5 | I25: 6 | J25: 7 | K25: 8 | L25: 9 | M25: 10 | N25: 11 | O25: 12 | P25: 1 | Q25: 2 | R25: 3 | S25: 4 | T25: 5 | U25: 6 | V25: 7 | W25: 8 | X25: 9
D26: 便當一線 | E26: 涼麵一線 | F26: 涼麵三線 | G26: 自動包裝機 | H26: 自動包裝機2 | I26: 自動包裝機3 | J26: 味付飯糰線B | K26: (舊) 3300型飯糰線 | L26: 3000型飯糰線 | M26: (新) 3300型飯糰機 | N26: GKK3600型 飯糰機 | O26: GKK3600型 飯糰機2 | P26: 自動包裝機 | Q26: 自動包裝機2 | R26: 自動包裝機3 | S26: 味付飯糰線B | T26: (舊) 3300型飯糰線 | U26: 3000型飯糰線 | V26: (新) 3300型飯糰機 | W26: GKK3600型 飯糰機 | X26: GKK3600型 飯糰機2
B27: 人時性 | C27: 排關 | D27: 211.76471 | E27: - | F27: - | G27: 313.04348 | H27: 433.33333 | I27: 416.66667 | J27: - | K27: - | L27: - | M27: 825 | N27: 1150 | O27: 834.78261 | P27: 285.71429 | Q27: - | R27: - | S27: - | T27: 787.5 | U27: - | V27: 825 | W27: 969.23077 | X27: 1050
C28: 實績 | D28: 183.00011 | E28: - | F28: - | G28: 271.35578 | H28: 383.37151 | I28: 369.57268 | J28: - | K28: - | L28: - | M28: 733.92219 | N28: 997.57969 | O28: 737.9043 | P28: 248.34067 | Q28: - | R28: - | S28: - | T28: 695.94116 | U28: - | V28: 733.54135 | W28: 854.67902 | X28: 910.61876
C29: 達成率 | D29: =D28/D27 -> 0.86416718 | E29: - | F29: - | G29: =G28/G27 -> 0.86683096 | H29: =H28/H27 -> 0.88470347 | I29: =I28/I27 -> 0.88697444 | J29: - | K29: - | L29: - | M29: =M28/M27 -> 0.88960265 | N29: =N28/N27 -> 0.8674606 | O29: =O28/O27 -> 0.88394786 | P29: =P28/P27 -> 0.86919235 | Q29: - | R29: - | S29: - | T29: =T28/T27 -> 0.88373481 | U29: - | V29: =V28/V27 -> 0.88914103 | W29: =W28/W27 -> 0.88181169 | X29: =X28/X27 -> 0.86725596
B30: 作業 時間 | C30: 開始 | D30: 0.37292824 | E30: - | F30: - | G30: 0.35694444 | H30: 0.25018519 | I30: 0.30440972 | J30: - | K30: - | L30: - | M30: 0.25018519 | N30: 0.2503125 | O30: 0.2500463 | P30: 0.70833333 | Q30: - | R30: - | S30: - | T30: 0.70858796 | U30: - | V30: 0.70833333 | W30: 0.7084838 | X30: 0.70833333
C31: 結束 | D31: 0.42650463 | E31: - | F31: - | G31: 0.43402778 | H31: 0.34934028 | I31: 0.39027778 | J31: - | K31: - | L31: - | M31: 0.44100694 | N31: 0.44930556 | O31: 0.42986111 | P31: 0.84450231 | Q31: - | R31: - | S31: - | T31: 0.85863426 | U31: - | V31: 0.87873843 | W31: 0.98480324 | X31: 0.98409722
B32: 配置人數 | D32: 17 | E32: - | F32: - | G32: 11.5 | H32: 6 | I32: 6 | J32: - | K32: - | L32: - | M32: 4 | N32: 3 | O32: 3.8333333 | P32: 12.6 | Q32: - | R32: - | S32: - | T32: 4 | U32: - | V32: 4 | W32: 3.25 | X32: 3.3333333
B33: 主要應用設備 | D33: 伺服包裝機 | E33: ET-55 | F33: ET-600 | G33: 夾心型 | H33: 伺服包裝機 | I33: 伺服包裝機 | J33: 夾心型 | K33: 3300型 | L33: 3300型 | M33: 3300型 | N33: GKK | O33: GKK | P33: 夾心型 | Q33: 伺服包裝機 | R33: 伺服包裝機 | S33: 夾心型 | T33: 3300型 | U33: 3300型 | V33: 3300型 | W33: GKK | X33: GKK
B34: 次要應用設備
B35: 備註

Sheet 1031(18度C)
A1: 大溪廠日報分析 | C1: 總生產量 | D1: =SUM(F5:F208) -> 107592 | E1: 營業額 | F1: =SUM(G5:G208) -> 2163308.8 | G1: 出勤人數 | H1: =L21+L38+L55+L72+L89+L106+L123+L140+L157+L174+L191+L208 -> 78.516667 | I1: 產線配置圖 | L1: 生產實績 | O1: 人時性差異分析 | S1: 日報登錄 | Y1: 分析說明 | AA1: 產能差異分析
A2: 45961 | C2: 人時性 | D2: =AVERAGE(N21,N38,N55,N72,N89,N106,N123,N140,N157,N174,N191,N208) -> 593.31893 | E2: 平均廠價 | F2: =F1/D1 -> 20.106596 | G2: 多次生產數 | H2: =COUNT(H5:H208) -> 3
A3: 線別 | B3: 品類 | C3: 品名 | E3: 廠價 | F3: 生產量 | G3: 營收 | H3: 多次 生產 | I3: 人數 | J3: 產能/時 | K3: 人時性 | L3: 人數 | M3: 產能/時 | N3: 人時性 | O3: 人數 | P3: 人時性 | Q3: 達成率 | R3: 達成率 平均 | S3: 生產時間 | U3: 換線、休息/分 | V3: 稼動時間/分 | W3: 休息時間 | Y3: (屏榮回填) | AA3: 產能/時 | AB3: 達成率 | AC3: 達成率平均
S4: 開始 | T4: 結束 | W4: 開始 | X4: 結束
A5: 便當一線 | B5: 18℃-壽司手卷 | C5: 一配海饌雙手卷 | E5: 29.85 | F5: 1918 | G5: =E5*F5 -> 57252.3 | I5: 17 | J5: 3600 | K5: =J5/I5 -> 211.76471 | L5: 17 | M5: =F5/V5*60 -> 3111.6719 | N5: =M5/L5 -> 183.03952 | O5: =L5-I5 -> 0 | P5: =N5-K5 -> -28.725181 | Q5: =N5/K5 -> 0.86435331 | R5: =Q21 -> 0.86416718 | S5: 0.37292824 | T5: 0.39861111 | U5: 5.9333333 | V5: 36.983333 | AA5: =M5-J5 -> -488.32808 | AB5: =M5/J5 -> 0.86435331 | AC5: =AB21 -> 0.86416718
B6: 18℃-壽司手卷 | C6: 一配雙饗雙手卷 | E6: 29.52 | F6: 1823 | G6: =E6*F6 -> 53814.96 | I6: 17 | J6: 3600 | K6: =J6/I6 -> 211.76471 | L6: 17 | M6: =F6/V6*60 -> 3110.3318 | N6: =M6/L6 -> 182.96069 | O6: =L6-I6 -> 0 | P6: =N6-K6 -> -28.804014 | Q6: =N6/K6 -> 0.86398104 | S6: 0.40208333 | T6: 0.42650463 | U6: 5 | V6: 35.166667 | W6: 0.42650463 | X6: 0.46677083 | AA6: =M6-J6 -> -489.66825 | AB6: =M6/J6 -> 0.86398104
B21: 平均 | I21: =AVERAGE(I5:I20) -> 17 | J21: =AVERAGE(J5:J20) -> 3600 | K21: =J21/I21 -> 211.76471 | L21: =AVERAGE(L5:L20) -> 17 | M21: =AVERAGE(M5:M20) -> 3111.0018 | N21: =M21/L21 -> 183.00011 | O21: =L21-I21 -> 0 | P21: =N21-K21 -> -28.764598 | Q21: =N21/K21 -> 0.86416718 | S21: =S5 -> 0.37292824 | T21: =INDEX(T5:T20,COUNTA(T5:T20)) -> 0.42650463 | AA21: =M21-J21 -> -488.99816 | AB21: =M21/J21 -> 0.86416718
A22: 自動包裝機 | B22: 18℃-壽司手卷 | C22: 一配長野稻荷壽司 | E22: 25.64 | F22: 1150 | G22: =E22*F22 -> 29486 | I22: 11 | J22: 3600 | K22: =J22/I22 -> 327.27273 | L22: 11 | M22: =F22/V22*60 -> 3136.3636 | N22: =M22/L22 -> 285.12397 | O22: =L22-I22 -> 0 | P22: =N22-K22 -> -42.14876 | Q22: =N22/K22 -> 0.87121212 | R22: =Q38 -> 0.86683096 | S22: 0.35694444 | T22: 0.37222222 | U22: 5 | V22: 22 | AA22: =M22-J22 -> -463.63636 | AB22: =M22/J22 -> 0.87121212 | AC22: =AB38 -> 0.86683096
B23: 18℃-飯糰 | C23: 一配兩粒飯糰(鮪魚.焦糖鮭魚) | E23: 28.57 | F23: 4295 | G23: =E23*F23 -> 122708.15 | I23: 12 | J23: 3600 | K23: =J23/I23 -> 300 | L23: 12 | M23: =F23/V23*60 -> 3104.8193 | N23: =M23/L23 -> 258.73494 | O23: =L23-I23 -> 0 | P23: =N23-K23 -> -41.26506 | Q23: =N23/K23 -> 0.8624498 | S23: 0.37638889 | T23: 0.43402778 | U23: 6 | V23: 83 | AA23: =M23-J23 -> -495.18072 | AB23: =M23/J23 -> 0.8624498
B38: 平均 | I38: =AVERAGE(I22:I37) -> 11.5 | J38: =AVERAGE(J22:J37) -> 3600 | K38: =J38/I38 -> 313.04348 | L38: =AVERAGE(L22:L37) -> 11.5 | M38: =AVERAGE(M22:M37) -> 3120.5915 | N38: =M38/L38 -> 271.35578 | O38: =L38-I38 -> 0 | P38: =N38-K38 -> -41.687699 | Q38: =N38/K38 -> 0.86683096 | S38: =S22 -> 0.35694444 | T38: =INDEX(T22:T37,COUNTA(T22:T37)) -> 0.43402778 | AA38: =M38-J38 -> -479.40854 | AB38: =M38/J38 -> 0.86683096
A39: 自動包裝機2 | B39: 18℃-壽司手卷 | C39: 一配雙鬆細卷 | E39: 14.03 | F39: 2098 | G39: =E39*F39 -> 29434.94 | I39: 6 | J39: 2600 | K39: =J39/I39 -> 433.33333 | L39: 6 | M39: =F39/V39*60 -> 2299.8782 | N39: =M39/L39 -> 383.31303 | O39: =L39-I39 -> 0 | P39: =N39-K39 -> -50.0203 | Q39: =N39/K39 -> 0.88456854 | R39: =Q55 -> 0.88470347 | S39: 0.25018519 | T39: 0.28819444 | V39: 54.733333 | AA39: =M39-J39 -> -300.1218 | AB39: =M39/J39 -> 0.88456854 | AC39: =AB55 -> 0.88470347
B40: 18℃-壽司手卷 | C40: 一配香濃起司蟹風味棒細卷 | E40: 17.73 | F40: 1282 | G40: =E40*F40 -> 22729.86 | I40: 6 | J40: 2600 | K40: =J40/I40 -> 433.33333 | L40: 6 | M40: =F40/V40*60 -> 2300.6979 | N40: =M40/L40 -> 383.44965 | O40: =L40-I40 -> 0 | P40: =N40-K40 -> -49.883682 | Q40: =N40/K40 -> 0.88488381 | S40: 0.29166667 | T40: 0.31488426 | U40: 5 | V40: 33.433333 | AA40: =M40-J40 -> -299.30209 | AB40: =M40/J40 -> 0.88488381
B41: 18℃-壽司手卷 | C41: 一配經典鮪魚沙拉細卷 | E41: 14.49 | F41: 1727 | G41: =E41*F41 -> 25024.23 | I41: 6 | J41: 2600 | K41: =J41/I41 -> 433.33333 | L41: 6 | M41: =F41/V41*60 -> 2300.111 | N41: =M41/L41 -> 383.35183 | O41: =L41-I41 -> 0 | P41: =N41-K41 -> -49.981502 | Q41: =N41/K41 -> 0.88465807 | S41: 0.31805556 | T41: 0.34934028 | U41: 4.5666667 | V41: 45.05 | AA41: =M41-J41 -> -299.88901 | AB41: =M41/J41 -> 0.88465807
B55: 平均 | I55: =AVERAGE(I39:I54) -> 6 | J55: =AVERAGE(J39:J54) -> 2600 | K55: =J55/I55 -> 433.33333 | L55: =AVERAGE(L39:L54) -> 6 | M55: =AVERAGE(M39:M54) -> 2300.229 | N55: =M55/L55 -> 383.37151 | O55: =L55-I55 -> 0 | P55: =N55-K55 -> -49.961828 | Q55: =N55/K55 -> 0.88470347 | S55: =S39 -> 0.25018519 | T55: =INDEX(T39:T54,COUNTA(T39:T54)) -> 0.34934028 | AA55: =M55-J55 -> -299.77097 | AB55: =M55/J55 -> 0.88470347
A56: 自動包裝機3 | B56: 18℃-壽司手卷 | C56: 一配滿滿海鮮沙拉脆卷 | E56: 19.39 | F56: 1687 | G56: =E56*F56 -> 32710.93 | I56: 6 | J56: 2500 | K56: =J56/I56 -> 416.66667 | L56: 6 | M56: =F56/V56*60 -> 2217.3056 | N56: =M56/L56 -> 369.55093 | O56: =L56-I56 -> 0 | P56: =N56-K56 -> -47.115736 | Q56: =N56/K56 -> 0.88692223 | R56: =Q72 -> 0.88697444 | S56: 0.30440972 | T56: 0.33611111 | U56: 6.35 | V56: 45.65 | AA56: =M56-J56 -> -282.69441 | AB56: =M56/J56 -> 0.88692223 | AC56: =AB72 -> 0.88697444
B57: 18℃-壽司手卷 | C57: 一配明太子玉子脆卷 | E57: 19.7 | F57: 2658 | G57: =E57*F57 -> 52362.6 | I57: 6 | J57: 2500 | K57: =J57/I57 -> 416.66667 | L57: 6 | M57: =F57/V57*60 -> 2217.5666 | N57: =M57/L57 -> 369.59444 | O57: =L57-I57 -> 0 | P57: =N57-K57 -> -47.072229 | Q57: =N57/K57 -> 0.88702665 | S57: 0.34033565 | T57: 0.39027778 | U57: 6.0833333 | V57: 71.916667 | AA57: =M57-J57 -> -282.43337 | AB57: =M57/J57 -> 0.88702665
B72: 平均 | I72: =AVERAGE(I56:I71) -> 6 | J72: =AVERAGE(J56:J71) -> 2500 | K72: =J72/I72 -> 416.66667 | L72: =AVERAGE(L56:L71) -> 6 | M72: =AVERAGE(M56:M71) -> 2217.4361 | N72: =M72/L72 -> 369.57268 | O72: =L72-I72 -> 0 | P72: =N72-K72 -> -47.093982 | Q72: =N72/K72 -> 0.88697444 | S72: =S56 -> 0.30440972 | T72: =INDEX(T56:T71,COUNTA(T56:T71)) -> 0.39027778 | AA72: =M72-J72 -> -282.56389 | AB72: =M72/J72 -> 0.88697444
A73: (新) 3300型飯糰機 | B73: 18℃-飯糰 | C73: 一配照燒雞肉飯糰 | E73: 21.45 | F73: 2242 | G73: =E73*F73 -> 48090.9 | I73: 4 | J73: 3300 | K73: =J73/I73 -> 825 | L73: 4 | M73: =F73/V73*60 -> 2941.3994 | N73: =M73/L73 -> 735.34985 | O73: =L73-I73 -> 0 | P73: =N73-K73 -> -89.650146 | Q73: =N73/K73 -> 0.89133316 | R73: =Q89 -> 0.88960265 | S73: 0.25018519 | T73: 0.28194444 | V73: 45.733333 | AA73: =M73-J73 -> -358.60058 | AB73: =M73/J73 -> 0.89133316 | AC73: =AB89 -> 0.88960265
B74: 18℃-飯糰 | C74: 一配鹽蔥燒肉飯糰 | E74: 17.89 | F74: 2312 | G74: =E74*F74 -> 41361.68 | I74: 4 | J74: 3300 | K74: =J74/I74 -> 825 | L74: 4 | M74: =F74/V74*60 -> 2936.909 | N74: =M74/L74 -> 734.22724 | O74: =L74-I74 -> 0 | P74: =N74-K74 -> -90.772759 | Q74: =N74/K74 -> 0.88997241 | S74: 0.28541667 | T74: 0.31821759 | U74: 5 | V74: 47.233333 | AA74: =M74-J74 -> -363.09104 | AB74: =M74/J74 -> 0.88997241
B75: 18℃-飯糰 | C75: 一配壹號醬炙烤牛飯糰 | E75: 22.28 | F75: 953 | G75: =E75*F75 -> 21232.84 | I75: 5 | J75: 3300 | K75: =J75/I75 -> 660 | L75: 5 | M75: =F75/V75*60 -> 2934.8161 | N75: =M75/L75 -> 586.96322 | O75: =L75-I75 -> 0 | P75: =N75-K75 -> -73.036784 | Q75: =N75/K75 -> 0.88933821 | S75: 0.32222222 | T75: 0.33575231 | U75: 5.7666667 | V75: 19.483333 | AA75: =M75-J75 -> -365.18392 | AB75: =M75/J75 -> 0.88933821
B76: 18℃-飯糰 | C76: 一配椒鹽檸檬鯖魚飯糰 | E76: 21.45 | F76: 3112 | G76: =E76*F76 -> 66752.4 | I76: 3 | J76: 3300 | K76: =J76/I76 -> 1100 | L76: 3 | M76: =F76/V76*60 -> 2932.7749 | N76: =M76/L76 -> 977.59162 | O76: =L76-I76 -> 0 | P76: =N76-K76 -> -122.40838 | Q76: =N76/K76 -> 0.88871966 | S76: 0.33981481 | T76: 0.38402778 | U76: 5.85 | V76: 63.666667 | AA76: =M76-J76 -> -367.22513 | AB76: =M76/J76 -> 0.88871966
B77: 18℃-飯糰 | C77: 一配雞肉飯飯糰 | E77: 16.66 | F77: 3717 | G77: =E77*F77 -> 61925.22 | I77: 4 | J77: 3300 | K77: =J77/I77 -> 825 | L77: 4 | M77: =F77/V77*60 -> 2932.5444 | N77: =M77/L77 -> 733.13609 | O77: =L77-I77 -> 0 | P77: =N77-K77 -> -91.863905 | Q77: =N77/K77 -> 0.88864981 | S77: 0.38819444 | T77: 0.44100694 | U77: 6 | V77: 76.05 | AA77: =M77-J77 -> -367.45562 | AB77: =M77/J77 -> 0.88864981
B89: 平均 | I89: =AVERAGE(I73:I88) -> 4 | J89: =AVERAGE(J73:J88) -> 3300 | K89: =J89/I89 -> 825 | L89: =AVERAGE(L73:L88) -> 4 | M89: =AVERAGE(M73:M88) -> 2935.6887 | N89: =M89/L89 -> 733.92219 | O89: =L89-I89 -> 0 | P89: =N89-K89 -> -91.077815 | Q89: =N89/K89 -> 0.88960265 | S89: =S73 -> 0.25018519 | T89: =INDEX(T73:T88,COUNTA(T73:T88)) -> 0.44100694 | AA89: =M89-J89 -> -364.31126 | AB89: =M89/J89 -> 0.88960265
A90: GKK3600型 飯糰機 | B90: 18℃-飯糰 | C90: 一配蔬食鮪魚飯糰 | E90: 18.18 | F90: 1320 | G90: =E90*F90 -> 23997.6 | I90: 3 | J90: 3600 | K90: =J90/I90 -> 1200 | L90: 3 | M90: =F90/V90*60 -> 3099.8043 | N90: =M90/L90 -> 1033.2681 | O90: =L90-I90 -> 0 | P90: =N90-K90 -> -166.7319 | Q90: =N90/K90 -> 0.86105675 | R90: =Q106 -> 0.8674606 | S90: 0.2503125 | T90: 0.26805556 | V90: 25.55 | AA90: =M90-J90 -> -500.19569 | AB90: =M90/J90 -> 0.86105675 | AC90: =AB106 -> 0.8674606
B91: 18℃-飯糰 | C91: 一配明太子龍蝦風味沙拉飯糰 | E91: 18.18 | F91: 1914 | G91: =E91*F91 -> 34796.52 | I91: 3 | J91: 3600 | K91: =J91/I91 -> 1200 | L91: 3 | M91: =F91/V91*60 -> 3099.5951 | N91: =M91/L91 -> 1033.1984 | O91: =L91-I91 -> 0 | P91: =N91-K91 -> -166.80162 | Q91: =N91/K91 -> 0.86099865 | S91: 0.27986111 | T91: 0.30559028 | U91: 17 | V91: 37.05 | AA91: =M91-J91 -> -500.40486 | AB91: =M91/J91 -> 0.86099865
B92: 18℃-飯糰 | C92: 一配鮪魚飯糰 | E92: 14.28 | F92: 4584 | G92: =E92*F92 -> 65459.52 | I92: 3 | J92: 3600 | K92: =J92/I92 -> 1200 | L92: 3 | M92: =F92/V92*60 -> 3101.3719 | N92: =M92/L92 -> 1033.7906 | O92: =L92-I92 -> 0 | P92: =N92-K92 -> -166.20936 | Q92: =N92/K92 -> 0.8614922 | S92: 0.31688657 | T92: 0.37847222 | U92: 16.266667 | V92: 88.683333 | AA92: =M92-J92 -> -498.62808 | AB92: =M92/J92 -> 0.8614922
B93: 18℃-飯糰 | C93: 一配經典肉鬆飯糰 | E93: 14.03 | F93: 3851 | G93: =E93*F93 -> 54029.53 | I93: 3 | J93: 3000 | K93: =J93/I93 -> 1000 | L93: 3 | M93: =F93/V93*60 -> 2670.1849 | N93: =M93/L93 -> 890.06163 | O93: =L93-I93 -> 0 | P93: =N93-K93 -> -109.93837 | Q93: =N93/K93 -> 0.89006163 | S93: 0.38921296 | T93: 0.44930556 | U93: 15.466667 | V93: 86.533333 | AA93: =M93-J93 -> -329.8151 | AB93: =M93/J93 -> 0.89006163
B106: 平均 | I106: =AVERAGE(I90:I105) -> 3 | J106: =AVERAGE(J90:J105) -> 3450 | K106: =J106/I106 -> 1150 | L106: =AVERAGE(L90:L105) -> 3 | M106: =AVERAGE(M90:M105) -> 2992.7391 | N106: =M106/L106 -> 997.57969 | O106: =L106-I106 -> 0 | P106: =N106-K106 -> -152.42031 | Q106: =N106/K106 -> 0.8674606 | S106: =S90 -> 0.2503125 | T106: =INDEX(T90:T105,COUNTA(T90:T105)) -> 0.44930556 | AA106: =M106-J106 -> -457.26093 | AB106: =M106/J106 -> 0.8674606
A107: GKK3600型 飯糰機2 | B107: 18℃-飯糰 | C107: 一配熟成紅鮭飯糰 | E107: 25.03 | F107: 1303 | G107: =E107*F107 -> 32614.09 | I107: 4 | J107: 3300 | K107: =J107/I107 -> 825 | L107: 4 | M107: =F107/V107*60 -> 2902.7228 | N107: =M107/L107 -> 725.68069 | O107: =L107-I107 -> 0 | P107: =N107-K107 -> -99.319307 | Q107: =N107/K107 -> 0.87961296 | R107: =Q123 -> 0.88394786 | S107: 0.2500463 | T107: 0.26875 | V107: 26.933333 | AA107: =M107-J107 -> -397.27723 | AB107: =M107/J107 -> 0.87961296 | AC107: =AB123 -> 0.88394786
B108: 18℃-飯糰 | C108: 一配博多明太子奶油飯糰 | E108: 25.45 | F108: 1069 | G108: =E108*F108 -> 27206.05 | I108: 4 | J108: 3300 | K108: =J108/I108 -> 825 | L108: 4 | M108: =F108/V108*60 -> 2904.4528 | N108: =M108/L108 -> 726.11321 | O108: =L108-I108 -> 0 | P108: =N108-K108 -> -98.886792 | Q108: =N108/K108 -> 0.88013722 | S108: 0.27916667 | T108: 0.29450231 | U108: 15 | V108: 22.083333 | AA108: =M108-J108 -> -395.54717 | AB108: =M108/J108 -> 0.88013722
B109: 18℃-飯糰 | C109: 一配照燒鰤魚大根飯糰 | E109: 26.73 | F109: 229 | G109: =E109*F109 -> 6121.17 | I109: 4 | J109: 3300 | K109: =J109/I109 -> 825 | L109: 4 | M109: =F109/V109*60 -> 2902.8169 | N109: =M109/L109 -> 725.70423 | O109: =L109-I109 -> 0 | P109: =N109-K109 -> -99.295775 | Q109: =N109/K109 -> 0.87964149 | S109: 0.3050463 | T109: 0.30833333 | U109: 15.183333 | V109: 4.7333333 | AA109: =M109-J109 -> -397.1831 | AB109: =M109/J109 -> 0.87964149
B110: 18℃-飯糰 | C110: 一配筋子銀鮭飯糰 | E110: 30 | F110: 1691 | G110: =E110*F110 -> 50730 | I110: 4 | J110: 3000 | K110: =J110/I110 -> 750 | L110: 4 | M110: =F110/V110*60 -> 2679.4014 | N110: =M110/L110 -> 669.85035 | O110: =L110-I110 -> 0 | P110: =N110-K110 -> -80.149648 | Q110: =N110/K110 -> 0.8931338 | S110: 0.32023148 | T110: 0.34652778 | U110: 17.133333 | V110: 37.866667 | AA110: =M110-J110 -> -320.59859 | AB110: =M110/J110 -> 0.8931338
B111: 18℃-飯糰 | C111: 一配北海道秋鮭親子飯糰 | E111: 24.82 | F111: 1527 | G111: =E111*F111 -> 37900.14 | I111: 4 | J111: 3300 | K111: =J111/I111 -> 825 | L111: 4 | M111: =F111/V111*60 -> 2903.962 | N111: =M111/L111 -> 725.99049 | O111: =L111-I111 -> 0 | P111: =N111-K111 -> -99.009509 | Q111: =N111/K111 -> 0.87998847 | S111: 0.35725694 | T111: 0.37916667 | U111: 15.45 | V111: 31.55 | AA111: =M111-J111 -> -396.03803 | AB111: =M111/J111 -> 0.87998847
B112: 18℃-飯糰 | C112: 一配贅沢鮭魚肚飯糰 | E112: 30 | F112: 2485 | G112: =E112*F112 -> 74550 | I112: 3 | J112: 3000 | K112: =J112/I112 -> 1000 | L112: 3 | M112: =F112/V112*60 -> 2678.4431 | N112: =M112/L112 -> 892.81437 | O112: =L112-I112 -> 0 | P112: =N112-K112 -> -107.18563 | Q112: =N112/K112 -> 0.89281437 | S112: 0.3912037 | T112: 0.42986111 | U112: 17.333333 | V112: 55.666667 | AA112: =M112-J112 -> -321.55689 | AB112: =M112/J112 -> 0.89281437
B123: 平均 | I123: =AVERAGE(I107:I122) -> 3.8333333 | J123: =AVERAGE(J107:J122) -> 3200 | K123: =J123/I123 -> 834.78261 | L123: =AVERAGE(L107:L122) -> 3.8333333 | M123: =AVERAGE(M107:M122) -> 2828.6332 | N123: =M123/L123 -> 737.9043 | O123: =L123-I123 -> 0 | P123: =N123-K123 -> -96.878305 | Q123: =N123/K123 -> 0.88394786 | S123: =S107 -> 0.2500463 | T123: =INDEX(T107:T122,COUNTA(T107:T122)) -> 0.42986111 | AA123: =M123-J123 -> -371.36683 | AB123: =M123/J123 -> 0.88394786
A124: 自動包裝機 (二配) | B124: 18℃-飯糰 | C124: 二配兔兔昆布飯糰 | E124: 13.42 | F124: 268 | G124: =E124*F124 -> 3596.56 | I124: 6 | J124: 3600 | K124: =J124/I124 -> 600 | L124: 6 | M124: =F124/V124*60 -> 3184.1584 | N124: =M124/L124 -> 530.69307 | O124: =L124-I124 -> 0 | P124: =N124-K124 -> -69.306931 | Q124: =N124/K124 -> 0.88448845 | R124: =Q140 -> 0.86919235 | S124: 0.70833333 | T124: 0.71184028 | V124: 5.05 | AA124: =M124-J124 -> -415.84158 | AB124: =M124/J124 -> 0.88448845 | AC124: =AB140 -> 0.86919235
B125: 18℃-壽司手卷 | C125: 二配長野稻荷壽司 | E125: 25.64 | F125: 1633 | G125: =E125*F125 -> 41870.12 | I125: 11 | J125: 3600 | K125: =J125/I125 -> 327.27273 | L125: 11 | M125: =F125/V125*60 -> 3137.0331 | N125: =M125/L125 -> 285.18483 | O125: =L125-I125 -> 0 | P125: =N125-K125 -> -42.087901 | Q125: =N125/K125 -> 0.87139808 | S125: 0.71527778 | T125: 0.73696759 | U125: 4.95 | V125: 31.233333 | AA125: =M125-J125 -> -462.96692 | AB125: =M125/J125 -> 0.87139808
B126: 18℃-壽司手卷 | C126: 二配雙饗雙手卷 | E126: 29.52 | F126: 1878 | G126: =E126*F126 -> 55438.56 | I126: 17 | J126: 3600 | K126: =J126/I126 -> 211.76471 | L126: 17 | M126: =F126/V126*60 -> 3109.8436 | N126: =M126/L126 -> 182.93198 | O126: =L126-I126 -> 0 | P126: =N126-K126 -> -28.832729 | Q126: =N126/K126 -> 0.86384545 | S126: 0.74166667 | T126: 0.7668287 | U126: 6.7666667 | V126: 36.233333 | AA126: =M126-J126 -> -490.15639 | AB126: =M126/J126 -> 0.86384545
B127: 18℃-壽司手卷 | C127: 二配海饌雙手卷 | E127: 29.85 | F127: 1989 | G127: =E127*F127 -> 59371.65 | I127: 17 | J127: 3600 | K127: =J127/I127 -> 211.76471 | L127: 17 | M127: =F127/V127*60 -> 3111.8644 | N127: =M127/L127 -> 183.05085 | O127: =L127-I127 -> 0 | P127: =N127-K127 -> -28.713858 | Q127: =N127/K127 -> 0.86440678 | S127: 0.77013889 | T127: 0.79677083 | U127: 4.7666667 | V127: 38.35 | AA127: =M127-J127 -> -488.13559 | AB127: =M127/J127 -> 0.86440678
B128: 18℃-飯糰 | C128: 二配兩粒飯糰(鮪魚.焦糖鮭魚) | E128: 28.57 | F128: 3262 | G128: =E128*F128 -> 93195.34 | I128: 12 | J128: 3600 | K128: =J128/I128 -> 300 | L128: 12 | M128: =F128/V128*60 -> 3102.5627 | N128: =M128/L128 -> 258.5469 | O128: =L128-I128 -> 0 | P128: =N128-K128 -> -41.453104 | Q128: =N128/K128 -> 0.86182299 | S128: 0.80069444 | T128: 0.84450231 | U128: 5.65 | V128: 63.083333 | AA128: =M128-J128 -> -497.43725 | AB128: =M128/J128 -> 0.86182299
B140: 平均 | I140: =AVERAGE(I124:I139) -> 12.6 | J140: =AVERAGE(J124:J139) -> 3600 | K140: =J140/I140 -> 285.71429 | L140: =AVERAGE(L124:L139) -> 12.6 | M140: =AVERAGE(M124:M139) -> 3129.0925 | N140: =M140/L140 -> 248.34067 | O140: =L140-I140 -> 0 | P140: =N140-K140 -> -37.373615 | Q140: =N140/K140 -> 0.86919235 | S140: =S124 -> 0.70833333 | T140: =INDEX(T124:T139,COUNTA(T124:T139)) -> 0.84450231 | AA140: =M140-J140 -> -470.90755 | AB140: =M140/J140 -> 0.86919235
A141: (舊) 3300型飯糰線 (二配) | B141: 18℃-飯糰 | C141: 二配鹽蔥燒肉飯糰 | E141: 17.89 | F141: 4679 | G141: =E141*F141 -> 83707.31 | I141: 4 | J141: 3300 | K141: =J141/I141 -> 825 | L141: 4 | M141: =F141/V141*60 -> 2935.5873 | N141: =M141/L141 -> 733.89683 | O141: =L141-I141 -> 0 | P141: =N141-K141 -> -91.103172 | Q141: =N141/K141 -> 0.88957191 | R141: =Q157 -> 0.88373481 | S141: 0.70858796 | T141: 0.775 | V141: 95.633333 | AA141: =M141-J141 -> -364.41269 | AB141: =M141/J141 -> 0.88957191 | AC141: =AB157 -> 0.88373481
B142: 18℃-飯糰 | C142: 二配油蔥G絲飯糰 | E142: 18.18 | F142: 1007 | G142: =E142*F142 -> 18307.26 | I142: 4 | J142: 3300 | K142: =J142/I142 -> 825 | L142: 4 | M142: =F142/V142*60 -> 2933.0097 | N142: =M142/L142 -> 733.25243 | O142: =L142-I142 -> 0 | P142: =N142-K142 -> -91.747573 | Q142: =N142/K142 -> 0.88879082 | S142: 0.77944444 | T142: 0.79375 | U142: 6.4 | V142: 20.6 | AA142: =M142-J142 -> -366.99029 | AB142: =M142/J142 -> 0.88879082
B143: 18℃-飯糰 | C143: 二配大飯糰春川風味辣炒雞 | E143: 24.15 | F143: 474 | G143: =E143*F143 -> 11447.1 | I143: 4 | J143: 3000 | K143: =J143/I143 -> 750 | L143: 4 | M143: =F143/V143*60 -> 2633.3333 | N143: =M143/L143 -> 658.33333 | O143: =L143-I143 -> 0 | P143: =N143-K143 -> -91.666667 | Q143: =N143/K143 -> 0.87777778 | S143: 0.79805556 | T143: 0.80555556 | U143: 6.2 | V143: 10.8 | AA143: =M143-J143 -> -366.66667 | AB143: =M143/J143 -> 0.87777778
B144: 18℃-飯糰 | C144: 二配大飯糰鮪魚昆布 | E144: 22.21 | F144: 3091 | G144: =E144*F144 -> 68651.11 | I144: 4 | J144: 3000 | K144: =J144/I144 -> 750 | L144: 4 | M144: =F144/V144*60 -> 2633.1283 | N144: =M144/L144 -> 658.28206 | O144: =L144-I144 -> 0 | P144: =N144-K144 -> -91.717937 | Q144: =N144/K144 -> 0.87770942 | S144: 0.80972222 | T144: 0.85863426 | U144: 6 | V144: 70.433333 | AA144: =M144-J144 -> -366.87175 | AB144: =M144/J144 -> 0.87770942
B157: 平均 | I157: =AVERAGE(I141:I156) -> 4 | J157: =AVERAGE(J141:J156) -> 3150 | K157: =J157/I157 -> 787.5 | L157: =AVERAGE(L141:L156) -> 4 | M157: =AVERAGE(M141:M156) -> 2783.7647 | N157: =M157/L157 -> 695.94116 | O157: =L157-I157 -> 0 | P157: =N157-K157 -> -91.558837 | Q157: =N157/K157 -> 0.88373481 | S157: =S141 -> 0.70858796 | T157: =INDEX(T141:T156,COUNTA(T141:T156)) -> 0.85863426 | AA157: =M157-J157 -> -366.23535 | AB157: =M157/J157 -> 0.88373481
A158: (新) 3300型飯糰機 (二配) | B158: 18℃-飯糰 | C158: 二配壹號醬炙烤牛飯糰 | E158: 22.28 | F158: 1627 | G158: =E158*F158 -> 36249.56 | I158: 5 | J158: 3300 | K158: =J158/I158 -> 660 | L158: 5 | M158: =F158/V158*60 -> 2932.9995 | N158: =M158/L158 -> 586.5999 | O158: =L158-I158 -> 0 | P158: =N158-K158 -> -73.4001 | Q158: =N158/K158 -> 0.88878773 | R158: =Q174 -> 0.88914103 | S158: 0.70833333 | T158: 0.73144676 | V158: 33.283333 | AA158: =M158-J158 -> -367.0005 | AB158: =M158/J158 -> 0.88878773 | AC158: =AB174 -> 0.88914103
B159: 18℃-飯糰 | C159: 二配三杯醬爆菇菇飯糰 | E159: 16.7 | F159: 2848 | G159: =E159*F159 -> 47561.6 | I159: 3 | J159: 3300 | K159: =J159/I159 -> 1100 | L159: 3 | M159: =F159/V159*60 -> 2933.5622 | N159: =M159/L159 -> 977.85408 | O159: =L159-I159 -> 0 | P159: =N159-K159 -> -122.14592 | Q159: =N159/K159 -> 0.88895825 | S159: 0.73472222 | T159: 0.77517361 | U159: 4.7166667 | V159: 58.25 | AA159: =M159-J159 -> -366.43777 | AB159: =M159/J159 -> 0.88895825
B160: 18℃-飯糰 | C160: 二配雞肉飯飯糰 | E160: 16.66 | F160: 7065 | G160: =E160*F160 -> 117702.9 | I160: 4 | J160: 3300 | K160: =J160/I160 -> 825 | L160: 4 | M160: =F160/V160*60 -> 2935.9344 | N160: =M160/L160 -> 733.98361 | O160: =L160-I160 -> 0 | P160: =N160-K160 -> -91.016392 | Q160: =N160/K160 -> 0.8896771 | S160: 0.77847222 | T160: 0.87873843 | U160: 4.75 | V160: 144.38333 | AA160: =M160-J160 -> -364.06557 | AB160: =M160/J160 -> 0.8896771
B174: 平均 | I174: =AVERAGE(I158:I173) -> 4 | J174: =AVERAGE(J158:J173) -> 3300 | K174: =J174/I174 -> 825 | L174: =AVERAGE(L158:L173) -> 4 | M174: =AVERAGE(M158:M173) -> 2934.1654 | N174: =M174/L174 -> 733.54135 | O174: =L174-I174 -> 0 | P174: =N174-K174 -> -91.458653 | Q174: =N174/K174 -> 0.88914103 | S174: =S158 -> 0.70833333 | T174: =INDEX(T158:T173,COUNTA(T158:T173)) -> 0.87873843 | AA174: =M174-J174 -> -365.83461 | AB174: =M174/J174 -> 0.88914103
A175: GKK3600型 飯糰機 (二配) | B175: 18℃-飯糰 | C175: 二配經典肉鬆飯糰 | E175: 14.03 | F175: 1993 | G175: =E175*F175 -> 27961.79 | H175: 2 | I175: 3 | J175: 3000 | K175: =J175/I175 -> 1000 | L175: 3 | M175: =F175/V175*60 -> 2670.1898 | N175: =M175/L175 -> 890.06327 | O175: =L175-I175 -> 0 | P175: =N175-K175 -> -109.93673 | Q175: =N175/K175 -> 0.89006327 | R175: =Q191 -> 0.88181169 | S175: 0.7084838 | T175: 0.73958333 | V175: 44.783333 | AA175: =M175-J175 -> -329.8102 | AB175: =M175/J175 -> 0.89006327 | AC175: =AB191 -> 0.88181169
B176: 18℃-飯糰 | C176: 二配芝麻香鬆飯糰 | E176: 18.18 | F176: 1888 | G176: =E176*F176 -> 34323.84 | I176: 4 | J176: 3000 | K176: =J176/I176 -> 750 | L176: 4 | M176: =F176/V176*60 -> 2670.6483 | N176: =M176/L176 -> 667.66208 | O176: =L176-I176 -> 0 | P176: =N176-K176 -> -82.337917 | Q176: =N176/K176 -> 0.89021611 | S176: 0.75 | T176: 0.77945602 | U176: 15 | V176: 42.416667 | AA176: =M176-J176 -> -329.35167 | AB176: =M176/J176 -> 0.89021611
B177: 18℃-飯糰 | C177: 二配鮪魚飯糰 | E177: 14.28 | F177: 4518 | G177: =E177*F177 -> 64517.04 | H177: 2 | I177: 3 | J177: 3600 | K177: =J177/I177 -> 1200 | L177: 3 | M177: =F177/V177*60 -> 3099.8285 | N177: =M177/L177 -> 1033.2762 | O177: =L177-I177 -> 0 | P177: =N177-K177 -> -166.72384 | Q177: =N177/K177 -> 0.86106346 | S177: 0.78958333 | T177: 0.8503125 | U177: 14.583333 | V177: 87.45 | W177: 0.8503125 | X177: 0.90486111 | AA177: =M177-J177 -> -500.17153 | AB177: =M177/J177 -> 0.86106346
B178: 18℃-飯糰 | C178: 二配經典肉鬆飯糰 | E178: 14.03 | F178: 5123 | G178: =E178*F178 -> 71875.69 | I178: 3 | J178: 3000 | K178: =J178/I178 -> 1000 | L178: 3 | M178: =F178/V178*60 -> 2670.1607 | N178: =M178/L178 -> 890.05357 | O178: =L178-I178 -> 0 | P178: =N178-K178 -> -109.94643 | Q178: =N178/K178 -> 0.89005357 | S178: 0.90486111 | T178: 0.98480324 | U178: 78.55 | V178: 115.11667 | AA178: =M178-J178 -> -329.83929 | AB178: =M178/J178 -> 0.89005357
B191: 平均 | I191: =AVERAGE(I175:I190) -> 3.25 | J191: =AVERAGE(J175:J190) -> 3150 | K191: =J191/I191 -> 969.23077 | L191: =AVERAGE(L175:L190) -> 3.25 | M191: =AVERAGE(M175:M190) -> 2777.7068 | N191: =M191/L191 -> 854.67902 | O191: =L191-I191 -> 0 | P191: =N191-K191 -> -114.55175 | Q191: =N191/K191 -> 0.88181169 | S191: =S175 -> 0.7084838 | T191: =INDEX(T175:T190,COUNTA(T175:T190)) -> 0.98480324 | AA191: =M191-J191 -> -372.29317 | AB191: =M191/J191 -> 0.88181169
A192: GKK3600型 飯糰機2 (二配) | B192: 18℃-飯糰 | C192: 二配明太子龍蝦風味沙拉飯糰 | E192: 18.18 | F192: 1928 | G192: =E192*F192 -> 35051.04 | H192: 2 | I192: 3 | J192: 3600 | K192: =J192/I192 -> 1200 | L192: 3 | M192: =F192/V192*60 -> 3099.9553 | N192: =M192/L192 -> 1033.3184 | O192: =L192-I192 -> 0 | P192: =N192-K192 -> -166.68155 | Q192: =N192/K192 -> 0.8610987 | R192: =Q208 -> 0.86725596 | S192: 0.70833333 | T192: 0.73424769 | V192: 37.316667 | AA192: =M192-J192 -> -500.04466 | AB192: =M192/J192 -> 0.8610987 | AC192: =AB208 -> 0.86725596
B193: 18℃-飯糰 | C193: 二配蔬食鮪魚飯糰 | E193: 18.18 | F193: 1564 | G193: =E193*F193 -> 28433.52 | I193: 3 | J193: 3600 | K193: =J193/I193 -> 1200 | L193: 3 | M193: =F193/V193*60 -> 3102.1488 | N193: =M193/L193 -> 1034.0496 | O193: =L193-I193 -> 0 | P193: =N193-K193 -> -165.95041 | Q193: =N193/K193 -> 0.86170799 | S193: 0.74444444 | T193: 0.76545139 | U193: 14.683333 | V193: 30.25 | AA193: =M193-J193 -> -497.85124 | AB193: =M193/J193 -> 0.86170799
B194: 18℃-飯糰 | C194: 二配北海道秋鮭親子飯糰 | E194: 24.82 | F194: 2398 | G194: =E194*F194 -> 59518.36 | I194: 4 | J194: 3300 | K194: =J194/I194 -> 825 | L194: 4 | M194: =F194/V194*60 -> 2903.7336 | N194: =M194/L194 -> 725.9334 | O194: =L194-I194 -> 0 | P194: =N194-K194 -> -99.066599 | Q194: =N194/K194 -> 0.87991927 | S194: 0.77600694 | T194: 0.81041667 | U194: 15.2 | V194: 49.55 | AA194: =M194-J194 -> -396.2664 | AB194: =M194/J194 -> 0.87991927
B195: 18℃-飯糰 | C195: 二配熟成紅鮭飯糰 | E195: 25.03 | F195: 1960 | G195: =E195*F195 -> 49058.8 | I195: 4 | J195: 3300 | K195: =J195/I195 -> 825 | L195: 4 | M195: =F195/V195*60 -> 2906.0956 | N195: =M195/L195 -> 726.52389 | O195: =L195-I195 -> 0 | P195: =N195-K195 -> -98.476112 | Q195: =N195/K195 -> 0.88063502 | S195: 0.82083333 | T195: 0.84893519 | U195: 15 | V195: 40.466667 | W195: 0.84893519 | X195: 0.90069444 | AA195: =M195-J195 -> -393.90445 | AB195: =M195/J195 -> 0.88063502
B196: 18℃-飯糰 | C196: 二配明太子龍蝦風味沙拉飯糰 | E196: 18.18 | F196: 1365 | G196: =E196*F196 -> 24815.7 | I196: 3 | J196: 3600 | K196: =J196/I196 -> 1200 | L196: 3 | M196: =F196/V196*60 -> 3100.3155 | N196: =M196/L196 -> 1033.4385 | O196: =L196-I196 -> 0 | P196: =N196-K196 -> -166.56151 | Q196: =N196/K196 -> 0.86119874 | S196: 0.90069444 | T196: 0.91903935 | U196: 74.533333 | V196: 26.416667 | AA196: =M196-J196 -> -499.68454 | AB196: =M196/J196 -> 0.86119874
B197: 18℃-飯糰 | C197: 二配鮪魚飯糰 | E197: 14.28 | F197: 4087 | G197: =E197*F197 -> 58362.36 | I197: 3 | J197: 3600 | K197: =J197/I197 -> 1200 | L197: 3 | M197: =F197/V197*60 -> 3100.1264 | N197: =M197/L197 -> 1033.3755 | O197: =L197-I197 -> 0 | P197: =N197-K197 -> -166.62453 | Q197: =N197/K197 -> 0.86114623 | S197: 0.92916667 | T197: 0.98409722 | U197: 14.583333 | V197: 79.1 | AA197: =M197-J197 -> -499.87358 | AB197: =M197/J197 -> 0.86114623
B208: 平均 | I208: =AVERAGE(I192:I207) -> 3.3333333 | J208: =AVERAGE(J192:J207) -> 3500 | K208: =J208/I208 -> 1050 | L208: =AVERAGE(L192:L207) -> 3.3333333 | M208: =AVERAGE(M192:M207) -> 3035.3959 | N208: =M208/L208 -> 910.61876 | O208: =L208-I208 -> 0 | P208: =N208-K208 -> -139.38124 | Q208: =N208/K208 -> 0.86725596 | S208: =S192 -> 0.70833333 | T208: =INDEX(T192:T207,COUNTA(T192:T207)) -> 0.98409722 | AA208: =M208-J208 -> -464.60414 | AB208: =M208/J208 -> 0.86725596
Y210: 原因回覆
Y211: 1.當日出勤人數較多
Y212: 2.當日出勤人數較少
Y213: 3.當日出勤熟手較多
Y214: 4.當日出勤新人較多
Y215: 5.機台夾盒
Y216: 6.封膜不順
Y217: 7.更換膠膜
Y218: 8.更換碳帶
Y219: 9.當日熱轉印碳帶異常
Y220: 10.訂單量過少
Y221: 11.新品上市，尚未熟悉
Y222: 12.活動期間品項需貼標

Sheet 1031(4度C)
A1: 大溪廠日報分析 | C1: 總生產量 | D1: =SUM(F5:F157) -> 73780 | E1: 營業額 | F1: =SUM(G5:G157) -> 3503699.9 | G1: 出勤人數 | H1: =L21+L38+L55+L72+L89+L106+L123+L140+L157 -> 167.70476 | I1: 產線配置圖 | L1: 生產實績 | O1: 人時性差異分析 | S1: 日報登錄 | Y1: 分析說明 | AA1: 產能差異分析
A2: 45961 | C2: 人時性 | D2: =AVERAGE(N21,N38,N55,N72,N89,N106,N123,N140,N157) -> 154.84754 | E2: 平均廠價 | F2: =F1/D1 -> 47.488478 | G2: 多次生產數 | H2: =COUNT(H5:H157) -> 0
A3: 線別 | B3: 品類 | C3: 品名 | E3: 廠價 | F3: 生產量 | G3: 營收 | H3: 多次 生產 | I3: 人數 | J3: 產能/時 | K3: 人時性 | L3: 人數 | M3: 產能/時 | N3: 人時性 | O3: 人數 | P3: 人時性 | Q3: 達成率 | R3: 達成率 平均 | S3: 生產時間 | U3: 換線、休息/分 | V3: 稼動時間/分 | W3: 休息時間 | Y3: (屏榮回填) | AA3: 產能/時 | AB3: 達成率 | AC3: 達成率平均
S4: 開始 | T4: 結束 | W4: 開始 | X4: 結束
A5: 便當一線 | B5: 微波小吃 | C5: 日式茶碗蒸 | E5: 19.7 | F5: 3072 | G5: =E5*F5 -> 60518.4 | I5: 13 | J5: 1200 | K5: =J5/I5 -> 92.307692 | L5: 13 | M5: =F5/V5*60 -> 1077.3697 | N5: =M5/L5 -> 82.874593 | O5: =L5-I5 -> 0 | P5: =N5-K5 -> -9.4330998 | Q5: =N5/K5 -> 0.89780809 | R5: =Q21 -> 0.88993591 | S5: 0.25 | T5: 0.36880787 | V5: 171.08333 | AA5: =M5-J5 -> -122.6303 | AB5: =M5/J5 -> 0.89780809 | AC5: =AB21 -> 0.88993591
B6: 4℃-飯糰 | C6: 麻油雞飯糰 | E6: 29.97 | F6: 2145 | G6: =E6*F6 -> 64285.65 | I6: 20 | J6: 2600 | K6: =J6/I6 -> 130 | L6: 20 | M6: =F6/V6*60 -> 2304.3868 | N6: =M6/L6 -> 115.21934 | O6: =L6-I6 -> 0 | P6: =N6-K6 -> -14.780662 | Q6: =N6/K6 -> 0.8863026 | S6: 0.46677083 | T6: 0.50555556 | U6: 57.983333 | V6: 55.85 | AA6: =M6-J6 -> -295.61325 | AB6: =M6/J6 -> 0.8863026
B21: 平均 | I21: =AVERAGE(I5:I20) -> 16.5 | J21: =AVERAGE(J5:J20) -> 1900 | K21: =J21/I21 -> 115.15152 | L21: =AVERAGE(L5:L20) -> 16.5 | M21: =AVERAGE(M5:M20) -> 1690.8782 | N21: =M21/L21 -> 102.47747 | O21: =L21-I21 -> 0 | P21: =N21-K21 -> -12.674047 | Q21: =N21/K21 -> 0.88993591 | S21: =S5 -> 0.25 | T21: =INDEX(T5:T20,COUNTA(T5:T20)) -> 0.50555556 | AA21: =M21-J21 -> -209.12177 | AB21: =M21/J21 -> 0.88993591
A22: 便當二線 | B22: 微波主食 | C22: 糖燻野郎三十天熟成牛飯 | E22: 56.77 | F22: 3706 | G22: =E22*F22 -> 210389.62 | I22: 25 | J22: 2000 | K22: =J22/I22 -> 80 | L22: 25 | M22: =F22/V22*60 -> 1773.2057 | N22: =M22/L22 -> 70.92823 | O22: =L22-I22 -> 0 | P22: =N22-K22 -> -9.0717703 | Q22: =N22/K22 -> 0.88660287 | R22: =Q38 -> 0.88590872 | S22: 0.25 | T22: 0.33708333 | V22: 125.4 | AA22: =M22-J22 -> -226.79426 | AB22: =M22/J22 -> 0.88660287 | AC22: =AB38 -> 0.88590872
B23: 便當 | C23: 嫩烤香料雞胸排蔬滿盒 | E23: 77.34 | F23: 1738 | G23: =E23*F23 -> 134416.92 | I23: 25 | J23: 2000 | K23: =J23/I23 -> 80 | L23: 25 | M23: =F23/V23*60 -> 1772.4646 | N23: =M23/L23 -> 70.898584 | O23: =L23-I23 -> 0 | P23: =N23-K23 -> -9.1014164 | Q23: =N23/K23 -> 0.88623229 | S23: 0.34178241 | T23: 0.38263889 | U23: 6.7666667 | V23: 58.833333 | AA23: =M23-J23 -> -227.53541 | AB23: =M23/J23 -> 0.88623229
B24: 便當 | C24: 健身G肉餐盒 | E24: 59.52 | F24: 3365 | G24: =E24*F24 -> 200284.8 | I24: 25 | J24: 2000 | K24: =J24/I24 -> 80 | L24: 25 | M24: =F24/V24*60 -> 1781.4706 | N24: =M24/L24 -> 71.258824 | O24: =L24-I24 -> 0 | P24: =N24-K24 -> -8.7411765 | Q24: =N24/K24 -> 0.89073529 | S24: 0.38680556 | T24: 0.46550926 | U24: 6 | V24: 113.33333 | W24: 0.46550926 | X24: 0.50625 | AA24: =M24-J24 -> -218.52941 | AB24: =M24/J24 -> 0.89073529
B25: 微波主食 | C25: 蒜蒜燒豚飯 | E25: 51.86 | F25: 1214 | G25: =E25*F25 -> 62958.04 | I25: 25 | J25: 2000 | K25: =J25/I25 -> 80 | L25: 25 | M25: =F25/V25*60 -> 1760.1289 | N25: =M25/L25 -> 70.405155 | O25: =L25-I25 -> 0 | P25: =N25-K25 -> -9.5948449 | Q25: =N25/K25 -> 0.88006444 | S25: 0.50625 | T25: 0.53498843 | U25: 58.666667 | V25: 41.383333 | AA25: =M25-J25 -> -239.87112 | AB25: =M25/J25 -> 0.88006444
B38: 平均 | I38: =AVERAGE(I22:I37) -> 25 | J38: =AVERAGE(J22:J37) -> 2000 | K38: =J38/I38 -> 80 | L38: =AVERAGE(L22:L37) -> 25 | M38: =AVERAGE(M22:M37) -> 1771.8174 | N38: =M38/L38 -> 70.872698 | O38: =L38-I38 -> 0 | P38: =N38-K38 -> -9.127302 | Q38: =N38/K38 -> 0.88590872 | S38: =S22 -> 0.25 | T38: =INDEX(T22:T37,COUNTA(T22:T37)) -> 0.53498843 | AA38: =M38-J38 -> -228.18255 | AB38: =M38/J38 -> 0.88590872
A39: 涼麵一線 | B39: 熱食義麵 | C39: 焗烤蕃茄起司四方麵 | E39: 57.3 | F39: 3687 | G39: =E39*F39 -> 211265.1 | I39: 25 | J39: 1800 | K39: =J39/I39 -> 72 | L39: 25 | M39: =F39/V39*60 -> 1590.7478 | N39: =M39/L39 -> 63.629914 | O39: =L39-I39 -> 0 | P39: =N39-K39 -> -8.3700863 | Q39: =N39/K39 -> 0.8837488 | R39: =Q55 -> 0.87961577 | S39: 0.25 | T39: 0.34657407 | V39: 139.06667 | AA39: =M39-J39 -> -209.25216 | AB39: =M39/J39 -> 0.8837488 | AC39: =AB55 -> 0.87961577
B40: 微波小吃 | C40: 日式壽喜燒 | E40: 57.73 | F40: 1860 | G40: =E40*F40 -> 107377.8 | I40: 22 | J40: 1800 | K40: =J40/I40 -> 81.818182 | L40: 22 | M40: =F40/V40*60 -> 1571.831 | N40: =M40/L40 -> 71.446863 | O40: =L40-I40 -> 0 | P40: =N40-K40 -> -10.371319 | Q40: =N40/K40 -> 0.87323944 | S40: 0.35069444 | T40: 0.4 | U40: 5.9333333 | V40: 71 | AA40: =M40-J40 -> -228.16901 | AB40: =M40/J40 -> 0.87323944
B41: 微波主食 | C41: 妮妮家漢堡排 | E41: 57.3 | F41: 755 | G41: =E41*F41 -> 43261.5 | I41: 20 | J41: 2000 | K41: =J41/I41 -> 100 | L41: 20 | M41: =F41/V41*60 -> 1763.7897 | N41: =M41/L41 -> 88.189487 | O41: =L41-I41 -> 0 | P41: =N41-K41 -> -11.810513 | Q41: =N41/K41 -> 0.88189487 | S41: 0.40438657 | T41: 0.42222222 | U41: 6.3166667 | V41: 25.683333 | AA41: =M41-J41 -> -236.21025 | AB41: =M41/J41 -> 0.88189487
B42: 便當 | C42: 照燒豬排纖食餐盒 | E42: 59.36 | F42: 1301 | G42: =E42*F42 -> 77227.36 | I42: 20 | J42: 2000 | K42: =J42/I42 -> 100 | L42: 20 | M42: =F42/V42*60 -> 1764.0678 | N42: =M42/L42 -> 88.20339 | O42: =L42-I42 -> 0 | P42: =N42-K42 -> -11.79661 | Q42: =N42/K42 -> 0.8820339 | S42: 0.42569444 | T42: 0.45642361 | U42: 5 | V42: 44.25 | W42: 0.45642361 | X42: 0.49814815 | AA42: =M42-J42 -> -235.9322 | AB42: =M42/J42 -> 0.8820339
B43: 便當 | C43: 香腸腿排雙拼便當 | E43: 53.76 | F43: 3118 | G43: =E43*F43 -> 167623.68 | I43: 22 | J43: 2000 | K43: =J43/I43 -> 90.909091 | L43: 22 | M43: =F43/V43*60 -> 1753.875 | N43: =M43/L43 -> 79.721591 | O43: =L43-I43 -> 0 | P43: =N43-K43 -> -11.1875 | Q43: =N43/K43 -> 0.8769375 | S43: 0.49814815 | T43: 0.57222222 | U43: 60.083333 | V43: 106.66667 | AA43: =M43-J43 -> -246.125 | AB43: =M43/J43 -> 0.8769375
B55: 平均 | I55: =AVERAGE(I39:I54) -> 21.8 | J55: =AVERAGE(J39:J54) -> 1920 | K55: =J55/I55 -> 88.073394 | L55: =AVERAGE(L39:L54) -> 21.8 | M55: =AVERAGE(M39:M54) -> 1688.8623 | N55: =M55/L55 -> 77.470747 | O55: =L55-I55 -> 0 | P55: =N55-K55 -> -10.602648 | Q55: =N55/K55 -> 0.87961577 | S55: =S39 -> 0.25 | T55: =INDEX(T39:T54,COUNTA(T39:T54)) -> 0.57222222 | AA55: =M55-J55 -> -231.13773 | AB55: =M55/J55 -> 0.87961577
A56: 涼麵二線 | B56: 便當 | C56: 美式雞丁餐盒 | E56: 59.34 | F56: 1317 | G56: =E56*F56 -> 78150.78 | I56: 24 | J56: 2000 | K56: =J56/I56 -> 83.333333 | L56: 24 | M56: =F56/V56*60 -> 1763.8393 | N56: =M56/L56 -> 73.493304 | O56: =L56-I56 -> 0 | P56: =N56-K56 -> -9.8400298 | Q56: =N56/K56 -> 0.88191964 | R56: =Q72 -> 0.88288004 | S56: 0.25013889 | T56: 0.28125 | V56: 44.8 | AA56: =M56-J56 -> -236.16071 | AB56: =M56/J56 -> 0.88191964 | AC56: =AB72 -> 0.88288004
B57: 便當 | C57: 烤蛋白餐盒 | E57: 58.67 | F57: 2217 | G57: =E57*F57 -> 130071.39 | I57: 24 | J57: 2000 | K57: =J57/I57 -> 83.333333 | L57: 24 | M57: =F57/V57*60 -> 1772.4184 | N57: =M57/L57 -> 73.850766 | O57: =L57-I57 -> 0 | P57: =N57-K57 -> -9.4825672 | Q57: =N57/K57 -> 0.88620919 | S57: 0.28472222 | T57: 0.33684028 | U57: 5 | V57: 75.05 | AA57: =M57-J57 -> -227.58161 | AB57: =M57/J57 -> 0.88620919
B58: 便當 | C58: 蔬活腿排補力餐盒 | E58: 71.55 | F58: 2094 | G58: =E58*F58 -> 149825.7 | I58: 24 | J58: 2000 | K58: =J58/I58 -> 83.333333 | L58: 24 | M58: =F58/V58*60 -> 1764.1938 | N58: =M58/L58 -> 73.508074 | O58: =L58-I58 -> 0 | P58: =N58-K58 -> -9.8252594 | Q58: =N58/K58 -> 0.88209689 | S58: 0.34097222 | T58: 0.39042824 | U58: 5.95 | V58: 71.216667 | AA58: =M58-J58 -> -235.80623 | AB58: =M58/J58 -> 0.88209689
B59: 便當 | C59: 經典滷肉飯 | E59: 47.37 | F59: 1253 | G59: =E59*F59 -> 59354.61 | I59: 21 | J59: 2000 | K59: =J59/I59 -> 95.238095 | L59: 21 | M59: =F59/V59*60 -> 1763.4089 | N59: =M59/L59 -> 83.971853 | O59: =L59-I59 -> 0 | P59: =N59-K59 -> -11.266242 | Q59: =N59/K59 -> 0.88170446 | S59: 0.39400463 | T59: 0.42361111 | U59: 5.15 | V59: 42.633333 | AA59: =M59-J59 -> -236.59109 | AB59: =M59/J59 -> 0.88170446
B60: 微波主食 | C60: 壹號醬雞豚雙拼 | E60: 56.43 | F60: 2197 | G60: =E60*F60 -> 123976.71 | I60: 22 | J60: 2000 | K60: =J60/I60 -> 90.909091 | L60: 22 | M60: =F60/V60*60 -> 1766.2349 | N60: =M60/L60 -> 80.283406 | O60: =L60-I60 -> 0 | P60: =N60-K60 -> -10.625685 | Q60: =N60/K60 -> 0.88311746 | S60: 0.42803241 | T60: 0.47986111 | U60: 6.3666667 | V60: 74.633333 | W60: 0.47986111 | X60: 0.52092593 | AA60: =M60-J60 -> -233.76507 | AB60: =M60/J60 -> 0.88311746
B61: 便當 | C61: 海陸雙拼肉肉餐盒 | E61: 59.54 | F61: 2731 | G61: =E61*F61 -> 162603.74 | I61: 23 | J61: 2000 | K61: =J61/I61 -> 86.956522 | L61: 23 | M61: =F61/V61*60 -> 1764.4652 | N61: =M61/L61 -> 76.715878 | O61: =L61-I61 -> 0 | P61: =N61-K61 -> -10.240644 | Q61: =N61/K61 -> 0.88223259 | S61: 0.52092593 | T61: 0.58541667 | U61: 59.133333 | V61: 92.866667 | AA61: =M61-J61 -> -235.53482 | AB61: =M61/J61 -> 0.88223259
B72: 平均 | I72: =AVERAGE(I56:I71) -> 23 | J72: =AVERAGE(J56:J71) -> 2000 | K72: =J72/I72 -> 86.956522 | L72: =AVERAGE(L56:L71) -> 23 | M72: =AVERAGE(M56:M71) -> 1765.7601 | N72: =M72/L72 -> 76.772177 | O72: =L72-I72 -> 0 | P72: =N72-K72 -> -10.184344 | Q72: =N72/K72 -> 0.88288004 | S72: =S56 -> 0.25013889 | T72: =INDEX(T56:T71,COUNTA(T56:T71)) -> 0.58541667 | AA72: =M72-J72 -> -234.23992 | AB72: =M72/J72 -> 0.88288004
A73: 涼麵三線 | B73: 季節調理麵 | C73: 大滿足香辣涼麵 | E73: 38.63 | F73: 2352 | G73: =E73*F73 -> 90857.76 | I73: 20 | J73: 3600 | K73: =J73/I73 -> 180 | L73: 20 | M73: =F73/V73*60 -> 3249.1174 | N73: =M73/L73 -> 162.45587 | O73: =L73-I73 -> 0 | P73: =N73-K73 -> -17.544129 | Q73: =N73/K73 -> 0.90253262 | R73: =Q89 -> 0.88636447 | S73: 0.25 | T73: 0.28016204 | V73: 43.433333 | AA73: =M73-J73 -> -350.88258 | AB73: =M73/J73 -> 0.90253262 | AC73: =AB89 -> 0.88636447
B74: 季節調理麵 | C74: 大滿足麻醬涼麵 | E74: 38 | F74: 2730 | G74: =E74*F74 -> 103740 | I74: 21 | J74: 3600 | K74: =J74/I74 -> 171.42857 | L74: 21 | M74: =F74/V74*60 -> 3250 | N74: =M74/L74 -> 154.7619 | O74: =L74-I74 -> 0 | P74: =N74-K74 -> -16.666667 | Q74: =N74/K74 -> 0.90277778 | S74: 0.28402778 | T74: 0.31902778 | U74: 5.5666667 | V74: 50.4 | AA74: =M74-J74 -> -350 | AB74: =M74/J74 -> 0.90277778
B75: 季節調理麵 | C75: 日式蕎麥沾麵 | E75: 36.86 | F75: 1909 | G75: =E75*F75 -> 70365.74 | I75: 21 | J75: 3600 | K75: =J75/I75 -> 171.42857 | L75: 21 | M75: =F75/V75*60 -> 3249.3617 | N75: =M75/L75 -> 154.73151 | O75: =L75-I75 -> 0 | P75: =N75-K75 -> -16.697062 | Q75: =N75/K75 -> 0.90260047 | S75: 0.32291667 | T75: 0.34739583 | U75: 5.6 | V75: 35.25 | AA75: =M75-J75 -> -350.6383 | AB75: =M75/J75 -> 0.90260047
B76: 季節調理麵 | C76: 台式麻醬涼麵 | E76: 31.27 | F76: 1876 | G76: =E76*F76 -> 58662.52 | I76: 19 | J76: 3600 | K76: =J76/I76 -> 189.47368 | L76: 19 | M76: =F76/V76*60 -> 3107.9613 | N76: =M76/L76 -> 163.57691 | O76: =L76-I76 -> 0 | P76: =N76-K76 -> -25.896771 | Q76: =N76/K76 -> 0.8633226 | S76: 0.35069444 | T76: 0.37584491 | U76: 4.75 | V76: 36.216667 | AA76: =M76-J76 -> -492.03866 | AB76: =M76/J76 -> 0.8633226
B77: 季節調理麵 | C77: 椒麻香蔥雞涼拌麵 | E77: 37.94 | F77: 2576 | G77: =E77*F77 -> 97733.44 | I77: 21 | J77: 3600 | K77: =J77/I77 -> 171.42857 | L77: 21 | M77: =F77/V77*60 -> 3107.7748 | N77: =M77/L77 -> 147.98928 | O77: =L77-I77 -> 0 | P77: =N77-K77 -> -23.439295 | Q77: =N77/K77 -> 0.86327078 | S77: 0.37935185 | T77: 0.41388889 | U77: 5.05 | V77: 49.733333 | AA77: =M77-J77 -> -492.2252 | AB77: =M77/J77 -> 0.86327078
B78: 微波小吃 | C78: 擔仔炊粉湯 | E78: 45.66 | F78: 711 | G78: =E78*F78 -> 32464.26 | I78: 20 | J78: 1800 | K78: =J78/I78 -> 90 | L78: 20 | M78: =F78/V78*60 -> 1590.8017 | N78: =M78/L78 -> 79.540087 | O78: =L78-I78 -> 0 | P78: =N78-K78 -> -10.459913 | Q78: =N78/K78 -> 0.88377874 | S78: 0.41818287 | T78: 0.43680556 | U78: 6.1833333 | V78: 26.816667 | W78: 0.43680556 | X78: 0.47847222 | AA78: =M78-J78 -> -209.19826 | AB78: =M78/J78 -> 0.88377874
B79: 微波小吃 | C79: 韓式部隊鍋 | E79: 57.73 | F79: 1833 | G79: =E79*F79 -> 105819.09 | I79: 22 | J79: 1800 | K79: =J79/I79 -> 81.818182 | L79: 22 | M79: =F79/V79*60 -> 1590.4555 | N79: =M79/L79 -> 72.293433 | O79: =L79-I79 -> 0 | P79: =N79-K79 -> -9.5247486 | Q79: =N79/K79 -> 0.88358641 | S79: 0.47847222 | T79: 0.52649306 | U79: 60 | V79: 69.15 | AA79: =M79-J79 -> -209.54447 | AB79: =M79/J79 -> 0.88358641
B89: 平均 | I89: =AVERAGE(I73:I88) -> 20.571429 | J89: =AVERAGE(J73:J88) -> 3085.7143 | K89: =J89/I89 -> 150 | L89: =AVERAGE(L73:L88) -> 20.571429 | M89: =AVERAGE(M73:M88) -> 2735.0675 | N89: =M89/L89 -> 132.95467 | O89: =L89-I89 -> 0 | P89: =N89-K89 -> -17.04533 | Q89: =N89/K89 -> 0.88636447 | S89: =S73 -> 0.25 | T89: =INDEX(T73:T88,COUNTA(T73:T88)) -> 0.52649306 | AA89: =M89-J89 -> -350.64678 | AB89: =M89/J89 -> 0.88636447
A90: 自動包裝機 | B90: 4℃-飯糰 | C90: 大口法式蕈菇起司雞排飯糰 | E90: 35.83 | F90: 3770 | G90: =E90*F90 -> 135079.1 | I90: 12 | J90: 3273 | K90: =J90/I90 -> 272.75 | L90: 12 | M90: =F90/V90*60 -> 2905.5877 | N90: =M90/L90 -> 242.13231 | O90: =L90-I90 -> 0 | P90: =N90-K90 -> -30.617694 | Q90: =N90/K90 -> 0.88774448 | R90: =Q106 -> 0.87913503 | S90: 0.25010417 | T90: 0.30416667 | V90: 77.85 | AA90: =M90-J90 -> -367.41233 | AB90: =M90/J90 -> 0.88774448 | AC90: =AB106 -> 0.87913503
B91: 4℃-飯糰 | C91: 大口義式香草雞腿排飯糰 | E91: 36.41 | F91: 3179 | G91: =E91*F91 -> 115747.39 | I91: 11 | J91: 3273 | K91: =J91/I91 -> 297.54545 | L91: 11 | M91: =F91/V91*60 -> 2905.4075 | N91: =M91/L91 -> 264.12795 | O91: =L91-I91 -> 0 | P91: =N91-K91 -> -33.417503 | Q91: =N91/K91 -> 0.88768942 | S91: 0.30788194 | T91: 0.35347222 | U91: 5.35 | V91: 65.65 | AA91: =M91-J91 -> -367.59254 | AB91: =M91/J91 -> 0.88768942
B92: 4℃-飯糰 | C92: 大口花椒香麻雞飯糰 | E92: 34.77 | F92: 1249 | G92: =E92*F92 -> 43427.73 | I92: 11 | J92: 3000 | K92: =J92/I92 -> 272.72727 | L92: 11 | M92: =F92/V92*60 -> 2609.6344 | N92: =M92/L92 -> 237.23949 | O92: =L92-I92 -> 0 | P92: =N92-K92 -> -35.487786 | Q92: =N92/K92 -> 0.86987812 | S92: 0.4383912 | T92: 0.45833333 | U92: 6.2833333 | V92: 28.716667 | W92: 0.45833333 | X92: 0.5 | AA92: =M92-J92 -> -390.36564 | AB92: =M92/J92 -> 0.86987812
B93: 4℃-飯糰 | C93: 大口蒜味香腸燒肉雙拼飯糰 | E93: 34.23 | F93: 1498 | G93: =E93*F93 -> 51276.54 | I93: 16 | J93: 3000 | K93: =J93/I93 -> 187.5 | L93: 16 | M93: =F93/V93*60 -> 2608.9985 | N93: =M93/L93 -> 163.06241 | O93: =L93-I93 -> 0 | P93: =N93-K93 -> -24.437591 | Q93: =N93/K93 -> 0.86966618 | S93: 0.5 | T93: 0.52392361 | U93: 60 | V93: 34.45 | AA93: =M93-J93 -> -391.00145 | AB93: =M93/J93 -> 0.86966618
B106: 平均 | I106: =AVERAGE(I90:I105) -> 12.5 | J106: =AVERAGE(J90:J105) -> 3136.5 | K106: =J106/I106 -> 250.92 | L106: =AVERAGE(L90:L105) -> 12.5 | M106: =AVERAGE(M90:M105) -> 2757.407 | N106: =M106/L106 -> 220.59256 | O106: =L106-I106 -> 0 | P106: =N106-K106 -> -30.327439 | Q106: =N106/K106 -> 0.87913503 | S106: =S90 -> 0.25010417 | T106: =INDEX(T90:T105,COUNTA(T90:T105)) -> 0.52392361 | AA106: =M106-J106 -> -379.09299 | AB106: =M106/J106 -> 0.87913503
A107: 自動包裝機3 | B107: 4℃-飯糰 | C107: 肉燥烤飯糰 | E107: 20.11 | F107: 462 | G107: =E107*F107 -> 9290.82 | I107: 6 | J107: 3600 | K107: =J107/I107 -> 600 | L107: 6 | M107: =F107/V107*60 -> 3267.5835 | N107: =M107/L107 -> 544.59725 | O107: =L107-I107 -> 0 | P107: =N107-K107 -> -55.40275 | Q107: =N107/K107 -> 0.90766208 | R107: =Q123 -> 0.90730812 | S107: 0.25 | T107: 0.2558912 | V107: 8.4833333 | AA107: =M107-J107 -> -332.4165 | AB107: =M107/J107 -> 0.90766208 | AC107: =AB123 -> 0.90730812
B108: 4℃-飯糰 | C108: 淡麗清酒蒸蛤蜊烤飯糰 | E108: 24.73 | F108: 1528 | G108: =E108*F108 -> 37787.44 | I108: 6 | J108: 3600 | K108: =J108/I108 -> 600 | L108: 6 | M108: =F108/V108*60 -> 3266.5083 | N108: =M108/L108 -> 544.41805 | O108: =L108-I108 -> 0 | P108: =N108-K108 -> -55.581948 | Q108: =N108/K108 -> 0.90736342 | S108: 0.25902778 | T108: 0.27851852 | U108: 4.5166667 | V108: 28.066667 | AA108: =M108-J108 -> -333.49169 | AB108: =M108/J108 -> 0.90736342
B109: 4℃-飯糰 | C109: 糖燻野郎起司炙燒牛烤飯糰 | E109: 24.73 | F109: 1354 | G109: =E109*F109 -> 33484.42 | I109: 6 | J109: 3600 | K109: =J109/I109 -> 600 | L109: 6 | M109: =F109/V109*60 -> 3264.8359 | N109: =M109/L109 -> 544.13932 | O109: =L109-I109 -> 0 | P109: =N109-K109 -> -55.860683 | Q109: =N109/K109 -> 0.90689886 | S109: 0.28271991 | T109: 0.3 | U109: 6.05 | V109: 24.883333 | AA109: =M109-J109 -> -335.1641 | AB109: =M109/J109 -> 0.90689886
B123: 平均 | I123: =AVERAGE(I107:I122) -> 6 | J123: =AVERAGE(J107:J122) -> 3600 | K123: =J123/I123 -> 600 | L123: =AVERAGE(L107:L122) -> 6 | M123: =AVERAGE(M107:M122) -> 3266.3092 | N123: =M123/L123 -> 544.38487 | O123: =L123-I123 -> 0 | P123: =N123-K123 -> -55.615127 | Q123: =N123/K123 -> 0.90730812 | S123: =S107 -> 0.25 | T123: =INDEX(T107:T122,COUNTA(T107:T122)) -> 0.3 | AA123: =M123-J123 -> -333.69076 | AB123: =M123/J123 -> 0.90730812
A124: 涼麵一線 (二配) | B124: 微波主食 | C124: 二配鐵板蘑菇肉醬起司焗飯 | E124: 44.3 | F124: 1121 | G124: =E124*F124 -> 49660.3 | I124: 17 | J124: 2000 | K124: =J124/I124 -> 117.64706 | L124: 17 | M124: =F124/V124*60 -> 1764.5824 | N124: =M124/L124 -> 103.79897 | O124: =L124-I124 -> 0 | P124: =N124-K124 -> -13.848093 | Q124: =N124/K124 -> 0.88229121 | R124: =Q140 -> 0.88264138 | S124: 0.70833333 | T124: 0.73480324 | V124: 38.116667 | AA124: =M124-J124 -> -235.41758 | AB124: =M124/J124 -> 0.88229121 | AC124: =AB140 -> 0.88264138
B125: 微波主食 | C125: 二配乳酪燻腸紅醬焗飯 | E125: 50.67 | F125: 1191 | G125: =E125*F125 -> 60347.97 | I125: 20 | J125: 2000 | K125: =J125/I125 -> 100 | L125: 20 | M125: =F125/V125*60 -> 1765.1709 | N125: =M125/L125 -> 88.258543 | O125: =L125-I125 -> 0 | P125: =N125-K125 -> -11.741457 | Q125: =N125/K125 -> 0.88258543 | S125: 0.73888889 | T125: 0.76700231 | U125: 5.8833333 | V125: 40.483333 | AA125: =M125-J125 -> -234.82915 | AB125: =M125/J125 -> 0.88258543
B126: 微波主食 | C126: 二配西班牙風味海鮮燉飯 | E126: 57.3 | F126: 1745 | G126: =E126*F126 -> 99988.5 | I126: 21 | J126: 2000 | K126: =J126/I126 -> 95.238095 | L126: 21 | M126: =F126/V126*60 -> 1766.095 | N126: =M126/L126 -> 84.099763 | O126: =L126-I126 -> 0 | P126: =N126-K126 -> -11.138332 | Q126: =N126/K126 -> 0.88304751 | S126: 0.77152778 | T126: 0.81269676 | U126: 6.5166667 | V126: 59.283333 | AA126: =M126-J126 -> -233.90498 | AB126: =M126/J126 -> 0.88304751
B140: 平均 | I140: =AVERAGE(I124:I139) -> 19.333333 | J140: =AVERAGE(J124:J139) -> 2000 | K140: =J140/I140 -> 103.44828 | L140: =AVERAGE(L124:L139) -> 19.333333 | M140: =AVERAGE(M124:M139) -> 1765.2828 | N140: =M140/L140 -> 91.307729 | O140: =L140-I140 -> 0 | P140: =N140-K140 -> -12.140547 | Q140: =N140/K140 -> 0.88264138 | S140: =S124 -> 0.70833333 | T140: =INDEX(T124:T139,COUNTA(T124:T139)) -> 0.81269676 | AA140: =M140-J140 -> -234.71723 | AB140: =M140/J140 -> 0.88264138
A141: 涼麵二線 (二配) | B141: 微波主食 | C141: 二配里肌豬排可可咖哩歐姆蛋飯 | E141: 56.79 | F141: 1832 | G141: =E141*F141 -> 104039.28 | I141: 23 | J141: 2000 | K141: =J141/I141 -> 86.956522 | L141: 23 | M141: =F141/V141*60 -> 1765.3105 | N141: =M141/L141 -> 76.75263 | O141: =L141-I141 -> 0 | P141: =N141-K141 -> -10.203892 | Q141: =N141/K141 -> 0.88265525 | R141: =Q157 -> 0.88314157 | S141: 0.70833333 | T141: 0.75157407 | V141: 62.266667 | AA141: =M141-J141 -> -234.68951 | AB141: =M141/J141 -> 0.88265525 | AC141: =AB157 -> 0.88314157
B142: 微波主食 | C142: 二配黃金雞排蘑菇白醬歐姆蛋飯 | E142: 56.87 | F142: 1409 | G142: =E142*F142 -> 80129.83 | I142: 23 | J142: 2000 | K142: =J142/I142 -> 86.956522 | L142: 23 | M142: =F142/V142*60 -> 1765.5412 | N142: =M142/L142 -> 76.762663 | O142: =L142-I142 -> 0 | P142: =N142-K142 -> -10.193859 | Q142: =N142/K142 -> 0.88277062 | S142: 0.75563657 | T142: 0.78888889 | U142: 5.85 | V142: 47.883333 | AA142: =M142-J142 -> -234.45875 | AB142: =M142/J142 -> 0.88277062
B143: 微波主食 | C143: 二配哞哞培根奶香海陸焗飯 | E143: 47.6 | F143: 1685 | G143: =E143*F143 -> 80206 | I143: 23 | J143: 2000 | K143: =J143/I143 -> 86.956522 | L143: 23 | M143: =F143/V143*60 -> 1767.9977 | N143: =M143/L143 -> 76.869464 | O143: =L143-I143 -> 0 | P143: =N143-K143 -> -10.087058 | Q143: =N143/K143 -> 0.88399883 | S143: 0.79236111 | T143: 0.83207176 | U143: 5 | V143: 57.183333 | AA143: =M143-J143 -> -232.00233 | AB143: =M143/J143 -> 0.88399883
B157: 平均 | I157: =AVERAGE(I141:I156) -> 23 | J157: =AVERAGE(J141:J156) -> 2000 | K157: =J157/I157 -> 86.956522 | L157: =AVERAGE(L141:L156) -> 23 | M157: =AVERAGE(M141:M156) -> 1766.2831 | N157: =M157/L157 -> 76.794919 | O157: =L157-I157 -> 0 | P157: =N157-K157 -> -10.161603 | Q157: =N157/K157 -> 0.88314157 | S157: =S141 -> 0.70833333 | T157: =INDEX(T141:T156,COUNTA(T141:T156)) -> 0.83207176 | AA157: =M157-J157 -> -233.71686 | AB157: =M157/J157 -> 0.88314157
Y159: 原因回覆
Y160: 1.當日出勤人數較多
Y161: 2.當日出勤人數較少
Y162: 3.當日出勤熟手較多
Y163: 4.當日出勤新人較多
Y164: 5.機台夾盒
Y165: 6.封膜不順
Y166: 7.更換膠膜
Y167: 8.更換碳帶
Y168: 9.當日熱轉印碳帶異常
Y169: 10.訂單量過少
Y170: 11.新品上市，尚未熟悉
Y171: 12.活動期間品項需貼標

Sheet 1030
B1: 屏榮 大溪廠組合室生產人時性分析
B3: 日期 | C3: 114.10.30星期四 | E3: 訂單量 | F3: ='1030(18度C)'!D1+'1030(4度C)'!D1 -> 222624 | H3: 營業額 | I3: ='1030(18度C)'!F1+'1030(4度C)'!F1 -> 6961611.1
B4: 人時性 | C4: 項目 | E4: ➀ | G4: ➁ | I4: ➂ | K4: ④ | M4: ⑤
C5: 組合室 | E5: 全溫層 | G5: 4度C-各編組展開(一配) | I5: 4度C-各編組展開(二配) | K5: 18度C-各編組展開(一配) | M5: 18度C-各編組展開(二配)
C6: 排關平均 | E6: =AVERAGE(D13:O13,D27:X27) -> 460.0931 | F6: =AVERAGE(#REF!,D13:K13) -> #REF! | G6: =AVERAGE(D13:K13) -> 195.64493 | I6: =AVERAGE(L13:O13) -> 95.202399 | K6: =AVERAGE(D27:O27) -> 597.79868 | M6: =AVERAGE(P27:X27) -> 783.48901
C7: 實績平均 | E7: =AVERAGE(D14:O14,D28:X28) -> 405.2499 | F7: =AVERAGE(#REF!,D14:K14) -> #REF! | G7: =AVERAGE(D14:K14) -> 174.68318 | I7: =AVERAGE(L14:O14) -> 84.049539 | K7: =AVERAGE(D28:O28) -> 525.38272 | M7: =AVERAGE(P28:X28) -> 688.33749
C8: 達成率平均 | E8: =AVERAGE(D15:O15,D29:X29) -> 0.88108105 | F8: =AVERAGE(D15:K15,#REF!) -> #REF! | G8: =AVERAGE(D15:K15) -> 0.88563629 | I8: =AVERAGE(L15:O15) -> 0.88287375 | K8: =AVERAGE(D29:O29) -> 0.87816173 | M8: =AVERAGE(P29:X29) -> 0.87807369 | O8: ※現行日本鮮食廠以達成率80%為基本(即為現行KPI)
B10: 溫層 | D10: ➁4度C-各編組展開 | L10: ➂4度C-各編組展開
B11: 編組 | D11: 1 | E11: 2 | F11: 3 | G11: 4 | H11: 5 | I11: 6 | J11: 7 | K11: 8 | L11: 1 | M11: 2 | N11: 3 | O11: 4
D12: 便當一線 | E12: 便當二線 | F12: 涼麵一線 | G12: 涼麵二線 | H12: 涼麵三線 | I12: 自動包裝機 | J12: 自動包裝機2 | K12: 自動包裝機3 | L12: 便當一線 | M12: 便當二線 | N12: 涼麵一線 | O12: 涼麵二線
B13: 人時性 | C13: 排關 | D13: 115.15152 | E13: 80 | F13: 86.486486 | G13: 86.956522 | H13: 150 | I13: 250.92 | J13: - | K13: 600 | L13: - | M13: - | N13: 103.44828 | O13: 86.956522
C14: 實績 | D14: 102.48339 | E14: 70.873946 | F14: 75.134409 | G14: 76.76512 | H14: 132.93228 | I14: 220.58565 | J14: - | K14: 544.00749 | L14: - | M14: - | N14: 91.304672 | O14: 76.794406
C15: 達成率 | D15: =D14/D13 -> 0.88998736 | E15: =E14/E13 -> 0.88592433 | F15: =F14/F13 -> 0.86874161 | G15: =G14/G13 -> 0.88279888 | H15: =H14/H13 -> 0.8862152 | I15: =I14/I13 -> 0.87910749 | J15: - | K15: =K14/K13 -> 0.90667916 | L15: - | M15: - | N15: =N14/N13 -> 0.88261183 | O15: =O14/O13 -> 0.88313567
B16: 作業 時間 | C16: 開始 | D16: 0.25 | E16: 0.25 | F16: 0.16678241 | G16: 0.1669213 | H16: 0.2502662 | I16: 0.16667824 | J16: - | K16: 0.25 | L16: - | M16: - | N16: 0.70833333 | O16: 0.70833333
C17: 結束 | D17: 0.55771991 | E17: 0.59166667 | F17: 0.54861111 | G17: 0.59733796 | H17: 0.55138889 | I17: 0.50283565 | J17: - | K17: 0.31458333 | L17: - | M17: - | N17: 0.82083333 | O17: 0.83958333
B18: 配置人數 | D18: 16.5 | E18: 25 | F18: 22.2 | G18: 23 | H18: 20.571429 | I18: 12.5 | J18: - | K18: 6 | L18: - | M18: - | N18: 19.333333 | O18: 23
B19: 主要應用設備 | D19: L型封口機 | E19: ET-55 | F19: ET-55 | G19: ET-55 | H19: ET-600 | I19: 伺服包裝機 | J19: 伺服包裝機 | K19: 伺服包裝機 | L19: L型封口機 | M19: ET-55 | N19: ET-55 | O19: ET-55
B20: 次要應用設備 | D20: 伺服包裝機 | H20: 伺服包裝機
B21: 備註 | H21: 涼麵+烤飯糰 | I21: 大口飯糰線 | K21: 烤飯糰+手卷
B24: 溫層 | D24: ➃18度C-各編組展開 (一配) | P24: ⑤18度C-各編組展開 (二配)
B25: 編組 | D25: 1 | E25: 2 | F25: 3 | G25: 4 | H25: 5 | I25: 6 | J25: 7 | K25: 8 | L25: 9 | M25: 10 | N25: 11 | O25: 12 | P25: 1 | Q25: 2 | R25: 3 | S25: 4 | T25: 5 | U25: 6 | V25: 7 | W25: 8 | X25: 9
D26: 便當一線 | E26: 涼麵一線 | F26: 涼麵三線 | G26: 自動包裝機 | H26: 自動包裝機2 | I26: 自動包裝機3 | J26: 味付飯糰線B | K26: (舊) 3300型飯糰線 | L26: 3000型飯糰線 | M26: (新) 3300型飯糰機 | N26: GKK3600型 飯糰機 | O26: GKK3600型 飯糰機2 | P26: 自動包裝機 | Q26: 自動包裝機2 | R26: 自動包裝機3 | S26: 味付飯糰線B | T26: (舊) 3300型飯糰線 | U26: 3000型飯糰線 | V26: (新) 3300型飯糰機 | W26: GKK3600型 飯糰機 | X26: GKK3600型 飯糰機2
B27: 人時性 | C27: 排關 | D27: 211.76471 | E27: - | F27: - | G27: 313.04348 | H27: 433.33333 | I27: 416.66667 | J27: - | K27: - | L27: - | M27: 825 | N27: 1150 | O27: 834.78261 | P27: 285.71429 | Q27: - | R27: - | S27: - | T27: 787.5 | U27: - | V27: 825 | W27: 969.23077 | X27: 1050
C28: 實績 | D28: 182.99097 | E28: - | F28: - | G28: 272.53827 | H28: 383.33307 | I28: 369.55494 | J28: - | K28: - | L28: - | M28: 733.74161 | N28: 997.52653 | O28: 737.99366 | P28: 248.79832 | Q28: - | R28: - | S28: - | T28: 694.21774 | U28: - | V28: 733.48545 | W28: 854.59769 | X28: 910.58826
C29: 達成率 | D29: =D28/D27 -> 0.86412404 | E29: - | F29: - | G29: =G28/G27 -> 0.87060837 | H29: =H28/H27 -> 0.88461478 | I29: =I28/I27 -> 0.88693186 | J29: - | K29: - | L29: - | M29: =M28/M27 -> 0.88938377 | N29: =N28/N27 -> 0.86741437 | O29: =O28/O27 -> 0.88405491 | P29: =P28/P27 -> 0.87079413 | Q29: - | R29: - | S29: - | T29: =T28/T27 -> 0.88154633 | U29: - | V29: =V28/V27 -> 0.88907327 | W29: =W28/W27 -> 0.88172777 | X29: =X28/X27 -> 0.86722692
B30: 作業 時間 | C30: 開始 | D30: 0.39603009 | E30: - | F30: - | G30: 0.32708333 | H30: 0.25 | I30: 0.3181713 | J30: - | K30: - | L30: - | M30: 0.16666667 | N30: 0.1668287 | O30: 0.16666667 | P30: 0.7083912 | Q30: - | R30: - | S30: - | T30: 0.70833333 | U30: - | V30: 0.70866898 | W30: 0.70833333 | X30: 0.70833333
C31: 結束 | D31: 0.46697917 | E31: - | F31: - | G31: 0.40277778 | H31: 0.36895833 | I31: 0.42152778 | J31: - | K31: - | L31: - | M31: 0.42013889 | N31: 0.43201389 | O31: 0.39586806 | P31: 0.87013889 | Q31: - | R31: - | S31: - | T31: 0.88967593 | U31: - | V31: 0.89877315 | W31: 1.0029745 | X31: 1.0034722
B32: 配置人數 | D32: 17 | E32: - | F32: - | G32: 11.5 | H32: 6 | I32: 6 | J32: - | K32: - | L32: - | M32: 4 | N32: 3 | O32: 3.8333333 | P32: 12.6 | Q32: - | R32: - | S32: - | T32: 4 | U32: - | V32: 4 | W32: 3.25 | X32: 3.3333333
B33: 主要應用設備 | D33: 伺服包裝機 | E33: ET-55 | F33: ET-600 | G33: 夾心型 | H33: 伺服包裝機 | I33: 伺服包裝機 | J33: 夾心型 | K33: 3300型 | L33: 3300型 | M33: 3300型 | N33: GKK | O33: GKK | P33: 夾心型 | Q33: 伺服包裝機 | R33: 伺服包裝機 | S33: 夾心型 | T33: 3300型 | U33: 3300型 | V33: 3300型 | W33: GKK | X33: GKK
B34: 次要應用設備
B35: 備註

Sheet 1030(18度C)
A1: 大溪廠日報分析 | C1: 總生產量 | D1: =SUM(F5:F208) -> 131185 | E1: 營業額 | F1: =SUM(G5:G208) -> 2638791.4 | G1: 出勤人數 | H1: =L21+L38+L55+L72+L89+L106+L123+L140+L157+L174+L191+L208 -> 78.516667 | I1: 產線配置圖 | L1: 生產實績 | O1: 人時性差異分析 | S1: 日報登錄 | Y1: 分析說明 | AA1: 產能差異分析
A2: 45960 | C2: 人時性 | D2: =AVERAGE(N21,N38,N55,N72,N89,N106,N123,N140,N157,N174,N191,N208) -> 593.28054 | E2: 平均廠價 | F2: =F1/D1 -> 20.115039 | G2: 多次生產數 | H2: =COUNT(H5:H208) -> 3
A3: 線別 | B3: 品類 | C3: 品名 | E3: 廠價 | F3: 生產量 | G3: 營收 | H3: 多次 生產 | I3: 人數 | J3: 產能/時 | K3: 人時性 | L3: 人數 | M3: 產能/時 | N3: 人時性 | O3: 人數 | P3: 人時性 | Q3: 達成率 | R3: 達成率 平均 | S3: 生產時間 | U3: 換線、休息/分 | V3: 稼動時間/分 | W3: 休息時間 | Y3: (屏榮回填) | AA3: 產能/時 | AB3: 達成率 | AC3: 達成率平均
S4: 開始 | T4: 結束 | W4: 開始 | X4: 結束
A5: 便當一線 | B5: 18℃-壽司手卷 | C5: 一配海饌雙手卷 | E5: 29.85 | F5: 2526 | G5: =E5*F5 -> 75401.1 | I5: 17 | J5: 3600 | K5: =J5/I5 -> 211.76471 | L5: 17 | M5: =F5/V5*60 -> 3111.0503 | N5: =M5/L5 -> 183.00296 | O5: =L5-I5 -> 0 | P5: =N5-K5 -> -28.761748 | Q5: =N5/K5 -> 0.86418064 | R5: =Q21 -> 0.86412404 | S5: 0.39603009 | T5: 0.42986111 | U5: 6.2833333 | V5: 48.716667 | AA5: =M5-J5 -> -488.94971 | AB5: =M5/J5 -> 0.86418064 | AC5: =AB21 -> 0.86412404
B6: 18℃-壽司手卷 | C6: 一配雙饗雙手卷 | E6: 29.52 | F6: 2460 | G6: =E6*F6 -> 72619.2 | I6: 17 | J6: 3600 | K6: =J6/I6 -> 211.76471 | L6: 17 | M6: =F6/V6*60 -> 3110.6428 | N6: =M6/L6 -> 182.97899 | O6: =L6-I6 -> 0 | P6: =N6-K6 -> -28.785719 | Q6: =N6/K6 -> 0.86406744 | S6: 0.43402778 | T6: 0.46697917 | U6: 6 | V6: 47.45 | W6: 0.46697917 | X6: 0.50763889 | AA6: =M6-J6 -> -489.35722 | AB6: =M6/J6 -> 0.86406744
B21: 平均 | I21: =AVERAGE(I5:I20) -> 17 | J21: =AVERAGE(J5:J20) -> 3600 | K21: =J21/I21 -> 211.76471 | L21: =AVERAGE(L5:L20) -> 17 | M21: =AVERAGE(M5:M20) -> 3110.8465 | N21: =M21/L21 -> 182.99097 | O21: =L21-I21 -> 0 | P21: =N21-K21 -> -28.773733 | Q21: =N21/K21 -> 0.86412404 | S21: =S5 -> 0.39603009 | T21: =INDEX(T5:T20,COUNTA(T5:T20)) -> 0.46697917 | AA21: =M21-J21 -> -489.15346 | AB21: =M21/J21 -> 0.86412404
A22: 自動包裝機 | B22: 18℃-壽司手卷 | C22: 一配長野稻荷壽司 | E22: 25.64 | F22: 1517 | G22: =E22*F22 -> 38895.88 | I22: 11 | J22: 3600 | K22: =J22/I22 -> 327.27273 | L22: 11 | M22: =F22/V22*60 -> 3135.0172 | N22: =M22/L22 -> 285.00157 | O22: =L22-I22 -> 0 | P22: =N22-K22 -> -42.271162 | Q22: =N22/K22 -> 0.87083812 | R22: =Q38 -> 0.87060837 | S22: 0.32708333 | T22: 0.34724537 | U22: 4.6166667 | V22: 29.033333 | AA22: =M22-J22 -> -464.98278 | AB22: =M22/J22 -> 0.87083812 | AC22: =AB38 -> 0.87060837
B23: 18℃-飯糰 | C23: 一配兩粒飯糰(鮪魚.焦糖鮭魚) | E23: 27.14 | F23: 3908 | G23: =E23*F23 -> 106063.12 | I23: 12 | J23: 3600 | K23: =J23/I23 -> 300 | L23: 12 | M23: =F23/V23*60 -> 3133.363 | N23: =M23/L23 -> 261.11359 | O23: =L23-I23 -> 0 | P23: =N23-K23 -> -38.886414 | Q23: =N23/K23 -> 0.87037862 | S23: 0.35081019 | T23: 0.40277778 | U23: 5.1333333 | V23: 74.833333 | AA23: =M23-J23 -> -466.63697 | AB23: =M23/J23 -> 0.87037862
B38: 平均 | I38: =AVERAGE(I22:I37) -> 11.5 | J38: =AVERAGE(J22:J37) -> 3600 | K38: =J38/I38 -> 313.04348 | L38: =AVERAGE(L22:L37) -> 11.5 | M38: =AVERAGE(M22:M37) -> 3134.1901 | N38: =M38/L38 -> 272.53827 | O38: =L38-I38 -> 0 | P38: =N38-K38 -> -40.505206 | Q38: =N38/K38 -> 0.87060837 | S38: =S22 -> 0.32708333 | T38: =INDEX(T22:T37,COUNTA(T22:T37)) -> 0.40277778 | AA38: =M38-J38 -> -465.80987 | AB38: =M38/J38 -> 0.87060837
A39: 自動包裝機2 | B39: 18℃-壽司手卷 | C39: 一配雙鬆細卷 | E39: 14.03 | F39: 2457 | G39: =E39*F39 -> 34471.71 | I39: 6 | J39: 2600 | K39: =J39/I39 -> 433.33333 | L39: 6 | M39: =F39/V39*60 -> 2299.844 | N39: =M39/L39 -> 383.30733 | O39: =L39-I39 -> 0 | P39: =N39-K39 -> -50.026001 | Q39: =N39/K39 -> 0.88455538 | R39: =Q55 -> 0.88461478 | S39: 0.25 | T39: 0.29451389 | V39: 64.1 | AA39: =M39-J39 -> -300.15601 | AB39: =M39/J39 -> 0.88455538 | AC39: =AB55 -> 0.88461478
B40: 18℃-壽司手卷 | C40: 一配香濃起司蟹風味棒細卷 | E40: 17.73 | F40: 1554 | G40: =E40*F40 -> 27552.42 | I40: 6 | J40: 2600 | K40: =J40/I40 -> 433.33333 | L40: 6 | M40: =F40/V40*60 -> 2300.3289 | N40: =M40/L40 -> 383.38816 | O40: =L40-I40 -> 0 | P40: =N40-K40 -> -49.945175 | Q40: =N40/K40 -> 0.8847419 | S40: 0.29824074 | T40: 0.32638889 | U40: 5.3666667 | V40: 40.533333 | AA40: =M40-J40 -> -299.67105 | AB40: =M40/J40 -> 0.8847419
B41: 18℃-壽司手卷 | C41: 一配經典鮪魚沙拉細卷 | E41: 14.49 | F41: 2158 | G41: =E41*F41 -> 31269.42 | I41: 6 | J41: 2600 | K41: =J41/I41 -> 433.33333 | L41: 6 | M41: =F41/V41*60 -> 2299.8224 | N41: =M41/L41 -> 383.30373 | O41: =L41-I41 -> 0 | P41: =N41-K41 -> -50.029603 | Q41: =N41/K41 -> 0.88454707 | S41: 0.32986111 | T41: 0.36895833 | U41: 5 | V41: 56.3 | AA41: =M41-J41 -> -300.17762 | AB41: =M41/J41 -> 0.88454707
B55: 平均 | I55: =AVERAGE(I39:I54) -> 6 | J55: =AVERAGE(J39:J54) -> 2600 | K55: =J55/I55 -> 433.33333 | L55: =AVERAGE(L39:L54) -> 6 | M55: =AVERAGE(M39:M54) -> 2299.9984 | N55: =M55/L55 -> 383.33307 | O55: =L55-I55 -> 0 | P55: =N55-K55 -> -50.00026 | Q55: =N55/K55 -> 0.88461478 | S55: =S39 -> 0.25 | T55: =INDEX(T39:T54,COUNTA(T39:T54)) -> 0.36895833 | AA55: =M55-J55 -> -300.00156 | AB55: =M55/J55 -> 0.88461478
A56: 自動包裝機3 | B56: 18℃-壽司手卷 | C56: 一配滿滿海鮮沙拉脆卷 | E56: 19.39 | F56: 2100 | G56: =E56*F56 -> 40719 | I56: 6 | J56: 2500 | K56: =J56/I56 -> 416.66667 | L56: 6 | M56: =F56/V56*60 -> 2217.0088 | N56: =M56/L56 -> 369.50147 | O56: =L56-I56 -> 0 | P56: =N56-K56 -> -47.1652 | Q56: =N56/K56 -> 0.88680352 | R56: =Q72 -> 0.88693186 | S56: 0.3181713 | T56: 0.35763889 | U56: 5.1666667 | V56: 56.833333 | AA56: =M56-J56 -> -282.9912 | AB56: =M56/J56 -> 0.88680352 | AC56: =AB72 -> 0.88693186
B57: 18℃-壽司手卷 | C57: 一配明太子玉子脆卷 | E57: 19.7 | F57: 3162 | G57: =E57*F57 -> 62291.4 | I57: 6 | J57: 2500 | K57: =J57/I57 -> 416.66667 | L57: 6 | M57: =F57/V57*60 -> 2217.6505 | N57: =M57/L57 -> 369.60842 | O57: =L57-I57 -> 0 | P57: =N57-K57 -> -47.058251 | Q57: =N57/K57 -> 0.8870602 | S57: 0.36211806 | T57: 0.42152778 | U57: 6.45 | V57: 85.55 | AA57: =M57-J57 -> -282.3495 | AB57: =M57/J57 -> 0.8870602
B72: 平均 | I72: =AVERAGE(I56:I71) -> 6 | J72: =AVERAGE(J56:J71) -> 2500 | K72: =J72/I72 -> 416.66667 | L72: =AVERAGE(L56:L71) -> 6 | M72: =AVERAGE(M56:M71) -> 2217.3296 | N72: =M72/L72 -> 369.55494 | O72: =L72-I72 -> 0 | P72: =N72-K72 -> -47.111725 | Q72: =N72/K72 -> 0.88693186 | S72: =S56 -> 0.3181713 | T72: =INDEX(T56:T71,COUNTA(T56:T71)) -> 0.42152778 | AA72: =M72-J72 -> -282.67035 | AB72: =M72/J72 -> 0.88693186
A73: (新) 3300型飯糰機 | B73: 18℃-飯糰 | C73: 一配照燒雞肉飯糰 | E73: 21.45 | F73: 2899 | G73: =E73*F73 -> 62183.55 | I73: 4 | J73: 3300 | K73: =J73/I73 -> 825 | L73: 4 | M73: =F73/V73*60 -> 2940.6593 | N73: =M73/L73 -> 735.16484 | O73: =L73-I73 -> 0 | P73: =N73-K73 -> -89.835165 | Q73: =N73/K73 -> 0.89110889 | R73: =Q89 -> 0.88938377 | S73: 0.16666667 | T73: 0.20774306 | V73: 59.15 | AA73: =M73-J73 -> -359.34066 | AB73: =M73/J73 -> 0.89110889 | AC73: =AB89 -> 0.88938377
B74: 18℃-飯糰 | C74: 一配鹽蔥燒肉飯糰 | E74: 17.89 | F74: 3221 | G74: =E74*F74 -> 57623.69 | I74: 4 | J74: 3300 | K74: =J74/I74 -> 825 | L74: 4 | M74: =F74/V74*60 -> 2936.3383 | N74: =M74/L74 -> 734.08458 | O74: =L74-I74 -> 0 | P74: =N74-K74 -> -90.915422 | Q74: =N74/K74 -> 0.88979949 | S74: 0.21193287 | T74: 0.25763889 | U74: 6.0333333 | V74: 65.816667 | AA74: =M74-J74 -> -363.66169 | AB74: =M74/J74 -> 0.88979949
B75: 18℃-飯糰 | C75: 一配壹號醬炙烤牛飯糰 | E75: 22.28 | F75: 1336 | G75: =E75*F75 -> 29766.08 | I75: 5 | J75: 3300 | K75: =J75/I75 -> 660 | L75: 5 | M75: =F75/V75*60 -> 2932.6829 | N75: =M75/L75 -> 586.53659 | O75: =L75-I75 -> 0 | P75: =N75-K75 -> -73.463415 | Q75: =N75/K75 -> 0.8886918 | S75: 0.26111111 | T75: 0.28009259 | U75: 5 | V75: 27.333333 | AA75: =M75-J75 -> -367.31707 | AB75: =M75/J75 -> 0.8886918
B76: 18℃-飯糰 | C76: 一配椒鹽檸檬鯖魚飯糰 | E76: 21.45 | F76: 4033 | G76: =E76*F76 -> 86507.85 | I76: 3 | J76: 3300 | K76: =J76/I76 -> 1100 | L76: 3 | M76: =F76/V76*60 -> 2932.4985 | N76: =M76/L76 -> 977.4995 | O76: =L76-I76 -> 0 | P76: =N76-K76 -> -122.5005 | Q76: =N76/K76 -> 0.8886359 | S76: 0.28366898 | T76: 0.34097222 | U76: 5.15 | V76: 82.516667 | AA76: =M76-J76 -> -367.50151 | AB76: =M76/J76 -> 0.8886359
B77: 18℃-飯糰 | C77: 一配雞肉飯飯糰 | E77: 16.66 | F77: 5269 | G77: =E77*F77 -> 87781.54 | I77: 4 | J77: 3300 | K77: =J77/I77 -> 825 | L77: 4 | M77: =F77/V77*60 -> 2932.6531 | N77: =M77/L77 -> 733.16327 | O77: =L77-I77 -> 0 | P77: =N77-K77 -> -91.836735 | Q77: =N77/K77 -> 0.88868275 | S77: 0.34527778 | T77: 0.42013889 | U77: 6.2 | V77: 107.8 | AA77: =M77-J77 -> -367.34694 | AB77: =M77/J77 -> 0.88868275
B89: 平均 | I89: =AVERAGE(I73:I88) -> 4 | J89: =AVERAGE(J73:J88) -> 3300 | K89: =J89/I89 -> 825 | L89: =AVERAGE(L73:L88) -> 4 | M89: =AVERAGE(M73:M88) -> 2934.9664 | N89: =M89/L89 -> 733.74161 | O89: =L89-I89 -> 0 | P89: =N89-K89 -> -91.258394 | Q89: =N89/K89 -> 0.88938377 | S89: =S73 -> 0.16666667 | T89: =INDEX(T73:T88,COUNTA(T73:T88)) -> 0.42013889 | AA89: =M89-J89 -> -365.03357 | AB89: =M89/J89 -> 0.88938377
A90: GKK3600型 飯糰機 | B90: 18℃-飯糰 | C90: 一配蔬食鮪魚飯糰 | E90: 18.18 | F90: 1796 | G90: =E90*F90 -> 32651.28 | I90: 3 | J90: 3600 | K90: =J90/I90 -> 1200 | L90: 3 | M90: =F90/V90*60 -> 3099.5206 | N90: =M90/L90 -> 1033.1735 | O90: =L90-I90 -> 0 | P90: =N90-K90 -> -166.82646 | Q90: =N90/K90 -> 0.86097795 | R90: =Q106 -> 0.86741437 | S90: 0.1668287 | T90: 0.19097222 | V90: 34.766667 | AA90: =M90-J90 -> -500.47939 | AB90: =M90/J90 -> 0.86097795 | AC90: =AB106 -> 0.86741437
B91: 18℃-飯糰 | C91: 一配明太子龍蝦風味沙拉飯糰 | E91: 18.18 | F91: 2592 | G91: =E91*F91 -> 47122.56 | I91: 3 | J91: 3600 | K91: =J91/I91 -> 1200 | L91: 3 | M91: =F91/V91*60 -> 3100.0664 | N91: =M91/L91 -> 1033.3555 | O91: =L91-I91 -> 0 | P91: =N91-K91 -> -166.64452 | Q91: =N91/K91 -> 0.86112957 | S91: 0.20277778 | T91: 0.23761574 | U91: 17 | V91: 50.166667 | AA91: =M91-J91 -> -499.93355 | AB91: =M91/J91 -> 0.86112957
B92: 18℃-飯糰 | C92: 一配鮪魚飯糰 | E92: 14.28 | F92: 6512 | G92: =E92*F92 -> 92991.36 | I92: 3 | J92: 3600 | K92: =J92/I92 -> 1200 | L92: 3 | M92: =F92/V92*60 -> 3100.9524 | N92: =M92/L92 -> 1033.6508 | O92: =L92-I92 -> 0 | P92: =N92-K92 -> -166.34921 | Q92: =N92/K92 -> 0.86137566 | S92: 0.24861111 | T92: 0.33611111 | U92: 15.833333 | V92: 126 | AA92: =M92-J92 -> -499.04762 | AB92: =M92/J92 -> 0.86137566
B93: 18℃-飯糰 | C93: 一配經典肉鬆飯糰 | E93: 14.03 | F93: 5433 | G93: =E93*F93 -> 76224.99 | I93: 3 | J93: 3000 | K93: =J93/I93 -> 1000 | L93: 3 | M93: =F93/V93*60 -> 2669.7789 | N93: =M93/L93 -> 889.92629 | O93: =L93-I93 -> 0 | P93: =N93-K93 -> -110.07371 | Q93: =N93/K93 -> 0.88992629 | S93: 0.34722222 | T93: 0.43201389 | U93: 16 | V93: 122.1 | AA93: =M93-J93 -> -330.22113 | AB93: =M93/J93 -> 0.88992629
B106: 平均 | I106: =AVERAGE(I90:I105) -> 3 | J106: =AVERAGE(J90:J105) -> 3450 | K106: =J106/I106 -> 1150 | L106: =AVERAGE(L90:L105) -> 3 | M106: =AVERAGE(M90:M105) -> 2992.5796 | N106: =M106/L106 -> 997.52653 | O106: =L106-I106 -> 0 | P106: =N106-K106 -> -152.47347 | Q106: =N106/K106 -> 0.86741437 | S106: =S90 -> 0.1668287 | T106: =INDEX(T90:T105,COUNTA(T90:T105)) -> 0.43201389 | AA106: =M106-J106 -> -457.42042 | AB106: =M106/J106 -> 0.86741437
A107: GKK3600型 飯糰機2 | B107: 18℃-飯糰 | C107: 一配熟成紅鮭飯糰 | E107: 25.03 | F107: 1896 | G107: =E107*F107 -> 47456.88 | I107: 4 | J107: 3300 | K107: =J107/I107 -> 825 | L107: 4 | M107: =F107/V107*60 -> 2903.2752 | N107: =M107/L107 -> 725.8188 | O107: =L107-I107 -> 0 | P107: =N107-K107 -> -99.181199 | Q107: =N107/K107 -> 0.87978036 | R107: =Q123 -> 0.88405491 | S107: 0.16666667 | T107: 0.19387731 | V107: 39.183333 | AA107: =M107-J107 -> -396.7248 | AB107: =M107/J107 -> 0.87978036 | AC107: =AB123 -> 0.88405491
B108: 18℃-飯糰 | C108: 一配博多明太子奶油飯糰 | E108: 25.45 | F108: 1528 | G108: =E108*F108 -> 38887.6 | I108: 4 | J108: 3300 | K108: =J108/I108 -> 825 | L108: 4 | M108: =F108/V108*60 -> 2902.7968 | N108: =M108/L108 -> 725.69921 | O108: =L108-I108 -> 0 | P108: =N108-K108 -> -99.300792 | Q108: =N108/K108 -> 0.8796354 | S108: 0.20515046 | T108: 0.22708333 | U108: 16.233333 | V108: 31.583333 | AA108: =M108-J108 -> -397.20317 | AB108: =M108/J108 -> 0.8796354
B109: 18℃-飯糰 | C109: 一配照燒鰤魚大根飯糰 | E109: 26.73 | F109: 415 | G109: =E109*F109 -> 11092.95 | I109: 4 | J109: 3300 | K109: =J109/I109 -> 825 | L109: 4 | M109: =F109/V109*60 -> 2906.6148 | N109: =M109/L109 -> 726.6537 | O109: =L109-I109 -> 0 | P109: =N109-K109 -> -98.346304 | Q109: =N109/K109 -> 0.88079236 | S109: 0.23918981 | T109: 0.24513889 | U109: 17.433333 | V109: 8.5666667 | AA109: =M109-J109 -> -393.38521 | AB109: =M109/J109 -> 0.88079236
B110: 18℃-飯糰 | C110: 一配筋子銀鮭飯糰 | E110: 30 | F110: 2223 | G110: =E110*F110 -> 66690 | I110: 4 | J110: 3000 | K110: =J110/I110 -> 750 | L110: 4 | M110: =F110/V110*60 -> 2679.2099 | N110: =M110/L110 -> 669.80248 | O110: =L110-I110 -> 0 | P110: =N110-K110 -> -80.197523 | Q110: =N110/K110 -> 0.89306997 | S110: 0.25570602 | T110: 0.29027778 | U110: 15.216667 | V110: 49.783333 | AA110: =M110-J110 -> -320.79009 | AB110: =M110/J110 -> 0.89306997
B111: 18℃-飯糰 | C111: 一配北海道秋鮭親子飯糰 | E111: 24.82 | F111: 2030 | G111: =E111*F111 -> 50384.6 | I111: 4 | J111: 3300 | K111: =J111/I111 -> 825 | L111: 4 | M111: =F111/V111*60 -> 2903.4565 | N111: =M111/L111 -> 725.86412 | O111: =L111-I111 -> 0 | P111: =N111-K111 -> -99.135876 | Q111: =N111/K111 -> 0.8798353 | S111: 0.30211806 | T111: 0.33125 | U111: 17.05 | V111: 41.95 | AA111: =M111-J111 -> -396.5435 | AB111: =M111/J111 -> 0.8798353
B112: 18℃-飯糰 | C112: 一配贅沢鮭魚肚飯糰 | E112: 30 | F112: 3395 | G112: =E112*F112 -> 101850 | I112: 3 | J112: 3000 | K112: =J112/I112 -> 1000 | L112: 3 | M112: =F112/V112*60 -> 2678.501 | N112: =M112/L112 -> 892.83366 | O112: =L112-I112 -> 0 | P112: =N112-K112 -> -107.16634 | Q112: =N112/K112 -> 0.89283366 | S112: 0.34305556 | T112: 0.39586806 | U112: 17 | V112: 76.05 | AA112: =M112-J112 -> -321.49901 | AB112: =M112/J112 -> 0.89283366
B123: 平均 | I123: =AVERAGE(I107:I122) -> 3.8333333 | J123: =AVERAGE(J107:J122) -> 3200 | K123: =J123/I123 -> 834.78261 | L123: =AVERAGE(L107:L122) -> 3.8333333 | M123: =AVERAGE(M107:M122) -> 2828.9757 | N123: =M123/L123 -> 737.99366 | O123: =L123-I123 -> 0 | P123: =N123-K123 -> -96.788947 | Q123: =N123/K123 -> 0.88405491 | S123: =S107 -> 0.16666667 | T123: =INDEX(T107:T122,COUNTA(T107:T122)) -> 0.39586806 | AA123: =M123-J123 -> -371.0243 | AB123: =M123/J123 -> 0.88405491
A124: 自動包裝機 (二配) | B124: 18℃-飯糰 | C124: 二配兔兔昆布飯糰 | E124: 13.42 | F124: 314 | G124: =E124*F124 -> 4213.88 | I124: 6 | J124: 3600 | K124: =J124/I124 -> 600 | L124: 6 | M124: =F124/V124*60 -> 3184.2254 | N124: =M124/L124 -> 530.70423 | O124: =L124-I124 -> 0 | P124: =N124-K124 -> -69.295775 | Q124: =N124/K124 -> 0.88450704 | R124: =Q140 -> 0.87079413 | S124: 0.7083912 | T124: 0.7125 | V124: 5.9166667 | AA124: =M124-J124 -> -415.77465 | AB124: =M124/J124 -> 0.88450704 | AC124: =AB140 -> 0.87079413
B125: 18℃-壽司手卷 | C125: 二配長野稻荷壽司 | E125: 25.64 | F125: 1943 | G125: =E125*F125 -> 49818.52 | I125: 11 | J125: 3600 | K125: =J125/I125 -> 327.27273 | L125: 11 | M125: =F125/V125*60 -> 3136.6816 | N125: =M125/L125 -> 285.15287 | O125: =L125-I125 -> 0 | P125: =N125-K125 -> -42.119853 | Q125: =N125/K125 -> 0.87130045 | S125: 0.71597222 | T125: 0.74178241 | U125: 5 | V125: 37.166667 | AA125: =M125-J125 -> -463.31839 | AB125: =M125/J125 -> 0.87130045
B126: 18℃-壽司手卷 | C126: 二配雙饗雙手卷 | E126: 29.52 | F126: 2348 | G126: =E126*F126 -> 69312.96 | I126: 17 | J126: 3600 | K126: =J126/I126 -> 211.76471 | L126: 17 | M126: =F126/V126*60 -> 3108.79 | N126: =M126/L126 -> 182.87 | O126: =L126-I126 -> 0 | P126: =N126-K126 -> -28.894706 | Q126: =N126/K126 -> 0.86355278 | S126: 0.74513889 | T126: 0.7766088 | U126: 4.8333333 | V126: 45.316667 | AA126: =M126-J126 -> -491.21 | AB126: =M126/J126 -> 0.86355278
B127: 18℃-壽司手卷 | C127: 二配海饌雙手卷 | E127: 29.85 | F127: 2394 | G127: =E127*F127 -> 71460.9 | I127: 17 | J127: 3600 | K127: =J127/I127 -> 211.76471 | L127: 17 | M127: =F127/V127*60 -> 3111.3357 | N127: =M127/L127 -> 183.01975 | O127: =L127-I127 -> 0 | P127: =N127-K127 -> -28.744956 | Q127: =N127/K127 -> 0.86425993 | S127: 0.78055556 | T127: 0.81261574 | U127: 5.6833333 | V127: 46.166667 | AA127: =M127-J127 -> -488.66426 | AB127: =M127/J127 -> 0.86425993
B128: 18℃-飯糰 | C128: 二配兩粒飯糰(鮪魚.焦糖鮭魚) | E128: 28.57 | F128: 4048 | G128: =E128*F128 -> 115651.36 | I128: 12 | J128: 3600 | K128: =J128/I128 -> 300 | L128: 12 | M128: =F128/V128*60 -> 3133.2617 | N128: =M128/L128 -> 261.10514 | O128: =L128-I128 -> 0 | P128: =N128-K128 -> -38.894861 | Q128: =N128/K128 -> 0.87035046 | S128: 0.81630787 | T128: 0.87013889 | U128: 5.3166667 | V128: 77.516667 | AA128: =M128-J128 -> -466.73834 | AB128: =M128/J128 -> 0.87035046
B140: 平均 | I140: =AVERAGE(I124:I139) -> 12.6 | J140: =AVERAGE(J124:J139) -> 3600 | K140: =J140/I140 -> 285.71429 | L140: =AVERAGE(L124:L139) -> 12.6 | M140: =AVERAGE(M124:M139) -> 3134.8589 | N140: =M140/L140 -> 248.79832 | O140: =L140-I140 -> 0 | P140: =N140-K140 -> -36.915962 | Q140: =N140/K140 -> 0.87079413 | S140: =S124 -> 0.7083912 | T140: =INDEX(T124:T139,COUNTA(T124:T139)) -> 0.87013889 | AA140: =M140-J140 -> -465.14113 | AB140: =M140/J140 -> 0.87079413
A141: (舊) 3300型飯糰線 (二配) | B141: 18℃-飯糰 | C141: 二配鹽蔥燒肉飯糰 | E141: 17.89 | F141: 5099 | G141: =E141*F141 -> 91221.11 | I141: 4 | J141: 3300 | K141: =J141/I141 -> 825 | L141: 4 | M141: =F141/V141*60 -> 2935.6149 | N141: =M141/L141 -> 733.90373 | O141: =L141-I141 -> 0 | P141: =N141-K141 -> -91.096274 | Q141: =N141/K141 -> 0.88958027 | R141: =Q157 -> 0.88154633 | S141: 0.70833333 | T141: 0.78070602 | V141: 104.21667 | AA141: =M141-J141 -> -364.3851 | AB141: =M141/J141 -> 0.88958027 | AC141: =AB157 -> 0.88154633
B142: 18℃-飯糰 | C142: 二配油蔥G絲飯糰 | E142: 18.18 | F142: 1203 | G142: =E142*F142 -> 21870.54 | I142: 4 | J142: 3300 | K142: =J142/I142 -> 825 | L142: 4 | M142: =F142/V142*60 -> 2932.1598 | N142: =M142/L142 -> 733.03995 | O142: =L142-I142 -> 0 | P142: =N142-K142 -> -91.960054 | Q142: =N142/K142 -> 0.88853327 | S142: 0.78498843 | T142: 0.80208333 | U142: 6.1666667 | V142: 24.616667 | AA142: =M142-J142 -> -367.84022 | AB142: =M142/J142 -> 0.88853327
B143: 18℃-飯糰 | C143: 二配大飯糰春川風味辣炒雞 | E143: 24.15 | F143: 909 | G143: =E143*F143 -> 21952.35 | I143: 4 | J143: 3000 | K143: =J143/I143 -> 750 | L143: 4 | M143: =F143/V143*60 -> 2630.5466 | N143: =M143/L143 -> 657.63666 | O143: =L143-I143 -> 0 | P143: =N143-K143 -> -92.363344 | Q143: =N143/K143 -> 0.87684887 | S143: 0.80643519 | T143: 0.82083333 | U143: 6.2666667 | V143: 20.733333 | AA143: =M143-J143 -> -369.45338 | AB143: =M143/J143 -> 0.87684887
B144: 18℃-飯糰 | C144: 二配大飯糰鮪魚昆布 | E144: 22.21 | F144: 4050 | G144: =E144*F144 -> 89950.5 | I144: 4 | J144: 3000 | K144: =J144/I144 -> 750 | L144: 4 | M144: =F144/V144*60 -> 2609.1625 | N144: =M144/L144 -> 652.29062 | O144: =L144-I144 -> 0 | P144: =N144-K144 -> -97.709377 | Q144: =N144/K144 -> 0.86972083 | S144: 0.825 | T144: 0.88967593 | U144: 6 | V144: 93.133333 | AA144: =M144-J144 -> -390.83751 | AB144: =M144/J144 -> 0.86972083
B157: 平均 | I157: =AVERAGE(I141:I156) -> 4 | J157: =AVERAGE(J141:J156) -> 3150 | K157: =J157/I157 -> 787.5 | L157: =AVERAGE(L141:L156) -> 4 | M157: =AVERAGE(M141:M156) -> 2776.871 | N157: =M157/L157 -> 694.21774 | O157: =L157-I157 -> 0 | P157: =N157-K157 -> -93.282262 | Q157: =N157/K157 -> 0.88154633 | S157: =S141 -> 0.70833333 | T157: =INDEX(T141:T156,COUNTA(T141:T156)) -> 0.88967593 | AA157: =M157-J157 -> -373.12905 | AB157: =M157/J157 -> 0.88154633
A158: (新) 3300型飯糰機 (二配) | B158: 18℃-飯糰 | C158: 二配壹號醬炙烤牛飯糰 | E158: 22.28 | F158: 1785 | G158: =E158*F158 -> 39769.8 | I158: 5 | J158: 3300 | K158: =J158/I158 -> 660 | L158: 5 | M158: =F158/V158*60 -> 2932.9073 | N158: =M158/L158 -> 586.58147 | O158: =L158-I158 -> 0 | P158: =N158-K158 -> -73.41853 | Q158: =N158/K158 -> 0.8887598 | R158: =Q174 -> 0.88907327 | S158: 0.70866898 | T158: 0.73402778 | V158: 36.516667 | AA158: =M158-J158 -> -367.09265 | AB158: =M158/J158 -> 0.8887598 | AC158: =AB174 -> 0.88907327
B159: 18℃-飯糰 | C159: 二配三杯醬爆菇菇飯糰 | E159: 16.7 | F159: 3242 | G159: =E159*F159 -> 54141.4 | I159: 3 | J159: 3300 | K159: =J159/I159 -> 1100 | L159: 3 | M159: =F159/V159*60 -> 2933.1993 | N159: =M159/L159 -> 977.7331 | O159: =L159-I159 -> 0 | P159: =N159-K159 -> -122.2669 | Q159: =N159/K159 -> 0.88884827 | S159: 0.7375 | T159: 0.78355324 | U159: 5 | V159: 66.316667 | AA159: =M159-J159 -> -366.8007 | AB159: =M159/J159 -> 0.88884827
B160: 18℃-飯糰 | C160: 二配雞肉飯飯糰 | E160: 16.66 | F160: 7840 | G160: =E160*F160 -> 130614.4 | I160: 4 | J160: 3300 | K160: =J160/I160 -> 825 | L160: 4 | M160: =F160/V160*60 -> 2935.7187 | N160: =M160/L160 -> 733.92969 | O160: =L160-I160 -> 0 | P160: =N160-K160 -> -91.070314 | Q160: =N160/K160 -> 0.88961174 | S160: 0.7875 | T160: 0.89877315 | U160: 5.6833333 | V160: 160.23333 | AA160: =M160-J160 -> -364.28126 | AB160: =M160/J160 -> 0.88961174
B174: 平均 | I174: =AVERAGE(I158:I173) -> 4 | J174: =AVERAGE(J158:J173) -> 3300 | K174: =J174/I174 -> 825 | L174: =AVERAGE(L158:L173) -> 4 | M174: =AVERAGE(M158:M173) -> 2933.9418 | N174: =M174/L174 -> 733.48545 | O174: =L174-I174 -> 0 | P174: =N174-K174 -> -91.514551 | Q174: =N174/K174 -> 0.88907327 | S174: =S158 -> 0.70866898 | T174: =INDEX(T158:T173,COUNTA(T158:T173)) -> 0.89877315 | AA174: =M174-J174 -> -366.0582 | AB174: =M174/J174 -> 0.88907327
A175: GKK3600型 飯糰機 (二配) | B175: 18℃-飯糰 | C175: 二配經典肉鬆飯糰 | E175: 14.03 | F175: 1424 | G175: =E175*F175 -> 19978.72 | H175: 2 | I175: 3 | J175: 3000 | K175: =J175/I175 -> 1000 | L175: 3 | M175: =F175/V175*60 -> 2670 | N175: =M175/L175 -> 890 | O175: =L175-I175 -> 0 | P175: =N175-K175 -> -110 | Q175: =N175/K175 -> 0.89 | R175: =Q191 -> 0.88172777 | S175: 0.70833333 | T175: 0.73055556 | V175: 32 | AA175: =M175-J175 -> -330 | AB175: =M175/J175 -> 0.89 | AC175: =AB191 -> 0.88172777
B176: 18℃-飯糰 | C176: 二配芝麻香鬆飯糰 | E176: 18.18 | F176: 2124 | G176: =E176*F176 -> 38614.32 | I176: 4 | J176: 3000 | K176: =J176/I176 -> 750 | L176: 4 | M176: =F176/V176*60 -> 2669.8324 | N176: =M176/L176 -> 667.4581 | O176: =L176-I176 -> 0 | P176: =N176-K176 -> -82.541899 | Q176: =N176/K176 -> 0.88994413 | S176: 0.74115741 | T176: 0.77430556 | U176: 15.266667 | V176: 47.733333 | AA176: =M176-J176 -> -330.1676 | AB176: =M176/J176 -> 0.88994413
B177: 18℃-飯糰 | C177: 二配鮪魚飯糰 | E177: 14.28 | F177: 5028 | G177: =E177*F177 -> 71799.84 | H177: 2 | I177: 3 | J177: 3600 | K177: =J177/I177 -> 1200 | L177: 3 | M177: =F177/V177*60 -> 3099.9829 | N177: =M177/L177 -> 1033.3276 | O177: =L177-I177 -> 0 | P177: =N177-K177 -> -166.67238 | Q177: =N177/K177 -> 0.86110635 | S177: 0.78472222 | T177: 0.85230324 | U177: 15 | V177: 97.316667 | W177: 0.85230324 | X177: 0.90347222 | AA177: =M177-J177 -> -500.01713 | AB177: =M177/J177 -> 0.86110635
B178: 18℃-飯糰 | C178: 二配經典肉鬆飯糰 | E178: 14.03 | F178: 6376 | G178: =E178*F178 -> 89455.28 | I178: 3 | J178: 3000 | K178: =J178/I178 -> 1000 | L178: 3 | M178: =F178/V178*60 -> 2669.9546 | N178: =M178/L178 -> 889.98488 | O178: =L178-I178 -> 0 | P178: =N178-K178 -> -110.01512 | Q178: =N178/K178 -> 0.88998488 | S178: 0.90347222 | T178: 1.0029745 | U178: 73.683333 | V178: 143.28333 | AA178: =M178-J178 -> -330.04536 | AB178: =M178/J178 -> 0.88998488
B191: 平均 | I191: =AVERAGE(I175:I190) -> 3.25 | J191: =AVERAGE(J175:J190) -> 3150 | K191: =J191/I191 -> 969.23077 | L191: =AVERAGE(L175:L190) -> 3.25 | M191: =AVERAGE(M175:M190) -> 2777.4425 | N191: =M191/L191 -> 854.59769 | O191: =L191-I191 -> 0 | P191: =N191-K191 -> -114.63308 | Q191: =N191/K191 -> 0.88172777 | S191: =S175 -> 0.70833333 | T191: =INDEX(T175:T190,COUNTA(T175:T190)) -> 1.0029745 | AA191: =M191-J191 -> -372.55752 | AB191: =M191/J191 -> 0.88172777
A192: GKK3600型 飯糰機2 (二配) | B192: 18℃-飯糰 | C192: 二配明太子龍蝦風味沙拉飯糰 | E192: 18.18 | F192: 1456 | G192: =E192*F192 -> 26470.08 | H192: 2 | I192: 3 | J192: 3600 | K192: =J192/I192 -> 1200 | L192: 3 | M192: =F192/V192*60 -> 3099.7043 | N192: =M192/L192 -> 1033.2348 | O192: =L192-I192 -> 0 | P192: =N192-K192 -> -166.76523 | Q192: =N192/K192 -> 0.86102898 | R192: =Q208 -> 0.86722692 | S192: 0.70833333 | T192: 0.72790509 | V192: 28.183333 | AA192: =M192-J192 -> -500.29568 | AB192: =M192/J192 -> 0.86102898 | AC192: =AB208 -> 0.86722692
B193: 18℃-飯糰 | C193: 二配蔬食鮪魚飯糰 | E193: 18.18 | F193: 1769 | G193: =E193*F193 -> 32160.42 | I193: 3 | J193: 3600 | K193: =J193/I193 -> 1200 | L193: 3 | M193: =F193/V193*60 -> 3101.9971 | N193: =M193/L193 -> 1033.999 | O193: =L193-I193 -> 0 | P193: =N193-K193 -> -166.00097 | Q193: =N193/K193 -> 0.86166585 | S193: 0.73819444 | T193: 0.76195602 | U193: 14.816667 | V193: 34.216667 | AA193: =M193-J193 -> -498.00292 | AB193: =M193/J193 -> 0.86166585
B194: 18℃-飯糰 | C194: 二配北海道秋鮭親子飯糰 | E194: 24.82 | F194: 2581 | G194: =E194*F194 -> 64060.42 | I194: 4 | J194: 3300 | K194: =J194/I194 -> 825 | L194: 4 | M194: =F194/V194*60 -> 2903.625 | N194: =M194/L194 -> 725.90625 | O194: =L194-I194 -> 0 | P194: =N194-K194 -> -99.09375 | Q194: =N194/K194 -> 0.87988636 | S194: 0.77222222 | T194: 0.80925926 | U194: 14.783333 | V194: 53.333333 | AA194: =M194-J194 -> -396.375 | AB194: =M194/J194 -> 0.87988636
B195: 18℃-飯糰 | C195: 二配熟成紅鮭飯糰 | E195: 25.03 | F195: 2152 | G195: =E195*F195 -> 53864.56 | I195: 4 | J195: 3300 | K195: =J195/I195 -> 825 | L195: 4 | M195: =F195/V195*60 -> 2905.9265 | N195: =M195/L195 -> 726.48162 | O195: =L195-I195 -> 0 | P195: =N195-K195 -> -98.51838 | Q195: =N195/K195 -> 0.88058378 | S195: 0.81944444 | T195: 0.85030093 | U195: 14.666667 | V195: 44.433333 | W195: 0.85030093 | X195: 0.90347222 | AA195: =M195-J195 -> -394.07352 | AB195: =M195/J195 -> 0.88058378
B196: 18℃-飯糰 | C196: 二配明太子龍蝦風味沙拉飯糰 | E196: 18.18 | F196: 2185 | G196: =E196*F196 -> 39723.3 | I196: 3 | J196: 3600 | K196: =J196/I196 -> 1200 | L196: 3 | M196: =F196/V196*60 -> 3100.5124 | N196: =M196/L196 -> 1033.5041 | O196: =L196-I196 -> 0 | P196: =N196-K196 -> -166.49586 | Q196: =N196/K196 -> 0.86125345 | S196: 0.90347222 | T196: 0.93283565 | U196: 76.566667 | V196: 42.283333 | AA196: =M196-J196 -> -499.48758 | AB196: =M196/J196 -> 0.86125345
B197: 18℃-飯糰 | C197: 二配鮪魚飯糰 | E197: 14.28 | F197: 4495 | G197: =E197*F197 -> 64188.6 | I197: 3 | J197: 3600 | K197: =J197/I197 -> 1200 | L197: 3 | M197: =F197/V197*60 -> 3100 | N197: =M197/L197 -> 1033.3333 | O197: =L197-I197 -> 0 | P197: =N197-K197 -> -166.66667 | Q197: =N197/K197 -> 0.86111111 | S197: 0.94305556 | T197: 1.0034722 | U197: 14.716667 | V197: 87 | AA197: =M197-J197 -> -500 | AB197: =M197/J197 -> 0.86111111
B208: 平均 | I208: =AVERAGE(I192:I207) -> 3.3333333 | J208: =AVERAGE(J192:J207) -> 3500 | K208: =J208/I208 -> 1050 | L208: =AVERAGE(L192:L207) -> 3.3333333 | M208: =AVERAGE(M192:M207) -> 3035.2942 | N208: =M208/L208 -> 910.58826 | O208: =L208-I208 -> 0 | P208: =N208-K208 -> -139.41174 | Q208: =N208/K208 -> 0.86722692 | S208: =S192 -> 0.70833333 | T208: =INDEX(T192:T207,COUNTA(T192:T207)) -> 1.0034722 | AA208: =M208-J208 -> -464.70578 | AB208: =M208/J208 -> 0.86722692
Y210: 原因回覆
Y211: 1.當日出勤人數較多
Y212: 2.當日出勤人數較少
Y213: 3.當日出勤熟手較多
Y214: 4.當日出勤新人較多
Y215: 5.機台夾盒
Y216: 6.封膜不順
Y217: 7.更換膠膜
Y218: 8.更換碳帶
Y219: 9.當日熱轉印碳帶異常
Y220: 10.訂單量過少
Y221: 11.新品上市，尚未熟悉
Y222: 12.活動期間品項需貼標

Sheet 1030(4度C)
A1: 大溪廠日報分析 | C1: 總生產量 | D1: =SUM(F5:F157) -> 91439 | E1: 營業額 | F1: =SUM(G5:G157) -> 4322819.6 | G1: 出勤人數 | H1: =L21+L38+L55+L72+L89+L106+L123+L140+L157 -> 168.10476 | I1: 產線配置圖 | L1: 生產實績 | O1: 人時性差異分析 | S1: 日報登錄 | Y1: 分析說明 | AA1: 產能差異分析
A2: 45960 | C2: 人時性 | D2: =AVERAGE(N21,N38,N55,N72,N89,N106,N123,N140,N157) -> 154.54237 | E2: 平均廠價 | F2: =F1/D1 -> 47.275447 | G2: 多次生產數 | H2: =COUNT(H5:H157) -> 0
A3: 線別 | B3: 品類 | C3: 品名 | E3: 廠價 | F3: 生產量 | G3: 營收 | H3: 多次 生產 | I3: 人數 | J3: 產能/時 | K3: 人時性 | L3: 人數 | M3: 產能/時 | N3: 人時性 | O3: 人數 | P3: 人時性 | Q3: 達成率 | R3: 達成率 平均 | S3: 生產時間 | U3: 換線、休息/分 | V3: 稼動時間/分 | W3: 休息時間 | Y3: (屏榮回填) | AA3: 產能/時 | AB3: 達成率 | AC3: 達成率平均
S4: 開始 | T4: 結束 | W4: 開始 | X4: 結束
A5: 便當一線 | B5: 微波小吃 | C5: 日式茶碗蒸 | E5: 19.7 | F5: 3663 | G5: =E5*F5 -> 72161.1 | I5: 13 | J5: 1200 | K5: =J5/I5 -> 92.307692 | L5: 13 | M5: =F5/V5*60 -> 1077.3529 | N5: =M5/L5 -> 82.873303 | O5: =L5-I5 -> 0 | P5: =N5-K5 -> -9.4343891 | Q5: =N5/K5 -> 0.89779412 | R5: =Q21 -> 0.88998736 | S5: 0.25 | T5: 0.39166667 | V5: 204 | AA5: =M5-J5 -> -122.64706 | AB5: =M5/J5 -> 0.89779412 | AC5: =AB21 -> 0.88998736
B6: 4℃-飯糰 | C6: 麻油雞飯糰 | E6: 29.97 | F6: 2770 | G6: =E6*F6 -> 83016.9 | I6: 20 | J6: 2600 | K6: =J6/I6 -> 130 | L6: 20 | M6: =F6/V6*60 -> 2304.599 | N6: =M6/L6 -> 115.22995 | O6: =L6-I6 -> 0 | P6: =N6-K6 -> -14.770049 | Q6: =N6/K6 -> 0.88638424 | S6: 0.50763889 | T6: 0.55771991 | U6: 58.55 | V6: 72.116667 | AA6: =M6-J6 -> -295.40097 | AB6: =M6/J6 -> 0.88638424
B21: 平均 | I21: =AVERAGE(I5:I20) -> 16.5 | J21: =AVERAGE(J5:J20) -> 1900 | K21: =J21/I21 -> 115.15152 | L21: =AVERAGE(L5:L20) -> 16.5 | M21: =AVERAGE(M5:M20) -> 1690.976 | N21: =M21/L21 -> 102.48339 | O21: =L21-I21 -> 0 | P21: =N21-K21 -> -12.668122 | Q21: =N21/K21 -> 0.88998736 | S21: =S5 -> 0.25 | T21: =INDEX(T5:T20,COUNTA(T5:T20)) -> 0.55771991 | AA21: =M21-J21 -> -209.02401 | AB21: =M21/J21 -> 0.88998736
A22: 便當二線 | B22: 微波主食 | C22: 糖燻野郎三十天熟成牛飯 | E22: 56.77 | F22: 4563 | G22: =E22*F22 -> 259041.51 | I22: 25 | J22: 2000 | K22: =J22/I22 -> 80 | L22: 25 | M22: =F22/V22*60 -> 1773.1865 | N22: =M22/L22 -> 70.927461 | O22: =L22-I22 -> 0 | P22: =N22-K22 -> -9.0725389 | Q22: =N22/K22 -> 0.88659326 | R22: =Q38 -> 0.88592433 | S22: 0.25 | T22: 0.35722222 | V22: 154.4 | AA22: =M22-J22 -> -226.81347 | AB22: =M22/J22 -> 0.88659326 | AC22: =AB38 -> 0.88592433
B23: 便當 | C23: 嫩烤香料雞胸排蔬滿盒 | E23: 77.34 | F23: 2416 | G23: =E23*F23 -> 186853.44 | I23: 25 | J23: 2000 | K23: =J23/I23 -> 80 | L23: 25 | M23: =F23/V23*60 -> 1772.4883 | N23: =M23/L23 -> 70.899531 | O23: =L23-I23 -> 0 | P23: =N23-K23 -> -9.1004687 | Q23: =N23/K23 -> 0.88624414 | S23: 0.36126157 | T23: 0.41805556 | U23: 5.8166667 | V23: 81.783333 | AA23: =M23-J23 -> -227.51172 | AB23: =M23/J23 -> 0.88624414
B24: 微波主食 | C24: 蒜蒜燒豚飯 | E24: 51.86 | F24: 1414 | G24: =E24*F24 -> 73330.04 | I24: 25 | J24: 2000 | K24: =J24/I24 -> 80 | L24: 25 | M24: =F24/V24*60 -> 1760.166 | N24: =M24/L24 -> 70.406639 | O24: =L24-I24 -> 0 | P24: =N24-K24 -> -9.593361 | Q24: =N24/K24 -> 0.88008299 | S24: 0.42152778 | T24: 0.455 | U24: 5 | V24: 48.2 | W24: 0.455 | X24: 0.49453704 | AA24: =M24-J24 -> -239.83402 | AB24: =M24/J24 -> 0.88008299
B25: 便當 | C25: 健身G肉餐盒 | E25: 59.52 | F25: 4153 | G25: =E25*F25 -> 247186.56 | I25: 25 | J25: 2000 | K25: =J25/I25 -> 80 | L25: 25 | M25: =F25/V25*60 -> 1781.5539 | N25: =M25/L25 -> 71.262154 | O25: =L25-I25 -> 0 | P25: =N25-K25 -> -8.7378456 | Q25: =N25/K25 -> 0.89077693 | S25: 0.49453704 | T25: 0.59166667 | U25: 56.933333 | V25: 139.86667 | AA25: =M25-J25 -> -218.44614 | AB25: =M25/J25 -> 0.89077693
B38: 平均 | I38: =AVERAGE(I22:I37) -> 25 | J38: =AVERAGE(J22:J37) -> 2000 | K38: =J38/I38 -> 80 | L38: =AVERAGE(L22:L37) -> 25 | M38: =AVERAGE(M22:M37) -> 1771.8487 | N38: =M38/L38 -> 70.873946 | O38: =L38-I38 -> 0 | P38: =N38-K38 -> -9.1260535 | Q38: =N38/K38 -> 0.88592433 | S38: =S22 -> 0.25 | T38: =INDEX(T22:T37,COUNTA(T22:T37)) -> 0.59166667 | AA38: =M38-J38 -> -228.15134 | AB38: =M38/J38 -> 0.88592433
A39: 涼麵一線 | B39: 熱食義麵 | C39: 焗烤蕃茄起司四方麵 | E39: 57.3 | F39: 4105 | G39: =E39*F39 -> 235216.5 | I39: 25 | J39: 1800 | K39: =J39/I39 -> 72 | L39: 25 | M39: =F39/V39*60 -> 1590.7427 | N39: =M39/L39 -> 63.629709 | O39: =L39-I39 -> 0 | P39: =N39-K39 -> -8.3702906 | Q39: =N39/K39 -> 0.88374596 | R39: =Q55 -> 0.86874161 | S39: 0.16678241 | T39: 0.27430556 | V39: 154.83333 | AA39: =M39-J39 -> -209.25727 | AB39: =M39/J39 -> 0.88374596 | AC39: =AB55 -> 0.86874161
B40: 微波小吃 | C40: 日式壽喜燒 | E40: 55.12 | F40: 2770 | G40: =E40*F40 -> 152682.4 | I40: 23 | J40: 1800 | K40: =J40/I40 -> 78.26087 | L40: 23 | M40: =F40/V40*60 -> 1524.7706 | N40: =M40/L40 -> 66.294376 | O40: =L40-I40 -> 0 | P40: =N40-K40 -> -11.966494 | Q40: =N40/K40 -> 0.8470948 | S40: 0.27847222 | T40: 0.35416667 | U40: 6 | V40: 109 | AA40: =M40-J40 -> -275.22936 | AB40: =M40/J40 -> 0.8470948
B41: 便當 | C41: 香腸腿排雙拼便當 | E41: 51.41 | F41: 3498 | G41: =E41*F41 -> 179832.18 | I41: 23 | J41: 2000 | K41: =J41/I41 -> 86.956522 | L41: 23 | M41: =F41/V41*60 -> 1697.1429 | N41: =M41/L41 -> 73.78882 | O41: =L41-I41 -> 0 | P41: =N41-K41 -> -13.167702 | Q41: =N41/K41 -> 0.84857143 | S41: 0.35856481 | T41: 0.44444444 | U41: 6.3333333 | V41: 123.66667 | AA41: =M41-J41 -> -302.85714 | AB41: =M41/J41 -> 0.84857143
B42: 微波主食 | C42: 妮妮家漢堡排 | E42: 57.3 | F42: 865 | G42: =E42*F42 -> 49564.5 | I42: 20 | J42: 2000 | K42: =J42/I42 -> 100 | L42: 20 | M42: =F42/V42*60 -> 1763.3069 | N42: =M42/L42 -> 88.165345 | O42: =L42-I42 -> 0 | P42: =N42-K42 -> -11.834655 | Q42: =N42/K42 -> 0.88165345 | S42: 0.44861111 | T42: 0.46905093 | U42: 6 | V42: 29.433333 | W42: 0.46905093 | X42: 0.51046296 | AA42: =M42-J42 -> -236.69309 | AB42: =M42/J42 -> 0.88165345
B43: 便當 | C43: 照燒豬排纖食餐盒 | E43: 59.36 | F43: 1615 | G43: =E43*F43 -> 95866.4 | I43: 20 | J43: 2000 | K43: =J43/I43 -> 100 | L43: 20 | M43: =F43/V43*60 -> 1763.9563 | N43: =M43/L43 -> 88.197816 | O43: =L43-I43 -> 0 | P43: =N43-K43 -> -11.802184 | Q43: =N43/K43 -> 0.88197816 | S43: 0.51046296 | T43: 0.54861111 | U43: 59.633333 | V43: 54.933333 | AA43: =M43-J43 -> -236.04369 | AB43: =M43/J43 -> 0.88197816
B55: 平均 | I55: =AVERAGE(I39:I54) -> 22.2 | J55: =AVERAGE(J39:J54) -> 1920 | K55: =J55/I55 -> 86.486486 | L55: =AVERAGE(L39:L54) -> 22.2 | M55: =AVERAGE(M39:M54) -> 1667.9839 | N55: =M55/L55 -> 75.134409 | O55: =L55-I55 -> 0 | P55: =N55-K55 -> -11.352077 | Q55: =N55/K55 -> 0.86874161 | S55: =S39 -> 0.16678241 | T55: =INDEX(T39:T54,COUNTA(T39:T54)) -> 0.54861111 | AA55: =M55-J55 -> -252.01611 | AB55: =M55/J55 -> 0.86874161
A56: 涼麵二線 | B56: 便當 | C56: 美式雞丁餐盒 | E56: 59.34 | F56: 1841 | G56: =E56*F56 -> 109244.94 | I56: 24 | J56: 2000 | K56: =J56/I56 -> 83.333333 | L56: 24 | M56: =F56/V56*60 -> 1763.5977 | N56: =M56/L56 -> 73.483236 | O56: =L56-I56 -> 0 | P56: =N56-K56 -> -9.8500976 | Q56: =N56/K56 -> 0.88179883 | R56: =Q72 -> 0.88279888 | S56: 0.1669213 | T56: 0.21041667 | V56: 62.633333 | AA56: =M56-J56 -> -236.40234 | AB56: =M56/J56 -> 0.88179883 | AC56: =AB72 -> 0.88279888
B57: 便當 | C57: 烤蛋白餐盒 | E57: 58.67 | F57: 3190 | G57: =E57*F57 -> 187157.3 | I57: 24 | J57: 2000 | K57: =J57/I57 -> 83.333333 | L57: 24 | M57: =F57/V57*60 -> 1772.4958 | N57: =M57/L57 -> 73.85399 | O57: =L57-I57 -> 0 | P57: =N57-K57 -> -9.4793435 | Q57: =N57/K57 -> 0.88624788 | S57: 0.21390046 | T57: 0.28888889 | U57: 5.0166667 | V57: 107.98333 | AA57: =M57-J57 -> -227.50424 | AB57: =M57/J57 -> 0.88624788
B58: 便當 | C58: 蔬活腿排補力餐盒 | E58: 71.55 | F58: 2837 | G58: =E58*F58 -> 202987.35 | I58: 24 | J58: 2000 | K58: =J58/I58 -> 83.333333 | L58: 24 | M58: =F58/V58*60 -> 1764.2425 | N58: =M58/L58 -> 73.510105 | O58: =L58-I58 -> 0 | P58: =N58-K58 -> -9.823228 | Q58: =N58/K58 -> 0.88212126 | S58: 0.29236111 | T58: 0.35936343 | U58: 5 | V58: 96.483333 | AA58: =M58-J58 -> -235.75747 | AB58: =M58/J58 -> 0.88212126
B59: 便當 | C59: 經典滷肉飯 | E59: 47.37 | F59: 1992 | G59: =E59*F59 -> 94361.04 | I59: 21 | J59: 2000 | K59: =J59/I59 -> 95.238095 | L59: 21 | M59: =F59/V59*60 -> 1762.8319 | N59: =M59/L59 -> 83.944374 | O59: =L59-I59 -> 0 | P59: =N59-K59 -> -11.293721 | Q59: =N59/K59 -> 0.88141593 | S59: 0.36263889 | T59: 0.40972222 | U59: 4.7166667 | V59: 67.8 | AA59: =M59-J59 -> -237.16814 | AB59: =M59/J59 -> 0.88141593
B60: 微波主食 | C60: 壹號醬雞豚雙拼 | E60: 56.43 | F60: 2774 | G60: =E60*F60 -> 156536.82 | I60: 22 | J60: 2000 | K60: =J60/I60 -> 90.909091 | L60: 22 | M60: =F60/V60*60 -> 1765.9416 | N60: =M60/L60 -> 80.270075 | O60: =L60-I60 -> 0 | P60: =N60-K60 -> -10.639016 | Q60: =N60/K60 -> 0.88297082 | S60: 0.41388889 | T60: 0.47934028 | U60: 6 | V60: 94.25 | W60: 0.47934028 | X60: 0.51875 | AA60: =M60-J60 -> -234.05836 | AB60: =M60/J60 -> 0.88297082
B61: 便當 | C61: 海陸雙拼肉肉餐盒 | E61: 59.54 | F61: 3328 | G61: =E61*F61 -> 198149.12 | I61: 23 | J61: 2000 | K61: =J61/I61 -> 86.956522 | L61: 23 | M61: =F61/V61*60 -> 1764.4772 | N61: =M61/L61 -> 76.716399 | O61: =L61-I61 -> 0 | P61: =N61-K61 -> -10.240123 | Q61: =N61/K61 -> 0.88223859 | S61: 0.51875 | T61: 0.59733796 | U61: 56.75 | V61: 113.16667 | AA61: =M61-J61 -> -235.52283 | AB61: =M61/J61 -> 0.88223859
B72: 平均 | I72: =AVERAGE(I56:I71) -> 23 | J72: =AVERAGE(J56:J71) -> 2000 | K72: =J72/I72 -> 86.956522 | L72: =AVERAGE(L56:L71) -> 23 | M72: =AVERAGE(M56:M71) -> 1765.5978 | N72: =M72/L72 -> 76.76512 | O72: =L72-I72 -> 0 | P72: =N72-K72 -> -10.191401 | Q72: =N72/K72 -> 0.88279888 | S72: =S56 -> 0.1669213 | T72: =INDEX(T56:T71,COUNTA(T56:T71)) -> 0.59733796 | AA72: =M72-J72 -> -234.40223 | AB72: =M72/J72 -> 0.88279888
A73: 涼麵三線 | B73: 季節調理麵 | C73: 大滿足香辣涼麵 | E73: 38.63 | F73: 2578 | G73: =E73*F73 -> 99588.14 | I73: 20 | J73: 3600 | K73: =J73/I73 -> 180 | L73: 20 | M73: =F73/V73*60 -> 3248.4424 | N73: =M73/L73 -> 162.42212 | O73: =L73-I73 -> 0 | P73: =N73-K73 -> -17.577879 | Q73: =N73/K73 -> 0.90234512 | R73: =Q89 -> 0.8862152 | S73: 0.2502662 | T73: 0.28333333 | V73: 47.616667 | AA73: =M73-J73 -> -351.55758 | AB73: =M73/J73 -> 0.90234512 | AC73: =AB89 -> 0.8862152
B74: 季節調理麵 | C74: 大滿足麻醬涼麵 | E74: 38 | F74: 2993 | G74: =E74*F74 -> 113734 | I74: 21 | J74: 3600 | K74: =J74/I74 -> 171.42857 | L74: 21 | M74: =F74/V74*60 -> 3248.3569 | N74: =M74/L74 -> 154.68366 | O74: =L74-I74 -> 0 | P74: =N74-K74 -> -16.744907 | Q74: =N74/K74 -> 0.90232137 | S74: 0.28680556 | T74: 0.32519676 | U74: 5 | V74: 55.283333 | AA74: =M74-J74 -> -351.64305 | AB74: =M74/J74 -> 0.90232137
B75: 季節調理麵 | C75: 日式蕎麥沾麵 | E75: 36.86 | F75: 1798 | G75: =E75*F75 -> 66274.28 | I75: 21 | J75: 3600 | K75: =J75/I75 -> 171.42857 | L75: 21 | M75: =F75/V75*60 -> 3247.7672 | N75: =M75/L75 -> 154.65558 | O75: =L75-I75 -> 0 | P75: =N75-K75 -> -16.772991 | Q75: =N75/K75 -> 0.90215755 | S75: 0.32916667 | T75: 0.3522338 | U75: 5.7166667 | V75: 33.216667 | AA75: =M75-J75 -> -352.23281 | AB75: =M75/J75 -> 0.90215755
B76: 季節調理麵 | C76: 台式麻醬涼麵 | E76: 31.27 | F76: 1996 | G76: =E76*F76 -> 62414.92 | I76: 19 | J76: 3600 | K76: =J76/I76 -> 189.47368 | L76: 19 | M76: =F76/V76*60 -> 3107.9585 | N76: =M76/L76 -> 163.57676 | O76: =L76-I76 -> 0 | P76: =N76-K76 -> -25.896922 | Q76: =N76/K76 -> 0.8633218 | S76: 0.35657407 | T76: 0.38333333 | U76: 6.25 | V76: 38.533333 | AA76: =M76-J76 -> -492.04152 | AB76: =M76/J76 -> 0.8633218
B77: 季節調理麵 | C77: 椒麻香蔥雞涼拌麵 | E77: 37.94 | F77: 3008 | G77: =E77*F77 -> 114123.52 | I77: 21 | J77: 3600 | K77: =J77/I77 -> 171.42857 | L77: 21 | M77: =F77/V77*60 -> 3108.1515 | N77: =M77/L77 -> 148.00722 | O77: =L77-I77 -> 0 | P77: =N77-K77 -> -23.421355 | Q77: =N77/K77 -> 0.86337543 | S77: 0.3875 | T77: 0.42782407 | U77: 6 | V77: 58.066667 | AA77: =M77-J77 -> -491.84845 | AB77: =M77/J77 -> 0.86337543
B78: 微波小吃 | C78: 擔仔炊粉湯 | E78: 45.66 | F78: 929 | G78: =E78*F78 -> 42418.14 | I78: 20 | J78: 1800 | K78: =J78/I78 -> 90 | L78: 20 | M78: =F78/V78*60 -> 1591.0561 | N78: =M78/L78 -> 79.552807 | O78: =L78-I78 -> 0 | P78: =N78-K78 -> -10.447193 | Q78: =N78/K78 -> 0.88392008 | S78: 0.43194444 | T78: 0.45627315 | U78: 5.9333333 | V78: 35.033333 | W78: 0.45627315 | X78: 0.49818287 | AA78: =M78-J78 -> -208.94386 | AB78: =M78/J78 -> 0.88392008
B79: 微波小吃 | C79: 韓式部隊鍋 | E79: 57.73 | F79: 2031 | G79: =E79*F79 -> 117249.63 | I79: 22 | J79: 1800 | K79: =J79/I79 -> 81.818182 | L79: 22 | M79: =F79/V79*60 -> 1590.5156 | N79: =M79/L79 -> 72.296162 | O79: =L79-I79 -> 0 | P79: =N79-K79 -> -9.5220203 | Q79: =N79/K79 -> 0.88361975 | S79: 0.49818287 | T79: 0.55138889 | U79: 60.35 | V79: 76.616667 | AA79: =M79-J79 -> -209.48445 | AB79: =M79/J79 -> 0.88361975
B89: 平均 | I89: =AVERAGE(I73:I88) -> 20.571429 | J89: =AVERAGE(J73:J88) -> 3085.7143 | K89: =J89/I89 -> 150 | L89: =AVERAGE(L73:L88) -> 20.571429 | M89: =AVERAGE(M73:M88) -> 2734.6069 | N89: =M89/L89 -> 132.93228 | O89: =L89-I89 -> 0 | P89: =N89-K89 -> -17.06772 | Q89: =N89/K89 -> 0.8862152 | S89: =S73 -> 0.2502662 | T89: =INDEX(T73:T88,COUNTA(T73:T88)) -> 0.55138889 | AA89: =M89-J89 -> -351.10739 | AB89: =M89/J89 -> 0.8862152
A90: 自動包裝機 | B90: 4℃-飯糰 | C90: 大口法式蕈菇起司雞排飯糰 | E90: 35.83 | F90: 6342 | G90: =E90*F90 -> 227233.86 | I90: 12 | J90: 3273 | K90: =J90/I90 -> 272.75 | L90: 12 | M90: =F90/V90*60 -> 2905.1024 | N90: =M90/L90 -> 242.09187 | O90: =L90-I90 -> 0 | P90: =N90-K90 -> -30.658131 | Q90: =N90/K90 -> 0.88759622 | R90: =Q106 -> 0.87910749 | S90: 0.16667824 | T90: 0.25763889 | V90: 130.98333 | AA90: =M90-J90 -> -367.89757 | AB90: =M90/J90 -> 0.88759622 | AC90: =AB106 -> 0.87910749
B91: 4℃-飯糰 | C91: 大口義式香草雞腿排飯糰 | E91: 36.41 | F91: 4377 | G91: =E91*F91 -> 159366.57 | I91: 11 | J91: 3273 | K91: =J91/I91 -> 297.54545 | L91: 11 | M91: =F91/V91*60 -> 2905.6242 | N91: =M91/L91 -> 264.14765 | O91: =L91-I91 -> 0 | P91: =N91-K91 -> -33.397801 | Q91: =N91/K91 -> 0.88775563 | S91: 0.26111111 | T91: 0.32387731 | U91: 5 | V91: 90.383333 | AA91: =M91-J91 -> -367.37581 | AB91: =M91/J91 -> 0.88775563
B92: 4℃-飯糰 | C92: 大口花椒香麻雞飯糰 | E92: 34.77 | F92: 1649 | G92: =E92*F92 -> 57335.73 | I92: 11 | J92: 3000 | K92: =J92/I92 -> 272.72727 | L92: 11 | M92: =F92/V92*60 -> 2609.4066 | N92: =M92/L92 -> 237.21878 | O92: =L92-I92 -> 0 | P92: =N92-K92 -> -35.508492 | Q92: =N92/K92 -> 0.8698022 | S92: 0.40700231 | T92: 0.43333333 | U92: 6.0833333 | V92: 37.916667 | W92: 0.43333333 | X92: 0.47222222 | AA92: =M92-J92 -> -390.59341 | AB92: =M92/J92 -> 0.8698022
B93: 4℃-飯糰 | C93: 大口蒜味香腸燒肉雙拼飯糰 | E93: 34.23 | F93: 1917 | G93: =E93*F93 -> 65618.91 | I93: 16 | J93: 3000 | K93: =J93/I93 -> 187.5 | L93: 16 | M93: =F93/V93*60 -> 2609.1493 | N93: =M93/L93 -> 163.07183 | O93: =L93-I93 -> 0 | P93: =N93-K93 -> -24.428166 | Q93: =N93/K93 -> 0.86971645 | S93: 0.47222222 | T93: 0.50283565 | U93: 56 | V93: 44.083333 | AA93: =M93-J93 -> -390.85066 | AB93: =M93/J93 -> 0.86971645
B106: 平均 | I106: =AVERAGE(I90:I105) -> 12.5 | J106: =AVERAGE(J90:J105) -> 3136.5 | K106: =J106/I106 -> 250.92 | L106: =AVERAGE(L90:L105) -> 12.5 | M106: =AVERAGE(M90:M105) -> 2757.3206 | N106: =M106/L106 -> 220.58565 | O106: =L106-I106 -> 0 | P106: =N106-K106 -> -30.334349 | Q106: =N106/K106 -> 0.87910749 | S106: =S90 -> 0.16667824 | T106: =INDEX(T90:T105,COUNTA(T90:T105)) -> 0.50283565 | AA106: =M106-J106 -> -379.17936 | AB106: =M106/J106 -> 0.87910749
A107: 自動包裝機3 | B107: 4℃-飯糰 | C107: 肉燥烤飯糰 | E107: 20.11 | F107: 613 | G107: =E107*F107 -> 12327.43 | I107: 6 | J107: 3600 | K107: =J107/I107 -> 600 | L107: 6 | M107: =F107/V107*60 -> 3264.497 | N107: =M107/L107 -> 544.08284 | O107: =L107-I107 -> 0 | P107: =N107-K107 -> -55.91716 | Q107: =N107/K107 -> 0.90680473 | R107: =Q123 -> 0.90667916 | S107: 0.25 | T107: 0.25782407 | V107: 11.266667 | AA107: =M107-J107 -> -335.50296 | AB107: =M107/J107 -> 0.90680473 | AC107: =AB123 -> 0.90667916
B108: 4℃-飯糰 | C108: 淡麗清酒蒸蛤蜊烤飯糰 | E108: 24.73 | F108: 2066 | G108: =E108*F108 -> 51092.18 | I108: 6 | J108: 3600 | K108: =J108/I108 -> 600 | L108: 6 | M108: =F108/V108*60 -> 3263.5366 | N108: =M108/L108 -> 543.92277 | O108: =L108-I108 -> 0 | P108: =N108-K108 -> -56.077227 | Q108: =N108/K108 -> 0.90653796 | S108: 0.26181713 | T108: 0.28819444 | U108: 5.75 | V108: 37.983333 | AA108: =M108-J108 -> -336.46336 | AB108: =M108/J108 -> 0.90653796
B109: 4℃-飯糰 | C109: 糖燻野郎起司炙燒牛烤飯糰 | E109: 24.73 | F109: 1720 | G109: =E109*F109 -> 42535.6 | I109: 6 | J109: 3600 | K109: =J109/I109 -> 600 | L109: 6 | M109: =F109/V109*60 -> 3264.1012 | N109: =M109/L109 -> 544.01687 | O109: =L109-I109 -> 0 | P109: =N109-K109 -> -55.983131 | Q109: =N109/K109 -> 0.90669478 | S109: 0.29262731 | T109: 0.31458333 | U109: 6.3833333 | V109: 31.616667 | AA109: =M109-J109 -> -335.89879 | AB109: =M109/J109 -> 0.90669478
B123: 平均 | I123: =AVERAGE(I107:I122) -> 6 | J123: =AVERAGE(J107:J122) -> 3600 | K123: =J123/I123 -> 600 | L123: =AVERAGE(L107:L122) -> 6 | M123: =AVERAGE(M107:M122) -> 3264.045 | N123: =M123/L123 -> 544.00749 | O123: =L123-I123 -> 0 | P123: =N123-K123 -> -55.992506 | Q123: =N123/K123 -> 0.90667916 | S123: =S107 -> 0.25 | T123: =INDEX(T107:T122,COUNTA(T107:T122)) -> 0.31458333 | AA123: =M123-J123 -> -335.95504 | AB123: =M123/J123 -> 0.90667916
A124: 涼麵一線 (二配) | B124: 微波主食 | C124: 二配鐵板蘑菇肉醬起司焗飯 | E124: 44.3 | F124: 1220 | G124: =E124*F124 -> 54046 | I124: 17 | J124: 2000 | K124: =J124/I124 -> 117.64706 | L124: 17 | M124: =F124/V124*60 -> 1764.5641 | N124: =M124/L124 -> 103.79789 | O124: =L124-I124 -> 0 | P124: =N124-K124 -> -13.849172 | Q124: =N124/K124 -> 0.88228204 | R124: =Q140 -> 0.88261183 | S124: 0.70833333 | T124: 0.7371412 | V124: 41.483333 | AA124: =M124-J124 -> -235.43592 | AB124: =M124/J124 -> 0.88228204 | AC124: =AB140 -> 0.88261183
B125: 微波主食 | C125: 二配乳酪燻腸紅醬焗飯 | E125: 50.67 | F125: 1165 | G125: =E125*F125 -> 59030.55 | I125: 20 | J125: 2000 | K125: =J125/I125 -> 100 | L125: 20 | M125: =F125/V125*60 -> 1765.1515 | N125: =M125/L125 -> 88.257576 | O125: =L125-I125 -> 0 | P125: =N125-K125 -> -11.742424 | Q125: =N125/K125 -> 0.88257576 | S125: 0.74125 | T125: 0.76875 | U125: 5.9166667 | V125: 39.6 | AA125: =M125-J125 -> -234.84848 | AB125: =M125/J125 -> 0.88257576
B126: 微波主食 | C126: 二配西班牙風味海鮮燉飯 | E126: 57.3 | F126: 2023 | G126: =E126*F126 -> 115917.9 | I126: 21 | J126: 2000 | K126: =J126/I126 -> 95.238095 | L126: 21 | M126: =F126/V126*60 -> 1765.9554 | N126: =M126/L126 -> 84.093113 | O126: =L126-I126 -> 0 | P126: =N126-K126 -> -11.144982 | Q126: =N126/K126 -> 0.88297769 | S126: 0.77310185 | T126: 0.82083333 | U126: 6.2666667 | V126: 68.733333 | AA126: =M126-J126 -> -234.04462 | AB126: =M126/J126 -> 0.88297769
B140: 平均 | I140: =AVERAGE(I124:I139) -> 19.333333 | J140: =AVERAGE(J124:J139) -> 2000 | K140: =J140/I140 -> 103.44828 | L140: =AVERAGE(L124:L139) -> 19.333333 | M140: =AVERAGE(M124:M139) -> 1765.2237 | N140: =M140/L140 -> 91.304672 | O140: =L140-I140 -> 0 | P140: =N140-K140 -> -12.143604 | Q140: =N140/K140 -> 0.88261183 | S140: =S124 -> 0.70833333 | T140: =INDEX(T124:T139,COUNTA(T124:T139)) -> 0.82083333 | AA140: =M140-J140 -> -234.77634 | AB140: =M140/J140 -> 0.88261183
A141: 涼麵二線 (二配) | B141: 微波主食 | C141: 二配里肌豬排可可咖哩歐姆蛋飯 | E141: 56.79 | F141: 1834 | G141: =E141*F141 -> 104152.86 | I141: 23 | J141: 2000 | K141: =J141/I141 -> 86.956522 | L141: 23 | M141: =F141/V141*60 -> 1765.3476 | N141: =M141/L141 -> 76.754243 | O141: =L141-I141 -> 0 | P141: =N141-K141 -> -10.202279 | Q141: =N141/K141 -> 0.8826738 | R141: =Q157 -> 0.88313567 | S141: 0.70833333 | T141: 0.75162037 | V141: 62.333333 | AA141: =M141-J141 -> -234.65241 | AB141: =M141/J141 -> 0.8826738 | AC141: =AB157 -> 0.88313567
B142: 微波主食 | C142: 二配黃金雞排蘑菇白醬歐姆蛋飯 | E142: 56.87 | F142: 1510 | G142: =E142*F142 -> 85873.7 | I142: 23 | J142: 2000 | K142: =J142/I142 -> 86.956522 | L142: 23 | M142: =F142/V142*60 -> 1765.5083 | N142: =M142/L142 -> 76.76123 | O142: =L142-I142 -> 0 | P142: =N142-K142 -> -10.195292 | Q142: =N142/K142 -> 0.88275414 | S142: 0.75555556 | T142: 0.79119213 | U142: 5.6666667 | V142: 51.316667 | AA142: =M142-J142 -> -234.49172 | AB142: =M142/J142 -> 0.88275414
B143: 微波主食 | C143: 二配哞哞培根奶香海陸焗飯 | E143: 47.6 | F143: 1876 | G143: =E143*F143 -> 89297.6 | I143: 23 | J143: 2000 | K143: =J143/I143 -> 86.956522 | L143: 23 | M143: =F143/V143*60 -> 1767.9581 | N143: =M143/L143 -> 76.867744 | O143: =L143-I143 -> 0 | P143: =N143-K143 -> -10.088778 | Q143: =N143/K143 -> 0.88397906 | S143: 0.79537037 | T143: 0.83958333 | U143: 6.0166667 | V143: 63.666667 | AA143: =M143-J143 -> -232.04188 | AB143: =M143/J143 -> 0.88397906
B157: 平均 | I157: =AVERAGE(I141:I156) -> 23 | J157: =AVERAGE(J141:J156) -> 2000 | K157: =J157/I157 -> 86.956522 | L157: =AVERAGE(L141:L156) -> 23 | M157: =AVERAGE(M141:M156) -> 1766.2713 | N157: =M157/L157 -> 76.794406 | O157: =L157-I157 -> 0 | P157: =N157-K157 -> -10.162116 | Q157: =N157/K157 -> 0.88313567 | S157: =S141 -> 0.70833333 | T157: =INDEX(T141:T156,COUNTA(T141:T156)) -> 0.83958333 | AA157: =M157-J157 -> -233.72867 | AB157: =M157/J157 -> 0.88313567
Y159: 原因回覆
Y160: 1.當日出勤人數較多
Y161: 2.當日出勤人數較少
Y162: 3.當日出勤熟手較多
Y163: 4.當日出勤新人較多
Y164: 5.機台夾盒
Y165: 6.封膜不順
Y166: 7.更換膠膜
Y167: 8.更換碳帶
Y168: 9.當日熱轉印碳帶異常
Y169: 10.訂單量過少
Y170: 11.新品上市，尚未熟悉
Y171: 12.活動期間品項需貼標

Sheet 1029
B1: 屏榮 大溪廠組合室生產人時性分析
B3: 日期 | C3: 114.10.29星期三 | E3: 訂單量 | F3: ='1029(18度C)'!D1+'1029(4度C)'!D1 -> 248570 | H3: 營業額 | I3: ='1029(18度C)'!F1+'1029(4度C)'!F1 -> 7818037.6
B4: 人時性 | C4: 項目 | E4: ➀ | G4: ➁ | I4: ➂ | K4: ④ | M4: ⑤
C5: 組合室 | E5: 全溫層 | G5: 4度C-各編組展開(一配) | I5: 4度C-各編組展開(二配) | K5: 18度C-各編組展開(一配) | M5: 18度C-各編組展開(二配)
C6: 排關平均 | E6: =AVERAGE(D13:O13,D27:X27) -> 460.42001 | F6: =AVERAGE(#REF!,D13:K13) -> #REF! | G6: =AVERAGE(D13:K13) -> 195.55423 | I6: =AVERAGE(L13:O13) -> 95.202399 | K6: =AVERAGE(D27:O27) -> 597.79868 | M6: =AVERAGE(P27:X27) -> 784.98901
C7: 實績平均 | E7: =AVERAGE(D14:O14,D28:X28) -> 405.07439 | F7: =AVERAGE(#REF!,D14:K14) -> #REF! | G7: =AVERAGE(D14:K14) -> 174.41904 | I7: =AVERAGE(L14:O14) -> 84.041062 | K7: =AVERAGE(D28:O28) -> 524.77553 | M7: =AVERAGE(P28:X28) -> 688.82361
C8: 達成率平均 | E8: =AVERAGE(D15:O15,D29:X29) -> 0.87961164 | F8: =AVERAGE(D15:K15,#REF!) -> #REF! | G8: =AVERAGE(D15:K15) -> 0.88418484 | I8: =AVERAGE(L15:O15) -> 0.88278854 | K8: =AVERAGE(D29:O29) -> 0.8764001 | M8: =AVERAGE(P29:X29) -> 0.87643455 | O8: ※現行日本鮮食廠以達成率80%為基本(即為現行KPI)
B10: 溫層 | D10: ➁4度C-各編組展開 | L10: ➂4度C-各編組展開
B11: 編組 | D11: 1 | E11: 2 | F11: 3 | G11: 4 | H11: 5 | I11: 6 | J11: 7 | K11: 8 | L11: 1 | M11: 2 | N11: 3 | O11: 4
D12: 便當一線 | E12: 便當二線 | F12: 涼麵一線 | G12: 涼麵二線 | H12: 涼麵三線 | I12: 自動包裝機 | J12: 自動包裝機2 | K12: 自動包裝機3 | L12: 便當一線 | M12: 便當二線 | N12: 涼麵一線 | O12: 涼麵二線
B13: 人時性 | C13: 排關 | D13: 115.15152 | E13: 79.365079 | F13: 86.486486 | G13: 86.956522 | H13: 150 | I13: 250.92 | J13: - | K13: 600 | L13: - | M13: - | N13: 103.44828 | O13: 86.956522
C14: 實績 | D14: 102.41977 | E14: 70.225302 | F14: 74.606597 | G14: 76.757056 | H14: 132.68934 | I14: 220.53804 | J14: - | K14: 543.69719 | L14: - | M14: - | N14: 91.29128 | O14: 76.790844
C15: 達成率 | D15: =D14/D13 -> 0.88943483 | E15: =E14/E13 -> 0.88483881 | F15: =F14/F13 -> 0.86263878 | G15: =G14/G13 -> 0.88270614 | H15: =H14/H13 -> 0.88459558 | I15: =I14/I13 -> 0.87891773 | J15: - | K15: =K14/K13 -> 0.90616198 | L15: - | M15: - | N15: =N14/N13 -> 0.88248237 | O15: =O14/O13 -> 0.88309471
B16: 作業 時間 | C16: 開始 | D16: 0.25 | E16: 0.16666667 | F16: 0.16688657 | G16: 0.16689815 | H16: 0.25018519 | I16: 0.16666667 | J16: - | K16: 0.25006944 | L16: - | M16: - | N16: 0.70833333 | O16: 0.70841435
C17: 結束 | D17: 0.56337963 | E17: 0.57163194 | F17: 0.60208333 | G17: 0.63770833 | H17: 0.57291667 | I17: 0.52708333 | J17: - | K17: 0.31835648 | L17: - | M17: - | N17: 0.84375 | O17: 0.8625
B18: 配置人數 | D18: 16.5 | E18: 25.2 | F18: 22.2 | G18: 23 | H18: 20.571429 | I18: 12.5 | J18: - | K18: 6 | L18: - | M18: - | N18: 19.333333 | O18: 23
B19: 主要應用設備 | D19: L型封口機 | E19: ET-55 | F19: ET-55 | G19: ET-55 | H19: ET-600 | I19: 伺服包裝機 | J19: 伺服包裝機 | K19: 伺服包裝機 | L19: L型封口機 | M19: ET-55 | N19: ET-55 | O19: ET-55
B20: 次要應用設備 | D20: 伺服包裝機 | H20: 伺服包裝機
B21: 備註 | H21: 涼麵+烤飯糰 | I21: 大口飯糰線 | K21: 烤飯糰+手卷
B24: 溫層 | D24: ➃18度C-各編組展開 (一配) | P24: ⑤18度C-各編組展開 (二配)
B25: 編組 | D25: 1 | E25: 2 | F25: 3 | G25: 4 | H25: 5 | I25: 6 | J25: 7 | K25: 8 | L25: 9 | M25: 10 | N25: 11 | O25: 12 | P25: 1 | Q25: 2 | R25: 3 | S25: 4 | T25: 5 | U25: 6 | V25: 7 | W25: 8 | X25: 9
D26: 便當一線 | E26: 涼麵一線 | F26: 涼麵三線 | G26: 自動包裝機 | H26: 自動包裝機2 | I26: 自動包裝機3 | J26: 味付飯糰線B | K26: (舊) 3300型飯糰線 | L26: 3000型飯糰線 | M26: (新) 3300型飯糰機 | N26: GKK3600型 飯糰機 | O26: GKK3600型 飯糰機2 | P26: 自動包裝機 | Q26: 自動包裝機2 | R26: 自動包裝機3 | S26: 味付飯糰線B | T26: (舊) 3300型飯糰線 | U26: 3000型飯糰線 | V26: (新) 3300型飯糰機 | W26: GKK3600型 飯糰機 | X26: GKK3600型 飯糰機2
B27: 人時性 | C27: 排關 | D27: 211.76471 | E27: - | F27: - | G27: 313.04348 | H27: 433.33333 | I27: 416.66667 | J27: - | K27: - | L27: - | M27: 825 | N27: 1150 | O27: 834.78261 | P27: 285.71429 | Q27: - | R27: - | S27: - | T27: 795 | U27: - | V27: 825 | W27: 969.23077 | X27: 1050
C28: 實績 | D28: 182.96001 | E28: - | F28: - | G28: 269.00841 | H28: 383.27017 | I28: 369.51856 | J28: - | K28: - | L28: - | M28: 733.4378 | N28: 997.42099 | O28: 737.81275 | P28: 247.47016 | Q28: - | R28: - | S28: - | T28: 698.1808 | U28: - | V28: 733.41709 | W28: 854.5562 | X28: 910.49379
C29: 達成率 | D29: =D28/D27 -> 0.86397784 | E29: - | F29: - | G29: =G28/G27 -> 0.85933241 | H29: =H28/H27 -> 0.88446961 | I29: =I28/I27 -> 0.88684454 | J29: - | K29: - | L29: - | M29: =M28/M27 -> 0.88901552 | N29: =N28/N27 -> 0.8673226 | O29: =O28/O27 -> 0.88383818 | P29: =P28/P27 -> 0.86614558 | Q29: - | R29: - | S29: - | T29: =T28/T27 -> 0.87821485 | U29: - | V29: =V28/V27 -> 0.88899041 | W29: =W28/W27 -> 0.88168497 | X29: =X28/X27 -> 0.86713694
B30: 作業 時間 | C30: 開始 | D30: 0.39791667 | E30: - | F30: - | G30: 0.34049769 | H30: 0.25018519 | I30: 0.32222222 | J30: - | K30: - | L30: - | M30: 0.16666667 | N30: 0.16697917 | O30: 0.16693287 | P30: 0.7084375 | Q30: - | R30: - | S30: - | T30: 0.70861111 | U30: - | V30: 0.70833333 | W30: 0.70847222 | X30: 0.70833333
C31: 結束 | D31: 0.46962963 | E31: - | F31: - | G31: 0.42222222 | H31: 0.39194444 | I31: 0.44444444 | J31: - | K31: - | L31: - | M31: 0.44236111 | N31: 0.44444444 | O31: 0.40488426 | P31: 0.89027778 | Q31: - | R31: - | S31: - | T31: 0.96041667 | U31: - | V31: 0.96422454 | W31: 1.0326389 | X31: 1.0350116
B32: 配置人數 | D32: 17 | E32: - | F32: - | G32: 11.5 | H32: 6 | I32: 6 | J32: - | K32: - | L32: - | M32: 4 | N32: 3 | O32: 3.8333333 | P32: 12.6 | Q32: - | R32: - | S32: - | T32: 4 | U32: - | V32: 4 | W32: 3.25 | X32: 3.3333333
B33: 主要應用設備 | D33: 伺服包裝機 | E33: ET-55 | F33: ET-600 | G33: 夾心型 | H33: 伺服包裝機 | I33: 伺服包裝機 | J33: 夾心型 | K33: 3300型 | L33: 3300型 | M33: 3300型 | N33: GKK | O33: GKK | P33: 夾心型 | Q33: 伺服包裝機 | R33: 伺服包裝機 | S33: 夾心型 | T33: 3300型 | U33: 3300型 | V33: 3300型 | W33: GKK | X33: GKK
B34: 次要應用設備
B35: 備註

Sheet 1029(18度C)
A1: 大溪廠日報分析 | C1: 總生產量 | D1: =SUM(F5:F208) -> 145424 | E1: 營業額 | F1: =SUM(G5:G208) -> 2899901.1 | G1: 出勤人數 | H1: =L21+L38+L55+L72+L89+L106+L123+L140+L157+L174+L191+L208 -> 78.516667 | I1: 產線配置圖 | L1: 生產實績 | O1: 人時性差異分析 | S1: 日報登錄 | Y1: 分析說明 | AA1: 產能差異分析
A2: 45959 | C2: 人時性 | D2: =AVERAGE(N21,N38,N55,N72,N89,N106,N123,N140,N157,N174,N191,N208) -> 593.12889 | E2: 平均廠價 | F2: =F1/D1 -> 19.941007 | G2: 多次生產數 | H2: =COUNT(H5:H208) -> 5
A3: 線別 | B3: 品類 | C3: 品名 | E3: 廠價 | F3: 生產量 | G3: 營收 | H3: 多次 生產 | I3: 人數 | J3: 產能/時 | K3: 人時性 | L3: 人數 | M3: 產能/時 | N3: 人時性 | O3: 人數 | P3: 人時性 | Q3: 達成率 | R3: 達成率 平均 | S3: 生產時間 | U3: 換線、休息/分 | V3: 稼動時間/分 | W3: 休息時間 | Y3: (屏榮回填) | AA3: 產能/時 | AB3: 達成率 | AC3: 達成率平均
S4: 開始 | T4: 結束 | W4: 開始 | X4: 結束
A5: 便當一線 | B5: 18℃-壽司手卷 | C5: 一配海饌雙手卷 | E5: 29.85 | F5: 2554 | G5: =E5*F5 -> 76236.9 | I5: 17 | J5: 3600 | K5: =J5/I5 -> 211.76471 | L5: 17 | M5: =F5/V5*60 -> 3110.4195 | N5: =M5/L5 -> 182.96585 | O5: =L5-I5 -> 0 | P5: =N5-K5 -> -28.798854 | Q5: =N5/K5 -> 0.86400541 | R5: =Q21 -> 0.86397784 | S5: 0.39791667 | T5: 0.43212963 | U5: 5.8166667 | V5: 49.266667 | AA5: =M5-J5 -> -489.58051 | AB5: =M5/J5 -> 0.86400541 | AC5: =AB21 -> 0.86397784
B6: 18℃-壽司手卷 | C6: 一配雙饗雙手卷 | E6: 29.52 | F6: 2502 | G6: =E6*F6 -> 73859.04 | I6: 17 | J6: 3600 | K6: =J6/I6 -> 211.76471 | L6: 17 | M6: =F6/V6*60 -> 3110.221 | N6: =M6/L6 -> 182.95418 | O6: =L6-I6 -> 0 | P6: =N6-K6 -> -28.81053 | Q6: =N6/K6 -> 0.86395028 | S6: 0.43611111 | T6: 0.46962963 | U6: 5.7333333 | V6: 48.266667 | W6: 0.46962963 | X6: 0.51041667 | AA6: =M6-J6 -> -489.77901 | AB6: =M6/J6 -> 0.86395028
B21: 平均 | I21: =AVERAGE(I5:I20) -> 17 | J21: =AVERAGE(J5:J20) -> 3600 | K21: =J21/I21 -> 211.76471 | L21: =AVERAGE(L5:L20) -> 17 | M21: =AVERAGE(M5:M20) -> 3110.3202 | N21: =M21/L21 -> 182.96001 | O21: =L21-I21 -> 0 | P21: =N21-K21 -> -28.804692 | Q21: =N21/K21 -> 0.86397784 | S21: =S5 -> 0.39791667 | T21: =INDEX(T5:T20,COUNTA(T5:T20)) -> 0.46962963 | AA21: =M21-J21 -> -489.67976 | AB21: =M21/J21 -> 0.86397784
A22: 自動包裝機 | B22: 18℃-壽司手卷 | C22: 一配長野稻荷壽司 | E22: 25.64 | F22: 1603 | G22: =E22*F22 -> 41100.92 | I22: 11 | J22: 3600 | K22: =J22/I22 -> 327.27273 | L22: 11 | M22: =F22/V22*60 -> 3134.6008 | N22: =M22/L22 -> 284.96371 | O22: =L22-I22 -> 0 | P22: =N22-K22 -> -42.309022 | Q22: =N22/K22 -> 0.87072243 | R22: =Q38 -> 0.85933241 | S22: 0.34049769 | T22: 0.36180556 | U22: 6.3166667 | V22: 30.683333 | AA22: =M22-J22 -> -465.39924 | AB22: =M22/J22 -> 0.87072243 | AC22: =AB38 -> 0.85933241
B23: 18℃-飯糰 | C23: 一配兩粒飯糰(鮪魚.焦糖鮭魚) | E23: 27.14 | F23: 4121 | G23: =E23*F23 -> 111843.94 | I23: 12 | J23: 3600 | K23: =J23/I23 -> 300 | L23: 12 | M23: =F23/V23*60 -> 3052.5926 | N23: =M23/L23 -> 254.38272 | O23: =L23-I23 -> 0 | P23: =N23-K23 -> -45.617284 | Q23: =N23/K23 -> 0.84794239 | S23: 0.36597222 | T23: 0.42222222 | U23: 6 | V23: 81 | AA23: =M23-J23 -> -547.40741 | AB23: =M23/J23 -> 0.84794239
B38: 平均 | I38: =AVERAGE(I22:I37) -> 11.5 | J38: =AVERAGE(J22:J37) -> 3600 | K38: =J38/I38 -> 313.04348 | L38: =AVERAGE(L22:L37) -> 11.5 | M38: =AVERAGE(M22:M37) -> 3093.5967 | N38: =M38/L38 -> 269.00841 | O38: =L38-I38 -> 0 | P38: =N38-K38 -> -44.035072 | Q38: =N38/K38 -> 0.85933241 | S38: =S22 -> 0.34049769 | T38: =INDEX(T22:T37,COUNTA(T22:T37)) -> 0.42222222 | AA38: =M38-J38 -> -506.40332 | AB38: =M38/J38 -> 0.85933241
A39: 自動包裝機2 | B39: 18℃-壽司手卷 | C39: 一配雙鬆細卷 | E39: 14.03 | F39: 3286 | G39: =E39*F39 -> 46102.58 | I39: 6 | J39: 2600 | K39: =J39/I39 -> 433.33333 | L39: 6 | M39: =F39/V39*60 -> 2299.689 | N39: =M39/L39 -> 383.28149 | O39: =L39-I39 -> 0 | P39: =N39-K39 -> -50.05184 | Q39: =N39/K39 -> 0.88449575 | R39: =Q55 -> 0.88446961 | S39: 0.25018519 | T39: 0.30972222 | V39: 85.733333 | AA39: =M39-J39 -> -300.31104 | AB39: =M39/J39 -> 0.88449575 | AC39: =AB55 -> 0.88446961
B40: 18℃-壽司手卷 | C40: 一配香濃起司蟹風味棒細卷 | E40: 17.73 | F40: 1678 | G40: =E40*F40 -> 29750.94 | I40: 6 | J40: 2600 | K40: =J40/I40 -> 433.33333 | L40: 6 | M40: =F40/V40*60 -> 2299.5051 | N40: =M40/L40 -> 383.25086 | O40: =L40-I40 -> 0 | P40: =N40-K40 -> -50.082477 | Q40: =N40/K40 -> 0.88442505 | S40: 0.3147338 | T40: 0.34513889 | U40: 7.2166667 | V40: 43.783333 | AA40: =M40-J40 -> -300.49486 | AB40: =M40/J40 -> 0.88442505
B41: 18℃-壽司手卷 | C41: 一配經典鮪魚沙拉細卷 | E41: 14.49 | F41: 2315 | G41: =E41*F41 -> 33544.35 | I41: 6 | J41: 2600 | K41: =J41/I41 -> 433.33333 | L41: 6 | M41: =F41/V41*60 -> 2299.6689 | N41: =M41/L41 -> 383.27815 | O41: =L41-I41 -> 0 | P41: =N41-K41 -> -50.055188 | Q41: =N41/K41 -> 0.88448803 | S41: 0.35 | T41: 0.39194444 | U41: 7 | V41: 60.4 | AA41: =M41-J41 -> -300.33113 | AB41: =M41/J41 -> 0.88448803
B55: 平均 | I55: =AVERAGE(I39:I54) -> 6 | J55: =AVERAGE(J39:J54) -> 2600 | K55: =J55/I55 -> 433.33333 | L55: =AVERAGE(L39:L54) -> 6 | M55: =AVERAGE(M39:M54) -> 2299.621 | N55: =M55/L55 -> 383.27017 | O55: =L55-I55 -> 0 | P55: =N55-K55 -> -50.063168 | Q55: =N55/K55 -> 0.88446961 | S55: =S39 -> 0.25018519 | T55: =INDEX(T39:T54,COUNTA(T39:T54)) -> 0.39194444 | AA55: =M55-J55 -> -300.37901 | AB55: =M55/J55 -> 0.88446961
A56: 自動包裝機3 | B56: 18℃-壽司手卷 | C56: 一配滿滿海鮮沙拉脆卷 | E56: 19.39 | F56: 2819 | G56: =E56*F56 -> 54660.41 | I56: 6 | J56: 2500 | K56: =J56/I56 -> 416.66667 | L56: 6 | M56: =F56/V56*60 -> 2216.7759 | N56: =M56/L56 -> 369.46265 | O56: =L56-I56 -> 0 | P56: =N56-K56 -> -47.204019 | Q56: =N56/K56 -> 0.88671035 | R56: =Q72 -> 0.88684454 | S56: 0.32222222 | T56: 0.37520833 | U56: 5.5666667 | V56: 76.3 | AA56: =M56-J56 -> -283.22412 | AB56: =M56/J56 -> 0.88671035 | AC56: =AB72 -> 0.88684454
B57: 18℃-壽司手卷 | C57: 一配明太子玉子脆卷 | E57: 19.7 | F57: 3474 | G57: =E57*F57 -> 68437.8 | I57: 6 | J57: 2500 | K57: =J57/I57 -> 416.66667 | L57: 6 | M57: =F57/V57*60 -> 2217.4468 | N57: =M57/L57 -> 369.57447 | O57: =L57-I57 -> 0 | P57: =N57-K57 -> -47.092199 | Q57: =N57/K57 -> 0.88697872 | S57: 0.37916667 | T57: 0.44444444 | U57: 5.7 | V57: 94 | AA57: =M57-J57 -> -282.55319 | AB57: =M57/J57 -> 0.88697872
B72: 平均 | I72: =AVERAGE(I56:I71) -> 6 | J72: =AVERAGE(J56:J71) -> 2500 | K72: =J72/I72 -> 416.66667 | L72: =AVERAGE(L56:L71) -> 6 | M72: =AVERAGE(M56:M71) -> 2217.1113 | N72: =M72/L72 -> 369.51856 | O72: =L72-I72 -> 0 | P72: =N72-K72 -> -47.148109 | Q72: =N72/K72 -> 0.88684454 | S72: =S56 -> 0.32222222 | T72: =INDEX(T56:T71,COUNTA(T56:T71)) -> 0.44444444 | AA72: =M72-J72 -> -282.88865 | AB72: =M72/J72 -> 0.88684454
A73: (新) 3300型飯糰機 | B73: 18℃-飯糰 | C73: 一配照燒雞肉飯糰 | E73: 21.45 | F73: 3087 | G73: =E73*F73 -> 66216.15 | I73: 4 | J73: 3300 | K73: =J73/I73 -> 825 | L73: 4 | M73: =F73/V73*60 -> 2940 | N73: =M73/L73 -> 735 | O73: =L73-I73 -> 0 | P73: =N73-K73 -> -90 | Q73: =N73/K73 -> 0.89090909 | R73: =Q89 -> 0.88901552 | S73: 0.16666667 | T73: 0.21041667 | V73: 63 | AA73: =M73-J73 -> -360 | AB73: =M73/J73 -> 0.89090909 | AC73: =AB89 -> 0.88901552
B74: 18℃-飯糰 | C74: 一配鹽蔥燒肉飯糰 | E74: 17.89 | F74: 3335 | G74: =E74*F74 -> 59663.15 | I74: 4 | J74: 3300 | K74: =J74/I74 -> 825 | L74: 4 | M74: =F74/V74*60 -> 2936.1702 | N74: =M74/L74 -> 734.04255 | O74: =L74-I74 -> 0 | P74: =N74-K74 -> -90.957447 | Q74: =N74/K74 -> 0.88974855 | S74: 0.21458333 | T74: 0.26190972 | U74: 6 | V74: 68.15 | AA74: =M74-J74 -> -363.82979 | AB74: =M74/J74 -> 0.88974855
B75: 18℃-飯糰 | C75: 一配壹號醬炙烤牛飯糰 | E75: 22.28 | F75: 1420 | G75: =E75*F75 -> 31637.6 | I75: 5 | J75: 3300 | K75: =J75/I75 -> 660 | L75: 5 | M75: =F75/V75*60 -> 2931.1927 | N75: =M75/L75 -> 586.23853 | O75: =L75-I75 -> 0 | P75: =N75-K75 -> -73.761468 | Q75: =N75/K75 -> 0.8882402 | S75: 0.26597222 | T75: 0.28615741 | U75: 5.85 | V75: 29.066667 | AA75: =M75-J75 -> -368.80734 | AB75: =M75/J75 -> 0.8882402
B76: 18℃-飯糰 | C76: 一配椒鹽檸檬鯖魚飯糰 | E76: 21.45 | F76: 4952 | G76: =E76*F76 -> 106220.4 | I76: 3 | J76: 3300 | K76: =J76/I76 -> 1100 | L76: 3 | M76: =F76/V76*60 -> 2931.6231 | N76: =M76/L76 -> 977.2077 | O76: =L76-I76 -> 0 | P76: =N76-K76 -> -122.7923 | Q76: =N76/K76 -> 0.88837063 | S76: 0.29027778 | T76: 0.36065972 | U76: 5.9333333 | V76: 101.35 | AA76: =M76-J76 -> -368.37691 | AB76: =M76/J76 -> 0.88837063
B77: 18℃-飯糰 | C77: 一配雞肉飯飯糰 | E77: 16.66 | F77: 5451 | G77: =E77*F77 -> 90813.66 | I77: 4 | J77: 3300 | K77: =J77/I77 -> 825 | L77: 4 | M77: =F77/V77*60 -> 2929.7701 | N77: =M77/L77 -> 732.44252 | O77: =L77-I77 -> 0 | P77: =N77-K77 -> -92.55748 | Q77: =N77/K77 -> 0.88780912 | S77: 0.36483796 | T77: 0.44236111 | U77: 6.0166667 | V77: 111.63333 | AA77: =M77-J77 -> -370.22992 | AB77: =M77/J77 -> 0.88780912
B89: 平均 | I89: =AVERAGE(I73:I88) -> 4 | J89: =AVERAGE(J73:J88) -> 3300 | K89: =J89/I89 -> 825 | L89: =AVERAGE(L73:L88) -> 4 | M89: =AVERAGE(M73:M88) -> 2933.7512 | N89: =M89/L89 -> 733.4378 | O89: =L89-I89 -> 0 | P89: =N89-K89 -> -91.562198 | Q89: =N89/K89 -> 0.88901552 | S89: =S73 -> 0.16666667 | T89: =INDEX(T73:T88,COUNTA(T73:T88)) -> 0.44236111 | AA89: =M89-J89 -> -366.24879 | AB89: =M89/J89 -> 0.88901552
A90: GKK3600型 飯糰機 | B90: 18℃-飯糰 | C90: 一配蔬食鮪魚飯糰 | E90: 18.18 | F90: 1836 | G90: =E90*F90 -> 33378.48 | I90: 3 | J90: 3600 | K90: =J90/I90 -> 1200 | L90: 3 | M90: =F90/V90*60 -> 3098.7342 | N90: =M90/L90 -> 1032.9114 | O90: =L90-I90 -> 0 | P90: =N90-K90 -> -167.08861 | Q90: =N90/K90 -> 0.86075949 | R90: =Q106 -> 0.8673226 | S90: 0.16697917 | T90: 0.19166667 | V90: 35.55 | AA90: =M90-J90 -> -501.26582 | AB90: =M90/J90 -> 0.86075949 | AC90: =AB106 -> 0.8673226
B91: 18℃-飯糰 | C91: 一配明太子龍蝦風味沙拉飯糰 | E91: 18.18 | F91: 2651 | G91: =E91*F91 -> 48195.18 | I91: 3 | J91: 3600 | K91: =J91/I91 -> 1200 | L91: 3 | M91: =F91/V91*60 -> 3099.5778 | N91: =M91/L91 -> 1033.1926 | O91: =L91-I91 -> 0 | P91: =N91-K91 -> -166.80741 | Q91: =N91/K91 -> 0.86099383 | S91: 0.20208333 | T91: 0.23771991 | U91: 15 | V91: 51.316667 | AA91: =M91-J91 -> -500.42222 | AB91: =M91/J91 -> 0.86099383
B92: 18℃-飯糰 | C92: 一配鮪魚飯糰 | E92: 14.28 | F92: 6854 | G92: =E92*F92 -> 97875.12 | I92: 3 | J92: 3600 | K92: =J92/I92 -> 1200 | L92: 3 | M92: =F92/V92*60 -> 3100.9677 | N92: =M92/L92 -> 1033.6559 | O92: =L92-I92 -> 0 | P92: =N92-K92 -> -166.3441 | Q92: =N92/K92 -> 0.86137992 | S92: 0.25096065 | T92: 0.34305556 | U92: 19.066667 | V92: 132.61667 | AA92: =M92-J92 -> -499.0323 | AB92: =M92/J92 -> 0.86137992
B93: 18℃-飯糰 | C93: 一配經典肉鬆飯糰 | E93: 14.03 | F93: 5763 | G93: =E93*F93 -> 80854.89 | I93: 3 | J93: 3000 | K93: =J93/I93 -> 1000 | L93: 3 | M93: =F93/V93*60 -> 2669.7722 | N93: =M93/L93 -> 889.92408 | O93: =L93-I93 -> 0 | P93: =N93-K93 -> -110.07592 | Q93: =N93/K93 -> 0.88992408 | S93: 0.35450231 | T93: 0.44444444 | U93: 16.483333 | V93: 129.51667 | AA93: =M93-J93 -> -330.22777 | AB93: =M93/J93 -> 0.88992408
B106: 平均 | I106: =AVERAGE(I90:I105) -> 3 | J106: =AVERAGE(J90:J105) -> 3450 | K106: =J106/I106 -> 1150 | L106: =AVERAGE(L90:L105) -> 3 | M106: =AVERAGE(M90:M105) -> 2992.263 | N106: =M106/L106 -> 997.42099 | O106: =L106-I106 -> 0 | P106: =N106-K106 -> -152.57901 | Q106: =N106/K106 -> 0.8673226 | S106: =S90 -> 0.16697917 | T106: =INDEX(T90:T105,COUNTA(T90:T105)) -> 0.44444444 | AA106: =M106-J106 -> -457.73703 | AB106: =M106/J106 -> 0.8673226
A107: GKK3600型 飯糰機2 | B107: 18℃-飯糰 | C107: 一配熟成紅鮭飯糰 | E107: 25.03 | F107: 2014 | G107: =E107*F107 -> 50410.42 | I107: 4 | J107: 3300 | K107: =J107/I107 -> 825 | L107: 4 | M107: =F107/V107*60 -> 2903.6444 | N107: =M107/L107 -> 725.91109 | O107: =L107-I107 -> 0 | P107: =N107-K107 -> -99.088907 | Q107: =N107/K107 -> 0.87989223 | R107: =Q123 -> 0.88383818 | S107: 0.16693287 | T107: 0.19583333 | V107: 41.616667 | AA107: =M107-J107 -> -396.35563 | AB107: =M107/J107 -> 0.87989223 | AC107: =AB123 -> 0.88383818
B108: 18℃-飯糰 | C108: 一配博多明太子奶油飯糰 | E108: 25.45 | F108: 1595 | G108: =E108*F108 -> 40592.75 | I108: 4 | J108: 3300 | K108: =J108/I108 -> 825 | L108: 4 | M108: =F108/V108*60 -> 2902.9323 | N108: =M108/L108 -> 725.73306 | O108: =L108-I108 -> 0 | P108: =N108-K108 -> -99.266936 | Q108: =N108/K108 -> 0.87967644 | S108: 0.2055787 | T108: 0.22847222 | U108: 14.033333 | V108: 32.966667 | AA108: =M108-J108 -> -397.06775 | AB108: =M108/J108 -> 0.87967644
B109: 18℃-飯糰 | C109: 一配照燒鰤魚大根飯糰 | E109: 26.73 | F109: 446 | G109: =E109*F109 -> 11921.58 | I109: 4 | J109: 3300 | K109: =J109/I109 -> 825 | L109: 4 | M109: =F109/V109*60 -> 2903.4358 | N109: =M109/L109 -> 725.85895 | O109: =L109-I109 -> 0 | P109: =N109-K109 -> -99.141049 | Q109: =N109/K109 -> 0.87982903 | S109: 0.24097222 | T109: 0.24737269 | U109: 18 | V109: 9.2166667 | AA109: =M109-J109 -> -396.5642 | AB109: =M109/J109 -> 0.87982903
B110: 18℃-飯糰 | C110: 一配筋子銀鮭飯糰 | E110: 30 | F110: 2366 | G110: =E110*F110 -> 70980 | I110: 4 | J110: 3000 | K110: =J110/I110 -> 750 | L110: 4 | M110: =F110/V110*60 -> 2678.4906 | N110: =M110/L110 -> 669.62264 | O110: =L110-I110 -> 0 | P110: =N110-K110 -> -80.377358 | Q110: =N110/K110 -> 0.89283019 | S110: 0.26111111 | T110: 0.29791667 | U110: 19.783333 | V110: 53 | AA110: =M110-J110 -> -321.50943 | AB110: =M110/J110 -> 0.89283019
B111: 18℃-飯糰 | C111: 一配北海道秋鮭親子飯糰 | E111: 24.82 | F111: 2111 | G111: =E111*F111 -> 52395.02 | I111: 4 | J111: 3300 | K111: =J111/I111 -> 825 | L111: 4 | M111: =F111/V111*60 -> 2902.8266 | N111: =M111/L111 -> 725.70665 | O111: =L111-I111 -> 0 | P111: =N111-K111 -> -99.293354 | Q111: =N111/K111 -> 0.87964442 | S111: 0.30997685 | T111: 0.34027778 | U111: 17.366667 | V111: 43.633333 | AA111: =M111-J111 -> -397.17341 | AB111: =M111/J111 -> 0.87964442
B112: 18℃-飯糰 | C112: 一配贅沢鮭魚肚飯糰 | E112: 30 | F112: 3528 | G112: =E112*F112 -> 105840 | I112: 3 | J112: 3000 | K112: =J112/I112 -> 1000 | L112: 3 | M112: =F112/V112*60 -> 2678.3636 | N112: =M112/L112 -> 892.78785 | O112: =L112-I112 -> 0 | P112: =N112-K112 -> -107.21215 | Q112: =N112/K112 -> 0.89278785 | S112: 0.35 | T112: 0.40488426 | U112: 14 | V112: 79.033333 | AA112: =M112-J112 -> -321.63644 | AB112: =M112/J112 -> 0.89278785
B123: 平均 | I123: =AVERAGE(I107:I122) -> 3.8333333 | J123: =AVERAGE(J107:J122) -> 3200 | K123: =J123/I123 -> 834.78261 | L123: =AVERAGE(L107:L122) -> 3.8333333 | M123: =AVERAGE(M107:M122) -> 2828.2822 | N123: =M123/L123 -> 737.81275 | O123: =L123-I123 -> 0 | P123: =N123-K123 -> -96.969863 | Q123: =N123/K123 -> 0.88383818 | S123: =S107 -> 0.16693287 | T123: =INDEX(T107:T122,COUNTA(T107:T122)) -> 0.40488426 | AA123: =M123-J123 -> -371.71781 | AB123: =M123/J123 -> 0.88383818
A124: 自動包裝機 (二配) | B124: 18℃-飯糰 | C124: 二配兔兔昆布飯糰 | E124: 13.42 | F124: 363 | G124: =E124*F124 -> 4871.46 | I124: 6 | J124: 3600 | K124: =J124/I124 -> 600 | L124: 6 | M124: =F124/V124*60 -> 3179.562 | N124: =M124/L124 -> 529.92701 | O124: =L124-I124 -> 0 | P124: =N124-K124 -> -70.072993 | Q124: =N124/K124 -> 0.88321168 | R124: =Q140 -> 0.86614558 | S124: 0.7084375 | T124: 0.71319444 | V124: 6.85 | AA124: =M124-J124 -> -420.43796 | AB124: =M124/J124 -> 0.88321168 | AC124: =AB140 -> 0.86614558
B125: 18℃-壽司手卷 | C125: 二配長野稻荷壽司 | E125: 25.64 | F125: 2001 | G125: =E125*F125 -> 51305.64 | I125: 11 | J125: 3600 | K125: =J125/I125 -> 327.27273 | L125: 11 | M125: =F125/V125*60 -> 3136.0906 | N125: =M125/L125 -> 285.09914 | O125: =L125-I125 -> 0 | P125: =N125-K125 -> -42.173586 | Q125: =N125/K125 -> 0.87113626 | S125: 0.71805556 | T125: 0.7446412 | U125: 7 | V125: 38.283333 | AA125: =M125-J125 -> -463.90945 | AB125: =M125/J125 -> 0.87113626
B126: 18℃-壽司手卷 | C126: 二配雙饗雙手卷 | E126: 29.52 | F126: 2477 | G126: =E126*F126 -> 73121.04 | I126: 17 | J126: 3600 | K126: =J126/I126 -> 211.76471 | L126: 17 | M126: =F126/V126*60 -> 3109.205 | N126: =M126/L126 -> 182.89441 | O126: =L126-I126 -> 0 | P126: =N126-K126 -> -28.870293 | Q126: =N126/K126 -> 0.86366806 | S126: 0.74875 | T126: 0.78194444 | U126: 5.9166667 | V126: 47.8 | AA126: =M126-J126 -> -490.79498 | AB126: =M126/J126 -> 0.86366806
B127: 18℃-壽司手卷 | C127: 二配海饌雙手卷 | E127: 29.85 | F127: 2506 | G127: =E127*F127 -> 74804.1 | I127: 17 | J127: 3600 | K127: =J127/I127 -> 211.76471 | L127: 17 | M127: =F127/V127*60 -> 3111.9696 | N127: =M127/L127 -> 183.05704 | O127: =L127-I127 -> 0 | P127: =N127-K127 -> -28.707668 | Q127: =N127/K127 -> 0.86443601 | S127: 0.78541667 | T127: 0.81896991 | U127: 5 | V127: 48.316667 | AA127: =M127-J127 -> -488.03036 | AB127: =M127/J127 -> 0.86443601
B128: 18℃-飯糰 | C128: 二配兩粒飯糰(鮪魚.焦糖鮭魚) | E128: 27.14 | F128: 4920 | G128: =E128*F128 -> 133528.8 | I128: 12 | J128: 3600 | K128: =J128/I128 -> 300 | L128: 12 | M128: =F128/V128*60 -> 3053.7931 | N128: =M128/L128 -> 254.48276 | O128: =L128-I128 -> 0 | P128: =N128-K128 -> -45.517241 | Q128: =N128/K128 -> 0.84827586 | S128: 0.82314815 | T128: 0.89027778 | U128: 6.0166667 | V128: 96.666667 | AA128: =M128-J128 -> -546.2069 | AB128: =M128/J128 -> 0.84827586
B140: 平均 | I140: =AVERAGE(I124:I139) -> 12.6 | J140: =AVERAGE(J124:J139) -> 3600 | K140: =J140/I140 -> 285.71429 | L140: =AVERAGE(L124:L139) -> 12.6 | M140: =AVERAGE(M124:M139) -> 3118.1241 | N140: =M140/L140 -> 247.47016 | O140: =L140-I140 -> 0 | P140: =N140-K140 -> -38.244121 | Q140: =N140/K140 -> 0.86614558 | S140: =S124 -> 0.7084375 | T140: =INDEX(T124:T139,COUNTA(T124:T139)) -> 0.89027778 | AA140: =M140-J140 -> -481.87593 | AB140: =M140/J140 -> 0.86614558
A141: (舊) 3300型飯糰線 (二配) | B141: 18℃-飯糰 | C141: 二配鹽蔥燒肉飯糰 | E141: 17.89 | F141: 1595 | G141: =E141*F141 -> 28534.55 | H141: 2 | I141: 4 | J141: 3300 | K141: =J141/I141 -> 825 | L141: 4 | M141: =F141/V141*60 -> 2935.5828 | N141: =M141/L141 -> 733.89571 | O141: =L141-I141 -> 0 | P141: =N141-K141 -> -91.104294 | Q141: =N141/K141 -> 0.88957055 | R141: =Q157 -> 0.87821485 | S141: 0.70861111 | T141: 0.73125 | V141: 32.6 | AA141: =M141-J141 -> -364.41718 | AB141: =M141/J141 -> 0.88957055 | AC141: =AB157 -> 0.87821485
B142: 18℃-飯糰 | C142: 二配油蔥G絲飯糰 | E142: 18.18 | F142: 1380 | G142: =E142*F142 -> 25088.4 | I142: 4 | J142: 3300 | K142: =J142/I142 -> 825 | L142: 4 | M142: =F142/V142*60 -> 2930.9735 | N142: =M142/L142 -> 732.74336 | O142: =L142-I142 -> 0 | P142: =N142-K142 -> -92.256637 | Q142: =N142/K142 -> 0.88817377 | S142: 0.73402778 | T142: 0.75364583 | U142: 4 | V142: 28.25 | AA142: =M142-J142 -> -369.02655 | AB142: =M142/J142 -> 0.88817377
B143: 18℃-飯糰 | C143: 二配大飯糰春川風味辣炒雞 | E143: 24.15 | F143: 1010 | G143: =E143*F143 -> 24391.5 | I143: 4 | J143: 3000 | K143: =J143/I143 -> 750 | L143: 4 | M143: =F143/V143*60 -> 2629.0672 | N143: =M143/L143 -> 657.26681 | O143: =L143-I143 -> 0 | P143: =N143-K143 -> -92.733189 | Q143: =N143/K143 -> 0.87635575 | S143: 0.75694444 | T143: 0.77295139 | U143: 4.75 | V143: 23.05 | AA143: =M143-J143 -> -370.93275 | AB143: =M143/J143 -> 0.87635575
B144: 18℃-飯糰 | C144: 二配大飯糰鮪魚昆布 | E144: 21.04 | F144: 4978 | G144: =E144*F144 -> 104737.12 | I144: 4 | J144: 3000 | K144: =J144/I144 -> 750 | L144: 4 | M144: =F144/V144*60 -> 2531.1864 | N144: =M144/L144 -> 632.79661 | O144: =L144-I144 -> 0 | P144: =N144-K144 -> -117.20339 | Q144: =N144/K144 -> 0.84372881 | S144: 0.77638889 | T144: 0.85833333 | U144: 4.95 | V144: 118 | W144: 0.85833333 | X144: 0.89953704 | AA144: =M144-J144 -> -468.81356 | AB144: =M144/J144 -> 0.84372881
B145: 18℃-飯糰 | C145: 二配鹽蔥燒肉飯糰 | E145: 17.89 | F145: 4291 | G145: =E145*F145 -> 76765.99 | I145: 4 | J145: 3300 | K145: =J145/I145 -> 825 | L145: 4 | M145: =F145/V145*60 -> 2936.8061 | N145: =M145/L145 -> 734.20152 | O145: =L145-I145 -> 0 | P145: =N145-K145 -> -90.798479 | Q145: =N145/K145 -> 0.88994124 | S145: 0.89953704 | T145: 0.96041667 | U145: 59.333333 | V145: 87.666667 | AA145: =M145-J145 -> -363.19392 | AB145: =M145/J145 -> 0.88994124
B157: 平均 | I157: =AVERAGE(I141:I156) -> 4 | J157: =AVERAGE(J141:J156) -> 3180 | K157: =J157/I157 -> 795 | L157: =AVERAGE(L141:L156) -> 4 | M157: =AVERAGE(M141:M156) -> 2792.7232 | N157: =M157/L157 -> 698.1808 | O157: =L157-I157 -> 0 | P157: =N157-K157 -> -96.819198 | Q157: =N157/K157 -> 0.87821485 | S157: =S141 -> 0.70861111 | T157: =INDEX(T141:T156,COUNTA(T141:T156)) -> 0.96041667 | AA157: =M157-J157 -> -387.27679 | AB157: =M157/J157 -> 0.87821485
A158: (新) 3300型飯糰機 (二配) | B158: 18℃-飯糰 | C158: 二配壹號醬炙烤牛飯糰 | E158: 22.28 | F158: 1970 | G158: =E158*F158 -> 43891.6 | I158: 5 | J158: 3300 | K158: =J158/I158 -> 660 | L158: 5 | M158: =F158/V158*60 -> 2929.368 | N158: =M158/L158 -> 585.87361 | O158: =L158-I158 -> 0 | P158: =N158-K158 -> -74.126394 | Q158: =N158/K158 -> 0.88768728 | R158: =Q174 -> 0.88899041 | S158: 0.70833333 | T158: 0.73635417 | V158: 40.35 | AA158: =M158-J158 -> -370.63197 | AB158: =M158/J158 -> 0.88768728 | AC158: =AB174 -> 0.88899041
B159: 18℃-飯糰 | C159: 二配三杯醬爆菇菇飯糰 | E159: 16.7 | F159: 3589 | G159: =E159*F159 -> 59936.3 | I159: 3 | J159: 3300 | K159: =J159/I159 -> 1100 | L159: 3 | M159: =F159/V159*60 -> 2933.1215 | N159: =M159/L159 -> 977.70715 | O159: =L159-I159 -> 0 | P159: =N159-K159 -> -122.29285 | Q159: =N159/K159 -> 0.88882468 | S159: 0.74097222 | T159: 0.79195602 | U159: 6.65 | V159: 73.416667 | AA159: =M159-J159 -> -366.87855 | AB159: =M159/J159 -> 0.88882468
B160: 18℃-飯糰 | C160: 二配雞肉飯飯糰 | E160: 16.66 | F160: 4265 | G160: =E160*F160 -> 71054.9 | H160: 2 | I160: 4 | J160: 3300 | K160: =J160/I160 -> 825 | L160: 4 | M160: =F160/V160*60 -> 2935.7553 | N160: =M160/L160 -> 733.93881 | O160: =L160-I160 -> 0 | P160: =N160-K160 -> -91.061185 | Q160: =N160/K160 -> 0.88962281 | S160: 0.79583333 | T160: 0.85636574 | U160: 5.5833333 | V160: 87.166667 | W160: 0.85636574 | X160: 0.89791667 | AA160: =M160-J160 -> -364.24474 | AB160: =M160/J160 -> 0.88962281
B161: 18℃-飯糰 | C161: 二配雞肉飯飯糰 | E161: 16.66 | F161: 4673 | G161: =E161*F161 -> 77852.18 | I161: 4 | J161: 3300 | K161: =J161/I161 -> 825 | L161: 4 | M161: =F161/V161*60 -> 2936.4287 | N161: =M161/L161 -> 734.10717 | O161: =L161-I161 -> 0 | P161: =N161-K161 -> -90.892826 | Q161: =N161/K161 -> 0.88982688 | S161: 0.89791667 | T161: 0.96422454 | U161: 59.833333 | V161: 95.483333 | AA161: =M161-J161 -> -363.5713 | AB161: =M161/J161 -> 0.88982688
B174: 平均 | I174: =AVERAGE(I158:I173) -> 4 | J174: =AVERAGE(J158:J173) -> 3300 | K174: =J174/I174 -> 825 | L174: =AVERAGE(L158:L173) -> 4 | M174: =AVERAGE(M158:M173) -> 2933.6684 | N174: =M174/L174 -> 733.41709 | O174: =L174-I174 -> 0 | P174: =N174-K174 -> -91.58291 | Q174: =N174/K174 -> 0.88899041 | S174: =S158 -> 0.70833333 | T174: =INDEX(T158:T173,COUNTA(T158:T173)) -> 0.96422454 | AA174: =M174-J174 -> -366.33164 | AB174: =M174/J174 -> 0.88899041
A175: GKK3600型 飯糰機 (二配) | B175: 18℃-飯糰 | C175: 二配經典肉鬆飯糰 | E175: 14.03 | F175: 1504 | G175: =E175*F175 -> 21101.12 | H175: 2 | I175: 3 | J175: 3000 | K175: =J175/I175 -> 1000 | L175: 3 | M175: =F175/V175*60 -> 2669.8225 | N175: =M175/L175 -> 889.94083 | O175: =L175-I175 -> 0 | P175: =N175-K175 -> -110.05917 | Q175: =N175/K175 -> 0.88994083 | R175: =Q191 -> 0.88168497 | S175: 0.70847222 | T175: 0.73194444 | V175: 33.8 | AA175: =M175-J175 -> -330.17751 | AB175: =M175/J175 -> 0.88994083 | AC175: =AB191 -> 0.88168497
B176: 18℃-飯糰 | C176: 二配芝麻香鬆飯糰 | E176: 18.18 | F176: 2298 | G176: =E176*F176 -> 41777.64 | I176: 4 | J176: 3000 | K176: =J176/I176 -> 750 | L176: 4 | M176: =F176/V176*60 -> 2669.5063 | N176: =M176/L176 -> 667.37657 | O176: =L176-I176 -> 0 | P176: =N176-K176 -> -82.623427 | Q176: =N176/K176 -> 0.88983543 | S176: 0.74190972 | T176: 0.77777778 | U176: 14.35 | V176: 51.65 | AA176: =M176-J176 -> -330.49371 | AB176: =M176/J176 -> 0.88983543
B177: 18℃-飯糰 | C177: 二配鮪魚飯糰 | E177: 14.28 | F177: 5504 | G177: =E177*F177 -> 78597.12 | H177: 2 | I177: 3 | J177: 3600 | K177: =J177/I177 -> 1200 | L177: 3 | M177: =F177/V177*60 -> 3099.8748 | N177: =M177/L177 -> 1033.2916 | O177: =L177-I177 -> 0 | P177: =N177-K177 -> -166.70839 | Q177: =N177/K177 -> 0.86107635 | S177: 0.78782407 | T177: 0.86180556 | U177: 14.466667 | V177: 106.53333 | W177: 0.86180556 | X177: 0.91690972 | AA177: =M177-J177 -> -500.12516 | AB177: =M177/J177 -> 0.86107635
B178: 18℃-飯糰 | C178: 二配經典肉鬆飯糰 | E178: 14.03 | F178: 7416 | G178: =E178*F178 -> 104046.48 | I178: 3 | J178: 3000 | K178: =J178/I178 -> 1000 | L178: 3 | M178: =F178/V178*60 -> 2670.027 | N178: =M178/L178 -> 890.009 | O178: =L178-I178 -> 0 | P178: =N178-K178 -> -109.991 | Q178: =N178/K178 -> 0.890009 | S178: 0.91690972 | T178: 1.0326389 | U178: 79.35 | V178: 166.65 | AA178: =M178-J178 -> -329.973 | AB178: =M178/J178 -> 0.890009
B191: 平均 | I191: =AVERAGE(I175:I190) -> 3.25 | J191: =AVERAGE(J175:J190) -> 3150 | K191: =J191/I191 -> 969.23077 | L191: =AVERAGE(L175:L190) -> 3.25 | M191: =AVERAGE(M175:M190) -> 2777.3077 | N191: =M191/L191 -> 854.5562 | O191: =L191-I191 -> 0 | P191: =N191-K191 -> -114.67457 | Q191: =N191/K191 -> 0.88168497 | S191: =S175 -> 0.70847222 | T191: =INDEX(T175:T190,COUNTA(T175:T190)) -> 1.0326389 | AA191: =M191-J191 -> -372.69234 | AB191: =M191/J191 -> 0.88168497
A192: GKK3600型 飯糰機2 (二配) | B192: 18℃-飯糰 | C192: 二配明太子龍蝦風味沙拉飯糰 | E192: 18.18 | F192: 1140 | G192: =E192*F192 -> 20725.2 | H192: 2 | I192: 3 | J192: 3600 | K192: =J192/I192 -> 1200 | L192: 3 | M192: =F192/V192*60 -> 3099.6979 | N192: =M192/L192 -> 1033.2326 | O192: =L192-I192 -> 0 | P192: =N192-K192 -> -166.76737 | Q192: =N192/K192 -> 0.86102719 | R192: =Q208 -> 0.86713694 | S192: 0.70833333 | T192: 0.72365741 | V192: 22.066667 | AA192: =M192-J192 -> -500.30211 | AB192: =M192/J192 -> 0.86102719 | AC192: =AB208 -> 0.86713694
B193: 18℃-飯糰 | C193: 二配蔬食鮪魚飯糰 | E193: 18.18 | F193: 1902 | G193: =E193*F193 -> 34578.36 | I193: 3 | J193: 3600 | K193: =J193/I193 -> 1200 | L193: 3 | M193: =F193/V193*60 -> 3101.087 | N193: =M193/L193 -> 1033.6957 | O193: =L193-I193 -> 0 | P193: =N193-K193 -> -166.30435 | Q193: =N193/K193 -> 0.86141304 | S193: 0.73416667 | T193: 0.75972222 | U193: 15.133333 | V193: 36.8 | AA193: =M193-J193 -> -498.91304 | AB193: =M193/J193 -> 0.86141304
B194: 18℃-飯糰 | C194: 二配北海道秋鮭親子飯糰 | E194: 24.82 | F194: 2871 | G194: =E194*F194 -> 71258.22 | I194: 4 | J194: 3300 | K194: =J194/I194 -> 825 | L194: 4 | M194: =F194/V194*60 -> 2903.2584 | N194: =M194/L194 -> 725.81461 | O194: =L194-I194 -> 0 | P194: =N194-K194 -> -99.185393 | Q194: =N194/K194 -> 0.87977528 | S194: 0.76944444 | T194: 0.81064815 | U194: 14 | V194: 59.333333 | AA194: =M194-J194 -> -396.74157 | AB194: =M194/J194 -> 0.87977528
B195: 18℃-飯糰 | C195: 二配熟成紅鮭飯糰 | E195: 25.03 | F195: 2465 | G195: =E195*F195 -> 61698.95 | I195: 4 | J195: 3300 | K195: =J195/I195 -> 825 | L195: 4 | M195: =F195/V195*60 -> 2905.6974 | N195: =M195/L195 -> 726.42436 | O195: =L195-I195 -> 0 | P195: =N195-K195 -> -98.575639 | Q195: =N195/K195 -> 0.88051438 | S195: 0.82090278 | T195: 0.85625 | U195: 14.766667 | V195: 50.9 | W195: 0.85625 | X195: 0.91043981 | AA195: =M195-J195 -> -394.30255 | AB195: =M195/J195 -> 0.88051438
B196: 18℃-飯糰 | C196: 二配明太子龍蝦風味沙拉飯糰 | E196: 18.18 | F196: 2995 | G196: =E196*F196 -> 54449.1 | I196: 3 | J196: 3600 | K196: =J196/I196 -> 1200 | L196: 3 | M196: =F196/V196*60 -> 3100.0575 | N196: =M196/L196 -> 1033.3525 | O196: =L196-I196 -> 0 | P196: =N196-K196 -> -166.6475 | Q196: =N196/K196 -> 0.86112708 | S196: 0.91043981 | T196: 0.95069444 | U196: 78.033333 | V196: 57.966667 | AA196: =M196-J196 -> -499.9425 | AB196: =M196/J196 -> 0.86112708
B197: 18℃-飯糰 | C197: 二配鮪魚飯糰 | E197: 14.28 | F197: 5550 | G197: =E197*F197 -> 79254 | I197: 3 | J197: 3600 | K197: =J197/I197 -> 1200 | L197: 3 | M197: =F197/V197*60 -> 3100.0776 | N197: =M197/L197 -> 1033.3592 | O197: =L197-I197 -> 0 | P197: =N197-K197 -> -166.64081 | Q197: =N197/K197 -> 0.86113266 | S197: 0.96041667 | T197: 1.0350116 | U197: 14 | V197: 107.41667 | AA197: =M197-J197 -> -499.92242 | AB197: =M197/J197 -> 0.86113266
B208: 平均 | I208: =AVERAGE(I192:I207) -> 3.3333333 | J208: =AVERAGE(J192:J207) -> 3500 | K208: =J208/I208 -> 1050 | L208: =AVERAGE(L192:L207) -> 3.3333333 | M208: =AVERAGE(M192:M207) -> 3034.9793 | N208: =M208/L208 -> 910.49379 | O208: =L208-I208 -> 0 | P208: =N208-K208 -> -139.50621 | Q208: =N208/K208 -> 0.86713694 | S208: =S192 -> 0.70833333 | T208: =INDEX(T192:T207,COUNTA(T192:T207)) -> 1.0350116 | AA208: =M208-J208 -> -465.0207 | AB208: =M208/J208 -> 0.86713694
Y210: 原因回覆
Y211: 1.當日出勤人數較多
Y212: 2.當日出勤人數較少
Y213: 3.當日出勤熟手較多
Y214: 4.當日出勤新人較多
Y215: 5.機台夾盒
Y216: 6.封膜不順
Y217: 7.更換膠膜
Y218: 8.更換碳帶
Y219: 9.當日熱轉印碳帶異常
Y220: 10.訂單量過少
Y221: 11.新品上市，尚未熟悉
Y222: 12.活動期間品項需貼標

Sheet 1029(4度C)
A1: 大溪廠日報分析 | C1: 總生產量 | D1: =SUM(F5:F157) -> 103146 | E1: 營業額 | F1: =SUM(G5:G157) -> 4918136.5 | G1: 出勤人數 | H1: =L21+L38+L55+L72+L89+L106+L123+L140+L157 -> 168.30476 | I1: 產線配置圖 | L1: 生產實績 | O1: 人時性差異分析 | S1: 日報登錄 | Y1: 分析說明 | AA1: 產能差異分析
A2: 45959 | C2: 人時性 | D2: =AVERAGE(N21,N38,N55,N72,N89,N106,N123,N140,N157) -> 154.33505 | E2: 平均廠價 | F2: =F1/D1 -> 47.681311 | G2: 多次生產數 | H2: =COUNT(H5:H157) -> 0
A3: 線別 | B3: 品類 | C3: 品名 | E3: 廠價 | F3: 生產量 | G3: 營收 | H3: 多次 生產 | I3: 人數 | J3: 產能/時 | K3: 人時性 | L3: 人數 | M3: 產能/時 | N3: 人時性 | O3: 人數 | P3: 人時性 | Q3: 達成率 | R3: 達成率 平均 | S3: 生產時間 | U3: 換線、休息/分 | V3: 稼動時間/分 | W3: 休息時間 | Y3: (屏榮回填) | AA3: 產能/時 | AB3: 達成率 | AC3: 達成率平均
S4: 開始 | T4: 結束 | W4: 開始 | X4: 結束
A5: 便當一線 | B5: 微波小吃 | C5: 日式茶碗蒸 | E5: 19.7 | F5: 3714 | G5: =E5*F5 -> 73165.8 | I5: 13 | J5: 1200 | K5: =J5/I5 -> 92.307692 | L5: 13 | M5: =F5/V5*60 -> 1075.5691 | N5: =M5/L5 -> 82.736088 | O5: =L5-I5 -> 0 | P5: =N5-K5 -> -9.5716045 | Q5: =N5/K5 -> 0.89630762 | R5: =Q21 -> 0.88943483 | S5: 0.25 | T5: 0.39387731 | V5: 207.18333 | AA5: =M5-J5 -> -124.43086 | AB5: =M5/J5 -> 0.89630762 | AC5: =AB21 -> 0.88943483
B6: 4℃-飯糰 | C6: 麻油雞飯糰 | E6: 29.97 | F6: 2929 | G6: =E6*F6 -> 87782.13 | I6: 20 | J6: 2600 | K6: =J6/I6 -> 130 | L6: 20 | M6: =F6/V6*60 -> 2304.2832 | N6: =M6/L6 -> 115.21416 | O6: =L6-I6 -> 0 | P6: =N6-K6 -> -14.785839 | Q6: =N6/K6 -> 0.88626278 | S6: 0.51041667 | T6: 0.56337963 | U6: 58.733333 | V6: 76.266667 | AA6: =M6-J6 -> -295.71678 | AB6: =M6/J6 -> 0.88626278
B21: 平均 | I21: =AVERAGE(I5:I20) -> 16.5 | J21: =AVERAGE(J5:J20) -> 1900 | K21: =J21/I21 -> 115.15152 | L21: =AVERAGE(L5:L20) -> 16.5 | M21: =AVERAGE(M5:M20) -> 1689.9262 | N21: =M21/L21 -> 102.41977 | O21: =L21-I21 -> 0 | P21: =N21-K21 -> -12.731747 | Q21: =N21/K21 -> 0.88943483 | S21: =S5 -> 0.25 | T21: =INDEX(T5:T20,COUNTA(T5:T20)) -> 0.56337963 | AA21: =M21-J21 -> -210.07382 | AB21: =M21/J21 -> 0.88943483
A22: 便當二線 | B22: 微波主食 | C22: 糖燻野郎三十天熟成牛飯 | E22: 56.77 | F22: 4947 | G22: =E22*F22 -> 280841.19 | I22: 25 | J22: 2000 | K22: =J22/I22 -> 80 | L22: 25 | M22: =F22/V22*60 -> 1773.1183 | N22: =M22/L22 -> 70.924731 | O22: =L22-I22 -> 0 | P22: =N22-K22 -> -9.0752688 | Q22: =N22/K22 -> 0.88655914 | R22: =Q38 -> 0.88483881 | S22: 0.16666667 | T22: 0.28291667 | V22: 167.4 | AA22: =M22-J22 -> -226.88172 | AB22: =M22/J22 -> 0.88655914 | AC22: =AB38 -> 0.88483881
B23: 微波主食 | C23: 蒜蒜燒豚飯 | E23: 51.86 | F23: 1535 | G23: =E23*F23 -> 79605.1 | I23: 25 | J23: 2000 | K23: =J23/I23 -> 80 | L23: 25 | M23: =F23/V23*60 -> 1760.4333 | N23: =M23/L23 -> 70.41733 | O23: =L23-I23 -> 0 | P23: =N23-K23 -> -9.5826696 | Q23: =N23/K23 -> 0.88021663 | S23: 0.28680556 | T23: 0.32313657 | U23: 5.6 | V23: 52.316667 | AA23: =M23-J23 -> -239.56674 | AB23: =M23/J23 -> 0.88021663
B24: 微波主食 | C24: 柚見極炙烤牛 | E24: 57.3 | F24: 832 | G24: =E24*F24 -> 47673.6 | I24: 26 | J24: 2000 | K24: =J24/I24 -> 76.923077 | L24: 26 | M24: =F24/V24*60 -> 1760.8466 | N24: =M24/L24 -> 67.724868 | O24: =L24-I24 -> 0 | P24: =N24-K24 -> -9.1982092 | Q24: =N24/K24 -> 0.88042328 | S24: 0.32708333 | T24: 0.34677083 | U24: 5.6833333 | V24: 28.35 | AA24: =M24-J24 -> -239.15344 | AB24: =M24/J24 -> 0.88042328
B25: 便當 | C25: 健身G肉餐盒 | E25: 59.52 | F25: 4904 | G25: =E25*F25 -> 291886.08 | I25: 25 | J25: 2000 | K25: =J25/I25 -> 80 | L25: 25 | M25: =F25/V25*60 -> 1781.4733 | N25: =M25/L25 -> 71.25893 | O25: =L25-I25 -> 0 | P25: =N25-K25 -> -8.7410696 | Q25: =N25/K25 -> 0.89073663 | S25: 0.35 | T25: 0.46469907 | U25: 4.65 | V25: 165.16667 | W25: 0.46469907 | X25: 0.50416667 | AA25: =M25-J25 -> -218.52674 | AB25: =M25/J25 -> 0.89073663
B26: 便當 | C26: 嫩烤香料雞胸排蔬滿盒 | E26: 77.34 | F26: 2870 | G26: =E26*F26 -> 221965.8 | I26: 25 | J26: 2000 | K26: =J26/I26 -> 80 | L26: 25 | M26: =F26/V26*60 -> 1772.5167 | N26: =M26/L26 -> 70.900669 | O26: =L26-I26 -> 0 | P26: =N26-K26 -> -9.0993309 | Q26: =N26/K26 -> 0.88625836 | S26: 0.50416667 | T26: 0.57163194 | U26: 56.833333 | V26: 97.15 | AA26: =M26-J26 -> -227.48327 | AB26: =M26/J26 -> 0.88625836
B38: 平均 | I38: =AVERAGE(I22:I37) -> 25.2 | J38: =AVERAGE(J22:J37) -> 2000 | K38: =J38/I38 -> 79.365079 | L38: =AVERAGE(L22:L37) -> 25.2 | M38: =AVERAGE(M22:M37) -> 1769.6776 | N38: =M38/L38 -> 70.225302 | O38: =L38-I38 -> 0 | P38: =N38-K38 -> -9.1397771 | Q38: =N38/K38 -> 0.88483881 | S38: =S22 -> 0.16666667 | T38: =INDEX(T22:T37,COUNTA(T22:T37)) -> 0.57163194 | AA38: =M38-J38 -> -230.32238 | AB38: =M38/J38 -> 0.88483881
A39: 涼麵一線 | B39: 熱食義麵 | C39: 焗烤蕃茄起司四方麵 | E39: 57.3 | F39: 5638 | G39: =E39*F39 -> 323057.4 | I39: 25 | J39: 1800 | K39: =J39/I39 -> 72 | L39: 25 | M39: =F39/V39*60 -> 1590.5337 | N39: =M39/L39 -> 63.621346 | O39: =L39-I39 -> 0 | P39: =N39-K39 -> -8.3786537 | Q39: =N39/K39 -> 0.88362981 | R39: =Q55 -> 0.86263878 | S39: 0.16688657 | T39: 0.31458333 | V39: 212.68333 | AA39: =M39-J39 -> -209.46634 | AB39: =M39/J39 -> 0.88362981 | AC39: =AB55 -> 0.86263878
B40: 微波小吃 | C40: 日式壽喜燒 | E40: 55.12 | F40: 2968 | G40: =E40*F40 -> 163596.16 | I40: 23 | J40: 1800 | K40: =J40/I40 -> 78.26087 | L40: 23 | M40: =F40/V40*60 -> 1496.4706 | N40: =M40/L40 -> 65.063939 | O40: =L40-I40 -> 0 | P40: =N40-K40 -> -13.196931 | Q40: =N40/K40 -> 0.83137255 | S40: 0.31805556 | T40: 0.40069444 | U40: 5 | V40: 119 | AA40: =M40-J40 -> -303.52941 | AB40: =M40/J40 -> 0.83137255
B41: 微波主食 | C41: 妮妮家漢堡排 | E41: 57.3 | F41: 878 | G41: =E41*F41 -> 50309.4 | I41: 20 | J41: 2000 | K41: =J41/I41 -> 100 | L41: 20 | M41: =F41/V41*60 -> 1762.8555 | N41: =M41/L41 -> 88.142777 | O41: =L41-I41 -> 0 | P41: =N41-K41 -> -11.857223 | Q41: =N41/K41 -> 0.88142777 | S41: 0.40494213 | T41: 0.42569444 | U41: 6.1166667 | V41: 29.883333 | AA41: =M41-J41 -> -237.14445 | AB41: =M41/J41 -> 0.88142777
B42: 便當 | C42: 照燒豬排纖食餐盒 | E42: 59.36 | F42: 1800 | G42: =E42*F42 -> 106848 | I42: 20 | J42: 2000 | K42: =J42/I42 -> 100 | L42: 20 | M42: =F42/V42*60 -> 1763.7452 | N42: =M42/L42 -> 88.187262 | O42: =L42-I42 -> 0 | P42: =N42-K42 -> -11.812738 | Q42: =N42/K42 -> 0.88187262 | S42: 0.42916667 | T42: 0.47168981 | U42: 5 | V42: 61.233333 | W42: 0.47168981 | X42: 0.51041667 | AA42: =M42-J42 -> -236.25476 | AB42: =M42/J42 -> 0.88187262
B43: 便當 | C43: 香腸腿排雙拼便當 | E43: 51.41 | F43: 3669 | G43: =E43*F43 -> 188623.29 | I43: 23 | J43: 2000 | K43: =J43/I43 -> 86.956522 | L43: 23 | M43: =F43/V43*60 -> 1667.7273 | N43: =M43/L43 -> 72.509881 | O43: =L43-I43 -> 0 | P43: =N43-K43 -> -14.44664 | Q43: =N43/K43 -> 0.83386364 | S43: 0.51041667 | T43: 0.60208333 | U43: 55.766667 | V43: 132 | AA43: =M43-J43 -> -332.27273 | AB43: =M43/J43 -> 0.83386364
B55: 平均 | I55: =AVERAGE(I39:I54) -> 22.2 | J55: =AVERAGE(J39:J54) -> 1920 | K55: =J55/I55 -> 86.486486 | L55: =AVERAGE(L39:L54) -> 22.2 | M55: =AVERAGE(M39:M54) -> 1656.2665 | N55: =M55/L55 -> 74.606597 | O55: =L55-I55 -> 0 | P55: =N55-K55 -> -11.879889 | Q55: =N55/K55 -> 0.86263878 | S55: =S39 -> 0.16688657 | T55: =INDEX(T39:T54,COUNTA(T39:T54)) -> 0.60208333 | AA55: =M55-J55 -> -263.73354 | AB55: =M55/J55 -> 0.86263878
A56: 涼麵二線 | B56: 便當 | C56: 美式雞丁餐盒 | E56: 59.34 | F56: 2018 | G56: =E56*F56 -> 119748.12 | I56: 24 | J56: 2000 | K56: =J56/I56 -> 83.333333 | L56: 24 | M56: =F56/V56*60 -> 1763.301 | N56: =M56/L56 -> 73.470874 | O56: =L56-I56 -> 0 | P56: =N56-K56 -> -9.8624595 | Q56: =N56/K56 -> 0.88165049 | R56: =Q72 -> 0.88270614 | S56: 0.16689815 | T56: 0.21458333 | V56: 68.666667 | AA56: =M56-J56 -> -236.69903 | AB56: =M56/J56 -> 0.88165049 | AC56: =AB72 -> 0.88270614
B57: 便當 | C57: 烤蛋白餐盒 | E57: 58.67 | F57: 3823 | G57: =E57*F57 -> 224295.41 | I57: 24 | J57: 2000 | K57: =J57/I57 -> 83.333333 | L57: 24 | M57: =F57/V57*60 -> 1772.4147 | N57: =M57/L57 -> 73.850612 | O57: =L57-I57 -> 0 | P57: =N57-K57 -> -9.4827216 | Q57: =N57/K57 -> 0.88620734 | S57: 0.21875 | T57: 0.30862269 | U57: 6 | V57: 129.41667 | AA57: =M57-J57 -> -227.58532 | AB57: =M57/J57 -> 0.88620734
B58: 便當 | C58: 蔬活腿排補力餐盒 | E58: 71.55 | F58: 3008 | G58: =E58*F58 -> 215222.4 | I58: 24 | J58: 2000 | K58: =J58/I58 -> 83.333333 | L58: 24 | M58: =F58/V58*60 -> 1763.6482 | N58: =M58/L58 -> 73.485342 | O58: =L58-I58 -> 0 | P58: =N58-K58 -> -9.8479913 | Q58: =N58/K58 -> 0.8818241 | S58: 0.3125 | T58: 0.38356481 | U58: 5.5833333 | V58: 102.33333 | AA58: =M58-J58 -> -236.35179 | AB58: =M58/J58 -> 0.8818241
B59: 便當 | C59: 經典滷肉飯 | E59: 47.37 | F59: 2120 | G59: =E59*F59 -> 100424.4 | I59: 21 | J59: 2000 | K59: =J59/I59 -> 95.238095 | L59: 21 | M59: =F59/V59*60 -> 1762.5866 | N59: =M59/L59 -> 83.932695 | O59: =L59-I59 -> 0 | P59: =N59-K59 -> -11.3054 | Q59: =N59/K59 -> 0.8812933 | S59: 0.3875 | T59: 0.43761574 | U59: 5.6666667 | V59: 72.166667 | W59: 0.43761574 | X59: 0.47737269 | AA59: =M59-J59 -> -237.41339 | AB59: =M59/J59 -> 0.8812933
B60: 微波主食 | C60: 壹號醬雞豚雙拼 | E60: 56.43 | F60: 2931 | G60: =E60*F60 -> 165396.33 | I60: 22 | J60: 2000 | K60: =J60/I60 -> 90.909091 | L60: 22 | M60: =F60/V60*60 -> 1765.9582 | N60: =M60/L60 -> 80.270825 | O60: =L60-I60 -> 0 | P60: =N60-K60 -> -10.638266 | Q60: =N60/K60 -> 0.88297908 | S60: 0.47737269 | T60: 0.54652778 | U60: 57.25 | V60: 99.583333 | AA60: =M60-J60 -> -234.04184 | AB60: =M60/J60 -> 0.88297908
B61: 便當 | C61: 海陸雙拼肉肉餐盒 | E61: 59.54 | F61: 3685 | G61: =E61*F61 -> 219404.9 | I61: 23 | J61: 2000 | K61: =J61/I61 -> 86.956522 | L61: 23 | M61: =F61/V61*60 -> 1764.565 | N61: =M61/L61 -> 76.720219 | O61: =L61-I61 -> 0 | P61: =N61-K61 -> -10.236302 | Q61: =N61/K61 -> 0.88228252 | S61: 0.55069444 | T61: 0.63770833 | U61: 6 | V61: 125.3 | AA61: =M61-J61 -> -235.43496 | AB61: =M61/J61 -> 0.88228252
B72: 平均 | I72: =AVERAGE(I56:I71) -> 23 | J72: =AVERAGE(J56:J71) -> 2000 | K72: =J72/I72 -> 86.956522 | L72: =AVERAGE(L56:L71) -> 23 | M72: =AVERAGE(M56:M71) -> 1765.4123 | N72: =M72/L72 -> 76.757056 | O72: =L72-I72 -> 0 | P72: =N72-K72 -> -10.199466 | Q72: =N72/K72 -> 0.88270614 | S72: =S56 -> 0.16689815 | T72: =INDEX(T56:T71,COUNTA(T56:T71)) -> 0.63770833 | AA72: =M72-J72 -> -234.58772 | AB72: =M72/J72 -> 0.88270614
A73: 涼麵三線 | B73: 季節調理麵 | C73: 大滿足香辣涼麵 | E73: 38.63 | F73: 2855 | G73: =E73*F73 -> 110288.65 | I73: 20 | J73: 3600 | K73: =J73/I73 -> 180 | L73: 20 | M73: =F73/V73*60 -> 3248.4197 | N73: =M73/L73 -> 162.42099 | O73: =L73-I73 -> 0 | P73: =N73-K73 -> -17.579014 | Q73: =N73/K73 -> 0.90233881 | R73: =Q89 -> 0.88459558 | S73: 0.25018519 | T73: 0.28680556 | V73: 52.733333 | AA73: =M73-J73 -> -351.58028 | AB73: =M73/J73 -> 0.90233881 | AC73: =AB89 -> 0.88459558
B74: 季節調理麵 | C74: 大滿足麻醬涼麵 | E74: 38 | F74: 3438 | G74: =E74*F74 -> 130644 | I74: 21 | J74: 3600 | K74: =J74/I74 -> 171.42857 | L74: 21 | M74: =F74/V74*60 -> 3247.6515 | N74: =M74/L74 -> 154.65007 | O74: =L74-I74 -> 0 | P74: =N74-K74 -> -16.778498 | Q74: =N74/K74 -> 0.90212543 | S74: 0.29061343 | T74: 0.33472222 | U74: 5.4833333 | V74: 63.516667 | AA74: =M74-J74 -> -352.34846 | AB74: =M74/J74 -> 0.90212543
B75: 季節調理麵 | C75: 日式蕎麥沾麵 | E75: 36.86 | F75: 2196 | G75: =E75*F75 -> 80944.56 | I75: 21 | J75: 3600 | K75: =J75/I75 -> 171.42857 | L75: 21 | M75: =F75/V75*60 -> 3213.6585 | N75: =M75/L75 -> 153.03136 | O75: =L75-I75 -> 0 | P75: =N75-K75 -> -18.397213 | Q75: =N75/K75 -> 0.89268293 | S75: 0.33819444 | T75: 0.36666667 | U75: 5 | V75: 41 | AA75: =M75-J75 -> -386.34146 | AB75: =M75/J75 -> 0.89268293
B76: 季節調理麵 | C76: 台式麻醬涼麵 | E76: 31.27 | F76: 2261 | G76: =E76*F76 -> 70701.47 | I76: 19 | J76: 3600 | K76: =J76/I76 -> 189.47368 | L76: 19 | M76: =F76/V76*60 -> 3107.9038 | N76: =M76/L76 -> 163.57388 | O76: =L76-I76 -> 0 | P76: =N76-K76 -> -25.899801 | Q76: =N76/K76 -> 0.86330661 | S76: 0.37038194 | T76: 0.40069444 | U76: 5.35 | V76: 43.65 | AA76: =M76-J76 -> -492.09622 | AB76: =M76/J76 -> 0.86330661
B77: 季節調理麵 | C77: 椒麻香蔥雞涼拌麵 | E77: 37.94 | F77: 3532 | G77: =E77*F77 -> 134004.08 | I77: 21 | J77: 3600 | K77: =J77/I77 -> 171.42857 | L77: 21 | M77: =F77/V77*60 -> 3108.0909 | N77: =M77/L77 -> 148.00433 | O77: =L77-I77 -> 0 | P77: =N77-K77 -> -23.424241 | Q77: =N77/K77 -> 0.86335859 | S77: 0.40486111 | T77: 0.45221065 | U77: 6 | V77: 68.183333 | W77: 0.45221065 | X77: 0.49236111 | AA77: =M77-J77 -> -491.90907 | AB77: =M77/J77 -> 0.86335859
B78: 微波小吃 | C78: 擔仔炊粉湯 | E78: 45.66 | F78: 906 | G78: =E78*F78 -> 41367.96 | I78: 20 | J78: 1800 | K78: =J78/I78 -> 90 | L78: 20 | M78: =F78/V78*60 -> 1591.0244 | N78: =M78/L78 -> 79.55122 | O78: =L78-I78 -> 0 | P78: =N78-K78 -> -10.44878 | Q78: =N78/K78 -> 0.88390244 | S78: 0.49236111 | T78: 0.51608796 | U78: 57.816667 | V78: 34.166667 | AA78: =M78-J78 -> -208.97561 | AB78: =M78/J78 -> 0.88390244
B79: 微波小吃 | C79: 韓式部隊鍋 | E79: 57.73 | F79: 2031 | G79: =E79*F79 -> 117249.63 | I79: 22 | J79: 1800 | K79: =J79/I79 -> 81.818182 | L79: 22 | M79: =F79/V79*60 -> 1590.5156 | N79: =M79/L79 -> 72.296162 | O79: =L79-I79 -> 0 | P79: =N79-K79 -> -9.5220203 | Q79: =N79/K79 -> 0.88361975 | S79: 0.51971065 | T79: 0.57291667 | U79: 5.2166667 | V79: 76.616667 | AA79: =M79-J79 -> -209.48445 | AB79: =M79/J79 -> 0.88361975
B89: 平均 | I89: =AVERAGE(I73:I88) -> 20.571429 | J89: =AVERAGE(J73:J88) -> 3085.7143 | K89: =J89/I89 -> 150 | L89: =AVERAGE(L73:L88) -> 20.571429 | M89: =AVERAGE(M73:M88) -> 2729.6092 | N89: =M89/L89 -> 132.68934 | O89: =L89-I89 -> 0 | P89: =N89-K89 -> -17.310664 | Q89: =N89/K89 -> 0.88459558 | S89: =S73 -> 0.25018519 | T89: =INDEX(T73:T88,COUNTA(T73:T88)) -> 0.57291667 | AA89: =M89-J89 -> -356.10508 | AB89: =M89/J89 -> 0.88459558
A90: 自動包裝機 | B90: 4℃-飯糰 | C90: 大口法式蕈菇起司雞排飯糰 | E90: 35.83 | F90: 6785 | G90: =E90*F90 -> 243106.55 | I90: 12 | J90: 3273 | K90: =J90/I90 -> 272.75 | L90: 12 | M90: =F90/V90*60 -> 2905.0904 | N90: =M90/L90 -> 242.09087 | O90: =L90-I90 -> 0 | P90: =N90-K90 -> -30.659134 | Q90: =N90/K90 -> 0.88759254 | R90: =Q106 -> 0.87891773 | S90: 0.16666667 | T90: 0.26398148 | V90: 140.13333 | AA90: =M90-J90 -> -367.90961 | AB90: =M90/J90 -> 0.88759254 | AC90: =AB106 -> 0.87891773
B91: 4℃-飯糰 | C91: 大口義式香草雞腿排飯糰 | E91: 36.41 | F91: 4784 | G91: =E91*F91 -> 174185.44 | I91: 11 | J91: 3273 | K91: =J91/I91 -> 297.54545 | L91: 11 | M91: =F91/V91*60 -> 2905.2632 | N91: =M91/L91 -> 264.11483 | O91: =L91-I91 -> 0 | P91: =N91-K91 -> -33.430622 | Q91: =N91/K91 -> 0.88764533 | S91: 0.2675 | T91: 0.33611111 | U91: 5.0666667 | V91: 98.8 | AA91: =M91-J91 -> -367.73684 | AB91: =M91/J91 -> 0.88764533
B92: 4℃-飯糰 | C92: 大口花椒香麻雞飯糰 | E92: 34.77 | F92: 1767 | G92: =E92*F92 -> 61438.59 | I92: 11 | J92: 3000 | K92: =J92/I92 -> 272.72727 | L92: 11 | M92: =F92/V92*60 -> 2608.1181 | N92: =M92/L92 -> 237.10164 | O92: =L92-I92 -> 0 | P92: =N92-K92 -> -35.625629 | Q92: =N92/K92 -> 0.86937269 | S92: 0.42663194 | T92: 0.45486111 | U92: 6.35 | V92: 40.65 | W92: 0.45486111 | X92: 0.49523148 | AA92: =M92-J92 -> -391.88192 | AB92: =M92/J92 -> 0.86937269
B93: 4℃-飯糰 | C93: 大口蒜味香腸燒肉雙拼飯糰 | E93: 34.23 | F93: 1994 | G93: =E93*F93 -> 68254.62 | I93: 16 | J93: 3000 | K93: =J93/I93 -> 187.5 | L93: 16 | M93: =F93/V93*60 -> 2608.4302 | N93: =M93/L93 -> 163.02689 | O93: =L93-I93 -> 0 | P93: =N93-K93 -> -24.47311 | Q93: =N93/K93 -> 0.86947674 | S93: 0.49523148 | T93: 0.52708333 | U93: 58.133333 | V93: 45.866667 | AA93: =M93-J93 -> -391.56977 | AB93: =M93/J93 -> 0.86947674
B106: 平均 | I106: =AVERAGE(I90:I105) -> 12.5 | J106: =AVERAGE(J90:J105) -> 3136.5 | K106: =J106/I106 -> 250.92 | L106: =AVERAGE(L90:L105) -> 12.5 | M106: =AVERAGE(M90:M105) -> 2756.7255 | N106: =M106/L106 -> 220.53804 | O106: =L106-I106 -> 0 | P106: =N106-K106 -> -30.381963 | Q106: =N106/K106 -> 0.87891773 | S106: =S90 -> 0.16666667 | T106: =INDEX(T90:T105,COUNTA(T90:T105)) -> 0.52708333 | AA106: =M106-J106 -> -379.77453 | AB106: =M106/J106 -> 0.87891773
A107: 自動包裝機3 | B107: 4℃-飯糰 | C107: 肉燥烤飯糰 | E107: 20.11 | F107: 647 | G107: =E107*F107 -> 13011.17 | I107: 6 | J107: 3600 | K107: =J107/I107 -> 600 | L107: 6 | M107: =F107/V107*60 -> 3262.1849 | N107: =M107/L107 -> 543.69748 | O107: =L107-I107 -> 0 | P107: =N107-K107 -> -56.302521 | Q107: =N107/K107 -> 0.90616246 | R107: =Q123 -> 0.90616198 | S107: 0.25006944 | T107: 0.25833333 | V107: 11.9 | AA107: =M107-J107 -> -337.81513 | AB107: =M107/J107 -> 0.90616246 | AC107: =AB123 -> 0.90616198
B108: 4℃-飯糰 | C108: 淡麗清酒蒸蛤蜊烤飯糰 | E108: 24.73 | F108: 2242 | G108: =E108*F108 -> 55444.66 | I108: 6 | J108: 3600 | K108: =J108/I108 -> 600 | L108: 6 | M108: =F108/V108*60 -> 3262.4091 | N108: =M108/L108 -> 543.73484 | O108: =L108-I108 -> 0 | P108: =N108-K108 -> -56.265158 | Q108: =N108/K108 -> 0.90622474 | S108: 0.26180556 | T108: 0.29043981 | U108: 5 | V108: 41.233333 | AA108: =M108-J108 -> -337.59095 | AB108: =M108/J108 -> 0.90622474
B109: 4℃-飯糰 | C109: 糖燻野郎起司炙燒牛烤飯糰 | E109: 24.73 | F109: 1872 | G109: =E109*F109 -> 46294.56 | I109: 6 | J109: 3600 | K109: =J109/I109 -> 600 | L109: 6 | M109: =F109/V109*60 -> 3261.9555 | N109: =M109/L109 -> 543.65924 | O109: =L109-I109 -> 0 | P109: =N109-K109 -> -56.340755 | Q109: =N109/K109 -> 0.90609874 | S109: 0.29444444 | T109: 0.31835648 | U109: 5.7666667 | V109: 34.433333 | AA109: =M109-J109 -> -338.04453 | AB109: =M109/J109 -> 0.90609874
B123: 平均 | I123: =AVERAGE(I107:I122) -> 6 | J123: =AVERAGE(J107:J122) -> 3600 | K123: =J123/I123 -> 600 | L123: =AVERAGE(L107:L122) -> 6 | M123: =AVERAGE(M107:M122) -> 3262.1831 | N123: =M123/L123 -> 543.69719 | O123: =L123-I123 -> 0 | P123: =N123-K123 -> -56.302811 | Q123: =N123/K123 -> 0.90616198 | S123: =S107 -> 0.25006944 | T123: =INDEX(T107:T122,COUNTA(T107:T122)) -> 0.31835648 | AA123: =M123-J123 -> -337.81687 | AB123: =M123/J123 -> 0.90616198
A124: 涼麵一線 (二配) | B124: 微波主食 | C124: 二配鐵板蘑菇肉醬起司焗飯 | E124: 44.3 | F124: 1455 | G124: =E124*F124 -> 64456.5 | I124: 17 | J124: 2000 | K124: =J124/I124 -> 117.64706 | L124: 17 | M124: =F124/V124*60 -> 1764.2304 | N124: =M124/L124 -> 103.77826 | O124: =L124-I124 -> 0 | P124: =N124-K124 -> -13.868801 | Q124: =N124/K124 -> 0.88211519 | R124: =Q140 -> 0.88248237 | S124: 0.70833333 | T124: 0.74269676 | V124: 49.483333 | AA124: =M124-J124 -> -235.76962 | AB124: =M124/J124 -> 0.88211519 | AC124: =AB140 -> 0.88248237
B125: 微波主食 | C125: 二配乳酪燻腸紅醬焗飯 | E125: 50.67 | F125: 1357 | G125: =E125*F125 -> 68759.19 | I125: 20 | J125: 2000 | K125: =J125/I125 -> 100 | L125: 20 | M125: =F125/V125*60 -> 1764.8844 | N125: =M125/L125 -> 88.24422 | O125: =L125-I125 -> 0 | P125: =N125-K125 -> -11.75578 | Q125: =N125/K125 -> 0.8824422 | S125: 0.74652778 | T125: 0.77856481 | U125: 5.5166667 | V125: 46.133333 | AA125: =M125-J125 -> -235.11561 | AB125: =M125/J125 -> 0.8824422
B126: 微波主食 | C126: 二配西班牙風味海鮮燉飯 | E126: 57.3 | F126: 2580 | G126: =E126*F126 -> 147834 | I126: 21 | J126: 2000 | K126: =J126/I126 -> 95.238095 | L126: 21 | M126: =F126/V126*60 -> 1765.7795 | N126: =M126/L126 -> 84.084737 | O126: =L126-I126 -> 0 | P126: =N126-K126 -> -11.153359 | Q126: =N126/K126 -> 0.88288973 | S126: 0.78287037 | T126: 0.84375 | U126: 6.2 | V126: 87.666667 | AA126: =M126-J126 -> -234.22053 | AB126: =M126/J126 -> 0.88288973
B140: 平均 | I140: =AVERAGE(I124:I139) -> 19.333333 | J140: =AVERAGE(J124:J139) -> 2000 | K140: =J140/I140 -> 103.44828 | L140: =AVERAGE(L124:L139) -> 19.333333 | M140: =AVERAGE(M124:M139) -> 1764.9647 | N140: =M140/L140 -> 91.29128 | O140: =L140-I140 -> 0 | P140: =N140-K140 -> -12.156996 | Q140: =N140/K140 -> 0.88248237 | S140: =S124 -> 0.70833333 | T140: =INDEX(T124:T139,COUNTA(T124:T139)) -> 0.84375 | AA140: =M140-J140 -> -235.03525 | AB140: =M140/J140 -> 0.88248237
A141: 涼麵二線 (二配) | B141: 微波主食 | C141: 二配里肌豬排可可咖哩歐姆蛋飯 | E141: 56.79 | F141: 2203 | G141: =E141*F141 -> 125108.37 | I141: 23 | J141: 2000 | K141: =J141/I141 -> 86.956522 | L141: 23 | M141: =F141/V141*60 -> 1765.1458 | N141: =M141/L141 -> 76.745469 | O141: =L141-I141 -> 0 | P141: =N141-K141 -> -10.211053 | Q141: =N141/K141 -> 0.88257289 | R141: =Q157 -> 0.88309471 | S141: 0.70841435 | T141: 0.76041667 | V141: 74.883333 | AA141: =M141-J141 -> -234.85422 | AB141: =M141/J141 -> 0.88257289 | AC141: =AB157 -> 0.88309471
B142: 微波主食 | C142: 二配黃金雞排蘑菇白醬歐姆蛋飯 | E142: 56.87 | F142: 1740 | G142: =E142*F142 -> 98953.8 | I142: 23 | J142: 2000 | K142: =J142/I142 -> 86.956522 | L142: 23 | M142: =F142/V142*60 -> 1765.5017 | N142: =M142/L142 -> 76.760943 | O142: =L142-I142 -> 0 | P142: =N142-K142 -> -10.195579 | Q142: =N142/K142 -> 0.88275085 | S142: 0.76458333 | T142: 0.80564815 | U142: 6 | V142: 59.133333 | AA142: =M142-J142 -> -234.49831 | AB142: =M142/J142 -> 0.88275085
B143: 微波主食 | C143: 二配哞哞培根奶香海陸焗飯 | E143: 47.6 | F143: 2232 | G143: =E143*F143 -> 106243.2 | I143: 23 | J143: 2000 | K143: =J143/I143 -> 86.956522 | L143: 23 | M143: =F143/V143*60 -> 1767.9208 | N143: =M143/L143 -> 76.866121 | O143: =L143-I143 -> 0 | P143: =N143-K143 -> -10.0904 | Q143: =N143/K143 -> 0.8839604 | S143: 0.80989583 | T143: 0.8625 | U143: 6.1166667 | V143: 75.75 | AA143: =M143-J143 -> -232.07921 | AB143: =M143/J143 -> 0.8839604
B157: 平均 | I157: =AVERAGE(I141:I156) -> 23 | J157: =AVERAGE(J141:J156) -> 2000 | K157: =J157/I157 -> 86.956522 | L157: =AVERAGE(L141:L156) -> 23 | M157: =AVERAGE(M141:M156) -> 1766.1894 | N157: =M157/L157 -> 76.790844 | O157: =L157-I157 -> 0 | P157: =N157-K157 -> -10.165677 | Q157: =N157/K157 -> 0.88309471 | S157: =S141 -> 0.70841435 | T157: =INDEX(T141:T156,COUNTA(T141:T156)) -> 0.8625 | AA157: =M157-J157 -> -233.81058 | AB157: =M157/J157 -> 0.88309471
Y159: 原因回覆
Y160: 1.當日出勤人數較多
Y161: 2.當日出勤人數較少
Y162: 3.當日出勤熟手較多
Y163: 4.當日出勤新人較多
Y164: 5.機台夾盒
Y165: 6.封膜不順
Y166: 7.更換膠膜
Y167: 8.更換碳帶
Y168: 9.當日熱轉印碳帶異常
Y169: 10.訂單量過少
Y170: 11.新品上市，尚未熟悉
Y171: 12.活動期間品項需貼標

Sheet 1028
B1: 屏榮 大溪廠組合室生產人時性分析
B3: 日期 | C3: 114.10.28星期二 | E3: 訂單量 | F3: ='1028(18度C)'!D1+'1028(4度C)'!D1 -> 261326 | H3: 營業額 | I3: ='1028(18度C)'!F1+'1028(4度C)'!F1 -> 8366217.2
B4: 人時性 | C4: 項目 | E4: ➀ | G4: ➁ | I4: ➂ | K4: ④ | M4: ⑤
C5: 組合室 | E5: 全溫層 | G5: 4度C-各編組展開(一配) | I5: 4度C-各編組展開(二配) | K5: 18度C-各編組展開(一配) | M5: 18度C-各編組展開(二配)
C6: 排關平均 | E6: =AVERAGE(D13:O13,D27:X27) -> 460.2932 | F6: =AVERAGE(#REF!,D13:K13) -> #REF! | G6: =AVERAGE(D13:K13) -> 195.17381 | I6: =AVERAGE(L13:O13) -> 95.202399 | K6: =AVERAGE(D27:O27) -> 597.79868 | M6: =AVERAGE(P27:X27) -> 784.98901
C7: 實績平均 | E7: =AVERAGE(D14:O14,D28:X28) -> 404.55868 | F7: =AVERAGE(#REF!,D14:K14) -> #REF! | G7: =AVERAGE(D14:K14) -> 173.86781 | I7: =AVERAGE(L14:O14) -> 84.025557 | K7: =AVERAGE(D28:O28) -> 524.2929 | M7: =AVERAGE(P28:X28) -> 688.11122
C8: 達成率平均 | E8: =AVERAGE(D15:O15,D29:X29) -> 0.87821424 | F8: =AVERAGE(D15:K15,#REF!) -> #REF! | G8: =AVERAGE(D15:K15) -> 0.88258296 | I8: =AVERAGE(L15:O15) -> 0.88263437 | K8: =AVERAGE(D29:O29) -> 0.87490049 | M8: =AVERAGE(P29:X29) -> 0.87496923 | O8: ※現行日本鮮食廠以達成率80%為基本(即為現行KPI)
B10: 溫層 | D10: ➁4度C-各編組展開 | L10: ➂4度C-各編組展開
B11: 編組 | D11: 1 | E11: 2 | F11: 3 | G11: 4 | H11: 5 | I11: 6 | J11: 7 | K11: 8 | L11: 1 | M11: 2 | N11: 3 | O11: 4
D12: 便當一線 | E12: 便當二線 | F12: 涼麵一線 | G12: 涼麵二線 | H12: 涼麵三線 | I12: 自動包裝機 | J12: 自動包裝機2 | K12: 自動包裝機3 | L12: 便當一線 | M12: 便當二線 | N12: 涼麵一線 | O12: 涼麵二線
B13: 人時性 | C13: 排關 | D13: 115.15152 | E13: 79.365079 | F13: 83.823529 | G13: 86.956522 | H13: 150 | I13: 250.92 | J13: - | K13: 600 | L13: - | M13: - | N13: 103.44828 | O13: 86.956522
C14: 實績 | D14: 102.41755 | E14: 70.223327 | F14: 72.007247 | G14: 76.754274 | H14: 131.60842 | I14: 220.52066 | J14: - | K14: 543.54318 | L14: - | M14: - | N14: 91.264944 | O14: 76.786169
C15: 達成率 | D15: =D14/D13 -> 0.88941557 | E15: =E14/E13 -> 0.88481392 | F15: =F14/F13 -> 0.85903382 | G15: =G14/G13 -> 0.88267415 | H15: =H14/H13 -> 0.87738947 | I15: =I14/I13 -> 0.87884846 | J15: - | K15: =K14/K13 -> 0.9059053 | L15: - | M15: - | N15: =N14/N13 -> 0.88222779 | O15: =O14/O13 -> 0.88304094
B16: 作業 時間 | C16: 開始 | D16: 0.25 | E16: 0.16677083 | F16: 0.16699074 | G16: 0.16677083 | H16: 0.25021991 | I16: 0.16666667 | J16: - | K16: 0.25 | L16: - | M16: - | N16: 0.70833333 | O16: 0.70855324
C17: 結束 | D17: 0.55721065 | E17: 0.57847222 | F17: 0.74861111 | G17: 0.65769676 | H17: 0.59953704 | I17: 0.55 | J17: - | K17: 0.31813657 | L17: - | M17: - | N17: 0.85792824 | O17: 0.87741898
B18: 配置人數 | D18: 16.5 | E18: 25.2 | F18: 22.666667 | G18: 23 | H18: 20.571429 | I18: 12.5 | J18: - | K18: 6 | L18: - | M18: - | N18: 19.333333 | O18: 23
B19: 主要應用設備 | D19: L型封口機 | E19: ET-55 | F19: ET-55 | G19: ET-55 | H19: ET-600 | I19: 伺服包裝機 | J19: 伺服包裝機 | K19: 伺服包裝機 | L19: L型封口機 | M19: ET-55 | N19: ET-55 | O19: ET-55
B20: 次要應用設備 | D20: 伺服包裝機 | H20: 伺服包裝機
B21: 備註 | H21: 涼麵+烤飯糰 | I21: 大口飯糰線 | K21: 烤飯糰+手卷
B24: 溫層 | D24: ➃18度C-各編組展開 (一配) | P24: ⑤18度C-各編組展開 (二配)
B25: 編組 | D25: 1 | E25: 2 | F25: 3 | G25: 4 | H25: 5 | I25: 6 | J25: 7 | K25: 8 | L25: 9 | M25: 10 | N25: 11 | O25: 12 | P25: 1 | Q25: 2 | R25: 3 | S25: 4 | T25: 5 | U25: 6 | V25: 7 | W25: 8 | X25: 9
D26: 便當一線 | E26: 涼麵一線 | F26: 涼麵三線 | G26: 自動包裝機 | H26: 自動包裝機2 | I26: 自動包裝機3 | J26: 味付飯糰線B | K26: (舊) 3300型飯糰線 | L26: 3000型飯糰線 | M26: (新) 3300型飯糰機 | N26: GKK3600型 飯糰機 | O26: GKK3600型 飯糰機2 | P26: 自動包裝機 | Q26: 自動包裝機2 | R26: 自動包裝機3 | S26: 味付飯糰線B | T26: (舊) 3300型飯糰線 | U26: 3000型飯糰線 | V26: (新) 3300型飯糰機 | W26: GKK3600型 飯糰機 | X26: GKK3600型 飯糰機2
B27: 人時性 | C27: 排關 | D27: 211.76471 | E27: - | F27: - | G27: 313.04348 | H27: 433.33333 | I27: 416.66667 | J27: - | K27: - | L27: - | M27: 825 | N27: 1150 | O27: 834.78261 | P27: 285.71429 | Q27: - | R27: - | S27: - | T27: 795 | U27: - | V27: 825 | W27: 969.23077 | X27: 1050
C28: 實績 | D28: 182.94837 | E28: - | F28: - | G28: 265.7762 | H28: 383.25105 | I28: 369.49179 | J28: - | K28: - | L28: - | M28: 733.43369 | N28: 997.12424 | O28: 738.025 | P28: 246.18813 | Q28: - | R28: - | S28: - | T28: 696.04017 | U28: - | V28: 733.37029 | W28: 854.52992 | X28: 910.42761
C29: 達成率 | D29: =D28/D27 -> 0.86392284 | E29: - | F29: - | G29: =G28/G27 -> 0.84900729 | H29: =H28/H27 -> 0.88442549 | I29: =I28/I27 -> 0.8867803 | J29: - | K29: - | L29: - | M29: =M28/M27 -> 0.88901053 | N29: =N28/N27 -> 0.86706455 | O29: =O28/O27 -> 0.88409245 | P29: =P28/P27 -> 0.86165847 | Q29: - | R29: - | S29: - | T29: =T28/T27 -> 0.87552222 | U29: - | V29: =V28/V27 -> 0.88893369 | W29: =W28/W27 -> 0.88165785 | X29: =X28/X27 -> 0.86707392
B30: 作業 時間 | C30: 開始 | D30: 0.39166667 | E30: - | F30: - | G30: 0.33631944 | H30: 0.25 | I30: 0.32222222 | J30: - | K30: - | L30: - | M30: 0.16666667 | N30: 0.16666667 | O30: 0.16685185 | P30: 0.70833333 | Q30: - | R30: - | S30: - | T30: 0.7084838 | U30: - | V30: 0.70833333 | W30: 0.70835648 | X30: 0.7084838
C31: 結束 | D31: 0.46388889 | E31: - | F31: - | G31: 0.43850694 | H31: 0.3937963 | I31: 0.44809028 | J31: - | K31: - | L31: - | M31: 0.44684028 | N31: 0.44333333 | O31: 0.40640046 | P31: 0.89236111 | Q31: - | R31: - | S31: - | T31: 0.96900463 | U31: - | V31: 0.96836806 | W31: 1.0395833 | X31: 1.0402778
B32: 配置人數 | D32: 17 | E32: - | F32: - | G32: 11.5 | H32: 6 | I32: 6 | J32: - | K32: - | L32: - | M32: 4 | N32: 3 | O32: 3.8333333 | P32: 12.6 | Q32: - | R32: - | S32: - | T32: 4 | U32: - | V32: 4 | W32: 3.25 | X32: 3.3333333
B33: 主要應用設備 | D33: 伺服包裝機 | E33: ET-55 | F33: ET-600 | G33: 夾心型 | H33: 伺服包裝機 | I33: 伺服包裝機 | J33: 夾心型 | K33: 3300型 | L33: 3300型 | M33: 3300型 | N33: GKK | O33: GKK | P33: 夾心型 | Q33: 伺服包裝機 | R33: 伺服包裝機 | S33: 夾心型 | T33: 3300型 | U33: 3300型 | V33: 3300型 | W33: GKK | X33: GKK
B34: 次要應用設備
B35: 備註

Sheet 1028(18度C)
A1: 大溪廠日報分析 | C1: 總生產量 | D1: =SUM(F5:F208) -> 149432 | E1: 營業額 | F1: =SUM(G5:G208) -> 2984851 | G1: 出勤人數 | H1: =L21+L38+L55+L72+L89+L106+L123+L140+L157+L174+L191+L208 -> 78.516667 | I1: 產線配置圖 | L1: 生產實績 | O1: 人時性差異分析 | S1: 日報登錄 | Y1: 分析說明 | AA1: 產能差異分析
A2: 45958 | C2: 人時性 | D2: =AVERAGE(N21,N38,N55,N72,N89,N106,N123,N140,N157,N174,N191,N208) -> 592.55054 | E2: 平均廠價 | F2: =F1/D1 -> 19.974644 | G2: 多次生產數 | H2: =COUNT(H5:H208) -> 5
A3: 線別 | B3: 品類 | C3: 品名 | E3: 廠價 | F3: 生產量 | G3: 營收 | H3: 多次 生產 | I3: 人數 | J3: 產能/時 | K3: 人時性 | L3: 人數 | M3: 產能/時 | N3: 人時性 | O3: 人數 | P3: 人時性 | Q3: 達成率 | R3: 達成率 平均 | S3: 生產時間 | U3: 換線、休息/分 | V3: 稼動時間/分 | W3: 休息時間 | Y3: (屏榮回填) | AA3: 產能/時 | AB3: 達成率 | AC3: 達成率平均
S4: 開始 | T4: 結束 | W4: 開始 | X4: 結束
A5: 便當一線 | B5: 18℃-壽司手卷 | C5: 一配海饌雙手卷 | E5: 29.85 | F5: 2564 | G5: =E5*F5 -> 76535.4 | I5: 17 | J5: 3600 | K5: =J5/I5 -> 211.76471 | L5: 17 | M5: =F5/V5*60 -> 3109.973 | N5: =M5/L5 -> 182.93959 | O5: =L5-I5 -> 0 | P5: =N5-K5 -> -28.825115 | Q5: =N5/K5 -> 0.8638814 | R5: =Q21 -> 0.86392284 | S5: 0.39166667 | T5: 0.42601852 | U5: 5.5166667 | V5: 49.466667 | AA5: =M5-J5 -> -490.02695 | AB5: =M5/J5 -> 0.8638814 | AC5: =AB21 -> 0.86392284
B6: 18℃-壽司手卷 | C6: 一配雙饗雙手卷 | E6: 29.52 | F6: 2515 | G6: =E6*F6 -> 74242.8 | I6: 17 | J6: 3600 | K6: =J6/I6 -> 211.76471 | L6: 17 | M6: =F6/V6*60 -> 3110.2714 | N6: =M6/L6 -> 182.95714 | O6: =L6-I6 -> 0 | P6: =N6-K6 -> -28.807566 | Q6: =N6/K6 -> 0.86396427 | S6: 0.43019676 | T6: 0.46388889 | U6: 6.0166667 | V6: 48.516667 | W6: 0.46388889 | X6: 0.50486111 | AA6: =M6-J6 -> -489.72862 | AB6: =M6/J6 -> 0.86396427
B21: 平均 | I21: =AVERAGE(I5:I20) -> 17 | J21: =AVERAGE(J5:J20) -> 3600 | K21: =J21/I21 -> 211.76471 | L21: =AVERAGE(L5:L20) -> 17 | M21: =AVERAGE(M5:M20) -> 3110.1222 | N21: =M21/L21 -> 182.94837 | O21: =L21-I21 -> 0 | P21: =N21-K21 -> -28.81634 | Q21: =N21/K21 -> 0.86392284 | S21: =S5 -> 0.39166667 | T21: =INDEX(T5:T20,COUNTA(T5:T20)) -> 0.46388889 | AA21: =M21-J21 -> -489.87778 | AB21: =M21/J21 -> 0.86392284
A22: 自動包裝機 | B22: 18℃-壽司手卷 | C22: 一配長野稻荷壽司 | E22: 25.64 | F22: 1604 | G22: =E22*F22 -> 41126.56 | I22: 11 | J22: 3600 | K22: =J22/I22 -> 327.27273 | L22: 11 | M22: =F22/V22*60 -> 3134.8534 | N22: =M22/L22 -> 284.98667 | O22: =L22-I22 -> 0 | P22: =N22-K22 -> -42.286053 | Q22: =N22/K22 -> 0.87079262 | R22: =Q38 -> 0.84900729 | S22: 0.33631944 | T22: 0.35763889 | U22: 4.8833333 | V22: 30.7 | AA22: =M22-J22 -> -465.14658 | AB22: =M22/J22 -> 0.87079262 | AC22: =AB38 -> 0.84900729
B23: 18℃-飯糰 | C23: 一配兩粒飯糰(鮪魚.焦糖鮭魚) | E23: 27.14 | F23: 5482 | G23: =E23*F23 -> 148781.48 | I23: 12 | J23: 3600 | K23: =J23/I23 -> 300 | L23: 12 | M23: =F23/V23*60 -> 2977.9991 | N23: =M23/L23 -> 248.16659 | O23: =L23-I23 -> 0 | P23: =N23-K23 -> -51.833409 | Q23: =N23/K23 -> 0.82722197 | S23: 0.36180556 | T23: 0.43850694 | U23: 6 | V23: 110.45 | W23: 0.43850694 | X23: 0.47918981 | AA23: =M23-J23 -> -622.00091 | AB23: =M23/J23 -> 0.82722197
B38: 平均 | I38: =AVERAGE(I22:I37) -> 11.5 | J38: =AVERAGE(J22:J37) -> 3600 | K38: =J38/I38 -> 313.04348 | L38: =AVERAGE(L22:L37) -> 11.5 | M38: =AVERAGE(M22:M37) -> 3056.4263 | N38: =M38/L38 -> 265.7762 | O38: =L38-I38 -> 0 | P38: =N38-K38 -> -47.267282 | Q38: =N38/K38 -> 0.84900729 | S38: =S22 -> 0.33631944 | T38: =INDEX(T22:T37,COUNTA(T22:T37)) -> 0.43850694 | AA38: =M38-J38 -> -543.57374 | AB38: =M38/J38 -> 0.84900729
A39: 自動包裝機2 | B39: 18℃-壽司手卷 | C39: 一配雙鬆細卷 | E39: 14.03 | F39: 3303 | G39: =E39*F39 -> 46341.09 | I39: 6 | J39: 2600 | K39: =J39/I39 -> 433.33333 | L39: 6 | M39: =F39/V39*60 -> 2299.5165 | N39: =M39/L39 -> 383.25276 | O39: =L39-I39 -> 0 | P39: =N39-K39 -> -50.080578 | Q39: =N39/K39 -> 0.88442944 | R39: =Q55 -> 0.88442549 | S39: 0.25 | T39: 0.30984954 | V39: 86.183333 | AA39: =M39-J39 -> -300.48347 | AB39: =M39/J39 -> 0.88442944 | AC39: =AB55 -> 0.88442549
B40: 18℃-壽司手卷 | C40: 一配香濃起司蟹風味棒細卷 | E40: 17.73 | F40: 1770 | G40: =E40*F40 -> 31382.1 | I40: 6 | J40: 2600 | K40: =J40/I40 -> 433.33333 | L40: 6 | M40: =F40/V40*60 -> 2299.5309 | N40: =M40/L40 -> 383.25514 | O40: =L40-I40 -> 0 | P40: =N40-K40 -> -50.078191 | Q40: =N40/K40 -> 0.88443494 | S40: 0.31388889 | T40: 0.34596065 | U40: 5.8166667 | V40: 46.183333 | AA40: =M40-J40 -> -300.46914 | AB40: =M40/J40 -> 0.88443494
B41: 18℃-壽司手卷 | C41: 一配經典鮪魚沙拉細卷 | E41: 14.49 | F41: 2417 | G41: =E41*F41 -> 35022.33 | I41: 6 | J41: 2600 | K41: =J41/I41 -> 433.33333 | L41: 6 | M41: =F41/V41*60 -> 2299.4715 | N41: =M41/L41 -> 383.24524 | O41: =L41-I41 -> 0 | P41: =N41-K41 -> -50.08809 | Q41: =N41/K41 -> 0.8844121 | S41: 0.35 | T41: 0.3937963 | U41: 5.8166667 | V41: 63.066667 | AA41: =M41-J41 -> -300.52854 | AB41: =M41/J41 -> 0.8844121
B55: 平均 | I55: =AVERAGE(I39:I54) -> 6 | J55: =AVERAGE(J39:J54) -> 2600 | K55: =J55/I55 -> 433.33333 | L55: =AVERAGE(L39:L54) -> 6 | M55: =AVERAGE(M39:M54) -> 2299.5063 | N55: =M55/L55 -> 383.25105 | O55: =L55-I55 -> 0 | P55: =N55-K55 -> -50.082286 | Q55: =N55/K55 -> 0.88442549 | S55: =S39 -> 0.25 | T55: =INDEX(T39:T54,COUNTA(T39:T54)) -> 0.3937963 | AA55: =M55-J55 -> -300.49372 | AB55: =M55/J55 -> 0.88442549
A56: 自動包裝機3 | B56: 18℃-壽司手卷 | C56: 一配滿滿海鮮沙拉脆卷 | E56: 19.39 | F56: 2924 | G56: =E56*F56 -> 56696.36 | I56: 6 | J56: 2500 | K56: =J56/I56 -> 416.66667 | L56: 6 | M56: =F56/V56*60 -> 2216.5509 | N56: =M56/L56 -> 369.42514 | O56: =L56-I56 -> 0 | P56: =N56-K56 -> -47.241525 | Q56: =N56/K56 -> 0.88662034 | R56: =Q72 -> 0.8867803 | S56: 0.32222222 | T56: 0.3771875 | U56: 5.8833333 | V56: 79.15 | AA56: =M56-J56 -> -283.44915 | AB56: =M56/J56 -> 0.88662034 | AC56: =AB72 -> 0.8867803
B57: 18℃-壽司手卷 | C57: 一配明太子玉子脆卷 | E57: 19.7 | F57: 3557 | G57: =E57*F57 -> 70072.9 | I57: 6 | J57: 2500 | K57: =J57/I57 -> 416.66667 | L57: 6 | M57: =F57/V57*60 -> 2217.3506 | N57: =M57/L57 -> 369.55844 | O57: =L57-I57 -> 0 | P57: =N57-K57 -> -47.108225 | Q57: =N57/K57 -> 0.88694026 | S57: 0.38125 | T57: 0.44809028 | U57: 5.85 | V57: 96.25 | AA57: =M57-J57 -> -282.64935 | AB57: =M57/J57 -> 0.88694026
B72: 平均 | I72: =AVERAGE(I56:I71) -> 6 | J72: =AVERAGE(J56:J71) -> 2500 | K72: =J72/I72 -> 416.66667 | L72: =AVERAGE(L56:L71) -> 6 | M72: =AVERAGE(M56:M71) -> 2216.9508 | N72: =M72/L72 -> 369.49179 | O72: =L72-I72 -> 0 | P72: =N72-K72 -> -47.174875 | Q72: =N72/K72 -> 0.8867803 | S72: =S56 -> 0.32222222 | T72: =INDEX(T56:T71,COUNTA(T56:T71)) -> 0.44809028 | AA72: =M72-J72 -> -283.04925 | AB72: =M72/J72 -> 0.8867803
A73: (新) 3300型飯糰機 | B73: 18℃-飯糰 | C73: 一配照燒雞肉飯糰 | E73: 21.45 | F73: 3156 | G73: =E73*F73 -> 67696.2 | I73: 4 | J73: 3300 | K73: =J73/I73 -> 825 | L73: 4 | M73: =F73/V73*60 -> 2939.6119 | N73: =M73/L73 -> 734.90298 | O73: =L73-I73 -> 0 | P73: =N73-K73 -> -90.097025 | Q73: =N73/K73 -> 0.89079149 | R73: =Q89 -> 0.88901053 | S73: 0.16666667 | T73: 0.21140046 | V73: 64.416667 | AA73: =M73-J73 -> -360.3881 | AB73: =M73/J73 -> 0.89079149 | AC73: =AB89 -> 0.88901053
B74: 18℃-飯糰 | C74: 一配鹽蔥燒肉飯糰 | E74: 17.89 | F74: 3388 | G74: =E74*F74 -> 60611.32 | I74: 4 | J74: 3300 | K74: =J74/I74 -> 825 | L74: 4 | M74: =F74/V74*60 -> 2936.1579 | N74: =M74/L74 -> 734.03948 | O74: =L74-I74 -> 0 | P74: =N74-K74 -> -90.96052 | Q74: =N74/K74 -> 0.88974482 | S74: 0.21597222 | T74: 0.26405093 | U74: 6.5833333 | V74: 69.233333 | AA74: =M74-J74 -> -363.84208 | AB74: =M74/J74 -> 0.88974482
B75: 18℃-飯糰 | C75: 一配壹號醬炙烤牛飯糰 | E75: 22.28 | F75: 1395 | G75: =E75*F75 -> 31080.6 | I75: 5 | J75: 3300 | K75: =J75/I75 -> 660 | L75: 5 | M75: =F75/V75*60 -> 2931.6988 | N75: =M75/L75 -> 586.33975 | O75: =L75-I75 -> 0 | P75: =N75-K75 -> -73.660245 | Q75: =N75/K75 -> 0.88839357 | S75: 0.26836806 | T75: 0.28819444 | U75: 6.2166667 | V75: 28.55 | AA75: =M75-J75 -> -368.30123 | AB75: =M75/J75 -> 0.88839357
B76: 18℃-飯糰 | C76: 一配椒鹽檸檬鯖魚飯糰 | E76: 21.45 | F76: 5076 | G76: =E76*F76 -> 108880.2 | I76: 3 | J76: 3300 | K76: =J76/I76 -> 1100 | L76: 3 | M76: =F76/V76*60 -> 2931.2801 | N76: =M76/L76 -> 977.09336 | O76: =L76-I76 -> 0 | P76: =N76-K76 -> -122.90664 | Q76: =N76/K76 -> 0.88826669 | S76: 0.29173611 | T76: 0.36388889 | U76: 5.1 | V76: 103.9 | AA76: =M76-J76 -> -368.71992 | AB76: =M76/J76 -> 0.88826669
B77: 18℃-飯糰 | C77: 一配雞肉飯飯糰 | E77: 16.66 | F77: 5540 | G77: =E77*F77 -> 92296.4 | I77: 4 | J77: 3300 | K77: =J77/I77 -> 825 | L77: 4 | M77: =F77/V77*60 -> 2929.9251 | N77: =M77/L77 -> 732.48127 | O77: =L77-I77 -> 0 | P77: =N77-K77 -> -92.518731 | Q77: =N77/K77 -> 0.88785608 | S77: 0.36805556 | T77: 0.44684028 | U77: 6 | V77: 113.45 | AA77: =M77-J77 -> -370.07492 | AB77: =M77/J77 -> 0.88785608
B89: 平均 | I89: =AVERAGE(I73:I88) -> 4 | J89: =AVERAGE(J73:J88) -> 3300 | K89: =J89/I89 -> 825 | L89: =AVERAGE(L73:L88) -> 4 | M89: =AVERAGE(M73:M88) -> 2933.7347 | N89: =M89/L89 -> 733.43369 | O89: =L89-I89 -> 0 | P89: =N89-K89 -> -91.566313 | Q89: =N89/K89 -> 0.88901053 | S89: =S73 -> 0.16666667 | T89: =INDEX(T73:T88,COUNTA(T73:T88)) -> 0.44684028 | AA89: =M89-J89 -> -366.26525 | AB89: =M89/J89 -> 0.88901053
A90: GKK3600型 飯糰機 | B90: 18℃-飯糰 | C90: 一配蔬食鮪魚飯糰 | E90: 18.18 | F90: 1822 | G90: =E90*F90 -> 33123.96 | I90: 3 | J90: 3600 | K90: =J90/I90 -> 1200 | L90: 3 | M90: =F90/V90*60 -> 3098.3467 | N90: =M90/L90 -> 1032.7822 | O90: =L90-I90 -> 0 | P90: =N90-K90 -> -167.21776 | Q90: =N90/K90 -> 0.86065187 | R90: =Q106 -> 0.86706455 | S90: 0.16666667 | T90: 0.19116898 | V90: 35.283333 | AA90: =M90-J90 -> -501.65328 | AB90: =M90/J90 -> 0.86065187 | AC90: =AB106 -> 0.86706455
B91: 18℃-飯糰 | C91: 一配明太子龍蝦風味沙拉飯糰 | E91: 18.18 | F91: 2674 | G91: =E91*F91 -> 48613.32 | I91: 3 | J91: 3600 | K91: =J91/I91 -> 1200 | L91: 3 | M91: =F91/V91*60 -> 3099.2917 | N91: =M91/L91 -> 1033.0972 | O91: =L91-I91 -> 0 | P91: =N91-K91 -> -166.90277 | Q91: =N91/K91 -> 0.86091436 | S91: 0.20155093 | T91: 0.2375 | U91: 14.95 | V91: 51.766667 | AA91: =M91-J91 -> -500.70831 | AB91: =M91/J91 -> 0.86091436
B92: 18℃-飯糰 | C92: 一配鮪魚飯糰 | E92: 14.28 | F92: 6935 | G92: =E92*F92 -> 99031.8 | I92: 3 | J92: 3600 | K92: =J92/I92 -> 1200 | L92: 3 | M92: =F92/V92*60 -> 3100.9812 | N92: =M92/L92 -> 1033.6604 | O92: =L92-I92 -> 0 | P92: =N92-K92 -> -166.33959 | Q92: =N92/K92 -> 0.86138368 | S92: 0.24861111 | T92: 0.34179398 | U92: 16 | V92: 134.18333 | AA92: =M92-J92 -> -499.01876 | AB92: =M92/J92 -> 0.86138368
B93: 18℃-飯糰 | C93: 一配經典肉鬆飯糰 | E93: 14.03 | F93: 5796 | G93: =E93*F93 -> 81317.88 | I93: 3 | J93: 3000 | K93: =J93/I93 -> 1000 | L93: 3 | M93: =F93/V93*60 -> 2666.8712 | N93: =M93/L93 -> 888.95706 | O93: =L93-I93 -> 0 | P93: =N93-K93 -> -111.04294 | Q93: =N93/K93 -> 0.88895706 | S93: 0.35277778 | T93: 0.44333333 | U93: 15.816667 | V93: 130.4 | AA93: =M93-J93 -> -333.12883 | AB93: =M93/J93 -> 0.88895706
B106: 平均 | I106: =AVERAGE(I90:I105) -> 3 | J106: =AVERAGE(J90:J105) -> 3450 | K106: =J106/I106 -> 1150 | L106: =AVERAGE(L90:L105) -> 3 | M106: =AVERAGE(M90:M105) -> 2991.3727 | N106: =M106/L106 -> 997.12424 | O106: =L106-I106 -> 0 | P106: =N106-K106 -> -152.87576 | Q106: =N106/K106 -> 0.86706455 | S106: =S90 -> 0.16666667 | T106: =INDEX(T90:T105,COUNTA(T90:T105)) -> 0.44333333 | AA106: =M106-J106 -> -458.62729 | AB106: =M106/J106 -> 0.86706455
A107: GKK3600型 飯糰機2 | B107: 18℃-飯糰 | C107: 一配熟成紅鮭飯糰 | E107: 25.03 | F107: 2020 | G107: =E107*F107 -> 50560.6 | I107: 4 | J107: 3300 | K107: =J107/I107 -> 825 | L107: 4 | M107: =F107/V107*60 -> 2904.1534 | N107: =M107/L107 -> 726.03834 | O107: =L107-I107 -> 0 | P107: =N107-K107 -> -98.961661 | Q107: =N107/K107 -> 0.88004647 | R107: =Q123 -> 0.88409245 | S107: 0.16685185 | T107: 0.19583333 | V107: 41.733333 | AA107: =M107-J107 -> -395.84665 | AB107: =M107/J107 -> 0.88004647 | AC107: =AB123 -> 0.88409245
B108: 18℃-飯糰 | C108: 一配博多明太子奶油飯糰 | E108: 25.45 | F108: 1609 | G108: =E108*F108 -> 40949.05 | I108: 4 | J108: 3300 | K108: =J108/I108 -> 825 | L108: 4 | M108: =F108/V108*60 -> 2903.4586 | N108: =M108/L108 -> 725.86466 | O108: =L108-I108 -> 0 | P108: =N108-K108 -> -99.135338 | Q108: =N108/K108 -> 0.87983595 | S108: 0.20694444 | T108: 0.23003472 | U108: 16 | V108: 33.25 | AA108: =M108-J108 -> -396.54135 | AB108: =M108/J108 -> 0.87983595
B109: 18℃-飯糰 | C109: 一配照燒鰤魚大根飯糰 | E109: 26.73 | F109: 465 | G109: =E109*F109 -> 12429.45 | I109: 4 | J109: 3300 | K109: =J109/I109 -> 825 | L109: 4 | M109: =F109/V109*60 -> 2906.25 | N109: =M109/L109 -> 726.5625 | O109: =L109-I109 -> 0 | P109: =N109-K109 -> -98.4375 | Q109: =N109/K109 -> 0.88068182 | S109: 0.24125 | T109: 0.24791667 | U109: 16.15 | V109: 9.6 | AA109: =M109-J109 -> -393.75 | AB109: =M109/J109 -> 0.88068182
B110: 18℃-飯糰 | C110: 一配筋子銀鮭飯糰 | E110: 30 | F110: 2380 | G110: =E110*F110 -> 71400 | I110: 4 | J110: 3000 | K110: =J110/I110 -> 750 | L110: 4 | M110: =F110/V110*60 -> 2679.1745 | N110: =M110/L110 -> 669.79362 | O110: =L110-I110 -> 0 | P110: =N110-K110 -> -80.206379 | Q110: =N110/K110 -> 0.89305816 | S110: 0.26041667 | T110: 0.29743056 | U110: 18 | V110: 53.3 | AA110: =M110-J110 -> -320.82552 | AB110: =M110/J110 -> 0.89305816
B111: 18℃-飯糰 | C111: 一配北海道秋鮭親子飯糰 | E111: 24.82 | F111: 2117 | G111: =E111*F111 -> 52543.94 | I111: 4 | J111: 3300 | K111: =J111/I111 -> 825 | L111: 4 | M111: =F111/V111*60 -> 2903.3143 | N111: =M111/L111 -> 725.82857 | O111: =L111-I111 -> 0 | P111: =N111-K111 -> -99.171429 | Q111: =N111/K111 -> 0.87979221 | S111: 0.30920139 | T111: 0.33958333 | U111: 16.95 | V111: 43.75 | AA111: =M111-J111 -> -396.68571 | AB111: =M111/J111 -> 0.87979221
B112: 18℃-飯糰 | C112: 一配贅沢鮭魚肚飯糰 | E112: 30 | F112: 3536 | G112: =E112*F112 -> 106080 | I112: 3 | J112: 3000 | K112: =J112/I112 -> 1000 | L112: 3 | M112: =F112/V112*60 -> 2678.2243 | N112: =M112/L112 -> 892.74143 | O112: =L112-I112 -> 0 | P112: =N112-K112 -> -107.25857 | Q112: =N112/K112 -> 0.89274143 | S112: 0.35138889 | T112: 0.40640046 | U112: 17 | V112: 79.216667 | AA112: =M112-J112 -> -321.77572 | AB112: =M112/J112 -> 0.89274143
B123: 平均 | I123: =AVERAGE(I107:I122) -> 3.8333333 | J123: =AVERAGE(J107:J122) -> 3200 | K123: =J123/I123 -> 834.78261 | L123: =AVERAGE(L107:L122) -> 3.8333333 | M123: =AVERAGE(M107:M122) -> 2829.0958 | N123: =M123/L123 -> 738.025 | O123: =L123-I123 -> 0 | P123: =N123-K123 -> -96.757607 | Q123: =N123/K123 -> 0.88409245 | S123: =S107 -> 0.16685185 | T123: =INDEX(T107:T122,COUNTA(T107:T122)) -> 0.40640046 | AA123: =M123-J123 -> -370.90416 | AB123: =M123/J123 -> 0.88409245
A124: 自動包裝機 (二配) | B124: 18℃-飯糰 | C124: 二配兔兔昆布飯糰 | E124: 13.42 | F124: 381 | G124: =E124*F124 -> 5113.02 | I124: 6 | J124: 3600 | K124: =J124/I124 -> 600 | L124: 6 | M124: =F124/V124*60 -> 3175 | N124: =M124/L124 -> 529.16667 | O124: =L124-I124 -> 0 | P124: =N124-K124 -> -70.833333 | Q124: =N124/K124 -> 0.88194444 | R124: =Q140 -> 0.86165847 | S124: 0.70833333 | T124: 0.71333333 | V124: 7.2 | AA124: =M124-J124 -> -425 | AB124: =M124/J124 -> 0.88194444 | AC124: =AB140 -> 0.86165847
B125: 18℃-壽司手卷 | C125: 二配長野稻荷壽司 | E125: 25.64 | F125: 2017 | G125: =E125*F125 -> 51715.88 | I125: 11 | J125: 3600 | K125: =J125/I125 -> 327.27273 | L125: 11 | M125: =F125/V125*60 -> 3135.2332 | N125: =M125/L125 -> 285.0212 | O125: =L125-I125 -> 0 | P125: =N125-K125 -> -42.251531 | Q125: =N125/K125 -> 0.8708981 | S125: 0.71763889 | T125: 0.74444444 | U125: 6.2 | V125: 38.6 | AA125: =M125-J125 -> -464.76684 | AB125: =M125/J125 -> 0.8708981
B126: 18℃-壽司手卷 | C126: 二配雙饗雙手卷 | E126: 29.52 | F126: 2525 | G126: =E126*F126 -> 74538 | I126: 17 | J126: 3600 | K126: =J126/I126 -> 211.76471 | L126: 17 | M126: =F126/V126*60 -> 3108.7551 | N126: =M126/L126 -> 182.86795 | O126: =L126-I126 -> 0 | P126: =N126-K126 -> -28.896757 | Q126: =N126/K126 -> 0.86354309 | S126: 0.74810185 | T126: 0.78194444 | U126: 5.2666667 | V126: 48.733333 | AA126: =M126-J126 -> -491.24487 | AB126: =M126/J126 -> 0.86354309
B127: 18℃-壽司手卷 | C127: 二配海饌雙手卷 | E127: 29.85 | F127: 2549 | G127: =E127*F127 -> 76087.65 | I127: 17 | J127: 3600 | K127: =J127/I127 -> 211.76471 | L127: 17 | M127: =F127/V127*60 -> 3111.6989 | N127: =M127/L127 -> 183.04111 | O127: =L127-I127 -> 0 | P127: =N127-K127 -> -28.723595 | Q127: =N127/K127 -> 0.8643608 | S127: 0.78541667 | T127: 0.81954861 | U127: 5 | V127: 49.15 | AA127: =M127-J127 -> -488.30112 | AB127: =M127/J127 -> 0.8643608
B128: 18℃-飯糰 | C128: 二配兩粒飯糰(鮪魚.焦糖鮭魚) | E128: 27.14 | F128: 4957 | G128: =E128*F128 -> 134532.98 | I128: 12 | J128: 3600 | K128: =J128/I128 -> 300 | L128: 12 | M128: =F128/V128*60 -> 2979.1653 | N128: =M128/L128 -> 248.26377 | O128: =L128-I128 -> 0 | P128: =N128-K128 -> -51.736227 | Q128: =N128/K128 -> 0.82754591 | S128: 0.82303241 | T128: 0.89236111 | U128: 5.0166667 | V128: 99.833333 | AA128: =M128-J128 -> -620.83472 | AB128: =M128/J128 -> 0.82754591
B140: 平均 | I140: =AVERAGE(I124:I139) -> 12.6 | J140: =AVERAGE(J124:J139) -> 3600 | K140: =J140/I140 -> 285.71429 | L140: =AVERAGE(L124:L139) -> 12.6 | M140: =AVERAGE(M124:M139) -> 3101.9705 | N140: =M140/L140 -> 246.18813 | O140: =L140-I140 -> 0 | P140: =N140-K140 -> -39.526152 | Q140: =N140/K140 -> 0.86165847 | S140: =S124 -> 0.70833333 | T140: =INDEX(T124:T139,COUNTA(T124:T139)) -> 0.89236111 | AA140: =M140-J140 -> -498.02951 | AB140: =M140/J140 -> 0.86165847
A141: (舊) 3300型飯糰線 (二配) | B141: 18℃-飯糰 | C141: 二配鹽蔥燒肉飯糰 | E141: 17.89 | F141: 1017 | G141: =E141*F141 -> 18194.13 | H141: 2 | I141: 4 | J141: 3300 | K141: =J141/I141 -> 825 | L141: 4 | M141: =F141/V141*60 -> 2936.0064 | N141: =M141/L141 -> 734.0016 | O141: =L141-I141 -> 0 | P141: =N141-K141 -> -90.998396 | Q141: =N141/K141 -> 0.88969891 | R141: =Q157 -> 0.87552222 | S141: 0.7084838 | T141: 0.72291667 | V141: 20.783333 | AA141: =M141-J141 -> -363.99358 | AB141: =M141/J141 -> 0.88969891 | AC141: =AB157 -> 0.87552222
B142: 18℃-飯糰 | C142: 二配油蔥G絲飯糰 | E142: 18.18 | F142: 1395 | G142: =E142*F142 -> 25361.1 | I142: 4 | J142: 3300 | K142: =J142/I142 -> 825 | L142: 4 | M142: =F142/V142*60 -> 2929.9883 | N142: =M142/L142 -> 732.49708 | O142: =L142-I142 -> 0 | P142: =N142-K142 -> -92.502917 | Q142: =N142/K142 -> 0.88787525 | S142: 0.72738426 | T142: 0.74722222 | U142: 6.4333333 | V142: 28.566667 | AA142: =M142-J142 -> -370.01167 | AB142: =M142/J142 -> 0.88787525
B143: 18℃-飯糰 | C143: 二配大飯糰春川風味辣炒雞 | E143: 24.15 | F143: 1091 | G143: =E143*F143 -> 26347.65 | I143: 4 | J143: 3000 | K143: =J143/I143 -> 750 | L143: 4 | M143: =F143/V143*60 -> 2628.9157 | N143: =M143/L143 -> 657.22892 | O143: =L143-I143 -> 0 | P143: =N143-K143 -> -92.771084 | Q143: =N143/K143 -> 0.87630522 | S143: 0.75145833 | T143: 0.76875 | U143: 6.1 | V143: 24.9 | AA143: =M143-J143 -> -371.08434 | AB143: =M143/J143 -> 0.87630522
B144: 18℃-飯糰 | C144: 二配大飯糰鮪魚昆布 | E144: 21.04 | F144: 5048 | G144: =E144*F144 -> 106209.92 | I144: 4 | J144: 3000 | K144: =J144/I144 -> 750 | L144: 4 | M144: =F144/V144*60 -> 2489.4247 | N144: =M144/L144 -> 622.35616 | O144: =L144-I144 -> 0 | P144: =N144-K144 -> -127.64384 | Q144: =N144/K144 -> 0.82980822 | S144: 0.7724537 | T144: 0.85694444 | U144: 5.3333333 | V144: 121.66667 | W144: 0.85694444 | X144: 0.89861111 | AA144: =M144-J144 -> -510.57534 | AB144: =M144/J144 -> 0.82980822
B145: 18℃-飯糰 | C145: 二配鹽蔥燒肉飯糰 | E145: 17.89 | F145: 4961 | G145: =E145*F145 -> 88752.29 | I145: 4 | J145: 3300 | K145: =J145/I145 -> 825 | L145: 4 | M145: =F145/V145*60 -> 2936.4683 | N145: =M145/L145 -> 734.11707 | O145: =L145-I145 -> 0 | P145: =N145-K145 -> -90.882933 | Q145: =N145/K145 -> 0.88983887 | S145: 0.89861111 | T145: 0.96900463 | U145: 60 | V145: 101.36667 | AA145: =M145-J145 -> -363.53173 | AB145: =M145/J145 -> 0.88983887
B157: 平均 | I157: =AVERAGE(I141:I156) -> 4 | J157: =AVERAGE(J141:J156) -> 3180 | K157: =J157/I157 -> 795 | L157: =AVERAGE(L141:L156) -> 4 | M157: =AVERAGE(M141:M156) -> 2784.1607 | N157: =M157/L157 -> 696.04017 | O157: =L157-I157 -> 0 | P157: =N157-K157 -> -98.959833 | Q157: =N157/K157 -> 0.87552222 | S157: =S141 -> 0.7084838 | T157: =INDEX(T141:T156,COUNTA(T141:T156)) -> 0.96900463 | AA157: =M157-J157 -> -395.83933 | AB157: =M157/J157 -> 0.87552222
A158: (新) 3300型飯糰機 (二配) | B158: 18℃-飯糰 | C158: 二配壹號醬炙烤牛飯糰 | E158: 22.28 | F158: 2007 | G158: =E158*F158 -> 44715.96 | I158: 5 | J158: 3300 | K158: =J158/I158 -> 660 | L158: 5 | M158: =F158/V158*60 -> 2929.927 | N158: =M158/L158 -> 585.9854 | O158: =L158-I158 -> 0 | P158: =N158-K158 -> -74.014599 | Q158: =N158/K158 -> 0.88785667 | R158: =Q174 -> 0.88893369 | S158: 0.70833333 | T158: 0.736875 | V158: 41.1 | AA158: =M158-J158 -> -370.07299 | AB158: =M158/J158 -> 0.88785667 | AC158: =AB174 -> 0.88893369
B159: 18℃-飯糰 | C159: 二配三杯醬爆菇菇飯糰 | E159: 16.7 | F159: 3676 | G159: =E159*F159 -> 61389.2 | I159: 3 | J159: 3300 | K159: =J159/I159 -> 1100 | L159: 3 | M159: =F159/V159*60 -> 2932.3288 | N159: =M159/L159 -> 977.44294 | O159: =L159-I159 -> 0 | P159: =N159-K159 -> -122.55706 | Q159: =N159/K159 -> 0.88858449 | S159: 0.74097222 | T159: 0.79320602 | U159: 5.9 | V159: 75.216667 | AA159: =M159-J159 -> -367.67117 | AB159: =M159/J159 -> 0.88858449
B160: 18℃-飯糰 | C160: 二配雞肉飯飯糰 | E160: 16.66 | F160: 4057 | G160: =E160*F160 -> 67589.62 | H160: 2 | I160: 4 | J160: 3300 | K160: =J160/I160 -> 825 | L160: 4 | M160: =F160/V160*60 -> 2935.7186 | N160: =M160/L160 -> 733.92965 | O160: =L160-I160 -> 0 | P160: =N160-K160 -> -91.070352 | Q160: =N160/K160 -> 0.88961169 | S160: 0.79728009 | T160: 0.85486111 | U160: 5.8666667 | V160: 82.916667 | W160: 0.85486111 | X160: 0.89583333 | AA160: =M160-J160 -> -364.28141 | AB160: =M160/J160 -> 0.88961169
B161: 18℃-飯糰 | C161: 二配雞肉飯飯糰 | E161: 16.66 | F161: 5111 | G161: =E161*F161 -> 85149.26 | I161: 4 | J161: 3300 | K161: =J161/I161 -> 825 | L161: 4 | M161: =F161/V161*60 -> 2935.9502 | N161: =M161/L161 -> 733.98755 | O161: =L161-I161 -> 0 | P161: =N161-K161 -> -91.012446 | Q161: =N161/K161 -> 0.88968188 | S161: 0.89583333 | T161: 0.96836806 | U161: 59 | V161: 104.45 | AA161: =M161-J161 -> -364.04978 | AB161: =M161/J161 -> 0.88968188
B174: 平均 | I174: =AVERAGE(I158:I173) -> 4 | J174: =AVERAGE(J158:J173) -> 3300 | K174: =J174/I174 -> 825 | L174: =AVERAGE(L158:L173) -> 4 | M174: =AVERAGE(M158:M173) -> 2933.4812 | N174: =M174/L174 -> 733.37029 | O174: =L174-I174 -> 0 | P174: =N174-K174 -> -91.62971 | Q174: =N174/K174 -> 0.88893369 | S174: =S158 -> 0.70833333 | T174: =INDEX(T158:T173,COUNTA(T158:T173)) -> 0.96836806 | AA174: =M174-J174 -> -366.51884 | AB174: =M174/J174 -> 0.88893369
A175: GKK3600型 飯糰機 (二配) | B175: 18℃-飯糰 | C175: 二配經典肉鬆飯糰 | E175: 14.03 | F175: 1289 | G175: =E175*F175 -> 18084.67 | H175: 2 | I175: 3 | J175: 3000 | K175: =J175/I175 -> 1000 | L175: 3 | M175: =F175/V175*60 -> 2669.9655 | N175: =M175/L175 -> 889.98849 | O175: =L175-I175 -> 0 | P175: =N175-K175 -> -110.01151 | Q175: =N175/K175 -> 0.88998849 | R175: =Q191 -> 0.88165785 | S175: 0.70835648 | T175: 0.72847222 | V175: 28.966667 | AA175: =M175-J175 -> -330.03452 | AB175: =M175/J175 -> 0.88998849 | AC175: =AB191 -> 0.88165785
B176: 18℃-飯糰 | C176: 二配芝麻香鬆飯糰 | E176: 18.18 | F176: 2348 | G176: =E176*F176 -> 42686.64 | I176: 4 | J176: 3000 | K176: =J176/I176 -> 750 | L176: 4 | M176: =F176/V176*60 -> 2669.0243 | N176: =M176/L176 -> 667.25608 | O176: =L176-I176 -> 0 | P176: =N176-K176 -> -82.743922 | Q176: =N176/K176 -> 0.88967477 | S176: 0.73834491 | T176: 0.775 | U176: 14.216667 | V176: 52.783333 | AA176: =M176-J176 -> -330.97569 | AB176: =M176/J176 -> 0.88967477
B177: 18℃-飯糰 | C177: 二配鮪魚飯糰 | E177: 14.28 | F177: 5665 | G177: =E177*F177 -> 80896.2 | H177: 2 | I177: 3 | J177: 3600 | K177: =J177/I177 -> 1200 | L177: 3 | M177: =F177/V177*60 -> 3099.8632 | N177: =M177/L177 -> 1033.2877 | O177: =L177-I177 -> 0 | P177: =N177-K177 -> -166.71227 | Q177: =N177/K177 -> 0.86107311 | S177: 0.78496528 | T177: 0.86111111 | U177: 14.35 | V177: 109.65 | W177: 0.86111111 | X177: 0.91408565 | AA177: =M177-J177 -> -500.1368 | AB177: =M177/J177 -> 0.86107311
B178: 18℃-飯糰 | C178: 二配經典肉鬆飯糰 | E178: 14.03 | F178: 8042 | G178: =E178*F178 -> 112829.26 | I178: 3 | J178: 3000 | K178: =J178/I178 -> 1000 | L178: 3 | M178: =F178/V178*60 -> 2670.036 | N178: =M178/L178 -> 890.01199 | O178: =L178-I178 -> 0 | P178: =N178-K178 -> -109.98801 | Q178: =N178/K178 -> 0.89001199 | S178: 0.91408565 | T178: 1.0395833 | U178: 76.283333 | V178: 180.71667 | AA178: =M178-J178 -> -329.96403 | AB178: =M178/J178 -> 0.89001199
B191: 平均 | I191: =AVERAGE(I175:I190) -> 3.25 | J191: =AVERAGE(J175:J190) -> 3150 | K191: =J191/I191 -> 969.23077 | L191: =AVERAGE(L175:L190) -> 3.25 | M191: =AVERAGE(M175:M190) -> 2777.2222 | N191: =M191/L191 -> 854.52992 | O191: =L191-I191 -> 0 | P191: =N191-K191 -> -114.70085 | Q191: =N191/K191 -> 0.88165785 | S191: =S175 -> 0.70835648 | T191: =INDEX(T175:T190,COUNTA(T175:T190)) -> 1.0395833 | AA191: =M191-J191 -> -372.77776 | AB191: =M191/J191 -> 0.88165785
A192: GKK3600型 飯糰機2 (二配) | B192: 18℃-飯糰 | C192: 二配明太子龍蝦風味沙拉飯糰 | E192: 18.18 | F192: 1177 | G192: =E192*F192 -> 21397.86 | H192: 2 | I192: 3 | J192: 3600 | K192: =J192/I192 -> 1200 | L192: 3 | M192: =F192/V192*60 -> 3099.6342 | N192: =M192/L192 -> 1033.2114 | O192: =L192-I192 -> 0 | P192: =N192-K192 -> -166.78859 | Q192: =N192/K192 -> 0.86100951 | R192: =Q208 -> 0.86707392 | S192: 0.7084838 | T192: 0.72430556 | V192: 22.783333 | AA192: =M192-J192 -> -500.36576 | AB192: =M192/J192 -> 0.86100951 | AC192: =AB208 -> 0.86707392
B193: 18℃-飯糰 | C193: 二配蔬食鮪魚飯糰 | E193: 18.18 | F193: 1939 | G193: =E193*F193 -> 35251.02 | I193: 3 | J193: 3600 | K193: =J193/I193 -> 1200 | L193: 3 | M193: =F193/V193*60 -> 3101.0218 | N193: =M193/L193 -> 1033.6739 | O193: =L193-I193 -> 0 | P193: =N193-K193 -> -166.32608 | Q193: =N193/K193 -> 0.86139494 | S193: 0.73505787 | T193: 0.76111111 | U193: 15.483333 | V193: 37.516667 | AA193: =M193-J193 -> -498.97823 | AB193: =M193/J193 -> 0.86139494
B194: 18℃-飯糰 | C194: 二配北海道秋鮭親子飯糰 | E194: 24.82 | F194: 2919 | G194: =E194*F194 -> 72449.58 | I194: 4 | J194: 3300 | K194: =J194/I194 -> 825 | L194: 4 | M194: =F194/V194*60 -> 2902.8729 | N194: =M194/L194 -> 725.71823 | O194: =L194-I194 -> 0 | P194: =N194-K194 -> -99.281768 | Q194: =N194/K194 -> 0.87965846 | S194: 0.77013889 | T194: 0.81203704 | U194: 13 | V194: 60.333333 | AA194: =M194-J194 -> -397.12707 | AB194: =M194/J194 -> 0.87965846
B195: 18℃-飯糰 | C195: 二配熟成紅鮭飯糰 | E195: 25.03 | F195: 2500 | G195: =E195*F195 -> 62575 | I195: 4 | J195: 3300 | K195: =J195/I195 -> 825 | L195: 4 | M195: =F195/V195*60 -> 2905.1001 | N195: =M195/L195 -> 726.27502 | O195: =L195-I195 -> 0 | P195: =N195-K195 -> -98.724984 | Q195: =N195/K195 -> 0.88033335 | S195: 0.82247685 | T195: 0.85833333 | U195: 15.033333 | V195: 51.633333 | W195: 0.85833333 | X195: 0.9125 | AA195: =M195-J195 -> -394.89994 | AB195: =M195/J195 -> 0.88033335
B196: 18℃-飯糰 | C196: 二配明太子龍蝦風味沙拉飯糰 | E196: 18.18 | F196: 3001 | G196: =E196*F196 -> 54558.18 | I196: 3 | J196: 3600 | K196: =J196/I196 -> 1200 | L196: 3 | M196: =F196/V196*60 -> 3100.0287 | N196: =M196/L196 -> 1033.3429 | O196: =L196-I196 -> 0 | P196: =N196-K196 -> -166.6571 | Q196: =N196/K196 -> 0.86111908 | S196: 0.9125 | T196: 0.95283565 | U196: 78 | V196: 58.083333 | AA196: =M196-J196 -> -499.97131 | AB196: =M196/J196 -> 0.86111908
B197: 18℃-飯糰 | C197: 二配鮪魚飯糰 | E197: 14.28 | F197: 5715 | G197: =E197*F197 -> 81610.2 | I197: 3 | J197: 3600 | K197: =J197/I197 -> 1200 | L197: 3 | M197: =F197/V197*60 -> 3099.8945 | N197: =M197/L197 -> 1033.2982 | O197: =L197-I197 -> 0 | P197: =N197-K197 -> -166.70182 | Q197: =N197/K197 -> 0.86108181 | S197: 0.96346065 | T197: 1.0402778 | U197: 15.3 | V197: 110.61667 | AA197: =M197-J197 -> -500.10547 | AB197: =M197/J197 -> 0.86108181
B208: 平均 | I208: =AVERAGE(I192:I207) -> 3.3333333 | J208: =AVERAGE(J192:J207) -> 3500 | K208: =J208/I208 -> 1050 | L208: =AVERAGE(L192:L207) -> 3.3333333 | M208: =AVERAGE(M192:M207) -> 3034.7587 | N208: =M208/L208 -> 910.42761 | O208: =L208-I208 -> 0 | P208: =N208-K208 -> -139.57239 | Q208: =N208/K208 -> 0.86707392 | S208: =S192 -> 0.7084838 | T208: =INDEX(T192:T207,COUNTA(T192:T207)) -> 1.0402778 | AA208: =M208-J208 -> -465.2413 | AB208: =M208/J208 -> 0.86707392
Y210: 原因回覆
Y211: 1.當日出勤人數較多
Y212: 2.當日出勤人數較少
Y213: 3.當日出勤熟手較多
Y214: 4.當日出勤新人較多
Y215: 5.機台夾盒
Y216: 6.封膜不順
Y217: 7.更換膠膜
Y218: 8.更換碳帶
Y219: 9.當日熱轉印碳帶異常
Y220: 10.訂單量過少
Y221: 11.新品上市，尚未熟悉
Y222: 12.活動期間品項需貼標

Sheet 1028(4度C)
A1: 大溪廠日報分析 | C1: 總生產量 | D1: =SUM(F5:F157) -> 111894 | E1: 營業額 | F1: =SUM(G5:G157) -> 5381366.1 | G1: 出勤人數 | H1: =L21+L38+L55+L72+L89+L106+L123+L140+L157 -> 168.77143 | I1: 產線配置圖 | L1: 生產實績 | O1: 人時性差異分析 | S1: 日報登錄 | Y1: 分析說明 | AA1: 產能差異分析
A2: 45958 | C2: 人時性 | D2: =AVERAGE(N21,N38,N55,N72,N89,N106,N123,N140,N157) -> 153.90286 | E2: 平均廠價 | F2: =F1/D1 -> 48.093429 | G2: 多次生產數 | H2: =COUNT(H5:H157) -> 1
A3: 線別 | B3: 品類 | C3: 品名 | E3: 廠價 | F3: 生產量 | G3: 營收 | H3: 多次 生產 | I3: 人數 | J3: 產能/時 | K3: 人時性 | L3: 人數 | M3: 產能/時 | N3: 人時性 | O3: 人數 | P3: 人時性 | Q3: 達成率 | R3: 達成率 平均 | S3: 生產時間 | U3: 換線、休息/分 | V3: 稼動時間/分 | W3: 休息時間 | Y3: (屏榮回填) | AA3: 產能/時 | AB3: 達成率 | AC3: 達成率平均
S4: 開始 | T4: 結束 | W4: 開始 | X4: 結束
A5: 便當一線 | B5: 微波小吃 | C5: 日式茶碗蒸 | E5: 19.7 | F5: 3558 | G5: =E5*F5 -> 70092.6 | I5: 13 | J5: 1200 | K5: =J5/I5 -> 92.307692 | L5: 13 | M5: =F5/V5*60 -> 1075.5563 | N5: =M5/L5 -> 82.7351 | O5: =L5-I5 -> 0 | P5: =N5-K5 -> -9.5725922 | Q5: =N5/K5 -> 0.89629692 | R5: =Q21 -> 0.88941557 | S5: 0.25 | T5: 0.38783565 | V5: 198.48333 | AA5: =M5-J5 -> -124.4437 | AB5: =M5/J5 -> 0.89629692 | AC5: =AB21 -> 0.88941557
B6: 4℃-飯糰 | C6: 麻油雞飯糰 | E6: 29.97 | F6: 2895 | G6: =E6*F6 -> 86763.15 | I6: 20 | J6: 2600 | K6: =J6/I6 -> 130 | L6: 20 | M6: =F6/V6*60 -> 2304.2229 | N6: =M6/L6 -> 115.21114 | O6: =L6-I6 -> 0 | P6: =N6-K6 -> -14.788857 | Q6: =N6/K6 -> 0.88623956 | S6: 0.50486111 | T6: 0.55721065 | U6: 59 | V6: 75.383333 | AA6: =M6-J6 -> -295.77714 | AB6: =M6/J6 -> 0.88623956
B21: 平均 | I21: =AVERAGE(I5:I20) -> 16.5 | J21: =AVERAGE(J5:J20) -> 1900 | K21: =J21/I21 -> 115.15152 | L21: =AVERAGE(L5:L20) -> 16.5 | M21: =AVERAGE(M5:M20) -> 1689.8896 | N21: =M21/L21 -> 102.41755 | O21: =L21-I21 -> 0 | P21: =N21-K21 -> -12.733965 | Q21: =N21/K21 -> 0.88941557 | S21: =S5 -> 0.25 | T21: =INDEX(T5:T20,COUNTA(T5:T20)) -> 0.55721065 | AA21: =M21-J21 -> -210.11042 | AB21: =M21/J21 -> 0.88941557
A22: 便當二線 | B22: 微波主食 | C22: 糖燻野郎三十天熟成牛飯 | E22: 56.77 | F22: 4517 | G22: =E22*F22 -> 256430.09 | I22: 25 | J22: 2000 | K22: =J22/I22 -> 80 | L22: 25 | M22: =F22/V22*60 -> 1773.1109 | N22: =M22/L22 -> 70.924436 | O22: =L22-I22 -> 0 | P22: =N22-K22 -> -9.0755643 | Q22: =N22/K22 -> 0.88655545 | R22: =Q38 -> 0.88481392 | S22: 0.16677083 | T22: 0.27291667 | V22: 152.85 | AA22: =M22-J22 -> -226.88911 | AB22: =M22/J22 -> 0.88655545 | AC22: =AB38 -> 0.88481392
B23: 微波主食 | C23: 蒜蒜燒豚飯 | E23: 51.86 | F23: 1543 | G23: =E23*F23 -> 80019.98 | I23: 25 | J23: 2000 | K23: =J23/I23 -> 80 | L23: 25 | M23: =F23/V23*60 -> 1760.6339 | N23: =M23/L23 -> 70.425357 | O23: =L23-I23 -> 0 | P23: =N23-K23 -> -9.5746434 | Q23: =N23/K23 -> 0.88031696 | S23: 0.27737269 | T23: 0.31388889 | U23: 6.4166667 | V23: 52.583333 | AA23: =M23-J23 -> -239.36609 | AB23: =M23/J23 -> 0.88031696
B24: 微波主食 | C24: 柚見極炙烤牛 | E24: 57.3 | F24: 848 | G24: =E24*F24 -> 48590.4 | I24: 26 | J24: 2000 | K24: =J24/I24 -> 76.923077 | L24: 26 | M24: =F24/V24*60 -> 1760.5536 | N24: =M24/L24 -> 67.713601 | O24: =L24-I24 -> 0 | P24: =N24-K24 -> -9.2094756 | Q24: =N24/K24 -> 0.88027682 | S24: 0.318125 | T24: 0.33819444 | U24: 6.1 | V24: 28.9 | AA24: =M24-J24 -> -239.44637 | AB24: =M24/J24 -> 0.88027682
B25: 便當 | C25: 健身G肉餐盒 | E25: 59.52 | F25: 5397 | G25: =E25*F25 -> 321229.44 | I25: 25 | J25: 2000 | K25: =J25/I25 -> 80 | L25: 25 | M25: =F25/V25*60 -> 1781.5148 | N25: =M25/L25 -> 71.260591 | O25: =L25-I25 -> 0 | P25: =N25-K25 -> -8.7394095 | Q25: =N25/K25 -> 0.89075738 | S25: 0.3418287 | T25: 0.46805556 | U25: 5.2333333 | V25: 181.76667 | W25: 0.46805556 | X25: 0.50846065 | AA25: =M25-J25 -> -218.48524 | AB25: =M25/J25 -> 0.89075738
B26: 便當 | C26: 嫩烤香料雞胸排蔬滿盒 | E26: 77.34 | F26: 2978 | G26: =E26*F26 -> 230318.52 | I26: 25 | J26: 2000 | K26: =J26/I26 -> 80 | L26: 25 | M26: =F26/V26*60 -> 1772.326 | N26: =M26/L26 -> 70.89304 | O26: =L26-I26 -> 0 | P26: =N26-K26 -> -9.1069598 | Q26: =N26/K26 -> 0.886163 | S26: 0.50846065 | T26: 0.57847222 | U26: 58.183333 | V26: 100.81667 | AA26: =M26-J26 -> -227.674 | AB26: =M26/J26 -> 0.886163
B38: 平均 | I38: =AVERAGE(I22:I37) -> 25.2 | J38: =AVERAGE(J22:J37) -> 2000 | K38: =J38/I38 -> 79.365079 | L38: =AVERAGE(L22:L37) -> 25.2 | M38: =AVERAGE(M22:M37) -> 1769.6278 | N38: =M38/L38 -> 70.223327 | O38: =L38-I38 -> 0 | P38: =N38-K38 -> -9.1417523 | Q38: =N38/K38 -> 0.88481392 | S38: =S22 -> 0.16677083 | T38: =INDEX(T22:T37,COUNTA(T22:T37)) -> 0.57847222 | AA38: =M38-J38 -> -230.37216 | AB38: =M38/J38 -> 0.88481392
A39: 涼麵一線 | B39: 熱食義麵 | C39: 焗烤蕃茄起司四方麵 | E39: 57.3 | F39: 2718 | G39: =E39*F39 -> 155741.4 | H39: 2 | I39: 25 | J39: 1800 | K39: =J39/I39 -> 72 | L39: 25 | M39: =F39/V39*60 -> 1590.5072 | N39: =M39/L39 -> 63.620286 | O39: =L39-I39 -> 0 | P39: =N39-K39 -> -8.3797139 | Q39: =N39/K39 -> 0.88361508 | R39: =Q55 -> 0.85903382 | S39: 0.16699074 | T39: 0.23819444 | V39: 102.53333 | AA39: =M39-J39 -> -209.49285 | AB39: =M39/J39 -> 0.88361508 | AC39: =AB55 -> 0.85903382
B40: 微波小吃 | C40: 日式壽喜燒 | E40: 55.12 | F40: 5144 | G40: =E40*F40 -> 283537.28 | I40: 23 | J40: 1800 | K40: =J40/I40 -> 78.26087 | L40: 23 | M40: =F40/V40*60 -> 1459.1758 | N40: =M40/L40 -> 63.442426 | O40: =L40-I40 -> 0 | P40: =N40-K40 -> -14.818444 | Q40: =N40/K40 -> 0.81065322 | S40: 0.24200231 | T40: 0.38888889 | U40: 5.4833333 | V40: 211.51667 | AA40: =M40-J40 -> -340.82421 | AB40: =M40/J40 -> 0.81065322
B41: 微波主食 | C41: 妮妮家漢堡排 | E41: 57.3 | F41: 913 | G41: =E41*F41 -> 52314.9 | I41: 20 | J41: 2000 | K41: =J41/I41 -> 100 | L41: 20 | M41: =F41/V41*60 -> 1763.3047 | N41: =M41/L41 -> 88.165236 | O41: =L41-I41 -> 0 | P41: =N41-K41 -> -11.834764 | Q41: =N41/K41 -> 0.88165236 | S41: 0.39305556 | T41: 0.41462963 | U41: 6 | V41: 31.066667 | AA41: =M41-J41 -> -236.69528 | AB41: =M41/J41 -> 0.88165236
