Workbook

Sheet 0131
B1: 屏榮 大溪廠組合室生產人時性分析
B3: 日期 | C3: 115.01.31星期六 | E3: 訂單量 | F3: ='0131(18度C)'!D1+'0131(4度C)'!D1 -> 129053 | H3: 營業額 | I3: ='0131(18度C)'!F1+'0131(4度C)'!F1 -> 4007768.4
B4: 人時性 | C4: 項目 | E4: ➀ | G4: ➁ | I4: ➂ | K4: ④ | M4: ⑤ | O4: 異常停線 | Q4: 短暫停線
C5: 組合室 | E5: 全溫層 | G5: 4度C-各編組展開(一配) | I5: 4度C-各編組展開(二配) | K5: 18度C-各編組展開(一配) | M5: 18度C-各編組展開(二配) | O5: 合計次數 | P5: 時間 | Q5: 合計次數 | R5: 設備次數
C6: 排關平均 | E6: =AVERAGE(D14:O14,D32:X32) -> 546.8859 | F6: =AVERAGE(#REF!,D14:K14) -> #REF! | G6: =AVERAGE(D14:K14) -> 214.62898 | I6: =AVERAGE(L14:O14) -> 94.096363 | K6: =AVERAGE(D32:O32) -> 735.8217 | M6: =AVERAGE(P32:X32) -> 767.08429 | O6: ='0131(4度C)'!Y2 -> 0 | P6: ='0131(4度C)'!Z2 -> 0 | Q6: ='0131(4度C)'!AC2 -> 39 | R6: ='0131(4度C)'!AD2 -> 0
C7: 實績平均 | E7: =AVERAGE(D15:O15,D33:X33) -> 485.65869 | F7: =AVERAGE(#REF!,D15:K15) -> #REF! | G7: =AVERAGE(D15:K15) -> 193.30086 | I7: =AVERAGE(L15:O15) -> 83.696864 | K7: =AVERAGE(D33:O33) -> 652.57145 | M7: =AVERAGE(P33:X33) -> 680.03438
C8: 達成率平均 | E8: =AVERAGE(D16:O16,D34:X34) -> 0.88927064 | F8: =AVERAGE(D16:K16,#REF!) -> #REF! | G8: =AVERAGE(D16:K16) -> 0.89737591 | I8: =AVERAGE(L16:O16) -> 0.88947642 | K8: =AVERAGE(D34:O34) -> 0.88709046 | M8: =AVERAGE(P34:X34) -> 0.88532032
O9: ※現行日本鮮食廠以達成率80%為基本(即為現行KPI)
B11: 溫層 | D11: ➁4度C-各編組展開 | L11: ➂4度C-各編組展開
B12: 編組 | D12: 1 | E12: 2 | F12: 3 | G12: 4 | H12: 5 | I12: 6 | J12: 7 | K12: 8 | L12: 1 | M12: 2 | N12: 3 | O12: 4
D13: 便當一線 | E13: 便當二線 | F13: 涼麵一線 | G13: 涼麵二線 | H13: 涼麵三線 | I13: 自動包裝機 | J13: 自動包裝機2 | K13: 自動包裝機3 | L13: 便當一線 | M13: 便當二線 | N13: 涼麵一線 | O13: 涼麵二線
B14: 人時性 | C14: 排關 | D14: - | E14: 81.967213 | F14: - | G14: 102.5 | H14: 101.2987 | I14: 572.75 | J14: - | K14: - | L14: - | M14: 98.305085 | N14: - | O14: 89.88764
C15: 實績 | D15: - | E15: 72.944956 | F15: - | G15: 92.738396 | H15: 90.341887 | I15: 517.17821 | J15: - | K15: - | L15: - | M15: 87.448657 | N15: - | O15: 79.945071
C16: 達成率 | D16: - | E16: =E15/E14 -> 0.88992846 | F16: - | G16: =G15/G14 -> 0.90476483 | H16: =H15/H14 -> 0.89183658 | I16: =I15/I14 -> 0.90297375 | J16: - | K16: - | L16: - | M16: =M15/M14 -> 0.88956392 | N16: - | O16: =O15/O14 -> 0.88938891
B17: 作業 時間 | C17: 開始 | D17: - | E17: 0.29166667 | F17: - | G17: 0.29178241 | H17: 0.20833333 | I17: 0.4265625 | J17: - | K17: - | L17: - | M17: 0.70833333 | N17: - | O17: 0.70833333
C18: 結束 | D18: - | E18: 0.6049537 | F18: - | G18: 0.61142361 | H18: 0.56875 | I18: 0.45 | J18: - | K18: - | L18: - | M18: 0.83055556 | N18: - | O18: 0.83194444
B19: 產線異常 (5分鐘以上) | C19: 次數
C20: 時間/分
B21: 短暫停線 (5分鐘以下) | C21: 次數 | E21: 9 | G21: 9 | H21: 12 | I21: 2 | M21: 3 | O21: 4
C22: 設備次數
B23: 配置人數 | D23: - | E23: 24.4 | F23: - | G23: 22.285714 | H23: 19.25 | I23: 6 | J23: - | K23: - | L23: - | M23: 19.666667 | N23: - | O23: 22.25
B24: 主要應用設備 | D24: L型封口機 | E24: ET-55 | F24: ET-55 | G24: ET-55 | H24: ET-600 | I24: 伺服包裝機 | J24: 伺服包裝機 | K24: 伺服包裝機 | L24: L型封口機 | M24: ET-55 | N24: ET-55 | O24: ET-55
B25: 次要應用設備 | D25: 伺服包裝機 | H25: 伺服包裝機
B26: 備註 | H26: 涼麵+烤飯糰 | I26: 大口飯糰線 | K26: 烤飯糰+手卷
B29: 溫層 | D29: ➃18度C-各編組展開 (一配) | P29: ⑤18度C-各編組展開 (二配)
B30: 編組 | D30: 1 | E30: 2 | F30: 3 | G30: 4 | H30: 5 | I30: 6 | J30: 7 | K30: 8 | L30: 9 | M30: 10 | N30: 11 | O30: 12 | P30: 1 | Q30: 2 | R30: 3 | S30: 4 | T30: 5 | U30: 6 | V30: 7 | W30: 8 | X30: 9
D31: 便當一線 | E31: 涼麵一線 | F31: 涼麵三線 | G31: 自動包裝機 | H31: 自動包裝機2 | I31: 自動包裝機3 | J31: 味付飯糰線B | K31: (舊) 3300型飯糰線 | L31: 3000型飯糰線 | M31: (新) 3300型飯糰機 | N31: GKK3600型 飯糰機 | O31: GKK3600型 飯糰機2 | P31: 自動包裝機 | Q31: 自動包裝機2 | R31: 自動包裝機3 | S31: 味付飯糰線B | T31: (舊) 3300型飯糰線 | U31: 3000型飯糰線 | V31: (新) 3300型飯糰機 | W31: GKK3600型 飯糰機 | X31: GKK3600型 飯糰機2
B32: 人時性 | C32: 排關 | D32: - | E32: - | F32: - | G32: 318.86792 | H32: 433.33333 | I32: - | J32: - | K32: 825 | L32: - | M32: 761.53846 | N32: 1133.3333 | O32: 942.85714 | P32: 306.38298 | Q32: - | R32: - | S32: - | T32: 787.5 | U32: - | V32: 761.53846 | W32: 1100 | X32: 880
C33: 實績 | D33: - | E33: - | F33: - | G33: 279.84522 | H33: 386.61582 | I33: - | J33: - | K33: 738.81415 | L33: - | M33: 681.84668 | N33: 994.47645 | O33: 833.83038 | P33: 267.32423 | Q33: - | R33: - | S33: - | T33: 702.77189 | U33: - | V33: 682.32281 | W33: 969.6989 | X33: 778.05408
C34: 達成率 | D34: - | E34: - | F34: - | G34: =G33/G32 -> 0.87762112 | H34: =H33/H32 -> 0.89219035 | I34: - | J34: - | K34: =K33/K32 -> 0.8955323 | L34: - | M34: =M33/M32 -> 0.89535423 | N34: =N33/N32 -> 0.87747922 | O34: =O33/O32 -> 0.88436556 | P34: =P33/P32 -> 0.87251659 | Q34: - | R34: - | S34: - | T34: =T33/T32 -> 0.89240875 | U34: - | V34: =V33/V32 -> 0.89597945 | W34: =W33/W32 -> 0.88154445 | X34: =X33/X32 -> 0.88415237
B35: 作業 時間 | C35: 開始 | D35: - | E35: - | F35: - | G35: 0.33541667 | H35: 0.29186343 | I35: - | J35: - | K35: 0.29199074 | L35: - | M35: 0.29166667 | N35: 0.29166667 | O35: 0.291875 | P35: 0.70833333 | Q35: - | R35: - | S35: - | T35: 0.70833333 | U35: - | V35: 0.70833333 | W35: 0.70851852 | X35: 0.70833333
C36: 結束 | D36: - | E36: - | F36: - | G36: 0.42238426 | H36: 0.31875 | I36: - | J36: - | K36: 0.39236111 | L36: - | M36: 0.3875463 | N36: 0.42916667 | O36: 0.41111111 | P36: 0.78961806 | Q36: - | R36: - | S36: - | T36: 0.861875 | U36: - | V36: 0.8433912 | W36: 1.0190856 | X36: 0.86961806
B37: 配置人數 | D37: - | E37: - | F37: - | G37: 10.6 | H37: 6 | I37: - | J37: - | K37: 4 | L37: - | M37: 4.3333333 | N37: 3 | O37: 3.5 | P37: 11.75 | Q37: - | R37: - | S37: - | T37: 4 | U37: - | V37: 4.3333333 | W37: 3 | X37: 3.75
B38: 主要應用設備 | D38: 伺服包裝機 | E38: ET-55 | F38: ET-600 | G38: 夾心型 | H38: 伺服包裝機 | I38: 伺服包裝機 | J38: 夾心型 | K38: 3300型 | L38: 3300型 | M38: 3300型 | N38: GKK | O38: GKK | P38: 夾心型 | Q38: 伺服包裝機 | R38: 伺服包裝機 | S38: 夾心型 | T38: 3300型 | U38: 3300型 | V38: 3300型 | W38: GKK | X38: GKK
B39: 次要應用設備
B40: 備註

Sheet 0131(18度C)
A1: 大溪廠日報分析 | C1: 總生產量 | D1: =SUM(F5:F191) -> 84115 | E1: 營業額 | F1: =SUM(G5:G191) -> 1651398.7 | G1: 出勤人數 | H1: =L21+L38+L55+L72+L89+L106+L123+L140+L157+L174+L191 -> 58.266667 | I1: 產線配置圖 | L1: 生產實績 | O1: 人時性差異分析 | S1: 日報登錄 | Y1: 分析說明 | AA1: 產能差異分析
A2: 46053 | C2: 人時性 | D2: =AVERAGE(N21,N38,N55,N72,N89,N106,N123,N140,N157,N174,N191) -> 665.0546 | E2: 平均廠價 | F2: =F1/D1 -> 19.63263 | G2: 多次生產數 | H2: =COUNT(H5:H191) -> 1
A3: 線別 | B3: 品類 | C3: 品名 | E3: 廠價 | F3: 生產量 | G3: 營收 | H3: 多次 生產 | I3: 人數 | J3: 產能/時 | K3: 人時性 | L3: 人數 | M3: 產能/時 | N3: 人時性 | O3: 人數 | P3: 人時性 | Q3: 達成率 | R3: 達成率 平均 | S3: 生產時間 | U3: 換線、休息/分 | V3: 稼動時間/分 | W3: 休息時間 | Y3: (屏榮回填) | AA3: 產能/時 | AB3: 達成率 | AC3: 達成率平均
S4: 開始 | T4: 結束 | W4: 開始 | X4: 結束
A5: 自動包裝機 | B5: 18℃-壽司手卷 | C5: 一配明太子玉子脆卷 | E5: 19.7 | F5: 191 | G5: =E5*F5 -> 3762.7 | I5: 6 | J5: 2500 | K5: =J5/I5 -> 416.66667 | L5: 6 | M5: =F5/V5*60 -> 2261.8421 | N5: =M5/L5 -> 376.97368 | O5: =L5-I5 -> 0 | P5: =N5-K5 -> -39.692982 | Q5: =N5/K5 -> 0.90473684 | R5: =Q21 -> 0.87762112 | S5: 0.33541667 | T5: 0.33893519 | V5: 5.0666667 | AA5: =M5-J5 -> -238.15789 | AB5: =M5/J5 -> 0.90473684 | AC5: =AB21 -> 0.87762112
B6: 18℃-飯糰 | C6: 一配兩粒飯糰(鮪魚.焦糖鮭魚) | E6: 28.57 | F6: 1626 | G6: =E6*F6 -> 46454.82 | I6: 12 | J6: 3600 | K6: =J6/I6 -> 300 | L6: 12 | M6: =F6/V6*60 -> 3123.5859 | N6: =M6/L6 -> 260.29883 | O6: =L6-I6 -> 0 | P6: =N6-K6 -> -39.701174 | Q6: =N6/K6 -> 0.86766275 | S6: 0.34236111 | T6: 0.36405093 | U6: 4.9333333 | V6: 31.233333 | AA6: =M6-J6 -> -476.41409 | AB6: =M6/J6 -> 0.86766275
B7: 18℃-壽司手卷 | C7: 一配海饌雙手卷 | E7: 29.85 | F7: 1342 | G7: =E7*F7 -> 40058.7 | I7: 12 | J7: 3600 | K7: =J7/I7 -> 300 | L7: 12 | M7: =F7/V7*60 -> 3137.1429 | N7: =M7/L7 -> 261.42857 | O7: =L7-I7 -> 0 | P7: =N7-K7 -> -38.571429 | Q7: =N7/K7 -> 0.87142857 | S7: 0.36759259 | T7: 0.38541667 | U7: 5.1 | V7: 25.666667 | AA7: =M7-J7 -> -462.85714 | AB7: =M7/J7 -> 0.87142857
B8: 18℃-壽司手卷 | C8: 一配雙饗雙手卷 | E8: 29.52 | F8: 1259 | G8: =E8*F8 -> 37165.68 | I8: 12 | J8: 3600 | K8: =J8/I8 -> 300 | L8: 12 | M8: =F8/V8*60 -> 3136.609 | N8: =M8/L8 -> 261.38408 | O8: =L8-I8 -> 0 | P8: =N8-K8 -> -38.615917 | Q8: =N8/K8 -> 0.87128028 | S8: 0.38888889 | T8: 0.40561343 | U8: 5 | V8: 24.083333 | AA8: =M8-J8 -> -463.391 | AB8: =M8/J8 -> 0.87128028
B9: 18℃-壽司手卷 | C9: 一配長野稻荷壽司 | E9: 25.64 | F9: 1017 | G9: =E9*F9 -> 26075.88 | I9: 11 | J9: 3600 | K9: =J9/I9 -> 327.27273 | L9: 11 | M9: =F9/V9*60 -> 3172.617 | N9: =M9/L9 -> 288.41973 | O9: =L9-I9 -> 0 | P9: =N9-K9 -> -38.853001 | Q9: =N9/K9 -> 0.8812825 | S9: 0.40902778 | T9: 0.42238426 | U9: 4.9166667 | V9: 19.233333 | AA9: =M9-J9 -> -427.38302 | AB9: =M9/J9 -> 0.8812825
B21: 平均 | I21: =AVERAGE(I5:I20) -> 10.6 | J21: =AVERAGE(J5:J20) -> 3380 | K21: =J21/I21 -> 318.86792 | L21: =AVERAGE(L5:L20) -> 10.6 | M21: =AVERAGE(M5:M20) -> 2966.3594 | N21: =M21/L21 -> 279.84522 | O21: =L21-I21 -> 0 | P21: =N21-K21 -> -39.022701 | Q21: =N21/K21 -> 0.87762112 | S21: =S5 -> 0.33541667 | T21: =INDEX(T5:T20,COUNTA(T5:T20)) -> 0.42238426 | AA21: =M21-J21 -> -413.64063 | AB21: =M21/J21 -> 0.87762112
A22: 自動包裝機2 | B22: 18℃-壽司手卷 | C22: 一配雙鬆細卷 | E22: 14.03 | F22: 569 | G22: =E22*F22 -> 7983.07 | I22: 6 | J22: 2600 | K22: =J22/I22 -> 433.33333 | L22: 6 | M22: =F22/V22*60 -> 2319.8188 | N22: =M22/L22 -> 386.63647 | O22: =L22-I22 -> 0 | P22: =N22-K22 -> -46.696867 | Q22: =N22/K22 -> 0.892238 | R22: =Q38 -> 0.89219035 | S22: 0.29186343 | T22: 0.30208333 | V22: 14.716667 | AA22: =M22-J22 -> -280.1812 | AB22: =M22/J22 -> 0.892238 | AC22: =AB38 -> 0.89219035
B23: 18℃-壽司手卷 | C23: 一配經典鮪魚沙拉細卷 | E23: 14.49 | F23: 721 | G23: =E23*F23 -> 10447.29 | I23: 6 | J23: 2600 | K23: =J23/I23 -> 433.33333 | L23: 6 | M23: =F23/V23*60 -> 2319.571 | N23: =M23/L23 -> 386.59517 | O23: =L23-I23 -> 0 | P23: =N23-K23 -> -46.738159 | Q23: =N23/K23 -> 0.89214271 | S23: 0.30579861 | T23: 0.31875 | U23: 5.35 | V23: 18.65 | AA23: =M23-J23 -> -280.42895 | AB23: =M23/J23 -> 0.89214271
B38: 平均 | I38: =AVERAGE(I22:I37) -> 6 | J38: =AVERAGE(J22:J37) -> 2600 | K38: =J38/I38 -> 433.33333 | L38: =AVERAGE(L22:L37) -> 6 | M38: =AVERAGE(M22:M37) -> 2319.6949 | N38: =M38/L38 -> 386.61582 | O38: =L38-I38 -> 0 | P38: =N38-K38 -> -46.717513 | Q38: =N38/K38 -> 0.89219035 | S38: =S22 -> 0.29186343 | T38: =INDEX(T22:T37,COUNTA(T22:T37)) -> 0.31875 | AA38: =M38-J38 -> -280.30508 | AB38: =M38/J38 -> 0.89219035
A39: (舊) 3300型飯糰線 | B39: 18℃-飯糰 | C39: 一配鹽蔥燒肉飯糰 | E39: 17.89 | F39: 2144 | G39: =E39*F39 -> 38356.16 | I39: 4 | J39: 3300 | K39: =J39/I39 -> 825 | L39: 4 | M39: =F39/V39*60 -> 2954.977 | N39: =M39/L39 -> 738.74426 | O39: =L39-I39 -> 0 | P39: =N39-K39 -> -86.255743 | Q39: =N39/K39 -> 0.89544758 | R39: =Q55 -> 0.8955323 | S39: 0.29199074 | T39: 0.32222222 | V39: 43.533333 | AA39: =M39-J39 -> -345.02297 | AB39: =M39/J39 -> 0.89544758 | AC39: =AB55 -> 0.8955323
B40: 18℃-飯糰 | C40: 一配照燒雞肉飯糰 | E40: 21.45 | F40: 1076 | G40: =E40*F40 -> 23080.2 | I40: 4 | J40: 3300 | K40: =J40/I40 -> 825 | L40: 4 | M40: =F40/V40*60 -> 2956.9466 | N40: =M40/L40 -> 739.23664 | O40: =L40-I40 -> 0 | P40: =N40-K40 -> -85.763359 | Q40: =N40/K40 -> 0.89604441 | S40: 0.32581019 | T40: 0.34097222 | U40: 5.1666667 | V40: 21.833333 | AA40: =M40-J40 -> -343.05344 | AB40: =M40/J40 -> 0.89604441
B41: 18℃-飯糰 | C41: 一配雞肉飯飯糰 | E41: 16.66 | F41: 3392 | G41: =E41*F41 -> 56510.72 | I41: 4 | J41: 3300 | K41: =J41/I41 -> 825 | L41: 4 | M41: =F41/V41*60 -> 2953.8462 | N41: =M41/L41 -> 738.46154 | O41: =L41-I41 -> 0 | P41: =N41-K41 -> -86.538462 | Q41: =N41/K41 -> 0.8951049 | S41: 0.34451389 | T41: 0.39236111 | U41: 5.1 | V41: 68.9 | AA41: =M41-J41 -> -346.15385 | AB41: =M41/J41 -> 0.8951049
B55: 平均 | I55: =AVERAGE(I39:I54) -> 4 | J55: =AVERAGE(J39:J54) -> 3300 | K55: =J55/I55 -> 825 | L55: =AVERAGE(L39:L54) -> 4 | M55: =AVERAGE(M39:M54) -> 2955.2566 | N55: =M55/L55 -> 738.81415 | O55: =L55-I55 -> 0 | P55: =N55-K55 -> -86.185854 | Q55: =N55/K55 -> 0.8955323 | S55: =S39 -> 0.29199074 | T55: =INDEX(T39:T54,COUNTA(T39:T54)) -> 0.39236111 | AA55: =M55-J55 -> -344.74342 | AB55: =M55/J55 -> 0.8955323
A56: (新) 3300型飯糰機 | B56: 18℃-飯糰 | C56: 一配壹號醬炙烤牛飯糰 | E56: 22.28 | F56: 844 | G56: =E56*F56 -> 18804.32 | I56: 5 | J56: 3300 | K56: =J56/I56 -> 660 | L56: 5 | M56: =F56/V56*60 -> 2955.642 | N56: =M56/L56 -> 591.1284 | O56: =L56-I56 -> 0 | P56: =N56-K56 -> -68.871595 | Q56: =N56/K56 -> 0.8956491 | R56: =Q72 -> 0.89535423 | S56: 0.29166667 | T56: 0.30356481 | V56: 17.133333 | AA56: =M56-J56 -> -344.35798 | AB56: =M56/J56 -> 0.8956491 | AC56: =AB72 -> 0.89535423
B57: 18℃-飯糰 | C57: 一配紅運烏魚子紹興飯糰 | E57: 27.27 | F57: 2680 | G57: =E57*F57 -> 73083.6 | I57: 5 | J57: 3300 | K57: =J57/I57 -> 660 | L57: 5 | M57: =F57/V57*60 -> 2954.977 | N57: =M57/L57 -> 590.99541 | O57: =L57-I57 -> 0 | P57: =N57-K57 -> -69.004594 | Q57: =N57/K57 -> 0.89544758 | S57: 0.30694444 | T57: 0.3447338 | U57: 4.8666667 | V57: 54.416667 | AA57: =M57-J57 -> -345.02297 | AB57: =M57/J57 -> 0.89544758
B58: 18℃-飯糰 | C58: 一配鮭魚奶油醬油飯糰 | E58: 18.53 | F58: 2809 | G58: =E58*F58 -> 52050.77 | I58: 3 | J58: 3300 | K58: =J58/I58 -> 1100 | L58: 3 | M58: =F58/V58*60 -> 2953.3879 | N58: =M58/L58 -> 984.46262 | O58: =L58-I58 -> 0 | P58: =N58-K58 -> -115.53738 | Q58: =N58/K58 -> 0.89496602 | S58: 0.34791667 | T58: 0.3875463 | U58: 4.5833333 | V58: 57.066667 | AA58: =M58-J58 -> -346.61215 | AB58: =M58/J58 -> 0.89496602
B72: 平均 | I72: =AVERAGE(I56:I71) -> 4.3333333 | J72: =AVERAGE(J56:J71) -> 3300 | K72: =J72/I72 -> 761.53846 | L72: =AVERAGE(L56:L71) -> 4.3333333 | M72: =AVERAGE(M56:M71) -> 2954.669 | N72: =M72/L72 -> 681.84668 | O72: =L72-I72 -> 0 | P72: =N72-K72 -> -79.691777 | Q72: =N72/K72 -> 0.89535423 | S72: =S56 -> 0.29166667 | T72: =INDEX(T56:T71,COUNTA(T56:T71)) -> 0.3875463 | AA72: =M72-J72 -> -345.33103 | AB72: =M72/J72 -> 0.89535423
A73: GKK3600型 飯糰機 | B73: 18℃-飯糰 | C73: 一配蔬食鮪魚飯糰 | E73: 18.18 | F73: 799 | G73: =E73*F73 -> 14525.82 | I73: 3 | J73: 3600 | K73: =J73/I73 -> 1200 | L73: 3 | M73: =F73/V73*60 -> 3133.3333 | N73: =M73/L73 -> 1044.4444 | O73: =L73-I73 -> 0 | P73: =N73-K73 -> -155.55556 | Q73: =N73/K73 -> 0.87037037 | R73: =Q89 -> 0.87747922 | S73: 0.29166667 | T73: 0.30229167 | V73: 15.3 | AA73: =M73-J73 -> -466.66667 | AB73: =M73/J73 -> 0.87037037 | AC73: =AB89 -> 0.87747922
B74: 18℃-飯糰 | C74: 一配經典肉鬆飯糰 | E74: 14.03 | F74: 3317 | G74: =E74*F74 -> 46537.51 | I74: 3 | J74: 3000 | K74: =J74/I74 -> 1000 | L74: 3 | M74: =F74/V74*60 -> 2689.4595 | N74: =M74/L74 -> 896.48649 | O74: =L74-I74 -> 0 | P74: =N74-K74 -> -103.51351 | Q74: =N74/K74 -> 0.89648649 | S74: 0.3125 | T74: 0.36388889 | U74: 14.7 | V74: 74 | AA74: =M74-J74 -> -310.54054 | AB74: =M74/J74 -> 0.89648649
B75: 18℃-飯糰 | C75: 一配鮪魚飯糰 | E75: 14.28 | F75: 4117 | G75: =E75*F75 -> 58790.76 | I75: 3 | J75: 3600 | K75: =J75/I75 -> 1200 | L75: 3 | M75: =F75/V75*60 -> 3127.4953 | N75: =M75/L75 -> 1042.4984 | O75: =L75-I75 -> 0 | P75: =N75-K75 -> -157.50158 | Q75: =N75/K75 -> 0.86874868 | S75: 0.37431713 | T75: 0.42916667 | U75: 15.016667 | V75: 78.983333 | AA75: =M75-J75 -> -472.50475 | AB75: =M75/J75 -> 0.86874868
B89: 平均 | I89: =AVERAGE(I73:I88) -> 3 | J89: =AVERAGE(J73:J88) -> 3400 | K89: =J89/I89 -> 1133.3333 | L89: =AVERAGE(L73:L88) -> 3 | M89: =AVERAGE(M73:M88) -> 2983.4293 | N89: =M89/L89 -> 994.47645 | O89: =L89-I89 -> 0 | P89: =N89-K89 -> -138.85688 | Q89: =N89/K89 -> 0.87747922 | S89: =S73 -> 0.29166667 | T89: =INDEX(T73:T88,COUNTA(T73:T88)) -> 0.42916667 | AA89: =M89-J89 -> -416.57065 | AB89: =M89/J89 -> 0.87747922
A90: GKK3600型 飯糰機2 | B90: 18℃-飯糰 | C90: 一配熟成紅鮭飯糰 | E90: 25.03 | F90: 1059 | G90: =E90*F90 -> 26506.77 | I90: 4 | J90: 3300 | K90: =J90/I90 -> 825 | L90: 4 | M90: =F90/V90*60 -> 2928.1106 | N90: =M90/L90 -> 732.02765 | O90: =L90-I90 -> 0 | P90: =N90-K90 -> -92.97235 | Q90: =N90/K90 -> 0.88730624 | R90: =Q106 -> 0.88436556 | S90: 0.291875 | T90: 0.30694444 | V90: 21.7 | AA90: =M90-J90 -> -371.8894 | AB90: =M90/J90 -> 0.88730624 | AC90: =AB106 -> 0.88436556
B91: 18℃-飯糰 | C91: 一配北海道秋鮭親子飯糰 | E91: 24.82 | F91: 1319 | G91: =E91*F91 -> 32737.58 | I91: 4 | J91: 3300 | K91: =J91/I91 -> 825 | L91: 4 | M91: =F91/V91*60 -> 2927.4969 | N91: =M91/L91 -> 731.87423 | O91: =L91-I91 -> 0 | P91: =N91-K91 -> -93.125771 | Q91: =N91/K91 -> 0.88712028 | S91: 0.31736111 | T91: 0.33613426 | U91: 15 | V91: 27.033333 | AA91: =M91-J91 -> -372.50308 | AB91: =M91/J91 -> 0.88712028
B92: 18℃-飯糰 | C92: 一配贅沢鮭魚肚飯糰 | E92: 30 | F92: 2074 | G92: =E92*F92 -> 62220 | I92: 3 | J92: 3000 | K92: =J92/I92 -> 1000 | L92: 3 | M92: =F92/V92*60 -> 2689.6254 | N92: =M92/L92 -> 896.54179 | O92: =L92-I92 -> 0 | P92: =N92-K92 -> -103.45821 | Q92: =N92/K92 -> 0.89654179 | S92: 0.34652778 | T92: 0.37865741 | U92: 14.966667 | V92: 46.266667 | AA92: =M92-J92 -> -310.37464 | AB92: =M92/J92 -> 0.89654179
B93: 18℃-飯糰 | C93: 一配明太子龍蝦風味沙拉飯糰 | E93: 18.18 | F93: 1665 | G93: =E93*F93 -> 30269.7 | I93: 3 | J93: 3600 | K93: =J93/I93 -> 1200 | L93: 3 | M93: =F93/V93*60 -> 3128.3925 | N93: =M93/L93 -> 1042.7975 | O93: =L93-I93 -> 0 | P93: =N93-K93 -> -157.20251 | Q93: =N93/K93 -> 0.86899791 | S93: 0.38893519 | T93: 0.41111111 | U93: 14.8 | V93: 31.933333 | AA93: =M93-J93 -> -471.60752 | AB93: =M93/J93 -> 0.86899791
B106: 平均 | I106: =AVERAGE(I90:I105) -> 3.5 | J106: =AVERAGE(J90:J105) -> 3300 | K106: =J106/I106 -> 942.85714 | L106: =AVERAGE(L90:L105) -> 3.5 | M106: =AVERAGE(M90:M105) -> 2918.4063 | N106: =M106/L106 -> 833.83038 | O106: =L106-I106 -> 0 | P106: =N106-K106 -> -109.02676 | Q106: =N106/K106 -> 0.88436556 | S106: =S90 -> 0.291875 | T106: =INDEX(T90:T105,COUNTA(T90:T105)) -> 0.41111111 | AA106: =M106-J106 -> -381.59366 | AB106: =M106/J106 -> 0.88436556
A107: 自動包裝機 (二配) | B107: 18℃-壽司手卷 | C107: 二配長野稻荷壽司 | E107: 25.64 | F107: 1130 | G107: =E107*F107 -> 28973.2 | I107: 11 | J107: 3600 | K107: =J107/I107 -> 327.27273 | L107: 11 | M107: =F107/V107*60 -> 3170.6937 | N107: =M107/L107 -> 288.24488 | O107: =L107-I107 -> 0 | P107: =N107-K107 -> -39.027847 | Q107: =N107/K107 -> 0.88074825 | R107: =Q123 -> 0.87251659 | S107: 0.70833333 | T107: 0.72318287 | V107: 21.383333 | AA107: =M107-J107 -> -429.30631 | AB107: =M107/J107 -> 0.88074825 | AC107: =AB123 -> 0.87251659
B108: 18℃-壽司手卷 | C108: 二配雙饗雙手卷 | E108: 29.52 | F108: 1368 | G108: =E108*F108 -> 40383.36 | I108: 12 | J108: 3600 | K108: =J108/I108 -> 300 | L108: 12 | M108: =F108/V108*60 -> 3134.8186 | N108: =M108/L108 -> 261.23488 | O108: =L108-I108 -> 0 | P108: =N108-K108 -> -38.765118 | Q108: =N108/K108 -> 0.87078294 | S108: 0.72638889 | T108: 0.74457176 | U108: 4.6166667 | V108: 26.183333 | AA108: =M108-J108 -> -465.18141 | AB108: =M108/J108 -> 0.87078294
B109: 18℃-壽司手卷 | C109: 二配海饌雙手卷 | E109: 29.85 | F109: 1472 | G109: =E109*F109 -> 43939.2 | I109: 12 | J109: 3600 | K109: =J109/I109 -> 300 | L109: 12 | M109: =F109/V109*60 -> 3135.6213 | N109: =M109/L109 -> 261.30178 | O109: =L109-I109 -> 0 | P109: =N109-K109 -> -38.698225 | Q109: =N109/K109 -> 0.87100592 | S109: 0.74791667 | T109: 0.76747685 | U109: 4.8166667 | V109: 28.166667 | AA109: =M109-J109 -> -464.3787 | AB109: =M109/J109 -> 0.87100592
B110: 18℃-飯糰 | C110: 二配兩粒飯糰(鮪魚.焦糖鮭魚) | E110: 28.57 | F110: 1408 | G110: =E110*F110 -> 40226.56 | I110: 12 | J110: 3600 | K110: =J110/I110 -> 300 | L110: 12 | M110: =F110/V110*60 -> 3123.1054 | N110: =M110/L110 -> 260.25878 | O110: =L110-I110 -> 0 | P110: =N110-K110 -> -39.74122 | Q110: =N110/K110 -> 0.86752927 | S110: 0.77083333 | T110: 0.78961806 | U110: 4.8333333 | V110: 27.05 | AA110: =M110-J110 -> -476.89464 | AB110: =M110/J110 -> 0.86752927
B123: 平均 | I123: =AVERAGE(I107:I122) -> 11.75 | J123: =AVERAGE(J107:J122) -> 3600 | K123: =J123/I123 -> 306.38298 | L123: =AVERAGE(L107:L122) -> 11.75 | M123: =AVERAGE(M107:M122) -> 3141.0597 | N123: =M123/L123 -> 267.32423 | O123: =L123-I123 -> 0 | P123: =N123-K123 -> -39.058746 | Q123: =N123/K123 -> 0.87251659 | S123: =S107 -> 0.70833333 | T123: =INDEX(T107:T122,COUNTA(T107:T122)) -> 0.78961806 | AA123: =M123-J123 -> -458.94027 | AB123: =M123/J123 -> 0.87251659
A124: (舊) 3300型飯糰線 (二配) | B124: 18℃-飯糰 | C124: 二配大飯糰滷肉飯加蛋 | E124: 22.48 | F124: 1738 | G124: =E124*F124 -> 39070.24 | I124: 5 | J124: 3000 | K124: =J124/I124 -> 600 | L124: 5 | M124: =F124/V124*60 -> 2663.6015 | N124: =M124/L124 -> 532.72031 | O124: =L124-I124 -> 0 | P124: =N124-K124 -> -67.279693 | Q124: =N124/K124 -> 0.88786718 | R124: =Q140 -> 0.89240875 | S124: 0.70833333 | T124: 0.73552083 | V124: 39.15 | AA124: =M124-J124 -> -336.39847 | AB124: =M124/J124 -> 0.88786718 | AC124: =AB140 -> 0.89240875
B125: 18℃-飯糰 | C125: 二配大飯糰韓式蒜烤豬五花 | E125: 24.54 | F125: 2054 | G125: =E125*F125 -> 50405.16 | I125: 4 | J125: 3000 | K125: =J125/I125 -> 750 | L125: 4 | M125: =F125/V125*60 -> 2664.6486 | N125: =M125/L125 -> 666.16216 | O125: =L125-I125 -> 0 | P125: =N125-K125 -> -83.837838 | Q125: =N125/K125 -> 0.88821622 | S125: 0.73888889 | T125: 0.77100694 | U125: 4.85 | V125: 46.25 | AA125: =M125-J125 -> -335.35135 | AB125: =M125/J125 -> 0.88821622
B126: 18℃-飯糰 | C126: 二配三杯醬爆菇菇飯糰 | E126: 16.7 | F126: 1312 | G126: =E126*F126 -> 21910.4 | I126: 3 | J126: 3300 | K126: =J126/I126 -> 1100 | L126: 3 | M126: =F126/V126*60 -> 2957.5454 | N126: =M126/L126 -> 985.84847 | O126: =L126-I126 -> 0 | P126: =N126-K126 -> -114.15153 | Q126: =N126/K126 -> 0.89622588 | S126: 0.77457176 | T126: 0.79305556 | U126: 5.1333333 | V126: 26.616667 | AA126: =M126-J126 -> -342.4546 | AB126: =M126/J126 -> 0.89622588
B127: 18℃-飯糰 | C127: 二配鹽蔥燒肉飯糰 | E127: 17.89 | F127: 4640 | G127: =E127*F127 -> 83009.6 | I127: 4 | J127: 3300 | K127: =J127/I127 -> 825 | L127: 4 | M127: =F127/V127*60 -> 2958.5547 | N127: =M127/L127 -> 739.63868 | O127: =L127-I127 -> 0 | P127: =N127-K127 -> -85.361318 | Q127: =N127/K127 -> 0.89653174 | S127: 0.79652778 | T127: 0.861875 | U127: 5 | V127: 94.1 | AA127: =M127-J127 -> -341.44527 | AB127: =M127/J127 -> 0.89653174
B140: 平均 | I140: =AVERAGE(I124:I139) -> 4 | J140: =AVERAGE(J124:J139) -> 3150 | K140: =J140/I140 -> 787.5 | L140: =AVERAGE(L124:L139) -> 4 | M140: =AVERAGE(M124:M139) -> 2811.0876 | N140: =M140/L140 -> 702.77189 | O140: =L140-I140 -> 0 | P140: =N140-K140 -> -84.728106 | Q140: =N140/K140 -> 0.89240875 | S140: =S124 -> 0.70833333 | T140: =INDEX(T124:T139,COUNTA(T124:T139)) -> 0.861875 | AA140: =M140-J140 -> -338.91242 | AB140: =M140/J140 -> 0.89240875
A141: (新) 3300型飯糰機 (二配) | B141: 18℃-飯糰 | C141: 二配壹號醬炙烤牛飯糰 | E141: 22.28 | F141: 1500 | G141: =E141*F141 -> 33420 | I141: 5 | J141: 3300 | K141: =J141/I141 -> 660 | L141: 5 | M141: =F141/V141*60 -> 2954.0481 | N141: =M141/L141 -> 590.80963 | O141: =L141-I141 -> 0 | P141: =N141-K141 -> -69.190372 | Q141: =N141/K141 -> 0.8951661 | R141: =Q157 -> 0.89597945 | S141: 0.70833333 | T141: 0.72949074 | V141: 30.466667 | AA141: =M141-J141 -> -345.95186 | AB141: =M141/J141 -> 0.8951661 | AC141: =AB157 -> 0.89597945
B142: 18℃-飯糰 | C142: 二配油蔥G絲飯糰 | E142: 18.18 | F142: 652 | G142: =E142*F142 -> 11853.36 | I142: 4 | J142: 3300 | K142: =J142/I142 -> 825 | L142: 4 | M142: =F142/V142*60 -> 2959.8991 | N142: =M142/L142 -> 739.97478 | O142: =L142-I142 -> 0 | P142: =N142-K142 -> -85.025221 | Q142: =N142/K142 -> 0.89693913 | S142: 0.73263889 | T142: 0.74181713 | U142: 4.5333333 | V142: 13.216667 | AA142: =M142-J142 -> -340.10088 | AB142: =M142/J142 -> 0.89693913
B143: 18℃-飯糰 | C143: 二配雞肉飯飯糰 | E143: 16.66 | F143: 6971 | G143: =E143*F143 -> 116136.86 | I143: 4 | J143: 3300 | K143: =J143/I143 -> 825 | L143: 4 | M143: =F143/V143*60 -> 2956.2493 | N143: =M143/L143 -> 739.06232 | O143: =L143-I143 -> 0 | P143: =N143-K143 -> -85.937684 | Q143: =N143/K143 -> 0.89583311 | S143: 0.74513889 | T143: 0.8433912 | U143: 4.7833333 | V143: 141.48333 | AA143: =M143-J143 -> -343.75074 | AB143: =M143/J143 -> 0.89583311
B157: 平均 | I157: =AVERAGE(I141:I156) -> 4.3333333 | J157: =AVERAGE(J141:J156) -> 3300 | K157: =J157/I157 -> 761.53846 | L157: =AVERAGE(L141:L156) -> 4.3333333 | M157: =AVERAGE(M141:M156) -> 2956.7322 | N157: =M157/L157 -> 682.32281 | O157: =L157-I157 -> 0 | P157: =N157-K157 -> -79.215652 | Q157: =N157/K157 -> 0.89597945 | S157: =S141 -> 0.70833333 | T157: =INDEX(T141:T156,COUNTA(T141:T156)) -> 0.8433912 | AA157: =M157-J157 -> -343.26783 | AB157: =M157/J157 -> 0.89597945
A158: GKK3600型 飯糰機 (二配) | B158: 18℃-飯糰 | C158: 二配經典肉鬆飯糰 | E158: 14.03 | F158: 257 | G158: =E158*F158 -> 3605.71 | H158: 2 | I158: 3 | J158: 3000 | K158: =J158/I158 -> 1000 | L158: 3 | M158: =F158/V158*60 -> 2689.5349 | N158: =M158/L158 -> 896.51163 | O158: =L158-I158 -> 0 | P158: =N158-K158 -> -103.48837 | Q158: =N158/K158 -> 0.89651163 | R158: =Q174 -> 0.88154445 | S158: 0.70851852 | T158: 0.7125 | V158: 5.7333333 | AA158: =M158-J158 -> -310.46512 | AB158: =M158/J158 -> 0.89651163 | AC158: =AB174 -> 0.88154445
B159: 18℃-飯糰 | C159: 二配蔬食鮪魚飯糰 | E159: 18.18 | F159: 1110 | G159: =E159*F159 -> 20179.8 | I159: 3 | J159: 3600 | K159: =J159/I159 -> 1200 | L159: 3 | M159: =F159/V159*60 -> 3131.6614 | N159: =M159/L159 -> 1043.8871 | O159: =L159-I159 -> 0 | P159: =N159-K159 -> -156.11285 | Q159: =N159/K159 -> 0.86990596 | S159: 0.72291667 | T159: 0.73768519 | U159: 15 | V159: 21.266667 | AA159: =M159-J159 -> -468.33856 | AB159: =M159/J159 -> 0.86990596
B160: 18℃-飯糰 | C160: 二配鮪魚飯糰 | E160: 14.28 | F160: 8481 | G160: =E160*F160 -> 121108.68 | I160: 3 | J160: 3600 | K160: =J160/I160 -> 1200 | L160: 3 | M160: =F160/V160*60 -> 3128.5583 | N160: =M160/L160 -> 1042.8528 | O160: =L160-I160 -> 0 | P160: =N160-K160 -> -157.14725 | Q160: =N160/K160 -> 0.86904396 | S160: 0.74815972 | T160: 0.86111111 | U160: 15.083333 | V160: 162.65 | W160: 0.86111111 | X160: 0.91388889 | AA160: =M160-J160 -> -471.44175 | AB160: =M160/J160 -> 0.86904396
B161: 18℃-飯糰 | C161: 二配經典肉鬆飯糰 | E161: 14.03 | F161: 6783 | G161: =E161*F161 -> 95165.49 | I161: 3 | J161: 3000 | K161: =J161/I161 -> 1000 | L161: 3 | M161: =F161/V161*60 -> 2686.6322 | N161: =M161/L161 -> 895.54406 | O161: =L161-I161 -> 0 | P161: =N161-K161 -> -104.45594 | Q161: =N161/K161 -> 0.89554406 | S161: 0.91388889 | T161: 1.0190856 | U161: 76 | V161: 151.48333 | AA161: =M161-J161 -> -313.36781 | AB161: =M161/J161 -> 0.89554406
B174: 平均 | I174: =AVERAGE(I158:I173) -> 3 | J174: =AVERAGE(J158:J173) -> 3300 | K174: =J174/I174 -> 1100 | L174: =AVERAGE(L158:L173) -> 3 | M174: =AVERAGE(M158:M173) -> 2909.0967 | N174: =M174/L174 -> 969.6989 | O174: =L174-I174 -> 0 | P174: =N174-K174 -> -130.3011 | Q174: =N174/K174 -> 0.88154445 | S174: =S158 -> 0.70851852 | T174: =INDEX(T158:T173,COUNTA(T158:T173)) -> 1.0190856 | AA174: =M174-J174 -> -390.90331 | AB174: =M174/J174 -> 0.88154445
A175: GKK3600型 飯糰機2 (二配) | B175: 18℃-飯糰 | C175: 二配芝麻香鬆飯糰 | E175: 18.18 | F175: 1667 | G175: =E175*F175 -> 30306.06 | I175: 4 | J175: 3000 | K175: =J175/I175 -> 750 | L175: 4 | M175: =F175/V175*60 -> 2687.5056 | N175: =M175/L175 -> 671.8764 | O175: =L175-I175 -> 0 | P175: =N175-K175 -> -78.123601 | Q175: =N175/K175 -> 0.8958352 | R175: =Q191 -> 0.88415237 | S175: 0.70833333 | T175: 0.73417824 | V175: 37.216667 | AA175: =M175-J175 -> -312.4944 | AB175: =M175/J175 -> 0.8958352 | AC175: =AB191 -> 0.88415237
B176: 18℃-飯糰 | C176: 二配北海道秋鮭親子飯糰 | E176: 24.82 | F176: 2454 | G176: =E176*F176 -> 60908.28 | I176: 4 | J176: 3300 | K176: =J176/I176 -> 825 | L176: 4 | M176: =F176/V176*60 -> 2927.2366 | N176: =M176/L176 -> 731.80915 | O176: =L176-I176 -> 0 | P176: =N176-K176 -> -93.190855 | Q176: =N176/K176 -> 0.88704139 | S176: 0.74444444 | T176: 0.779375 | U176: 14.783333 | V176: 50.3 | AA176: =M176-J176 -> -372.76342 | AB176: =M176/J176 -> 0.88704139
B177: 18℃-飯糰 | C177: 二配熟成紅鮭飯糰 | E177: 25.03 | F177: 1853 | G177: =E177*F177 -> 46380.59 | I177: 4 | J177: 3300 | K177: =J177/I177 -> 825 | L177: 4 | M177: =F177/V177*60 -> 2928.3582 | N177: =M177/L177 -> 732.08955 | O177: =L177-I177 -> 0 | P177: =N177-K177 -> -92.910448 | Q177: =N177/K177 -> 0.88738128 | S177: 0.78960648 | T177: 0.81597222 | U177: 14.733333 | V177: 37.966667 | AA177: =M177-J177 -> -371.64179 | AB177: =M177/J177 -> 0.88738128
B178: 18℃-飯糰 | C178: 二配明太子龍蝦風味沙拉飯糰 | E178: 18.18 | F178: 3245 | G178: =E178*F178 -> 58994.1 | I178: 3 | J178: 3600 | K178: =J178/I178 -> 1200 | L178: 3 | M178: =F178/V178*60 -> 3127.7108 | N178: =M178/L178 -> 1042.5703 | O178: =L178-I178 -> 0 | P178: =N178-K178 -> -157.42972 | Q178: =N178/K178 -> 0.86880857 | S178: 0.82638889 | T178: 0.86961806 | U178: 15 | V178: 62.25 | AA178: =M178-J178 -> -472.28916 | AB178: =M178/J178 -> 0.86880857
B191: 平均 | I191: =AVERAGE(I175:I190) -> 3.75 | J191: =AVERAGE(J175:J190) -> 3300 | K191: =J191/I191 -> 880 | L191: =AVERAGE(L175:L190) -> 3.75 | M191: =AVERAGE(M175:M190) -> 2917.7028 | N191: =M191/L191 -> 778.05408 | O191: =L191-I191 -> 0 | P191: =N191-K191 -> -101.94592 | Q191: =N191/K191 -> 0.88415237 | S191: =S175 -> 0.70833333 | T191: =INDEX(T175:T190,COUNTA(T175:T190)) -> 0.86961806 | AA191: =M191-J191 -> -382.29719 | AB191: =M191/J191 -> 0.88415237
Y193: 原因回覆
Y194: 1.當日出勤人數較多
Y195: 2.當日出勤人數較少
Y196: 3.當日出勤熟手較多
Y197: 4.當日出勤新人較多
Y198: 5.機台夾盒
Y199: 6.封膜不順
Y200: 7.更換膠膜
Y201: 8.更換碳帶
Y202: 9.當日熱轉印碳帶異常
Y203: 10.訂單量過少
Y204: 11.新品上市，尚未熟悉
Y205: 12.活動期間品項需貼標

Sheet 0131(4度C)
A1: 大溪廠日報分析 | C1: 總生產量 | D1: =SUM(F5:F106) -> 44938 | E1: 營業額 | F1: =SUM(G5:G106) -> 2356369.7 | G1: 出勤人數 | H1: =L21+L38+L55+L72+L89+L106 -> 113.85238 | I1: 產線配置圖 | L1: 生產實績 | O1: 人時性差異分析 | S1: 日報登錄 | Y1: 合計次數 | Z1: 合計(時間/分) | AA1: 產線異常 分析說明(5分鐘以上) | AC1: 合計次數 | AD1: 合計(時間/分) | AE1: 產能差異分析
A2: 46053 | C2: 人時性 | D2: =AVERAGE(N21,N38,N55,N72,N89,N106) -> 156.7662 | E2: 平均廠價 | F2: =F1/D1 -> 52.436016 | G2: 多次生產數 | H2: =COUNT(H5:H106) -> 0 | Y2: =SUM(Y21,Y38,Y55,Y72,Y89,Y106) -> 0 | Z2: =SUM(Z21,Z38,Z55,Z72,Z89,Z106) -> 0 | AC2: =SUM(AC21,AC38,AC55,AC72,AC89,AC106) -> 39 | AD2: =SUM(AD21,AD38,AD55,AD72,AD89,AD106) -> 0
A3: 線別 | B3: 品類 | C3: 品名 | E3: 廠價 | F3: 生產量 | G3: 營收 | H3: 多次 生產 | I3: 人數 | J3: 產能/時 | K3: 人時性 | L3: 人數 | M3: 產能/時 | N3: 人時性 | O3: 人數 | P3: 人時性 | Q3: 達成率 | R3: 達成率 平均 | S3: 生產時間 | U3: 換線、休息/分 | V3: 稼動時間/分 | W3: 休息時間 | Y3: 產線異常統計(5分鐘以上) | AA3: (屏榮回填) | AC3: 短暫停線統計(5分鐘以下) | AE3: 產能/時 | AF3: 達成率 | AG3: 達成率平均
S4: 開始 | T4: 結束 | W4: 開始 | X4: 結束 | Y4: 次數 | Z4: 時間/分 | AC4: 總次數 | AD4: 設備因素(次數)
A5: 便當二線 | B5: 便當 | C5: 福氣魚四喜開運便當 | E5: 65.4 | F5: 685 | G5: =E5*F5 -> 44799 | I5: 24 | J5: 2000 | K5: =J5/I5 -> 83.333333 | L5: 24 | M5: =F5/V5*60 -> 1780.5054 | N5: =M5/L5 -> 74.187726 | O5: =L5-I5 -> 0 | P5: =N5-K5 -> -9.1456077 | Q5: =N5/K5 -> 0.89025271 | R5: =Q21 -> 0.88992846 | S5: 0.29166667 | T5: 0.30769676 | V5: 23.083333 | AC5: 1 | AE5: =M5-J5 -> -219.49458 | AF5: =M5/J5 -> 0.89025271 | AG5: =AF21 -> 0.88992846
B6: 微波主食 | C6: 糖燻野郎三十天熟成牛飯 | E6: 56.77 | F6: 3413 | G6: =E6*F6 -> 193756.01 | I6: 25 | J6: 2000 | K6: =J6/I6 -> 80 | L6: 25 | M6: =F6/V6*60 -> 1777.8614 | N6: =M6/L6 -> 71.114455 | O6: =L6-I6 -> 0 | P6: =N6-K6 -> -8.8855448 | Q6: =N6/K6 -> 0.88893069 | S6: 0.31111111 | T6: 0.39109954 | U6: 4.9166667 | V6: 115.18333 | AC6: 3 | AE6: =M6-J6 -> -222.13862 | AF6: =M6/J6 -> 0.88893069
B7: 便當 | C7: 嫩烤香料雞胸排蔬滿盒 | E7: 77.34 | F7: 1591 | G7: =E7*F7 -> 123047.94 | I7: 25 | J7: 2000 | K7: =J7/I7 -> 80 | L7: 25 | M7: =F7/V7*60 -> 1779.8633 | N7: =M7/L7 -> 71.194531 | O7: =L7-I7 -> 0 | P7: =N7-K7 -> -8.8054692 | Q7: =N7/K7 -> 0.88993163 | S7: 0.39469907 | T7: 0.43194444 | U7: 5.1833333 | V7: 53.633333 | AC7: 1 | AE7: =M7-J7 -> -220.13673 | AF7: =M7/J7 -> 0.88993163
B8: 便當 | C8: 海陸雙拼肉肉餐盒 | E8: 59.54 | F8: 2195 | G8: =E8*F8 -> 130690.3 | I8: 23 | J8: 2000 | K8: =J8/I8 -> 86.956522 | L8: 23 | M8: =F8/V8*60 -> 1778.9284 | N8: =M8/L8 -> 77.344714 | O8: =L8-I8 -> 0 | P8: =N8-K8 -> -9.6118082 | Q8: =N8/K8 -> 0.88946421 | S8: 0.43541667 | T8: 0.4868287 | U8: 5 | V8: 74.033333 | W8: 0.4868287 | X8: 0.52569444 | AC8: 1 | AE8: =M8-J8 -> -221.07159 | AF8: =M8/J8 -> 0.88946421
B9: 便當 | C9: 健身G肉餐盒 | E9: 59.52 | F9: 3390 | G9: =E9*F9 -> 201772.8 | I9: 25 | J9: 2000 | K9: =J9/I9 -> 80 | L9: 25 | M9: =F9/V9*60 -> 1782.1262 | N9: =M9/L9 -> 71.285047 | O9: =L9-I9 -> 0 | P9: =N9-K9 -> -8.7149533 | Q9: =N9/K9 -> 0.89106308 | S9: 0.52569444 | T9: 0.6049537 | U9: 55.966667 | V9: 114.13333 | AC9: 3 | AE9: =M9-J9 -> -217.87383 | AF9: =M9/J9 -> 0.89106308
B21: 平均 | I21: =AVERAGE(I5:I20) -> 24.4 | J21: =AVERAGE(J5:J20) -> 2000 | K21: =J21/I21 -> 81.967213 | L21: =AVERAGE(L5:L20) -> 24.4 | M21: =AVERAGE(M5:M20) -> 1779.8569 | N21: =M21/L21 -> 72.944956 | O21: =L21-I21 -> 0 | P21: =N21-K21 -> -9.022257 | Q21: =N21/K21 -> 0.88992846 | S21: =S5 -> 0.29166667 | T21: =INDEX(T5:T20,COUNTA(T5:T20)) -> 0.6049537 | Y21: =SUM(Y5:Y20) -> 0 | Z21: =SUM(Z5:Z20) -> 0 | AC21: =SUM(AC5:AC20) -> 9 | AD21: =SUM(AD5:AD20) -> 0 | AE21: =M21-J21 -> -220.14307 | AF21: =M21/J21 -> 0.88992846
A22: 涼麵二線 | B22: 便當 | C22: 香腸腿排雙拼便當 | E22: 53.76 | F22: 2514 | G22: =E22*F22 -> 135152.64 | I22: 20 | J22: 2000 | K22: =J22/I22 -> 100 | L22: 20 | M22: =F22/V22*60 -> 1778.0747 | N22: =M22/L22 -> 88.903733 | O22: =L22-I22 -> 0 | P22: =N22-K22 -> -11.096267 | Q22: =N22/K22 -> 0.88903733 | R22: =Q38 -> 0.90476483 | S22: 0.29178241 | T22: 0.35069444 | V22: 84.833333 | AC22: 2 | AE22: =M22-J22 -> -221.92534 | AF22: =M22/J22 -> 0.88903733 | AG22: =AF38 -> 0.92857444
B23: 便當 | C23: 經典滷肉飯 | E23: 47.37 | F23: 1825 | G23: =E23*F23 -> 86450.25 | I23: 21 | J23: 2000 | K23: =J23/I23 -> 95.238095 | L23: 21 | M23: =F23/V23*60 -> 1778.5598 | N23: =M23/L23 -> 84.693325 | O23: =L23-I23 -> 0 | P23: =N23-K23 -> -10.54477 | Q23: =N23/K23 -> 0.88927991 | S23: 0.35446759 | T23: 0.39722222 | U23: 5.4333333 | V23: 61.566667 | AC23: 1 | AE23: =M23-J23 -> -221.44017 | AF23: =M23/J23 -> 0.88927991
B24: 便當 | C24: 蔬活腿排補力餐盒 | E24: 71.55 | F24: 1603 | G24: =E24*F24 -> 114694.65 | I24: 22 | J24: 2000 | K24: =J24/I24 -> 90.909091 | L24: 22 | M24: =F24/V24*60 -> 1777.2713 | N24: =M24/L24 -> 80.78506 | O24: =L24-I24 -> 0 | P24: =N24-K24 -> -10.124031 | Q24: =N24/K24 -> 0.88863566 | S24: 0.40069444 | T24: 0.43827546 | U24: 5 | V24: 54.116667 | AC24: 1 | AE24: =M24-J24 -> -222.72867 | AF24: =M24/J24 -> 0.88863566
B25: 便當 | C25: 美式雞丁餐盒 | E25: 59.34 | F25: 1118 | G25: =E25*F25 -> 66342.12 | I25: 24 | J25: 2000 | K25: =J25/I25 -> 83.333333 | L25: 24 | M25: =F25/V25*60 -> 1779.3103 | N25: =M25/L25 -> 74.137931 | O25: =L25-I25 -> 0 | P25: =N25-K25 -> -9.1954023 | Q25: =N25/K25 -> 0.88965517 | S25: 0.441875 | T25: 0.46805556 | U25: 5.1833333 | V25: 37.7 | AC25: 1 | AE25: =M25-J25 -> -220.68966 | AF25: =M25/J25 -> 0.88965517
B26: 4℃-飯糰 | C26: 韓素燒若飯糰 | E26: 24.07 | F26: 432 | G26: =E26*F26 -> 10398.24 | I26: 21 | J26: 2790 | K26: =J26/I26 -> 132.85714 | L26: 23 | M26: =F26/V26*60 -> 2787.0968 | N26: =M26/L26 -> 121.17812 | O26: =L26-I26 -> 2 | P26: =N26-K26 -> -11.679022 | Q26: =N26/K26 -> 0.91209338 | S26: 0.47222222 | T26: 0.47868056 | U26: 6 | V26: 9.3 | W26: 0.47868056 | X26: 0.51666667 | AC26: 1 | AE26: =M26-J26 -> -2.9032258 | AF26: =M26/J26 -> 0.99895942
B27: 4℃-飯糰 | C27: 麻油雞飯糰 | E27: 29.97 | F27: 2190 | G27: =E27*F27 -> 65634.3 | I27: 21 | J27: 2790 | K27: =J27/I27 -> 132.85714 | L27: 23 | M27: =F27/V27*60 -> 2787.8359 | N27: =M27/L27 -> 121.21026 | O27: =L27-I27 -> 2 | P27: =N27-K27 -> -11.646885 | Q27: =N27/K27 -> 0.91233527 | S27: 0.51666667 | T27: 0.54939815 | U27: 54.7 | V27: 47.133333 | AC27: 1 | AE27: =M27-J27 -> -2.1640736 | AF27: =M27/J27 -> 0.99922435
B28: 便當 | C28: 烤蛋白餐盒 | E28: 58.67 | F28: 2504 | G28: =E28*F28 -> 146909.68 | I28: 23 | J28: 2000 | K28: =J28/I28 -> 86.956522 | L28: 23 | M28: =F28/V28*60 -> 1779.0409 | N28: =M28/L28 -> 77.349602 | O28: =L28-I28 -> 0 | P28: =N28-K28 -> -9.6069195 | Q28: =N28/K28 -> 0.88952043 | S28: 0.55277778 | T28: 0.61142361 | U28: 4.8666667 | V28: 84.45 | AC28: 2 | AE28: =M28-J28 -> -220.95915 | AF28: =M28/J28 -> 0.88952043
B38: 平均 | I38: =AVERAGE(I22:I37) -> 21.714286 | J38: =AVERAGE(J22:J37) -> 2225.7143 | K38: =J38/I38 -> 102.5 | L38: =AVERAGE(L22:L37) -> 22.285714 | M38: =AVERAGE(M22:M37) -> 2066.7414 | N38: =M38/L38 -> 92.738396 | O38: =L38-I38 -> 0.57142857 | P38: =N38-K38 -> -9.7616044 | Q38: =N38/K38 -> 0.90476483 | S38: =S22 -> 0.29178241 | T38: =INDEX(T22:T37,COUNTA(T22:T37)) -> 0.61142361 | Y38: =SUM(Y22:Y37) -> 0 | Z38: =SUM(Z22:Z37) -> 0 | AC38: =SUM(AC22:AC37) -> 9 | AD38: =SUM(AD22:AD37) -> 0 | AE38: =M38-J38 -> -158.9729 | AF38: =M38/J38 -> 0.92857444
A39: 涼麵三線 | B39: 微波小吃 | C39: 日式茶碗蒸 | E39: 19.7 | F39: 3240 | G39: =E39*F39 -> 63828 | I39: 13 | J39: 1200 | K39: =J39/I39 -> 92.307692 | L39: 13 | M39: =F39/V39*60 -> 1078.3027 | N39: =M39/L39 -> 82.946359 | O39: =L39-I39 -> 0 | P39: =N39-K39 -> -9.3613329 | Q39: =N39/K39 -> 0.89858556 | R39: =Q55 -> 0.89183658 | S39: 0.20833333 | T39: 0.33353009 | V39: 180.28333 | AC39: 5 | AE39: =M39-J39 -> -121.69733 | AF39: =M39/J39 -> 0.89858556 | AG39: =AF55 -> 0.89183658
B40: 季節調理麵 | C40: 醬油叉燒拉麵 | E40: 72.4 | F40: 542 | G40: =E40*F40 -> 39240.8 | I40: 18 | J40: 1800 | K40: =J40/I40 -> 100 | L40: 18 | M40: =F40/V40*60 -> 1605.9259 | N40: =M40/L40 -> 89.218107 | O40: =L40-I40 -> 0 | P40: =N40-K40 -> -10.781893 | Q40: =N40/K40 -> 0.89218107 | S40: 0.33680556 | T40: 0.35086806 | U40: 4.7166667 | V40: 20.25 | AC40: 1 | AE40: =M40-J40 -> -194.07407 | AF40: =M40/J40 -> 0.89218107
B41: 季節調理麵 | C41: 東京豚骨風味拉麵 | E41: 71.84 | F41: 990 | G41: =E41*F41 -> 71121.6 | I41: 19 | J41: 1800 | K41: =J41/I41 -> 94.736842 | L41: 19 | M41: =F41/V41*60 -> 1606.1289 | N41: =M41/L41 -> 84.533099 | O41: =L41-I41 -> 0 | P41: =N41-K41 -> -10.203743 | Q41: =N41/K41 -> 0.89229383 | S41: 0.35417824 | T41: 0.37986111 | U41: 4.7666667 | V41: 36.983333 | AC41: 1 | AE41: =M41-J41 -> -193.87111 | AF41: =M41/J41 -> 0.89229383
B42: 熱食義麵 | C42: 焗烤蕃茄起司四方麵 | E42: 57.3 | F42: 1519 | G42: =E42*F42 -> 87038.7 | I42: 22 | J42: 1800 | K42: =J42/I42 -> 81.818182 | L42: 22 | M42: =F42/V42*60 -> 1604.1068 | N42: =M42/L42 -> 72.913944 | O42: =L42-I42 -> 0 | P42: =N42-K42 -> -8.9042374 | Q42: =N42/K42 -> 0.89117043 | S42: 0.38346065 | T42: 0.42291667 | U42: 5.1833333 | V42: 56.816667 | AC42: 1 | AE42: =M42-J42 -> -195.89322 | AF42: =M42/J42 -> 0.89117043
B43: 微波小吃 | C43: 日式壽喜燒 | E43: 57.73 | F43: 963 | G43: =E43*F43 -> 55593.99 | I43: 22 | J43: 1800 | K43: =J43/I43 -> 81.818182 | L43: 22 | M43: =F43/V43*60 -> 1605 | N43: =M43/L43 -> 72.954545 | O43: =L43-I43 -> 0 | P43: =N43-K43 -> -8.8636364 | Q43: =N43/K43 -> 0.89166667 | S43: 0.42638889 | T43: 0.45138889 | U43: 5 | V43: 36 | AC43: 1 | AE43: =M43-J43 -> -195 | AF43: =M43/J43 -> 0.89166667
B44: 微波小吃 | C44: 韓式部隊鍋 | E44: 57.73 | F44: 774 | G44: =E44*F44 -> 44683.02 | I44: 22 | J44: 1800 | K44: =J44/I44 -> 81.818182 | L44: 22 | M44: =F44/V44*60 -> 1603.2221 | N44: =M44/L44 -> 72.873732 | O44: =L44-I44 -> 0 | P44: =N44-K44 -> -8.9444503 | Q44: =N44/K44 -> 0.89067894 | S44: 0.45488426 | T44: 0.475 | U44: 5.0333333 | V44: 28.966667 | AC44: 1 | AE44: =M44-J44 -> -196.77791 | AF44: =M44/J44 -> 0.89067894
B45: 季節調理麵 | C45: 和風匠製胡麻涼麵 | E45: 32.06 | F45: 977 | G45: =E45*F45 -> 31322.62 | I45: 19 | J45: 3600 | K45: =J45/I45 -> 189.47368 | L45: 19 | M45: =F45/V45*60 -> 3206.1987 | N45: =M45/L45 -> 168.7473 | O45: =L45-I45 -> 0 | P45: =N45-K45 -> -20.726383 | Q45: =N45/K45 -> 0.89061076 | S45: 0.47916667 | T45: 0.49186343 | U45: 6 | V45: 18.283333 | W45: 0.49186343 | X45: 0.53063657 | AC45: 1 | AE45: =M45-J45 -> -393.80128 | AF45: =M45/J45 -> 0.89061076
B46: 季節調理麵 | C46: 鴻運番茄湯麵 | E46: 56.43 | F46: 1467 | G46: =E46*F46 -> 82782.81 | I46: 19 | J46: 1800 | K46: =J46/I46 -> 94.736842 | L46: 19 | M46: =F46/V46*60 -> 1603.7656 | N46: =M46/L46 -> 84.408714 | O46: =L46-I46 -> 0 | P46: =N46-K46 -> -10.328128 | Q46: =N46/K46 -> 0.89098087 | S46: 0.53063657 | T46: 0.56875 | U46: 55.833333 | V46: 54.883333 | AC46: 1 | AE46: =M46-J46 -> -196.23444 | AF46: =M46/J46 -> 0.89098087
B55: 平均 | I55: =AVERAGE(I39:I54) -> 19.25 | J55: =AVERAGE(J39:J54) -> 1950 | K55: =J55/I55 -> 101.2987 | L55: =AVERAGE(L39:L54) -> 19.25 | M55: =AVERAGE(M39:M54) -> 1739.0813 | N55: =M55/L55 -> 90.341887 | O55: =L55-I55 -> 0 | P55: =N55-K55 -> -10.956814 | Q55: =N55/K55 -> 0.89183658 | S55: =S39 -> 0.20833333 | T55: =INDEX(T39:T54,COUNTA(T39:T54)) -> 0.56875 | Y55: =SUM(Y39:Y54) -> 0 | Z55: =SUM(Z39:Z54) -> 0 | AC55: =SUM(AC39:AC54) -> 12 | AD55: =SUM(AD39:AD54) -> 0 | AE55: =M55-J55 -> -210.91867 | AF55: =M55/J55 -> 0.89183658
A56: 自動包裝機 | B56: 4℃-飯糰 | C56: 和風牛肉咖哩炸飯糰 | E56: 21.74 | F56: 474 | G56: =E56*F56 -> 10304.76 | I56: 6 | J56: 3600 | K56: =J56/I56 -> 600 | L56: 6 | M56: =F56/V56*60 -> 3250.2857 | N56: =M56/L56 -> 541.71429 | O56: =L56-I56 -> 0 | P56: =N56-K56 -> -58.285714 | Q56: =N56/K56 -> 0.90285714 | R56: =Q72 -> 0.90297375 | S56: 0.4265625 | T56: 0.43263889 | U56: 6.0166667 | V56: 8.75 | AC56: 1 | AE56: =M56-J56 -> -349.71429 | AF56: =M56/J56 -> 0.90285714 | AG56: =AF72 -> 0.90297375
B57: 4℃-壽司手卷 | C57: 明太子泡菜牛飯卷 | E57: 27.05 | F57: 982 | G57: =E57*F57 -> 26563.1 | I57: 6 | J57: 3273 | K57: =J57/I57 -> 545.5 | L57: 6 | M57: =F57/V57*60 -> 2955.8528 | N57: =M57/L57 -> 492.64214 | O57: =L57-I57 -> 0 | P57: =N57-K57 -> -52.85786 | Q57: =N57/K57 -> 0.903102 | S57: 0.43615741 | T57: 0.45 | U57: 5.0666667 | V57: 19.933333 | AC57: 1 | AE57: =M57-J57 -> -317.14716 | AF57: =M57/J57 -> 0.903102
B72: 平均 | I72: =AVERAGE(I56:I71) -> 6 | J72: =AVERAGE(J56:J71) -> 3436.5 | K72: =J72/I72 -> 572.75 | L72: =AVERAGE(L56:L71) -> 6 | M72: =AVERAGE(M56:M71) -> 3103.0693 | N72: =M72/L72 -> 517.17821 | O72: =L72-I72 -> 0 | P72: =N72-K72 -> -55.571787 | Q72: =N72/K72 -> 0.90297375 | S72: =S56 -> 0.4265625 | T72: =INDEX(T56:T71,COUNTA(T56:T71)) -> 0.45 | Y72: =SUM(Y56:Y71) -> 0 | Z72: =SUM(Z56:Z71) -> 0 | AC72: =SUM(AC56:AC71) -> 2 | AD72: =SUM(AD56:AD71) -> 0 | AE72: =M72-J72 -> -333.43072 | AF72: =M72/J72 -> 0.90297375
A73: 便當二線 (二配) | B73: 微波主食 | C73: 二配西班牙風味海鮮燉飯 | E73: 57.3 | F73: 1194 | G73: =E73*F73 -> 68416.2 | I73: 21 | J73: 2000 | K73: =J73/I73 -> 95.238095 | L73: 21 | M73: =F73/V73*60 -> 1780.6131 | N73: =M73/L73 -> 84.7911 | O73: =L73-I73 -> 0 | P73: =N73-K73 -> -10.446996 | Q73: =N73/K73 -> 0.89030655 | R73: =Q89 -> 0.88956392 | S73: 0.70833333 | T73: 0.73627315 | V73: 40.233333 | AC73: 1 | AE73: =M73-J73 -> -219.38691 | AF73: =M73/J73 -> 0.89030655 | AG73: =AF89 -> 0.88956392
B74: 微波主食 | C74: 二配失控起司薯餅焗飯 | E74: 54.09 | F74: 1714 | G74: =E74*F74 -> 92710.26 | I74: 19 | J74: 2000 | K74: =J74/I74 -> 105.26316 | L74: 19 | M74: =F74/V74*60 -> 1777.1889 | N74: =M74/L74 -> 93.53626 | O74: =L74-I74 -> 0 | P74: =N74-K74 -> -11.726898 | Q74: =N74/K74 -> 0.88859447 | S74: 0.73967593 | T74: 0.77986111 | U74: 4.9 | V74: 57.866667 | AC74: 1 | AE74: =M74-J74 -> -222.81106 | AF74: =M74/J74 -> 0.88859447
B75: 微波主食 | C75: 二配蒙古風味烤肉飯 | E75: 58.17 | F75: 1813 | G75: =E75*F75 -> 105462.21 | I75: 19 | J75: 1800 | K75: =J75/I75 -> 94.736842 | L75: 19 | M75: =F75/V75*60 -> 1601.6687 | N75: =M75/L75 -> 84.298353 | O75: =L75-I75 -> 0 | P75: =N75-K75 -> -10.438489 | Q75: =N75/K75 -> 0.88981595 | S75: 0.7833912 | T75: 0.83055556 | U75: 5.0833333 | V75: 67.916667 | AC75: 1 | AE75: =M75-J75 -> -198.33129 | AF75: =M75/J75 -> 0.88981595
B89: 平均 | I89: =AVERAGE(I73:I88) -> 19.666667 | J89: =AVERAGE(J73:J88) -> 1933.3333 | K89: =J89/I89 -> 98.305085 | L89: =AVERAGE(L73:L88) -> 19.666667 | M89: =AVERAGE(M73:M88) -> 1719.8236 | N89: =M89/L89 -> 87.448657 | O89: =L89-I89 -> 0 | P89: =N89-K89 -> -10.856428 | Q89: =N89/K89 -> 0.88956392 | S89: =S73 -> 0.70833333 | T89: =INDEX(T73:T88,COUNTA(T73:T88)) -> 0.83055556 | Y89: =SUM(Y73:Y88) -> 0 | Z89: =SUM(Z73:Z88) -> 0 | AC89: =SUM(AC73:AC88) -> 3 | AD89: =SUM(AD73:AD88) -> 0 | AE89: =M89-J89 -> -213.50975 | AF89: =M89/J89 -> 0.88956392
A90: 涼麵二線 (二配) | B90: 微波主食 | C90: 二配乳酪燻腸紅醬焗飯 | E90: 50.67 | F90: 427 | G90: =E90*F90 -> 21636.09 | I90: 20 | J90: 2000 | K90: =J90/I90 -> 100 | L90: 20 | M90: =F90/V90*60 -> 1779.1667 | N90: =M90/L90 -> 88.958333 | O90: =L90-I90 -> 0 | P90: =N90-K90 -> -11.041667 | Q90: =N90/K90 -> 0.88958333 | R90: =Q106 -> 0.88938891 | S90: 0.70833333 | T90: 0.71833333 | V90: 14.4 | AC90: 1 | AE90: =M90-J90 -> -220.83333 | AF90: =M90/J90 -> 0.88958333 | AG90: =AF106 -> 0.88938891
B91: 微波主食 | C91: 二配里肌豬排可可咖哩歐姆蛋飯 | E91: 56.79 | F91: 1647 | G91: =E91*F91 -> 93533.13 | I91: 23 | J91: 2000 | K91: =J91/I91 -> 86.956522 | L91: 23 | M91: =F91/V91*60 -> 1778.9379 | N91: =M91/L91 -> 77.345126 | O91: =L91-I91 -> 0 | P91: =N91-K91 -> -9.6113959 | Q91: =N91/K91 -> 0.88946895 | S91: 0.72184028 | T91: 0.76041667 | U91: 5.05 | V91: 55.55 | AC91: 1 | AE91: =M91-J91 -> -221.06211 | AF91: =M91/J91 -> 0.88946895
B92: 微波主食 | C92: 二配黃金雞排蘑菇白醬歐姆蛋飯 | E92: 56.87 | F92: 1224 | G92: =E92*F92 -> 69608.88 | I92: 23 | J92: 2000 | K92: =J92/I92 -> 86.956522 | L92: 23 | M92: =F92/V92*60 -> 1779.6446 | N92: =M92/L92 -> 77.375852 | O92: =L92-I92 -> 0 | P92: =N92-K92 -> -9.5806701 | Q92: =N92/K92 -> 0.88982229 | S92: 0.76388889 | T92: 0.7925463 | U92: 5 | V92: 41.266667 | AC92: 1 | AE92: =M92-J92 -> -220.35541 | AF92: =M92/J92 -> 0.88982229
B93: 微波主食 | C93: 二配哞哞培根奶香海陸焗飯 | E93: 47.6 | F93: 1531 | G93: =E93*F93 -> 72875.6 | I93: 23 | J93: 2000 | K93: =J93/I93 -> 86.956522 | L93: 23 | M93: =F93/V93*60 -> 1777.3621 | N93: =M93/L93 -> 77.276615 | O93: =L93-I93 -> 0 | P93: =N93-K93 -> -9.6799069 | Q93: =N93/K93 -> 0.88868107 | S93: 0.79605324 | T93: 0.83194444 | U93: 5.05 | V93: 51.683333 | AC93: 1 | AE93: =M93-J93 -> -222.63786 | AF93: =M93/J93 -> 0.88868107
B106: 平均 | I106: =AVERAGE(I90:I105) -> 22.25 | J106: =AVERAGE(J90:J105) -> 2000 | K106: =J106/I106 -> 89.88764 | L106: =AVERAGE(L90:L105) -> 22.25 | M106: =AVERAGE(M90:M105) -> 1778.7778 | N106: =M106/L106 -> 79.945071 | O106: =L106-I106 -> 0 | P106: =N106-K106 -> -9.9425698 | Q106: =N106/K106 -> 0.88938891 | S106: =S90 -> 0.70833333 | T106: =INDEX(T90:T105,COUNTA(T90:T105)) -> 0.83194444 | Y106: =SUM(Y90:Y105) -> 0 | Z106: =SUM(Z90:Z105) -> 0 | AC106: =SUM(AC90:AC105) -> 4 | AD106: =SUM(AD90:AD105) -> 0 | AE106: =M106-J106 -> -221.22218 | AF106: =M106/J106 -> 0.88938891
AA108: 原因回覆
AA109: 1.當日出勤人數較多
AA110: 2.當日出勤人數較少
AA111: 3.當日出勤熟手較多
AA112: 4.當日出勤新人較多
AA113: 5.機台夾盒
AA114: 6.封膜不順
AA115: 7.更換膠膜
AA116: 8.更換碳帶
AA117: 9.當日熱轉印碳帶異常
AA118: 10.訂單量過少
AA119: 11.新品上市，尚未熟悉
AA120: 12.活動期間品項需貼標

Sheet 0130
B1: 屏榮 大溪廠組合室生產人時性分析
B3: 日期 | C3: 115.01.30星期五 | E3: 訂單量 | F3: ='0130(18度C)'!D1+'0130(4度C)'!D1 -> 121636 | H3: 營業額 | I3: ='0130(18度C)'!F1+'0130(4度C)'!F1 -> 3724978
B4: 人時性 | C4: 項目 | E4: ➀ | G4: ➁ | I4: ➂ | K4: ④ | M4: ⑤ | O4: 異常停線 | Q4: 短暫停線
C5: 組合室 | E5: 全溫層 | G5: 4度C-各編組展開(一配) | I5: 4度C-各編組展開(二配) | K5: 18度C-各編組展開(一配) | M5: 18度C-各編組展開(二配) | O5: 合計次數 | P5: 時間 | Q5: 合計次數 | R5: 設備次數
C6: 排關平均 | E6: =AVERAGE(D14:O14,D32:X32) -> 546.8859 | F6: =AVERAGE(#REF!,D14:K14) -> #REF! | G6: =AVERAGE(D14:K14) -> 214.62898 | I6: =AVERAGE(L14:O14) -> 94.096363 | K6: =AVERAGE(D32:O32) -> 735.8217 | M6: =AVERAGE(P32:X32) -> 767.08429 | O6: ='0130(4度C)'!Y2 -> 0 | P6: ='0130(4度C)'!Z2 -> 0 | Q6: ='0130(4度C)'!AC2 -> 35 | R6: ='0130(4度C)'!AD2 -> 0
C7: 實績平均 | E7: =AVERAGE(D15:O15,D33:X33) -> 485.61792 | F7: =AVERAGE(#REF!,D15:K15) -> #REF! | G7: =AVERAGE(D15:K15) -> 193.29428 | I7: =AVERAGE(L15:O15) -> 83.690393 | K7: =AVERAGE(D33:O33) -> 652.50283 | M7: =AVERAGE(P33:X33) -> 679.98595
C8: 達成率平均 | E8: =AVERAGE(D16:O16,D34:X34) -> 0.88917486 | F8: =AVERAGE(D16:K16,#REF!) -> #REF! | G8: =AVERAGE(D16:K16) -> 0.89723386 | I8: =AVERAGE(L16:O16) -> 0.88940587 | K8: =AVERAGE(D34:O34) -> 0.88697921 | M8: =AVERAGE(P34:X34) -> 0.88527006
O9: ※現行日本鮮食廠以達成率80%為基本(即為現行KPI)
B11: 溫層 | D11: ➁4度C-各編組展開 | L11: ➂4度C-各編組展開
B12: 編組 | D12: 1 | E12: 2 | F12: 3 | G12: 4 | H12: 5 | I12: 6 | J12: 7 | K12: 8 | L12: 1 | M12: 2 | N12: 3 | O12: 4
D13: 便當一線 | E13: 便當二線 | F13: 涼麵一線 | G13: 涼麵二線 | H13: 涼麵三線 | I13: 自動包裝機 | J13: 自動包裝機2 | K13: 自動包裝機3 | L13: 便當一線 | M13: 便當二線 | N13: 涼麵一線 | O13: 涼麵二線
B14: 人時性 | C14: 排關 | D14: - | E14: 81.967213 | F14: - | G14: 102.5 | H14: 101.2987 | I14: 572.75 | J14: - | K14: - | L14: - | M14: 98.305085 | N14: - | O14: 89.88764
C15: 實績 | D15: - | E15: 72.939475 | F15: - | G15: 92.679562 | H15: 90.342666 | I15: 517.21542 | J15: - | K15: - | L15: - | M15: 87.445636 | N15: - | O15: 79.93515
C16: 達成率 | D16: - | E16: =E15/E14 -> 0.88986159 | F16: - | G16: =G15/G14 -> 0.90419085 | H16: =H15/H14 -> 0.89184427 | I16: =I15/I14 -> 0.90303872 | J16: - | K16: - | L16: - | M16: =M15/M14 -> 0.88953319 | N16: - | O16: =O15/O14 -> 0.88927854
B17: 作業 時間 | C17: 開始 | D17: - | E17: 0.29166667 | F17: - | G17: 0.29166667 | H17: 0.20833333 | I17: 0.43611111 | J17: - | K17: - | L17: - | M17: 0.70866898 | N17: - | O17: 0.70833333
C18: 結束 | D18: - | E18: 0.58680556 | F18: - | G18: 0.58498843 | H18: 0.54305556 | I18: 0.45725694 | J18: - | K18: - | L18: - | M18: 0.81349537 | N18: - | O18: 0.82384259
B19: 產線異常 (5分鐘以上) | C19: 次數
C20: 時間/分
B21: 短暫停線 (5分鐘以下) | C21: 次數 | E21: 7 | G21: 8 | H21: 11 | I21: 2 | M21: 3 | O21: 4
C22: 設備次數
B23: 配置人數 | D23: - | E23: 24.4 | F23: - | G23: 22.285714 | H23: 19.25 | I23: 6 | J23: - | K23: - | L23: - | M23: 19.666667 | N23: - | O23: 22.25
B24: 主要應用設備 | D24: L型封口機 | E24: ET-55 | F24: ET-55 | G24: ET-55 | H24: ET-600 | I24: 伺服包裝機 | J24: 伺服包裝機 | K24: 伺服包裝機 | L24: L型封口機 | M24: ET-55 | N24: ET-55 | O24: ET-55
B25: 次要應用設備 | D25: 伺服包裝機 | H25: 伺服包裝機
B26: 備註 | H26: 涼麵+烤飯糰 | I26: 大口飯糰線 | K26: 烤飯糰+手卷
B29: 溫層 | D29: ➃18度C-各編組展開 (一配) | P29: ⑤18度C-各編組展開 (二配)
B30: 編組 | D30: 1 | E30: 2 | F30: 3 | G30: 4 | H30: 5 | I30: 6 | J30: 7 | K30: 8 | L30: 9 | M30: 10 | N30: 11 | O30: 12 | P30: 1 | Q30: 2 | R30: 3 | S30: 4 | T30: 5 | U30: 6 | V30: 7 | W30: 8 | X30: 9
D31: 便當一線 | E31: 涼麵一線 | F31: 涼麵三線 | G31: 自動包裝機 | H31: 自動包裝機2 | I31: 自動包裝機3 | J31: 味付飯糰線B | K31: (舊) 3300型飯糰線 | L31: 3000型飯糰線 | M31: (新) 3300型飯糰機 | N31: GKK3600型 飯糰機 | O31: GKK3600型 飯糰機2 | P31: 自動包裝機 | Q31: 自動包裝機2 | R31: 自動包裝機3 | S31: 味付飯糰線B | T31: (舊) 3300型飯糰線 | U31: 3000型飯糰線 | V31: (新) 3300型飯糰機 | W31: GKK3600型 飯糰機 | X31: GKK3600型 飯糰機2
B32: 人時性 | C32: 排關 | D32: - | E32: - | F32: - | G32: 318.86792 | H32: 433.33333 | I32: - | J32: - | K32: 825 | L32: - | M32: 761.53846 | N32: 1133.3333 | O32: 942.85714 | P32: 306.38298 | Q32: - | R32: - | S32: - | T32: 787.5 | U32: - | V32: 761.53846 | W32: 1100 | X32: 880
C33: 實績 | D33: - | E33: - | F33: - | G33: 279.75752 | H33: 386.55788 | I33: - | J33: - | K33: 738.56992 | L33: - | M33: 681.95977 | N33: 994.29753 | O33: 833.87435 | P33: 267.30854 | Q33: - | R33: - | S33: - | T33: 702.74053 | U33: - | V33: 682.3557 | W33: 969.45403 | X33: 778.07093
C34: 達成率 | D34: - | E34: - | F34: - | G34: =G33/G32 -> 0.87734607 | H34: =H33/H32 -> 0.89205664 | I34: - | J34: - | K34: =K33/K32 -> 0.89523627 | L34: - | M34: =M33/M32 -> 0.89550273 | N34: =N33/N32 -> 0.87732135 | O34: =O33/O32 -> 0.88441218 | P34: =P33/P32 -> 0.87246537 | Q34: - | R34: - | S34: - | T34: =T33/T32 -> 0.89236893 | U34: - | V34: =V33/V32 -> 0.89602264 | W34: =W33/W32 -> 0.88132185 | X34: =X33/X32 -> 0.88417151
B35: 作業 時間 | C35: 開始 | D35: - | E35: - | F35: - | G35: 0.34166667 | H35: 0.29166667 | I35: - | J35: - | K35: 0.29168981 | L35: - | M35: 0.29166667 | N35: 0.29171296 | O35: 0.29168981 | P35: 0.7084838 | Q35: - | R35: - | S35: - | T35: 0.70833333 | U35: - | V35: 0.70859954 | W35: 0.70833333 | X35: 0.70833333
C36: 結束 | D36: - | E36: - | F36: - | G36: 0.4322338 | H36: 0.32083333 | I36: - | J36: - | K36: 0.39652778 | L36: - | M36: 0.39331019 | N36: 0.43541667 | O36: 0.41619213 | P36: 0.79166667 | Q36: - | R36: - | S36: - | T36: 0.84583333 | U36: - | V36: 0.8315162 | W36: 0.99126157 | X36: 0.85640046
B37: 配置人數 | D37: - | E37: - | F37: - | G37: 10.6 | H37: 6 | I37: - | J37: - | K37: 4 | L37: - | M37: 4.3333333 | N37: 3 | O37: 3.5 | P37: 11.75 | Q37: - | R37: - | S37: - | T37: 4 | U37: - | V37: 4.3333333 | W37: 3 | X37: 3.75
B38: 主要應用設備 | D38: 伺服包裝機 | E38: ET-55 | F38: ET-600 | G38: 夾心型 | H38: 伺服包裝機 | I38: 伺服包裝機 | J38: 夾心型 | K38: 3300型 | L38: 3300型 | M38: 3300型 | N38: GKK | O38: GKK | P38: 夾心型 | Q38: 伺服包裝機 | R38: 伺服包裝機 | S38: 夾心型 | T38: 3300型 | U38: 3300型 | V38: 3300型 | W38: GKK | X38: GKK
B39: 次要應用設備
B40: 備註

Sheet 0130(18度C)
A1: 大溪廠日報分析 | C1: 總生產量 | D1: =SUM(F5:F191) -> 80954 | E1: 營業額 | F1: =SUM(G5:G191) -> 1603243.3 | G1: 出勤人數 | H1: =L21+L38+L55+L72+L89+L106+L123+L140+L157+L174+L191 -> 58.266667 | I1: 產線配置圖 | L1: 生產實績 | O1: 人時性差異分析 | S1: 日報登錄 | Y1: 分析說明 | AA1: 產能差異分析
A2: 46052 | C2: 人時性 | D2: =AVERAGE(N21,N38,N55,N72,N89,N106,N123,N140,N157,N174,N191) -> 664.99515 | E2: 平均廠價 | F2: =F1/D1 -> 19.804374 | G2: 多次生產數 | H2: =COUNT(H5:H191) -> 1
A3: 線別 | B3: 品類 | C3: 品名 | E3: 廠價 | F3: 生產量 | G3: 營收 | H3: 多次 生產 | I3: 人數 | J3: 產能/時 | K3: 人時性 | L3: 人數 | M3: 產能/時 | N3: 人時性 | O3: 人數 | P3: 人時性 | Q3: 達成率 | R3: 達成率 平均 | S3: 生產時間 | U3: 換線、休息/分 | V3: 稼動時間/分 | W3: 休息時間 | Y3: (屏榮回填) | AA3: 產能/時 | AB3: 達成率 | AC3: 達成率平均
S4: 開始 | T4: 結束 | W4: 開始 | X4: 結束
A5: 自動包裝機 | B5: 18℃-壽司手卷 | C5: 一配明太子玉子脆卷 | E5: 19.7 | F5: 231 | G5: =E5*F5 -> 4550.7 | I5: 6 | J5: 2500 | K5: =J5/I5 -> 416.66667 | L5: 6 | M5: =F5/V5*60 -> 2259.7826 | N5: =M5/L5 -> 376.63043 | O5: =L5-I5 -> 0 | P5: =N5-K5 -> -40.036232 | Q5: =N5/K5 -> 0.90391304 | R5: =Q21 -> 0.87734607 | S5: 0.34166667 | T5: 0.34592593 | V5: 6.1333333 | AA5: =M5-J5 -> -240.21739 | AB5: =M5/J5 -> 0.90391304 | AC5: =AB21 -> 0.87734607
B6: 18℃-飯糰 | C6: 一配兩粒飯糰(鮪魚.焦糖鮭魚) | E6: 28.57 | F6: 1705 | G6: =E6*F6 -> 48711.85 | I6: 12 | J6: 3600 | K6: =J6/I6 -> 300 | L6: 12 | M6: =F6/V6*60 -> 3123.6641 | N6: =M6/L6 -> 260.30534 | O6: =L6-I6 -> 0 | P6: =N6-K6 -> -39.694656 | Q6: =N6/K6 -> 0.86768448 | S6: 0.34947917 | T6: 0.37222222 | U6: 5.1166667 | V6: 32.75 | AA6: =M6-J6 -> -476.33588 | AB6: =M6/J6 -> 0.86768448
B7: 18℃-壽司手卷 | C7: 一配海饌雙手卷 | E7: 29.85 | F7: 1380 | G7: =E7*F7 -> 41193 | I7: 12 | J7: 3600 | K7: =J7/I7 -> 300 | L7: 12 | M7: =F7/V7*60 -> 3136.3636 | N7: =M7/L7 -> 261.36364 | O7: =L7-I7 -> 0 | P7: =N7-K7 -> -38.636364 | Q7: =N7/K7 -> 0.87121212 | S7: 0.37569444 | T7: 0.39402778 | U7: 5 | V7: 26.4 | AA7: =M7-J7 -> -463.63636 | AB7: =M7/J7 -> 0.87121212
B8: 18℃-壽司手卷 | C8: 一配雙饗雙手卷 | E8: 29.52 | F8: 1326 | G8: =E8*F8 -> 39143.52 | I8: 12 | J8: 3600 | K8: =J8/I8 -> 300 | L8: 12 | M8: =F8/V8*60 -> 3136.3995 | N8: =M8/L8 -> 261.36662 | O8: =L8-I8 -> 0 | P8: =N8-K8 -> -38.633377 | Q8: =N8/K8 -> 0.87122208 | S8: 0.39722222 | T8: 0.41483796 | U8: 4.6 | V8: 25.366667 | AA8: =M8-J8 -> -463.60053 | AB8: =M8/J8 -> 0.87122208
B9: 18℃-壽司手卷 | C9: 一配長野稻荷壽司 | E9: 25.64 | F9: 1079 | G9: =E9*F9 -> 27665.56 | I9: 11 | J9: 3600 | K9: =J9/I9 -> 327.27273 | L9: 11 | M9: =F9/V9*60 -> 3170.9388 | N9: =M9/L9 -> 288.26716 | O9: =L9-I9 -> 0 | P9: =N9-K9 -> -39.005566 | Q9: =N9/K9 -> 0.88081633 | S9: 0.41805556 | T9: 0.4322338 | U9: 4.6333333 | V9: 20.416667 | AA9: =M9-J9 -> -429.06122 | AB9: =M9/J9 -> 0.88081633
B21: 平均 | I21: =AVERAGE(I5:I20) -> 10.6 | J21: =AVERAGE(J5:J20) -> 3380 | K21: =J21/I21 -> 318.86792 | L21: =AVERAGE(L5:L20) -> 10.6 | M21: =AVERAGE(M5:M20) -> 2965.4297 | N21: =M21/L21 -> 279.75752 | O21: =L21-I21 -> 0 | P21: =N21-K21 -> -39.110403 | Q21: =N21/K21 -> 0.87734607 | S21: =S5 -> 0.34166667 | T21: =INDEX(T5:T20,COUNTA(T5:T20)) -> 0.4322338 | AA21: =M21-J21 -> -414.57028 | AB21: =M21/J21 -> 0.87734607
A22: 自動包裝機2 | B22: 18℃-壽司手卷 | C22: 一配雙鬆細卷 | E22: 14.03 | F22: 666 | G22: =E22*F22 -> 9343.98 | I22: 6 | J22: 2600 | K22: =J22/I22 -> 433.33333 | L22: 6 | M22: =F22/V22*60 -> 2318.7621 | N22: =M22/L22 -> 386.46035 | O22: =L22-I22 -> 0 | P22: =N22-K22 -> -46.872985 | Q22: =N22/K22 -> 0.89183157 | R22: =Q38 -> 0.89205664 | S22: 0.29166667 | T22: 0.30363426 | V22: 17.233333 | AA22: =M22-J22 -> -281.23791 | AB22: =M22/J22 -> 0.89183157 | AC22: =AB38 -> 0.89205664
B23: 18℃-壽司手卷 | C23: 一配經典鮪魚沙拉細卷 | E23: 14.49 | F23: 763 | G23: =E23*F23 -> 11055.87 | I23: 6 | J23: 2600 | K23: =J23/I23 -> 433.33333 | L23: 6 | M23: =F23/V23*60 -> 2319.9324 | N23: =M23/L23 -> 386.65541 | O23: =L23-I23 -> 0 | P23: =N23-K23 -> -46.677928 | Q23: =N23/K23 -> 0.8922817 | S23: 0.30712963 | T23: 0.32083333 | U23: 5.0333333 | V23: 19.733333 | AA23: =M23-J23 -> -280.06757 | AB23: =M23/J23 -> 0.8922817
B38: 平均 | I38: =AVERAGE(I22:I37) -> 6 | J38: =AVERAGE(J22:J37) -> 2600 | K38: =J38/I38 -> 433.33333 | L38: =AVERAGE(L22:L37) -> 6 | M38: =AVERAGE(M22:M37) -> 2319.3473 | N38: =M38/L38 -> 386.55788 | O38: =L38-I38 -> 0 | P38: =N38-K38 -> -46.775457 | Q38: =N38/K38 -> 0.89205664 | S38: =S22 -> 0.29166667 | T38: =INDEX(T22:T37,COUNTA(T22:T37)) -> 0.32083333 | AA38: =M38-J38 -> -280.65274 | AB38: =M38/J38 -> 0.89205664
A39: (舊) 3300型飯糰線 | B39: 18℃-飯糰 | C39: 一配鹽蔥燒肉飯糰 | E39: 17.89 | F39: 2214 | G39: =E39*F39 -> 39608.46 | I39: 4 | J39: 3300 | K39: =J39/I39 -> 825 | L39: 4 | M39: =F39/V39*60 -> 2954.1883 | N39: =M39/L39 -> 738.54707 | O39: =L39-I39 -> 0 | P39: =N39-K39 -> -86.452928 | Q39: =N39/K39 -> 0.89520857 | R39: =Q55 -> 0.89523627 | S39: 0.29168981 | T39: 0.32291667 | V39: 44.966667 | AA39: =M39-J39 -> -345.81171 | AB39: =M39/J39 -> 0.89520857 | AC39: =AB55 -> 0.89523627
B40: 18℃-飯糰 | C40: 一配照燒雞肉飯糰 | E40: 21.45 | F40: 1201 | G40: =E40*F40 -> 25761.45 | I40: 4 | J40: 3300 | K40: =J40/I40 -> 825 | L40: 4 | M40: =F40/V40*60 -> 2955.2973 | N40: =M40/L40 -> 738.82433 | O40: =L40-I40 -> 0 | P40: =N40-K40 -> -86.175666 | Q40: =N40/K40 -> 0.89554465 | S40: 0.32638889 | T40: 0.34332176 | U40: 5 | V40: 24.383333 | AA40: =M40-J40 -> -344.70267 | AB40: =M40/J40 -> 0.89554465
B41: 18℃-飯糰 | C41: 一配雞肉飯飯糰 | E41: 16.66 | F41: 3535 | G41: =E41*F41 -> 58893.1 | I41: 4 | J41: 3300 | K41: =J41/I41 -> 825 | L41: 4 | M41: =F41/V41*60 -> 2953.3534 | N41: =M41/L41 -> 738.33836 | O41: =L41-I41 -> 0 | P41: =N41-K41 -> -86.661638 | Q41: =N41/K41 -> 0.89495559 | S41: 0.34665509 | T41: 0.39652778 | U41: 4.8 | V41: 71.816667 | AA41: =M41-J41 -> -346.64655 | AB41: =M41/J41 -> 0.89495559
B55: 平均 | I55: =AVERAGE(I39:I54) -> 4 | J55: =AVERAGE(J39:J54) -> 3300 | K55: =J55/I55 -> 825 | L55: =AVERAGE(L39:L54) -> 4 | M55: =AVERAGE(M39:M54) -> 2954.2797 | N55: =M55/L55 -> 738.56992 | O55: =L55-I55 -> 0 | P55: =N55-K55 -> -86.430078 | Q55: =N55/K55 -> 0.89523627 | S55: =S39 -> 0.29168981 | T55: =INDEX(T39:T54,COUNTA(T39:T54)) -> 0.39652778 | AA55: =M55-J55 -> -345.72031 | AB55: =M55/J55 -> 0.89523627
A56: (新) 3300型飯糰機 | B56: 18℃-飯糰 | C56: 一配壹號醬炙烤牛飯糰 | E56: 22.28 | F56: 898 | G56: =E56*F56 -> 20007.44 | I56: 5 | J56: 3300 | K56: =J56/I56 -> 660 | L56: 5 | M56: =F56/V56*60 -> 2957.731 | N56: =M56/L56 -> 591.5462 | O56: =L56-I56 -> 0 | P56: =N56-K56 -> -68.453797 | Q56: =N56/K56 -> 0.89628213 | R56: =Q72 -> 0.89550273 | S56: 0.29166667 | T56: 0.30431713 | V56: 18.216667 | AA56: =M56-J56 -> -342.26898 | AB56: =M56/J56 -> 0.89628213 | AC56: =AB72 -> 0.89550273
B57: 18℃-飯糰 | C57: 一配紅運烏魚子紹興飯糰 | E57: 27.27 | F57: 2916 | G57: =E57*F57 -> 79519.32 | I57: 5 | J57: 3300 | K57: =J57/I57 -> 660 | L57: 5 | M57: =F57/V57*60 -> 2954.5736 | N57: =M57/L57 -> 590.91472 | O57: =L57-I57 -> 0 | P57: =N57-K57 -> -69.08528 | Q57: =N57/K57 -> 0.89532533 | S57: 0.30763889 | T57: 0.34876157 | U57: 4.7833333 | V57: 59.216667 | AA57: =M57-J57 -> -345.4264 | AB57: =M57/J57 -> 0.89532533
B58: 18℃-飯糰 | C58: 一配鮭魚奶油醬油飯糰 | E58: 18.53 | F58: 2922 | G58: =E58*F58 -> 54144.66 | I58: 3 | J58: 3300 | K58: =J58/I58 -> 1100 | L58: 3 | M58: =F58/V58*60 -> 2953.1724 | N58: =M58/L58 -> 984.39079 | O58: =L58-I58 -> 0 | P58: =N58-K58 -> -115.60921 | Q58: =N58/K58 -> 0.89490072 | S58: 0.35208333 | T58: 0.39331019 | U58: 4.7833333 | V58: 59.366667 | AA58: =M58-J58 -> -346.82762 | AB58: =M58/J58 -> 0.89490072
B72: 平均 | I72: =AVERAGE(I56:I71) -> 4.3333333 | J72: =AVERAGE(J56:J71) -> 3300 | K72: =J72/I72 -> 761.53846 | L72: =AVERAGE(L56:L71) -> 4.3333333 | M72: =AVERAGE(M56:M71) -> 2955.159 | N72: =M72/L72 -> 681.95977 | O72: =L72-I72 -> 0 | P72: =N72-K72 -> -79.578693 | Q72: =N72/K72 -> 0.89550273 | S72: =S56 -> 0.29166667 | T72: =INDEX(T56:T71,COUNTA(T56:T71)) -> 0.39331019 | AA72: =M72-J72 -> -344.841 | AB72: =M72/J72 -> 0.89550273
A73: GKK3600型 飯糰機 | B73: 18℃-飯糰 | C73: 一配蔬食鮪魚飯糰 | E73: 18.18 | F73: 884 | G73: =E73*F73 -> 16071.12 | I73: 3 | J73: 3600 | K73: =J73/I73 -> 1200 | L73: 3 | M73: =F73/V73*60 -> 3132.2835 | N73: =M73/L73 -> 1044.0945 | O73: =L73-I73 -> 0 | P73: =N73-K73 -> -155.90551 | Q73: =N73/K73 -> 0.87007874 | R73: =Q89 -> 0.87732135 | S73: 0.29171296 | T73: 0.30347222 | V73: 16.933333 | AA73: =M73-J73 -> -467.71654 | AB73: =M73/J73 -> 0.87007874 | AC73: =AB89 -> 0.87732135
B74: 18℃-飯糰 | C74: 一配經典肉鬆飯糰 | E74: 14.03 | F74: 3446 | G74: =E74*F74 -> 48347.38 | I74: 3 | J74: 3000 | K74: =J74/I74 -> 1000 | L74: 3 | M74: =F74/V74*60 -> 2689.2695 | N74: =M74/L74 -> 896.42315 | O74: =L74-I74 -> 0 | P74: =N74-K74 -> -103.57685 | Q74: =N74/K74 -> 0.89642315 | S74: 0.31396991 | T74: 0.36736111 | U74: 15.116667 | V74: 76.883333 | AA74: =M74-J74 -> -310.73054 | AB74: =M74/J74 -> 0.89642315
B75: 18℃-飯糰 | C75: 一配鮪魚飯糰 | E75: 14.28 | F75: 4272 | G75: =E75*F75 -> 61004.16 | I75: 3 | J75: 3600 | K75: =J75/I75 -> 1200 | L75: 3 | M75: =F75/V75*60 -> 3127.1248 | N75: =M75/L75 -> 1042.3749 | O75: =L75-I75 -> 0 | P75: =N75-K75 -> -157.62505 | Q75: =N75/K75 -> 0.86864579 | S75: 0.37849537 | T75: 0.43541667 | U75: 16.033333 | V75: 81.966667 | AA75: =M75-J75 -> -472.87515 | AB75: =M75/J75 -> 0.86864579
B89: 平均 | I89: =AVERAGE(I73:I88) -> 3 | J89: =AVERAGE(J73:J88) -> 3400 | K89: =J89/I89 -> 1133.3333 | L89: =AVERAGE(L73:L88) -> 3 | M89: =AVERAGE(M73:M88) -> 2982.8926 | N89: =M89/L89 -> 994.29753 | O89: =L89-I89 -> 0 | P89: =N89-K89 -> -139.0358 | Q89: =N89/K89 -> 0.87732135 | S89: =S73 -> 0.29171296 | T89: =INDEX(T73:T88,COUNTA(T73:T88)) -> 0.43541667 | AA89: =M89-J89 -> -417.10741 | AB89: =M89/J89 -> 0.87732135
A90: GKK3600型 飯糰機2 | B90: 18℃-飯糰 | C90: 一配熟成紅鮭飯糰 | E90: 25.03 | F90: 1121 | G90: =E90*F90 -> 28058.63 | I90: 4 | J90: 3300 | K90: =J90/I90 -> 825 | L90: 4 | M90: =F90/V90*60 -> 2928.5922 | N90: =M90/L90 -> 732.14804 | O90: =L90-I90 -> 0 | P90: =N90-K90 -> -92.851959 | Q90: =N90/K90 -> 0.88745217 | R90: =Q106 -> 0.88441218 | S90: 0.29168981 | T90: 0.30763889 | V90: 22.966667 | AA90: =M90-J90 -> -371.40784 | AB90: =M90/J90 -> 0.88745217 | AC90: =AB106 -> 0.88441218
B91: 18℃-飯糰 | C91: 一配北海道秋鮭親子飯糰 | E91: 24.82 | F91: 1428 | G91: =E91*F91 -> 35442.96 | I91: 4 | J91: 3300 | K91: =J91/I91 -> 825 | L91: 4 | M91: =F91/V91*60 -> 2927.5626 | N91: =M91/L91 -> 731.89066 | O91: =L91-I91 -> 0 | P91: =N91-K91 -> -93.109339 | Q91: =N91/K91 -> 0.88714019 | S91: 0.31805556 | T91: 0.33837963 | U91: 15 | V91: 29.266667 | AA91: =M91-J91 -> -372.43736 | AB91: =M91/J91 -> 0.88714019
B92: 18℃-飯糰 | C92: 一配贅沢鮭魚肚飯糰 | E92: 30 | F92: 2202 | G92: =E92*F92 -> 66060 | I92: 3 | J92: 3000 | K92: =J92/I92 -> 1000 | L92: 3 | M92: =F92/V92*60 -> 2689.922 | N92: =M92/L92 -> 896.64065 | O92: =L92-I92 -> 0 | P92: =N92-K92 -> -103.35935 | Q92: =N92/K92 -> 0.89664065 | S92: 0.34861111 | T92: 0.38271991 | U92: 14.733333 | V92: 49.116667 | AA92: =M92-J92 -> -310.07805 | AB92: =M92/J92 -> 0.89664065
B93: 18℃-飯糰 | C93: 一配明太子龍蝦風味沙拉飯糰 | E93: 18.18 | F93: 1737 | G93: =E93*F93 -> 31578.66 | I93: 3 | J93: 3600 | K93: =J93/I93 -> 1200 | L93: 3 | M93: =F93/V93*60 -> 3128.1641 | N93: =M93/L93 -> 1042.7214 | O93: =L93-I93 -> 0 | P93: =N93-K93 -> -157.27864 | Q93: =N93/K93 -> 0.86893447 | S93: 0.39305556 | T93: 0.41619213 | U93: 14.883333 | V93: 33.316667 | AA93: =M93-J93 -> -471.83592 | AB93: =M93/J93 -> 0.86893447
B106: 平均 | I106: =AVERAGE(I90:I105) -> 3.5 | J106: =AVERAGE(J90:J105) -> 3300 | K106: =J106/I106 -> 942.85714 | L106: =AVERAGE(L90:L105) -> 3.5 | M106: =AVERAGE(M90:M105) -> 2918.5602 | N106: =M106/L106 -> 833.87435 | O106: =L106-I106 -> 0 | P106: =N106-K106 -> -108.9828 | Q106: =N106/K106 -> 0.88441218 | S106: =S90 -> 0.29168981 | T106: =INDEX(T90:T105,COUNTA(T90:T105)) -> 0.41619213 | AA106: =M106-J106 -> -381.43979 | AB106: =M106/J106 -> 0.88441218
A107: 自動包裝機 (二配) | B107: 18℃-壽司手卷 | C107: 二配長野稻荷壽司 | E107: 25.64 | F107: 1151 | G107: =E107*F107 -> 29511.64 | I107: 11 | J107: 3600 | K107: =J107/I107 -> 327.27273 | L107: 11 | M107: =F107/V107*60 -> 3170.3137 | N107: =M107/L107 -> 288.21034 | O107: =L107-I107 -> 0 | P107: =N107-K107 -> -39.062391 | Q107: =N107/K107 -> 0.88064269 | R107: =Q123 -> 0.87246537 | S107: 0.7084838 | T107: 0.72361111 | V107: 21.783333 | AA107: =M107-J107 -> -429.6863 | AB107: =M107/J107 -> 0.88064269 | AC107: =AB123 -> 0.87246537
B108: 18℃-壽司手卷 | C108: 二配雙饗雙手卷 | E108: 29.52 | F108: 1450 | G108: =E108*F108 -> 42804 | I108: 12 | J108: 3600 | K108: =J108/I108 -> 300 | L108: 12 | M108: =F108/V108*60 -> 3135.1351 | N108: =M108/L108 -> 261.26126 | O108: =L108-I108 -> 0 | P108: =N108-K108 -> -38.738739 | Q108: =N108/K108 -> 0.87087087 | S108: 0.72795139 | T108: 0.74722222 | U108: 6.25 | V108: 27.75 | AA108: =M108-J108 -> -464.86486 | AB108: =M108/J108 -> 0.87087087
B109: 18℃-壽司手卷 | C109: 二配海饌雙手卷 | E109: 29.85 | F109: 1563 | G109: =E109*F109 -> 46655.55 | I109: 12 | J109: 3600 | K109: =J109/I109 -> 300 | L109: 12 | M109: =F109/V109*60 -> 3134.7075 | N109: =M109/L109 -> 261.22563 | O109: =L109-I109 -> 0 | P109: =N109-K109 -> -38.774373 | Q109: =N109/K109 -> 0.87075209 | S109: 0.75075231 | T109: 0.77152778 | U109: 5.0833333 | V109: 29.916667 | AA109: =M109-J109 -> -465.29248 | AB109: =M109/J109 -> 0.87075209
B110: 18℃-飯糰 | C110: 二配兩粒飯糰(鮪魚.焦糖鮭魚) | E110: 28.57 | F110: 1245 | G110: =E110*F110 -> 35569.65 | I110: 12 | J110: 3600 | K110: =J110/I110 -> 300 | L110: 12 | M110: =F110/V110*60 -> 3123.3449 | N110: =M110/L110 -> 260.27875 | O110: =L110-I110 -> 0 | P110: =N110-K110 -> -39.721254 | Q110: =N110/K110 -> 0.86759582 | S110: 0.77505787 | T110: 0.79166667 | U110: 5.0833333 | V110: 23.916667 | AA110: =M110-J110 -> -476.65505 | AB110: =M110/J110 -> 0.86759582
B123: 平均 | I123: =AVERAGE(I107:I122) -> 11.75 | J123: =AVERAGE(J107:J122) -> 3600 | K123: =J123/I123 -> 306.38298 | L123: =AVERAGE(L107:L122) -> 11.75 | M123: =AVERAGE(M107:M122) -> 3140.8753 | N123: =M123/L123 -> 267.30854 | O123: =L123-I123 -> 0 | P123: =N123-K123 -> -39.07444 | Q123: =N123/K123 -> 0.87246537 | S123: =S107 -> 0.7084838 | T123: =INDEX(T107:T122,COUNTA(T107:T122)) -> 0.79166667 | AA123: =M123-J123 -> -459.12468 | AB123: =M123/J123 -> 0.87246537
A124: (舊) 3300型飯糰線 (二配) | B124: 18℃-飯糰 | C124: 二配大飯糰滷肉飯加蛋 | E124: 22.48 | F124: 1514 | G124: =E124*F124 -> 34034.72 | I124: 5 | J124: 3000 | K124: =J124/I124 -> 600 | L124: 5 | M124: =F124/V124*60 -> 2662.6282 | N124: =M124/L124 -> 532.52565 | O124: =L124-I124 -> 0 | P124: =N124-K124 -> -67.474353 | Q124: =N124/K124 -> 0.88754275 | R124: =Q140 -> 0.89236893 | S124: 0.70833333 | T124: 0.73202546 | V124: 34.116667 | AA124: =M124-J124 -> -337.37176 | AB124: =M124/J124 -> 0.88754275 | AC124: =AB140 -> 0.89236893
B125: 18℃-飯糰 | C125: 二配大飯糰韓式蒜烤豬五花 | E125: 24.54 | F125: 1894 | G125: =E125*F125 -> 46478.76 | I125: 4 | J125: 3000 | K125: =J125/I125 -> 750 | L125: 4 | M125: =F125/V125*60 -> 2664.4783 | N125: =M125/L125 -> 666.11958 | O125: =L125-I125 -> 0 | P125: =N125-K125 -> -83.880422 | Q125: =N125/K125 -> 0.88815944 | S125: 0.73565972 | T125: 0.76527778 | U125: 5.2333333 | V125: 42.65 | AA125: =M125-J125 -> -335.52169 | AB125: =M125/J125 -> 0.88815944
B126: 18℃-飯糰 | C126: 二配三杯醬爆菇菇飯糰 | E126: 16.7 | F126: 1120 | G126: =E126*F126 -> 18704 | I126: 3 | J126: 3300 | K126: =J126/I126 -> 1100 | L126: 3 | M126: =F126/V126*60 -> 2958.1805 | N126: =M126/L126 -> 986.06016 | O126: =L126-I126 -> 0 | P126: =N126-K126 -> -113.93984 | Q126: =N126/K126 -> 0.89641833 | S126: 0.76894676 | T126: 0.78472222 | U126: 5.2833333 | V126: 22.716667 | AA126: =M126-J126 -> -341.81952 | AB126: =M126/J126 -> 0.89641833
B127: 18℃-飯糰 | C127: 二配鹽蔥燒肉飯糰 | E127: 17.89 | F127: 4022 | G127: =E127*F127 -> 71953.58 | I127: 4 | J127: 3300 | K127: =J127/I127 -> 825 | L127: 4 | M127: =F127/V127*60 -> 2958.5615 | N127: =M127/L127 -> 739.64038 | O127: =L127-I127 -> 0 | P127: =N127-K127 -> -85.359624 | Q127: =N127/K127 -> 0.89653379 | S127: 0.78918981 | T127: 0.84583333 | U127: 6.4333333 | V127: 81.566667 | AA127: =M127-J127 -> -341.4385 | AB127: =M127/J127 -> 0.89653379
B140: 平均 | I140: =AVERAGE(I124:I139) -> 4 | J140: =AVERAGE(J124:J139) -> 3150 | K140: =J140/I140 -> 787.5 | L140: =AVERAGE(L124:L139) -> 4 | M140: =AVERAGE(M124:M139) -> 2810.9621 | N140: =M140/L140 -> 702.74053 | O140: =L140-I140 -> 0 | P140: =N140-K140 -> -84.759466 | Q140: =N140/K140 -> 0.89236893 | S140: =S124 -> 0.70833333 | T140: =INDEX(T124:T139,COUNTA(T124:T139)) -> 0.84583333 | AA140: =M140-J140 -> -339.03787 | AB140: =M140/J140 -> 0.89236893
A141: (新) 3300型飯糰機 (二配) | B141: 18℃-飯糰 | C141: 二配壹號醬炙烤牛飯糰 | E141: 22.28 | F141: 1360 | G141: =E141*F141 -> 30300.8 | I141: 5 | J141: 3300 | K141: =J141/I141 -> 660 | L141: 5 | M141: =F141/V141*60 -> 2954.7375 | N141: =M141/L141 -> 590.9475 | O141: =L141-I141 -> 0 | P141: =N141-K141 -> -69.052505 | Q141: =N141/K141 -> 0.89537499 | R141: =Q157 -> 0.89602264 | S141: 0.70859954 | T141: 0.72777778 | V141: 27.616667 | AA141: =M141-J141 -> -345.26252 | AB141: =M141/J141 -> 0.89537499 | AC141: =AB157 -> 0.89602264
B142: 18℃-飯糰 | C142: 二配油蔥G絲飯糰 | E142: 18.18 | F142: 546 | G142: =E142*F142 -> 9926.28 | I142: 4 | J142: 3300 | K142: =J142/I142 -> 825 | L142: 4 | M142: =F142/V142*60 -> 2960.241 | N142: =M142/L142 -> 740.06024 | O142: =L142-I142 -> 0 | P142: =N142-K142 -> -84.939759 | Q142: =N142/K142 -> 0.89704272 | S142: 0.73194444 | T142: 0.73962963 | U142: 6 | V142: 11.066667 | AA142: =M142-J142 -> -339.75904 | AB142: =M142/J142 -> 0.89704272
B143: 18℃-飯糰 | C143: 二配雞肉飯飯糰 | E143: 16.66 | F143: 6275 | G143: =E143*F143 -> 104541.5 | I143: 4 | J143: 3300 | K143: =J143/I143 -> 825 | L143: 4 | M143: =F143/V143*60 -> 2955.6457 | N143: =M143/L143 -> 738.91142 | O143: =L143-I143 -> 0 | P143: =N143-K143 -> -86.088578 | Q143: =N143/K143 -> 0.89565021 | S143: 0.74305556 | T143: 0.8315162 | U143: 4.9333333 | V143: 127.38333 | AA143: =M143-J143 -> -344.35431 | AB143: =M143/J143 -> 0.89565021
B157: 平均 | I157: =AVERAGE(I141:I156) -> 4.3333333 | J157: =AVERAGE(J141:J156) -> 3300 | K157: =J157/I157 -> 761.53846 | L157: =AVERAGE(L141:L156) -> 4.3333333 | M157: =AVERAGE(M141:M156) -> 2956.8747 | N157: =M157/L157 -> 682.3557 | O157: =L157-I157 -> 0 | P157: =N157-K157 -> -79.182759 | Q157: =N157/K157 -> 0.89602264 | S157: =S141 -> 0.70859954 | T157: =INDEX(T141:T156,COUNTA(T141:T156)) -> 0.8315162 | AA157: =M157-J157 -> -343.12529 | AB157: =M157/J157 -> 0.89602264
A158: GKK3600型 飯糰機 (二配) | B158: 18℃-飯糰 | C158: 二配經典肉鬆飯糰 | E158: 14.03 | F158: 1096 | G158: =E158*F158 -> 15376.88 | H158: 2 | I158: 3 | J158: 3000 | K158: =J158/I158 -> 1000 | L158: 3 | M158: =F158/V158*60 -> 2685.9088 | N158: =M158/L158 -> 895.30293 | O158: =L158-I158 -> 0 | P158: =N158-K158 -> -104.69707 | Q158: =N158/K158 -> 0.89530293 | R158: =Q174 -> 0.88132185 | S158: 0.70833333 | T158: 0.72533565 | V158: 24.483333 | AA158: =M158-J158 -> -314.09122 | AB158: =M158/J158 -> 0.89530293 | AC158: =AB174 -> 0.88132185
B159: 18℃-飯糰 | C159: 二配蔬食鮪魚飯糰 | E159: 18.18 | F159: 978 | G159: =E159*F159 -> 17780.04 | I159: 3 | J159: 3600 | K159: =J159/I159 -> 1200 | L159: 3 | M159: =F159/V159*60 -> 3132.3843 | N159: =M159/L159 -> 1044.1281 | O159: =L159-I159 -> 0 | P159: =N159-K159 -> -155.87189 | Q159: =N159/K159 -> 0.87010676 | S159: 0.73560185 | T159: 0.74861111 | U159: 14.783333 | V159: 18.733333 | AA159: =M159-J159 -> -467.61566 | AB159: =M159/J159 -> 0.87010676
B160: 18℃-飯糰 | C160: 二配鮪魚飯糰 | E160: 14.28 | F160: 7472 | G160: =E160*F160 -> 106700.16 | I160: 3 | J160: 3600 | K160: =J160/I160 -> 1200 | L160: 3 | M160: =F160/V160*60 -> 3128.5415 | N160: =M160/L160 -> 1042.8472 | O160: =L160-I160 -> 0 | P160: =N160-K160 -> -157.15283 | Q160: =N160/K160 -> 0.86903931 | S160: 0.75902778 | T160: 0.85854167 | U160: 15 | V160: 143.3 | W160: 0.85854167 | X160: 0.91111111 | AA160: =M160-J160 -> -471.45848 | AB160: =M160/J160 -> 0.86903931
B161: 18℃-飯糰 | C161: 二配經典肉鬆飯糰 | E161: 14.03 | F161: 5168 | G161: =E161*F161 -> 72507.04 | I161: 3 | J161: 3000 | K161: =J161/I161 -> 1000 | L161: 3 | M161: =F161/V161*60 -> 2686.6137 | N161: =M161/L161 -> 895.53791 | O161: =L161-I161 -> 0 | P161: =N161-K161 -> -104.46209 | Q161: =N161/K161 -> 0.89553791 | S161: 0.91111111 | T161: 0.99126157 | U161: 75.7 | V161: 115.41667 | AA161: =M161-J161 -> -313.38628 | AB161: =M161/J161 -> 0.89553791
B174: 平均 | I174: =AVERAGE(I158:I173) -> 3 | J174: =AVERAGE(J158:J173) -> 3300 | K174: =J174/I174 -> 1100 | L174: =AVERAGE(L158:L173) -> 3 | M174: =AVERAGE(M158:M173) -> 2908.3621 | N174: =M174/L174 -> 969.45403 | O174: =L174-I174 -> 0 | P174: =N174-K174 -> -130.54597 | Q174: =N174/K174 -> 0.88132185 | S174: =S158 -> 0.70833333 | T174: =INDEX(T158:T173,COUNTA(T158:T173)) -> 0.99126157 | AA174: =M174-J174 -> -391.63791 | AB174: =M174/J174 -> 0.88132185
A175: GKK3600型 飯糰機2 (二配) | B175: 18℃-飯糰 | C175: 二配芝麻香鬆飯糰 | E175: 18.18 | F175: 1486 | G175: =E175*F175 -> 27015.48 | I175: 4 | J175: 3000 | K175: =J175/I175 -> 750 | L175: 4 | M175: =F175/V175*60 -> 2688.2412 | N175: =M175/L175 -> 672.0603 | O175: =L175-I175 -> 0 | P175: =N175-K175 -> -77.939698 | Q175: =N175/K175 -> 0.8960804 | R175: =Q191 -> 0.88417151 | S175: 0.70833333 | T175: 0.73136574 | V175: 33.166667 | AA175: =M175-J175 -> -311.75879 | AB175: =M175/J175 -> 0.8960804 | AC175: =AB191 -> 0.88417151
B176: 18℃-飯糰 | C176: 二配北海道秋鮭親子飯糰 | E176: 24.82 | F176: 2214 | G176: =E176*F176 -> 54951.48 | I176: 4 | J176: 3300 | K176: =J176/I176 -> 825 | L176: 4 | M176: =F176/V176*60 -> 2927.0657 | N176: =M176/L176 -> 731.76643 | O176: =L176-I176 -> 0 | P176: =N176-K176 -> -93.233566 | Q176: =N176/K176 -> 0.88698962 | S176: 0.74236111 | T176: 0.77387731 | U176: 15.833333 | V176: 45.383333 | AA176: =M176-J176 -> -372.93426 | AB176: =M176/J176 -> 0.88698962
B177: 18℃-飯糰 | C177: 二配熟成紅鮭飯糰 | E177: 25.03 | F177: 1596 | G177: =E177*F177 -> 39947.88 | I177: 4 | J177: 3300 | K177: =J177/I177 -> 825 | L177: 4 | M177: =F177/V177*60 -> 2928.4404 | N177: =M177/L177 -> 732.11009 | O177: =L177-I177 -> 0 | P177: =N177-K177 -> -92.889908 | Q177: =N177/K177 -> 0.88740617 | S177: 0.78423611 | T177: 0.80694444 | U177: 14.916667 | V177: 32.7 | AA177: =M177-J177 -> -371.55963 | AB177: =M177/J177 -> 0.88740617
B178: 18℃-飯糰 | C178: 二配明太子龍蝦風味沙拉飯糰 | E178: 18.18 | F178: 2878 | G178: =E178*F178 -> 52322.04 | I178: 3 | J178: 3600 | K178: =J178/I178 -> 1200 | L178: 3 | M178: =F178/V178*60 -> 3127.3166 | N178: =M178/L178 -> 1042.4389 | O178: =L178-I178 -> 0 | P178: =N178-K178 -> -157.56112 | Q178: =N178/K178 -> 0.86869906 | S178: 0.81805556 | T178: 0.85640046 | U178: 16 | V178: 55.216667 | AA178: =M178-J178 -> -472.68337 | AB178: =M178/J178 -> 0.86869906
B191: 平均 | I191: =AVERAGE(I175:I190) -> 3.75 | J191: =AVERAGE(J175:J190) -> 3300 | K191: =J191/I191 -> 880 | L191: =AVERAGE(L175:L190) -> 3.75 | M191: =AVERAGE(M175:M190) -> 2917.766 | N191: =M191/L191 -> 778.07093 | O191: =L191-I191 -> 0 | P191: =N191-K191 -> -101.92907 | Q191: =N191/K191 -> 0.88417151 | S191: =S175 -> 0.70833333 | T191: =INDEX(T175:T190,COUNTA(T175:T190)) -> 0.85640046 | AA191: =M191-J191 -> -382.23401 | AB191: =M191/J191 -> 0.88417151
Y193: 原因回覆
Y194: 1.當日出勤人數較多
Y195: 2.當日出勤人數較少
Y196: 3.當日出勤熟手較多
Y197: 4.當日出勤新人較多
Y198: 5.機台夾盒
Y199: 6.封膜不順
Y200: 7.更換膠膜
Y201: 8.更換碳帶
Y202: 9.當日熱轉印碳帶異常
Y203: 10.訂單量過少
Y204: 11.新品上市，尚未熟悉
Y205: 12.活動期間品項需貼標

Sheet 0130(4度C)
A1: 大溪廠日報分析 | C1: 總生產量 | D1: =SUM(F5:F106) -> 40682 | E1: 營業額 | F1: =SUM(G5:G106) -> 2121734.7 | G1: 出勤人數 | H1: =L21+L38+L55+L72+L89+L106 -> 113.85238 | I1: 產線配置圖 | L1: 生產實績 | O1: 人時性差異分析 | S1: 日報登錄 | Y1: 合計次數 | Z1: 合計(時間/分) | AA1: 產線異常 分析說明(5分鐘以上) | AC1: 合計次數 | AD1: 合計(時間/分) | AE1: 產能差異分析
A2: 46052 | C2: 人時性 | D2: =AVERAGE(N21,N38,N55,N72,N89,N106) -> 156.75965 | E2: 平均廠價 | F2: =F1/D1 -> 52.15414 | G2: 多次生產數 | H2: =COUNT(H5:H106) -> 0 | Y2: =SUM(Y21,Y38,Y55,Y72,Y89,Y106) -> 0 | Z2: =SUM(Z21,Z38,Z55,Z72,Z89,Z106) -> 0 | AC2: =SUM(AC21,AC38,AC55,AC72,AC89,AC106) -> 35 | AD2: =SUM(AD21,AD38,AD55,AD72,AD89,AD106) -> 0
A3: 線別 | B3: 品類 | C3: 品名 | E3: 廠價 | F3: 生產量 | G3: 營收 | H3: 多次 生產 | I3: 人數 | J3: 產能/時 | K3: 人時性 | L3: 人數 | M3: 產能/時 | N3: 人時性 | O3: 人數 | P3: 人時性 | Q3: 達成率 | R3: 達成率 平均 | S3: 生產時間 | U3: 換線、休息/分 | V3: 稼動時間/分 | W3: 休息時間 | Y3: 產線異常統計(5分鐘以上) | AA3: (屏榮回填) | AC3: 短暫停線統計(5分鐘以下) | AE3: 產能/時 | AF3: 達成率 | AG3: 達成率平均
S4: 開始 | T4: 結束 | W4: 開始 | X4: 結束 | Y4: 次數 | Z4: 時間/分 | AC4: 總次數 | AD4: 設備因素(次數)
A5: 便當二線 | B5: 便當 | C5: 福氣魚四喜開運便當 | E5: 65.4 | F5: 636 | G5: =E5*F5 -> 41594.4 | I5: 24 | J5: 2000 | K5: =J5/I5 -> 83.333333 | L5: 24 | M5: =F5/V5*60 -> 1780.4044 | N5: =M5/L5 -> 74.183515 | O5: =L5-I5 -> 0 | P5: =N5-K5 -> -9.1498186 | Q5: =N5/K5 -> 0.89020218 | R5: =Q21 -> 0.88986159 | S5: 0.29166667 | T5: 0.30655093 | V5: 21.433333 | AC5: 1 | AE5: =M5-J5 -> -219.59565 | AF5: =M5/J5 -> 0.89020218 | AG5: =AF21 -> 0.88986159
B6: 微波主食 | C6: 糖燻野郎三十天熟成牛飯 | E6: 56.77 | F6: 3066 | G6: =E6*F6 -> 174056.82 | I6: 25 | J6: 2000 | K6: =J6/I6 -> 80 | L6: 25 | M6: =F6/V6*60 -> 1777.6776 | N6: =M6/L6 -> 71.107103 | O6: =L6-I6 -> 0 | P6: =N6-K6 -> -8.8928974 | Q6: =N6/K6 -> 0.88883878 | S6: 0.30972222 | T6: 0.38158565 | U6: 4.5666667 | V6: 103.48333 | AC6: 2 | AE6: =M6-J6 -> -222.32244 | AF6: =M6/J6 -> 0.88883878
B7: 便當 | C7: 嫩烤香料雞胸排蔬滿盒 | E7: 77.34 | F7: 1411 | G7: =E7*F7 -> 109126.74 | I7: 25 | J7: 2000 | K7: =J7/I7 -> 80 | L7: 25 | M7: =F7/V7*60 -> 1779.8178 | N7: =M7/L7 -> 71.192712 | O7: =L7-I7 -> 0 | P7: =N7-K7 -> -8.807288 | Q7: =N7/K7 -> 0.8899089 | S7: 0.38502315 | T7: 0.41805556 | U7: 4.95 | V7: 47.566667 | AC7: 1 | AE7: =M7-J7 -> -220.1822 | AF7: =M7/J7 -> 0.8899089
B8: 便當 | C8: 海陸雙拼肉肉餐盒 | E8: 59.54 | F8: 2092 | G8: =E8*F8 -> 124557.68 | I8: 23 | J8: 2000 | K8: =J8/I8 -> 86.956522 | L8: 23 | M8: =F8/V8*60 -> 1778.7435 | N8: =M8/L8 -> 77.336674 | O8: =L8-I8 -> 0 | P8: =N8-K8 -> -9.6198476 | Q8: =N8/K8 -> 0.88937175 | S8: 0.4218287 | T8: 0.47083333 | U8: 5.4333333 | V8: 70.566667 | W8: 0.47083333 | X8: 0.51053241 | AC8: 1 | AE8: =M8-J8 -> -221.2565 | AF8: =M8/J8 -> 0.88937175
B9: 便當 | C9: 健身G肉餐盒 | E9: 59.52 | F9: 3262 | G9: =E9*F9 -> 194154.24 | I9: 25 | J9: 2000 | K9: =J9/I9 -> 80 | L9: 25 | M9: =F9/V9*60 -> 1781.9727 | N9: =M9/L9 -> 71.278907 | O9: =L9-I9 -> 0 | P9: =N9-K9 -> -8.7210926 | Q9: =N9/K9 -> 0.89098634 | S9: 0.51053241 | T9: 0.58680556 | U9: 57.166667 | V9: 109.83333 | AC9: 2 | AE9: =M9-J9 -> -218.02731 | AF9: =M9/J9 -> 0.89098634
B21: 平均 | I21: =AVERAGE(I5:I20) -> 24.4 | J21: =AVERAGE(J5:J20) -> 2000 | K21: =J21/I21 -> 81.967213 | L21: =AVERAGE(L5:L20) -> 24.4 | M21: =AVERAGE(M5:M20) -> 1779.7232 | N21: =M21/L21 -> 72.939475 | O21: =L21-I21 -> 0 | P21: =N21-K21 -> -9.0277384 | Q21: =N21/K21 -> 0.88986159 | S21: =S5 -> 0.29166667 | T21: =INDEX(T5:T20,COUNTA(T5:T20)) -> 0.58680556 | Y21: =SUM(Y5:Y20) -> 0 | Z21: =SUM(Z5:Z20) -> 0 | AC21: =SUM(AC5:AC20) -> 7 | AD21: =SUM(AD5:AD20) -> 0 | AE21: =M21-J21 -> -220.27682 | AF21: =M21/J21 -> 0.88986159
A22: 涼麵二線 | B22: 便當 | C22: 香腸腿排雙拼便當 | E22: 53.76 | F22: 2549 | G22: =E22*F22 -> 137034.24 | I22: 20 | J22: 2000 | K22: =J22/I22 -> 100 | L22: 20 | M22: =F22/V22*60 -> 1777.6831 | N22: =M22/L22 -> 88.884153 | O22: =L22-I22 -> 0 | P22: =N22-K22 -> -11.115847 | Q22: =N22/K22 -> 0.88884153 | R22: =Q38 -> 0.90419085 | S22: 0.29166667 | T22: 0.35141204 | V22: 86.033333 | AC22: 2 | AE22: =M22-J22 -> -222.31693 | AF22: =M22/J22 -> 0.88884153 | AG22: =AF38 -> 0.92798534
B23: 便當 | C23: 經典滷肉飯 | E23: 47.37 | F23: 1509 | G23: =E23*F23 -> 71481.33 | I23: 21 | J23: 2000 | K23: =J23/I23 -> 95.238095 | L23: 21 | M23: =F23/V23*60 -> 1777.6178 | N23: =M23/L23 -> 84.648467 | O23: =L23-I23 -> 0 | P23: =N23-K23 -> -10.589629 | Q23: =N23/K23 -> 0.8888089 | S23: 0.35490741 | T23: 0.39027778 | U23: 5.0333333 | V23: 50.933333 | AC23: 1 | AE23: =M23-J23 -> -222.3822 | AF23: =M23/J23 -> 0.8888089
B24: 便當 | C24: 蔬活腿排補力餐盒 | E24: 71.55 | F24: 1461 | G24: =E24*F24 -> 104534.55 | I24: 22 | J24: 2000 | K24: =J24/I24 -> 90.909091 | L24: 22 | M24: =F24/V24*60 -> 1776.2918 | N24: =M24/L24 -> 80.740536 | O24: =L24-I24 -> 0 | P24: =N24-K24 -> -10.168555 | Q24: =N24/K24 -> 0.8881459 | S24: 0.39375 | T24: 0.42802083 | U24: 5 | V24: 49.35 | AC24: 1 | AE24: =M24-J24 -> -223.70821 | AF24: =M24/J24 -> 0.8881459
B25: 便當 | C25: 美式雞丁餐盒 | E25: 59.34 | F25: 955 | G25: =E25*F25 -> 56669.7 | I25: 24 | J25: 2000 | K25: =J25/I25 -> 83.333333 | L25: 24 | M25: =F25/V25*60 -> 1777.6629 | N25: =M25/L25 -> 74.069286 | O25: =L25-I25 -> 0 | P25: =N25-K25 -> -9.2640469 | Q25: =N25/K25 -> 0.88883144 | S25: 0.43125 | T25: 0.45363426 | U25: 4.65 | V25: 32.233333 | AC25: 1 | AE25: =M25-J25 -> -222.33713 | AF25: =M25/J25 -> 0.88883144
B26: 4℃-飯糰 | C26: 韓素燒若飯糰 | E26: 24.07 | F26: 287 | G26: =E26*F26 -> 6908.09 | I26: 21 | J26: 2790 | K26: =J26/I26 -> 132.85714 | L26: 23 | M26: =F26/V26*60 -> 2784.9057 | N26: =M26/L26 -> 121.08285 | O26: =L26-I26 -> 2 | P26: =N26-K26 -> -11.774288 | Q26: =N26/K26 -> 0.91137633 | S26: 0.45763889 | T26: 0.46193287 | U26: 5.7666667 | V26: 6.1833333 | W26: 0.46193287 | X26: 0.50018519 | AC26: 1 | AE26: =M26-J26 -> -5.0943396 | AF26: =M26/J26 -> 0.99817407
B27: 4℃-飯糰 | C27: 麻油雞飯糰 | E27: 29.97 | F27: 2169 | G27: =E27*F27 -> 65004.93 | I27: 21 | J27: 2790 | K27: =J27/I27 -> 132.85714 | L27: 23 | M27: =F27/V27*60 -> 2784.7361 | N27: =M27/L27 -> 121.07548 | O27: =L27-I27 -> 2 | P27: =N27-K27 -> -11.781661 | Q27: =N27/K27 -> 0.91132083 | S27: 0.50018519 | T27: 0.53263889 | U27: 55.083333 | V27: 46.733333 | AC27: 1 | AE27: =M27-J27 -> -5.2639087 | AF27: =M27/J27 -> 0.99811329
B28: 便當 | C28: 烤蛋白餐盒 | E28: 58.67 | F28: 2087 | G28: =E28*F28 -> 122444.29 | I28: 23 | J28: 2000 | K28: =J28/I28 -> 86.956522 | L28: 23 | M28: =F28/V28*60 -> 1779.1144 | N28: =M28/L28 -> 77.352799 | O28: =L28-I28 -> 0 | P28: =N28-K28 -> -9.6037229 | Q28: =N28/K28 -> 0.88955719 | S28: 0.53611111 | T28: 0.58498843 | U28: 5 | V28: 70.383333 | AC28: 1 | AE28: =M28-J28 -> -220.88563 | AF28: =M28/J28 -> 0.88955719
B38: 平均 | I38: =AVERAGE(I22:I37) -> 21.714286 | J38: =AVERAGE(J22:J37) -> 2225.7143 | K38: =J38/I38 -> 102.5 | L38: =AVERAGE(L22:L37) -> 22.285714 | M38: =AVERAGE(M22:M37) -> 2065.4302 | N38: =M38/L38 -> 92.679562 | O38: =L38-I38 -> 0.57142857 | P38: =N38-K38 -> -9.8204381 | Q38: =N38/K38 -> 0.90419085 | S38: =S22 -> 0.29166667 | T38: =INDEX(T22:T37,COUNTA(T22:T37)) -> 0.58498843 | Y38: =SUM(Y22:Y37) -> 0 | Z38: =SUM(Z22:Z37) -> 0 | AC38: =SUM(AC22:AC37) -> 8 | AD38: =SUM(AD22:AD37) -> 0 | AE38: =M38-J38 -> -160.28405 | AF38: =M38/J38 -> 0.92798534
A39: 涼麵三線 | B39: 微波小吃 | C39: 日式茶碗蒸 | E39: 19.7 | F39: 3225 | G39: =E39*F39 -> 63532.5 | I39: 13 | J39: 1200 | K39: =J39/I39 -> 92.307692 | L39: 13 | M39: =F39/V39*60 -> 1078.2948 | N39: =M39/L39 -> 82.945753 | O39: =L39-I39 -> 0 | P39: =N39-K39 -> -9.3619393 | Q39: =N39/K39 -> 0.89857899 | R39: =Q55 -> 0.89184427 | S39: 0.20833333 | T39: 0.33295139 | V39: 179.45 | AC39: 4 | AE39: =M39-J39 -> -121.70521 | AF39: =M39/J39 -> 0.89857899 | AG39: =AF55 -> 0.89184427
B40: 季節調理麵 | C40: 醬油叉燒拉麵 | E40: 72.4 | F40: 383 | G40: =E40*F40 -> 27729.2 | I40: 18 | J40: 1800 | K40: =J40/I40 -> 100 | L40: 18 | M40: =F40/V40*60 -> 1605.1222 | N40: =M40/L40 -> 89.173458 | O40: =L40-I40 -> 0 | P40: =N40-K40 -> -10.826542 | Q40: =N40/K40 -> 0.89173458 | S40: 0.33611111 | T40: 0.34605324 | U40: 4.55 | V40: 14.316667 | AC40: 1 | AE40: =M40-J40 -> -194.87776 | AF40: =M40/J40 -> 0.89173458
B41: 季節調理麵 | C41: 東京豚骨風味拉麵 | E41: 71.84 | F41: 900 | G41: =E41*F41 -> 64656 | I41: 19 | J41: 1800 | K41: =J41/I41 -> 94.736842 | L41: 19 | M41: =F41/V41*60 -> 1606.3461 | N41: =M41/L41 -> 84.544529 | O41: =L41-I41 -> 0 | P41: =N41-K41 -> -10.192313 | Q41: =N41/K41 -> 0.89241448 | S41: 0.34957176 | T41: 0.37291667 | U41: 5.0666667 | V41: 33.616667 | AC41: 1 | AE41: =M41-J41 -> -193.65394 | AF41: =M41/J41 -> 0.89241448
B42: 熱食義麵 | C42: 焗烤蕃茄起司四方麵 | E42: 57.3 | F42: 1266 | G42: =E42*F42 -> 72541.8 | I42: 22 | J42: 1800 | K42: =J42/I42 -> 81.818182 | L42: 22 | M42: =F42/V42*60 -> 1604.2239 | N42: =M42/L42 -> 72.919267 | O42: =L42-I42 -> 0 | P42: =N42-K42 -> -8.8989152 | Q42: =N42/K42 -> 0.89123548 | S42: 0.37638889 | T42: 0.40927083 | U42: 5 | V42: 47.35 | AC42: 1 | AE42: =M42-J42 -> -195.77614 | AF42: =M42/J42 -> 0.89123548
B43: 微波小吃 | C43: 日式壽喜燒 | E43: 57.73 | F43: 698 | G43: =E43*F43 -> 40295.54 | I43: 22 | J43: 1800 | K43: =J43/I43 -> 81.818182 | L43: 22 | M43: =F43/V43*60 -> 1604.5977 | N43: =M43/L43 -> 72.936259 | O43: =L43-I43 -> 0 | P43: =N43-K43 -> -8.8819227 | Q43: =N43/K43 -> 0.89144317 | S43: 0.4125 | T43: 0.430625 | U43: 4.65 | V43: 26.1 | AC43: 1 | AE43: =M43-J43 -> -195.4023 | AF43: =M43/J43 -> 0.89144317
B44: 微波小吃 | C44: 韓式部隊鍋 | E44: 57.73 | F44: 542 | G44: =E44*F44 -> 31289.66 | I44: 22 | J44: 1800 | K44: =J44/I44 -> 81.818182 | L44: 22 | M44: =F44/V44*60 -> 1603.2868 | N44: =M44/L44 -> 72.876671 | O44: =L44-I44 -> 0 | P44: =N44-K44 -> -8.9415104 | Q44: =N44/K44 -> 0.89071487 | S44: 0.43402778 | T44: 0.44811343 | U44: 4.9 | V44: 20.283333 | AC44: 1 | AE44: =M44-J44 -> -196.71323 | AF44: =M44/J44 -> 0.89071487
B45: 季節調理麵 | C45: 和風匠製胡麻涼麵 | E45: 32.06 | F45: 808 | G45: =E45*F45 -> 25904.48 | I45: 19 | J45: 3600 | K45: =J45/I45 -> 189.47368 | L45: 19 | M45: =F45/V45*60 -> 3207.0562 | N45: =M45/L45 -> 168.79243 | O45: =L45-I45 -> 0 | P45: =N45-K45 -> -20.681251 | Q45: =N45/K45 -> 0.89084895 | S45: 0.45208333 | T45: 0.46258102 | U45: 5.7166667 | V45: 15.116667 | W45: 0.46258102 | X45: 0.5008912 | AC45: 1 | AE45: =M45-J45 -> -392.94377 | AF45: =M45/J45 -> 0.89084895
B46: 季節調理麵 | C46: 鴻運番茄湯麵 | E46: 56.43 | F46: 1623 | G46: =E46*F46 -> 91585.89 | I46: 19 | J46: 1800 | K46: =J46/I46 -> 94.736842 | L46: 19 | M46: =F46/V46*60 -> 1603.843 | N46: =M46/L46 -> 84.412789 | O46: =L46-I46 -> 0 | P46: =N46-K46 -> -10.324053 | Q46: =N46/K46 -> 0.89102388 | S46: 0.5008912 | T46: 0.54305556 | U46: 55.166667 | V46: 60.716667 | AC46: 1 | AE46: =M46-J46 -> -196.15701 | AF46: =M46/J46 -> 0.89102388
B55: 平均 | I55: =AVERAGE(I39:I54) -> 19.25 | J55: =AVERAGE(J39:J54) -> 1950 | K55: =J55/I55 -> 101.2987 | L55: =AVERAGE(L39:L54) -> 19.25 | M55: =AVERAGE(M39:M54) -> 1739.0963 | N55: =M55/L55 -> 90.342666 | O55: =L55-I55 -> 0 | P55: =N55-K55 -> -10.956035 | Q55: =N55/K55 -> 0.89184427 | S55: =S39 -> 0.20833333 | T55: =INDEX(T39:T54,COUNTA(T39:T54)) -> 0.54305556 | Y55: =SUM(Y39:Y54) -> 0 | Z55: =SUM(Z39:Z54) -> 0 | AC55: =SUM(AC39:AC54) -> 11 | AD55: =SUM(AD39:AD54) -> 0 | AE55: =M55-J55 -> -210.90367 | AF55: =M55/J55 -> 0.89184427
A56: 自動包裝機 | B56: 4℃-飯糰 | C56: 和風牛肉咖哩炸飯糰 | E56: 21.74 | F56: 339 | G56: =E56*F56 -> 7369.86 | I56: 6 | J56: 3600 | K56: =J56/I56 -> 600 | L56: 6 | M56: =F56/V56*60 -> 3254.4 | N56: =M56/L56 -> 542.4 | O56: =L56-I56 -> 0 | P56: =N56-K56 -> -57.6 | Q56: =N56/K56 -> 0.904 | R56: =Q72 -> 0.90303872 | S56: 0.43611111 | T56: 0.44045139 | U56: 5.5833333 | V56: 6.25 | AC56: 1 | AE56: =M56-J56 -> -345.6 | AF56: =M56/J56 -> 0.904 | AG56: =AF72 -> 0.90303872
B57: 4℃-壽司手卷 | C57: 明太子泡菜牛飯卷 | E57: 27.05 | F57: 957 | G57: =E57*F57 -> 25886.85 | I57: 6 | J57: 3273 | K57: =J57/I57 -> 545.5 | L57: 6 | M57: =F57/V57*60 -> 2952.1851 | N57: =M57/L57 -> 492.03085 | O57: =L57-I57 -> 0 | P57: =N57-K57 -> -53.469152 | Q57: =N57/K57 -> 0.90198139 | S57: 0.44375 | T57: 0.45725694 | U57: 4.75 | V57: 19.45 | AC57: 1 | AE57: =M57-J57 -> -320.81491 | AF57: =M57/J57 -> 0.90198139
B72: 平均 | I72: =AVERAGE(I56:I71) -> 6 | J72: =AVERAGE(J56:J71) -> 3436.5 | K72: =J72/I72 -> 572.75 | L72: =AVERAGE(L56:L71) -> 6 | M72: =AVERAGE(M56:M71) -> 3103.2925 | N72: =M72/L72 -> 517.21542 | O72: =L72-I72 -> 0 | P72: =N72-K72 -> -55.534576 | Q72: =N72/K72 -> 0.90303872 | S72: =S56 -> 0.43611111 | T72: =INDEX(T56:T71,COUNTA(T56:T71)) -> 0.45725694 | Y72: =SUM(Y56:Y71) -> 0 | Z72: =SUM(Z56:Z71) -> 0 | AC72: =SUM(AC56:AC71) -> 2 | AD72: =SUM(AD56:AD71) -> 0 | AE72: =M72-J72 -> -333.20746 | AF72: =M72/J72 -> 0.90303872
A73: 便當二線 (二配) | B73: 微波主食 | C73: 二配西班牙風味海鮮燉飯 | E73: 57.3 | F73: 876 | G73: =E73*F73 -> 50194.8 | I73: 21 | J73: 2000 | K73: =J73/I73 -> 95.238095 | L73: 21 | M73: =F73/V73*60 -> 1780.6889 | N73: =M73/L73 -> 84.794708 | O73: =L73-I73 -> 0 | P73: =N73-K73 -> -10.443387 | Q73: =N73/K73 -> 0.89034444 | R73: =Q89 -> 0.88953319 | S73: 0.70866898 | T73: 0.72916667 | V73: 29.516667 | AC73: 1 | AE73: =M73-J73 -> -219.31112 | AF73: =M73/J73 -> 0.89034444 | AG73: =AF89 -> 0.88953319
B74: 微波主食 | C74: 二配失控起司薯餅焗飯 | E74: 54.09 | F74: 1479 | G74: =E74*F74 -> 79999.11 | I74: 19 | J74: 2000 | K74: =J74/I74 -> 105.26316 | L74: 19 | M74: =F74/V74*60 -> 1777.1696 | N74: =M74/L74 -> 93.53524 | O74: =L74-I74 -> 0 | P74: =N74-K74 -> -11.727918 | Q74: =N74/K74 -> 0.88858478 | S74: 0.73337963 | T74: 0.76805556 | U74: 6.0666667 | V74: 49.933333 | AC74: 1 | AE74: =M74-J74 -> -222.83044 | AF74: =M74/J74 -> 0.88858478
B75: 微波主食 | C75: 二配蒙古風味烤肉飯 | E75: 58.17 | F75: 1613 | G75: =E75*F75 -> 93828.21 | I75: 19 | J75: 1800 | K75: =J75/I75 -> 94.736842 | L75: 19 | M75: =F75/V75*60 -> 1601.4341 | N75: =M75/L75 -> 84.286005 | O75: =L75-I75 -> 0 | P75: =N75-K75 -> -10.450838 | Q75: =N75/K75 -> 0.8896856 | S75: 0.77152778 | T75: 0.81349537 | U75: 5 | V75: 60.433333 | AC75: 1 | AE75: =M75-J75 -> -198.56591 | AF75: =M75/J75 -> 0.8896856
B89: 平均 | I89: =AVERAGE(I73:I88) -> 19.666667 | J89: =AVERAGE(J73:J88) -> 1933.3333 | K89: =J89/I89 -> 98.305085 | L89: =AVERAGE(L73:L88) -> 19.666667 | M89: =AVERAGE(M73:M88) -> 1719.7642 | N89: =M89/L89 -> 87.445636 | O89: =L89-I89 -> 0 | P89: =N89-K89 -> -10.859449 | Q89: =N89/K89 -> 0.88953319 | S89: =S73 -> 0.70866898 | T89: =INDEX(T73:T88,COUNTA(T73:T88)) -> 0.81349537 | Y89: =SUM(Y73:Y88) -> 0 | Z89: =SUM(Z73:Z88) -> 0 | AC89: =SUM(AC73:AC88) -> 3 | AD89: =SUM(AD73:AD88) -> 0 | AE89: =M89-J89 -> -213.56916 | AF89: =M89/J89 -> 0.88953319
A90: 涼麵二線 (二配) | B90: 微波主食 | C90: 二配乳酪燻腸紅醬焗飯 | E90: 50.67 | F90: 455 | G90: =E90*F90 -> 23054.85 | I90: 20 | J90: 2000 | K90: =J90/I90 -> 100 | L90: 20 | M90: =F90/V90*60 -> 1780.4348 | N90: =M90/L90 -> 89.021739 | O90: =L90-I90 -> 0 | P90: =N90-K90 -> -10.978261 | Q90: =N90/K90 -> 0.89021739 | R90: =Q106 -> 0.88927854 | S90: 0.70833333 | T90: 0.71898148 | V90: 15.333333 | AC90: 1 | AE90: =M90-J90 -> -219.56522 | AF90: =M90/J90 -> 0.89021739 | AG90: =AF106 -> 0.88927854
B91: 微波主食 | C91: 二配里肌豬排可可咖哩歐姆蛋飯 | E91: 56.79 | F91: 1476 | G91: =E91*F91 -> 83822.04 | I91: 23 | J91: 2000 | K91: =J91/I91 -> 86.956522 | L91: 23 | M91: =F91/V91*60 -> 1778.9086 | N91: =M91/L91 -> 77.343852 | O91: =L91-I91 -> 0 | P91: =N91-K91 -> -9.6126694 | Q91: =N91/K91 -> 0.8894543 | S91: 0.72237269 | T91: 0.75694444 | U91: 4.8833333 | V91: 49.783333 | AC91: 1 | AE91: =M91-J91 -> -221.0914 | AF91: =M91/J91 -> 0.8894543
B92: 微波主食 | C92: 二配黃金雞排蘑菇白醬歐姆蛋飯 | E92: 56.87 | F92: 1156 | G92: =E92*F92 -> 65741.72 | I92: 23 | J92: 2000 | K92: =J92/I92 -> 86.956522 | L92: 23 | M92: =F92/V92*60 -> 1777.7018 | N92: =M92/L92 -> 77.291384 | O92: =L92-I92 -> 0 | P92: =N92-K92 -> -9.6651375 | Q92: =N92/K92 -> 0.88885092 | S92: 0.76041667 | T92: 0.78751157 | U92: 5 | V92: 39.016667 | AC92: 1 | AE92: =M92-J92 -> -222.29816 | AF92: =M92/J92 -> 0.88885092
B93: 微波主食 | C93: 二配哞哞培根奶香海陸焗飯 | E93: 47.6 | F93: 1402 | G93: =E93*F93 -> 66735.2 | I93: 23 | J93: 2000 | K93: =J93/I93 -> 86.956522 | L93: 23 | M93: =F93/V93*60 -> 1777.1831 | N93: =M93/L93 -> 77.26883 | O93: =L93-I93 -> 0 | P93: =N93-K93 -> -9.6876914 | Q93: =N93/K93 -> 0.88859155 | S93: 0.79097222 | T93: 0.82384259 | U93: 4.9833333 | V93: 47.333333 | AC93: 1 | AE93: =M93-J93 -> -222.8169 | AF93: =M93/J93 -> 0.88859155
B106: 平均 | I106: =AVERAGE(I90:I105) -> 22.25 | J106: =AVERAGE(J90:J105) -> 2000 | K106: =J106/I106 -> 89.88764 | L106: =AVERAGE(L90:L105) -> 22.25 | M106: =AVERAGE(M90:M105) -> 1778.5571 | N106: =M106/L106 -> 79.93515 | O106: =L106-I106 -> 0 | P106: =N106-K106 -> -9.9524908 | Q106: =N106/K106 -> 0.88927854 | S106: =S90 -> 0.70833333 | T106: =INDEX(T90:T105,COUNTA(T90:T105)) -> 0.82384259 | Y106: =SUM(Y90:Y105) -> 0 | Z106: =SUM(Z90:Z105) -> 0 | AC106: =SUM(AC90:AC105) -> 4 | AD106: =SUM(AD90:AD105) -> 0 | AE106: =M106-J106 -> -221.44292 | AF106: =M106/J106 -> 0.88927854
AA108: 原因回覆
AA109: 1.當日出勤人數較多
AA110: 2.當日出勤人數較少
AA111: 3.當日出勤熟手較多
AA112: 4.當日出勤新人較多
AA113: 5.機台夾盒
AA114: 6.封膜不順
AA115: 7.更換膠膜
AA116: 8.更換碳帶
AA117: 9.當日熱轉印碳帶異常
AA118: 10.訂單量過少
AA119: 11.新品上市，尚未熟悉
AA120: 12.活動期間品項需貼標

Sheet 0129
B1: 屏榮 大溪廠組合室生產人時性分析
B3: 日期 | C3: 115.01.29星期四 | E3: 訂單量 | F3: ='0129(18度C)'!D1+'0129(4度C)'!D1 -> 141591 | H3: 營業額 | I3: ='0129(18度C)'!F1+'0129(4度C)'!F1 -> 4383675.5
B4: 人時性 | C4: 項目 | E4: ➀ | G4: ➁ | I4: ➂ | K4: ④ | M4: ⑤ | O4: 異常停線 | Q4: 短暫停線
C5: 組合室 | E5: 全溫層 | G5: 4度C-各編組展開(一配) | I5: 4度C-各編組展開(二配) | K5: 18度C-各編組展開(一配) | M5: 18度C-各編組展開(二配) | O5: 合計次數 | P5: 時間 | Q5: 合計次數 | R5: 設備次數
C6: 排關平均 | E6: =AVERAGE(D14:O14,D32:X32) -> 521.70785 | F6: =AVERAGE(#REF!,D14:K14) -> #REF! | G6: =AVERAGE(D14:K14) -> 190.43939 | I6: =AVERAGE(L14:O14) -> 94.096363 | K6: =AVERAGE(D32:O32) -> 735.8217 | M6: =AVERAGE(P32:X32) -> 767.08429 | O6: ='0129(4度C)'!Y2 -> 0 | P6: ='0129(4度C)'!Z2 -> 0 | Q6: ='0129(4度C)'!AC2 -> 39 | R6: ='0129(4度C)'!AD2 -> 0
C7: 實績平均 | E7: =AVERAGE(D15:O15,D33:X33) -> 463.28113 | F7: =AVERAGE(#REF!,D15:K15) -> #REF! | G7: =AVERAGE(D15:K15) -> 171.45614 | I7: =AVERAGE(L15:O15) -> 83.675792 | K7: =AVERAGE(D33:O33) -> 652.41044 | M7: =AVERAGE(P33:X33) -> 679.99307
C8: 達成率平均 | E8: =AVERAGE(D16:O16,D34:X34) -> 0.8894593 | F8: =AVERAGE(D16:K16,#REF!) -> #REF! | G8: =AVERAGE(D16:K16) -> 0.89695601 | I8: =AVERAGE(L16:O16) -> 0.88924754 | K8: =AVERAGE(D34:O34) -> 0.88678703 | M8: =AVERAGE(P34:X34) -> 0.88525402
O9: ※現行日本鮮食廠以達成率80%為基本(即為現行KPI)
B11: 溫層 | D11: ➁4度C-各編組展開 | L11: ➂4度C-各編組展開
B12: 編組 | D12: 1 | E12: 2 | F12: 3 | G12: 4 | H12: 5 | I12: 6 | J12: 7 | K12: 8 | L12: 1 | M12: 2 | N12: 3 | O12: 4
D13: 便當一線 | E13: 便當二線 | F13: 涼麵一線 | G13: 涼麵二線 | H13: 涼麵三線 | I13: 自動包裝機 | J13: 自動包裝機2 | K13: 自動包裝機3 | L13: 便當一線 | M13: 便當二線 | N13: 涼麵一線 | O13: 涼麵二線
B14: 人時性 | C14: 排關 | D14: - | E14: 81.818182 | F14: 93.023256 | G14: 102.47788 | H14: 102.12766 | I14: 572.75 | J14: - | K14: - | L14: - | M14: - | N14: 98.305085 | O14: 89.88764
C15: 實績 | D15: - | E15: 72.922088 | F15: 82.678493 | G15: 93.251255 | H15: 91.037096 | I15: 517.39178 | J15: - | K15: - | L15: - | M15: - | N15: 87.437005 | O15: 79.914578
C16: 達成率 | D16: - | E16: =E15/E14 -> 0.89126997 | F16: =F15/F14 -> 0.8887938 | G16: =G15/G14 -> 0.90996475 | H16: =H15/H14 -> 0.89140489 | I16: =I15/I14 -> 0.90334663 | J16: - | K16: - | L16: - | M16: - | N16: =N15/N14 -> 0.8894454 | O16: =O15/O14 -> 0.88904968
B17: 作業 時間 | C17: 開始 | D17: - | E17: 0.20835648 | F17: 0.29166667 | G17: 0.29166667 | H17: 0.29166667 | I17: 0.43402778 | J17: - | K17: - | L17: - | M17: - | N17: 0.70865741 | O17: 0.70857639
C18: 結束 | D18: - | E18: 0.59166667 | F18: 0.55435185 | G18: 0.47460648 | H18: 0.53958333 | I18: 0.46180556 | J18: - | K18: - | L18: - | M18: - | N18: 0.80981481 | O18: 0.82013889
B19: 產線異常 (5分鐘以上) | C19: 次數
C20: 時間/分
B21: 短暫停線 (5分鐘以下) | C21: 次數 | E21: 11 | F21: 6 | G21: 6 | H21: 7 | I21: 2 | N21: 3 | O21: 4
C22: 設備次數
B23: 配置人數 | D23: - | E23: 22 | F23: 21.5 | G23: 23.4 | H23: 20.142857 | I23: 6 | J23: - | K23: - | L23: - | M23: - | N23: 19.666667 | O23: 22.25
B24: 主要應用設備 | D24: L型封口機 | E24: ET-55 | F24: ET-55 | G24: ET-55 | H24: ET-600 | I24: 伺服包裝機 | J24: 伺服包裝機 | K24: 伺服包裝機 | L24: L型封口機 | M24: ET-55 | N24: ET-55 | O24: ET-55
B25: 次要應用設備 | D25: 伺服包裝機 | H25: 伺服包裝機
B26: 備註 | H26: 涼麵+烤飯糰 | I26: 大口飯糰線 | K26: 烤飯糰+手卷
B29: 溫層 | D29: ➃18度C-各編組展開 (一配) | P29: ⑤18度C-各編組展開 (二配)
B30: 編組 | D30: 1 | E30: 2 | F30: 3 | G30: 4 | H30: 5 | I30: 6 | J30: 7 | K30: 8 | L30: 9 | M30: 10 | N30: 11 | O30: 12 | P30: 1 | Q30: 2 | R30: 3 | S30: 4 | T30: 5 | U30: 6 | V30: 7 | W30: 8 | X30: 9
D31: 便當一線 | E31: 涼麵一線 | F31: 涼麵三線 | G31: 自動包裝機 | H31: 自動包裝機2 | I31: 自動包裝機3 | J31: 味付飯糰線B | K31: (舊) 3300型飯糰線 | L31: 3000型飯糰線 | M31: (新) 3300型飯糰機 | N31: GKK3600型 飯糰機 | O31: GKK3600型 飯糰機2 | P31: 自動包裝機 | Q31: 自動包裝機2 | R31: 自動包裝機3 | S31: 味付飯糰線B | T31: (舊) 3300型飯糰線 | U31: 3000型飯糰線 | V31: (新) 3300型飯糰機 | W31: GKK3600型 飯糰機 | X31: GKK3600型 飯糰機2
B32: 人時性 | C32: 排關 | D32: - | E32: - | F32: - | G32: 318.86792 | H32: 433.33333 | I32: - | J32: - | K32: 825 | L32: - | M32: 761.53846 | N32: 1133.3333 | O32: 942.85714 | P32: 306.38298 | Q32: - | R32: - | S32: - | T32: 787.5 | U32: - | V32: 761.53846 | W32: 1100 | X32: 880
C33: 實績 | D33: - | E33: - | F33: - | G33: 279.56581 | H33: 386.40081 | I33: - | J33: - | K33: 738.61822 | L33: - | M33: 681.89017 | N33: 994.07932 | O33: 833.90829 | P33: 267.27014 | Q33: - | R33: - | S33: - | T33: 702.7102 | U33: - | V33: 682.36162 | W33: 969.61222 | X33: 778.01115
C34: 達成率 | D34: - | E34: - | F34: - | G34: =G33/G32 -> 0.87674486 | H34: =H33/H32 -> 0.89169418 | I34: - | J34: - | K34: =K33/K32 -> 0.89529481 | L34: - | M34: =M33/M32 -> 0.89541133 | N34: =N33/N32 -> 0.87712881 | O34: =O33/O32 -> 0.88444818 | P34: =P33/P32 -> 0.87234006 | Q34: - | R34: - | S34: - | T34: =T33/T32 -> 0.89233041 | U34: - | V34: =V33/V32 -> 0.89603041 | W34: =W33/W32 -> 0.88146566 | X34: =X33/X32 -> 0.88410358
B35: 作業 時間 | C35: 開始 | D35: - | E35: - | F35: - | G35: 0.31041667 | H35: 0.2500463 | I35: - | J35: - | K35: 0.29190972 | L35: - | M35: 0.291875 | N35: 0.29174769 | O35: 0.29166667 | P35: 0.70833333 | Q35: - | R35: - | S35: - | T35: 0.70864583 | U35: - | V35: 0.70850694 | W35: 0.70862269 | X35: 0.70835648
C36: 結束 | D36: - | E36: - | F36: - | G36: 0.42986111 | H36: 0.28958333 | I36: - | J36: - | K36: 0.42246528 | L36: - | M36: 0.42291667 | N36: 0.46736111 | O36: 0.44305556 | P36: 0.80694444 | Q36: - | R36: - | S36: - | T36: 0.85293981 | U36: - | V36: 0.8328125 | W36: 1.0013889 | X36: 0.85763889
B37: 配置人數 | D37: - | E37: - | F37: - | G37: 10.6 | H37: 6 | I37: - | J37: - | K37: 4 | L37: - | M37: 4.3333333 | N37: 3 | O37: 3.5 | P37: 11.75 | Q37: - | R37: - | S37: - | T37: 4 | U37: - | V37: 4.3333333 | W37: 3 | X37: 3.75
B38: 主要應用設備 | D38: 伺服包裝機 | E38: ET-55 | F38: ET-600 | G38: 夾心型 | H38: 伺服包裝機 | I38: 伺服包裝機 | J38: 夾心型 | K38: 3300型 | L38: 3300型 | M38: 3300型 | N38: GKK | O38: GKK | P38: 夾心型 | Q38: 伺服包裝機 | R38: 伺服包裝機 | S38: 夾心型 | T38: 3300型 | U38: 3300型 | V38: 3300型 | W38: GKK | X38: GKK
B39: 次要應用設備
B40: 備註

Sheet 0129(18度C)
A1: 大溪廠日報分析 | C1: 總生產量 | D1: =SUM(F5:F191) -> 94001 | E1: 營業額 | F1: =SUM(G5:G191) -> 1884063.9 | G1: 出勤人數 | H1: =L21+L38+L55+L72+L89+L106+L123+L140+L157+L174+L191 -> 58.266667 | I1: 產線配置圖 | L1: 生產實績 | O1: 人時性差異分析 | S1: 日報登錄 | Y1: 分析說明 | AA1: 產能差異分析
A2: 46051 | C2: 人時性 | D2: =AVERAGE(N21,N38,N55,N72,N89,N106,N123,N140,N157,N174,N191) -> 664.948 | E2: 平均廠價 | F2: =F1/D1 -> 20.04302 | G2: 多次生產數 | H2: =COUNT(H5:H191) -> 1
A3: 線別 | B3: 品類 | C3: 品名 | E3: 廠價 | F3: 生產量 | G3: 營收 | H3: 多次 生產 | I3: 人數 | J3: 產能/時 | K3: 人時性 | L3: 人數 | M3: 產能/時 | N3: 人時性 | O3: 人數 | P3: 人時性 | Q3: 達成率 | R3: 達成率 平均 | S3: 生產時間 | U3: 換線、休息/分 | V3: 稼動時間/分 | W3: 休息時間 | Y3: (屏榮回填) | AA3: 產能/時 | AB3: 達成率 | AC3: 達成率平均
S4: 開始 | T4: 結束 | W4: 開始 | X4: 結束
A5: 自動包裝機 | B5: 18℃-壽司手卷 | C5: 一配明太子玉子脆卷 | E5: 19.7 | F5: 417 | G5: =E5*F5 -> 8214.9 | I5: 6 | J5: 2500 | K5: =J5/I5 -> 416.66667 | L5: 6 | M5: =F5/V5*60 -> 2254.0541 | N5: =M5/L5 -> 375.67568 | O5: =L5-I5 -> 0 | P5: =N5-K5 -> -40.990991 | Q5: =N5/K5 -> 0.90162162 | R5: =Q21 -> 0.87674486 | S5: 0.31041667 | T5: 0.318125 | V5: 11.1 | AA5: =M5-J5 -> -245.94595 | AB5: =M5/J5 -> 0.90162162 | AC5: =AB21 -> 0.87674486
B6: 18℃-飯糰 | C6: 一配兩粒飯糰(鮪魚.焦糖鮭魚) | E6: 28.57 | F6: 2076 | G6: =E6*F6 -> 59311.32 | I6: 12 | J6: 3600 | K6: =J6/I6 -> 300 | L6: 12 | M6: =F6/V6*60 -> 3121.8045 | N6: =M6/L6 -> 260.15038 | O6: =L6-I6 -> 0 | P6: =N6-K6 -> -39.849624 | Q6: =N6/K6 -> 0.86716792 | S6: 0.32159722 | T6: 0.34930556 | U6: 5 | V6: 39.9 | AA6: =M6-J6 -> -478.19549 | AB6: =M6/J6 -> 0.86716792
B7: 18℃-壽司手卷 | C7: 一配海饌雙手卷 | E7: 29.85 | F7: 1975 | G7: =E7*F7 -> 58953.75 | I7: 12 | J7: 3600 | K7: =J7/I7 -> 300 | L7: 12 | M7: =F7/V7*60 -> 3136.3035 | N7: =M7/L7 -> 261.35862 | O7: =L7-I7 -> 0 | P7: =N7-K7 -> -38.641376 | Q7: =N7/K7 -> 0.87119541 | S7: 0.35292824 | T7: 0.37916667 | U7: 5.2166667 | V7: 37.783333 | AA7: =M7-J7 -> -463.69652 | AB7: =M7/J7 -> 0.87119541
B8: 18℃-壽司手卷 | C8: 一配雙饗雙手卷 | E8: 29.52 | F8: 1874 | G8: =E8*F8 -> 55320.48 | I8: 12 | J8: 3600 | K8: =J8/I8 -> 300 | L8: 12 | M8: =F8/V8*60 -> 3134.9442 | N8: =M8/L8 -> 261.24535 | O8: =L8-I8 -> 0 | P8: =N8-K8 -> -38.754647 | Q8: =N8/K8 -> 0.87081784 | S8: 0.38273148 | T8: 0.40763889 | U8: 5.1333333 | V8: 35.866667 | AA8: =M8-J8 -> -465.05576 | AB8: =M8/J8 -> 0.87081784
B9: 18℃-壽司手卷 | C9: 一配長野稻荷壽司 | E9: 25.64 | F9: 1415 | G9: =E9*F9 -> 36280.6 | I9: 11 | J9: 3600 | K9: =J9/I9 -> 327.27273 | L9: 11 | M9: =F9/V9*60 -> 3169.8818 | N9: =M9/L9 -> 288.17107 | O9: =L9-I9 -> 0 | P9: =N9-K9 -> -39.101658 | Q9: =N9/K9 -> 0.88052271 | S9: 0.41126157 | T9: 0.42986111 | U9: 5.2166667 | V9: 26.783333 | AA9: =M9-J9 -> -430.11823 | AB9: =M9/J9 -> 0.88052271
B21: 平均 | I21: =AVERAGE(I5:I20) -> 10.6 | J21: =AVERAGE(J5:J20) -> 3380 | K21: =J21/I21 -> 318.86792 | L21: =AVERAGE(L5:L20) -> 10.6 | M21: =AVERAGE(M5:M20) -> 2963.3976 | N21: =M21/L21 -> 279.56581 | O21: =L21-I21 -> 0 | P21: =N21-K21 -> -39.302112 | Q21: =N21/K21 -> 0.87674486 | S21: =S5 -> 0.31041667 | T21: =INDEX(T5:T20,COUNTA(T5:T20)) -> 0.42986111 | AA21: =M21-J21 -> -416.60239 | AB21: =M21/J21 -> 0.87674486
A22: 自動包裝機2 | B22: 18℃-壽司手卷 | C22: 一配雙鬆細卷 | E22: 14.03 | F22: 886 | G22: =E22*F22 -> 12430.58 | I22: 6 | J22: 2600 | K22: =J22/I22 -> 433.33333 | L22: 6 | M22: =F22/V22*60 -> 2318.0233 | N22: =M22/L22 -> 386.33721 | O22: =L22-I22 -> 0 | P22: =N22-K22 -> -46.996124 | Q22: =N22/K22 -> 0.89154741 | R22: =Q38 -> 0.89169418 | S22: 0.2500463 | T22: 0.26597222 | V22: 22.933333 | AA22: =M22-J22 -> -281.97674 | AB22: =M22/J22 -> 0.89154741 | AC22: =AB38 -> 0.89169418
B23: 18℃-壽司手卷 | C23: 一配經典鮪魚沙拉細卷 | E23: 14.49 | F23: 1104 | G23: =E23*F23 -> 15996.96 | I23: 6 | J23: 2600 | K23: =J23/I23 -> 433.33333 | L23: 6 | M23: =F23/V23*60 -> 2318.7865 | N23: =M23/L23 -> 386.46441 | O23: =L23-I23 -> 0 | P23: =N23-K23 -> -46.868923 | Q23: =N23/K23 -> 0.89184095 | S23: 0.26974537 | T23: 0.28958333 | U23: 5.4333333 | V23: 28.566667 | AA23: =M23-J23 -> -281.21354 | AB23: =M23/J23 -> 0.89184095
B38: 平均 | I38: =AVERAGE(I22:I37) -> 6 | J38: =AVERAGE(J22:J37) -> 2600 | K38: =J38/I38 -> 433.33333 | L38: =AVERAGE(L22:L37) -> 6 | M38: =AVERAGE(M22:M37) -> 2318.4049 | N38: =M38/L38 -> 386.40081 | O38: =L38-I38 -> 0 | P38: =N38-K38 -> -46.932523 | Q38: =N38/K38 -> 0.89169418 | S38: =S22 -> 0.2500463 | T38: =INDEX(T22:T37,COUNTA(T22:T37)) -> 0.28958333 | AA38: =M38-J38 -> -281.59514 | AB38: =M38/J38 -> 0.89169418
A39: (舊) 3300型飯糰線 | B39: 18℃-飯糰 | C39: 一配鹽蔥燒肉飯糰 | E39: 17.89 | F39: 2789 | G39: =E39*F39 -> 49895.21 | I39: 4 | J39: 3300 | K39: =J39/I39 -> 825 | L39: 4 | M39: =F39/V39*60 -> 2953.9276 | N39: =M39/L39 -> 738.48191 | O39: =L39-I39 -> 0 | P39: =N39-K39 -> -86.518094 | Q39: =N39/K39 -> 0.89512958 | R39: =Q55 -> 0.89529481 | S39: 0.29190972 | T39: 0.33125 | V39: 56.65 | AA39: =M39-J39 -> -346.07237 | AB39: =M39/J39 -> 0.89512958 | AC39: =AB55 -> 0.89529481
B40: 18℃-飯糰 | C40: 一配照燒雞肉飯糰 | E40: 21.45 | F40: 1506 | G40: =E40*F40 -> 32303.7 | I40: 4 | J40: 3300 | K40: =J40/I40 -> 825 | L40: 4 | M40: =F40/V40*60 -> 2956.1614 | N40: =M40/L40 -> 739.04035 | O40: =L40-I40 -> 0 | P40: =N40-K40 -> -85.959651 | Q40: =N40/K40 -> 0.89580648 | S40: 0.33502315 | T40: 0.35625 | U40: 5.4333333 | V40: 30.566667 | AA40: =M40-J40 -> -343.8386 | AB40: =M40/J40 -> 0.89580648
B41: 18℃-飯糰 | C41: 一配雞肉飯飯糰 | E41: 16.66 | F41: 4398 | G41: =E41*F41 -> 73270.68 | I41: 4 | J41: 3300 | K41: =J41/I41 -> 825 | L41: 4 | M41: =F41/V41*60 -> 2953.3296 | N41: =M41/L41 -> 738.3324 | O41: =L41-I41 -> 0 | P41: =N41-K41 -> -86.667599 | Q41: =N41/K41 -> 0.89494836 | S41: 0.36041667 | T41: 0.42246528 | U41: 6 | V41: 89.35 | AA41: =M41-J41 -> -346.6704 | AB41: =M41/J41 -> 0.89494836
B55: 平均 | I55: =AVERAGE(I39:I54) -> 4 | J55: =AVERAGE(J39:J54) -> 3300 | K55: =J55/I55 -> 825 | L55: =AVERAGE(L39:L54) -> 4 | M55: =AVERAGE(M39:M54) -> 2954.4729 | N55: =M55/L55 -> 738.61822 | O55: =L55-I55 -> 0 | P55: =N55-K55 -> -86.381781 | Q55: =N55/K55 -> 0.89529481 | S55: =S39 -> 0.29190972 | T55: =INDEX(T39:T54,COUNTA(T39:T54)) -> 0.42246528 | AA55: =M55-J55 -> -345.52713 | AB55: =M55/J55 -> 0.89529481
A56: (新) 3300型飯糰機 | B56: 18℃-飯糰 | C56: 一配壹號醬炙烤牛飯糰 | E56: 22.28 | F56: 1119 | G56: =E56*F56 -> 24931.32 | I56: 5 | J56: 3300 | K56: =J56/I56 -> 660 | L56: 5 | M56: =F56/V56*60 -> 2957.7093 | N56: =M56/L56 -> 591.54185 | O56: =L56-I56 -> 0 | P56: =N56-K56 -> -68.45815 | Q56: =N56/K56 -> 0.89627553 | R56: =Q72 -> 0.89541133 | S56: 0.291875 | T56: 0.30763889 | V56: 22.7 | AA56: =M56-J56 -> -342.29075 | AB56: =M56/J56 -> 0.89627553 | AC56: =AB72 -> 0.89541133
B57: 18℃-飯糰 | C57: 一配紅運烏魚子紹興飯糰 | E57: 27.27 | F57: 4048 | G57: =E57*F57 -> 110388.96 | I57: 5 | J57: 3300 | K57: =J57/I57 -> 660 | L57: 5 | M57: =F57/V57*60 -> 2954.1456 | N57: =M57/L57 -> 590.82911 | O57: =L57-I57 -> 0 | P57: =N57-K57 -> -69.17089 | Q57: =N57/K57 -> 0.89519562 | S57: 0.31111111 | T57: 0.36820602 | U57: 5 | V57: 82.216667 | AA57: =M57-J57 -> -345.85445 | AB57: =M57/J57 -> 0.89519562
B58: 18℃-飯糰 | C58: 一配鮭魚奶油醬油飯糰 | E58: 18.53 | F58: 3622 | G58: =E58*F58 -> 67115.66 | I58: 3 | J58: 3300 | K58: =J58/I58 -> 1100 | L58: 3 | M58: =F58/V58*60 -> 2952.7174 | N58: =M58/L58 -> 984.23913 | O58: =L58-I58 -> 0 | P58: =N58-K58 -> -115.76087 | Q58: =N58/K58 -> 0.89476285 | S58: 0.37180556 | T58: 0.42291667 | U58: 5.1833333 | V58: 73.6 | AA58: =M58-J58 -> -347.28261 | AB58: =M58/J58 -> 0.89476285
B72: 平均 | I72: =AVERAGE(I56:I71) -> 4.3333333 | J72: =AVERAGE(J56:J71) -> 3300 | K72: =J72/I72 -> 761.53846 | L72: =AVERAGE(L56:L71) -> 4.3333333 | M72: =AVERAGE(M56:M71) -> 2954.8574 | N72: =M72/L72 -> 681.89017 | O72: =L72-I72 -> 0 | P72: =N72-K72 -> -79.648293 | Q72: =N72/K72 -> 0.89541133 | S72: =S56 -> 0.291875 | T72: =INDEX(T56:T71,COUNTA(T56:T71)) -> 0.42291667 | AA72: =M72-J72 -> -345.1426 | AB72: =M72/J72 -> 0.89541133
A73: GKK3600型 飯糰機 | B73: 18℃-飯糰 | C73: 一配蔬食鮪魚飯糰 | E73: 18.18 | F73: 1142 | G73: =E73*F73 -> 20761.56 | I73: 3 | J73: 3600 | K73: =J73/I73 -> 1200 | L73: 3 | M73: =F73/V73*60 -> 3131.15 | N73: =M73/L73 -> 1043.7167 | O73: =L73-I73 -> 0 | P73: =N73-K73 -> -156.28332 | Q73: =N73/K73 -> 0.8697639 | R73: =Q89 -> 0.87712881 | S73: 0.29174769 | T73: 0.30694444 | V73: 21.883333 | AA73: =M73-J73 -> -468.84996 | AB73: =M73/J73 -> 0.8697639 | AC73: =AB89 -> 0.87712881
B74: 18℃-飯糰 | C74: 一配經典肉鬆飯糰 | E74: 14.03 | F74: 4241 | G74: =E74*F74 -> 59501.23 | I74: 3 | J74: 3000 | K74: =J74/I74 -> 1000 | L74: 3 | M74: =F74/V74*60 -> 2688.9045 | N74: =M74/L74 -> 896.30151 | O74: =L74-I74 -> 0 | P74: =N74-K74 -> -103.69849 | Q74: =N74/K74 -> 0.89630151 | S74: 0.31761574 | T74: 0.38333333 | U74: 15.366667 | V74: 94.633333 | AA74: =M74-J74 -> -311.09546 | AB74: =M74/J74 -> 0.89630151
B75: 18℃-飯糰 | C75: 一配鮪魚飯糰 | E75: 14.28 | F75: 5509 | G75: =E75*F75 -> 78668.52 | I75: 3 | J75: 3600 | K75: =J75/I75 -> 1200 | L75: 3 | M75: =F75/V75*60 -> 3126.6593 | N75: =M75/L75 -> 1042.2198 | O75: =L75-I75 -> 0 | P75: =N75-K75 -> -157.78023 | Q75: =N75/K75 -> 0.86851647 | S75: 0.39394676 | T75: 0.46736111 | U75: 15.283333 | V75: 105.71667 | AA75: =M75-J75 -> -473.34069 | AB75: =M75/J75 -> 0.86851647
B89: 平均 | I89: =AVERAGE(I73:I88) -> 3 | J89: =AVERAGE(J73:J88) -> 3400 | K89: =J89/I89 -> 1133.3333 | L89: =AVERAGE(L73:L88) -> 3 | M89: =AVERAGE(M73:M88) -> 2982.238 | N89: =M89/L89 -> 994.07932 | O89: =L89-I89 -> 0 | P89: =N89-K89 -> -139.25401 | Q89: =N89/K89 -> 0.87712881 | S89: =S73 -> 0.29174769 | T89: =INDEX(T73:T88,COUNTA(T73:T88)) -> 0.46736111 | AA89: =M89-J89 -> -417.76204 | AB89: =M89/J89 -> 0.87712881
A90: GKK3600型 飯糰機2 | B90: 18℃-飯糰 | C90: 一配熟成紅鮭飯糰 | E90: 25.03 | F90: 1518 | G90: =E90*F90 -> 37995.54 | I90: 4 | J90: 3300 | K90: =J90/I90 -> 825 | L90: 4 | M90: =F90/V90*60 -> 2928.6174 | N90: =M90/L90 -> 732.15434 | O90: =L90-I90 -> 0 | P90: =N90-K90 -> -92.845659 | Q90: =N90/K90 -> 0.88745981 | R90: =Q106 -> 0.88444818 | S90: 0.29166667 | T90: 0.31326389 | V90: 31.1 | AA90: =M90-J90 -> -371.38264 | AB90: =M90/J90 -> 0.88745981 | AC90: =AB106 -> 0.88444818
B91: 18℃-飯糰 | C91: 一配北海道秋鮭親子飯糰 | E91: 24.82 | F91: 1748 | G91: =E91*F91 -> 43385.36 | I91: 4 | J91: 3300 | K91: =J91/I91 -> 825 | L91: 4 | M91: =F91/V91*60 -> 2928.2457 | N91: =M91/L91 -> 732.06142 | O91: =L91-I91 -> 0 | P91: =N91-K91 -> -92.938576 | Q91: =N91/K91 -> 0.88734718 | S91: 0.32373843 | T91: 0.34861111 | U91: 15.083333 | V91: 35.816667 | AA91: =M91-J91 -> -371.7543 | AB91: =M91/J91 -> 0.88734718
B92: 18℃-飯糰 | C92: 一配贅沢鮭魚肚飯糰 | E92: 30 | F92: 2820 | G92: =E92*F92 -> 84600 | I92: 3 | J92: 3000 | K92: =J92/I92 -> 1000 | L92: 3 | M92: =F92/V92*60 -> 2689.9841 | N92: =M92/L92 -> 896.66137 | O92: =L92-I92 -> 0 | P92: =N92-K92 -> -103.33863 | Q92: =N92/K92 -> 0.89666137 | S92: 0.35979167 | T92: 0.40347222 | U92: 16.1 | V92: 62.9 | AA92: =M92-J92 -> -310.0159 | AB92: =M92/J92 -> 0.89666137
B93: 18℃-飯糰 | C93: 一配明太子龍蝦風味沙拉飯糰 | E93: 18.18 | F93: 2173 | G93: =E93*F93 -> 39505.14 | I93: 3 | J93: 3600 | K93: =J93/I93 -> 1200 | L93: 3 | M93: =F93/V93*60 -> 3127.8689 | N93: =M93/L93 -> 1042.623 | O93: =L93-I93 -> 0 | P93: =N93-K93 -> -157.37705 | Q93: =N93/K93 -> 0.86885246 | S93: 0.4141088 | T93: 0.44305556 | U93: 15.316667 | V93: 41.683333 | AA93: =M93-J93 -> -472.13115 | AB93: =M93/J93 -> 0.86885246
B106: 平均 | I106: =AVERAGE(I90:I105) -> 3.5 | J106: =AVERAGE(J90:J105) -> 3300 | K106: =J106/I106 -> 942.85714 | L106: =AVERAGE(L90:L105) -> 3.5 | M106: =AVERAGE(M90:M105) -> 2918.679 | N106: =M106/L106 -> 833.90829 | O106: =L106-I106 -> 0 | P106: =N106-K106 -> -108.94886 | Q106: =N106/K106 -> 0.88444818 | S106: =S90 -> 0.29166667 | T106: =INDEX(T90:T105,COUNTA(T90:T105)) -> 0.44305556 | AA106: =M106-J106 -> -381.321 | AB106: =M106/J106 -> 0.88444818
A107: 自動包裝機 (二配) | B107: 18℃-壽司手卷 | C107: 二配長野稻荷壽司 | E107: 25.64 | F107: 1393 | G107: =E107*F107 -> 35716.52 | I107: 11 | J107: 3600 | K107: =J107/I107 -> 327.27273 | L107: 11 | M107: =F107/V107*60 -> 3169.9115 | N107: =M107/L107 -> 288.17377 | O107: =L107-I107 -> 0 | P107: =N107-K107 -> -39.098954 | Q107: =N107/K107 -> 0.88053097 | R107: =Q123 -> 0.87234006 | S107: 0.70833333 | T107: 0.72664352 | V107: 26.366667 | AA107: =M107-J107 -> -430.0885 | AB107: =M107/J107 -> 0.88053097 | AC107: =AB123 -> 0.87234006
B108: 18℃-壽司手卷 | C108: 二配雙饗雙手卷 | E108: 29.52 | F108: 2023 | G108: =E108*F108 -> 59718.96 | I108: 12 | J108: 3600 | K108: =J108/I108 -> 300 | L108: 12 | M108: =F108/V108*60 -> 3135.0839 | N108: =M108/L108 -> 261.257 | O108: =L108-I108 -> 0 | P108: =N108-K108 -> -38.743005 | Q108: =N108/K108 -> 0.87085665 | S108: 0.73005787 | T108: 0.75694444 | U108: 4.9166667 | V108: 38.716667 | AA108: =M108-J108 -> -464.91606 | AB108: =M108/J108 -> 0.87085665
B109: 18℃-壽司手卷 | C109: 二配海饌雙手卷 | E109: 29.85 | F109: 1816 | G109: =E109*F109 -> 54207.6 | I109: 12 | J109: 3600 | K109: =J109/I109 -> 300 | L109: 12 | M109: =F109/V109*60 -> 3134.0364 | N109: =M109/L109 -> 261.1697 | O109: =L109-I109 -> 0 | P109: =N109-K109 -> -38.830297 | Q109: =N109/K109 -> 0.87056568 | S109: 0.76127315 | T109: 0.78541667 | U109: 6.2333333 | V109: 34.766667 | AA109: =M109-J109 -> -465.96357 | AB109: =M109/J109 -> 0.87056568
B110: 18℃-飯糰 | C110: 二配兩粒飯糰(鮪魚.焦糖鮭魚) | E110: 28.57 | F110: 1328 | G110: =E110*F110 -> 37940.96 | I110: 12 | J110: 3600 | K110: =J110/I110 -> 300 | L110: 12 | M110: =F110/V110*60 -> 3122.6649 | N110: =M110/L110 -> 260.22208 | O110: =L110-I110 -> 0 | P110: =N110-K110 -> -39.777923 | Q110: =N110/K110 -> 0.86740692 | S110: 0.78922454 | T110: 0.80694444 | U110: 5.4833333 | V110: 25.516667 | AA110: =M110-J110 -> -477.33508 | AB110: =M110/J110 -> 0.86740692
B123: 平均 | I123: =AVERAGE(I107:I122) -> 11.75 | J123: =AVERAGE(J107:J122) -> 3600 | K123: =J123/I123 -> 306.38298 | L123: =AVERAGE(L107:L122) -> 11.75 | M123: =AVERAGE(M107:M122) -> 3140.4242 | N123: =M123/L123 -> 267.27014 | O123: =L123-I123 -> 0 | P123: =N123-K123 -> -39.112834 | Q123: =N123/K123 -> 0.87234006 | S123: =S107 -> 0.70833333 | T123: =INDEX(T107:T122,COUNTA(T107:T122)) -> 0.80694444 | AA123: =M123-J123 -> -459.5758 | AB123: =M123/J123 -> 0.87234006
A124: (舊) 3300型飯糰線 (二配) | B124: 18℃-飯糰 | C124: 二配大飯糰滷肉飯加蛋 | E124: 22.48 | F124: 1622 | G124: =E124*F124 -> 36462.56 | I124: 5 | J124: 3000 | K124: =J124/I124 -> 600 | L124: 5 | M124: =F124/V124*60 -> 2662.6539 | N124: =M124/L124 -> 532.53078 | O124: =L124-I124 -> 0 | P124: =N124-K124 -> -67.46922 | Q124: =N124/K124 -> 0.8875513 | R124: =Q140 -> 0.89233041 | S124: 0.70864583 | T124: 0.73402778 | V124: 36.55 | AA124: =M124-J124 -> -337.3461 | AB124: =M124/J124 -> 0.8875513 | AC124: =AB140 -> 0.89233041
B125: 18℃-飯糰 | C125: 二配大飯糰韓式蒜烤豬五花 | E125: 24.54 | F125: 1972 | G125: =E125*F125 -> 48392.88 | I125: 4 | J125: 3000 | K125: =J125/I125 -> 750 | L125: 4 | M125: =F125/V125*60 -> 2664.8649 | N125: =M125/L125 -> 666.21622 | O125: =L125-I125 -> 0 | P125: =N125-K125 -> -83.783784 | Q125: =N125/K125 -> 0.88828829 | S125: 0.7375 | T125: 0.76833333 | U125: 5 | V125: 44.4 | AA125: =M125-J125 -> -335.13514 | AB125: =M125/J125 -> 0.88828829
B126: 18℃-飯糰 | C126: 二配三杯醬爆菇菇飯糰 | E126: 16.7 | F126: 1265 | G126: =E126*F126 -> 21125.5 | I126: 3 | J126: 3300 | K126: =J126/I126 -> 1100 | L126: 3 | M126: =F126/V126*60 -> 2957.1429 | N126: =M126/L126 -> 985.71429 | O126: =L126-I126 -> 0 | P126: =N126-K126 -> -114.28571 | Q126: =N126/K126 -> 0.8961039 | S126: 0.7724537 | T126: 0.79027778 | U126: 5.9333333 | V126: 25.666667 | AA126: =M126-J126 -> -342.85714 | AB126: =M126/J126 -> 0.8961039
B127: 18℃-飯糰 | C127: 二配鹽蔥燒肉飯糰 | E127: 17.89 | F127: 4203 | G127: =E127*F127 -> 75191.67 | I127: 4 | J127: 3300 | K127: =J127/I127 -> 825 | L127: 4 | M127: =F127/V127*60 -> 2958.7016 | N127: =M127/L127 -> 739.6754 | O127: =L127-I127 -> 0 | P127: =N127-K127 -> -85.324599 | Q127: =N127/K127 -> 0.89657624 | S127: 0.79375 | T127: 0.85293981 | U127: 5 | V127: 85.233333 | AA127: =M127-J127 -> -341.2984 | AB127: =M127/J127 -> 0.89657624
B140: 平均 | I140: =AVERAGE(I124:I139) -> 4 | J140: =AVERAGE(J124:J139) -> 3150 | K140: =J140/I140 -> 787.5 | L140: =AVERAGE(L124:L139) -> 4 | M140: =AVERAGE(M124:M139) -> 2810.8408 | N140: =M140/L140 -> 702.7102 | O140: =L140-I140 -> 0 | P140: =N140-K140 -> -84.789798 | Q140: =N140/K140 -> 0.89233041 | S140: =S124 -> 0.70864583 | T140: =INDEX(T124:T139,COUNTA(T124:T139)) -> 0.85293981 | AA140: =M140-J140 -> -339.15919 | AB140: =M140/J140 -> 0.89233041
A141: (新) 3300型飯糰機 (二配) | B141: 18℃-飯糰 | C141: 二配壹號醬炙烤牛飯糰 | E141: 22.28 | F141: 1416 | G141: =E141*F141 -> 31548.48 | I141: 5 | J141: 3300 | K141: =J141/I141 -> 660 | L141: 5 | M141: =F141/V141*60 -> 2955.1304 | N141: =M141/L141 -> 591.02609 | O141: =L141-I141 -> 0 | P141: =N141-K141 -> -68.973913 | Q141: =N141/K141 -> 0.89549407 | R141: =Q157 -> 0.89603041 | S141: 0.70850694 | T141: 0.72847222 | V141: 28.75 | AA141: =M141-J141 -> -344.86957 | AB141: =M141/J141 -> 0.89549407 | AC141: =AB157 -> 0.89603041
B142: 18℃-飯糰 | C142: 二配油蔥G絲飯糰 | E142: 18.18 | F142: 601 | G142: =E142*F142 -> 10926.18 | I142: 4 | J142: 3300 | K142: =J142/I142 -> 825 | L142: 4 | M142: =F142/V142*60 -> 2959.7811 | N142: =M142/L142 -> 739.94528 | O142: =L142-I142 -> 0 | P142: =N142-K142 -> -85.05472 | Q142: =N142/K142 -> 0.89690337 | S142: 0.73194444 | T142: 0.74040509 | U142: 5 | V142: 12.183333 | AA142: =M142-J142 -> -340.21888 | AB142: =M142/J142 -> 0.89690337
B143: 18℃-飯糰 | C143: 二配雞肉飯飯糰 | E143: 16.66 | F143: 6318 | G143: =E143*F143 -> 105257.88 | I143: 4 | J143: 3300 | K143: =J143/I143 -> 825 | L143: 4 | M143: =F143/V143*60 -> 2955.7895 | N143: =M143/L143 -> 738.94737 | O143: =L143-I143 -> 0 | P143: =N143-K143 -> -86.052632 | Q143: =N143/K143 -> 0.89569378 | S143: 0.74375 | T143: 0.8328125 | U143: 4.8166667 | V143: 128.25 | AA143: =M143-J143 -> -344.21053 | AB143: =M143/J143 -> 0.89569378
B157: 平均 | I157: =AVERAGE(I141:I156) -> 4.3333333 | J157: =AVERAGE(J141:J156) -> 3300 | K157: =J157/I157 -> 761.53846 | L157: =AVERAGE(L141:L156) -> 4.3333333 | M157: =AVERAGE(M141:M156) -> 2956.9003 | N157: =M157/L157 -> 682.36162 | O157: =L157-I157 -> 0 | P157: =N157-K157 -> -79.176844 | Q157: =N157/K157 -> 0.89603041 | S157: =S141 -> 0.70850694 | T157: =INDEX(T141:T156,COUNTA(T141:T156)) -> 0.8328125 | AA157: =M157-J157 -> -343.09966 | AB157: =M157/J157 -> 0.89603041
A158: GKK3600型 飯糰機 (二配) | B158: 18℃-飯糰 | C158: 二配經典肉鬆飯糰 | E158: 14.03 | F158: 250 | G158: =E158*F158 -> 3507.5 | H158: 2 | I158: 3 | J158: 3000 | K158: =J158/I158 -> 1000 | L158: 3 | M158: =F158/V158*60 -> 2686.5672 | N158: =M158/L158 -> 895.52239 | O158: =L158-I158 -> 0 | P158: =N158-K158 -> -104.47761 | Q158: =N158/K158 -> 0.89552239 | R158: =Q174 -> 0.88146566 | S158: 0.70862269 | T158: 0.7125 | V158: 5.5833333 | AA158: =M158-J158 -> -313.43284 | AB158: =M158/J158 -> 0.89552239 | AC158: =AB174 -> 0.88146566
B159: 18℃-飯糰 | C159: 二配蔬食鮪魚飯糰 | E159: 18.18 | F159: 1043 | G159: =E159*F159 -> 18961.74 | I159: 3 | J159: 3600 | K159: =J159/I159 -> 1200 | L159: 3 | M159: =F159/V159*60 -> 3131.6097 | N159: =M159/L159 -> 1043.8699 | O159: =L159-I159 -> 0 | P159: =N159-K159 -> -156.13011 | Q159: =N159/K159 -> 0.86989158 | S159: 0.72292824 | T159: 0.73680556 | U159: 15.016667 | V159: 19.983333 | AA159: =M159-J159 -> -468.39033 | AB159: =M159/J159 -> 0.86989158
B160: 18℃-飯糰 | C160: 二配鮪魚飯糰 | E160: 14.28 | F160: 7835 | G160: =E160*F160 -> 111883.8 | I160: 3 | J160: 3600 | K160: =J160/I160 -> 1200 | L160: 3 | M160: =F160/V160*60 -> 3128.0914 | N160: =M160/L160 -> 1042.6971 | O160: =L160-I160 -> 0 | P160: =N160-K160 -> -157.30287 | Q160: =N160/K160 -> 0.86891427 | S160: 0.74791667 | T160: 0.85228009 | U160: 16 | V160: 150.28333 | W160: 0.85228009 | X160: 0.90505787 | AA160: =M160-J160 -> -471.90862 | AB160: =M160/J160 -> 0.86891427
B161: 18℃-飯糰 | C161: 二配經典肉鬆飯糰 | E161: 14.03 | F161: 6217 | G161: =E161*F161 -> 87224.51 | I161: 3 | J161: 3000 | K161: =J161/I161 -> 1000 | L161: 3 | M161: =F161/V161*60 -> 2689.0785 | N161: =M161/L161 -> 896.35949 | O161: =L161-I161 -> 0 | P161: =N161-K161 -> -103.64051 | Q161: =N161/K161 -> 0.89635949 | S161: 0.90505787 | T161: 1.0013889 | U161: 76 | V161: 138.71667 | AA161: =M161-J161 -> -310.92154 | AB161: =M161/J161 -> 0.89635949
B174: 平均 | I174: =AVERAGE(I158:I173) -> 3 | J174: =AVERAGE(J158:J173) -> 3300 | K174: =J174/I174 -> 1100 | L174: =AVERAGE(L158:L173) -> 3 | M174: =AVERAGE(M158:M173) -> 2908.8367 | N174: =M174/L174 -> 969.61222 | O174: =L174-I174 -> 0 | P174: =N174-K174 -> -130.38778 | Q174: =N174/K174 -> 0.88146566 | S174: =S158 -> 0.70862269 | T174: =INDEX(T158:T173,COUNTA(T158:T173)) -> 1.0013889 | AA174: =M174-J174 -> -391.16333 | AB174: =M174/J174 -> 0.88146566
A175: GKK3600型 飯糰機2 (二配) | B175: 18℃-飯糰 | C175: 二配芝麻香鬆飯糰 | E175: 18.18 | F175: 1522 | G175: =E175*F175 -> 27669.96 | I175: 4 | J175: 3000 | K175: =J175/I175 -> 750 | L175: 4 | M175: =F175/V175*60 -> 2688.5182 | N175: =M175/L175 -> 672.12954 | O175: =L175-I175 -> 0 | P175: =N175-K175 -> -77.870461 | Q175: =N175/K175 -> 0.89617272 | R175: =Q191 -> 0.88410358 | S175: 0.70835648 | T175: 0.73194444 | V175: 33.966667 | AA175: =M175-J175 -> -311.48184 | AB175: =M175/J175 -> 0.89617272 | AC175: =AB191 -> 0.88410358
B176: 18℃-飯糰 | C176: 二配北海道秋鮭親子飯糰 | E176: 24.82 | F176: 2190 | G176: =E176*F176 -> 54355.8 | I176: 4 | J176: 3300 | K176: =J176/I176 -> 825 | L176: 4 | M176: =F176/V176*60 -> 2926.5033 | N176: =M176/L176 -> 731.62584 | O176: =L176-I176 -> 0 | P176: =N176-K176 -> -93.374165 | Q176: =N176/K176 -> 0.88681919 | S176: 0.74243056 | T176: 0.77361111 | U176: 15.1 | V176: 44.9 | AA176: =M176-J176 -> -373.49666 | AB176: =M176/J176 -> 0.88681919
B177: 18℃-飯糰 | C177: 二配熟成紅鮭飯糰 | E177: 25.03 | F177: 1662 | G177: =E177*F177 -> 41599.86 | I177: 4 | J177: 3300 | K177: =J177/I177 -> 825 | L177: 4 | M177: =F177/V177*60 -> 2928.6344 | N177: =M177/L177 -> 732.15859 | O177: =L177-I177 -> 0 | P177: =N177-K177 -> -92.84141 | Q177: =N177/K177 -> 0.88746496 | S177: 0.78402778 | T177: 0.80767361 | U177: 15 | V177: 34.05 | AA177: =M177-J177 -> -371.36564 | AB177: =M177/J177 -> 0.88746496
B178: 18℃-飯糰 | C178: 二配明太子龍蝦風味沙拉飯糰 | E178: 18.18 | F178: 2945 | G178: =E178*F178 -> 53540.1 | I178: 3 | J178: 3600 | K178: =J178/I178 -> 1200 | L178: 3 | M178: =F178/V178*60 -> 3126.5114 | N178: =M178/L178 -> 1042.1705 | O178: =L178-I178 -> 0 | P178: =N178-K178 -> -157.82955 | Q178: =N178/K178 -> 0.86847538 | S178: 0.8183912 | T178: 0.85763889 | U178: 15.433333 | V178: 56.516667 | AA178: =M178-J178 -> -473.48865 | AB178: =M178/J178 -> 0.86847538
B191: 平均 | I191: =AVERAGE(I175:I190) -> 3.75 | J191: =AVERAGE(J175:J190) -> 3300 | K191: =J191/I191 -> 880 | L191: =AVERAGE(L175:L190) -> 3.75 | M191: =AVERAGE(M175:M190) -> 2917.5418 | N191: =M191/L191 -> 778.01115 | O191: =L191-I191 -> 0 | P191: =N191-K191 -> -101.98885 | Q191: =N191/K191 -> 0.88410358 | S191: =S175 -> 0.70835648 | T191: =INDEX(T175:T190,COUNTA(T175:T190)) -> 0.85763889 | AA191: =M191-J191 -> -382.4582 | AB191: =M191/J191 -> 0.88410358
Y193: 原因回覆
Y194: 1.當日出勤人數較多
Y195: 2.當日出勤人數較少
Y196: 3.當日出勤熟手較多
Y197: 4.當日出勤新人較多
Y198: 5.機台夾盒
Y199: 6.封膜不順
Y200: 7.更換膠膜
Y201: 8.更換碳帶
Y202: 9.當日熱轉印碳帶異常
Y203: 10.訂單量過少
Y204: 11.新品上市，尚未熟悉
Y205: 12.活動期間品項需貼標

Sheet 0129(4度C)
A1: 大溪廠日報分析 | C1: 總生產量 | D1: =SUM(F5:F123) -> 47590 | E1: 營業額 | F1: =SUM(G5:G123) -> 2499611.5 | G1: 出勤人數 | H1: =L21+L38+L55+L72+L89+L106+L123 -> 134.95952 | I1: 產線配置圖 | L1: 生產實績 | O1: 人時性差異分析 | S1: 日報登錄 | Y1: 合計次數 | Z1: 合計(時間/分) | AA1: 產線異常 分析說明(5分鐘以上) | AC1: 合計次數 | AD1: 合計(時間/分) | AE1: 產能差異分析
A2: 46051 | C2: 人時性 | D2: =AVERAGE(N21,N38,N55,N72,N89,N106,N123) -> 146.37604 | E2: 平均廠價 | F2: =F1/D1 -> 52.523881 | G2: 多次生產數 | H2: =COUNT(H5:H123) -> 0 | Y2: =SUM(Y21,Y38,Y55,Y72,Y89,Y106,Y123) -> 0 | Z2: =SUM(Z21,Z38,Z55,Z72,Z89,Z106,Z123) -> 0 | AC2: =SUM(AC21,AC38,AC55,AC72,AC89,AC106,AC123) -> 39 | AD2: =SUM(AD21,AD38,AD55,AD72,AD89,AD106,AD123) -> 0
A3: 線別 | B3: 品類 | C3: 品名 | E3: 廠價 | F3: 生產量 | G3: 營收 | H3: 多次 生產 | I3: 人數 | J3: 產能/時 | K3: 人時性 | L3: 人數 | M3: 產能/時 | N3: 人時性 | O3: 人數 | P3: 人時性 | Q3: 達成率 | R3: 達成率 平均 | S3: 生產時間 | U3: 換線、休息/分 | V3: 稼動時間/分 | W3: 休息時間 | Y3: 產線異常統計(5分鐘以上) | AA3: (屏榮回填) | AC3: 短暫停線統計(5分鐘以下) | AE3: 產能/時 | AF3: 達成率 | AG3: 達成率平均
S4: 開始 | T4: 結束 | W4: 開始 | X4: 結束 | Y4: 次數 | Z4: 時間/分 | AC4: 總次數 | AD4: 設備因素(次數)
A5: 便當二線 | B5: 微波小吃 | C5: 日式茶碗蒸 | E5: 19.7 | F5: 3360 | G5: =E5*F5 -> 66192 | I5: 13 | J5: 1200 | K5: =J5/I5 -> 92.307692 | L5: 13 | M5: =F5/V5*60 -> 1078.2671 | N5: =M5/L5 -> 82.943621 | O5: =L5-I5 -> 0 | P5: =N5-K5 -> -9.3640715 | Q5: =N5/K5 -> 0.89855589 | R5: =Q21 -> 0.89126997 | S5: 0.20835648 | T5: 0.33819444 | V5: 186.96667 | AC5: 5 | AE5: =M5-J5 -> -121.73293 | AF5: =M5/J5 -> 0.89855589 | AG5: =AF21 -> 0.89126997
B6: 微波主食 | C6: 糖燻野郎三十天熟成牛飯 | E6: 56.77 | F6: 3164 | G6: =E6*F6 -> 179620.28 | I6: 25 | J6: 2000 | K6: =J6/I6 -> 80 | L6: 25 | M6: =F6/V6*60 -> 1777.2507 | N6: =M6/L6 -> 71.09003 | O6: =L6-I6 -> 0 | P6: =N6-K6 -> -8.9099704 | Q6: =N6/K6 -> 0.88862537 | S6: 0.34179398 | T6: 0.41597222 | U6: 5.1833333 | V6: 106.81667 | AC6: 2 | AE6: =M6-J6 -> -222.74926 | AF6: =M6/J6 -> 0.88862537
B7: 便當 | C7: 嫩烤香料雞胸排蔬滿盒 | E7: 77.34 | F7: 1804 | G7: =E7*F7 -> 139521.36 | I7: 25 | J7: 2000 | K7: =J7/I7 -> 80 | L7: 25 | M7: =F7/V7*60 -> 1779.7753 | N7: =M7/L7 -> 71.191011 | O7: =L7-I7 -> 0 | P7: =N7-K7 -> -8.8089888 | Q7: =N7/K7 -> 0.88988764 | S7: 0.41957176 | T7: 0.46180556 | U7: 5.1833333 | V7: 60.816667 | W7: 0.46180556 | X7: 0.5009838 | AC7: 1 | AE7: =M7-J7 -> -220.22472 | AF7: =M7/J7 -> 0.88988764
B8: 便當 | C8: 健身G肉餐盒 | E8: 59.52 | F8: 3878 | G8: =E8*F8 -> 230818.56 | I8: 25 | J8: 2000 | K8: =J8/I8 -> 80 | L8: 25 | M8: =F8/V8*60 -> 1781.8507 | N8: =M8/L8 -> 71.274027 | O8: =L8-I8 -> 0 | P8: =N8-K8 -> -8.7259732 | Q8: =N8/K8 -> 0.89092534 | S8: 0.5009838 | T8: 0.59166667 | U8: 56.416667 | V8: 130.58333 | AC8: 3 | AE8: =M8-J8 -> -218.14933 | AF8: =M8/J8 -> 0.89092534
B21: 平均 | I21: =AVERAGE(I5:I20) -> 22 | J21: =AVERAGE(J5:J20) -> 1800 | K21: =J21/I21 -> 81.818182 | L21: =AVERAGE(L5:L20) -> 22 | M21: =AVERAGE(M5:M20) -> 1604.2859 | N21: =M21/L21 -> 72.922088 | O21: =L21-I21 -> 0 | P21: =N21-K21 -> -8.8960936 | Q21: =N21/K21 -> 0.89126997 | S21: =S5 -> 0.20835648 | T21: =INDEX(T5:T20,COUNTA(T5:T20)) -> 0.59166667 | Y21: =SUM(Y5:Y20) -> 0 | Z21: =SUM(Z5:Z20) -> 0 | AC21: =SUM(AC5:AC20) -> 11 | AD21: =SUM(AD5:AD20) -> 0 | AE21: =M21-J21 -> -195.71406 | AF21: =M21/J21 -> 0.89126997
A22: 涼麵一線 | B22: 便當 | C22: 香腸腿排雙拼便當 | E22: 53.76 | F22: 2817 | G22: =E22*F22 -> 151441.92 | I22: 20 | J22: 2000 | K22: =J22/I22 -> 100 | L22: 20 | M22: =F22/V22*60 -> 1777.9102 | N22: =M22/L22 -> 88.895512 | O22: =L22-I22 -> 0 | P22: =N22-K22 -> -11.104488 | Q22: =N22/K22 -> 0.88895512 | R22: =Q38 -> 0.8887938 | S22: 0.29166667 | T22: 0.35768519 | V22: 95.066667 | AC22: 2 | AE22: =M22-J22 -> -222.08976 | AF22: =M22/J22 -> 0.88895512 | AG22: =AF38 -> 0.8887938
B23: 便當 | C23: 經典滷肉飯 | E23: 47.37 | F23: 1909 | G23: =E23*F23 -> 90429.33 | I23: 21 | J23: 2000 | K23: =J23/I23 -> 95.238095 | L23: 21 | M23: =F23/V23*60 -> 1777.6513 | N23: =M23/L23 -> 84.650063 | O23: =L23-I23 -> 0 | P23: =N23-K23 -> -10.588032 | Q23: =N23/K23 -> 0.88882566 | S23: 0.36111111 | T23: 0.40585648 | U23: 4.9333333 | V23: 64.433333 | AC23: 1 | AE23: =M23-J23 -> -222.34868 | AF23: =M23/J23 -> 0.88882566
B24: 便當 | C24: 蔬活腿排補力餐盒 | E24: 71.55 | F24: 1911 | G24: =E24*F24 -> 136732.05 | I24: 22 | J24: 2000 | K24: =J24/I24 -> 90.909091 | L24: 22 | M24: =F24/V24*60 -> 1776.2974 | N24: =M24/L24 -> 80.740793 | O24: =L24-I24 -> 0 | P24: =N24-K24 -> -10.168298 | Q24: =N24/K24 -> 0.88814872 | S24: 0.40934028 | T24: 0.45416667 | U24: 5.0166667 | V24: 64.55 | W24: 0.45416667 | X24: 0.49236111 | AC24: 1 | AE24: =M24-J24 -> -223.70256 | AF24: =M24/J24 -> 0.88814872
B25: 便當 | C25: 海陸雙拼肉肉餐盒 | E25: 59.54 | F25: 2646 | G25: =E25*F25 -> 157542.84 | I25: 23 | J25: 2000 | K25: =J25/I25 -> 86.956522 | L25: 23 | M25: =F25/V25*60 -> 1778.4914 | N25: =M25/L25 -> 77.325714 | O25: =L25-I25 -> 0 | P25: =N25-K25 -> -9.6308082 | Q25: =N25/K25 -> 0.88924571 | S25: 0.49236111 | T25: 0.55435185 | U25: 55 | V25: 89.266667 | AC25: 2 | AE25: =M25-J25 -> -221.50859 | AF25: =M25/J25 -> 0.88924571
B38: 平均 | I38: =AVERAGE(I22:I37) -> 21.5 | J38: =AVERAGE(J22:J37) -> 2000 | K38: =J38/I38 -> 93.023256 | L38: =AVERAGE(L22:L37) -> 21.5 | M38: =AVERAGE(M22:M37) -> 1777.5876 | N38: =M38/L38 -> 82.678493 | O38: =L38-I38 -> 0 | P38: =N38-K38 -> -10.344763 | Q38: =N38/K38 -> 0.8887938 | S38: =S22 -> 0.29166667 | T38: =INDEX(T22:T37,COUNTA(T22:T37)) -> 0.55435185 | Y38: =SUM(Y22:Y37) -> 0 | Z38: =SUM(Z22:Z37) -> 0 | AC38: =SUM(AC22:AC37) -> 6 | AD38: =SUM(AD22:AD37) -> 0 | AE38: =M38-J38 -> -222.4124 | AF38: =M38/J38 -> 0.8887938
A39: 涼麵二線 | B39: 便當 | C39: 福氣魚四喜開運便當 | E39: 65.4 | F39: 809 | G39: =E39*F39 -> 52908.6 | I39: 24 | J39: 2000 | K39: =J39/I39 -> 83.333333 | L39: 24 | M39: =F39/V39*60 -> 1780.1956 | N39: =M39/L39 -> 74.174817 | O39: =L39-I39 -> 0 | P39: =N39-K39 -> -9.1585167 | Q39: =N39/K39 -> 0.8900978 | R39: =Q55 -> 0.90996475 | S39: 0.29166667 | T39: 0.31060185 | V39: 27.266667 | AC39: 1 | AE39: =M39-J39 -> -219.8044 | AF39: =M39/J39 -> 0.8900978 | AG39: =AF55 -> 0.94217589
B40: 便當 | C40: 美式雞丁餐盒 | E40: 59.34 | F40: 1276 | G40: =E40*F40 -> 75717.84 | I40: 24 | J40: 2000 | K40: =J40/I40 -> 83.333333 | L40: 24 | M40: =F40/V40*60 -> 1777.0213 | N40: =M40/L40 -> 74.042553 | O40: =L40-I40 -> 0 | P40: =N40-K40 -> -9.2907801 | Q40: =N40/K40 -> 0.88851064 | S40: 0.31388889 | T40: 0.34380787 | U40: 4.7333333 | V40: 43.083333 | AC40: 1 | AE40: =M40-J40 -> -222.97872 | AF40: =M40/J40 -> 0.88851064
B41: 便當 | C41: 烤蛋白餐盒 | E41: 58.67 | F41: 3209 | G41: =E41*F41 -> 188272.03 | I41: 23 | J41: 2000 | K41: =J41/I41 -> 86.956522 | L41: 23 | M41: =F41/V41*60 -> 1779.2084 | N41: =M41/L41 -> 77.356886 | O41: =L41-I41 -> 0 | P41: =N41-K41 -> -9.5996357 | Q41: =N41/K41 -> 0.88960419 | S41: 0.34722222 | T41: 0.42237269 | U41: 4.9166667 | V41: 108.21667 | AC41: 2 | AE41: =M41-J41 -> -220.79162 | AF41: =M41/J41 -> 0.88960419
B42: 4℃-飯糰 | C42: 韓素燒若飯糰 | E42: 24.07 | F42: 476 | G42: =E42*F42 -> 11457.32 | I42: 21 | J42: 2790 | K42: =J42/I42 -> 132.85714 | L42: 23 | M42: =F42/V42*60 -> 2786.3415 | N42: =M42/L42 -> 121.14528 | O42: =L42-I42 -> 2 | P42: =N42-K42 -> -11.711862 | Q42: =N42/K42 -> 0.9118462 | S42: 0.42638889 | T42: 0.43350694 | U42: 5.7833333 | V42: 10.25 | AC42: 1 | AE42: =M42-J42 -> -3.6585366 | AF42: =M42/J42 -> 0.9986887
B43: 4℃-飯糰 | C43: 麻油雞飯糰 | E43: 29.97 | F43: 2529 | G43: =E43*F43 -> 75794.13 | I43: 21 | J43: 2790 | K43: =J43/I43 -> 132.85714 | L43: 23 | M43: =F43/V43*60 -> 2787.6301 | N43: =M43/L43 -> 121.20131 | O43: =L43-I43 -> 2 | P43: =N43-K43 -> -11.655833 | Q43: =N43/K43 -> 0.91226792 | S43: 0.43680556 | T43: 0.47460648 | U43: 4.75 | V43: 54.433333 | AC43: 1 | AE43: =M43-J43 -> -2.3698714 | AF43: =M43/J43 -> 0.99915058
B55: 平均 | I55: =AVERAGE(I39:I54) -> 22.6 | J55: =AVERAGE(J39:J54) -> 2316 | K55: =J55/I55 -> 102.47788 | L55: =AVERAGE(L39:L54) -> 23.4 | M55: =AVERAGE(M39:M54) -> 2182.0794 | N55: =M55/L55 -> 93.251255 | O55: =L55-I55 -> 0.8 | P55: =N55-K55 -> -9.226621 | Q55: =N55/K55 -> 0.90996475 | S55: =S39 -> 0.29166667 | T55: =INDEX(T39:T54,COUNTA(T39:T54)) -> 0.47460648 | Y55: =SUM(Y39:Y54) -> 0 | Z55: =SUM(Z39:Z54) -> 0 | AC55: =SUM(AC39:AC54) -> 6 | AD55: =SUM(AD39:AD54) -> 0 | AE55: =M55-J55 -> -133.92063 | AF55: =M55/J55 -> 0.94217589
A56: 涼麵三線 | B56: 熱食義麵 | C56: 焗烤蕃茄起司四方麵 | E56: 57.3 | F56: 1634 | G56: =E56*F56 -> 93628.2 | I56: 22 | J56: 1800 | K56: =J56/I56 -> 81.818182 | L56: 22 | M56: =F56/V56*60 -> 1604.1451 | N56: =M56/L56 -> 72.915685 | O56: =L56-I56 -> 0 | P56: =N56-K56 -> -8.9024965 | Q56: =N56/K56 -> 0.89119171 | R56: =Q72 -> 0.89140489 | S56: 0.29166667 | T56: 0.3341088 | V56: 61.116667 | AC56: 1 | AE56: =M56-J56 -> -195.85492 | AF56: =M56/J56 -> 0.89119171 | AG56: =AF72 -> 0.89140489
B57: 微波小吃 | C57: 日式壽喜燒 | E57: 57.73 | F57: 1023 | G57: =E57*F57 -> 59057.79 | I57: 22 | J57: 1800 | K57: =J57/I57 -> 81.818182 | L57: 22 | M57: =F57/V57*60 -> 1604.7059 | N57: =M57/L57 -> 72.941176 | O57: =L57-I57 -> 0 | P57: =N57-K57 -> -8.8770053 | Q57: =N57/K57 -> 0.89150327 | S57: 0.3375 | T57: 0.3640625 | U57: 4.8833333 | V57: 38.25 | AC57: 1 | AE57: =M57-J57 -> -195.29412 | AF57: =M57/J57 -> 0.89150327
B58: 微波小吃 | C58: 韓式部隊鍋 | E58: 57.73 | F58: 768 | G58: =E58*F58 -> 44336.64 | I58: 22 | J58: 1800 | K58: =J58/I58 -> 81.818182 | L58: 22 | M58: =F58/V58*60 -> 1603.7123 | N58: =M58/L58 -> 72.896013 | O58: =L58-I58 -> 0 | P58: =N58-K58 -> -8.9221683 | Q58: =N58/K58 -> 0.89095128 | S58: 0.3675463 | T58: 0.3875 | U58: 5.0166667 | V58: 28.733333 | AC58: 1 | AE58: =M58-J58 -> -196.2877 | AF58: =M58/J58 -> 0.89095128
B59: 季節調理麵 | C59: 東京豚骨風味拉麵 | E59: 71.84 | F59: 1185 | G59: =E59*F59 -> 85130.4 | I59: 19 | J59: 1800 | K59: =J59/I59 -> 94.736842 | L59: 19 | M59: =F59/V59*60 -> 1606.1747 | N59: =M59/L59 -> 84.53551 | O59: =L59-I59 -> 0 | P59: =N59-K59 -> -10.201332 | Q59: =N59/K59 -> 0.89231928 | S59: 0.39097222 | T59: 0.42171296 | U59: 5 | V59: 44.266667 | AC59: 1 | AE59: =M59-J59 -> -193.8253 | AF59: =M59/J59 -> 0.89231928
B60: 季節調理麵 | C60: 醬油叉燒拉麵 | E60: 72.4 | F60: 630 | G60: =E60*F60 -> 45612 | I60: 18 | J60: 1800 | K60: =J60/I60 -> 100 | L60: 18 | M60: =F60/V60*60 -> 1605.0955 | N60: =M60/L60 -> 89.171975 | O60: =L60-I60 -> 0 | P60: =N60-K60 -> -10.828025 | Q60: =N60/K60 -> 0.89171975 | S60: 0.4253125 | T60: 0.44166667 | U60: 5.1833333 | V60: 23.55 | AC60: 1 | AE60: =M60-J60 -> -194.90446 | AF60: =M60/J60 -> 0.89171975
B61: 季節調理麵 | C61: 和風匠製胡麻涼麵 | E61: 32.06 | F61: 1049 | G61: =E61*F61 -> 33630.94 | I61: 19 | J61: 3600 | K61: =J61/I61 -> 189.47368 | L61: 19 | M61: =F61/V61*60 -> 3208.4962 | N61: =M61/L61 -> 168.86822 | O61: =L61-I61 -> 0 | P61: =N61-K61 -> -20.605464 | Q61: =N61/K61 -> 0.89124894 | S61: 0.44609954 | T61: 0.45972222 | U61: 6.3833333 | V61: 19.616667 | W61: 0.45972222 | X61: 0.49804398 | AC61: 1 | AE61: =M61-J61 -> -391.50382 | AF61: =M61/J61 -> 0.89124894
B62: 季節調理麵 | C62: 鴻運番茄湯麵 | E62: 56.43 | F62: 1599 | G62: =E62*F62 -> 90231.57 | I62: 19 | J62: 1800 | K62: =J62/I62 -> 94.736842 | L62: 19 | M62: =F62/V62*60 -> 1603.9008 | N62: =M62/L62 -> 84.415832 | O62: =L62-I62 -> 0 | P62: =N62-K62 -> -10.32101 | Q62: =N62/K62 -> 0.891056 | S62: 0.49804398 | T62: 0.53958333 | U62: 55.183333 | V62: 59.816667 | AC62: 1 | AE62: =M62-J62 -> -196.09919 | AF62: =M62/J62 -> 0.891056
B72: 平均 | I72: =AVERAGE(I56:I71) -> 20.142857 | J72: =AVERAGE(J56:J71) -> 2057.1429 | K72: =J72/I72 -> 102.12766 | L72: =AVERAGE(L56:L71) -> 20.142857 | M72: =AVERAGE(M56:M71) -> 1833.7472 | N72: =M72/L72 -> 91.037096 | O72: =L72-I72 -> 0 | P72: =N72-K72 -> -11.090564 | Q72: =N72/K72 -> 0.89140489 | S72: =S56 -> 0.29166667 | T72: =INDEX(T56:T71,COUNTA(T56:T71)) -> 0.53958333 | Y72: =SUM(Y56:Y71) -> 0 | Z72: =SUM(Z56:Z71) -> 0 | AC72: =SUM(AC56:AC71) -> 7 | AD72: =SUM(AD56:AD71) -> 0 | AE72: =M72-J72 -> -223.39565 | AF72: =M72/J72 -> 0.89140489
A73: 自動包裝機 | B73: 4℃-飯糰 | C73: 和風牛肉咖哩炸飯糰 | E73: 21.74 | F73: 543 | G73: =E73*F73 -> 11804.82 | I73: 6 | J73: 3600 | K73: =J73/I73 -> 600 | L73: 6 | M73: =F73/V73*60 -> 3258 | N73: =M73/L73 -> 543 | O73: =L73-I73 -> 0 | P73: =N73-K73 -> -57 | Q73: =N73/K73 -> 0.905 | R73: =Q89 -> 0.90334663 | S73: 0.43402778 | T73: 0.44097222 | U73: 6 | V73: 10 | AC73: 1 | AE73: =M73-J73 -> -342 | AF73: =M73/J73 -> 0.905 | AG73: =AF89 -> 0.90334663
B74: 4℃-壽司手卷 | C74: 明太子泡菜牛飯卷 | E74: 27.05 | F74: 1227 | G74: =E74*F74 -> 33190.35 | I74: 6 | J74: 3273 | K74: =J74/I74 -> 545.5 | L74: 6 | M74: =F74/V74*60 -> 2950.7014 | N74: =M74/L74 -> 491.78357 | O74: =L74-I74 -> 0 | P74: =N74-K74 -> -53.716433 | Q74: =N74/K74 -> 0.90152808 | S74: 0.44447917 | T74: 0.46180556 | U74: 5.05 | V74: 24.95 | AC74: 1 | AE74: =M74-J74 -> -322.2986 | AF74: =M74/J74 -> 0.90152808
B89: 平均 | I89: =AVERAGE(I73:I88) -> 6 | J89: =AVERAGE(J73:J88) -> 3436.5 | K89: =J89/I89 -> 572.75 | L89: =AVERAGE(L73:L88) -> 6 | M89: =AVERAGE(M73:M88) -> 3104.3507 | N89: =M89/L89 -> 517.39178 | O89: =L89-I89 -> 0 | P89: =N89-K89 -> -55.358216 | Q89: =N89/K89 -> 0.90334663 | S89: =S73 -> 0.43402778 | T89: =INDEX(T73:T88,COUNTA(T73:T88)) -> 0.46180556 | Y89: =SUM(Y73:Y88) -> 0 | Z89: =SUM(Z73:Z88) -> 0 | AC89: =SUM(AC73:AC88) -> 2 | AD89: =SUM(AD73:AD88) -> 0 | AE89: =M89-J89 -> -332.1493 | AF89: =M89/J89 -> 0.90334663
A90: 涼麵一線 (二配) | B90: 微波主食 | C90: 二配西班牙風味海鮮燉飯 | E90: 57.3 | F90: 906 | G90: =E90*F90 -> 51913.8 | I90: 21 | J90: 2000 | K90: =J90/I90 -> 95.238095 | L90: 21 | M90: =F90/V90*60 -> 1780.3493 | N90: =M90/L90 -> 84.77854 | O90: =L90-I90 -> 0 | P90: =N90-K90 -> -10.459555 | Q90: =N90/K90 -> 0.89017467 | R90: =Q106 -> 0.8894454 | S90: 0.70865741 | T90: 0.72986111 | V90: 30.533333 | AC90: 1 | AE90: =M90-J90 -> -219.65066 | AF90: =M90/J90 -> 0.89017467 | AG90: =AF106 -> 0.8894454
B91: 微波主食 | C91: 二配失控起司薯餅焗飯 | E91: 54.09 | F91: 1445 | G91: =E91*F91 -> 78160.05 | I91: 19 | J91: 2000 | K91: =J91/I91 -> 105.26316 | L91: 19 | M91: =F91/V91*60 -> 1777.2463 | N91: =M91/L91 -> 93.53928 | O91: =L91-I91 -> 0 | P91: =N91-K91 -> -11.723878 | Q91: =N91/K91 -> 0.88862316 | S91: 0.7334838 | T91: 0.76736111 | U91: 5.2166667 | V91: 48.783333 | AC91: 1 | AE91: =M91-J91 -> -222.75367 | AF91: =M91/J91 -> 0.88862316
B92: 微波主食 | C92: 二配蒙古風味烤肉飯 | E92: 58.17 | F92: 1498 | G92: =E92*F92 -> 87138.66 | I92: 19 | J92: 1800 | K92: =J92/I92 -> 94.736842 | L92: 19 | M92: =F92/V92*60 -> 1601.1876 | N92: =M92/L92 -> 84.273034 | O92: =L92-I92 -> 0 | P92: =N92-K92 -> -10.463808 | Q92: =N92/K92 -> 0.88954869 | S92: 0.77083333 | T92: 0.80981481 | U92: 5 | V92: 56.133333 | AC92: 1 | AE92: =M92-J92 -> -198.81235 | AF92: =M92/J92 -> 0.88954869
B106: 平均 | I106: =AVERAGE(I90:I105) -> 19.666667 | J106: =AVERAGE(J90:J105) -> 1933.3333 | K106: =J106/I106 -> 98.305085 | L106: =AVERAGE(L90:L105) -> 19.666667 | M106: =AVERAGE(M90:M105) -> 1719.5944 | N106: =M106/L106 -> 87.437005 | O106: =L106-I106 -> 0 | P106: =N106-K106 -> -10.868079 | Q106: =N106/K106 -> 0.8894454 | S106: =S90 -> 0.70865741 | T106: =INDEX(T90:T105,COUNTA(T90:T105)) -> 0.80981481 | Y106: =SUM(Y90:Y105) -> 0 | Z106: =SUM(Z90:Z105) -> 0 | AC106: =SUM(AC90:AC105) -> 3 | AD106: =SUM(AD90:AD105) -> 0 | AE106: =M106-J106 -> -213.73889 | AF106: =M106/J106 -> 0.8894454
A107: 涼麵二線 (二配) | B107: 微波主食 | C107: 二配乳酪燻腸紅醬焗飯 | E107: 50.67 | F107: 405 | G107: =E107*F107 -> 20521.35 | I107: 20 | J107: 2000 | K107: =J107/I107 -> 100 | L107: 20 | M107: =F107/V107*60 -> 1780.2198 | N107: =M107/L107 -> 89.010989 | O107: =L107-I107 -> 0 | P107: =N107-K107 -> -10.989011 | Q107: =N107/K107 -> 0.89010989 | R107: =Q123 -> 0.88904968 | S107: 0.70857639 | T107: 0.71805556 | V107: 13.65 | AC107: 1 | AE107: =M107-J107 -> -219.78022 | AF107: =M107/J107 -> 0.89010989 | AG107: =AF123 -> 0.88904968
B108: 微波主食 | C108: 二配里肌豬排可可咖哩歐姆蛋飯 | E108: 56.79 | F108: 1454 | G108: =E108*F108 -> 82572.66 | I108: 23 | J108: 2000 | K108: =J108/I108 -> 86.956522 | L108: 23 | M108: =F108/V108*60 -> 1777.3854 | N108: =M108/L108 -> 77.277626 | O108: =L108-I108 -> 0 | P108: =N108-K108 -> -9.6788957 | Q108: =N108/K108 -> 0.8886927 | S108: 0.72152778 | T108: 0.75561343 | U108: 5 | V108: 49.083333 | AC108: 1 | AE108: =M108-J108 -> -222.6146 | AF108: =M108/J108 -> 0.8886927
B109: 微波主食 | C109: 二配黃金雞排蘑菇白醬歐姆蛋飯 | E109: 56.87 | F109: 1109 | G109: =E109*F109 -> 63068.83 | I109: 23 | J109: 2000 | K109: =J109/I109 -> 86.956522 | L109: 23 | M109: =F109/V109*60 -> 1777.5601 | N109: =M109/L109 -> 77.285222 | O109: =L109-I109 -> 0 | P109: =N109-K109 -> -9.6712997 | Q109: =N109/K109 -> 0.88878005 | S109: 0.75972222 | T109: 0.78571759 | U109: 5.9166667 | V109: 37.433333 | AC109: 1 | AE109: =M109-J109 -> -222.43989 | AF109: =M109/J109 -> 0.88878005
B110: 微波主食 | C110: 二配哞哞培根奶香海陸焗飯 | E110: 47.6 | F110: 1327 | G110: =E110*F110 -> 63165.2 | I110: 23 | J110: 2000 | K110: =J110/I110 -> 86.956522 | L110: 23 | M110: =F110/V110*60 -> 1777.2321 | N110: =M110/L110 -> 77.270963 | O110: =L110-I110 -> 0 | P110: =N110-K110 -> -9.685559 | Q110: =N110/K110 -> 0.88861607 | S110: 0.78902778 | T110: 0.82013889 | U110: 4.7666667 | V110: 44.8 | AC110: 1 | AE110: =M110-J110 -> -222.76786 | AF110: =M110/J110 -> 0.88861607
B123: 平均 | I123: =AVERAGE(I107:I122) -> 22.25 | J123: =AVERAGE(J107:J122) -> 2000 | K123: =J123/I123 -> 89.88764 | L123: =AVERAGE(L107:L122) -> 22.25 | M123: =AVERAGE(M107:M122) -> 1778.0994 | N123: =M123/L123 -> 79.914578 | O123: =L123-I123 -> 0 | P123: =N123-K123 -> -9.9730626 | Q123: =N123/K123 -> 0.88904968 | S123: =S107 -> 0.70857639 | T123: =INDEX(T107:T122,COUNTA(T107:T122)) -> 0.82013889 | Y123: =SUM(Y107:Y122) -> 0 | Z123: =SUM(Z107:Z122) -> 0 | AC123: =SUM(AC107:AC122) -> 4 | AD123: =SUM(AD107:AD122) -> 0 | AE123: =M123-J123 -> -221.90064 | AF123: =M123/J123 -> 0.88904968
AA125: 原因回覆
AA126: 1.當日出勤人數較多
AA127: 2.當日出勤人數較少
AA128: 3.當日出勤熟手較多
AA129: 4.當日出勤新人較多
AA130: 5.機台夾盒
AA131: 6.封膜不順
AA132: 7.更換膠膜
AA133: 8.更換碳帶
AA134: 9.當日熱轉印碳帶異常
AA135: 10.訂單量過少
AA136: 11.新品上市，尚未熟悉
AA137: 12.活動期間品項需貼標

Sheet 0128
B1: 屏榮 大溪廠組合室生產人時性分析
B3: 日期 | C3: 115.01.28星期三 | E3: 訂單量 | F3: ='0128(18度C)'!D1+'0128(4度C)'!D1 -> 153374 | H3: 營業額 | I3: ='0128(18度C)'!F1+'0128(4度C)'!F1 -> 4734075.2
B4: 人時性 | C4: 項目 | E4: ➀ | G4: ➁ | I4: ➂ | K4: ④ | M4: ⑤ | O4: 異常停線 | Q4: 短暫停線
C5: 組合室 | E5: 全溫層 | G5: 4度C-各編組展開(一配) | I5: 4度C-各編組展開(二配) | K5: 18度C-各編組展開(一配) | M5: 18度C-各編組展開(二配) | O5: 合計次數 | P5: 時間 | Q5: 合計次數 | R5: 設備次數
C6: 排關平均 | E6: =AVERAGE(D14:O14,D32:X32) -> 523.24631 | F6: =AVERAGE(#REF!,D14:K14) -> #REF! | G6: =AVERAGE(D14:K14) -> 190.43939 | I6: =AVERAGE(L14:O14) -> 94.096363 | K6: =AVERAGE(D32:O32) -> 735.8217 | M6: =AVERAGE(P32:X32) -> 772.62275 | O6: ='0128(4度C)'!Y2 -> 0 | P6: ='0128(4度C)'!Z2 -> 0 | Q6: ='0128(4度C)'!AC2 -> 45 | R6: ='0128(4度C)'!AD2 -> 0
C7: 實績平均 | E7: =AVERAGE(D15:O15,D33:X33) -> 464.47506 | F7: =AVERAGE(#REF!,D15:K15) -> #REF! | G7: =AVERAGE(D15:K15) -> 171.39051 | I7: =AVERAGE(L15:O15) -> 83.653638 | K7: =AVERAGE(D33:O33) -> 652.29515 | M7: =AVERAGE(P33:X33) -> 684.50407
C8: 達成率平均 | E8: =AVERAGE(D16:O16,D34:X34) -> 0.88917432 | F8: =AVERAGE(D16:K16,#REF!) -> #REF! | G8: =AVERAGE(D16:K16) -> 0.89669322 | I8: =AVERAGE(L16:O16) -> 0.8890135 | K8: =AVERAGE(D34:O34) -> 0.88660054 | M8: =AVERAGE(P34:X34) -> 0.88480829
O9: ※現行日本鮮食廠以達成率80%為基本(即為現行KPI)
B11: 溫層 | D11: ➁4度C-各編組展開 | L11: ➂4度C-各編組展開
B12: 編組 | D12: 1 | E12: 2 | F12: 3 | G12: 4 | H12: 5 | I12: 6 | J12: 7 | K12: 8 | L12: 1 | M12: 2 | N12: 3 | O12: 4
D13: 便當一線 | E13: 便當二線 | F13: 涼麵一線 | G13: 涼麵二線 | H13: 涼麵三線 | I13: 自動包裝機 | J13: 自動包裝機2 | K13: 自動包裝機3 | L13: 便當一線 | M13: 便當二線 | N13: 涼麵一線 | O13: 涼麵二線
B14: 人時性 | C14: 排關 | D14: - | E14: 81.818182 | F14: 93.023256 | G14: 102.47788 | H14: 102.12766 | I14: 572.75 | J14: - | K14: - | L14: - | M14: - | N14: 98.305085 | O14: 89.88764
C15: 實績 | D15: - | E15: 72.91477 | F15: 82.640487 | G15: 93.261256 | H15: 90.9871 | I15: 517.14893 | J15: - | K15: - | L15: - | M15: - | N15: 87.410934 | O15: 79.896342
C16: 達成率 | D16: - | E16: =E15/E14 -> 0.89118053 | F16: =F15/F14 -> 0.88838523 | G16: =G15/G14 -> 0.91006234 | H16: =H15/H14 -> 0.89091536 | I16: =I15/I14 -> 0.90292262 | J16: - | K16: - | L16: - | M16: - | N16: =N15/N14 -> 0.8891802 | O16: =O15/O14 -> 0.8888468
B17: 作業 時間 | C17: 開始 | D17: - | E17: 0.20834491 | F17: 0.29167824 | G17: 0.29184028 | H17: 0.29166667 | I17: 0.43819444 | J17: - | K17: - | L17: - | M17: - | N17: 0.70833333 | O17: 0.70833333
C18: 結束 | D18: - | E18: 0.61736111 | F18: 0.56388889 | G18: 0.48680556 | H18: 0.5375 | I18: 0.46666667 | J18: - | K18: - | L18: - | M18: - | N18: 0.83125 | O18: 0.83844907
B19: 產線異常 (5分鐘以上) | C19: 次數
C20: 時間/分
B21: 短暫停線 (5分鐘以下) | C21: 次數 | E21: 13 | F21: 8 | G21: 7 | H21: 7 | I21: 2 | N21: 4 | O21: 4
C22: 設備次數
B23: 配置人數 | D23: - | E23: 22 | F23: 21.5 | G23: 23.4 | H23: 20.142857 | I23: 6 | J23: - | K23: - | L23: - | M23: - | N23: 19.666667 | O23: 22.25
B24: 主要應用設備 | D24: L型封口機 | E24: ET-55 | F24: ET-55 | G24: ET-55 | H24: ET-600 | I24: 伺服包裝機 | J24: 伺服包裝機 | K24: 伺服包裝機 | L24: L型封口機 | M24: ET-55 | N24: ET-55 | O24: ET-55
B25: 次要應用設備 | D25: 伺服包裝機 | H25: 伺服包裝機
B26: 備註 | H26: 涼麵+烤飯糰 | I26: 大口飯糰線 | K26: 烤飯糰+手卷
B29: 溫層 | D29: ➃18度C-各編組展開 (一配) | P29: ⑤18度C-各編組展開 (二配)
B30: 編組 | D30: 1 | E30: 2 | F30: 3 | G30: 4 | H30: 5 | I30: 6 | J30: 7 | K30: 8 | L30: 9 | M30: 10 | N30: 11 | O30: 12 | P30: 1 | Q30: 2 | R30: 3 | S30: 4 | T30: 5 | U30: 6 | V30: 7 | W30: 8 | X30: 9
D31: 便當一線 | E31: 涼麵一線 | F31: 涼麵三線 | G31: 自動包裝機 | H31: 自動包裝機2 | I31: 自動包裝機3 | J31: 味付飯糰線B | K31: (舊) 3300型飯糰線 | L31: 3000型飯糰線 | M31: (新) 3300型飯糰機 | N31: GKK3600型 飯糰機 | O31: GKK3600型 飯糰機2 | P31: 自動包裝機 | Q31: 自動包裝機2 | R31: 自動包裝機3 | S31: 味付飯糰線B | T31: (舊) 3300型飯糰線 | U31: 3000型飯糰線 | V31: (新) 3300型飯糰機 | W31: GKK3600型 飯糰機 | X31: GKK3600型 飯糰機2
B32: 人時性 | C32: 排關 | D32: - | E32: - | F32: - | G32: 318.86792 | H32: 433.33333 | I32: - | J32: - | K32: 825 | L32: - | M32: 761.53846 | N32: 1133.3333 | O32: 942.85714 | P32: 306.38298 | Q32: - | R32: - | S32: - | T32: 787.5 | U32: - | V32: 776.47059 | W32: 969.23077 | X32: 1023.5294
C33: 實績 | D33: - | E33: - | F33: - | G33: 279.37657 | H33: 386.41942 | I33: - | J33: - | K33: 738.47749 | L33: - | M33: 681.78113 | N33: 993.89341 | O33: 833.82289 | P33: 267.25572 | Q33: - | R33: - | S33: - | T33: 702.63416 | U33: - | V33: 695.26538 | W33: 861.08644 | X33: 896.27866
C34: 達成率 | D34: - | E34: - | F34: - | G34: =G33/G32 -> 0.87615139 | H34: =H33/H32 -> 0.89173711 | I34: - | J34: - | K34: =K33/K32 -> 0.89512423 | L34: - | M34: =M33/M32 -> 0.89526814 | N34: =N33/N32 -> 0.87696478 | O34: =O33/O32 -> 0.88435761 | P34: =P33/P32 -> 0.87229297 | Q34: - | R34: - | S34: - | T34: =T33/T32 -> 0.89223385 | U34: - | V34: =V33/V32 -> 0.89541754 | W34: =W33/W32 -> 0.88842252 | X34: =X33/X32 -> 0.87567455
B35: 作業 時間 | C35: 開始 | D35: - | E35: - | F35: - | G35: 0.31111111 | H35: 0.25 | I35: - | J35: - | K35: 0.29166667 | L35: - | M35: 0.29200231 | N35: 0.29166667 | O35: 0.29166667 | P35: 0.70856481 | Q35: - | R35: - | S35: - | T35: 0.70844907 | U35: - | V35: 0.70861111 | W35: 0.70833333 | X35: 0.70833333
C36: 結束 | D36: - | E36: - | F36: - | G36: 0.43488426 | H36: 0.29100694 | I36: - | J36: - | K36: 0.45928241 | L36: - | M36: 0.42569444 | N36: 0.46666667 | O36: 0.44375 | P36: 0.80725694 | Q36: - | R36: - | S36: - | T36: 0.86597222 | U36: - | V36: 0.86534722 | W36: 0.97314815 | X36: 0.97248843
B37: 配置人數 | D37: - | E37: - | F37: - | G37: 10.6 | H37: 6 | I37: - | J37: - | K37: 4 | L37: - | M37: 4.3333333 | N37: 3 | O37: 3.5 | P37: 11.75 | Q37: - | R37: - | S37: - | T37: 4 | U37: - | V37: 4.25 | W37: 3.25 | X37: 3.4
B38: 主要應用設備 | D38: 伺服包裝機 | E38: ET-55 | F38: ET-600 | G38: 夾心型 | H38: 伺服包裝機 | I38: 伺服包裝機 | J38: 夾心型 | K38: 3300型 | L38: 3300型 | M38: 3300型 | N38: GKK | O38: GKK | P38: 夾心型 | Q38: 伺服包裝機 | R38: 伺服包裝機 | S38: 夾心型 | T38: 3300型 | U38: 3300型 | V38: 3300型 | W38: GKK | X38: GKK
B39: 次要應用設備
B40: 備註

Sheet 0128(18度C)
A1: 大溪廠日報分析 | C1: 總生產量 | D1: =SUM(F5:F191) -> 102187 | E1: 營業額 | F1: =SUM(G5:G191) -> 2033878.9 | G1: 出勤人數 | H1: =L21+L38+L55+L72+L89+L106+L123+L140+L157+L174+L191 -> 58.083333 | I1: 產線配置圖 | L1: 生產實績 | O1: 人時性差異分析 | S1: 日報登錄 | Y1: 分析說明 | AA1: 產能差異分析
A2: 46050 | C2: 人時性 | D2: =AVERAGE(N21,N38,N55,N72,N89,N106,N123,N140,N157,N174,N191) -> 666.93557 | E2: 平均廠價 | F2: =F1/D1 -> 19.9035 | G2: 多次生產數 | H2: =COUNT(H5:H191) -> 2
A3: 線別 | B3: 品類 | C3: 品名 | E3: 廠價 | F3: 生產量 | G3: 營收 | H3: 多次 生產 | I3: 人數 | J3: 產能/時 | K3: 人時性 | L3: 人數 | M3: 產能/時 | N3: 人時性 | O3: 人數 | P3: 人時性 | Q3: 達成率 | R3: 達成率 平均 | S3: 生產時間 | U3: 換線、休息/分 | V3: 稼動時間/分 | W3: 休息時間 | Y3: (屏榮回填) | AA3: 產能/時 | AB3: 達成率 | AC3: 達成率平均
S4: 開始 | T4: 結束 | W4: 開始 | X4: 結束
A5: 自動包裝機 | B5: 18℃-壽司手卷 | C5: 一配明太子玉子脆卷 | E5: 19.7 | F5: 464 | G5: =E5*F5 -> 9140.8 | I5: 6 | J5: 2500 | K5: =J5/I5 -> 416.66667 | L5: 6 | M5: =F5/V5*60 -> 2254.251 | N5: =M5/L5 -> 375.7085 | O5: =L5-I5 -> 0 | P5: =N5-K5 -> -40.958165 | Q5: =N5/K5 -> 0.9017004 | R5: =Q21 -> 0.87615139 | S5: 0.31111111 | T5: 0.3196875 | V5: 12.35 | AA5: =M5-J5 -> -245.74899 | AB5: =M5/J5 -> 0.9017004 | AC5: =AB21 -> 0.87615139
B6: 18℃-飯糰 | C6: 一配兩粒飯糰(鮪魚.焦糖鮭魚) | E6: 28.57 | F6: 2110 | G6: =E6*F6 -> 60282.7 | I6: 12 | J6: 3600 | K6: =J6/I6 -> 300 | L6: 12 | M6: =F6/V6*60 -> 3122.0715 | N6: =M6/L6 -> 260.17263 | O6: =L6-I6 -> 0 | P6: =N6-K6 -> -39.827374 | Q6: =N6/K6 -> 0.86724209 | S6: 0.32322917 | T6: 0.35138889 | U6: 5.1 | V6: 40.55 | AA6: =M6-J6 -> -477.92848 | AB6: =M6/J6 -> 0.86724209
B7: 18℃-壽司手卷 | C7: 一配海饌雙手卷 | E7: 29.85 | F7: 2010 | G7: =E7*F7 -> 59998.5 | I7: 12 | J7: 3600 | K7: =J7/I7 -> 300 | L7: 12 | M7: =F7/V7*60 -> 3131.1121 | N7: =M7/L7 -> 260.92601 | O7: =L7-I7 -> 0 | P7: =N7-K7 -> -39.073994 | Q7: =N7/K7 -> 0.86975335 | S7: 0.35519676 | T7: 0.38194444 | U7: 5.4833333 | V7: 38.516667 | AA7: =M7-J7 -> -468.88793 | AB7: =M7/J7 -> 0.86975335
B8: 18℃-壽司手卷 | C8: 一配雙饗雙手卷 | E8: 29.52 | F8: 1929 | G8: =E8*F8 -> 56944.08 | I8: 12 | J8: 3600 | K8: =J8/I8 -> 300 | L8: 12 | M8: =F8/V8*60 -> 3130.9288 | N8: =M8/L8 -> 260.91073 | O8: =L8-I8 -> 0 | P8: =N8-K8 -> -39.08927 | Q8: =N8/K8 -> 0.86970243 | S8: 0.38543981 | T8: 0.41111111 | U8: 5.0333333 | V8: 36.966667 | AA8: =M8-J8 -> -469.07124 | AB8: =M8/J8 -> 0.86970243
B9: 18℃-壽司手卷 | C9: 一配長野稻荷壽司 | E9: 25.64 | F9: 1491 | G9: =E9*F9 -> 38229.24 | I9: 11 | J9: 3600 | K9: =J9/I9 -> 327.27273 | L9: 11 | M9: =F9/V9*60 -> 3168.595 | N9: =M9/L9 -> 288.05409 | O9: =L9-I9 -> 0 | P9: =N9-K9 -> -39.218633 | Q9: =N9/K9 -> 0.88016529 | S9: 0.41527778 | T9: 0.43488426 | U9: 6 | V9: 28.233333 | AA9: =M9-J9 -> -431.40496 | AB9: =M9/J9 -> 0.88016529
B21: 平均 | I21: =AVERAGE(I5:I20) -> 10.6 | J21: =AVERAGE(J5:J20) -> 3380 | K21: =J21/I21 -> 318.86792 | L21: =AVERAGE(L5:L20) -> 10.6 | M21: =AVERAGE(M5:M20) -> 2961.3917 | N21: =M21/L21 -> 279.37657 | O21: =L21-I21 -> 0 | P21: =N21-K21 -> -39.491351 | Q21: =N21/K21 -> 0.87615139 | S21: =S5 -> 0.31111111 | T21: =INDEX(T5:T20,COUNTA(T5:T20)) -> 0.43488426 | AA21: =M21-J21 -> -418.60832 | AB21: =M21/J21 -> 0.87615139
A22: 自動包裝機2 | B22: 18℃-壽司手卷 | C22: 一配雙鬆細卷 | E22: 14.03 | F22: 934 | G22: =E22*F22 -> 13104.02 | I22: 6 | J22: 2600 | K22: =J22/I22 -> 433.33333 | L22: 6 | M22: =F22/V22*60 -> 2318.8966 | N22: =M22/L22 -> 386.48276 | O22: =L22-I22 -> 0 | P22: =N22-K22 -> -46.850575 | Q22: =N22/K22 -> 0.89188329 | R22: =Q38 -> 0.89173711 | S22: 0.25 | T22: 0.26678241 | V22: 24.166667 | AA22: =M22-J22 -> -281.10345 | AB22: =M22/J22 -> 0.89188329 | AC22: =AB38 -> 0.89173711
B23: 18℃-壽司手卷 | C23: 一配經典鮪魚沙拉細卷 | E23: 14.49 | F23: 1161 | G23: =E23*F23 -> 16822.89 | I23: 6 | J23: 2600 | K23: =J23/I23 -> 433.33333 | L23: 6 | M23: =F23/V23*60 -> 2318.1364 | N23: =M23/L23 -> 386.35607 | O23: =L23-I23 -> 0 | P23: =N23-K23 -> -46.97726 | Q23: =N23/K23 -> 0.89159094 | S23: 0.27013889 | T23: 0.29100694 | U23: 4.8333333 | V23: 30.05 | AA23: =M23-J23 -> -281.86356 | AB23: =M23/J23 -> 0.89159094
B38: 平均 | I38: =AVERAGE(I22:I37) -> 6 | J38: =AVERAGE(J22:J37) -> 2600 | K38: =J38/I38 -> 433.33333 | L38: =AVERAGE(L22:L37) -> 6 | M38: =AVERAGE(M22:M37) -> 2318.5165 | N38: =M38/L38 -> 386.41942 | O38: =L38-I38 -> 0 | P38: =N38-K38 -> -46.913917 | Q38: =N38/K38 -> 0.89173711 | S38: =S22 -> 0.25 | T38: =INDEX(T22:T37,COUNTA(T22:T37)) -> 0.29100694 | AA38: =M38-J38 -> -281.4835 | AB38: =M38/J38 -> 0.89173711
A39: (舊) 3300型飯糰線 | B39: 18℃-飯糰 | C39: 一配鹽蔥燒肉飯糰 | E39: 17.89 | F39: 2762 | G39: =E39*F39 -> 49412.18 | I39: 4 | J39: 3300 | K39: =J39/I39 -> 825 | L39: 4 | M39: =F39/V39*60 -> 2954.0107 | N39: =M39/L39 -> 738.50267 | O39: =L39-I39 -> 0 | P39: =N39-K39 -> -86.497326 | Q39: =N39/K39 -> 0.89515476 | R39: =Q55 -> 0.89512423 | S39: 0.29166667 | T39: 0.330625 | V39: 56.1 | AA39: =M39-J39 -> -345.9893 | AB39: =M39/J39 -> 0.89515476 | AC39: =AB55 -> 0.89512423
B40: 18℃-飯糰 | C40: 一配照燒雞肉飯糰 | E40: 21.45 | F40: 1528 | G40: =E40*F40 -> 32775.6 | I40: 4 | J40: 3300 | K40: =J40/I40 -> 825 | L40: 4 | M40: =F40/V40*60 -> 2955.8302 | N40: =M40/L40 -> 738.95755 | O40: =L40-I40 -> 0 | P40: =N40-K40 -> -86.04245 | Q40: =N40/K40 -> 0.89570612 | S40: 0.33402778 | T40: 0.35556713 | U40: 4.9 | V40: 31.016667 | AA40: =M40-J40 -> -344.1698 | AB40: =M40/J40 -> 0.89570612
B41: 18℃-飯糰 | C41: 一配明太子乳酪起司沙拉飯糰 | E41: 18.17 | F41: 2496 | G41: =E41*F41 -> 45352.32 | I41: 4 | J41: 3300 | K41: =J41/I41 -> 825 | L41: 4 | M41: =F41/V41*60 -> 2952.8755 | N41: =M41/L41 -> 738.21886 | O41: =L41-I41 -> 0 | P41: =N41-K41 -> -86.781137 | Q41: =N41/K41 -> 0.89481074 | S41: 0.35922454 | T41: 0.39444444 | U41: 5.2666667 | V41: 50.716667 | AA41: =M41-J41 -> -347.12455 | AB41: =M41/J41 -> 0.89481074
B42: 18℃-飯糰 | C42: 一配雞肉飯飯糰 | E42: 16.66 | F42: 4349 | G42: =E42*F42 -> 72454.34 | I42: 4 | J42: 3300 | K42: =J42/I42 -> 825 | L42: 4 | M42: =F42/V42*60 -> 2952.9234 | N42: =M42/L42 -> 738.23086 | O42: =L42-I42 -> 0 | P42: =N42-K42 -> -86.769144 | Q42: =N42/K42 -> 0.89482528 | S42: 0.39791667 | T42: 0.45928241 | U42: 5 | V42: 88.366667 | AA42: =M42-J42 -> -347.07657 | AB42: =M42/J42 -> 0.89482528
B55: 平均 | I55: =AVERAGE(I39:I54) -> 4 | J55: =AVERAGE(J39:J54) -> 3300 | K55: =J55/I55 -> 825 | L55: =AVERAGE(L39:L54) -> 4 | M55: =AVERAGE(M39:M54) -> 2953.9099 | N55: =M55/L55 -> 738.47749 | O55: =L55-I55 -> 0 | P55: =N55-K55 -> -86.522514 | Q55: =N55/K55 -> 0.89512423 | S55: =S39 -> 0.29166667 | T55: =INDEX(T39:T54,COUNTA(T39:T54)) -> 0.45928241 | AA55: =M55-J55 -> -346.09006 | AB55: =M55/J55 -> 0.89512423
A56: (新) 3300型飯糰機 | B56: 18℃-飯糰 | C56: 一配壹號醬炙烤牛飯糰 | E56: 22.28 | F56: 1159 | G56: =E56*F56 -> 25822.52 | I56: 5 | J56: 3300 | K56: =J56/I56 -> 660 | L56: 5 | M56: =F56/V56*60 -> 2957.0517 | N56: =M56/L56 -> 591.41035 | O56: =L56-I56 -> 0 | P56: =N56-K56 -> -68.589653 | Q56: =N56/K56 -> 0.89607628 | R56: =Q72 -> 0.89526814 | S56: 0.29200231 | T56: 0.30833333 | V56: 23.516667 | AA56: =M56-J56 -> -342.94826 | AB56: =M56/J56 -> 0.89607628 | AC56: =AB72 -> 0.89526814
B57: 18℃-飯糰 | C57: 一配紅運烏魚子紹興飯糰 | E57: 27.27 | F57: 4127 | G57: =E57*F57 -> 112543.29 | I57: 5 | J57: 3300 | K57: =J57/I57 -> 660 | L57: 5 | M57: =F57/V57*60 -> 2953.7177 | N57: =M57/L57 -> 590.74354 | O57: =L57-I57 -> 0 | P57: =N57-K57 -> -69.256461 | Q57: =N57/K57 -> 0.89506597 | S57: 0.3119213 | T57: 0.37013889 | U57: 5.1666667 | V57: 83.833333 | AA57: =M57-J57 -> -346.28231 | AB57: =M57/J57 -> 0.89506597
B58: 18℃-飯糰 | C58: 一配鮭魚奶油醬油飯糰 | E58: 18.53 | F58: 3679 | G58: =E58*F58 -> 68171.87 | I58: 3 | J58: 3300 | K58: =J58/I58 -> 1100 | L58: 3 | M58: =F58/V58*60 -> 2952.3852 | N58: =M58/L58 -> 984.1284 | O58: =L58-I58 -> 0 | P58: =N58-K58 -> -115.8716 | Q58: =N58/K58 -> 0.89466218 | S58: 0.37377315 | T58: 0.42569444 | U58: 5.2333333 | V58: 74.766667 | AA58: =M58-J58 -> -347.6148 | AB58: =M58/J58 -> 0.89466218
B72: 平均 | I72: =AVERAGE(I56:I71) -> 4.3333333 | J72: =AVERAGE(J56:J71) -> 3300 | K72: =J72/I72 -> 761.53846 | L72: =AVERAGE(L56:L71) -> 4.3333333 | M72: =AVERAGE(M56:M71) -> 2954.3849 | N72: =M72/L72 -> 681.78113 | O72: =L72-I72 -> 0 | P72: =N72-K72 -> -79.757336 | Q72: =N72/K72 -> 0.89526814 | S72: =S56 -> 0.29200231 | T72: =INDEX(T56:T71,COUNTA(T56:T71)) -> 0.42569444 | AA72: =M72-J72 -> -345.61512 | AB72: =M72/J72 -> 0.89526814
A73: GKK3600型 飯糰機 | B73: 18℃-飯糰 | C73: 一配蔬食鮪魚飯糰 | E73: 18.18 | F73: 1165 | G73: =E73*F73 -> 21179.7 | I73: 3 | J73: 3600 | K73: =J73/I73 -> 1200 | L73: 3 | M73: =F73/V73*60 -> 3132.1882 | N73: =M73/L73 -> 1044.0627 | O73: =L73-I73 -> 0 | P73: =N73-K73 -> -155.93727 | Q73: =N73/K73 -> 0.87005228 | R73: =Q89 -> 0.87696478 | S73: 0.29166667 | T73: 0.30716435 | V73: 22.316667 | AA73: =M73-J73 -> -467.8118 | AB73: =M73/J73 -> 0.87005228 | AC73: =AB89 -> 0.87696478
B74: 18℃-飯糰 | C74: 一配經典肉鬆飯糰 | E74: 14.03 | F74: 4205 | G74: =E74*F74 -> 58996.15 | I74: 3 | J74: 3000 | K74: =J74/I74 -> 1000 | L74: 3 | M74: =F74/V74*60 -> 2688.8099 | N74: =M74/L74 -> 896.26998 | O74: =L74-I74 -> 0 | P74: =N74-K74 -> -103.73002 | Q74: =N74/K74 -> 0.89626998 | S74: 0.31747685 | T74: 0.38263889 | U74: 14.85 | V74: 93.833333 | AA74: =M74-J74 -> -311.19005 | AB74: =M74/J74 -> 0.89626998
B75: 18℃-飯糰 | C75: 一配鮪魚飯糰 | E75: 14.28 | F75: 5461 | G75: =E75*F75 -> 77983.08 | I75: 3 | J75: 3600 | K75: =J75/I75 -> 1200 | L75: 3 | M75: =F75/V75*60 -> 3124.0426 | N75: =M75/L75 -> 1041.3475 | O75: =L75-I75 -> 0 | P75: =N75-K75 -> -158.65247 | Q75: =N75/K75 -> 0.86778961 | S75: 0.39383102 | T75: 0.46666667 | U75: 16.116667 | V75: 104.88333 | AA75: =M75-J75 -> -475.95741 | AB75: =M75/J75 -> 0.86778961
B89: 平均 | I89: =AVERAGE(I73:I88) -> 3 | J89: =AVERAGE(J73:J88) -> 3400 | K89: =J89/I89 -> 1133.3333 | L89: =AVERAGE(L73:L88) -> 3 | M89: =AVERAGE(M73:M88) -> 2981.6802 | N89: =M89/L89 -> 993.89341 | O89: =L89-I89 -> 0 | P89: =N89-K89 -> -139.43992 | Q89: =N89/K89 -> 0.87696478 | S89: =S73 -> 0.29166667 | T89: =INDEX(T73:T88,COUNTA(T73:T88)) -> 0.46666667 | AA89: =M89-J89 -> -418.31976 | AB89: =M89/J89 -> 0.87696478
A90: GKK3600型 飯糰機2 | B90: 18℃-飯糰 | C90: 一配熟成紅鮭飯糰 | E90: 25.03 | F90: 1535 | G90: =E90*F90 -> 38421.05 | I90: 4 | J90: 3300 | K90: =J90/I90 -> 825 | L90: 4 | M90: =F90/V90*60 -> 2928.4579 | N90: =M90/L90 -> 732.11447 | O90: =L90-I90 -> 0 | P90: =N90-K90 -> -92.885533 | Q90: =N90/K90 -> 0.88741148 | R90: =Q106 -> 0.88435761 | S90: 0.29166667 | T90: 0.31350694 | V90: 31.45 | AA90: =M90-J90 -> -371.54213 | AB90: =M90/J90 -> 0.88741148 | AC90: =AB106 -> 0.88435761
B91: 18℃-飯糰 | C91: 一配北海道秋鮭親子飯糰 | E91: 24.82 | F91: 1803 | G91: =E91*F91 -> 44750.46 | I91: 4 | J91: 3300 | K91: =J91/I91 -> 825 | L91: 4 | M91: =F91/V91*60 -> 2927.7402 | N91: =M91/L91 -> 731.93505 | O91: =L91-I91 -> 0 | P91: =N91-K91 -> -93.064953 | Q91: =N91/K91 -> 0.887194 | S91: 0.32364583 | T91: 0.34930556 | U91: 14.6 | V91: 36.95 | AA91: =M91-J91 -> -372.25981 | AB91: =M91/J91 -> 0.887194
B92: 18℃-飯糰 | C92: 一配贅沢鮭魚肚飯糰 | E92: 30 | F92: 2804 | G92: =E92*F92 -> 84120 | I92: 3 | J92: 3000 | K92: =J92/I92 -> 1000 | L92: 3 | M92: =F92/V92*60 -> 2689.6882 | N92: =M92/L92 -> 896.56275 | O92: =L92-I92 -> 0 | P92: =N92-K92 -> -103.43725 | Q92: =N92/K92 -> 0.89656275 | S92: 0.36072917 | T92: 0.40416667 | U92: 16.45 | V92: 62.55 | AA92: =M92-J92 -> -310.31175 | AB92: =M92/J92 -> 0.89656275
B93: 18℃-飯糰 | C93: 一配明太子龍蝦風味沙拉飯糰 | E93: 18.18 | F93: 2185 | G93: =E93*F93 -> 39723.3 | I93: 3 | J93: 3600 | K93: =J93/I93 -> 1200 | L93: 3 | M93: =F93/V93*60 -> 3127.6342 | N93: =M93/L93 -> 1042.5447 | O93: =L93-I93 -> 0 | P93: =N93-K93 -> -157.45527 | Q93: =N93/K93 -> 0.86878728 | S93: 0.4146412 | T93: 0.44375 | U93: 15.083333 | V93: 41.916667 | AA93: =M93-J93 -> -472.36581 | AB93: =M93/J93 -> 0.86878728
B106: 平均 | I106: =AVERAGE(I90:I105) -> 3.5 | J106: =AVERAGE(J90:J105) -> 3300 | K106: =J106/I106 -> 942.85714 | L106: =AVERAGE(L90:L105) -> 3.5 | M106: =AVERAGE(M90:M105) -> 2918.3801 | N106: =M106/L106 -> 833.82289 | O106: =L106-I106 -> 0 | P106: =N106-K106 -> -109.03425 | Q106: =N106/K106 -> 0.88435761 | S106: =S90 -> 0.29166667 | T106: =INDEX(T90:T105,COUNTA(T90:T105)) -> 0.44375 | AA106: =M106-J106 -> -381.61987 | AB106: =M106/J106 -> 0.88435761
A107: 自動包裝機 (二配) | B107: 18℃-壽司手卷 | C107: 二配長野稻荷壽司 | E107: 25.64 | F107: 1461 | G107: =E107*F107 -> 37460.04 | I107: 11 | J107: 3600 | K107: =J107/I107 -> 327.27273 | L107: 11 | M107: =F107/V107*60 -> 3168.4337 | N107: =M107/L107 -> 288.03943 | O107: =L107-I107 -> 0 | P107: =N107-K107 -> -39.233297 | Q107: =N107/K107 -> 0.88012048 | R107: =Q123 -> 0.87229297 | S107: 0.70856481 | T107: 0.72777778 | V107: 27.666667 | AA107: =M107-J107 -> -431.56627 | AB107: =M107/J107 -> 0.88012048 | AC107: =AB123 -> 0.87229297
B108: 18℃-壽司手卷 | C108: 二配雙饗雙手卷 | E108: 29.52 | F108: 1759 | G108: =E108*F108 -> 51925.68 | I108: 12 | J108: 3600 | K108: =J108/I108 -> 300 | L108: 12 | M108: =F108/V108*60 -> 3134.8515 | N108: =M108/L108 -> 261.23762 | O108: =L108-I108 -> 0 | P108: =N108-K108 -> -38.762376 | Q108: =N108/K108 -> 0.87079208 | S108: 0.73148148 | T108: 0.75486111 | U108: 5.3333333 | V108: 33.666667 | AA108: =M108-J108 -> -465.14851 | AB108: =M108/J108 -> 0.87079208
B109: 18℃-壽司手卷 | C109: 二配海饌雙手卷 | E109: 29.85 | F109: 1864 | G109: =E109*F109 -> 55640.4 | I109: 12 | J109: 3600 | K109: =J109/I109 -> 300 | L109: 12 | M109: =F109/V109*60 -> 3134.2363 | N109: =M109/L109 -> 261.18636 | O109: =L109-I109 -> 0 | P109: =N109-K109 -> -38.813638 | Q109: =N109/K109 -> 0.87062121 | S109: 0.75924769 | T109: 0.78402778 | U109: 6.3166667 | V109: 35.683333 | AA109: =M109-J109 -> -465.76366 | AB109: =M109/J109 -> 0.87062121
B110: 18℃-飯糰 | C110: 二配兩粒飯糰(鮪魚.焦糖鮭魚) | E110: 28.57 | F110: 1429 | G110: =E110*F110 -> 40826.53 | I110: 12 | J110: 3600 | K110: =J110/I110 -> 300 | L110: 12 | M110: =F110/V110*60 -> 3123.4973 | N110: =M110/L110 -> 260.29144 | O110: =L110-I110 -> 0 | P110: =N110-K110 -> -39.708561 | Q110: =N110/K110 -> 0.86763813 | S110: 0.78819444 | T110: 0.80725694 | U110: 6 | V110: 27.45 | AA110: =M110-J110 -> -476.50273 | AB110: =M110/J110 -> 0.86763813
B123: 平均 | I123: =AVERAGE(I107:I122) -> 11.75 | J123: =AVERAGE(J107:J122) -> 3600 | K123: =J123/I123 -> 306.38298 | L123: =AVERAGE(L107:L122) -> 11.75 | M123: =AVERAGE(M107:M122) -> 3140.2547 | N123: =M123/L123 -> 267.25572 | O123: =L123-I123 -> 0 | P123: =N123-K123 -> -39.127259 | Q123: =N123/K123 -> 0.87229297 | S123: =S107 -> 0.70856481 | T123: =INDEX(T107:T122,COUNTA(T107:T122)) -> 0.80725694 | AA123: =M123-J123 -> -459.74529 | AB123: =M123/J123 -> 0.87229297
A124: (舊) 3300型飯糰線 (二配) | B124: 18℃-飯糰 | C124: 二配大飯糰滷肉飯加蛋 | E124: 22.48 | F124: 1812 | G124: =E124*F124 -> 40733.76 | I124: 5 | J124: 3000 | K124: =J124/I124 -> 600 | L124: 5 | M124: =F124/V124*60 -> 2662.5306 | N124: =M124/L124 -> 532.50612 | O124: =L124-I124 -> 0 | P124: =N124-K124 -> -67.493878 | Q124: =N124/K124 -> 0.8875102 | R124: =Q140 -> 0.89223385 | S124: 0.70844907 | T124: 0.73680556 | V124: 40.833333 | AA124: =M124-J124 -> -337.46939 | AB124: =M124/J124 -> 0.8875102 | AC124: =AB140 -> 0.89223385
B125: 18℃-飯糰 | C125: 二配大飯糰韓式蒜烤豬五花 | E125: 24.54 | F125: 2174 | G125: =E125*F125 -> 53349.96 | I125: 4 | J125: 3000 | K125: =J125/I125 -> 750 | L125: 4 | M125: =F125/V125*60 -> 2664.76 | N125: =M125/L125 -> 666.18999 | O125: =L125-I125 -> 0 | P125: =N125-K125 -> -83.81001 | Q125: =N125/K125 -> 0.88825332 | S125: 0.7403125 | T125: 0.77430556 | U125: 5.05 | V125: 48.95 | AA125: =M125-J125 -> -335.24004 | AB125: =M125/J125 -> 0.88825332
B126: 18℃-飯糰 | C126: 二配三杯醬爆菇菇飯糰 | E126: 16.7 | F126: 1396 | G126: =E126*F126 -> 23313.2 | I126: 3 | J126: 3300 | K126: =J126/I126 -> 1100 | L126: 3 | M126: =F126/V126*60 -> 2956.2353 | N126: =M126/L126 -> 985.41176 | O126: =L126-I126 -> 0 | P126: =N126-K126 -> -114.58824 | Q126: =N126/K126 -> 0.89582888 | S126: 0.77777778 | T126: 0.7974537 | U126: 5 | V126: 28.333333 | AA126: =M126-J126 -> -343.76471 | AB126: =M126/J126 -> 0.89582888
B127: 18℃-飯糰 | C127: 二配鹽蔥燒肉飯糰 | E127: 17.89 | F127: 4576 | G127: =E127*F127 -> 81864.64 | I127: 4 | J127: 3300 | K127: =J127/I127 -> 825 | L127: 4 | M127: =F127/V127*60 -> 2958.6207 | N127: =M127/L127 -> 739.65517 | O127: =L127-I127 -> 0 | P127: =N127-K127 -> -85.344828 | Q127: =N127/K127 -> 0.89655172 | S127: 0.80152778 | T127: 0.86597222 | U127: 5.8666667 | V127: 92.8 | AA127: =M127-J127 -> -341.37931 | AB127: =M127/J127 -> 0.89655172
B140: 平均 | I140: =AVERAGE(I124:I139) -> 4 | J140: =AVERAGE(J124:J139) -> 3150 | K140: =J140/I140 -> 787.5 | L140: =AVERAGE(L124:L139) -> 4 | M140: =AVERAGE(M124:M139) -> 2810.5366 | N140: =M140/L140 -> 702.63416 | O140: =L140-I140 -> 0 | P140: =N140-K140 -> -84.86584 | Q140: =N140/K140 -> 0.89223385 | S140: =S124 -> 0.70844907 | T140: =INDEX(T124:T139,COUNTA(T124:T139)) -> 0.86597222 | AA140: =M140-J140 -> -339.46336 | AB140: =M140/J140 -> 0.89223385
A141: (新) 3300型飯糰機 (二配) | B141: 18℃-飯糰 | C141: 二配壹號醬炙烤牛飯糰 | E141: 22.28 | F141: 1507 | G141: =E141*F141 -> 33575.96 | I141: 5 | J141: 3300 | K141: =J141/I141 -> 660 | L141: 5 | M141: =F141/V141*60 -> 2954.902 | N141: =M141/L141 -> 590.98039 | O141: =L141-I141 -> 0 | P141: =N141-K141 -> -69.019608 | Q141: =N141/K141 -> 0.89542484 | R141: =Q157 -> 0.89541754 | S141: 0.70861111 | T141: 0.72986111 | V141: 30.6 | AA141: =M141-J141 -> -345.09804 | AB141: =M141/J141 -> 0.89542484 | AC141: =AB157 -> 0.89541754
B142: 18℃-飯糰 | C142: 二配油蔥G絲飯糰 | E142: 18.18 | F142: 681 | G142: =E142*F142 -> 12380.58 | I142: 4 | J142: 3300 | K142: =J142/I142 -> 825 | L142: 4 | M142: =F142/V142*60 -> 2957.2979 | N142: =M142/L142 -> 739.32449 | O142: =L142-I142 -> 0 | P142: =N142-K142 -> -85.675513 | Q142: =N142/K142 -> 0.89615089 | S142: 0.73346065 | T142: 0.74305556 | U142: 5.1833333 | V142: 13.816667 | AA142: =M142-J142 -> -342.70205 | AB142: =M142/J142 -> 0.89615089
B143: 18℃-飯糰 | C143: 二配明太子乳酪起司沙拉飯糰 | E143: 18.17 | F143: 1076 | G143: =E143*F143 -> 19550.92 | I143: 4 | J143: 3300 | K143: =J143/I143 -> 825 | L143: 4 | M143: =F143/V143*60 -> 2954.6911 | N143: =M143/L143 -> 738.67277 | O143: =L143-I143 -> 0 | P143: =N143-K143 -> -86.327231 | Q143: =N143/K143 -> 0.89536093 | S143: 0.74663194 | T143: 0.76180556 | U143: 5.15 | V143: 21.85 | AA143: =M143-J143 -> -345.30892 | AB143: =M143/J143 -> 0.89536093
B144: 18℃-飯糰 | C144: 二配雞肉飯飯糰 | E144: 16.66 | F144: 7042 | G144: =E144*F144 -> 117319.72 | I144: 4 | J144: 3300 | K144: =J144/I144 -> 825 | L144: 4 | M144: =F144/V144*60 -> 2952.6205 | N144: =M144/L144 -> 738.15514 | O144: =L144-I144 -> 0 | P144: =N144-K144 -> -86.844864 | Q144: =N144/K144 -> 0.8947335 | S144: 0.76597222 | T144: 0.86534722 | U144: 6 | V144: 143.1 | AA144: =M144-J144 -> -347.37945 | AB144: =M144/J144 -> 0.8947335
B157: 平均 | I157: =AVERAGE(I141:I156) -> 4.25 | J157: =AVERAGE(J141:J156) -> 3300 | K157: =J157/I157 -> 776.47059 | L157: =AVERAGE(L141:L156) -> 4.25 | M157: =AVERAGE(M141:M156) -> 2954.8779 | N157: =M157/L157 -> 695.26538 | O157: =L157-I157 -> 0 | P157: =N157-K157 -> -81.205204 | Q157: =N157/K157 -> 0.89541754 | S157: =S141 -> 0.70861111 | T157: =INDEX(T141:T156,COUNTA(T141:T156)) -> 0.86534722 | AA157: =M157-J157 -> -345.12212 | AB157: =M157/J157 -> 0.89541754
A158: GKK3600型 飯糰機 (二配) | B158: 18℃-飯糰 | C158: 二配經典肉鬆飯糰 | E158: 14.03 | F158: 2880 | G158: =E158*F158 -> 40406.4 | H158: 2 | I158: 3 | J158: 3000 | K158: =J158/I158 -> 1000 | L158: 3 | M158: =F158/V158*60 -> 2688.7967 | N158: =M158/L158 -> 896.26556 | O158: =L158-I158 -> 0 | P158: =N158-K158 -> -103.73444 | Q158: =N158/K158 -> 0.89626556 | R158: =Q174 -> 0.88842252 | S158: 0.70833333 | T158: 0.75296296 | V158: 64.266667 | AA158: =M158-J158 -> -311.20332 | AB158: =M158/J158 -> 0.89626556 | AC158: =AB174 -> 0.88842252
B159: 18℃-飯糰 | C159: 二配芝麻香鬆飯糰 | E159: 18.18 | F159: 1690 | G159: =E159*F159 -> 30724.2 | I159: 4 | J159: 3000 | K159: =J159/I159 -> 750 | L159: 4 | M159: =F159/V159*60 -> 2688.4666 | N159: =M159/L159 -> 672.11666 | O159: =L159-I159 -> 0 | P159: =N159-K159 -> -77.883341 | Q159: =N159/K159 -> 0.89615555 | S159: 0.76408565 | T159: 0.79027778 | U159: 16.016667 | V159: 37.716667 | AA159: =M159-J159 -> -311.53336 | AB159: =M159/J159 -> 0.89615555
B160: 18℃-飯糰 | C160: 二配鮪魚飯糰 | E160: 14.28 | F160: 4182 | G160: =E160*F160 -> 59718.96 | H160: 2 | I160: 3 | J160: 3600 | K160: =J160/I160 -> 1200 | L160: 3 | M160: =F160/V160*60 -> 3128.0283 | N160: =M160/L160 -> 1042.6761 | O160: =L160-I160 -> 0 | P160: =N160-K160 -> -157.32391 | Q160: =N160/K160 -> 0.86889674 | S160: 0.80069444 | T160: 0.85640046 | U160: 15 | V160: 80.216667 | W160: 0.85640046 | X160: 0.90972222 | AA160: =M160-J160 -> -471.97174 | AB160: =M160/J160 -> 0.86889674
B161: 18℃-飯糰 | C161: 二配經典肉鬆飯糰 | E161: 14.03 | F161: 4093 | G161: =E161*F161 -> 57424.79 | I161: 3 | J161: 3000 | K161: =J161/I161 -> 1000 | L161: 3 | M161: =F161/V161*60 -> 2688.8321 | N161: =M161/L161 -> 896.27737 | O161: =L161-I161 -> 0 | P161: =N161-K161 -> -103.72263 | Q161: =N161/K161 -> 0.89627737 | S161: 0.90972222 | T161: 0.97314815 | U161: 76.783333 | V161: 91.333333 | AA161: =M161-J161 -> -311.16788 | AB161: =M161/J161 -> 0.89627737
B174: 平均 | I174: =AVERAGE(I158:I173) -> 3.25 | J174: =AVERAGE(J158:J173) -> 3150 | K174: =J174/I174 -> 969.23077 | L174: =AVERAGE(L158:L173) -> 3.25 | M174: =AVERAGE(M158:M173) -> 2798.5309 | N174: =M174/L174 -> 861.08644 | O174: =L174-I174 -> 0 | P174: =N174-K174 -> -108.14433 | Q174: =N174/K174 -> 0.88842252 | S174: =S158 -> 0.70833333 | T174: =INDEX(T158:T173,COUNTA(T158:T173)) -> 0.97314815 | AA174: =M174-J174 -> -351.46908 | AB174: =M174/J174 -> 0.88842252
A175: GKK3600型 飯糰機2 (二配) | B175: 18℃-飯糰 | C175: 二配蔬食鮪魚飯糰 | E175: 18.18 | F175: 1148 | G175: =E175*F175 -> 20870.64 | I175: 3 | J175: 3600 | K175: =J175/I175 -> 1200 | L175: 3 | M175: =F175/V175*60 -> 3130.9091 | N175: =M175/L175 -> 1043.6364 | O175: =L175-I175 -> 0 | P175: =N175-K175 -> -156.36364 | Q175: =N175/K175 -> 0.86969697 | R175: =Q191 -> 0.87567455 | S175: 0.70833333 | T175: 0.72361111 | V175: 22 | AA175: =M175-J175 -> -469.09091 | AB175: =M175/J175 -> 0.86969697 | AC175: =AB191 -> 0.87567455
B176: 18℃-飯糰 | C176: 二配北海道秋鮭親子飯糰 | E176: 24.82 | F176: 2448 | G176: =E176*F176 -> 60759.36 | I176: 4 | J176: 3300 | K176: =J176/I176 -> 825 | L176: 4 | M176: =F176/V176*60 -> 2925.8964 | N176: =M176/L176 -> 731.4741 | O176: =L176-I176 -> 0 | P176: =N176-K176 -> -93.525896 | Q176: =N176/K176 -> 0.88663528 | S176: 0.73472222 | T176: 0.76958333 | U176: 16 | V176: 50.2 | AA176: =M176-J176 -> -374.10359 | AB176: =M176/J176 -> 0.88663528
B177: 18℃-飯糰 | C177: 二配熟成紅鮭飯糰 | E177: 25.03 | F177: 1843 | G177: =E177*F177 -> 46130.29 | I177: 4 | J177: 3300 | K177: =J177/I177 -> 825 | L177: 4 | M177: =F177/V177*60 -> 2927.9788 | N177: =M177/L177 -> 731.9947 | O177: =L177-I177 -> 0 | P177: =N177-K177 -> -93.005296 | Q177: =N177/K177 -> 0.88726631 | S177: 0.78002315 | T177: 0.80625 | U177: 15.033333 | V177: 37.766667 | AA177: =M177-J177 -> -372.02118 | AB177: =M177/J177 -> 0.88726631
B178: 18℃-飯糰 | C178: 二配明太子龍蝦風味沙拉飯糰 | E178: 18.18 | F178: 3265 | G178: =E178*F178 -> 59357.7 | I178: 3 | J178: 3600 | K178: =J178/I178 -> 1200 | L178: 3 | M178: =F178/V178*60 -> 3123.5716 | N178: =M178/L178 -> 1041.1905 | O178: =L178-I178 -> 0 | P178: =N178-K178 -> -158.80946 | Q178: =N178/K178 -> 0.86765878 | S178: 0.81686343 | T178: 0.86041667 | U178: 15.283333 | V178: 62.716667 | W178: 0.86041667 | X178: 0.9125 | AA178: =M178-J178 -> -476.42838 | AB178: =M178/J178 -> 0.86765878
B179: 18℃-飯糰 | C179: 二配鮪魚飯糰 | E179: 14.28 | F179: 4504 | G179: =E179*F179 -> 64317.12 | I179: 3 | J179: 3600 | K179: =J179/I179 -> 1200 | L179: 3 | M179: =F179/V179*60 -> 3128.3812 | N179: =M179/L179 -> 1042.7937 | O179: =L179-I179 -> 0 | P179: =N179-K179 -> -157.20625 | Q179: =N179/K179 -> 0.86899479 | S179: 0.9125 | T179: 0.97248843 | U179: 75 | V179: 86.383333 | AA179: =M179-J179 -> -471.61875 | AB179: =M179/J179 -> 0.86899479
B191: 平均 | I191: =AVERAGE(I175:I190) -> 3.4 | J191: =AVERAGE(J175:J190) -> 3480 | K191: =J191/I191 -> 1023.5294 | L191: =AVERAGE(L175:L190) -> 3.4 | M191: =AVERAGE(M175:M190) -> 3047.3474 | N191: =M191/L191 -> 896.27866 | O191: =L191-I191 -> 0 | P191: =N191-K191 -> -127.25075 | Q191: =N191/K191 -> 0.87567455 | S191: =S175 -> 0.70833333 | T191: =INDEX(T175:T190,COUNTA(T175:T190)) -> 0.97248843 | AA191: =M191-J191 -> -432.65256 | AB191: =M191/J191 -> 0.87567455
Y193: 原因回覆
Y194: 1.當日出勤人數較多
Y195: 2.當日出勤人數較少
Y196: 3.當日出勤熟手較多
Y197: 4.當日出勤新人較多
Y198: 5.機台夾盒
Y199: 6.封膜不順
Y200: 7.更換膠膜
Y201: 8.更換碳帶
Y202: 9.當日熱轉印碳帶異常
Y203: 10.訂單量過少
Y204: 11.新品上市，尚未熟悉
Y205: 12.活動期間品項需貼標

Sheet 0128(4度C)
A1: 大溪廠日報分析 | C1: 總生產量 | D1: =SUM(F5:F123) -> 51187 | E1: 營業額 | F1: =SUM(G5:G123) -> 2700196.2 | G1: 出勤人數 | H1: =L21+L38+L55+L72+L89+L106+L123 -> 134.95952 | I1: 產線配置圖 | L1: 生產實績 | O1: 人時性差異分析 | S1: 日報登錄 | Y1: 合計次數 | Z1: 合計(時間/分) | AA1: 產線異常 分析說明(5分鐘以上) | AC1: 合計次數 | AD1: 合計(時間/分) | AE1: 產能差異分析
A2: 46050 | C2: 人時性 | D2: =AVERAGE(N21,N38,N55,N72,N89,N106,N123) -> 146.32283 | E2: 平均廠價 | F2: =F1/D1 -> 52.751602 | G2: 多次生產數 | H2: =COUNT(H5:H123) -> 0 | Y2: =SUM(Y21,Y38,Y55,Y72,Y89,Y106,Y123) -> 0 | Z2: =SUM(Z21,Z38,Z55,Z72,Z89,Z106,Z123) -> 0 | AC2: =SUM(AC21,AC38,AC55,AC72,AC89,AC106,AC123) -> 45 | AD2: =SUM(AD21,AD38,AD55,AD72,AD89,AD106,AD123) -> 0
A3: 線別 | B3: 品類 | C3: 品名 | E3: 廠價 | F3: 生產量 | G3: 營收 | H3: 多次 生產 | I3: 人數 | J3: 產能/時 | K3: 人時性 | L3: 人數 | M3: 產能/時 | N3: 人時性 | O3: 人數 | P3: 人時性 | Q3: 達成率 | R3: 達成率 平均 | S3: 生產時間 | U3: 換線、休息/分 | V3: 稼動時間/分 | W3: 休息時間 | Y3: 產線異常統計(5分鐘以上) | AA3: (屏榮回填) | AC3: 短暫停線統計(5分鐘以下) | AE3: 產能/時 | AF3: 達成率 | AG3: 達成率平均
S4: 開始 | T4: 結束 | W4: 開始 | X4: 結束 | Y4: 次數 | Z4: 時間/分 | AC4: 總次數 | AD4: 設備因素(次數)
A5: 便當二線 | B5: 微波小吃 | C5: 日式茶碗蒸 | E5: 19.7 | F5: 3522 | G5: =E5*F5 -> 69383.4 | I5: 13 | J5: 1200 | K5: =J5/I5 -> 92.307692 | L5: 13 | M5: =F5/V5*60 -> 1078.255 | N5: =M5/L5 -> 82.942689 | O5: =L5-I5 -> 0 | P5: =N5-K5 -> -9.3650036 | Q5: =N5/K5 -> 0.89854579 | R5: =Q21 -> 0.89118053 | S5: 0.20834491 | T5: 0.34444444 | V5: 195.98333 | AC5: 6 | AE5: =M5-J5 -> -121.74505 | AF5: =M5/J5 -> 0.89854579 | AG5: =AF21 -> 0.89118053
B6: 微波主食 | C6: 糖燻野郎三十天熟成牛飯 | E6: 56.77 | F6: 3357 | G6: =E6*F6 -> 190576.89 | I6: 25 | J6: 2000 | K6: =J6/I6 -> 80 | L6: 25 | M6: =F6/V6*60 -> 1776.974 | N6: =M6/L6 -> 71.078959 | O6: =L6-I6 -> 0 | P6: =N6-K6 -> -8.921041 | Q6: =N6/K6 -> 0.88848699 | S6: 0.34791667 | T6: 0.42663194 | U6: 5 | V6: 113.35 | AC6: 2 | AE6: =M6-J6 -> -223.02603 | AF6: =M6/J6 -> 0.88848699
B7: 便當 | C7: 嫩烤香料雞胸排蔬滿盒 | E7: 77.34 | F7: 2031 | G7: =E7*F7 -> 157077.54 | I7: 25 | J7: 2000 | K7: =J7/I7 -> 80 | L7: 25 | M7: =F7/V7*60 -> 1779.411 | N7: =M7/L7 -> 71.176442 | O7: =L7-I7 -> 0 | P7: =N7-K7 -> -8.823558 | Q7: =N7/K7 -> 0.88970552 | S7: 0.42986111 | T7: 0.47741898 | U7: 4.65 | V7: 68.483333 | W7: 0.47741898 | X7: 0.5162963 | AC7: 1 | AE7: =M7-J7 -> -220.58895 | AF7: =M7/J7 -> 0.88970552
B8: 便當 | C8: 健身G肉餐盒 | E8: 59.52 | F8: 4322 | G8: =E8*F8 -> 257245.44 | I8: 25 | J8: 2000 | K8: =J8/I8 -> 80 | L8: 25 | M8: =F8/V8*60 -> 1781.8598 | N8: =M8/L8 -> 71.274393 | O8: =L8-I8 -> 0 | P8: =N8-K8 -> -8.725607 | Q8: =N8/K8 -> 0.89092991 | S8: 0.5162963 | T8: 0.61736111 | U8: 55.983333 | V8: 145.53333 | AC8: 4 | AE8: =M8-J8 -> -218.14017 | AF8: =M8/J8 -> 0.89092991
B21: 平均 | I21: =AVERAGE(I5:I20) -> 22 | J21: =AVERAGE(J5:J20) -> 1800 | K21: =J21/I21 -> 81.818182 | L21: =AVERAGE(L5:L20) -> 22 | M21: =AVERAGE(M5:M20) -> 1604.125 | N21: =M21/L21 -> 72.91477 | O21: =L21-I21 -> 0 | P21: =N21-K21 -> -8.9034113 | Q21: =N21/K21 -> 0.89118053 | S21: =S5 -> 0.20834491 | T21: =INDEX(T5:T20,COUNTA(T5:T20)) -> 0.61736111 | Y21: =SUM(Y5:Y20) -> 0 | Z21: =SUM(Z5:Z20) -> 0 | AC21: =SUM(AC5:AC20) -> 13 | AD21: =SUM(AD5:AD20) -> 0 | AE21: =M21-J21 -> -195.87505 | AF21: =M21/J21 -> 0.89118053
A22: 涼麵一線 | B22: 便當 | C22: 香腸腿排雙拼便當 | E22: 53.76 | F22: 2991 | G22: =E22*F22 -> 160796.16 | I22: 20 | J22: 2000 | K22: =J22/I22 -> 100 | L22: 20 | M22: =F22/V22*60 -> 1777.1249 | N22: =M22/L22 -> 88.856247 | O22: =L22-I22 -> 0 | P22: =N22-K22 -> -11.143753 | Q22: =N22/K22 -> 0.88856247 | R22: =Q38 -> 0.88838523 | S22: 0.29167824 | T22: 0.36180556 | V22: 100.98333 | AC22: 4 | AE22: =M22-J22 -> -222.87506 | AF22: =M22/J22 -> 0.88856247 | AG22: =AF38 -> 0.88838523
B23: 便當 | C23: 經典滷肉飯 | E23: 47.37 | F23: 1943 | G23: =E23*F23 -> 92039.91 | I23: 21 | J23: 2000 | K23: =J23/I23 -> 95.238095 | L23: 21 | M23: =F23/V23*60 -> 1775.3299 | N23: =M23/L23 -> 84.539521 | O23: =L23-I23 -> 0 | P23: =N23-K23 -> -10.698574 | Q23: =N23/K23 -> 0.88766497 | S23: 0.36550926 | T23: 0.41111111 | U23: 5.3333333 | V23: 65.666667 | AC23: 1 | AE23: =M23-J23 -> -224.67005 | AF23: =M23/J23 -> 0.88766497
B24: 便當 | C24: 蔬活腿排補力餐盒 | E24: 71.55 | F24: 1986 | G24: =E24*F24 -> 142098.3 | I24: 22 | J24: 2000 | K24: =J24/I24 -> 90.909091 | L24: 22 | M24: =F24/V24*60 -> 1776.2981 | N24: =M24/L24 -> 80.740824 | O24: =L24-I24 -> 0 | P24: =N24-K24 -> -10.168267 | Q24: =N24/K24 -> 0.88814907 | S24: 0.41458333 | T24: 0.46116898 | U24: 5 | V24: 67.083333 | W24: 0.46116898 | X24: 0.49947917 | AC24: 1 | AE24: =M24-J24 -> -223.70186 | AF24: =M24/J24 -> 0.88814907
B25: 便當 | C25: 海陸雙拼肉肉餐盒 | E25: 59.54 | F25: 2749 | G25: =E25*F25 -> 163675.46 | I25: 23 | J25: 2000 | K25: =J25/I25 -> 86.956522 | L25: 23 | M25: =F25/V25*60 -> 1778.3288 | N25: =M25/L25 -> 77.318645 | O25: =L25-I25 -> 0 | P25: =N25-K25 -> -9.6378765 | Q25: =N25/K25 -> 0.88916442 | S25: 0.49947917 | T25: 0.56388889 | U25: 55.166667 | V25: 92.75 | AC25: 2 | AE25: =M25-J25 -> -221.67116 | AF25: =M25/J25 -> 0.88916442
B38: 平均 | I38: =AVERAGE(I22:I37) -> 21.5 | J38: =AVERAGE(J22:J37) -> 2000 | K38: =J38/I38 -> 93.023256 | L38: =AVERAGE(L22:L37) -> 21.5 | M38: =AVERAGE(M22:M37) -> 1776.7705 | N38: =M38/L38 -> 82.640487 | O38: =L38-I38 -> 0 | P38: =N38-K38 -> -10.382769 | Q38: =N38/K38 -> 0.88838523 | S38: =S22 -> 0.29167824 | T38: =INDEX(T22:T37,COUNTA(T22:T37)) -> 0.56388889 | Y38: =SUM(Y22:Y37) -> 0 | Z38: =SUM(Z22:Z37) -> 0 | AC38: =SUM(AC22:AC37) -> 8 | AD38: =SUM(AD22:AD37) -> 0 | AE38: =M38-J38 -> -223.22953 | AF38: =M38/J38 -> 0.88838523
A39: 涼麵二線 | B39: 便當 | C39: 福氣魚四喜開運便當 | E39: 65.4 | F39: 912 | G39: =E39*F39 -> 59644.8 | I39: 24 | J39: 2000 | K39: =J39/I39 -> 83.333333 | L39: 24 | M39: =F39/V39*60 -> 1779.5122 | N39: =M39/L39 -> 74.146341 | O39: =L39-I39 -> 0 | P39: =N39-K39 -> -9.1869919 | Q39: =N39/K39 -> 0.8897561 | R39: =Q55 -> 0.91006234 | S39: 0.29184028 | T39: 0.31319444 | V39: 30.75 | AC39: 1 | AE39: =M39-J39 -> -220.4878 | AF39: =M39/J39 -> 0.8897561 | AG39: =AF55 -> 0.94227694
B40: 便當 | C40: 美式雞丁餐盒 | E40: 59.34 | F40: 1414 | G40: =E40*F40 -> 83906.76 | I40: 24 | J40: 2000 | K40: =J40/I40 -> 83.333333 | L40: 24 | M40: =F40/V40*60 -> 1776.7539 | N40: =M40/L40 -> 74.031414 | O40: =L40-I40 -> 0 | P40: =N40-K40 -> -9.3019197 | Q40: =N40/K40 -> 0.88837696 | S40: 0.31684028 | T40: 0.35 | U40: 5.25 | V40: 47.75 | AC40: 1 | AE40: =M40-J40 -> -223.24607 | AF40: =M40/J40 -> 0.88837696
B41: 便當 | C41: 烤蛋白餐盒 | E41: 58.67 | F41: 3401 | G41: =E41*F41 -> 199536.67 | I41: 23 | J41: 2000 | K41: =J41/I41 -> 86.956522 | L41: 23 | M41: =F41/V41*60 -> 1778.559 | N41: =M41/L41 -> 77.328651 | O41: =L41-I41 -> 0 | P41: =N41-K41 -> -9.6278706 | Q41: =N41/K41 -> 0.88927949 | S41: 0.35365741 | T41: 0.43333333 | U41: 5.2666667 | V41: 114.73333 | AC41: 3 | AE41: =M41-J41 -> -221.44102 | AF41: =M41/J41 -> 0.88927949
B42: 4℃-飯糰 | C42: 韓素燒若飯糰 | E42: 24.07 | F42: 492 | G42: =E42*F42 -> 11842.44 | I42: 21 | J42: 2790 | K42: =J42/I42 -> 132.85714 | L42: 23 | M42: =F42/V42*60 -> 2789.2913 | N42: =M42/L42 -> 121.27354 | O42: =L42-I42 -> 2 | P42: =N42-K42 -> -11.583606 | Q42: =N42/K42 -> 0.91281156 | S42: 0.43778935 | T42: 0.44513889 | U42: 6.4166667 | V42: 10.583333 | AC42: 1 | AE42: =M42-J42 -> -0.70866142 | AF42: =M42/J42 -> 0.999746
B43: 4℃-飯糰 | C43: 麻油雞飯糰 | E43: 29.97 | F43: 2542 | G43: =E43*F43 -> 76183.74 | I43: 21 | J43: 2790 | K43: =J43/I43 -> 132.85714 | L43: 23 | M43: =F43/V43*60 -> 2787.4505 | N43: =M43/L43 -> 121.1935 | O43: =L43-I43 -> 2 | P43: =N43-K43 -> -11.663643 | Q43: =N43/K43 -> 0.91220914 | S43: 0.44880787 | T43: 0.48680556 | U43: 5.2833333 | V43: 54.716667 | AC43: 1 | AE43: =M43-J43 -> -2.5494974 | AF43: =M43/J43 -> 0.9990862
B55: 平均 | I55: =AVERAGE(I39:I54) -> 22.6 | J55: =AVERAGE(J39:J54) -> 2316 | K55: =J55/I55 -> 102.47788 | L55: =AVERAGE(L39:L54) -> 23.4 | M55: =AVERAGE(M39:M54) -> 2182.3134 | N55: =M55/L55 -> 93.261256 | O55: =L55-I55 -> 0.8 | P55: =N55-K55 -> -9.2166202 | Q55: =N55/K55 -> 0.91006234 | S55: =S39 -> 0.29184028 | T55: =INDEX(T39:T54,COUNTA(T39:T54)) -> 0.48680556 | Y55: =SUM(Y39:Y54) -> 0 | Z55: =SUM(Z39:Z54) -> 0 | AC55: =SUM(AC39:AC54) -> 7 | AD55: =SUM(AD39:AD54) -> 0 | AE55: =M55-J55 -> -133.68661 | AF55: =M55/J55 -> 0.94227694
A56: 涼麵三線 | B56: 熱食義麵 | C56: 焗烤蕃茄起司四方麵 | E56: 57.3 | F56: 1588 | G56: =E56*F56 -> 90992.4 | I56: 22 | J56: 1800 | K56: =J56/I56 -> 81.818182 | L56: 22 | M56: =F56/V56*60 -> 1604.0404 | N56: =M56/L56 -> 72.910927 | O56: =L56-I56 -> 0 | P56: =N56-K56 -> -8.9072544 | Q56: =N56/K56 -> 0.89113356 | R56: =Q72 -> 0.89091536 | S56: 0.29166667 | T56: 0.33291667 | V56: 59.4 | AC56: 1 | AE56: =M56-J56 -> -195.9596 | AF56: =M56/J56 -> 0.89113356 | AG56: =AF72 -> 0.89091536
B57: 微波小吃 | C57: 日式壽喜燒 | E57: 57.73 | F57: 978 | G57: =E57*F57 -> 56459.94 | I57: 22 | J57: 1800 | K57: =J57/I57 -> 81.818182 | L57: 22 | M57: =F57/V57*60 -> 1603.2787 | N57: =M57/L57 -> 72.876304 | O57: =L57-I57 -> 0 | P57: =N57-K57 -> -8.9418778 | Q57: =N57/K57 -> 0.89071038 | S57: 0.33638889 | T57: 0.36180556 | U57: 5 | V57: 36.6 | AC57: 1 | AE57: =M57-J57 -> -196.72131 | AF57: =M57/J57 -> 0.89071038
B58: 微波小吃 | C58: 韓式部隊鍋 | E58: 57.73 | F58: 829 | G58: =E58*F58 -> 47858.17 | I58: 22 | J58: 1800 | K58: =J58/I58 -> 81.818182 | L58: 22 | M58: =F58/V58*60 -> 1603.6539 | N58: =M58/L58 -> 72.893361 | O58: =L58-I58 -> 0 | P58: =N58-K58 -> -8.9248205 | Q58: =N58/K58 -> 0.89091886 | S58: 0.36527778 | T58: 0.38681713 | U58: 5 | V58: 31.016667 | AC58: 1 | AE58: =M58-J58 -> -196.34605 | AF58: =M58/J58 -> 0.89091886
B59: 季節調理麵 | C59: 東京豚骨風味拉麵 | E59: 71.84 | F59: 1229 | G59: =E59*F59 -> 88291.36 | I59: 19 | J59: 1800 | K59: =J59/I59 -> 94.736842 | L59: 19 | M59: =F59/V59*60 -> 1605.9528 | N59: =M59/L59 -> 84.523832 | O59: =L59-I59 -> 0 | P59: =N59-K59 -> -10.21301 | Q59: =N59/K59 -> 0.89219601 | S59: 0.39033565 | T59: 0.42222222 | U59: 5.0666667 | V59: 45.916667 | AC59: 1 | AE59: =M59-J59 -> -194.04719 | AF59: =M59/J59 -> 0.89219601
B60: 季節調理麵 | C60: 醬油叉燒拉麵 | E60: 72.4 | F60: 607 | G60: =E60*F60 -> 43946.8 | I60: 18 | J60: 1800 | K60: =J60/I60 -> 100 | L60: 18 | M60: =F60/V60*60 -> 1605.5841 | N60: =M60/L60 -> 89.199118 | O60: =L60-I60 -> 0 | P60: =N60-K60 -> -10.800882 | Q60: =N60/K60 -> 0.89199118 | S60: 0.42591435 | T60: 0.44166667 | U60: 5.3166667 | V60: 22.683333 | AC60: 1 | AE60: =M60-J60 -> -194.41587 | AF60: =M60/J60 -> 0.89199118
B61: 季節調理麵 | C61: 和風匠製胡麻涼麵 | E61: 32.06 | F61: 1033 | G61: =E61*F61 -> 33117.98 | I61: 19 | J61: 3600 | K61: =J61/I61 -> 189.47368 | L61: 19 | M61: =F61/V61*60 -> 3203.1008 | N61: =M61/L61 -> 168.58425 | O61: =L61-I61 -> 0 | P61: =N61-K61 -> -20.889433 | Q61: =N61/K61 -> 0.88975022 | S61: 0.44583333 | T61: 0.45927083 | U61: 6 | V61: 19.35 | W61: 0.45927083 | X61: 0.49730324 | AC61: 1 | AE61: =M61-J61 -> -396.89922 | AF61: =M61/J61 -> 0.88975022
B62: 季節調理麵 | C62: 鴻運番茄湯麵 | E62: 56.43 | F62: 1547 | G62: =E62*F62 -> 87297.21 | I62: 19 | J62: 1800 | K62: =J62/I62 -> 94.736842 | L62: 19 | M62: =F62/V62*60 -> 1603.5704 | N62: =M62/L62 -> 84.398442 | O62: =L62-I62 -> 0 | P62: =N62-K62 -> -10.3384 | Q62: =N62/K62 -> 0.89087244 | S62: 0.49730324 | T62: 0.5375 | U62: 54.766667 | V62: 57.883333 | AC62: 1 | AE62: =M62-J62 -> -196.4296 | AF62: =M62/J62 -> 0.89087244
B72: 平均 | I72: =AVERAGE(I56:I71) -> 20.142857 | J72: =AVERAGE(J56:J71) -> 2057.1429 | K72: =J72/I72 -> 102.12766 | L72: =AVERAGE(L56:L71) -> 20.142857 | M72: =AVERAGE(M56:M71) -> 1832.7402 | N72: =M72/L72 -> 90.9871 | O72: =L72-I72 -> 0 | P72: =N72-K72 -> -11.140559 | Q72: =N72/K72 -> 0.89091536 | S72: =S56 -> 0.29166667 | T72: =INDEX(T56:T71,COUNTA(T56:T71)) -> 0.5375 | Y72: =SUM(Y56:Y71) -> 0 | Z72: =SUM(Z56:Z71) -> 0 | AC72: =SUM(AC56:AC71) -> 7 | AD72: =SUM(AD56:AD71) -> 0 | AE72: =M72-J72 -> -224.40269 | AF72: =M72/J72 -> 0.89091536
A73: 自動包裝機 | B73: 4℃-飯糰 | C73: 和風牛肉咖哩炸飯糰 | E73: 21.74 | F73: 564 | G73: =E73*F73 -> 12261.36 | I73: 6 | J73: 3600 | K73: =J73/I73 -> 600 | L73: 6 | M73: =F73/V73*60 -> 3259.069 | N73: =M73/L73 -> 543.17817 | O73: =L73-I73 -> 0 | P73: =N73-K73 -> -56.82183 | Q73: =N73/K73 -> 0.90529695 | R73: =Q89 -> 0.90292262 | S73: 0.43819444 | T73: 0.44540509 | U73: 4.7666667 | V73: 10.383333 | AC73: 1 | AE73: =M73-J73 -> -340.93098 | AF73: =M73/J73 -> 0.90529695 | AG73: =AF89 -> 0.90292262
B74: 4℃-壽司手卷 | C74: 明太子泡菜牛飯卷 | E74: 27.05 | F74: 1272 | G74: =E74*F74 -> 34407.6 | I74: 6 | J74: 3273 | K74: =J74/I74 -> 545.5 | L74: 6 | M74: =F74/V74*60 -> 2946.7181 | N74: =M74/L74 -> 491.11969 | O74: =L74-I74 -> 0 | P74: =N74-K74 -> -54.380309 | Q74: =N74/K74 -> 0.90031107 | S74: 0.44868056 | T74: 0.46666667 | U74: 4.7166667 | V74: 25.9 | AC74: 1 | AE74: =M74-J74 -> -326.28185 | AF74: =M74/J74 -> 0.90031107
B89: 平均 | I89: =AVERAGE(I73:I88) -> 6 | J89: =AVERAGE(J73:J88) -> 3436.5 | K89: =J89/I89 -> 572.75 | L89: =AVERAGE(L73:L88) -> 6 | M89: =AVERAGE(M73:M88) -> 3102.8936 | N89: =M89/L89 -> 517.14893 | O89: =L89-I89 -> 0 | P89: =N89-K89 -> -55.601069 | Q89: =N89/K89 -> 0.90292262 | S89: =S73 -> 0.43819444 | T89: =INDEX(T73:T88,COUNTA(T73:T88)) -> 0.46666667 | Y89: =SUM(Y73:Y88) -> 0 | Z89: =SUM(Z73:Z88) -> 0 | AC89: =SUM(AC73:AC88) -> 2 | AD89: =SUM(AD73:AD88) -> 0 | AE89: =M89-J89 -> -333.60642 | AF89: =M89/J89 -> 0.90292262
A90: 涼麵一線 (二配) | B90: 微波主食 | C90: 二配西班牙風味海鮮燉飯 | E90: 57.3 | F90: 1335 | G90: =E90*F90 -> 76495.5 | I90: 21 | J90: 2000 | K90: =J90/I90 -> 95.238095 | L90: 21 | M90: =F90/V90*60 -> 1780 | N90: =M90/L90 -> 84.761905 | O90: =L90-I90 -> 0 | P90: =N90-K90 -> -10.47619 | Q90: =N90/K90 -> 0.89 | R90: =Q106 -> 0.8891802 | S90: 0.70833333 | T90: 0.73958333 | V90: 45 | AC90: 1 | AE90: =M90-J90 -> -220 | AF90: =M90/J90 -> 0.89 | AG90: =AF106 -> 0.8891802
B91: 微波主食 | C91: 二配失控起司薯餅焗飯 | E91: 54.09 | F91: 1660 | G91: =E91*F91 -> 89789.4 | I91: 19 | J91: 2000 | K91: =J91/I91 -> 105.26316 | L91: 19 | M91: =F91/V91*60 -> 1775.9287 | N91: =M91/L91 -> 93.46993 | O91: =L91-I91 -> 0 | P91: =N91-K91 -> -11.793227 | Q91: =N91/K91 -> 0.88796434 | S91: 0.74305556 | T91: 0.78200231 | U91: 5 | V91: 56.083333 | AC91: 1 | AE91: =M91-J91 -> -224.07132 | AF91: =M91/J91 -> 0.88796434
B92: 微波主食 | C92: 二配蒙古風味烤肉飯 | E92: 58.17 | F92: 1757 | G92: =E92*F92 -> 102204.69 | I92: 19 | J92: 1800 | K92: =J92/I92 -> 94.736842 | L92: 19 | M92: =F92/V92*60 -> 1601.3165 | N92: =M92/L92 -> 84.279813 | O92: =L92-I92 -> 0 | P92: =N92-K92 -> -10.457029 | Q92: =N92/K92 -> 0.88962025 | S92: 0.78553241 | T92: 0.83125 | U92: 5.0833333 | V92: 65.833333 | AC92: 2 | AE92: =M92-J92 -> -198.68354 | AF92: =M92/J92 -> 0.88962025
B106: 平均 | I106: =AVERAGE(I90:I105) -> 19.666667 | J106: =AVERAGE(J90:J105) -> 1933.3333 | K106: =J106/I106 -> 98.305085 | L106: =AVERAGE(L90:L105) -> 19.666667 | M106: =AVERAGE(M90:M105) -> 1719.0817 | N106: =M106/L106 -> 87.410934 | O106: =L106-I106 -> 0 | P106: =N106-K106 -> -10.89415 | Q106: =N106/K106 -> 0.8891802 | S106: =S90 -> 0.70833333 | T106: =INDEX(T90:T105,COUNTA(T90:T105)) -> 0.83125 | Y106: =SUM(Y90:Y105) -> 0 | Z106: =SUM(Z90:Z105) -> 0 | AC106: =SUM(AC90:AC105) -> 4 | AD106: =SUM(AD90:AD105) -> 0 | AE106: =M106-J106 -> -214.25162 | AF106: =M106/J106 -> 0.8891802
A107: 涼麵二線 (二配) | B107: 微波主食 | C107: 二配乳酪燻腸紅醬焗飯 | E107: 50.67 | F107: 547 | G107: =E107*F107 -> 27716.49 | I107: 20 | J107: 2000 | K107: =J107/I107 -> 100 | L107: 20 | M107: =F107/V107*60 -> 1778.8618 | N107: =M107/L107 -> 88.943089 | O107: =L107-I107 -> 0 | P107: =N107-K107 -> -11.056911 | Q107: =N107/K107 -> 0.88943089 | R107: =Q123 -> 0.8888468 | S107: 0.70833333 | T107: 0.72114583 | V107: 18.45 | AC107: 1 | AE107: =M107-J107 -> -221.13821 | AF107: =M107/J107 -> 0.88943089 | AG107: =AF123 -> 0.8888468
B108: 微波主食 | C108: 二配里肌豬排可可咖哩歐姆蛋飯 | E108: 56.79 | F108: 1665 | G108: =E108*F108 -> 94555.35 | I108: 23 | J108: 2000 | K108: =J108/I108 -> 86.956522 | L108: 23 | M108: =F108/V108*60 -> 1777.5801 | N108: =M108/L108 -> 77.28609 | O108: =L108-I108 -> 0 | P108: =N108-K108 -> -9.6704317 | Q108: =N108/K108 -> 0.88879004 | S108: 0.72430556 | T108: 0.76333333 | U108: 4.55 | V108: 56.2 | AC108: 1 | AE108: =M108-J108 -> -222.41993 | AF108: =M108/J108 -> 0.88879004
B109: 微波主食 | C109: 二配黃金雞排蘑菇白醬歐姆蛋飯 | E109: 56.87 | F109: 1304 | G109: =E109*F109 -> 74158.48 | I109: 23 | J109: 2000 | K109: =J109/I109 -> 86.956522 | L109: 23 | M109: =F109/V109*60 -> 1777.5085 | N109: =M109/L109 -> 77.282979 | O109: =L109-I109 -> 0 | P109: =N109-K109 -> -9.6735426 | Q109: =N109/K109 -> 0.88875426 | S109: 0.76666667 | T109: 0.7972338 | U109: 4.8 | V109: 44.016667 | AC109: 1 | AE109: =M109-J109 -> -222.49148 | AF109: =M109/J109 -> 0.88875426
B110: 微波主食 | C110: 二配哞哞培根奶香海陸焗飯 | E110: 47.6 | F110: 1610 | G110: =E110*F110 -> 76636 | I110: 23 | J110: 2000 | K110: =J110/I110 -> 86.956522 | L110: 23 | M110: =F110/V110*60 -> 1776.824 | N110: =M110/L110 -> 77.253219 | O110: =L110-I110 -> 0 | P110: =N110-K110 -> -9.7033029 | Q110: =N110/K110 -> 0.88841202 | S110: 0.80069444 | T110: 0.83844907 | U110: 4.9833333 | V110: 54.366667 | AC110: 1 | AE110: =M110-J110 -> -223.17597 | AF110: =M110/J110 -> 0.88841202
B123: 平均 | I123: =AVERAGE(I107:I122) -> 22.25 | J123: =AVERAGE(J107:J122) -> 2000 | K123: =J123/I123 -> 89.88764 | L123: =AVERAGE(L107:L122) -> 22.25 | M123: =AVERAGE(M107:M122) -> 1777.6936 | N123: =M123/L123 -> 79.896342 | O123: =L123-I123 -> 0 | P123: =N123-K123 -> -9.9912987 | Q123: =N123/K123 -> 0.8888468 | S123: =S107 -> 0.70833333 | T123: =INDEX(T107:T122,COUNTA(T107:T122)) -> 0.83844907 | Y123: =SUM(Y107:Y122) -> 0 | Z123: =SUM(Z107:Z122) -> 0 | AC123: =SUM(AC107:AC122) -> 4 | AD123: =SUM(AD107:AD122) -> 0 | AE123: =M123-J123 -> -222.3064 | AF123: =M123/J123 -> 0.8888468
AA125: 原因回覆
AA126: 1.當日出勤人數較多
AA127: 2.當日出勤人數較少
AA128: 3.當日出勤熟手較多
AA129: 4.當日出勤新人較多
AA130: 5.機台夾盒
AA131: 6.封膜不順
AA132: 7.更換膠膜
AA133: 8.更換碳帶
AA134: 9.當日熱轉印碳帶異常
AA135: 10.訂單量過少
AA136: 11.新品上市，尚未熟悉
AA137: 12.活動期間品項需貼標

Sheet 0127
B1: 屏榮 大溪廠組合室生產人時性分析
B3: 日期 | C3: 115.01.27星期二 | E3: 訂單量 | F3: ='0127(18度C)'!D1+'0127(4度C)'!D1 -> 158031 | H3: 營業額 | I3: ='0127(18度C)'!F1+'0127(4度C)'!F1 -> 4884312
B4: 人時性 | C4: 項目 | E4: ➀ | G4: ➁ | I4: ➂ | K4: ④ | M4: ⑤ | O4: 異常停線 | Q4: 短暫停線
C5: 組合室 | E5: 全溫層 | G5: 4度C-各編組展開(一配) | I5: 4度C-各編組展開(二配) | K5: 18度C-各編組展開(一配) | M5: 18度C-各編組展開(二配) | O5: 合計次數 | P5: 時間 | Q5: 合計次數 | R5: 設備次數
C6: 排關平均 | E6: =AVERAGE(D14:O14,D32:X32) -> 523.27989 | F6: =AVERAGE(#REF!,D14:K14) -> #REF! | G6: =AVERAGE(D14:K14) -> 190.43939 | I6: =AVERAGE(L14:O14) -> 94.096363 | K6: =AVERAGE(D32:O32) -> 735.92243 | M6: =AVERAGE(P32:X32) -> 772.62275 | O6: ='0127(4度C)'!Y2 -> 0 | P6: ='0127(4度C)'!Z2 -> 0 | Q6: ='0127(4度C)'!AC2 -> 39 | R6: ='0127(4度C)'!AD2 -> 0
C7: 實績平均 | E7: =AVERAGE(D15:O15,D33:X33) -> 464.44705 | F7: =AVERAGE(#REF!,D15:K15) -> #REF! | G7: =AVERAGE(D15:K15) -> 171.32347 | I7: =AVERAGE(L15:O15) -> 83.638823 | K7: =AVERAGE(D33:O33) -> 652.33492 | M7: =AVERAGE(P33:X33) -> 684.42848
C8: 達成率平均 | E8: =AVERAGE(D16:O16,D34:X34) -> 0.88905261 | F8: =AVERAGE(D16:K16,#REF!) -> #REF! | G8: =AVERAGE(D16:K16) -> 0.89648494 | I8: =AVERAGE(L16:O16) -> 0.88885508 | K8: =AVERAGE(D34:O34) -> 0.88655265 | M8: =AVERAGE(P34:X34) -> 0.88469923
O9: ※現行日本鮮食廠以達成率80%為基本(即為現行KPI)
B11: 溫層 | D11: ➁4度C-各編組展開 | L11: ➂4度C-各編組展開
B12: 編組 | D12: 1 | E12: 2 | F12: 3 | G12: 4 | H12: 5 | I12: 6 | J12: 7 | K12: 8 | L12: 1 | M12: 2 | N12: 3 | O12: 4
D13: 便當一線 | E13: 便當二線 | F13: 涼麵一線 | G13: 涼麵二線 | H13: 涼麵三線 | I13: 自動包裝機 | J13: 自動包裝機2 | K13: 自動包裝機3 | L13: 便當一線 | M13: 便當二線 | N13: 涼麵一線 | O13: 涼麵二線
B14: 人時性 | C14: 排關 | D14: - | E14: 81.818182 | F14: 93.023256 | G14: 102.47788 | H14: 102.12766 | I14: 572.75 | J14: - | K14: - | L14: - | M14: - | N14: 98.305085 | O14: 89.88764
C15: 實績 | D15: - | E15: 72.913465 | F15: 82.631029 | G15: 93.233475 | H15: 90.970359 | I15: 516.86901 | J15: - | K15: - | L15: - | M15: - | N15: 87.397481 | O15: 79.880164
C16: 達成率 | D16: - | E16: =E15/E14 -> 0.89116458 | F16: =F15/F14 -> 0.88828356 | G16: =G15/G14 -> 0.90979125 | H16: =H15/H14 -> 0.89075143 | I16: =I15/I14 -> 0.9024339 | J16: - | K16: - | L16: - | M16: - | N16: =N15/N14 -> 0.88904334 | O16: =O15/O14 -> 0.88866683
B17: 作業 時間 | C17: 開始 | D17: - | E17: 0.20833333 | F17: 0.29166667 | G17: 0.29166667 | H17: 0.29172454 | I17: 0.42777778 | J17: - | K17: - | L17: - | M17: - | N17: 0.70833333 | O17: 0.70849537
C18: 結束 | D18: - | E18: 0.61597222 | F18: 0.58127315 | G18: 0.52920139 | H18: 0.53545139 | I18: 0.45555556 | J18: - | K18: - | L18: - | M18: - | N18: 0.84040509 | O18: 0.83974537
B19: 產線異常 (5分鐘以上) | C19: 次數
C20: 時間/分
B21: 短暫停線 (5分鐘以下) | C21: 次數 | E21: 13 | F21: 7 | G21: 0 | H21: 9 | I21: 2 | N21: 4 | O21: 4
C22: 設備次數
B23: 配置人數 | D23: - | E23: 22 | F23: 21.5 | G23: 23.4 | H23: 20.142857 | I23: 6 | J23: - | K23: - | L23: - | M23: - | N23: 19.666667 | O23: 22.25
B24: 主要應用設備 | D24: L型封口機 | E24: ET-55 | F24: ET-55 | G24: ET-55 | H24: ET-600 | I24: 伺服包裝機 | J24: 伺服包裝機 | K24: 伺服包裝機 | L24: L型封口機 | M24: ET-55 | N24: ET-55 | O24: ET-55
B25: 次要應用設備 | D25: 伺服包裝機 | H25: 伺服包裝機
B26: 備註 | H26: 涼麵+烤飯糰 | I26: 大口飯糰線 | K26: 烤飯糰+手卷
B29: 溫層 | D29: ➃18度C-各編組展開 (一配) | P29: ⑤18度C-各編組展開 (二配)
B30: 編組 | D30: 1 | E30: 2 | F30: 3 | G30: 4 | H30: 5 | I30: 6 | J30: 7 | K30: 8 | L30: 9 | M30: 10 | N30: 11 | O30: 12 | P30: 1 | Q30: 2 | R30: 3 | S30: 4 | T30: 5 | U30: 6 | V30: 7 | W30: 8 | X30: 9
D31: 便當一線 | E31: 涼麵一線 | F31: 涼麵三線 | G31: 自動包裝機 | H31: 自動包裝機2 | I31: 自動包裝機3 | J31: 味付飯糰線B | K31: (舊) 3300型飯糰線 | L31: 3000型飯糰線 | M31: (新) 3300型飯糰機 | N31: GKK3600型 飯糰機 | O31: GKK3600型 飯糰機2 | P31: 自動包裝機 | Q31: 自動包裝機2 | R31: 自動包裝機3 | S31: 味付飯糰線B | T31: (舊) 3300型飯糰線 | U31: 3000型飯糰線 | V31: (新) 3300型飯糰機 | W31: GKK3600型 飯糰機 | X31: GKK3600型 飯糰機2
B32: 人時性 | C32: 排關 | D32: - | E32: - | F32: - | G32: 318.86792 | H32: 433.33333 | I32: - | J32: - | K32: 880 | L32: - | M32: 707.14286 | N32: 1133.3333 | O32: 942.85714 | P32: 306.38298 | Q32: - | R32: - | S32: - | T32: 787.5 | U32: - | V32: 776.47059 | W32: 969.23077 | X32: 1023.5294
C33: 實績 | D33: - | E33: - | F33: - | G33: 279.38509 | H33: 386.38966 | I33: - | J33: - | K33: 787.48014 | L33: - | M33: 633.2137 | N33: 993.80648 | O33: 833.73445 | P33: 267.19622 | Q33: - | R33: - | S33: - | T33: 702.65717 | U33: - | V33: 695.11604 | W33: 861.08124 | X33: 896.09174
C34: 達成率 | D34: - | E34: - | F34: - | G34: =G33/G32 -> 0.87617808 | H34: =H33/H32 -> 0.89166846 | I34: - | J34: - | K34: =K33/K32 -> 0.89486379 | L34: - | M34: =M33/M32 -> 0.89545372 | N34: =N33/N32 -> 0.87688807 | O34: =O33/O32 -> 0.88426381 | P34: =P33/P32 -> 0.87209877 | Q34: - | R34: - | S34: - | T34: =T33/T32 -> 0.89226307 | U34: - | V34: =V33/V32 -> 0.89522521 | W34: =W33/W32 -> 0.88841715 | X34: =X33/X32 -> 0.87549193
B35: 作業 時間 | C35: 開始 | D35: - | E35: - | F35: - | G35: 0.30717593 | H35: 0.25 | I35: - | J35: - | K35: 0.25 | L35: - | M35: 0.29166667 | N35: 0.25 | O35: 0.29194444 | P35: 0.70833333 | Q35: - | R35: - | S35: - | T35: 0.70833333 | U35: - | V35: 0.70844907 | W35: 0.70855324 | X35: 0.70833333
C36: 結束 | D36: - | E36: - | F36: - | G36: 0.42447917 | H36: 0.2875 | I36: - | J36: - | K36: 0.43680556 | L36: - | M36: 0.41543981 | N36: 0.42986111 | O36: 0.44583333 | P36: 0.80347222 | Q36: - | R36: - | S36: - | T36: 0.87152778 | U36: - | V36: 0.88361111 | W36: 0.97916667 | X36: 0.97777778
B37: 配置人數 | D37: - | E37: - | F37: - | G37: 10.6 | H37: 6 | I37: - | J37: - | K37: 3.75 | L37: - | M37: 4.6666667 | N37: 3 | O37: 3.5 | P37: 11.75 | Q37: - | R37: - | S37: - | T37: 4 | U37: - | V37: 4.25 | W37: 3.25 | X37: 3.4
B38: 主要應用設備 | D38: 伺服包裝機 | E38: ET-55 | F38: ET-600 | G38: 夾心型 | H38: 伺服包裝機 | I38: 伺服包裝機 | J38: 夾心型 | K38: 3300型 | L38: 3300型 | M38: 3300型 | N38: GKK | O38: GKK | P38: 夾心型 | Q38: 伺服包裝機 | R38: 伺服包裝機 | S38: 夾心型 | T38: 3300型 | U38: 3300型 | V38: 3300型 | W38: GKK | X38: GKK
B39: 次要應用設備
B40: 備註

Sheet 0127(18度C)
A1: 大溪廠日報分析 | C1: 總生產量 | D1: =SUM(F5:F191) -> 105214 | E1: 營業額 | F1: =SUM(G5:G191) -> 2084436.2 | G1: 出勤人數 | H1: =L21+L38+L55+L72+L89+L106+L123+L140+L157+L174+L191 -> 58.166667 | I1: 產線配置圖 | L1: 生產實績 | O1: 人時性差異分析 | S1: 日報登錄 | Y1: 分析說明 | AA1: 產能差異分析
A2: 46049 | C2: 人時性 | D2: =AVERAGE(N21,N38,N55,N72,N89,N106,N123,N140,N157,N174,N191) -> 666.9229 | E2: 平均廠價 | F2: =F1/D1 -> 19.811395 | G2: 多次生產數 | H2: =COUNT(H5:H191) -> 2
A3: 線別 | B3: 品類 | C3: 品名 | E3: 廠價 | F3: 生產量 | G3: 營收 | H3: 多次 生產 | I3: 人數 | J3: 產能/時 | K3: 人時性 | L3: 人數 | M3: 產能/時 | N3: 人時性 | O3: 人數 | P3: 人時性 | Q3: 達成率 | R3: 達成率 平均 | S3: 生產時間 | U3: 換線、休息/分 | V3: 稼動時間/分 | W3: 休息時間 | Y3: (屏榮回填) | AA3: 產能/時 | AB3: 達成率 | AC3: 達成率平均
S4: 開始 | T4: 結束 | W4: 開始 | X4: 結束
A5: 自動包裝機 | B5: 18℃-壽司手卷 | C5: 一配明太子玉子脆卷 | E5: 19.7 | F5: 401 | G5: =E5*F5 -> 7899.7 | I5: 6 | J5: 2500 | K5: =J5/I5 -> 416.66667 | L5: 6 | M5: =F5/V5*60 -> 2255.625 | N5: =M5/L5 -> 375.9375 | O5: =L5-I5 -> 0 | P5: =N5-K5 -> -40.729167 | Q5: =N5/K5 -> 0.90225 | R5: =Q21 -> 0.87617808 | S5: 0.30717593 | T5: 0.31458333 | V5: 10.666667 | AA5: =M5-J5 -> -244.375 | AB5: =M5/J5 -> 0.90225 | AC5: =AB21 -> 0.87617808
B6: 18℃-飯糰 | C6: 一配兩粒飯糰(鮪魚.焦糖鮭魚) | E6: 28.57 | F6: 2094 | G6: =E6*F6 -> 59825.58 | I6: 12 | J6: 3600 | K6: =J6/I6 -> 300 | L6: 12 | M6: =F6/V6*60 -> 3121.4907 | N6: =M6/L6 -> 260.12422 | O6: =L6-I6 -> 0 | P6: =N6-K6 -> -39.875776 | Q6: =N6/K6 -> 0.86708075 | S6: 0.31805556 | T6: 0.34600694 | U6: 5 | V6: 40.25 | AA6: =M6-J6 -> -478.50932 | AB6: =M6/J6 -> 0.86708075
B7: 18℃-壽司手卷 | C7: 一配海饌雙手卷 | E7: 29.85 | F7: 1926 | G7: =E7*F7 -> 57491.1 | I7: 12 | J7: 3600 | K7: =J7/I7 -> 300 | L7: 12 | M7: =F7/V7*60 -> 3131.7073 | N7: =M7/L7 -> 260.97561 | O7: =L7-I7 -> 0 | P7: =N7-K7 -> -39.02439 | Q7: =N7/K7 -> 0.8699187 | S7: 0.349375 | T7: 0.375 | U7: 4.85 | V7: 36.9 | AA7: =M7-J7 -> -468.29268 | AB7: =M7/J7 -> 0.8699187
B8: 18℃-壽司手卷 | C8: 一配雙饗雙手卷 | E8: 29.52 | F8: 1794 | G8: =E8*F8 -> 52958.88 | I8: 12 | J8: 3600 | K8: =J8/I8 -> 300 | L8: 12 | M8: =F8/V8*60 -> 3130.5865 | N8: =M8/L8 -> 260.88221 | O8: =L8-I8 -> 0 | P8: =N8-K8 -> -39.11779 | Q8: =N8/K8 -> 0.86960737 | S8: 0.37847222 | T8: 0.40234954 | U8: 5 | V8: 34.383333 | AA8: =M8-J8 -> -469.41348 | AB8: =M8/J8 -> 0.86960737
B9: 18℃-壽司手卷 | C9: 一配長野稻荷壽司 | E9: 25.64 | F9: 1386 | G9: =E9*F9 -> 35537.04 | I9: 11 | J9: 3600 | K9: =J9/I9 -> 327.27273 | L9: 11 | M9: =F9/V9*60 -> 3168 | N9: =M9/L9 -> 288 | O9: =L9-I9 -> 0 | P9: =N9-K9 -> -39.272727 | Q9: =N9/K9 -> 0.88 | S9: 0.40625 | T9: 0.42447917 | U9: 5.6166667 | V9: 26.25 | AA9: =M9-J9 -> -432 | AB9: =M9/J9 -> 0.88
B21: 平均 | I21: =AVERAGE(I5:I20) -> 10.6 | J21: =AVERAGE(J5:J20) -> 3380 | K21: =J21/I21 -> 318.86792 | L21: =AVERAGE(L5:L20) -> 10.6 | M21: =AVERAGE(M5:M20) -> 2961.4819 | N21: =M21/L21 -> 279.38509 | O21: =L21-I21 -> 0 | P21: =N21-K21 -> -39.482839 | Q21: =N21/K21 -> 0.87617808 | S21: =S5 -> 0.30717593 | T21: =INDEX(T5:T20,COUNTA(T5:T20)) -> 0.42447917 | AA21: =M21-J21 -> -418.5181 | AB21: =M21/J21 -> 0.87617808
A22: 自動包裝機2 | B22: 18℃-壽司手卷 | C22: 一配雙鬆細卷 | E22: 14.03 | F22: 866 | G22: =E22*F22 -> 12149.98 | I22: 6 | J22: 2600 | K22: =J22/I22 -> 433.33333 | L22: 6 | M22: =F22/V22*60 -> 2317.9182 | N22: =M22/L22 -> 386.3197 | O22: =L22-I22 -> 0 | P22: =N22-K22 -> -47.013631 | Q22: =N22/K22 -> 0.89150701 | R22: =Q38 -> 0.89166846 | S22: 0.25 | T22: 0.26556713 | V22: 22.416667 | AA22: =M22-J22 -> -282.08178 | AB22: =M22/J22 -> 0.89150701 | AC22: =AB38 -> 0.89166846
B23: 18℃-壽司手卷 | C23: 一配經典鮪魚沙拉細卷 | E23: 14.49 | F23: 1037 | G23: =E23*F23 -> 15026.13 | I23: 6 | J23: 2600 | K23: =J23/I23 -> 433.33333 | L23: 6 | M23: =F23/V23*60 -> 2318.7578 | N23: =M23/L23 -> 386.45963 | O23: =L23-I23 -> 0 | P23: =N23-K23 -> -46.873706 | Q23: =N23/K23 -> 0.89182991 | S23: 0.26886574 | T23: 0.2875 | U23: 4.75 | V23: 26.833333 | AA23: =M23-J23 -> -281.24224 | AB23: =M23/J23 -> 0.89182991
B38: 平均 | I38: =AVERAGE(I22:I37) -> 6 | J38: =AVERAGE(J22:J37) -> 2600 | K38: =J38/I38 -> 433.33333 | L38: =AVERAGE(L22:L37) -> 6 | M38: =AVERAGE(M22:M37) -> 2318.338 | N38: =M38/L38 -> 386.38966 | O38: =L38-I38 -> 0 | P38: =N38-K38 -> -46.943668 | Q38: =N38/K38 -> 0.89166846 | S38: =S22 -> 0.25 | T38: =INDEX(T22:T37,COUNTA(T22:T37)) -> 0.2875 | AA38: =M38-J38 -> -281.66201 | AB38: =M38/J38 -> 0.89166846
A39: (舊) 3300型飯糰線 | B39: 18℃-飯糰 | C39: 一配鮭魚奶油醬油飯糰 | E39: 18.53 | F39: 3794 | G39: =E39*F39 -> 70302.82 | I39: 3 | J39: 3300 | K39: =J39/I39 -> 1100 | L39: 3 | M39: =F39/V39*60 -> 2952.5292 | N39: =M39/L39 -> 984.17639 | O39: =L39-I39 -> 0 | P39: =N39-K39 -> -115.82361 | Q39: =N39/K39 -> 0.89470581 | R39: =Q55 -> 0.89486379 | S39: 0.25 | T39: 0.30354167 | V39: 77.1 | AA39: =M39-J39 -> -347.47082 | AB39: =M39/J39 -> 0.89470581 | AC39: =AB55 -> 0.89486379
B40: 18℃-飯糰 | C40: 一配照燒雞肉飯糰 | E40: 21.45 | F40: 1563 | G40: =E40*F40 -> 33526.35 | I40: 4 | J40: 3300 | K40: =J40/I40 -> 825 | L40: 4 | M40: =F40/V40*60 -> 2955.2521 | N40: =M40/L40 -> 738.81303 | O40: =L40-I40 -> 0 | P40: =N40-K40 -> -86.186975 | Q40: =N40/K40 -> 0.89553094 | S40: 0.30712963 | T40: 0.32916667 | U40: 5.1666667 | V40: 31.733333 | AA40: =M40-J40 -> -344.7479 | AB40: =M40/J40 -> 0.89553094
B41: 18℃-飯糰 | C41: 一配明太子乳酪起司沙拉飯糰 | E41: 18.17 | F41: 2542 | G41: =E41*F41 -> 46188.14 | I41: 4 | J41: 3300 | K41: =J41/I41 -> 825 | L41: 4 | M41: =F41/V41*60 -> 2952.9526 | N41: =M41/L41 -> 738.23814 | O41: =L41-I41 -> 0 | P41: =N41-K41 -> -86.761859 | Q41: =N41/K41 -> 0.89483411 | S41: 0.33288194 | T41: 0.36875 | U41: 5.35 | V41: 51.65 | AA41: =M41-J41 -> -347.04743 | AB41: =M41/J41 -> 0.89483411
B42: 18℃-飯糰 | C42: 一配雞肉飯飯糰 | E42: 16.66 | F42: 4551 | G42: =E42*F42 -> 75819.66 | I42: 4 | J42: 3300 | K42: =J42/I42 -> 825 | L42: 4 | M42: =F42/V42*60 -> 2951.4682 | N42: =M42/L42 -> 737.86705 | O42: =L42-I42 -> 0 | P42: =N42-K42 -> -87.132949 | Q42: =N42/K42 -> 0.8943843 | S42: 0.37255787 | T42: 0.43680556 | U42: 5.4833333 | V42: 92.516667 | AA42: =M42-J42 -> -348.5318 | AB42: =M42/J42 -> 0.8943843
B55: 平均 | I55: =AVERAGE(I39:I54) -> 3.75 | J55: =AVERAGE(J39:J54) -> 3300 | K55: =J55/I55 -> 880 | L55: =AVERAGE(L39:L54) -> 3.75 | M55: =AVERAGE(M39:M54) -> 2953.0505 | N55: =M55/L55 -> 787.48014 | O55: =L55-I55 -> 0 | P55: =N55-K55 -> -92.519863 | Q55: =N55/K55 -> 0.89486379 | S55: =S39 -> 0.25 | T55: =INDEX(T39:T54,COUNTA(T39:T54)) -> 0.43680556 | AA55: =M55-J55 -> -346.94949 | AB55: =M55/J55 -> 0.89486379
A56: (新) 3300型飯糰機 | B56: 18℃-飯糰 | C56: 一配壹號醬炙烤牛飯糰 | E56: 22.28 | F56: 1155 | G56: =E56*F56 -> 25733.4 | I56: 5 | J56: 3300 | K56: =J56/I56 -> 660 | L56: 5 | M56: =F56/V56*60 -> 2957.3257 | N56: =M56/L56 -> 591.46515 | O56: =L56-I56 -> 0 | P56: =N56-K56 -> -68.534851 | Q56: =N56/K56 -> 0.89615932 | R56: =Q72 -> 0.89545372 | S56: 0.29166667 | T56: 0.30793981 | V56: 23.433333 | AA56: =M56-J56 -> -342.67425 | AB56: =M56/J56 -> 0.89615932 | AC56: =AB72 -> 0.89545372
B57: 18℃-飯糰 | C57: 一配紅運烏魚子紹興飯糰 | E57: 27.27 | F57: 4305 | G57: =E57*F57 -> 117397.35 | I57: 5 | J57: 3300 | K57: =J57/I57 -> 660 | L57: 5 | M57: =F57/V57*60 -> 2953.6878 | N57: =M57/L57 -> 590.73756 | O57: =L57-I57 -> 0 | P57: =N57-K57 -> -69.262436 | Q57: =N57/K57 -> 0.89505692 | S57: 0.31111111 | T57: 0.37184028 | U57: 4.5666667 | V57: 87.45 | AA57: =M57-J57 -> -346.31218 | AB57: =M57/J57 -> 0.89505692
B58: 18℃-飯糰 | C58: 一配鹽蔥燒肉飯糰 | E58: 17.89 | F58: 2867 | G58: =E58*F58 -> 51290.63 | I58: 4 | J58: 3300 | K58: =J58/I58 -> 825 | L58: 4 | M58: =F58/V58*60 -> 2953.9782 | N58: =M58/L58 -> 738.49456 | O58: =L58-I58 -> 0 | P58: =N58-K58 -> -86.505438 | Q58: =N58/K58 -> 0.89514492 | S58: 0.375 | T58: 0.41543981 | U58: 4.55 | V58: 58.233333 | AA58: =M58-J58 -> -346.02175 | AB58: =M58/J58 -> 0.89514492
B72: 平均 | I72: =AVERAGE(I56:I71) -> 4.6666667 | J72: =AVERAGE(J56:J71) -> 3300 | K72: =J72/I72 -> 707.14286 | L72: =AVERAGE(L56:L71) -> 4.6666667 | M72: =AVERAGE(M56:M71) -> 2954.9973 | N72: =M72/L72 -> 633.2137 | O72: =L72-I72 -> 0 | P72: =N72-K72 -> -73.929156 | Q72: =N72/K72 -> 0.89545372 | S72: =S56 -> 0.29166667 | T72: =INDEX(T56:T71,COUNTA(T56:T71)) -> 0.41543981 | AA72: =M72-J72 -> -345.00273 | AB72: =M72/J72 -> 0.89545372
A73: GKK3600型 飯糰機 | B73: 18℃-飯糰 | C73: 一配蔬食鮪魚飯糰 | E73: 18.18 | F73: 1170 | G73: =E73*F73 -> 21270.6 | I73: 3 | J73: 3600 | K73: =J73/I73 -> 1200 | L73: 3 | M73: =F73/V73*60 -> 3131.5985 | N73: =M73/L73 -> 1043.8662 | O73: =L73-I73 -> 0 | P73: =N73-K73 -> -156.13383 | Q73: =N73/K73 -> 0.86988848 | R73: =Q89 -> 0.87688807 | S73: 0.25 | T73: 0.26556713 | V73: 22.416667 | AA73: =M73-J73 -> -468.40149 | AB73: =M73/J73 -> 0.86988848 | AC73: =AB89 -> 0.87688807
B74: 18℃-飯糰 | C74: 一配經典肉鬆飯糰 | E74: 14.03 | F74: 4408 | G74: =E74*F74 -> 61844.24 | I74: 3 | J74: 3000 | K74: =J74/I74 -> 1000 | L74: 3 | M74: =F74/V74*60 -> 2688.7157 | N74: =M74/L74 -> 896.23856 | O74: =L74-I74 -> 0 | P74: =N74-K74 -> -103.76144 | Q74: =N74/K74 -> 0.89623856 | S74: 0.27569444 | T74: 0.34400463 | U74: 14.583333 | V74: 98.366667 | AA74: =M74-J74 -> -311.28431 | AB74: =M74/J74 -> 0.89623856
B75: 18℃-飯糰 | C75: 一配鮪魚飯糰 | E75: 14.28 | F75: 5650 | G75: =E75*F75 -> 80682 | I75: 3 | J75: 3600 | K75: =J75/I75 -> 1200 | L75: 3 | M75: =F75/V75*60 -> 3123.9441 | N75: =M75/L75 -> 1041.3147 | O75: =L75-I75 -> 0 | P75: =N75-K75 -> -158.6853 | Q75: =N75/K75 -> 0.86776225 | S75: 0.35450231 | T75: 0.42986111 | U75: 15.116667 | V75: 108.51667 | AA75: =M75-J75 -> -476.05591 | AB75: =M75/J75 -> 0.86776225
