Workbook

Sheet 0630
B1: 屏榮 大溪廠組合室生產人時性分析
B3: 日期 | C3: 115.06.30星期二 | E3: 訂單量 | F3: ='0630(18度C)'!D1+'0630(4度C)'!D1 -> 229980 | H3: 營業額 | I3: ='0630(18度C)'!F1+'0630(4度C)'!F1 -> 7292751.3
B4: 人時性 | C4: 項目 | E4: ➀ | G4: ➁ | I4: ➂ | K4: ④ | M4: ⑤ | O4: 異常停線 | Q4: 短暫停線
C5: 組合室 | E5: 全溫層 | G5: 4度C-各編組展開(一配) | I5: 4度C-各編組展開(二配) | K5: 18度C-各編組展開(一配) | M5: 18度C-各編組展開(二配) | O5: 合計次數 | P5: 時間 | Q5: 合計次數 | R5: 設備次數
C6: 排關平均 | E6: =AVERAGE(D14:O14,D32:X32) -> 467.18932 | F6: =AVERAGE(#REF!,D14:K14) -> #REF! | G6: =AVERAGE(D14:K14) -> 259.10779 | I6: =AVERAGE(L14:O14) -> 94.858523 | K6: =AVERAGE(D32:O32) -> 758.22628 | M6: =AVERAGE(P32:X32) -> 767.52276 | O6: ='0630(4度C)'!Y2 -> 0 | P6: ='0630(4度C)'!Z2 -> 0 | Q6: ='0630(4度C)'!AC2 -> 0 | R6: ='0630(4度C)'!AD2 -> 0
C7: 實績平均 | E7: =AVERAGE(D15:O15,D33:X33) -> 414.46182 | F7: =AVERAGE(#REF!,D15:K15) -> #REF! | G7: =AVERAGE(D15:K15) -> 224.5527 | I7: =AVERAGE(L15:O15) -> 85.517795 | K7: =AVERAGE(D33:O33) -> 676.93347 | M7: =AVERAGE(P33:X33) -> 683.56186
C8: 達成率平均 | E8: =AVERAGE(D16:O16,D34:X34) -> 0.88940871 | F8: =AVERAGE(D16:K16,#REF!) -> #REF! | G8: =AVERAGE(D16:K16) -> 0.88244287 | I8: =AVERAGE(L16:O16) -> 0.90192169 | K8: =AVERAGE(D34:O34) -> 0.89084618 | M8: =AVERAGE(P34:X34) -> 0.88903526
O9: ※現行日本鮮食廠以達成率80%為基本(即為現行KPI)
B11: 溫層 | D11: ➁4度C-各編組展開 | L11: ➂4度C-各編組展開
B12: 編組 | D12: 1 | E12: 2 | F12: 3 | G12: 4 | H12: 5 | I12: 6 | J12: 7 | K12: 8 | L12: 1 | M12: 2 | N12: 3 | O12: 4
D13: 便當一線 | E13: 便當二線 | F13: 涼麵一線 | G13: 涼麵二線 | H13: 涼麵三線 | I13: 自動包裝機 | J13: 自動包裝機2 | K13: 自動包裝機3 | L13: 便當一線 | M13: 便當二線 | N13: 涼麵一線 | O13: 涼麵二線
B14: 人時性 | C14: 排關 | D14: - | E14: 85.517241 | F14: 116.32813 | G14: 90.322581 | H14: 174.54545 | I14: 654.6 | J14: 433.33333 | K14: - | L14: - | M14: 90.47619 | N14: 86.956522 | O14: 107.14286
C15: 實績 | D15: - | E15: 76.758862 | F15: 103.58224 | G15: 79.787464 | H15: 156.30728 | I15: 538.96456 | J15: 391.91577 | K15: - | L15: - | M15: 82.877696 | N15: 77.896314 | O15: 95.779373
C16: 達成率 | D16: - | E16: =E15/E14 -> 0.89758346 | F16: =F15/F14 -> 0.89043163 | G16: =G15/G14 -> 0.8833612 | H16: =H15/H14 -> 0.89551044 | I16: =I15/I14 -> 0.82334947 | J16: =J15/J14 -> 0.90442101 | K16: - | L16: - | M16: =M15/M14 -> 0.91601664 | N16: =N15/N14 -> 0.89580761 | O16: =O15/O14 -> 0.89394082
B17: 作業 時間 | C17: 開始 | D17: - | E17: 0.16666667 | F17: 0.16666667 | G17: 0.16666667 | H17: 0.16666667 | I17: 0.25 | J17: 0.25 | K17: - | L17: - | M17: 0.73541667 | N17: 0.70833333 | O17: 0.70833333
C18: 結束 | D18: - | E18: 0.71666667 | F18: 0.65836806 | G18: 0.62726852 | H18: 0.59304398 | I18: 0.45006944 | J18: 0.33930556 | K18: - | L18: - | M18: 0.81407407 | N18: 0.83884259 | O18: 0.8558912
B19: 產線異常 (5分鐘以上) | C19: 次數
C20: 時間/分
B21: 短暫停線 (5分鐘以下) | C21: 次數
C22: 設備次數
B23: 配置人數 | D23: - | E23: 20.714286 | F23: 18.428571 | G23: 22.142857 | H23: 20.625 | I23: 5.5 | J23: 6 | K23: - | L23: - | M23: 20.5 | N23: 23 | O23: 18.666667
B24: 主要應用設備 | D24: L型封口機 | E24: ET-55 | F24: ET-55 | G24: ET-55 | H24: ET-600 | I24: 伺服包裝機 | J24: 伺服包裝機 | K24: 伺服包裝機 | L24: L型封口機 | M24: ET-55 | N24: ET-55 | O24: ET-55
B25: 次要應用設備 | D25: 伺服包裝機 | H25: 伺服包裝機
B26: 備註 | H26: 涼麵+烤飯糰 | I26: 大口飯糰線 | K26: 烤飯糰+手卷
B29: 溫層 | D29: ➃18度C-各編組展開 (一配) | P29: ⑤18度C-各編組展開 (二配)
B30: 編組 | D30: 1 | E30: 2 | F30: 3 | G30: 4 | H30: 5 | I30: 6 | J30: 7 | K30: 8 | L30: 9 | M30: 10 | N30: 11 | O30: 12 | P30: 1 | Q30: 2 | R30: 3 | S30: 4 | T30: 5 | U30: 6 | V30: 7 | W30: 8 | X30: 9
D31: 便當一線 | E31: 涼麵一線 | F31: 涼麵三線 | G31: 自動包裝機 | H31: 自動包裝機2 | I31: 自動包裝機3 | J31: 味付飯糰線B | K31: (舊) 3300型飯糰線 | L31: 3000型飯糰線 | M31: (新) 3300型飯糰機 | N31: GKK3600型 飯糰機 | O31: GKK3600型 飯糰機2 | P31: 自動包裝機 | Q31: 自動包裝機2 | R31: 自動包裝機3 | S31: 味付飯糰線B | T31: (舊) 3300型飯糰線 | U31: 3000型飯糰線 | V31: (新) 3300型飯糰機 | W31: GKK3600型 飯糰機 | X31: GKK3600型 飯糰機2
B32: 人時性 | C32: 排關 | D32: - | E32: - | F32: - | G32: 327.27273 | H32: - | I32: - | J32: - | K32: - | L32: - | M32: 825 | N32: 954.54545 | O32: 926.08696 | P32: 389.18919 | Q32: - | R32: - | S32: - | T32: - | U32: - | V32: 765.51724 | W32: 1015.3846 | X32: 900
C33: 實績 | D33: - | E33: - | F33: - | G33: 287.46981 | H33: - | I33: - | J33: - | K33: - | L33: - | M33: 747.45494 | N33: 848.6572 | O33: 824.15192 | P33: 342.16967 | Q33: - | R33: - | S33: - | T33: - | U33: - | V33: 685.42306 | W33: 908.42704 | X33: 798.22766
C34: 達成率 | D34: - | E34: - | F34: - | G34: =G33/G32 -> 0.87837996 | H34: - | I34: - | J34: - | K34: - | L34: - | M34: =M33/M32 -> 0.90600599 | N34: =N33/N32 -> 0.88906945 | O34: =O33/O32 -> 0.88992931 | P34: =P33/P32 -> 0.87918595 | Q34: - | R34: - | S34: - | T34: - | U34: - | V34: =V33/V32 -> 0.89537247 | W34: =W33/W32 -> 0.89466299 | X34: =X33/X32 -> 0.88691962
B35: 作業 時間 | C35: 開始 | D35: - | E35: - | F35: - | G35: 0.25 | H35: - | I35: - | J35: - | K35: - | L35: - | M35: 0.35694444 | N35: 0.25 | O35: 0.25 | P35: 0.70833333 | Q35: - | R35: - | S35: - | T35: - | U35: - | V35: 0.70833333 | W35: 0.78680556 | X35: 0.75763889
C36: 結束 | D36: - | E36: - | F36: - | G36: 0.45006944 | H36: - | I36: - | J36: - | K36: - | L36: - | M36: 0.46508102 | N36: 0.54493056 | O36: 0.54524306 | P36: 0.83944444 | Q36: - | R36: - | S36: - | T36: - | U36: - | V36: 0.99738426 | W36: 1.1701505 | X36: 1.1817593
B37: 配置人數 | D37: - | E37: - | F37: - | G37: 11 | H37: - | I37: - | J37: - | K37: - | L37: - | M37: 4 | N37: 3.6666667 | O37: 3.8333333 | P37: 9.25 | Q37: - | R37: - | S37: - | T37: - | U37: - | V37: 4.1428571 | W37: 3.25 | X37: 4
B38: 主要應用設備 | D38: 伺服包裝機 | E38: ET-55 | F38: ET-600 | G38: 夾心型 | H38: 伺服包裝機 | I38: 伺服包裝機 | J38: 夾心型 | K38: 3300型 | L38: 3300型 | M38: 3300型 | N38: GKK | O38: GKK | P38: 夾心型 | Q38: 伺服包裝機 | R38: 伺服包裝機 | S38: 夾心型 | T38: 3300型 | U38: 3300型 | V38: 3300型 | W38: GKK | X38: GKK
B39: 次要應用設備
B40: 備註

Sheet 0630(18度C)
A1: 大溪廠日報分析 | C1: 總生產量 | D1: =SUM(F5:F140) -> 123366 | E1: 營業額 | F1: =SUM(G5:G140) -> 2410082.5 | G1: 出勤人數 | H1: =L21+L38+L55+L72+L89+L106+L123+L140 -> 43.142857 | I1: 產線配置圖 | L1: 生產實績 | O1: 人時性差異分析 | S1: 日報登錄 | Y1: 分析說明 | AA1: 產能差異分析
A2: 46203 | C2: 人時性 | D2: =AVERAGE(N21,N38,N55,N72,N89,N106,N123,N140) -> 680.24766 | E2: 平均廠價 | F2: =F1/D1 -> 19.536035 | G2: 多次生產數 | H2: =COUNT(H5:H140) -> 11
A3: 線別 | B3: 品類 | C3: 品名 | E3: 廠價 | F3: 生產量 | G3: 營收 | H3: 多次 生產 | I3: 人數 | J3: 產能/時 | K3: 人時性 | L3: 人數 | M3: 產能/時 | N3: 人時性 | O3: 人數 | P3: 人時性 | Q3: 達成率 | R3: 達成率 平均 | S3: 生產時間 | U3: 換線、休息/分 | V3: 稼動時間/分 | W3: 休息時間 | Y3: (屏榮回填) | AA3: 產能/時 | AB3: 達成率 | AC3: 達成率平均
S4: 開始 | T4: 結束 | W4: 開始 | X4: 結束
A5: 自動包裝機 | B5: 18℃-壽司手卷 | C5: 一配長野稻荷壽司 | E5: 25.64 | F5: 1829 | G5: =E5*F5 -> 46895.56 | I5: 10 | J5: 3600 | K5: =J5/I5 -> 360 | L5: 10 | M5: =F5/V5*60 -> 3214.0096 | N5: =M5/L5 -> 321.40096 | O5: =L5-I5 -> 0 | P5: =N5-K5 -> -38.599045 | Q5: =N5/K5 -> 0.89278043 | R5: =Q21 -> 0.87837996 | S5: 0.25 | T5: 0.2737037 | V5: 34.144267 | AA5: =M5-J5 -> -385.99045 | AB5: =M5/J5 -> 0.89278043 | AC5: =AB21 -> 0.87837996
B6: 18℃-壽司手卷 | C6: 一配經典人氣雙手卷 | E6: 29.52 | F6: 3065 | G6: =E6*F6 -> 90478.8 | I6: 11 | J6: 3600 | K6: =J6/I6 -> 327.27273 | L6: 11 | M6: =F6/V6*60 -> 3159.2041 | N6: =M6/L6 -> 287.20037 | O6: =L6-I6 -> 0 | P6: =N6-K6 -> -40.072355 | Q6: =N6/K6 -> 0.87755669 | S6: 0.27708333 | T6: 0.3175 | U6: 4.8666667 | V6: 58.210864 | AA6: =M6-J6 -> -440.7959 | AB6: =M6/J6 -> 0.87755669
B7: 18℃-壽司手卷 | C7: 一配鮭鮪海饌雙手卷 | E7: 29.85 | F7: 3560 | G7: =E7*F7 -> 106266 | I7: 11 | J7: 3600 | K7: =J7/I7 -> 327.27273 | L7: 11 | M7: =F7/V7*60 -> 3161.0368 | N7: =M7/L7 -> 287.36698 | O7: =L7-I7 -> 0 | P7: =N7-K7 -> -39.905749 | Q7: =N7/K7 -> 0.87806577 | S7: 0.32083333 | T7: 0.36775463 | U7: 4.8 | V7: 67.572767 | AA7: =M7-J7 -> -438.96324 | AB7: =M7/J7 -> 0.87806577
B8: 18℃-飯糰 | C8: 一配兩粒飯糰(鮪魚.焦糖鮭魚) | E8: 28.57 | F8: 1863 | G8: =E8*F8 -> 53225.91 | I8: 12 | J8: 3600 | K8: =J8/I8 -> 300 | L8: 12 | M8: =F8/V8*60 -> 3114.4211 | N8: =M8/L8 -> 259.53509 | O8: =L8-I8 -> 0 | P8: =N8-K8 -> -40.46491 | Q8: =N8/K8 -> 0.86511697 | S8: 0.37152778 | T8: 0.39644676 | U8: 5.4333333 | V8: 35.8911 | AA8: =M8-J8 -> -485.57892 | AB8: =M8/J8 -> 0.86511697
B21: 平均 | I21: =AVERAGE(I5:I20) -> 11 | J21: =AVERAGE(J5:J20) -> 3600 | K21: =J21/I21 -> 327.27273 | L21: =AVERAGE(L5:L20) -> 11 | M21: =AVERAGE(M5:M20) -> 3162.1679 | N21: =M21/L21 -> 287.46981 | O21: =L21-I21 -> 0 | P21: =N21-K21 -> -39.802921 | Q21: =N21/K21 -> 0.87837996 | S21: 0.25 | T21: 0.45006944 | AA21: =M21-J21 -> -437.83213 | AB21: =M21/J21 -> 0.87837996
A22: (新) 3300型飯糰機 | B22: 18℃-飯糰 | C22: 一配鮭魚奶油醬油飯糰 | E22: 18.53 | F22: 2841 | G22: =E22*F22 -> 52643.73 | I22: 3 | J22: 3300 | K22: =J22/I22 -> 1100 | L22: 3 | M22: =F22/V22*60 -> 2989.8593 | N22: =M22/L22 -> 996.61977 | O22: =L22-I22 -> 0 | P22: =N22-K22 -> -103.38023 | Q22: =N22/K22 -> 0.90601797 | R22: =Q38 -> 0.90600599 | S22: 0.35694444 | T22: 0.39652778 | V22: 57.012716 | AA22: =M22-J22 -> -310.1407 | AB22: =M22/J22 -> 0.90601797 | AC22: =AB38 -> 0.90600599
B23: 18℃-飯糰 | C23: 一配壹號醬炙烤牛飯糰 | E23: 22.28 | F23: 1151 | G23: =E23*F23 -> 25644.28 | I23: 5 | J23: 3300 | K23: =J23/I23 -> 660 | L23: 5 | M23: =F23/V23*60 -> 2989.8 | N23: =M23/L23 -> 597.96 | O23: =L23-I23 -> 0 | P23: =N23-K23 -> -62.04 | Q23: =N23/K23 -> 0.906 | S23: 0.40069444 | T23: 0.41672454 | U23: 6 | V23: 23.098535 | AA23: =M23-J23 -> -310.2 | AB23: =M23/J23 -> 0.906
B24: 18℃-飯糰 | C24: 一配鹽蔥燒肉飯糰 | E24: 17.89 | F24: 3225 | G24: =E24*F24 -> 57695.25 | I24: 4 | J24: 3300 | K24: =J24/I24 -> 825 | L24: 4 | M24: =F24/V24*60 -> 2989.8 | N24: =M24/L24 -> 747.45 | O24: =L24-I24 -> 0 | P24: =N24-K24 -> -77.55 | Q24: =N24/K24 -> 0.906 | S24: 0.42013889 | T24: 0.46508102 | U24: 4.9166667 | V24: 64.720048 | AA24: =M24-J24 -> -310.2 | AB24: =M24/J24 -> 0.906
B38: 平均 | I38: =AVERAGE(I22:I37) -> 4 | J38: =AVERAGE(J22:J37) -> 3300 | K38: =J38/I38 -> 825 | L38: =AVERAGE(L22:L37) -> 4 | M38: =AVERAGE(M22:M37) -> 2989.8198 | N38: =M38/L38 -> 747.45494 | O38: =L38-I38 -> 0 | P38: =N38-K38 -> -77.545059 | Q38: =N38/K38 -> 0.90600599 | S38: 0.35694444 | T38: 0.46508102 | AA38: =M38-J38 -> -310.18023 | AB38: =M38/J38 -> 0.90600599
A39: GKK3600型 飯糰機 | B39: 18℃-飯糰 | C39: 一配山葵章魚飯糰 | E39: 25.2 | F39: 1527 | G39: =E39*F39 -> 38480.4 | I39: 3 | J39: 3600 | K39: =J39/I39 -> 1200 | L39: 3 | M39: =F39/V39*60 -> 3187.7889 | N39: =M39/L39 -> 1062.5963 | O39: =L39-I39 -> 0 | P39: =N39-K39 -> -137.4037 | Q39: =N39/K39 -> 0.88549692 | R39: =Q55 -> 0.88906945 | S39: 0.25 | T39: 0.2699537 | V39: 28.740925 | AA39: =M39-J39 -> -412.2111 | AB39: =M39/J39 -> 0.88549692 | AC39: =AB55 -> 0.88906945
B40: 18℃-飯糰 | C40: 一配熟成紅鮭飯糰 | E40: 25.03 | F40: 1485 | G40: =E40*F40 -> 37169.55 | I40: 5 | J40: 3600 | K40: =J40/I40 -> 720 | L40: 5 | M40: =F40/V40*60 -> 3193.4962 | N40: =M40/L40 -> 638.69923 | O40: =L40-I40 -> 0 | P40: =N40-K40 -> -81.300766 | Q40: =N40/K40 -> 0.88708227 | S40: 0.27986111 | T40: 0.29923611 | U40: 15 | V40: 27.900456 | AA40: =M40-J40 -> -406.50383 | AB40: =M40/J40 -> 0.88708227
B41: 18℃-飯糰 | C41: 一配蔬食鮪魚飯糰 | E41: 18.18 | F41: 1318 | G41: =E41*F41 -> 23961.24 | I41: 3 | J41: 3600 | K41: =J41/I41 -> 1200 | L41: 3 | M41: =F41/V41*60 -> 3186.2659 | N41: =M41/L41 -> 1062.0886 | O41: =L41-I41 -> 0 | P41: =N41-K41 -> -137.91136 | Q41: =N41/K41 -> 0.88507386 | S41: 0.30902778 | T41: 0.32626157 | U41: 15 | V41: 24.819021 | AA41: =M41-J41 -> -413.73409 | AB41: =M41/J41 -> 0.88507386
B42: 18℃-飯糰 | C42: 一配柚檸海灣貝飯糰 | E42: 23.72 | F42: 1542 | G42: =E42*F42 -> 36576.24 | I42: 5 | J42: 3600 | K42: =J42/I42 -> 720 | L42: 5 | M42: =F42/V42*60 -> 3194.8311 | N42: =M42/L42 -> 638.96623 | O42: =L42-I42 -> 0 | P42: =N42-K42 -> -81.03377 | Q42: =N42/K42 -> 0.8874531 | S42: 0.33611111 | T42: 0.35621528 | U42: 15 | V42: 28.959277 | AA42: =M42-J42 -> -405.16885 | AB42: =M42/J42 -> 0.8874531
B43: 18℃-飯糰 | C43: 一配鮪魚飯糰 | E43: 14.28 | F43: 7042 | G43: =E43*F43 -> 100559.76 | I43: 3 | J43: 3600 | K43: =J43/I43 -> 1200 | L43: 3 | M43: =F43/V43*60 -> 3190.0841 | N43: =M43/L43 -> 1063.3614 | O43: =L43-I43 -> 0 | P43: =N43-K43 -> -136.63864 | Q43: =N43/K43 -> 0.88613447 | S43: 0.36597222 | T43: 0.45793981 | U43: 15 | V43: 132.44792 | AA43: =M43-J43 -> -409.91591 | AB43: =M43/J43 -> 0.88613447
B44: 18℃-飯糰 | C44: 一配經典肉鬆飯糰 | E44: 14.03 | F44: 5015 | G44: =E44*F44 -> 70360.45 | I44: 3 | J44: 3000 | K44: =J44/I44 -> 1000 | L44: 3 | M44: =F44/V44*60 -> 2717.9922 | N44: =M44/L44 -> 905.99739 | O44: =L44-I44 -> 0 | P44: =N44-K44 -> -94.002611 | Q44: =N44/K44 -> 0.90599739 | S44: 0.46805556 | T44: 0.54493056 | U44: 14.566667 | V44: 110.70672 | AA44: =M44-J44 -> -282.00783 | AB44: =M44/J44 -> 0.90599739
B55: 平均 | I55: =AVERAGE(I39:I54) -> 3.6666667 | J55: =AVERAGE(J39:J54) -> 3500 | K55: =J55/I55 -> 954.54545 | L55: =AVERAGE(L39:L54) -> 3.6666667 | M55: =AVERAGE(M39:M54) -> 3111.7431 | N55: =M55/L55 -> 848.6572 | O55: =L55-I55 -> 0 | P55: =N55-K55 -> -105.88826 | Q55: =N55/K55 -> 0.88906945 | S55: 0.25 | T55: 0.54493056 | AA55: =M55-J55 -> -388.25694 | AB55: =M55/J55 -> 0.88906945
A56: GKK3600型 飯糰機2 | B56: 18℃-飯糰 | C56: 一配黑胡椒洋蔥豬飯糰 | E56: 17.07 | F56: 3029 | G56: =E56*F56 -> 51705.03 | I56: 3 | J56: 3300 | K56: =J56/I56 -> 1100 | L56: 3 | M56: =F56/V56*60 -> 2976.4588 | N56: =M56/L56 -> 992.15294 | O56: =L56-I56 -> 0 | P56: =N56-K56 -> -107.84706 | Q56: =N56/K56 -> 0.90195722 | R56: =Q72 -> 0.88992931 | S56: 0.25 | T56: 0.29239583 | V56: 61.059135 | AA56: =M56-J56 -> -323.54119 | AB56: =M56/J56 -> 0.90195722 | AC56: =AB72 -> 0.88992931
B57: 18℃-飯糰 | C57: 一配椒鹽檸檬鯖魚飯糰 | E57: 20.72 | F57: 2943 | G57: =E57*F57 -> 60978.96 | I57: 3 | J57: 3600 | K57: =J57/I57 -> 1200 | L57: 3 | M57: =F57/V57*60 -> 3197.198 | N57: =M57/L57 -> 1065.7327 | O57: =L57-I57 -> 0 | P57: =N57-K57 -> -134.26734 | Q57: =N57/K57 -> 0.88811055 | S57: 0.30277778 | T57: 0.34112269 | U57: 14.95 | V57: 55.229611 | AA57: =M57-J57 -> -402.80202 | AB57: =M57/J57 -> 0.88811055
B58: 18℃-飯糰 | C58: 一配北海道秋鮭親子飯糰 | E58: 24.82 | F58: 1829 | G58: =E58*F58 -> 45395.78 | I58: 5 | J58: 3600 | K58: =J58/I58 -> 720 | L58: 5 | M58: =F58/V58*60 -> 3200.7833 | N58: =M58/L58 -> 640.15667 | O58: =L58-I58 -> 0 | P58: =N58-K58 -> -79.843334 | Q58: =N58/K58 -> 0.88910648 | S58: 0.35138889 | T58: 0.37519676 | U58: 14.783333 | V58: 34.285357 | AA58: =M58-J58 -> -399.21667 | AB58: =M58/J58 -> 0.88910648
B59: 18℃-飯糰 | C59: 一配明太子龍蝦風味沙拉飯糰 | E59: 18.18 | F59: 2438 | G59: =E59*F59 -> 44322.84 | I59: 3 | J59: 3600 | K59: =J59/I59 -> 1200 | L59: 3 | M59: =F59/V59*60 -> 3193.4383 | N59: =M59/L59 -> 1064.4794 | O59: =L59-I59 -> 0 | P59: =N59-K59 -> -135.52057 | Q59: =N59/K59 -> 0.88706619 | S59: 0.38541667 | T59: 0.41722222 | U59: 14.716667 | V59: 45.806428 | AA59: =M59-J59 -> -406.56171 | AB59: =M59/J59 -> 0.88706619
B60: 18℃-飯糰 | C60: 一配贅沢鮭魚肚飯糰 | E60: 30 | F60: 2490 | G60: =E60*F60 -> 74700 | I60: 4 | J60: 3600 | K60: =J60/I60 -> 900 | L60: 4 | M60: =F60/V60*60 -> 3193.2 | N60: =M60/L60 -> 798.3 | O60: =L60-I60 -> 0 | P60: =N60-K60 -> -101.7 | Q60: =N60/K60 -> 0.887 | S60: 0.42708333 | T60: 0.45957176 | U60: 15 | V60: 46.786922 | AA60: =M60-J60 -> -406.8 | AB60: =M60/J60 -> 0.887
B61: 18℃-飯糰 | C61: 一配雞肉飯飯糰 | E61: 16.66 | F61: 5812 | G61: =E61*F61 -> 96827.92 | I61: 5 | J61: 3600 | K61: =J61/I61 -> 720 | L61: 5 | M61: =F61/V61*60 -> 3194.4158 | N61: =M61/L61 -> 638.88317 | O61: =L61-I61 -> 0 | P61: =N61-K61 -> -81.116834 | Q61: =N61/K61 -> 0.88733773 | S61: 0.46944444 | T61: 0.54524306 | U61: 15 | V61: 109.1655 | AA61: =M61-J61 -> -405.58417 | AB61: =M61/J61 -> 0.88733773
B72: 平均 | I72: =AVERAGE(I56:I71) -> 3.8333333 | J72: =AVERAGE(J56:J71) -> 3550 | K72: =J72/I72 -> 926.08696 | L72: =AVERAGE(L56:L71) -> 3.8333333 | M72: =AVERAGE(M56:M71) -> 3159.249 | N72: =M72/L72 -> 824.15192 | O72: =L72-I72 -> 0 | P72: =N72-K72 -> -101.93503 | Q72: =N72/K72 -> 0.88992931 | S72: 0.25 | T72: 0.54524306 | AA72: =M72-J72 -> -390.75096 | AB72: =M72/J72 -> 0.88992931
A73: 自動包裝機 (二配) | B73: 18℃-飯糰 | C73: 二配兩粒飯糰(鮪魚.焦糖鮭魚) | E73: 28.57 | F73: 1619 | G73: =E73*F73 -> 46254.83 | I73: 12 | J73: 3600 | K73: =J73/I73 -> 300 | L73: 12 | M73: =F73/V73*60 -> 3114.2226 | N73: =M73/L73 -> 259.51855 | O73: =L73-I73 -> 0 | P73: =N73-K73 -> -40.481452 | Q73: =N73/K73 -> 0.86506183 | R73: =Q89 -> 0.87918595 | S73: 0.70833333 | T73: 0.72998843 | V73: 31.192376 | AA73: =M73-J73 -> -485.77743 | AB73: =M73/J73 -> 0.86506183 | AC73: =AB89 -> 0.87918595
B74: 18℃-飯糰 | C74: 二配溏心蛋五目飯糰 | E74: 20.42 | F74: 622 | G74: =E74*F74 -> 12701.24 | I74: 13 | J74: 3600 | K74: =J74/I74 -> 276.92308 | L74: 13 | M74: =F74/V74*60 -> 3261.3038 | N74: =M74/L74 -> 250.86952 | O74: =L74-I74 -> 0 | P74: =N74-K74 -> -26.053556 | Q74: =N74/K74 -> 0.90591771 | S74: 0.73402778 | T74: 0.74196759 | U74: 5.8166667 | V74: 11.443276 | AA74: =M74-J74 -> -338.69623 | AB74: =M74/J74 -> 0.90591771
B75: 18℃-飯糰 | C75: 二配鮭魚毛豆炊飯飯糰 | E75: 18.92 | F75: 2406 | G75: =E75*F75 -> 45521.52 | I75: 6 | J75: 3600 | K75: =J75/I75 -> 600 | L75: 6 | M75: =F75/V75*60 -> 3261.3892 | N75: =M75/L75 -> 543.56487 | O75: =L75-I75 -> 0 | P75: =N75-K75 -> -56.435127 | Q75: =N75/K75 -> 0.90594146 | S75: 0.74513889 | T75: 0.77586806 | U75: 4.5666667 | V75: 44.263346 | AA75: =M75-J75 -> -338.61076 | AB75: =M75/J75 -> 0.90594146
B76: 18℃-飯糰 | C76: 二配柚香雞胸五穀飯糰 | E76: 17.71 | F76: 4374 | G76: =E76*F76 -> 77463.54 | I76: 6 | J76: 3600 | K76: =J76/I76 -> 600 | L76: 6 | M76: =F76/V76*60 -> 3023.3622 | N76: =M76/L76 -> 503.89369 | O76: =L76-I76 -> 0 | P76: =N76-K76 -> -96.106307 | Q76: =N76/K76 -> 0.83982282 | S76: 0.77916667 | T76: 0.83944444 | U76: 4.75 | V76: 86.804024 | AA76: =M76-J76 -> -576.63784 | AB76: =M76/J76 -> 0.83982282
B89: 平均 | I89: =AVERAGE(I73:I88) -> 9.25 | J89: =AVERAGE(J73:J88) -> 3600 | K89: =J89/I89 -> 389.18919 | L89: =AVERAGE(L73:L88) -> 9.25 | M89: =AVERAGE(M73:M88) -> 3165.0694 | N89: =M89/L89 -> 342.16967 | O89: =L89-I89 -> 0 | P89: =N89-K89 -> -47.01952 | Q89: =N89/K89 -> 0.87918595 | S89: 0.70833333 | T89: 0.83944444 | AA89: =M89-J89 -> -434.93056 | AB89: =M89/J89 -> 0.87918595
A90: (新) 3300型飯糰機 (二配) | B90: 18℃-飯糰 | C90: 二配鹽水G絲飯糰 | E90: 17.22 | F90: 1219 | G90: =E90*F90 -> 20991.18 | I90: 3 | J90: 3300 | K90: =J90/I90 -> 1100 | L90: 3 | M90: =F90/V90*60 -> 2989.4264 | N90: =M90/L90 -> 996.47547 | O90: =L90-I90 -> 0 | P90: =N90-K90 -> -103.52453 | Q90: =N90/K90 -> 0.90588679 | R90: =Q106 -> 0.89537247 | S90: 0.70833333 | T90: 0.7253125 | V90: 24.466232 | AA90: =M90-J90 -> -310.5736 | AB90: =M90/J90 -> 0.90588679 | AC90: =AB106 -> 0.89537247
B91: 18℃-飯糰 | C91: 二配壹號醬炙烤牛飯糰 | E91: 22.28 | F91: 1822 | G91: =E91*F91 -> 40594.16 | I91: 5 | J91: 3300 | K91: =J91/I91 -> 660 | L91: 5 | M91: =F91/V91*60 -> 2989.8 | N91: =M91/L91 -> 597.96 | O91: =L91-I91 -> 0 | P91: =N91-K91 -> -62.04 | Q91: =N91/K91 -> 0.906 | S91: 0.72847222 | T91: 0.75385417 | U91: 4.55 | V91: 36.564319 | AA91: =M91-J91 -> -310.2 | AB91: =M91/J91 -> 0.906
B92: 18℃-飯糰 | C92: 二配鹽蔥燒肉飯糰 | E92: 17.89 | F92: 1516 | G92: =E92*F92 -> 27121.24 | H92: 2 | I92: 4 | J92: 3300 | K92: =J92/I92 -> 825 | L92: 4 | M92: =F92/V92*60 -> 2989.8 | N92: =M92/L92 -> 747.45 | O92: =L92-I92 -> 0 | P92: =N92-K92 -> -77.55 | Q92: =N92/K92 -> 0.906 | S92: 0.75694444 | T92: 0.77806713 | U92: 5 | V92: 30.42344 | AA92: =M92-J92 -> -310.2 | AB92: =M92/J92 -> 0.906
B93: 18℃-飯糰 | C93: 二配大飯糰韓式蒜烤豬五花 | E93: 24.54 | F93: 1644 | G93: =E93*F93 -> 40343.76 | I93: 4 | J93: 3000 | K93: =J93/I93 -> 750 | L93: 4 | M93: =F93/V93*60 -> 2707.2757 | N93: =M93/L93 -> 676.81894 | O93: =L93-I93 -> 0 | P93: =N93-K93 -> -73.181063 | Q93: =N93/K93 -> 0.90242525 | S93: 0.78125 | T93: 0.80655093 | U93: 4.5833333 | V93: 36.435151 | AA93: =M93-J93 -> -292.72425 | AB93: =M93/J93 -> 0.90242525
B94: 18℃-飯糰 | C94: 二配大飯糰乾燒風味鮮蝦 | E94: 23.27 | F94: 1066 | G94: =E94*F94 -> 24805.82 | I94: 5 | J94: 3000 | K94: =J94/I94 -> 600 | L94: 5 | M94: =F94/V94*60 -> 2710.2287 | N94: =M94/L94 -> 542.04573 | O94: =L94-I94 -> 0 | P94: =N94-K94 -> -57.954268 | Q94: =N94/K94 -> 0.90340955 | S94: 0.80972222 | T94: 0.82609954 | U94: 4.5666667 | V94: 23.599485 | AA94: =M94-J94 -> -289.77134 | AB94: =M94/J94 -> 0.90340955
B95: 18℃-飯糰 | C95: 二配大飯糰泡菜鮪魚 | E95: 24.33 | F95: 4387 | G95: =E95*F95 -> 106735.71 | I95: 4 | J95: 3000 | K95: =J95/I95 -> 750 | L95: 4 | M95: =F95/V95*60 -> 2500.938 | N95: =M95/L95 -> 625.2345 | O95: =L95-I95 -> 0 | P95: =N95-K95 -> -124.7655 | Q95: =N95/K95 -> 0.833646 | S95: 0.82916667 | T95: 0.90224537 | U95: 5 | V95: 105.24851 | W95: 0.90224537 | X95: 0.94027778 | AA95: =M95-J95 -> -499.062 | AB95: =M95/J95 -> 0.833646
B96: 18℃-飯糰 | C96: 二配鹽蔥燒肉飯糰 | E96: 17.89 | F96: 4098 | G96: =E96*F96 -> 73313.22 | I96: 4 | J96: 3300 | K96: =J96/I96 -> 825 | L96: 4 | M96: =F96/V96*60 -> 2989.8 | N96: =M96/L96 -> 747.45 | O96: =L96-I96 -> 0 | P96: =N96-K96 -> -77.55 | Q96: =N96/K96 -> 0.906 | S96: 0.94027778 | T96: 0.99738426 | U96: 54.766667 | V96: 82.239615 | AA96: =M96-J96 -> -310.2 | AB96: =M96/J96 -> 0.906
B106: 平均 | I106: =AVERAGE(I90:I105) -> 4.1428571 | J106: =AVERAGE(J90:J105) -> 3171.4286 | K106: =J106/I106 -> 765.51724 | L106: =AVERAGE(L90:L105) -> 4.1428571 | M106: =AVERAGE(M90:M105) -> 2839.6098 | N106: =M106/L106 -> 685.42306 | O106: =L106-I106 -> 0 | P106: =N106-K106 -> -80.094179 | Q106: =N106/K106 -> 0.89537247 | S106: 0.70833333 | T106: 0.99738426 | AA106: =M106-J106 -> -331.81874 | AB106: =M106/J106 -> 0.89537247
A107: GKK3600型 飯糰機 (二配) | B107: 18℃-飯糰 | C107: 二配經典肉鬆飯糰 | E107: 14.03 | F107: 311 | G107: =E107*F107 -> 4363.33 | H107: 2 | I107: 3 | J107: 3000 | K107: =J107/I107 -> 1000 | L107: 3 | M107: =F107/V107*60 -> 2714.725 | N107: =M107/L107 -> 904.90835 | O107: =L107-I107 -> 0 | P107: =N107-K107 -> -95.091655 | Q107: =N107/K107 -> 0.90490835 | R107: =Q123 -> 0.89466299 | S107: 0.78680556 | T107: 0.79157407 | V107: 6.8736243 | AA107: =M107-J107 -> -285.27496 | AB107: =M107/J107 -> 0.90490835 | AC107: =AB123 -> 0.89466299
B108: 18℃-飯糰 | C108: 二配鮪魚飯糰 | E108: 14.28 | F108: 331 | G108: =E108*F108 -> 4726.68 | H108: 3 | I108: 3 | J108: 3600 | K108: =J108/I108 -> 1200 | L108: 3 | M108: =F108/V108*60 -> 3185.4483 | N108: =M108/L108 -> 1061.8161 | O108: =L108-I108 -> 0 | P108: =N108-K108 -> -138.18391 | Q108: =N108/K108 -> 0.88484674 | S108: 0.80138889 | T108: 0.80571759 | U108: 15 | V108: 6.2346013 | AA108: =M108-J108 -> -414.55173 | AB108: =M108/J108 -> 0.88484674
B109: 18℃-飯糰 | C109: 二配熟成紅鮭飯糰 | E109: 25.03 | F109: 579 | G109: =E109*F109 -> 14492.37 | H109: 2 | I109: 5 | J109: 3600 | K109: =J109/I109 -> 720 | L109: 5 | M109: =F109/V109*60 -> 3201.2903 | N109: =M109/L109 -> 640.25807 | O109: =L109-I109 -> 0 | P109: =N109-K109 -> -79.741935 | Q109: =N109/K109 -> 0.88924731 | S109: 0.81597222 | T109: 0.82350694 | U109: 14.766667 | V109: 10.851874 | AA109: =M109-J109 -> -398.70967 | AB109: =M109/J109 -> 0.88924731
B110: 18℃-飯糰 | C110: 二配芝麻香鬆飯糰 | E110: 18.18 | F110: 655 | G110: =E110*F110 -> 11907.9 | H110: 2 | I110: 3 | J110: 3000 | K110: =J110/I110 -> 1000 | L110: 3 | M110: =F110/V110*60 -> 2716.0089 | N110: =M110/L110 -> 905.33629 | O110: =L110-I110 -> 0 | P110: =N110-K110 -> -94.663707 | Q110: =N110/K110 -> 0.90533629 | S110: 0.83333333 | T110: 0.84337963 | U110: 15 | V110: 14.469761 | AA110: =M110-J110 -> -283.99112 | AB110: =M110/J110 -> 0.90533629
B111: 18℃-飯糰 | C111: 二配鮪魚飯糰 | E111: 14.28 | F111: 2584 | G111: =E111*F111 -> 36899.52 | I111: 3 | J111: 3600 | K111: =J111/I111 -> 1200 | L111: 3 | M111: =F111/V111*60 -> 3185.4483 | N111: =M111/L111 -> 1061.8161 | O111: =L111-I111 -> 0 | P111: =N111-K111 -> -138.18391 | Q111: =N111/K111 -> 0.88484674 | S111: 0.85347222 | T111: 0.88726852 | U111: 14.533333 | V111: 48.671329 | AA111: =M111-J111 -> -414.55173 | AB111: =M111/J111 -> 0.88484674
B112: 18℃-飯糰 | C112: 二配經典肉鬆飯糰 | E112: 14.03 | F112: 8298 | G112: =E112*F112 -> 116420.94 | I112: 3 | J112: 3000 | K112: =J112/I112 -> 1000 | L112: 3 | M112: =F112/V112*60 -> 2714.725 | N112: =M112/L112 -> 904.90835 | O112: =L112-I112 -> 0 | P112: =N112-K112 -> -95.091655 | Q112: =N112/K112 -> 0.90490835 | S112: 0.89722222 | T112: 1.0245718 | U112: 15 | V112: 183.39979 | AA112: =M112-J112 -> -285.27496 | AB112: =M112/J112 -> 0.90490835
B113: 18℃-飯糰 | C113: 二配芝麻香鬆飯糰 | E113: 18.18 | F113: 1375 | G113: =E113*F113 -> 24997.5 | I113: 3 | J113: 3000 | K113: =J113/I113 -> 1000 | L113: 3 | M113: =F113/V113*60 -> 2716.0089 | N113: =M113/L113 -> 905.33629 | O113: =L113-I113 -> 0 | P113: =N113-K113 -> -94.663707 | Q113: =N113/K113 -> 0.90533629 | S113: 1.0347222 | T113: 1.0558102 | U113: 14.616667 | V113: 30.375453 | AA113: =M113-J113 -> -283.99112 | AB113: =M113/J113 -> 0.90533629
B114: 18℃-飯糰 | C114: 二配鮪魚飯糰 | E114: 14.28 | F114: 7965 | G114: =E114*F114 -> 113740.2 | I114: 3 | J114: 3600 | K114: =J114/I114 -> 1200 | L114: 3 | M114: =F114/V114*60 -> 3185.4483 | N114: =M114/L114 -> 1061.8161 | O114: =L114-I114 -> 0 | P114: =N114-K114 -> -138.18391 | Q114: =N114/K114 -> 0.88484674 | S114: 1.0659722 | T114: 1.1701505 | U114: 14.633333 | V114: 150.02598 | AA114: =M114-J114 -> -414.55173 | AB114: =M114/J114 -> 0.88484674
B123: 平均 | I123: =AVERAGE(I107:I122) -> 3.25 | J123: =AVERAGE(J107:J122) -> 3300 | K123: =J123/I123 -> 1015.3846 | L123: =AVERAGE(L107:L122) -> 3.25 | M123: =AVERAGE(M107:M122) -> 2952.3879 | N123: =M123/L123 -> 908.42704 | O123: =L123-I123 -> 0 | P123: =N123-K123 -> -106.95758 | Q123: =N123/K123 -> 0.89466299 | S123: 0.78680556 | T123: 1.1701505 | AA123: =M123-J123 -> -347.61213 | AB123: =M123/J123 -> 0.89466299
A124: GKK3600型 飯糰機2 (二配) | B124: 18℃-飯糰 | C124: 二配雞肉飯飯糰 | E124: 16.66 | F124: 235 | G124: =E124*F124 -> 3915.1 | H124: 3 | I124: 5 | J124: 3600 | K124: =J124/I124 -> 720 | L124: 5 | M124: =F124/V124*60 -> 3192.0679 | N124: =M124/L124 -> 638.41358 | O124: =L124-I124 -> 0 | P124: =N124-K124 -> -81.586421 | Q124: =N124/K124 -> 0.88668553 | R124: =Q140 -> 0.88691962 | S124: 0.75763889 | T124: 0.76070602 | V124: 4.4171993 | AA124: =M124-J124 -> -407.9321 | AB124: =M124/J124 -> 0.88668553 | AC124: =AB140 -> 0.88691962
B125: 18℃-飯糰 | C125: 二配贅沢鮭魚肚飯糰 | E125: 30 | F125: 795 | G125: =E125*F125 -> 23850 | H125: 2 | I125: 4 | J125: 3600 | K125: =J125/I125 -> 900 | L125: 4 | M125: =F125/V125*60 -> 3193.56 | N125: =M125/L125 -> 798.39 | O125: =L125-I125 -> 0 | P125: =N125-K125 -> -101.61 | Q125: =N125/K125 -> 0.8871 | S125: 0.77083333 | T125: 0.7812037 | U125: 14.583333 | V125: 14.936309 | AA125: =M125-J125 -> -406.44 | AB125: =M125/J125 -> 0.8871
B126: 18℃-飯糰 | C126: 二配北海道秋鮭親子飯糰 | E126: 24.82 | F126: 784 | G126: =E126*F126 -> 19458.88 | H126: 2 | I126: 5 | J126: 3600 | K126: =J126/I126 -> 720 | L126: 5 | M126: =F126/V126*60 -> 3189.9683 | N126: =M126/L126 -> 637.99366 | O126: =L126-I126 -> 0 | P126: =N126-K126 -> -82.006342 | Q126: =N126/K126 -> 0.8861023 | S126: 0.79097222 | T126: 0.8012037 | U126: 15 | V126: 14.746228 | AA126: =M126-J126 -> -410.03171 | AB126: =M126/J126 -> 0.8861023
B127: 18℃-飯糰 | C127: 二配蔬食鮪魚飯糰 | E127: 18.18 | F127: 399 | G127: =E127*F127 -> 7253.82 | H127: 2 | I127: 3 | J127: 3600 | K127: =J127/I127 -> 1200 | L127: 3 | M127: =F127/V127*60 -> 3194.1561 | N127: =M127/L127 -> 1064.7187 | O127: =L127-I127 -> 0 | P127: =N127-K127 -> -135.28131 | Q127: =N127/K127 -> 0.88726557 | S127: 0.81111111 | T127: 0.81630787 | U127: 15 | V127: 7.4949375 | AA127: =M127-J127 -> -405.84394 | AB127: =M127/J127 -> 0.88726557
B128: 18℃-飯糰 | C128: 二配三杯醬爆菇菇飯糰 | E128: 16.7 | F128: 534 | G128: =E128*F128 -> 8917.8 | H128: 2 | I128: 3 | J128: 3600 | K128: =J128/I128 -> 1200 | L128: 3 | M128: =F128/V128*60 -> 3190.6054 | N128: =M128/L128 -> 1063.5351 | O128: =L128-I128 -> 0 | P128: =N128-K128 -> -136.46488 | Q128: =N128/K128 -> 0.88627927 | S128: 0.82638889 | T128: 0.83335648 | U128: 14.516667 | V128: 10.041982 | AA128: =M128-J128 -> -409.39464 | AB128: =M128/J128 -> 0.88627927
B129: 18℃-飯糰 | C129: 二配明太子龍蝦風味沙拉飯糰 | E129: 18.18 | F129: 1046 | G129: =E129*F129 -> 19016.28 | H129: 2 | I129: 3 | J129: 3600 | K129: =J129/I129 -> 1200 | L129: 3 | M129: =F129/V129*60 -> 3193.3378 | N129: =M129/L129 -> 1064.4459 | O129: =L129-I129 -> 0 | P129: =N129-K129 -> -135.55407 | Q129: =N129/K129 -> 0.88703828 | S129: 0.84375 | T129: 0.85739583 | U129: 14.966667 | V129: 19.653417 | AA129: =M129-J129 -> -406.6622 | AB129: =M129/J129 -> 0.88703828
B130: 18℃-飯糰 | C130: 二配雞肉飯飯糰 | E130: 16.66 | F130: 2212 | G130: =E130*F130 -> 36851.92 | I130: 5 | J130: 3600 | K130: =J130/I130 -> 720 | L130: 5 | M130: =F130/V130*60 -> 3192.0679 | N130: =M130/L130 -> 638.41358 | O130: =L130-I130 -> 0 | P130: =N130-K130 -> -81.586421 | Q130: =N130/K130 -> 0.88668553 | S130: 0.86736111 | T130: 0.89622685 | U130: 15 | V130: 41.578063 | AA130: =M130-J130 -> -407.9321 | AB130: =M130/J130 -> 0.88668553
B131: 18℃-飯糰 | C131: 二配贅沢鮭魚肚飯糰 | E131: 30 | F131: 2012 | G131: =E131*F131 -> 60360 | I131: 4 | J131: 3600 | K131: =J131/I131 -> 900 | L131: 4 | M131: =F131/V131*60 -> 3193.56 | N131: =M131/L131 -> 798.39 | O131: =L131-I131 -> 0 | P131: =N131-K131 -> -101.61 | Q131: =N131/K131 -> 0.8871 | S131: 0.90625 | T131: 0.9325 | U131: 15 | V131: 37.801075 | AA131: =M131-J131 -> -406.44 | AB131: =M131/J131 -> 0.8871
B132: 18℃-飯糰 | C132: 二配北海道秋鮭親子飯糰 | E132: 24.82 | F132: 1906 | G132: =E132*F132 -> 47306.92 | I132: 5 | J132: 3600 | K132: =J132/I132 -> 720 | L132: 5 | M132: =F132/V132*60 -> 3189.9683 | N132: =M132/L132 -> 637.99366 | O132: =L132-I132 -> 0 | P132: =N132-K132 -> -82.006342 | Q132: =N132/K132 -> 0.8861023 | S132: 0.94236111 | T132: 0.96724537 | U132: 15 | V132: 35.849886 | AA132: =M132-J132 -> -410.03171 | AB132: =M132/J132 -> 0.8861023
B133: 18℃-飯糰 | C133: 二配蔬食鮪魚飯糰 | E133: 18.18 | F133: 883 | G133: =E133*F133 -> 16052.94 | I133: 3 | J133: 3600 | K133: =J133/I133 -> 1200 | L133: 3 | M133: =F133/V133*60 -> 3194.1561 | N133: =M133/L133 -> 1064.7187 | O133: =L133-I133 -> 0 | P133: =N133-K133 -> -135.28131 | Q133: =N133/K133 -> 0.88726557 | S133: 0.97708333 | T133: 0.98859954 | U133: 15 | V133: 16.586541 | AA133: =M133-J133 -> -405.84394 | AB133: =M133/J133 -> 0.88726557
B134: 18℃-飯糰 | C134: 二配三杯醬爆菇菇飯糰 | E134: 16.7 | F134: 1170 | G134: =E134*F134 -> 19539 | I134: 3 | J134: 3600 | K134: =J134/I134 -> 1200 | L134: 3 | M134: =F134/V134*60 -> 3190.6054 | N134: =M134/L134 -> 1063.5351 | O134: =L134-I134 -> 0 | P134: =N134-K134 -> -136.46488 | Q134: =N134/K134 -> 0.88627927 | S134: 0.99861111 | T134: 1.0138889 | U134: 15 | V134: 22.002094 | AA134: =M134-J134 -> -409.39464 | AB134: =M134/J134 -> 0.88627927
B135: 18℃-飯糰 | C135: 二配明太子龍蝦風味沙拉飯糰 | E135: 18.18 | F135: 2730 | G135: =E135*F135 -> 49631.4 | I135: 3 | J135: 3600 | K135: =J135/I135 -> 1200 | L135: 3 | M135: =F135/V135*60 -> 3193.3378 | N135: =M135/L135 -> 1064.4459 | O135: =L135-I135 -> 0 | P135: =N135-K135 -> -135.55407 | Q135: =N135/K135 -> 0.88703828 | S135: 1.0243056 | T135: 1.059919 | U135: 15 | V135: 51.294292 | AA135: =M135-J135 -> -406.6622 | AB135: =M135/J135 -> 0.88703828
B136: 18℃-飯糰 | C136: 二配熟成紅鮭飯糰 | E136: 25.03 | F136: 1308 | G136: =E136*F136 -> 32739.24 | I136: 5 | J136: 3600 | K136: =J136/I136 -> 720 | L136: 5 | M136: =F136/V136*60 -> 3201.2903 | N136: =M136/L136 -> 640.25807 | O136: =L136-I136 -> 0 | P136: =N136-K136 -> -79.741935 | Q136: =N136/K136 -> 0.88924731 | S136: 1.0701389 | T136: 1.0871528 | U136: 14.716667 | V136: 24.515115 | AA136: =M136-J136 -> -398.70967 | AB136: =M136/J136 -> 0.88924731
B137: 18℃-飯糰 | C137: 二配雞肉飯飯糰 | E137: 16.66 | F137: 6477 | G137: =E137*F137 -> 107906.82 | I137: 5 | J137: 3600 | K137: =J137/I137 -> 720 | L137: 5 | M137: =F137/V137*60 -> 3192.0679 | N137: =M137/L137 -> 638.41358 | O137: =L137-I137 -> 0 | P137: =N137-K137 -> -81.586421 | Q137: =N137/K137 -> 0.88668553 | S137: 1.0972222 | T137: 1.1817593 | U137: 14.5 | V137: 121.74553 | AA137: =M137-J137 -> -407.9321 | AB137: =M137/J137 -> 0.88668553
B140: 平均 | I140: =AVERAGE(I124:I139) -> 4 | J140: =AVERAGE(J124:J139) -> 3600 | K140: =J140/I140 -> 900 | L140: =AVERAGE(L124:L139) -> 4 | M140: =AVERAGE(M124:M139) -> 3192.9106 | N140: =M140/L140 -> 798.22766 | O140: =L140-I140 -> 0 | P140: =N140-K140 -> -101.77234 | Q140: =N140/K140 -> 0.88691962 | S140: 0.75763889 | T140: 1.1817593 | AA140: =M140-J140 -> -407.08936 | AB140: =M140/J140 -> 0.88691962
Y142: 原因回覆
Y143: 1.當日出勤人數較多
Y144: 2.當日出勤人數較少
Y145: 3.當日出勤熟手較多
Y146: 4.當日出勤新人較多
Y147: 5.機台夾盒
Y148: 6.封膜不順
Y149: 7.更換膠膜
Y150: 8.更換碳帶
Y151: 9.當日熱轉印碳帶異常
Y152: 10.訂單量過少
Y153: 11.新品上市，尚未熟悉
Y154: 12.活動期間品項需貼標

Sheet 0630(4度C)
A1: 大溪廠日報分析 | C1: 總生產量 | D1: =SUM(F5:F157) -> 106614 | E1: 營業額 | F1: =SUM(G5:G157) -> 4882668.8 | G1: 出勤人數 | H1: =L21+L38+L55+L72+L89+L106+L123+L140+L157 -> 155.57738 | I1: 產線配置圖 | L1: 生產實績 | O1: 人時性差異分析 | S1: 日報登錄 | Y1: 合計次數 | Z1: 合計(時間/分) | AA1: 產線異常 分析說明(5分鐘以上) | AC1: 合計次數 | AD1: 合計(時間/分) | AE1: 產能差異分析
A2: 46203 | C2: 人時性 | D2: =AVERAGE(N21,N38,N55,N72,N89,N106,N123,N140,N157) -> 178.20773 | E2: 平均廠價 | F2: =F1/D1 -> 45.797633 | G2: 多次生產數 | H2: =COUNT(H5:H157) -> 3 | Y2: =SUM(Y21,Y38,Y55,Y72,Y89,Y106,Y123,Y140,Y157) -> 0 | Z2: =SUM(Z21,Z38,Z55,Z72,Z89,Z106,Z123,Z140,Z157) -> 0 | AC2: =SUM(AC21,AC38,AC55,AC72,AC89,AC106,AC123,AC140,AC157) -> 0 | AD2: =SUM(AD21,AD38,AD55,AD72,AD89,AD106,AD123,AD140,AD157) -> 0
A3: 線別 | B3: 品類 | C3: 品名 | E3: 廠價 | F3: 生產量 | G3: 營收 | H3: 多次 生產 | I3: 人數 | J3: 產能/時 | K3: 人時性 | L3: 人數 | M3: 產能/時 | N3: 人時性 | O3: 人數 | P3: 人時性 | Q3: 達成率 | R3: 達成率 平均 | S3: 生產時間 | U3: 換線、休息/分 | V3: 稼動時間/分 | W3: 休息時間 | Y3: 產線異常統計(5分鐘以上) | AA3: (屏榮回填) | AC3: 短暫停線統計(5分鐘以下) | AE3: 產能/時 | AF3: 達成率 | AG3: 達成率平均
S4: 開始 | T4: 結束 | W4: 開始 | X4: 結束 | Y4: 次數 | Z4: 時間/分 | AC4: 總次數 | AD4: 設備因素(次數)
A5: 便當二線 | B5: 微波小吃 | C5: 日式茶碗蒸 | E5: 19.7 | F5: 1836 | G5: =E5*F5 -> 36169.2 | H5: 2 | I5: 13 | J5: 1200 | K5: =J5/I5 -> 92.307692 | L5: 13 | M5: =F5/V5*60 -> 1083.1705 | N5: =M5/L5 -> 83.320807 | O5: =L5-I5 -> 0 | P5: =N5-K5 -> -8.9868854 | Q5: =N5/K5 -> 0.90264207 | R5: =Q21 -> 0.89758346 | S5: 0.16666667 | T5: 0.23729167 | V5: 101.70144 | AE5: =M5-J5 -> -116.82951 | AF5: =M5/J5 -> 0.90264207 | AG5: =AF21 -> 0.89758346
B6: 微波主食 | C6: 糖燻野郎三十天熟成牛飯 | E6: 56.43 | F6: 4744 | G6: =E6*F6 -> 267703.92 | I6: 24 | J6: 2000 | K6: =J6/I6 -> 83.333333 | L6: 24 | M6: =F6/V6*60 -> 1791.9403 | N6: =M6/L6 -> 74.664179 | O6: =L6-I6 -> 0 | P6: =N6-K6 -> -8.6691541 | Q6: =N6/K6 -> 0.89597015 | S6: 0.24097222 | T6: 0.35127315 | U6: 5.3 | V6: 158.84458 | AE6: =M6-J6 -> -208.0597 | AF6: =M6/J6 -> 0.89597015
B7: 便當 | C7: 香檸奶油魚排蔬滿盒 | E7: 77.35 | F7: 1039 | G7: =E7*F7 -> 80366.65 | I7: 25 | J7: 2000 | K7: =J7/I7 -> 80 | L7: 25 | M7: =F7/V7*60 -> 1787.8324 | N7: =M7/L7 -> 71.513295 | O7: =L7-I7 -> 0 | P7: =N7-K7 -> -8.4867053 | Q7: =N7/K7 -> 0.89391618 | S7: 0.35416667 | T7: 0.37837963 | U7: 5 | V7: 34.869041 | AE7: =M7-J7 -> -212.16763 | AF7: =M7/J7 -> 0.89391618
B8: 便當 | C8: 美式雞丁餐盒 | E8: 59.34 | F8: 1396 | G8: =E8*F8 -> 82838.64 | I8: 23 | J8: 2000 | K8: =J8/I8 -> 86.956522 | L8: 23 | M8: =F8/V8*60 -> 1791.0904 | N8: =M8/L8 -> 77.873495 | O8: =L8-I8 -> 0 | P8: =N8-K8 -> -9.0830267 | Q8: =N8/K8 -> 0.89554519 | S8: 0.38194444 | T8: 0.41440972 | U8: 5.1333333 | V8: 46.764809 | AE8: =M8-J8 -> -208.90961 | AF8: =M8/J8 -> 0.89554519
B9: 便當 | C9: 嫩烤香料雞胸排蔬滿盒 | E9: 77.34 | F9: 2363 | G9: =E9*F9 -> 182754.42 | I9: 23 | J9: 2000 | K9: =J9/I9 -> 86.956522 | L9: 23 | M9: =F9/V9*60 -> 1796.8192 | N9: =M9/L9 -> 78.122575 | O9: =L9-I9 -> 0 | P9: =N9-K9 -> -8.8339465 | Q9: =N9/K9 -> 0.89840961 | S9: 0.41736111 | T9: 0.47215278 | U9: 5 | V9: 78.906101 | W9: 0.47215278 | X9: 0.51111111 | AE9: =M9-J9 -> -203.18077 | AF9: =M9/J9 -> 0.89840961
B10: 便當 | C10: 健身G肉餐盒 | E10: 59.52 | F10: 5355 | G10: =E10*F10 -> 318729.6 | I10: 24 | J10: 2000 | K10: =J10/I10 -> 83.333333 | L10: 24 | M10: =F10/V10*60 -> 1796.0117 | N10: =M10/L10 -> 74.83382 | O10: =L10-I10 -> 0 | P10: =N10-K10 -> -8.4995136 | Q10: =N10/K10 -> 0.89800584 | S10: 0.51111111 | T10: 0.63533565 | U10: 56.1 | V10: 178.89639 | AE10: =M10-J10 -> -203.98833 | AF10: =M10/J10 -> 0.89800584
B11: 微波小吃 | C11: 日式茶碗蒸 | E11: 19.7 | F11: 2040 | G11: =E11*F11 -> 40188 | I11: 13 | J11: 1200 | K11: =J11/I11 -> 92.307692 | L11: 13 | M11: =F11/V11*60 -> 1083.1705 | N11: =M11/L11 -> 83.320807 | O11: =L11-I11 -> 0 | P11: =N11-K11 -> -8.9868854 | Q11: =N11/K11 -> 0.90264207 | S11: 0.63819444 | T11: 0.71666667 | U11: 5 | V11: 113.0016 | AE11: =M11-J11 -> -116.82951 | AF11: =M11/J11 -> 0.90264207
B21: 平均 | I21: =AVERAGE(I5:I20) -> 20.714286 | J21: =AVERAGE(J5:J20) -> 1771.4286 | K21: =J21/I21 -> 85.517241 | L21: =AVERAGE(L5:L20) -> 20.714286 | M21: =AVERAGE(M5:M20) -> 1590.005 | N21: =M21/L21 -> 76.758862 | O21: =L21-I21 -> 0 | P21: =N21-K21 -> -8.7583797 | Q21: =N21/K21 -> 0.89758346 | S21: 0.16666667 | T21: 0.71666667 | Y21: =SUM(Y5:Y20) -> 0 | Z21: =SUM(Z5:Z20) -> 0 | AC21: =SUM(AC5:AC20) -> 0 | AD21: =SUM(AD5:AD20) -> 0 | AE21: =M21-J21 -> -181.42358 | AF21: =M21/J21 -> 0.89758346
A22: 涼麵一線 | B22: 4℃-壽司手卷 | C22: 海陸雙拼壽司 | E22: 36.45 | F22: 2843 | G22: =E22*F22 -> 103627.35 | I22: 20 | J22: 2100 | K22: =J22/I22 -> 105 | L22: 20 | M22: =F22/V22*60 -> 1898.5283 | N22: =M22/L22 -> 94.926417 | O22: =L22-I22 -> 0 | P22: =N22-K22 -> -10.073583 | Q22: =N22/K22 -> 0.90406112 | R22: =Q38 -> 0.89043163 | S22: 0.16666667 | T22: 0.22905093 | V22: 89.84854 | AE22: =M22-J22 -> -201.47166 | AF22: =M22/J22 -> 0.90406112 | AG22: =AF38 -> 0.89738813
B23: 微波小吃 | C23: 馬鈴薯玉米濃湯 | E23: 31.72 | F23: 1876 | G23: =E23*F23 -> 59506.72 | I23: 22 | J23: 2000 | K23: =J23/I23 -> 90.909091 | L23: 22 | M23: =F23/V23*60 -> 1800.2072 | N23: =M23/L23 -> 81.827601 | O23: =L23-I23 -> 0 | P23: =N23-K23 -> -9.08149 | Q23: =N23/K23 -> 0.90010361 | S23: 0.23263889 | T23: 0.27605324 | U23: 5.1666667 | V23: 62.526135 | AE23: =M23-J23 -> -199.79278 | AF23: =M23/J23 -> 0.90010361
B24: 微波小吃 | C24: 三合一味噌湯 | E24: 34.79 | F24: 1985 | G24: =E24*F24 -> 69058.15 | I24: 11 | J24: 2000 | K24: =J24/I24 -> 181.81818 | L24: 11 | M24: =F24/V24*60 -> 1805.0362 | N24: =M24/L24 -> 164.0942 | O24: =L24-I24 -> 0 | P24: =N24-K24 -> -17.723978 | Q24: =N24/K24 -> 0.90251812 | S24: 0.27916667 | T24: 0.32497685 | U24: 5 | V24: 65.982055 | AE24: =M24-J24 -> -194.96376 | AF24: =M24/J24 -> 0.90251812
B25: 微波小吃 | C25: 蒸蛋湯 | E25: 33.2 | F25: 3274 | G25: =E25*F25 -> 108696.8 | I25: 11 | J25: 2000 | K25: =J25/I25 -> 181.81818 | L25: 11 | M25: =F25/V25*60 -> 1805.6739 | N25: =M25/L25 -> 164.15218 | O25: =L25-I25 -> 0 | P25: =N25-K25 -> -17.666006 | Q25: =N25/K25 -> 0.90283697 | S25: 0.32847222 | T25: 0.4040162 | U25: 5.0333333 | V25: 108.79041 | AE25: =M25-J25 -> -194.32607 | AF25: =M25/J25 -> 0.90283697
B26: 微波小吃 | C26: 越式牛肉寬粉 | E26: 51.44 | F26: 2913 | G26: =E26*F26 -> 149844.72 | I26: 19 | J26: 2000 | K26: =J26/I26 -> 105.26316 | L26: 19 | M26: =F26/V26*60 -> 1785.9152 | N26: =M26/L26 -> 93.995539 | O26: =L26-I26 -> 0 | P26: =N26-K26 -> -11.267619 | Q26: =N26/K26 -> 0.89295762 | S26: 0.40694444 | T26: 0.47489583 | U26: 5 | V26: 97.865786 | W26: 0.47489583 | X26: 0.51319444 | AE26: =M26-J26 -> -214.08475 | AF26: =M26/J26 -> 0.89295762
B27: 4℃-飯糰 | C27: 麻油雞飯糰 | E27: 29.97 | F27: 2567 | G27: =E27*F27 -> 76932.99 | I27: 21 | J27: 2790 | K27: =J27/I27 -> 132.85714 | L27: 22 | M27: =F27/V27*60 -> 2626.6346 | N27: =M27/L27 -> 119.39248 | O27: =L27-I27 -> 1 | P27: =N27-K27 -> -13.46466 | Q27: =N27/K27 -> 0.89865309 | S27: 0.51319444 | T27: 0.55391204 | U27: 55.15 | V27: 58.637771 | AE27: =M27-J27 -> -163.36538 | AF27: =M27/J27 -> 0.9414461
B28: 便當 | C28: 地中海布格麥烤魚餐盒 | E28: 63.92 | F28: 3965 | G28: =E28*F28 -> 253442.8 | I28: 24 | J28: 2000 | K28: =J28/I28 -> 83.333333 | L28: 24 | M28: =F28/V28*60 -> 1640.1137 | N28: =M28/L28 -> 68.33807 | O28: =L28-I28 -> 0 | P28: =N28-K28 -> -14.995263 | Q28: =N28/K28 -> 0.82005684 | S28: 0.55763889 | T28: 0.65836806 | U28: 5.3666667 | V28: 145.05092 | AE28: =M28-J28 -> -359.88631 | AF28: =M28/J28 -> 0.82005684
B38: 平均 | I38: =AVERAGE(I22:I37) -> 18.285714 | J38: =AVERAGE(J22:J37) -> 2127.1429 | K38: =J38/I38 -> 116.32813 | L38: =AVERAGE(L22:L37) -> 18.428571 | M38: =AVERAGE(M22:M37) -> 1908.8728 | N38: =M38/L38 -> 103.58224 | O38: =L38-I38 -> 0.14285714 | P38: =N38-K38 -> -12.745882 | Q38: =N38/K38 -> 0.89043163 | S38: 0.16666667 | T38: 0.65836806 | Y38: =SUM(Y22:Y37) -> 0 | Z38: =SUM(Z22:Z37) -> 0 | AC38: =SUM(AC22:AC37) -> 0 | AD38: =SUM(AD22:AD37) -> 0 | AE38: =M38-J38 -> -218.2701 | AF38: =M38/J38 -> 0.89738813
A39: 涼麵二線 | B39: 便當 | C39: 香腸腿排雙拼便當 | E39: 53.76 | F39: 2996 | G39: =E39*F39 -> 161064.96 | I39: 20 | J39: 2000 | K39: =J39/I39 -> 100 | L39: 20 | M39: =F39/V39*60 -> 1788.1673 | N39: =M39/L39 -> 89.408363 | O39: =L39-I39 -> 0 | P39: =N39-K39 -> -10.591637 | Q39: =N39/K39 -> 0.89408363 | R39: =Q55 -> 0.8833612 | S39: 0.16666667 | T39: 0.23646991 | V39: 100.52751 | AE39: =M39-J39 -> -211.83275 | AF39: =M39/J39 -> 0.89408363 | AG39: =AF55 -> 0.8833612
B40: 便當 | C40: 蔬活腿排補力餐盒 | E40: 71.55 | F40: 2366 | G40: =E40*F40 -> 169287.3 | I40: 22 | J40: 2000 | K40: =J40/I40 -> 90.909091 | L40: 22 | M40: =F40/V40*60 -> 1786.7377 | N40: =M40/L40 -> 81.215351 | O40: =L40-I40 -> 0 | P40: =N40-K40 -> -9.69374 | Q40: =N40/K40 -> 0.89336886 | S40: 0.23958333 | T40: 0.29475694 | U40: 5 | V40: 79.452064 | AE40: =M40-J40 -> -213.26228 | AF40: =M40/J40 -> 0.89336886
B41: 便當 | C41: 地中海布格麥烤魚餐盒 | E41: 63.92 | F41: 1525 | G41: =E41*F41 -> 97478 | H41: 2 | I41: 24 | J41: 2000 | K41: =J41/I41 -> 83.333333 | L41: 24 | M41: =F41/V41*60 -> 1630 | N41: =M41/L41 -> 67.916667 | O41: =L41-I41 -> 0 | P41: =N41-K41 -> -15.416667 | Q41: =N41/K41 -> 0.815 | S41: 0.29861111 | T41: 0.33759259 | U41: 5.55 | V41: 56.134969 | AE41: =M41-J41 -> -370 | AF41: =M41/J41 -> 0.815
B42: 便當 | C42: 烤蛋白餐盒 | E42: 58.67 | F42: 1174 | G42: =E42*F42 -> 68878.58 | H42: 2 | I42: 23 | J42: 2000 | K42: =J42/I42 -> 86.956522 | L42: 23 | M42: =F42/V42*60 -> 1787.1744 | N42: =M42/L42 -> 77.703233 | O42: =L42-I42 -> 0 | P42: =N42-K42 -> -9.2532891 | Q42: =N42/K42 -> 0.89358718 | S42: 0.34097222 | T42: 0.36833333 | U42: 4.8666667 | V42: 39.414174 | AE42: =M42-J42 -> -212.82565 | AF42: =M42/J42 -> 0.89358718
B43: 便當 | C43: 海陸雙拼肉肉餐盒 | E43: 59.54 | F43: 2978 | G43: =E43*F43 -> 177310.12 | I43: 23 | J43: 2000 | K43: =J43/I43 -> 86.956522 | L43: 23 | M43: =F43/V43*60 -> 1794.6576 | N43: =M43/L43 -> 78.028591 | O43: =L43-I43 -> 0 | P43: =N43-K43 -> -8.9279303 | Q43: =N43/K43 -> 0.8973288 | S43: 0.37152778 | T43: 0.44065972 | U43: 4.6 | V43: 99.562167 | W43: 0.44065972 | X43: 0.47916667 | AE43: =M43-J43 -> -205.3424 | AF43: =M43/J43 -> 0.8973288
B44: 便當 | C44: 懷舊滷雙拼便當 | E44: 61.09 | F44: 3279 | G44: =E44*F44 -> 200314.11 | I44: 20 | J44: 2000 | K44: =J44/I44 -> 100 | L44: 20 | M44: =F44/V44*60 -> 1793.1456 | N44: =M44/L44 -> 89.657279 | O44: =L44-I44 -> 0 | P44: =N44-K44 -> -10.342721 | Q44: =N44/K44 -> 0.89657279 | S44: 0.47916667 | T44: 0.5553588 | U44: 55.45 | V44: 109.71781 | AE44: =M44-J44 -> -206.85441 | AF44: =M44/J44 -> 0.89657279
B45: 便當 | C45: 烤蛋白餐盒 | E45: 58.67 | F45: 2927 | G45: =E45*F45 -> 171727.09 | I45: 23 | J45: 2000 | K45: =J45/I45 -> 86.956522 | L45: 23 | M45: =F45/V45*60 -> 1787.1744 | N45: =M45/L45 -> 77.703233 | O45: =L45-I45 -> 0 | P45: =N45-K45 -> -9.2532891 | Q45: =N45/K45 -> 0.89358718 | S45: 0.55902778 | T45: 0.62726852 | U45: 5.2833333 | V45: 98.266853 | AE45: =M45-J45 -> -212.82565 | AF45: =M45/J45 -> 0.89358718
B55: 平均 | I55: =AVERAGE(I39:I54) -> 22.142857 | J55: =AVERAGE(J39:J54) -> 2000 | K55: =J55/I55 -> 90.322581 | L55: =AVERAGE(L39:L54) -> 22.142857 | M55: =AVERAGE(M39:M54) -> 1766.7224 | N55: =M55/L55 -> 79.787464 | O55: =L55-I55 -> 0 | P55: =N55-K55 -> -10.535117 | Q55: =N55/K55 -> 0.8833612 | S55: 0.16666667 | T55: 0.62726852 | Y55: =SUM(Y39:Y54) -> 0 | Z55: =SUM(Z39:Z54) -> 0 | AC55: =SUM(AC39:AC54) -> 0 | AD55: =SUM(AD39:AD54) -> 0 | AE55: =M55-J55 -> -233.27759 | AF55: =M55/J55 -> 0.8833612
A56: 涼麵三線 | B56: 季節調理麵 | C56: 和風涓絲冷麵 | E56: 28.86 | F56: 2595 | G56: =E56*F56 -> 74891.7 | I56: 19 | J56: 3600 | K56: =J56/I56 -> 189.47368 | L56: 19 | M56: =F56/V56*60 -> 3191.1179 | N56: =M56/L56 -> 167.95358 | O56: =L56-I56 -> 0 | P56: =N56-K56 -> -21.520108 | Q56: =N56/K56 -> 0.88642165 | R56: =Q72 -> 0.89551044 | S56: 0.16666667 | T56: 0.20054398 | V56: 48.791678 | AE56: =M56-J56 -> -408.88206 | AF56: =M56/J56 -> 0.88642165 | AG56: =AF72 -> 0.89551044
B57: 季節調理麵 | C57: 台式麻醬涼麵 | E57: 31.11 | F57: 3506 | G57: =E57*F57 -> 109071.66 | I57: 19 | J57: 3600 | K57: =J57/I57 -> 189.47368 | L57: 19 | M57: =F57/V57*60 -> 3186.7559 | N57: =M57/L57 -> 167.72399 | O57: =L57-I57 -> 0 | P57: =N57-K57 -> -21.749691 | Q57: =N57/K57 -> 0.88520996 | S57: 0.20347222 | T57: 0.24930556 | U57: 5 | V57: 66.010705 | AE57: =M57-J57 -> -413.24413 | AF57: =M57/J57 -> 0.88520996
B58: 季節調理麵 | C58: 鰹魚烏龍冷麵 | E58: 38.99 | F58: 1509 | G58: =E58*F58 -> 58835.91 | I58: 19 | J58: 3600 | K58: =J58/I58 -> 189.47368 | L58: 19 | M58: =F58/V58*60 -> 3186.8034 | N58: =M58/L58 -> 167.7265 | O58: =L58-I58 -> 0 | P58: =N58-K58 -> -21.747188 | Q58: =N58/K58 -> 0.88522318 | S58: 0.25347222 | T58: 0.27319444 | U58: 6 | V58: 28.410915 | AE58: =M58-J58 -> -413.19656 | AF58: =M58/J58 -> 0.88522318
B59: 季節調理麵 | C59: 嘉義崇文白醋涼麵 | E59: 35.89 | F59: 5125 | G59: =E59*F59 -> 183936.25 | I59: 19 | J59: 3600 | K59: =J59/I59 -> 189.47368 | L59: 19 | M59: =F59/V59*60 -> 3184.8062 | N59: =M59/L59 -> 167.62138 | O59: =L59-I59 -> 0 | P59: =N59-K59 -> -21.852304 | Q59: =N59/K59 -> 0.8846684 | S59: 0.27638889 | T59: 0.3434375 | U59: 4.6 | V59: 96.552185 | AE59: =M59-J59 -> -415.19378 | AF59: =M59/J59 -> 0.8846684
B60: 季節調理麵 | C60: 招牌雞絲胡麻涼麵 | E60: 43.96 | F60: 2007 | G60: =E60*F60 -> 88227.72 | I60: 24 | J60: 3600 | K60: =J60/I60 -> 150 | L60: 24 | M60: =F60/V60*60 -> 3261.3448 | N60: =M60/L60 -> 135.88937 | O60: =L60-I60 -> 0 | P60: =N60-K60 -> -14.110633 | Q60: =N60/K60 -> 0.90592911 | S60: 0.34722222 | T60: 0.3728588 | U60: 5.45 | V60: 36.923419 | AE60: =M60-J60 -> -338.65519 | AF60: =M60/J60 -> 0.90592911
B61: 季節調理麵 | C61: 日式胡麻雞絲冷麵 | E61: 46.93 | F61: 1744 | G61: =E61*F61 -> 81845.92 | I61: 24 | J61: 3600 | K61: =J61/I61 -> 150 | L61: 24 | M61: =F61/V61*60 -> 3258.7809 | N61: =M61/L61 -> 135.78254 | O61: =L61-I61 -> 0 | P61: =N61-K61 -> -14.217463 | Q61: =N61/K61 -> 0.90521692 | S61: 0.37638889 | T61: 0.39868056 | U61: 5.0833333 | V61: 32.110167 | AE61: =M61-J61 -> -341.21911 | AF61: =M61/J61 -> 0.90521692
B62: 季節調理麵 | C62: 大滿足香辣涼麵 | E62: 38.48 | F62: 5268 | G62: =E62*F62 -> 202712.64 | I62: 20 | J62: 3600 | K62: =J62/I62 -> 180 | L62: 20 | M62: =F62/V62*60 -> 3263.0765 | N62: =M62/L62 -> 163.15383 | O62: =L62-I62 -> 0 | P62: =N62-K62 -> -16.846174 | Q62: =N62/K62 -> 0.90641015 | S62: 0.40277778 | T62: 0.47003472 | U62: 5.9 | V62: 96.865641 | W62: 0.47003472 | X62: 0.50833333 | AE62: =M62-J62 -> -336.92348 | AF62: =M62/J62 -> 0.90641015
B63: 季節調理麵 | C63: 大滿足麻醬涼麵 | E63: 37.8 | F63: 6624 | G63: =E63*F63 -> 250387.2 | I63: 21 | J63: 3600 | K63: =J63/I63 -> 171.42857 | L63: 21 | M63: =F63/V63*60 -> 3258.0149 | N63: =M63/L63 -> 155.14357 | O63: =L63-I63 -> 0 | P63: =N63-K63 -> -16.285003 | Q63: =N63/K63 -> 0.90500415 | S63: 0.50833333 | T63: 0.59304398 | U63: 55.15 | V63: 121.98839 | AE63: =M63-J63 -> -341.98506 | AF63: =M63/J63 -> 0.90500415
B72: 平均 | I72: =AVERAGE(I56:I71) -> 20.625 | J72: =AVERAGE(J56:J71) -> 3600 | K72: =J72/I72 -> 174.54545 | L72: =AVERAGE(L56:L71) -> 20.625 | M72: =AVERAGE(M56:M71) -> 3223.8376 | N72: =M72/L72 -> 156.30728 | O72: =L72-I72 -> 0 | P72: =N72-K72 -> -18.238178 | Q72: =N72/K72 -> 0.89551044 | S72: 0.16666667 | T72: 0.59304398 | Y72: =SUM(Y56:Y71) -> 0 | Z72: =SUM(Z56:Z71) -> 0 | AC72: =SUM(AC56:AC71) -> 0 | AD72: =SUM(AD56:AD71) -> 0 | AE72: =M72-J72 -> -376.16242 | AF72: =M72/J72 -> 0.89551044
A73: 自動包裝機 | B73: 4℃-壽司手卷 | C73: 韓式辣炒豬肉飯卷 | E73: 27.05 | F73: 1267 | G73: =E73*F73 -> 34272.35 | I73: 5 | J73: 3273 | K73: =J73/I73 -> 654.6 | L73: 6 | M73: =F73/V73*60 -> 2961.6419 | N73: =M73/L73 -> 493.60698 | O73: =L73-I73 -> 1 | P73: =N73-K73 -> -160.99302 | Q73: =N73/K73 -> 0.75405894 | R73: =Q89 -> 0.82334947 | S73: 0.39930556 | T73: 0.41712963 | U73: 5 | V73: 25.668195 | AE73: =M73-J73 -> -311.35812 | AF73: =M73/J73 -> 0.90487072 | AG73: =AF89 -> 0.90568442
B74: 4℃-壽司手卷 | C74: 厚香料優格咖哩烤雞飯卷 | E74: 27.05 | F74: 2132 | G74: =E74*F74 -> 57670.6 | I74: 5 | J74: 3273 | K74: =J74/I74 -> 654.6 | L74: 5 | M74: =F74/V74*60 -> 2966.9683 | N74: =M74/L74 -> 593.39366 | O74: =L74-I74 -> 0 | P74: =N74-K74 -> -61.206335 | Q74: =N74/K74 -> 0.90649811 | S74: 0.42013889 | T74: 0.45006944 | U74: 5 | V74: 43.114717 | AE74: =M74-J74 -> -306.03168 | AF74: =M74/J74 -> 0.90649811
B89: 平均 | I89: =AVERAGE(I73:I88) -> 5 | J89: =AVERAGE(J73:J88) -> 3273 | K89: =J89/I89 -> 654.6 | L89: =AVERAGE(L73:L88) -> 5.5 | M89: =AVERAGE(M73:M88) -> 2964.3051 | N89: =M89/L89 -> 538.96456 | O89: =L89-I89 -> 0.5 | P89: =N89-K89 -> -115.63544 | Q89: =N89/K89 -> 0.82334947 | S89: 0.25 | T89: 0.45006944 | Y89: =SUM(Y73:Y88) -> 0 | Z89: =SUM(Z73:Z88) -> 0 | AC89: =SUM(AC73:AC88) -> 0 | AD89: =SUM(AD73:AD88) -> 0 | AE89: =M89-J89 -> -308.6949 | AF89: =M89/J89 -> 0.90568442
A90: 自動包裝機2 | B90: 4℃-壽司手卷 | C90: 鮪魚昆布細卷 | E90: 15.51 | F90: 2335 | G90: =E90*F90 -> 36215.85 | I90: 6 | J90: 2600 | K90: =J90/I90 -> 433.33333 | L90: 6 | M90: =F90/V90*60 -> 2353.212 | N90: =M90/L90 -> 392.202 | O90: =L90-I90 -> 0 | P90: =N90-K90 -> -41.131336 | Q90: =N90/K90 -> 0.90508153 | R90: =Q106 -> 0.90442101 | S90: 0.25 | T90: 0.29134259 | V90: 59.535648 | AE90: =M90-J90 -> -246.78802 | AF90: =M90/J90 -> 0.90508153 | AG90: =AF106 -> 0.90442101
B91: 4℃-壽司手卷 | C91: 肉鬆火腿細卷 | E91: 15.01 | F91: 2491 | G91: =E91*F91 -> 37389.91 | I91: 6 | J91: 2600 | K91: =J91/I91 -> 433.33333 | L91: 6 | M91: =F91/V91*60 -> 2349.7772 | N91: =M91/L91 -> 391.62954 | O91: =L91-I91 -> 0 | P91: =N91-K91 -> -41.703792 | Q91: =N91/K91 -> 0.90376048 | S91: 0.29513889 | T91: 0.33930556 | U91: 5.4666667 | V91: 63.606029 | AE91: =M91-J91 -> -250.22275 | AF91: =M91/J91 -> 0.90376048
B106: 平均 | I106: =AVERAGE(I90:I105) -> 6 | J106: =AVERAGE(J90:J105) -> 2600 | K106: =J106/I106 -> 433.33333 | L106: =AVERAGE(L90:L105) -> 6 | M106: =AVERAGE(M90:M105) -> 2351.4946 | N106: =M106/L106 -> 391.91577 | O106: =L106-I106 -> 0 | P106: =N106-K106 -> -41.417564 | Q106: =N106/K106 -> 0.90442101 | S106: 0.25 | T106: 0.33930556 | Y106: =SUM(Y90:Y105) -> 0 | Z106: =SUM(Z90:Z105) -> 0 | AC106: =SUM(AC90:AC105) -> 0 | AD106: =SUM(AD90:AD105) -> 0 | AE106: =M106-J106 -> -248.50538 | AF106: =M106/J106 -> 0.90442101
A107: 便當二線 (二配) | B107: 微波主食 | C107: 二配鐵板豆腐燴蛋蓋飯 | E107: 44.98 | F107: 287 | G107: =E107*F107 -> 12909.26 | I107: 21 | J107: 1800 | K107: =J107/I107 -> 85.714286 | L107: 21 | M107: =F107/V107*60 -> 1607.9855 | N107: =M107/L107 -> 76.57074 | O107: =L107-I107 -> 0 | P107: =N107-K107 -> -9.143546 | Q107: =N107/K107 -> 0.8933253 | R107: =Q123 -> 0.91601664 | S107: 0.73541667 | T107: 0.74284722 | V107: 10.709052 | AE107: =M107-J107 -> -192.01447 | AF107: =M107/J107 -> 0.8933253 | AG107: =AF123 -> 0.89420672
B108: 微波主食 | C108: 二配西班牙風味海鮮燉飯 | E108: 57.3 | F108: 2902 | G108: =E108*F108 -> 166284.6 | I108: 21 | J108: 2000 | K108: =J108/I108 -> 95.238095 | L108: 20 | M108: =F108/V108*60 -> 1790 | N108: =M108/L108 -> 89.5 | O108: =L108-I108 -> -1 | P108: =N108-K108 -> -5.7380952 | Q108: =N108/K108 -> 0.93975 | S108: 0.74652778 | T108: 0.81407407 | U108: 5.3 | V108: 97.273743 | AE108: =M108-J108 -> -210 | AF108: =M108/J108 -> 0.895
B123: 平均 | I123: =AVERAGE(I107:I122) -> 21 | J123: =AVERAGE(J107:J122) -> 1900 | K123: =J123/I123 -> 90.47619 | L123: =AVERAGE(L107:L122) -> 20.5 | M123: =AVERAGE(M107:M122) -> 1698.9928 | N123: =M123/L123 -> 82.877696 | O123: =L123-I123 -> -0.5 | P123: =N123-K123 -> -7.5984945 | Q123: =N123/K123 -> 0.91601664 | S123: 0.73541667 | T123: 0.81407407 | Y123: =SUM(Y107:Y122) -> 0 | Z123: =SUM(Z107:Z122) -> 0 | AC123: =SUM(AC107:AC122) -> 0 | AD123: =SUM(AD107:AD122) -> 0 | AE123: =M123-J123 -> -201.00723 | AF123: =M123/J123 -> 0.89420672
A124: 涼麵一線 (二配) | B124: 微波主食 | C124: 二配黃金雞排蘑菇白醬歐姆蛋飯 | E124: 56.87 | F124: 1483 | G124: =E124*F124 -> 84338.21 | I124: 23 | J124: 2000 | K124: =J124/I124 -> 86.956522 | L124: 23 | M124: =F124/V124*60 -> 1790.5608 | N124: =M124/L124 -> 77.850468 | O124: =L124-I124 -> 0 | P124: =N124-K124 -> -9.1060539 | Q124: =N124/K124 -> 0.89528038 | R124: =Q140 -> 0.89580761 | S124: 0.70833333 | T124: 0.74283565 | V124: 49.693929 | AE124: =M124-J124 -> -209.43924 | AF124: =M124/J124 -> 0.89528038 | AG124: =AF140 -> 0.89580761
B125: 微波主食 | C125: 二配里肌豬排可可咖哩歐姆蛋飯 | E125: 56.79 | F125: 2055 | G125: =E125*F125 -> 116703.45 | I125: 23 | J125: 2000 | K125: =J125/I125 -> 86.956522 | L125: 23 | M125: =F125/V125*60 -> 1790.4717 | N125: =M125/L125 -> 77.846594 | O125: =L125-I125 -> 0 | P125: =N125-K125 -> -9.1099276 | Q125: =N125/K125 -> 0.89523583 | S125: 0.74583333 | T125: 0.79364583 | U125: 5 | V125: 68.864536 | AE125: =M125-J125 -> -209.52833 | AF125: =M125/J125 -> 0.89523583
B126: 微波主食 | C126: 二配哞哞培根奶香海陸焗飯 | E126: 47.6 | F126: 1822 | G126: =E126*F126 -> 86727.2 | I126: 23 | J126: 2000 | K126: =J126/I126 -> 86.956522 | L126: 23 | M126: =F126/V126*60 -> 1793.8133 | N126: =M126/L126 -> 77.991881 | O126: =L126-I126 -> 0 | P126: =N126-K126 -> -8.9646411 | Q126: =N126/K126 -> 0.89690663 | S126: 0.79652778 | T126: 0.83884259 | U126: 5 | V126: 60.942799 | AE126: =M126-J126 -> -206.18674 | AF126: =M126/J126 -> 0.89690663
B140: 平均 | I140: =AVERAGE(I124:I139) -> 23 | J140: =AVERAGE(J124:J139) -> 2000 | K140: =J140/I140 -> 86.956522 | L140: =AVERAGE(L124:L139) -> 23 | M140: =AVERAGE(M124:M139) -> 1791.6152 | N140: =M140/L140 -> 77.896314 | O140: =L140-I140 -> 0 | P140: =N140-K140 -> -9.0602075 | Q140: =N140/K140 -> 0.89580761 | S140: 0.70833333 | T140: 0.83884259 | Y140: =SUM(Y124:Y139) -> 0 | Z140: =SUM(Z124:Z139) -> 0 | AC140: =SUM(AC124:AC139) -> 0 | AD140: =SUM(AD124:AD139) -> 0 | AE140: =M140-J140 -> -208.38477 | AF140: =M140/J140 -> 0.89580761
A141: 涼麵二線 (二配) | B141: 微波主食 | C141: 二配酸酸辣辣椒麻雞飯 | E141: 52.21 | F141: 2493 | G141: =E141*F141 -> 130159.53 | I141: 18 | J141: 2000 | K141: =J141/I141 -> 111.11111 | L141: 18 | M141: =F141/V141*60 -> 1789.3137 | N141: =M141/L141 -> 99.406317 | O141: =L141-I141 -> 0 | P141: =N141-K141 -> -11.704794 | Q141: =N141/K141 -> 0.89465686 | R141: =Q157 -> 0.89394082 | S141: 0.70833333 | T141: 0.76637731 | V141: 83.596297 | AE141: =M141-J141 -> -210.68629 | AF141: =M141/J141 -> 0.89465686 | AG141: =AF157 -> 0.89394082
B142: 微波主食 | C142: 二配香烤魚排青醬燉飯 | E142: 58.17 | F142: 2054 | G142: =E142*F142 -> 119481.18 | I142: 18 | J142: 2000 | K142: =J142/I142 -> 111.11111 | L142: 18 | M142: =F142/V142*60 -> 1787.4 | N142: =M142/L142 -> 99.3 | O142: =L142-I142 -> 0 | P142: =N142-K142 -> -11.811111 | Q142: =N142/K142 -> 0.8937 | S142: 0.77013889 | T142: 0.81800926 | U142: 5.4166667 | V142: 68.949312 | AE142: =M142-J142 -> -212.6 | AF142: =M142/J142 -> 0.8937
B143: 微波主食 | C143: 二配濃起司燻腸紅醬焗烤飯 | E143: 50.67 | F143: 1474 | G143: =E143*F143 -> 74687.58 | I143: 20 | J143: 2000 | K143: =J143/I143 -> 100 | L143: 20 | M143: =F143/V143*60 -> 1786.9312 | N143: =M143/L143 -> 89.34656 | O143: =L143-I143 -> 0 | P143: =N143-K143 -> -10.65344 | Q143: =N143/K143 -> 0.8934656 | S143: 0.82152778 | T143: 0.8558912 | U143: 5.0666667 | V143: 49.492672 | AE143: =M143-J143 -> -213.0688 | AF143: =M143/J143 -> 0.8934656
B157: 平均 | I157: =AVERAGE(I141:I156) -> 18.666667 | J157: =AVERAGE(J141:J156) -> 2000 | K157: =J157/I157 -> 107.14286 | L157: =AVERAGE(L141:L156) -> 18.666667 | M157: =AVERAGE(M141:M156) -> 1787.8816 | N157: =M157/L157 -> 95.779373 | O157: =L157-I157 -> 0 | P157: =N157-K157 -> -11.363484 | Q157: =N157/K157 -> 0.89394082 | S157: 0.70833333 | T157: 0.8558912 | Y157: =SUM(Y141:Y156) -> 0 | Z157: =SUM(Z141:Z156) -> 0 | AC157: =SUM(AC141:AC156) -> 0 | AD157: =SUM(AD141:AD156) -> 0 | AE157: =M157-J157 -> -212.11836 | AF157: =M157/J157 -> 0.89394082
AA159: 原因回覆
AA160: 1.當日出勤人數較多
AA161: 2.當日出勤人數較少
AA162: 3.當日出勤熟手較多
AA163: 4.當日出勤新人較多
AA164: 5.機台夾盒
AA165: 6.封膜不順
AA166: 7.更換膠膜
AA167: 8.更換碳帶
AA168: 9.當日熱轉印碳帶異常
AA169: 10.訂單量過少
AA170: 11.新品上市，尚未熟悉
AA171: 12.活動期間品項需貼標

Sheet 0629
B1: 屏榮 大溪廠組合室生產人時性分析
B3: 日期 | C3: 115.06.29星期一 | E3: 訂單量 | F3: ='0629(18度C)'!D1+'0629(4度C)'!D1 -> 234628 | H3: 營業額 | I3: ='0629(18度C)'!F1+'0629(4度C)'!F1 -> 7280769.8
B4: 人時性 | C4: 項目 | E4: ➀ | G4: ➁ | I4: ➂ | K4: ④ | M4: ⑤ | O4: 異常停線 | Q4: 短暫停線
C5: 組合室 | E5: 全溫層 | G5: 4度C-各編組展開(一配) | I5: 4度C-各編組展開(二配) | K5: 18度C-各編組展開(一配) | M5: 18度C-各編組展開(二配) | O5: 合計次數 | P5: 時間 | Q5: 合計次數 | R5: 設備次數
C6: 排關平均 | E6: =AVERAGE(D14:O14,D32:X32) -> 466.95569 | F6: =AVERAGE(#REF!,D14:K14) -> #REF! | G6: =AVERAGE(D14:K14) -> 260.16997 | I6: =AVERAGE(L14:O14) -> 94.858523 | K6: =AVERAGE(D32:O32) -> 758.22628 | M6: =AVERAGE(P32:X32) -> 764.93655 | O6: ='0629(4度C)'!Y2 -> 0 | P6: ='0629(4度C)'!Z2 -> 0 | Q6: ='0629(4度C)'!AC2 -> 0 | R6: ='0629(4度C)'!AD2 -> 0
C7: 實績平均 | E7: =AVERAGE(D15:O15,D33:X33) -> 413.70392 | F7: =AVERAGE(#REF!,D15:K15) -> #REF! | G7: =AVERAGE(D15:K15) -> 226.07692 | I7: =AVERAGE(L15:O15) -> 85.550767 | K7: =AVERAGE(D33:O33) -> 676.79445 | M7: =AVERAGE(P33:X33) -> 678.16875
C8: 達成率平均 | E8: =AVERAGE(D16:O16,D34:X34) -> 0.8902702 | F8: =AVERAGE(D16:K16,#REF!) -> #REF! | G8: =AVERAGE(D16:K16) -> 0.88791885 | I8: =AVERAGE(L16:O16) -> 0.90226923 | K8: =AVERAGE(D34:O34) -> 0.89066189 | M8: =AVERAGE(P34:X34) -> 0.88440627
O9: ※現行日本鮮食廠以達成率80%為基本(即為現行KPI)
B11: 溫層 | D11: ➁4度C-各編組展開 | L11: ➂4度C-各編組展開
B12: 編組 | D12: 1 | E12: 2 | F12: 3 | G12: 4 | H12: 5 | I12: 6 | J12: 7 | K12: 8 | L12: 1 | M12: 2 | N12: 3 | O12: 4
D13: 便當一線 | E13: 便當二線 | F13: 涼麵一線 | G13: 涼麵二線 | H13: 涼麵三線 | I13: 自動包裝機 | J13: 自動包裝機2 | K13: 自動包裝機3 | L13: 便當一線 | M13: 便當二線 | N13: 涼麵一線 | O13: 涼麵二線
B14: 人時性 | C14: 排關 | D14: - | E14: 91.357143 | F14: 115.51724 | G14: 91.666667 | H14: 174.54545 | I14: 654.6 | J14: 433.33333 | K14: - | L14: - | M14: 90.47619 | N14: 86.956522 | O14: 107.14286
C15: 實績 | D15: - | E15: 82.842186 | F15: 104.11396 | G15: 82.118412 | H15: 156.31382 | I15: 539.179 | J15: 391.8941 | K15: - | L15: - | M15: 82.899647 | N15: 77.933995 | O15: 95.818659
C16: 達成率 | D16: - | E16: =E15/E14 -> 0.90679484 | F16: =F15/F14 -> 0.90128506 | G16: =G15/G14 -> 0.89583722 | H16: =H15/H14 -> 0.89554794 | I16: =I15/I14 -> 0.82367706 | J16: =J15/J14 -> 0.90437101 | K16: - | L16: - | M16: =M15/M14 -> 0.91625926 | N16: =N15/N14 -> 0.89624095 | O16: =O15/O14 -> 0.89430749
B17: 作業 時間 | C17: 開始 | D17: - | E17: 0.16666667 | F17: 0.16666667 | G17: 0.16666667 | H17: 0.16666667 | I17: 0.40138889 | J17: 0.25 | K17: - | L17: - | M17: 0.70833333 | N17: 0.70833333 | O17: 0.70833333
C18: 結束 | D18: - | E18: 0.61135417 | F18: 0.61002315 | G18: 0.67137731 | H18: 0.62148148 | I18: 0.45396991 | J18: 0.35236111 | K18: - | L18: - | M18: 0.80288194 | N18: 0.85136574 | O18: 0.8558912
B19: 產線異常 (5分鐘以上) | C19: 次數
C20: 時間/分
B21: 短暫停線 (5分鐘以下) | C21: 次數
C22: 設備次數
B23: 配置人數 | D23: - | E23: 24 | F23: 16.571429 | G23: 20.571429 | H23: 20.625 | I23: 5.5 | J23: 6 | K23: - | L23: - | M23: 20.5 | N23: 23 | O23: 18.666667
B24: 主要應用設備 | D24: L型封口機 | E24: ET-55 | F24: ET-55 | G24: ET-55 | H24: ET-600 | I24: 伺服包裝機 | J24: 伺服包裝機 | K24: 伺服包裝機 | L24: L型封口機 | M24: ET-55 | N24: ET-55 | O24: ET-55
B25: 次要應用設備 | D25: 伺服包裝機 | H25: 伺服包裝機
B26: 備註 | H26: 涼麵+烤飯糰 | I26: 大口飯糰線 | K26: 烤飯糰+手卷
B29: 溫層 | D29: ➃18度C-各編組展開 (一配) | P29: ⑤18度C-各編組展開 (二配)
B30: 編組 | D30: 1 | E30: 2 | F30: 3 | G30: 4 | H30: 5 | I30: 6 | J30: 7 | K30: 8 | L30: 9 | M30: 10 | N30: 11 | O30: 12 | P30: 1 | Q30: 2 | R30: 3 | S30: 4 | T30: 5 | U30: 6 | V30: 7 | W30: 8 | X30: 9
D31: 便當一線 | E31: 涼麵一線 | F31: 涼麵三線 | G31: 自動包裝機 | H31: 自動包裝機2 | I31: 自動包裝機3 | J31: 味付飯糰線B | K31: (舊) 3300型飯糰線 | L31: 3000型飯糰線 | M31: (新) 3300型飯糰機 | N31: GKK3600型 飯糰機 | O31: GKK3600型 飯糰機2 | P31: 自動包裝機 | Q31: 自動包裝機2 | R31: 自動包裝機3 | S31: 味付飯糰線B | T31: (舊) 3300型飯糰線 | U31: 3000型飯糰線 | V31: (新) 3300型飯糰機 | W31: GKK3600型 飯糰機 | X31: GKK3600型 飯糰機2
B32: 人時性 | C32: 排關 | D32: - | E32: - | F32: - | G32: 327.27273 | H32: - | I32: - | J32: - | K32: - | L32: - | M32: 825 | N32: 954.54545 | O32: 926.08696 | P32: 389.18919 | Q32: - | R32: - | S32: - | T32: - | U32: - | V32: 755.17241 | W32: 1015.3846 | X32: 900
C33: 實績 | D33: - | E33: - | F33: - | G33: 287.42072 | H33: - | I33: - | J33: - | K33: - | L33: - | M33: 747.12869 | N33: 848.55084 | O33: 824.07758 | P33: 340.43988 | Q33: - | R33: - | S33: - | T33: - | U33: - | V33: 665.43867 | W33: 908.67165 | X33: 798.1248
C34: 達成率 | D34: - | E34: - | F34: - | G34: =G33/G32 -> 0.87822996 | H34: - | I34: - | J34: - | K34: - | L34: - | M34: =M33/M32 -> 0.90561053 | N34: =N33/N32 -> 0.88895802 | O34: =O33/O32 -> 0.88984903 | P34: =P33/P32 -> 0.87474136 | Q34: - | R34: - | S34: - | T34: - | U34: - | V34: =V33/V32 -> 0.88117449 | W34: =W33/W32 -> 0.8949039 | X34: =X33/X32 -> 0.88680534
B35: 作業 時間 | C35: 開始 | D35: - | E35: - | F35: - | G35: 0.25 | H35: - | I35: - | J35: - | K35: - | L35: - | M35: 0.37013889 | N35: 0.25 | O35: 0.25 | P35: 0.70833333 | Q35: - | R35: - | S35: - | T35: - | U35: - | V35: 0.70833333 | W35: 0.79861111 | X35: 0.75972222
C36: 結束 | D36: - | E36: - | F36: - | G36: 0.39818287 | H36: - | I36: - | J36: - | K36: - | L36: - | M36: 0.48037037 | N36: 0.5499537 | O36: 0.54914352 | P36: 0.8559838 | Q36: - | R36: - | S36: - | T36: - | U36: - | V36: 1.0225694 | W36: 1.1878704 | X36: 1.1919213
B37: 配置人數 | D37: - | E37: - | F37: - | G37: 11 | H37: - | I37: - | J37: - | K37: - | L37: - | M37: 4 | N37: 3.6666667 | O37: 3.8333333 | P37: 9.25 | Q37: - | R37: - | S37: - | T37: - | U37: - | V37: 4.1428571 | W37: 3.25 | X37: 4
B38: 主要應用設備 | D38: 伺服包裝機 | E38: ET-55 | F38: ET-600 | G38: 夾心型 | H38: 伺服包裝機 | I38: 伺服包裝機 | J38: 夾心型 | K38: 3300型 | L38: 3300型 | M38: 3300型 | N38: GKK | O38: GKK | P38: 夾心型 | Q38: 伺服包裝機 | R38: 伺服包裝機 | S38: 夾心型 | T38: 3300型 | U38: 3300型 | V38: 3300型 | W38: GKK | X38: GKK
B39: 次要應用設備
B40: 備註

Sheet 0629(18度C)
A1: 大溪廠日報分析 | C1: 總生產量 | D1: =SUM(F5:F140) -> 127625 | E1: 營業額 | F1: =SUM(G5:G140) -> 2496786.8 | G1: 出勤人數 | H1: =L21+L38+L55+L72+L89+L106+L123+L140 -> 43.142857 | I1: 產線配置圖 | L1: 生產實績 | O1: 人時性差異分析 | S1: 日報登錄 | Y1: 分析說明 | AA1: 產能差異分析
A2: 46202 | C2: 人時性 | D2: =AVERAGE(N21,N38,N55,N72,N89,N106,N123,N140) -> 677.4816 | E2: 平均廠價 | F2: =F1/D1 -> 19.563461 | G2: 多次生產數 | H2: =COUNT(H5:H140) -> 11
A3: 線別 | B3: 品類 | C3: 品名 | E3: 廠價 | F3: 生產量 | G3: 營收 | H3: 多次 生產 | I3: 人數 | J3: 產能/時 | K3: 人時性 | L3: 人數 | M3: 產能/時 | N3: 人時性 | O3: 人數 | P3: 人時性 | Q3: 達成率 | R3: 達成率 平均 | S3: 生產時間 | U3: 換線、休息/分 | V3: 稼動時間/分 | W3: 休息時間 | Y3: (屏榮回填) | AA3: 產能/時 | AB3: 達成率 | AC3: 達成率平均
S4: 開始 | T4: 結束 | W4: 開始 | X4: 結束
A5: 自動包裝機 | B5: 18℃-壽司手卷 | C5: 一配長野稻荷壽司 | E5: 25.64 | F5: 1860 | G5: =E5*F5 -> 47690.4 | I5: 10 | J5: 3600 | K5: =J5/I5 -> 360 | L5: 10 | M5: =F5/V5*60 -> 3212.2096 | N5: =M5/L5 -> 321.22096 | O5: =L5-I5 -> 0 | P5: =N5-K5 -> -38.779045 | Q5: =N5/K5 -> 0.89228043 | R5: =Q21 -> 0.87822996 | S5: 0.25 | T5: 0.27412037 | V5: 34.742441 | AA5: =M5-J5 -> -387.79045 | AB5: =M5/J5 -> 0.89228043 | AC5: =AB21 -> 0.87822996
B6: 18℃-壽司手卷 | C6: 一配經典人氣雙手卷 | E6: 29.52 | F6: 3120 | G6: =E6*F6 -> 92102.4 | I6: 11 | J6: 3600 | K6: =J6/I6 -> 327.27273 | L6: 11 | M6: =F6/V6*60 -> 3160.2841 | N6: =M6/L6 -> 287.29855 | O6: =L6-I6 -> 0 | P6: =N6-K6 -> -39.974173 | Q6: =N6/K6 -> 0.87785669 | S6: 0.27708333 | T6: 0.31821759 | U6: 5 | V6: 59.235181 | AA6: =M6-J6 -> -439.7159 | AB6: =M6/J6 -> 0.87785669
B7: 18℃-壽司手卷 | C7: 一配鮭鮪海饌雙手卷 | E7: 29.85 | F7: 3544 | G7: =E7*F7 -> 105788.4 | I7: 11 | J7: 3600 | K7: =J7/I7 -> 327.27273 | L7: 11 | M7: =F7/V7*60 -> 3159.9568 | N7: =M7/L7 -> 287.2688 | O7: =L7-I7 -> 0 | P7: =N7-K7 -> -40.003931 | Q7: =N7/K7 -> 0.87776577 | S7: 0.32222222 | T7: 0.36894676 | U7: 5.7666667 | V7: 67.29206 | AA7: =M7-J7 -> -440.04324 | AB7: =M7/J7 -> 0.87776577
B8: 18℃-飯糰 | C8: 一配兩粒飯糰(鮪魚.焦糖鮭魚) | E8: 28.57 | F8: 1889 | G8: =E8*F8 -> 53968.73 | I8: 12 | J8: 3600 | K8: =J8/I8 -> 300 | L8: 12 | M8: =F8/V8*60 -> 3114.0611 | N8: =M8/L8 -> 259.50509 | O8: =L8-I8 -> 0 | P8: =N8-K8 -> -40.49491 | Q8: =N8/K8 -> 0.86501697 | S8: 0.37291667 | T8: 0.39818287 | U8: 5.7166667 | V8: 36.396203 | AA8: =M8-J8 -> -485.93892 | AB8: =M8/J8 -> 0.86501697
B21: 平均 | I21: =AVERAGE(I5:I20) -> 11 | J21: =AVERAGE(J5:J20) -> 3600 | K21: =J21/I21 -> 327.27273 | L21: =AVERAGE(L5:L20) -> 11 | M21: =AVERAGE(M5:M20) -> 3161.6279 | N21: =M21/L21 -> 287.42072 | O21: =L21-I21 -> 0 | P21: =N21-K21 -> -39.852011 | Q21: =N21/K21 -> 0.87822996 | S21: =S5 -> 0.25 | T21: =INDEX(T5:T20,COUNTA(T5:T20)) -> 0.39818287 | AA21: =M21-J21 -> -438.37213 | AB21: =M21/J21 -> 0.87822996
A22: (新) 3300型飯糰機 | B22: 18℃-飯糰 | C22: 一配鮭魚奶油醬油飯糰 | E22: 18.53 | F22: 2924 | G22: =E22*F22 -> 54181.72 | I22: 3 | J22: 3300 | K22: =J22/I22 -> 1100 | L22: 3 | M22: =F22/V22*60 -> 2985.9443 | N22: =M22/L22 -> 995.31476 | O22: =L22-I22 -> 0 | P22: =N22-K22 -> -104.68524 | Q22: =N22/K22 -> 0.9048316 | R22: =Q38 -> 0.90561053 | S22: 0.37013889 | T22: 0.4109375 | V22: 58.755283 | AA22: =M22-J22 -> -314.05572 | AB22: =M22/J22 -> 0.9048316 | AC22: =AB38 -> 0.90561053
B23: 18℃-飯糰 | C23: 一配壹號醬炙烤牛飯糰 | E23: 22.28 | F23: 1206 | G23: =E23*F23 -> 26869.68 | I23: 5 | J23: 3300 | K23: =J23/I23 -> 660 | L23: 5 | M23: =F23/V23*60 -> 2989.8 | N23: =M23/L23 -> 597.96 | O23: =L23-I23 -> 0 | P23: =N23-K23 -> -62.04 | Q23: =N23/K23 -> 0.906 | S23: 0.41388889 | T23: 0.43069444 | U23: 5 | V23: 24.202288 | AA23: =M23-J23 -> -310.2 | AB23: =M23/J23 -> 0.906
B24: 18℃-飯糰 | C24: 一配鹽蔥燒肉飯糰 | E24: 17.89 | F24: 3276 | G24: =E24*F24 -> 58607.64 | I24: 4 | J24: 3300 | K24: =J24/I24 -> 825 | L24: 4 | M24: =F24/V24*60 -> 2989.8 | N24: =M24/L24 -> 747.45 | O24: =L24-I24 -> 0 | P24: =N24-K24 -> -77.55 | Q24: =N24/K24 -> 0.906 | S24: 0.43472222 | T24: 0.48037037 | U24: 5.8 | V24: 65.743528 | AA24: =M24-J24 -> -310.2 | AB24: =M24/J24 -> 0.906
B38: 平均 | I38: =AVERAGE(I22:I37) -> 4 | J38: =AVERAGE(J22:J37) -> 3300 | K38: =J38/I38 -> 825 | L38: =AVERAGE(L22:L37) -> 4 | M38: =AVERAGE(M22:M37) -> 2988.5148 | N38: =M38/L38 -> 747.12869 | O38: =L38-I38 -> 0 | P38: =N38-K38 -> -77.87131 | Q38: =N38/K38 -> 0.90561053 | S38: =S22 -> 0.37013889 | T38: =INDEX(T22:T37,COUNTA(T22:T37)) -> 0.48037037 | AA38: =M38-J38 -> -311.48524 | AB38: =M38/J38 -> 0.90561053
A39: GKK3600型 飯糰機 | B39: 18℃-飯糰 | C39: 一配山葵章魚飯糰 | E39: 25.2 | F39: 1608 | G39: =E39*F39 -> 40521.6 | I39: 3 | J39: 3600 | K39: =J39/I39 -> 1200 | L39: 3 | M39: =F39/V39*60 -> 3187.4289 | N39: =M39/L39 -> 1062.4763 | O39: =L39-I39 -> 0 | P39: =N39-K39 -> -137.5237 | Q39: =N39/K39 -> 0.88539692 | R39: =Q55 -> 0.88895802 | S39: 0.25 | T39: 0.27101852 | V39: 30.268911 | AA39: =M39-J39 -> -412.5711 | AB39: =M39/J39 -> 0.88539692 | AC39: =AB55 -> 0.88895802
B40: 18℃-飯糰 | C40: 一配熟成紅鮭飯糰 | E40: 25.03 | F40: 1524 | G40: =E40*F40 -> 38145.72 | I40: 5 | J40: 3600 | K40: =J40/I40 -> 720 | L40: 5 | M40: =F40/V40*60 -> 3193.4962 | N40: =M40/L40 -> 638.69923 | O40: =L40-I40 -> 0 | P40: =N40-K40 -> -81.300766 | Q40: =N40/K40 -> 0.88708227 | S40: 0.28125 | T40: 0.30112269 | U40: 14.733333 | V40: 28.633195 | AA40: =M40-J40 -> -406.50383 | AB40: =M40/J40 -> 0.88708227
B41: 18℃-飯糰 | C41: 一配蔬食鮪魚飯糰 | E41: 18.18 | F41: 1326 | G41: =E41*F41 -> 24106.68 | I41: 3 | J41: 3600 | K41: =J41/I41 -> 1200 | L41: 3 | M41: =F41/V41*60 -> 3185.9059 | N41: =M41/L41 -> 1061.9686 | O41: =L41-I41 -> 0 | P41: =N41-K41 -> -138.03136 | Q41: =N41/K41 -> 0.88497386 | S41: 0.31111111 | T41: 0.32844907 | U41: 15 | V41: 24.972489 | AA41: =M41-J41 -> -414.09409 | AB41: =M41/J41 -> 0.88497386
B42: 18℃-飯糰 | C42: 一配柚檸海灣貝飯糰 | E42: 23.72 | F42: 1598 | G42: =E42*F42 -> 37904.56 | I42: 5 | J42: 3600 | K42: =J42/I42 -> 720 | L42: 5 | M42: =F42/V42*60 -> 3193.3911 | N42: =M42/L42 -> 638.67823 | O42: =L42-I42 -> 0 | P42: =N42-K42 -> -81.32177 | Q42: =N42/K42 -> 0.8870531 | S42: 0.33819444 | T42: 0.35903935 | U42: 15 | V42: 30.024509 | AA42: =M42-J42 -> -406.60885 | AB42: =M42/J42 -> 0.8870531
B43: 18℃-飯糰 | C43: 一配鮪魚飯糰 | E43: 14.28 | F43: 7146 | G43: =E43*F43 -> 102044.88 | I43: 3 | J43: 3600 | K43: =J43/I43 -> 1200 | L43: 3 | M43: =F43/V43*60 -> 3190.8041 | N43: =M43/L43 -> 1063.6014 | O43: =L43-I43 -> 0 | P43: =N43-K43 -> -136.39864 | Q43: =N43/K43 -> 0.88633447 | S43: 0.36944444 | T43: 0.46275463 | U43: 14.983333 | V43: 134.37365 | AA43: =M43-J43 -> -409.19591 | AB43: =M43/J43 -> 0.88633447
B44: 18℃-飯糰 | C44: 一配經典肉鬆飯糰 | E44: 14.03 | F44: 5024 | G44: =E44*F44 -> 70486.72 | I44: 3 | J44: 3000 | K44: =J44/I44 -> 1000 | L44: 3 | M44: =F44/V44*60 -> 2717.0922 | N44: =M44/L44 -> 905.69739 | O44: =L44-I44 -> 0 | P44: =N44-K44 -> -94.302611 | Q44: =N44/K44 -> 0.90569739 | S44: 0.47291667 | T44: 0.5499537 | U44: 14.633333 | V44: 110.94213 | AA44: =M44-J44 -> -282.90783 | AB44: =M44/J44 -> 0.90569739
B55: 平均 | I55: =AVERAGE(I39:I54) -> 3.6666667 | J55: =AVERAGE(J39:J54) -> 3500 | K55: =J55/I55 -> 954.54545 | L55: =AVERAGE(L39:L54) -> 3.6666667 | M55: =AVERAGE(M39:M54) -> 3111.3531 | N55: =M55/L55 -> 848.55084 | O55: =L55-I55 -> 0 | P55: =N55-K55 -> -105.99462 | Q55: =N55/K55 -> 0.88895802 | S55: =S39 -> 0.25 | T55: =INDEX(T39:T54,COUNTA(T39:T54)) -> 0.5499537 | AA55: =M55-J55 -> -388.64694 | AB55: =M55/J55 -> 0.88895802
A56: GKK3600型 飯糰機2 | B56: 18℃-飯糰 | C56: 一配黑胡椒洋蔥豬飯糰 | E56: 17.07 | F56: 3105 | G56: =E56*F56 -> 53002.35 | I56: 3 | J56: 3300 | K56: =J56/I56 -> 1100 | L56: 3 | M56: =F56/V56*60 -> 2975.4688 | N56: =M56/L56 -> 991.82294 | O56: =L56-I56 -> 0 | P56: =N56-K56 -> -108.17706 | Q56: =N56/K56 -> 0.90165722 | R56: =Q72 -> 0.88984903 | S56: 0.25 | T56: 0.29347222 | V56: 62.611982 | AA56: =M56-J56 -> -324.53119 | AB56: =M56/J56 -> 0.90165722 | AC56: =AB72 -> 0.88984903
B57: 18℃-飯糰 | C57: 一配椒鹽檸檬鯖魚飯糰 | E57: 20.72 | F57: 3017 | G57: =E57*F57 -> 62512.24 | I57: 3 | J57: 3600 | K57: =J57/I57 -> 1200 | L57: 3 | M57: =F57/V57*60 -> 3198.638 | N57: =M57/L57 -> 1066.2127 | O57: =L57-I57 -> 0 | P57: =N57-K57 -> -133.78734 | Q57: =N57/K57 -> 0.88851055 | S57: 0.30347222 | T57: 0.3427662 | U57: 15 | V57: 56.592838 | AA57: =M57-J57 -> -401.36202 | AB57: =M57/J57 -> 0.88851055
B58: 18℃-飯糰 | C58: 一配北海道秋鮭親子飯糰 | E58: 24.82 | F58: 1839 | G58: =E58*F58 -> 45643.98 | I58: 5 | J58: 3600 | K58: =J58/I58 -> 720 | L58: 5 | M58: =F58/V58*60 -> 3199.3433 | N58: =M58/L58 -> 639.86867 | O58: =L58-I58 -> 0 | P58: =N58-K58 -> -80.131334 | Q58: =N58/K58 -> 0.88870648 | S58: 0.35277778 | T58: 0.37672454 | U58: 15 | V58: 34.488327 | AA58: =M58-J58 -> -400.65667 | AB58: =M58/J58 -> 0.88870648
B59: 18℃-飯糰 | C59: 一配明太子龍蝦風味沙拉飯糰 | E59: 18.18 | F59: 2458 | G59: =E59*F59 -> 44686.44 | I59: 3 | J59: 3600 | K59: =J59/I59 -> 1200 | L59: 3 | M59: =F59/V59*60 -> 3193.7983 | N59: =M59/L59 -> 1064.5994 | O59: =L59-I59 -> 0 | P59: =N59-K59 -> -135.40057 | Q59: =N59/K59 -> 0.88716619 | S59: 0.38680556 | T59: 0.41886574 | U59: 14.516667 | V59: 46.176993 | AA59: =M59-J59 -> -406.20171 | AB59: =M59/J59 -> 0.88716619
B60: 18℃-飯糰 | C60: 一配贅沢鮭魚肚飯糰 | E60: 30 | F60: 2542 | G60: =E60*F60 -> 76260 | I60: 4 | J60: 3600 | K60: =J60/I60 -> 900 | L60: 4 | M60: =F60/V60*60 -> 3192.48 | N60: =M60/L60 -> 798.12 | O60: =L60-I60 -> 0 | P60: =N60-K60 -> -101.88 | Q60: =N60/K60 -> 0.8868 | S60: 0.42916667 | T60: 0.46233796 | U60: 14.833333 | V60: 47.774771 | AA60: =M60-J60 -> -407.52 | AB60: =M60/J60 -> 0.8868
B61: 18℃-飯糰 | C61: 一配雞肉飯飯糰 | E61: 16.66 | F61: 5897 | G61: =E61*F61 -> 98244.02 | I61: 5 | J61: 3600 | K61: =J61/I61 -> 720 | L61: 5 | M61: =F61/V61*60 -> 3194.0558 | N61: =M61/L61 -> 638.81117 | O61: =L61-I61 -> 0 | P61: =N61-K61 -> -81.188834 | Q61: =N61/K61 -> 0.88723773 | S61: 0.47222222 | T61: 0.54914352 | U61: 15 | V61: 110.77452 | AA61: =M61-J61 -> -405.94417 | AB61: =M61/J61 -> 0.88723773
B72: 平均 | I72: =AVERAGE(I56:I71) -> 3.8333333 | J72: =AVERAGE(J56:J71) -> 3550 | K72: =J72/I72 -> 926.08696 | L72: =AVERAGE(L56:L71) -> 3.8333333 | M72: =AVERAGE(M56:M71) -> 3158.964 | N72: =M72/L72 -> 824.07758 | O72: =L72-I72 -> 0 | P72: =N72-K72 -> -102.00938 | Q72: =N72/K72 -> 0.88984903 | S72: =S56 -> 0.25 | T72: =INDEX(T56:T71,COUNTA(T56:T71)) -> 0.54914352 | AA72: =M72-J72 -> -391.03596 | AB72: =M72/J72 -> 0.88984903
A73: 自動包裝機 (二配) | B73: 18℃-飯糰 | C73: 二配兩粒飯糰(鮪魚.焦糖鮭魚) | E73: 28.57 | F73: 1632 | G73: =E73*F73 -> 46626.24 | I73: 12 | J73: 3600 | K73: =J73/I73 -> 300 | L73: 12 | M73: =F73/V73*60 -> 3114.9426 | N73: =M73/L73 -> 259.57855 | O73: =L73-I73 -> 0 | P73: =N73-K73 -> -40.421452 | Q73: =N73/K73 -> 0.86526183 | R73: =Q89 -> 0.87474136 | S73: 0.70833333 | T73: 0.73016204 | V73: 31.435571 | AA73: =M73-J73 -> -485.05743 | AB73: =M73/J73 -> 0.86526183 | AC73: =AB89 -> 0.87474136
B74: 18℃-飯糰 | C74: 二配溏心蛋五目飯糰 | E74: 20.42 | F74: 654 | G74: =E74*F74 -> 13354.68 | I74: 13 | J74: 3600 | K74: =J74/I74 -> 276.92308 | L74: 13 | M74: =F74/V74*60 -> 3262.3838 | N74: =M74/L74 -> 250.9526 | O74: =L74-I74 -> 0 | P74: =N74-K74 -> -25.970479 | Q74: =N74/K74 -> 0.90621771 | S74: 0.73402778 | T74: 0.74237269 | U74: 5.5666667 | V74: 12.028015 | AA74: =M74-J74 -> -337.61623 | AB74: =M74/J74 -> 0.90621771
B75: 18℃-飯糰 | C75: 二配鮭魚毛豆炊飯飯糰 | E75: 18.92 | F75: 2516 | G75: =E75*F75 -> 47602.72 | I75: 6 | J75: 3600 | K75: =J75/I75 -> 600 | L75: 6 | M75: =F75/V75*60 -> 3259.9492 | N75: =M75/L75 -> 543.32487 | O75: =L75-I75 -> 0 | P75: =N75-K75 -> -56.675127 | Q75: =N75/K75 -> 0.90554146 | S75: 0.74583333 | T75: 0.77798611 | U75: 4.9833333 | V75: 46.30747 | AA75: =M75-J75 -> -340.05076 | AB75: =M75/J75 -> 0.90554146
B76: 18℃-飯糰 | C76: 二配柚香雞胸五穀飯糰 | E76: 17.71 | F76: 5308 | G76: =E76*F76 -> 94004.68 | I76: 6 | J76: 3600 | K76: =J76/I76 -> 600 | L76: 6 | M76: =F76/V76*60 -> 2959 | N76: =M76/L76 -> 493.16667 | O76: =L76-I76 -> 0 | P76: =N76-K76 -> -106.83333 | Q76: =N76/K76 -> 0.82194444 | S76: 0.78125 | T76: 0.8559838 | U76: 4.7 | V76: 107.63096 | AA76: =M76-J76 -> -641 | AB76: =M76/J76 -> 0.82194444
B89: 平均 | I89: =AVERAGE(I73:I88) -> 9.25 | J89: =AVERAGE(J73:J88) -> 3600 | K89: =J89/I89 -> 389.18919 | L89: =AVERAGE(L73:L88) -> 9.25 | M89: =AVERAGE(M73:M88) -> 3149.0689 | N89: =M89/L89 -> 340.43988 | O89: =L89-I89 -> 0 | P89: =N89-K89 -> -48.749309 | Q89: =N89/K89 -> 0.87474136 | S89: =S73 -> 0.70833333 | T89: =INDEX(T73:T88,COUNTA(T73:T88)) -> 0.8559838 | AA89: =M89-J89 -> -450.9311 | AB89: =M89/J89 -> 0.87474136
A90: (新) 3300型飯糰機 (二配) | B90: 18℃-飯糰 | C90: 二配大飯糰韓式蒜烤豬五花 | E90: 24.54 | F90: 1729 | G90: =E90*F90 -> 42429.66 | I90: 4 | J90: 3000 | K90: =J90/I90 -> 750 | L90: 4 | M90: =F90/V90*60 -> 2707.5757 | N90: =M90/L90 -> 676.89394 | O90: =L90-I90 -> 0 | P90: =N90-K90 -> -73.106063 | Q90: =N90/K90 -> 0.90252525 | R90: =Q106 -> 0.88117449 | S90: 0.70833333 | T90: 0.73493056 | V90: 38.314718 | AA90: =M90-J90 -> -292.42425 | AB90: =M90/J90 -> 0.90252525 | AC90: =AB106 -> 0.88117449
B91: 18℃-飯糰 | C91: 二配大飯糰乾燒風味鮮蝦 | E91: 23.27 | F91: 1106 | G91: =E91*F91 -> 25736.62 | I91: 5 | J91: 3000 | K91: =J91/I91 -> 600 | L91: 5 | M91: =F91/V91*60 -> 2711.1287 | N91: =M91/L91 -> 542.22573 | O91: =L91-I91 -> 0 | P91: =N91-K91 -> -57.774268 | Q91: =N91/K91 -> 0.90370955 | S91: 0.73888889 | T91: 0.75587963 | U91: 5.7 | V91: 24.476891 | AA91: =M91-J91 -> -288.87134 | AB91: =M91/J91 -> 0.90370955
B92: 18℃-飯糰 | C92: 二配大飯糰泡菜鮪魚 | E92: 24.33 | F92: 1531 | G92: =E92*F92 -> 37249.23 | H92: 2 | I92: 4 | J92: 3000 | K92: =J92/I92 -> 750 | L92: 4 | M92: =F92/V92*60 -> 2451 | N92: =M92/L92 -> 612.75 | O92: =L92-I92 -> 0 | P92: =N92-K92 -> -137.25 | Q92: =N92/K92 -> 0.817 | S92: 0.75902778 | T92: 0.7850463 | U92: 4.5333333 | V92: 37.47858 | AA92: =M92-J92 -> -549 | AB92: =M92/J92 -> 0.817
B93: 18℃-飯糰 | C93: 二配鹽水G絲飯糰 | E93: 17.22 | F93: 1273 | G93: =E93*F93 -> 21921.06 | I93: 3 | J93: 3300 | K93: =J93/I93 -> 1100 | L93: 3 | M93: =F93/V93*60 -> 2988.7664 | N93: =M93/L93 -> 996.25547 | O93: =L93-I93 -> 0 | P93: =N93-K93 -> -103.74453 | Q93: =N93/K93 -> 0.90568679 | S93: 0.78888889 | T93: 0.80663194 | U93: 5.5333333 | V93: 25.555694 | AA93: =M93-J93 -> -311.2336 | AB93: =M93/J93 -> 0.90568679
B94: 18℃-飯糰 | C94: 二配壹號醬炙烤牛飯糰 | E94: 22.28 | F94: 1890 | G94: =E94*F94 -> 42109.2 | I94: 5 | J94: 3300 | K94: =J94/I94 -> 660 | L94: 5 | M94: =F94/V94*60 -> 2989.8 | N94: =M94/L94 -> 597.96 | O94: =L94-I94 -> 0 | P94: =N94-K94 -> -62.04 | Q94: =N94/K94 -> 0.906 | S94: 0.80972222 | T94: 0.83605324 | U94: 5 | V94: 37.928958 | AA94: =M94-J94 -> -310.2 | AB94: =M94/J94 -> 0.906
B95: 18℃-飯糰 | C95: 二配鹽蔥燒肉飯糰 | E95: 17.89 | F95: 5681 | G95: =E95*F95 -> 101633.09 | I95: 4 | J95: 3300 | K95: =J95/I95 -> 825 | L95: 4 | M95: =F95/V95*60 -> 2989.8 | N95: =M95/L95 -> 747.45 | O95: =L95-I95 -> 0 | P95: =N95-K95 -> -77.55 | Q95: =N95/K95 -> 0.906 | S95: 0.83958333 | T95: 0.91875 | U95: 5.0833333 | V95: 114.00763 | W95: 0.91875 | X95: 0.95763889 | AA95: =M95-J95 -> -310.2 | AB95: =M95/J95 -> 0.906
B96: 18℃-飯糰 | C96: 二配大飯糰泡菜鮪魚 | E96: 24.33 | F96: 3833 | G96: =E96*F96 -> 93256.89 | I96: 4 | J96: 3000 | K96: =J96/I96 -> 750 | L96: 4 | M96: =F96/V96*60 -> 2459.6505 | N96: =M96/L96 -> 614.91262 | O96: =L96-I96 -> 0 | P96: =N96-K96 -> -135.08738 | Q96: =N96/K96 -> 0.8198835 | S96: 0.95763889 | T96: 1.0225694 | U96: 56 | V96: 93.501089 | AA96: =M96-J96 -> -540.34951 | AB96: =M96/J96 -> 0.8198835
B106: 平均 | I106: =AVERAGE(I90:I105) -> 4.1428571 | J106: =AVERAGE(J90:J105) -> 3128.5714 | K106: =J106/I106 -> 755.17241 | L106: =AVERAGE(L90:L105) -> 4.1428571 | M106: =AVERAGE(M90:M105) -> 2756.8173 | N106: =M106/L106 -> 665.43867 | O106: =L106-I106 -> 0 | P106: =N106-K106 -> -89.733748 | Q106: =N106/K106 -> 0.88117449 | S106: =S90 -> 0.70833333 | T106: =INDEX(T90:T105,COUNTA(T90:T105)) -> 1.0225694 | AA106: =M106-J106 -> -371.7541 | AB106: =M106/J106 -> 0.88117449
A107: GKK3600型 飯糰機 (二配) | B107: 18℃-飯糰 | C107: 二配經典肉鬆飯糰 | E107: 14.03 | F107: 280 | G107: =E107*F107 -> 3928.4 | H107: 2 | I107: 3 | J107: 3000 | K107: =J107/I107 -> 1000 | L107: 3 | M107: =F107/V107*60 -> 2714.425 | N107: =M107/L107 -> 904.80835 | O107: =L107-I107 -> 0 | P107: =N107-K107 -> -95.191655 | Q107: =N107/K107 -> 0.90480835 | R107: =Q123 -> 0.8949039 | S107: 0.79861111 | T107: 0.80290509 | V107: 6.189156 | AA107: =M107-J107 -> -285.57496 | AB107: =M107/J107 -> 0.90480835 | AC107: =AB123 -> 0.8949039
B108: 18℃-飯糰 | C108: 二配鮪魚飯糰 | E108: 14.28 | F108: 331 | G108: =E108*F108 -> 4726.68 | H108: 3 | I108: 3 | J108: 3600 | K108: =J108/I108 -> 1200 | L108: 3 | M108: =F108/V108*60 -> 3187.2483 | N108: =M108/L108 -> 1062.4161 | O108: =L108-I108 -> 0 | P108: =N108-K108 -> -137.58391 | Q108: =N108/K108 -> 0.88534674 | S108: 0.81319444 | T108: 0.81751157 | U108: 14.816667 | V108: 6.2310803 | AA108: =M108-J108 -> -412.75173 | AB108: =M108/J108 -> 0.88534674
B109: 18℃-飯糰 | C109: 二配熟成紅鮭飯糰 | E109: 25.03 | F109: 592 | G109: =E109*F109 -> 14817.76 | H109: 2 | I109: 5 | J109: 3600 | K109: =J109/I109 -> 720 | L109: 5 | M109: =F109/V109*60 -> 3199.8503 | N109: =M109/L109 -> 639.97007 | O109: =L109-I109 -> 0 | P109: =N109-K109 -> -80.029935 | Q109: =N109/K109 -> 0.88884731 | S109: 0.82777778 | T109: 0.83548611 | U109: 14.783333 | V109: 11.100519 | AA109: =M109-J109 -> -400.14967 | AB109: =M109/J109 -> 0.88884731
B110: 18℃-飯糰 | C110: 二配芝麻香鬆飯糰 | E110: 18.18 | F110: 657 | G110: =E110*F110 -> 11944.26 | H110: 2 | I110: 3 | J110: 3000 | K110: =J110/I110 -> 1000 | L110: 3 | M110: =F110/V110*60 -> 2717.5089 | N110: =M110/L110 -> 905.83629 | O110: =L110-I110 -> 0 | P110: =N110-K110 -> -94.163707 | Q110: =N110/K110 -> 0.90583629 | S110: 0.84583333 | T110: 0.85590278 | U110: 14.9 | V110: 14.505932 | AA110: =M110-J110 -> -282.49112 | AB110: =M110/J110 -> 0.90583629
B111: 18℃-飯糰 | C111: 二配鮪魚飯糰 | E111: 14.28 | F111: 2652 | G111: =E111*F111 -> 37870.56 | I111: 3 | J111: 3600 | K111: =J111/I111 -> 1200 | L111: 3 | M111: =F111/V111*60 -> 3187.2483 | N111: =M111/L111 -> 1062.4161 | O111: =L111-I111 -> 0 | P111: =N111-K111 -> -137.58391 | Q111: =N111/K111 -> 0.88534674 | S111: 0.86597222 | T111: 0.90063657 | U111: 15 | V111: 49.923943 | AA111: =M111-J111 -> -412.75173 | AB111: =M111/J111 -> 0.88534674
B112: 18℃-飯糰 | C112: 二配經典肉鬆飯糰 | E112: 14.03 | F112: 8429 | G112: =E112*F112 -> 118258.87 | I112: 3 | J112: 3000 | K112: =J112/I112 -> 1000 | L112: 3 | M112: =F112/V112*60 -> 2714.425 | N112: =M112/L112 -> 904.80835 | O112: =L112-I112 -> 0 | P112: =N112-K112 -> -95.191655 | Q112: =N112/K112 -> 0.90480835 | S112: 0.91041667 | T112: 1.0397917 | U112: 15 | V112: 186.3157 | AA112: =M112-J112 -> -285.57496 | AB112: =M112/J112 -> 0.90480835
B113: 18℃-飯糰 | C113: 二配芝麻香鬆飯糰 | E113: 18.18 | F113: 1399 | G113: =E113*F113 -> 25433.82 | I113: 3 | J113: 3000 | K113: =J113/I113 -> 1000 | L113: 3 | M113: =F113/V113*60 -> 2717.5089 | N113: =M113/L113 -> 905.83629 | O113: =L113-I113 -> 0 | P113: =N113-K113 -> -94.163707 | Q113: =N113/K113 -> 0.90583629 | S113: 1.05 | T113: 1.0714468 | U113: 14.7 | V113: 30.888584 | AA113: =M113-J113 -> -282.49112 | AB113: =M113/J113 -> 0.90583629
B114: 18℃-飯糰 | C114: 二配鮪魚飯糰 | E114: 14.28 | F114: 8156 | G114: =E114*F114 -> 116467.68 | I114: 3 | J114: 3600 | K114: =J114/I114 -> 1200 | L114: 3 | M114: =F114/V114*60 -> 3187.2483 | N114: =M114/L114 -> 1062.4161 | O114: =L114-I114 -> 0 | P114: =N114-K114 -> -137.58391 | Q114: =N114/K114 -> 0.88534674 | S114: 1.08125 | T114: 1.1878704 | U114: 15 | V114: 153.53683 | AA114: =M114-J114 -> -412.75173 | AB114: =M114/J114 -> 0.88534674
B123: 平均 | I123: =AVERAGE(I107:I122) -> 3.25 | J123: =AVERAGE(J107:J122) -> 3300 | K123: =J123/I123 -> 1015.3846 | L123: =AVERAGE(L107:L122) -> 3.25 | M123: =AVERAGE(M107:M122) -> 2953.1829 | N123: =M123/L123 -> 908.67165 | O123: =L123-I123 -> 0 | P123: =N123-K123 -> -106.71296 | Q123: =N123/K123 -> 0.8949039 | S123: =S107 -> 0.79861111 | T123: =INDEX(T107:T122,COUNTA(T107:T122)) -> 1.1878704 | AA123: =M123-J123 -> -346.81713 | AB123: =M123/J123 -> 0.8949039
A124: GKK3600型 飯糰機2 (二配) | B124: 18℃-飯糰 | C124: 二配雞肉飯飯糰 | E124: 16.66 | F124: 238 | G124: =E124*F124 -> 3965.08 | H124: 3 | I124: 5 | J124: 3600 | K124: =J124/I124 -> 720 | L124: 5 | M124: =F124/V124*60 -> 3193.5079 | N124: =M124/L124 -> 638.70158 | O124: =L124-I124 -> 0 | P124: =N124-K124 -> -81.298421 | Q124: =N124/K124 -> 0.88708553 | R124: =Q140 -> 0.88680534 | S124: 0.75972222 | T124: 0.76282407 | V124: 4.4715718 | AA124: =M124-J124 -> -406.4921 | AB124: =M124/J124 -> 0.88708553 | AC124: =AB140 -> 0.88680534
B125: 18℃-飯糰 | C125: 二配贅沢鮭魚肚飯糰 | E125: 30 | F125: 826 | G125: =E125*F125 -> 24780 | H125: 2 | I125: 4 | J125: 3600 | K125: =J125/I125 -> 900 | L125: 4 | M125: =F125/V125*60 -> 3192.12 | N125: =M125/L125 -> 798.03 | O125: =L125-I125 -> 0 | P125: =N125-K125 -> -101.97 | Q125: =N125/K125 -> 0.8867 | S125: 0.77291667 | T125: 0.78369213 | U125: 14.533333 | V125: 15.525732 | AA125: =M125-J125 -> -407.88 | AB125: =M125/J125 -> 0.8867
B126: 18℃-飯糰 | C126: 二配北海道秋鮭親子飯糰 | E126: 24.82 | F126: 821 | G126: =E126*F126 -> 20377.22 | H126: 2 | I126: 5 | J126: 3600 | K126: =J126/I126 -> 720 | L126: 5 | M126: =F126/V126*60 -> 3188.1683 | N126: =M126/L126 -> 637.63366 | O126: =L126-I126 -> 0 | P126: =N126-K126 -> -82.366342 | Q126: =N126/K126 -> 0.8856023 | S126: 0.79375 | T126: 0.80447917 | U126: 15 | V126: 15.450878 | AA126: =M126-J126 -> -411.83171 | AB126: =M126/J126 -> 0.8856023
B127: 18℃-飯糰 | C127: 二配蔬食鮪魚飯糰 | E127: 18.18 | F127: 434 | G127: =E127*F127 -> 7890.12 | H127: 2 | I127: 3 | J127: 3600 | K127: =J127/I127 -> 1200 | L127: 3 | M127: =F127/V127*60 -> 3194.5161 | N127: =M127/L127 -> 1064.8387 | O127: =L127-I127 -> 0 | P127: =N127-K127 -> -135.16131 | Q127: =N127/K127 -> 0.88736557 | S127: 0.81458333 | T127: 0.82024306 | U127: 14.55 | V127: 8.1514694 | AA127: =M127-J127 -> -405.48394 | AB127: =M127/J127 -> 0.88736557
B128: 18℃-飯糰 | C128: 二配三杯醬爆菇菇飯糰 | E128: 16.7 | F128: 542 | G128: =E128*F128 -> 9051.4 | H128: 2 | I128: 3 | J128: 3600 | K128: =J128/I128 -> 1200 | L128: 3 | M128: =F128/V128*60 -> 3189.8854 | N128: =M128/L128 -> 1063.2951 | O128: =L128-I128 -> 0 | P128: =N128-K128 -> -136.70488 | Q128: =N128/K128 -> 0.88607927 | S128: 0.83055556 | T128: 0.83762731 | U128: 14.85 | V128: 10.194724 | AA128: =M128-J128 -> -410.11464 | AB128: =M128/J128 -> 0.88607927
B129: 18℃-飯糰 | C129: 二配明太子龍蝦風味沙拉飯糰 | E129: 18.18 | F129: 1089 | G129: =E129*F129 -> 19798.02 | H129: 2 | I129: 3 | J129: 3600 | K129: =J129/I129 -> 1200 | L129: 3 | M129: =F129/V129*60 -> 3192.6178 | N129: =M129/L129 -> 1064.2059 | O129: =L129-I129 -> 0 | P129: =N129-K129 -> -135.79407 | Q129: =N129/K129 -> 0.88683828 | S129: 0.84791667 | T129: 0.86211806 | U129: 14.816667 | V129: 20.465964 | AA129: =M129-J129 -> -407.3822 | AB129: =M129/J129 -> 0.88683828
B130: 18℃-飯糰 | C130: 二配雞肉飯飯糰 | E130: 16.66 | F130: 2288 | G130: =E130*F130 -> 38118.08 | I130: 5 | J130: 3600 | K130: =J130/I130 -> 720 | L130: 5 | M130: =F130/V130*60 -> 3193.5079 | N130: =M130/L130 -> 638.70158 | O130: =L130-I130 -> 0 | P130: =N130-K130 -> -81.298421 | Q130: =N130/K130 -> 0.88708553 | S130: 0.87222222 | T130: 0.90207176 | U130: 14.55 | V130: 42.987212 | AA130: =M130-J130 -> -406.4921 | AB130: =M130/J130 -> 0.88708553
B131: 18℃-飯糰 | C131: 二配贅沢鮭魚肚飯糰 | E131: 30 | F131: 2051 | G131: =E131*F131 -> 61530 | I131: 4 | J131: 3600 | K131: =J131/I131 -> 900 | L131: 4 | M131: =F131/V131*60 -> 3192.12 | N131: =M131/L131 -> 798.03 | O131: =L131-I131 -> 0 | P131: =N131-K131 -> -101.97 | Q131: =N131/K131 -> 0.8867 | S131: 0.91180556 | T131: 0.93857639 | U131: 15 | V131: 38.551182 | AA131: =M131-J131 -> -407.88 | AB131: =M131/J131 -> 0.8867
B132: 18℃-飯糰 | C132: 二配北海道秋鮭親子飯糰 | E132: 24.82 | F132: 1950 | G132: =E132*F132 -> 48399 | I132: 5 | J132: 3600 | K132: =J132/I132 -> 720 | L132: 5 | M132: =F132/V132*60 -> 3188.1683 | N132: =M132/L132 -> 637.63366 | O132: =L132-I132 -> 0 | P132: =N132-K132 -> -82.366342 | Q132: =N132/K132 -> 0.8856023 | S132: 0.94861111 | T132: 0.97408565 | U132: 15 | V132: 36.698188 | AA132: =M132-J132 -> -411.83171 | AB132: =M132/J132 -> 0.8856023
B133: 18℃-飯糰 | C133: 二配蔬食鮪魚飯糰 | E133: 18.18 | F133: 888 | G133: =E133*F133 -> 16143.84 | I133: 3 | J133: 3600 | K133: =J133/I133 -> 1200 | L133: 3 | M133: =F133/V133*60 -> 3194.5161 | N133: =M133/L133 -> 1064.8387 | O133: =L133-I133 -> 0 | P133: =N133-K133 -> -135.16131 | Q133: =N133/K133 -> 0.88736557 | S133: 0.98402778 | T133: 0.99560185 | U133: 15 | V133: 16.678583 | AA133: =M133-J133 -> -405.48394 | AB133: =M133/J133 -> 0.88736557
B134: 18℃-飯糰 | C134: 二配三杯醬爆菇菇飯糰 | E134: 16.7 | F134: 1227 | G134: =E134*F134 -> 20490.9 | I134: 3 | J134: 3600 | K134: =J134/I134 -> 1200 | L134: 3 | M134: =F134/V134*60 -> 3189.8854 | N134: =M134/L134 -> 1063.2951 | O134: =L134-I134 -> 0 | P134: =N134-K134 -> -136.70488 | Q134: =N134/K134 -> 0.88607927 | S134: 1.0055556 | T134: 1.0215741 | U134: 15 | V134: 23.079199 | AA134: =M134-J134 -> -410.11464 | AB134: =M134/J134 -> 0.88607927
B135: 18℃-飯糰 | C135: 二配明太子龍蝦風味沙拉飯糰 | E135: 18.18 | F135: 2807 | G135: =E135*F135 -> 51031.26 | I135: 3 | J135: 3600 | K135: =J135/I135 -> 1200 | L135: 3 | M135: =F135/V135*60 -> 3192.6178 | N135: =M135/L135 -> 1064.2059 | O135: =L135-I135 -> 0 | P135: =N135-K135 -> -135.79407 | Q135: =N135/K135 -> 0.88683828 | S135: 1.0319444 | T135: 1.0685764 | U135: 14.933333 | V135: 52.752948 | AA135: =M135-J135 -> -407.3822 | AB135: =M135/J135 -> 0.88683828
B136: 18℃-飯糰 | C136: 二配熟成紅鮭飯糰 | E136: 25.03 | F136: 1345 | G136: =E136*F136 -> 33665.35 | I136: 5 | J136: 3600 | K136: =J136/I136 -> 720 | L136: 5 | M136: =F136/V136*60 -> 3199.8503 | N136: =M136/L136 -> 639.97007 | O136: =L136-I136 -> 0 | P136: =N136-K136 -> -80.029935 | Q136: =N136/K136 -> 0.88884731 | S136: 1.0784722 | T136: 1.0959838 | U136: 15 | V136: 25.21993 | AA136: =M136-J136 -> -400.14967 | AB136: =M136/J136 -> 0.88884731
B137: 18℃-飯糰 | C137: 二配雞肉飯飯糰 | E137: 16.66 | F137: 6567 | G137: =E137*F137 -> 109406.22 | I137: 5 | J137: 3600 | K137: =J137/I137 -> 720 | L137: 5 | M137: =F137/V137*60 -> 3193.5079 | N137: =M137/L137 -> 638.70158 | O137: =L137-I137 -> 0 | P137: =N137-K137 -> -81.298421 | Q137: =N137/K137 -> 0.88708553 | S137: 1.10625 | T137: 1.1919213 | U137: 14.783333 | V137: 123.38156 | AA137: =M137-J137 -> -406.4921 | AB137: =M137/J137 -> 0.88708553
B140: 平均 | I140: =AVERAGE(I124:I139) -> 4 | J140: =AVERAGE(J124:J139) -> 3600 | K140: =J140/I140 -> 900 | L140: =AVERAGE(L124:L139) -> 4 | M140: =AVERAGE(M124:M139) -> 3192.4992 | N140: =M140/L140 -> 798.1248 | O140: =L140-I140 -> 0 | P140: =N140-K140 -> -101.8752 | Q140: =N140/K140 -> 0.88680534 | S140: =S124 -> 0.75972222 | T140: =INDEX(T124:T139,COUNTA(T124:T139)) -> 1.1919213 | AA140: =M140-J140 -> -407.50078 | AB140: =M140/J140 -> 0.88680534
Y142: 原因回覆
Y143: 1.當日出勤人數較多
Y144: 2.當日出勤人數較少
Y145: 3.當日出勤熟手較多
Y146: 4.當日出勤新人較多
Y147: 5.機台夾盒
Y148: 6.封膜不順
Y149: 7.更換膠膜
Y150: 8.更換碳帶
Y151: 9.當日熱轉印碳帶異常
Y152: 10.訂單量過少
Y153: 11.新品上市，尚未熟悉
Y154: 12.活動期間品項需貼標

Sheet 0629(4度C)
A1: 大溪廠日報分析 | C1: 總生產量 | D1: =SUM(F5:F157) -> 107003 | E1: 營業額 | F1: =SUM(G5:G157) -> 4783983.1 | G1: 出勤人數 | H1: =L21+L38+L55+L72+L89+L106+L123+L140+L157 -> 155.43452 | I1: 產線配置圖 | L1: 生產實績 | O1: 人時性差異分析 | S1: 日報登錄 | Y1: 合計次數 | Z1: 合計(時間/分) | AA1: 產線異常 分析說明(5分鐘以上) | AC1: 合計次數 | AD1: 合計(時間/分) | AE1: 產能差異分析
A2: 46202 | C2: 人時性 | D2: =AVERAGE(N21,N38,N55,N72,N89,N106,N123,N140,N157) -> 179.23487 | E2: 平均廠價 | F2: =F1/D1 -> 44.708869 | G2: 多次生產數 | H2: =COUNT(H5:H157) -> 3 | Y2: =SUM(Y21,Y38,Y55,Y72,Y89,Y106,Y123,Y140,Y157) -> 0 | Z2: =SUM(Z21,Z38,Z55,Z72,Z89,Z106,Z123,Z140,Z157) -> 0 | AC2: =SUM(AC21,AC38,AC55,AC72,AC89,AC106,AC123,AC140,AC157) -> 0 | AD2: =SUM(AD21,AD38,AD55,AD72,AD89,AD106,AD123,AD140,AD157) -> 0
A3: 線別 | B3: 品類 | C3: 品名 | E3: 廠價 | F3: 生產量 | G3: 營收 | H3: 多次 生產 | I3: 人數 | J3: 產能/時 | K3: 人時性 | L3: 人數 | M3: 產能/時 | N3: 人時性 | O3: 人數 | P3: 人時性 | Q3: 達成率 | R3: 達成率 平均 | S3: 生產時間 | U3: 換線、休息/分 | V3: 稼動時間/分 | W3: 休息時間 | Y3: 產線異常統計(5分鐘以上) | AA3: (屏榮回填) | AC3: 短暫停線統計(5分鐘以下) | AE3: 產能/時 | AF3: 達成率 | AG3: 達成率平均
S4: 開始 | T4: 結束 | W4: 開始 | X4: 結束 | Y4: 次數 | Z4: 時間/分 | AC4: 總次數 | AD4: 設備因素(次數)
A5: 便當二線 | B5: 微波主食 | C5: 糖燻野郎三十天熟成牛飯 | E5: 56.43 | F5: 5113 | G5: =E5*F5 -> 288526.59 | I5: 24 | J5: 2000 | K5: =J5/I5 -> 83.333333 | L5: 24 | M5: =F5/V5*60 -> 1792.9403 | N5: =M5/L5 -> 74.705846 | O5: =L5-I5 -> 0 | P5: =N5-K5 -> -8.6274874 | Q5: =N5/K5 -> 0.89647015 | R5: =Q21 -> 0.90679484 | S5: 0.16666667 | T5: 0.28548611 | V5: 171.10441 | AE5: =M5-J5 -> -207.0597 | AF5: =M5/J5 -> 0.89647015 | AG5: =AF21 -> 0.93270326
B6: 便當 | C6: 香檸奶油魚排蔬滿盒 | E6: 77.35 | F6: 1207 | G6: =E6*F6 -> 93361.45 | I6: 25 | J6: 2000 | K6: =J6/I6 -> 80 | L6: 25 | M6: =F6/V6*60 -> 1788.0324 | N6: =M6/L6 -> 71.521295 | O6: =L6-I6 -> 0 | P6: =N6-K6 -> -8.4787053 | Q6: =N6/K6 -> 0.89401618 | S6: 0.28888889 | T6: 0.31701389 | U6: 4.9 | V6: 40.502622 | AE6: =M6-J6 -> -211.96763 | AF6: =M6/J6 -> 0.89401618
B7: 便當 | C7: 美式雞丁餐盒 | E7: 59.34 | F7: 1602 | G7: =E7*F7 -> 95062.68 | I7: 23 | J7: 2000 | K7: =J7/I7 -> 86.956522 | L7: 23 | M7: =F7/V7*60 -> 1790.6904 | N7: =M7/L7 -> 77.856104 | O7: =L7-I7 -> 0 | P7: =N7-K7 -> -9.100418 | Q7: =N7/K7 -> 0.89534519 | S7: 0.32013889 | T7: 0.35740741 | U7: 5 | V7: 53.677621 | AE7: =M7-J7 -> -209.30961 | AF7: =M7/J7 -> 0.89534519
B8: 便當 | C8: 嫩烤香料雞胸排蔬滿盒 | E8: 77.34 | F8: 2581 | G8: =E8*F8 -> 199614.54 | I8: 23 | J8: 2000 | K8: =J8/I8 -> 86.956522 | L8: 23 | M8: =F8/V8*60 -> 1795.8192 | N8: =M8/L8 -> 78.079097 | O8: =L8-I8 -> 0 | P8: =N8-K8 -> -8.8774248 | Q8: =N8/K8 -> 0.89790961 | S8: 0.36041667 | T8: 0.42030093 | U8: 5 | V8: 86.233624 | AE8: =M8-J8 -> -204.18077 | AF8: =M8/J8 -> 0.89790961
B9: 4℃-飯糰 | C9: 麻油雞飯糰 | E9: 29.97 | F9: 2401 | G9: =E9*F9 -> 71957.97 | I9: 21 | J9: 2790 | K9: =J9/I9 -> 132.85714 | L9: 25 | M9: =F9/V9*60 -> 2964.9808 | N9: =M9/L9 -> 118.59923 | O9: =L9-I9 -> 4 | P9: =N9-K9 -> -14.257912 | Q9: =N9/K9 -> 0.89268238 | S9: 0.42430556 | T9: 0.45804398 | U9: 5.7666667 | V9: 48.587162 | W9: 0.45804398 | X9: 0.49583333 | AE9: =M9-J9 -> 174.98077 | AF9: =M9/J9 -> 1.0627171
B10: 便當 | C10: 健身G肉餐盒 | E10: 59.52 | F10: 4982 | G10: =E10*F10 -> 296528.64 | I10: 24 | J10: 2000 | K10: =J10/I10 -> 83.333333 | L10: 24 | M10: =F10/V10*60 -> 1796.8117 | N10: =M10/L10 -> 74.867153 | O10: =L10-I10 -> 0 | P10: =N10-K10 -> -8.4661803 | Q10: =N10/K10 -> 0.89840584 | S10: 0.49583333 | T10: 0.61135417 | U10: 55 | V10: 166.36134 | AE10: =M10-J10 -> -203.18833 | AF10: =M10/J10 -> 0.89840584
B21: 平均 | I21: =AVERAGE(I5:I20) -> 23.333333 | J21: =AVERAGE(J5:J20) -> 2131.6667 | K21: =J21/I21 -> 91.357143 | L21: =AVERAGE(L5:L20) -> 24 | M21: =AVERAGE(M5:M20) -> 1988.2125 | N21: =M21/L21 -> 82.842186 | O21: =L21-I21 -> 0.66666667 | P21: =N21-K21 -> -8.5149572 | Q21: =N21/K21 -> 0.90679484 | S21: =S5 -> 0.16666667 | T21: =INDEX(T5:T20,COUNTA(T5:T20)) -> 0.61135417 | Y21: =SUM(Y5:Y20) -> 0 | Z21: =SUM(Z5:Z20) -> 0 | AC21: =SUM(AC5:AC20) -> 0 | AD21: =SUM(AD5:AD20) -> 0 | AE21: =M21-J21 -> -143.45421 | AF21: =M21/J21 -> 0.93270326
A22: 涼麵一線 | B22: 4℃-壽司手卷 | C22: 海陸雙拼壽司 | E22: 36.45 | F22: 1425 | G22: =E22*F22 -> 51941.25 | H22: 2 | I22: 20 | J22: 2100 | K22: =J22/I22 -> 105 | L22: 20 | M22: =F22/V22*60 -> 1898.1083 | N22: =M22/L22 -> 94.905417 | O22: =L22-I22 -> 0 | P22: =N22-K22 -> -10.094583 | Q22: =N22/K22 -> 0.90386112 | R22: =Q38 -> 0.90128506 | S22: 0.16666667 | T22: 0.19793981 | V22: 45.044847 | AE22: =M22-J22 -> -201.89166 | AF22: =M22/J22 -> 0.90386112 | AG22: =AF38 -> 0.90128506
B23: 微波小吃 | C23: 馬鈴薯玉米濃湯 | E23: 31.72 | F23: 2044 | G23: =E23*F23 -> 64835.68 | I23: 22 | J23: 2000 | K23: =J23/I23 -> 90.909091 | L23: 22 | M23: =F23/V23*60 -> 1799.8072 | N23: =M23/L23 -> 81.809419 | O23: =L23-I23 -> 0 | P23: =N23-K23 -> -9.0996718 | Q23: =N23/K23 -> 0.89990361 | S23: 0.20208333 | T23: 0.24939815 | U23: 5.9666667 | V23: 68.140631 | AE23: =M23-J23 -> -200.19278 | AF23: =M23/J23 -> 0.89990361
B24: 微波小吃 | C24: 三合一味噌湯 | E24: 34.79 | F24: 2183 | G24: =E24*F24 -> 75946.57 | I24: 11 | J24: 2000 | K24: =J24/I24 -> 181.81818 | L24: 11 | M24: =F24/V24*60 -> 1805.8362 | N24: =M24/L24 -> 164.16693 | O24: =L24-I24 -> 0 | P24: =N24-K24 -> -17.651251 | Q24: =N24/K24 -> 0.90291812 | S24: 0.25277778 | T24: 0.30313657 | U24: 4.8666667 | V24: 72.531494 | AE24: =M24-J24 -> -194.16376 | AF24: =M24/J24 -> 0.90291812
B25: 微波小吃 | C25: 蒸蛋湯 | E25: 33.2 | F25: 3596 | G25: =E25*F25 -> 119387.2 | I25: 11 | J25: 2000 | K25: =J25/I25 -> 181.81818 | L25: 11 | M25: =F25/V25*60 -> 1806.0739 | N25: =M25/L25 -> 164.18854 | O25: =L25-I25 -> 0 | P25: =N25-K25 -> -17.629642 | Q25: =N25/K25 -> 0.90303697 | S25: 0.30625 | T25: 0.38920139 | U25: 5 | V25: 119.46355 | AE25: =M25-J25 -> -193.92607 | AF25: =M25/J25 -> 0.90303697
B26: 微波小吃 | C26: 越式牛肉寬粉 | E26: 51.44 | F26: 3005 | G26: =E26*F26 -> 154577.2 | I26: 19 | J26: 2000 | K26: =J26/I26 -> 105.26316 | L26: 19 | M26: =F26/V26*60 -> 1786.7152 | N26: =M26/L26 -> 94.037644 | O26: =L26-I26 -> 0 | P26: =N26-K26 -> -11.225513 | Q26: =N26/K26 -> 0.89335762 | S26: 0.39305556 | T26: 0.463125 | U26: 5.55 | V26: 100.91144 | W26: 0.463125 | X26: 0.50069444 | AE26: =M26-J26 -> -213.28475 | AF26: =M26/J26 -> 0.89335762
B27: 4℃-壽司手卷 | C27: 海陸雙拼壽司 | E27: 36.45 | F27: 1812 | G27: =E27*F27 -> 66047.4 | I27: 20 | J27: 2100 | K27: =J27/I27 -> 105 | L27: 20 | M27: =F27/V27*60 -> 1898.1083 | N27: =M27/L27 -> 94.905417 | O27: =L27-I27 -> 0 | P27: =N27-K27 -> -10.094583 | Q27: =N27/K27 -> 0.90386112 | S27: 0.50069444 | T27: 0.54046296 | U27: 55 | V27: 57.278079 | AE27: =M27-J27 -> -201.89166 | AF27: =M27/J27 -> 0.90386112
B28: 微波小吃 | C28: 日式茶碗蒸 | E28: 19.7 | F28: 1704 | G28: =E28*F28 -> 33568.8 | I28: 13 | J28: 1200 | K28: =J28/I28 -> 92.307692 | L28: 13 | M28: =F28/V28*60 -> 1082.5705 | N28: =M28/L28 -> 83.274653 | O28: =L28-I28 -> 0 | P28: =N28-K28 -> -9.0330393 | Q28: =N28/K28 -> 0.90214207 | S28: 0.54444444 | T28: 0.61002315 | U28: 5.7333333 | V28: 94.441887 | AE28: =M28-J28 -> -117.42951 | AF28: =M28/J28 -> 0.90214207
B38: 平均 | I38: =AVERAGE(I22:I37) -> 16.571429 | J38: =AVERAGE(J22:J37) -> 1914.2857 | K38: =J38/I38 -> 115.51724 | L38: =AVERAGE(L22:L37) -> 16.571429 | M38: =AVERAGE(M22:M37) -> 1725.3171 | N38: =M38/L38 -> 104.11396 | O38: =L38-I38 -> 0 | P38: =N38-K38 -> -11.403277 | Q38: =N38/K38 -> 0.90128506 | S38: =S22 -> 0.16666667 | T38: =INDEX(T22:T37,COUNTA(T22:T37)) -> 0.61002315 | Y38: =SUM(Y22:Y37) -> 0 | Z38: =SUM(Z22:Z37) -> 0 | AC38: =SUM(AC22:AC37) -> 0 | AD38: =SUM(AD22:AD37) -> 0 | AE38: =M38-J38 -> -188.9686 | AF38: =M38/J38 -> 0.90128506
A39: 涼麵二線 | B39: 微波小吃 | C39: 日式茶碗蒸 | E39: 19.7 | F39: 1818 | G39: =E39*F39 -> 35814.6 | H39: 2 | I39: 13 | J39: 1200 | K39: =J39/I39 -> 92.307692 | L39: 13 | M39: =F39/V39*60 -> 1082.5705 | N39: =M39/L39 -> 83.274653 | O39: =L39-I39 -> 0 | P39: =N39-K39 -> -9.0330393 | Q39: =N39/K39 -> 0.90214207 | R39: =Q55 -> 0.89583722 | S39: 0.16666667 | T39: 0.23663194 | V39: 100.76018 | AE39: =M39-J39 -> -117.42951 | AF39: =M39/J39 -> 0.90214207 | AG39: =AF55 -> 0.89583722
B40: 便當 | C40: 香腸腿排雙拼便當 | E40: 53.76 | F40: 3306 | G40: =E40*F40 -> 177730.56 | I40: 20 | J40: 2000 | K40: =J40/I40 -> 100 | L40: 20 | M40: =F40/V40*60 -> 1787.3673 | N40: =M40/L40 -> 89.368363 | O40: =L40-I40 -> 0 | P40: =N40-K40 -> -10.631637 | Q40: =N40/K40 -> 0.89368363 | S40: 0.23958333 | T40: 0.31664352 | U40: 5 | V40: 110.97887 | AE40: =M40-J40 -> -212.63275 | AF40: =M40/J40 -> 0.89368363
B41: 便當 | C41: 蔬活腿排補力餐盒 | E41: 71.55 | F41: 2424 | G41: =E41*F41 -> 173437.2 | I41: 22 | J41: 2000 | K41: =J41/I41 -> 90.909091 | L41: 22 | M41: =F41/V41*60 -> 1786.9377 | N41: =M41/L41 -> 81.224442 | O41: =L41-I41 -> 0 | P41: =N41-K41 -> -9.6846491 | Q41: =N41/K41 -> 0.89346886 | S41: 0.32013889 | T41: 0.37665509 | U41: 5.0333333 | V41: 81.390637 | AE41: =M41-J41 -> -213.06228 | AF41: =M41/J41 -> 0.89346886
B42: 便當 | C42: 烤蛋白餐盒 | E42: 58.67 | F42: 1172 | G42: =E42*F42 -> 68761.24 | H42: 2 | I42: 23 | J42: 2000 | K42: =J42/I42 -> 86.956522 | L42: 23 | M42: =F42/V42*60 -> 1788.1744 | N42: =M42/L42 -> 77.746711 | O42: =L42-I42 -> 0 | P42: =N42-K42 -> -9.2098109 | Q42: =N42/K42 -> 0.89408718 | S42: 0.37986111 | T42: 0.40716435 | U42: 4.6166667 | V42: 39.325024 | AE42: =M42-J42 -> -211.82565 | AF42: =M42/J42 -> 0.89408718
B43: 便當 | C43: 海陸雙拼肉肉餐盒 | E43: 59.54 | F43: 3194 | G43: =E43*F43 -> 190170.76 | I43: 23 | J43: 2000 | K43: =J43/I43 -> 86.956522 | L43: 23 | M43: =F43/V43*60 -> 1799.0816 | N43: =M43/L43 -> 78.220939 | O43: =L43-I43 -> 0 | P43: =N43-K43 -> -8.7355828 | Q43: =N43/K43 -> 0.8995408 | S43: 0.41111111 | T43: 0.48508102 | U43: 5.6833333 | V43: 106.52102 | W43: 0.48508102 | X43: 0.52361111 | AE43: =M43-J43 -> -200.9184 | AF43: =M43/J43 -> 0.8995408
B44: 便當 | C44: 懷舊滷雙拼便當 | E44: 61.09 | F44: 3350 | G44: =E44*F44 -> 204651.5 | I44: 20 | J44: 2000 | K44: =J44/I44 -> 100 | L44: 20 | M44: =F44/V44*60 -> 1792.7456 | N44: =M44/L44 -> 89.637279 | O44: =L44-I44 -> 0 | P44: =N44-K44 -> -10.362721 | Q44: =N44/K44 -> 0.89637279 | S44: 0.52361111 | T44: 0.60146991 | U44: 55.483333 | V44: 112.11853 | AE44: =M44-J44 -> -207.25441 | AF44: =M44/J44 -> 0.89637279
B45: 便當 | C45: 烤蛋白餐盒 | E45: 58.67 | F45: 2825 | G45: =E45*F45 -> 165742.75 | I45: 23 | J45: 2000 | K45: =J45/I45 -> 86.956522 | L45: 23 | M45: =F45/V45*60 -> 1788.1744 | N45: =M45/L45 -> 77.746711 | O45: =L45-I45 -> 0 | P45: =N45-K45 -> -9.2098109 | Q45: =N45/K45 -> 0.89408718 | S45: 0.60555556 | T45: 0.67137731 | U45: 5.8833333 | V45: 94.789415 | AE45: =M45-J45 -> -211.82565 | AF45: =M45/J45 -> 0.89408718
B55: 平均 | I55: =AVERAGE(I39:I54) -> 20.571429 | J55: =AVERAGE(J39:J54) -> 1885.7143 | K55: =J55/I55 -> 91.666667 | L55: =AVERAGE(L39:L54) -> 20.571429 | M55: =AVERAGE(M39:M54) -> 1689.293 | N55: =M55/L55 -> 82.118412 | O55: =L55-I55 -> 0 | P55: =N55-K55 -> -9.5482546 | Q55: =N55/K55 -> 0.89583722 | S55: =S39 -> 0.16666667 | T55: =INDEX(T39:T54,COUNTA(T39:T54)) -> 0.67137731 | Y55: =SUM(Y39:Y54) -> 0 | Z55: =SUM(Z39:Z54) -> 0 | AC55: =SUM(AC39:AC54) -> 0 | AD55: =SUM(AD39:AD54) -> 0 | AE55: =M55-J55 -> -196.42124 | AF55: =M55/J55 -> 0.89583722
A56: 涼麵三線 | B56: 季節調理麵 | C56: 和風涓絲冷麵 | E56: 28.86 | F56: 2610 | G56: =E56*F56 -> 75324.6 | I56: 19 | J56: 3600 | K56: =J56/I56 -> 189.47368 | L56: 19 | M56: =F56/V56*60 -> 3191.1179 | N56: =M56/L56 -> 167.95358 | O56: =L56-I56 -> 0 | P56: =N56-K56 -> -21.520108 | Q56: =N56/K56 -> 0.88642165 | R56: =Q72 -> 0.89554794 | S56: 0.16666667 | T56: 0.20074074 | V56: 49.073711 | AE56: =M56-J56 -> -408.88206 | AF56: =M56/J56 -> 0.88642165 | AG56: =AF72 -> 0.89554794
B57: 季節調理麵 | C57: 台式麻醬涼麵 | E57: 31.11 | F57: 3515 | G57: =E57*F57 -> 109351.65 | I57: 19 | J57: 3600 | K57: =J57/I57 -> 189.47368 | L57: 19 | M57: =F57/V57*60 -> 3186.7559 | N57: =M57/L57 -> 167.72399 | O57: =L57-I57 -> 0 | P57: =N57-K57 -> -21.749691 | Q57: =N57/K57 -> 0.88520996 | S57: 0.20416667 | T57: 0.25011574 | U57: 4.9333333 | V57: 66.180156 | AE57: =M57-J57 -> -413.24413 | AF57: =M57/J57 -> 0.88520996
B58: 季節調理麵 | C58: 鰹魚烏龍冷麵 | E58: 38.99 | F58: 1594 | G58: =E58*F58 -> 62150.06 | I58: 19 | J58: 3600 | K58: =J58/I58 -> 189.47368 | L58: 19 | M58: =F58/V58*60 -> 3186.0834 | N58: =M58/L58 -> 167.6886 | O58: =L58-I58 -> 0 | P58: =N58-K58 -> -21.785082 | Q58: =N58/K58 -> 0.88502318 | S58: 0.25347222 | T58: 0.27431713 | U58: 4.8333333 | V58: 30.018046 | AE58: =M58-J58 -> -413.91656 | AF58: =M58/J58 -> 0.88502318
B59: 季節調理麵 | C59: 嘉義崇文白醋涼麵 | E59: 35.89 | F59: 5665 | G59: =E59*F59 -> 203316.85 | I59: 19 | J59: 3600 | K59: =J59/I59 -> 189.47368 | L59: 19 | M59: =F59/V59*60 -> 3184.8062 | N59: =M59/L59 -> 167.62138 | O59: =L59-I59 -> 0 | P59: =N59-K59 -> -21.852304 | Q59: =N59/K59 -> 0.8846684 | S59: 0.27847222 | T59: 0.35258102 | U59: 5.9833333 | V59: 106.72549 | AE59: =M59-J59 -> -415.19378 | AF59: =M59/J59 -> 0.8846684
B60: 季節調理麵 | C60: 招牌雞絲胡麻涼麵 | E60: 43.96 | F60: 2233 | G60: =E60*F60 -> 98162.68 | I60: 24 | J60: 3600 | K60: =J60/I60 -> 150 | L60: 24 | M60: =F60/V60*60 -> 3260.9848 | N60: =M60/L60 -> 135.87437 | O60: =L60-I60 -> 0 | P60: =N60-K60 -> -14.125633 | Q60: =N60/K60 -> 0.90582911 | S60: 0.35625 | T60: 0.38478009 | U60: 5.2833333 | V60: 41.085748 | AE60: =M60-J60 -> -339.01519 | AF60: =M60/J60 -> 0.90582911
B61: 季節調理麵 | C61: 日式胡麻雞絲冷麵 | E61: 46.93 | F61: 1960 | G61: =E61*F61 -> 91982.8 | I61: 24 | J61: 3600 | K61: =J61/I61 -> 150 | L61: 24 | M61: =F61/V61*60 -> 3260.2209 | N61: =M61/L61 -> 135.84254 | O61: =L61-I61 -> 0 | P61: =N61-K61 -> -14.157463 | Q61: =N61/K61 -> 0.90561692 | S61: 0.38819444 | T61: 0.41324074 | U61: 4.9166667 | V61: 36.071175 | AE61: =M61-J61 -> -339.77911 | AF61: =M61/J61 -> 0.90561692
B62: 季節調理麵 | C62: 大滿足香辣涼麵 | E62: 38.48 | F62: 5844 | G62: =E62*F62 -> 224877.12 | I62: 20 | J62: 3600 | K62: =J62/I62 -> 180 | L62: 20 | M62: =F62/V62*60 -> 3262.3565 | N62: =M62/L62 -> 163.11783 | O62: =L62-I62 -> 0 | P62: =N62-K62 -> -16.882174 | Q62: =N62/K62 -> 0.90621015 | S62: 0.41666667 | T62: 0.4912963 | U62: 4.9333333 | V62: 107.48059 | W62: 0.4912963 | X62: 0.52986111 | AE62: =M62-J62 -> -337.64348 | AF62: =M62/J62 -> 0.90621015
B63: 季節調理麵 | C63: 大滿足麻醬涼麵 | E63: 37.8 | F63: 7168 | G63: =E63*F63 -> 270950.4 | I63: 21 | J63: 3600 | K63: =J63/I63 -> 171.42857 | L63: 21 | M63: =F63/V63*60 -> 3259.4549 | N63: =M63/L63 -> 155.21214 | O63: =L63-I63 -> 0 | P63: =N63-K63 -> -16.216431 | Q63: =N63/K63 -> 0.90540415 | S63: 0.52986111 | T63: 0.62148148 | U63: 55.533333 | V63: 131.94844 | AE63: =M63-J63 -> -340.54506 | AF63: =M63/J63 -> 0.90540415
B72: 平均 | I72: =AVERAGE(I56:I71) -> 20.625 | J72: =AVERAGE(J56:J71) -> 3600 | K72: =J72/I72 -> 174.54545 | L72: =AVERAGE(L56:L71) -> 20.625 | M72: =AVERAGE(M56:M71) -> 3223.9726 | N72: =M72/L72 -> 156.31382 | O72: =L72-I72 -> 0 | P72: =N72-K72 -> -18.231632 | Q72: =N72/K72 -> 0.89554794 | S72: =S56 -> 0.16666667 | T72: =INDEX(T56:T71,COUNTA(T56:T71)) -> 0.62148148 | Y72: =SUM(Y56:Y71) -> 0 | Z72: =SUM(Z56:Z71) -> 0 | AC72: =SUM(AC56:AC71) -> 0 | AD72: =SUM(AD56:AD71) -> 0 | AE72: =M72-J72 -> -376.02742 | AF72: =M72/J72 -> 0.89554794
A73: 自動包裝機 | B73: 4℃-壽司手卷 | C73: 韓式辣炒豬肉飯卷 | E73: 27.05 | F73: 1349 | G73: =E73*F73 -> 36490.45 | I73: 5 | J73: 3273 | K73: =J73/I73 -> 654.6 | L73: 6 | M73: =F73/V73*60 -> 2961.6419 | N73: =M73/L73 -> 493.60698 | O73: =L73-I73 -> 1 | P73: =N73-K73 -> -160.99302 | Q73: =N73/K73 -> 0.75405894 | R73: =Q89 -> 0.82367706 | S73: 0.40138889 | T73: 0.4203588 | U73: 4.6166667 | V73: 27.329435 | AE73: =M73-J73 -> -311.35812 | AF73: =M73/J73 -> 0.90487072 | AG73: =AF89 -> 0.90604477
B74: 4℃-壽司手卷 | C74: 厚香料優格咖哩烤雞飯卷 | E74: 27.05 | F74: 2114 | G74: =E74*F74 -> 57183.7 | I74: 5 | J74: 3273 | K74: =J74/I74 -> 654.6 | L74: 5 | M74: =F74/V74*60 -> 2969.3272 | N74: =M74/L74 -> 593.86544 | O74: =L74-I74 -> 0 | P74: =N74-K74 -> -60.734565 | Q74: =N74/K74 -> 0.90721881 | S74: 0.42430556 | T74: 0.45396991 | U74: 5.6833333 | V74: 42.716748 | AE74: =M74-J74 -> -303.67282 | AF74: =M74/J74 -> 0.90721881
B89: 平均 | I89: =AVERAGE(I73:I88) -> 5 | J89: =AVERAGE(J73:J88) -> 3273 | K89: =J89/I89 -> 654.6 | L89: =AVERAGE(L73:L88) -> 5.5 | M89: =AVERAGE(M73:M88) -> 2965.4845 | N89: =M89/L89 -> 539.179 | O89: =L89-I89 -> 0.5 | P89: =N89-K89 -> -115.421 | Q89: =N89/K89 -> 0.82367706 | S89: =S73 -> 0.40138889 | T89: =INDEX(T73:T88,COUNTA(T73:T88)) -> 0.45396991 | Y89: =SUM(Y73:Y88) -> 0 | Z89: =SUM(Z73:Z88) -> 0 | AC89: =SUM(AC73:AC88) -> 0 | AD89: =SUM(AD73:AD88) -> 0 | AE89: =M89-J89 -> -307.51547 | AF89: =M89/J89 -> 0.90604477
A90: 自動包裝機2 | B90: 4℃-壽司手卷 | C90: 鮪魚昆布細卷 | E90: 15.51 | F90: 2662 | G90: =E90*F90 -> 41287.62 | I90: 6 | J90: 2600 | K90: =J90/I90 -> 433.33333 | L90: 6 | M90: =F90/V90*60 -> 2352.172 | N90: =M90/L90 -> 392.02866 | O90: =L90-I90 -> 0 | P90: =N90-K90 -> -41.304669 | Q90: =N90/K90 -> 0.90468153 | R90: =Q106 -> 0.90437101 | S90: 0.25 | T90: 0.29715278 | V90: 67.903198 | AE90: =M90-J90 -> -247.82802 | AF90: =M90/J90 -> 0.90468153 | AG90: =AF106 -> 0.90437101
B91: 4℃-壽司手卷 | C91: 肉鬆火腿細卷 | E91: 15.01 | F91: 2915 | G91: =E91*F91 -> 43754.15 | I91: 6 | J91: 2600 | K91: =J91/I91 -> 433.33333 | L91: 6 | M91: =F91/V91*60 -> 2350.5572 | N91: =M91/L91 -> 391.75954 | O91: =L91-I91 -> 0 | P91: =N91-K91 -> -41.573792 | Q91: =N91/K91 -> 0.90406048 | S91: 0.30069444 | T91: 0.35236111 | U91: 5.1 | V91: 74.407888 | AE91: =M91-J91 -> -249.44275 | AF91: =M91/J91 -> 0.90406048
B106: 平均 | I106: =AVERAGE(I90:I105) -> 6 | J106: =AVERAGE(J90:J105) -> 2600 | K106: =J106/I106 -> 433.33333 | L106: =AVERAGE(L90:L105) -> 6 | M106: =AVERAGE(M90:M105) -> 2351.3646 | N106: =M106/L106 -> 391.8941 | O106: =L106-I106 -> 0 | P106: =N106-K106 -> -41.439231 | Q106: =N106/K106 -> 0.90437101 | S106: =S90 -> 0.25 | T106: =INDEX(T90:T105,COUNTA(T90:T105)) -> 0.35236111 | Y106: =SUM(Y90:Y105) -> 0 | Z106: =SUM(Z90:Z105) -> 0 | AC106: =SUM(AC90:AC105) -> 0 | AD106: =SUM(AD90:AD105) -> 0 | AE106: =M106-J106 -> -248.63538 | AF106: =M106/J106 -> 0.90437101
A107: 便當二線 (二配) | B107: 微波主食 | C107: 二配鐵板豆腐燴蛋蓋飯 | E107: 44.98 | F107: 1002 | G107: =E107*F107 -> 45069.96 | I107: 21 | J107: 1800 | K107: =J107/I107 -> 85.714286 | L107: 21 | M107: =F107/V107*60 -> 1608.8855 | N107: =M107/L107 -> 76.613597 | O107: =L107-I107 -> 0 | P107: =N107-K107 -> -9.1006889 | Q107: =N107/K107 -> 0.8938253 | R107: =Q123 -> 0.91625926 | S107: 0.70833333 | T107: 0.73428241 | V107: 37.367481 | AE107: =M107-J107 -> -191.11447 | AF107: =M107/J107 -> 0.8938253 | AG107: =AF123 -> 0.89444356
B108: 微波主食 | C108: 二配西班牙風味海鮮燉飯 | E108: 57.3 | F108: 2779 | G108: =E108*F108 -> 159236.7 | I108: 21 | J108: 2000 | K108: =J108/I108 -> 95.238095 | L108: 20 | M108: =F108/V108*60 -> 1790 | N108: =M108/L108 -> 89.5 | O108: =L108-I108 -> -1 | P108: =N108-K108 -> -5.7380952 | Q108: =N108/K108 -> 0.93975 | S108: 0.73819444 | T108: 0.80288194 | U108: 5.6333333 | V108: 93.150838 | AE108: =M108-J108 -> -210 | AF108: =M108/J108 -> 0.895
B123: 平均 | I123: =AVERAGE(I107:I122) -> 21 | J123: =AVERAGE(J107:J122) -> 1900 | K123: =J123/I123 -> 90.47619 | L123: =AVERAGE(L107:L122) -> 20.5 | M123: =AVERAGE(M107:M122) -> 1699.4428 | N123: =M123/L123 -> 82.899647 | O123: =L123-I123 -> -0.5 | P123: =N123-K123 -> -7.5765433 | Q123: =N123/K123 -> 0.91625926 | S123: =S107 -> 0.70833333 | T123: =INDEX(T107:T122,COUNTA(T107:T122)) -> 0.80288194 | Y123: =SUM(Y107:Y122) -> 0 | Z123: =SUM(Z107:Z122) -> 0 | AC123: =SUM(AC107:AC122) -> 0 | AD123: =SUM(AD107:AD122) -> 0 | AE123: =M123-J123 -> -200.55723 | AF123: =M123/J123 -> 0.89444356
A124: 涼麵一線 (二配) | B124: 微波主食 | C124: 二配黃金雞排蘑菇白醬歐姆蛋飯 | E124: 56.87 | F124: 1604 | G124: =E124*F124 -> 91219.48 | I124: 23 | J124: 2000 | K124: =J124/I124 -> 86.956522 | L124: 23 | M124: =F124/V124*60 -> 1791.5608 | N124: =M124/L124 -> 77.893946 | O124: =L124-I124 -> 0 | P124: =N124-K124 -> -9.0625756 | Q124: =N124/K124 -> 0.89578038 | R124: =Q140 -> 0.89624095 | S124: 0.70833333 | T124: 0.74563657 | V124: 53.718524 | AE124: =M124-J124 -> -208.43924 | AF124: =M124/J124 -> 0.89578038 | AG124: =AF140 -> 0.89624095
B125: 微波主食 | C125: 二配里肌豬排可可咖哩歐姆蛋飯 | E125: 56.79 | F125: 2257 | G125: =E125*F125 -> 128175.03 | I125: 23 | J125: 2000 | K125: =J125/I125 -> 86.956522 | L125: 23 | M125: =F125/V125*60 -> 1791.4717 | N125: =M125/L125 -> 77.890072 | O125: =L125-I125 -> 0 | P125: =N125-K125 -> -9.0664493 | Q125: =N125/K125 -> 0.89573583 | S125: 0.74930556 | T125: 0.80179398 | U125: 5.2833333 | V125: 75.591483 | AE125: =M125-J125 -> -208.52833 | AF125: =M125/J125 -> 0.89573583
B126: 微波主食 | C126: 二配哞哞培根奶香海陸焗飯 | E126: 47.6 | F126: 1973 | G126: =E126*F126 -> 93914.8 | I126: 23 | J126: 2000 | K126: =J126/I126 -> 86.956522 | L126: 23 | M126: =F126/V126*60 -> 1794.4133 | N126: =M126/L126 -> 78.017968 | O126: =L126-I126 -> 0 | P126: =N126-K126 -> -8.9385541 | Q126: =N126/K126 -> 0.89720663 | S126: 0.80555556 | T126: 0.85136574 | U126: 5.4166667 | V126: 65.971425 | AE126: =M126-J126 -> -205.58674 | AF126: =M126/J126 -> 0.89720663
B140: 平均 | I140: =AVERAGE(I124:I139) -> 23 | J140: =AVERAGE(J124:J139) -> 2000 | K140: =J140/I140 -> 86.956522 | L140: =AVERAGE(L124:L139) -> 23 | M140: =AVERAGE(M124:M139) -> 1792.4819 | N140: =M140/L140 -> 77.933995 | O140: =L140-I140 -> 0 | P140: =N140-K140 -> -9.0225263 | Q140: =N140/K140 -> 0.89624095 | S140: =S124 -> 0.70833333 | T140: =INDEX(T124:T139,COUNTA(T124:T139)) -> 0.85136574 | Y140: =SUM(Y124:Y139) -> 0 | Z140: =SUM(Z124:Z139) -> 0 | AC140: =SUM(AC124:AC139) -> 0 | AD140: =SUM(AD124:AD139) -> 0 | AE140: =M140-J140 -> -207.51811 | AF140: =M140/J140 -> 0.89624095
A141: 涼麵二線 (二配) | B141: 微波主食 | C141: 二配酸酸辣辣椒麻雞飯 | E141: 52.21 | F141: 2510 | G141: =E141*F141 -> 131047.1 | I141: 18 | J141: 2000 | K141: =J141/I141 -> 111.11111 | L141: 18 | M141: =F141/V141*60 -> 1789.5137 | N141: =M141/L141 -> 99.417429 | O141: =L141-I141 -> 0 | P141: =N141-K141 -> -11.693683 | Q141: =N141/K141 -> 0.89475686 | R141: =Q157 -> 0.89430749 | S141: 0.70833333 | T141: 0.76677083 | V141: 84.156941 | AE141: =M141-J141 -> -210.48629 | AF141: =M141/J141 -> 0.89475686 | AG141: =AF157 -> 0.89430749
B142: 微波主食 | C142: 二配香烤魚排青醬燉飯 | E142: 58.17 | F142: 2030 | G142: =E142*F142 -> 118085.1 | I142: 18 | J142: 2000 | K142: =J142/I142 -> 111.11111 | L142: 18 | M142: =F142/V142*60 -> 1788.4 | N142: =M142/L142 -> 99.355556 | O142: =L142-I142 -> 0 | P142: =N142-K142 -> -11.755556 | Q142: =N142/K142 -> 0.8942 | S142: 0.77013889 | T142: 0.81743056 | U142: 4.85 | V142: 68.105569 | AE142: =M142-J142 -> -211.6 | AF142: =M142/J142 -> 0.8942
B143: 微波主食 | C143: 二配濃起司燻腸紅醬焗烤飯 | E143: 50.67 | F143: 1475 | G143: =E143*F143 -> 74738.25 | I143: 20 | J143: 2000 | K143: =J143/I143 -> 100 | L143: 20 | M143: =F143/V143*60 -> 1787.9312 | N143: =M143/L143 -> 89.39656 | O143: =L143-I143 -> 0 | P143: =N143-K143 -> -10.60344 | Q143: =N143/K143 -> 0.8939656 | S143: 0.82152778 | T143: 0.8558912 | U143: 5.9 | V143: 49.498549 | AE143: =M143-J143 -> -212.0688 | AF143: =M143/J143 -> 0.8939656
B157: 平均 | I157: =AVERAGE(I141:I156) -> 18.666667 | J157: =AVERAGE(J141:J156) -> 2000 | K157: =J157/I157 -> 107.14286 | L157: =AVERAGE(L141:L156) -> 18.666667 | M157: =AVERAGE(M141:M156) -> 1788.615 | N157: =M157/L157 -> 95.818659 | O157: =L157-I157 -> 0 | P157: =N157-K157 -> -11.324198 | Q157: =N157/K157 -> 0.89430749 | S157: =S141 -> 0.70833333 | T157: =INDEX(T141:T156,COUNTA(T141:T156)) -> 0.8558912 | Y157: =SUM(Y141:Y156) -> 0 | Z157: =SUM(Z141:Z156) -> 0 | AC157: =SUM(AC141:AC156) -> 0 | AD157: =SUM(AD141:AD156) -> 0 | AE157: =M157-J157 -> -211.38503 | AF157: =M157/J157 -> 0.89430749
AA159: 原因回覆
AA160: 1.當日出勤人數較多
AA161: 2.當日出勤人數較少
AA162: 3.當日出勤熟手較多
AA163: 4.當日出勤新人較多
AA164: 5.機台夾盒
AA165: 6.封膜不順
AA166: 7.更換膠膜
AA167: 8.更換碳帶
AA168: 9.當日熱轉印碳帶異常
AA169: 10.訂單量過少
AA170: 11.新品上市，尚未熟悉
AA171: 12.活動期間品項需貼標

Sheet 0628
B1: 屏榮 大溪廠組合室生產人時性分析
B3: 日期 | C3: 115.06.28星期日 | E3: 訂單量 | F3: ='0628(18度C)'!D1+'0628(4度C)'!D1 -> 230704 | H3: 營業額 | I3: ='0628(18度C)'!F1+'0628(4度C)'!F1 -> 7367341.3
B4: 人時性 | C4: 項目 | E4: ➀ | G4: ➁ | I4: ➂ | K4: ④ | M4: ⑤ | O4: 異常停線 | Q4: 短暫停線
C5: 組合室 | E5: 全溫層 | G5: 4度C-各編組展開(一配) | I5: 4度C-各編組展開(二配) | K5: 18度C-各編組展開(一配) | M5: 18度C-各編組展開(二配) | O5: 合計次數 | P5: 時間 | Q5: 合計次數 | R5: 設備次數
C6: 排關平均 | E6: =AVERAGE(D14:O14,D32:X32) -> 459.96265 | F6: =AVERAGE(#REF!,D14:K14) -> #REF! | G6: =AVERAGE(D14:K14) -> 259.66177 | I6: =AVERAGE(L14:O14) -> 94.858523 | K6: =AVERAGE(D32:O32) -> 758.22628 | M6: =AVERAGE(P32:X32) -> 735.97845 | O6: ='0628(4度C)'!Y2 -> 0 | P6: ='0628(4度C)'!Z2 -> 0 | Q6: ='0628(4度C)'!AC2 -> 0 | R6: ='0628(4度C)'!AD2 -> 0
C7: 實績平均 | E7: =AVERAGE(D15:O15,D33:X33) -> 408.84535 | F7: =AVERAGE(#REF!,D15:K15) -> #REF! | G7: =AVERAGE(D15:K15) -> 225.59683 | I7: =AVERAGE(L15:O15) -> 85.545772 | K7: =AVERAGE(D33:O33) -> 676.81016 | M7: =AVERAGE(P33:X33) -> 658.228
C8: 達成率平均 | E8: =AVERAGE(D16:O16,D34:X34) -> 0.89256384 | F8: =AVERAGE(D16:K16,#REF!) -> #REF! | G8: =AVERAGE(D16:K16) -> 0.88777796 | I8: =AVERAGE(L16:O16) -> 0.90221347 | K8: =AVERAGE(D34:O34) -> 0.89066589 | M8: =AVERAGE(P34:X34) -> 0.89440338
O9: ※現行日本鮮食廠以達成率80%為基本(即為現行KPI)
B11: 溫層 | D11: ➁4度C-各編組展開 | L11: ➂4度C-各編組展開
B12: 編組 | D12: 1 | E12: 2 | F12: 3 | G12: 4 | H12: 5 | I12: 6 | J12: 7 | K12: 8 | L12: 1 | M12: 2 | N12: 3 | O12: 4
D13: 便當一線 | E13: 便當二線 | F13: 涼麵一線 | G13: 涼麵二線 | H13: 涼麵三線 | I13: 自動包裝機 | J13: 自動包裝機2 | K13: 自動包裝機3 | L13: 便當一線 | M13: 便當二線 | N13: 涼麵一線 | O13: 涼麵二線
B14: 人時性 | C14: 排關 | D14: - | E14: 89.308511 | F14: 115.51724 | G14: 91.017964 | H14: 174.19355 | I14: 654.6 | J14: 433.33333 | K14: - | L14: - | M14: 90.47619 | N14: 86.956522 | O14: 107.14286
C15: 實績 | D15: - | E15: 80.826824 | F15: 104.10128 | G15: 81.56619 | H15: 156.16234 | I15: 539.03023 | J15: 391.8941 | K15: - | L15: - | M15: 82.905625 | N15: 77.916604 | O15: 95.815088
C16: 達成率 | D16: - | E16: =E15/E14 -> 0.90502935 | F16: =F15/F14 -> 0.90117523 | G16: =G15/G14 -> 0.89615485 | H16: =H15/H14 -> 0.89648752 | I16: =I15/I14 -> 0.82344979 | J16: =J15/J14 -> 0.90437101 | K16: - | L16: - | M16: =M15/M14 -> 0.91632532 | N16: =N15/N14 -> 0.89604095 | O16: =O15/O14 -> 0.89427415
B17: 作業 時間 | C17: 開始 | D17: - | E17: 0.16666667 | F17: 0.16666667 | G17: 0.16666667 | H17: 0.16666667 | I17: 0.25 | J17: 0.25 | K17: - | L17: - | M17: 0.70833333 | N17: 0.70833333 | O17: 0.70833333
C18: 結束 | D18: - | E18: 0.69244213 | F18: 0.6143287 | G18: 0.69771991 | H18: 0.62399306 | I18: 0.45010417 | J18: 0.34383102 | K18: - | L18: - | M18: 0.80559028 | N18: 0.8546412 | O18: 0.85969907
B19: 產線異常 (5分鐘以上) | C19: 次數
C20: 時間/分
B21: 短暫停線 (5分鐘以下) | C21: 次數
C22: 設備次數
B23: 配置人數 | D23: - | E23: 24 | F23: 16.571429 | G23: 20.875 | H23: 20.666667 | I23: 5.5 | J23: 6 | K23: - | L23: - | M23: 20.5 | N23: 23 | O23: 18.666667
B24: 主要應用設備 | D24: L型封口機 | E24: ET-55 | F24: ET-55 | G24: ET-55 | H24: ET-600 | I24: 伺服包裝機 | J24: 伺服包裝機 | K24: 伺服包裝機 | L24: L型封口機 | M24: ET-55 | N24: ET-55 | O24: ET-55
B25: 次要應用設備 | D25: 伺服包裝機 | H25: 伺服包裝機
B26: 備註 | H26: 涼麵+烤飯糰 | I26: 大口飯糰線 | K26: 烤飯糰+手卷
B29: 溫層 | D29: ➃18度C-各編組展開 (一配) | P29: ⑤18度C-各編組展開 (二配)
B30: 編組 | D30: 1 | E30: 2 | F30: 3 | G30: 4 | H30: 5 | I30: 6 | J30: 7 | K30: 8 | L30: 9 | M30: 10 | N30: 11 | O30: 12 | P30: 1 | Q30: 2 | R30: 3 | S30: 4 | T30: 5 | U30: 6 | V30: 7 | W30: 8 | X30: 9
D31: 便當一線 | E31: 涼麵一線 | F31: 涼麵三線 | G31: 自動包裝機 | H31: 自動包裝機2 | I31: 自動包裝機3 | J31: 味付飯糰線B | K31: (舊) 3300型飯糰線 | L31: 3000型飯糰線 | M31: (新) 3300型飯糰機 | N31: GKK3600型 飯糰機 | O31: GKK3600型 飯糰機2 | P31: 自動包裝機 | Q31: 自動包裝機2 | R31: 自動包裝機3 | S31: 味付飯糰線B | T31: (舊) 3300型飯糰線 | U31: 3000型飯糰線 | V31: (新) 3300型飯糰機 | W31: GKK3600型 飯糰機 | X31: GKK3600型 飯糰機2
B32: 人時性 | C32: 排關 | D32: - | E32: - | F32: - | G32: 327.27273 | H32: - | I32: - | J32: - | K32: - | L32: - | M32: 825 | N32: 954.54545 | O32: 926.08696 | P32: 348.3871 | Q32: - | R32: - | S32: - | T32: - | U32: - | V32: 757.14286 | W32: 927.27273 | X32: 911.11111
C33: 實績 | D33: - | E33: - | F33: - | G33: 287.38799 | H33: - | I33: - | J33: - | K33: - | L33: - | M33: 747.21119 | N33: 848.49084 | O33: 824.15062 | P33: 310.63637 | Q33: - | R33: - | S33: - | T33: - | U33: - | V33: 685.29017 | W33: 826.96392 | X33: 810.02156
C34: 達成率 | D34: - | E34: - | F34: - | G34: =G33/G32 -> 0.87812996 | H34: - | I34: - | J34: - | K34: - | L34: - | M34: =M33/M32 -> 0.90571053 | N34: =N33/N32 -> 0.88889516 | O34: =O33/O32 -> 0.8899279 | P34: =P33/P32 -> 0.89164142 | Q34: - | R34: - | S34: - | T34: - | U34: - | V34: =V33/V32 -> 0.90510022 | W34: =W33/W32 -> 0.89182384 | X34: =X33/X32 -> 0.88904805
B35: 作業 時間 | C35: 開始 | D35: - | E35: - | F35: - | G35: 0.25 | H35: - | I35: - | J35: - | K35: - | L35: - | M35: 0.36180556 | N35: 0.25 | O35: 0.25 | P35: 0.70833333 | Q35: - | R35: - | S35: - | T35: - | U35: - | V35: 0.70833333 | W35: 0.76111111 | X35: 0.70833333
C36: 結束 | D36: - | E36: - | F36: - | G36: 0.45010417 | H36: - | I36: - | J36: - | K36: - | L36: - | M36: 0.47414352 | N36: 0.5534838 | O36: 0.55600694 | P36: 0.78071759 | Q36: - | R36: - | S36: - | T36: - | U36: - | V36: 0.89368056 | W36: 1.1273495 | X36: 1.1584144
B37: 配置人數 | D37: - | E37: - | F37: - | G37: 11 | H37: - | I37: - | J37: - | K37: - | L37: - | M37: 4 | N37: 3.6666667 | O37: 3.8333333 | P37: 10.333333 | Q37: - | R37: - | S37: - | T37: - | U37: - | V37: 4.2 | W37: 3.6666667 | X37: 3.8571429
B38: 主要應用設備 | D38: 伺服包裝機 | E38: ET-55 | F38: ET-600 | G38: 夾心型 | H38: 伺服包裝機 | I38: 伺服包裝機 | J38: 夾心型 | K38: 3300型 | L38: 3300型 | M38: 3300型 | N38: GKK | O38: GKK | P38: 夾心型 | Q38: 伺服包裝機 | R38: 伺服包裝機 | S38: 夾心型 | T38: 3300型 | U38: 3300型 | V38: 3300型 | W38: GKK | X38: GKK
B39: 次要應用設備
B40: 備註

Sheet 0628(18度C)
A1: 大溪廠日報分析 | C1: 總生產量 | D1: =SUM(F5:F140) -> 119911 | E1: 營業額 | F1: =SUM(G5:G140) -> 2329079.6 | G1: 出勤人數 | H1: =L21+L38+L55+L72+L89+L106+L123+L140 -> 44.557143 | I1: 產線配置圖 | L1: 生產實績 | O1: 人時性差異分析 | S1: 日報登錄 | Y1: 分析說明 | AA1: 產能差異分析
A2: 46201 | C2: 人時性 | D2: =AVERAGE(N21,N38,N55,N72,N89,N106,N123,N140) -> 667.51908 | E2: 平均廠價 | F2: =F1/D1 -> 19.423402 | G2: 多次生產數 | H2: =COUNT(H5:H140) -> 9
A3: 線別 | B3: 品類 | C3: 品名 | E3: 廠價 | F3: 生產量 | G3: 營收 | H3: 多次 生產 | I3: 人數 | J3: 產能/時 | K3: 人時性 | L3: 人數 | M3: 產能/時 | N3: 人時性 | O3: 人數 | P3: 人時性 | Q3: 達成率 | R3: 達成率 平均 | S3: 生產時間 | U3: 換線、休息/分 | V3: 稼動時間/分 | W3: 休息時間 | Y3: (屏榮回填) | AA3: 產能/時 | AB3: 達成率 | AC3: 達成率平均
S4: 開始 | T4: 結束 | W4: 開始 | X4: 結束
A5: 自動包裝機 | B5: 18℃-壽司手卷 | C5: 一配長野稻荷壽司 | E5: 25.64 | F5: 1934 | G5: =E5*F5 -> 49587.76 | I5: 10 | J5: 3600 | K5: =J5/I5 -> 360 | L5: 10 | M5: =F5/V5*60 -> 3211.8496 | N5: =M5/L5 -> 321.18496 | O5: =L5-I5 -> 0 | P5: =N5-K5 -> -38.815045 | Q5: =N5/K5 -> 0.89218043 | R5: =Q21 -> 0.87812996 | S5: 0.25 | T5: 0.27508102 | V5: 36.128716 | AA5: =M5-J5 -> -388.15045 | AB5: =M5/J5 -> 0.89218043 | AC5: =AB21 -> 0.87812996
B6: 18℃-壽司手卷 | C6: 一配經典人氣雙手卷 | E6: 29.52 | F6: 3167 | G6: =E6*F6 -> 93489.84 | I6: 11 | J6: 3600 | K6: =J6/I6 -> 327.27273 | L6: 11 | M6: =F6/V6*60 -> 3159.5641 | N6: =M6/L6 -> 287.2331 | O6: =L6-I6 -> 0 | P6: =N6-K6 -> -40.039627 | Q6: =N6/K6 -> 0.87765669 | S6: 0.27916667 | T6: 0.32092593 | U6: 5.8833333 | V6: 60.141207 | AA6: =M6-J6 -> -440.4359 | AB6: =M6/J6 -> 0.87765669
B7: 18℃-壽司手卷 | C7: 一配鮭鮪海饌雙手卷 | E7: 29.85 | F7: 3569 | G7: =E7*F7 -> 106534.65 | I7: 11 | J7: 3600 | K7: =J7/I7 -> 327.27273 | L7: 11 | M7: =F7/V7*60 -> 3161.3968 | N7: =M7/L7 -> 287.39971 | O7: =L7-I7 -> 0 | P7: =N7-K7 -> -39.873021 | Q7: =N7/K7 -> 0.87816577 | S7: 0.32430556 | T7: 0.37134259 | U7: 4.8666667 | V7: 67.735883 | AA7: =M7-J7 -> -438.60324 | AB7: =M7/J7 -> 0.87816577
B8: 18℃-飯糰 | C8: 一配兩粒飯糰(鮪魚.焦糖鮭魚) | E8: 28.57 | F8: 1959 | G8: =E8*F8 -> 55968.63 | I8: 12 | J8: 3600 | K8: =J8/I8 -> 300 | L8: 12 | M8: =F8/V8*60 -> 3112.2611 | N8: =M8/L8 -> 259.35509 | O8: =L8-I8 -> 0 | P8: =N8-K8 -> -40.64491 | Q8: =N8/K8 -> 0.86451697 | S8: 0.37430556 | T8: 0.40053241 | U8: 5 | V8: 37.766754 | AA8: =M8-J8 -> -487.73892 | AB8: =M8/J8 -> 0.86451697
B21: 平均 | I21: =AVERAGE(I5:I20) -> 11 | J21: =AVERAGE(J5:J20) -> 3600 | K21: =J21/I21 -> 327.27273 | L21: =AVERAGE(L5:L20) -> 11 | M21: =AVERAGE(M5:M20) -> 3161.2679 | N21: =M21/L21 -> 287.38799 | O21: =L21-I21 -> 0 | P21: =N21-K21 -> -39.884739 | Q21: =N21/K21 -> 0.87812996 | S21: 0.25 | T21: 0.45010417 | AA21: =M21-J21 -> -438.73213 | AB21: =M21/J21 -> 0.87812996
A22: (新) 3300型飯糰機 | B22: 18℃-飯糰 | C22: 一配鮭魚奶油醬油飯糰 | E22: 18.53 | F22: 2935 | G22: =E22*F22 -> 54385.55 | I22: 3 | J22: 3300 | K22: =J22/I22 -> 1100 | L22: 3 | M22: =F22/V22*60 -> 2986.9343 | N22: =M22/L22 -> 995.64476 | O22: =L22-I22 -> 0 | P22: =N22-K22 -> -104.35524 | Q22: =N22/K22 -> 0.9051316 | R22: =Q38 -> 0.90571053 | S22: 0.36180556 | T22: 0.40274306 | V22: 58.956771 | AA22: =M22-J22 -> -313.06572 | AB22: =M22/J22 -> 0.9051316 | AC22: =AB38 -> 0.90571053
B23: 18℃-飯糰 | C23: 一配壹號醬炙烤牛飯糰 | E23: 22.28 | F23: 1248 | G23: =E23*F23 -> 27805.44 | I23: 5 | J23: 3300 | K23: =J23/I23 -> 660 | L23: 5 | M23: =F23/V23*60 -> 2989.8 | N23: =M23/L23 -> 597.96 | O23: =L23-I23 -> 0 | P23: =N23-K23 -> -62.04 | Q23: =N23/K23 -> 0.906 | S23: 0.40625 | T23: 0.42363426 | U23: 5.05 | V23: 25.045154 | AA23: =M23-J23 -> -310.2 | AB23: =M23/J23 -> 0.906
B24: 18℃-飯糰 | C24: 一配鹽蔥燒肉飯糰 | E24: 17.89 | F24: 3377 | G24: =E24*F24 -> 60414.53 | I24: 4 | J24: 3300 | K24: =J24/I24 -> 825 | L24: 4 | M24: =F24/V24*60 -> 2989.8 | N24: =M24/L24 -> 747.45 | O24: =L24-I24 -> 0 | P24: =N24-K24 -> -77.55 | Q24: =N24/K24 -> 0.906 | S24: 0.42708333 | T24: 0.47414352 | U24: 4.9666667 | V24: 67.770419 | AA24: =M24-J24 -> -310.2 | AB24: =M24/J24 -> 0.906
B38: 平均 | I38: =AVERAGE(I22:I37) -> 4 | J38: =AVERAGE(J22:J37) -> 3300 | K38: =J38/I38 -> 825 | L38: =AVERAGE(L22:L37) -> 4 | M38: =AVERAGE(M22:M37) -> 2988.8448 | N38: =M38/L38 -> 747.21119 | O38: =L38-I38 -> 0 | P38: =N38-K38 -> -77.78881 | Q38: =N38/K38 -> 0.90571053 | S38: 0.36180556 | T38: 0.47414352 | AA38: =M38-J38 -> -311.15524 | AB38: =M38/J38 -> 0.90571053
A39: GKK3600型 飯糰機 | B39: 18℃-飯糰 | C39: 一配山葵章魚飯糰 | E39: 25.2 | F39: 1637 | G39: =E39*F39 -> 41252.4 | I39: 3 | J39: 3600 | K39: =J39/I39 -> 1200 | L39: 3 | M39: =F39/V39*60 -> 3186.3489 | N39: =M39/L39 -> 1062.1163 | O39: =L39-I39 -> 0 | P39: =N39-K39 -> -137.8837 | Q39: =N39/K39 -> 0.88509692 | R39: =Q55 -> 0.88889516 | S39: 0.25 | T39: 0.27140046 | V39: 30.82525 | AA39: =M39-J39 -> -413.6511 | AB39: =M39/J39 -> 0.88509692 | AC39: =AB55 -> 0.88889516
B40: 18℃-飯糰 | C40: 一配熟成紅鮭飯糰 | E40: 25.03 | F40: 1527 | G40: =E40*F40 -> 38220.81 | I40: 5 | J40: 3600 | K40: =J40/I40 -> 720 | L40: 5 | M40: =F40/V40*60 -> 3192.0562 | N40: =M40/L40 -> 638.41123 | O40: =L40-I40 -> 0 | P40: =N40-K40 -> -81.588766 | Q40: =N40/K40 -> 0.88668227 | S40: 0.28125 | T40: 0.30118056 | U40: 15 | V40: 28.702502 | AA40: =M40-J40 -> -407.94383 | AB40: =M40/J40 -> 0.88668227
B41: 18℃-飯糰 | C41: 一配蔬食鮪魚飯糰 | E41: 18.18 | F41: 1431 | G41: =E41*F41 -> 26015.58 | I41: 3 | J41: 3600 | K41: =J41/I41 -> 1200 | L41: 3 | M41: =F41/V41*60 -> 3186.6259 | N41: =M41/L41 -> 1062.2086 | O41: =L41-I41 -> 0 | P41: =N41-K41 -> -137.79136 | Q41: =N41/K41 -> 0.88517386 | S41: 0.31111111 | T41: 0.32981481 | U41: 15 | V41: 26.943859 | AA41: =M41-J41 -> -413.37409 | AB41: =M41/J41 -> 0.88517386
B42: 18℃-飯糰 | C42: 一配柚檸海灣貝飯糰 | E42: 23.72 | F42: 1620 | G42: =E42*F42 -> 38426.4 | I42: 5 | J42: 3600 | K42: =J42/I42 -> 720 | L42: 5 | M42: =F42/V42*60 -> 3194.8311 | N42: =M42/L42 -> 638.96623 | O42: =L42-I42 -> 0 | P42: =N42-K42 -> -81.03377 | Q42: =N42/K42 -> 0.8874531 | S42: 0.33958333 | T42: 0.36070602 | U42: 15 | V42: 30.424143 | AA42: =M42-J42 -> -405.16885 | AB42: =M42/J42 -> 0.8874531
B43: 18℃-飯糰 | C43: 一配鮪魚飯糰 | E43: 14.28 | F43: 7297 | G43: =E43*F43 -> 104201.16 | I43: 3 | J43: 3600 | K43: =J43/I43 -> 1200 | L43: 3 | M43: =F43/V43*60 -> 3190.4441 | N43: =M43/L43 -> 1063.4814 | O43: =L43-I43 -> 0 | P43: =N43-K43 -> -136.51864 | Q43: =N43/K43 -> 0.88623447 | S43: 0.37083333 | T43: 0.46612269 | U43: 14.583333 | V43: 137.22854 | AA43: =M43-J43 -> -409.55591 | AB43: =M43/J43 -> 0.88623447
B44: 18℃-飯糰 | C44: 一配經典肉鬆飯糰 | E44: 14.03 | F44: 5027 | G44: =E44*F44 -> 70528.81 | I44: 3 | J44: 3000 | K44: =J44/I44 -> 1000 | L44: 3 | M44: =F44/V44*60 -> 2716.4922 | N44: =M44/L44 -> 905.49739 | O44: =L44-I44 -> 0 | P44: =N44-K44 -> -94.502611 | Q44: =N44/K44 -> 0.90549739 | S44: 0.47638889 | T44: 0.5534838 | U44: 14.783333 | V44: 111.0329 | AA44: =M44-J44 -> -283.50783 | AB44: =M44/J44 -> 0.90549739
B55: 平均 | I55: =AVERAGE(I39:I54) -> 3.6666667 | J55: =AVERAGE(J39:J54) -> 3500 | K55: =J55/I55 -> 954.54545 | L55: =AVERAGE(L39:L54) -> 3.6666667 | M55: =AVERAGE(M39:M54) -> 3111.1331 | N55: =M55/L55 -> 848.49084 | O55: =L55-I55 -> 0 | P55: =N55-K55 -> -106.05462 | Q55: =N55/K55 -> 0.88889516 | S55: 0.25 | T55: 0.5534838 | AA55: =M55-J55 -> -388.86694 | AB55: =M55/J55 -> 0.88889516
A56: GKK3600型 飯糰機2 | B56: 18℃-飯糰 | C56: 一配黑胡椒洋蔥豬飯糰 | E56: 17.07 | F56: 3154 | G56: =E56*F56 -> 53838.78 | I56: 3 | J56: 3300 | K56: =J56/I56 -> 1100 | L56: 3 | M56: =F56/V56*60 -> 2976.7888 | N56: =M56/L56 -> 992.26294 | O56: =L56-I56 -> 0 | P56: =N56-K56 -> -107.73706 | Q56: =N56/K56 -> 0.90205722 | R56: =Q72 -> 0.8899279 | S56: 0.25 | T56: 0.29414352 | V56: 63.571859 | AA56: =M56-J56 -> -323.21119 | AB56: =M56/J56 -> 0.90205722 | AC56: =AB72 -> 0.8899279
B57: 18℃-飯糰 | C57: 一配椒鹽檸檬鯖魚飯糰 | E57: 20.72 | F57: 3080 | G57: =E57*F57 -> 63817.6 | I57: 3 | J57: 3600 | K57: =J57/I57 -> 1200 | L57: 3 | M57: =F57/V57*60 -> 3200.438 | N57: =M57/L57 -> 1066.8127 | O57: =L57-I57 -> 0 | P57: =N57-K57 -> -133.18734 | Q57: =N57/K57 -> 0.88901055 | S57: 0.30416667 | T57: 0.34425926 | U57: 15 | V57: 57.742097 | AA57: =M57-J57 -> -399.56202 | AB57: =M57/J57 -> 0.88901055
B58: 18℃-飯糰 | C58: 一配北海道秋鮭親子飯糰 | E58: 24.82 | F58: 1859 | G58: =E58*F58 -> 46140.38 | I58: 5 | J58: 3600 | K58: =J58/I58 -> 720 | L58: 5 | M58: =F58/V58*60 -> 3199.7033 | N58: =M58/L58 -> 639.94067 | O58: =L58-I58 -> 0 | P58: =N58-K58 -> -80.059334 | Q58: =N58/K58 -> 0.88880648 | S58: 0.35416667 | T58: 0.37836806 | U58: 15 | V58: 34.859482 | AA58: =M58-J58 -> -400.29667 | AB58: =M58/J58 -> 0.88880648
B59: 18℃-飯糰 | C59: 一配明太子龍蝦風味沙拉飯糰 | E59: 18.18 | F59: 2466 | G59: =E59*F59 -> 44831.88 | I59: 3 | J59: 3600 | K59: =J59/I59 -> 1200 | L59: 3 | M59: =F59/V59*60 -> 3192.3583 | N59: =M59/L59 -> 1064.1194 | O59: =L59-I59 -> 0 | P59: =N59-K59 -> -135.88057 | Q59: =N59/K59 -> 0.88676619 | S59: 0.38819444 | T59: 0.42037037 | U59: 15 | V59: 46.348181 | AA59: =M59-J59 -> -407.64171 | AB59: =M59/J59 -> 0.88676619
B60: 18℃-飯糰 | C60: 一配贅沢鮭魚肚飯糰 | E60: 30 | F60: 2542 | G60: =E60*F60 -> 76260 | I60: 4 | J60: 3600 | K60: =J60/I60 -> 900 | L60: 4 | M60: =F60/V60*60 -> 3193.56 | N60: =M60/L60 -> 798.39 | O60: =L60-I60 -> 0 | P60: =N60-K60 -> -101.61 | Q60: =N60/K60 -> 0.8871 | S60: 0.43055556 | T60: 0.46371528 | U60: 14.666667 | V60: 47.758614 | AA60: =M60-J60 -> -406.44 | AB60: =M60/J60 -> 0.8871
B61: 18℃-飯糰 | C61: 一配雞肉飯飯糰 | E61: 16.66 | F61: 6314 | G61: =E61*F61 -> 105191.24 | I61: 5 | J61: 3600 | K61: =J61/I61 -> 720 | L61: 5 | M61: =F61/V61*60 -> 3192.6158 | N61: =M61/L61 -> 638.52317 | O61: =L61-I61 -> 0 | P61: =N61-K61 -> -81.476834 | Q61: =N61/K61 -> 0.88683773 | S61: 0.47361111 | T61: 0.55600694 | U61: 15 | V61: 118.66132 | AA61: =M61-J61 -> -407.38417 | AB61: =M61/J61 -> 0.88683773
B72: 平均 | I72: =AVERAGE(I56:I71) -> 3.8333333 | J72: =AVERAGE(J56:J71) -> 3550 | K72: =J72/I72 -> 926.08696 | L72: =AVERAGE(L56:L71) -> 3.8333333 | M72: =AVERAGE(M56:M71) -> 3159.244 | N72: =M72/L72 -> 824.15062 | O72: =L72-I72 -> 0 | P72: =N72-K72 -> -101.93634 | Q72: =N72/K72 -> 0.8899279 | S72: 0.25 | T72: 0.55600694 | AA72: =M72-J72 -> -390.75596 | AB72: =M72/J72 -> 0.8899279
A73: 自動包裝機 (二配) | B73: 18℃-飯糰 | C73: 二配兩粒飯糰(鮪魚.焦糖鮭魚) | E73: 28.57 | F73: 1677 | G73: =E73*F73 -> 47911.89 | I73: 12 | J73: 3600 | K73: =J73/I73 -> 300 | L73: 12 | M73: =F73/V73*60 -> 3112.3327 | N73: =M73/L73 -> 259.36106 | O73: =L73-I73 -> 0 | P73: =N73-K73 -> -40.63894 | Q73: =N73/K73 -> 0.86453687 | R73: =Q89 -> 0.89164142 | S73: 0.70833333 | T73: 0.73077546 | V73: 32.329448 | AA73: =M73-J73 -> -487.66728 | AB73: =M73/J73 -> 0.86453687 | AC73: =AB89 -> 0.89164142
B74: 18℃-飯糰 | C74: 二配溏心蛋五目飯糰 | E74: 20.42 | F74: 685 | G74: =E74*F74 -> 13987.7 | I74: 13 | J74: 3600 | K74: =J74/I74 -> 276.92308 | L74: 13 | M74: =F74/V74*60 -> 3260.9438 | N74: =M74/L74 -> 250.84183 | O74: =L74-I74 -> 0 | P74: =N74-K74 -> -26.081249 | Q74: =N74/K74 -> 0.90581771 | S74: 0.73472222 | T74: 0.74347222 | U74: 5.6833333 | V74: 12.603713 | AA74: =M74-J74 -> -339.05623 | AB74: =M74/J74 -> 0.90581771
B75: 18℃-飯糰 | C75: 二配鮭魚毛豆炊飯飯糰 | E75: 18.92 | F75: 2673 | G75: =E75*F75 -> 50573.16 | I75: 6 | J75: 3600 | K75: =J75/I75 -> 600 | L75: 6 | M75: =F75/V75*60 -> 3256.4508 | N75: =M75/L75 -> 542.74181 | O75: =L75-I75 -> 0 | P75: =N75-K75 -> -57.258195 | Q75: =N75/K75 -> 0.90456968 | S75: 0.74652778 | T75: 0.78071759 | U75: 5 | V75: 49.249938 | AA75: =M75-J75 -> -343.54917 | AB75: =M75/J75 -> 0.90456968
B89: 平均 | I89: =AVERAGE(I73:I88) -> 10.333333 | J89: =AVERAGE(J73:J88) -> 3600 | K89: =J89/I89 -> 348.3871 | L89: =AVERAGE(L73:L88) -> 10.333333 | M89: =AVERAGE(M73:M88) -> 3209.9091 | N89: =M89/L89 -> 310.63637 | O89: =L89-I89 -> 0 | P89: =N89-K89 -> -37.750732 | Q89: =N89/K89 -> 0.89164142 | S89: 0.70833333 | T89: 0.78071759 | AA89: =M89-J89 -> -390.09089 | AB89: =M89/J89 -> 0.89164142
A90: (新) 3300型飯糰機 (二配) | B90: 18℃-飯糰 | C90: 二配大飯糰韓式蒜烤豬五花 | E90: 24.54 | F90: 1753 | G90: =E90*F90 -> 43018.62 | I90: 4 | J90: 3000 | K90: =J90/I90 -> 750 | L90: 4 | M90: =F90/V90*60 -> 2707.8757 | N90: =M90/L90 -> 676.96894 | O90: =L90-I90 -> 0 | P90: =N90-K90 -> -73.031063 | Q90: =N90/K90 -> 0.90262525 | R90: =Q106 -> 0.90510022 | S90: 0.70833333 | T90: 0.73530093 | V90: 38.842255 | AA90: =M90-J90 -> -292.12425 | AB90: =M90/J90 -> 0.90262525 | AC90: =AB106 -> 0.90510022
B91: 18℃-飯糰 | C91: 二配大飯糰乾燒風味鮮蝦 | E91: 23.27 | F91: 1140 | G91: =E91*F91 -> 26527.8 | I91: 5 | J91: 3000 | K91: =J91/I91 -> 600 | L91: 5 | M91: =F91/V91*60 -> 2712.3287 | N91: =M91/L91 -> 542.46573 | O91: =L91-I91 -> 0 | P91: =N91-K91 -> -57.534268 | Q91: =N91/K91 -> 0.90410955 | S91: 0.73888889 | T91: 0.75640046 | U91: 5.1666667 | V91: 25.218183 | AA91: =M91-J91 -> -287.67134 | AB91: =M91/J91 -> 0.90410955
B92: 18℃-飯糰 | C92: 二配鹽水G絲飯糰 | E92: 17.22 | F92: 1309 | G92: =E92*F92 -> 22540.98 | I92: 3 | J92: 3300 | K92: =J92/I92 -> 1100 | L92: 3 | M92: =F92/V92*60 -> 2991.2891 | N92: =M92/L92 -> 997.09635 | O92: =L92-I92 -> 0 | P92: =N92-K92 -> -102.90365 | Q92: =N92/K92 -> 0.90645123 | S92: 0.75972222 | T92: 0.77795139 | U92: 4.7833333 | V92: 26.256239 | AA92: =M92-J92 -> -308.71094 | AB92: =M92/J92 -> 0.90645123
B93: 18℃-飯糰 | C93: 二配壹號醬炙烤牛飯糰 | E93: 22.28 | F93: 1917 | G93: =E93*F93 -> 42710.76 | I93: 5 | J93: 3300 | K93: =J93/I93 -> 660 | L93: 5 | M93: =F93/V93*60 -> 2989.8 | N93: =M93/L93 -> 597.96 | O93: =L93-I93 -> 0 | P93: =N93-K93 -> -62.04 | Q93: =N93/K93 -> 0.906 | S93: 0.78194444 | T93: 0.80865741 | U93: 5.75 | V93: 38.470801 | AA93: =M93-J93 -> -310.2 | AB93: =M93/J93 -> 0.906
B94: 18℃-飯糰 | C94: 二配鹽蔥燒肉飯糰 | E94: 17.89 | F94: 5875 | G94: =E94*F94 -> 105103.75 | I94: 4 | J94: 3300 | K94: =J94/I94 -> 825 | L94: 4 | M94: =F94/V94*60 -> 2989.8 | N94: =M94/L94 -> 747.45 | O94: =L94-I94 -> 0 | P94: =N94-K94 -> -77.55 | Q94: =N94/K94 -> 0.906 | S94: 0.81180556 | T94: 0.89368056 | U94: 4.5333333 | V94: 117.90086 | AA94: =M94-J94 -> -310.2 | AB94: =M94/J94 -> 0.906
B106: 平均 | I106: =AVERAGE(I90:I105) -> 4.2 | J106: =AVERAGE(J90:J105) -> 3180 | K106: =J106/I106 -> 757.14286 | L106: =AVERAGE(L90:L105) -> 4.2 | M106: =AVERAGE(M90:M105) -> 2878.2187 | N106: =M106/L106 -> 685.29017 | O106: =L106-I106 -> 0 | P106: =N106-K106 -> -71.852692 | Q106: =N106/K106 -> 0.90510022 | S106: 0.70833333 | T106: 0.89368056 | AA106: =M106-J106 -> -301.78131 | AB106: =M106/J106 -> 0.90510022
A107: GKK3600型 飯糰機 (二配) | B107: 18℃-飯糰 | C107: 二配經典肉鬆飯糰 | E107: 14.03 | F107: 316 | G107: =E107*F107 -> 4433.48 | H107: 2 | I107: 3 | J107: 3000 | K107: =J107/I107 -> 1000 | L107: 3 | M107: =F107/V107*60 -> 2715.325 | N107: =M107/L107 -> 905.10835 | O107: =L107-I107 -> 0 | P107: =N107-K107 -> -94.891655 | Q107: =N107/K107 -> 0.90510835 | R107: =Q123 -> 0.89182384 | S107: 0.76111111 | T107: 0.76594907 | V107: 6.9825895 | AA107: =M107-J107 -> -284.67496 | AB107: =M107/J107 -> 0.90510835 | AC107: =AB123 -> 0.89182384
B108: 18℃-飯糰 | C108: 二配雞肉飯飯糰 | E108: 16.66 | F108: 258 | G108: =E108*F108 -> 4298.28 | H108: 3 | I108: 5 | J108: 3600 | K108: =J108/I108 -> 720 | L108: 5 | M108: =F108/V108*60 -> 3192.4279 | N108: =M108/L108 -> 638.48558 | O108: =L108-I108 -> 0 | P108: =N108-K108 -> -81.514421 | Q108: =N108/K108 -> 0.88678553 | S108: 0.77569444 | T108: 0.77905093 | U108: 15 | V108: 4.848974 | AA108: =M108-J108 -> -407.5721 | AB108: =M108/J108 -> 0.88678553
B109: 18℃-飯糰 | C109: 二配鮪魚飯糰 | E109: 14.28 | F109: 3032 | G109: =E109*F109 -> 43296.96 | H109: 2 | I109: 3 | J109: 3600 | K109: =J109/I109 -> 1200 | L109: 3 | M109: =F109/V109*60 -> 3188.3283 | N109: =M109/L109 -> 1062.7761 | O109: =L109-I109 -> 0 | P109: =N109-K109 -> -137.22391 | Q109: =N109/K109 -> 0.88564674 | S109: 0.78888889 | T109: 0.82850694 | U109: 15 | V109: 57.058115 | AA109: =M109-J109 -> -411.67173 | AB109: =M109/J109 -> 0.88564674
B110: 18℃-飯糰 | C110: 二配雞肉飯飯糰 | E110: 16.66 | F110: 2331 | G110: =E110*F110 -> 38834.46 | I110: 5 | J110: 3600 | K110: =J110/I110 -> 720 | L110: 5 | M110: =F110/V110*60 -> 3192.4279 | N110: =M110/L110 -> 638.48558 | O110: =L110-I110 -> 0 | P110: =N110-K110 -> -81.514421 | Q110: =N110/K110 -> 0.88678553 | S110: 0.83888889 | T110: 0.86930556 | U110: 14.95 | V110: 43.809917 | AA110: =M110-J110 -> -407.5721 | AB110: =M110/J110 -> 0.88678553
B111: 18℃-飯糰 | C111: 二配經典肉鬆飯糰 | E111: 14.03 | F111: 8426 | G111: =E111*F111 -> 118216.78 | I111: 3 | J111: 3000 | K111: =J111/I111 -> 1000 | L111: 3 | M111: =F111/V111*60 -> 2715.9085 | N111: =M111/L111 -> 905.30284 | O111: =L111-I111 -> 0 | P111: =N111-K111 -> -94.697162 | Q111: =N111/K111 -> 0.90530284 | S111: 0.87916667 | T111: 1.0084259 | U111: 15 | V111: 186.14765 | AA111: =M111-J111 -> -284.09149 | AB111: =M111/J111 -> 0.90530284
B112: 18℃-飯糰 | C112: 二配鮪魚飯糰 | E112: 14.28 | F112: 8312 | G112: =E112*F112 -> 118695.36 | I112: 3 | J112: 3600 | K112: =J112/I112 -> 1200 | L112: 3 | M112: =F112/V112*60 -> 3188.7887 | N112: =M112/L112 -> 1062.9296 | O112: =L112-I112 -> 0 | P112: =N112-K112 -> -137.07043 | Q112: =N112/K112 -> 0.88577464 | S112: 1.01875 | T112: 1.1273495 | U112: 14.866667 | V112: 156.39795 | AA112: =M112-J112 -> -411.2113 | AB112: =M112/J112 -> 0.88577464
B123: 平均 | I123: =AVERAGE(I107:I122) -> 3.6666667 | J123: =AVERAGE(J107:J122) -> 3400 | K123: =J123/I123 -> 927.27273 | L123: =AVERAGE(L107:L122) -> 3.6666667 | M123: =AVERAGE(M107:M122) -> 3032.2011 | N123: =M123/L123 -> 826.96392 | O123: =L123-I123 -> 0 | P123: =N123-K123 -> -100.3088 | Q123: =N123/K123 -> 0.89182384 | S123: 0.76111111 | T123: 1.1273495 | AA123: =M123-J123 -> -367.79895 | AB123: =M123/J123 -> 0.89182384
A124: GKK3600型 飯糰機2 (二配) | B124: 18℃-飯糰 | C124: 二配熟成紅鮭飯糰 | E124: 25.03 | F124: 605 | G124: =E124*F124 -> 15143.15 | H124: 2 | I124: 5 | J124: 3600 | K124: =J124/I124 -> 720 | L124: 5 | M124: =F124/V124*60 -> 3198.0503 | N124: =M124/L124 -> 639.61007 | O124: =L124-I124 -> 0 | P124: =N124-K124 -> -80.389935 | Q124: =N124/K124 -> 0.88834731 | R124: =Q140 -> 0.88904805 | S124: 0.70833333 | T124: 0.71621528 | V124: 11.350666 | AA124: =M124-J124 -> -401.94967 | AB124: =M124/J124 -> 0.88834731 | AC124: =AB140 -> 0.88904805
B125: 18℃-飯糰 | C125: 二配芝麻香鬆飯糰 | E125: 18.18 | F125: 674 | G125: =E125*F125 -> 12253.32 | H125: 2 | I125: 3 | J125: 3000 | K125: =J125/I125 -> 1000 | L125: 3 | M125: =F125/V125*60 -> 2718.7089 | N125: =M125/L125 -> 906.23629 | O125: =L125-I125 -> 0 | P125: =N125-K125 -> -93.763707 | Q125: =N125/K125 -> 0.90623629 | S125: 0.72638889 | T125: 0.73671296 | U125: 14.65 | V125: 14.874708 | AA125: =M125-J125 -> -281.29112 | AB125: =M125/J125 -> 0.90623629
B126: 18℃-飯糰 | C126: 二配贅沢鮭魚肚飯糰 | E126: 30 | F126: 852 | G126: =E126*F126 -> 25560 | H126: 2 | I126: 4 | J126: 3600 | K126: =J126/I126 -> 900 | L126: 4 | M126: =F126/V126*60 -> 3191.04 | N126: =M126/L126 -> 797.76 | O126: =L126-I126 -> 0 | P126: =N126-K126 -> -102.24 | Q126: =N126/K126 -> 0.8864 | S126: 0.74652778 | T126: 0.75765046 | U126: 15 | V126: 16.019856 | AA126: =M126-J126 -> -408.96 | AB126: =M126/J126 -> 0.8864
B127: 18℃-飯糰 | C127: 二配北海道秋鮭親子飯糰 | E127: 24.82 | F127: 839 | G127: =E127*F127 -> 20823.98 | H127: 2 | I127: 5 | J127: 3600 | K127: =J127/I127 -> 720 | L127: 5 | M127: =F127/V127*60 -> 3187.0883 | N127: =M127/L127 -> 637.41766 | O127: =L127-I127 -> 0 | P127: =N127-K127 -> -82.582342 | Q127: =N127/K127 -> 0.8853023 | S127: 0.76805556 | T127: 0.7790162 | U127: 14.983333 | V127: 15.794981 | AA127: =M127-J127 -> -412.91171 | AB127: =M127/J127 -> 0.8853023
B128: 18℃-飯糰 | C128: 二配明太子龍蝦風味沙拉飯糰 | E128: 18.18 | F128: 1078 | G128: =E128*F128 -> 19598.04 | H128: 2 | I128: 3 | J128: 3600 | K128: =J128/I128 -> 1200 | L128: 3 | M128: =F128/V128*60 -> 3191.8978 | N128: =M128/L128 -> 1063.9659 | O128: =L128-I128 -> 0 | P128: =N128-K128 -> -136.03407 | Q128: =N128/K128 -> 0.88663828 | S128: 0.78888889 | T128: 0.80295139 | U128: 15 | V128: 20.263807 | AA128: =M128-J128 -> -408.1022 | AB128: =M128/J128 -> 0.88663828
B129: 18℃-飯糰 | C129: 二配蔬食鮪魚飯糰 | E129: 18.18 | F129: 451 | G129: =E129*F129 -> 8199.18 | H129: 2 | I129: 3 | J129: 3600 | K129: =J129/I129 -> 1200 | L129: 3 | M129: =F129/V129*60 -> 3193.7961 | N129: =M129/L129 -> 1064.5987 | O129: =L129-I129 -> 0 | P129: =N129-K129 -> -135.40131 | Q129: =N129/K129 -> 0.88716557 | S129: 0.81319444 | T129: 0.81907407 | U129: 14.75 | V129: 8.4726762 | AA129: =M129-J129 -> -406.20394 | AB129: =M129/J129 -> 0.88716557
B130: 18℃-飯糰 | C130: 二配三杯醬爆菇菇飯糰 | E130: 16.7 | F130: 1836 | G130: =E130*F130 -> 30661.2 | I130: 3 | J130: 3600 | K130: =J130/I130 -> 1200 | L130: 3 | M130: =F130/V130*60 -> 3189.1654 | N130: =M130/L130 -> 1063.0551 | O130: =L130-I130 -> 0 | P130: =N130-K130 -> -136.94488 | Q130: =N130/K130 -> 0.88587927 | S130: 0.82916667 | T130: 0.85314815 | U130: 14.533333 | V130: 34.541953 | AA130: =M130-J130 -> -410.83464 | AB130: =M130/J130 -> 0.88587927
B131: 18℃-飯糰 | C131: 二配蔬食鮪魚飯糰 | E131: 18.18 | F131: 932 | G131: =E131*F131 -> 16943.76 | I131: 3 | J131: 3600 | K131: =J131/I131 -> 1200 | L131: 3 | M131: =F131/V131*60 -> 3193.7961 | N131: =M131/L131 -> 1064.5987 | O131: =L131-I131 -> 0 | P131: =N131-K131 -> -135.40131 | Q131: =N131/K131 -> 0.88716557 | S131: 0.86319444 | T131: 0.87534722 | U131: 15 | V131: 17.508945 | AA131: =M131-J131 -> -406.20394 | AB131: =M131/J131 -> 0.88716557
B132: 18℃-飯糰 | C132: 二配熟成紅鮭飯糰 | E132: 25.03 | F132: 1404 | G132: =E132*F132 -> 35142.12 | I132: 5 | J132: 3600 | K132: =J132/I132 -> 720 | L132: 5 | M132: =F132/V132*60 -> 3196.4477 | N132: =M132/L132 -> 639.28954 | O132: =L132-I132 -> 0 | P132: =N132-K132 -> -80.710455 | Q132: =N132/K132 -> 0.88790215 | S132: 0.88541667 | T132: 0.90371528 | U132: 15 | V132: 26.354255 | AA132: =M132-J132 -> -403.55228 | AB132: =M132/J132 -> 0.88790215
B133: 18℃-飯糰 | C133: 二配芝麻香鬆飯糰 | E133: 18.18 | F133: 1658 | G133: =E133*F133 -> 30142.44 | I133: 3 | J133: 3000 | K133: =J133/I133 -> 1000 | L133: 3 | M133: =F133/V133*60 -> 2719.4521 | N133: =M133/L133 -> 906.48403 | O133: =L133-I133 -> 0 | P133: =N133-K133 -> -93.515972 | Q133: =N133/K133 -> 0.90648403 | S133: 0.91388889 | T133: 0.93928241 | U133: 14.65 | V133: 36.580898 | AA133: =M133-J133 -> -280.54792 | AB133: =M133/J133 -> 0.90648403
B134: 18℃-飯糰 | C134: 二配贅沢鮭魚肚飯糰 | E134: 30 | F134: 2103 | G134: =E134*F134 -> 63090 | I134: 4 | J134: 3600 | K134: =J134/I134 -> 900 | L134: 4 | M134: =F134/V134*60 -> 3191.8472 | N134: =M134/L134 -> 797.9618 | O134: =L134-I134 -> 0 | P134: =N134-K134 -> -102.0382 | Q134: =N134/K134 -> 0.88662422 | S134: 0.94930556 | T134: 0.97674769 | U134: 15 | V134: 39.531968 | AA134: =M134-J134 -> -408.1528 | AB134: =M134/J134 -> 0.88662422
B135: 18℃-飯糰 | C135: 二配北海道秋鮭親子飯糰 | E135: 24.82 | F135: 2011 | G135: =E135*F135 -> 49913.02 | I135: 5 | J135: 3600 | K135: =J135/I135 -> 720 | L135: 5 | M135: =F135/V135*60 -> 3185.9128 | N135: =M135/L135 -> 637.18255 | O135: =L135-I135 -> 0 | P135: =N135-K135 -> -82.817446 | Q135: =N135/K135 -> 0.88497577 | S135: 0.98680556 | T135: 1.0131019 | U135: 15 | V135: 37.872977 | AA135: =M135-J135 -> -414.08723 | AB135: =M135/J135 -> 0.88497577
B136: 18℃-飯糰 | C136: 二配明太子龍蝦風味沙拉飯糰 | E136: 18.18 | F136: 2804 | G136: =E136*F136 -> 50976.72 | I136: 3 | J136: 3600 | K136: =J136/I136 -> 1200 | L136: 3 | M136: =F136/V136*60 -> 3191.5338 | N136: =M136/L136 -> 1063.8446 | O136: =L136-I136 -> 0 | P136: =N136-K136 -> -136.15539 | Q136: =N136/K136 -> 0.88653717 | S136: 1.0229167 | T136: 1.0595139 | U136: 15 | V136: 52.714466 | AA136: =M136-J136 -> -408.46618 | AB136: =M136/J136 -> 0.88653717
B137: 18℃-飯糰 | C137: 二配雞肉飯飯糰 | E137: 16.66 | F137: 6817 | G137: =E137*F137 -> 113571.22 | I137: 5 | J137: 3600 | K137: =J137/I137 -> 720 | L137: 5 | M137: =F137/V137*60 -> 3192.4279 | N137: =M137/L137 -> 638.48558 | O137: =L137-I137 -> 0 | P137: =N137-K137 -> -81.514421 | Q137: =N137/K137 -> 0.88678553 | S137: 1.0694444 | T137: 1.1584144 | U137: 15 | V137: 128.12192 | AA137: =M137-J137 -> -407.5721 | AB137: =M137/J137 -> 0.88678553
B140: 平均 | I140: =AVERAGE(I124:I139) -> 3.8571429 | J140: =AVERAGE(J124:J139) -> 3514.2857 | K140: =J140/I140 -> 911.11111 | L140: =AVERAGE(L124:L139) -> 3.8571429 | M140: =AVERAGE(M124:M139) -> 3124.3689 | N140: =M140/L140 -> 810.02156 | O140: =L140-I140 -> 0 | P140: =N140-K140 -> -101.08955 | Q140: =N140/K140 -> 0.88904805 | S140: 0.70833333 | T140: 1.1584144 | AA140: =M140-J140 -> -389.91684 | AB140: =M140/J140 -> 0.88904805
Y142: 原因回覆
Y143: 1.當日出勤人數較多
Y144: 2.當日出勤人數較少
Y145: 3.當日出勤熟手較多
Y146: 4.當日出勤新人較多
Y147: 5.機台夾盒
Y148: 6.封膜不順
Y149: 7.更換膠膜
Y150: 8.更換碳帶
Y151: 9.當日熱轉印碳帶異常
Y152: 10.訂單量過少
Y153: 11.新品上市，尚未熟悉
Y154: 12.活動期間品項需貼標

Sheet 0628(4度C)
A1: 大溪廠日報分析 | C1: 總生產量 | D1: =SUM(F5:F157) -> 110793 | E1: 營業額 | F1: =SUM(G5:G157) -> 5038261.7 | G1: 出勤人數 | H1: =L21+L38+L55+L72+L89+L106+L123+L140+L157 -> 155.77976 | I1: 產線配置圖 | L1: 生產實績 | O1: 人時性差異分析 | S1: 日報登錄 | Y1: 合計次數 | Z1: 合計(時間/分) | AA1: 產線異常 分析說明(5分鐘以上) | AC1: 合計次數 | AD1: 合計(時間/分) | AE1: 產能差異分析
A2: 46201 | C2: 人時性 | D2: =AVERAGE(N21,N38,N55,N72,N89,N106,N123,N140,N157) -> 178.91314 | E2: 平均廠價 | F2: =F1/D1 -> 45.474549 | G2: 多次生產數 | H2: =COUNT(H5:H157) -> 7 | Y2: =SUM(Y21,Y38,Y55,Y72,Y89,Y106,Y123,Y140,Y157) -> 0 | Z2: =SUM(Z21,Z38,Z55,Z72,Z89,Z106,Z123,Z140,Z157) -> 0 | AC2: =SUM(AC21,AC38,AC55,AC72,AC89,AC106,AC123,AC140,AC157) -> 0 | AD2: =SUM(AD21,AD38,AD55,AD72,AD89,AD106,AD123,AD140,AD157) -> 0
A3: 線別 | B3: 品類 | C3: 品名 | E3: 廠價 | F3: 生產量 | G3: 營收 | H3: 多次 生產 | I3: 人數 | J3: 產能/時 | K3: 人時性 | L3: 人數 | M3: 產能/時 | N3: 人時性 | O3: 人數 | P3: 人時性 | Q3: 達成率 | R3: 達成率 平均 | S3: 生產時間 | U3: 換線、休息/分 | V3: 稼動時間/分 | W3: 休息時間 | Y3: 產線異常統計(5分鐘以上) | AA3: (屏榮回填) | AC3: 短暫停線統計(5分鐘以下) | AE3: 產能/時 | AF3: 達成率 | AG3: 達成率平均
S4: 開始 | T4: 結束 | W4: 開始 | X4: 結束 | Y4: 次數 | Z4: 時間/分 | AC4: 總次數 | AD4: 設備因素(次數)
A5: 便當二線 | B5: 微波主食 | C5: 糖燻野郎三十天熟成牛飯 | E5: 56.43 | F5: 3089 | G5: =E5*F5 -> 174312.27 | H5: 2 | I5: 24 | J5: 2000 | K5: =J5/I5 -> 83.333333 | L5: 24 | M5: =F5/V5*60 -> 1792.3403 | N5: =M5/L5 -> 74.680846 | O5: =L5-I5 -> 0 | P5: =N5-K5 -> -8.6524874 | Q5: =N5/K5 -> 0.89617015 | R5: =Q21 -> 0.90502935 | S5: 0.16666667 | T5: 0.23847222 | V5: 103.4067 | AE5: =M5-J5 -> -207.6597 | AF5: =M5/J5 -> 0.89617015 | AG5: =AF21 -> 0.9242853
B6: 便當 | C6: 香檸奶油魚排蔬滿盒 | E6: 77.35 | F6: 1208 | G6: =E6*F6 -> 93438.8 | I6: 25 | J6: 2000 | K6: =J6/I6 -> 80 | L6: 25 | M6: =F6/V6*60 -> 1788.8324 | N6: =M6/L6 -> 71.553295 | O6: =L6-I6 -> 0 | P6: =N6-K6 -> -8.4467053 | Q6: =N6/K6 -> 0.89441618 | S6: 0.24236111 | T6: 0.27049769 | U6: 5.6 | V6: 40.51805 | AE6: =M6-J6 -> -211.16763 | AF6: =M6/J6 -> 0.89441618
B7: 便當 | C7: 美式雞丁餐盒 | E7: 59.34 | F7: 1644 | G7: =E7*F7 -> 97554.96 | I7: 23 | J7: 2000 | K7: =J7/I7 -> 86.956522 | L7: 23 | M7: =F7/V7*60 -> 1791.4904 | N7: =M7/L7 -> 77.890886 | O7: =L7-I7 -> 0 | P7: =N7-K7 -> -9.0656354 | Q7: =N7/K7 -> 0.89574519 | S7: 0.27361111 | T7: 0.31184028 | U7: 5 | V7: 55.060301 | AE7: =M7-J7 -> -208.50961 | AF7: =M7/J7 -> 0.89574519
B8: 便當 | C8: 嫩烤香料雞胸排蔬滿盒 | E8: 77.34 | F8: 2736 | G8: =E8*F8 -> 211602.24 | I8: 23 | J8: 2000 | K8: =J8/I8 -> 86.956522 | L8: 23 | M8: =F8/V8*60 -> 1795.6192 | N8: =M8/L8 -> 78.070401 | O8: =L8-I8 -> 0 | P8: =N8-K8 -> -8.8861204 | Q8: =N8/K8 -> 0.89780961 | S8: 0.31527778 | T8: 0.37876157 | U8: 4.95 | V8: 91.422501 | AE8: =M8-J8 -> -204.38077 | AF8: =M8/J8 -> 0.89780961
B9: 便當 | C9: 健身G肉餐盒 | E9: 59.52 | F9: 1680 | G9: =E9*F9 -> 99993.6 | H9: 2 | I9: 24 | J9: 2000 | K9: =J9/I9 -> 83.333333 | L9: 24 | M9: =F9/V9*60 -> 1796.6117 | N9: =M9/L9 -> 74.85882 | O9: =L9-I9 -> 0 | P9: =N9-K9 -> -8.4745136 | Q9: =N9/K9 -> 0.89830584 | S9: 0.38194444 | T9: 0.42090278 | U9: 4.5833333 | V9: 56.105613 | AE9: =M9-J9 -> -203.38833 | AF9: =M9/J9 -> 0.89830584
B10: 4℃-飯糰 | C10: 麻油雞飯糰 | E10: 29.97 | F10: 2455 | G10: =E10*F10 -> 73576.35 | I10: 21 | J10: 2790 | K10: =J10/I10 -> 132.85714 | L10: 25 | M10: =F10/V10*60 -> 2964.9808 | N10: =M10/L10 -> 118.59923 | O10: =L10-I10 -> 4 | P10: =N10-K10 -> -14.257912 | Q10: =N10/K10 -> 0.89268238 | S10: 0.42430556 | T10: 0.4587963 | U10: 4.9 | V10: 49.679917 | W10: 0.4587963 | X10: 0.49652778 | AE10: =M10-J10 -> 174.98077 | AF10: =M10/J10 -> 1.0627171
B11: 便當 | C11: 健身G肉餐盒 | E11: 59.52 | F11: 4251 | G11: =E11*F11 -> 253019.52 | I11: 24 | J11: 2000 | K11: =J11/I11 -> 83.333333 | L11: 24 | M11: =F11/V11*60 -> 1796.6117 | N11: =M11/L11 -> 74.85882 | O11: =L11-I11 -> 0 | P11: =N11-K11 -> -8.4745136 | Q11: =N11/K11 -> 0.89830584 | S11: 0.49652778 | T11: 0.59511574 | U11: 55 | V11: 141.96724 | AE11: =M11-J11 -> -203.38833 | AF11: =M11/J11 -> 0.89830584
B12: 微波主食 | C12: 糖燻野郎三十天熟成牛飯 | E12: 56.43 | F12: 4066 | G12: =E12*F12 -> 229444.38 | I12: 24 | J12: 2000 | K12: =J12/I12 -> 83.333333 | L12: 24 | M12: =F12/V12*60 -> 1792.2637 | N12: =M12/L12 -> 74.677656 | O12: =L12-I12 -> 0 | P12: =N12-K12 -> -8.6556774 | Q12: =N12/K12 -> 0.89613187 | S12: 0.59791667 | T12: 0.69244213 | U12: 5 | V12: 136.11836 | AE12: =M12-J12 -> -207.73626 | AF12: =M12/J12 -> 0.89613187
B21: 平均 | I21: =AVERAGE(I5:I20) -> 23.5 | J21: =AVERAGE(J5:J20) -> 2098.75 | K21: =J21/I21 -> 89.308511 | L21: =AVERAGE(L5:L20) -> 24 | M21: =AVERAGE(M5:M20) -> 1939.8438 | N21: =M21/L21 -> 80.826824 | O21: =L21-I21 -> 0.5 | P21: =N21-K21 -> -8.481687 | Q21: =N21/K21 -> 0.90502935 | S21: 0.16666667 | T21: 0.69244213 | Y21: =SUM(Y5:Y20) -> 0 | Z21: =SUM(Z5:Z20) -> 0 | AC21: =SUM(AC5:AC20) -> 0 | AD21: =SUM(AD5:AD20) -> 0 | AE21: =M21-J21 -> -158.90623 | AF21: =M21/J21 -> 0.9242853
A22: 涼麵一線 | B22: 4℃-壽司手卷 | C22: 海陸雙拼壽司 | E22: 36.45 | F22: 1345 | G22: =E22*F22 -> 49025.25 | H22: 2 | I22: 20 | J22: 2100 | K22: =J22/I22 -> 105 | L22: 20 | M22: =F22/V22*60 -> 1898.1083 | N22: =M22/L22 -> 94.905417 | O22: =L22-I22 -> 0 | P22: =N22-K22 -> -10.094583 | Q22: =N22/K22 -> 0.90386112 | R22: =Q38 -> 0.90117523 | S22: 0.16666667 | T22: 0.19618056 | V22: 42.516014 | AE22: =M22-J22 -> -201.89166 | AF22: =M22/J22 -> 0.90386112 | AG22: =AF38 -> 0.90117523
B23: 微波小吃 | C23: 馬鈴薯玉米濃湯 | E23: 31.72 | F23: 1947 | G23: =E23*F23 -> 61758.84 | I23: 22 | J23: 2000 | K23: =J23/I23 -> 90.909091 | L23: 22 | M23: =F23/V23*60 -> 1799.4072 | N23: =M23/L23 -> 81.791237 | O23: =L23-I23 -> 0 | P23: =N23-K23 -> -9.1178536 | Q23: =N23/K23 -> 0.89970361 | S23: 0.2 | T23: 0.24508102 | U23: 5.5 | V23: 64.92138 | AE23: =M23-J23 -> -200.59278 | AF23: =M23/J23 -> 0.89970361
B24: 微波小吃 | C24: 三合一味噌湯 | E24: 34.79 | F24: 2050 | G24: =E24*F24 -> 71319.5 | I24: 11 | J24: 2000 | K24: =J24/I24 -> 181.81818 | L24: 11 | M24: =F24/V24*60 -> 1805.4362 | N24: =M24/L24 -> 164.13057 | O24: =L24-I24 -> 0 | P24: =N24-K24 -> -17.687615 | Q24: =N24/K24 -> 0.90271812 | S24: 0.24791667 | T24: 0.29521991 | U24: 5 | V24: 68.127579 | AE24: =M24-J24 -> -194.56376 | AF24: =M24/J24 -> 0.90271812
B25: 微波小吃 | C25: 蒸蛋湯 | E25: 33.2 | F25: 3551 | G25: =E25*F25 -> 117893.2 | I25: 11 | J25: 2000 | K25: =J25/I25 -> 181.81818 | L25: 11 | M25: =F25/V25*60 -> 1805.2739 | N25: =M25/L25 -> 164.11581 | O25: =L25-I25 -> 0 | P25: =N25-K25 -> -17.70237 | Q25: =N25/K25 -> 0.90263697 | S25: 0.29861111 | T25: 0.38056713 | U25: 4.8833333 | V25: 118.02087 | AE25: =M25-J25 -> -194.72607 | AF25: =M25/J25 -> 0.90263697
B26: 微波小吃 | C26: 越式牛肉寬粉 | E26: 51.44 | F26: 3158 | G26: =E26*F26 -> 162447.52 | I26: 19 | J26: 2000 | K26: =J26/I26 -> 105.26316 | L26: 19 | M26: =F26/V26*60 -> 1787.3152 | N26: =M26/L26 -> 94.069223 | O26: =L26-I26 -> 0 | P26: =N26-K26 -> -11.193934 | Q26: =N26/K26 -> 0.89365762 | S26: 0.38402778 | T26: 0.45763889 | U26: 4.9833333 | V26: 106.01375 | W26: 0.45763889 | X26: 0.49722222 | AE26: =M26-J26 -> -212.68475 | AF26: =M26/J26 -> 0.89365762
B27: 4℃-壽司手卷 | C27: 海陸雙拼壽司 | E27: 36.45 | F27: 1764 | G27: =E27*F27 -> 64297.8 | I27: 20 | J27: 2100 | K27: =J27/I27 -> 105 | L27: 20 | M27: =F27/V27*60 -> 1898.2367 | N27: =M27/L27 -> 94.911833 | O27: =L27-I27 -> 0 | P27: =N27-K27 -> -10.088167 | Q27: =N27/K27 -> 0.90392222 | S27: 0.49722222 | T27: 0.5359375 | U27: 57 | V27: 55.75701 | AE27: =M27-J27 -> -201.76333 | AF27: =M27/J27 -> 0.90392222
B28: 微波小吃 | C28: 日式茶碗蒸 | E28: 19.7 | F28: 1941 | G28: =E28*F28 -> 38237.7 | I28: 13 | J28: 1200 | K28: =J28/I28 -> 92.307692 | L28: 13 | M28: =F28/V28*60 -> 1081.9705 | N28: =M28/L28 -> 83.228499 | O28: =L28-I28 -> 0 | P28: =N28-K28 -> -9.0791931 | Q28: =N28/K28 -> 0.90164207 | S28: 0.53958333 | T28: 0.6143287 | U28: 5.25 | V28: 107.63695 | AE28: =M28-J28 -> -118.02951 | AF28: =M28/J28 -> 0.90164207
B38: 平均 | I38: =AVERAGE(I22:I37) -> 16.571429 | J38: =AVERAGE(J22:J37) -> 1914.2857 | K38: =J38/I38 -> 115.51724 | L38: =AVERAGE(L22:L37) -> 16.571429 | M38: =AVERAGE(M22:M37) -> 1725.1069 | N38: =M38/L38 -> 104.10128 | O38: =L38-I38 -> 0 | P38: =N38-K38 -> -11.415964 | Q38: =N38/K38 -> 0.90117523 | S38: 0.16666667 | T38: 0.6143287 | Y38: =SUM(Y22:Y37) -> 0 | Z38: =SUM(Z22:Z37) -> 0 | AC38: =SUM(AC22:AC37) -> 0 | AD38: =SUM(AD22:AD37) -> 0 | AE38: =M38-J38 -> -189.17884 | AF38: =M38/J38 -> 0.90117523
A39: 涼麵二線 | B39: 微波小吃 | C39: 日式茶碗蒸 | E39: 19.7 | F39: 1767 | G39: =E39*F39 -> 34809.9 | H39: 2 | I39: 13 | J39: 1200 | K39: =J39/I39 -> 92.307692 | L39: 13 | M39: =F39/V39*60 -> 1081.8091 | N39: =M39/L39 -> 83.216082 | O39: =L39-I39 -> 0 | P39: =N39-K39 -> -9.0916102 | Q39: =N39/K39 -> 0.90150756 | R39: =Q55 -> 0.89615485 | S39: 0.16666667 | T39: 0.23472222 | V39: 98.002506 | AE39: =M39-J39 -> -118.19093 | AF39: =M39/J39 -> 0.90150756 | AG39: =AF55 -> 0.89615485
B40: 便當 | C40: 香腸腿排雙拼便當 | E40: 53.76 | F40: 3278 | G40: =E40*F40 -> 176225.28 | I40: 20 | J40: 2000 | K40: =J40/I40 -> 100 | L40: 20 | M40: =F40/V40*60 -> 1787.9673 | N40: =M40/L40 -> 89.398363 | O40: =L40-I40 -> 0 | P40: =N40-K40 -> -10.601637 | Q40: =N40/K40 -> 0.89398363 | S40: 0.23888889 | T40: 0.31527778 | U40: 6 | V40: 110.00201 | AE40: =M40-J40 -> -212.03275 | AF40: =M40/J40 -> 0.89398363
B41: 便當 | C41: 蔬活腿排補力餐盒 | E41: 71.55 | F41: 2619 | G41: =E41*F41 -> 187389.45 | I41: 22 | J41: 2000 | K41: =J41/I41 -> 90.909091 | L41: 22 | M41: =F41/V41*60 -> 1786.7377 | N41: =M41/L41 -> 81.215351 | O41: =L41-I41 -> 0 | P41: =N41-K41 -> -9.69374 | Q41: =N41/K41 -> 0.89336886 | S41: 0.31944444 | T41: 0.38050926 | U41: 6 | V41: 87.947995 | AE41: =M41-J41 -> -213.26228 | AF41: =M41/J41 -> 0.89336886
B42: 便當 | C42: 烤蛋白餐盒 | E42: 58.67 | F42: 1257 | G42: =E42*F42 -> 73748.19 | H42: 2 | I42: 23 | J42: 2000 | K42: =J42/I42 -> 86.956522 | L42: 23 | M42: =F42/V42*60 -> 1787.9744 | N42: =M42/L42 -> 77.738015 | O42: =L42-I42 -> 0 | P42: =N42-K42 -> -9.2185065 | Q42: =N42/K42 -> 0.89398718 | S42: 0.38333333 | T42: 0.41261574 | U42: 5 | V42: 42.181813 | AE42: =M42-J42 -> -212.02565 | AF42: =M42/J42 -> 0.89398718
B43: 便當 | C43: 海陸雙拼肉肉餐盒 | E43: 59.54 | F43: 1011 | G43: =E43*F43 -> 60194.94 | H43: 2 | I43: 23 | J43: 2000 | K43: =J43/I43 -> 86.956522 | L43: 23 | M43: =F43/V43*60 -> 1798.2816 | N43: =M43/L43 -> 78.186156 | O43: =L43-I43 -> 0 | P43: =N43-K43 -> -8.7703654 | Q43: =N43/K43 -> 0.8991408 | S43: 0.41666667 | T43: 0.44008102 | U43: 5.8333333 | V43: 33.732203 | W43: 0.44008102 | X43: 0.47847222 | AE43: =M43-J43 -> -201.7184 | AF43: =M43/J43 -> 0.8991408
B44: 便當 | C44: 懷舊滷雙拼便當 | E44: 61.09 | F44: 3553 | G44: =E44*F44 -> 217052.77 | I44: 20 | J44: 2000 | K44: =J44/I44 -> 100 | L44: 20 | M44: =F44/V44*60 -> 1792.5456 | N44: =M44/L44 -> 89.627279 | O44: =L44-I44 -> 0 | P44: =N44-K44 -> -10.372721 | Q44: =N44/K44 -> 0.89627279 | S44: 0.47847222 | T44: 0.56105324 | U44: 55.283333 | V44: 118.92585 | AE44: =M44-J44 -> -207.45441 | AF44: =M44/J44 -> 0.89627279
B45: 便當 | C45: 海陸雙拼肉肉餐盒 | E45: 59.54 | F45: 2418 | G45: =E45*F45 -> 143967.72 | I45: 23 | J45: 2000 | K45: =J45/I45 -> 86.956522 | L45: 23 | M45: =F45/V45*60 -> 1798.2816 | N45: =M45/L45 -> 78.186156 | O45: =L45-I45 -> 0 | P45: =N45-K45 -> -8.7703654 | Q45: =N45/K45 -> 0.8991408 | S45: 0.56388889 | T45: 0.61990741 | U45: 5 | V45: 80.67702 | AE45: =M45-J45 -> -201.7184 | AF45: =M45/J45 -> 0.8991408
B46: 便當 | C46: 烤蛋白餐盒 | E46: 58.67 | F46: 3210 | G46: =E46*F46 -> 188330.7 | I46: 23 | J46: 2000 | K46: =J46/I46 -> 86.956522 | L46: 23 | M46: =F46/V46*60 -> 1787.9565 | N46: =M46/L46 -> 77.73724 | O46: =L46-I46 -> 0 | P46: =N46-K46 -> -9.2192816 | Q46: =N46/K46 -> 0.89397826 | S46: 0.62291667 | T46: 0.69771991 | U46: 5 | V46: 107.72074 | AE46: =M46-J46 -> -212.04348 | AF46: =M46/J46 -> 0.89397826
B55: 平均 | I55: =AVERAGE(I39:I54) -> 20.875 | J55: =AVERAGE(J39:J54) -> 1900 | K55: =J55/I55 -> 91.017964 | L55: =AVERAGE(L39:L54) -> 20.875 | M55: =AVERAGE(M39:M54) -> 1702.6942 | N55: =M55/L55 -> 81.56619 | O55: =L55-I55 -> 0 | P55: =N55-K55 -> -9.4517743 | Q55: =N55/K55 -> 0.89615485 | S55: 0.16666667 | T55: 0.69771991 | Y55: =SUM(Y39:Y54) -> 0 | Z55: =SUM(Z39:Z54) -> 0 | AC55: =SUM(AC39:AC54) -> 0 | AD55: =SUM(AD39:AD54) -> 0 | AE55: =M55-J55 -> -197.30579 | AF55: =M55/J55 -> 0.89615485
A56: 涼麵三線 | B56: 季節調理麵 | C56: 和風涓絲冷麵 | E56: 28.86 | F56: 2914 | G56: =E56*F56 -> 84098.04 | I56: 19 | J56: 3600 | K56: =J56/I56 -> 189.47368 | L56: 19 | M56: =F56/V56*60 -> 3189.6779 | N56: =M56/L56 -> 167.87779 | O56: =L56-I56 -> 0 | P56: =N56-K56 -> -21.595898 | Q56: =N56/K56 -> 0.88602165 | R56: =Q72 -> 0.89648752 | S56: 0.16666667 | T56: 0.20472222 | V56: 54.814311 | AE56: =M56-J56 -> -410.32206 | AF56: =M56/J56 -> 0.88602165 | AG56: =AF72 -> 0.89648752
B57: 季節調理麵 | C57: 台式麻醬涼麵 | E57: 31.11 | F57: 3889 | G57: =E57*F57 -> 120986.79 | I57: 19 | J57: 3600 | K57: =J57/I57 -> 189.47368 | L57: 19 | M57: =F57/V57*60 -> 3186.0359 | N57: =M57/L57 -> 167.6861 | O57: =L57-I57 -> 0 | P57: =N57-K57 -> -21.787586 | Q57: =N57/K57 -> 0.88500996 | S57: 0.20833333 | T57: 0.25918981 | U57: 5.2 | V57: 73.238347 | AE57: =M57-J57 -> -413.96413 | AF57: =M57/J57 -> 0.88500996
B58: 季節調理麵 | C58: 鰹魚烏龍冷麵 | E58: 38.99 | F58: 1658 | G58: =E58*F58 -> 64645.42 | I58: 19 | J58: 3600 | K58: =J58/I58 -> 189.47368 | L58: 19 | M58: =F58/V58*60 -> 3184.2834 | N58: =M58/L58 -> 167.59387 | O58: =L58-I58 -> 0 | P58: =N58-K58 -> -21.879819 | Q58: =N58/K58 -> 0.88452318 | S58: 0.2625 | T58: 0.28418981 | U58: 4.7666667 | V58: 31.240938 | AE58: =M58-J58 -> -415.71656 | AF58: =M58/J58 -> 0.88452318
B59: 季節調理麵 | C59: 嘉義崇文白醋涼麵 | E59: 35.89 | F59: 5400 | G59: =E59*F59 -> 193806 | I59: 19 | J59: 3600 | K59: =J59/I59 -> 189.47368 | L59: 19 | M59: =F59/V59*60 -> 3185.8862 | N59: =M59/L59 -> 167.67822 | O59: =L59-I59 -> 0 | P59: =N59-K59 -> -21.795462 | Q59: =N59/K59 -> 0.8849684 | S59: 0.2875 | T59: 0.35811343 | U59: 4.7666667 | V59: 101.69855 | AE59: =M59-J59 -> -414.11378 | AF59: =M59/J59 -> 0.8849684
B60: 季節調理麵 | C60: 招牌雞絲胡麻涼麵 | E60: 43.96 | F60: 2407 | G60: =E60*F60 -> 105811.72 | I60: 24 | J60: 3600 | K60: =J60/I60 -> 150 | L60: 24 | M60: =F60/V60*60 -> 3260.6248 | N60: =M60/L60 -> 135.85937 | O60: =L60-I60 -> 0 | P60: =N60-K60 -> -14.140633 | Q60: =N60/K60 -> 0.90572911 | S60: 0.36180556 | T60: 0.39255787 | U60: 5.3166667 | V60: 44.292124 | AE60: =M60-J60 -> -339.37519 | AF60: =M60/J60 -> 0.90572911
B61: 季節調理麵 | C61: 日式胡麻雞絲冷麵 | E61: 46.93 | F61: 2033 | G61: =E61*F61 -> 95408.69 | I61: 24 | J61: 3600 | K61: =J61/I61 -> 150 | L61: 24 | M61: =F61/V61*60 -> 3259.8609 | N61: =M61/L61 -> 135.82754 | O61: =L61-I61 -> 0 | P61: =N61-K61 -> -14.172463 | Q61: =N61/K61 -> 0.90551692 | S61: 0.39583333 | T61: 0.42181713 | U61: 4.7166667 | V61: 37.418775 | AE61: =M61-J61 -> -340.13911 | AF61: =M61/J61 -> 0.90551692
B62: 季節調理麵 | C62: 大滿足麻醬涼麵 | E62: 37.8 | F62: 1895 | G62: =E62*F62 -> 71631 | H62: 2 | I62: 21 | J62: 3600 | K62: =J62/I62 -> 171.42857 | L62: 21 | M62: =F62/V62*60 -> 3259.0949 | N62: =M62/L62 -> 155.195 | O62: =L62-I62 -> 0 | P62: =N62-K62 -> -16.233574 | Q62: =N62/K62 -> 0.90530415 | S62: 0.42569444 | T62: 0.44991898 | U62: 5.5833333 | V62: 34.886986 | W62: 0.44991898 | X62: 0.48819444 | AE62: =M62-J62 -> -340.90506 | AF62: =M62/J62 -> 0.90530415
B63: 季節調理麵 | C63: 大滿足香辣涼麵 | E63: 38.48 | F63: 6323 | G63: =E63*F63 -> 243309.04 | I63: 20 | J63: 3600 | K63: =J63/I63 -> 180 | L63: 20 | M63: =F63/V63*60 -> 3261.6365 | N63: =M63/L63 -> 163.08183 | O63: =L63-I63 -> 0 | P63: =N63-K63 -> -16.918174 | Q63: =N63/K63 -> 0.90601015 | S63: 0.48819444 | T63: 0.56895833 | U63: 55.116667 | V63: 116.31584 | AE63: =M63-J63 -> -338.36348 | AF63: =M63/J63 -> 0.90601015
B64: 季節調理麵 | C64: 大滿足麻醬涼麵 | E64: 37.8 | F64: 3996 | G64: =E64*F64 -> 151048.8 | I64: 21 | J64: 3600 | K64: =J64/I64 -> 171.42857 | L64: 21 | M64: =F64/V64*60 -> 3259.0949 | N64: =M64/L64 -> 155.195 | O64: =L64-I64 -> 0 | P64: =N64-K64 -> -16.233574 | Q64: =N64/K64 -> 0.90530415 | S64: 0.57291667 | T64: 0.62399306 | U64: 5.7 | V64: 73.566436 | AE64: =M64-J64 -> -340.90506 | AF64: =M64/J64 -> 0.90530415
B72: 平均 | I72: =AVERAGE(I56:I71) -> 20.666667 | J72: =AVERAGE(J56:J71) -> 3600 | K72: =J72/I72 -> 174.19355 | L72: =AVERAGE(L56:L71) -> 20.666667 | M72: =AVERAGE(M56:M71) -> 3227.3551 | N72: =M72/L72 -> 156.16234 | O72: =L72-I72 -> 0 | P72: =N72-K72 -> -18.031207 | Q72: =N72/K72 -> 0.89648752 | S72: 0.16666667 | T72: 0.62399306 | Y72: =SUM(Y56:Y71) -> 0 | Z72: =SUM(Z56:Z71) -> 0 | AC72: =SUM(AC56:AC71) -> 0 | AD72: =SUM(AD56:AD71) -> 0 | AE72: =M72-J72 -> -372.64494 | AF72: =M72/J72 -> 0.89648752
A73: 自動包裝機 | B73: 4℃-壽司手卷 | C73: 韓式辣炒豬肉飯卷 | E73: 27.05 | F73: 1126 | G73: =E73*F73 -> 30458.3 | I73: 5 | J73: 3273 | K73: =J73/I73 -> 654.6 | L73: 6 | M73: =F73/V73*60 -> 2961.6419 | N73: =M73/L73 -> 493.60698 | O73: =L73-I73 -> 1 | P73: =N73-K73 -> -160.99302 | Q73: =N73/K73 -> 0.75405894 | R73: =Q89 -> 0.82344979 | S73: 0.40416667 | T73: 0.42 | U73: 5.2333333 | V73: 22.811671 | AE73: =M73-J73 -> -311.35812 | AF73: =M73/J73 -> 0.90487072 | AG73: =AF89 -> 0.90579477
B74: 4℃-壽司手卷 | C74: 厚香料優格咖哩烤雞飯卷 | E74: 27.05 | F74: 1887 | G74: =E74*F74 -> 51043.35 | I74: 5 | J74: 3273 | K74: =J74/I74 -> 654.6 | L74: 5 | M74: =F74/V74*60 -> 2967.6907 | N74: =M74/L74 -> 593.53814 | O74: =L74-I74 -> 0 | P74: =N74-K74 -> -61.061865 | Q74: =N74/K74 -> 0.90671881 | S74: 0.42361111 | T74: 0.45010417 | U74: 5.2 | V74: 38.150876 | AE74: =M74-J74 -> -305.30932 | AF74: =M74/J74 -> 0.90671881
B89: 平均 | I89: =AVERAGE(I73:I88) -> 5 | J89: =AVERAGE(J73:J88) -> 3273 | K89: =J89/I89 -> 654.6 | L89: =AVERAGE(L73:L88) -> 5.5 | M89: =AVERAGE(M73:M88) -> 2964.6663 | N89: =M89/L89 -> 539.03023 | O89: =L89-I89 -> 0.5 | P89: =N89-K89 -> -115.56977 | Q89: =N89/K89 -> 0.82344979 | S89: 0.25 | T89: 0.45010417 | Y89: =SUM(Y73:Y88) -> 0 | Z89: =SUM(Z73:Z88) -> 0 | AC89: =SUM(AC73:AC88) -> 0 | AD89: =SUM(AD73:AD88) -> 0 | AE89: =M89-J89 -> -308.33372 | AF89: =M89/J89 -> 0.90579477
A90: 自動包裝機2 | B90: 4℃-壽司手卷 | C90: 鮪魚昆布細卷 | E90: 15.51 | F90: 2453 | G90: =E90*F90 -> 38046.03 | I90: 6 | J90: 2600 | K90: =J90/I90 -> 433.33333 | L90: 6 | M90: =F90/V90*60 -> 2352.172 | N90: =M90/L90 -> 392.02866 | O90: =L90-I90 -> 0 | P90: =N90-K90 -> -41.304669 | Q90: =N90/K90 -> 0.90468153 | R90: =Q106 -> 0.90437101 | S90: 0.25 | T90: 0.29344907 | V90: 62.571955 | AE90: =M90-J90 -> -247.82802 | AF90: =M90/J90 -> 0.90468153 | AG90: =AF106 -> 0.90437101
B91: 4℃-壽司手卷 | C91: 肉鬆火腿細卷 | E91: 15.01 | F91: 2669 | G91: =E91*F91 -> 40061.69 | I91: 6 | J91: 2600 | K91: =J91/I91 -> 433.33333 | L91: 6 | M91: =F91/V91*60 -> 2350.5572 | N91: =M91/L91 -> 391.75954 | O91: =L91-I91 -> 0 | P91: =N91-K91 -> -41.573792 | Q91: =N91/K91 -> 0.90406048 | S91: 0.29652778 | T91: 0.34383102 | U91: 5 | V91: 68.128526 | AE91: =M91-J91 -> -249.44275 | AF91: =M91/J91 -> 0.90406048
B106: 平均 | I106: =AVERAGE(I90:I105) -> 6 | J106: =AVERAGE(J90:J105) -> 2600 | K106: =J106/I106 -> 433.33333 | L106: =AVERAGE(L90:L105) -> 6 | M106: =AVERAGE(M90:M105) -> 2351.3646 | N106: =M106/L106 -> 391.8941 | O106: =L106-I106 -> 0 | P106: =N106-K106 -> -41.439231 | Q106: =N106/K106 -> 0.90437101 | S106: 0.25 | T106: 0.34383102 | Y106: =SUM(Y90:Y105) -> 0 | Z106: =SUM(Z90:Z105) -> 0 | AC106: =SUM(AC90:AC105) -> 0 | AD106: =SUM(AD90:AD105) -> 0 | AE106: =M106-J106 -> -248.63538 | AF106: =M106/J106 -> 0.90437101
A107: 便當二線 (二配) | B107: 微波主食 | C107: 二配鐵板豆腐燴蛋蓋飯 | E107: 44.98 | F107: 1118 | G107: =E107*F107 -> 50287.64 | I107: 21 | J107: 1800 | K107: =J107/I107 -> 85.714286 | L107: 21 | M107: =F107/V107*60 -> 1609.7855 | N107: =M107/L107 -> 76.656454 | O107: =L107-I107 -> 0 | P107: =N107-K107 -> -9.0578318 | Q107: =N107/K107 -> 0.8943253 | R107: =Q123 -> 0.91632532 | S107: 0.70833333 | T107: 0.73726852 | V107: 41.670147 | AE107: =M107-J107 -> -190.21447 | AF107: =M107/J107 -> 0.8943253 | AG107: =AF123 -> 0.89450805
B108: 微波主食 | C108: 二配西班牙風味海鮮燉飯 | E108: 57.3 | F108: 2775 | G108: =E108*F108 -> 159007.5 | I108: 21 | J108: 2000 | K108: =J108/I108 -> 95.238095 | L108: 20 | M108: =F108/V108*60 -> 1789.3451 | N108: =M108/L108 -> 89.467254 | O108: =L108-I108 -> -1 | P108: =N108-K108 -> -5.7708417 | Q108: =N108/K108 -> 0.93940616 | S108: 0.74097222 | T108: 0.80559028 | U108: 5.3333333 | V108: 93.050805 | AE108: =M108-J108 -> -210.65493 | AF108: =M108/J108 -> 0.89467254
B123: 平均 | I123: =AVERAGE(I107:I122) -> 21 | J123: =AVERAGE(J107:J122) -> 1900 | K123: =J123/I123 -> 90.47619 | L123: =AVERAGE(L107:L122) -> 20.5 | M123: =AVERAGE(M107:M122) -> 1699.5653 | N123: =M123/L123 -> 82.905625 | O123: =L123-I123 -> -0.5 | P123: =N123-K123 -> -7.570566 | Q123: =N123/K123 -> 0.91632532 | S123: 0.70833333 | T123: 0.80559028 | Y123: =SUM(Y107:Y122) -> 0 | Z123: =SUM(Z107:Z122) -> 0 | AC123: =SUM(AC107:AC122) -> 0 | AD123: =SUM(AD107:AD122) -> 0 | AE123: =M123-J123 -> -200.4347 | AF123: =M123/J123 -> 0.89450805
A124: 涼麵一線 (二配) | B124: 微波主食 | C124: 二配黃金雞排蘑菇白醬歐姆蛋飯 | E124: 56.87 | F124: 1655 | G124: =E124*F124 -> 94119.85 | I124: 23 | J124: 2000 | K124: =J124/I124 -> 86.956522 | L124: 23 | M124: =F124/V124*60 -> 1791.3608 | N124: =M124/L124 -> 77.88525 | O124: =L124-I124 -> 0 | P124: =N124-K124 -> -9.0712713 | Q124: =N124/K124 -> 0.89568038 | R124: =Q140 -> 0.89604095 | S124: 0.70833333 | T124: 0.74681713 | V124: 55.43272 | AE124: =M124-J124 -> -208.63924 | AF124: =M124/J124 -> 0.89568038 | AG124: =AF140 -> 0.89604095
B125: 微波主食 | C125: 二配里肌豬排可可咖哩歐姆蛋飯 | E125: 56.79 | F125: 2357 | G125: =E125*F125 -> 133854.03 | I125: 23 | J125: 2000 | K125: =J125/I125 -> 86.956522 | L125: 23 | M125: =F125/V125*60 -> 1790.6717 | N125: =M125/L125 -> 77.85529 | O125: =L125-I125 -> 0 | P125: =N125-K125 -> -9.1012319 | Q125: =N125/K125 -> 0.89533583 | S125: 0.75 | T125: 0.80483796 | U125: 4.5833333 | V125: 78.975952 | AE125: =M125-J125 -> -209.32833 | AF125: =M125/J125 -> 0.89533583
B126: 微波主食 | C126: 二配哞哞培根奶香海陸焗飯 | E126: 47.6 | F126: 2024 | G126: =E126*F126 -> 96342.4 | I126: 23 | J126: 2000 | K126: =J126/I126 -> 86.956522 | L126: 23 | M126: =F126/V126*60 -> 1794.2133 | N126: =M126/L126 -> 78.009272 | O126: =L126-I126 -> 0 | P126: =N126-K126 -> -8.9472498 | Q126: =N126/K126 -> 0.89710663 | S126: 0.80763889 | T126: 0.8546412 | U126: 5 | V126: 67.684262 | AE126: =M126-J126 -> -205.78674 | AF126: =M126/J126 -> 0.89710663
B140: 平均 | I140: =AVERAGE(I124:I139) -> 23 | J140: =AVERAGE(J124:J139) -> 2000 | K140: =J140/I140 -> 86.956522 | L140: =AVERAGE(L124:L139) -> 23 | M140: =AVERAGE(M124:M139) -> 1792.0819 | N140: =M140/L140 -> 77.916604 | O140: =L140-I140 -> 0 | P140: =N140-K140 -> -9.0399176 | Q140: =N140/K140 -> 0.89604095 | S140: 0.70833333 | T140: 0.8546412 | Y140: =SUM(Y124:Y139) -> 0 | Z140: =SUM(Z124:Z139) -> 0 | AC140: =SUM(AC124:AC139) -> 0 | AD140: =SUM(AD124:AD139) -> 0 | AE140: =M140-J140 -> -207.91811 | AF140: =M140/J140 -> 0.89604095
A141: 涼麵二線 (二配) | B141: 微波主食 | C141: 二配酸酸辣辣椒麻雞飯 | E141: 52.21 | F141: 2495 | G141: =E141*F141 -> 130263.95 | I141: 18 | J141: 2000 | K141: =J141/I141 -> 111.11111 | L141: 18 | M141: =F141/V141*60 -> 1790.1137 | N141: =M141/L141 -> 99.450762 | O141: =L141-I141 -> 0 | P141: =N141-K141 -> -11.660349 | Q141: =N141/K141 -> 0.89505686 | R141: =Q157 -> 0.89427415 | S141: 0.70833333 | T141: 0.76640046 | V141: 83.625972 | AE141: =M141-J141 -> -209.88629 | AF141: =M141/J141 -> 0.89505686 | AG141: =AF157 -> 0.89427415
B142: 微波主食 | C142: 二配香烤魚排青醬燉飯 | E142: 58.17 | F142: 2113 | G142: =E142*F142 -> 122913.21 | I142: 18 | J142: 2000 | K142: =J142/I142 -> 111.11111 | L142: 18 | M142: =F142/V142*60 -> 1787.8 | N142: =M142/L142 -> 99.322222 | O142: =L142-I142 -> 0 | P142: =N142-K142 -> -11.788889 | Q142: =N142/K142 -> 0.8939 | S142: 0.77013889 | T142: 0.819375 | U142: 5.3833333 | V142: 70.913972 | AE142: =M142-J142 -> -212.2 | AF142: =M142/J142 -> 0.8939
B143: 微波主食 | C143: 二配濃起司燻腸紅醬焗烤飯 | E143: 50.67 | F143: 1608 | G143: =E143*F143 -> 81477.36 | I143: 20 | J143: 2000 | K143: =J143/I143 -> 100 | L143: 20 | M143: =F143/V143*60 -> 1787.7312 | N143: =M143/L143 -> 89.38656 | O143: =L143-I143 -> 0 | P143: =N143-K143 -> -10.61344 | Q143: =N143/K143 -> 0.8938656 | S143: 0.82222222 | T143: 0.85969907 | U143: 5 | V143: 53.967845 | AE143: =M143-J143 -> -212.2688 | AF143: =M143/J143 -> 0.8938656
B157: 平均 | I157: =AVERAGE(I141:I156) -> 18.666667 | J157: =AVERAGE(J141:J156) -> 2000 | K157: =J157/I157 -> 107.14286 | L157: =AVERAGE(L141:L156) -> 18.666667 | M157: =AVERAGE(M141:M156) -> 1788.5483 | N157: =M157/L157 -> 95.815088 | O157: =L157-I157 -> 0 | P157: =N157-K157 -> -11.327769 | Q157: =N157/K157 -> 0.89427415 | S157: 0.70833333 | T157: 0.85969907 | Y157: =SUM(Y141:Y156) -> 0 | Z157: =SUM(Z141:Z156) -> 0 | AC157: =SUM(AC141:AC156) -> 0 | AD157: =SUM(AD141:AD156) -> 0 | AE157: =M157-J157 -> -211.4517 | AF157: =M157/J157 -> 0.89427415
AA159: 原因回覆
AA160: 1.當日出勤人數較多
AA161: 2.當日出勤人數較少
AA162: 3.當日出勤熟手較多
AA163: 4.當日出勤新人較多
AA164: 5.機台夾盒
AA165: 6.封膜不順
AA166: 7.更換膠膜
AA167: 8.更換碳帶
AA168: 9.當日熱轉印碳帶異常
AA169: 10.訂單量過少
AA170: 11.新品上市，尚未熟悉
AA171: 12.活動期間品項需貼標

Sheet 0627
B1: 屏榮 大溪廠組合室生產人時性分析
B3: 日期 | C3: 115.06.27星期六 | E3: 訂單量 | F3: ='0627(18度C)'!D1+'0627(4度C)'!D1 -> 183958 | H3: 營業額 | I3: ='0627(18度C)'!F1+'0627(4度C)'!F1 -> 5770317.1
B4: 人時性 | C4: 項目 | E4: ➀ | G4: ➁ | I4: ➂ | K4: ④ | M4: ⑤ | O4: 異常停線 | Q4: 短暫停線
C5: 組合室 | E5: 全溫層 | G5: 4度C-各編組展開(一配) | I5: 4度C-各編組展開(二配) | K5: 18度C-各編組展開(一配) | M5: 18度C-各編組展開(二配) | O5: 合計次數 | P5: 時間 | Q5: 合計次數 | R5: 設備次數
C6: 排關平均 | E6: =AVERAGE(D14:O14,D32:X32) -> 462.90999 | F6: =AVERAGE(#REF!,D14:K14) -> #REF! | G6: =AVERAGE(D14:K14) -> 260.68437 | I6: =AVERAGE(L14:O14) -> 94.858523 | K6: =AVERAGE(D32:O32) -> 758.22628 | M6: =AVERAGE(P32:X32) -> 746.97072 | O6: ='0627(4度C)'!Y2 -> 0 | P6: ='0627(4度C)'!Z2 -> 0 | Q6: ='0627(4度C)'!AC2 -> 0 | R6: ='0627(4度C)'!AD2 -> 0
C7: 實績平均 | E7: =AVERAGE(D15:O15,D33:X33) -> 411.5207 | F7: =AVERAGE(#REF!,D15:K15) -> #REF! | G7: =AVERAGE(D15:K15) -> 226.47577 | I7: =AVERAGE(L15:O15) -> 85.545245 | K7: =AVERAGE(D33:O33) -> 676.77804 | M7: =AVERAGE(P33:X33) -> 668.31233
C8: 達成率平均 | E8: =AVERAGE(D16:O16,D34:X34) -> 0.89258395 | F8: =AVERAGE(D16:K16,#REF!) -> #REF! | G8: =AVERAGE(D16:K16) -> 0.88771801 | I8: =AVERAGE(L16:O16) -> 0.90220125 | K8: =AVERAGE(D34:O34) -> 0.89061302 | M8: =AVERAGE(P34:X34) -> 0.89464082
O9: ※現行日本鮮食廠以達成率80%為基本(即為現行KPI)
B11: 溫層 | D11: ➁4度C-各編組展開 | L11: ➂4度C-各編組展開
B12: 編組 | D12: 1 | E12: 2 | F12: 3 | G12: 4 | H12: 5 | I12: 6 | J12: 7 | K12: 8 | L12: 1 | M12: 2 | N12: 3 | O12: 4
D13: 便當一線 | E13: 便當二線 | F13: 涼麵一線 | G13: 涼麵二線 | H13: 涼麵三線 | I13: 自動包裝機 | J13: 自動包裝機2 | K13: 自動包裝機3 | L13: 便當一線 | M13: 便當二線 | N13: 涼麵一線 | O13: 涼麵二線
B14: 人時性 | C14: 排關 | D14: - | E14: 91.357143 | F14: 117.70833 | G14: 92.561983 | H14: 174.54545 | I14: 654.6 | J14: 433.33333 | K14: - | L14: - | M14: 90.47619 | N14: 86.956522 | O14: 107.14286
C15: 實績 | D15: - | E15: 82.838948 | F15: 106.00815 | G15: 82.942269 | H15: 156.266 | I15: 538.94097 | J15: 391.85828 | K15: - | L15: - | M15: 82.889128 | N15: 77.919576 | O15: 95.827031
C16: 達成率 | D16: - | E16: =E15/E14 -> 0.9067594 | F16: =F15/F14 -> 0.90060019 | G16: =G15/G14 -> 0.89607273 | H16: =H15/H14 -> 0.89527396 | I16: =I15/I14 -> 0.82331343 | J16: =J15/J14 -> 0.90428835 | K16: - | L16: - | M16: =M15/M14 -> 0.916143 | N16: =N15/N14 -> 0.89607513 | O16: =O15/O14 -> 0.89438562
B17: 作業 時間 | C17: 開始 | D17: - | E17: 0.25 | F17: 0.16666667 | G17: 0.16666667 | H17: 0.16666667 | I17: 0.25 | J17: 0.25 | K17: - | L17: - | M17: 0.70833333 | N17: 0.70833333 | O17: 0.70833333
C18: 結束 | D18: - | E18: 0.61284722 | F18: 0.55982639 | G18: 0.56436343 | H18: 0.59407407 | I18: 0.40866898 | J18: 0.33140046 | K18: - | L18: - | M18: 0.78576389 | N18: 0.83369213 | O18: 0.82659722
B19: 產線異常 (5分鐘以上) | C19: 次數
C20: 時間/分
B21: 短暫停線 (5分鐘以下) | C21: 次數
C22: 設備次數
B23: 配置人數 | D23: - | E23: 24 | F23: 16 | G23: 20.166667 | H23: 20.625 | I23: 5.5 | J23: 6 | K23: - | L23: - | M23: 20.5 | N23: 23 | O23: 18.666667
B24: 主要應用設備 | D24: L型封口機 | E24: ET-55 | F24: ET-55 | G24: ET-55 | H24: ET-600 | I24: 伺服包裝機 | J24: 伺服包裝機 | K24: 伺服包裝機 | L24: L型封口機 | M24: ET-55 | N24: ET-55 | O24: ET-55
B25: 次要應用設備 | D25: 伺服包裝機 | H25: 伺服包裝機
B26: 備註 | H26: 涼麵+烤飯糰 | I26: 大口飯糰線 | K26: 烤飯糰+手卷
B29: 溫層 | D29: ➃18度C-各編組展開 (一配) | P29: ⑤18度C-各編組展開 (二配)
B30: 編組 | D30: 1 | E30: 2 | F30: 3 | G30: 4 | H30: 5 | I30: 6 | J30: 7 | K30: 8 | L30: 9 | M30: 10 | N30: 11 | O30: 12 | P30: 1 | Q30: 2 | R30: 3 | S30: 4 | T30: 5 | U30: 6 | V30: 7 | W30: 8 | X30: 9
D31: 便當一線 | E31: 涼麵一線 | F31: 涼麵三線 | G31: 自動包裝機 | H31: 自動包裝機2 | I31: 自動包裝機3 | J31: 味付飯糰線B | K31: (舊) 3300型飯糰線 | L31: 3000型飯糰線 | M31: (新) 3300型飯糰機 | N31: GKK3600型 飯糰機 | O31: GKK3600型 飯糰機2 | P31: 自動包裝機 | Q31: 自動包裝機2 | R31: 自動包裝機3 | S31: 味付飯糰線B | T31: (舊) 3300型飯糰線 | U31: 3000型飯糰線 | V31: (新) 3300型飯糰機 | W31: GKK3600型 飯糰機 | X31: GKK3600型 飯糰機2
B32: 人時性 | C32: 排關 | D32: - | E32: - | F32: - | G32: 327.27273 | H32: - | I32: - | J32: - | K32: - | L32: - | M32: 825 | N32: 954.54545 | O32: 926.08696 | P32: 348.3871 | Q32: - | R32: - | S32: - | T32: - | U32: - | V32: 757.14286 | W32: 988.23529 | X32: 894.11765
C33: 實績 | D33: - | E33: - | F33: - | G33: 287.35143 | H33: - | I33: - | J33: - | K33: - | L33: - | M33: 747.21119 | N33: 848.5072 | O33: 824.04236 | P33: 310.55888 | Q33: - | R33: - | S33: - | T33: - | U33: - | V33: 685.27588 | W33: 882.42689 | X33: 794.98767
C34: 達成率 | D34: - | E34: - | F34: - | G34: =G33/G32 -> 0.87801825 | H34: - | I34: - | J34: - | K34: - | L34: - | M34: =M33/M32 -> 0.90571053 | N34: =N33/N32 -> 0.8889123 | O34: =O33/O32 -> 0.889811 | P34: =P33/P32 -> 0.89141902 | Q34: - | R34: - | S34: - | T34: - | U34: - | V34: =V33/V32 -> 0.90508135 | W34: =W33/W32 -> 0.89293197 | X34: =X33/X32 -> 0.88913095
B35: 作業 時間 | C35: 開始 | D35: - | E35: - | F35: - | G35: 0.25 | H35: - | I35: - | J35: - | K35: - | L35: - | M35: 0.34930556 | N35: 0.25 | O35: 0.25 | P35: 0.70833333 | Q35: - | R35: - | S35: - | T35: - | U35: - | V35: 0.70833333 | W35: 0.75902778 | X35: 0.70833333
C36: 結束 | D36: - | E36: - | F36: - | G36: 0.40866898 | H36: - | I36: - | J36: - | K36: - | L36: - | M36: 0.42896991 | N36: 0.46984954 | O36: 0.47498843 | P36: 0.77534722 | Q36: - | R36: - | S36: - | T36: - | U36: - | V36: 0.87052083 | W36: 1.0850694 | X36: 1.0915509
B37: 配置人數 | D37: - | E37: - | F37: - | G37: 11 | H37: - | I37: - | J37: - | K37: - | L37: - | M37: 4 | N37: 3.6666667 | O37: 3.8333333 | P37: 10.333333 | Q37: - | R37: - | S37: - | T37: - | U37: - | V37: 4.2 | W37: 3.4 | X37: 3.9230769
B38: 主要應用設備 | D38: 伺服包裝機 | E38: ET-55 | F38: ET-600 | G38: 夾心型 | H38: 伺服包裝機 | I38: 伺服包裝機 | J38: 夾心型 | K38: 3300型 | L38: 3300型 | M38: 3300型 | N38: GKK | O38: GKK | P38: 夾心型 | Q38: 伺服包裝機 | R38: 伺服包裝機 | S38: 夾心型 | T38: 3300型 | U38: 3300型 | V38: 3300型 | W38: GKK | X38: GKK
B39: 次要應用設備
B40: 備註

Sheet 0627(18度C)
A1: 大溪廠日報分析 | C1: 總生產量 | D1: =SUM(F5:F140) -> 93830 | E1: 營業額 | F1: =SUM(G5:G140) -> 1814641.6 | G1: 出勤人數 | H1: =L21+L38+L55+L72+L89+L106+L123+L140 -> 44.35641 | I1: 產線配置圖 | L1: 生產實績 | O1: 人時性差異分析 | S1: 日報登錄 | Y1: 分析說明 | AA1: 產能差異分析
A2: 46200 | C2: 人時性 | D2: =AVERAGE(N21,N38,N55,N72,N89,N106,N123,N140) -> 672.54519 | E2: 平均廠價 | F2: =F1/D1 -> 19.339674 | G2: 多次生產數 | H2: =COUNT(H5:H140) -> 8
A3: 線別 | B3: 品類 | C3: 品名 | E3: 廠價 | F3: 生產量 | G3: 營收 | H3: 多次 生產 | I3: 人數 | J3: 產能/時 | K3: 人時性 | L3: 人數 | M3: 產能/時 | N3: 人時性 | O3: 人數 | P3: 人時性 | Q3: 達成率 | R3: 達成率 平均 | S3: 生產時間 | U3: 換線、休息/分 | V3: 稼動時間/分 | W3: 休息時間 | Y3: (屏榮回填) | AA3: 產能/時 | AB3: 達成率 | AC3: 達成率平均
S4: 開始 | T4: 結束 | W4: 開始 | X4: 結束
A5: 自動包裝機 | B5: 18℃-壽司手卷 | C5: 一配長野稻荷壽司 | E5: 25.64 | F5: 1353 | G5: =E5*F5 -> 34690.92 | I5: 10 | J5: 3600 | K5: =J5/I5 -> 360 | L5: 10 | M5: =F5/V5*60 -> 3212.0408 | N5: =M5/L5 -> 321.20408 | O5: =L5-I5 -> 0 | P5: =N5-K5 -> -38.79592 | Q5: =N5/K5 -> 0.89223355 | R5: =Q21 -> 0.87801825 | S5: 0.25 | T5: 0.2675463 | V5: 25.273652 | AA5: =M5-J5 -> -387.9592 | AB5: =M5/J5 -> 0.89223355 | AC5: =AB21 -> 0.87801825
B6: 18℃-壽司手卷 | C6: 一配經典人氣雙手卷 | E6: 29.52 | F6: 2223 | G6: =E6*F6 -> 65622.96 | I6: 11 | J6: 3600 | K6: =J6/I6 -> 327.27273 | L6: 11 | M6: =F6/V6*60 -> 3158.4841 | N6: =M6/L6 -> 287.13492 | O6: =L6-I6 -> 0 | P6: =N6-K6 -> -40.137809 | Q6: =N6/K6 -> 0.87735669 | S6: 0.27152778 | T6: 0.30084491 | U6: 5.7333333 | V6: 42.229119 | AA6: =M6-J6 -> -441.5159 | AB6: =M6/J6 -> 0.87735669
B7: 18℃-壽司手卷 | C7: 一配鮭鮪海饌雙手卷 | E7: 29.85 | F7: 2597 | G7: =E7*F7 -> 77520.45 | I7: 11 | J7: 3600 | K7: =J7/I7 -> 327.27273 | L7: 11 | M7: =F7/V7*60 -> 3161.3968 | N7: =M7/L7 -> 287.39971 | O7: =L7-I7 -> 0 | P7: =N7-K7 -> -39.873021 | Q7: =N7/K7 -> 0.87816577 | S7: 0.30486111 | T7: 0.33908565 | U7: 5.7833333 | V7: 49.28834 | AA7: =M7-J7 -> -438.60324 | AB7: =M7/J7 -> 0.87816577
B8: 18℃-飯糰 | C8: 一配兩粒飯糰(鮪魚.焦糖鮭魚) | E8: 28.57 | F8: 1466 | G8: =E8*F8 -> 41883.62 | I8: 12 | J8: 3600 | K8: =J8/I8 -> 300 | L8: 12 | M8: =F8/V8*60 -> 3111.5411 | N8: =M8/L8 -> 259.29509 | O8: =L8-I8 -> 0 | P8: =N8-K8 -> -40.70491 | Q8: =N8/K8 -> 0.86431697 | S8: 0.34236111 | T8: 0.36199074 | U8: 4.7166667 | V8: 28.26895 | AA8: =M8-J8 -> -488.45892 | AB8: =M8/J8 -> 0.86431697
B21: 平均 | I21: =AVERAGE(I5:I20) -> 11 | J21: =AVERAGE(J5:J20) -> 3600 | K21: =J21/I21 -> 327.27273 | L21: =AVERAGE(L5:L20) -> 11 | M21: =AVERAGE(M5:M20) -> 3160.8657 | N21: =M21/L21 -> 287.35143 | O21: =L21-I21 -> 0 | P21: =N21-K21 -> -39.921301 | Q21: =N21/K21 -> 0.87801825 | S21: 0.25 | T21: 0.40866898 | AA21: =M21-J21 -> -439.13432 | AB21: =M21/J21 -> 0.87801825
A22: (新) 3300型飯糰機 | B22: 18℃-飯糰 | C22: 一配鮭魚奶油醬油飯糰 | E22: 18.53 | F22: 2108 | G22: =E22*F22 -> 39061.24 | I22: 3 | J22: 3300 | K22: =J22/I22 -> 1100 | L22: 3 | M22: =F22/V22*60 -> 2986.9343 | N22: =M22/L22 -> 995.64476 | O22: =L22-I22 -> 0 | P22: =N22-K22 -> -104.35524 | Q22: =N22/K22 -> 0.9051316 | R22: =Q38 -> 0.90571053 | S22: 0.34930556 | T22: 0.3787037 | V22: 42.34442 | AA22: =M22-J22 -> -313.06572 | AB22: =M22/J22 -> 0.9051316 | AC22: =AB38 -> 0.90571053
B23: 18℃-飯糰 | C23: 一配壹號醬炙烤牛飯糰 | E23: 22.28 | F23: 838 | G23: =E23*F23 -> 18670.64 | I23: 5 | J23: 3300 | K23: =J23/I23 -> 660 | L23: 5 | M23: =F23/V23*60 -> 2989.8 | N23: =M23/L23 -> 597.96 | O23: =L23-I23 -> 0 | P23: =N23-K23 -> -62.04 | Q23: =N23/K23 -> 0.906 | S23: 0.38194444 | T23: 0.39362269 | U23: 4.6666667 | V23: 16.817178 | AA23: =M23-J23 -> -310.2 | AB23: =M23/J23 -> 0.906
B24: 18℃-飯糰 | C24: 一配鹽蔥燒肉飯糰 | E24: 17.89 | F24: 2328 | G24: =E24*F24 -> 41647.92 | I24: 4 | J24: 3300 | K24: =J24/I24 -> 825 | L24: 4 | M24: =F24/V24*60 -> 2989.8 | N24: =M24/L24 -> 747.45 | O24: =L24-I24 -> 0 | P24: =N24-K24 -> -77.55 | Q24: =N24/K24 -> 0.906 | S24: 0.39652778 | T24: 0.42896991 | U24: 5 | V24: 46.718844 | AA24: =M24-J24 -> -310.2 | AB24: =M24/J24 -> 0.906
B38: 平均 | I38: =AVERAGE(I22:I37) -> 4 | J38: =AVERAGE(J22:J37) -> 3300 | K38: =J38/I38 -> 825 | L38: =AVERAGE(L22:L37) -> 4 | M38: =AVERAGE(M22:M37) -> 2988.8448 | N38: =M38/L38 -> 747.21119 | O38: =L38-I38 -> 0 | P38: =N38-K38 -> -77.78881 | Q38: =N38/K38 -> 0.90571053 | S38: 0.34930556 | T38: 0.42896991 | AA38: =M38-J38 -> -311.15524 | AB38: =M38/J38 -> 0.90571053
A39: GKK3600型 飯糰機 | B39: 18℃-飯糰 | C39: 一配山葵章魚飯糰 | E39: 25.2 | F39: 1022 | G39: =E39*F39 -> 25754.4 | I39: 3 | J39: 3600 | K39: =J39/I39 -> 1200 | L39: 3 | M39: =F39/V39*60 -> 3185.9889 | N39: =M39/L39 -> 1061.9963 | O39: =L39-I39 -> 0 | P39: =N39-K39 -> -138.0037 | Q39: =N39/K39 -> 0.88499692 | R39: =Q55 -> 0.8889123 | S39: 0.25 | T39: 0.26335648 | V39: 19.246771 | AA39: =M39-J39 -> -414.0111 | AB39: =M39/J39 -> 0.88499692 | AC39: =AB55 -> 0.8889123
B40: 18℃-飯糰 | C40: 一配熟成紅鮭飯糰 | E40: 25.03 | F40: 961 | G40: =E40*F40 -> 24053.83 | I40: 5 | J40: 3600 | K40: =J40/I40 -> 720 | L40: 5 | M40: =F40/V40*60 -> 3192.4162 | N40: =M40/L40 -> 638.48323 | O40: =L40-I40 -> 0 | P40: =N40-K40 -> -81.516766 | Q40: =N40/K40 -> 0.88678227 | S40: 0.27361111 | T40: 0.28614583 | U40: 14.766667 | V40: 18.061555 | AA40: =M40-J40 -> -407.58383 | AB40: =M40/J40 -> 0.88678227
B41: 18℃-飯糰 | C41: 一配蔬食鮪魚飯糰 | E41: 18.18 | F41: 913 | G41: =E41*F41 -> 16598.34 | I41: 3 | J41: 3600 | K41: =J41/I41 -> 1200 | L41: 3 | M41: =F41/V41*60 -> 3187.7059 | N41: =M41/L41 -> 1062.5686 | O41: =L41-I41 -> 0 | P41: =N41-K41 -> -137.43136 | Q41: =N41/K41 -> 0.88547386 | S41: 0.29652778 | T41: 0.30846065 | U41: 14.95 | V41: 17.184772 | AA41: =M41-J41 -> -412.29409 | AB41: =M41/J41 -> 0.88547386
B42: 18℃-飯糰 | C42: 一配柚檸海灣貝飯糰 | E42: 23.72 | F42: 1014 | G42: =E42*F42 -> 24052.08 | I42: 5 | J42: 3600 | K42: =J42/I42 -> 720 | L42: 5 | M42: =F42/V42*60 -> 3195.1911 | N42: =M42/L42 -> 639.03823 | O42: =L42-I42 -> 0 | P42: =N42-K42 -> -80.96177 | Q42: =N42/K42 -> 0.8875531 | S42: 0.31875 | T42: 0.33196759 | U42: 14.816667 | V42: 19.041114 | AA42: =M42-J42 -> -404.80885 | AB42: =M42/J42 -> 0.8875531
B43: 18℃-飯糰 | C43: 一配鮪魚飯糰 | E43: 14.28 | F43: 4837 | G43: =E43*F43 -> 69072.36 | I43: 3 | J43: 3600 | K43: =J43/I43 -> 1200 | L43: 3 | M43: =F43/V43*60 -> 3189.3641 | N43: =M43/L43 -> 1063.1214 | O43: =L43-I43 -> 0 | P43: =N43-K43 -> -136.87864 | Q43: =N43/K43 -> 0.88593447 | S43: 0.34236111 | T43: 0.40554398 | U43: 14.966667 | V43: 90.996196 | AA43: =M43-J43 -> -410.63591 | AB43: =M43/J43 -> 0.88593447
B44: 18℃-飯糰 | C44: 一配經典肉鬆飯糰 | E44: 14.03 | F44: 3558 | G44: =E44*F44 -> 49918.74 | I44: 3 | J44: 3000 | K44: =J44/I44 -> 1000 | L44: 3 | M44: =F44/V44*60 -> 2716.4922 | N44: =M44/L44 -> 905.49739 | O44: =L44-I44 -> 0 | P44: =N44-K44 -> -94.502611 | Q44: =N44/K44 -> 0.90549739 | S44: 0.41527778 | T44: 0.46984954 | U44: 15 | V44: 78.586643 | AA44: =M44-J44 -> -283.50783 | AB44: =M44/J44 -> 0.90549739
B55: 平均 | I55: =AVERAGE(I39:I54) -> 3.6666667 | J55: =AVERAGE(J39:J54) -> 3500 | K55: =J55/I55 -> 954.54545 | L55: =AVERAGE(L39:L54) -> 3.6666667 | M55: =AVERAGE(M39:M54) -> 3111.1931 | N55: =M55/L55 -> 848.5072 | O55: =L55-I55 -> 0 | P55: =N55-K55 -> -106.03826 | Q55: =N55/K55 -> 0.8889123 | S55: 0.25 | T55: 0.46984954 | AA55: =M55-J55 -> -388.80694 | AB55: =M55/J55 -> 0.8889123
A56: GKK3600型 飯糰機2 | B56: 18℃-飯糰 | C56: 一配黑胡椒洋蔥豬飯糰 | E56: 17.07 | F56: 2273 | G56: =E56*F56 -> 38800.11 | I56: 3 | J56: 3300 | K56: =J56/I56 -> 1100 | L56: 3 | M56: =F56/V56*60 -> 2976.4588 | N56: =M56/L56 -> 992.15294 | O56: =L56-I56 -> 0 | P56: =N56-K56 -> -107.84706 | Q56: =N56/K56 -> 0.90195722 | R56: =Q72 -> 0.889811 | S56: 0.25 | T56: 0.28181713 | V56: 45.819549 | AA56: =M56-J56 -> -323.54119 | AB56: =M56/J56 -> 0.90195722 | AC56: =AB72 -> 0.889811
B57: 18℃-飯糰 | C57: 一配椒鹽檸檬鯖魚飯糰 | E57: 20.72 | F57: 2096 | G57: =E57*F57 -> 43429.12 | I57: 3 | J57: 3600 | K57: =J57/I57 -> 1200 | L57: 3 | M57: =F57/V57*60 -> 3201.158 | N57: =M57/L57 -> 1067.0527 | O57: =L57-I57 -> 0 | P57: =N57-K57 -> -132.94734 | Q57: =N57/K57 -> 0.88921055 | S57: 0.29166667 | T57: 0.31894676 | U57: 15 | V57: 39.285784 | AA57: =M57-J57 -> -398.84202 | AB57: =M57/J57 -> 0.88921055
B58: 18℃-飯糰 | C58: 一配北海道秋鮭親子飯糰 | E58: 24.82 | F58: 1319 | G58: =E58*F58 -> 32737.58 | I58: 5 | J58: 3600 | K58: =J58/I58 -> 720 | L58: 5 | M58: =F58/V58*60 -> 3197.9033 | N58: =M58/L58 -> 639.58067 | O58: =L58-I58 -> 0 | P58: =N58-K58 -> -80.419334 | Q58: =N58/K58 -> 0.88830648 | S58: 0.32916667 | T58: 0.34634259 | U58: 14.716667 | V58: 24.747465 | AA58: =M58-J58 -> -402.09667 | AB58: =M58/J58 -> 0.88830648
B59: 18℃-飯糰 | C59: 一配明太子龍蝦風味沙拉飯糰 | E59: 18.18 | F59: 1736 | G59: =E59*F59 -> 31560.48 | I59: 3 | J59: 3600 | K59: =J59/I59 -> 1200 | L59: 3 | M59: =F59/V59*60 -> 3193.4383 | N59: =M59/L59 -> 1064.4794 | O59: =L59-I59 -> 0 | P59: =N59-K59 -> -135.52057 | Q59: =N59/K59 -> 0.88706619 | S59: 0.35625 | T59: 0.37890046 | U59: 15 | V59: 32.616882 | AA59: =M59-J59 -> -406.56171 | AB59: =M59/J59 -> 0.88706619
B60: 18℃-飯糰 | C60: 一配贅沢鮭魚肚飯糰 | E60: 30 | F60: 1805 | G60: =E60*F60 -> 54150 | I60: 4 | J60: 3600 | K60: =J60/I60 -> 900 | L60: 4 | M60: =F60/V60*60 -> 3192.48 | N60: =M60/L60 -> 798.12 | O60: =L60-I60 -> 0 | P60: =N60-K60 -> -101.88 | Q60: =N60/K60 -> 0.8868 | S60: 0.38888889 | T60: 0.41244213 | U60: 15 | V60: 33.92347 | AA60: =M60-J60 -> -407.52 | AB60: =M60/J60 -> 0.8868
B61: 18℃-飯糰 | C61: 一配雞肉飯飯糰 | E61: 16.66 | F61: 4042 | G61: =E61*F61 -> 67339.72 | I61: 5 | J61: 3600 | K61: =J61/I61 -> 720 | L61: 5 | M61: =F61/V61*60 -> 3191.5358 | N61: =M61/L61 -> 638.30717 | O61: =L61-I61 -> 0 | P61: =N61-K61 -> -81.692834 | Q61: =N61/K61 -> 0.88653773 | S61: 0.42222222 | T61: 0.47498843 | U61: 15 | V61: 75.988494 | AA61: =M61-J61 -> -408.46417 | AB61: =M61/J61 -> 0.88653773
B72: 平均 | I72: =AVERAGE(I56:I71) -> 3.8333333 | J72: =AVERAGE(J56:J71) -> 3550 | K72: =J72/I72 -> 926.08696 | L72: =AVERAGE(L56:L71) -> 3.8333333 | M72: =AVERAGE(M56:M71) -> 3158.829 | N72: =M72/L72 -> 824.04236 | O72: =L72-I72 -> 0 | P72: =N72-K72 -> -102.0446 | Q72: =N72/K72 -> 0.889811 | S72: 0.25 | T72: 0.47498843 | AA72: =M72-J72 -> -391.17096 | AB72: =M72/J72 -> 0.889811
A73: 自動包裝機 (二配) | B73: 18℃-飯糰 | C73: 二配兩粒飯糰(鮪魚.焦糖鮭魚) | E73: 28.57 | F73: 1492 | G73: =E73*F73 -> 42626.44 | I73: 12 | J73: 3600 | K73: =J73/I73 -> 300 | L73: 12 | M73: =F73/V73*60 -> 3111.2527 | N73: =M73/L73 -> 259.27106 | O73: =L73-I73 -> 0 | P73: =N73-K73 -> -40.72894 | Q73: =N73/K73 -> 0.86423687 | R73: =Q89 -> 0.89141902 | S73: 0.70833333 | T73: 0.72831019 | V73: 28.772976 | AA73: =M73-J73 -> -488.74728 | AB73: =M73/J73 -> 0.86423687 | AC73: =AB89 -> 0.89141902
B74: 18℃-飯糰 | C74: 二配溏心蛋五目飯糰 | E74: 20.42 | F74: 563 | G74: =E74*F74 -> 11496.46 | I74: 13 | J74: 3600 | K74: =J74/I74 -> 276.92308 | L74: 13 | M74: =F74/V74*60 -> 3259.5038 | N74: =M74/L74 -> 250.73106 | O74: =L74-I74 -> 0 | P74: =N74-K74 -> -26.192018 | Q74: =N74/K74 -> 0.90541771 | S74: 0.73194444 | T74: 0.73913194 | U74: 5.2333333 | V74: 10.363541 | AA74: =M74-J74 -> -340.49623 | AB74: =M74/J74 -> 0.90541771
B75: 18℃-飯糰 | C75: 二配鮭魚毛豆炊飯飯糰 | E75: 18.92 | F75: 2524 | G75: =E75*F75 -> 47754.08 | I75: 6 | J75: 3600 | K75: =J75/I75 -> 600 | L75: 6 | M75: =F75/V75*60 -> 3256.5689 | N75: =M75/L75 -> 542.76149 | O75: =L75-I75 -> 0 | P75: =N75-K75 -> -57.238508 | Q75: =N75/K75 -> 0.90460249 | S75: 0.74305556 | T75: 0.77534722 | U75: 5.65 | V75: 46.502931 | AA75: =M75-J75 -> -343.43105 | AB75: =M75/J75 -> 0.90460249
B89: 平均 | I89: =AVERAGE(I73:I88) -> 10.333333 | J89: =AVERAGE(J73:J88) -> 3600 | K89: =J89/I89 -> 348.3871 | L89: =AVERAGE(L73:L88) -> 10.333333 | M89: =AVERAGE(M73:M88) -> 3209.1085 | N89: =M89/L89 -> 310.55888 | O89: =L89-I89 -> 0 | P89: =N89-K89 -> -37.828212 | Q89: =N89/K89 -> 0.89141902 | S89: 0.70833333 | T89: 0.77534722 | AA89: =M89-J89 -> -390.89152 | AB89: =M89/J89 -> 0.89141902
A90: (新) 3300型飯糰機 (二配) | B90: 18℃-飯糰 | C90: 二配大飯糰韓式蒜烤豬五花 | E90: 24.54 | F90: 1536 | G90: =E90*F90 -> 37693.44 | I90: 4 | J90: 3000 | K90: =J90/I90 -> 750 | L90: 4 | M90: =F90/V90*60 -> 2708.7757 | N90: =M90/L90 -> 677.19394 | O90: =L90-I90 -> 0 | P90: =N90-K90 -> -72.806063 | Q90: =N90/K90 -> 0.90292525 | R90: =Q106 -> 0.90508135 | S90: 0.70833333 | T90: 0.73195602 | V90: 34.02275 | AA90: =M90-J90 -> -291.22425 | AB90: =M90/J90 -> 0.90292525 | AC90: =AB106 -> 0.90508135
B91: 18℃-飯糰 | C91: 二配大飯糰乾燒風味鮮蝦 | E91: 23.27 | F91: 953 | G91: =E91*F91 -> 22176.31 | I91: 5 | J91: 3000 | K91: =J91/I91 -> 600 | L91: 5 | M91: =F91/V91*60 -> 2711.1287 | N91: =M91/L91 -> 542.22573 | O91: =L91-I91 -> 0 | P91: =N91-K91 -> -57.774268 | Q91: =N91/K91 -> 0.90370955 | S91: 0.73541667 | T91: 0.75005787 | U91: 4.9833333 | V91: 21.090847 | AA91: =M91-J91 -> -288.87134 | AB91: =M91/J91 -> 0.90370955
B92: 18℃-飯糰 | C92: 二配鹽水G絲飯糰 | E92: 17.22 | F92: 1081 | G92: =E92*F92 -> 18614.82 | I92: 3 | J92: 3300 | K92: =J92/I92 -> 1100 | L92: 3 | M92: =F92/V92*60 -> 2991.2891 | N92: =M92/L92 -> 997.09635 | O92: =L92-I92 -> 0 | P92: =N92-K92 -> -102.90365 | Q92: =N92/K92 -> 0.90645123 | S92: 0.75347222 | T92: 0.76851852 | U92: 4.9166667 | V92: 21.68296 | AA92: =M92-J92 -> -308.71094 | AB92: =M92/J92 -> 0.90645123
B93: 18℃-飯糰 | C93: 二配壹號醬炙烤牛飯糰 | E93: 22.28 | F93: 1758 | G93: =E93*F93 -> 39168.24 | I93: 5 | J93: 3300 | K93: =J93/I93 -> 660 | L93: 5 | M93: =F93/V93*60 -> 2989.8 | N93: =M93/L93 -> 597.96 | O93: =L93-I93 -> 0 | P93: =N93-K93 -> -62.04 | Q93: =N93/K93 -> 0.906 | S93: 0.77152778 | T93: 0.79601852 | U93: 5 | V93: 35.279952 | AA93: =M93-J93 -> -310.2 | AB93: =M93/J93 -> 0.906
B94: 18℃-飯糰 | C94: 二配鹽蔥燒肉飯糰 | E94: 17.89 | F94: 5061 | G94: =E94*F94 -> 90541.29 | I94: 4 | J94: 3300 | K94: =J94/I94 -> 825 | L94: 4 | M94: =F94/V94*60 -> 2989.8 | N94: =M94/L94 -> 747.45 | O94: =L94-I94 -> 0 | P94: =N94-K94 -> -77.55 | Q94: =N94/K94 -> 0.906 | S94: 0.8 | T94: 0.87052083 | U94: 5.7333333 | V94: 101.56532 | AA94: =M94-J94 -> -310.2 | AB94: =M94/J94 -> 0.906
B106: 平均 | I106: =AVERAGE(I90:I105) -> 4.2 | J106: =AVERAGE(J90:J105) -> 3180 | K106: =J106/I106 -> 757.14286 | L106: =AVERAGE(L90:L105) -> 4.2 | M106: =AVERAGE(M90:M105) -> 2878.1587 | N106: =M106/L106 -> 685.27588 | O106: =L106-I106 -> 0 | P106: =N106-K106 -> -71.866978 | Q106: =N106/K106 -> 0.90508135 | S106: 0.70833333 | T106: 0.87052083 | AA106: =M106-J106 -> -301.84131 | AB106: =M106/J106 -> 0.90508135
A107: GKK3600型 飯糰機 (二配) | B107: 18℃-飯糰 | C107: 二配經典肉鬆飯糰 | E107: 14.03 | F107: 294 | G107: =E107*F107 -> 4124.82 | H107: 2 | I107: 3 | J107: 3000 | K107: =J107/I107 -> 1000 | L107: 3 | M107: =F107/V107*60 -> 2715.925 | N107: =M107/L107 -> 905.30835 | O107: =L107-I107 -> 0 | P107: =N107-K107 -> -94.691655 | Q107: =N107/K107 -> 0.90530835 | R107: =Q123 -> 0.89293197 | S107: 0.75902778 | T107: 0.76353009 | V107: 6.4950246 | AA107: =M107-J107 -> -284.07496 | AB107: =M107/J107 -> 0.90530835 | AC107: =AB123 -> 0.89293197
B108: 18℃-飯糰 | C108: 二配雞肉飯飯糰 | E108: 16.66 | F108: 3096 | G108: =E108*F108 -> 51579.36 | H108: 2 | I108: 5 | J108: 3600 | K108: =J108/I108 -> 720 | L108: 5 | M108: =F108/V108*60 -> 3191.7079 | N108: =M108/L108 -> 638.34158 | O108: =L108-I108 -> 0 | P108: =N108-K108 -> -81.658421 | Q108: =N108/K108 -> 0.88658553 | S108: 0.77361111 | T108: 0.81402778 | U108: 14.516667 | V108: 58.200815 | AA108: =M108-J108 -> -408.2921 | AB108: =M108/J108 -> 0.88658553
B109: 18℃-飯糰 | C109: 二配鮪魚飯糰 | E109: 14.28 | F109: 2547 | G109: =E109*F109 -> 36371.16 | H109: 2 | I109: 3 | J109: 3600 | K109: =J109/I109 -> 1200 | L109: 3 | M109: =F109/V109*60 -> 3188.8496 | N109: =M109/L109 -> 1062.9499 | O109: =L109-I109 -> 0 | P109: =N109-K109 -> -137.05014 | Q109: =N109/K109 -> 0.88579155 | S109: 0.82430556 | T109: 0.85758102 | U109: 14.8 | V109: 47.923239 | AA109: =M109-J109 -> -411.15042 | AB109: =M109/J109 -> 0.88579155
B110: 18℃-飯糰 | C110: 二配經典肉鬆飯糰 | E110: 14.03 | F110: 7423 | G110: =E110*F110 -> 104144.69 | I110: 3 | J110: 3000 | K110: =J110/I110 -> 1000 | L110: 3 | M110: =F110/V110*60 -> 2715.925 | N110: =M110/L110 -> 905.30835 | O110: =L110-I110 -> 0 | P110: =N110-K110 -> -94.691655 | Q110: =N110/K110 -> 0.90530835 | S110: 0.86736111 | T110: 0.98123843 | U110: 15 | V110: 163.98833 | AA110: =M110-J110 -> -284.07496 | AB110: =M110/J110 -> 0.90530835
B111: 18℃-飯糰 | C111: 二配鮪魚飯糰 | E111: 14.28 | F111: 7202 | G111: =E111*F111 -> 102844.56 | I111: 3 | J111: 3600 | K111: =J111/I111 -> 1200 | L111: 3 | M111: =F111/V111*60 -> 3188.8496 | N111: =M111/L111 -> 1062.9499 | O111: =L111-I111 -> 0 | P111: =N111-K111 -> -137.05014 | Q111: =N111/K111 -> 0.88579155 | S111: 0.99097222 | T111: 1.0850694 | U111: 15 | V111: 135.50968 | AA111: =M111-J111 -> -411.15042 | AB111: =M111/J111 -> 0.88579155
B123: 平均 | I123: =AVERAGE(I107:I122) -> 3.4 | J123: =AVERAGE(J107:J122) -> 3360 | K123: =J123/I123 -> 988.23529 | L123: =AVERAGE(L107:L122) -> 3.4 | M123: =AVERAGE(M107:M122) -> 3000.2514 | N123: =M123/L123 -> 882.42689 | O123: =L123-I123 -> 0 | P123: =N123-K123 -> -105.8084 | Q123: =N123/K123 -> 0.89293197 | S123: 0.75902778 | T123: 1.0850694 | AA123: =M123-J123 -> -359.74857 | AB123: =M123/J123 -> 0.89293197
A124: GKK3600型 飯糰機2 (二配) | B124: 18℃-飯糰 | C124: 二配熟成紅鮭飯糰 | E124: 25.03 | F124: 544 | G124: =E124*F124 -> 13616.32 | H124: 2 | I124: 5 | J124: 3600 | K124: =J124/I124 -> 720 | L124: 5 | M124: =F124/V124*60 -> 3196.6753 | N124: =M124/L124 -> 639.33506 | O124: =L124-I124 -> 0 | P124: =N124-K124 -> -80.664939 | Q124: =N124/K124 -> 0.88796536 | R124: =Q140 -> 0.88913095 | S124: 0.70833333 | T124: 0.71541667 | V124: 10.210608 | AA124: =M124-J124 -> -403.32469 | AB124: =M124/J124 -> 0.88796536 | AC124: =AB140 -> 0.88913095
B125: 18℃-飯糰 | C125: 二配芝麻香鬆飯糰 | E125: 18.18 | F125: 573 | G125: =E125*F125 -> 10417.14 | H125: 2 | I125: 3 | J125: 3000 | K125: =J125/I125 -> 1000 | L125: 3 | M125: =F125/V125*60 -> 2719.3089 | N125: =M125/L125 -> 906.43629 | O125: =L125-I125 -> 0 | P125: =N125-K125 -> -93.563707 | Q125: =N125/K125 -> 0.90643629 | S125: 0.72569444 | T125: 0.73446759 | U125: 14.8 | V125: 12.642918 | AA125: =M125-J125 -> -280.69112 | AB125: =M125/J125 -> 0.90643629
B126: 18℃-飯糰 | C126: 二配贅沢鮭魚肚飯糰 | E126: 30 | F126: 732 | G126: =E126*F126 -> 21960 | H126: 2 | I126: 4 | J126: 3600 | K126: =J126/I126 -> 900 | L126: 4 | M126: =F126/V126*60 -> 3191.76 | N126: =M126/L126 -> 797.94 | O126: =L126-I126 -> 0 | P126: =N126-K126 -> -102.06 | Q126: =N126/K126 -> 0.8866 | S126: 0.74444444 | T126: 0.75399306 | U126: 15 | V126: 13.760433 | AA126: =M126-J126 -> -408.24 | AB126: =M126/J126 -> 0.8866
B127: 18℃-飯糰 | C127: 二配北海道秋鮭親子飯糰 | E127: 24.82 | F127: 732 | G127: =E127*F127 -> 18168.24 | H127: 2 | I127: 5 | J127: 3600 | K127: =J127/I127 -> 720 | L127: 5 | M127: =F127/V127*60 -> 3186.1518 | N127: =M127/L127 -> 637.23036 | O127: =L127-I127 -> 0 | P127: =N127-K127 -> -82.769644 | Q127: =N127/K127 -> 0.88504216 | S127: 0.76388889 | T127: 0.77346065 | U127: 15 | V127: 13.784654 | AA127: =M127-J127 -> -413.84822 | AB127: =M127/J127 -> 0.88504216
B128: 18℃-飯糰 | C128: 二配明太子龍蝦風味沙拉飯糰 | E128: 18.18 | F128: 940 | G128: =E128*F128 -> 17089.2 | H128: 2 | I128: 3 | J128: 3600 | K128: =J128/I128 -> 1200 | L128: 3 | M128: =F128/V128*60 -> 3191.7634 | N128: =M128/L128 -> 1063.9211 | O128: =L128-I128 -> 0 | P128: =N128-K128 -> -136.07887 | Q128: =N128/K128 -> 0.88660095 | S128: 0.78333333 | T128: 0.79560185 | U128: 15 | V128: 17.670483 | AA128: =M128-J128 -> -408.2366 | AB128: =M128/J128 -> 0.88660095
B129: 18℃-飯糰 | C129: 二配蔬食鮪魚飯糰 | E129: 18.18 | F129: 1188 | G129: =E129*F129 -> 21597.84 | I129: 3 | J129: 3600 | K129: =J129/I129 -> 1200 | L129: 3 | M129: =F129/V129*60 -> 3193.7961 | N129: =M129/L129 -> 1064.5987 | O129: =L129-I129 -> 0 | P129: =N129-K129 -> -135.40131 | Q129: =N129/K129 -> 0.88716557 | S129: 0.80555556 | T129: 0.82105324 | U129: 15 | V129: 22.318269 | AA129: =M129-J129 -> -406.20394 | AB129: =M129/J129 -> 0.88716557
B130: 18℃-飯糰 | C130: 二配三杯醬爆菇菇飯糰 | E130: 16.7 | F130: 1587 | G130: =E130*F130 -> 26502.9 | I130: 3 | J130: 3600 | K130: =J130/I130 -> 1200 | L130: 3 | M130: =F130/V130*60 -> 3189.6824 | N130: =M130/L130 -> 1063.2275 | O130: =L130-I130 -> 0 | P130: =N130-K130 -> -136.77255 | Q130: =N130/K130 -> 0.88602288 | S130: 0.83125 | T130: 0.85197917 | U130: 14.683333 | V130: 29.852502 | AA130: =M130-J130 -> -410.31765 | AB130: =M130/J130 -> 0.88602288
B131: 18℃-飯糰 | C131: 二配熟成紅鮭飯糰 | E131: 25.03 | F131: 1217 | G131: =E131*F131 -> 30461.51 | I131: 5 | J131: 3600 | K131: =J131/I131 -> 720 | L131: 5 | M131: =F131/V131*60 -> 3194.5416 | N131: =M131/L131 -> 638.90831 | O131: =L131-I131 -> 0 | P131: =N131-K131 -> -81.09169 | Q131: =N131/K131 -> 0.88737265 | S131: 0.86180556 | T131: 0.87767361 | U131: 15 | V131: 22.85774 | AA131: =M131-J131 -> -405.45845 | AB131: =M131/J131 -> 0.88737265
B132: 18℃-飯糰 | C132: 二配芝麻香鬆飯糰 | E132: 18.18 | F132: 1330 | G132: =E132*F132 -> 24179.4 | I132: 3 | J132: 3000 | K132: =J132/I132 -> 1000 | L132: 3 | M132: =F132/V132*60 -> 2719.3089 | N132: =M132/L132 -> 906.43629 | O132: =L132-I132 -> 0 | P132: =N132-K132 -> -93.563707 | Q132: =N132/K132 -> 0.90643629 | S132: 0.8875 | T132: 0.90787037 | U132: 15 | V132: 29.345692 | AA132: =M132-J132 -> -280.69112 | AB132: =M132/J132 -> 0.90643629
B133: 18℃-飯糰 | C133: 二配北海道秋鮭親子飯糰 | E133: 24.82 | F133: 1737 | G133: =E133*F133 -> 43112.34 | I133: 5 | J133: 3600 | K133: =J133/I133 -> 720 | L133: 5 | M133: =F133/V133*60 -> 3186.1518 | N133: =M133/L133 -> 637.23036 | O133: =L133-I133 -> 0 | P133: =N133-K133 -> -82.769644 | Q133: =N133/K133 -> 0.88504216 | S133: 0.91805556 | T133: 0.94076389 | U133: 14.666667 | V133: 32.710306 | AA133: =M133-J133 -> -413.84822 | AB133: =M133/J133 -> 0.88504216
B134: 18℃-飯糰 | C134: 二配贅沢鮭魚肚飯糰 | E134: 30 | F134: 1821 | G134: =E134*F134 -> 54630 | I134: 4 | J134: 3600 | K134: =J134/I134 -> 900 | L134: 4 | M134: =F134/V134*60 -> 3191.76 | N134: =M134/L134 -> 797.94 | O134: =L134-I134 -> 0 | P134: =N134-K134 -> -102.06 | Q134: =N134/K134 -> 0.8866 | S134: 0.95069444 | T134: 0.97445602 | U134: 15 | V134: 34.231897 | AA134: =M134-J134 -> -408.24 | AB134: =M134/J134 -> 0.8866
B135: 18℃-飯糰 | C135: 二配明太子龍蝦風味沙拉飯糰 | E135: 18.18 | F135: 2471 | G135: =E135*F135 -> 44922.78 | I135: 3 | J135: 3600 | K135: =J135/I135 -> 1200 | L135: 3 | M135: =F135/V135*60 -> 3191.7634 | N135: =M135/L135 -> 1063.9211 | O135: =L135-I135 -> 0 | P135: =N135-K135 -> -136.07887 | Q135: =N135/K135 -> 0.88660095 | S135: 0.98472222 | T135: 1.0169792 | U135: 14.783333 | V135: 46.450811 | AA135: =M135-J135 -> -408.2366 | AB135: =M135/J135 -> 0.88660095
B136: 18℃-飯糰 | C136: 二配雞肉飯飯糰 | E136: 16.66 | F136: 4939 | G136: =E136*F136 -> 82283.74 | I136: 5 | J136: 3600 | K136: =J136/I136 -> 720 | L136: 5 | M136: =F136/V136*60 -> 3191.7079 | N136: =M136/L136 -> 638.34158 | O136: =L136-I136 -> 0 | P136: =N136-K136 -> -81.658421 | Q136: =N136/K136 -> 0.88658553 | S136: 1.0270833 | T136: 1.0915509 | U136: 14.55 | V136: 92.846842 | AA136: =M136-J136 -> -408.2921 | AB136: =M136/J136 -> 0.88658553
B140: 平均 | I140: =AVERAGE(I124:I139) -> 3.9230769 | J140: =AVERAGE(J124:J139) -> 3507.6923 | K140: =J140/I140 -> 894.11765 | L140: =AVERAGE(L124:L139) -> 3.9230769 | M140: =AVERAGE(M124:M139) -> 3118.7978 | N140: =M140/L140 -> 794.98767 | O140: =L140-I140 -> 0 | P140: =N140-K140 -> -99.129975 | Q140: =N140/K140 -> 0.88913095 | S140: 0.70833333 | T140: 1.0915509 | AA140: =M140-J140 -> -388.89452 | AB140: =M140/J140 -> 0.88913095
Y142: 原因回覆
Y143: 1.當日出勤人數較多
Y144: 2.當日出勤人數較少
Y145: 3.當日出勤熟手較多
Y146: 4.當日出勤新人較多
Y147: 5.機台夾盒
Y148: 6.封膜不順
Y149: 7.更換膠膜
Y150: 8.更換碳帶
Y151: 9.當日熱轉印碳帶異常
Y152: 10.訂單量過少
Y153: 11.新品上市，尚未熟悉
Y154: 12.活動期間品項需貼標

Sheet 0627(4度C)
A1: 大溪廠日報分析 | C1: 總生產量 | D1: =SUM(F5:F157) -> 90128 | E1: 營業額 | F1: =SUM(G5:G157) -> 3955675.5 | G1: 出勤人數 | H1: =L21+L38+L55+L72+L89+L106+L123+L140+L157 -> 154.45833 | I1: 產線配置圖 | L1: 生產實績 | O1: 人時性差異分析 | S1: 日報登錄 | Y1: 合計次數 | Z1: 合計(時間/分) | AA1: 產線異常 分析說明(5分鐘以上) | AC1: 合計次數 | AD1: 合計(時間/分) | AE1: 產能差異分析
A2: 46200 | C2: 人時性 | D2: =AVERAGE(N21,N38,N55,N72,N89,N106,N123,N140,N157) -> 179.49893 | E2: 平均廠價 | F2: =F1/D1 -> 43.88953 | G2: 多次生產數 | H2: =COUNT(H5:H157) -> 1 | Y2: =SUM(Y21,Y38,Y55,Y72,Y89,Y106,Y123,Y140,Y157) -> 0 | Z2: =SUM(Z21,Z38,Z55,Z72,Z89,Z106,Z123,Z140,Z157) -> 0 | AC2: =SUM(AC21,AC38,AC55,AC72,AC89,AC106,AC123,AC140,AC157) -> 0 | AD2: =SUM(AD21,AD38,AD55,AD72,AD89,AD106,AD123,AD140,AD157) -> 0
A3: 線別 | B3: 品類 | C3: 品名 | E3: 廠價 | F3: 生產量 | G3: 營收 | H3: 多次 生產 | I3: 人數 | J3: 產能/時 | K3: 人時性 | L3: 人數 | M3: 產能/時 | N3: 人時性 | O3: 人數 | P3: 人時性 | Q3: 達成率 | R3: 達成率 平均 | S3: 生產時間 | U3: 換線、休息/分 | V3: 稼動時間/分 | W3: 休息時間 | Y3: 產線異常統計(5分鐘以上) | AA3: (屏榮回填) | AC3: 短暫停線統計(5分鐘以下) | AE3: 產能/時 | AF3: 達成率 | AG3: 達成率平均
S4: 開始 | T4: 結束 | W4: 開始 | X4: 結束 | Y4: 次數 | Z4: 時間/分 | AC4: 總次數 | AD4: 設備因素(次數)
A5: 便當二線 | B5: 微波主食 | C5: 糖燻野郎三十天熟成牛飯 | E5: 56.43 | F5: 4823 | G5: =E5*F5 -> 272161.89 | I5: 24 | J5: 2000 | K5: =J5/I5 -> 83.333333 | L5: 24 | M5: =F5/V5*60 -> 1792.2741 | N5: =M5/L5 -> 74.678086 | O5: =L5-I5 -> 0 | P5: =N5-K5 -> -8.6552469 | Q5: =N5/K5 -> 0.89613704 | R5: =Q21 -> 0.9067594 | S5: 0.25 | T5: 0.36211806 | V5: 161.45968 | AE5: =M5-J5 -> -207.72593 | AF5: =M5/J5 -> 0.89613704 | AG5: =AF21 -> 0.93266681
B6: 便當 | C6: 香檸奶油魚排蔬滿盒 | E6: 77.35 | F6: 757 | G6: =E6*F6 -> 58553.95 | I6: 25 | J6: 2000 | K6: =J6/I6 -> 80 | L6: 25 | M6: =F6/V6*60 -> 1787.8324 | N6: =M6/L6 -> 71.513295 | O6: =L6-I6 -> 0 | P6: =N6-K6 -> -8.4867053 | Q6: =N6/K6 -> 0.89391618 | S6: 0.36597222 | T6: 0.38361111 | U6: 5.55 | V6: 25.405066 | AE6: =M6-J6 -> -212.16763 | AF6: =M6/J6 -> 0.89391618
B7: 便當 | C7: 美式雞丁餐盒 | E7: 59.34 | F7: 1097 | G7: =E7*F7 -> 65095.98 | I7: 23 | J7: 2000 | K7: =J7/I7 -> 86.956522 | L7: 23 | M7: =F7/V7*60 -> 1791.8904 | N7: =M7/L7 -> 77.908278 | O7: =L7-I7 -> 0 | P7: =N7-K7 -> -9.0482441 | Q7: =N7/K7 -> 0.89594519 | S7: 0.38680556 | T7: 0.41230324 | U7: 4.6 | V7: 36.732158 | AE7: =M7-J7 -> -208.10961 | AF7: =M7/J7 -> 0.89594519
B8: 便當 | C8: 嫩烤香料雞胸排蔬滿盒 | E8: 77.34 | F8: 1728 | G8: =E8*F8 -> 133643.52 | I8: 23 | J8: 2000 | K8: =J8/I8 -> 86.956522 | L8: 23 | M8: =F8/V8*60 -> 1795.2192 | N8: =M8/L8 -> 78.05301 | O8: =L8-I8 -> 0 | P8: =N8-K8 -> -8.9035118 | Q8: =N8/K8 -> 0.89760961 | S8: 0.41527778 | T8: 0.45538194 | U8: 5 | V8: 57.753392 | AE8: =M8-J8 -> -204.78077 | AF8: =M8/J8 -> 0.89760961
B9: 4℃-飯糰 | C9: 麻油雞飯糰 | E9: 29.97 | F9: 1903 | G9: =E9*F9 -> 57032.91 | I9: 21 | J9: 2790 | K9: =J9/I9 -> 132.85714 | L9: 25 | M9: =F9/V9*60 -> 2964.9808 | N9: =M9/L9 -> 118.59923 | O9: =L9-I9 -> 4 | P9: =N9-K9 -> -14.257912 | Q9: =N9/K9 -> 0.89268238 | S9: 0.45902778 | T9: 0.48576389 | U9: 5.25 | V9: 38.509525 | W9: 0.48576389 | X9: 0.525 | AE9: =M9-J9 -> 174.98077 | AF9: =M9/J9 -> 1.0627171
B10: 便當 | C10: 健身G肉餐盒 | E10: 59.52 | F10: 3788 | G10: =E10*F10 -> 225461.76 | I10: 24 | J10: 2000 | K10: =J10/I10 -> 83.333333 | L10: 24 | M10: =F10/V10*60 -> 1796.6117 | N10: =M10/L10 -> 74.85882 | O10: =L10-I10 -> 0 | P10: =N10-K10 -> -8.4745136 | Q10: =N10/K10 -> 0.89830584 | S10: 0.525 | T10: 0.61284722 | U10: 56.5 | V10: 126.5048 | AE10: =M10-J10 -> -203.38833 | AF10: =M10/J10 -> 0.89830584
B21: 平均 | I21: =AVERAGE(I5:I20) -> 23.333333 | J21: =AVERAGE(J5:J20) -> 2131.6667 | K21: =J21/I21 -> 91.357143 | L21: =AVERAGE(L5:L20) -> 24 | M21: =AVERAGE(M5:M20) -> 1988.1348 | N21: =M21/L21 -> 82.838948 | O21: =L21-I21 -> 0.66666667 | P21: =N21-K21 -> -8.5181949 | Q21: =N21/K21 -> 0.9067594 | S21: 0.25 | T21: 0.61284722 | Y21: =SUM(Y5:Y20) -> 0 | Z21: =SUM(Z5:Z20) -> 0 | AC21: =SUM(AC5:AC20) -> 0 | AD21: =SUM(AD5:AD20) -> 0 | AE21: =M21-J21 -> -143.53192 | AF21: =M21/J21 -> 0.93266681
A22: 涼麵一線 | B22: 4℃-壽司手卷 | C22: 海陸雙拼壽司 | E22: 36.45 | F22: 2667 | G22: =E22*F22 -> 97212.15 | I22: 20 | J22: 2100 | K22: =J22/I22 -> 105 | L22: 20 | M22: =F22/V22*60 -> 1898.0559 | N22: =M22/L22 -> 94.902794 | O22: =L22-I22 -> 0 | P22: =N22-K22 -> -10.097206 | Q22: =N22/K22 -> 0.90383613 | R22: =Q38 -> 0.90060019 | S22: 0.16666667 | T22: 0.22520833 | V22: 84.307318 | AE22: =M22-J22 -> -201.94413 | AF22: =M22/J22 -> 0.90383613 | AG22: =AF38 -> 0.90060019
B23: 微波小吃 | C23: 馬鈴薯玉米濃湯 | E23: 31.72 | F23: 1744 | G23: =E23*F23 -> 55319.68 | I23: 22 | J23: 2000 | K23: =J23/I23 -> 90.909091 | L23: 22 | M23: =F23/V23*60 -> 1799.4072 | N23: =M23/L23 -> 81.791237 | O23: =L23-I23 -> 0 | P23: =N23-K23 -> -9.1178536 | Q23: =N23/K23 -> 0.89970361 | S23: 0.22847222 | T23: 0.26885417 | U23: 4.7 | V23: 58.152484 | AE23: =M23-J23 -> -200.59278 | AF23: =M23/J23 -> 0.89970361
B24: 微波小吃 | C24: 三合一味噌湯 | E24: 34.79 | F24: 1805 | G24: =E24*F24 -> 62795.95 | I24: 11 | J24: 2000 | K24: =J24/I24 -> 181.81818 | L24: 11 | M24: =F24/V24*60 -> 1805.0362 | N24: =M24/L24 -> 164.0942 | O24: =L24-I24 -> 0 | P24: =N24-K24 -> -17.723978 | Q24: =N24/K24 -> 0.90251812 | S24: 0.27291667 | T24: 0.31457176 | U24: 5.85 | V24: 59.998795 | AE24: =M24-J24 -> -194.96376 | AF24: =M24/J24 -> 0.90251812
B25: 微波小吃 | C25: 蒸蛋湯 | E25: 33.2 | F25: 2895 | G25: =E25*F25 -> 96114 | I25: 11 | J25: 2000 | K25: =J25/I25 -> 181.81818 | L25: 11 | M25: =F25/V25*60 -> 1804.8739 | N25: =M25/L25 -> 164.07945 | O25: =L25-I25 -> 0 | P25: =N25-K25 -> -17.738733 | Q25: =N25/K25 -> 0.90243697 | S25: 0.31805556 | T25: 0.38488426 | U25: 5.0166667 | V25: 96.239409 | AE25: =M25-J25 -> -195.12607 | AF25: =M25/J25 -> 0.90243697
