Workbook

Sheet 0228
B1: 屏榮 大溪廠組合室生產人時性分析
B3: 日期 | C3: 115.02.28星期六 | E3: 訂單量 | F3: ='0228(18度C)'!D1+'0228(4度C)'!D1 -> 131697 | H3: 營業額 | I3: ='0228(18度C)'!F1+'0228(4度C)'!F1 -> 3915929.6
B4: 人時性 | C4: 項目 | E4: ➀ | G4: ➁ | I4: ➂ | K4: ④ | M4: ⑤ | O4: 異常停線 | Q4: 短暫停線
C5: 組合室 | E5: 全溫層 | G5: 4度C-各編組展開(一配) | I5: 4度C-各編組展開(二配) | K5: 18度C-各編組展開(一配) | M5: 18度C-各編組展開(二配) | O5: 合計次數 | P5: 時間 | Q5: 合計次數 | R5: 設備次數
C6: 排關平均 | E6: =AVERAGE(D14:O14,D32:X32) -> 550.03519 | F6: =AVERAGE(#REF!,D14:K14) -> #REF! | G6: =AVERAGE(D14:K14) -> 209.01033 | I6: =AVERAGE(L14:O14) -> 92.630803 | K6: =AVERAGE(D32:O32) -> 733.74087 | M6: =AVERAGE(P32:X32) -> 785.37 | O6: ='0228(4度C)'!Y2 -> 0 | P6: ='0228(4度C)'!Z2 -> 0 | Q6: ='0228(4度C)'!AC2 -> 0 | R6: ='0228(4度C)'!AD2 -> 0
C7: 實績平均 | E7: =AVERAGE(D15:O15,D33:X33) -> 489.05639 | F7: =AVERAGE(#REF!,D15:K15) -> #REF! | G7: =AVERAGE(D15:K15) -> 185.45097 | I7: =AVERAGE(L15:O15) -> 82.595783 | K7: =AVERAGE(D33:O33) -> 653.0331 | M7: =AVERAGE(P33:X33) -> 697.7529
C8: 達成率平均 | E8: =AVERAGE(D16:O16,D34:X34) -> 0.88971142 | F8: =AVERAGE(D16:K16,#REF!) -> #REF! | G8: =AVERAGE(D16:K16) -> 0.89160684 | I8: =AVERAGE(L16:O16) -> 0.89164615 | K8: =AVERAGE(D34:O34) -> 0.88988962 | M8: =AVERAGE(P34:X34) -> 0.88720734
O9: ※現行日本鮮食廠以達成率80%為基本(即為現行KPI)
B11: 溫層 | D11: ➁4度C-各編組展開 | L11: ➂4度C-各編組展開
B12: 編組 | D12: 1 | E12: 2 | F12: 3 | G12: 4 | H12: 5 | I12: 6 | J12: 7 | K12: 8 | L12: 1 | M12: 2 | N12: 3 | O12: 4
D13: 便當一線 | E13: 便當二線 | F13: 涼麵一線 | G13: 涼麵二線 | H13: 涼麵三線 | I13: 自動包裝機 | J13: 自動包裝機2 | K13: 自動包裝機3 | L13: 便當一線 | M13: 便當二線 | N13: 涼麵一線 | O13: 涼麵二線
B14: 人時性 | C14: 排關 | D14: - | E14: - | F14: 100.84112 | G14: 82.644628 | H14: 88.888889 | I14: 563.66667 | J14: - | K14: - | L14: - | M14: - | N14: 86.956522 | O14: 98.305085
C15: 實績 | D15: - | E15: - | F15: 90.372876 | G15: 73.698516 | H15: 79.520713 | I15: 498.21178 | J15: - | K15: - | L15: - | M15: - | N15: 77.505574 | O15: 87.685992
C16: 達成率 | D16: - | E16: - | F16: =F15/F14 -> 0.89619071 | G16: =G15/G14 -> 0.89175204 | H16: =H15/H14 -> 0.89460802 | I16: =I15/I14 -> 0.8838766 | J16: - | K16: - | L16: - | M16: - | N16: =N15/N14 -> 0.8913141 | O16: =O15/O14 -> 0.8919782
B17: 作業 時間 | C17: 開始 | D17: - | E17: - | F17: 0.25 | G17: 0.25025463 | H17: 0.25 | I17: 0.40295139 | J17: - | K17: - | L17: - | M17: - | N17: 0.70849537 | O17: 0.70833333
C18: 結束 | D18: - | E18: - | F18: 0.53222222 | G18: 0.59305556 | H18: 0.44728009 | I18: 0.47855324 | J18: - | K18: - | L18: - | M18: - | N18: 0.83888889 | O18: 0.82916667
B19: 產線異常 (5分鐘以上) | C19: 次數
C20: 時間/分
B21: 短暫停線 (5分鐘以下) | C21: 次數
C22: 設備次數
B23: 配置人數 | D23: - | E23: - | F23: 21.6 | G23: 24.2 | H23: 18 | I23: 6 | J23: - | K23: - | L23: - | M23: - | N23: 23 | O23: 19.666667
B24: 主要應用設備 | D24: L型封口機 | E24: ET-55 | F24: ET-55 | G24: ET-55 | H24: ET-600 | I24: 伺服包裝機 | J24: 伺服包裝機 | K24: 伺服包裝機 | L24: L型封口機 | M24: ET-55 | N24: ET-55 | O24: ET-55
B25: 次要應用設備 | D25: 伺服包裝機 | H25: 伺服包裝機
B26: 備註 | H26: 涼麵+烤飯糰 | I26: 大口飯糰線 | K26: 烤飯糰+手卷
B29: 溫層 | D29: ➃18度C-各編組展開 (一配) | P29: ⑤18度C-各編組展開 (二配)
B30: 編組 | D30: 1 | E30: 2 | F30: 3 | G30: 4 | H30: 5 | I30: 6 | J30: 7 | K30: 8 | L30: 9 | M30: 10 | N30: 11 | O30: 12 | P30: 1 | Q30: 2 | R30: 3 | S30: 4 | T30: 5 | U30: 6 | V30: 7 | W30: 8 | X30: 9
D31: 便當一線 | E31: 涼麵一線 | F31: 涼麵三線 | G31: 自動包裝機 | H31: 自動包裝機2 | I31: 自動包裝機3 | J31: 味付飯糰線B | K31: (舊) 3300型飯糰線 | L31: 3000型飯糰線 | M31: (新) 3300型飯糰機 | N31: GKK3600型 飯糰機 | O31: GKK3600型 飯糰機2 | P31: 自動包裝機 | Q31: 自動包裝機2 | R31: 自動包裝機3 | S31: 味付飯糰線B | T31: (舊) 3300型飯糰線 | U31: 3000型飯糰線 | V31: (新) 3300型飯糰機 | W31: GKK3600型 飯糰機 | X31: GKK3600型 飯糰機2
B32: 人時性 | C32: 排關 | D32: - | E32: - | F32: - | G32: 306.38298 | H32: 433.33333 | I32: - | J32: - | K32: 761.53846 | L32: - | M32: 825 | N32: 1133.3333 | O32: 942.85714 | P32: 306.38298 | Q32: - | R32: - | S32: - | T32: 787.5 | U32: - | V32: 761.53846 | W32: 1100 | X32: 971.42857
C33: 實績 | D33: - | E33: - | F33: - | G33: 267.78764 | H33: 390.09236 | I33: - | J33: - | K33: 684.71318 | L33: - | M33: 740.8564 | N33: 998.44809 | O33: 836.30091 | P33: 267.70227 | Q33: - | R33: - | S33: - | T33: 705.07886 | U33: - | V33: 684.38721 | W33: 974.13666 | X33: 857.45953
C34: 達成率 | D34: - | E34: - | F34: - | G34: =G33/G32 -> 0.87402912 | H34: =H33/H32 -> 0.90021313 | I34: - | J34: - | K34: =K33/K32 -> 0.89911832 | L34: - | M34: =M33/M32 -> 0.89800776 | N34: =N33/N32 -> 0.88098361 | O34: =O33/O32 -> 0.88698581 | P34: =P33/P32 -> 0.87375048 | Q34: - | R34: - | S34: - | T34: =T33/T32 -> 0.89533823 | U34: - | V34: =V33/V32 -> 0.89869027 | W34: =W33/W32 -> 0.88557878 | X34: =X33/X32 -> 0.88267892
B35: 作業 時間 | C35: 開始 | D35: - | E35: - | F35: - | G35: 0.30347222 | H35: 0.25025463 | I35: - | J35: - | K35: 0.39583333 | L35: - | M35: 0.29166667 | N35: 0.29195602 | O35: 0.29177083 | P35: 0.7084375 | Q35: - | R35: - | S35: - | T35: 0.70833333 | U35: - | V35: 0.70856481 | W35: 0.70842593 | X35: 0.70846065
C36: 結束 | D36: - | E36: - | F36: - | G36: 0.39877315 | H36: 0.28571759 | I36: - | J36: - | K36: 0.47712963 | L36: - | M36: 0.3821412 | N36: 0.43263889 | O36: 0.41111111 | P36: 0.80208333 | Q36: - | R36: - | S36: - | T36: 0.86070602 | U36: - | V36: 0.85561343 | W36: 0.98680556 | X36: 0.99457176
B37: 配置人數 | D37: - | E37: - | F37: - | G37: 11.75 | H37: 6 | I37: - | J37: - | K37: 4.3333333 | L37: - | M37: 4 | N37: 3 | O37: 3.5 | P37: 11.75 | Q37: - | R37: - | S37: - | T37: 4 | U37: - | V37: 4.3333333 | W37: 3 | X37: 3.5
B38: 主要應用設備 | D38: 伺服包裝機 | E38: ET-55 | F38: ET-600 | G38: 夾心型 | H38: 伺服包裝機 | I38: 伺服包裝機 | J38: 夾心型 | K38: 3300型 | L38: 3300型 | M38: 3300型 | N38: GKK | O38: GKK | P38: 夾心型 | Q38: 伺服包裝機 | R38: 伺服包裝機 | S38: 夾心型 | T38: 3300型 | U38: 3300型 | V38: 3300型 | W38: GKK | X38: GKK
B39: 次要應用設備
B40: 備註

Sheet 0228(18度C)
A1: 大溪廠日報分析 | C1: 總生產量 | D1: =SUM(F5:F191) -> 87934 | E1: 營業額 | F1: =SUM(G5:G191) -> 1718979.1 | G1: 出勤人數 | H1: =L21+L38+L55+L72+L89+L106+L123+L140+L157+L174+L191 -> 59.166667 | I1: 產線配置圖 | L1: 生產實績 | O1: 人時性差異分析 | S1: 日報登錄 | Y1: 分析說明 | AA1: 產能差異分析
A2: 46081 | C2: 人時性 | D2: =AVERAGE(N21,N38,N55,N72,N89,N106,N123,N140,N157,N174,N191) -> 673.36028 | E2: 平均廠價 | F2: =F1/D1 -> 19.548515 | G2: 多次生產數 | H2: =COUNT(H5:H191) -> 3
A3: 線別 | B3: 品類 | C3: 品名 | E3: 廠價 | F3: 生產量 | G3: 營收 | H3: 多次 生產 | I3: 人數 | J3: 產能/時 | K3: 人時性 | L3: 人數 | M3: 產能/時 | N3: 人時性 | O3: 人數 | P3: 人時性 | Q3: 達成率 | R3: 達成率 平均 | S3: 生產時間 | U3: 換線、休息/分 | V3: 稼動時間/分 | W3: 休息時間 | Y3: (屏榮回填) | AA3: 產能/時 | AB3: 達成率 | AC3: 達成率平均
S4: 開始 | T4: 結束 | W4: 開始 | X4: 結束
A5: 自動包裝機 | B5: 18℃-飯糰 | C5: 一配兩粒飯糰(鮪魚.焦糖鮭魚) | E5: 28.57 | F5: 1485 | G5: =E5*F5 -> 42426.45 | I5: 12 | J5: 3600 | K5: =J5/I5 -> 300 | L5: 12 | M5: =F5/V5*60 -> 3128.1451 | N5: =M5/L5 -> 260.67876 | O5: =L5-I5 -> 0 | P5: =N5-K5 -> -39.32124 | Q5: =N5/K5 -> 0.8689292 | R5: =Q21 -> 0.87402912 | S5: 0.30347222 | T5: 0.32325231 | V5: 28.483333 | AA5: =M5-J5 -> -471.85489 | AB5: =M5/J5 -> 0.8689292 | AC5: =AB21 -> 0.87402912
B6: 18℃-壽司手卷 | C6: 一配海饌雙手卷 | E6: 29.85 | F6: 1784 | G6: =E6*F6 -> 53252.4 | I6: 12 | J6: 3600 | K6: =J6/I6 -> 300 | L6: 12 | M6: =F6/V6*60 -> 3140.5379 | N6: =M6/L6 -> 261.71149 | O6: =L6-I6 -> 0 | P6: =N6-K6 -> -38.288509 | Q6: =N6/K6 -> 0.87237164 | S6: 0.32638889 | T6: 0.35005787 | U6: 4.5166667 | V6: 34.083333 | AA6: =M6-J6 -> -459.4621 | AB6: =M6/J6 -> 0.87237164
B7: 18℃-壽司手卷 | C7: 一配雙饗雙手卷 | E7: 29.52 | F7: 1708 | G7: =E7*F7 -> 50420.16 | I7: 12 | J7: 3600 | K7: =J7/I7 -> 300 | L7: 12 | M7: =F7/V7*60 -> 3140.3473 | N7: =M7/L7 -> 261.69561 | O7: =L7-I7 -> 0 | P7: =N7-K7 -> -38.304392 | Q7: =N7/K7 -> 0.87231869 | S7: 0.35372685 | T7: 0.37638889 | U7: 5.2833333 | V7: 32.633333 | AA7: =M7-J7 -> -459.65271 | AB7: =M7/J7 -> 0.87231869
B8: 18℃-壽司手卷 | C8: 一配長野稻荷壽司 | E8: 25.64 | F8: 1442 | G8: =E8*F8 -> 36972.88 | I8: 11 | J8: 3600 | K8: =J8/I8 -> 327.27273 | L8: 11 | M8: =F8/V8*60 -> 3176.989 | N8: =M8/L8 -> 288.81718 | O8: =L8-I8 -> 0 | P8: =N8-K8 -> -38.455547 | Q8: =N8/K8 -> 0.88249694 | S8: 0.37986111 | T8: 0.39877315 | U8: 5 | V8: 27.233333 | AA8: =M8-J8 -> -423.01102 | AB8: =M8/J8 -> 0.88249694
B21: 平均 | I21: =AVERAGE(I5:I20) -> 11.75 | J21: =AVERAGE(J5:J20) -> 3600 | K21: =J21/I21 -> 306.38298 | L21: =AVERAGE(L5:L20) -> 11.75 | M21: =AVERAGE(M5:M20) -> 3146.5048 | N21: =M21/L21 -> 267.78764 | O21: =L21-I21 -> 0 | P21: =N21-K21 -> -38.595334 | Q21: =N21/K21 -> 0.87402912 | S21: =S5 -> 0.30347222 | T21: =INDEX(T5:T20,COUNTA(T5:T20)) -> 0.39877315 | AA21: =M21-J21 -> -453.49518 | AB21: =M21/J21 -> 0.87402912
A22: 自動包裝機2 | B22: 18℃-壽司手卷 | C22: 一配雙鬆細卷 | E22: 14.03 | F22: 805 | G22: =E22*F22 -> 11294.15 | I22: 6 | J22: 2600 | K22: =J22/I22 -> 433.33333 | L22: 6 | M22: =F22/V22*60 -> 2340.8724 | N22: =M22/L22 -> 390.1454 | O22: =L22-I22 -> 0 | P22: =N22-K22 -> -43.187938 | Q22: =N22/K22 -> 0.90033553 | R22: =Q38 -> 0.90021313 | S22: 0.25025463 | T22: 0.26458333 | V22: 20.633333 | AA22: =M22-J22 -> -259.12763 | AB22: =M22/J22 -> 0.90033553 | AC22: =AB38 -> 0.90021313
B23: 18℃-壽司手卷 | C23: 一配經典鮪魚沙拉細卷 | E23: 14.49 | F23: 992 | G23: =E23*F23 -> 14374.08 | I23: 6 | J23: 2600 | K23: =J23/I23 -> 433.33333 | L23: 6 | M23: =F23/V23*60 -> 2340.2359 | N23: =M23/L23 -> 390.03932 | O23: =L23-I23 -> 0 | P23: =N23-K23 -> -43.294015 | Q23: =N23/K23 -> 0.90009073 | S23: 0.26805556 | T23: 0.28571759 | U23: 5 | V23: 25.433333 | AA23: =M23-J23 -> -259.76409 | AB23: =M23/J23 -> 0.90009073
B38: 平均 | I38: =AVERAGE(I22:I37) -> 6 | J38: =AVERAGE(J22:J37) -> 2600 | K38: =J38/I38 -> 433.33333 | L38: =AVERAGE(L22:L37) -> 6 | M38: =AVERAGE(M22:M37) -> 2340.5541 | N38: =M38/L38 -> 390.09236 | O38: =L38-I38 -> 0 | P38: =N38-K38 -> -43.240976 | Q38: =N38/K38 -> 0.90021313 | S38: =S22 -> 0.25025463 | T38: =INDEX(T22:T37,COUNTA(T22:T37)) -> 0.28571759 | AA38: =M38-J38 -> -259.44586 | AB38: =M38/J38 -> 0.90021313
A39: (舊) 3300型飯糰線 | B39: 18℃-飯糰 | C39: 一配壹號醬炙烤牛飯糰 | E39: 22.28 | F39: 801 | G39: =E39*F39 -> 17846.28 | I39: 5 | J39: 3300 | K39: =J39/I39 -> 660 | L39: 5 | M39: =F39/V39*60 -> 2969.7219 | N39: =M39/L39 -> 593.94439 | O39: =L39-I39 -> 0 | P39: =N39-K39 -> -66.055613 | Q39: =N39/K39 -> 0.89991574 | R39: =Q55 -> 0.89911832 | S39: 0.39583333 | T39: 0.40707176 | V39: 16.183333 | AA39: =M39-J39 -> -330.27806 | AB39: =M39/J39 -> 0.89991574 | AC39: =AB55 -> 0.89911832
B40: 18℃-飯糰 | C40: 一配照燒雞肉飯糰 | E40: 21.45 | F40: 1013 | G40: =E40*F40 -> 21728.85 | I40: 4 | J40: 3300 | K40: =J40/I40 -> 825 | L40: 4 | M40: =F40/V40*60 -> 2967.2905 | N40: =M40/L40 -> 741.82262 | O40: =L40-I40 -> 0 | P40: =N40-K40 -> -83.17738 | Q40: =N40/K40 -> 0.89917893 | S40: 0.41041667 | T40: 0.4246412 | U40: 4.8166667 | V40: 20.483333 | AA40: =M40-J40 -> -332.70952 | AB40: =M40/J40 -> 0.89917893
B41: 18℃-飯糰 | C41: 一配雞肉飯飯糰 | E41: 16.66 | F41: 3511 | G41: =E41*F41 -> 58493.26 | I41: 4 | J41: 3300 | K41: =J41/I41 -> 825 | L41: 4 | M41: =F41/V41*60 -> 2964.2589 | N41: =M41/L41 -> 741.06473 | O41: =L41-I41 -> 0 | P41: =N41-K41 -> -83.935272 | Q41: =N41/K41 -> 0.89826028 | S41: 0.42777778 | T41: 0.47712963 | U41: 4.5166667 | V41: 71.066667 | AA41: =M41-J41 -> -335.74109 | AB41: =M41/J41 -> 0.89826028
B55: 平均 | I55: =AVERAGE(I39:I54) -> 4.3333333 | J55: =AVERAGE(J39:J54) -> 3300 | K55: =J55/I55 -> 761.53846 | L55: =AVERAGE(L39:L54) -> 4.3333333 | M55: =AVERAGE(M39:M54) -> 2967.0904 | N55: =M55/L55 -> 684.71318 | O55: =L55-I55 -> 0 | P55: =N55-K55 -> -76.825282 | Q55: =N55/K55 -> 0.89911832 | S55: =S39 -> 0.39583333 | T55: =INDEX(T39:T54,COUNTA(T39:T54)) -> 0.47712963 | AA55: =M55-J55 -> -332.90956 | AB55: =M55/J55 -> 0.89911832
A56: (新) 3300型飯糰機 | B56: 18℃-飯糰 | C56: 一配鹽蔥燒肉飯糰 | E56: 17.89 | F56: 2246 | G56: =E56*F56 -> 40180.94 | I56: 4 | J56: 3300 | K56: =J56/I56 -> 825 | L56: 4 | M56: =F56/V56*60 -> 2962.8435 | N56: =M56/L56 -> 740.71088 | O56: =L56-I56 -> 0 | P56: =N56-K56 -> -84.289117 | Q56: =N56/K56 -> 0.89783137 | R56: =Q72 -> 0.89800776 | S56: 0.29166667 | T56: 0.32325231 | V56: 45.483333 | AA56: =M56-J56 -> -337.15647 | AB56: =M56/J56 -> 0.89783137 | AC56: =AB72 -> 0.89800776
B57: 18℃-飯糰 | C57: 一配紅運烏魚子紹興飯糰 | E57: 27.27 | F57: 1229 | G57: =E57*F57 -> 33514.83 | I57: 5 | J57: 3300 | K57: =J57/I57 -> 660 | L57: 5 | M57: =F57/V57*60 -> 2963.4293 | N57: =M57/L57 -> 592.68587 | O57: =L57-I57 -> 0 | P57: =N57-K57 -> -67.314133 | Q57: =N57/K57 -> 0.89800889 | S57: 0.32646991 | T57: 0.34375 | U57: 4.6333333 | V57: 24.883333 | AA57: =M57-J57 -> -336.57066 | AB57: =M57/J57 -> 0.89800889
B58: 18℃-飯糰 | C58: 一配鮭魚奶油醬油飯糰 | E58: 18.53 | F58: 2484 | G58: =E58*F58 -> 46028.52 | I58: 3 | J58: 3300 | K58: =J58/I58 -> 1100 | L58: 3 | M58: =F58/V58*60 -> 2964.004 | N58: =M58/L58 -> 988.00133 | O58: =L58-I58 -> 0 | P58: =N58-K58 -> -111.99867 | Q58: =N58/K58 -> 0.89818302 | S58: 0.34722222 | T58: 0.3821412 | U58: 5 | V58: 50.283333 | AA58: =M58-J58 -> -335.99602 | AB58: =M58/J58 -> 0.89818302
B72: 平均 | I72: =AVERAGE(I56:I71) -> 4 | J72: =AVERAGE(J56:J71) -> 3300 | K72: =J72/I72 -> 825 | L72: =AVERAGE(L56:L71) -> 4 | M72: =AVERAGE(M56:M71) -> 2963.4256 | N72: =M72/L72 -> 740.8564 | O72: =L72-I72 -> 0 | P72: =N72-K72 -> -84.143596 | Q72: =N72/K72 -> 0.89800776 | S72: =S56 -> 0.29166667 | T72: =INDEX(T56:T71,COUNTA(T56:T71)) -> 0.3821412 | AA72: =M72-J72 -> -336.57438 | AB72: =M72/J72 -> 0.89800776
A73: GKK3600型 飯糰機 | B73: 18℃-飯糰 | C73: 一配蔬食鮪魚飯糰 | E73: 18.18 | F73: 817 | G73: =E73*F73 -> 14853.06 | I73: 3 | J73: 3600 | K73: =J73/I73 -> 1200 | L73: 3 | M73: =F73/V73*60 -> 3145.6684 | N73: =M73/L73 -> 1048.5561 | O73: =L73-I73 -> 0 | P73: =N73-K73 -> -151.44385 | Q73: =N73/K73 -> 0.87379679 | R73: =Q89 -> 0.88098361 | S73: 0.29195602 | T73: 0.30277778 | V73: 15.583333 | AA73: =M73-J73 -> -454.33155 | AB73: =M73/J73 -> 0.87379679 | AC73: =AB89 -> 0.88098361
B74: 18℃-飯糰 | C74: 一配經典肉鬆飯糰 | E74: 14.03 | F74: 3312 | G74: =E74*F74 -> 46467.36 | I74: 3 | J74: 3000 | K74: =J74/I74 -> 1000 | L74: 3 | M74: =F74/V74*60 -> 2693.2912 | N74: =M74/L74 -> 897.76372 | O74: =L74-I74 -> 0 | P74: =N74-K74 -> -102.23628 | Q74: =N74/K74 -> 0.89776372 | S74: 0.31403935 | T74: 0.36527778 | U74: 16.216667 | V74: 73.783333 | AA74: =M74-J74 -> -306.70883 | AB74: =M74/J74 -> 0.89776372
B75: 18℃-飯糰 | C75: 一配鮪魚飯糰 | E75: 14.28 | F75: 4301 | G75: =E75*F75 -> 61418.28 | I75: 3 | J75: 3600 | K75: =J75/I75 -> 1200 | L75: 3 | M75: =F75/V75*60 -> 3147.0732 | N75: =M75/L75 -> 1049.0244 | O75: =L75-I75 -> 0 | P75: =N75-K75 -> -150.97561 | Q75: =N75/K75 -> 0.87418699 | S75: 0.37569444 | T75: 0.43263889 | U75: 15 | V75: 82 | AA75: =M75-J75 -> -452.92683 | AB75: =M75/J75 -> 0.87418699
B89: 平均 | I89: =AVERAGE(I73:I88) -> 3 | J89: =AVERAGE(J73:J88) -> 3400 | K89: =J89/I89 -> 1133.3333 | L89: =AVERAGE(L73:L88) -> 3 | M89: =AVERAGE(M73:M88) -> 2995.3443 | N89: =M89/L89 -> 998.44809 | O89: =L89-I89 -> 0 | P89: =N89-K89 -> -134.88525 | Q89: =N89/K89 -> 0.88098361 | S89: =S73 -> 0.29195602 | T89: =INDEX(T73:T88,COUNTA(T73:T88)) -> 0.43263889 | AA89: =M89-J89 -> -404.65574 | AB89: =M89/J89 -> 0.88098361
A90: GKK3600型 飯糰機2 | B90: 18℃-飯糰 | C90: 一配熟成紅鮭飯糰 | E90: 25.03 | F90: 971 | G90: =E90*F90 -> 24304.13 | I90: 4 | J90: 3300 | K90: =J90/I90 -> 825 | L90: 4 | M90: =F90/V90*60 -> 2935.0126 | N90: =M90/L90 -> 733.75315 | O90: =L90-I90 -> 0 | P90: =N90-K90 -> -91.246851 | Q90: =N90/K90 -> 0.88939776 | R90: =Q106 -> 0.88698581 | S90: 0.29177083 | T90: 0.30555556 | V90: 19.85 | AA90: =M90-J90 -> -364.98741 | AB90: =M90/J90 -> 0.88939776 | AC90: =AB106 -> 0.88698581
B91: 18℃-飯糰 | C91: 一配北海道秋鮭親子飯糰 | E91: 24.82 | F91: 1325 | G91: =E91*F91 -> 32886.5 | I91: 4 | J91: 3300 | K91: =J91/I91 -> 825 | L91: 4 | M91: =F91/V91*60 -> 2933.5793 | N91: =M91/L91 -> 733.39483 | O91: =L91-I91 -> 0 | P91: =N91-K91 -> -91.605166 | Q91: =N91/K91 -> 0.88896344 | S91: 0.31597222 | T91: 0.33479167 | U91: 15 | V91: 27.1 | AA91: =M91-J91 -> -366.42066 | AB91: =M91/J91 -> 0.88896344
B92: 18℃-飯糰 | C92: 一配贅沢鮭魚肚飯糰 | E92: 30 | F92: 2032 | G92: =E92*F92 -> 60960 | I92: 3 | J92: 3000 | K92: =J92/I92 -> 1000 | L92: 3 | M92: =F92/V92*60 -> 2693.3726 | N92: =M92/L92 -> 897.79087 | O92: =L92-I92 -> 0 | P92: =N92-K92 -> -102.20913 | Q92: =N92/K92 -> 0.89779087 | S92: 0.34583333 | T92: 0.37726852 | U92: 15.9 | V92: 45.266667 | AA92: =M92-J92 -> -306.62739 | AB92: =M92/J92 -> 0.89779087
B93: 18℃-飯糰 | C93: 一配明太子龍蝦風味沙拉飯糰 | E93: 18.18 | F93: 1782 | G93: =E93*F93 -> 32396.76 | I93: 3 | J93: 3600 | K93: =J93/I93 -> 1200 | L93: 3 | M93: =F93/V93*60 -> 3146.2482 | N93: =M93/L93 -> 1048.7494 | O93: =L93-I93 -> 0 | P93: =N93-K93 -> -151.25061 | Q93: =N93/K93 -> 0.87395782 | S93: 0.38751157 | T93: 0.41111111 | U93: 14.75 | V93: 33.983333 | AA93: =M93-J93 -> -453.75184 | AB93: =M93/J93 -> 0.87395782
B106: 平均 | I106: =AVERAGE(I90:I105) -> 3.5 | J106: =AVERAGE(J90:J105) -> 3300 | K106: =J106/I106 -> 942.85714 | L106: =AVERAGE(L90:L105) -> 3.5 | M106: =AVERAGE(M90:M105) -> 2927.0532 | N106: =M106/L106 -> 836.30091 | O106: =L106-I106 -> 0 | P106: =N106-K106 -> -106.55624 | Q106: =N106/K106 -> 0.88698581 | S106: =S90 -> 0.29177083 | T106: =INDEX(T90:T105,COUNTA(T90:T105)) -> 0.41111111 | AA106: =M106-J106 -> -372.94683 | AB106: =M106/J106 -> 0.88698581
A107: 自動包裝機 (二配) | B107: 18℃-壽司手卷 | C107: 二配長野稻荷壽司 | E107: 25.64 | F107: 1315 | G107: =E107*F107 -> 33716.6 | I107: 11 | J107: 3600 | K107: =J107/I107 -> 327.27273 | L107: 11 | M107: =F107/V107*60 -> 3175.0503 | N107: =M107/L107 -> 288.64094 | O107: =L107-I107 -> 0 | P107: =N107-K107 -> -38.631791 | Q107: =N107/K107 -> 0.88195842 | R107: =Q123 -> 0.87375048 | S107: 0.7084375 | T107: 0.72569444 | V107: 24.85 | AA107: =M107-J107 -> -424.9497 | AB107: =M107/J107 -> 0.88195842 | AC107: =AB123 -> 0.87375048
B108: 18℃-壽司手卷 | C108: 二配雙饗雙手卷 | E108: 29.52 | F108: 1640 | G108: =E108*F108 -> 48412.8 | I108: 12 | J108: 3600 | K108: =J108/I108 -> 300 | L108: 12 | M108: =F108/V108*60 -> 3142.0969 | N108: =M108/L108 -> 261.84141 | O108: =L108-I108 -> 0 | P108: =N108-K108 -> -38.158595 | Q108: =N108/K108 -> 0.87280468 | S108: 0.72916667 | T108: 0.75091435 | U108: 5 | V108: 31.316667 | AA108: =M108-J108 -> -457.90314 | AB108: =M108/J108 -> 0.87280468
B109: 18℃-壽司手卷 | C109: 二配海饌雙手卷 | E109: 29.85 | F109: 1825 | G109: =E109*F109 -> 54476.25 | I109: 12 | J109: 3600 | K109: =J109/I109 -> 300 | L109: 12 | M109: =F109/V109*60 -> 3140.5354 | N109: =M109/L109 -> 261.71128 | O109: =L109-I109 -> 0 | P109: =N109-K109 -> -38.288719 | Q109: =N109/K109 -> 0.87237094 | S109: 0.75425926 | T109: 0.77847222 | U109: 4.8166667 | V109: 34.866667 | AA109: =M109-J109 -> -459.46463 | AB109: =M109/J109 -> 0.87237094
B110: 18℃-飯糰 | C110: 二配兩粒飯糰(鮪魚.焦糖鮭魚) | E110: 28.57 | F110: 1445 | G110: =E110*F110 -> 41283.65 | I110: 12 | J110: 3600 | K110: =J110/I110 -> 300 | L110: 12 | M110: =F110/V110*60 -> 3124.3243 | N110: =M110/L110 -> 260.36036 | O110: =L110-I110 -> 0 | P110: =N110-K110 -> -39.63964 | Q110: =N110/K110 -> 0.86786787 | S110: 0.7828125 | T110: 0.80208333 | U110: 6.25 | V110: 27.75 | AA110: =M110-J110 -> -475.67568 | AB110: =M110/J110 -> 0.86786787
B123: 平均 | I123: =AVERAGE(I107:I122) -> 11.75 | J123: =AVERAGE(J107:J122) -> 3600 | K123: =J123/I123 -> 306.38298 | L123: =AVERAGE(L107:L122) -> 11.75 | M123: =AVERAGE(M107:M122) -> 3145.5017 | N123: =M123/L123 -> 267.70227 | O123: =L123-I123 -> 0 | P123: =N123-K123 -> -38.680705 | Q123: =N123/K123 -> 0.87375048 | S123: =S107 -> 0.7084375 | T123: =INDEX(T107:T122,COUNTA(T107:T122)) -> 0.80208333 | AA123: =M123-J123 -> -454.49829 | AB123: =M123/J123 -> 0.87375048
A124: (舊) 3300型飯糰線 (二配) | B124: 18℃-飯糰 | C124: 二配大飯糰滷肉飯加蛋 | E124: 22.48 | F124: 1387 | G124: =E124*F124 -> 31179.76 | I124: 5 | J124: 3000 | K124: =J124/I124 -> 600 | L124: 5 | M124: =F124/V124*60 -> 2673.0193 | N124: =M124/L124 -> 534.60385 | O124: =L124-I124 -> 0 | P124: =N124-K124 -> -65.396146 | Q124: =N124/K124 -> 0.89100642 | R124: =Q140 -> 0.89533823 | S124: 0.70833333 | T124: 0.7299537 | V124: 31.133333 | AA124: =M124-J124 -> -326.98073 | AB124: =M124/J124 -> 0.89100642 | AC124: =AB140 -> 0.89533823
B125: 18℃-飯糰 | C125: 二配大飯糰韓式蒜烤豬五花 | E125: 24.54 | F125: 2005 | G125: =E125*F125 -> 49202.7 | I125: 4 | J125: 3000 | K125: =J125/I125 -> 750 | L125: 4 | M125: =F125/V125*60 -> 2674.3238 | N125: =M125/L125 -> 668.58096 | O125: =L125-I125 -> 0 | P125: =N125-K125 -> -81.419044 | Q125: =N125/K125 -> 0.89144127 | S125: 0.73334491 | T125: 0.76458333 | U125: 4.8833333 | V125: 44.983333 | AA125: =M125-J125 -> -325.67618 | AB125: =M125/J125 -> 0.89144127
B126: 18℃-飯糰 | C126: 二配三杯醬爆菇菇飯糰 | E126: 16.7 | F126: 1360 | G126: =E126*F126 -> 22712 | I126: 3 | J126: 3300 | K126: =J126/I126 -> 1100 | L126: 3 | M126: =F126/V126*60 -> 2969.0722 | N126: =M126/L126 -> 989.69072 | O126: =L126-I126 -> 0 | P126: =N126-K126 -> -110.30928 | Q126: =N126/K126 -> 0.89971884 | S126: 0.76875 | T126: 0.78783565 | U126: 6 | V126: 27.483333 | AA126: =M126-J126 -> -330.92784 | AB126: =M126/J126 -> 0.89971884
B127: 18℃-飯糰 | C127: 二配鹽蔥燒肉飯糰 | E127: 17.89 | F127: 4962 | G127: =E127*F127 -> 88770.18 | I127: 4 | J127: 3300 | K127: =J127/I127 -> 825 | L127: 4 | M127: =F127/V127*60 -> 2964.8465 | N127: =M127/L127 -> 741.21162 | O127: =L127-I127 -> 0 | P127: =N127-K127 -> -83.788382 | Q127: =N127/K127 -> 0.89843833 | S127: 0.79097222 | T127: 0.86070602 | U127: 4.5166667 | V127: 100.41667 | AA127: =M127-J127 -> -335.15353 | AB127: =M127/J127 -> 0.89843833
B140: 平均 | I140: =AVERAGE(I124:I139) -> 4 | J140: =AVERAGE(J124:J139) -> 3150 | K140: =J140/I140 -> 787.5 | L140: =AVERAGE(L124:L139) -> 4 | M140: =AVERAGE(M124:M139) -> 2820.3154 | N140: =M140/L140 -> 705.07886 | O140: =L140-I140 -> 0 | P140: =N140-K140 -> -82.421142 | Q140: =N140/K140 -> 0.89533823 | S140: =S124 -> 0.70833333 | T140: =INDEX(T124:T139,COUNTA(T124:T139)) -> 0.86070602 | AA140: =M140-J140 -> -329.68457 | AB140: =M140/J140 -> 0.89533823
A141: (新) 3300型飯糰機 (二配) | B141: 18℃-飯糰 | C141: 二配壹號醬炙烤牛飯糰 | E141: 22.28 | F141: 1665 | G141: =E141*F141 -> 37096.2 | I141: 5 | J141: 3300 | K141: =J141/I141 -> 660 | L141: 5 | M141: =F141/V141*60 -> 2967.3267 | N141: =M141/L141 -> 593.46535 | O141: =L141-I141 -> 0 | P141: =N141-K141 -> -66.534653 | Q141: =N141/K141 -> 0.89918992 | R141: =Q157 -> 0.89869027 | S141: 0.70856481 | T141: 0.73194444 | V141: 33.666667 | AA141: =M141-J141 -> -332.67327 | AB141: =M141/J141 -> 0.89918992 | AC141: =AB157 -> 0.89869027
B142: 18℃-飯糰 | C142: 二配油蔥G絲飯糰 | E142: 18.18 | F142: 713 | G142: =E142*F142 -> 12962.34 | I142: 4 | J142: 3300 | K142: =J142/I142 -> 825 | L142: 4 | M142: =F142/V142*60 -> 2967.3988 | N142: =M142/L142 -> 741.84971 | O142: =L142-I142 -> 0 | P142: =N142-K142 -> -83.150289 | Q142: =N142/K142 -> 0.89921177 | S142: 0.73541667 | T142: 0.74542824 | U142: 5 | V142: 14.416667 | AA142: =M142-J142 -> -332.60116 | AB142: =M142/J142 -> 0.89921177
B143: 18℃-飯糰 | C143: 二配雞肉飯飯糰 | E143: 16.66 | F143: 7558 | G143: =E143*F143 -> 125916.28 | I143: 4 | J143: 3300 | K143: =J143/I143 -> 825 | L143: 4 | M143: =F143/V143*60 -> 2962.3081 | N143: =M143/L143 -> 740.57703 | O143: =L143-I143 -> 0 | P143: =N143-K143 -> -84.422972 | Q143: =N143/K143 -> 0.89766912 | S143: 0.74930556 | T143: 0.85561343 | U143: 5.5833333 | V143: 153.08333 | AA143: =M143-J143 -> -337.69189 | AB143: =M143/J143 -> 0.89766912
B157: 平均 | I157: =AVERAGE(I141:I156) -> 4.3333333 | J157: =AVERAGE(J141:J156) -> 3300 | K157: =J157/I157 -> 761.53846 | L157: =AVERAGE(L141:L156) -> 4.3333333 | M157: =AVERAGE(M141:M156) -> 2965.6779 | N157: =M157/L157 -> 684.38721 | O157: =L157-I157 -> 0 | P157: =N157-K157 -> -77.151255 | Q157: =N157/K157 -> 0.89869027 | S157: =S141 -> 0.70856481 | T157: =INDEX(T141:T156,COUNTA(T141:T156)) -> 0.85561343 | AA157: =M157-J157 -> -334.3221 | AB157: =M157/J157 -> 0.89869027
A158: GKK3600型 飯糰機 (二配) | B158: 18℃-飯糰 | C158: 二配經典肉鬆飯糰 | E158: 14.03 | F158: 2014 | G158: =E158*F158 -> 28256.42 | H158: 2 | I158: 3 | J158: 3000 | K158: =J158/I158 -> 1000 | L158: 3 | M158: =F158/V158*60 -> 2693.3135 | N158: =M158/L158 -> 897.77117 | O158: =L158-I158 -> 0 | P158: =N158-K158 -> -102.22883 | Q158: =N158/K158 -> 0.89777117 | R158: =Q174 -> 0.88557878 | S158: 0.70842593 | T158: 0.73958333 | V158: 44.866667 | AA158: =M158-J158 -> -306.68648 | AB158: =M158/J158 -> 0.89777117 | AC158: =AB174 -> 0.88557878
B159: 18℃-飯糰 | C159: 二配蔬食鮪魚飯糰 | E159: 18.18 | F159: 1228 | G159: =E159*F159 -> 22325.04 | I159: 3 | J159: 3600 | K159: =J159/I159 -> 1200 | L159: 3 | M159: =F159/V159*60 -> 3153.2097 | N159: =M159/L159 -> 1051.0699 | O159: =L159-I159 -> 0 | P159: =N159-K159 -> -148.9301 | Q159: =N159/K159 -> 0.87589158 | S159: 0.75 | T159: 0.76622685 | U159: 15 | V159: 23.366667 | AA159: =M159-J159 -> -446.7903 | AB159: =M159/J159 -> 0.87589158
B160: 18℃-飯糰 | C160: 二配鮪魚飯糰 | E160: 14.28 | F160: 5688 | G160: =E160*F160 -> 81224.64 | H160: 2 | I160: 3 | J160: 3600 | K160: =J160/I160 -> 1200 | L160: 3 | M160: =F160/V160*60 -> 3149.3079 | N160: =M160/L160 -> 1049.7693 | O160: =L160-I160 -> 0 | P160: =N160-K160 -> -150.2307 | Q160: =N160/K160 -> 0.87480775 | S160: 0.77638889 | T160: 0.85164352 | U160: 14.633333 | V160: 108.36667 | W160: 0.85164352 | X160: 0.90436343 | AA160: =M160-J160 -> -450.69209 | AB160: =M160/J160 -> 0.87480775
B161: 18℃-飯糰 | C161: 二配經典肉鬆飯糰 | E161: 14.03 | F161: 5330 | G161: =E161*F161 -> 74779.9 | I161: 3 | J161: 3000 | K161: =J161/I161 -> 1000 | L161: 3 | M161: =F161/V161*60 -> 2693.8088 | N161: =M161/L161 -> 897.93626 | O161: =L161-I161 -> 0 | P161: =N161-K161 -> -102.06374 | Q161: =N161/K161 -> 0.89793626 | S161: 0.90436343 | T161: 0.98680556 | U161: 75.916667 | V161: 118.71667 | AA161: =M161-J161 -> -306.19121 | AB161: =M161/J161 -> 0.89793626
B174: 平均 | I174: =AVERAGE(I158:I173) -> 3 | J174: =AVERAGE(J158:J173) -> 3300 | K174: =J174/I174 -> 1100 | L174: =AVERAGE(L158:L173) -> 3 | M174: =AVERAGE(M158:M173) -> 2922.41 | N174: =M174/L174 -> 974.13666 | O174: =L174-I174 -> 0 | P174: =N174-K174 -> -125.86334 | Q174: =N174/K174 -> 0.88557878 | S174: =S158 -> 0.70842593 | T174: =INDEX(T158:T173,COUNTA(T158:T173)) -> 0.98680556 | AA174: =M174-J174 -> -377.59002 | AB174: =M174/J174 -> 0.88557878
A175: GKK3600型 飯糰機2 (二配) | B175: 18℃-飯糰 | C175: 二配明太子龍蝦風味沙拉飯糰 | E175: 18.18 | F175: 2036 | G175: =E175*F175 -> 37014.48 | H175: 2 | I175: 3 | J175: 3600 | K175: =J175/I175 -> 1200 | L175: 3 | M175: =F175/V175*60 -> 3147.1018 | N175: =M175/L175 -> 1049.0339 | O175: =L175-I175 -> 0 | P175: =N175-K175 -> -150.96608 | Q175: =N175/K175 -> 0.87419493 | R175: =Q191 -> 0.88267892 | S175: 0.70846065 | T175: 0.73541667 | V175: 38.816667 | AA175: =M175-J175 -> -452.89824 | AB175: =M175/J175 -> 0.87419493 | AC175: =AB191 -> 0.88267892
B176: 18℃-飯糰 | C176: 二配芝麻香鬆飯糰 | E176: 18.18 | F176: 1847 | G176: =E176*F176 -> 33578.46 | I176: 4 | J176: 3000 | K176: =J176/I176 -> 750 | L176: 4 | M176: =F176/V176*60 -> 2695.2574 | N176: =M176/L176 -> 673.81435 | O176: =L176-I176 -> 0 | P176: =N176-K176 -> -76.185651 | Q176: =N176/K176 -> 0.89841913 | S176: 0.74583333 | T176: 0.77438657 | U176: 15 | V176: 41.116667 | AA176: =M176-J176 -> -304.7426 | AB176: =M176/J176 -> 0.89841913
B177: 18℃-飯糰 | C177: 二配北海道秋鮭親子飯糰 | E177: 24.82 | F177: 2674 | G177: =E177*F177 -> 66368.68 | I177: 4 | J177: 3300 | K177: =J177/I177 -> 825 | L177: 4 | M177: =F177/V177*60 -> 2935.7731 | N177: =M177/L177 -> 733.94328 | O177: =L177-I177 -> 0 | P177: =N177-K177 -> -91.056725 | Q177: =N177/K177 -> 0.88962821 | S177: 0.78496528 | T177: 0.82291667 | U177: 15.233333 | V177: 54.65 | AA177: =M177-J177 -> -364.2269 | AB177: =M177/J177 -> 0.88962821
B178: 18℃-飯糰 | C178: 二配熟成紅鮭飯糰 | E178: 25.03 | F178: 1974 | G178: =E178*F178 -> 49409.22 | I178: 4 | J178: 3300 | K178: =J178/I178 -> 825 | L178: 4 | M178: =F178/V178*60 -> 2932.8931 | N178: =M178/L178 -> 733.22328 | O178: =L178-I178 -> 0 | P178: =N178-K178 -> -91.776723 | Q178: =N178/K178 -> 0.88875549 | S178: 0.83333333 | T178: 0.86137731 | U178: 15 | V178: 40.383333 | W178: 0.86137731 | X178: 0.91458333 | AA178: =M178-J178 -> -367.10689 | AB178: =M178/J178 -> 0.88875549
B179: 18℃-飯糰 | C179: 二配明太子龍蝦風味沙拉飯糰 | E179: 18.18 | F179: 1492 | G179: =E179*F179 -> 27124.56 | I179: 3 | J179: 3600 | K179: =J179/I179 -> 1200 | L179: 3 | M179: =F179/V179*60 -> 3146.5729 | N179: =M179/L179 -> 1048.8576 | O179: =L179-I179 -> 0 | P179: =N179-K179 -> -151.14236 | Q179: =N179/K179 -> 0.87404804 | S179: 0.91458333 | T179: 0.93434028 | U179: 76.616667 | V179: 28.45 | AA179: =M179-J179 -> -453.42707 | AB179: =M179/J179 -> 0.87404804
B180: 18℃-飯糰 | C180: 二配鮪魚飯糰 | E180: 14.28 | F180: 3736 | G180: =E180*F180 -> 53350.08 | I180: 3 | J180: 3600 | K180: =J180/I180 -> 1200 | L180: 3 | M180: =F180/V180*60 -> 3149.0517 | N180: =M180/L180 -> 1049.6839 | O180: =L180-I180 -> 0 | P180: =N180-K180 -> -150.31609 | Q180: =N180/K180 -> 0.8747366 | S180: 0.94513889 | T180: 0.99457176 | U180: 15.55 | V180: 71.183333 | AA180: =M180-J180 -> -450.94826 | AB180: =M180/J180 -> 0.8747366
B191: 平均 | I191: =AVERAGE(I175:I190) -> 3.5 | J191: =AVERAGE(J175:J190) -> 3400 | K191: =J191/I191 -> 971.42857 | L191: =AVERAGE(L175:L190) -> 3.5 | M191: =AVERAGE(M175:M190) -> 3001.1083 | N191: =M191/L191 -> 857.45953 | O191: =L191-I191 -> 0 | P191: =N191-K191 -> -113.96905 | Q191: =N191/K191 -> 0.88267892 | S191: =S175 -> 0.70846065 | T191: =INDEX(T175:T190,COUNTA(T175:T190)) -> 0.99457176 | AA191: =M191-J191 -> -398.89166 | AB191: =M191/J191 -> 0.88267892
Y193: 原因回覆
Y194: 1.當日出勤人數較多
Y195: 2.當日出勤人數較少
Y196: 3.當日出勤熟手較多
Y197: 4.當日出勤新人較多
Y198: 5.機台夾盒
Y199: 6.封膜不順
Y200: 7.更換膠膜
Y201: 8.更換碳帶
Y202: 9.當日熱轉印碳帶異常
Y203: 10.訂單量過少
Y204: 11.新品上市，尚未熟悉
Y205: 12.活動期間品項需貼標

Sheet 0228(4度C)
A1: 大溪廠日報分析 | C1: 總生產量 | D1: =SUM(F5:F106) -> 43763 | E1: 營業額 | F1: =SUM(G5:G106) -> 2196950.5 | G1: 出勤人數 | H1: =L21+L38+L55+L72+L89+L106 -> 112.46667 | I1: 產線配置圖 | L1: 生產實績 | O1: 人時性差異分析 | S1: 日報登錄 | Y1: 合計次數 | Z1: 合計(時間/分) | AA1: 產線異常 分析說明(5分鐘以上) | AC1: 合計次數 | AD1: 合計(時間/分) | AE1: 產能差異分析
A2: 46081 | C2: 人時性 | D2: =AVERAGE(N21,N38,N55,N72,N89,N106) -> 151.16591 | E2: 平均廠價 | F2: =F1/D1 -> 50.201094 | G2: 多次生產數 | H2: =COUNT(H5:H106) -> 0 | Y2: =SUM(Y21,Y38,Y55,Y72,Y89,Y106) -> 0 | Z2: =SUM(Z21,Z38,Z55,Z72,Z89,Z106) -> 0 | AC2: =SUM(AC21,AC38,AC55,AC72,AC89,AC106) -> 0 | AD2: =SUM(AD21,AD38,AD55,AD72,AD89,AD106) -> 0
A3: 線別 | B3: 品類 | C3: 品名 | E3: 廠價 | F3: 生產量 | G3: 營收 | H3: 多次 生產 | I3: 人數 | J3: 產能/時 | K3: 人時性 | L3: 人數 | M3: 產能/時 | N3: 人時性 | O3: 人數 | P3: 人時性 | Q3: 達成率 | R3: 達成率 平均 | S3: 生產時間 | U3: 換線、休息/分 | V3: 稼動時間/分 | W3: 休息時間 | Y3: 產線異常統計(5分鐘以上) | AA3: (屏榮回填) | AC3: 短暫停線統計(5分鐘以下) | AE3: 產能/時 | AF3: 達成率 | AG3: 達成率平均
S4: 開始 | T4: 結束 | W4: 開始 | X4: 結束 | Y4: 次數 | Z4: 時間/分 | AC4: 總次數 | AD4: 設備因素(次數)
A5: 涼麵一線 | B5: 便當 | C5: 經典滷肉飯 | E5: 47.37 | F5: 1966 | G5: =E5*F5 -> 93129.42 | I5: 21 | J5: 2000 | K5: =J5/I5 -> 95.238095 | L5: 21 | M5: =F5/V5*60 -> 1782.3218 | N5: =M5/L5 -> 84.872468 | O5: =L5-I5 -> 0 | P5: =N5-K5 -> -10.365627 | Q5: =N5/K5 -> 0.89116092 | R5: =Q21 -> 0.89619071 | S5: 0.25 | T5: 0.29596065 | V5: 66.183333 | AE5: =M5-J5 -> -217.67817 | AF5: =M5/J5 -> 0.89116092 | AG5: =AF21 -> 0.90456632
B6: 便當 | C6: 蔬活腿排補力餐盒 | E6: 71.55 | F6: 1871 | G6: =E6*F6 -> 133870.05 | I6: 22 | J6: 2000 | K6: =J6/I6 -> 90.909091 | L6: 22 | M6: =F6/V6*60 -> 1784.2649 | N6: =M6/L6 -> 81.10295 | O6: =L6-I6 -> 0 | P6: =N6-K6 -> -9.8061409 | Q6: =N6/K6 -> 0.89213245 | S6: 0.29936343 | T6: 0.34305556 | U6: 4.9 | V6: 62.916667 | AE6: =M6-J6 -> -215.7351 | AF6: =M6/J6 -> 0.89213245
B7: 便當 | C7: 海陸雙拼肉肉餐盒 | E7: 59.54 | F7: 2210 | G7: =E7*F7 -> 131583.4 | I7: 23 | J7: 2000 | K7: =J7/I7 -> 86.956522 | L7: 23 | M7: =F7/V7*60 -> 1782.2581 | N7: =M7/L7 -> 77.489481 | O7: =L7-I7 -> 0 | P7: =N7-K7 -> -9.4670407 | Q7: =N7/K7 -> 0.89112903 | S7: 0.34652778 | T7: 0.39819444 | U7: 5 | V7: 74.4 | AE7: =M7-J7 -> -217.74194 | AF7: =M7/J7 -> 0.89112903
B8: 便當 | C8: 香腸腿排雙拼便當 | E8: 53.76 | F8: 2486 | G8: =E8*F8 -> 133647.36 | I8: 20 | J8: 2000 | K8: =J8/I8 -> 100 | L8: 20 | M8: =F8/V8*60 -> 1784.5663 | N8: =M8/L8 -> 89.228315 | O8: =L8-I8 -> 0 | P8: =N8-K8 -> -10.771685 | Q8: =N8/K8 -> 0.89228315 | S8: 0.40237269 | T8: 0.46041667 | U8: 6.0166667 | V8: 83.583333 | W8: 0.46041667 | X8: 0.49861111 | AE8: =M8-J8 -> -215.4337 | AF8: =M8/J8 -> 0.89228315
B9: 4℃-飯糰 | C9: 麻油雞飯糰 | E9: 29.97 | F9: 2119 | G9: =E9*F9 -> 63506.43 | I9: 21 | J9: 2790 | K9: =J9/I9 -> 132.85714 | L9: 22 | M9: =F9/V9*60 -> 2626.8595 | N9: =M9/L9 -> 119.4027 | O9: =L9-I9 -> 1 | P9: =N9-K9 -> -13.454438 | Q9: =N9/K9 -> 0.89873004 | S9: 0.49861111 | T9: 0.53222222 | U9: 55 | V9: 48.4 | AE9: =M9-J9 -> -163.1405 | AF9: =M9/J9 -> 0.9415267
B21: 平均 | I21: =AVERAGE(I5:I20) -> 21.4 | J21: =AVERAGE(J5:J20) -> 2158 | K21: =J21/I21 -> 100.84112 | L21: =AVERAGE(L5:L20) -> 21.6 | M21: =AVERAGE(M5:M20) -> 1952.0541 | N21: =M21/L21 -> 90.372876 | O21: =L21-I21 -> 0.2 | P21: =N21-K21 -> -10.468246 | Q21: =N21/K21 -> 0.89619071 | S21: =S5 -> 0.25 | T21: =INDEX(T5:T20,COUNTA(T5:T20)) -> 0.53222222 | Y21: =SUM(Y5:Y20) -> 0 | Z21: =SUM(Z5:Z20) -> 0 | AC21: =SUM(AC5:AC20) -> 0 | AD21: =SUM(AD5:AD20) -> 0 | AE21: =M21-J21 -> -205.94588 | AF21: =M21/J21 -> 0.90456632
A22: 涼麵二線 | B22: 微波主食 | C22: 糖燻野郎三十天熟成牛飯 | E22: 56.77 | F22: 3911 | G22: =E22*F22 -> 222027.47 | I22: 25 | J22: 2000 | K22: =J22/I22 -> 80 | L22: 25 | M22: =F22/V22*60 -> 1782.6792 | N22: =M22/L22 -> 71.307166 | O22: =L22-I22 -> 0 | P22: =N22-K22 -> -8.6928336 | Q22: =N22/K22 -> 0.89133958 | R22: =Q38 -> 0.89175204 | S22: 0.25025463 | T22: 0.34166667 | V22: 131.63333 | AE22: =M22-J22 -> -217.32084 | AF22: =M22/J22 -> 0.89133958 | AG22: =AF38 -> 0.89175204
B23: 便當 | C23: 嫩烤香料雞胸排蔬滿盒 | E23: 77.34 | F23: 1567 | G23: =E23*F23 -> 121191.78 | I23: 24 | J23: 2000 | K23: =J23/I23 -> 83.333333 | L23: 24 | M23: =F23/V23*60 -> 1784.6251 | N23: =M23/L23 -> 74.35938 | O23: =L23-I23 -> 0 | P23: =N23-K23 -> -8.9739534 | Q23: =N23/K23 -> 0.89231256 | S23: 0.3453588 | T23: 0.38194444 | U23: 5.3166667 | V23: 52.683333 | AE23: =M23-J23 -> -215.37488 | AF23: =M23/J23 -> 0.89231256
B24: 便當 | C24: 健身G肉餐盒 | E24: 59.52 | F24: 3353 | G24: =E24*F24 -> 199570.56 | I24: 25 | J24: 2000 | K24: =J24/I24 -> 80 | L24: 25 | M24: =F24/V24*60 -> 1783.5106 | N24: =M24/L24 -> 71.340426 | O24: =L24-I24 -> 0 | P24: =N24-K24 -> -8.6595745 | Q24: =N24/K24 -> 0.89175532 | S24: 0.38625 | T24: 0.46458333 | U24: 6.2 | V24: 112.8 | W24: 0.46458333 | X24: 0.50366898 | AE24: =M24-J24 -> -216.48936 | AF24: =M24/J24 -> 0.89175532
B25: 便當 | C25: 美式雞丁餐盒 | E25: 59.34 | F25: 1122 | G25: =E25*F25 -> 66579.48 | I25: 24 | J25: 2000 | K25: =J25/I25 -> 83.333333 | L25: 24 | M25: =F25/V25*60 -> 1784.8873 | N25: =M25/L25 -> 74.370305 | O25: =L25-I25 -> 0 | P25: =N25-K25 -> -8.9630284 | Q25: =N25/K25 -> 0.89244366 | S25: 0.50366898 | T25: 0.52986111 | U25: 56.283333 | V25: 37.716667 | AE25: =M25-J25 -> -215.11268 | AF25: =M25/J25 -> 0.89244366
B26: 便當 | C26: 烤蛋白餐盒 | E26: 58.67 | F26: 2548 | G26: =E26*F26 -> 149491.16 | I26: 23 | J26: 2000 | K26: =J26/I26 -> 86.956522 | L26: 23 | M26: =F26/V26*60 -> 1781.8182 | N26: =M26/L26 -> 77.470356 | O26: =L26-I26 -> 0 | P26: =N26-K26 -> -9.486166 | Q26: =N26/K26 -> 0.89090909 | S26: 0.53347222 | T26: 0.59305556 | U26: 5.2 | V26: 85.8 | AE26: =M26-J26 -> -218.18182 | AF26: =M26/J26 -> 0.89090909
B38: 平均 | I38: =AVERAGE(I22:I37) -> 24.2 | J38: =AVERAGE(J22:J37) -> 2000 | K38: =J38/I38 -> 82.644628 | L38: =AVERAGE(L22:L37) -> 24.2 | M38: =AVERAGE(M22:M37) -> 1783.5041 | N38: =M38/L38 -> 73.698516 | O38: =L38-I38 -> 0 | P38: =N38-K38 -> -8.9461123 | Q38: =N38/K38 -> 0.89175204 | S38: =S22 -> 0.25025463 | T38: =INDEX(T22:T37,COUNTA(T22:T37)) -> 0.59305556 | Y38: =SUM(Y22:Y37) -> 0 | Z38: =SUM(Z22:Z37) -> 0 | AC38: =SUM(AC22:AC37) -> 0 | AD38: =SUM(AD22:AD37) -> 0 | AE38: =M38-J38 -> -216.49592 | AF38: =M38/J38 -> 0.89175204
A39: 涼麵三線 | B39: 微波小吃 | C39: 日式茶碗蒸 | E39: 19.7 | F39: 3405 | G39: =E39*F39 -> 67078.5 | I39: 13 | J39: 1200 | K39: =J39/I39 -> 92.307692 | L39: 13 | M39: =F39/V39*60 -> 1079.6195 | N39: =M39/L39 -> 83.047655 | O39: =L39-I39 -> 0 | P39: =N39-K39 -> -9.2600371 | Q39: =N39/K39 -> 0.89968293 | R39: =Q55 -> 0.89460802 | S39: 0.25 | T39: 0.38141204 | V39: 189.23333 | AE39: =M39-J39 -> -120.38048 | AF39: =M39/J39 -> 0.89968293 | AG39: =AF55 -> 0.89460802
B40: 季節調理麵 | C40: 東京豚骨風味拉麵 | E40: 71.84 | F40: 980 | G40: =E40*F40 -> 70403.2 | I40: 19 | J40: 1800 | K40: =J40/I40 -> 94.736842 | L40: 19 | M40: =F40/V40*60 -> 1607.2893 | N40: =M40/L40 -> 84.594173 | O40: =L40-I40 -> 0 | P40: =N40-K40 -> -10.142669 | Q40: =N40/K40 -> 0.8929385 | S40: 0.38501157 | T40: 0.41041667 | U40: 5.1833333 | V40: 36.583333 | AE40: =M40-J40 -> -192.71071 | AF40: =M40/J40 -> 0.8929385
B41: 微波小吃 | C41: 韓式部隊鍋 | E41: 57.73 | F41: 1288 | G41: =E41*F41 -> 74356.24 | I41: 22 | J41: 1800 | K41: =J41/I41 -> 81.818182 | L41: 22 | M41: =F41/V41*60 -> 1607.2097 | N41: =M41/L41 -> 73.054987 | O41: =L41-I41 -> 0 | P41: =N41-K41 -> -8.7631952 | Q41: =N41/K41 -> 0.89289428 | S41: 0.41388889 | T41: 0.44728009 | U41: 5 | V41: 48.083333 | AE41: =M41-J41 -> -192.79029 | AF41: =M41/J41 -> 0.89289428
B55: 平均 | I55: =AVERAGE(I39:I54) -> 18 | J55: =AVERAGE(J39:J54) -> 1600 | K55: =J55/I55 -> 88.888889 | L55: =AVERAGE(L39:L54) -> 18 | M55: =AVERAGE(M39:M54) -> 1431.3728 | N55: =M55/L55 -> 79.520713 | O55: =L55-I55 -> 0 | P55: =N55-K55 -> -9.3681756 | Q55: =N55/K55 -> 0.89460802 | S55: =S39 -> 0.25 | T55: =INDEX(T39:T54,COUNTA(T39:T54)) -> 0.44728009 | Y55: =SUM(Y39:Y54) -> 0 | Z55: =SUM(Z39:Z54) -> 0 | AC55: =SUM(AC39:AC54) -> 0 | AD55: =SUM(AD39:AD54) -> 0 | AE55: =M55-J55 -> -168.62716 | AF55: =M55/J55 -> 0.89460802
A56: 自動包裝機 | B56: 4℃-壽司手卷 | C56: 香料咖哩烤雞飯卷 | E56: 26.21 | F56: 1797 | G56: =E56*F56 -> 47099.37 | I56: 6 | J56: 3273 | K56: =J56/I56 -> 545.5 | L56: 6 | M56: =F56/V56*60 -> 2856.1589 | N56: =M56/L56 -> 476.02649 | O56: =L56-I56 -> 0 | P56: =N56-K56 -> -69.47351 | Q56: =N56/K56 -> 0.87264251 | R56: =Q72 -> 0.8838766 | S56: 0.40295139 | T56: 0.42916667 | U56: 6.0166667 | V56: 37.75 | AE56: =M56-J56 -> -416.84106 | AF56: =M56/J56 -> 0.87264251 | AG56: =AF72 -> 0.8838766
B57: 4℃-飯糰 | C57: 蟹味可樂餅風炸飯糰 | E57: 21.92 | F57: 2452 | G57: =E57*F57 -> 53747.84 | I57: 6 | J57: 3600 | K57: =J57/I57 -> 600 | L57: 6 | M57: =F57/V57*60 -> 3149.1973 | N57: =M57/L57 -> 524.86621 | O57: =L57-I57 -> 0 | P57: =N57-K57 -> -75.133785 | Q57: =N57/K57 -> 0.87477702 | S57: 0.43283565 | T57: 0.46527778 | U57: 5.2833333 | V57: 46.716667 | AE57: =M57-J57 -> -450.80271 | AF57: =M57/J57 -> 0.87477702
B58: 4℃-壽司手卷 | C58: 明太子泡菜牛飯卷 | E58: 27.05 | F58: 697 | G58: =E58*F58 -> 18853.85 | I58: 6 | J58: 3273 | K58: =J58/I58 -> 545.5 | L58: 6 | M58: =F58/V58*60 -> 2962.4557 | N58: =M58/L58 -> 493.74262 | O58: =L58-I58 -> 0 | P58: =N58-K58 -> -51.757379 | Q58: =N58/K58 -> 0.90511938 | S58: 0.46875 | T58: 0.47855324 | U58: 5 | V58: 14.116667 | AE58: =M58-J58 -> -310.54427 | AF58: =M58/J58 -> 0.90511938
B72: 平均 | I72: =AVERAGE(I56:I71) -> 6 | J72: =AVERAGE(J56:J71) -> 3382 | K72: =J72/I72 -> 563.66667 | L72: =AVERAGE(L56:L71) -> 6 | M72: =AVERAGE(M56:M71) -> 2989.2707 | N72: =M72/L72 -> 498.21178 | O72: =L72-I72 -> 0 | P72: =N72-K72 -> -65.454891 | Q72: =N72/K72 -> 0.8838766 | S72: =S56 -> 0.40295139 | T72: =INDEX(T56:T71,COUNTA(T56:T71)) -> 0.47855324 | Y72: =SUM(Y56:Y71) -> 0 | Z72: =SUM(Z56:Z71) -> 0 | AC72: =SUM(AC56:AC71) -> 0 | AD72: =SUM(AD56:AD71) -> 0 | AE72: =M72-J72 -> -392.72935 | AF72: =M72/J72 -> 0.8838766
A73: 涼麵一線 (二配) | B73: 微波主食 | C73: 二配里肌豬排可可咖哩歐姆蛋飯 | E73: 56.79 | F73: 1955 | G73: =E73*F73 -> 111024.45 | I73: 23 | J73: 2000 | K73: =J73/I73 -> 86.956522 | L73: 23 | M73: =F73/V73*60 -> 1783.5783 | N73: =M73/L73 -> 77.546883 | O73: =L73-I73 -> 0 | P73: =N73-K73 -> -9.4096388 | Q73: =N73/K73 -> 0.89178915 | R73: =Q89 -> 0.8913141 | S73: 0.70849537 | T73: 0.75416667 | V73: 65.766667 | AE73: =M73-J73 -> -216.42169 | AF73: =M73/J73 -> 0.89178915 | AG73: =AF89 -> 0.8913141
B74: 微波主食 | C74: 二配黃金雞排蘑菇白醬歐姆蛋飯 | E74: 56.87 | F74: 1589 | G74: =E74*F74 -> 90366.43 | I74: 23 | J74: 2000 | K74: =J74/I74 -> 86.956522 | L74: 23 | M74: =F74/V74*60 -> 1782.6114 | N74: =M74/L74 -> 77.504844 | O74: =L74-I74 -> 0 | P74: =N74-K74 -> -9.451678 | Q74: =N74/K74 -> 0.8913057 | S74: 0.75763889 | T74: 0.79478009 | U74: 5 | V74: 53.483333 | AE74: =M74-J74 -> -217.38859 | AF74: =M74/J74 -> 0.8913057
B75: 微波主食 | C75: 二配哞哞培根奶香海陸焗飯 | E75: 47.6 | F75: 1752 | G75: =E75*F75 -> 83395.2 | I75: 23 | J75: 2000 | K75: =J75/I75 -> 86.956522 | L75: 23 | M75: =F75/V75*60 -> 1781.6949 | N75: =M75/L75 -> 77.464996 | O75: =L75-I75 -> 0 | P75: =N75-K75 -> -9.4915254 | Q75: =N75/K75 -> 0.89084746 | S75: 0.79791667 | T75: 0.83888889 | U75: 4.5166667 | V75: 59 | AE75: =M75-J75 -> -218.30508 | AF75: =M75/J75 -> 0.89084746
B89: 平均 | I89: =AVERAGE(I73:I88) -> 23 | J89: =AVERAGE(J73:J88) -> 2000 | K89: =J89/I89 -> 86.956522 | L89: =AVERAGE(L73:L88) -> 23 | M89: =AVERAGE(M73:M88) -> 1782.6282 | N89: =M89/L89 -> 77.505574 | O89: =L89-I89 -> 0 | P89: =N89-K89 -> -9.4509474 | Q89: =N89/K89 -> 0.8913141 | S89: =S73 -> 0.70849537 | T89: =INDEX(T73:T88,COUNTA(T73:T88)) -> 0.83888889 | Y89: =SUM(Y73:Y88) -> 0 | Z89: =SUM(Z73:Z88) -> 0 | AC89: =SUM(AC73:AC88) -> 0 | AD89: =SUM(AD73:AD88) -> 0 | AE89: =M89-J89 -> -217.37179 | AF89: =M89/J89 -> 0.8913141
A90: 涼麵二線 (二配) | B90: 微波主食 | C90: 二配西班牙風味海鮮燉飯 | E90: 57.3 | F90: 1591 | G90: =E90*F90 -> 91164.3 | I90: 21 | J90: 2000 | K90: =J90/I90 -> 95.238095 | L90: 21 | M90: =F90/V90*60 -> 1784.8551 | N90: =M90/L90 -> 84.9931 | O90: =L90-I90 -> 0 | P90: =N90-K90 -> -10.244995 | Q90: =N90/K90 -> 0.89242755 | R90: =Q106 -> 0.8919782 | S90: 0.70833333 | T90: 0.74547454 | V90: 53.483333 | AE90: =M90-J90 -> -215.1449 | AF90: =M90/J90 -> 0.89242755 | AG90: =AF106 -> 0.8919782
B91: 微波主食 | C91: 二配失控起司薯餅焗飯 | E91: 54.09 | F91: 1396 | G91: =E91*F91 -> 75509.64 | I91: 19 | J91: 2000 | K91: =J91/I91 -> 105.26316 | L91: 19 | M91: =F91/V91*60 -> 1784.0256 | N91: =M91/L91 -> 93.896082 | O91: =L91-I91 -> 0 | P91: =N91-K91 -> -11.367076 | Q91: =N91/K91 -> 0.89201278 | S91: 0.74864583 | T91: 0.78125 | U91: 4.5666667 | V91: 46.95 | AE91: =M91-J91 -> -215.97444 | AF91: =M91/J91 -> 0.89201278
B92: 微波主食 | C92: 二配蒙古風味烤肉飯 | E92: 58.17 | F92: 1708 | G92: =E92*F92 -> 99354.36 | I92: 19 | J92: 1800 | K92: =J92/I92 -> 94.736842 | L92: 19 | M92: =F92/V92*60 -> 1604.5929 | N92: =M92/L92 -> 84.452258 | O92: =L92-I92 -> 0 | P92: =N92-K92 -> -10.284584 | Q92: =N92/K92 -> 0.8914405 | S92: 0.78481481 | T92: 0.82916667 | U92: 5.1333333 | V92: 63.866667 | AE92: =M92-J92 -> -195.4071 | AF92: =M92/J92 -> 0.8914405
B106: 平均 | I106: =AVERAGE(I90:I105) -> 19.666667 | J106: =AVERAGE(J90:J105) -> 1933.3333 | K106: =J106/I106 -> 98.305085 | L106: =AVERAGE(L90:L105) -> 19.666667 | M106: =AVERAGE(M90:M105) -> 1724.4912 | N106: =M106/L106 -> 87.685992 | O106: =L106-I106 -> 0 | P106: =N106-K106 -> -10.619092 | Q106: =N106/K106 -> 0.8919782 | S106: =S90 -> 0.70833333 | T106: =INDEX(T90:T105,COUNTA(T90:T105)) -> 0.82916667 | Y106: =SUM(Y90:Y105) -> 0 | Z106: =SUM(Z90:Z105) -> 0 | AC106: =SUM(AC90:AC105) -> 0 | AD106: =SUM(AD90:AD105) -> 0 | AE106: =M106-J106 -> -208.84215 | AF106: =M106/J106 -> 0.8919782
AA108: 原因回覆
AA109: 1.當日出勤人數較多
AA110: 2.當日出勤人數較少
AA111: 3.當日出勤熟手較多
AA112: 4.當日出勤新人較多
AA113: 5.機台夾盒
AA114: 6.封膜不順
AA115: 7.更換膠膜
AA116: 8.更換碳帶
AA117: 9.當日熱轉印碳帶異常
AA118: 10.訂單量過少
AA119: 11.新品上市，尚未熟悉
AA120: 12.活動期間品項需貼標

Sheet 0227
B1: 屏榮 大溪廠組合室生產人時性分析
B3: 日期 | C3: 115.02.27星期五 | E3: 訂單量 | F3: ='0227(18度C)'!D1+'0227(4度C)'!D1 -> 120519 | H3: 營業額 | I3: ='0227(18度C)'!F1+'0227(4度C)'!F1 -> 3610052.1
B4: 人時性 | C4: 項目 | E4: ➀ | G4: ➁ | I4: ➂ | K4: ④ | M4: ⑤ | O4: 異常停線 | Q4: 短暫停線
C5: 組合室 | E5: 全溫層 | G5: 4度C-各編組展開(一配) | I5: 4度C-各編組展開(二配) | K5: 18度C-各編組展開(一配) | M5: 18度C-各編組展開(二配) | O5: 合計次數 | P5: 時間 | Q5: 合計次數 | R5: 設備次數
C6: 排關平均 | E6: =AVERAGE(D14:O14,D32:X32) -> 547.89053 | F6: =AVERAGE(#REF!,D14:K14) -> #REF! | G6: =AVERAGE(D14:K14) -> 209.41934 | I6: =AVERAGE(L14:O14) -> 92.630803 | K6: =AVERAGE(D32:O32) -> 733.74087 | M6: =AVERAGE(P32:X32) -> 777.75095 | O6: ='0227(4度C)'!Y2 -> 0 | P6: ='0227(4度C)'!Z2 -> 0 | Q6: ='0227(4度C)'!AC2 -> 0 | R6: ='0227(4度C)'!AD2 -> 0
C7: 實績平均 | E7: =AVERAGE(D15:O15,D33:X33) -> 486.84866 | F7: =AVERAGE(#REF!,D15:K15) -> #REF! | G7: =AVERAGE(D15:K15) -> 184.3156 | I7: =AVERAGE(L15:O15) -> 82.585037 | K7: =AVERAGE(D33:O33) -> 652.95164 | M7: =AVERAGE(P33:X33) -> 691.257
C8: 達成率平均 | E8: =AVERAGE(D16:O16,D34:X34) -> 0.88907453 | F8: =AVERAGE(D16:K16,#REF!) -> #REF! | G8: =AVERAGE(D16:K16) -> 0.88882476 | I8: =AVERAGE(L16:O16) -> 0.8915329 | K8: =AVERAGE(D34:O34) -> 0.88978496 | M8: =AVERAGE(P34:X34) -> 0.88743846
O9: ※現行日本鮮食廠以達成率80%為基本(即為現行KPI)
B11: 溫層 | D11: ➁4度C-各編組展開 | L11: ➂4度C-各編組展開
B12: 編組 | D12: 1 | E12: 2 | F12: 3 | G12: 4 | H12: 5 | I12: 6 | J12: 7 | K12: 8 | L12: 1 | M12: 2 | N12: 3 | O12: 4
D13: 便當一線 | E13: 便當二線 | F13: 涼麵一線 | G13: 涼麵二線 | H13: 涼麵三線 | I13: 自動包裝機 | J13: 自動包裝機2 | K13: 自動包裝機3 | L13: 便當一線 | M13: 便當二線 | N13: 涼麵一線 | O13: 涼麵二線
B14: 人時性 | C14: 排關 | D14: - | E14: - | F14: 100.84112 | G14: 82.758621 | H14: 90.410959 | I14: 563.66667 | J14: - | K14: - | L14: - | M14: - | N14: 86.956522 | O14: 98.305085
C15: 實績 | D15: - | E15: - | F15: 90.365626 | G15: 73.804502 | H15: 80.832742 | I15: 492.25952 | J15: - | K15: - | L15: - | M15: - | N15: 77.499654 | O15: 87.670419
C16: 達成率 | D16: - | E16: - | F16: =F15/F14 -> 0.89611881 | G16: =G15/G14 -> 0.8918044 | H16: =H15/H14 -> 0.89405911 | I16: =I15/I14 -> 0.87331672 | J16: - | K16: - | L16: - | M16: - | N16: =N15/N14 -> 0.89124602 | O16: =O15/O14 -> 0.89181978
B17: 作業 時間 | C17: 開始 | D17: - | E17: - | F17: 0.25 | G17: 0.25 | H17: 0.25006944 | I17: 0.40925926 | J17: - | K17: - | L17: - | M17: - | N17: 0.70861111 | O17: 0.70842593
C18: 結束 | D18: - | E18: - | F18: 0.50555556 | G18: 0.57847222 | H18: 0.45902778 | I18: 0.47640046 | J18: - | K18: - | L18: - | M18: - | N18: 0.8225 | O18: 0.81130787
B19: 產線異常 (5分鐘以上) | C19: 次數
C20: 時間/分
B21: 短暫停線 (5分鐘以下) | C21: 次數
C22: 設備次數
B23: 配置人數 | D23: - | E23: - | F23: 21.6 | G23: 24.166667 | H23: 18.25 | I23: 6 | J23: - | K23: - | L23: - | M23: - | N23: 23 | O23: 19.666667
B24: 主要應用設備 | D24: L型封口機 | E24: ET-55 | F24: ET-55 | G24: ET-55 | H24: ET-600 | I24: 伺服包裝機 | J24: 伺服包裝機 | K24: 伺服包裝機 | L24: L型封口機 | M24: ET-55 | N24: ET-55 | O24: ET-55
B25: 次要應用設備 | D25: 伺服包裝機 | H25: 伺服包裝機
B26: 備註 | H26: 涼麵+烤飯糰 | I26: 大口飯糰線 | K26: 烤飯糰+手卷
B29: 溫層 | D29: ➃18度C-各編組展開 (一配) | P29: ⑤18度C-各編組展開 (二配)
B30: 編組 | D30: 1 | E30: 2 | F30: 3 | G30: 4 | H30: 5 | I30: 6 | J30: 7 | K30: 8 | L30: 9 | M30: 10 | N30: 11 | O30: 12 | P30: 1 | Q30: 2 | R30: 3 | S30: 4 | T30: 5 | U30: 6 | V30: 7 | W30: 8 | X30: 9
D31: 便當一線 | E31: 涼麵一線 | F31: 涼麵三線 | G31: 自動包裝機 | H31: 自動包裝機2 | I31: 自動包裝機3 | J31: 味付飯糰線B | K31: (舊) 3300型飯糰線 | L31: 3000型飯糰線 | M31: (新) 3300型飯糰機 | N31: GKK3600型 飯糰機 | O31: GKK3600型 飯糰機2 | P31: 自動包裝機 | Q31: 自動包裝機2 | R31: 自動包裝機3 | S31: 味付飯糰線B | T31: (舊) 3300型飯糰線 | U31: 3000型飯糰線 | V31: (新) 3300型飯糰機 | W31: GKK3600型 飯糰機 | X31: GKK3600型 飯糰機2
B32: 人時性 | C32: 排關 | D32: - | E32: - | F32: - | G32: 306.38298 | H32: 433.33333 | I32: - | J32: - | K32: 761.53846 | L32: - | M32: 825 | N32: 1133.3333 | O32: 942.85714 | P32: 306.38298 | Q32: - | R32: - | S32: - | T32: 787.5 | U32: - | V32: 761.53846 | W32: 1100 | X32: 933.33333
C33: 實績 | D33: - | E33: - | F33: - | G33: 267.732 | H33: 390.13329 | I33: - | J33: - | K33: 684.61797 | L33: - | M33: 740.69247 | N33: 998.38735 | O33: 836.14677 | P33: 267.6914 | Q33: - | R33: - | S33: - | T33: 704.93353 | U33: - | V33: 684.27083 | W33: 974.08595 | X33: 825.30327
C34: 達成率 | D34: - | E34: - | F34: - | G34: =G33/G32 -> 0.87384748 | H34: =H33/H32 -> 0.9003076 | I34: - | J34: - | K34: =K33/K32 -> 0.89899329 | L34: - | M34: =M33/M32 -> 0.89780906 | N34: =N33/N32 -> 0.88093002 | O34: =O33/O32 -> 0.88682233 | P34: =P33/P32 -> 0.87371499 | Q34: - | R34: - | S34: - | T34: =T33/T32 -> 0.89515369 | U34: - | V34: =V33/V32 -> 0.89853745 | W34: =W33/W32 -> 0.88553268 | X34: =X33/X32 -> 0.8842535
B35: 作業 時間 | C35: 開始 | D35: - | E35: - | F35: - | G35: 0.30641204 | H35: 0.25018519 | I35: - | J35: - | K35: 0.39609954 | L35: - | M35: 0.29166667 | N35: 0.29195602 | O35: 0.29166667 | P35: 0.70849537 | Q35: - | R35: - | S35: - | T35: 0.70833333 | U35: - | V35: 0.70846065 | W35: 0.70833333 | X35: 0.70837963
C36: 結束 | D36: - | E36: - | F36: - | G36: 0.40555556 | H36: 0.28888889 | I36: - | J36: - | K36: 0.47916667 | L36: - | M36: 0.38541667 | N36: 0.43472222 | O36: 0.4125 | P36: 0.80012731 | Q36: - | R36: - | S36: - | T36: 0.83560185 | U36: - | V36: 0.8306713 | W36: 0.95138889 | X36: 0.95416667
B37: 配置人數 | D37: - | E37: - | F37: - | G37: 11.75 | H37: 6 | I37: - | J37: - | K37: 4.3333333 | L37: - | M37: 4 | N37: 3 | O37: 3.5 | P37: 11.75 | Q37: - | R37: - | S37: - | T37: 4 | U37: - | V37: 4.3333333 | W37: 3 | X37: 3.6
B38: 主要應用設備 | D38: 伺服包裝機 | E38: ET-55 | F38: ET-600 | G38: 夾心型 | H38: 伺服包裝機 | I38: 伺服包裝機 | J38: 夾心型 | K38: 3300型 | L38: 3300型 | M38: 3300型 | N38: GKK | O38: GKK | P38: 夾心型 | Q38: 伺服包裝機 | R38: 伺服包裝機 | S38: 夾心型 | T38: 3300型 | U38: 3300型 | V38: 3300型 | W38: GKK | X38: GKK
B39: 次要應用設備
B40: 備註

Sheet 0227(18度C)
A1: 大溪廠日報分析 | C1: 總生產量 | D1: =SUM(F5:F191) -> 80480 | E1: 營業額 | F1: =SUM(G5:G191) -> 1587718.5 | G1: 出勤人數 | H1: =L21+L38+L55+L72+L89+L106+L123+L140+L157+L174+L191 -> 59.266667 | I1: 產線配置圖 | L1: 生產實績 | O1: 人時性差異分析 | S1: 日報登錄 | Y1: 分析說明 | AA1: 產能差異分析
A2: 46080 | C2: 人時性 | D2: =AVERAGE(N21,N38,N55,N72,N89,N106,N123,N140,N157,N174,N191) -> 670.36317 | E2: 平均廠價 | F2: =F1/D1 -> 19.728112 | G2: 多次生產數 | H2: =COUNT(H5:H191) -> 2
A3: 線別 | B3: 品類 | C3: 品名 | E3: 廠價 | F3: 生產量 | G3: 營收 | H3: 多次 生產 | I3: 人數 | J3: 產能/時 | K3: 人時性 | L3: 人數 | M3: 產能/時 | N3: 人時性 | O3: 人數 | P3: 人時性 | Q3: 達成率 | R3: 達成率 平均 | S3: 生產時間 | U3: 換線、休息/分 | V3: 稼動時間/分 | W3: 休息時間 | Y3: (屏榮回填) | AA3: 產能/時 | AB3: 達成率 | AC3: 達成率平均
S4: 開始 | T4: 結束 | W4: 開始 | X4: 結束
A5: 自動包裝機 | B5: 18℃-飯糰 | C5: 一配兩粒飯糰(鮪魚.焦糖鮭魚) | E5: 28.57 | F5: 1499 | G5: =E5*F5 -> 42826.43 | I5: 12 | J5: 3600 | K5: =J5/I5 -> 300 | L5: 12 | M5: =F5/V5*60 -> 3126.5353 | N5: =M5/L5 -> 260.54461 | O5: =L5-I5 -> 0 | P5: =N5-K5 -> -39.455388 | Q5: =N5/K5 -> 0.86848204 | R5: =Q21 -> 0.87384748 | S5: 0.30641204 | T5: 0.32638889 | V5: 28.766667 | AA5: =M5-J5 -> -473.46466 | AB5: =M5/J5 -> 0.86848204 | AC5: =AB21 -> 0.87384748
B6: 18℃-壽司手卷 | C6: 一配海饌雙手卷 | E6: 29.85 | F6: 1856 | G6: =E6*F6 -> 55401.6 | I6: 12 | J6: 3600 | K6: =J6/I6 -> 300 | L6: 12 | M6: =F6/V6*60 -> 3139.8496 | N6: =M6/L6 -> 261.65414 | O6: =L6-I6 -> 0 | P6: =N6-K6 -> -38.345865 | Q6: =N6/K6 -> 0.87218045 | S6: 0.32986111 | T6: 0.35449074 | U6: 5 | V6: 35.466667 | AA6: =M6-J6 -> -460.15038 | AB6: =M6/J6 -> 0.87218045
B7: 18℃-壽司手卷 | C7: 一配雙饗雙手卷 | E7: 29.52 | F7: 1763 | G7: =E7*F7 -> 52043.76 | I7: 12 | J7: 3600 | K7: =J7/I7 -> 300 | L7: 12 | M7: =F7/V7*60 -> 3140.4255 | N7: =M7/L7 -> 261.70213 | O7: =L7-I7 -> 0 | P7: =N7-K7 -> -38.297872 | Q7: =N7/K7 -> 0.87234043 | S7: 0.3578588 | T7: 0.38125 | U7: 4.85 | V7: 33.683333 | AA7: =M7-J7 -> -459.57447 | AB7: =M7/J7 -> 0.87234043
B8: 18℃-壽司手卷 | C8: 一配長野稻荷壽司 | E8: 25.64 | F8: 1523 | G8: =E8*F8 -> 39049.72 | I8: 11 | J8: 3600 | K8: =J8/I8 -> 327.27273 | L8: 11 | M8: =F8/V8*60 -> 3176.5933 | N8: =M8/L8 -> 288.78121 | O8: =L8-I8 -> 0 | P8: =N8-K8 -> -38.49152 | Q8: =N8/K8 -> 0.88238702 | S8: 0.3855787 | T8: 0.40555556 | U8: 6.2333333 | V8: 28.766667 | AA8: =M8-J8 -> -423.40672 | AB8: =M8/J8 -> 0.88238702
B21: 平均 | I21: =AVERAGE(I5:I20) -> 11.75 | J21: =AVERAGE(J5:J20) -> 3600 | K21: =J21/I21 -> 306.38298 | L21: =AVERAGE(L5:L20) -> 11.75 | M21: =AVERAGE(M5:M20) -> 3145.8509 | N21: =M21/L21 -> 267.732 | O21: =L21-I21 -> 0 | P21: =N21-K21 -> -38.650983 | Q21: =N21/K21 -> 0.87384748 | S21: =S5 -> 0.30641204 | T21: =INDEX(T5:T20,COUNTA(T5:T20)) -> 0.40555556 | AA21: =M21-J21 -> -454.14906 | AB21: =M21/J21 -> 0.87384748
A22: 自動包裝機2 | B22: 18℃-壽司手卷 | C22: 一配雙鬆細卷 | E22: 14.03 | F22: 887 | G22: =E22*F22 -> 12444.61 | I22: 6 | J22: 2600 | K22: =J22/I22 -> 433.33333 | L22: 6 | M22: =F22/V22*60 -> 2341.0557 | N22: =M22/L22 -> 390.17595 | O22: =L22-I22 -> 0 | P22: =N22-K22 -> -43.15738 | Q22: =N22/K22 -> 0.90040605 | R22: =Q38 -> 0.9003076 | S22: 0.25018519 | T22: 0.26597222 | V22: 22.733333 | AA22: =M22-J22 -> -258.94428 | AB22: =M22/J22 -> 0.90040605 | AC22: =AB38 -> 0.9003076
B23: 18℃-壽司手卷 | C23: 一配經典鮪魚沙拉細卷 | E23: 14.49 | F23: 1076 | G23: =E23*F23 -> 15591.24 | I23: 6 | J23: 2600 | K23: =J23/I23 -> 433.33333 | L23: 6 | M23: =F23/V23*60 -> 2340.5438 | N23: =M23/L23 -> 390.09063 | O23: =L23-I23 -> 0 | P23: =N23-K23 -> -43.242699 | Q23: =N23/K23 -> 0.90020916 | S23: 0.2697338 | T23: 0.28888889 | U23: 5.4166667 | V23: 27.583333 | AA23: =M23-J23 -> -259.45619 | AB23: =M23/J23 -> 0.90020916
B38: 平均 | I38: =AVERAGE(I22:I37) -> 6 | J38: =AVERAGE(J22:J37) -> 2600 | K38: =J38/I38 -> 433.33333 | L38: =AVERAGE(L22:L37) -> 6 | M38: =AVERAGE(M22:M37) -> 2340.7998 | N38: =M38/L38 -> 390.13329 | O38: =L38-I38 -> 0 | P38: =N38-K38 -> -43.20004 | Q38: =N38/K38 -> 0.9003076 | S38: =S22 -> 0.25018519 | T38: =INDEX(T22:T37,COUNTA(T22:T37)) -> 0.28888889 | AA38: =M38-J38 -> -259.20024 | AB38: =M38/J38 -> 0.9003076
A39: (舊) 3300型飯糰線 | B39: 18℃-飯糰 | C39: 一配壹號醬炙烤牛飯糰 | E39: 22.28 | F39: 822 | G39: =E39*F39 -> 18314.16 | I39: 5 | J39: 3300 | K39: =J39/I39 -> 660 | L39: 5 | M39: =F39/V39*60 -> 2968.1043 | N39: =M39/L39 -> 593.62086 | O39: =L39-I39 -> 0 | P39: =N39-K39 -> -66.379137 | Q39: =N39/K39 -> 0.89942555 | R39: =Q55 -> 0.89899329 | S39: 0.39609954 | T39: 0.40763889 | V39: 16.616667 | AA39: =M39-J39 -> -331.89569 | AB39: =M39/J39 -> 0.89942555 | AC39: =AB55 -> 0.89899329
B40: 18℃-飯糰 | C40: 一配照燒雞肉飯糰 | E40: 21.45 | F40: 1028 | G40: =E40*F40 -> 22050.6 | I40: 4 | J40: 3300 | K40: =J40/I40 -> 825 | L40: 4 | M40: =F40/V40*60 -> 2967.7626 | N40: =M40/L40 -> 741.94066 | O40: =L40-I40 -> 0 | P40: =N40-K40 -> -83.059342 | Q40: =N40/K40 -> 0.89932201 | S40: 0.41126157 | T40: 0.42569444 | U40: 5.2166667 | V40: 20.783333 | AA40: =M40-J40 -> -332.23737 | AB40: =M40/J40 -> 0.89932201
B41: 18℃-飯糰 | C41: 一配雞肉飯飯糰 | E41: 16.66 | F41: 3557 | G41: =E41*F41 -> 59259.62 | I41: 4 | J41: 3300 | K41: =J41/I41 -> 825 | L41: 4 | M41: =F41/V41*60 -> 2964.1667 | N41: =M41/L41 -> 741.04167 | O41: =L41-I41 -> 0 | P41: =N41-K41 -> -83.958333 | Q41: =N41/K41 -> 0.89823232 | S41: 0.42916667 | T41: 0.47916667 | U41: 5 | V41: 72 | AA41: =M41-J41 -> -335.83333 | AB41: =M41/J41 -> 0.89823232
B55: 平均 | I55: =AVERAGE(I39:I54) -> 4.3333333 | J55: =AVERAGE(J39:J54) -> 3300 | K55: =J55/I55 -> 761.53846 | L55: =AVERAGE(L39:L54) -> 4.3333333 | M55: =AVERAGE(M39:M54) -> 2966.6779 | N55: =M55/L55 -> 684.61797 | O55: =L55-I55 -> 0 | P55: =N55-K55 -> -76.920492 | Q55: =N55/K55 -> 0.89899329 | S55: =S39 -> 0.39609954 | T55: =INDEX(T39:T54,COUNTA(T39:T54)) -> 0.47916667 | AA55: =M55-J55 -> -333.32213 | AB55: =M55/J55 -> 0.89899329
A56: (新) 3300型飯糰機 | B56: 18℃-飯糰 | C56: 一配鹽蔥燒肉飯糰 | E56: 17.89 | F56: 2271 | G56: =E56*F56 -> 40628.19 | I56: 4 | J56: 3300 | K56: =J56/I56 -> 825 | L56: 4 | M56: =F56/V56*60 -> 2962.1739 | N56: =M56/L56 -> 740.54348 | O56: =L56-I56 -> 0 | P56: =N56-K56 -> -84.456522 | Q56: =N56/K56 -> 0.89762846 | R56: =Q72 -> 0.89780906 | S56: 0.29166667 | T56: 0.32361111 | V56: 46 | AA56: =M56-J56 -> -337.82609 | AB56: =M56/J56 -> 0.89762846 | AC56: =AB72 -> 0.89780906
B57: 18℃-飯糰 | C57: 一配紅運烏魚子紹興飯糰 | E57: 27.27 | F57: 1302 | G57: =E57*F57 -> 35505.54 | I57: 5 | J57: 3300 | K57: =J57/I57 -> 660 | L57: 5 | M57: =F57/V57*60 -> 2962.8319 | N57: =M57/L57 -> 592.56637 | O57: =L57-I57 -> 0 | P57: =N57-K57 -> -67.433628 | Q57: =N57/K57 -> 0.89782784 | S57: 0.32708333 | T57: 0.34539352 | U57: 5 | V57: 26.366667 | AA57: =M57-J57 -> -337.16814 | AB57: =M57/J57 -> 0.89782784
B58: 18℃-飯糰 | C58: 一配鮭魚奶油醬油飯糰 | E58: 18.53 | F58: 2611 | G58: =E58*F58 -> 48381.83 | I58: 3 | J58: 3300 | K58: =J58/I58 -> 1100 | L58: 3 | M58: =F58/V58*60 -> 2963.3039 | N58: =M58/L58 -> 987.76797 | O58: =L58-I58 -> 0 | P58: =N58-K58 -> -112.23203 | Q58: =N58/K58 -> 0.89797088 | S58: 0.3487037 | T58: 0.38541667 | U58: 4.7666667 | V58: 52.866667 | AA58: =M58-J58 -> -336.69609 | AB58: =M58/J58 -> 0.89797088
B72: 平均 | I72: =AVERAGE(I56:I71) -> 4 | J72: =AVERAGE(J56:J71) -> 3300 | K72: =J72/I72 -> 825 | L72: =AVERAGE(L56:L71) -> 4 | M72: =AVERAGE(M56:M71) -> 2962.7699 | N72: =M72/L72 -> 740.69247 | O72: =L72-I72 -> 0 | P72: =N72-K72 -> -84.307527 | Q72: =N72/K72 -> 0.89780906 | S72: =S56 -> 0.29166667 | T72: =INDEX(T56:T71,COUNTA(T56:T71)) -> 0.38541667 | AA72: =M72-J72 -> -337.23011 | AB72: =M72/J72 -> 0.89780906
A73: GKK3600型 飯糰機 | B73: 18℃-飯糰 | C73: 一配蔬食鮪魚飯糰 | E73: 18.18 | F73: 817 | G73: =E73*F73 -> 14853.06 | I73: 3 | J73: 3600 | K73: =J73/I73 -> 1200 | L73: 3 | M73: =F73/V73*60 -> 3145.6684 | N73: =M73/L73 -> 1048.5561 | O73: =L73-I73 -> 0 | P73: =N73-K73 -> -151.44385 | Q73: =N73/K73 -> 0.87379679 | R73: =Q89 -> 0.88093002 | S73: 0.29195602 | T73: 0.30277778 | V73: 15.583333 | AA73: =M73-J73 -> -454.33155 | AB73: =M73/J73 -> 0.87379679 | AC73: =AB89 -> 0.88093002
B74: 18℃-飯糰 | C74: 一配經典肉鬆飯糰 | E74: 14.03 | F74: 3388 | G74: =E74*F74 -> 47533.64 | I74: 3 | J74: 3000 | K74: =J74/I74 -> 1000 | L74: 3 | M74: =F74/V74*60 -> 2693.0448 | N74: =M74/L74 -> 897.68161 | O74: =L74-I74 -> 0 | P74: =N74-K74 -> -102.31839 | Q74: =N74/K74 -> 0.89768161 | S74: 0.31319444 | T74: 0.36561343 | U74: 15 | V74: 75.483333 | AA74: =M74-J74 -> -306.95518 | AB74: =M74/J74 -> 0.89768161
B75: 18℃-飯糰 | C75: 一配鮪魚飯糰 | E75: 14.28 | F75: 4388 | G75: =E75*F75 -> 62660.64 | I75: 3 | J75: 3600 | K75: =J75/I75 -> 1200 | L75: 3 | M75: =F75/V75*60 -> 3146.7729 | N75: =M75/L75 -> 1048.9243 | O75: =L75-I75 -> 0 | P75: =N75-K75 -> -151.0757 | Q75: =N75/K75 -> 0.87410359 | S75: 0.37662037 | T75: 0.43472222 | U75: 15.85 | V75: 83.666667 | AA75: =M75-J75 -> -453.22709 | AB75: =M75/J75 -> 0.87410359
B89: 平均 | I89: =AVERAGE(I73:I88) -> 3 | J89: =AVERAGE(J73:J88) -> 3400 | K89: =J89/I89 -> 1133.3333 | L89: =AVERAGE(L73:L88) -> 3 | M89: =AVERAGE(M73:M88) -> 2995.1621 | N89: =M89/L89 -> 998.38735 | O89: =L89-I89 -> 0 | P89: =N89-K89 -> -134.94598 | Q89: =N89/K89 -> 0.88093002 | S89: =S73 -> 0.29195602 | T89: =INDEX(T73:T88,COUNTA(T73:T88)) -> 0.43472222 | AA89: =M89-J89 -> -404.83794 | AB89: =M89/J89 -> 0.88093002
A90: GKK3600型 飯糰機2 | B90: 18℃-飯糰 | C90: 一配熟成紅鮭飯糰 | E90: 25.03 | F90: 982 | G90: =E90*F90 -> 24579.46 | I90: 4 | J90: 3300 | K90: =J90/I90 -> 825 | L90: 4 | M90: =F90/V90*60 -> 2933.7759 | N90: =M90/L90 -> 733.44398 | O90: =L90-I90 -> 0 | P90: =N90-K90 -> -91.556017 | Q90: =N90/K90 -> 0.88902301 | R90: =Q106 -> 0.88682233 | S90: 0.29166667 | T90: 0.30561343 | V90: 20.083333 | AA90: =M90-J90 -> -366.22407 | AB90: =M90/J90 -> 0.88902301 | AC90: =AB106 -> 0.88682233
B91: 18℃-飯糰 | C91: 一配北海道秋鮭親子飯糰 | E91: 24.82 | F91: 1342 | G91: =E91*F91 -> 33308.44 | I91: 4 | J91: 3300 | K91: =J91/I91 -> 825 | L91: 4 | M91: =F91/V91*60 -> 2933.3333 | N91: =M91/L91 -> 733.33333 | O91: =L91-I91 -> 0 | P91: =N91-K91 -> -91.666667 | Q91: =N91/K91 -> 0.88888889 | S91: 0.31597222 | T91: 0.33503472 | U91: 14.916667 | V91: 27.45 | AA91: =M91-J91 -> -366.66667 | AB91: =M91/J91 -> 0.88888889
B92: 18℃-飯糰 | C92: 一配贅沢鮭魚肚飯糰 | E92: 30 | F92: 2113 | G92: =E92*F92 -> 63390 | I92: 3 | J92: 3000 | K92: =J92/I92 -> 1000 | L92: 3 | M92: =F92/V92*60 -> 2693.6261 | N92: =M92/L92 -> 897.87535 | O92: =L92-I92 -> 0 | P92: =N92-K92 -> -102.12465 | Q92: =N92/K92 -> 0.89787535 | S92: 0.34583333 | T92: 0.37851852 | U92: 15.55 | V92: 47.066667 | AA92: =M92-J92 -> -306.37394 | AB92: =M92/J92 -> 0.89787535
B93: 18℃-飯糰 | C93: 一配明太子龍蝦風味沙拉飯糰 | E93: 18.18 | F93: 1764 | G93: =E93*F93 -> 32069.52 | I93: 3 | J93: 3600 | K93: =J93/I93 -> 1200 | L93: 3 | M93: =F93/V93*60 -> 3145.3195 | N93: =M93/L93 -> 1048.4398 | O93: =L93-I93 -> 0 | P93: =N93-K93 -> -151.56018 | Q93: =N93/K93 -> 0.87369985 | S93: 0.38913194 | T93: 0.4125 | U93: 15.283333 | V93: 33.65 | AA93: =M93-J93 -> -454.68053 | AB93: =M93/J93 -> 0.87369985
B106: 平均 | I106: =AVERAGE(I90:I105) -> 3.5 | J106: =AVERAGE(J90:J105) -> 3300 | K106: =J106/I106 -> 942.85714 | L106: =AVERAGE(L90:L105) -> 3.5 | M106: =AVERAGE(M90:M105) -> 2926.5137 | N106: =M106/L106 -> 836.14677 | O106: =L106-I106 -> 0 | P106: =N106-K106 -> -106.71037 | Q106: =N106/K106 -> 0.88682233 | S106: =S90 -> 0.29166667 | T106: =INDEX(T90:T105,COUNTA(T90:T105)) -> 0.4125 | AA106: =M106-J106 -> -373.4863 | AB106: =M106/J106 -> 0.88682233
A107: 自動包裝機 (二配) | B107: 18℃-壽司手卷 | C107: 二配長野稻荷壽司 | E107: 25.64 | F107: 1364 | G107: =E107*F107 -> 34972.96 | I107: 11 | J107: 3600 | K107: =J107/I107 -> 327.27273 | L107: 11 | M107: =F107/V107*60 -> 3176.1966 | N107: =M107/L107 -> 288.74515 | O107: =L107-I107 -> 0 | P107: =N107-K107 -> -38.527579 | Q107: =N107/K107 -> 0.88227684 | R107: =Q123 -> 0.87371499 | S107: 0.70849537 | T107: 0.72638889 | V107: 25.766667 | AA107: =M107-J107 -> -423.80336 | AB107: =M107/J107 -> 0.88227684 | AC107: =AB123 -> 0.87371499
B108: 18℃-壽司手卷 | C108: 二配雙饗雙手卷 | E108: 29.52 | F108: 1655 | G108: =E108*F108 -> 48855.6 | I108: 12 | J108: 3600 | K108: =J108/I108 -> 300 | L108: 12 | M108: =F108/V108*60 -> 3140.7486 | N108: =M108/L108 -> 261.72905 | O108: =L108-I108 -> 0 | P108: =N108-K108 -> -38.270954 | Q108: =N108/K108 -> 0.87243015 | S108: 0.73012731 | T108: 0.75208333 | U108: 5.3833333 | V108: 31.616667 | AA108: =M108-J108 -> -459.25145 | AB108: =M108/J108 -> 0.87243015
B109: 18℃-壽司手卷 | C109: 二配海饌雙手卷 | E109: 29.85 | F109: 1826 | G109: =E109*F109 -> 54506.1 | I109: 12 | J109: 3600 | K109: =J109/I109 -> 300 | L109: 12 | M109: =F109/V109*60 -> 3140.7549 | N109: =M109/L109 -> 261.72957 | O109: =L109-I109 -> 0 | P109: =N109-K109 -> -38.270425 | Q109: =N109/K109 -> 0.87243192 | S109: 0.75563657 | T109: 0.77986111 | U109: 5.1166667 | V109: 34.883333 | AA109: =M109-J109 -> -459.2451 | AB109: =M109/J109 -> 0.87243192
B110: 18℃-飯糰 | C110: 二配兩粒飯糰(鮪魚.焦糖鮭魚) | E110: 28.57 | F110: 1207 | G110: =E110*F110 -> 34483.99 | I110: 12 | J110: 3600 | K110: =J110/I110 -> 300 | L110: 12 | M110: =F110/V110*60 -> 3123.7958 | N110: =M110/L110 -> 260.31632 | O110: =L110-I110 -> 0 | P110: =N110-K110 -> -39.683681 | Q110: =N110/K110 -> 0.86772106 | S110: 0.78402778 | T110: 0.80012731 | U110: 6 | V110: 23.183333 | AA110: =M110-J110 -> -476.20417 | AB110: =M110/J110 -> 0.86772106
B123: 平均 | I123: =AVERAGE(I107:I122) -> 11.75 | J123: =AVERAGE(J107:J122) -> 3600 | K123: =J123/I123 -> 306.38298 | L123: =AVERAGE(L107:L122) -> 11.75 | M123: =AVERAGE(M107:M122) -> 3145.374 | N123: =M123/L123 -> 267.6914 | O123: =L123-I123 -> 0 | P123: =N123-K123 -> -38.691576 | Q123: =N123/K123 -> 0.87371499 | S123: =S107 -> 0.70849537 | T123: =INDEX(T107:T122,COUNTA(T107:T122)) -> 0.80012731 | AA123: =M123-J123 -> -454.62602 | AB123: =M123/J123 -> 0.87371499
A124: (舊) 3300型飯糰線 (二配) | B124: 18℃-飯糰 | C124: 二配大飯糰滷肉飯加蛋 | E124: 22.48 | F124: 1075 | G124: =E124*F124 -> 24166 | I124: 5 | J124: 3000 | K124: =J124/I124 -> 600 | L124: 5 | M124: =F124/V124*60 -> 2672.6519 | N124: =M124/L124 -> 534.53039 | O124: =L124-I124 -> 0 | P124: =N124-K124 -> -65.469613 | Q124: =N124/K124 -> 0.89088398 | R124: =Q140 -> 0.89515369 | S124: 0.70833333 | T124: 0.72509259 | V124: 24.133333 | AA124: =M124-J124 -> -327.34807 | AB124: =M124/J124 -> 0.89088398 | AC124: =AB140 -> 0.89515369
B125: 18℃-飯糰 | C125: 二配大飯糰韓式蒜烤豬五花 | E125: 24.54 | F125: 1666 | G125: =E125*F125 -> 40883.64 | I125: 4 | J125: 3000 | K125: =J125/I125 -> 750 | L125: 4 | M125: =F125/V125*60 -> 2673.9189 | N125: =M125/L125 -> 668.47971 | O125: =L125-I125 -> 0 | P125: =N125-K125 -> -81.520285 | Q125: =N125/K125 -> 0.89130629 | S125: 0.72847222 | T125: 0.75443287 | U125: 4.8666667 | V125: 37.383333 | AA125: =M125-J125 -> -326.08114 | AB125: =M125/J125 -> 0.89130629
B126: 18℃-飯糰 | C126: 二配三杯醬爆菇菇飯糰 | E126: 16.7 | F126: 1065 | G126: =E126*F126 -> 17785.5 | I126: 3 | J126: 3300 | K126: =J126/I126 -> 1100 | L126: 3 | M126: =F126/V126*60 -> 2967.4923 | N126: =M126/L126 -> 989.16409 | O126: =L126-I126 -> 0 | P126: =N126-K126 -> -110.83591 | Q126: =N126/K126 -> 0.89924008 | S126: 0.75796296 | T126: 0.77291667 | U126: 5.0833333 | V126: 21.533333 | AA126: =M126-J126 -> -332.50774 | AB126: =M126/J126 -> 0.89924008
B127: 18℃-飯糰 | C127: 二配鹽蔥燒肉飯糰 | E127: 17.89 | F127: 4164 | G127: =E127*F127 -> 74493.96 | I127: 4 | J127: 3300 | K127: =J127/I127 -> 825 | L127: 4 | M127: =F127/V127*60 -> 2964.8734 | N127: =M127/L127 -> 741.21835 | O127: =L127-I127 -> 0 | P127: =N127-K127 -> -83.781646 | Q127: =N127/K127 -> 0.89844649 | S127: 0.77708333 | T127: 0.83560185 | U127: 6 | V127: 84.266667 | AA127: =M127-J127 -> -335.12658 | AB127: =M127/J127 -> 0.89844649
B140: 平均 | I140: =AVERAGE(I124:I139) -> 4 | J140: =AVERAGE(J124:J139) -> 3150 | K140: =J140/I140 -> 787.5 | L140: =AVERAGE(L124:L139) -> 4 | M140: =AVERAGE(M124:M139) -> 2819.7341 | N140: =M140/L140 -> 704.93353 | O140: =L140-I140 -> 0 | P140: =N140-K140 -> -82.566471 | Q140: =N140/K140 -> 0.89515369 | S140: =S124 -> 0.70833333 | T140: =INDEX(T124:T139,COUNTA(T124:T139)) -> 0.83560185 | AA140: =M140-J140 -> -330.26588 | AB140: =M140/J140 -> 0.89515369
A141: (新) 3300型飯糰機 (二配) | B141: 18℃-飯糰 | C141: 二配壹號醬炙烤牛飯糰 | E141: 22.28 | F141: 1425 | G141: =E141*F141 -> 31749 | I141: 5 | J141: 3300 | K141: =J141/I141 -> 660 | L141: 5 | M141: =F141/V141*60 -> 2967.033 | N141: =M141/L141 -> 593.40659 | O141: =L141-I141 -> 0 | P141: =N141-K141 -> -66.593407 | Q141: =N141/K141 -> 0.8991009 | R141: =Q157 -> 0.89853745 | S141: 0.70846065 | T141: 0.72847222 | V141: 28.816667 | AA141: =M141-J141 -> -332.96703 | AB141: =M141/J141 -> 0.8991009 | AC141: =AB157 -> 0.89853745
B142: 18℃-飯糰 | C142: 二配油蔥G絲飯糰 | E142: 18.18 | F142: 524 | G142: =E142*F142 -> 9526.32 | I142: 4 | J142: 3300 | K142: =J142/I142 -> 825 | L142: 4 | M142: =F142/V142*60 -> 2966.0377 | N142: =M142/L142 -> 741.50943 | O142: =L142-I142 -> 0 | P142: =N142-K142 -> -83.490566 | Q142: =N142/K142 -> 0.89879931 | S142: 0.73222222 | T142: 0.73958333 | U142: 5.4 | V142: 10.6 | AA142: =M142-J142 -> -333.96226 | AB142: =M142/J142 -> 0.89879931
B143: 18℃-飯糰 | C143: 二配雞肉飯飯糰 | E143: 16.66 | F143: 6180 | G143: =E143*F143 -> 102958.8 | I143: 4 | J143: 3300 | K143: =J143/I143 -> 825 | L143: 4 | M143: =F143/V143*60 -> 2962.4501 | N143: =M143/L143 -> 740.61252 | O143: =L143-I143 -> 0 | P143: =N143-K143 -> -84.387483 | Q143: =N143/K143 -> 0.89771214 | S143: 0.74375 | T143: 0.8306713 | U143: 6 | V143: 125.16667 | AA143: =M143-J143 -> -337.54993 | AB143: =M143/J143 -> 0.89771214
B157: 平均 | I157: =AVERAGE(I141:I156) -> 4.3333333 | J157: =AVERAGE(J141:J156) -> 3300 | K157: =J157/I157 -> 761.53846 | L157: =AVERAGE(L141:L156) -> 4.3333333 | M157: =AVERAGE(M141:M156) -> 2965.1736 | N157: =M157/L157 -> 684.27083 | O157: =L157-I157 -> 0 | P157: =N157-K157 -> -77.267633 | Q157: =N157/K157 -> 0.89853745 | S157: =S141 -> 0.70846065 | T157: =INDEX(T141:T156,COUNTA(T141:T156)) -> 0.8306713 | AA157: =M157-J157 -> -334.82641 | AB157: =M157/J157 -> 0.89853745
A158: GKK3600型 飯糰機 (二配) | B158: 18℃-飯糰 | C158: 二配經典肉鬆飯糰 | E158: 14.03 | F158: 3503 | G158: =E158*F158 -> 49147.09 | H158: 2 | I158: 3 | J158: 3000 | K158: =J158/I158 -> 1000 | L158: 3 | M158: =F158/V158*60 -> 2693.4643 | N158: =M158/L158 -> 897.82144 | O158: =L158-I158 -> 0 | P158: =N158-K158 -> -102.17856 | Q158: =N158/K158 -> 0.89782144 | R158: =Q174 -> 0.88553268 | S158: 0.70833333 | T158: 0.76252315 | V158: 78.033333 | AA158: =M158-J158 -> -306.53567 | AB158: =M158/J158 -> 0.89782144 | AC158: =AB174 -> 0.88553268
B159: 18℃-飯糰 | C159: 二配蔬食鮪魚飯糰 | E159: 18.18 | F159: 958 | G159: =E159*F159 -> 17416.44 | I159: 3 | J159: 3600 | K159: =J159/I159 -> 1200 | L159: 3 | M159: =F159/V159*60 -> 3152.468 | N159: =M159/L159 -> 1050.8227 | O159: =L159-I159 -> 0 | P159: =N159-K159 -> -149.17733 | Q159: =N159/K159 -> 0.87568556 | S159: 0.77291667 | T159: 0.7855787 | U159: 14.966667 | V159: 18.233333 | AA159: =M159-J159 -> -447.53199 | AB159: =M159/J159 -> 0.87568556
B160: 18℃-飯糰 | C160: 二配鮪魚飯糰 | E160: 14.28 | F160: 4610 | G160: =E160*F160 -> 65830.8 | H160: 2 | I160: 3 | J160: 3600 | K160: =J160/I160 -> 1200 | L160: 3 | M160: =F160/V160*60 -> 3149.1461 | N160: =M160/L160 -> 1049.7154 | O160: =L160-I160 -> 0 | P160: =N160-K160 -> -150.28463 | Q160: =N160/K160 -> 0.87476281 | S160: 0.79594907 | T160: 0.85694444 | U160: 14.933333 | V160: 87.833333 | W160: 0.85694444 | X160: 0.9100463 | AA160: =M160-J160 -> -450.85389 | AB160: =M160/J160 -> 0.87476281
B161: 18℃-飯糰 | C161: 二配經典肉鬆飯糰 | E161: 14.03 | F161: 2673 | G161: =E161*F161 -> 37502.19 | I161: 3 | J161: 3000 | K161: =J161/I161 -> 1000 | L161: 3 | M161: =F161/V161*60 -> 2693.953 | N161: =M161/L161 -> 897.98432 | O161: =L161-I161 -> 0 | P161: =N161-K161 -> -102.01568 | Q161: =N161/K161 -> 0.89798432 | S161: 0.9100463 | T161: 0.95138889 | U161: 76.466667 | V161: 59.533333 | AA161: =M161-J161 -> -306.04703 | AB161: =M161/J161 -> 0.89798432
B174: 平均 | I174: =AVERAGE(I158:I173) -> 3 | J174: =AVERAGE(J158:J173) -> 3300 | K174: =J174/I174 -> 1100 | L174: =AVERAGE(L158:L173) -> 3 | M174: =AVERAGE(M158:M173) -> 2922.2579 | N174: =M174/L174 -> 974.08595 | O174: =L174-I174 -> 0 | P174: =N174-K174 -> -125.91405 | Q174: =N174/K174 -> 0.88553268 | S174: =S158 -> 0.70833333 | T174: =INDEX(T158:T173,COUNTA(T158:T173)) -> 0.95138889 | AA174: =M174-J174 -> -377.74215 | AB174: =M174/J174 -> 0.88553268
A175: GKK3600型 飯糰機2 (二配) | B175: 18℃-飯糰 | C175: 二配芝麻香鬆飯糰 | E175: 18.18 | F175: 1614 | G175: =E175*F175 -> 29342.52 | I175: 4 | J175: 3000 | K175: =J175/I175 -> 750 | L175: 4 | M175: =F175/V175*60 -> 2694.9907 | N175: =M175/L175 -> 673.74768 | O175: =L175-I175 -> 0 | P175: =N175-K175 -> -76.252319 | Q175: =N175/K175 -> 0.89833024 | R175: =Q191 -> 0.8842535 | S175: 0.70837963 | T175: 0.73333333 | V175: 35.933333 | AA175: =M175-J175 -> -305.00928 | AB175: =M175/J175 -> 0.89833024 | AC175: =AB191 -> 0.8842535
B176: 18℃-飯糰 | C176: 二配北海道秋鮭親子飯糰 | E176: 24.82 | F176: 2216 | G176: =E176*F176 -> 55001.12 | I176: 4 | J176: 3300 | K176: =J176/I176 -> 825 | L176: 4 | M176: =F176/V176*60 -> 2935.0993 | N176: =M176/L176 -> 733.77483 | O176: =L176-I176 -> 0 | P176: =N176-K176 -> -91.225166 | Q176: =N176/K176 -> 0.88942404 | S176: 0.74375 | T176: 0.77520833 | U176: 15 | V176: 45.3 | AA176: =M176-J176 -> -364.90066 | AB176: =M176/J176 -> 0.88942404
B177: 18℃-飯糰 | C177: 二配熟成紅鮭飯糰 | E177: 25.03 | F177: 1548 | G177: =E177*F177 -> 38746.44 | I177: 4 | J177: 3300 | K177: =J177/I177 -> 825 | L177: 4 | M177: =F177/V177*60 -> 2933.0526 | N177: =M177/L177 -> 733.26316 | O177: =L177-I177 -> 0 | P177: =N177-K177 -> -91.736842 | Q177: =N177/K177 -> 0.88880383 | S177: 0.78634259 | T177: 0.80833333 | U177: 16.033333 | V177: 31.666667 | AA177: =M177-J177 -> -366.94737 | AB177: =M177/J177 -> 0.88880383
B178: 18℃-飯糰 | C178: 二配明太子龍蝦風味沙拉飯糰 | E178: 18.18 | F178: 2991 | G178: =E178*F178 -> 54376.38 | I178: 3 | J178: 3600 | K178: =J178/I178 -> 1200 | L178: 3 | M178: =F178/V178*60 -> 3146.5809 | N178: =M178/L178 -> 1048.8603 | O178: =L178-I178 -> 0 | P178: =N178-K178 -> -151.13968 | Q178: =N178/K178 -> 0.87405026 | S178: 0.81875 | T178: 0.85835648 | U178: 15 | V178: 57.033333 | W178: 0.85835648 | X178: 0.91142361 | AA178: =M178-J178 -> -453.41905 | AB178: =M178/J178 -> 0.87405026
B179: 18℃-飯糰 | C179: 二配鮪魚飯糰 | E179: 14.28 | F179: 3227 | G179: =E179*F179 -> 46081.56 | I179: 3 | J179: 3600 | K179: =J179/I179 -> 1200 | L179: 3 | M179: =F179/V179*60 -> 3145.7352 | N179: =M179/L179 -> 1048.5784 | O179: =L179-I179 -> 0 | P179: =N179-K179 -> -151.42161 | Q179: =N179/K179 -> 0.87381533 | S179: 0.91142361 | T179: 0.95416667 | U179: 76.416667 | V179: 61.55 | AA179: =M179-J179 -> -454.26483 | AB179: =M179/J179 -> 0.87381533
B191: 平均 | I191: =AVERAGE(I175:I190) -> 3.6 | J191: =AVERAGE(J175:J190) -> 3360 | K191: =J191/I191 -> 933.33333 | L191: =AVERAGE(L175:L190) -> 3.6 | M191: =AVERAGE(M175:M190) -> 2971.0918 | N191: =M191/L191 -> 825.30327 | O191: =L191-I191 -> 0 | P191: =N191-K191 -> -108.03007 | Q191: =N191/K191 -> 0.8842535 | S191: =S175 -> 0.70837963 | T191: =INDEX(T175:T190,COUNTA(T175:T190)) -> 0.95416667 | AA191: =M191-J191 -> -388.90824 | AB191: =M191/J191 -> 0.8842535
Y193: 原因回覆
Y194: 1.當日出勤人數較多
Y195: 2.當日出勤人數較少
Y196: 3.當日出勤熟手較多
Y197: 4.當日出勤新人較多
Y198: 5.機台夾盒
Y199: 6.封膜不順
Y200: 7.更換膠膜
Y201: 8.更換碳帶
Y202: 9.當日熱轉印碳帶異常
Y203: 10.訂單量過少
Y204: 11.新品上市，尚未熟悉
Y205: 12.活動期間品項需貼標

Sheet 0227(4度C)
A1: 大溪廠日報分析 | C1: 總生產量 | D1: =SUM(F5:F106) -> 40039 | E1: 營業額 | F1: =SUM(G5:G106) -> 2022333.6 | G1: 出勤人數 | H1: =L21+L38+L55+L72+L89+L106 -> 112.68333 | I1: 產線配置圖 | L1: 生產實績 | O1: 人時性差異分析 | S1: 日報登錄 | Y1: 合計次數 | Z1: 合計(時間/分) | AA1: 產線異常 分析說明(5分鐘以上) | AC1: 合計次數 | AD1: 合計(時間/分) | AE1: 產能差異分析
A2: 46080 | C2: 人時性 | D2: =AVERAGE(N21,N38,N55,N72,N89,N106) -> 150.40541 | E2: 平均廠價 | F2: =F1/D1 -> 50.509093 | G2: 多次生產數 | H2: =COUNT(H5:H106) -> 0 | Y2: =SUM(Y21,Y38,Y55,Y72,Y89,Y106) -> 0 | Z2: =SUM(Z21,Z38,Z55,Z72,Z89,Z106) -> 0 | AC2: =SUM(AC21,AC38,AC55,AC72,AC89,AC106) -> 0 | AD2: =SUM(AD21,AD38,AD55,AD72,AD89,AD106) -> 0
A3: 線別 | B3: 品類 | C3: 品名 | E3: 廠價 | F3: 生產量 | G3: 營收 | H3: 多次 生產 | I3: 人數 | J3: 產能/時 | K3: 人時性 | L3: 人數 | M3: 產能/時 | N3: 人時性 | O3: 人數 | P3: 人時性 | Q3: 達成率 | R3: 達成率 平均 | S3: 生產時間 | U3: 換線、休息/分 | V3: 稼動時間/分 | W3: 休息時間 | Y3: 產線異常統計(5分鐘以上) | AA3: (屏榮回填) | AC3: 短暫停線統計(5分鐘以下) | AE3: 產能/時 | AF3: 達成率 | AG3: 達成率平均
S4: 開始 | T4: 結束 | W4: 開始 | X4: 結束 | Y4: 次數 | Z4: 時間/分 | AC4: 總次數 | AD4: 設備因素(次數)
A5: 涼麵一線 | B5: 便當 | C5: 經典滷肉飯 | E5: 47.37 | F5: 1470 | G5: =E5*F5 -> 69633.9 | I5: 21 | J5: 2000 | K5: =J5/I5 -> 95.238095 | L5: 21 | M5: =F5/V5*60 -> 1782.4183 | N5: =M5/L5 -> 84.877063 | O5: =L5-I5 -> 0 | P5: =N5-K5 -> -10.361032 | Q5: =N5/K5 -> 0.89120916 | R5: =Q21 -> 0.89611881 | S5: 0.25 | T5: 0.28436343 | V5: 49.483333 | AE5: =M5-J5 -> -217.58168 | AF5: =M5/J5 -> 0.89120916 | AG5: =AF21 -> 0.90449376
B6: 便當 | C6: 蔬活腿排補力餐盒 | E6: 71.55 | F6: 1731 | G6: =E6*F6 -> 123853.05 | I6: 22 | J6: 2000 | K6: =J6/I6 -> 90.909091 | L6: 22 | M6: =F6/V6*60 -> 1784.0252 | N6: =M6/L6 -> 81.092054 | O6: =L6-I6 -> 0 | P6: =N6-K6 -> -9.8170367 | Q6: =N6/K6 -> 0.8920126 | S6: 0.2875 | T6: 0.32792824 | U6: 4.5166667 | V6: 58.216667 | AE6: =M6-J6 -> -215.97481 | AF6: =M6/J6 -> 0.8920126
B7: 便當 | C7: 海陸雙拼肉肉餐盒 | E7: 59.54 | F7: 2117 | G7: =E7*F7 -> 126046.18 | I7: 23 | J7: 2000 | K7: =J7/I7 -> 86.956522 | L7: 23 | M7: =F7/V7*60 -> 1782.3199 | N7: =M7/L7 -> 77.492171 | O7: =L7-I7 -> 0 | P7: =N7-K7 -> -9.4643511 | Q7: =N7/K7 -> 0.89115996 | S7: 0.33194444 | T7: 0.38143519 | U7: 5.7833333 | V7: 71.266667 | AE7: =M7-J7 -> -217.68007 | AF7: =M7/J7 -> 0.89115996
B8: 便當 | C8: 香腸腿排雙拼便當 | E8: 53.76 | F8: 2215 | G8: =E8*F8 -> 119078.4 | I8: 20 | J8: 2000 | K8: =J8/I8 -> 100 | L8: 20 | M8: =F8/V8*60 -> 1784.2918 | N8: =M8/L8 -> 89.214589 | O8: =L8-I8 -> 0 | P8: =N8-K8 -> -10.785411 | Q8: =N8/K8 -> 0.89214589 | S8: 0.38472222 | T8: 0.43644676 | U8: 4.7333333 | V8: 74.483333 | W8: 0.43644676 | X8: 0.47525463 | AE8: =M8-J8 -> -215.70821 | AF8: =M8/J8 -> 0.89214589
B9: 4℃-飯糰 | C9: 麻油雞飯糰 | E9: 29.97 | F9: 1910 | G9: =E9*F9 -> 57242.7 | I9: 21 | J9: 2790 | K9: =J9/I9 -> 132.85714 | L9: 22 | M9: =F9/V9*60 -> 2626.4324 | N9: =M9/L9 -> 119.38329 | O9: =L9-I9 -> 1 | P9: =N9-K9 -> -13.473852 | Q9: =N9/K9 -> 0.89858391 | S9: 0.47525463 | T9: 0.50555556 | U9: 55.883333 | V9: 43.633333 | AE9: =M9-J9 -> -163.56761 | AF9: =M9/J9 -> 0.94137362
B21: 平均 | I21: =AVERAGE(I5:I20) -> 21.4 | J21: =AVERAGE(J5:J20) -> 2158 | K21: =J21/I21 -> 100.84112 | L21: =AVERAGE(L5:L20) -> 21.6 | M21: =AVERAGE(M5:M20) -> 1951.8975 | N21: =M21/L21 -> 90.365626 | O21: =L21-I21 -> 0.2 | P21: =N21-K21 -> -10.475495 | Q21: =N21/K21 -> 0.89611881 | S21: =S5 -> 0.25 | T21: =INDEX(T5:T20,COUNTA(T5:T20)) -> 0.50555556 | Y21: =SUM(Y5:Y20) -> 0 | Z21: =SUM(Z5:Z20) -> 0 | AC21: =SUM(AC5:AC20) -> 0 | AD21: =SUM(AD5:AD20) -> 0 | AE21: =M21-J21 -> -206.10248 | AF21: =M21/J21 -> 0.90449376
A22: 涼麵二線 | B22: 微波主食 | C22: 糖燻野郎三十天熟成牛飯 | E22: 56.77 | F22: 3602 | G22: =E22*F22 -> 204485.54 | I22: 25 | J22: 2000 | K22: =J22/I22 -> 80 | L22: 25 | M22: =F22/V22*60 -> 1782.678 | N22: =M22/L22 -> 71.307121 | O22: =L22-I22 -> 0 | P22: =N22-K22 -> -8.6928787 | Q22: =N22/K22 -> 0.89133902 | R22: =Q38 -> 0.8918044 | S22: 0.25 | T22: 0.33418981 | V22: 121.23333 | AE22: =M22-J22 -> -217.32197 | AF22: =M22/J22 -> 0.89133902 | AG22: =AF38 -> 0.8918044
B23: 便當 | C23: 嫩烤香料雞胸排蔬滿盒 | E23: 77.34 | F23: 1434 | G23: =E23*F23 -> 110905.56 | I23: 24 | J23: 2000 | K23: =J23/I23 -> 83.333333 | L23: 24 | M23: =F23/V23*60 -> 1784.4452 | N23: =M23/L23 -> 74.351884 | O23: =L23-I23 -> 0 | P23: =N23-K23 -> -8.9814495 | Q23: =N23/K23 -> 0.89222261 | S23: 0.3375 | T23: 0.3709838 | U23: 4.7666667 | V23: 48.216667 | AE23: =M23-J23 -> -215.55479 | AF23: =M23/J23 -> 0.89222261
B24: 便當 | C24: 健身G肉餐盒 | E24: 59.52 | F24: 3160 | G24: =E24*F24 -> 188083.2 | I24: 25 | J24: 2000 | K24: =J24/I24 -> 80 | L24: 25 | M24: =F24/V24*60 -> 1783.3516 | N24: =M24/L24 -> 71.334065 | O24: =L24-I24 -> 0 | P24: =N24-K24 -> -8.6659351 | Q24: =N24/K24 -> 0.89167581 | S24: 0.37430556 | T24: 0.44813657 | U24: 4.7833333 | V24: 106.31667 | AE24: =M24-J24 -> -216.64838 | AF24: =M24/J24 -> 0.89167581
B25: 便當 | C25: 福氣魚四喜開運便當 | E25: 65.4 | F25: 170 | G25: =E25*F25 -> 11118 | I25: 24 | J25: 2000 | K25: =J25/I25 -> 83.333333 | L25: 24 | M25: =F25/V25*60 -> 1784.2566 | N25: =M25/L25 -> 74.344023 | O25: =L25-I25 -> 0 | P25: =N25-K25 -> -8.98931 | Q25: =N25/K25 -> 0.89212828 | S25: 0.45158565 | T25: 0.45555556 | U25: 4.9666667 | V25: 5.7166667 | W25: 0.45555556 | X25: 0.49375 | AE25: =M25-J25 -> -215.74344 | AF25: =M25/J25 -> 0.89212828
B26: 便當 | C26: 美式雞丁餐盒 | E26: 59.34 | F26: 961 | G26: =E26*F26 -> 57025.74 | I26: 24 | J26: 2000 | K26: =J26/I26 -> 83.333333 | L26: 24 | M26: =F26/V26*60 -> 1785.1393 | N26: =M26/L26 -> 74.380805 | O26: =L26-I26 -> 0 | P26: =N26-K26 -> -8.9525284 | Q26: =N26/K26 -> 0.89256966 | S26: 0.49375 | T26: 0.51618056 | U26: 55 | V26: 32.3 | AE26: =M26-J26 -> -214.86068 | AF26: =M26/J26 -> 0.89256966
B27: 便當 | C27: 烤蛋白餐盒 | E27: 58.67 | F27: 2494 | G27: =E27*F27 -> 146322.98 | I27: 23 | J27: 2000 | K27: =J27/I27 -> 86.956522 | L27: 23 | M27: =F27/V27*60 -> 1781.7821 | N27: =M27/L27 -> 77.468787 | O27: =L27-I27 -> 0 | P27: =N27-K27 -> -9.4877348 | Q27: =N27/K27 -> 0.89089105 | S27: 0.52015046 | T27: 0.57847222 | U27: 5.7166667 | V27: 83.983333 | AE27: =M27-J27 -> -218.2179 | AF27: =M27/J27 -> 0.89089105
B38: 平均 | I38: =AVERAGE(I22:I37) -> 24.166667 | J38: =AVERAGE(J22:J37) -> 2000 | K38: =J38/I38 -> 82.758621 | L38: =AVERAGE(L22:L37) -> 24.166667 | M38: =AVERAGE(M22:M37) -> 1783.6088 | N38: =M38/L38 -> 73.804502 | O38: =L38-I38 -> 0 | P38: =N38-K38 -> -8.9541183 | Q38: =N38/K38 -> 0.8918044 | S38: =S22 -> 0.25 | T38: =INDEX(T22:T37,COUNTA(T22:T37)) -> 0.57847222 | Y38: =SUM(Y22:Y37) -> 0 | Z38: =SUM(Z22:Z37) -> 0 | AC38: =SUM(AC22:AC37) -> 0 | AD38: =SUM(AD22:AD37) -> 0 | AE38: =M38-J38 -> -216.39119 | AF38: =M38/J38 -> 0.8918044
A39: 涼麵三線 | B39: 微波小吃 | C39: 日式茶碗蒸 | E39: 19.7 | F39: 3165 | G39: =E39*F39 -> 62350.5 | I39: 13 | J39: 1200 | K39: =J39/I39 -> 92.307692 | L39: 13 | M39: =F39/V39*60 -> 1079.5907 | N39: =M39/L39 -> 83.045437 | O39: =L39-I39 -> 0 | P39: =N39-K39 -> -9.2622557 | Q39: =N39/K39 -> 0.8996589 | R39: =Q55 -> 0.89405911 | S39: 0.25006944 | T39: 0.37222222 | V39: 175.9 | AE39: =M39-J39 -> -120.40932 | AF39: =M39/J39 -> 0.8996589 | AG39: =AF55 -> 0.89405911
B40: 季節調理麵 | C40: 東京豚骨風味拉麵 | E40: 71.84 | F40: 826 | G40: =E40*F40 -> 59339.84 | I40: 19 | J40: 1800 | K40: =J40/I40 -> 94.736842 | L40: 19 | M40: =F40/V40*60 -> 1607.3514 | N40: =M40/L40 -> 84.59744 | O40: =L40-I40 -> 0 | P40: =N40-K40 -> -10.139403 | Q40: =N40/K40 -> 0.89297297 | S40: 0.37581019 | T40: 0.39722222 | U40: 5.1666667 | V40: 30.833333 | AE40: =M40-J40 -> -192.64865 | AF40: =M40/J40 -> 0.89297297
B41: 季節調理麵 | C41: 鴻運番茄湯麵 | E41: 56.43 | F41: 1052 | G41: =E41*F41 -> 59364.36 | I41: 19 | J41: 1800 | K41: =J41/I41 -> 94.736842 | L41: 19 | M41: =F41/V41*60 -> 1606.7883 | N41: =M41/L41 -> 84.567805 | O41: =L41-I41 -> 0 | P41: =N41-K41 -> -10.169037 | Q41: =N41/K41 -> 0.89266016 | S41: 0.40138889 | T41: 0.42866898 | U41: 6 | V41: 39.283333 | AE41: =M41-J41 -> -193.21171 | AF41: =M41/J41 -> 0.89266016
B42: 微波小吃 | C42: 韓式部隊鍋 | E42: 57.73 | F42: 1037 | G42: =E42*F42 -> 59866.01 | I42: 22 | J42: 1800 | K42: =J42/I42 -> 81.818182 | L42: 22 | M42: =F42/V42*60 -> 1607.0598 | N42: =M42/L42 -> 73.048174 | O42: =L42-I42 -> 0 | P42: =N42-K42 -> -8.7700074 | Q42: =N42/K42 -> 0.89281102 | S42: 0.4321412 | T42: 0.45902778 | U42: 5 | V42: 38.716667 | AE42: =M42-J42 -> -192.94016 | AF42: =M42/J42 -> 0.89281102
B55: 平均 | I55: =AVERAGE(I39:I54) -> 18.25 | J55: =AVERAGE(J39:J54) -> 1650 | K55: =J55/I55 -> 90.410959 | L55: =AVERAGE(L39:L54) -> 18.25 | M55: =AVERAGE(M39:M54) -> 1475.1975 | N55: =M55/L55 -> 80.832742 | O55: =L55-I55 -> 0 | P55: =N55-K55 -> -9.5782171 | Q55: =N55/K55 -> 0.89405911 | S55: =S39 -> 0.25006944 | T55: =INDEX(T39:T54,COUNTA(T39:T54)) -> 0.45902778 | Y55: =SUM(Y39:Y54) -> 0 | Z55: =SUM(Z39:Z54) -> 0 | AC55: =SUM(AC39:AC54) -> 0 | AD55: =SUM(AD39:AD54) -> 0 | AE55: =M55-J55 -> -174.80246 | AF55: =M55/J55 -> 0.89405911
A56: 自動包裝機 | B56: 4℃-壽司手卷 | C56: 香料咖哩烤雞飯卷 | E56: 26.21 | F56: 1622 | G56: =E56*F56 -> 42512.62 | I56: 6 | J56: 3273 | K56: =J56/I56 -> 545.5 | L56: 6 | M56: =F56/V56*60 -> 2807.3077 | N56: =M56/L56 -> 467.88462 | O56: =L56-I56 -> 0 | P56: =N56-K56 -> -77.615385 | Q56: =N56/K56 -> 0.85771699 | R56: =Q72 -> 0.87331672 | S56: 0.40925926 | T56: 0.43333333 | U56: 5.3333333 | V56: 34.666667 | AE56: =M56-J56 -> -465.69231 | AF56: =M56/J56 -> 0.85771699 | AG56: =AF72 -> 0.87331672
B57: 4℃-飯糰 | C57: 蟹味可樂餅風炸飯糰 | E57: 21.92 | F57: 2186 | G57: =E57*F57 -> 47917.12 | I57: 6 | J57: 3600 | K57: =J57/I57 -> 600 | L57: 6 | M57: =F57/V57*60 -> 3092.1807 | N57: =M57/L57 -> 515.36346 | O57: =L57-I57 -> 0 | P57: =N57-K57 -> -84.636542 | Q57: =N57/K57 -> 0.8589391 | S57: 0.43680556 | T57: 0.46626157 | U57: 5 | V57: 42.416667 | AE57: =M57-J57 -> -507.81925 | AF57: =M57/J57 -> 0.8589391
B58: 4℃-壽司手卷 | C58: 明太子泡菜牛飯卷 | E58: 27.05 | F58: 445 | G58: =E58*F58 -> 12037.25 | I58: 6 | J58: 3273 | K58: =J58/I58 -> 545.5 | L58: 6 | M58: =F58/V58*60 -> 2961.183 | N58: =M58/L58 -> 493.5305 | O58: =L58-I58 -> 0 | P58: =N58-K58 -> -51.969501 | Q58: =N58/K58 -> 0.90473052 | S58: 0.47013889 | T58: 0.47640046 | U58: 5.5833333 | V58: 9.0166667 | AE58: =M58-J58 -> -311.81701 | AF58: =M58/J58 -> 0.90473052
B72: 平均 | I72: =AVERAGE(I56:I71) -> 6 | J72: =AVERAGE(J56:J71) -> 3382 | K72: =J72/I72 -> 563.66667 | L72: =AVERAGE(L56:L71) -> 6 | M72: =AVERAGE(M56:M71) -> 2953.5571 | N72: =M72/L72 -> 492.25952 | O72: =L72-I72 -> 0 | P72: =N72-K72 -> -71.407143 | Q72: =N72/K72 -> 0.87331672 | S72: =S56 -> 0.40925926 | T72: =INDEX(T56:T71,COUNTA(T56:T71)) -> 0.47640046 | Y72: =SUM(Y56:Y71) -> 0 | Z72: =SUM(Z56:Z71) -> 0 | AC72: =SUM(AC56:AC71) -> 0 | AD72: =SUM(AD56:AD71) -> 0 | AE72: =M72-J72 -> -428.44286 | AF72: =M72/J72 -> 0.87331672
A73: 涼麵一線 (二配) | B73: 微波主食 | C73: 二配里肌豬排可可咖哩歐姆蛋飯 | E73: 56.79 | F73: 1623 | G73: =E73*F73 -> 92170.17 | I73: 23 | J73: 2000 | K73: =J73/I73 -> 86.956522 | L73: 23 | M73: =F73/V73*60 -> 1783.5165 | N73: =M73/L73 -> 77.544195 | O73: =L73-I73 -> 0 | P73: =N73-K73 -> -9.4123268 | Q73: =N73/K73 -> 0.89175824 | R73: =Q89 -> 0.89124602 | S73: 0.70861111 | T73: 0.74652778 | V73: 54.6 | AE73: =M73-J73 -> -216.48352 | AF73: =M73/J73 -> 0.89175824 | AG73: =AF89 -> 0.89124602
B74: 微波主食 | C74: 二配黃金雞排蘑菇白醬歐姆蛋飯 | E74: 56.87 | F74: 1386 | G74: =E74*F74 -> 78821.82 | I74: 23 | J74: 2000 | K74: =J74/I74 -> 86.956522 | L74: 23 | M74: =F74/V74*60 -> 1782.6367 | N74: =M74/L74 -> 77.505942 | O74: =L74-I74 -> 0 | P74: =N74-K74 -> -9.4505802 | Q74: =N74/K74 -> 0.89131833 | S74: 0.7509375 | T74: 0.78333333 | U74: 6.35 | V74: 46.65 | AE74: =M74-J74 -> -217.36334 | AF74: =M74/J74 -> 0.89131833
B75: 微波主食 | C75: 二配哞哞培根奶香海陸焗飯 | E75: 47.6 | F75: 1526 | G75: =E75*F75 -> 72637.6 | I75: 23 | J75: 2000 | K75: =J75/I75 -> 86.956522 | L75: 23 | M75: =F75/V75*60 -> 1781.323 | N75: =M75/L75 -> 77.448824 | O75: =L75-I75 -> 0 | P75: =N75-K75 -> -9.5076975 | Q75: =N75/K75 -> 0.89066148 | S75: 0.78680556 | T75: 0.8225 | U75: 5 | V75: 51.4 | AE75: =M75-J75 -> -218.67704 | AF75: =M75/J75 -> 0.89066148
B89: 平均 | I89: =AVERAGE(I73:I88) -> 23 | J89: =AVERAGE(J73:J88) -> 2000 | K89: =J89/I89 -> 86.956522 | L89: =AVERAGE(L73:L88) -> 23 | M89: =AVERAGE(M73:M88) -> 1782.492 | N89: =M89/L89 -> 77.499654 | O89: =L89-I89 -> 0 | P89: =N89-K89 -> -9.4568682 | Q89: =N89/K89 -> 0.89124602 | S89: =S73 -> 0.70861111 | T89: =INDEX(T73:T88,COUNTA(T73:T88)) -> 0.8225 | Y89: =SUM(Y73:Y88) -> 0 | Z89: =SUM(Z73:Z88) -> 0 | AC89: =SUM(AC73:AC88) -> 0 | AD89: =SUM(AD73:AD88) -> 0 | AE89: =M89-J89 -> -217.50797 | AF89: =M89/J89 -> 0.89124602
A90: 涼麵二線 (二配) | B90: 微波主食 | C90: 二配西班牙風味海鮮燉飯 | E90: 57.3 | F90: 1126 | G90: =E90*F90 -> 64519.8 | I90: 21 | J90: 2000 | K90: =J90/I90 -> 95.238095 | L90: 21 | M90: =F90/V90*60 -> 1784.1549 | N90: =M90/L90 -> 84.959759 | O90: =L90-I90 -> 0 | P90: =N90-K90 -> -10.278337 | Q90: =N90/K90 -> 0.89207746 | R90: =Q106 -> 0.89181978 | S90: 0.70842593 | T90: 0.73472222 | V90: 37.866667 | AE90: =M90-J90 -> -215.84507 | AF90: =M90/J90 -> 0.89207746 | AG90: =AF106 -> 0.89181978
B91: 微波主食 | C91: 二配失控起司薯餅焗飯 | E91: 54.09 | F91: 1169 | G91: =E91*F91 -> 63231.21 | I91: 19 | J91: 2000 | K91: =J91/I91 -> 105.26316 | L91: 19 | M91: =F91/V91*60 -> 1783.9763 | N91: =M91/L91 -> 93.893487 | O91: =L91-I91 -> 0 | P91: =N91-K91 -> -11.36967 | Q91: =N91/K91 -> 0.89198813 | S91: 0.73819444 | T91: 0.76549769 | U91: 5 | V91: 39.316667 | AE91: =M91-J91 -> -216.02374 | AF91: =M91/J91 -> 0.89198813
B92: 微波主食 | C92: 二配蒙古風味烤肉飯 | E92: 58.17 | F92: 1612 | G92: =E92*F92 -> 93770.04 | I92: 19 | J92: 1800 | K92: =J92/I92 -> 94.736842 | L92: 19 | M92: =F92/V92*60 -> 1604.4236 | N92: =M92/L92 -> 84.443345 | O92: =L92-I92 -> 0 | P92: =N92-K92 -> -10.293497 | Q92: =N92/K92 -> 0.89134642 | S92: 0.76944444 | T92: 0.81130787 | U92: 5.6833333 | V92: 60.283333 | AE92: =M92-J92 -> -195.57644 | AF92: =M92/J92 -> 0.89134642
B106: 平均 | I106: =AVERAGE(I90:I105) -> 19.666667 | J106: =AVERAGE(J90:J105) -> 1933.3333 | K106: =J106/I106 -> 98.305085 | L106: =AVERAGE(L90:L105) -> 19.666667 | M106: =AVERAGE(M90:M105) -> 1724.1849 | N106: =M106/L106 -> 87.670419 | O106: =L106-I106 -> 0 | P106: =N106-K106 -> -10.634665 | Q106: =N106/K106 -> 0.89181978 | S106: =S90 -> 0.70842593 | T106: =INDEX(T90:T105,COUNTA(T90:T105)) -> 0.81130787 | Y106: =SUM(Y90:Y105) -> 0 | Z106: =SUM(Z90:Z105) -> 0 | AC106: =SUM(AC90:AC105) -> 0 | AD106: =SUM(AD90:AD105) -> 0 | AE106: =M106-J106 -> -209.14842 | AF106: =M106/J106 -> 0.89181978
AA108: 原因回覆
AA109: 1.當日出勤人數較多
AA110: 2.當日出勤人數較少
AA111: 3.當日出勤熟手較多
AA112: 4.當日出勤新人較多
AA113: 5.機台夾盒
AA114: 6.封膜不順
AA115: 7.更換膠膜
AA116: 8.更換碳帶
AA117: 9.當日熱轉印碳帶異常
AA118: 10.訂單量過少
AA119: 11.新品上市，尚未熟悉
AA120: 12.活動期間品項需貼標

Sheet 0226
B1: 屏榮 大溪廠組合室生產人時性分析
B3: 日期 | C3: 115.02.26星期四 | E3: 訂單量 | F3: ='0226(18度C)'!D1+'0226(4度C)'!D1 -> 129387 | H3: 營業額 | I3: ='0226(18度C)'!F1+'0226(4度C)'!F1 -> 3909306.8
B4: 人時性 | C4: 項目 | E4: ➀ | G4: ➁ | I4: ➂ | K4: ④ | M4: ⑤ | O4: 異常停線 | Q4: 短暫停線
C5: 組合室 | E5: 全溫層 | G5: 4度C-各編組展開(一配) | I5: 4度C-各編組展開(二配) | K5: 18度C-各編組展開(一配) | M5: 18度C-各編組展開(二配) | O5: 合計次數 | P5: 時間 | Q5: 合計次數 | R5: 設備次數
C6: 排關平均 | E6: =AVERAGE(D14:O14,D32:X32) -> 522.32648 | F6: =AVERAGE(#REF!,D14:K14) -> #REF! | G6: =AVERAGE(D14:K14) -> 184.99717 | I6: =AVERAGE(L14:O14) -> 92.845349 | K6: =AVERAGE(D32:O32) -> 733.74087 | M6: =AVERAGE(P32:X32) -> 777.75095 | O6: ='0226(4度C)'!Y2 -> 0 | P6: ='0226(4度C)'!Z2 -> 0 | Q6: ='0226(4度C)'!AC2 -> 0 | R6: ='0226(4度C)'!AD2 -> 0
C7: 實績平均 | E7: =AVERAGE(D15:O15,D33:X33) -> 463.62331 | F7: =AVERAGE(#REF!,D15:K15) -> #REF! | G7: =AVERAGE(D15:K15) -> 161.76483 | I7: =AVERAGE(L15:O15) -> 82.78269 | K7: =AVERAGE(D33:O33) -> 652.67959 | M7: =AVERAGE(P33:X33) -> 690.95051
C8: 達成率平均 | E8: =AVERAGE(D16:O16,D34:X34) -> 0.88815194 | F8: =AVERAGE(D16:K16,#REF!) -> #REF! | G8: =AVERAGE(D16:K16) -> 0.88623448 | I8: =AVERAGE(L16:O16) -> 0.89159877 | K8: =AVERAGE(D34:O34) -> 0.8894675 | M8: =AVERAGE(P34:X34) -> 0.88711199
O9: ※現行日本鮮食廠以達成率80%為基本(即為現行KPI)
B11: 溫層 | D11: ➁4度C-各編組展開 | L11: ➂4度C-各編組展開
B12: 編組 | D12: 1 | E12: 2 | F12: 3 | G12: 4 | H12: 5 | I12: 6 | J12: 7 | K12: 8 | L12: 1 | M12: 2 | N12: 3 | O12: 4
D13: 便當一線 | E13: 便當二線 | F13: 涼麵一線 | G13: 涼麵二線 | H13: 涼麵三線 | I13: 自動包裝機 | J13: 自動包裝機2 | K13: 自動包裝機3 | L13: 便當一線 | M13: 便當二線 | N13: 涼麵一線 | O13: 涼麵二線
B14: 人時性 | C14: 排關 | D14: - | E14: 81.081081 | F14: 95.238095 | G14: 85.106383 | H14: 99.893617 | I14: 563.66667 | J14: - | K14: - | L14: - | M14: - | N14: 86.956522 | O14: 98.734177
C15: 實績 | D15: - | E15: 72.31029 | F15: 84.923317 | G15: 75.881295 | H15: 89.197615 | I15: 486.51161 | J15: - | K15: - | L15: - | M15: - | N15: 77.502418 | O15: 88.062961
C16: 達成率 | D16: - | E16: =E15/E14 -> 0.89182691 | F16: =F15/F14 -> 0.89169483 | G16: =G15/G14 -> 0.89160522 | H16: =H15/H14 -> 0.89292607 | I16: =I15/I14 -> 0.86311935 | J16: - | K16: - | L16: - | M16: - | N16: =N15/N14 -> 0.89127781 | O16: =O15/O14 -> 0.89191974
B17: 作業 時間 | C17: 開始 | D17: - | E17: 0.29166667 | F17: 0.29166667 | G17: 0.29166667 | H17: 0.25 | I17: 0.31527778 | J17: - | K17: - | L17: - | M17: - | N17: 0.70859954 | O17: 0.70833333
C18: 結束 | D18: - | E18: 0.54594907 | F18: 0.44375 | G18: 0.46758102 | H18: 0.54513889 | I18: 0.43125 | J18: - | K18: - | L18: - | M18: - | N18: 0.81041667 | O18: 0.8084375
B19: 產線異常 (5分鐘以上) | C19: 次數
C20: 時間/分
B21: 短暫停線 (5分鐘以下) | C21: 次數
C22: 設備次數
B23: 配置人數 | D23: - | E23: 24.666667 | F23: 21 | G23: 23.5 | H23: 18.8 | I23: 6 | J23: - | K23: - | L23: - | M23: - | N23: 23 | O23: 19.75
B24: 主要應用設備 | D24: L型封口機 | E24: ET-55 | F24: ET-55 | G24: ET-55 | H24: ET-600 | I24: 伺服包裝機 | J24: 伺服包裝機 | K24: 伺服包裝機 | L24: L型封口機 | M24: ET-55 | N24: ET-55 | O24: ET-55
B25: 次要應用設備 | D25: 伺服包裝機 | H25: 伺服包裝機
B26: 備註 | H26: 涼麵+烤飯糰 | I26: 大口飯糰線 | K26: 烤飯糰+手卷
B29: 溫層 | D29: ➃18度C-各編組展開 (一配) | P29: ⑤18度C-各編組展開 (二配)
B30: 編組 | D30: 1 | E30: 2 | F30: 3 | G30: 4 | H30: 5 | I30: 6 | J30: 7 | K30: 8 | L30: 9 | M30: 10 | N30: 11 | O30: 12 | P30: 1 | Q30: 2 | R30: 3 | S30: 4 | T30: 5 | U30: 6 | V30: 7 | W30: 8 | X30: 9
D31: 便當一線 | E31: 涼麵一線 | F31: 涼麵三線 | G31: 自動包裝機 | H31: 自動包裝機2 | I31: 自動包裝機3 | J31: 味付飯糰線B | K31: (舊) 3300型飯糰線 | L31: 3000型飯糰線 | M31: (新) 3300型飯糰機 | N31: GKK3600型 飯糰機 | O31: GKK3600型 飯糰機2 | P31: 自動包裝機 | Q31: 自動包裝機2 | R31: 自動包裝機3 | S31: 味付飯糰線B | T31: (舊) 3300型飯糰線 | U31: 3000型飯糰線 | V31: (新) 3300型飯糰機 | W31: GKK3600型 飯糰機 | X31: GKK3600型 飯糰機2
B32: 人時性 | C32: 排關 | D32: - | E32: - | F32: - | G32: 306.38298 | H32: 433.33333 | I32: - | J32: - | K32: 761.53846 | L32: - | M32: 825 | N32: 1133.3333 | O32: 942.85714 | P32: 306.38298 | Q32: - | R32: - | S32: - | T32: 787.5 | U32: - | V32: 761.53846 | W32: 1100 | X32: 933.33333
C33: 實績 | D33: - | E33: - | F33: - | G33: 267.69682 | H33: 390.04532 | I33: - | J33: - | K33: 684.50689 | L33: - | M33: 740.1055 | N33: 997.65418 | O33: 836.06883 | P33: 267.66319 | Q33: - | R33: - | S33: - | T33: 704.91709 | U33: - | V33: 683.9882 | W33: 973.20534 | X33: 824.97875
C34: 達成率 | D34: - | E34: - | F34: - | G34: =G33/G32 -> 0.87373267 | H34: =H33/H32 -> 0.90010458 | I34: - | J34: - | K34: =K33/K32 -> 0.89884743 | L34: - | M34: =M33/M32 -> 0.89709758 | N34: =N33/N32 -> 0.8802831 | O34: =O33/O32 -> 0.88673967 | P34: =P33/P32 -> 0.87362291 | Q34: - | R34: - | S34: - | T34: =T33/T32 -> 0.89513281 | U34: - | V34: =V33/V32 -> 0.89816632 | W34: =W33/W32 -> 0.88473213 | X34: =X33/X32 -> 0.88390581
B35: 作業 時間 | C35: 開始 | D35: - | E35: - | F35: - | G35: 0.20833333 | H35: 0.29166667 | I35: - | J35: - | K35: 0.39614583 | L35: - | M35: 0.29166667 | N35: 0.29185185 | O35: 0.29166667 | P35: 0.70835648 | Q35: - | R35: - | S35: - | T35: 0.70833333 | U35: - | V35: 0.70833333 | W35: 0.70846065 | X35: 0.70833333
C36: 結束 | D36: - | E36: - | F36: - | G36: 0.31180556 | H36: 0.33055556 | I36: - | J36: - | K36: 0.48263889 | L36: - | M36: 0.38958333 | N36: 0.4403588 | O36: 0.41677083 | P36: 0.80277778 | Q36: - | R36: - | S36: - | T36: 0.83913194 | U36: - | V36: 0.83402778 | W36: 0.95486111 | X36: 0.95625
B37: 配置人數 | D37: - | E37: - | F37: - | G37: 11.75 | H37: 6 | I37: - | J37: - | K37: 4.3333333 | L37: - | M37: 4 | N37: 3 | O37: 3.5 | P37: 11.75 | Q37: - | R37: - | S37: - | T37: 4 | U37: - | V37: 4.3333333 | W37: 3 | X37: 3.6
B38: 主要應用設備 | D38: 伺服包裝機 | E38: ET-55 | F38: ET-600 | G38: 夾心型 | H38: 伺服包裝機 | I38: 伺服包裝機 | J38: 夾心型 | K38: 3300型 | L38: 3300型 | M38: 3300型 | N38: GKK | O38: GKK | P38: 夾心型 | Q38: 伺服包裝機 | R38: 伺服包裝機 | S38: 夾心型 | T38: 3300型 | U38: 3300型 | V38: 3300型 | W38: GKK | X38: GKK
B39: 次要應用設備
B40: 備註

Sheet 0226(18度C)
A1: 大溪廠日報分析 | C1: 總生產量 | D1: =SUM(F5:F191) -> 83106 | E1: 營業額 | F1: =SUM(G5:G191) -> 1640951.8 | G1: 出勤人數 | H1: =L21+L38+L55+L72+L89+L106+L123+L140+L157+L174+L191 -> 59.266667 | I1: 產線配置圖 | L1: 生產實績 | O1: 人時性差異分析 | S1: 日報登錄 | Y1: 分析說明 | AA1: 產能差異分析
A2: 46079 | C2: 人時性 | D2: =AVERAGE(N21,N38,N55,N72,N89,N106,N123,N140,N157,N174,N191) -> 670.07546 | E2: 平均廠價 | F2: =F1/D1 -> 19.745287 | G2: 多次生產數 | H2: =COUNT(H5:H191) -> 2
A3: 線別 | B3: 品類 | C3: 品名 | E3: 廠價 | F3: 生產量 | G3: 營收 | H3: 多次 生產 | I3: 人數 | J3: 產能/時 | K3: 人時性 | L3: 人數 | M3: 產能/時 | N3: 人時性 | O3: 人數 | P3: 人時性 | Q3: 達成率 | R3: 達成率 平均 | S3: 生產時間 | U3: 換線、休息/分 | V3: 稼動時間/分 | W3: 休息時間 | Y3: (屏榮回填) | AA3: 產能/時 | AB3: 達成率 | AC3: 達成率平均
S4: 開始 | T4: 結束 | W4: 開始 | X4: 結束
A5: 自動包裝機 | B5: 18℃-飯糰 | C5: 一配兩粒飯糰(鮪魚.焦糖鮭魚) | E5: 28.57 | F5: 1571 | G5: =E5*F5 -> 44883.47 | I5: 12 | J5: 3600 | K5: =J5/I5 -> 300 | L5: 12 | M5: =F5/V5*60 -> 3126.3682 | N5: =M5/L5 -> 260.53068 | O5: =L5-I5 -> 0 | P5: =N5-K5 -> -39.46932 | Q5: =N5/K5 -> 0.8684356 | R5: =Q21 -> 0.87373267 | S5: 0.20833333 | T5: 0.22927083 | V5: 30.15 | AA5: =M5-J5 -> -473.63184 | AB5: =M5/J5 -> 0.8684356 | AC5: =AB21 -> 0.87373267
B6: 18℃-壽司手卷 | C6: 一配海饌雙手卷 | E6: 29.85 | F6: 1973 | G6: =E6*F6 -> 58894.05 | I6: 12 | J6: 3600 | K6: =J6/I6 -> 300 | L6: 12 | M6: =F6/V6*60 -> 3140.0531 | N6: =M6/L6 -> 261.67109 | O6: =L6-I6 -> 0 | P6: =N6-K6 -> -38.328912 | Q6: =N6/K6 -> 0.87223696 | S6: 0.23284722 | T6: 0.25902778 | U6: 5.15 | V6: 37.7 | AA6: =M6-J6 -> -459.94695 | AB6: =M6/J6 -> 0.87223696
B7: 18℃-壽司手卷 | C7: 一配雙饗雙手卷 | E7: 29.52 | F7: 1828 | G7: =E7*F7 -> 53962.56 | I7: 12 | J7: 3600 | K7: =J7/I7 -> 300 | L7: 12 | M7: =F7/V7*60 -> 3139.6947 | N7: =M7/L7 -> 261.64122 | O7: =L7-I7 -> 0 | P7: =N7-K7 -> -38.358779 | Q7: =N7/K7 -> 0.8721374 | S7: 0.2625463 | T7: 0.28680556 | U7: 5.0666667 | V7: 34.933333 | AA7: =M7-J7 -> -460.30534 | AB7: =M7/J7 -> 0.8721374
B8: 18℃-壽司手卷 | C8: 一配長野稻荷壽司 | E8: 25.64 | F8: 1564 | G8: =E8*F8 -> 40100.96 | I8: 11 | J8: 3600 | K8: =J8/I8 -> 327.27273 | L8: 11 | M8: =F8/V8*60 -> 3175.6345 | N8: =M8/L8 -> 288.69405 | O8: =L8-I8 -> 0 | P8: =N8-K8 -> -38.57868 | Q8: =N8/K8 -> 0.8821207 | S8: 0.29128472 | T8: 0.31180556 | U8: 6.45 | V8: 29.55 | AA8: =M8-J8 -> -424.36548 | AB8: =M8/J8 -> 0.8821207
B21: 平均 | I21: =AVERAGE(I5:I20) -> 11.75 | J21: =AVERAGE(J5:J20) -> 3600 | K21: =J21/I21 -> 306.38298 | L21: =AVERAGE(L5:L20) -> 11.75 | M21: =AVERAGE(M5:M20) -> 3145.4376 | N21: =M21/L21 -> 267.69682 | O21: =L21-I21 -> 0 | P21: =N21-K21 -> -38.686162 | Q21: =N21/K21 -> 0.87373267 | S21: =S5 -> 0.20833333 | T21: =INDEX(T5:T20,COUNTA(T5:T20)) -> 0.31180556 | AA21: =M21-J21 -> -454.5624 | AB21: =M21/J21 -> 0.87373267
A22: 自動包裝機2 | B22: 18℃-壽司手卷 | C22: 一配雙鬆細卷 | E22: 14.03 | F22: 910 | G22: =E22*F22 -> 12767.3 | I22: 6 | J22: 2600 | K22: =J22/I22 -> 433.33333 | L22: 6 | M22: =F22/V22*60 -> 2340 | N22: =M22/L22 -> 390 | O22: =L22-I22 -> 0 | P22: =N22-K22 -> -43.333333 | Q22: =N22/K22 -> 0.9 | R22: =Q38 -> 0.90010458 | S22: 0.29166667 | T22: 0.30787037 | V22: 23.333333 | AA22: =M22-J22 -> -260 | AB22: =M22/J22 -> 0.9 | AC22: =AB38 -> 0.90010458
B23: 18℃-壽司手卷 | C23: 一配經典鮪魚沙拉細卷 | E23: 14.49 | F23: 1076 | G23: =E23*F23 -> 15591.24 | I23: 6 | J23: 2600 | K23: =J23/I23 -> 433.33333 | L23: 6 | M23: =F23/V23*60 -> 2340.5438 | N23: =M23/L23 -> 390.09063 | O23: =L23-I23 -> 0 | P23: =N23-K23 -> -43.242699 | Q23: =N23/K23 -> 0.90020916 | S23: 0.31140046 | T23: 0.33055556 | U23: 5.0833333 | V23: 27.583333 | AA23: =M23-J23 -> -259.45619 | AB23: =M23/J23 -> 0.90020916
B38: 平均 | I38: =AVERAGE(I22:I37) -> 6 | J38: =AVERAGE(J22:J37) -> 2600 | K38: =J38/I38 -> 433.33333 | L38: =AVERAGE(L22:L37) -> 6 | M38: =AVERAGE(M22:M37) -> 2340.2719 | N38: =M38/L38 -> 390.04532 | O38: =L38-I38 -> 0 | P38: =N38-K38 -> -43.288016 | Q38: =N38/K38 -> 0.90010458 | S38: =S22 -> 0.29166667 | T38: =INDEX(T22:T37,COUNTA(T22:T37)) -> 0.33055556 | AA38: =M38-J38 -> -259.7281 | AB38: =M38/J38 -> 0.90010458
A39: (舊) 3300型飯糰線 | B39: 18℃-飯糰 | C39: 一配壹號醬炙烤牛飯糰 | E39: 22.28 | F39: 868 | G39: =E39*F39 -> 19339.04 | I39: 5 | J39: 3300 | K39: =J39/I39 -> 660 | L39: 5 | M39: =F39/V39*60 -> 2967.5214 | N39: =M39/L39 -> 593.50427 | O39: =L39-I39 -> 0 | P39: =N39-K39 -> -66.495726 | Q39: =N39/K39 -> 0.8992489 | R39: =Q55 -> 0.89884743 | S39: 0.39614583 | T39: 0.40833333 | V39: 17.55 | AA39: =M39-J39 -> -332.47863 | AB39: =M39/J39 -> 0.8992489 | AC39: =AB55 -> 0.89884743
B40: 18℃-飯糰 | C40: 一配照燒雞肉飯糰 | E40: 21.45 | F40: 1074 | G40: =E40*F40 -> 23037.3 | I40: 4 | J40: 3300 | K40: =J40/I40 -> 825 | L40: 4 | M40: =F40/V40*60 -> 2967.3062 | N40: =M40/L40 -> 741.82655 | O40: =L40-I40 -> 0 | P40: =N40-K40 -> -83.173446 | Q40: =N40/K40 -> 0.8991837 | S40: 0.41200231 | T40: 0.42708333 | U40: 5.2833333 | V40: 21.716667 | AA40: =M40-J40 -> -332.69378 | AB40: =M40/J40 -> 0.8991837
B41: 18℃-飯糰 | C41: 一配雞肉飯飯糰 | E41: 16.66 | F41: 3694 | G41: =E41*F41 -> 61542.04 | I41: 4 | J41: 3300 | K41: =J41/I41 -> 825 | L41: 4 | M41: =F41/V41*60 -> 2963.762 | N41: =M41/L41 -> 740.94049 | O41: =L41-I41 -> 0 | P41: =N41-K41 -> -84.059505 | Q41: =N41/K41 -> 0.89810969 | S41: 0.43070602 | T41: 0.48263889 | U41: 5.2166667 | V41: 74.783333 | AA41: =M41-J41 -> -336.23802 | AB41: =M41/J41 -> 0.89810969
B55: 平均 | I55: =AVERAGE(I39:I54) -> 4.3333333 | J55: =AVERAGE(J39:J54) -> 3300 | K55: =J55/I55 -> 761.53846 | L55: =AVERAGE(L39:L54) -> 4.3333333 | M55: =AVERAGE(M39:M54) -> 2966.1965 | N55: =M55/L55 -> 684.50689 | O55: =L55-I55 -> 0 | P55: =N55-K55 -> -77.031572 | Q55: =N55/K55 -> 0.89884743 | S55: =S39 -> 0.39614583 | T55: =INDEX(T39:T54,COUNTA(T39:T54)) -> 0.48263889 | AA55: =M55-J55 -> -333.80348 | AB55: =M55/J55 -> 0.89884743
A56: (新) 3300型飯糰機 | B56: 18℃-飯糰 | C56: 一配鹽蔥燒肉飯糰 | E56: 17.89 | F56: 2377 | G56: =E56*F56 -> 42524.53 | I56: 4 | J56: 3300 | K56: =J56/I56 -> 825 | L56: 4 | M56: =F56/V56*60 -> 2961.9938 | N56: =M56/L56 -> 740.49844 | O56: =L56-I56 -> 0 | P56: =N56-K56 -> -84.501558 | Q56: =N56/K56 -> 0.89757387 | R56: =Q72 -> 0.89709758 | S56: 0.29166667 | T56: 0.32510417 | V56: 48.15 | AA56: =M56-J56 -> -338.00623 | AB56: =M56/J56 -> 0.89757387 | AC56: =AB72 -> 0.89709758
B57: 18℃-飯糰 | C57: 一配紅運烏魚子紹興飯糰 | E57: 27.27 | F57: 1387 | G57: =E57*F57 -> 37823.49 | I57: 5 | J57: 3300 | K57: =J57/I57 -> 660 | L57: 5 | M57: =F57/V57*60 -> 2959.8103 | N57: =M57/L57 -> 591.96206 | O57: =L57-I57 -> 0 | P57: =N57-K57 -> -68.037937 | Q57: =N57/K57 -> 0.89691222 | S57: 0.32847222 | T57: 0.34799769 | U57: 4.85 | V57: 28.116667 | AA57: =M57-J57 -> -340.18969 | AB57: =M57/J57 -> 0.89691222
B58: 18℃-飯糰 | C58: 一配鮭魚奶油醬油飯糰 | E58: 18.53 | F58: 2689 | G58: =E58*F58 -> 49827.17 | I58: 3 | J58: 3300 | K58: =J58/I58 -> 1100 | L58: 3 | M58: =F58/V58*60 -> 2959.4619 | N58: =M58/L58 -> 986.48731 | O58: =L58-I58 -> 0 | P58: =N58-K58 -> -113.51269 | Q58: =N58/K58 -> 0.89680665 | S58: 0.35172454 | T58: 0.38958333 | U58: 5.3666667 | V58: 54.516667 | AA58: =M58-J58 -> -340.53806 | AB58: =M58/J58 -> 0.89680665
B72: 平均 | I72: =AVERAGE(I56:I71) -> 4 | J72: =AVERAGE(J56:J71) -> 3300 | K72: =J72/I72 -> 825 | L72: =AVERAGE(L56:L71) -> 4 | M72: =AVERAGE(M56:M71) -> 2960.422 | N72: =M72/L72 -> 740.1055 | O72: =L72-I72 -> 0 | P72: =N72-K72 -> -84.894498 | Q72: =N72/K72 -> 0.89709758 | S72: =S56 -> 0.29166667 | T72: =INDEX(T56:T71,COUNTA(T56:T71)) -> 0.38958333 | AA72: =M72-J72 -> -339.57799 | AB72: =M72/J72 -> 0.89709758
A73: GKK3600型 飯糰機 | B73: 18℃-飯糰 | C73: 一配蔬食鮪魚飯糰 | E73: 18.18 | F73: 877 | G73: =E73*F73 -> 15943.86 | I73: 3 | J73: 3600 | K73: =J73/I73 -> 1200 | L73: 3 | M73: =F73/V73*60 -> 3144.6215 | N73: =M73/L73 -> 1048.2072 | O73: =L73-I73 -> 0 | P73: =N73-K73 -> -151.79283 | Q73: =N73/K73 -> 0.87350598 | R73: =Q89 -> 0.8802831 | S73: 0.29185185 | T73: 0.30347222 | V73: 16.733333 | AA73: =M73-J73 -> -455.37849 | AB73: =M73/J73 -> 0.87350598 | AC73: =AB89 -> 0.8802831
B74: 18℃-飯糰 | C74: 一配經典肉鬆飯糰 | E74: 14.03 | F74: 3539 | G74: =E74*F74 -> 49652.17 | I74: 3 | J74: 3000 | K74: =J74/I74 -> 1000 | L74: 3 | M74: =F74/V74*60 -> 2692.9613 | N74: =M74/L74 -> 897.65377 | O74: =L74-I74 -> 0 | P74: =N74-K74 -> -102.34623 | Q74: =N74/K74 -> 0.89765377 | S74: 0.3146875 | T74: 0.36944444 | U74: 16.15 | V74: 78.85 | AA74: =M74-J74 -> -307.03868 | AB74: =M74/J74 -> 0.89765377
B75: 18℃-飯糰 | C75: 一配鮪魚飯糰 | E75: 14.28 | F75: 4561 | G75: =E75*F75 -> 65131.08 | I75: 3 | J75: 3600 | K75: =J75/I75 -> 1200 | L75: 3 | M75: =F75/V75*60 -> 3141.3048 | N75: =M75/L75 -> 1047.1016 | O75: =L75-I75 -> 0 | P75: =N75-K75 -> -152.89841 | Q75: =N75/K75 -> 0.87258466 | S75: 0.37986111 | T75: 0.4403588 | U75: 15 | V75: 87.116667 | AA75: =M75-J75 -> -458.69524 | AB75: =M75/J75 -> 0.87258466
B89: 平均 | I89: =AVERAGE(I73:I88) -> 3 | J89: =AVERAGE(J73:J88) -> 3400 | K89: =J89/I89 -> 1133.3333 | L89: =AVERAGE(L73:L88) -> 3 | M89: =AVERAGE(M73:M88) -> 2992.9625 | N89: =M89/L89 -> 997.65418 | O89: =L89-I89 -> 0 | P89: =N89-K89 -> -135.67916 | Q89: =N89/K89 -> 0.8802831 | S89: =S73 -> 0.29185185 | T89: =INDEX(T73:T88,COUNTA(T73:T88)) -> 0.4403588 | AA89: =M89-J89 -> -407.03747 | AB89: =M89/J89 -> 0.8802831
A90: GKK3600型 飯糰機2 | B90: 18℃-飯糰 | C90: 一配熟成紅鮭飯糰 | E90: 25.03 | F90: 1031 | G90: =E90*F90 -> 25805.93 | I90: 4 | J90: 3300 | K90: =J90/I90 -> 825 | L90: 4 | M90: =F90/V90*60 -> 2934.0711 | N90: =M90/L90 -> 733.51779 | O90: =L90-I90 -> 0 | P90: =N90-K90 -> -91.482213 | Q90: =N90/K90 -> 0.88911247 | R90: =Q106 -> 0.88673967 | S90: 0.29166667 | T90: 0.30630787 | V90: 21.083333 | AA90: =M90-J90 -> -365.92885 | AB90: =M90/J90 -> 0.88911247 | AC90: =AB106 -> 0.88673967
B91: 18℃-飯糰 | C91: 一配北海道秋鮭親子飯糰 | E91: 24.82 | F91: 1395 | G91: =E91*F91 -> 34623.9 | I91: 4 | J91: 3300 | K91: =J91/I91 -> 825 | L91: 4 | M91: =F91/V91*60 -> 2933.4112 | N91: =M91/L91 -> 733.3528 | O91: =L91-I91 -> 0 | P91: =N91-K91 -> -91.647196 | Q91: =N91/K91 -> 0.88891249 | S91: 0.31699074 | T91: 0.33680556 | U91: 15.383333 | V91: 28.533333 | AA91: =M91-J91 -> -366.58879 | AB91: =M91/J91 -> 0.88891249
B92: 18℃-飯糰 | C92: 一配贅沢鮭魚肚飯糰 | E92: 30 | F92: 2192 | G92: =E92*F92 -> 65760 | I92: 3 | J92: 3000 | K92: =J92/I92 -> 1000 | L92: 3 | M92: =F92/V92*60 -> 2693.2423 | N92: =M92/L92 -> 897.74744 | O92: =L92-I92 -> 0 | P92: =N92-K92 -> -102.25256 | Q92: =N92/K92 -> 0.89774744 | S92: 0.34803241 | T92: 0.38194444 | U92: 16.166667 | V92: 48.833333 | AA92: =M92-J92 -> -306.75768 | AB92: =M92/J92 -> 0.89774744
B93: 18℃-飯糰 | C93: 一配明太子龍蝦風味沙拉飯糰 | E93: 18.18 | F93: 1842 | G93: =E93*F93 -> 33487.56 | I93: 3 | J93: 3600 | K93: =J93/I93 -> 1200 | L93: 3 | M93: =F93/V93*60 -> 3144.239 | N93: =M93/L93 -> 1048.0797 | O93: =L93-I93 -> 0 | P93: =N93-K93 -> -151.92034 | Q93: =N93/K93 -> 0.87339972 | S93: 0.39236111 | T93: 0.41677083 | U93: 15 | V93: 35.15 | AA93: =M93-J93 -> -455.76102 | AB93: =M93/J93 -> 0.87339972
B106: 平均 | I106: =AVERAGE(I90:I105) -> 3.5 | J106: =AVERAGE(J90:J105) -> 3300 | K106: =J106/I106 -> 942.85714 | L106: =AVERAGE(L90:L105) -> 3.5 | M106: =AVERAGE(M90:M105) -> 2926.2409 | N106: =M106/L106 -> 836.06883 | O106: =L106-I106 -> 0 | P106: =N106-K106 -> -106.78831 | Q106: =N106/K106 -> 0.88673967 | S106: =S90 -> 0.29166667 | T106: =INDEX(T90:T105,COUNTA(T90:T105)) -> 0.41677083 | AA106: =M106-J106 -> -373.75909 | AB106: =M106/J106 -> 0.88673967
A107: 自動包裝機 (二配) | B107: 18℃-壽司手卷 | C107: 二配長野稻荷壽司 | E107: 25.64 | F107: 1427 | G107: =E107*F107 -> 36588.28 | I107: 11 | J107: 3600 | K107: =J107/I107 -> 327.27273 | L107: 11 | M107: =F107/V107*60 -> 3175.0309 | N107: =M107/L107 -> 288.63917 | O107: =L107-I107 -> 0 | P107: =N107-K107 -> -38.633554 | Q107: =N107/K107 -> 0.88195303 | R107: =Q123 -> 0.87362291 | S107: 0.70835648 | T107: 0.72708333 | V107: 26.966667 | AA107: =M107-J107 -> -424.9691 | AB107: =M107/J107 -> 0.88195303 | AC107: =AB123 -> 0.87362291
B108: 18℃-壽司手卷 | C108: 二配雙饗雙手卷 | E108: 29.52 | F108: 1747 | G108: =E108*F108 -> 51571.44 | I108: 12 | J108: 3600 | K108: =J108/I108 -> 300 | L108: 12 | M108: =F108/V108*60 -> 3139.8902 | N108: =M108/L108 -> 261.65751 | O108: =L108-I108 -> 0 | P108: =N108-K108 -> -38.342486 | Q108: =N108/K108 -> 0.87219171 | S108: 0.73055556 | T108: 0.75373843 | U108: 5 | V108: 33.383333 | AA108: =M108-J108 -> -460.10984 | AB108: =M108/J108 -> 0.87219171
B109: 18℃-壽司手卷 | C109: 二配海饌雙手卷 | E109: 29.85 | F109: 1894 | G109: =E109*F109 -> 56535.9 | I109: 12 | J109: 3600 | K109: =J109/I109 -> 300 | L109: 12 | M109: =F109/V109*60 -> 3140.6725 | N109: =M109/L109 -> 261.72271 | O109: =L109-I109 -> 0 | P109: =N109-K109 -> -38.277292 | Q109: =N109/K109 -> 0.87240903 | S109: 0.75763889 | T109: 0.7827662 | U109: 5.6166667 | V109: 36.183333 | AA109: =M109-J109 -> -459.3275 | AB109: =M109/J109 -> 0.87240903
B110: 18℃-飯糰 | C110: 二配兩粒飯糰(鮪魚.焦糖鮭魚) | E110: 28.57 | F110: 1229 | G110: =E110*F110 -> 35112.53 | I110: 12 | J110: 3600 | K110: =J110/I110 -> 300 | L110: 12 | M110: =F110/V110*60 -> 3124.5763 | N110: =M110/L110 -> 260.38136 | O110: =L110-I110 -> 0 | P110: =N110-K110 -> -39.618644 | Q110: =N110/K110 -> 0.86793785 | S110: 0.78638889 | T110: 0.80277778 | U110: 5.2166667 | V110: 23.6 | AA110: =M110-J110 -> -475.42373 | AB110: =M110/J110 -> 0.86793785
B123: 平均 | I123: =AVERAGE(I107:I122) -> 11.75 | J123: =AVERAGE(J107:J122) -> 3600 | K123: =J123/I123 -> 306.38298 | L123: =AVERAGE(L107:L122) -> 11.75 | M123: =AVERAGE(M107:M122) -> 3145.0425 | N123: =M123/L123 -> 267.66319 | O123: =L123-I123 -> 0 | P123: =N123-K123 -> -38.719791 | Q123: =N123/K123 -> 0.87362291 | S123: =S107 -> 0.70835648 | T123: =INDEX(T107:T122,COUNTA(T107:T122)) -> 0.80277778 | AA123: =M123-J123 -> -454.95754 | AB123: =M123/J123 -> 0.87362291
A124: (舊) 3300型飯糰線 (二配) | B124: 18℃-飯糰 | C124: 二配大飯糰滷肉飯加蛋 | E124: 22.48 | F124: 1124 | G124: =E124*F124 -> 25267.52 | I124: 5 | J124: 3000 | K124: =J124/I124 -> 600 | L124: 5 | M124: =F124/V124*60 -> 2672.6552 | N124: =M124/L124 -> 534.53104 | O124: =L124-I124 -> 0 | P124: =N124-K124 -> -65.468956 | Q124: =N124/K124 -> 0.89088507 | R124: =Q140 -> 0.89513281 | S124: 0.70833333 | T124: 0.72585648 | V124: 25.233333 | AA124: =M124-J124 -> -327.34478 | AB124: =M124/J124 -> 0.89088507 | AC124: =AB140 -> 0.89513281
B125: 18℃-飯糰 | C125: 二配大飯糰韓式蒜烤豬五花 | E125: 24.54 | F125: 1699 | G125: =E125*F125 -> 41693.46 | I125: 4 | J125: 3000 | K125: =J125/I125 -> 750 | L125: 4 | M125: =F125/V125*60 -> 2674.4206 | N125: =M125/L125 -> 668.60516 | O125: =L125-I125 -> 0 | P125: =N125-K125 -> -81.39484 | Q125: =N125/K125 -> 0.89147355 | S125: 0.72916667 | T125: 0.75563657 | U125: 4.7666667 | V125: 38.116667 | AA125: =M125-J125 -> -325.57936 | AB125: =M125/J125 -> 0.89147355
B126: 18℃-飯糰 | C126: 二配三杯醬爆菇菇飯糰 | E126: 16.7 | F126: 1078 | G126: =E126*F126 -> 18002.6 | I126: 3 | J126: 3300 | K126: =J126/I126 -> 1100 | L126: 3 | M126: =F126/V126*60 -> 2966.9725 | N126: =M126/L126 -> 988.99083 | O126: =L126-I126 -> 0 | P126: =N126-K126 -> -111.00917 | Q126: =N126/K126 -> 0.89908257 | S126: 0.75916667 | T126: 0.77430556 | U126: 5.0833333 | V126: 21.8 | AA126: =M126-J126 -> -333.02752 | AB126: =M126/J126 -> 0.89908257
B127: 18℃-飯糰 | C127: 二配鹽蔥燒肉飯糰 | E127: 17.89 | F127: 4316 | G127: =E127*F127 -> 77213.24 | I127: 4 | J127: 3300 | K127: =J127/I127 -> 825 | L127: 4 | M127: =F127/V127*60 -> 2964.6251 | N127: =M127/L127 -> 741.15627 | O127: =L127-I127 -> 0 | P127: =N127-K127 -> -83.843732 | Q127: =N127/K127 -> 0.89837123 | S127: 0.77847222 | T127: 0.83913194 | U127: 6 | V127: 87.35 | AA127: =M127-J127 -> -335.37493 | AB127: =M127/J127 -> 0.89837123
B140: 平均 | I140: =AVERAGE(I124:I139) -> 4 | J140: =AVERAGE(J124:J139) -> 3150 | K140: =J140/I140 -> 787.5 | L140: =AVERAGE(L124:L139) -> 4 | M140: =AVERAGE(M124:M139) -> 2819.6684 | N140: =M140/L140 -> 704.91709 | O140: =L140-I140 -> 0 | P140: =N140-K140 -> -82.582912 | Q140: =N140/K140 -> 0.89513281 | S140: =S124 -> 0.70833333 | T140: =INDEX(T124:T139,COUNTA(T124:T139)) -> 0.83913194 | AA140: =M140-J140 -> -330.33165 | AB140: =M140/J140 -> 0.89513281
A141: (新) 3300型飯糰機 (二配) | B141: 18℃-飯糰 | C141: 二配壹號醬炙烤牛飯糰 | E141: 22.28 | F141: 1455 | G141: =E141*F141 -> 32417.4 | I141: 5 | J141: 3300 | K141: =J141/I141 -> 660 | L141: 5 | M141: =F141/V141*60 -> 2966.0249 | N141: =M141/L141 -> 593.20498 | O141: =L141-I141 -> 0 | P141: =N141-K141 -> -66.795017 | Q141: =N141/K141 -> 0.89879543 | R141: =Q157 -> 0.89816632 | S141: 0.70833333 | T141: 0.72877315 | V141: 29.433333 | AA141: =M141-J141 -> -333.97508 | AB141: =M141/J141 -> 0.89879543 | AC141: =AB157 -> 0.89816632
B142: 18℃-飯糰 | C142: 二配油蔥G絲飯糰 | E142: 18.18 | F142: 523 | G142: =E142*F142 -> 9508.14 | I142: 4 | J142: 3300 | K142: =J142/I142 -> 825 | L142: 4 | M142: =F142/V142*60 -> 2965.0394 | N142: =M142/L142 -> 741.25984 | O142: =L142-I142 -> 0 | P142: =N142-K142 -> -83.740157 | Q142: =N142/K142 -> 0.89849678 | S142: 0.7322338 | T142: 0.73958333 | U142: 4.9833333 | V142: 10.583333 | AA142: =M142-J142 -> -334.96063 | AB142: =M142/J142 -> 0.89849678
B143: 18℃-飯糰 | C143: 二配雞肉飯飯糰 | E143: 16.66 | F143: 6392 | G143: =E143*F143 -> 106490.72 | I143: 4 | J143: 3300 | K143: =J143/I143 -> 825 | L143: 4 | M143: =F143/V143*60 -> 2960.7823 | N143: =M143/L143 -> 740.19557 | O143: =L143-I143 -> 0 | P143: =N143-K143 -> -84.804426 | Q143: =N143/K143 -> 0.89720676 | S143: 0.74407407 | T143: 0.83402778 | U143: 6.4666667 | V143: 129.53333 | AA143: =M143-J143 -> -339.2177 | AB143: =M143/J143 -> 0.89720676
B157: 平均 | I157: =AVERAGE(I141:I156) -> 4.3333333 | J157: =AVERAGE(J141:J156) -> 3300 | K157: =J157/I157 -> 761.53846 | L157: =AVERAGE(L141:L156) -> 4.3333333 | M157: =AVERAGE(M141:M156) -> 2963.9489 | N157: =M157/L157 -> 683.9882 | O157: =L157-I157 -> 0 | P157: =N157-K157 -> -77.550263 | Q157: =N157/K157 -> 0.89816632 | S157: =S141 -> 0.70833333 | T157: =INDEX(T141:T156,COUNTA(T141:T156)) -> 0.83402778 | AA157: =M157-J157 -> -336.05114 | AB157: =M157/J157 -> 0.89816632
A158: GKK3600型 飯糰機 (二配) | B158: 18℃-飯糰 | C158: 二配經典肉鬆飯糰 | E158: 14.03 | F158: 3583 | G158: =E158*F158 -> 50269.49 | H158: 2 | I158: 3 | J158: 3000 | K158: =J158/I158 -> 1000 | L158: 3 | M158: =F158/V158*60 -> 2693.4224 | N158: =M158/L158 -> 897.80748 | O158: =L158-I158 -> 0 | P158: =N158-K158 -> -102.19252 | Q158: =N158/K158 -> 0.89780748 | R158: =Q174 -> 0.88473213 | S158: 0.70846065 | T158: 0.76388889 | V158: 79.816667 | AA158: =M158-J158 -> -306.57757 | AB158: =M158/J158 -> 0.89780748 | AC158: =AB174 -> 0.88473213
B159: 18℃-飯糰 | C159: 二配蔬食鮪魚飯糰 | E159: 18.18 | F159: 1015 | G159: =E159*F159 -> 18452.7 | I159: 3 | J159: 3600 | K159: =J159/I159 -> 1200 | L159: 3 | M159: =F159/V159*60 -> 3150 | N159: =M159/L159 -> 1050 | O159: =L159-I159 -> 0 | P159: =N159-K159 -> -150 | Q159: =N159/K159 -> 0.875 | S159: 0.77430556 | T159: 0.78773148 | U159: 15 | V159: 19.333333 | AA159: =M159-J159 -> -450 | AB159: =M159/J159 -> 0.875
B160: 18℃-飯糰 | C160: 二配鮪魚飯糰 | E160: 14.28 | F160: 4670 | G160: =E160*F160 -> 66687.6 | H160: 2 | I160: 3 | J160: 3600 | K160: =J160/I160 -> 1200 | L160: 3 | M160: =F160/V160*60 -> 3141.8426 | N160: =M160/L160 -> 1047.2809 | O160: =L160-I160 -> 0 | P160: =N160-K160 -> -152.71912 | Q160: =N160/K160 -> 0.87273407 | S160: 0.79861111 | T160: 0.86054398 | U160: 15.666667 | V160: 89.183333 | W160: 0.86054398 | X160: 0.91350694 | AA160: =M160-J160 -> -458.15735 | AB160: =M160/J160 -> 0.87273407
B161: 18℃-飯糰 | C161: 二配經典肉鬆飯糰 | E161: 14.03 | F161: 2673 | G161: =E161*F161 -> 37502.19 | I161: 3 | J161: 3000 | K161: =J161/I161 -> 1000 | L161: 3 | M161: =F161/V161*60 -> 2693.199 | N161: =M161/L161 -> 897.733 | O161: =L161-I161 -> 0 | P161: =N161-K161 -> -102.267 | Q161: =N161/K161 -> 0.897733 | S161: 0.91350694 | T161: 0.95486111 | U161: 76.266667 | V161: 59.55 | AA161: =M161-J161 -> -306.80101 | AB161: =M161/J161 -> 0.897733
B174: 平均 | I174: =AVERAGE(I158:I173) -> 3 | J174: =AVERAGE(J158:J173) -> 3300 | K174: =J174/I174 -> 1100 | L174: =AVERAGE(L158:L173) -> 3 | M174: =AVERAGE(M158:M173) -> 2919.616 | N174: =M174/L174 -> 973.20534 | O174: =L174-I174 -> 0 | P174: =N174-K174 -> -126.79466 | Q174: =N174/K174 -> 0.88473213 | S174: =S158 -> 0.70846065 | T174: =INDEX(T158:T173,COUNTA(T158:T173)) -> 0.95486111 | AA174: =M174-J174 -> -380.38398 | AB174: =M174/J174 -> 0.88473213
A175: GKK3600型 飯糰機2 (二配) | B175: 18℃-飯糰 | C175: 二配芝麻香鬆飯糰 | E175: 18.18 | F175: 1594 | G175: =E175*F175 -> 28978.92 | I175: 4 | J175: 3000 | K175: =J175/I175 -> 750 | L175: 4 | M175: =F175/V175*60 -> 2695.3499 | N175: =M175/L175 -> 673.83748 | O175: =L175-I175 -> 0 | P175: =N175-K175 -> -76.162518 | Q175: =N175/K175 -> 0.89844998 | R175: =Q191 -> 0.88390581 | S175: 0.70833333 | T175: 0.73297454 | V175: 35.483333 | AA175: =M175-J175 -> -304.65007 | AB175: =M175/J175 -> 0.89844998 | AC175: =AB191 -> 0.88390581
B176: 18℃-飯糰 | C176: 二配北海道秋鮭親子飯糰 | E176: 24.82 | F176: 2197 | G176: =E176*F176 -> 54529.54 | I176: 4 | J176: 3300 | K176: =J176/I176 -> 825 | L176: 4 | M176: =F176/V176*60 -> 2934.7681 | N176: =M176/L176 -> 733.69202 | O176: =L176-I176 -> 0 | P176: =N176-K176 -> -91.307978 | Q176: =N176/K176 -> 0.88932366 | S176: 0.74311343 | T176: 0.77430556 | U176: 14.6 | V176: 44.916667 | AA176: =M176-J176 -> -365.23191 | AB176: =M176/J176 -> 0.88932366
B177: 18℃-飯糰 | C177: 二配熟成紅鮭飯糰 | E177: 25.03 | F177: 1554 | G177: =E177*F177 -> 38896.62 | I177: 4 | J177: 3300 | K177: =J177/I177 -> 825 | L177: 4 | M177: =F177/V177*60 -> 2932.0755 | N177: =M177/L177 -> 733.01887 | O177: =L177-I177 -> 0 | P177: =N177-K177 -> -91.981132 | Q177: =N177/K177 -> 0.88850772 | S177: 0.78555556 | T177: 0.80763889 | U177: 16.2 | V177: 31.8 | AA177: =M177-J177 -> -367.92453 | AB177: =M177/J177 -> 0.88850772
B178: 18℃-飯糰 | C178: 二配明太子龍蝦風味沙拉飯糰 | E178: 18.18 | F178: 3048 | G178: =E178*F178 -> 55412.64 | I178: 3 | J178: 3600 | K178: =J178/I178 -> 1200 | L178: 3 | M178: =F178/V178*60 -> 3145.8716 | N178: =M178/L178 -> 1048.6239 | O178: =L178-I178 -> 0 | P178: =N178-K178 -> -151.37615 | Q178: =N178/K178 -> 0.87385321 | S178: 0.81805556 | T178: 0.85842593 | U178: 15 | V178: 58.133333 | W178: 0.85842593 | X178: 0.910625 | AA178: =M178-J178 -> -454.12844 | AB178: =M178/J178 -> 0.87385321
B179: 18℃-飯糰 | C179: 二配鮪魚飯糰 | E179: 14.28 | F179: 3440 | G179: =E179*F179 -> 49123.2 | I179: 3 | J179: 3600 | K179: =J179/I179 -> 1200 | L179: 3 | M179: =F179/V179*60 -> 3141.5525 | N179: =M179/L179 -> 1047.1842 | O179: =L179-I179 -> 0 | P179: =N179-K179 -> -152.81583 | Q179: =N179/K179 -> 0.87265348 | S179: 0.910625 | T179: 0.95625 | U179: 75.166667 | V179: 65.7 | AA179: =M179-J179 -> -458.44749 | AB179: =M179/J179 -> 0.87265348
B191: 平均 | I191: =AVERAGE(I175:I190) -> 3.6 | J191: =AVERAGE(J175:J190) -> 3360 | K191: =J191/I191 -> 933.33333 | L191: =AVERAGE(L175:L190) -> 3.6 | M191: =AVERAGE(M175:M190) -> 2969.9235 | N191: =M191/L191 -> 824.97875 | O191: =L191-I191 -> 0 | P191: =N191-K191 -> -108.35458 | Q191: =N191/K191 -> 0.88390581 | S191: =S175 -> 0.70833333 | T191: =INDEX(T175:T190,COUNTA(T175:T190)) -> 0.95625 | AA191: =M191-J191 -> -390.07649 | AB191: =M191/J191 -> 0.88390581
Y193: 原因回覆
Y194: 1.當日出勤人數較多
Y195: 2.當日出勤人數較少
Y196: 3.當日出勤熟手較多
Y197: 4.當日出勤新人較多
Y198: 5.機台夾盒
Y199: 6.封膜不順
Y200: 7.更換膠膜
Y201: 8.更換碳帶
Y202: 9.當日熱轉印碳帶異常
Y203: 10.訂單量過少
Y204: 11.新品上市，尚未熟悉
Y205: 12.活動期間品項需貼標

Sheet 0226(4度C)
A1: 大溪廠日報分析 | C1: 總生產量 | D1: =SUM(F5:F123) -> 46281 | E1: 營業額 | F1: =SUM(G5:G123) -> 2268355.1 | G1: 出勤人數 | H1: =L21+L38+L55+L72+L89+L106+L123 -> 136.71667 | I1: 產線配置圖 | L1: 生產實績 | O1: 人時性差異分析 | S1: 日報登錄 | Y1: 合計次數 | Z1: 合計(時間/分) | AA1: 產線異常 分析說明(5分鐘以上) | AC1: 合計次數 | AD1: 合計(時間/分) | AE1: 產能差異分析
A2: 46079 | C2: 人時性 | D2: =AVERAGE(N21,N38,N55,N72,N89,N106,N123) -> 139.1985 | E2: 平均廠價 | F2: =F1/D1 -> 49.012663 | G2: 多次生產數 | H2: =COUNT(H5:H123) -> 0 | Y2: =SUM(Y21,Y38,Y55,Y72,Y89,Y106,Y123) -> 0 | Z2: =SUM(Z21,Z38,Z55,Z72,Z89,Z106,Z123) -> 0 | AC2: =SUM(AC21,AC38,AC55,AC72,AC89,AC106,AC123) -> 0 | AD2: =SUM(AD21,AD38,AD55,AD72,AD89,AD106,AD123) -> 0
A3: 線別 | B3: 品類 | C3: 品名 | E3: 廠價 | F3: 生產量 | G3: 營收 | H3: 多次 生產 | I3: 人數 | J3: 產能/時 | K3: 人時性 | L3: 人數 | M3: 產能/時 | N3: 人時性 | O3: 人數 | P3: 人時性 | Q3: 達成率 | R3: 達成率 平均 | S3: 生產時間 | U3: 換線、休息/分 | V3: 稼動時間/分 | W3: 休息時間 | Y3: 產線異常統計(5分鐘以上) | AA3: (屏榮回填) | AC3: 短暫停線統計(5分鐘以下) | AE3: 產能/時 | AF3: 達成率 | AG3: 達成率平均
S4: 開始 | T4: 結束 | W4: 開始 | X4: 結束 | Y4: 次數 | Z4: 時間/分 | AC4: 總次數 | AD4: 設備因素(次數)
A5: 便當二線 | B5: 微波主食 | C5: 糖燻野郎三十天熟成牛飯 | E5: 56.77 | F5: 4018 | G5: =E5*F5 -> 228101.86 | I5: 25 | J5: 2000 | K5: =J5/I5 -> 80 | L5: 25 | M5: =F5/V5*60 -> 1782.6966 | N5: =M5/L5 -> 71.307863 | O5: =L5-I5 -> 0 | P5: =N5-K5 -> -8.692137 | Q5: =N5/K5 -> 0.89134829 | R5: =Q21 -> 0.89182691 | S5: 0.29166667 | T5: 0.3855787 | V5: 135.23333 | AE5: =M5-J5 -> -217.30343 | AF5: =M5/J5 -> 0.89134829 | AG5: =AF21 -> 0.89182691
B6: 便當 | C6: 健身G肉餐盒 | E6: 59.52 | F6: 3569 | G6: =E6*F6 -> 212426.88 | I6: 25 | J6: 2000 | K6: =J6/I6 -> 80 | L6: 25 | M6: =F6/V6*60 -> 1783.5092 | N6: =M6/L6 -> 71.340366 | O6: =L6-I6 -> 0 | P6: =N6-K6 -> -8.6596335 | Q6: =N6/K6 -> 0.89175458 | S6: 0.38888889 | T6: 0.47226852 | U6: 4.7666667 | V6: 120.06667 | W6: 0.47226852 | X6: 0.51041667 | AE6: =M6-J6 -> -216.49084 | AF6: =M6/J6 -> 0.89175458
B7: 便當 | C7: 嫩烤香料雞胸排蔬滿盒 | E7: 77.34 | F7: 1522 | G7: =E7*F7 -> 117711.48 | I7: 24 | J7: 2000 | K7: =J7/I7 -> 83.333333 | L7: 24 | M7: =F7/V7*60 -> 1784.7557 | N7: =M7/L7 -> 74.364821 | O7: =L7-I7 -> 0 | P7: =N7-K7 -> -8.9685125 | Q7: =N7/K7 -> 0.89237785 | S7: 0.51041667 | T7: 0.54594907 | U7: 54.933333 | V7: 51.166667 | AE7: =M7-J7 -> -215.2443 | AF7: =M7/J7 -> 0.89237785
B21: 平均 | I21: =AVERAGE(I5:I20) -> 24.666667 | J21: =AVERAGE(J5:J20) -> 2000 | K21: =J21/I21 -> 81.081081 | L21: =AVERAGE(L5:L20) -> 24.666667 | M21: =AVERAGE(M5:M20) -> 1783.6538 | N21: =M21/L21 -> 72.31029 | O21: =L21-I21 -> 0 | P21: =N21-K21 -> -8.7707914 | Q21: =N21/K21 -> 0.89182691 | S21: =S5 -> 0.29166667 | T21: =INDEX(T5:T20,COUNTA(T5:T20)) -> 0.54594907 | Y21: =SUM(Y5:Y20) -> 0 | Z21: =SUM(Z5:Z20) -> 0 | AC21: =SUM(AC5:AC20) -> 0 | AD21: =SUM(AD5:AD20) -> 0 | AE21: =M21-J21 -> -216.34619 | AF21: =M21/J21 -> 0.89182691
A22: 涼麵一線 | B22: 便當 | C22: 蔬活腿排補力餐盒 | E22: 71.55 | F22: 2243 | G22: =E22*F22 -> 160486.65 | I22: 22 | J22: 2000 | K22: =J22/I22 -> 90.909091 | L22: 22 | M22: =F22/V22*60 -> 1784.0919 | N22: =M22/L22 -> 81.095087 | O22: =L22-I22 -> 0 | P22: =N22-K22 -> -9.8140039 | Q22: =N22/K22 -> 0.89204596 | R22: =Q38 -> 0.89169483 | S22: 0.29166667 | T22: 0.34405093 | V22: 75.433333 | AE22: =M22-J22 -> -215.90809 | AF22: =M22/J22 -> 0.89204596 | AG22: =AF38 -> 0.89169483
B23: 便當 | C23: 香腸腿排雙拼便當 | E23: 53.76 | F23: 2300 | G23: =E23*F23 -> 123648 | I23: 20 | J23: 2000 | K23: =J23/I23 -> 100 | L23: 20 | M23: =F23/V23*60 -> 1784.0983 | N23: =M23/L23 -> 89.204913 | O23: =L23-I23 -> 0 | P23: =N23-K23 -> -10.795087 | Q23: =N23/K23 -> 0.89204913 | S23: 0.34722222 | T23: 0.4009375 | U23: 4.5666667 | V23: 77.35 | AE23: =M23-J23 -> -215.90175 | AF23: =M23/J23 -> 0.89204913
B24: 便當 | C24: 經典滷肉飯 | E24: 47.37 | F24: 1681 | G24: =E24*F24 -> 79628.97 | I24: 21 | J24: 2000 | K24: =J24/I24 -> 95.238095 | L24: 21 | M24: =F24/V24*60 -> 1781.9788 | N24: =M24/L24 -> 84.856133 | O24: =L24-I24 -> 0 | P24: =N24-K24 -> -10.381962 | Q24: =N24/K24 -> 0.8909894 | S24: 0.40444444 | T24: 0.44375 | U24: 5.05 | V24: 56.6 | AE24: =M24-J24 -> -218.0212 | AF24: =M24/J24 -> 0.8909894
B38: 平均 | I38: =AVERAGE(I22:I37) -> 21 | J38: =AVERAGE(J22:J37) -> 2000 | K38: =J38/I38 -> 95.238095 | L38: =AVERAGE(L22:L37) -> 21 | M38: =AVERAGE(M22:M37) -> 1783.3897 | N38: =M38/L38 -> 84.923317 | O38: =L38-I38 -> 0 | P38: =N38-K38 -> -10.314778 | Q38: =N38/K38 -> 0.89169483 | S38: =S22 -> 0.29166667 | T38: =INDEX(T22:T37,COUNTA(T22:T37)) -> 0.44375 | Y38: =SUM(Y22:Y37) -> 0 | Z38: =SUM(Z22:Z37) -> 0 | AC38: =SUM(AC22:AC37) -> 0 | AD38: =SUM(AD22:AD37) -> 0 | AE38: =M38-J38 -> -216.61034 | AF38: =M38/J38 -> 0.89169483
A39: 涼麵二線 | B39: 便當 | C39: 福氣魚四喜開運便當 | E39: 65.4 | F39: 329 | G39: =E39*F39 -> 21516.6 | I39: 24 | J39: 2000 | K39: =J39/I39 -> 83.333333 | L39: 24 | M39: =F39/V39*60 -> 1783.7349 | N39: =M39/L39 -> 74.322289 | O39: =L39-I39 -> 0 | P39: =N39-K39 -> -9.0110442 | Q39: =N39/K39 -> 0.89186747 | R39: =Q55 -> 0.89160522 | S39: 0.29166667 | T39: 0.29935185 | V39: 11.066667 | AE39: =M39-J39 -> -216.26506 | AF39: =M39/J39 -> 0.89186747 | AG39: =AF55 -> 0.89160522
B40: 便當 | C40: 海陸雙拼肉肉餐盒 | E40: 59.54 | F40: 2598 | G40: =E40*F40 -> 154684.92 | I40: 23 | J40: 2000 | K40: =J40/I40 -> 86.956522 | L40: 23 | M40: =F40/V40*60 -> 1782.1646 | N40: =M40/L40 -> 77.485419 | O40: =L40-I40 -> 0 | P40: =N40-K40 -> -9.4711029 | Q40: =N40/K40 -> 0.89108232 | S40: 0.30277778 | T40: 0.36351852 | U40: 4.9333333 | V40: 87.466667 | AE40: =M40-J40 -> -217.83537 | AF40: =M40/J40 -> 0.89108232
B41: 便當 | C41: 烤蛋白餐盒 | E41: 58.67 | F41: 2989 | G41: =E41*F41 -> 175364.63 | I41: 23 | J41: 2000 | K41: =J41/I41 -> 86.956522 | L41: 23 | M41: =F41/V41*60 -> 1781.8182 | N41: =M41/L41 -> 77.470356 | O41: =L41-I41 -> 0 | P41: =N41-K41 -> -9.486166 | Q41: =N41/K41 -> 0.89090909 | S41: 0.36690972 | T41: 0.43680556 | U41: 4.8833333 | V41: 100.65 | AE41: =M41-J41 -> -218.18182 | AF41: =M41/J41 -> 0.89090909
B42: 便當 | C42: 美式雞丁餐盒 | E42: 59.34 | F42: 1140 | G42: =E42*F42 -> 67647.6 | I42: 24 | J42: 2000 | K42: =J42/I42 -> 83.333333 | L42: 24 | M42: =F42/V42*60 -> 1785.124 | N42: =M42/L42 -> 74.380165 | O42: =L42-I42 -> 0 | P42: =N42-K42 -> -8.953168 | Q42: =N42/K42 -> 0.89256198 | S42: 0.44097222 | T42: 0.46758102 | U42: 6 | V42: 38.316667 | AE42: =M42-J42 -> -214.87603 | AF42: =M42/J42 -> 0.89256198
B55: 平均 | I55: =AVERAGE(I39:I54) -> 23.5 | J55: =AVERAGE(J39:J54) -> 2000 | K55: =J55/I55 -> 85.106383 | L55: =AVERAGE(L39:L54) -> 23.5 | M55: =AVERAGE(M39:M54) -> 1783.2104 | N55: =M55/L55 -> 75.881295 | O55: =L55-I55 -> 0 | P55: =N55-K55 -> -9.2250881 | Q55: =N55/K55 -> 0.89160522 | S55: =S39 -> 0.29166667 | T55: =INDEX(T39:T54,COUNTA(T39:T54)) -> 0.46758102 | Y55: =SUM(Y39:Y54) -> 0 | Z55: =SUM(Z39:Z54) -> 0 | AC55: =SUM(AC39:AC54) -> 0 | AD55: =SUM(AD39:AD54) -> 0 | AE55: =M55-J55 -> -216.78957 | AF55: =M55/J55 -> 0.89160522
A56: 涼麵三線 | B56: 微波小吃 | C56: 日式茶碗蒸 | E56: 19.7 | F56: 3210 | G56: =E56*F56 -> 63237 | I56: 13 | J56: 1200 | K56: =J56/I56 -> 92.307692 | L56: 13 | M56: =F56/V56*60 -> 1079.5964 | N56: =M56/L56 -> 83.045878 | O56: =L56-I56 -> 0 | P56: =N56-K56 -> -9.2618144 | Q56: =N56/K56 -> 0.89966368 | R56: =Q72 -> 0.89292607 | S56: 0.25 | T56: 0.37388889 | V56: 178.4 | AE56: =M56-J56 -> -120.40359 | AF56: =M56/J56 -> 0.89966368 | AG56: =AF72 -> 0.89292607
B57: 季節調理麵 | C57: 東京豚骨風味拉麵 | E57: 71.84 | F57: 842 | G57: =E57*F57 -> 60489.28 | I57: 19 | J57: 1800 | K57: =J57/I57 -> 94.736842 | L57: 19 | M57: =F57/V57*60 -> 1607.211 | N57: =M57/L57 -> 84.590054 | O57: =L57-I57 -> 0 | P57: =N57-K57 -> -10.146788 | Q57: =N57/K57 -> 0.89289502 | S57: 0.37708333 | T57: 0.39891204 | U57: 4.6 | V57: 31.433333 | AE57: =M57-J57 -> -192.78897 | AF57: =M57/J57 -> 0.89289502
B58: 季節調理麵 | C58: 鴻運番茄湯麵 | E58: 56.43 | F58: 1174 | G58: =E58*F58 -> 66248.82 | I58: 19 | J58: 1800 | K58: =J58/I58 -> 94.736842 | L58: 19 | M58: =F58/V58*60 -> 1606.9962 | N58: =M58/L58 -> 84.578747 | O58: =L58-I58 -> 0 | P58: =N58-K58 -> -10.158095 | Q58: =N58/K58 -> 0.89277567 | S58: 0.40219907 | T58: 0.43263889 | U58: 4.7333333 | V58: 43.833333 | AE58: =M58-J58 -> -193.0038 | AF58: =M58/J58 -> 0.89277567
B59: 微波小吃 | C59: 韓式部隊鍋 | E59: 57.73 | F59: 1223 | G59: =E59*F59 -> 70603.79 | I59: 22 | J59: 1800 | K59: =J59/I59 -> 81.818182 | L59: 22 | M59: =F59/V59*60 -> 1606.8613 | N59: =M59/L59 -> 73.039151 | O59: =L59-I59 -> 0 | P59: =N59-K59 -> -8.7790312 | Q59: =N59/K59 -> 0.89270073 | S59: 0.43703704 | T59: 0.46875 | U59: 6.3333333 | V59: 45.666667 | W59: 0.46875 | X59: 0.50773148 | AE59: =M59-J59 -> -193.13869 | AF59: =M59/J59 -> 0.89270073
B60: 4℃-飯糰 | C60: 麻油雞飯糰 | E60: 29.97 | F60: 2230 | G60: =E60*F60 -> 66833.1 | I60: 21 | J60: 2790 | K60: =J60/I60 -> 132.85714 | L60: 21 | M60: =F60/V60*60 -> 2483.9109 | N60: =M60/L60 -> 118.28147 | O60: =L60-I60 -> 0 | P60: =N60-K60 -> -14.575672 | Q60: =N60/K60 -> 0.89029064 | S60: 0.50773148 | T60: 0.54513889 | U60: 56.133333 | V60: 53.866667 | AE60: =M60-J60 -> -306.08911 | AF60: =M60/J60 -> 0.89029064
B72: 平均 | I72: =AVERAGE(I56:I71) -> 18.8 | J72: =AVERAGE(J56:J71) -> 1878 | K72: =J72/I72 -> 99.893617 | L72: =AVERAGE(L56:L71) -> 18.8 | M72: =AVERAGE(M56:M71) -> 1676.9152 | N72: =M72/L72 -> 89.197615 | O72: =L72-I72 -> 0 | P72: =N72-K72 -> -10.696002 | Q72: =N72/K72 -> 0.89292607 | S72: =S56 -> 0.25 | T72: =INDEX(T56:T71,COUNTA(T56:T71)) -> 0.54513889 | Y72: =SUM(Y56:Y71) -> 0 | Z72: =SUM(Z56:Z71) -> 0 | AC72: =SUM(AC56:AC71) -> 0 | AD72: =SUM(AD56:AD71) -> 0 | AE72: =M72-J72 -> -201.08483 | AF72: =M72/J72 -> 0.89292607
A73: 自動包裝機 | B73: 4℃-壽司手卷 | C73: 香料咖哩烤雞飯卷 | E73: 24.94 | F73: 4052 | G73: =E73*F73 -> 101056.88 | I73: 6 | J73: 3273 | K73: =J73/I73 -> 545.5 | L73: 6 | M73: =F73/V73*60 -> 2757.5047 | N73: =M73/L73 -> 459.58412 | O73: =L73-I73 -> 0 | P73: =N73-K73 -> -85.915879 | Q73: =N73/K73 -> 0.84250068 | R73: =Q89 -> 0.86311935 | S73: 0.31527778 | T73: 0.37650463 | U73: 5 | V73: 88.166667 | AE73: =M73-J73 -> -515.49527 | AF73: =M73/J73 -> 0.84250068 | AG73: =AF89 -> 0.86311935
B74: 4℃-飯糰 | C74: 蟹味可樂餅風炸飯糰 | E74: 20.83 | F74: 2853 | G74: =E74*F74 -> 59427.99 | I74: 6 | J74: 3600 | K74: =J74/I74 -> 600 | L74: 6 | M74: =F74/V74*60 -> 3037.7995 | N74: =M74/L74 -> 506.29991 | O74: =L74-I74 -> 0 | P74: =N74-K74 -> -93.700089 | Q74: =N74/K74 -> 0.84383319 | S74: 0.37986111 | T74: 0.41899306 | U74: 4.8333333 | V74: 56.35 | AE74: =M74-J74 -> -562.20053 | AF74: =M74/J74 -> 0.84383319
B75: 4℃-壽司手卷 | C75: 明太子泡菜牛飯卷 | E75: 27.05 | F75: 622 | G75: =E75*F75 -> 16825.1 | I75: 6 | J75: 3273 | K75: =J75/I75 -> 545.5 | L75: 6 | M75: =F75/V75*60 -> 2961.9048 | N75: =M75/L75 -> 493.65079 | O75: =L75-I75 -> 0 | P75: =N75-K75 -> -51.849206 | Q75: =N75/K75 -> 0.90495104 | S75: 0.4225 | T75: 0.43125 | U75: 5.05 | V75: 12.6 | AE75: =M75-J75 -> -311.09524 | AF75: =M75/J75 -> 0.90495104
B89: 平均 | I89: =AVERAGE(I73:I88) -> 6 | J89: =AVERAGE(J73:J88) -> 3382 | K89: =J89/I89 -> 563.66667 | L89: =AVERAGE(L73:L88) -> 6 | M89: =AVERAGE(M73:M88) -> 2919.0697 | N89: =M89/L89 -> 486.51161 | O89: =L89-I89 -> 0 | P89: =N89-K89 -> -77.155058 | Q89: =N89/K89 -> 0.86311935 | S89: =S73 -> 0.31527778 | T89: =INDEX(T73:T88,COUNTA(T73:T88)) -> 0.43125 | Y89: =SUM(Y73:Y88) -> 0 | Z89: =SUM(Z73:Z88) -> 0 | AC89: =SUM(AC73:AC88) -> 0 | AD89: =SUM(AD73:AD88) -> 0 | AE89: =M89-J89 -> -462.93035 | AF89: =M89/J89 -> 0.86311935
A90: 涼麵一線 (二配) | B90: 微波主食 | C90: 二配里肌豬排可可咖哩歐姆蛋飯 | E90: 56.79 | F90: 1475 | G90: =E90*F90 -> 83765.25 | I90: 23 | J90: 2000 | K90: =J90/I90 -> 86.956522 | L90: 23 | M90: =F90/V90*60 -> 1783.6748 | N90: =M90/L90 -> 77.55108 | O90: =L90-I90 -> 0 | P90: =N90-K90 -> -9.4054417 | Q90: =N90/K90 -> 0.89183742 | R90: =Q106 -> 0.89127781 | S90: 0.70859954 | T90: 0.74305556 | V90: 49.616667 | AE90: =M90-J90 -> -216.32516 | AF90: =M90/J90 -> 0.89183742 | AG90: =AF106 -> 0.89127781
B91: 微波主食 | C91: 二配黃金雞排蘑菇白醬歐姆蛋飯 | E91: 56.87 | F91: 1181 | G91: =E91*F91 -> 67163.47 | I91: 23 | J91: 2000 | K91: =J91/I91 -> 86.956522 | L91: 23 | M91: =F91/V91*60 -> 1782.6415 | N91: =M91/L91 -> 77.506153 | O91: =L91-I91 -> 0 | P91: =N91-K91 -> -9.4503692 | Q91: =N91/K91 -> 0.89132075 | S91: 0.74670139 | T91: 0.77430556 | U91: 5.25 | V91: 39.75 | AE91: =M91-J91 -> -217.35849 | AF91: =M91/J91 -> 0.89132075
B92: 微波主食 | C92: 二配哞哞培根奶香海陸焗飯 | E92: 47.6 | F92: 1385 | G92: =E92*F92 -> 65926 | I92: 23 | J92: 2000 | K92: =J92/I92 -> 86.956522 | L92: 23 | M92: =F92/V92*60 -> 1781.3505 | N92: =M92/L92 -> 77.450021 | O92: =L92-I92 -> 0 | P92: =N92-K92 -> -9.5065008 | Q92: =N92/K92 -> 0.89067524 | S92: 0.77802083 | T92: 0.81041667 | U92: 5.35 | V92: 46.65 | AE92: =M92-J92 -> -218.64952 | AF92: =M92/J92 -> 0.89067524
B106: 平均 | I106: =AVERAGE(I90:I105) -> 23 | J106: =AVERAGE(J90:J105) -> 2000 | K106: =J106/I106 -> 86.956522 | L106: =AVERAGE(L90:L105) -> 23 | M106: =AVERAGE(M90:M105) -> 1782.5556 | N106: =M106/L106 -> 77.502418 | O106: =L106-I106 -> 0 | P106: =N106-K106 -> -9.4541039 | Q106: =N106/K106 -> 0.89127781 | S106: =S90 -> 0.70859954 | T106: =INDEX(T90:T105,COUNTA(T90:T105)) -> 0.81041667 | Y106: =SUM(Y90:Y105) -> 0 | Z106: =SUM(Z90:Z105) -> 0 | AC106: =SUM(AC90:AC105) -> 0 | AD106: =SUM(AD90:AD105) -> 0 | AE106: =M106-J106 -> -217.44439 | AF106: =M106/J106 -> 0.89127781
A107: 涼麵二線 (二配) | B107: 微波主食 | C107: 二配西班牙風味海鮮燉飯 | E107: 57.3 | F107: 833 | G107: =E107*F107 -> 47730.9 | I107: 21 | J107: 2000 | K107: =J107/I107 -> 95.238095 | L107: 21 | M107: =F107/V107*60 -> 1783.9381 | N107: =M107/L107 -> 84.949435 | O107: =L107-I107 -> 0 | P107: =N107-K107 -> -10.28866 | Q107: =N107/K107 -> 0.89196907 | R107: =Q123 -> 0.89191974 | S107: 0.70833333 | T107: 0.72778935 | V107: 28.016667 | AE107: =M107-J107 -> -216.06187 | AF107: =M107/J107 -> 0.89196907 | AG107: =AF123 -> 0.89191974
B108: 微波主食 | C108: 二配乳酪燻腸紅醬焗飯 | E108: 50.67 | F108: 180 | G108: =E108*F108 -> 9120.6 | I108: 20 | J108: 2000 | K108: =J108/I108 -> 100 | L108: 20 | M108: =F108/V108*60 -> 1785.124 | N108: =M108/L108 -> 89.256198 | O108: =L108-I108 -> 0 | P108: =N108-K108 -> -10.743802 | Q108: =N108/K108 -> 0.89256198 | S108: 0.73125 | T108: 0.73545139 | U108: 4.9833333 | V108: 6.05 | AE108: =M108-J108 -> -214.87603 | AF108: =M108/J108 -> 0.89256198
B109: 微波主食 | C109: 二配失控起司薯餅焗飯 | E109: 54.09 | F109: 1077 | G109: =E109*F109 -> 58254.93 | I109: 19 | J109: 2000 | K109: =J109/I109 -> 105.26316 | L109: 19 | M109: =F109/V109*60 -> 1783.4407 | N109: =M109/L109 -> 93.865298 | O109: =L109-I109 -> 0 | P109: =N109-K109 -> -11.39786 | Q109: =N109/K109 -> 0.89172033 | S109: 0.73958333 | T109: 0.76474537 | U109: 5.95 | V109: 36.233333 | AE109: =M109-J109 -> -216.55934 | AF109: =M109/J109 -> 0.89172033
B110: 微波主食 | C110: 二配蒙古風味烤肉飯 | E110: 58.17 | F110: 1555 | G110: =E110*F110 -> 90454.35 | I110: 19 | J110: 1800 | K110: =J110/I110 -> 94.736842 | L110: 19 | M110: =F110/V110*60 -> 1604.4712 | N110: =M110/L110 -> 84.445852 | O110: =L110-I110 -> 0 | P110: =N110-K110 -> -10.29099 | Q110: =N110/K110 -> 0.89137289 | S110: 0.76805556 | T110: 0.8084375 | U110: 4.7666667 | V110: 58.15 | AE110: =M110-J110 -> -195.5288 | AF110: =M110/J110 -> 0.89137289
B123: 平均 | I123: =AVERAGE(I107:I122) -> 19.75 | J123: =AVERAGE(J107:J122) -> 1950 | K123: =J123/I123 -> 98.734177 | L123: =AVERAGE(L107:L122) -> 19.75 | M123: =AVERAGE(M107:M122) -> 1739.2435 | N123: =M123/L123 -> 88.062961 | O123: =L123-I123 -> 0 | P123: =N123-K123 -> -10.671216 | Q123: =N123/K123 -> 0.89191974 | S123: =S107 -> 0.70833333 | T123: =INDEX(T107:T122,COUNTA(T107:T122)) -> 0.8084375 | Y123: =SUM(Y107:Y122) -> 0 | Z123: =SUM(Z107:Z122) -> 0 | AC123: =SUM(AC107:AC122) -> 0 | AD123: =SUM(AD107:AD122) -> 0 | AE123: =M123-J123 -> -210.75651 | AF123: =M123/J123 -> 0.89191974
AA125: 原因回覆
AA126: 1.當日出勤人數較多
AA127: 2.當日出勤人數較少
AA128: 3.當日出勤熟手較多
AA129: 4.當日出勤新人較多
AA130: 5.機台夾盒
AA131: 6.封膜不順
AA132: 7.更換膠膜
AA133: 8.更換碳帶
AA134: 9.當日熱轉印碳帶異常
AA135: 10.訂單量過少
AA136: 11.新品上市，尚未熟悉
AA137: 12.活動期間品項需貼標

Sheet 0225
B1: 屏榮 大溪廠組合室生產人時性分析
B3: 日期 | C3: 115.02.25星期三 | E3: 訂單量 | F3: ='0225(18度C)'!D1+'0225(4度C)'!D1 -> 156618 | H3: 營業額 | I3: ='0225(18度C)'!F1+'0225(4度C)'!F1 -> 4692647.5
B4: 人時性 | C4: 項目 | E4: ➀ | G4: ➁ | I4: ➂ | K4: ④ | M4: ⑤ | O4: 異常停線 | Q4: 短暫停線
C5: 組合室 | E5: 全溫層 | G5: 4度C-各編組展開(一配) | I5: 4度C-各編組展開(二配) | K5: 18度C-各編組展開(一配) | M5: 18度C-各編組展開(二配) | O5: 合計次數 | P5: 時間 | Q5: 合計次數 | R5: 設備次數
C6: 排關平均 | E6: =AVERAGE(D14:O14,D32:X32) -> 524.44288 | F6: =AVERAGE(#REF!,D14:K14) -> #REF! | G6: =AVERAGE(D14:K14) -> 184.99717 | I6: =AVERAGE(L14:O14) -> 92.845349 | K6: =AVERAGE(D32:O32) -> 733.74087 | M6: =AVERAGE(P32:X32) -> 785.37 | O6: ='0225(4度C)'!Y2 -> 0 | P6: ='0225(4度C)'!Z2 -> 0 | Q6: ='0225(4度C)'!AC2 -> 0 | R6: ='0225(4度C)'!AD2 -> 0
C7: 實績平均 | E7: =AVERAGE(D15:O15,D33:X33) -> 465.03721 | F7: =AVERAGE(#REF!,D15:K15) -> #REF! | G7: =AVERAGE(D15:K15) -> 160.74104 | I7: =AVERAGE(L15:O15) -> 82.776605 | K7: =AVERAGE(D33:O33) -> 652.53326 | M7: =AVERAGE(P33:X33) -> 697.24237
C8: 達成率平均 | E8: =AVERAGE(D16:O16,D34:X34) -> 0.88746485 | F8: =AVERAGE(D16:K16,#REF!) -> #REF! | G8: =AVERAGE(D16:K16) -> 0.88442241 | I8: =AVERAGE(L16:O16) -> 0.89153913 | K8: =AVERAGE(D34:O34) -> 0.88931751 | M8: =AVERAGE(P34:X34) -> 0.88665439
O9: ※現行日本鮮食廠以達成率80%為基本(即為現行KPI)
B11: 溫層 | D11: ➁4度C-各編組展開 | L11: ➂4度C-各編組展開
B12: 編組 | D12: 1 | E12: 2 | F12: 3 | G12: 4 | H12: 5 | I12: 6 | J12: 7 | K12: 8 | L12: 1 | M12: 2 | N12: 3 | O12: 4
D13: 便當一線 | E13: 便當二線 | F13: 涼麵一線 | G13: 涼麵二線 | H13: 涼麵三線 | I13: 自動包裝機 | J13: 自動包裝機2 | K13: 自動包裝機3 | L13: 便當一線 | M13: 便當二線 | N13: 涼麵一線 | O13: 涼麵二線
B14: 人時性 | C14: 排關 | D14: - | E14: 81.081081 | F14: 95.238095 | G14: 85.106383 | H14: 99.893617 | I14: 563.66667 | J14: - | K14: - | L14: - | M14: - | N14: 86.956522 | O14: 98.734177
C15: 實績 | D15: - | E15: 72.308565 | F15: 84.920832 | G15: 75.888805 | H15: 89.195928 | I15: 481.39109 | J15: - | K15: - | L15: - | M15: - | N15: 77.505312 | O15: 88.047899
C16: 達成率 | D16: - | E16: =E15/E14 -> 0.89180564 | F16: =F15/F14 -> 0.89166874 | G16: =G15/G14 -> 0.89169346 | H16: =H15/H14 -> 0.89290918 | I16: =I15/I14 -> 0.85403505 | J16: - | K16: - | L16: - | M16: - | N16: =N15/N14 -> 0.89131109 | O16: =O15/O14 -> 0.89176718
B17: 作業 時間 | C17: 開始 | D17: - | E17: 0.29166667 | F17: 0.29166667 | G17: 0.29171296 | H17: 0.25005787 | I17: 0.3375 | J17: - | K17: - | L17: - | M17: - | N17: 0.70833333 | O17: 0.70866898
C18: 結束 | D18: - | E18: 0.59332176 | F18: 0.47777778 | G18: 0.53680556 | H18: 0.57103009 | I18: 0.46881944 | J18: - | K18: - | L18: - | M18: - | N18: 0.81688657 | O18: 0.82361111
B19: 產線異常 (5分鐘以上) | C19: 次數
C20: 時間/分
B21: 短暫停線 (5分鐘以下) | C21: 次數
C22: 設備次數
B23: 配置人數 | D23: - | E23: 24.666667 | F23: 21 | G23: 23.5 | H23: 18.8 | I23: 6 | J23: - | K23: - | L23: - | M23: - | N23: 23 | O23: 19.75
B24: 主要應用設備 | D24: L型封口機 | E24: ET-55 | F24: ET-55 | G24: ET-55 | H24: ET-600 | I24: 伺服包裝機 | J24: 伺服包裝機 | K24: 伺服包裝機 | L24: L型封口機 | M24: ET-55 | N24: ET-55 | O24: ET-55
B25: 次要應用設備 | D25: 伺服包裝機 | H25: 伺服包裝機
B26: 備註 | H26: 涼麵+烤飯糰 | I26: 大口飯糰線 | K26: 烤飯糰+手卷
B29: 溫層 | D29: ➃18度C-各編組展開 (一配) | P29: ⑤18度C-各編組展開 (二配)
B30: 編組 | D30: 1 | E30: 2 | F30: 3 | G30: 4 | H30: 5 | I30: 6 | J30: 7 | K30: 8 | L30: 9 | M30: 10 | N30: 11 | O30: 12 | P30: 1 | Q30: 2 | R30: 3 | S30: 4 | T30: 5 | U30: 6 | V30: 7 | W30: 8 | X30: 9
D31: 便當一線 | E31: 涼麵一線 | F31: 涼麵三線 | G31: 自動包裝機 | H31: 自動包裝機2 | I31: 自動包裝機3 | J31: 味付飯糰線B | K31: (舊) 3300型飯糰線 | L31: 3000型飯糰線 | M31: (新) 3300型飯糰機 | N31: GKK3600型 飯糰機 | O31: GKK3600型 飯糰機2 | P31: 自動包裝機 | Q31: 自動包裝機2 | R31: 自動包裝機3 | S31: 味付飯糰線B | T31: (舊) 3300型飯糰線 | U31: 3000型飯糰線 | V31: (新) 3300型飯糰機 | W31: GKK3600型 飯糰機 | X31: GKK3600型 飯糰機2
B32: 人時性 | C32: 排關 | D32: - | E32: - | F32: - | G32: 306.38298 | H32: 433.33333 | I32: - | J32: - | K32: 761.53846 | L32: - | M32: 825 | N32: 1133.3333 | O32: 942.85714 | P32: 306.38298 | Q32: - | R32: - | S32: - | T32: 787.5 | U32: - | V32: 761.53846 | W32: 1100 | X32: 971.42857
C33: 實績 | D33: - | E33: - | F33: - | G33: 267.68953 | H33: 390.08311 | I33: - | J33: - | K33: 684.3092 | L33: - | M33: 740.15052 | N33: 997.41126 | O33: 835.55594 | P33: 267.65008 | Q33: - | R33: - | S33: - | T33: 704.82957 | U33: - | V33: 684.09355 | W33: 973.11532 | X33: 856.52335
C34: 達成率 | D34: - | E34: - | F34: - | G34: =G33/G32 -> 0.87370887 | H34: =H33/H32 -> 0.90019178 | I34: - | J34: - | K34: =K33/K32 -> 0.89858784 | L34: - | M34: =M33/M32 -> 0.89715214 | N34: =N33/N32 -> 0.88006876 | O34: =O33/O32 -> 0.88619569 | P34: =P33/P32 -> 0.87358011 | Q34: - | R34: - | S34: - | T34: =T33/T32 -> 0.89502168 | U34: - | V34: =V33/V32 -> 0.89830467 | W34: =W33/W32 -> 0.88465029 | X34: =X33/X32 -> 0.88171522
B35: 作業 時間 | C35: 開始 | D35: - | E35: - | F35: - | G35: 0.20833333 | H35: 0.29166667 | I35: - | J35: - | K35: 0.29166667 | L35: - | M35: 0.29196759 | N35: 0.25032407 | O35: 0.29184028 | P35: 0.70833333 | Q35: - | R35: - | S35: - | T35: 0.70834491 | U35: - | V35: 0.7084838 | W35: 0.70833333 | X35: 0.70833333
C36: 結束 | D36: - | E36: - | F36: - | G36: 0.33333333 | H36: 0.33850694 | I36: - | J36: - | K36: 0.41041667 | L36: - | M36: 0.42569444 | N36: 0.44878472 | O36: 0.45579861 | P36: 0.81548611 | Q36: - | R36: - | S36: - | T36: 0.85835648 | U36: - | V36: 0.84791667 | W36: 0.98194444 | X36: 0.98263889
B37: 配置人數 | D37: - | E37: - | F37: - | G37: 11.75 | H37: 6 | I37: - | J37: - | K37: 4.3333333 | L37: - | M37: 4 | N37: 3 | O37: 3.5 | P37: 11.75 | Q37: - | R37: - | S37: - | T37: 4 | U37: - | V37: 4.3333333 | W37: 3 | X37: 3.5
B38: 主要應用設備 | D38: 伺服包裝機 | E38: ET-55 | F38: ET-600 | G38: 夾心型 | H38: 伺服包裝機 | I38: 伺服包裝機 | J38: 夾心型 | K38: 3300型 | L38: 3300型 | M38: 3300型 | N38: GKK | O38: GKK | P38: 夾心型 | Q38: 伺服包裝機 | R38: 伺服包裝機 | S38: 夾心型 | T38: 3300型 | U38: 3300型 | V38: 3300型 | W38: GKK | X38: GKK
B39: 次要應用設備
B40: 備註

Sheet 0225(18度C)
A1: 大溪廠日報分析 | C1: 總生產量 | D1: =SUM(F5:F191) -> 102640 | E1: 營業額 | F1: =SUM(G5:G191) -> 2033336.3 | G1: 出勤人數 | H1: =L21+L38+L55+L72+L89+L106+L123+L140+L157+L174+L191 -> 59.166667 | I1: 產線配置圖 | L1: 生產實績 | O1: 人時性差異分析 | S1: 日報登錄 | Y1: 分析說明 | AA1: 產能差異分析
A2: 46078 | C2: 人時性 | D2: =AVERAGE(N21,N38,N55,N72,N89,N106,N123,N140,N157,N174,N191) -> 672.85558 | E2: 平均廠價 | F2: =F1/D1 -> 19.810369 | G2: 多次生產數 | H2: =COUNT(H5:H191) -> 3
A3: 線別 | B3: 品類 | C3: 品名 | E3: 廠價 | F3: 生產量 | G3: 營收 | H3: 多次 生產 | I3: 人數 | J3: 產能/時 | K3: 人時性 | L3: 人數 | M3: 產能/時 | N3: 人時性 | O3: 人數 | P3: 人時性 | Q3: 達成率 | R3: 達成率 平均 | S3: 生產時間 | U3: 換線、休息/分 | V3: 稼動時間/分 | W3: 休息時間 | Y3: (屏榮回填) | AA3: 產能/時 | AB3: 達成率 | AC3: 達成率平均
S4: 開始 | T4: 結束 | W4: 開始 | X4: 結束
A5: 自動包裝機 | B5: 18℃-飯糰 | C5: 一配兩粒飯糰(鮪魚.焦糖鮭魚) | E5: 28.57 | F5: 2096 | G5: =E5*F5 -> 59882.72 | I5: 12 | J5: 3600 | K5: =J5/I5 -> 300 | L5: 12 | M5: =F5/V5*60 -> 3125.7664 | N5: =M5/L5 -> 260.48053 | O5: =L5-I5 -> 0 | P5: =N5-K5 -> -39.51947 | Q5: =N5/K5 -> 0.86826843 | R5: =Q21 -> 0.87370887 | S5: 0.20833333 | T5: 0.23627315 | V5: 40.233333 | AA5: =M5-J5 -> -474.23364 | AB5: =M5/J5 -> 0.86826843 | AC5: =AB21 -> 0.87370887
B6: 18℃-壽司手卷 | C6: 一配海饌雙手卷 | E6: 29.85 | F6: 2424 | G6: =E6*F6 -> 72356.4 | I6: 12 | J6: 3600 | K6: =J6/I6 -> 300 | L6: 12 | M6: =F6/V6*60 -> 3140.1223 | N6: =M6/L6 -> 261.67686 | O6: =L6-I6 -> 0 | P6: =N6-K6 -> -38.323138 | Q6: =N6/K6 -> 0.87225621 | S6: 0.24027778 | T6: 0.27244213 | U6: 5.7666667 | V6: 46.316667 | AA6: =M6-J6 -> -459.87765 | AB6: =M6/J6 -> 0.87225621
B7: 18℃-壽司手卷 | C7: 一配雙饗雙手卷 | E7: 29.52 | F7: 2245 | G7: =E7*F7 -> 66272.4 | I7: 12 | J7: 3600 | K7: =J7/I7 -> 300 | L7: 12 | M7: =F7/V7*60 -> 3139.8601 | N7: =M7/L7 -> 261.65501 | O7: =L7-I7 -> 0 | P7: =N7-K7 -> -38.344988 | Q7: =N7/K7 -> 0.87218337 | S7: 0.27576389 | T7: 0.30555556 | U7: 4.7833333 | V7: 42.9 | AA7: =M7-J7 -> -460.13986 | AB7: =M7/J7 -> 0.87218337
B8: 18℃-壽司手卷 | C8: 一配長野稻荷壽司 | E8: 25.64 | F8: 1841 | G8: =E8*F8 -> 47203.24 | I8: 11 | J8: 3600 | K8: =J8/I8 -> 327.27273 | L8: 11 | M8: =F8/V8*60 -> 3175.6588 | N8: =M8/L8 -> 288.69626 | O8: =L8-I8 -> 0 | P8: =N8-K8 -> -38.576469 | Q8: =N8/K8 -> 0.88212746 | S8: 0.30917824 | T8: 0.33333333 | U8: 5.2166667 | V8: 34.783333 | AA8: =M8-J8 -> -424.34116 | AB8: =M8/J8 -> 0.88212746
B21: 平均 | I21: =AVERAGE(I5:I20) -> 11.75 | J21: =AVERAGE(J5:J20) -> 3600 | K21: =J21/I21 -> 306.38298 | L21: =AVERAGE(L5:L20) -> 11.75 | M21: =AVERAGE(M5:M20) -> 3145.3519 | N21: =M21/L21 -> 267.68953 | O21: =L21-I21 -> 0 | P21: =N21-K21 -> -38.693453 | Q21: =N21/K21 -> 0.87370887 | S21: =S5 -> 0.20833333 | T21: =INDEX(T5:T20,COUNTA(T5:T20)) -> 0.33333333 | AA21: =M21-J21 -> -454.64808 | AB21: =M21/J21 -> 0.87370887
A22: 自動包裝機2 | B22: 18℃-壽司手卷 | C22: 一配雙鬆細卷 | E22: 14.03 | F22: 1096 | G22: =E22*F22 -> 15376.88 | I22: 6 | J22: 2600 | K22: =J22/I22 -> 433.33333 | L22: 6 | M22: =F22/V22*60 -> 2340.2135 | N22: =M22/L22 -> 390.03559 | O22: =L22-I22 -> 0 | P22: =N22-K22 -> -43.297746 | Q22: =N22/K22 -> 0.90008212 | R22: =Q38 -> 0.90019178 | S22: 0.29166667 | T22: 0.31118056 | V22: 28.1 | AA22: =M22-J22 -> -259.78648 | AB22: =M22/J22 -> 0.90008212 | AC22: =AB38 -> 0.90019178
B23: 18℃-壽司手卷 | C23: 一配經典鮪魚沙拉細卷 | E23: 14.49 | F23: 1344 | G23: =E23*F23 -> 19474.56 | I23: 6 | J23: 2600 | K23: =J23/I23 -> 433.33333 | L23: 6 | M23: =F23/V23*60 -> 2340.7837 | N23: =M23/L23 -> 390.13062 | O23: =L23-I23 -> 0 | P23: =N23-K23 -> -43.202709 | Q23: =N23/K23 -> 0.90030144 | S23: 0.31458333 | T23: 0.33850694 | U23: 4.9 | V23: 34.45 | AA23: =M23-J23 -> -259.21626 | AB23: =M23/J23 -> 0.90030144
B38: 平均 | I38: =AVERAGE(I22:I37) -> 6 | J38: =AVERAGE(J22:J37) -> 2600 | K38: =J38/I38 -> 433.33333 | L38: =AVERAGE(L22:L37) -> 6 | M38: =AVERAGE(M22:M37) -> 2340.4986 | N38: =M38/L38 -> 390.08311 | O38: =L38-I38 -> 0 | P38: =N38-K38 -> -43.250228 | Q38: =N38/K38 -> 0.90019178 | S38: =S22 -> 0.29166667 | T38: =INDEX(T22:T37,COUNTA(T22:T37)) -> 0.33850694 | AA38: =M38-J38 -> -259.50137 | AB38: =M38/J38 -> 0.90019178
A39: (舊) 3300型飯糰線 | B39: 18℃-飯糰 | C39: 一配壹號醬炙烤牛飯糰 | E39: 22.28 | F39: 1250 | G39: =E39*F39 -> 27850 | I39: 5 | J39: 3300 | K39: =J39/I39 -> 660 | L39: 5 | M39: =F39/V39*60 -> 2966.381 | N39: =M39/L39 -> 593.2762 | O39: =L39-I39 -> 0 | P39: =N39-K39 -> -66.723797 | Q39: =N39/K39 -> 0.89890334 | R39: =Q55 -> 0.89858784 | S39: 0.29166667 | T39: 0.30922454 | V39: 25.283333 | AA39: =M39-J39 -> -333.61898 | AB39: =M39/J39 -> 0.89890334 | AC39: =AB55 -> 0.89858784
B40: 18℃-飯糰 | C40: 一配照燒雞肉飯糰 | E40: 21.45 | F40: 1553 | G40: =E40*F40 -> 33311.85 | I40: 4 | J40: 3300 | K40: =J40/I40 -> 825 | L40: 4 | M40: =F40/V40*60 -> 2965.9416 | N40: =M40/L40 -> 741.48541 | O40: =L40-I40 -> 0 | P40: =N40-K40 -> -83.514589 | Q40: =N40/K40 -> 0.8987702 | S40: 0.3125 | T40: 0.33431713 | U40: 4.7166667 | V40: 31.416667 | AA40: =M40-J40 -> -334.05836 | AB40: =M40/J40 -> 0.8987702
B41: 18℃-飯糰 | C41: 一配雞肉飯飯糰 | E41: 16.66 | F41: 5184 | G41: =E41*F41 -> 86365.44 | I41: 4 | J41: 3300 | K41: =J41/I41 -> 825 | L41: 4 | M41: =F41/V41*60 -> 2963.697 | N41: =M41/L41 -> 740.92425 | O41: =L41-I41 -> 0 | P41: =N41-K41 -> -84.07575 | Q41: =N41/K41 -> 0.89809 | S41: 0.33753472 | T41: 0.41041667 | U41: 4.6333333 | V41: 104.95 | AA41: =M41-J41 -> -336.303 | AB41: =M41/J41 -> 0.89809
B55: 平均 | I55: =AVERAGE(I39:I54) -> 4.3333333 | J55: =AVERAGE(J39:J54) -> 3300 | K55: =J55/I55 -> 761.53846 | L55: =AVERAGE(L39:L54) -> 4.3333333 | M55: =AVERAGE(M39:M54) -> 2965.3399 | N55: =M55/L55 -> 684.3092 | O55: =L55-I55 -> 0 | P55: =N55-K55 -> -77.229257 | Q55: =N55/K55 -> 0.89858784 | S55: =S39 -> 0.29166667 | T55: =INDEX(T39:T54,COUNTA(T39:T54)) -> 0.41041667 | AA55: =M55-J55 -> -334.66011 | AB55: =M55/J55 -> 0.89858784
A56: (新) 3300型飯糰機 | B56: 18℃-飯糰 | C56: 一配鹽蔥燒肉飯糰 | E56: 17.89 | F56: 3286 | G56: =E56*F56 -> 58786.54 | I56: 4 | J56: 3300 | K56: =J56/I56 -> 825 | L56: 4 | M56: =F56/V56*60 -> 2961.8428 | N56: =M56/L56 -> 740.46069 | O56: =L56-I56 -> 0 | P56: =N56-K56 -> -84.539309 | Q56: =N56/K56 -> 0.89752811 | R56: =Q72 -> 0.89715214 | S56: 0.29196759 | T56: 0.33819444 | V56: 66.566667 | AA56: =M56-J56 -> -338.15724 | AB56: =M56/J56 -> 0.89752811 | AC56: =AB72 -> 0.89715214
B57: 18℃-飯糰 | C57: 一配紅運烏魚子紹興飯糰 | E57: 27.27 | F57: 2109 | G57: =E57*F57 -> 57512.43 | I57: 5 | J57: 3300 | K57: =J57/I57 -> 660 | L57: 5 | M57: =F57/V57*60 -> 2960 | N57: =M57/L57 -> 592 | O57: =L57-I57 -> 0 | P57: =N57-K57 -> -68 | Q57: =N57/K57 -> 0.8969697 | S57: 0.34184028 | T57: 0.37152778 | U57: 5.25 | V57: 42.75 | AA57: =M57-J57 -> -340 | AB57: =M57/J57 -> 0.8969697
B58: 18℃-飯糰 | C58: 一配鮭魚奶油醬油飯糰 | E58: 18.53 | F58: 3598 | G58: =E58*F58 -> 66670.94 | I58: 3 | J58: 3300 | K58: =J58/I58 -> 1100 | L58: 3 | M58: =F58/V58*60 -> 2959.9634 | N58: =M58/L58 -> 986.65448 | O58: =L58-I58 -> 0 | P58: =N58-K58 -> -113.34552 | Q58: =N58/K58 -> 0.89695862 | S58: 0.3750463 | T58: 0.42569444 | U58: 5.0666667 | V58: 72.933333 | AA58: =M58-J58 -> -340.03656 | AB58: =M58/J58 -> 0.89695862
B72: 平均 | I72: =AVERAGE(I56:I71) -> 4 | J72: =AVERAGE(J56:J71) -> 3300 | K72: =J72/I72 -> 825 | L72: =AVERAGE(L56:L71) -> 4 | M72: =AVERAGE(M56:M71) -> 2960.6021 | N72: =M72/L72 -> 740.15052 | O72: =L72-I72 -> 0 | P72: =N72-K72 -> -84.849483 | Q72: =N72/K72 -> 0.89715214 | S72: =S56 -> 0.29196759 | T72: =INDEX(T56:T71,COUNTA(T56:T71)) -> 0.42569444 | AA72: =M72-J72 -> -339.39793 | AB72: =M72/J72 -> 0.89715214
A73: GKK3600型 飯糰機 | B73: 18℃-飯糰 | C73: 一配蔬食鮪魚飯糰 | E73: 18.18 | F73: 1233 | G73: =E73*F73 -> 22415.94 | I73: 3 | J73: 3600 | K73: =J73/I73 -> 1200 | L73: 3 | M73: =F73/V73*60 -> 3143.6261 | N73: =M73/L73 -> 1047.8754 | O73: =L73-I73 -> 0 | P73: =N73-K73 -> -152.12465 | Q73: =N73/K73 -> 0.87322946 | R73: =Q89 -> 0.88006876 | S73: 0.25032407 | T73: 0.26666667 | V73: 23.533333 | AA73: =M73-J73 -> -456.37394 | AB73: =M73/J73 -> 0.87322946 | AC73: =AB89 -> 0.88006876
B74: 18℃-飯糰 | C74: 一配經典肉鬆飯糰 | E74: 14.03 | F74: 4872 | G74: =E74*F74 -> 68354.16 | I74: 3 | J74: 3000 | K74: =J74/I74 -> 1000 | L74: 3 | M74: =F74/V74*60 -> 2692.9526 | N74: =M74/L74 -> 897.65085 | O74: =L74-I74 -> 0 | P74: =N74-K74 -> -102.34915 | Q74: =N74/K74 -> 0.89765085 | S74: 0.27739583 | T74: 0.35277778 | U74: 15.45 | V74: 108.55 | AA74: =M74-J74 -> -307.04744 | AB74: =M74/J74 -> 0.89765085
B75: 18℃-飯糰 | C75: 一配鮪魚飯糰 | E75: 14.28 | F75: 6398 | G75: =E75*F75 -> 91363.44 | I75: 3 | J75: 3600 | K75: =J75/I75 -> 1200 | L75: 3 | M75: =F75/V75*60 -> 3140.1227 | N75: =M75/L75 -> 1046.7076 | O75: =L75-I75 -> 0 | P75: =N75-K75 -> -153.29243 | Q75: =N75/K75 -> 0.87225631 | S75: 0.36388889 | T75: 0.44878472 | U75: 16 | V75: 122.25 | AA75: =M75-J75 -> -459.8773 | AB75: =M75/J75 -> 0.87225631
B89: 平均 | I89: =AVERAGE(I73:I88) -> 3 | J89: =AVERAGE(J73:J88) -> 3400 | K89: =J89/I89 -> 1133.3333 | L89: =AVERAGE(L73:L88) -> 3 | M89: =AVERAGE(M73:M88) -> 2992.2338 | N89: =M89/L89 -> 997.41126 | O89: =L89-I89 -> 0 | P89: =N89-K89 -> -135.92208 | Q89: =N89/K89 -> 0.88006876 | S89: =S73 -> 0.25032407 | T89: =INDEX(T73:T88,COUNTA(T73:T88)) -> 0.44878472 | AA89: =M89-J89 -> -407.76623 | AB89: =M89/J89 -> 0.88006876
A90: GKK3600型 飯糰機2 | B90: 18℃-飯糰 | C90: 一配熟成紅鮭飯糰 | E90: 25.03 | F90: 1648 | G90: =E90*F90 -> 41249.44 | I90: 4 | J90: 3300 | K90: =J90/I90 -> 825 | L90: 4 | M90: =F90/V90*60 -> 2929.7778 | N90: =M90/L90 -> 732.44444 | O90: =L90-I90 -> 0 | P90: =N90-K90 -> -92.555556 | Q90: =N90/K90 -> 0.88781145 | R90: =Q106 -> 0.88619569 | S90: 0.29184028 | T90: 0.31527778 | V90: 33.75 | AA90: =M90-J90 -> -370.22222 | AB90: =M90/J90 -> 0.88781145 | AC90: =AB106 -> 0.88619569
B91: 18℃-飯糰 | C91: 一配北海道秋鮭親子飯糰 | E91: 24.82 | F91: 1993 | G91: =E91*F91 -> 49466.26 | I91: 4 | J91: 3300 | K91: =J91/I91 -> 825 | L91: 4 | M91: =F91/V91*60 -> 2932.0801 | N91: =M91/L91 -> 733.02002 | O91: =L91-I91 -> 0 | P91: =N91-K91 -> -91.979975 | Q91: =N91/K91 -> 0.88850912 | S91: 0.32584491 | T91: 0.35416667 | U91: 15.216667 | V91: 40.783333 | AA91: =M91-J91 -> -367.9199 | AB91: =M91/J91 -> 0.88850912
B92: 18℃-飯糰 | C92: 一配贅沢鮭魚肚飯糰 | E92: 30 | F92: 3000 | G92: =E92*F92 -> 90000 | I92: 3 | J92: 3000 | K92: =J92/I92 -> 1000 | L92: 3 | M92: =F92/V92*60 -> 2692.5954 | N92: =M92/L92 -> 897.53179 | O92: =L92-I92 -> 0 | P92: =N92-K92 -> -102.46821 | Q92: =N92/K92 -> 0.89753179 | S92: 0.36538194 | T92: 0.41180556 | U92: 16.15 | V92: 66.85 | AA92: =M92-J92 -> -307.40464 | AB92: =M92/J92 -> 0.89753179
B93: 18℃-飯糰 | C93: 一配明太子龍蝦風味沙拉飯糰 | E93: 18.18 | F93: 2533 | G93: =E93*F93 -> 46049.94 | I93: 3 | J93: 3600 | K93: =J93/I93 -> 1200 | L93: 3 | M93: =F93/V93*60 -> 3143.3299 | N93: =M93/L93 -> 1047.7766 | O93: =L93-I93 -> 0 | P93: =N93-K93 -> -152.22337 | Q93: =N93/K93 -> 0.87314719 | S93: 0.42222222 | T93: 0.45579861 | U93: 15 | V93: 48.35 | AA93: =M93-J93 -> -456.67011 | AB93: =M93/J93 -> 0.87314719
B106: 平均 | I106: =AVERAGE(I90:I105) -> 3.5 | J106: =AVERAGE(J90:J105) -> 3300 | K106: =J106/I106 -> 942.85714 | L106: =AVERAGE(L90:L105) -> 3.5 | M106: =AVERAGE(M90:M105) -> 2924.4458 | N106: =M106/L106 -> 835.55594 | O106: =L106-I106 -> 0 | P106: =N106-K106 -> -107.30121 | Q106: =N106/K106 -> 0.88619569 | S106: =S90 -> 0.29184028 | T106: =INDEX(T90:T105,COUNTA(T90:T105)) -> 0.45579861 | AA106: =M106-J106 -> -375.55422 | AB106: =M106/J106 -> 0.88619569
A107: 自動包裝機 (二配) | B107: 18℃-壽司手卷 | C107: 二配長野稻荷壽司 | E107: 25.64 | F107: 1657 | G107: =E107*F107 -> 42485.48 | I107: 11 | J107: 3600 | K107: =J107/I107 -> 327.27273 | L107: 11 | M107: =F107/V107*60 -> 3174.6674 | N107: =M107/L107 -> 288.60613 | O107: =L107-I107 -> 0 | P107: =N107-K107 -> -38.666602 | Q107: =N107/K107 -> 0.88185205 | R107: =Q123 -> 0.87358011 | S107: 0.70833333 | T107: 0.73008102 | V107: 31.316667 | AA107: =M107-J107 -> -425.33262 | AB107: =M107/J107 -> 0.88185205 | AC107: =AB123 -> 0.87358011
B108: 18℃-壽司手卷 | C108: 二配雙饗雙手卷 | E108: 29.52 | F108: 2059 | G108: =E108*F108 -> 60781.68 | I108: 12 | J108: 3600 | K108: =J108/I108 -> 300 | L108: 12 | M108: =F108/V108*60 -> 3139.5172 | N108: =M108/L108 -> 261.62643 | O108: =L108-I108 -> 0 | P108: =N108-K108 -> -38.373571 | Q108: =N108/K108 -> 0.8720881 | S108: 0.73333333 | T108: 0.76065972 | U108: 4.6833333 | V108: 39.35 | AA108: =M108-J108 -> -460.48285 | AB108: =M108/J108 -> 0.8720881
B109: 18℃-壽司手卷 | C109: 二配海饌雙手卷 | E109: 29.85 | F109: 2219 | G109: =E109*F109 -> 66237.15 | I109: 12 | J109: 3600 | K109: =J109/I109 -> 300 | L109: 12 | M109: =F109/V109*60 -> 3140.0943 | N109: =M109/L109 -> 261.67453 | O109: =L109-I109 -> 0 | P109: =N109-K109 -> -38.325472 | Q109: =N109/K109 -> 0.87224843 | S109: 0.76388889 | T109: 0.79333333 | U109: 4.65 | V109: 42.4 | AA109: =M109-J109 -> -459.90566 | AB109: =M109/J109 -> 0.87224843
B110: 18℃-飯糰 | C110: 二配兩粒飯糰(鮪魚.焦糖鮭魚) | E110: 28.57 | F110: 1422 | G110: =E110*F110 -> 40626.54 | I110: 12 | J110: 3600 | K110: =J110/I110 -> 300 | L110: 12 | M110: =F110/V110*60 -> 3125.2747 | N110: =M110/L110 -> 260.43956 | O110: =L110-I110 -> 0 | P110: =N110-K110 -> -39.56044 | Q110: =N110/K110 -> 0.86813187 | S110: 0.79652778 | T110: 0.81548611 | U110: 4.6 | V110: 27.3 | AA110: =M110-J110 -> -474.72527 | AB110: =M110/J110 -> 0.86813187
B123: 平均 | I123: =AVERAGE(I107:I122) -> 11.75 | J123: =AVERAGE(J107:J122) -> 3600 | K123: =J123/I123 -> 306.38298 | L123: =AVERAGE(L107:L122) -> 11.75 | M123: =AVERAGE(M107:M122) -> 3144.8884 | N123: =M123/L123 -> 267.65008 | O123: =L123-I123 -> 0 | P123: =N123-K123 -> -38.732902 | Q123: =N123/K123 -> 0.87358011 | S123: =S107 -> 0.70833333 | T123: =INDEX(T107:T122,COUNTA(T107:T122)) -> 0.81548611 | AA123: =M123-J123 -> -455.1116 | AB123: =M123/J123 -> 0.87358011
A124: (舊) 3300型飯糰線 (二配) | B124: 18℃-飯糰 | C124: 二配大飯糰滷肉飯加蛋 | E124: 22.48 | F124: 1291 | G124: =E124*F124 -> 29021.68 | I124: 5 | J124: 3000 | K124: =J124/I124 -> 600 | L124: 5 | M124: =F124/V124*60 -> 2672.5704 | N124: =M124/L124 -> 534.51409 | O124: =L124-I124 -> 0 | P124: =N124-K124 -> -65.485911 | Q124: =N124/K124 -> 0.89085681 | R124: =Q140 -> 0.89502168 | S124: 0.70834491 | T124: 0.72847222 | V124: 28.983333 | AA124: =M124-J124 -> -327.42956 | AB124: =M124/J124 -> 0.89085681 | AC124: =AB140 -> 0.89502168
B125: 18℃-飯糰 | C125: 二配大飯糰韓式蒜烤豬五花 | E125: 24.54 | F125: 1911 | G125: =E125*F125 -> 46895.94 | I125: 4 | J125: 3000 | K125: =J125/I125 -> 750 | L125: 4 | M125: =F125/V125*60 -> 2673.766 | N125: =M125/L125 -> 668.44151 | O125: =L125-I125 -> 0 | P125: =N125-K125 -> -81.558492 | Q125: =N125/K125 -> 0.89125534 | S125: 0.73202546 | T125: 0.76180556 | U125: 5.1166667 | V125: 42.883333 | AA125: =M125-J125 -> -326.23397 | AB125: =M125/J125 -> 0.89125534
B126: 18℃-飯糰 | C126: 二配三杯醬爆菇菇飯糰 | E126: 16.7 | F126: 1231 | G126: =E126*F126 -> 20557.7 | I126: 3 | J126: 3300 | K126: =J126/I126 -> 1100 | L126: 3 | M126: =F126/V126*60 -> 2966.2651 | N126: =M126/L126 -> 988.75502 | O126: =L126-I126 -> 0 | P126: =N126-K126 -> -111.24498 | Q126: =N126/K126 -> 0.8988682 | S126: 0.76534722 | T126: 0.78263889 | U126: 5.1 | V126: 24.9 | AA126: =M126-J126 -> -333.73494 | AB126: =M126/J126 -> 0.8988682
B127: 18℃-飯糰 | C127: 二配鹽蔥燒肉飯糰 | E127: 17.89 | F127: 5091 | G127: =E127*F127 -> 91077.99 | I127: 4 | J127: 3300 | K127: =J127/I127 -> 825 | L127: 4 | M127: =F127/V127*60 -> 2964.6716 | N127: =M127/L127 -> 741.16791 | O127: =L127-I127 -> 0 | P127: =N127-K127 -> -83.832093 | Q127: =N127/K127 -> 0.89838534 | S127: 0.78680556 | T127: 0.85835648 | U127: 6 | V127: 103.03333 | AA127: =M127-J127 -> -335.32837 | AB127: =M127/J127 -> 0.89838534
B140: 平均 | I140: =AVERAGE(I124:I139) -> 4 | J140: =AVERAGE(J124:J139) -> 3150 | K140: =J140/I140 -> 787.5 | L140: =AVERAGE(L124:L139) -> 4 | M140: =AVERAGE(M124:M139) -> 2819.3183 | N140: =M140/L140 -> 704.82957 | O140: =L140-I140 -> 0 | P140: =N140-K140 -> -82.670427 | Q140: =N140/K140 -> 0.89502168 | S140: =S124 -> 0.70834491 | T140: =INDEX(T124:T139,COUNTA(T124:T139)) -> 0.85835648 | AA140: =M140-J140 -> -330.68171 | AB140: =M140/J140 -> 0.89502168
A141: (新) 3300型飯糰機 (二配) | B141: 18℃-飯糰 | C141: 二配壹號醬炙烤牛飯糰 | E141: 22.28 | F141: 1621 | G141: =E141*F141 -> 36115.88 | I141: 5 | J141: 3300 | K141: =J141/I141 -> 660 | L141: 5 | M141: =F141/V141*60 -> 2966.7514 | N141: =M141/L141 -> 593.35028 | O141: =L141-I141 -> 0 | P141: =N141-K141 -> -66.64972 | Q141: =N141/K141 -> 0.89901558 | R141: =Q157 -> 0.89830467 | S141: 0.7084838 | T141: 0.73125 | V141: 32.783333 | AA141: =M141-J141 -> -333.2486 | AB141: =M141/J141 -> 0.89901558 | AC141: =AB157 -> 0.89830467
B142: 18℃-飯糰 | C142: 二配油蔥G絲飯糰 | E142: 18.18 | F142: 650 | G142: =E142*F142 -> 11817 | I142: 4 | J142: 3300 | K142: =J142/I142 -> 825 | L142: 4 | M142: =F142/V142*60 -> 2965.7795 | N142: =M142/L142 -> 741.44487 | O142: =L142-I142 -> 0 | P142: =N142-K142 -> -83.555133 | Q142: =N142/K142 -> 0.89872105 | S142: 0.73472222 | T142: 0.74385417 | U142: 5 | V142: 13.15 | AA142: =M142-J142 -> -334.22053 | AB142: =M142/J142 -> 0.89872105
B143: 18℃-飯糰 | C143: 二配雞肉飯飯糰 | E143: 16.66 | F143: 7104 | G143: =E143*F143 -> 118352.64 | I143: 4 | J143: 3300 | K143: =J143/I143 -> 825 | L143: 4 | M143: =F143/V143*60 -> 2960.6853 | N143: =M143/L143 -> 740.17134 | O143: =L143-I143 -> 0 | P143: =N143-K143 -> -84.828664 | Q143: =N143/K143 -> 0.89717738 | S143: 0.74793981 | T143: 0.84791667 | U143: 5.8833333 | V143: 143.96667 | AA143: =M143-J143 -> -339.31466 | AB143: =M143/J143 -> 0.89717738
B157: 平均 | I157: =AVERAGE(I141:I156) -> 4.3333333 | J157: =AVERAGE(J141:J156) -> 3300 | K157: =J157/I157 -> 761.53846 | L157: =AVERAGE(L141:L156) -> 4.3333333 | M157: =AVERAGE(M141:M156) -> 2964.4054 | N157: =M157/L157 -> 684.09355 | O157: =L157-I157 -> 0 | P157: =N157-K157 -> -77.444907 | Q157: =N157/K157 -> 0.89830467 | S157: =S141 -> 0.7084838 | T157: =INDEX(T141:T156,COUNTA(T141:T156)) -> 0.84791667 | AA157: =M157-J157 -> -335.5946 | AB157: =M157/J157 -> 0.89830467
A158: GKK3600型 飯糰機 (二配) | B158: 18℃-飯糰 | C158: 二配經典肉鬆飯糰 | E158: 14.03 | F158: 1987 | G158: =E158*F158 -> 27877.61 | H158: 2 | I158: 3 | J158: 3000 | K158: =J158/I158 -> 1000 | L158: 3 | M158: =F158/V158*60 -> 2693.2229 | N158: =M158/L158 -> 897.74096 | O158: =L158-I158 -> 0 | P158: =N158-K158 -> -102.25904 | Q158: =N158/K158 -> 0.89774096 | R158: =Q174 -> 0.88465029 | S158: 0.70833333 | T158: 0.73907407 | V158: 44.266667 | AA158: =M158-J158 -> -306.77711 | AB158: =M158/J158 -> 0.89774096 | AC158: =AB174 -> 0.88465029
B159: 18℃-飯糰 | C159: 二配蔬食鮪魚飯糰 | E159: 18.18 | F159: 1146 | G159: =E159*F159 -> 20834.28 | I159: 3 | J159: 3600 | K159: =J159/I159 -> 1200 | L159: 3 | M159: =F159/V159*60 -> 3149.313 | N159: =M159/L159 -> 1049.771 | O159: =L159-I159 -> 0 | P159: =N159-K159 -> -150.22901 | Q159: =N159/K159 -> 0.87480916 | S159: 0.7494213 | T159: 0.76458333 | U159: 14.9 | V159: 21.833333 | AA159: =M159-J159 -> -450.68702 | AB159: =M159/J159 -> 0.87480916
B160: 18℃-飯糰 | C160: 二配鮪魚飯糰 | E160: 14.28 | F160: 5556 | G160: =E160*F160 -> 79339.68 | H160: 2 | I160: 3 | J160: 3600 | K160: =J160/I160 -> 1200 | L160: 3 | M160: =F160/V160*60 -> 3141.4481 | N160: =M160/L160 -> 1047.1494 | O160: =L160-I160 -> 0 | P160: =N160-K160 -> -152.85064 | Q160: =N160/K160 -> 0.87262447 | S160: 0.77569444 | T160: 0.84938657 | U160: 16 | V160: 106.11667 | W160: 0.84938657 | X160: 0.90303241 | AA160: =M160-J160 -> -458.55191 | AB160: =M160/J160 -> 0.87262447
B161: 18℃-飯糰 | C161: 二配經典肉鬆飯糰 | E161: 14.03 | F161: 5101 | G161: =E161*F161 -> 71567.03 | I161: 3 | J161: 3000 | K161: =J161/I161 -> 1000 | L161: 3 | M161: =F161/V161*60 -> 2693.3998 | N161: =M161/L161 -> 897.79994 | O161: =L161-I161 -> 0 | P161: =N161-K161 -> -102.20006 | Q161: =N161/K161 -> 0.89779994 | S161: 0.90303241 | T161: 0.98194444 | U161: 77.25 | V161: 113.63333 | AA161: =M161-J161 -> -306.60018 | AB161: =M161/J161 -> 0.89779994
B174: 平均 | I174: =AVERAGE(I158:I173) -> 3 | J174: =AVERAGE(J158:J173) -> 3300 | K174: =J174/I174 -> 1100 | L174: =AVERAGE(L158:L173) -> 3 | M174: =AVERAGE(M158:M173) -> 2919.3459 | N174: =M174/L174 -> 973.11532 | O174: =L174-I174 -> 0 | P174: =N174-K174 -> -126.88468 | Q174: =N174/K174 -> 0.88465029 | S174: =S158 -> 0.70833333 | T174: =INDEX(T158:T173,COUNTA(T158:T173)) -> 0.98194444 | AA174: =M174-J174 -> -380.65405 | AB174: =M174/J174 -> 0.88465029
A175: GKK3600型 飯糰機2 (二配) | B175: 18℃-飯糰 | C175: 二配明太子龍蝦風味沙拉飯糰 | E175: 18.18 | F175: 1944 | G175: =E175*F175 -> 35341.92 | H175: 2 | I175: 3 | J175: 3600 | K175: =J175/I175 -> 1200 | L175: 3 | M175: =F175/V175*60 -> 3142.5236 | N175: =M175/L175 -> 1047.5079 | O175: =L175-I175 -> 0 | P175: =N175-K175 -> -152.49214 | Q175: =N175/K175 -> 0.87292322 | R175: =Q191 -> 0.88171522 | S175: 0.70833333 | T175: 0.7341088 | V175: 37.116667 | AA175: =M175-J175 -> -457.47643 | AB175: =M175/J175 -> 0.87292322 | AC175: =AB191 -> 0.88171522
B176: 18℃-飯糰 | C176: 二配芝麻香鬆飯糰 | E176: 18.18 | F176: 1738 | G176: =E176*F176 -> 31596.84 | I176: 4 | J176: 3000 | K176: =J176/I176 -> 750 | L176: 4 | M176: =F176/V176*60 -> 2694.5736 | N176: =M176/L176 -> 673.64341 | O176: =L176-I176 -> 0 | P176: =N176-K176 -> -76.356589 | Q176: =N176/K176 -> 0.89819121 | S176: 0.74465278 | T176: 0.77152778 | U176: 15.183333 | V176: 38.7 | AA176: =M176-J176 -> -305.42636 | AB176: =M176/J176 -> 0.89819121
B177: 18℃-飯糰 | C177: 二配北海道秋鮭親子飯糰 | E177: 24.82 | F177: 2477 | G177: =E177*F177 -> 61479.14 | I177: 4 | J177: 3300 | K177: =J177/I177 -> 825 | L177: 4 | M177: =F177/V177*60 -> 2934.2547 | N177: =M177/L177 -> 733.56367 | O177: =L177-I177 -> 0 | P177: =N177-K177 -> -91.436328 | Q177: =N177/K177 -> 0.88916809 | S177: 0.7821875 | T177: 0.81736111 | U177: 15.35 | V177: 50.65 | AA177: =M177-J177 -> -365.74531 | AB177: =M177/J177 -> 0.88916809
B178: 18℃-飯糰 | C178: 二配熟成紅鮭飯糰 | E178: 25.03 | F178: 1817 | G178: =E178*F178 -> 45479.51 | I178: 4 | J178: 3300 | K178: =J178/I178 -> 825 | L178: 4 | M178: =F178/V178*60 -> 2931.9588 | N178: =M178/L178 -> 732.98969 | O178: =L178-I178 -> 0 | P178: =N178-K178 -> -92.010309 | Q178: =N178/K178 -> 0.88847235 | S178: 0.82847222 | T178: 0.85429398 | U178: 16 | V178: 37.183333 | W178: 0.85429398 | X178: 0.90630787 | AA178: =M178-J178 -> -368.04124 | AB178: =M178/J178 -> 0.88847235
B179: 18℃-飯糰 | C179: 二配明太子龍蝦風味沙拉飯糰 | E179: 18.18 | F179: 1462 | G179: =E179*F179 -> 26579.16 | I179: 3 | J179: 3600 | K179: =J179/I179 -> 1200 | L179: 3 | M179: =F179/V179*60 -> 3142.209 | N179: =M179/L179 -> 1047.403 | O179: =L179-I179 -> 0 | P179: =N179-K179 -> -152.59701 | Q179: =N179/K179 -> 0.87283582 | S179: 0.90630787 | T179: 0.92569444 | U179: 74.9 | V179: 27.916667 | AA179: =M179-J179 -> -457.79104 | AB179: =M179/J179 -> 0.87283582
B180: 18℃-飯糰 | C180: 二配鮪魚飯糰 | E180: 14.28 | F180: 3453 | G180: =E180*F180 -> 49308.84 | I180: 3 | J180: 3600 | K180: =J180/I180 -> 1200 | L180: 3 | M180: =F180/V180*60 -> 3141.4708 | N180: =M180/L180 -> 1047.1569 | O180: =L180-I180 -> 0 | P180: =N180-K180 -> -152.84306 | Q180: =N180/K180 -> 0.87263078 | S180: 0.93684028 | T180: 0.98263889 | U180: 16.05 | V180: 65.95 | AA180: =M180-J180 -> -458.52919 | AB180: =M180/J180 -> 0.87263078
B191: 平均 | I191: =AVERAGE(I175:I190) -> 3.5 | J191: =AVERAGE(J175:J190) -> 3400 | K191: =J191/I191 -> 971.42857 | L191: =AVERAGE(L175:L190) -> 3.5 | M191: =AVERAGE(M175:M190) -> 2997.8317 | N191: =M191/L191 -> 856.52335 | O191: =L191-I191 -> 0 | P191: =N191-K191 -> -114.90522 | Q191: =N191/K191 -> 0.88171522 | S191: =S175 -> 0.70833333 | T191: =INDEX(T175:T190,COUNTA(T175:T190)) -> 0.98263889 | AA191: =M191-J191 -> -402.16826 | AB191: =M191/J191 -> 0.88171522
Y193: 原因回覆
Y194: 1.當日出勤人數較多
Y195: 2.當日出勤人數較少
Y196: 3.當日出勤熟手較多
Y197: 4.當日出勤新人較多
Y198: 5.機台夾盒
Y199: 6.封膜不順
Y200: 7.更換膠膜
Y201: 8.更換碳帶
Y202: 9.當日熱轉印碳帶異常
Y203: 10.訂單量過少
Y204: 11.新品上市，尚未熟悉
Y205: 12.活動期間品項需貼標

Sheet 0225(4度C)
A1: 大溪廠日報分析 | C1: 總生產量 | D1: =SUM(F5:F123) -> 53978 | E1: 營業額 | F1: =SUM(G5:G123) -> 2659311.2 | G1: 出勤人數 | H1: =L21+L38+L55+L72+L89+L106+L123 -> 136.71667 | I1: 產線配置圖 | L1: 生產實績 | O1: 人時性差異分析 | S1: 日報登錄 | Y1: 合計次數 | Z1: 合計(時間/分) | AA1: 產線異常 分析說明(5分鐘以上) | AC1: 合計次數 | AD1: 合計(時間/分) | AE1: 產能差異分析
A2: 46078 | C2: 人時性 | D2: =AVERAGE(N21,N38,N55,N72,N89,N106,N123) -> 138.46549 | E2: 平均廠價 | F2: =F1/D1 -> 49.266576 | G2: 多次生產數 | H2: =COUNT(H5:H123) -> 0 | Y2: =SUM(Y21,Y38,Y55,Y72,Y89,Y106,Y123) -> 0 | Z2: =SUM(Z21,Z38,Z55,Z72,Z89,Z106,Z123) -> 0 | AC2: =SUM(AC21,AC38,AC55,AC72,AC89,AC106,AC123) -> 0 | AD2: =SUM(AD21,AD38,AD55,AD72,AD89,AD106,AD123) -> 0
A3: 線別 | B3: 品類 | C3: 品名 | E3: 廠價 | F3: 生產量 | G3: 營收 | H3: 多次 生產 | I3: 人數 | J3: 產能/時 | K3: 人時性 | L3: 人數 | M3: 產能/時 | N3: 人時性 | O3: 人數 | P3: 人時性 | Q3: 達成率 | R3: 達成率 平均 | S3: 生產時間 | U3: 換線、休息/分 | V3: 稼動時間/分 | W3: 休息時間 | Y3: 產線異常統計(5分鐘以上) | AA3: (屏榮回填) | AC3: 短暫停線統計(5分鐘以下) | AE3: 產能/時 | AF3: 達成率 | AG3: 達成率平均
S4: 開始 | T4: 結束 | W4: 開始 | X4: 結束 | Y4: 次數 | Z4: 時間/分 | AC4: 總次數 | AD4: 設備因素(次數)
A5: 便當二線 | B5: 微波主食 | C5: 糖燻野郎三十天熟成牛飯 | E5: 56.77 | F5: 4338 | G5: =E5*F5 -> 246268.26 | I5: 25 | J5: 2000 | K5: =J5/I5 -> 80 | L5: 25 | M5: =F5/V5*60 -> 1782.7397 | N5: =M5/L5 -> 71.309589 | O5: =L5-I5 -> 0 | P5: =N5-K5 -> -8.690411 | Q5: =N5/K5 -> 0.89136986 | R5: =Q21 -> 0.89180564 | S5: 0.29166667 | T5: 0.39305556 | V5: 146 | AE5: =M5-J5 -> -217.26027 | AF5: =M5/J5 -> 0.89136986 | AG5: =AF21 -> 0.89180564
B6: 便當 | C6: 嫩烤香料雞胸排蔬滿盒 | E6: 77.34 | F6: 1975 | G6: =E6*F6 -> 152746.5 | I6: 24 | J6: 2000 | K6: =J6/I6 -> 83.333333 | L6: 24 | M6: =F6/V6*60 -> 1784.6386 | N6: =M6/L6 -> 74.35994 | O6: =L6-I6 -> 0 | P6: =N6-K6 -> -8.9733936 | Q6: =N6/K6 -> 0.89231928 | S6: 0.39652778 | T6: 0.44263889 | U6: 5 | V6: 66.4 | W6: 0.44263889 | X6: 0.48125 | AE6: =M6-J6 -> -215.36145 | AF6: =M6/J6 -> 0.89231928
B7: 便當 | C7: 健身G肉餐盒 | E7: 59.52 | F7: 4797 | G7: =E7*F7 -> 285517.44 | I7: 25 | J7: 2000 | K7: =J7/I7 -> 80 | L7: 25 | M7: =F7/V7*60 -> 1783.4555 | N7: =M7/L7 -> 71.338222 | O7: =L7-I7 -> 0 | P7: =N7-K7 -> -8.6617784 | Q7: =N7/K7 -> 0.89172777 | S7: 0.48125 | T7: 0.59332176 | U7: 55.6 | V7: 161.38333 | AE7: =M7-J7 -> -216.54446 | AF7: =M7/J7 -> 0.89172777
B21: 平均 | I21: =AVERAGE(I5:I20) -> 24.666667 | J21: =AVERAGE(J5:J20) -> 2000 | K21: =J21/I21 -> 81.081081 | L21: =AVERAGE(L5:L20) -> 24.666667 | M21: =AVERAGE(M5:M20) -> 1783.6113 | N21: =M21/L21 -> 72.308565 | O21: =L21-I21 -> 0 | P21: =N21-K21 -> -8.7725159 | Q21: =N21/K21 -> 0.89180564 | S21: =S5 -> 0.29166667 | T21: =INDEX(T5:T20,COUNTA(T5:T20)) -> 0.59332176 | Y21: =SUM(Y5:Y20) -> 0 | Z21: =SUM(Z5:Z20) -> 0 | AC21: =SUM(AC5:AC20) -> 0 | AD21: =SUM(AD5:AD20) -> 0 | AE21: =M21-J21 -> -216.38873 | AF21: =M21/J21 -> 0.89180564
A22: 涼麵一線 | B22: 便當 | C22: 蔬活腿排補力餐盒 | E22: 71.55 | F22: 2623 | G22: =E22*F22 -> 187675.65 | I22: 22 | J22: 2000 | K22: =J22/I22 -> 90.909091 | L22: 22 | M22: =F22/V22*60 -> 1784.0166 | N22: =M22/L22 -> 81.091665 | O22: =L22-I22 -> 0 | P22: =N22-K22 -> -9.8174261 | Q22: =N22/K22 -> 0.89200831 | R22: =Q38 -> 0.89166874 | S22: 0.29166667 | T22: 0.35292824 | V22: 88.216667 | AE22: =M22-J22 -> -215.98337 | AF22: =M22/J22 -> 0.89200831 | AG22: =AF38 -> 0.89166874
B23: 便當 | C23: 香腸腿排雙拼便當 | E23: 53.76 | F23: 3160 | G23: =E23*F23 -> 169881.6 | I23: 20 | J23: 2000 | K23: =J23/I23 -> 100 | L23: 20 | M23: =F23/V23*60 -> 1783.9109 | N23: =M23/L23 -> 89.195546 | O23: =L23-I23 -> 0 | P23: =N23-K23 -> -10.804454 | Q23: =N23/K23 -> 0.89195546 | S23: 0.35625 | T23: 0.43005787 | U23: 4.7833333 | V23: 106.28333 | AE23: =M23-J23 -> -216.08907 | AF23: =M23/J23 -> 0.89195546
B24: 便當 | C24: 經典滷肉飯 | E24: 47.37 | F24: 1890 | G24: =E24*F24 -> 89529.3 | I24: 21 | J24: 2000 | K24: =J24/I24 -> 95.238095 | L24: 21 | M24: =F24/V24*60 -> 1782.0849 | N24: =M24/L24 -> 84.861184 | O24: =L24-I24 -> 0 | P24: =N24-K24 -> -10.376911 | Q24: =N24/K24 -> 0.89104243 | S24: 0.43358796 | T24: 0.47777778 | U24: 5.0833333 | V24: 63.633333 | AE24: =M24-J24 -> -217.91514 | AF24: =M24/J24 -> 0.89104243
B38: 平均 | I38: =AVERAGE(I22:I37) -> 21 | J38: =AVERAGE(J22:J37) -> 2000 | K38: =J38/I38 -> 95.238095 | L38: =AVERAGE(L22:L37) -> 21 | M38: =AVERAGE(M22:M37) -> 1783.3375 | N38: =M38/L38 -> 84.920832 | O38: =L38-I38 -> 0 | P38: =N38-K38 -> -10.317263 | Q38: =N38/K38 -> 0.89166874 | S38: =S22 -> 0.29166667 | T38: =INDEX(T22:T37,COUNTA(T22:T37)) -> 0.47777778 | Y38: =SUM(Y22:Y37) -> 0 | Z38: =SUM(Z22:Z37) -> 0 | AC38: =SUM(AC22:AC37) -> 0 | AD38: =SUM(AD22:AD37) -> 0 | AE38: =M38-J38 -> -216.66253 | AF38: =M38/J38 -> 0.89166874
A39: 涼麵二線 | B39: 便當 | C39: 福氣魚四喜開運便當 | E39: 65.4 | F39: 355 | G39: =E39*F39 -> 23217 | I39: 24 | J39: 2000 | K39: =J39/I39 -> 83.333333 | L39: 24 | M39: =F39/V39*60 -> 1784.9162 | N39: =M39/L39 -> 74.371508 | O39: =L39-I39 -> 0 | P39: =N39-K39 -> -8.961825 | Q39: =N39/K39 -> 0.8924581 | R39: =Q55 -> 0.89169346 | S39: 0.29171296 | T39: 0.3 | V39: 11.933333 | AE39: =M39-J39 -> -215.0838 | AF39: =M39/J39 -> 0.8924581 | AG39: =AF55 -> 0.89169346
B40: 便當 | C40: 海陸雙拼肉肉餐盒 | E40: 59.54 | F40: 3184 | G40: =E40*F40 -> 189575.36 | I40: 23 | J40: 2000 | K40: =J40/I40 -> 86.956522 | L40: 23 | M40: =F40/V40*60 -> 1782.0896 | N40: =M40/L40 -> 77.482154 | O40: =L40-I40 -> 0 | P40: =N40-K40 -> -9.4743673 | Q40: =N40/K40 -> 0.89104478 | S40: 0.30347222 | T40: 0.37791667 | U40: 5 | V40: 107.2 | AE40: =M40-J40 -> -217.91045 | AF40: =M40/J40 -> 0.89104478
B41: 便當 | C41: 烤蛋白餐盒 | E41: 58.67 | F41: 3491 | G41: =E41*F41 -> 204816.97 | I41: 23 | J41: 2000 | K41: =J41/I41 -> 86.956522 | L41: 23 | M41: =F41/V41*60 -> 1781.6274 | N41: =M41/L41 -> 77.462063 | O41: =L41-I41 -> 0 | P41: =N41-K41 -> -9.4944589 | Q41: =N41/K41 -> 0.89081372 | S41: 0.38224537 | T41: 0.46388889 | U41: 6.2333333 | V41: 117.56667 | W41: 0.46388889 | X41: 0.50228009 | AE41: =M41-J41 -> -218.37255 | AF41: =M41/J41 -> 0.89081372
B42: 便當 | C42: 美式雞丁餐盒 | E42: 59.34 | F42: 1479 | G42: =E42*F42 -> 87763.86 | I42: 24 | J42: 2000 | K42: =J42/I42 -> 83.333333 | L42: 24 | M42: =F42/V42*60 -> 1784.9145 | N42: =M42/L42 -> 74.371438 | O42: =L42-I42 -> 0 | P42: =N42-K42 -> -8.9618952 | Q42: =N42/K42 -> 0.89245726 | S42: 0.50228009 | T42: 0.53680556 | U42: 55.283333 | V42: 49.716667 | AE42: =M42-J42 -> -215.08548 | AF42: =M42/J42 -> 0.89245726
B55: 平均 | I55: =AVERAGE(I39:I54) -> 23.5 | J55: =AVERAGE(J39:J54) -> 2000 | K55: =J55/I55 -> 85.106383 | L55: =AVERAGE(L39:L54) -> 23.5 | M55: =AVERAGE(M39:M54) -> 1783.3869 | N55: =M55/L55 -> 75.888805 | O55: =L55-I55 -> 0 | P55: =N55-K55 -> -9.2175775 | Q55: =N55/K55 -> 0.89169346 | S55: =S39 -> 0.29171296 | T55: =INDEX(T39:T54,COUNTA(T39:T54)) -> 0.53680556 | Y55: =SUM(Y39:Y54) -> 0 | Z55: =SUM(Z39:Z54) -> 0 | AC55: =SUM(AC39:AC54) -> 0 | AD55: =SUM(AD39:AD54) -> 0 | AE55: =M55-J55 -> -216.61307 | AF55: =M55/J55 -> 0.89169346
A56: 涼麵三線 | B56: 微波小吃 | C56: 日式茶碗蒸 | E56: 19.7 | F56: 3705 | G56: =E56*F56 -> 72988.5 | I56: 13 | J56: 1200 | K56: =J56/I56 -> 92.307692 | L56: 13 | M56: =F56/V56*60 -> 1079.5629 | N56: =M56/L56 -> 83.043302 | O56: =L56-I56 -> 0 | P56: =N56-K56 -> -9.26439 | Q56: =N56/K56 -> 0.89963577 | R56: =Q72 -> 0.89290918 | S56: 0.25005787 | T56: 0.39305556 | V56: 205.91667 | AE56: =M56-J56 -> -120.43707 | AF56: =M56/J56 -> 0.89963577 | AG56: =AF72 -> 0.89290918
B57: 季節調理麵 | C57: 東京豚骨風味拉麵 | E57: 71.84 | F57: 866 | G57: =E57*F57 -> 62213.44 | I57: 19 | J57: 1800 | K57: =J57/I57 -> 94.736842 | L57: 19 | M57: =F57/V57*60 -> 1607.0103 | N57: =M57/L57 -> 84.57949 | O57: =L57-I57 -> 0 | P57: =N57-K57 -> -10.157352 | Q57: =N57/K57 -> 0.89278351 | S57: 0.39652778 | T57: 0.41898148 | U57: 5 | V57: 32.333333 | AE57: =M57-J57 -> -192.98969 | AF57: =M57/J57 -> 0.89278351
B58: 季節調理麵 | C58: 鴻運番茄湯麵 | E58: 56.43 | F58: 1264 | G58: =E58*F58 -> 71327.52 | I58: 19 | J58: 1800 | K58: =J58/I58 -> 94.736842 | L58: 19 | M58: =F58/V58*60 -> 1606.7797 | N58: =M58/L58 -> 84.567351 | O58: =L58-I58 -> 0 | P58: =N58-K58 -> -10.169492 | Q58: =N58/K58 -> 0.89265537 | S58: 0.42291667 | T58: 0.45569444 | U58: 5.6666667 | V58: 47.2 | AE58: =M58-J58 -> -193.22034 | AF58: =M58/J58 -> 0.89265537
B59: 微波小吃 | C59: 韓式部隊鍋 | E59: 57.73 | F59: 1188 | G59: =E59*F59 -> 68583.24 | I59: 22 | J59: 1800 | K59: =J59/I59 -> 81.818182 | L59: 22 | M59: =F59/V59*60 -> 1606.6116 | N59: =M59/L59 -> 73.027799 | O59: =L59-I59 -> 0 | P59: =N59-K59 -> -8.7903832 | Q59: =N59/K59 -> 0.89256198 | S59: 0.45902778 | T59: 0.48983796 | U59: 4.8 | V59: 44.366667 | W59: 0.48983796 | X59: 0.52777778 | AE59: =M59-J59 -> -193.38843 | AF59: =M59/J59 -> 0.89256198
B60: 4℃-飯糰 | C60: 麻油雞飯糰 | E60: 29.97 | F60: 2579 | G60: =E60*F60 -> 77292.63 | I60: 21 | J60: 2790 | K60: =J60/I60 -> 132.85714 | L60: 21 | M60: =F60/V60*60 -> 2484.4528 | N60: =M60/L60 -> 118.30727 | O60: =L60-I60 -> 0 | P60: =N60-K60 -> -14.549868 | Q60: =N60/K60 -> 0.89048486 | S60: 0.52777778 | T60: 0.57103009 | U60: 54.633333 | V60: 62.283333 | AE60: =M60-J60 -> -305.54723 | AF60: =M60/J60 -> 0.89048486
B72: 平均 | I72: =AVERAGE(I56:I71) -> 18.8 | J72: =AVERAGE(J56:J71) -> 1878 | K72: =J72/I72 -> 99.893617 | L72: =AVERAGE(L56:L71) -> 18.8 | M72: =AVERAGE(M56:M71) -> 1676.8834 | N72: =M72/L72 -> 89.195928 | O72: =L72-I72 -> 0 | P72: =N72-K72 -> -10.697689 | Q72: =N72/K72 -> 0.89290918 | S72: =S56 -> 0.25005787 | T72: =INDEX(T56:T71,COUNTA(T56:T71)) -> 0.57103009 | Y72: =SUM(Y56:Y71) -> 0 | Z72: =SUM(Z56:Z71) -> 0 | AC72: =SUM(AC56:AC71) -> 0 | AD72: =SUM(AD56:AD71) -> 0 | AE72: =M72-J72 -> -201.11655 | AF72: =M72/J72 -> 0.89290918
A73: 自動包裝機 | B73: 4℃-壽司手卷 | C73: 香料咖哩烤雞飯卷 | E73: 24.94 | F73: 4483 | G73: =E73*F73 -> 111806.02 | I73: 6 | J73: 3273 | K73: =J73/I73 -> 545.5 | L73: 6 | M73: =F73/V73*60 -> 2714.6846 | N73: =M73/L73 -> 452.44743 | O73: =L73-I73 -> 0 | P73: =N73-K73 -> -93.052565 | Q73: =N73/K73 -> 0.82941785 | R73: =Q89 -> 0.85403505 | S73: 0.3375 | T73: 0.40630787 | U73: 6 | V73: 99.083333 | AE73: =M73-J73 -> -558.31539 | AF73: =M73/J73 -> 0.82941785 | AG73: =AF89 -> 0.85403505
B74: 4℃-飯糰 | C74: 蟹味可樂餅風炸飯糰 | E74: 20.83 | F74: 3397 | G74: =E74*F74 -> 70759.51 | I74: 6 | J74: 3600 | K74: =J74/I74 -> 600 | L74: 6 | M74: =F74/V74*60 -> 2990.0244 | N74: =M74/L74 -> 498.33741 | O74: =L74-I74 -> 0 | P74: =N74-K74 -> -101.66259 | Q74: =N74/K74 -> 0.83056235 | S74: 0.40972222 | T74: 0.45706019 | U74: 4.9166667 | V74: 68.166667 | AE74: =M74-J74 -> -609.97555 | AF74: =M74/J74 -> 0.83056235
B75: 4℃-壽司手卷 | C75: 明太子泡菜牛飯卷 | E75: 27.05 | F75: 597 | G75: =E75*F75 -> 16148.85 | I75: 6 | J75: 3273 | K75: =J75/I75 -> 545.5 | L75: 6 | M75: =F75/V75*60 -> 2960.3306 | N75: =M75/L75 -> 493.38843 | O75: =L75-I75 -> 0 | P75: =N75-K75 -> -52.11157 | Q75: =N75/K75 -> 0.90447008 | S75: 0.46041667 | T75: 0.46881944 | U75: 4.8333333 | V75: 12.1 | AE75: =M75-J75 -> -312.66942 | AF75: =M75/J75 -> 0.90447008
B89: 平均 | I89: =AVERAGE(I73:I88) -> 6 | J89: =AVERAGE(J73:J88) -> 3382 | K89: =J89/I89 -> 563.66667 | L89: =AVERAGE(L73:L88) -> 6 | M89: =AVERAGE(M73:M88) -> 2888.3465 | N89: =M89/L89 -> 481.39109 | O89: =L89-I89 -> 0 | P89: =N89-K89 -> -82.275576 | Q89: =N89/K89 -> 0.85403505 | S89: =S73 -> 0.3375 | T89: =INDEX(T73:T88,COUNTA(T73:T88)) -> 0.46881944 | Y89: =SUM(Y73:Y88) -> 0 | Z89: =SUM(Z73:Z88) -> 0 | AC89: =SUM(AC73:AC88) -> 0 | AD89: =SUM(AD73:AD88) -> 0 | AE89: =M89-J89 -> -493.65345 | AF89: =M89/J89 -> 0.85403505
A90: 涼麵一線 (二配) | B90: 微波主食 | C90: 二配里肌豬排可可咖哩歐姆蛋飯 | E90: 56.79 | F90: 1578 | G90: =E90*F90 -> 89614.62 | I90: 23 | J90: 2000 | K90: =J90/I90 -> 86.956522 | L90: 23 | M90: =F90/V90*60 -> 1783.6107 | N90: =M90/L90 -> 77.54829 | O90: =L90-I90 -> 0 | P90: =N90-K90 -> -9.4082315 | Q90: =N90/K90 -> 0.89180534 | R90: =Q106 -> 0.89131109 | S90: 0.70833333 | T90: 0.74519676 | V90: 53.083333 | AE90: =M90-J90 -> -216.38932 | AF90: =M90/J90 -> 0.89180534 | AG90: =AF106 -> 0.89131109
B91: 微波主食 | C91: 二配黃金雞排蘑菇白醬歐姆蛋飯 | E91: 56.87 | F91: 1291 | G91: =E91*F91 -> 73419.17 | I91: 23 | J91: 2000 | K91: =J91/I91 -> 86.956522 | L91: 23 | M91: =F91/V91*60 -> 1782.7388 | N91: =M91/L91 -> 77.510382 | O91: =L91-I91 -> 0 | P91: =N91-K91 -> -9.44614 | Q91: =N91/K91 -> 0.89136939 | S91: 0.74861111 | T91: 0.77878472 | U91: 4.9166667 | V91: 43.45 | AE91: =M91-J91 -> -217.26122 | AF91: =M91/J91 -> 0.89136939
B92: 微波主食 | C92: 二配哞哞培根奶香海陸焗飯 | E92: 47.6 | F92: 1494 | G92: =E92*F92 -> 71114.4 | I92: 23 | J92: 2000 | K92: =J92/I92 -> 86.956522 | L92: 23 | M92: =F92/V92*60 -> 1781.5171 | N92: =M92/L92 -> 77.457263 | O92: =L92-I92 -> 0 | P92: =N92-K92 -> -9.4992583 | Q92: =N92/K92 -> 0.89075853 | S92: 0.78194444 | T92: 0.81688657 | U92: 4.55 | V92: 50.316667 | AE92: =M92-J92 -> -218.48294 | AF92: =M92/J92 -> 0.89075853
B106: 平均 | I106: =AVERAGE(I90:I105) -> 23 | J106: =AVERAGE(J90:J105) -> 2000 | K106: =J106/I106 -> 86.956522 | L106: =AVERAGE(L90:L105) -> 23 | M106: =AVERAGE(M90:M105) -> 1782.6222 | N106: =M106/L106 -> 77.505312 | O106: =L106-I106 -> 0 | P106: =N106-K106 -> -9.4512099 | Q106: =N106/K106 -> 0.89131109 | S106: =S90 -> 0.70833333 | T106: =INDEX(T90:T105,COUNTA(T90:T105)) -> 0.81688657 | Y106: =SUM(Y90:Y105) -> 0 | Z106: =SUM(Z90:Z105) -> 0 | AC106: =SUM(AC90:AC105) -> 0 | AD106: =SUM(AD90:AD105) -> 0 | AE106: =M106-J106 -> -217.37783 | AF106: =M106/J106 -> 0.89131109
A107: 涼麵二線 (二配) | B107: 微波主食 | C107: 二配西班牙風味海鮮燉飯 | E107: 57.3 | F107: 937 | G107: =E107*F107 -> 53690.1 | I107: 21 | J107: 2000 | K107: =J107/I107 -> 95.238095 | L107: 21 | M107: =F107/V107*60 -> 1783.8181 | N107: =M107/L107 -> 84.943718 | O107: =L107-I107 -> 0 | P107: =N107-K107 -> -10.294377 | Q107: =N107/K107 -> 0.89190904 | R107: =Q123 -> 0.89176718 | S107: 0.70866898 | T107: 0.73055556 | V107: 31.516667 | AE107: =M107-J107 -> -216.18191 | AF107: =M107/J107 -> 0.89190904 | AG107: =AF123 -> 0.89176718
B108: 微波主食 | C108: 二配乳酪燻腸紅醬焗飯 | E108: 50.67 | F108: 559 | G108: =E108*F108 -> 28324.53 | I108: 20 | J108: 2000 | K108: =J108/I108 -> 100 | L108: 20 | M108: =F108/V108*60 -> 1784.0426 | N108: =M108/L108 -> 89.202128 | O108: =L108-I108 -> 0 | P108: =N108-K108 -> -10.797872 | Q108: =N108/K108 -> 0.89202128 | S108: 0.73416667 | T108: 0.74722222 | U108: 5.2 | V108: 18.8 | AE108: =M108-J108 -> -215.95745 | AF108: =M108/J108 -> 0.89202128
B109: 微波主食 | C109: 二配失控起司薯餅焗飯 | E109: 54.09 | F109: 1180 | G109: =E109*F109 -> 63826.2 | I109: 19 | J109: 2000 | K109: =J109/I109 -> 105.26316 | L109: 19 | M109: =F109/V109*60 -> 1783.3753 | N109: =M109/L109 -> 93.861859 | O109: =L109-I109 -> 0 | P109: =N109-K109 -> -11.401299 | Q109: =N109/K109 -> 0.89168766 | S109: 0.75159722 | T109: 0.77916667 | U109: 6.3 | V109: 39.7 | AE109: =M109-J109 -> -216.62469 | AF109: =M109/J109 -> 0.89168766
B110: 微波主食 | C110: 二配蒙古風味烤肉飯 | E110: 58.17 | F110: 1568 | G110: =E110*F110 -> 91210.56 | I110: 19 | J110: 1800 | K110: =J110/I110 -> 94.736842 | L110: 19 | M110: =F110/V110*60 -> 1604.548 | N110: =M110/L110 -> 84.449897 | O110: =L110-I110 -> 0 | P110: =N110-K110 -> -10.286945 | Q110: =N110/K110 -> 0.89141558 | S110: 0.78289352 | T110: 0.82361111 | U110: 5.3666667 | V110: 58.633333 | AE110: =M110-J110 -> -195.45196 | AF110: =M110/J110 -> 0.89141558
B123: 平均 | I123: =AVERAGE(I107:I122) -> 19.75 | J123: =AVERAGE(J107:J122) -> 1950 | K123: =J123/I123 -> 98.734177 | L123: =AVERAGE(L107:L122) -> 19.75 | M123: =AVERAGE(M107:M122) -> 1738.946 | N123: =M123/L123 -> 88.047899 | O123: =L123-I123 -> 0 | P123: =N123-K123 -> -10.686279 | Q123: =N123/K123 -> 0.89176718 | S123: =S107 -> 0.70866898 | T123: =INDEX(T107:T122,COUNTA(T107:T122)) -> 0.82361111 | Y123: =SUM(Y107:Y122) -> 0 | Z123: =SUM(Z107:Z122) -> 0 | AC123: =SUM(AC107:AC122) -> 0 | AD123: =SUM(AD107:AD122) -> 0 | AE123: =M123-J123 -> -211.054 | AF123: =M123/J123 -> 0.89176718
AA125: 原因回覆
AA126: 1.當日出勤人數較多
AA127: 2.當日出勤人數較少
AA128: 3.當日出勤熟手較多
AA129: 4.當日出勤新人較多
AA130: 5.機台夾盒
AA131: 6.封膜不順
AA132: 7.更換膠膜
AA133: 8.更換碳帶
AA134: 9.當日熱轉印碳帶異常
AA135: 10.訂單量過少
AA136: 11.新品上市，尚未熟悉
AA137: 12.活動期間品項需貼標

Sheet 0224
B1: 屏榮 大溪廠組合室生產人時性分析
B3: 日期 | C3: 115.02.24星期二 | E3: 訂單量 | F3: ='0224(18度C)'!D1+'0224(4度C)'!D1 -> 175154 | H3: 營業額 | I3: ='0224(18度C)'!F1+'0224(4度C)'!F1 -> 5238957.1
B4: 人時性 | C4: 項目 | E4: ➀ | G4: ➁ | I4: ➂ | K4: ④ | M4: ⑤ | O4: 異常停線 | Q4: 短暫停線
C5: 組合室 | E5: 全溫層 | G5: 4度C-各編組展開(一配) | I5: 4度C-各編組展開(二配) | K5: 18度C-各編組展開(一配) | M5: 18度C-各編組展開(二配) | O5: 合計次數 | P5: 時間 | Q5: 合計次數 | R5: 設備次數
C6: 排關平均 | E6: =AVERAGE(D14:O14,D32:X32) -> 524.19056 | F6: =AVERAGE(#REF!,D14:K14) -> #REF! | G6: =AVERAGE(D14:K14) -> 184.08884 | I6: =AVERAGE(L14:O14) -> 92.845349 | K6: =AVERAGE(D32:O32) -> 733.74087 | M6: =AVERAGE(P32:X32) -> 785.37 | O6: ='0224(4度C)'!Y2 -> 0 | P6: ='0224(4度C)'!Z2 -> 0 | Q6: ='0224(4度C)'!AC2 -> 0 | R6: ='0224(4度C)'!AD2 -> 0
C7: 實績平均 | E7: =AVERAGE(D15:O15,D33:X33) -> 464.32904 | F7: =AVERAGE(#REF!,D15:K15) -> #REF! | G7: =AVERAGE(D15:K15) -> 158.28406 | I7: =AVERAGE(L15:O15) -> 82.774464 | K7: =AVERAGE(D33:O33) -> 652.5168 | M7: =AVERAGE(P33:X33) -> 697.17053
C8: 達成率平均 | E8: =AVERAGE(D16:O16,D34:X34) -> 0.88660338 | F8: =AVERAGE(D16:K16,#REF!) -> #REF! | G8: =AVERAGE(D16:K16) -> 0.8813822 | I8: =AVERAGE(L16:O16) -> 0.89151349 | K8: =AVERAGE(D34:O34) -> 0.88932904 | M8: =AVERAGE(P34:X34) -> 0.88658972
O9: ※現行日本鮮食廠以達成率80%為基本(即為現行KPI)
B11: 溫層 | D11: ➁4度C-各編組展開 | L11: ➂4度C-各編組展開
B12: 編組 | D12: 1 | E12: 2 | F12: 3 | G12: 4 | H12: 5 | I12: 6 | J12: 7 | K12: 8 | L12: 1 | M12: 2 | N12: 3 | O12: 4
D13: 便當一線 | E13: 便當二線 | F13: 涼麵一線 | G13: 涼麵二線 | H13: 涼麵三線 | I13: 自動包裝機 | J13: 自動包裝機2 | K13: 自動包裝機3 | L13: 便當一線 | M13: 便當二線 | N13: 涼麵一線 | O13: 涼麵二線
B14: 人時性 | C14: 排關 | D14: - | E14: 81.081081 | F14: 95.238095 | G14: 85.106383 | H14: 99.893617 | I14: 559.125 | J14: - | K14: - | L14: - | M14: - | N14: 86.956522 | O14: 98.734177
C15: 實績 | D15: - | E15: 72.308786 | F15: 84.922243 | G15: 75.879446 | H15: 89.185231 | I15: 469.12462 | J15: - | K15: - | L15: - | M15: - | N15: 77.499546 | O15: 88.049382
C16: 達成率 | D16: - | E16: =E15/E14 -> 0.89180836 | F16: =F15/F14 -> 0.89168355 | G16: =G15/G14 -> 0.89158349 | H16: =H15/H14 -> 0.8928021 | I16: =I15/I14 -> 0.83903352 | J16: - | K16: - | L16: - | M16: - | N16: =N15/N14 -> 0.89124478 | O16: =O15/O14 -> 0.89178221
B17: 作業 時間 | C17: 開始 | D17: - | E17: 0.29166667 | F17: 0.29171296 | G17: 0.29193287 | H17: 0.20862269 | I17: 0.33819444 | J17: - | K17: - | L17: - | M17: - | N17: 0.70864583 | O17: 0.7084375
C18: 結束 | D18: - | E18: 0.60555556 | F18: 0.5272338 | G18: 0.54609954 | H18: 0.54027778 | I18: 0.6049537 | J18: - | K18: - | L18: - | M18: - | N18: 0.8472338 | O18: 0.85902778
B19: 產線異常 (5分鐘以上) | C19: 次數
C20: 時間/分
B21: 短暫停線 (5分鐘以下) | C21: 次數
C22: 設備次數
B23: 配置人數 | D23: - | E23: 24.666667 | F23: 21 | G23: 23.5 | H23: 18.8 | I23: 6 | J23: - | K23: - | L23: - | M23: - | N23: 23 | O23: 19.75
B24: 主要應用設備 | D24: L型封口機 | E24: ET-55 | F24: ET-55 | G24: ET-55 | H24: ET-600 | I24: 伺服包裝機 | J24: 伺服包裝機 | K24: 伺服包裝機 | L24: L型封口機 | M24: ET-55 | N24: ET-55 | O24: ET-55
B25: 次要應用設備 | D25: 伺服包裝機 | H25: 伺服包裝機
B26: 備註 | H26: 涼麵+烤飯糰 | I26: 大口飯糰線 | K26: 烤飯糰+手卷
B29: 溫層 | D29: ➃18度C-各編組展開 (一配) | P29: ⑤18度C-各編組展開 (二配)
B30: 編組 | D30: 1 | E30: 2 | F30: 3 | G30: 4 | H30: 5 | I30: 6 | J30: 7 | K30: 8 | L30: 9 | M30: 10 | N30: 11 | O30: 12 | P30: 1 | Q30: 2 | R30: 3 | S30: 4 | T30: 5 | U30: 6 | V30: 7 | W30: 8 | X30: 9
D31: 便當一線 | E31: 涼麵一線 | F31: 涼麵三線 | G31: 自動包裝機 | H31: 自動包裝機2 | I31: 自動包裝機3 | J31: 味付飯糰線B | K31: (舊) 3300型飯糰線 | L31: 3000型飯糰線 | M31: (新) 3300型飯糰機 | N31: GKK3600型 飯糰機 | O31: GKK3600型 飯糰機2 | P31: 自動包裝機 | Q31: 自動包裝機2 | R31: 自動包裝機3 | S31: 味付飯糰線B | T31: (舊) 3300型飯糰線 | U31: 3000型飯糰線 | V31: (新) 3300型飯糰機 | W31: GKK3600型 飯糰機 | X31: GKK3600型 飯糰機2
B32: 人時性 | C32: 排關 | D32: - | E32: - | F32: - | G32: 306.38298 | H32: 433.33333 | I32: - | J32: - | K32: 761.53846 | L32: - | M32: 825 | N32: 1133.3333 | O32: 942.85714 | P32: 306.38298 | Q32: - | R32: - | S32: - | T32: 787.5 | U32: - | V32: 761.53846 | W32: 1100 | X32: 971.42857
C33: 實績 | D33: - | E33: - | F33: - | G33: 267.71626 | H33: 390.19308 | I33: - | J33: - | K33: 684.23314 | L33: - | M33: 740.14275 | N33: 997.42102 | O33: 835.39453 | P33: 267.69428 | Q33: - | R33: - | S33: - | T33: 704.72253 | U33: - | V33: 683.93749 | W33: 972.96842 | X33: 856.52991
C34: 達成率 | D34: - | E34: - | F34: - | G34: =G33/G32 -> 0.87379613 | H34: =H33/H32 -> 0.90044557 | I34: - | J34: - | K34: =K33/K32 -> 0.89848796 | L34: - | M34: =M33/M32 -> 0.89714273 | N34: =N33/N32 -> 0.88007737 | O34: =O33/O32 -> 0.8860245 | P34: =P33/P32 -> 0.87372439 | Q34: - | R34: - | S34: - | T34: =T33/T32 -> 0.89488576 | U34: - | V34: =V33/V32 -> 0.89809973 | W34: =W33/W32 -> 0.88451675 | X34: =X33/X32 -> 0.88172197
B35: 作業 時間 | C35: 開始 | D35: - | E35: - | F35: - | G35: 0.20833333 | H35: 0.29166667 | I35: - | J35: - | K35: 0.29190972 | L35: - | M35: 0.29166667 | N35: 0.25 | O35: 0.29199074 | P35: 0.70833333 | Q35: - | R35: - | S35: - | T35: 0.7084375 | U35: - | V35: 0.70865741 | W35: 0.70833333 | X35: 0.70833333
C36: 結束 | D36: - | E36: - | F36: - | G36: 0.33402778 | H36: 0.33853009 | I36: - | J36: - | K36: 0.41267361 | L36: - | M36: 0.42847222 | N36: 0.45208333 | O36: 0.45768519 | P36: 0.82248843 | Q36: - | R36: - | S36: - | T36: 0.87430556 | U36: - | V36: 0.86875 | W36: 1.0086111 | X36: 1.0076389
B37: 配置人數 | D37: - | E37: - | F37: - | G37: 11.75 | H37: 6 | I37: - | J37: - | K37: 4.3333333 | L37: - | M37: 4 | N37: 3 | O37: 3.5 | P37: 11.75 | Q37: - | R37: - | S37: - | T37: 4 | U37: - | V37: 4.3333333 | W37: 3 | X37: 3.5
B38: 主要應用設備 | D38: 伺服包裝機 | E38: ET-55 | F38: ET-600 | G38: 夾心型 | H38: 伺服包裝機 | I38: 伺服包裝機 | J38: 夾心型 | K38: 3300型 | L38: 3300型 | M38: 3300型 | N38: GKK | O38: GKK | P38: 夾心型 | Q38: 伺服包裝機 | R38: 伺服包裝機 | S38: 夾心型 | T38: 3300型 | U38: 3300型 | V38: 3300型 | W38: GKK | X38: GKK
B39: 次要應用設備
B40: 備註

Sheet 0224(18度C)
A1: 大溪廠日報分析 | C1: 總生產量 | D1: =SUM(F5:F191) -> 110365 | E1: 營業額 | F1: =SUM(G5:G191) -> 2177349.3 | G1: 出勤人數 | H1: =L21+L38+L55+L72+L89+L106+L123+L140+L157+L174+L191 -> 59.166667 | I1: 產線配置圖 | L1: 生產實績 | O1: 人時性差異分析 | S1: 日報登錄 | Y1: 分析說明 | AA1: 產能差異分析
A2: 46077 | C2: 人時性 | D2: =AVERAGE(N21,N38,N55,N72,N89,N106,N123,N140,N157,N174,N191) -> 672.81395 | E2: 平均廠價 | F2: =F1/D1 -> 19.728622 | G2: 多次生產數 | H2: =COUNT(H5:H191) -> 3
A3: 線別 | B3: 品類 | C3: 品名 | E3: 廠價 | F3: 生產量 | G3: 營收 | H3: 多次 生產 | I3: 人數 | J3: 產能/時 | K3: 人時性 | L3: 人數 | M3: 產能/時 | N3: 人時性 | O3: 人數 | P3: 人時性 | Q3: 達成率 | R3: 達成率 平均 | S3: 生產時間 | U3: 換線、休息/分 | V3: 稼動時間/分 | W3: 休息時間 | Y3: (屏榮回填) | AA3: 產能/時 | AB3: 達成率 | AC3: 達成率平均
S4: 開始 | T4: 結束 | W4: 開始 | X4: 結束
A5: 自動包裝機 | B5: 18℃-飯糰 | C5: 一配兩粒飯糰(鮪魚.焦糖鮭魚) | E5: 28.57 | F5: 2155 | G5: =E5*F5 -> 61568.35 | I5: 12 | J5: 3600 | K5: =J5/I5 -> 300 | L5: 12 | M5: =F5/V5*60 -> 3125.7051 | N5: =M5/L5 -> 260.47542 | O5: =L5-I5 -> 0 | P5: =N5-K5 -> -39.524577 | Q5: =N5/K5 -> 0.86825141 | R5: =Q21 -> 0.87379613 | S5: 0.20833333 | T5: 0.23706019 | V5: 41.366667 | AA5: =M5-J5 -> -474.29492 | AB5: =M5/J5 -> 0.86825141 | AC5: =AB21 -> 0.87379613
B6: 18℃-壽司手卷 | C6: 一配海饌雙手卷 | E6: 29.85 | F6: 2388 | G6: =E6*F6 -> 71281.8 | I6: 12 | J6: 3600 | K6: =J6/I6 -> 300 | L6: 12 | M6: =F6/V6*60 -> 3140.9573 | N6: =M6/L6 -> 261.74644 | O6: =L6-I6 -> 0 | P6: =N6-K6 -> -38.253562 | Q6: =N6/K6 -> 0.87248813 | S6: 0.24054398 | T6: 0.27222222 | U6: 5.0166667 | V6: 45.616667 | AA6: =M6-J6 -> -459.04275 | AB6: =M6/J6 -> 0.87248813
B7: 18℃-壽司手卷 | C7: 一配雙饗雙手卷 | E7: 29.52 | F7: 2226 | G7: =E7*F7 -> 65711.52 | I7: 12 | J7: 3600 | K7: =J7/I7 -> 300 | L7: 12 | M7: =F7/V7*60 -> 3140.1254 | N7: =M7/L7 -> 261.67712 | O7: =L7-I7 -> 0 | P7: =N7-K7 -> -38.322884 | Q7: =N7/K7 -> 0.87225705 | S7: 0.27601852 | T7: 0.30555556 | U7: 5.4666667 | V7: 42.533333 | AA7: =M7-J7 -> -459.87461 | AB7: =M7/J7 -> 0.87225705
B8: 18℃-壽司手卷 | C8: 一配長野稻荷壽司 | E8: 25.64 | F8: 1887 | G8: =E8*F8 -> 48382.68 | I8: 11 | J8: 3600 | K8: =J8/I8 -> 327.27273 | L8: 11 | M8: =F8/V8*60 -> 3175.8766 | N8: =M8/L8 -> 288.71605 | O8: =L8-I8 -> 0 | P8: =N8-K8 -> -38.556675 | Q8: =N8/K8 -> 0.88218794 | S8: 0.30927083 | T8: 0.33402778 | U8: 5.35 | V8: 35.65 | AA8: =M8-J8 -> -424.12342 | AB8: =M8/J8 -> 0.88218794
B21: 平均 | I21: =AVERAGE(I5:I20) -> 11.75 | J21: =AVERAGE(J5:J20) -> 3600 | K21: =J21/I21 -> 306.38298 | L21: =AVERAGE(L5:L20) -> 11.75 | M21: =AVERAGE(M5:M20) -> 3145.6661 | N21: =M21/L21 -> 267.71626 | O21: =L21-I21 -> 0 | P21: =N21-K21 -> -38.666717 | Q21: =N21/K21 -> 0.87379613 | S21: =S5 -> 0.20833333 | T21: =INDEX(T5:T20,COUNTA(T5:T20)) -> 0.33402778 | AA21: =M21-J21 -> -454.33393 | AB21: =M21/J21 -> 0.87379613
A22: 自動包裝機2 | B22: 18℃-壽司手卷 | C22: 一配雙鬆細卷 | E22: 14.03 | F22: 1111 | G22: =E22*F22 -> 15587.33 | I22: 6 | J22: 2600 | K22: =J22/I22 -> 433.33333 | L22: 6 | M22: =F22/V22*60 -> 2340.316 | N22: =M22/L22 -> 390.05266 | O22: =L22-I22 -> 0 | P22: =N22-K22 -> -43.280671 | Q22: =N22/K22 -> 0.90012153 | R22: =Q38 -> 0.90044557 | S22: 0.29166667 | T22: 0.31144676 | V22: 28.483333 | AA22: =M22-J22 -> -259.68403 | AB22: =M22/J22 -> 0.90012153 | AC22: =AB38 -> 0.90044557
B23: 18℃-壽司手卷 | C23: 一配經典鮪魚沙拉細卷 | E23: 14.49 | F23: 1346 | G23: =E23*F23 -> 19503.54 | I23: 6 | J23: 2600 | K23: =J23/I23 -> 433.33333 | L23: 6 | M23: =F23/V23*60 -> 2342.001 | N23: =M23/L23 -> 390.33349 | O23: =L23-I23 -> 0 | P23: =N23-K23 -> -42.999839 | Q23: =N23/K23 -> 0.9007696 | S23: 0.31458333 | T23: 0.33853009 | U23: 4.5166667 | V23: 34.483333 | AA23: =M23-J23 -> -257.99903 | AB23: =M23/J23 -> 0.9007696
B38: 平均 | I38: =AVERAGE(I22:I37) -> 6 | J38: =AVERAGE(J22:J37) -> 2600 | K38: =J38/I38 -> 433.33333 | L38: =AVERAGE(L22:L37) -> 6 | M38: =AVERAGE(M22:M37) -> 2341.1585 | N38: =M38/L38 -> 390.19308 | O38: =L38-I38 -> 0 | P38: =N38-K38 -> -43.140255 | Q38: =N38/K38 -> 0.90044557 | S38: =S22 -> 0.29166667 | T38: =INDEX(T22:T37,COUNTA(T22:T37)) -> 0.33853009 | AA38: =M38-J38 -> -258.84153 | AB38: =M38/J38 -> 0.90044557
A39: (舊) 3300型飯糰線 | B39: 18℃-飯糰 | C39: 一配壹號醬炙烤牛飯糰 | E39: 22.28 | F39: 1268 | G39: =E39*F39 -> 28251.04 | I39: 5 | J39: 3300 | K39: =J39/I39 -> 660 | L39: 5 | M39: =F39/V39*60 -> 2966.0819 | N39: =M39/L39 -> 593.21637 | O39: =L39-I39 -> 0 | P39: =N39-K39 -> -66.783626 | Q39: =N39/K39 -> 0.89881269 | R39: =Q55 -> 0.89848796 | S39: 0.29190972 | T39: 0.30972222 | V39: 25.65 | AA39: =M39-J39 -> -333.91813 | AB39: =M39/J39 -> 0.89881269 | AC39: =AB55 -> 0.89848796
B40: 18℃-飯糰 | C40: 一配照燒雞肉飯糰 | E40: 21.45 | F40: 1570 | G40: =E40*F40 -> 33676.5 | I40: 4 | J40: 3300 | K40: =J40/I40 -> 825 | L40: 4 | M40: =F40/V40*60 -> 2965.3725 | N40: =M40/L40 -> 741.34313 | O40: =L40-I40 -> 0 | P40: =N40-K40 -> -83.656873 | Q40: =N40/K40 -> 0.89859773 | S40: 0.31335648 | T40: 0.33541667 | U40: 5.2333333 | V40: 31.766667 | AA40: =M40-J40 -> -334.62749 | AB40: =M40/J40 -> 0.89859773
B41: 18℃-飯糰 | C41: 一配雞肉飯飯糰 | E41: 16.66 | F41: 5248 | G41: =E41*F41 -> 87431.68 | I41: 4 | J41: 3300 | K41: =J41/I41 -> 825 | L41: 4 | M41: =F41/V41*60 -> 2963.5765 | N41: =M41/L41 -> 740.89412 | O41: =L41-I41 -> 0 | P41: =N41-K41 -> -84.105882 | Q41: =N41/K41 -> 0.89805348 | S41: 0.33888889 | T41: 0.41267361 | U41: 5 | V41: 106.25 | AA41: =M41-J41 -> -336.42353 | AB41: =M41/J41 -> 0.89805348
B55: 平均 | I55: =AVERAGE(I39:I54) -> 4.3333333 | J55: =AVERAGE(J39:J54) -> 3300 | K55: =J55/I55 -> 761.53846 | L55: =AVERAGE(L39:L54) -> 4.3333333 | M55: =AVERAGE(M39:M54) -> 2965.0103 | N55: =M55/L55 -> 684.23314 | O55: =L55-I55 -> 0 | P55: =N55-K55 -> -77.305319 | Q55: =N55/K55 -> 0.89848796 | S55: =S39 -> 0.29190972 | T55: =INDEX(T39:T54,COUNTA(T39:T54)) -> 0.41267361 | AA55: =M55-J55 -> -334.98972 | AB55: =M55/J55 -> 0.89848796
A56: (新) 3300型飯糰機 | B56: 18℃-飯糰 | C56: 一配鹽蔥燒肉飯糰 | E56: 17.89 | F56: 3322 | G56: =E56*F56 -> 59430.58 | I56: 4 | J56: 3300 | K56: =J56/I56 -> 825 | L56: 4 | M56: =F56/V56*60 -> 2961.6642 | N56: =M56/L56 -> 740.41605 | O56: =L56-I56 -> 0 | P56: =N56-K56 -> -84.583952 | Q56: =N56/K56 -> 0.897474 | R56: =Q72 -> 0.89714273 | S56: 0.29166667 | T56: 0.33840278 | V56: 67.3 | AA56: =M56-J56 -> -338.33581 | AB56: =M56/J56 -> 0.897474 | AC56: =AB72 -> 0.89714273
B57: 18℃-飯糰 | C57: 一配紅運烏魚子紹興飯糰 | E57: 27.27 | F57: 2189 | G57: =E57*F57 -> 59694.03 | I57: 5 | J57: 3300 | K57: =J57/I57 -> 660 | L57: 5 | M57: =F57/V57*60 -> 2960.3306 | N57: =M57/L57 -> 592.06612 | O57: =L57-I57 -> 0 | P57: =N57-K57 -> -67.933884 | Q57: =N57/K57 -> 0.89706987 | S57: 0.34166667 | T57: 0.37247685 | U57: 4.7 | V57: 44.366667 | AA57: =M57-J57 -> -339.66942 | AB57: =M57/J57 -> 0.89706987
B58: 18℃-飯糰 | C58: 一配鮭魚奶油醬油飯糰 | E58: 18.53 | F58: 3735 | G58: =E58*F58 -> 69209.55 | I58: 3 | J58: 3300 | K58: =J58/I58 -> 1100 | L58: 3 | M58: =F58/V58*60 -> 2959.7182 | N58: =M58/L58 -> 986.57275 | O58: =L58-I58 -> 0 | P58: =N58-K58 -> -113.42725 | Q58: =N58/K58 -> 0.89688432 | S58: 0.3758912 | T58: 0.42847222 | U58: 4.9166667 | V58: 75.716667 | AA58: =M58-J58 -> -340.28175 | AB58: =M58/J58 -> 0.89688432
B72: 平均 | I72: =AVERAGE(I56:I71) -> 4 | J72: =AVERAGE(J56:J71) -> 3300 | K72: =J72/I72 -> 825 | L72: =AVERAGE(L56:L71) -> 4 | M72: =AVERAGE(M56:M71) -> 2960.571 | N72: =M72/L72 -> 740.14275 | O72: =L72-I72 -> 0 | P72: =N72-K72 -> -84.857249 | Q72: =N72/K72 -> 0.89714273 | S72: =S56 -> 0.29166667 | T72: =INDEX(T56:T71,COUNTA(T56:T71)) -> 0.42847222 | AA72: =M72-J72 -> -339.42899 | AB72: =M72/J72 -> 0.89714273
A73: GKK3600型 飯糰機 | B73: 18℃-飯糰 | C73: 一配蔬食鮪魚飯糰 | E73: 18.18 | F73: 1310 | G73: =E73*F73 -> 23815.8 | I73: 3 | J73: 3600 | K73: =J73/I73 -> 1200 | L73: 3 | M73: =F73/V73*60 -> 3144 | N73: =M73/L73 -> 1048 | O73: =L73-I73 -> 0 | P73: =N73-K73 -> -152 | Q73: =N73/K73 -> 0.87333333 | R73: =Q89 -> 0.88007737 | S73: 0.25 | T73: 0.26736111 | V73: 25 | AA73: =M73-J73 -> -456 | AB73: =M73/J73 -> 0.87333333 | AC73: =AB89 -> 0.88007737
B74: 18℃-飯糰 | C74: 一配經典肉鬆飯糰 | E74: 14.03 | F74: 4987 | G74: =E74*F74 -> 69967.61 | I74: 3 | J74: 3000 | K74: =J74/I74 -> 1000 | L74: 3 | M74: =F74/V74*60 -> 2692.8454 | N74: =M74/L74 -> 897.61512 | O74: =L74-I74 -> 0 | P74: =N74-K74 -> -102.38488 | Q74: =N74/K74 -> 0.89761512 | S74: 0.27777778 | T74: 0.35494213 | U74: 15 | V74: 111.11667 | AA74: =M74-J74 -> -307.15464 | AB74: =M74/J74 -> 0.89761512
B75: 18℃-飯糰 | C75: 一配鮪魚飯糰 | E75: 14.28 | F75: 6518 | G75: =E75*F75 -> 93077.04 | I75: 3 | J75: 3600 | K75: =J75/I75 -> 1200 | L75: 3 | M75: =F75/V75*60 -> 3139.9438 | N75: =M75/L75 -> 1046.6479 | O75: =L75-I75 -> 0 | P75: =N75-K75 -> -153.35207 | Q75: =N75/K75 -> 0.87220661 | S75: 0.36559028 | T75: 0.45208333 | U75: 15.333333 | V75: 124.55 | AA75: =M75-J75 -> -460.0562 | AB75: =M75/J75 -> 0.87220661
B89: 平均 | I89: =AVERAGE(I73:I88) -> 3 | J89: =AVERAGE(J73:J88) -> 3400 | K89: =J89/I89 -> 1133.3333 | L89: =AVERAGE(L73:L88) -> 3 | M89: =AVERAGE(M73:M88) -> 2992.2631 | N89: =M89/L89 -> 997.42102 | O89: =L89-I89 -> 0 | P89: =N89-K89 -> -135.91232 | Q89: =N89/K89 -> 0.88007737 | S89: =S73 -> 0.25 | T89: =INDEX(T73:T88,COUNTA(T73:T88)) -> 0.45208333 | AA89: =M89-J89 -> -407.73695 | AB89: =M89/J89 -> 0.88007737
A90: GKK3600型 飯糰機2 | B90: 18℃-飯糰 | C90: 一配熟成紅鮭飯糰 | E90: 25.03 | F90: 1637 | G90: =E90*F90 -> 40974.11 | I90: 4 | J90: 3300 | K90: =J90/I90 -> 825 | L90: 4 | M90: =F90/V90*60 -> 2929.0258 | N90: =M90/L90 -> 732.25646 | O90: =L90-I90 -> 0 | P90: =N90-K90 -> -92.743539 | Q90: =N90/K90 -> 0.88758359 | R90: =Q106 -> 0.8860245 | S90: 0.29199074 | T90: 0.31527778 | V90: 33.533333 | AA90: =M90-J90 -> -370.97416 | AB90: =M90/J90 -> 0.88758359 | AC90: =AB106 -> 0.8860245
B91: 18℃-飯糰 | C91: 一配北海道秋鮭親子飯糰 | E91: 24.82 | F91: 1982 | G91: =E91*F91 -> 49193.24 | I91: 4 | J91: 3300 | K91: =J91/I91 -> 825 | L91: 4 | M91: =F91/V91*60 -> 2931.4708 | N91: =M91/L91 -> 732.86771 | O91: =L91-I91 -> 0 | P91: =N91-K91 -> -92.132293 | Q91: =N91/K91 -> 0.88832449 | S91: 0.32599537 | T91: 0.35416667 | U91: 15.433333 | V91: 40.566667 | AA91: =M91-J91 -> -368.52917 | AB91: =M91/J91 -> 0.88832449
B92: 18℃-飯糰 | C92: 一配贅沢鮭魚肚飯糰 | E92: 30 | F92: 3085 | G92: =E92*F92 -> 92550 | I92: 3 | J92: 3000 | K92: =J92/I92 -> 1000 | L92: 3 | M92: =F92/V92*60 -> 2692.3636 | N92: =M92/L92 -> 897.45455 | O92: =L92-I92 -> 0 | P92: =N92-K92 -> -102.54545 | Q92: =N92/K92 -> 0.89745455 | S92: 0.36475694 | T92: 0.4125 | U92: 15.25 | V92: 68.75 | AA92: =M92-J92 -> -307.63636 | AB92: =M92/J92 -> 0.89745455
B93: 18℃-飯糰 | C93: 一配明太子龍蝦風味沙拉飯糰 | E93: 18.18 | F93: 2570 | G93: =E93*F93 -> 46722.6 | I93: 3 | J93: 3600 | K93: =J93/I93 -> 1200 | L93: 3 | M93: =F93/V93*60 -> 3142.663 | N93: =M93/L93 -> 1047.5543 | O93: =L93-I93 -> 0 | P93: =N93-K93 -> -152.44565 | Q93: =N93/K93 -> 0.87296196 | S93: 0.42361111 | T93: 0.45768519 | U93: 16 | V93: 49.066667 | AA93: =M93-J93 -> -457.33696 | AB93: =M93/J93 -> 0.87296196
B106: 平均 | I106: =AVERAGE(I90:I105) -> 3.5 | J106: =AVERAGE(J90:J105) -> 3300 | K106: =J106/I106 -> 942.85714 | L106: =AVERAGE(L90:L105) -> 3.5 | M106: =AVERAGE(M90:M105) -> 2923.8808 | N106: =M106/L106 -> 835.39453 | O106: =L106-I106 -> 0 | P106: =N106-K106 -> -107.46262 | Q106: =N106/K106 -> 0.8860245 | S106: =S90 -> 0.29199074 | T106: =INDEX(T90:T105,COUNTA(T90:T105)) -> 0.45768519 | AA106: =M106-J106 -> -376.11916 | AB106: =M106/J106 -> 0.8860245
A107: 自動包裝機 (二配) | B107: 18℃-壽司手卷 | C107: 二配長野稻荷壽司 | E107: 25.64 | F107: 1711 | G107: =E107*F107 -> 43870.04 | I107: 11 | J107: 3600 | K107: =J107/I107 -> 327.27273 | L107: 11 | M107: =F107/V107*60 -> 3175.0515 | N107: =M107/L107 -> 288.64105 | O107: =L107-I107 -> 0 | P107: =N107-K107 -> -38.631678 | Q107: =N107/K107 -> 0.88195876 | R107: =Q123 -> 0.87372439 | S107: 0.70833333 | T107: 0.73078704 | V107: 32.333333 | AA107: =M107-J107 -> -424.94845 | AB107: =M107/J107 -> 0.88195876 | AC107: =AB123 -> 0.87372439
B108: 18℃-壽司手卷 | C108: 二配雙饗雙手卷 | E108: 29.52 | F108: 2155 | G108: =E108*F108 -> 63615.6 | I108: 12 | J108: 3600 | K108: =J108/I108 -> 300 | L108: 12 | M108: =F108/V108*60 -> 3139.6196 | N108: =M108/L108 -> 261.63497 | O108: =L108-I108 -> 0 | P108: =N108-K108 -> -38.365034 | Q108: =N108/K108 -> 0.87211655 | S108: 0.73402778 | T108: 0.76262731 | U108: 4.6666667 | V108: 41.183333 | AA108: =M108-J108 -> -460.38041 | AB108: =M108/J108 -> 0.87211655
B109: 18℃-壽司手卷 | C109: 二配海饌雙手卷 | E109: 29.85 | F109: 2374 | G109: =E109*F109 -> 70863.9 | I109: 12 | J109: 3600 | K109: =J109/I109 -> 300 | L109: 12 | M109: =F109/V109*60 -> 3140.9041 | N109: =M109/L109 -> 261.74201 | O109: =L109-I109 -> 0 | P109: =N109-K109 -> -38.257993 | Q109: =N109/K109 -> 0.87247336 | S109: 0.76666667 | T109: 0.79815972 | U109: 5.8166667 | V109: 45.35 | AA109: =M109-J109 -> -459.09592 | AB109: =M109/J109 -> 0.87247336
B110: 18℃-飯糰 | C110: 二配兩粒飯糰(鮪魚.焦糖鮭魚) | E110: 28.57 | F110: 1583 | G110: =E110*F110 -> 45226.31 | I110: 12 | J110: 3600 | K110: =J110/I110 -> 300 | L110: 12 | M110: =F110/V110*60 -> 3126.056 | N110: =M110/L110 -> 260.50466 | O110: =L110-I110 -> 0 | P110: =N110-K110 -> -39.495337 | Q110: =N110/K110 -> 0.86834888 | S110: 0.80138889 | T110: 0.82248843 | U110: 4.65 | V110: 30.383333 | AA110: =M110-J110 -> -473.94405 | AB110: =M110/J110 -> 0.86834888
B123: 平均 | I123: =AVERAGE(I107:I122) -> 11.75 | J123: =AVERAGE(J107:J122) -> 3600 | K123: =J123/I123 -> 306.38298 | L123: =AVERAGE(L107:L122) -> 11.75 | M123: =AVERAGE(M107:M122) -> 3145.4078 | N123: =M123/L123 -> 267.69428 | O123: =L123-I123 -> 0 | P123: =N123-K123 -> -38.688699 | Q123: =N123/K123 -> 0.87372439 | S123: =S107 -> 0.70833333 | T123: =INDEX(T107:T122,COUNTA(T107:T122)) -> 0.82248843 | AA123: =M123-J123 -> -454.59221 | AB123: =M123/J123 -> 0.87372439
A124: (舊) 3300型飯糰線 (二配) | B124: 18℃-飯糰 | C124: 二配大飯糰滷肉飯加蛋 | E124: 22.48 | F124: 1552 | G124: =E124*F124 -> 34888.96 | I124: 5 | J124: 3000 | K124: =J124/I124 -> 600 | L124: 5 | M124: =F124/V124*60 -> 2672.023 | N124: =M124/L124 -> 534.40459 | O124: =L124-I124 -> 0 | P124: =N124-K124 -> -65.595409 | Q124: =N124/K124 -> 0.89067432 | R124: =Q140 -> 0.89488576 | S124: 0.7084375 | T124: 0.73263889 | V124: 34.85 | AA124: =M124-J124 -> -327.97704 | AB124: =M124/J124 -> 0.89067432 | AC124: =AB140 -> 0.89488576
B125: 18℃-飯糰 | C125: 二配大飯糰韓式蒜烤豬五花 | E125: 24.54 | F125: 2200 | G125: =E125*F125 -> 53988 | I125: 4 | J125: 3000 | K125: =J125/I125 -> 750 | L125: 4 | M125: =F125/V125*60 -> 2673.869 | N125: =M125/L125 -> 668.46725 | O125: =L125-I125 -> 0 | P125: =N125-K125 -> -81.532748 | Q125: =N125/K125 -> 0.89128967 | S125: 0.73611111 | T125: 0.77039352 | U125: 5 | V125: 49.366667 | AA125: =M125-J125 -> -326.13099 | AB125: =M125/J125 -> 0.89128967
B126: 18℃-飯糰 | C126: 二配三杯醬爆菇菇飯糰 | E126: 16.7 | F126: 1448 | G126: =E126*F126 -> 24181.6 | I126: 3 | J126: 3300 | K126: =J126/I126 -> 1100 | L126: 3 | M126: =F126/V126*60 -> 2965.1877 | N126: =M126/L126 -> 988.3959 | O126: =L126-I126 -> 0 | P126: =N126-K126 -> -111.6041 | Q126: =N126/K126 -> 0.89854173 | S126: 0.77430556 | T126: 0.79465278 | U126: 5.6333333 | V126: 29.3 | AA126: =M126-J126 -> -334.81229 | AB126: =M126/J126 -> 0.89854173
B127: 18℃-飯糰 | C127: 二配鹽蔥燒肉飯糰 | E127: 17.89 | F127: 5425 | G127: =E127*F127 -> 97053.25 | I127: 4 | J127: 3300 | K127: =J127/I127 -> 825 | L127: 4 | M127: =F127/V127*60 -> 2964.4809 | N127: =M127/L127 -> 741.12022 | O127: =L127-I127 -> 0 | P127: =N127-K127 -> -83.879781 | Q127: =N127/K127 -> 0.89832754 | S127: 0.79805556 | T127: 0.87430556 | U127: 4.9 | V127: 109.8 | AA127: =M127-J127 -> -335.51913 | AB127: =M127/J127 -> 0.89832754
B140: 平均 | I140: =AVERAGE(I124:I139) -> 4 | J140: =AVERAGE(J124:J139) -> 3150 | K140: =J140/I140 -> 787.5 | L140: =AVERAGE(L124:L139) -> 4 | M140: =AVERAGE(M124:M139) -> 2818.8901 | N140: =M140/L140 -> 704.72253 | O140: =L140-I140 -> 0 | P140: =N140-K140 -> -82.777466 | Q140: =N140/K140 -> 0.89488576 | S140: =S124 -> 0.7084375 | T140: =INDEX(T124:T139,COUNTA(T124:T139)) -> 0.87430556 | AA140: =M140-J140 -> -331.10986 | AB140: =M140/J140 -> 0.89488576
A141: (新) 3300型飯糰機 (二配) | B141: 18℃-飯糰 | C141: 二配壹號醬炙烤牛飯糰 | E141: 22.28 | F141: 1806 | G141: =E141*F141 -> 40237.68 | I141: 5 | J141: 3300 | K141: =J141/I141 -> 660 | L141: 5 | M141: =F141/V141*60 -> 2966.0584 | N141: =M141/L141 -> 593.21168 | O141: =L141-I141 -> 0 | P141: =N141-K141 -> -66.788321 | Q141: =N141/K141 -> 0.89880557 | R141: =Q157 -> 0.89809973 | S141: 0.70865741 | T141: 0.73402778 | V141: 36.533333 | AA141: =M141-J141 -> -333.94161 | AB141: =M141/J141 -> 0.89880557 | AC141: =AB157 -> 0.89809973
B142: 18℃-飯糰 | C142: 二配油蔥G絲飯糰 | E142: 18.18 | F142: 779 | G142: =E142*F142 -> 14162.22 | I142: 4 | J142: 3300 | K142: =J142/I142 -> 825 | L142: 4 | M142: =F142/V142*60 -> 2964.482 | N142: =M142/L142 -> 741.12051 | O142: =L142-I142 -> 0 | P142: =N142-K142 -> -83.879493 | Q142: =N142/K142 -> 0.89832789 | S142: 0.73835648 | T142: 0.74930556 | U142: 6.2333333 | V142: 15.766667 | AA142: =M142-J142 -> -335.51797 | AB142: =M142/J142 -> 0.89832789
B143: 18℃-飯糰 | C143: 二配雞肉飯飯糰 | E143: 16.66 | F143: 8238 | G143: =E143*F143 -> 137245.08 | I143: 4 | J143: 3300 | K143: =J143/I143 -> 825 | L143: 4 | M143: =F143/V143*60 -> 2960.6469 | N143: =M143/L143 -> 740.16173 | O143: =L143-I143 -> 0 | P143: =N143-K143 -> -84.838275 | Q143: =N143/K143 -> 0.89716573 | S143: 0.7528125 | T143: 0.86875 | U143: 5.05 | V143: 166.95 | AA143: =M143-J143 -> -339.3531 | AB143: =M143/J143 -> 0.89716573
B157: 平均 | I157: =AVERAGE(I141:I156) -> 4.3333333 | J157: =AVERAGE(J141:J156) -> 3300 | K157: =J157/I157 -> 761.53846 | L157: =AVERAGE(L141:L156) -> 4.3333333 | M157: =AVERAGE(M141:M156) -> 2963.7291 | N157: =M157/L157 -> 683.93749 | O157: =L157-I157 -> 0 | P157: =N157-K157 -> -77.600975 | Q157: =N157/K157 -> 0.89809973 | S157: =S141 -> 0.70865741 | T157: =INDEX(T141:T156,COUNTA(T141:T156)) -> 0.86875 | AA157: =M157-J157 -> -336.27089 | AB157: =M157/J157 -> 0.89809973
A158: GKK3600型 飯糰機 (二配) | B158: 18℃-飯糰 | C158: 二配經典肉鬆飯糰 | E158: 14.03 | F158: 1886 | G158: =E158*F158 -> 26460.58 | H158: 2 | I158: 3 | J158: 3000 | K158: =J158/I158 -> 1000 | L158: 3 | M158: =F158/V158*60 -> 2693.217 | N158: =M158/L158 -> 897.73899 | O158: =L158-I158 -> 0 | P158: =N158-K158 -> -102.26101 | Q158: =N158/K158 -> 0.89773899 | R158: =Q174 -> 0.88451675 | S158: 0.70833333 | T158: 0.73751157 | V158: 42.016667 | AA158: =M158-J158 -> -306.78302 | AB158: =M158/J158 -> 0.89773899 | AC158: =AB174 -> 0.88451675
B159: 18℃-飯糰 | C159: 二配蔬食鮪魚飯糰 | E159: 18.18 | F159: 1317 | G159: =E159*F159 -> 23943.06 | I159: 3 | J159: 3600 | K159: =J159/I159 -> 1200 | L159: 3 | M159: =F159/V159*60 -> 3148.2072 | N159: =M159/L159 -> 1049.4024 | O159: =L159-I159 -> 0 | P159: =N159-K159 -> -150.59761 | Q159: =N159/K159 -> 0.87450199 | S159: 0.74791667 | T159: 0.76534722 | U159: 14.983333 | V159: 25.1 | AA159: =M159-J159 -> -451.79283 | AB159: =M159/J159 -> 0.87450199
B160: 18℃-飯糰 | C160: 二配鮪魚飯糰 | E160: 14.28 | F160: 6297 | G160: =E160*F160 -> 89921.16 | H160: 2 | I160: 3 | J160: 3600 | K160: =J160/I160 -> 1200 | L160: 3 | M160: =F160/V160*60 -> 3141.0836 | N160: =M160/L160 -> 1047.0279 | O160: =L160-I160 -> 0 | P160: =N160-K160 -> -152.97215 | Q160: =N160/K160 -> 0.87252321 | S160: 0.77569444 | T160: 0.85922454 | U160: 14.9 | V160: 120.28333 | W160: 0.85922454 | X160: 0.91180556 | AA160: =M160-J160 -> -458.91645 | AB160: =M160/J160 -> 0.87252321
