Workbook

Sheet 0430
B1: 屏榮 大溪廠組合室生產人時性分析
B3: 日期 | C3: 115.04.30星期四 | E3: 訂單量 | F3: ='0430(18度C)'!D1+'0430(4度C)'!D1 -> 150674 | H3: 營業額 | I3: ='0430(18度C)'!F1+'0430(4度C)'!F1 -> 4446498.9
B4: 人時性 | C4: 項目 | E4: ➀ | G4: ➁ | I4: ➂ | K4: ④ | M4: ⑤ | O4: 異常停線 | Q4: 短暫停線
C5: 組合室 | E5: 全溫層 | G5: 4度C-各編組展開(一配) | I5: 4度C-各編組展開(二配) | K5: 18度C-各編組展開(一配) | M5: 18度C-各編組展開(二配) | O5: 合計次數 | P5: 時間 | Q5: 合計次數 | R5: 設備次數
C6: 排關平均 | E6: =AVERAGE(D14:O14,D32:X32) -> 467.18097 | F6: =AVERAGE(#REF!,D14:K14) -> #REF! | G6: =AVERAGE(D14:K14) -> 170.54851 | I6: =AVERAGE(L14:O14) -> 97.878788 | K6: =AVERAGE(D32:O32) -> 715.94326 | M6: =AVERAGE(P32:X32) -> 711.66978 | O6: ='0430(4度C)'!Y2 -> 0 | P6: ='0430(4度C)'!Z2 -> 0 | Q6: ='0430(4度C)'!AC2 -> 55 | R6: ='0430(4度C)'!AD2 -> 0
C7: 實績平均 | E7: =AVERAGE(D15:O15,D33:X33) -> 417.06453 | F7: =AVERAGE(#REF!,D15:K15) -> #REF! | G7: =AVERAGE(D15:K15) -> 152.55672 | I7: =AVERAGE(L15:O15) -> 87.933172 | K7: =AVERAGE(D33:O33) -> 639.21328 | M7: =AVERAGE(P33:X33) -> 634.57904
C8: 達成率平均 | E8: =AVERAGE(D16:O16,D34:X34) -> 0.89355679 | F8: =AVERAGE(D16:K16,#REF!) -> #REF! | G8: =AVERAGE(D16:K16) -> 0.8942261 | I8: =AVERAGE(L16:O16) -> 0.90105421 | K8: =AVERAGE(D34:O34) -> 0.89104462 | M8: =AVERAGE(P34:X34) -> 0.89211166
O9: ※現行日本鮮食廠以達成率80%為基本(即為現行KPI)
B11: 溫層 | D11: ➁4度C-各編組展開 | L11: ➂4度C-各編組展開
B12: 編組 | D12: 1 | E12: 2 | F12: 3 | G12: 4 | H12: 5 | I12: 6 | J12: 7 | K12: 8 | L12: 1 | M12: 2 | N12: 3 | O12: 4
D13: 便當一線 | E13: 便當二線 | F13: 涼麵一線 | G13: 涼麵二線 | H13: 涼麵三線 | I13: 自動包裝機 | J13: 自動包裝機2 | K13: 自動包裝機3 | L13: 便當一線 | M13: 便當二線 | N13: 涼麵一線 | O13: 涼麵二線
B14: 人時性 | C14: 排關 | D14: - | E14: 84.507042 | F14: 100.84112 | G14: 83.72093 | H14: 183.67347 | I14: - | J14: - | K14: 400 | L14: - | M14: 86.666667 | N14: 109.09091 | O14: -
C15: 實績 | D15: - | E15: 75.601162 | F15: 90.545586 | G15: 74.950555 | H15: 162.73183 | I15: - | J15: - | K15: 358.95448 | L15: - | M15: 80.108221 | N15: 95.758123 | O15: -
C16: 達成率 | D16: - | E16: =E15/E14 -> 0.89461375 | F16: =F15/F14 -> 0.8979034 | G16: =G15/G14 -> 0.89524273 | H16: =H15/H14 -> 0.88598443 | I16: - | J16: - | K16: =K15/K14 -> 0.8973862 | L16: - | M16: =M15/M14 -> 0.92432562 | N16: =N15/N14 -> 0.87778279 | O16: -
B17: 作業 時間 | C17: 開始 | D17: - | E17: 0.29166667 | F17: 0.29166667 | G17: 0.29166667 | H17: 0.25 | I17: - | J17: - | K17: 0.29166667 | L17: - | M17: 0.70833333 | N17: 0.70833333 | O17: -
C18: 結束 | D18: - | E18: 0.51590278 | F18: 0.54625 | G18: 0.58618056 | H18: 0.52212963 | I18: - | J18: - | K18: 0.3840162 | L18: - | M18: 0.84270833 | N18: 0.81527778 | O18: -
B19: 產線異常 (5分鐘以上) | C19: 次數
C20: 時間/分
B21: 短暫停線 (5分鐘以下) | C21: 次數 | E21: 9 | F21: 9 | G21: 11 | H21: 11 | K21: 6 | M21: 4 | N21: 5
C22: 設備次數
B23: 配置人數 | D23: - | E23: 23.666667 | F23: 21.6 | G23: 21.5 | H23: 19.6 | I23: - | J23: - | K23: 7.25 | L23: - | M23: 21.75 | N23: 18.666667 | O23: -
B24: 主要應用設備 | D24: L型封口機 | E24: ET-55 | F24: ET-55 | G24: ET-55 | H24: ET-600 | I24: 伺服包裝機 | J24: 伺服包裝機 | K24: 伺服包裝機 | L24: L型封口機 | M24: ET-55 | N24: ET-55 | O24: ET-55
B25: 次要應用設備 | D25: 伺服包裝機 | H25: 伺服包裝機
B26: 備註 | H26: 涼麵+烤飯糰 | I26: 大口飯糰線 | K26: 烤飯糰+手卷
B29: 溫層 | D29: ➃18度C-各編組展開 (一配) | P29: ⑤18度C-各編組展開 (二配)
B30: 編組 | D30: 1 | E30: 2 | F30: 3 | G30: 4 | H30: 5 | I30: 6 | J30: 7 | K30: 8 | L30: 9 | M30: 10 | N30: 11 | O30: 12 | P30: 1 | Q30: 2 | R30: 3 | S30: 4 | T30: 5 | U30: 6 | V30: 7 | W30: 8 | X30: 9
D31: 便當一線 | E31: 涼麵一線 | F31: 涼麵三線 | G31: 自動包裝機 | H31: 自動包裝機2 | I31: 自動包裝機3 | J31: 味付飯糰線B | K31: (舊) 3300型飯糰線 | L31: 3000型飯糰線 | M31: (新) 3300型飯糰機 | N31: GKK3600型 飯糰機 | O31: GKK3600型 飯糰機2 | P31: 自動包裝機 | Q31: 自動包裝機2 | R31: 自動包裝機3 | S31: 味付飯糰線B | T31: (舊) 3300型飯糰線 | U31: 3000型飯糰線 | V31: (新) 3300型飯糰機 | W31: GKK3600型 飯糰機 | X31: GKK3600型 飯糰機2
B32: 人時性 | C32: 排關 | D32: - | E32: - | F32: - | G32: 306.38298 | H32: 433.33333 | I32: - | J32: - | K32: - | L32: - | M32: 1100 | N32: 900 | O32: 840 | P32: 291.89189 | Q32: - | R32: - | S32: - | T32: - | U32: - | V32: 775 | W32: 950 | X32: 829.78723
C33: 實績 | D33: - | E33: - | F33: - | G33: 268.53366 | H33: 390.87096 | I33: - | J33: - | K33: - | L33: - | M33: 993.68422 | N33: 799.82478 | O33: 743.15278 | P33: 260.75268 | Q33: - | R33: - | S33: - | T33: - | U33: - | V33: 696.39295 | W33: 845.64134 | X33: 735.52918
C34: 達成率 | D34: - | E34: - | F34: - | G34: =G33/G32 -> 0.87646403 | H34: =H33/H32 -> 0.90200991 | I34: - | J34: - | K34: - | L34: - | M34: =M33/M32 -> 0.90334929 | N34: =N33/N32 -> 0.8886942 | O34: =O33/O32 -> 0.88470569 | P34: =P33/P32 -> 0.89331937 | Q34: - | R34: - | S34: - | T34: - | U34: - | V34: =V33/V32 -> 0.89857155 | W34: =W33/W32 -> 0.89014878 | X34: =X33/X32 -> 0.88640696
B35: 作業 時間 | C35: 開始 | D35: - | E35: - | F35: - | G35: 0.29166667 | H35: 0.29166667 | I35: - | J35: - | K35: - | L35: - | M35: 0.35416667 | N35: 0.25 | O35: 0.25 | P35: 0.70833333 | Q35: - | R35: - | S35: - | T35: - | U35: - | V35: 0.70833333 | W35: 0.70833333 | X35: 0.70833333
C36: 結束 | D36: - | E36: - | F36: - | G36: 0.40365741 | H36: 0.31631944 | I36: - | J36: - | K36: - | L36: - | M36: 0.38686343 | N36: 0.52420139 | O36: 0.5196412 | P36: 0.75038194 | Q36: - | R36: - | S36: - | T36: - | U36: - | V36: 0.78847222 | W36: 1.0948958 | X36: 1.0823843
B37: 配置人數 | D37: - | E37: - | F37: - | G37: 11.75 | H37: 6 | I37: - | J37: - | K37: - | L37: - | M37: 3 | N37: 3.8333333 | O37: 4.2857143 | P37: 12.333333 | Q37: - | R37: - | S37: - | T37: - | U37: - | V37: 4 | W37: 3.6 | X37: 4.2727273
B38: 主要應用設備 | D38: 伺服包裝機 | E38: ET-55 | F38: ET-600 | G38: 夾心型 | H38: 伺服包裝機 | I38: 伺服包裝機 | J38: 夾心型 | K38: 3300型 | L38: 3300型 | M38: 3300型 | N38: GKK | O38: GKK | P38: 夾心型 | Q38: 伺服包裝機 | R38: 伺服包裝機 | S38: 夾心型 | T38: 3300型 | U38: 3300型 | V38: 3300型 | W38: GKK | X38: GKK
B39: 次要應用設備
B40: 備註

Sheet 0430(18度C)
A1: 大溪廠日報分析 | C1: 總生產量 | D1: =SUM(F5:F157) -> 93443 | E1: 營業額 | F1: =SUM(G5:G157) -> 1887255 | G1: 出勤人數 | H1: =L21+L38+L55+L72+L89+L106+L123+L140+L157 -> 53.075108 | I1: 產線配置圖 | L1: 生產實績 | O1: 人時性差異分析 | S1: 日報登錄 | Y1: 分析說明 | AA1: 產能差異分析
A2: 46142 | C2: 人時性 | D2: =AVERAGE(N21,N38,N55,N72,N89,N106,N123,N140,N157) -> 637.15362 | E2: 平均廠價 | F2: =F1/D1 -> 20.196859 | G2: 多次生產數 | H2: =COUNT(H5:H157) -> 9
A3: 線別 | B3: 品類 | C3: 品名 | E3: 廠價 | F3: 生產量 | G3: 營收 | H3: 多次 生產 | I3: 人數 | J3: 產能/時 | K3: 人時性 | L3: 人數 | M3: 產能/時 | N3: 人時性 | O3: 人數 | P3: 人時性 | Q3: 達成率 | R3: 達成率 平均 | S3: 生產時間 | U3: 換線、休息/分 | V3: 稼動時間/分 | W3: 休息時間 | Y3: (屏榮回填) | AA3: 產能/時 | AB3: 達成率 | AC3: 達成率平均
S4: 開始 | T4: 結束 | W4: 開始 | X4: 結束
A5: 自動包裝機 | B5: 18℃-壽司手卷 | C5: 一配長野稻荷壽司 | E5: 25.64 | F5: 1076 | G5: =E5*F5 -> 27588.64 | I5: 11 | J5: 3600 | K5: =J5/I5 -> 327.27273 | L5: 11 | M5: =F5/V5*60 -> 3181.9957 | N5: =M5/L5 -> 289.27234 | O5: =L5-I5 -> 0 | P5: =N5-K5 -> -38.000387 | Q5: =N5/K5 -> 0.88388771 | R5: =Q21 -> 0.87646403 | S5: 0.29166667 | T5: 0.30575231 | V5: 20.289153 | AA5: =M5-J5 -> -418.00425 | AB5: =M5/J5 -> 0.88388771 | AC5: =AB21 -> 0.87646403
B6: 18℃-壽司手卷 | C6: 一配經典人氣雙手卷 | E6: 29.52 | F6: 2366 | G6: =E6*F6 -> 69844.32 | I6: 12 | J6: 3600 | K6: =J6/I6 -> 300 | L6: 12 | M6: =F6/V6*60 -> 3158.0217 | N6: =M6/L6 -> 263.16848 | O6: =L6-I6 -> 0 | P6: =N6-K6 -> -36.831522 | Q6: =N6/K6 -> 0.87722826 | S6: 0.30972222 | T6: 0.3409375 | U6: 5.7166667 | V6: 44.952192 | AA6: =M6-J6 -> -441.97827 | AB6: =M6/J6 -> 0.87722826
B7: 18℃-壽司手卷 | C7: 一配鮭鮪海饌雙手卷 | E7: 29.85 | F7: 2656 | G7: =E7*F7 -> 79281.6 | I7: 12 | J7: 3600 | K7: =J7/I7 -> 300 | L7: 12 | M7: =F7/V7*60 -> 3157.5698 | N7: =M7/L7 -> 263.13082 | O7: =L7-I7 -> 0 | P7: =N7-K7 -> -36.869182 | Q7: =N7/K7 -> 0.87710273 | S7: 0.34444444 | T7: 0.37949074 | U7: 5.05 | V7: 50.469193 | AA7: =M7-J7 -> -442.43018 | AB7: =M7/J7 -> 0.87710273
B8: 18℃-飯糰 | C8: 一配兩粒飯糰(鮪魚.焦糖鮭魚) | E8: 28.57 | F8: 1576 | G8: =E8*F8 -> 45026.32 | I8: 12 | J8: 3600 | K8: =J8/I8 -> 300 | L8: 12 | M8: =F8/V8*60 -> 3123.4947 | N8: =M8/L8 -> 260.29123 | O8: =L8-I8 -> 0 | P8: =N8-K8 -> -39.708771 | Q8: =N8/K8 -> 0.86763743 | S8: 0.38263889 | T8: 0.40365741 | U8: 4.5333333 | V8: 30.273782 | AA8: =M8-J8 -> -476.50525 | AB8: =M8/J8 -> 0.86763743
B21: 平均 | I21: =AVERAGE(I5:I20) -> 11.75 | J21: =AVERAGE(J5:J20) -> 3600 | K21: =J21/I21 -> 306.38298 | L21: =AVERAGE(L5:L20) -> 11.75 | M21: =AVERAGE(M5:M20) -> 3155.2705 | N21: =M21/L21 -> 268.53366 | O21: =L21-I21 -> 0 | P21: =N21-K21 -> -37.849318 | Q21: =N21/K21 -> 0.87646403 | S21: =S5 -> 0.29166667 | T21: =INDEX(T5:T20,COUNTA(T5:T20)) -> 0.40365741 | AA21: =M21-J21 -> -444.72949 | AB21: =M21/J21 -> 0.87646403
A22: 自動包裝機2 | B22: 18℃-壽司手卷 | C22: 一配雙鬆細卷 | E22: 14.03 | F22: 576 | G22: =E22*F22 -> 8081.28 | I22: 6 | J22: 2600 | K22: =J22/I22 -> 433.33333 | L22: 6 | M22: =F22/V22*60 -> 2346.3268 | N22: =M22/L22 -> 391.05447 | O22: =L22-I22 -> 0 | P22: =N22-K22 -> -42.27886 | Q22: =N22/K22 -> 0.9024334 | R22: =Q38 -> 0.90200991 | S22: 0.29166667 | T22: 0.30188657 | V22: 14.729406 | AA22: =M22-J22 -> -253.67316 | AB22: =M22/J22 -> 0.9024334 | AC22: =AB38 -> 0.90200991
B23: 18℃-壽司手卷 | C23: 一配經典鮪魚沙拉細卷 | E23: 14.49 | F23: 645 | G23: =E23*F23 -> 9346.05 | I23: 6 | J23: 2600 | K23: =J23/I23 -> 433.33333 | L23: 6 | M23: =F23/V23*60 -> 2344.1247 | N23: =M23/L23 -> 390.68745 | O23: =L23-I23 -> 0 | P23: =N23-K23 -> -42.645886 | Q23: =N23/K23 -> 0.90158642 | S23: 0.30486111 | T23: 0.31631944 | U23: 5 | V23: 16.509361 | AA23: =M23-J23 -> -255.87531 | AB23: =M23/J23 -> 0.90158642
B38: 平均 | I38: =AVERAGE(I22:I37) -> 6 | J38: =AVERAGE(J22:J37) -> 2600 | K38: =J38/I38 -> 433.33333 | L38: =AVERAGE(L22:L37) -> 6 | M38: =AVERAGE(M22:M37) -> 2345.2258 | N38: =M38/L38 -> 390.87096 | O38: =L38-I38 -> 0 | P38: =N38-K38 -> -42.462373 | Q38: =N38/K38 -> 0.90200991 | S38: =S22 -> 0.29166667 | T38: =INDEX(T22:T37,COUNTA(T22:T37)) -> 0.31631944 | AA38: =M38-J38 -> -254.77424 | AB38: =M38/J38 -> 0.90200991
A39: (新) 3300型飯糰機 | B39: 18℃-飯糰 | C39: 一配鮭魚奶油醬油飯糰 | E39: 18.53 | F39: 2340 | G39: =E39*F39 -> 43360.2 | I39: 3 | J39: 3300 | K39: =J39/I39 -> 1100 | L39: 3 | M39: =F39/V39*60 -> 2981.0527 | N39: =M39/L39 -> 993.68422 | O39: =L39-I39 -> 0 | P39: =N39-K39 -> -106.31578 | Q39: =N39/K39 -> 0.90334929 | R39: =Q55 -> 0.90334929 | S39: 0.35416667 | T39: 0.38686343 | V39: 47.097457 | AA39: =M39-J39 -> -318.94734 | AB39: =M39/J39 -> 0.90334929 | AC39: =AB55 -> 0.90334929
B55: 平均 | I55: =AVERAGE(I39:I54) -> 3 | J55: =AVERAGE(J39:J54) -> 3300 | K55: =J55/I55 -> 1100 | L55: =AVERAGE(L39:L54) -> 3 | M55: =AVERAGE(M39:M54) -> 2981.0527 | N55: =M55/L55 -> 993.68422 | O55: =L55-I55 -> 0 | P55: =N55-K55 -> -106.31578 | Q55: =N55/K55 -> 0.90334929 | S55: =S39 -> 0.35416667 | T55: =INDEX(T39:T54,COUNTA(T39:T54)) -> 0.38686343 | AA55: =M55-J55 -> -318.94734 | AB55: =M55/J55 -> 0.90334929
A56: GKK3600型 飯糰機 | B56: 18℃-飯糰 | C56: 一配經典肉鬆飯糰 | E56: 14.03 | F56: 3382 | G56: =E56*F56 -> 47449.46 | I56: 3 | J56: 3000 | K56: =J56/I56 -> 1000 | L56: 3 | M56: =F56/V56*60 -> 2706.0987 | N56: =M56/L56 -> 902.0329 | O56: =L56-I56 -> 0 | P56: =N56-K56 -> -97.9671 | Q56: =N56/K56 -> 0.9020329 | R56: =Q72 -> 0.8886942 | S56: 0.25 | T56: 0.30207176 | V56: 74.986178 | AA56: =M56-J56 -> -293.9013 | AB56: =M56/J56 -> 0.9020329 | AC56: =AB72 -> 0.8886942
B57: 18℃-飯糰 | C57: 一配鮪魚飯糰 | E57: 14.28 | F57: 4555 | G57: =E57*F57 -> 65045.4 | I57: 3 | J57: 3600 | K57: =J57/I57 -> 1200 | L57: 3 | M57: =F57/V57*60 -> 3181.5653 | N57: =M57/L57 -> 1060.5218 | O57: =L57-I57 -> 0 | P57: =N57-K57 -> -139.47822 | Q57: =N57/K57 -> 0.88376815 | S57: 0.31180556 | T57: 0.37145833 | U57: 15 | V57: 85.901112 | AA57: =M57-J57 -> -418.43467 | AB57: =M57/J57 -> 0.88376815
B58: 18℃-飯糰 | C58: 一配鹽蔥燒肉飯糰 | E58: 17.89 | F58: 2416 | G58: =E58*F58 -> 43222.24 | I58: 4 | J58: 3600 | K58: =J58/I58 -> 900 | L58: 4 | M58: =F58/V58*60 -> 3184.6142 | N58: =M58/L58 -> 796.15354 | O58: =L58-I58 -> 0 | P58: =N58-K58 -> -103.84646 | Q58: =N58/K58 -> 0.88461504 | S58: 0.38125 | T58: 0.4128588 | U58: 15 | V58: 45.518858 | AA58: =M58-J58 -> -415.38584 | AB58: =M58/J58 -> 0.88461504
B59: 18℃-飯糰 | C59: 一配壹號醬炙烤牛飯糰 | E59: 22.28 | F59: 851 | G59: =E59*F59 -> 18960.28 | I59: 5 | J59: 3300 | K59: =J59/I59 -> 660 | L59: 5 | M59: =F59/V59*60 -> 2951.3575 | N59: =M59/L59 -> 590.27149 | O59: =L59-I59 -> 0 | P59: =N59-K59 -> -69.728505 | Q59: =N59/K59 -> 0.89435075 | S59: 0.42291667 | T59: 0.43493056 | U59: 15 | V59: 17.300514 | AA59: =M59-J59 -> -348.64253 | AB59: =M59/J59 -> 0.89435075
B60: 18℃-飯糰 | C60: 一配明太子龍蝦風味沙拉飯糰 | E60: 18.18 | F60: 1738 | G60: =E60*F60 -> 31596.84 | I60: 3 | J60: 3600 | K60: =J60/I60 -> 1200 | L60: 3 | M60: =F60/V60*60 -> 3184.4383 | N60: =M60/L60 -> 1061.4794 | O60: =L60-I60 -> 0 | P60: =N60-K60 -> -138.52057 | Q60: =N60/K60 -> 0.88456619 | S60: 0.44513889 | T60: 0.46787037 | U60: 14.7 | V60: 32.746749 | AA60: =M60-J60 -> -415.56171 | AB60: =M60/J60 -> 0.88456619
B61: 18℃-飯糰 | C61: 一配鹽蔥生鮭飯糰 | E61: 27.48 | F61: 3552 | G61: =E61*F61 -> 97608.96 | I61: 5 | J61: 3600 | K61: =J61/I61 -> 720 | L61: 5 | M61: =F61/V61*60 -> 3187.8961 | N61: =M61/L61 -> 637.57921 | O61: =L61-I61 -> 0 | P61: =N61-K61 -> -82.420789 | Q61: =N61/K61 -> 0.88552668 | S61: 0.47777778 | T61: 0.52420139 | U61: 15 | V61: 66.85287 | AA61: =M61-J61 -> -412.10395 | AB61: =M61/J61 -> 0.88552668
B72: 平均 | I72: =AVERAGE(I56:I71) -> 3.8333333 | J72: =AVERAGE(J56:J71) -> 3450 | K72: =J72/I72 -> 900 | L72: =AVERAGE(L56:L71) -> 3.8333333 | M72: =AVERAGE(M56:M71) -> 3065.995 | N72: =M72/L72 -> 799.82478 | O72: =L72-I72 -> 0 | P72: =N72-K72 -> -100.17522 | Q72: =N72/K72 -> 0.8886942 | S72: =S56 -> 0.25 | T72: =INDEX(T56:T71,COUNTA(T56:T71)) -> 0.52420139 | AA72: =M72-J72 -> -384.005 | AB72: =M72/J72 -> 0.8886942
A73: GKK3600型 飯糰機2 | B73: 18℃-飯糰 | C73: 一配柚檸海灣貝飯糰 | E73: 23.72 | F73: 2966 | G73: =E73*F73 -> 70353.52 | I73: 5 | J73: 3600 | K73: =J73/I73 -> 720 | L73: 5 | M73: =F73/V73*60 -> 3181.6575 | N73: =M73/L73 -> 636.33151 | O73: =L73-I73 -> 0 | P73: =N73-K73 -> -83.668492 | Q73: =N73/K73 -> 0.88379376 | R73: =Q89 -> 0.88470569 | S73: 0.25 | T73: 0.28883102 | V73: 55.93311 | AA73: =M73-J73 -> -418.34246 | AB73: =M73/J73 -> 0.88379376 | AC73: =AB89 -> 0.88470569
B74: 18℃-飯糰 | C74: 一配雞肉飯飯糰 | E74: 16.66 | F74: 3799 | G74: =E74*F74 -> 63291.34 | I74: 5 | J74: 3600 | K74: =J74/I74 -> 720 | L74: 5 | M74: =F74/V74*60 -> 3184.6958 | N74: =M74/L74 -> 636.93917 | O74: =L74-I74 -> 0 | P74: =N74-K74 -> -83.060834 | Q74: =N74/K74 -> 0.88463773 | S74: 0.29861111 | T74: 0.34831019 | U74: 15 | V74: 71.573554 | AA74: =M74-J74 -> -415.30417 | AB74: =M74/J74 -> 0.88463773
B75: 18℃-飯糰 | C75: 一配蔬食鮪魚飯糰 | E75: 18.18 | F75: 830 | G75: =E75*F75 -> 15089.4 | I75: 3 | J75: 3600 | K75: =J75/I75 -> 1200 | L75: 3 | M75: =F75/V75*60 -> 3182.6659 | N75: =M75/L75 -> 1060.8886 | O75: =L75-I75 -> 0 | P75: =N75-K75 -> -139.11136 | Q75: =N75/K75 -> 0.88407386 | S75: 0.35833333 | T75: 0.36918981 | U75: 15 | V75: 15.64726 | AA75: =M75-J75 -> -417.33409 | AB75: =M75/J75 -> 0.88407386
B76: 18℃-飯糰 | C76: 一配熟成紅鮭飯糰 | E76: 25.03 | F76: 1238 | G76: =E76*F76 -> 30987.14 | I76: 5 | J76: 3600 | K76: =J76/I76 -> 720 | L76: 5 | M76: =F76/V76*60 -> 3187.782 | N76: =M76/L76 -> 637.5564 | O76: =L76-I76 -> 0 | P76: =N76-K76 -> -82.443597 | Q76: =N76/K76 -> 0.885495 | S76: 0.37916667 | T76: 0.39534722 | U76: 15 | V76: 23.301468 | AA76: =M76-J76 -> -412.21799 | AB76: =M76/J76 -> 0.885495
B77: 18℃-飯糰 | C77: 一配北海道秋鮭親子飯糰 | E77: 24.82 | F77: 1588 | G77: =E77*F77 -> 39414.16 | I77: 5 | J77: 3600 | K77: =J77/I77 -> 720 | L77: 5 | M77: =F77/V77*60 -> 3187.4318 | N77: =M77/L77 -> 637.48637 | O77: =L77-I77 -> 0 | P77: =N77-K77 -> -82.513633 | Q77: =N77/K77 -> 0.88539773 | S77: 0.40555556 | T77: 0.42630787 | U77: 14.7 | V77: 29.892404 | AA77: =M77-J77 -> -412.56816 | AB77: =M77/J77 -> 0.88539773
B78: 18℃-飯糰 | C78: 一配贅沢鮭魚肚飯糰 | E78: 30 | F78: 2085 | G78: =E78*F78 -> 62550 | I78: 4 | J78: 3600 | K78: =J78/I78 -> 900 | L78: 4 | M78: =F78/V78*60 -> 3183.48 | N78: =M78/L78 -> 795.87 | O78: =L78-I78 -> 0 | P78: =N78-K78 -> -104.13 | Q78: =N78/K78 -> 0.8843 | S78: 0.43611111 | T78: 0.4633912 | U78: 15 | V78: 39.296619 | AA78: =M78-J78 -> -416.52 | AB78: =M78/J78 -> 0.8843
B79: 18℃-飯糰 | C79: 一配山葵章魚飯糰 | E79: 25.2 | F79: 3521 | G79: =E79*F79 -> 88729.2 | I79: 3 | J79: 3600 | K79: =J79/I79 -> 1200 | L79: 3 | M79: =F79/V79*60 -> 3186.8702 | N79: =M79/L79 -> 1062.2901 | O79: =L79-I79 -> 0 | P79: =N79-K79 -> -137.70995 | Q79: =N79/K79 -> 0.88524171 | S79: 0.47361111 | T79: 0.5196412 | U79: 14.716667 | V79: 66.290746 | AA79: =M79-J79 -> -413.12984 | AB79: =M79/J79 -> 0.88524171
B89: 平均 | I89: =AVERAGE(I73:I88) -> 4.2857143 | J89: =AVERAGE(J73:J88) -> 3600 | K89: =J89/I89 -> 840 | L89: =AVERAGE(L73:L88) -> 4.2857143 | M89: =AVERAGE(M73:M88) -> 3184.9405 | N89: =M89/L89 -> 743.15278 | O89: =L89-I89 -> 0 | P89: =N89-K89 -> -96.847224 | Q89: =N89/K89 -> 0.88470569 | S89: =S73 -> 0.25 | T89: =INDEX(T73:T88,COUNTA(T73:T88)) -> 0.5196412 | AA89: =M89-J89 -> -415.05953 | AB89: =M89/J89 -> 0.88470569
A90: 自動包裝機 (二配) | B90: 18℃-飯糰 | C90: 二配兩粒飯糰(鮪魚.焦糖鮭魚) | E90: 28.57 | F90: 1557 | G90: =E90*F90 -> 44483.49 | I90: 12 | J90: 3600 | K90: =J90/I90 -> 300 | L90: 12 | M90: =F90/V90*60 -> 3125.3338 | N90: =M90/L90 -> 260.44448 | O90: =L90-I90 -> 0 | P90: =N90-K90 -> -39.55552 | Q90: =N90/K90 -> 0.86814827 | R90: =Q106 -> 0.89331937 | S90: 0.70833333 | T90: 0.72908565 | V90: 29.891208 | AA90: =M90-J90 -> -474.66624 | AB90: =M90/J90 -> 0.86814827 | AC90: =AB106 -> 0.89331937
B91: 18℃-飯糰 | C91: 二配鮮蝦旬彩炊飯飯糰 | E91: 20.17 | F91: 106 | G91: =E91*F91 -> 2138.02 | I91: 12 | J91: 3600 | K91: =J91/I91 -> 300 | L91: 12 | M91: =F91/V91*60 -> 3260.6614 | N91: =M91/L91 -> 271.72178 | O91: =L91-I91 -> 0 | P91: =N91-K91 -> -28.278217 | Q91: =N91/K91 -> 0.90573928 | S91: 0.73263889 | T91: 0.73399306 | U91: 5.1166667 | V91: 1.9505245 | AA91: =M91-J91 -> -339.33861 | AB91: =M91/J91 -> 0.90573928
B92: 18℃-飯糰 | C92: 二配溏心蛋五目飯糰 | E92: 20.42 | F92: 1063 | G92: =E92*F92 -> 21706.46 | I92: 13 | J92: 3600 | K92: =J92/I92 -> 276.92308 | L92: 13 | M92: =F92/V92*60 -> 3261.854 | N92: =M92/L92 -> 250.91185 | O92: =L92-I92 -> 0 | P92: =N92-K92 -> -26.011229 | Q92: =N92/K92 -> 0.90607056 | S92: 0.73680556 | T92: 0.75038194 | U92: 5 | V92: 19.553297 | AA92: =M92-J92 -> -338.14597 | AB92: =M92/J92 -> 0.90607056
B106: 平均 | I106: =AVERAGE(I90:I105) -> 12.333333 | J106: =AVERAGE(J90:J105) -> 3600 | K106: =J106/I106 -> 291.89189 | L106: =AVERAGE(L90:L105) -> 12.333333 | M106: =AVERAGE(M90:M105) -> 3215.9497 | N106: =M106/L106 -> 260.75268 | O106: =L106-I106 -> 0 | P106: =N106-K106 -> -31.139211 | Q106: =N106/K106 -> 0.89331937 | S106: =S90 -> 0.70833333 | T106: =INDEX(T90:T105,COUNTA(T90:T105)) -> 0.75038194 | AA106: =M106-J106 -> -384.05027 | AB106: =M106/J106 -> 0.89331937
A107: (新) 3300型飯糰機 (二配) | B107: 18℃-飯糰 | C107: 二配鹽水G絲飯糰 | E107: 17.22 | F107: 1676 | G107: =E107*F107 -> 28860.72 | I107: 3 | J107: 3300 | K107: =J107/I107 -> 1100 | L107: 3 | M107: =F107/V107*60 -> 2980.1956 | N107: =M107/L107 -> 993.39853 | O107: =L107-I107 -> 0 | P107: =N107-K107 -> -106.60147 | Q107: =N107/K107 -> 0.90308957 | R107: =Q123 -> 0.89857155 | S107: 0.70833333 | T107: 0.73175926 | V107: 33.742752 | AA107: =M107-J107 -> -319.80442 | AB107: =M107/J107 -> 0.90308957 | AC107: =AB123 -> 0.89857155
B108: 18℃-飯糰 | C108: 二配大飯糰韓式蒜烤豬五花 | E108: 24.54 | F108: 1556 | G108: =E108*F108 -> 38184.24 | I108: 4 | J108: 3000 | K108: =J108/I108 -> 750 | L108: 4 | M108: =F108/V108*60 -> 2686.8248 | N108: =M108/L108 -> 671.7062 | O108: =L108-I108 -> 0 | P108: =N108-K108 -> -78.293798 | Q108: =N108/K108 -> 0.89560827 | S108: 0.73472222 | T108: 0.75884259 | U108: 5 | V108: 34.747334 | AA108: =M108-J108 -> -313.17519 | AB108: =M108/J108 -> 0.89560827
B109: 18℃-飯糰 | C109: 二配大飯糰乾燒風味鮮蝦 | E109: 23.27 | F109: 1722 | G109: =E109*F109 -> 40070.94 | I109: 5 | J109: 3000 | K109: =J109/I109 -> 600 | L109: 5 | M109: =F109/V109*60 -> 2689.695 | N109: =M109/L109 -> 537.939 | O109: =L109-I109 -> 0 | P109: =N109-K109 -> -62.060997 | Q109: =N109/K109 -> 0.896565 | S109: 0.76180556 | T109: 0.78847222 | U109: 5 | V109: 38.413277 | AA109: =M109-J109 -> -310.30499 | AB109: =M109/J109 -> 0.896565
B123: 平均 | I123: =AVERAGE(I107:I122) -> 4 | J123: =AVERAGE(J107:J122) -> 3100 | K123: =J123/I123 -> 775 | L123: =AVERAGE(L107:L122) -> 4 | M123: =AVERAGE(M107:M122) -> 2785.5718 | N123: =M123/L123 -> 696.39295 | O123: =L123-I123 -> 0 | P123: =N123-K123 -> -78.60705 | Q123: =N123/K123 -> 0.89857155 | S123: =S107 -> 0.70833333 | T123: =INDEX(T107:T122,COUNTA(T107:T122)) -> 0.78847222 | AA123: =M123-J123 -> -314.4282 | AB123: =M123/J123 -> 0.89857155
A124: GKK3600型 飯糰機 (二配) | B124: 18℃-飯糰 | C124: 二配壹號醬炙烤牛飯糰 | E124: 22.28 | F124: 390 | G124: =E124*F124 -> 8689.2 | H124: 2 | I124: 5 | J124: 3300 | K124: =J124/I124 -> 660 | L124: 5 | M124: =F124/V124*60 -> 2949.8805 | N124: =M124/L124 -> 589.9761 | O124: =L124-I124 -> 0 | P124: =N124-K124 -> -70.023897 | Q124: =N124/K124 -> 0.89390319 | R124: =Q140 -> 0.89014878 | S124: 0.70833333 | T124: 0.71383102 | V124: 7.9325247 | AA124: =M124-J124 -> -350.11948 | AB124: =M124/J124 -> 0.89390319 | AC124: =AB140 -> 0.89014878
B125: 18℃-飯糰 | C125: 二配經典肉鬆飯糰 | E125: 14.03 | F125: 1791 | G125: =E125*F125 -> 25127.73 | H125: 2 | I125: 3 | J125: 3000 | K125: =J125/I125 -> 1000 | L125: 3 | M125: =F125/V125*60 -> 2705.7152 | N125: =M125/L125 -> 901.90506 | O125: =L125-I125 -> 0 | P125: =N125-K125 -> -98.094942 | Q125: =N125/K125 -> 0.90190506 | S125: 0.72361111 | T125: 0.75118056 | U125: 15 | V125: 39.715932 | AA125: =M125-J125 -> -294.28483 | AB125: =M125/J125 -> 0.90190506
B126: 18℃-飯糰 | C126: 二配三杯醬爆菇菇飯糰 | E126: 16.7 | F126: 1077 | G126: =E126*F126 -> 17985.9 | I126: 3 | J126: 3600 | K126: =J126/I126 -> 1200 | L126: 3 | M126: =F126/V126*60 -> 3200.0848 | N126: =M126/L126 -> 1066.6949 | O126: =L126-I126 -> 0 | P126: =N126-K126 -> -133.30508 | Q126: =N126/K126 -> 0.88891243 | S126: 0.76111111 | T126: 0.77512731 | U126: 15 | V126: 20.193215 | AA126: =M126-J126 -> -399.91524 | AB126: =M126/J126 -> 0.88891243
B127: 18℃-飯糰 | C127: 二配蔬食鮪魚飯糰 | E127: 18.18 | F127: 1023 | G127: =E127*F127 -> 18598.14 | I127: 3 | J127: 3600 | K127: =J127/I127 -> 1200 | L127: 3 | M127: =F127/V127*60 -> 3178.0432 | N127: =M127/L127 -> 1059.3477 | O127: =L127-I127 -> 0 | P127: =N127-K127 -> -140.65228 | Q127: =N127/K127 -> 0.88278977 | S127: 0.78541667 | T127: 0.79881944 | U127: 14.816667 | V127: 19.313772 | AA127: =M127-J127 -> -421.95683 | AB127: =M127/J127 -> 0.88278977
B128: 18℃-飯糰 | C128: 二配贅沢鮭魚肚飯糰 | E128: 30 | F128: 735 | G128: =E128*F128 -> 22050 | H128: 2 | I128: 4 | J128: 3600 | K128: =J128/I128 -> 900 | L128: 4 | M128: =F128/V128*60 -> 3188.88 | N128: =M128/L128 -> 797.22 | O128: =L128-I128 -> 0 | P128: =N128-K128 -> -102.78 | Q128: =N128/K128 -> 0.8858 | S128: 0.80902778 | T128: 0.81862269 | U128: 14.7 | V128: 13.829307 | AA128: =M128-J128 -> -411.12 | AB128: =M128/J128 -> 0.8858
B129: 18℃-飯糰 | C129: 二配鮪魚飯糰 | E129: 14.28 | F129: 2168 | G129: =E129*F129 -> 30959.04 | H129: 2 | I129: 3 | J129: 3600 | K129: =J129/I129 -> 1200 | L129: 3 | M129: =F129/V129*60 -> 3188.0045 | N129: =M129/L129 -> 1062.6682 | O129: =L129-I129 -> 0 | P129: =N129-K129 -> -137.33184 | Q129: =N129/K129 -> 0.8855568 | S129: 0.82847222 | T129: 0.85680556 | U129: 15 | V129: 40.802954 | AA129: =M129-J129 -> -411.99552 | AB129: =M129/J129 -> 0.8855568
B130: 18℃-飯糰 | C130: 二配壹號醬炙烤牛飯糰 | E130: 22.28 | F130: 1182 | G130: =E130*F130 -> 26334.96 | I130: 5 | J130: 3300 | K130: =J130/I130 -> 660 | L130: 5 | M130: =F130/V130*60 -> 2949.8805 | N130: =M130/L130 -> 589.9761 | O130: =L130-I130 -> 0 | P130: =N130-K130 -> -70.023897 | Q130: =N130/K130 -> 0.89390319 | S130: 0.86666667 | T130: 0.88335648 | U130: 15 | V130: 24.041652 | AA130: =M130-J130 -> -350.11948 | AB130: =M130/J130 -> 0.89390319
B131: 18℃-飯糰 | C131: 二配經典肉鬆飯糰 | E131: 14.03 | F131: 4679 | G131: =E131*F131 -> 65646.37 | I131: 3 | J131: 3000 | K131: =J131/I131 -> 1000 | L131: 3 | M131: =F131/V131*60 -> 2705.7152 | N131: =M131/L131 -> 901.90506 | O131: =L131-I131 -> 0 | P131: =N131-K131 -> -98.094942 | Q131: =N131/K131 -> 0.90190506 | S131: 0.89375 | T131: 0.96579861 | U131: 14.966667 | V131: 103.75815 | AA131: =M131-J131 -> -294.28483 | AB131: =M131/J131 -> 0.90190506
B132: 18℃-飯糰 | C132: 二配贅沢鮭魚肚飯糰 | E132: 30 | F132: 1894 | G132: =E132*F132 -> 56820 | I132: 4 | J132: 3600 | K132: =J132/I132 -> 900 | L132: 4 | M132: =F132/V132*60 -> 3188.88 | N132: =M132/L132 -> 797.22 | O132: =L132-I132 -> 0 | P132: =N132-K132 -> -102.78 | Q132: =N132/K132 -> 0.8858 | S132: 0.97569444 | T132: 1.0004398 | U132: 15 | V132: 35.636336 | AA132: =M132-J132 -> -411.12 | AB132: =M132/J132 -> 0.8858
B133: 18℃-飯糰 | C133: 二配鮪魚飯糰 | E133: 14.28 | F133: 6464 | G133: =E133*F133 -> 92305.92 | I133: 3 | J133: 3600 | K133: =J133/I133 -> 1200 | L133: 3 | M133: =F133/V133*60 -> 3188.0045 | N133: =M133/L133 -> 1062.6682 | O133: =L133-I133 -> 0 | P133: =N133-K133 -> -137.33184 | Q133: =N133/K133 -> 0.8855568 | S133: 1.0104167 | T133: 1.0948958 | U133: 15 | V133: 121.65604 | AA133: =M133-J133 -> -411.99552 | AB133: =M133/J133 -> 0.8855568
B140: 平均 | I140: =AVERAGE(I124:I139) -> 3.6 | J140: =AVERAGE(J124:J139) -> 3420 | K140: =J140/I140 -> 950 | L140: =AVERAGE(L124:L139) -> 3.6 | M140: =AVERAGE(M124:M139) -> 3044.3088 | N140: =M140/L140 -> 845.64134 | O140: =L140-I140 -> 0 | P140: =N140-K140 -> -104.35866 | Q140: =N140/K140 -> 0.89014878 | S140: =S124 -> 0.70833333 | T140: =INDEX(T124:T139,COUNTA(T124:T139)) -> 1.0948958 | AA140: =M140-J140 -> -375.69117 | AB140: =M140/J140 -> 0.89014878
A141: GKK3600型 飯糰機2 (二配) | B141: 18℃-飯糰 | C141: 二配芝麻香鬆飯糰 | E141: 18.18 | F141: 1579 | G141: =E141*F141 -> 28706.22 | I141: 3 | J141: 3000 | K141: =J141/I141 -> 1000 | L141: 3 | M141: =F141/V141*60 -> 2706.8387 | N141: =M141/L141 -> 902.27957 | O141: =L141-I141 -> 0 | P141: =N141-K141 -> -97.720428 | Q141: =N141/K141 -> 0.90227957 | R141: =Q157 -> 0.88640696 | S141: 0.70833333 | T141: 0.73263889 | V141: 35.000238 | AA141: =M141-J141 -> -293.16128 | AB141: =M141/J141 -> 0.90227957 | AC141: =AB157 -> 0.88640696
B142: 18℃-飯糰 | C142: 二配明太子龍蝦風味沙拉飯糰 | E142: 18.18 | F142: 824 | G142: =E142*F142 -> 14980.32 | H142: 2 | I142: 3 | J142: 3600 | K142: =J142/I142 -> 1200 | L142: 3 | M142: =F142/V142*60 -> 3178.2507 | N142: =M142/L142 -> 1059.4169 | O142: =L142-I142 -> 0 | P142: =N142-K142 -> -140.58309 | Q142: =N142/K142 -> 0.88284742 | S142: 0.74305556 | T142: 0.75385417 | U142: 15 | V142: 15.555727 | AA142: =M142-J142 -> -421.74928 | AB142: =M142/J142 -> 0.88284742
B143: 18℃-飯糰 | C143: 二配熟成紅鮭飯糰 | E143: 25.03 | F143: 511 | G143: =E143*F143 -> 12790.33 | H143: 2 | I143: 5 | J143: 3600 | K143: =J143/I143 -> 720 | L143: 5 | M143: =F143/V143*60 -> 3189.0575 | N143: =M143/L143 -> 637.8115 | O143: =L143-I143 -> 0 | P143: =N143-K143 -> -82.188502 | Q143: =N143/K143 -> 0.8858493 | S143: 0.76388889 | T143: 0.77055556 | U143: 15 | V143: 9.6141258 | AA143: =M143-J143 -> -410.94251 | AB143: =M143/J143 -> 0.8858493
B144: 18℃-飯糰 | C144: 二配北海道秋鮭親子飯糰 | E144: 24.82 | F144: 728 | G144: =E144*F144 -> 18068.96 | H144: 2 | I144: 5 | J144: 3600 | K144: =J144/I144 -> 720 | L144: 5 | M144: =F144/V144*60 -> 3181.8318 | N144: =M144/L144 -> 636.36636 | O144: =L144-I144 -> 0 | P144: =N144-K144 -> -83.633644 | Q144: =N144/K144 -> 0.88384216 | S144: 0.78055556 | T144: 0.79008102 | U144: 15 | V144: 13.727941 | AA144: =M144-J144 -> -418.16822 | AB144: =M144/J144 -> 0.88384216
B145: 18℃-飯糰 | C145: 二配鹽蔥燒肉飯糰 | E145: 17.89 | F145: 1230 | G145: =E145*F145 -> 22004.7 | H145: 2 | I145: 4 | J145: 3600 | K145: =J145/I145 -> 900 | L145: 4 | M145: =F145/V145*60 -> 3187.6965 | N145: =M145/L145 -> 796.92412 | O145: =L145-I145 -> 0 | P145: =N145-K145 -> -103.07588 | Q145: =N145/K145 -> 0.88547125 | S145: 0.8 | T145: 0.81607639 | U145: 15 | V145: 23.151514 | AA145: =M145-J145 -> -412.30351 | AB145: =M145/J145 -> 0.88547125
B146: 18℃-飯糰 | C146: 二配雞肉飯飯糰 | E146: 16.66 | F146: 1878 | G146: =E146*F146 -> 31287.48 | H146: 2 | I146: 5 | J146: 3600 | K146: =J146/I146 -> 720 | L146: 5 | M146: =F146/V146*60 -> 3193.1479 | N146: =M146/L146 -> 638.62958 | O146: =L146-I146 -> 0 | P146: =N146-K146 -> -81.370421 | Q146: =N146/K146 -> 0.88698553 | S146: 0.82638889 | T146: 0.8508912 | U146: 14.85 | V146: 35.288062 | AA146: =M146-J146 -> -406.8521 | AB146: =M146/J146 -> 0.88698553
B147: 18℃-飯糰 | C147: 二配明太子龍蝦風味沙拉飯糰 | E147: 18.18 | F147: 2200 | G147: =E147*F147 -> 39996 | I147: 3 | J147: 3600 | K147: =J147/I147 -> 1200 | L147: 3 | M147: =F147/V147*60 -> 3181.3147 | N147: =M147/L147 -> 1060.4382 | O147: =L147-I147 -> 0 | P147: =N147-K147 -> -139.56178 | Q147: =N147/K147 -> 0.88369852 | S147: 0.86111111 | T147: 0.88991898 | U147: 14.716667 | V147: 41.49228 | AA147: =M147-J147 -> -418.68534 | AB147: =M147/J147 -> 0.88369852
B148: 18℃-飯糰 | C148: 二配熟成紅鮭飯糰 | E148: 25.03 | F148: 1212 | G148: =E148*F148 -> 30336.36 | I148: 5 | J148: 3600 | K148: =J148/I148 -> 720 | L148: 5 | M148: =F148/V148*60 -> 3189.0575 | N148: =M148/L148 -> 637.8115 | O148: =L148-I148 -> 0 | P148: =N148-K148 -> -82.188502 | Q148: =N148/K148 -> 0.8858493 | S148: 0.9 | T148: 0.91583333 | U148: 15 | V148: 22.802976 | AA148: =M148-J148 -> -410.94251 | AB148: =M148/J148 -> 0.8858493
B149: 18℃-飯糰 | C149: 二配北海道秋鮭親子飯糰 | E149: 24.82 | F149: 1724 | G149: =E149*F149 -> 42789.68 | I149: 5 | J149: 3600 | K149: =J149/I149 -> 720 | L149: 5 | M149: =F149/V149*60 -> 3181.8318 | N149: =M149/L149 -> 636.36636 | O149: =L149-I149 -> 0 | P149: =N149-K149 -> -83.633644 | Q149: =N149/K149 -> 0.88384216 | S149: 0.92569444 | T149: 0.94826389 | U149: 15 | V149: 32.509575 | AA149: =M149-J149 -> -418.16822 | AB149: =M149/J149 -> 0.88384216
B150: 18℃-飯糰 | C150: 二配鹽蔥燒肉飯糰 | E150: 17.89 | F150: 3468 | G150: =E150*F150 -> 62042.52 | I150: 4 | J150: 3600 | K150: =J150/I150 -> 900 | L150: 4 | M150: =F150/V150*60 -> 3187.6965 | N150: =M150/L150 -> 796.92412 | O150: =L150-I150 -> 0 | P150: =N150-K150 -> -103.07588 | Q150: =N150/K150 -> 0.88547125 | S150: 0.95833333 | T150: 1.0036574 | U150: 14.5 | V150: 65.275976 | AA150: =M150-J150 -> -412.30351 | AB150: =M150/J150 -> 0.88547125
B151: 18℃-飯糰 | C151: 二配雞肉飯飯糰 | E151: 16.66 | F151: 5250 | G151: =E151*F151 -> 87465 | I151: 5 | J151: 3600 | K151: =J151/I151 -> 720 | L151: 5 | M151: =F151/V151*60 -> 3193.1479 | N151: =M151/L151 -> 638.62958 | O151: =L151-I151 -> 0 | P151: =N151-K151 -> -81.370421 | Q151: =N151/K151 -> 0.88698553 | S151: 1.0138889 | T151: 1.0823843 | U151: 14.733333 | V151: 98.648735 | AA151: =M151-J151 -> -406.8521 | AB151: =M151/J151 -> 0.88698553
B157: 平均 | I157: =AVERAGE(I141:I156) -> 4.2727273 | J157: =AVERAGE(J141:J156) -> 3545.4545 | K157: =J157/I157 -> 829.78723 | L157: =AVERAGE(L141:L156) -> 4.2727273 | M157: =AVERAGE(M141:M156) -> 3142.7156 | N157: =M157/L157 -> 735.52918 | O157: =L157-I157 -> 0 | P157: =N157-K157 -> -94.258055 | Q157: =N157/K157 -> 0.88640696 | S157: =S141 -> 0.70833333 | T157: =INDEX(T141:T156,COUNTA(T141:T156)) -> 1.0823843 | AA157: =M157-J157 -> -402.73896 | AB157: =M157/J157 -> 0.88640696
Y159: 原因回覆
Y160: 1.當日出勤人數較多
Y161: 2.當日出勤人數較少
Y162: 3.當日出勤熟手較多
Y163: 4.當日出勤新人較多
Y164: 5.機台夾盒
Y165: 6.封膜不順
Y166: 7.更換膠膜
Y167: 8.更換碳帶
Y168: 9.當日熱轉印碳帶異常
Y169: 10.訂單量過少
Y170: 11.新品上市，尚未熟悉
Y171: 12.活動期間品項需貼標

Sheet 0430(4度C)
A1: 大溪廠日報分析 | C1: 總生產量 | D1: =SUM(F5:F123) -> 57231 | E1: 營業額 | F1: =SUM(G5:G123) -> 2559243.8 | G1: 出勤人數 | H1: =L21+L38+L55+L72+L89+L106+L123 -> 134.03333 | I1: 產線配置圖 | L1: 生產實績 | O1: 人時性差異分析 | S1: 日報登錄 | Y1: 合計次數 | Z1: 合計(時間/分) | AA1: 產線異常 分析說明(5分鐘以上) | AC1: 合計次數 | AD1: 合計(時間/分) | AE1: 產能差異分析
A2: 46142 | C2: 人時性 | D2: =AVERAGE(N21,N38,N55,N72,N89,N106,N123) -> 134.09285 | E2: 平均廠價 | F2: =F1/D1 -> 44.71779 | G2: 多次生產數 | H2: =COUNT(H5:H123) -> 0 | Y2: =SUM(Y21,Y38,Y55,Y72,Y89,Y106,Y123) -> 0 | Z2: =SUM(Z21,Z38,Z55,Z72,Z89,Z106,Z123) -> 0 | AC2: =SUM(AC21,AC38,AC55,AC72,AC89,AC106,AC123) -> 55 | AD2: =SUM(AD21,AD38,AD55,AD72,AD89,AD106,AD123) -> 0
A3: 線別 | B3: 品類 | C3: 品名 | E3: 廠價 | F3: 生產量 | G3: 營收 | H3: 多次 生產 | I3: 人數 | J3: 產能/時 | K3: 人時性 | L3: 人數 | M3: 產能/時 | N3: 人時性 | O3: 人數 | P3: 人時性 | Q3: 達成率 | R3: 達成率 平均 | S3: 生產時間 | U3: 換線、休息/分 | V3: 稼動時間/分 | W3: 休息時間 | Y3: 產線異常統計(5分鐘以上) | AA3: (屏榮回填) | AC3: 短暫停線統計(5分鐘以下) | AE3: 產能/時 | AF3: 達成率 | AG3: 達成率平均
S4: 開始 | T4: 結束 | W4: 開始 | X4: 結束 | Y4: 次數 | Z4: 時間/分 | AC4: 總次數 | AD4: 設備因素(次數)
A5: 便當二線 | B5: 微波主食 | C5: 糖燻野郎三十天熟成牛飯 | E5: 56.77 | F5: 2633 | G5: =E5*F5 -> 149475.41 | I5: 24 | J5: 2000 | K5: =J5/I5 -> 83.333333 | L5: 24 | M5: =F5/V5*60 -> 1788.2186 | N5: =M5/L5 -> 74.509106 | O5: =L5-I5 -> 0 | P5: =N5-K5 -> -8.824227 | Q5: =N5/K5 -> 0.89410928 | R5: =Q21 -> 0.89461375 | S5: 0.29166667 | T5: 0.35300926 | V5: 88.344906 | AC5: 3 | AE5: =M5-J5 -> -211.78145 | AF5: =M5/J5 -> 0.89410928 | AG5: =AF21 -> 0.89461375
B6: 便當 | C6: 健身G肉餐盒 | E6: 59.52 | F6: 3336 | G6: =E6*F6 -> 198558.72 | I6: 24 | J6: 2000 | K6: =J6/I6 -> 83.333333 | L6: 24 | M6: =F6/V6*60 -> 1790.1998 | N6: =M6/L6 -> 74.591657 | O6: =L6-I6 -> 0 | P6: =N6-K6 -> -8.7416765 | Q6: =N6/K6 -> 0.89509988 | S6: 0.35625 | T6: 0.43388889 | U6: 5 | V6: 111.80875 | W6: 0.43388889 | X6: 0.47222222 | AC6: 4 | AE6: =M6-J6 -> -209.80024 | AF6: =M6/J6 -> 0.89509988
B7: 便當 | C7: 嫩烤香料雞胸排蔬滿盒 | E7: 77.34 | F7: 1876 | G7: =E7*F7 -> 145089.84 | I7: 23 | J7: 2000 | K7: =J7/I7 -> 86.956522 | L7: 23 | M7: =F7/V7*60 -> 1789.2642 | N7: =M7/L7 -> 77.794094 | O7: =L7-I7 -> 0 | P7: =N7-K7 -> -9.1624273 | Q7: =N7/K7 -> 0.89463209 | S7: 0.47222222 | T7: 0.51590278 | U7: 55.2 | V7: 62.908542 | AC7: 2 | AE7: =M7-J7 -> -210.73583 | AF7: =M7/J7 -> 0.89463209
B21: 平均 | I21: =AVERAGE(I5:I20) -> 23.666667 | J21: =AVERAGE(J5:J20) -> 2000 | K21: =J21/I21 -> 84.507042 | L21: =AVERAGE(L5:L20) -> 23.666667 | M21: =AVERAGE(M5:M20) -> 1789.2275 | N21: =M21/L21 -> 75.601162 | O21: =L21-I21 -> 0 | P21: =N21-K21 -> -8.9058804 | Q21: =N21/K21 -> 0.89461375 | S21: =S5 -> 0.29166667 | T21: =INDEX(T5:T20,COUNTA(T5:T20)) -> 0.51590278 | Y21: =SUM(Y5:Y20) -> 0 | Z21: =SUM(Z5:Z20) -> 0 | AC21: =SUM(AC5:AC20) -> 9 | AD21: =SUM(AD5:AD20) -> 0 | AE21: =M21-J21 -> -210.7725 | AF21: =M21/J21 -> 0.89461375
A22: 涼麵一線 | B22: 便當 | C22: 香腸腿排雙拼便當 | E22: 53.76 | F22: 2520 | G22: =E22*F22 -> 135475.2 | I22: 20 | J22: 2000 | K22: =J22/I22 -> 100 | L22: 20 | M22: =F22/V22*60 -> 1787.0066 | N22: =M22/L22 -> 89.350328 | O22: =L22-I22 -> 0 | P22: =N22-K22 -> -10.649672 | Q22: =N22/K22 -> 0.89350328 | R22: =Q38 -> 0.8979034 | S22: 0.29166667 | T22: 0.35041667 | V22: 84.61077 | AC22: 3 | AE22: =M22-J22 -> -212.99345 | AF22: =M22/J22 -> 0.89350328 | AG22: =AF38 -> 0.90629502
B23: 便當 | C23: 經典滷肉飯 | E23: 47.37 | F23: 1281 | G23: =E23*F23 -> 60680.97 | I23: 21 | J23: 2000 | K23: =J23/I23 -> 95.238095 | L23: 21 | M23: =F23/V23*60 -> 1787.8 | N23: =M23/L23 -> 85.133333 | O23: =L23-I23 -> 0 | P23: =N23-K23 -> -10.104762 | Q23: =N23/K23 -> 0.8939 | S23: 0.35416667 | T23: 0.3840162 | U23: 5.4 | V23: 42.991386 | AC23: 1 | AE23: =M23-J23 -> -212.2 | AF23: =M23/J23 -> 0.8939
B24: 便當 | C24: 海陸雙拼肉肉餐盒 | E24: 59.54 | F24: 1848 | G24: =E24*F24 -> 110029.92 | I24: 23 | J24: 2000 | K24: =J24/I24 -> 86.956522 | L24: 23 | M24: =F24/V24*60 -> 1790.4495 | N24: =M24/L24 -> 77.845629 | O24: =L24-I24 -> 0 | P24: =N24-K24 -> -9.1108927 | Q24: =N24/K24 -> 0.89522473 | S24: 0.38680556 | T24: 0.42980324 | U24: 5 | V24: 61.928584 | AC24: 2 | AE24: =M24-J24 -> -209.55053 | AF24: =M24/J24 -> 0.89522473
B25: 便當 | C25: 蔬活腿排補力餐盒 | E25: 71.55 | F25: 1650 | G25: =E25*F25 -> 118057.5 | I25: 22 | J25: 2000 | K25: =J25/I25 -> 90.909091 | L25: 22 | M25: =F25/V25*60 -> 1787.0327 | N25: =M25/L25 -> 81.228758 | O25: =L25-I25 -> 0 | P25: =N25-K25 -> -9.680333 | Q25: =N25/K25 -> 0.89351634 | S25: 0.43263889 | T25: 0.47109954 | U25: 5 | V25: 55.399099 | W25: 0.47109954 | X25: 0.50972222 | AC25: 2 | AE25: =M25-J25 -> -212.96732 | AF25: =M25/J25 -> 0.89351634
B26: 4℃-飯糰 | C26: 麻油雞飯糰 | E26: 29.97 | F26: 2303 | G26: =E26*F26 -> 69020.91 | I26: 21 | J26: 2790 | K26: =J26/I26 -> 132.85714 | L26: 22 | M26: =F26/V26*60 -> 2626.6346 | N26: =M26/L26 -> 119.39248 | O26: =L26-I26 -> 1 | P26: =N26-K26 -> -13.46466 | Q26: =N26/K26 -> 0.89865309 | S26: 0.50972222 | T26: 0.54625 | U26: 55.616667 | V26: 52.607241 | AC26: 1 | AE26: =M26-J26 -> -163.36538 | AF26: =M26/J26 -> 0.9414461
B38: 平均 | I38: =AVERAGE(I22:I37) -> 21.4 | J38: =AVERAGE(J22:J37) -> 2158 | K38: =J38/I38 -> 100.84112 | L38: =AVERAGE(L22:L37) -> 21.6 | M38: =AVERAGE(M22:M37) -> 1955.7847 | N38: =M38/L38 -> 90.545586 | O38: =L38-I38 -> 0.2 | P38: =N38-K38 -> -10.295535 | Q38: =N38/K38 -> 0.8979034 | S38: =S22 -> 0.29166667 | T38: =INDEX(T22:T37,COUNTA(T22:T37)) -> 0.54625 | Y38: =SUM(Y22:Y37) -> 0 | Z38: =SUM(Z22:Z37) -> 0 | AC38: =SUM(AC22:AC37) -> 9 | AD38: =SUM(AD22:AD37) -> 0 | AE38: =M38-J38 -> -202.21534 | AF38: =M38/J38 -> 0.90629502
A39: 涼麵二線 | B39: 微波小吃 | C39: 日式茶碗蒸 | E39: 19.7 | F39: 3423 | G39: =E39*F39 -> 67433.1 | I39: 13 | J39: 1200 | K39: =J39/I39 -> 92.307692 | L39: 13 | M39: =F39/V39*60 -> 1080.3619 | N39: =M39/L39 -> 83.104762 | O39: =L39-I39 -> 0 | P39: =N39-K39 -> -9.20293 | Q39: =N39/K39 -> 0.90030159 | R39: =Q55 -> 0.89524273 | S39: 0.29166667 | T39: 0.42368056 | V39: 190.10296 | AC39: 5 | AE39: =M39-J39 -> -119.63809 | AF39: =M39/J39 -> 0.90030159 | AG39: =AF55 -> 0.89524273
B40: 便當 | C40: 香檸奶油魚排蔬滿盒 | E40: 77.35 | F40: 1210 | G40: =E40*F40 -> 93593.5 | I40: 26 | J40: 2000 | K40: =J40/I40 -> 76.923077 | L40: 26 | M40: =F40/V40*60 -> 1791.1662 | N40: =M40/L40 -> 68.891008 | O40: =L40-I40 -> 0 | P40: =N40-K40 -> -8.0320691 | Q40: =N40/K40 -> 0.8955831 | S40: 0.42708333 | T40: 0.45521991 | U40: 4.9 | V40: 40.532252 | AC40: 1 | AE40: =M40-J40 -> -208.8338 | AF40: =M40/J40 -> 0.8955831
B41: 便當 | C41: 美式雞丁餐盒 | E41: 59.34 | F41: 1181 | G41: =E41*F41 -> 70080.54 | I41: 24 | J41: 2000 | K41: =J41/I41 -> 83.333333 | L41: 24 | M41: =F41/V41*60 -> 1787.2165 | N41: =M41/L41 -> 74.467354 | O41: =L41-I41 -> 0 | P41: =N41-K41 -> -8.8659794 | Q41: =N41/K41 -> 0.89360825 | S41: 0.45902778 | T41: 0.48655093 | U41: 5.4833333 | V41: 39.648246 | W41: 0.48655093 | X41: 0.525 | AC41: 2 | AE41: =M41-J41 -> -212.7835 | AF41: =M41/J41 -> 0.89360825
B42: 便當 | C42: 烤蛋白餐盒 | E42: 58.67 | F42: 2624 | G42: =E42*F42 -> 153950.08 | I42: 23 | J42: 2000 | K42: =J42/I42 -> 86.956522 | L42: 23 | M42: =F42/V42*60 -> 1787.0031 | N42: =M42/L42 -> 77.695786 | O42: =L42-I42 -> 0 | P42: =N42-K42 -> -9.2607356 | Q42: =N42/K42 -> 0.89350154 | S42: 0.525 | T42: 0.58618056 | U42: 55.366667 | V42: 88.102814 | AC42: 3 | AE42: =M42-J42 -> -212.99692 | AF42: =M42/J42 -> 0.89350154
B55: 平均 | I55: =AVERAGE(I39:I54) -> 21.5 | J55: =AVERAGE(J39:J54) -> 1800 | K55: =J55/I55 -> 83.72093 | L55: =AVERAGE(L39:L54) -> 21.5 | M55: =AVERAGE(M39:M54) -> 1611.4369 | N55: =M55/L55 -> 74.950555 | O55: =L55-I55 -> 0 | P55: =N55-K55 -> -8.7703757 | Q55: =N55/K55 -> 0.89524273 | S55: =S39 -> 0.29166667 | T55: =INDEX(T39:T54,COUNTA(T39:T54)) -> 0.58618056 | Y55: =SUM(Y39:Y54) -> 0 | Z55: =SUM(Z39:Z54) -> 0 | AC55: =SUM(AC39:AC54) -> 11 | AD55: =SUM(AD39:AD54) -> 0 | AE55: =M55-J55 -> -188.56308 | AF55: =M55/J55 -> 0.89524273
A56: 涼麵三線 | B56: 季節調理麵 | C56: 和風涓絲冷麵 | E56: 28.86 | F56: 2502 | G56: =E56*F56 -> 72207.72 | I56: 19 | J56: 3600 | K56: =J56/I56 -> 189.47368 | L56: 19 | M56: =F56/V56*60 -> 3171.7071 | N56: =M56/L56 -> 166.93195 | O56: =L56-I56 -> 0 | P56: =N56-K56 -> -22.54173 | Q56: =N56/K56 -> 0.88102976 | R56: =Q72 -> 0.88598443 | S56: 0.25 | T56: 0.2828588 | V56: 47.330978 | AC56: 1 | AE56: =M56-J56 -> -428.29287 | AF56: =M56/J56 -> 0.88102976 | AG56: =AF72 -> 0.88598443
B57: 季節調理麵 | C57: 台式麻醬涼麵 | E57: 31.11 | F57: 2684 | G57: =E57*F57 -> 83499.24 | I57: 19 | J57: 3600 | K57: =J57/I57 -> 189.47368 | L57: 19 | M57: =F57/V57*60 -> 3170.7442 | N57: =M57/L57 -> 166.88127 | O57: =L57-I57 -> 0 | P57: =N57-K57 -> -22.592411 | Q57: =N57/K57 -> 0.88076227 | S57: 0.28611111 | T57: 0.32137731 | U57: 4.6833333 | V57: 50.789339 | AC57: 1 | AE57: =M57-J57 -> -429.25581 | AF57: =M57/J57 -> 0.88076227
B58: 季節調理麵 | C58: 鰹魚烏龍冷麵 | E58: 38.99 | F58: 3956 | G58: =E58*F58 -> 154244.44 | I58: 19 | J58: 3600 | K58: =J58/I58 -> 189.47368 | L58: 19 | M58: =F58/V58*60 -> 3089.6543 | N58: =M58/L58 -> 162.61339 | O58: =L58-I58 -> 0 | P58: =N58-K58 -> -26.860298 | Q58: =N58/K58 -> 0.85823731 | S58: 0.32430556 | T58: 0.37765046 | U58: 5 | V58: 76.824128 | AC58: 4 | AE58: =M58-J58 -> -510.34567 | AF58: =M58/J58 -> 0.85823731
B59: 季節調理麵 | C59: 大滿足香辣涼麵 | E59: 38.48 | F59: 3586 | G59: =E59*F59 -> 137989.28 | I59: 20 | J59: 3600 | K59: =J59/I59 -> 180 | L59: 20 | M59: =F59/V59*60 -> 3257.05 | N59: =M59/L59 -> 162.8525 | O59: =L59-I59 -> 0 | P59: =N59-K59 -> -17.147498 | Q59: =N59/K59 -> 0.90473612 | S59: 0.38055556 | T59: 0.42642361 | U59: 5 | V59: 66.059777 | W59: 0.42642361 | X59: 0.46597222 | AC59: 2 | AE59: =M59-J59 -> -342.94995 | AF59: =M59/J59 -> 0.90473612
B60: 季節調理麵 | C60: 大滿足麻醬涼麵 | E60: 37.8 | F60: 4392 | G60: =E60*F60 -> 166017.6 | I60: 21 | J60: 3600 | K60: =J60/I60 -> 171.42857 | L60: 21 | M60: =F60/V60*60 -> 3258.564 | N60: =M60/L60 -> 155.16971 | O60: =L60-I60 -> 0 | P60: =N60-K60 -> -16.258859 | Q60: =N60/K60 -> 0.90515666 | S60: 0.46597222 | T60: 0.52212963 | U60: 56.95 | V60: 80.869979 | AC60: 3 | AE60: =M60-J60 -> -341.43604 | AF60: =M60/J60 -> 0.90515666
B72: 平均 | I72: =AVERAGE(I56:I71) -> 19.6 | J72: =AVERAGE(J56:J71) -> 3600 | K72: =J72/I72 -> 183.67347 | L72: =AVERAGE(L56:L71) -> 19.6 | M72: =AVERAGE(M56:M71) -> 3189.5439 | N72: =M72/L72 -> 162.73183 | O72: =L72-I72 -> 0 | P72: =N72-K72 -> -20.941636 | Q72: =N72/K72 -> 0.88598443 | S72: =S56 -> 0.25 | T72: =INDEX(T56:T71,COUNTA(T56:T71)) -> 0.52212963 | Y72: =SUM(Y56:Y71) -> 0 | Z72: =SUM(Z56:Z71) -> 0 | AC72: =SUM(AC56:AC71) -> 11 | AD72: =SUM(AD56:AD71) -> 0 | AE72: =M72-J72 -> -410.45607 | AF72: =M72/J72 -> 0.88598443
A73: 自動包裝機3 | B73: 4℃-飯糰 | C73: 蟹味可樂餅風炸飯糰 | E73: 21.92 | F73: 706 | G73: =E73*F73 -> 15475.52 | I73: 6 | J73: 3600 | K73: =J73/I73 -> 600 | L73: 6 | M73: =F73/V73*60 -> 3255.9408 | N73: =M73/L73 -> 542.6568 | O73: =L73-I73 -> 0 | P73: =N73-K73 -> -57.343201 | Q73: =N73/K73 -> 0.904428 | R73: =Q89 -> 0.8973862 | S73: 0.29166667 | T73: 0.30069444 | V73: 13.010065 | AC73: 1 | AE73: =M73-J73 -> -344.05921 | AF73: =M73/J73 -> 0.904428 | AG73: =AF89 -> 0.8973862
B74: 4℃-壽司手卷 | C74: 元氣三重稻荷組 | E74: 30.36 | F74: 1137 | G74: =E74*F74 -> 34519.32 | I74: 11 | J74: 3000 | K74: =J74/I74 -> 272.72727 | L74: 11 | M74: =F74/V74*60 -> 2653.018 | N74: =M74/L74 -> 241.18346 | O74: =L74-I74 -> 0 | P74: =N74-K74 -> -31.543817 | Q74: =N74/K74 -> 0.88433934 | S74: 0.30416667 | T74: 0.32201389 | U74: 5 | V74: 25.714111 | AC74: 2 | AE74: =M74-J74 -> -346.98199 | AF74: =M74/J74 -> 0.88433934
B75: 4℃-壽司手卷 | C75: 山葵生鮪魚泥脆卷 | E75: 23.19 | F75: 980 | G75: =E75*F75 -> 22726.2 | I75: 6 | J75: 2500 | K75: =J75/I75 -> 416.66667 | L75: 6 | M75: =F75/V75*60 -> 2250.1519 | N75: =M75/L75 -> 375.02531 | O75: =L75-I75 -> 0 | P75: =N75-K75 -> -41.641353 | Q75: =N75/K75 -> 0.90006075 | S75: 0.325 | T75: 0.34313657 | U75: 5 | V75: 26.131569 | AC75: 1 | AE75: =M75-J75 -> -249.84812 | AF75: =M75/J75 -> 0.90006075
B76: 4℃-壽司手卷 | C76: 醬油生鮭脆卷 | E76: 23.55 | F76: 1988 | G76: =E76*F76 -> 46817.4 | I76: 6 | J76: 2500 | K76: =J76/I76 -> 416.66667 | L76: 6 | M76: =F76/V76*60 -> 2250.5692 | N76: =M76/L76 -> 375.09487 | O76: =L76-I76 -> 0 | P76: =N76-K76 -> -41.571801 | Q76: =N76/K76 -> 0.90022768 | S76: 0.34722222 | T76: 0.3840162 | U76: 5.8833333 | V76: 52.999926 | AC76: 2 | AE76: =M76-J76 -> -249.43081 | AF76: =M76/J76 -> 0.90022768
B89: 平均 | I89: =AVERAGE(I73:I88) -> 7.25 | J89: =AVERAGE(J73:J88) -> 2900 | K89: =J89/I89 -> 400 | L89: =AVERAGE(L73:L88) -> 7.25 | M89: =AVERAGE(M73:M88) -> 2602.42 | N89: =M89/L89 -> 358.95448 | O89: =L89-I89 -> 0 | P89: =N89-K89 -> -41.045521 | Q89: =N89/K89 -> 0.8973862 | S89: =S73 -> 0.29166667 | T89: =INDEX(T73:T88,COUNTA(T73:T88)) -> 0.3840162 | Y89: =SUM(Y73:Y88) -> 0 | Z89: =SUM(Z73:Z88) -> 0 | AC89: =SUM(AC73:AC88) -> 6 | AD89: =SUM(AD73:AD88) -> 0 | AE89: =M89-J89 -> -297.58003 | AF89: =M89/J89 -> 0.8973862
A90: 便當二線 (二配) | B90: 微波主食 | C90: 二配鐵板豆腐燴蛋蓋飯 | E90: 44.98 | F90: 1369 | G90: =E90*F90 -> 61577.62 | I90: 21 | J90: 1800 | K90: =J90/I90 -> 85.714286 | L90: 21 | M90: =F90/V90*60 -> 1606.3751 | N90: =M90/L90 -> 76.494051 | O90: =L90-I90 -> 0 | P90: =N90-K90 -> -9.220235 | Q90: =N90/K90 -> 0.89243059 | R90: =Q106 -> 0.92432562 | S90: 0.70833333 | T90: 0.74384259 | V90: 51.133762 | AC90: 1 | AE90: =M90-J90 -> -193.62494 | AF90: =M90/J90 -> 0.89243059 | AG90: =AF106 -> 0.89351477
B91: 微波主食 | C91: 二配哞哞培根奶香海陸焗飯 | E91: 47.6 | F91: 1288 | G91: =E91*F91 -> 61308.8 | I91: 23 | J91: 2000 | K91: =J91/I91 -> 86.956522 | L91: 22 | M91: =F91/V91*60 -> 1786.2552 | N91: =M91/L91 -> 81.19342 | O91: =L91-I91 -> -1 | P91: =N91-K91 -> -5.7631013 | Q91: =N91/K91 -> 0.93372433 | S91: 0.74791667 | T91: 0.77795139 | U91: 5.8666667 | V91: 43.263694 | AC91: 1 | AE91: =M91-J91 -> -213.74475 | AF91: =M91/J91 -> 0.89312762
B92: 微波主食 | C92: 二配黃金雞排蘑菇白醬歐姆蛋飯 | E92: 56.87 | F92: 1082 | G92: =E92*F92 -> 61533.34 | I92: 23 | J92: 2000 | K92: =J92/I92 -> 86.956522 | L92: 22 | M92: =F92/V92*60 -> 1787.4213 | N92: =M92/L92 -> 81.246423 | O92: =L92-I92 -> -1 | P92: =N92-K92 -> -5.7100992 | Q92: =N92/K92 -> 0.93433386 | S92: 0.78125 | T92: 0.80646991 | U92: 4.75 | V92: 36.32048 | AC92: 1 | AE92: =M92-J92 -> -212.5787 | AF92: =M92/J92 -> 0.89371065
B93: 微波主食 | C93: 二配里肌豬排可可咖哩歐姆蛋飯 | E93: 56.79 | F93: 1387 | G93: =E93*F93 -> 78767.73 | I93: 23 | J93: 2000 | K93: =J93/I93 -> 86.956522 | L93: 22 | M93: =F93/V93*60 -> 1789.3636 | N93: =M93/L93 -> 81.334709 | O93: =L93-I93 -> -1 | P93: =N93-K93 -> -5.6218128 | Q93: =N93/K93 -> 0.93534915 | S93: 0.81041667 | T93: 0.84270833 | U93: 5.6833333 | V93: 46.508155 | AC93: 1 | AE93: =M93-J93 -> -210.6364 | AF93: =M93/J93 -> 0.8946818
B106: 平均 | I106: =AVERAGE(I90:I105) -> 22.5 | J106: =AVERAGE(J90:J105) -> 1950 | K106: =J106/I106 -> 86.666667 | L106: =AVERAGE(L90:L105) -> 21.75 | M106: =AVERAGE(M90:M105) -> 1742.3538 | N106: =M106/L106 -> 80.108221 | O106: =L106-I106 -> -0.75 | P106: =N106-K106 -> -6.5584459 | Q106: =N106/K106 -> 0.92432562 | S106: =S90 -> 0.70833333 | T106: =INDEX(T90:T105,COUNTA(T90:T105)) -> 0.84270833 | Y106: =SUM(Y90:Y105) -> 0 | Z106: =SUM(Z90:Z105) -> 0 | AC106: =SUM(AC90:AC105) -> 4 | AD106: =SUM(AD90:AD105) -> 0 | AE106: =M106-J106 -> -207.6462 | AF106: =M106/J106 -> 0.89351477
A107: 涼麵一線 (二配) | B107: 微波主食 | C107: 二配濃起司燻腸紅醬焗烤飯 | E107: 50.67 | F107: 1284 | G107: =E107*F107 -> 65060.28 | I107: 20 | J107: 2000 | K107: =J107/I107 -> 100 | L107: 20 | M107: =F107/V107*60 -> 1788.8048 | N107: =M107/L107 -> 89.440242 | O107: =L107-I107 -> 0 | P107: =N107-K107 -> -10.559758 | Q107: =N107/K107 -> 0.89440242 | R107: =Q123 -> 0.87778279 | S107: 0.70833333 | T107: 0.73824074 | V107: 43.067862 | AC107: 1 | AE107: =M107-J107 -> -211.19516 | AF107: =M107/J107 -> 0.89440242 | AG107: =AF123 -> 0.89374248
B108: 微波主食 | C108: 二配失控起司薯餅焗飯 | E108: 54.09 | F108: 681 | G108: =E108*F108 -> 36835.29 | I108: 19 | J108: 2000 | K108: =J108/I108 -> 105.26316 | L108: 20 | M108: =F108/V108*60 -> 1786 | N108: =M108/L108 -> 89.3 | O108: =L108-I108 -> 1 | P108: =N108-K108 -> -15.963158 | Q108: =N108/K108 -> 0.84835 | S108: 0.74236111 | T108: 0.75824074 | U108: 5.9333333 | V108: 22.87794 | AC108: 1 | AE108: =M108-J108 -> -214 | AF108: =M108/J108 -> 0.893
B109: 微波主食 | C109: 二配打拋風味豆腐飯 | E109: 38.39 | F109: 2324 | G109: =E109*F109 -> 89218.36 | I109: 16 | J109: 2000 | K109: =J109/I109 -> 125 | L109: 16 | M109: =F109/V109*60 -> 1787.65 | N109: =M109/L109 -> 111.72813 | O109: =L109-I109 -> 0 | P109: =N109-K109 -> -13.271872 | Q109: =N109/K109 -> 0.89382502 | S109: 0.76111111 | T109: 0.81527778 | U109: 5 | V109: 78.001844 | AC109: 3 | AE109: =M109-J109 -> -212.34995 | AF109: =M109/J109 -> 0.89382502
B123: 平均 | I123: =AVERAGE(I107:I122) -> 18.333333 | J123: =AVERAGE(J107:J122) -> 2000 | K123: =J123/I123 -> 109.09091 | L123: =AVERAGE(L107:L122) -> 18.666667 | M123: =AVERAGE(M107:M122) -> 1787.485 | N123: =M123/L123 -> 95.758123 | O123: =L123-I123 -> 0.33333333 | P123: =N123-K123 -> -13.332786 | Q123: =N123/K123 -> 0.87778279 | S123: =S107 -> 0.70833333 | T123: =INDEX(T107:T122,COUNTA(T107:T122)) -> 0.81527778 | Y123: =SUM(Y107:Y122) -> 0 | Z123: =SUM(Z107:Z122) -> 0 | AC123: =SUM(AC107:AC122) -> 5 | AD123: =SUM(AD107:AD122) -> 0 | AE123: =M123-J123 -> -212.51504 | AF123: =M123/J123 -> 0.89374248
AA125: 原因回覆
AA126: 1.當日出勤人數較多
AA127: 2.當日出勤人數較少
AA128: 3.當日出勤熟手較多
AA129: 4.當日出勤新人較多
AA130: 5.機台夾盒
AA131: 6.封膜不順
AA132: 7.更換膠膜
AA133: 8.更換碳帶
AA134: 9.當日熱轉印碳帶異常
AA135: 10.訂單量過少
AA136: 11.新品上市，尚未熟悉
AA137: 12.活動期間品項需貼標

Sheet 0429
B1: 屏榮 大溪廠組合室生產人時性分析
B3: 日期 | C3: 115.04.29星期三 | E3: 訂單量 | F3: ='0429(18度C)'!D1+'0429(4度C)'!D1 -> 189446 | H3: 營業額 | I3: ='0429(18度C)'!F1+'0429(4度C)'!F1 -> 5586966.6
B4: 人時性 | C4: 項目 | E4: ➀ | G4: ➁ | I4: ➂ | K4: ④ | M4: ⑤ | O4: 異常停線 | Q4: 短暫停線
C5: 組合室 | E5: 全溫層 | G5: 4度C-各編組展開(一配) | I5: 4度C-各編組展開(二配) | K5: 18度C-各編組展開(一配) | M5: 18度C-各編組展開(二配) | O5: 合計次數 | P5: 時間 | Q5: 合計次數 | R5: 設備次數
C6: 排關平均 | E6: =AVERAGE(D14:O14,D32:X32) -> 448.12977 | F6: =AVERAGE(#REF!,D14:K14) -> #REF! | G6: =AVERAGE(D14:K14) -> 170.54851 | I6: =AVERAGE(L14:O14) -> 93.920572 | K6: =AVERAGE(D32:O32) -> 718.21912 | M6: =AVERAGE(P32:X32) -> 723.15154 | O6: ='0429(4度C)'!Y2 -> 0 | P6: ='0429(4度C)'!Z2 -> 0 | Q6: ='0429(4度C)'!AC2 -> 59 | R6: ='0429(4度C)'!AD2 -> 0
C7: 實績平均 | E7: =AVERAGE(D15:O15,D33:X33) -> 399.78289 | F7: =AVERAGE(#REF!,D15:K15) -> #REF! | G7: =AVERAGE(D15:K15) -> 152.382 | I7: =AVERAGE(L15:O15) -> 83.293561 | K7: =AVERAGE(D33:O33) -> 641.06803 | M7: =AVERAGE(P33:X33) -> 644.79455
C8: 達成率平均 | E8: =AVERAGE(D16:O16,D34:X34) -> 0.89118769 | F8: =AVERAGE(D16:K16,#REF!) -> #REF! | G8: =AVERAGE(D16:K16) -> 0.89309598 | I8: =AVERAGE(L16:O16) -> 0.88768793 | K8: =AVERAGE(D34:O34) -> 0.89060325 | M8: =AVERAGE(P34:X34) -> 0.8921577
O9: ※現行日本鮮食廠以達成率80%為基本(即為現行KPI)
B11: 溫層 | D11: ➁4度C-各編組展開 | L11: ➂4度C-各編組展開
B12: 編組 | D12: 1 | E12: 2 | F12: 3 | G12: 4 | H12: 5 | I12: 6 | J12: 7 | K12: 8 | L12: 1 | M12: 2 | N12: 3 | O12: 4
D13: 便當一線 | E13: 便當二線 | F13: 涼麵一線 | G13: 涼麵二線 | H13: 涼麵三線 | I13: 自動包裝機 | J13: 自動包裝機2 | K13: 自動包裝機3 | L13: 便當一線 | M13: 便當二線 | N13: 涼麵一線 | O13: 涼麵二線
B14: 人時性 | C14: 排關 | D14: - | E14: 84.507042 | F14: 100.84112 | G14: 83.72093 | H14: 183.67347 | I14: - | J14: - | K14: 400 | L14: - | M14: 85.714286 | N14: 109.09091 | O14: 86.956522
C15: 實績 | D15: - | E15: 75.496091 | F15: 90.532623 | G15: 74.923275 | H15: 162.00771 | I15: - | J15: - | K15: 358.95031 | L15: - | M15: 76.421541 | N15: 95.700425 | O15: 77.758718
C16: 達成率 | D16: - | E16: =E15/E14 -> 0.89337041 | F16: =F15/F14 -> 0.89777486 | G16: =G15/G14 -> 0.8949169 | H16: =H15/H14 -> 0.88204196 | I16: - | J16: - | K16: =K15/K14 -> 0.89737578 | L16: - | M16: =M15/M14 -> 0.89158465 | N16: =N15/N14 -> 0.87725389 | O16: =O15/O14 -> 0.89422526
B17: 作業 時間 | C17: 開始 | D17: - | E17: 0.29166667 | F17: 0.25 | G17: 0.25 | H17: 0.25 | I17: - | J17: - | K17: 0.29166667 | L17: - | M17: 0.70833333 | N17: 0.70833333 | O17: 0.70833333
C18: 結束 | D18: - | E18: 0.56894676 | F18: 0.56069444 | G18: 0.5755787 | H18: 0.55003472 | I18: - | J18: - | K18: 0.41274306 | L18: - | M18: 0.74828704 | N18: 0.82892361 | O18: 0.81357639
B19: 產線異常 (5分鐘以上) | C19: 次數
C20: 時間/分
B21: 短暫停線 (5分鐘以下) | C21: 次數 | E21: 10 | F21: 11 | G21: 10 | H21: 9 | K21: 6 | M21: 2 | N21: 7 | O21: 4
C22: 設備次數
B23: 配置人數 | D23: - | E23: 23.666667 | F23: 21.6 | G23: 21.5 | H23: 19.6 | I23: - | J23: - | K23: 7.25 | L23: - | M23: 21 | N23: 18.666667 | O23: 23
B24: 主要應用設備 | D24: L型封口機 | E24: ET-55 | F24: ET-55 | G24: ET-55 | H24: ET-600 | I24: 伺服包裝機 | J24: 伺服包裝機 | K24: 伺服包裝機 | L24: L型封口機 | M24: ET-55 | N24: ET-55 | O24: ET-55
B25: 次要應用設備 | D25: 伺服包裝機 | H25: 伺服包裝機
B26: 備註 | H26: 涼麵+烤飯糰 | I26: 大口飯糰線 | K26: 烤飯糰+手卷
B29: 溫層 | D29: ➃18度C-各編組展開 (一配) | P29: ⑤18度C-各編組展開 (二配)
B30: 編組 | D30: 1 | E30: 2 | F30: 3 | G30: 4 | H30: 5 | I30: 6 | J30: 7 | K30: 8 | L30: 9 | M30: 10 | N30: 11 | O30: 12 | P30: 1 | Q30: 2 | R30: 3 | S30: 4 | T30: 5 | U30: 6 | V30: 7 | W30: 8 | X30: 9
D31: 便當一線 | E31: 涼麵一線 | F31: 涼麵三線 | G31: 自動包裝機 | H31: 自動包裝機2 | I31: 自動包裝機3 | J31: 味付飯糰線B | K31: (舊) 3300型飯糰線 | L31: 3000型飯糰線 | M31: (新) 3300型飯糰機 | N31: GKK3600型 飯糰機 | O31: GKK3600型 飯糰機2 | P31: 自動包裝機 | Q31: 自動包裝機2 | R31: 自動包裝機3 | S31: 味付飯糰線B | T31: (舊) 3300型飯糰線 | U31: 3000型飯糰線 | V31: (新) 3300型飯糰機 | W31: GKK3600型 飯糰機 | X31: GKK3600型 飯糰機2
B32: 人時性 | C32: 排關 | D32: - | E32: - | F32: - | G32: 306.38298 | H32: 433.33333 | I32: - | J32: - | K32: - | L32: - | M32: 1100 | N32: 941.37931 | O32: 810 | P32: 291.89189 | Q32: - | R32: - | S32: - | T32: - | U32: - | V32: 775 | W32: 985.71429 | X32: 840
C33: 實績 | D33: - | E33: - | F33: - | G33: 268.50302 | H33: 389.92015 | I33: - | J33: - | K33: - | L33: - | M33: 993.24422 | N33: 837.08635 | O33: 716.58642 | P33: 260.76241 | Q33: - | R33: - | S33: - | T33: - | U33: - | V33: 696.26295 | W33: 876.55991 | X33: 745.59292
C34: 達成率 | D34: - | E34: - | F34: - | G34: =G33/G32 -> 0.87636403 | H34: =H33/H32 -> 0.89981573 | I34: - | J34: - | K34: - | L34: - | M34: =M33/M32 -> 0.90294929 | N34: =N33/N32 -> 0.88921261 | O34: =O33/O32 -> 0.88467459 | P34: =P33/P32 -> 0.8933527 | Q34: - | R34: - | S34: - | T34: - | U34: - | V34: =V33/V32 -> 0.89840381 | W34: =W33/W32 -> 0.88926368 | X34: =X33/X32 -> 0.88761062
B35: 作業 時間 | C35: 開始 | D35: - | E35: - | F35: - | G35: 0.29166667 | H35: 0.29166667 | I35: - | J35: - | K35: - | L35: - | M35: 0.35416667 | N35: 0.25 | O35: 0.25 | P35: 0.70833333 | Q35: - | R35: - | S35: - | T35: - | U35: - | V35: 0.70833333 | W35: 0.70833333 | X35: 0.70833333
C36: 結束 | D36: - | E36: - | F36: - | G36: 0.45509259 | H36: 0.32923611 | I36: - | J36: - | K36: - | L36: - | M36: 0.40040509 | N36: 0.64965278 | O36: 0.64619213 | P36: 0.75263889 | Q36: - | R36: - | S36: - | T36: - | U36: - | V36: 0.80289352 | W36: 1.1537153 | X36: 1.1288079
B37: 配置人數 | D37: - | E37: - | F37: - | G37: 11.75 | H37: 6 | I37: - | J37: - | K37: - | L37: - | M37: 3 | N37: 3.625 | O37: 4.4444444 | P37: 12.333333 | Q37: - | R37: - | S37: - | T37: - | U37: - | V37: 4 | W37: 3.5 | X37: 4.1666667
B38: 主要應用設備 | D38: 伺服包裝機 | E38: ET-55 | F38: ET-600 | G38: 夾心型 | H38: 伺服包裝機 | I38: 伺服包裝機 | J38: 夾心型 | K38: 3300型 | L38: 3300型 | M38: 3300型 | N38: GKK | O38: GKK | P38: 夾心型 | Q38: 伺服包裝機 | R38: 伺服包裝機 | S38: 夾心型 | T38: 3300型 | U38: 3300型 | V38: 3300型 | W38: GKK | X38: GKK
B39: 次要應用設備
B40: 備註

Sheet 0429(18度C)
A1: 大溪廠日報分析 | C1: 總生產量 | D1: =SUM(F5:F157) -> 121339 | E1: 營業額 | F1: =SUM(G5:G157) -> 2478860.3 | G1: 出勤人數 | H1: =L21+L38+L55+L72+L89+L106+L123+L140+L157 -> 52.819444 | I1: 產線配置圖 | L1: 生產實績 | O1: 人時性差異分析 | S1: 日報登錄 | Y1: 分析說明 | AA1: 產能差異分析
A2: 46141 | C2: 人時性 | D2: =AVERAGE(N21,N38,N55,N72,N89,N106,N123,N140,N157) -> 642.72426 | E2: 平均廠價 | F2: =F1/D1 -> 20.429213 | G2: 多次生產數 | H2: =COUNT(H5:H157) -> 16
A3: 線別 | B3: 品類 | C3: 品名 | E3: 廠價 | F3: 生產量 | G3: 營收 | H3: 多次 生產 | I3: 人數 | J3: 產能/時 | K3: 人時性 | L3: 人數 | M3: 產能/時 | N3: 人時性 | O3: 人數 | P3: 人時性 | Q3: 達成率 | R3: 達成率 平均 | S3: 生產時間 | U3: 換線、休息/分 | V3: 稼動時間/分 | W3: 休息時間 | Y3: (屏榮回填) | AA3: 產能/時 | AB3: 達成率 | AC3: 達成率平均
S4: 開始 | T4: 結束 | W4: 開始 | X4: 結束
A5: 自動包裝機 | B5: 18℃-壽司手卷 | C5: 一配長野稻荷壽司 | E5: 25.64 | F5: 1572 | G5: =E5*F5 -> 40306.08 | I5: 11 | J5: 3600 | K5: =J5/I5 -> 327.27273 | L5: 11 | M5: =F5/V5*60 -> 3181.6357 | N5: =M5/L5 -> 289.23961 | O5: =L5-I5 -> 0 | P5: =N5-K5 -> -38.033114 | Q5: =N5/K5 -> 0.88378771 | R5: =Q21 -> 0.87636403 | S5: 0.29166667 | T5: 0.31224537 | V5: 29.645128 | AA5: =M5-J5 -> -418.36425 | AB5: =M5/J5 -> 0.88378771 | AC5: =AB21 -> 0.87636403
B6: 18℃-壽司手卷 | C6: 一配經典人氣雙手卷 | E6: 29.52 | F6: 3305 | G6: =E6*F6 -> 97563.6 | I6: 12 | J6: 3600 | K6: =J6/I6 -> 300 | L6: 12 | M6: =F6/V6*60 -> 3158.3817 | N6: =M6/L6 -> 263.19848 | O6: =L6-I6 -> 0 | P6: =N6-K6 -> -36.801522 | Q6: =N6/K6 -> 0.87732826 | S6: 0.31597222 | T6: 0.35957176 | U6: 5.3666667 | V6: 62.785318 | AA6: =M6-J6 -> -441.61827 | AB6: =M6/J6 -> 0.87732826
B7: 18℃-壽司手卷 | C7: 一配鮭鮪海饌雙手卷 | E7: 29.85 | F7: 3657 | G7: =E7*F7 -> 109161.45 | I7: 12 | J7: 3600 | K7: =J7/I7 -> 300 | L7: 12 | M7: =F7/V7*60 -> 3157.5698 | N7: =M7/L7 -> 263.13082 | O7: =L7-I7 -> 0 | P7: =N7-K7 -> -36.869182 | Q7: =N7/K7 -> 0.87710273 | S7: 0.36319444 | T7: 0.41144676 | U7: 5.2166667 | V7: 69.49015 | AA7: =M7-J7 -> -442.43018 | AB7: =M7/J7 -> 0.87710273
B8: 18℃-飯糰 | C8: 一配兩粒飯糰(鮪魚.焦糖鮭魚) | E8: 28.57 | F8: 2984 | G8: =E8*F8 -> 85252.88 | I8: 12 | J8: 3600 | K8: =J8/I8 -> 300 | L8: 12 | M8: =F8/V8*60 -> 3122.0547 | N8: =M8/L8 -> 260.17123 | O8: =L8-I8 -> 0 | P8: =N8-K8 -> -39.828771 | Q8: =N8/K8 -> 0.86723743 | S8: 0.41527778 | T8: 0.45509259 | U8: 5.5166667 | V8: 57.346848 | AA8: =M8-J8 -> -477.94525 | AB8: =M8/J8 -> 0.86723743
B21: 平均 | I21: =AVERAGE(I5:I20) -> 11.75 | J21: =AVERAGE(J5:J20) -> 3600 | K21: =J21/I21 -> 306.38298 | L21: =AVERAGE(L5:L20) -> 11.75 | M21: =AVERAGE(M5:M20) -> 3154.9105 | N21: =M21/L21 -> 268.50302 | O21: =L21-I21 -> 0 | P21: =N21-K21 -> -37.879957 | Q21: =N21/K21 -> 0.87636403 | S21: 0.29166667 | T21: 0.45509259 | AA21: =M21-J21 -> -445.08949 | AB21: =M21/J21 -> 0.87636403
A22: 自動包裝機2 | B22: 18℃-壽司手卷 | C22: 一配雙鬆細卷 | E22: 14.03 | F22: 858 | G22: =E22*F22 -> 12037.74 | I22: 6 | J22: 2600 | K22: =J22/I22 -> 433.33333 | L22: 6 | M22: =F22/V22*60 -> 2339.169 | N22: =M22/L22 -> 389.8615 | O22: =L22-I22 -> 0 | P22: =N22-K22 -> -43.471831 | Q22: =N22/K22 -> 0.89968039 | R22: =Q38 -> 0.89981573 | S22: 0.29166667 | T22: 0.30694444 | V22: 22.007815 | AA22: =M22-J22 -> -260.83099 | AB22: =M22/J22 -> 0.89968039 | AC22: =AB38 -> 0.89981573
B23: 18℃-壽司手卷 | C23: 一配經典鮪魚沙拉細卷 | E23: 14.49 | F23: 1018 | G23: =E23*F23 -> 14750.82 | I23: 6 | J23: 2600 | K23: =J23/I23 -> 433.33333 | L23: 6 | M23: =F23/V23*60 -> 2339.8728 | N23: =M23/L23 -> 389.9788 | O23: =L23-I23 -> 0 | P23: =N23-K23 -> -43.354536 | Q23: =N23/K23 -> 0.89995107 | S23: 0.31111111 | T23: 0.32923611 | U23: 6 | V23: 26.103983 | AA23: =M23-J23 -> -260.12722 | AB23: =M23/J23 -> 0.89995107
B38: 平均 | I38: =AVERAGE(I22:I37) -> 6 | J38: =AVERAGE(J22:J37) -> 2600 | K38: =J38/I38 -> 433.33333 | L38: =AVERAGE(L22:L37) -> 6 | M38: =AVERAGE(M22:M37) -> 2339.5209 | N38: =M38/L38 -> 389.92015 | O38: =L38-I38 -> 0 | P38: =N38-K38 -> -43.413184 | Q38: =N38/K38 -> 0.89981573 | S38: 0.29166667 | T38: 0.32923611 | AA38: =M38-J38 -> -260.4791 | AB38: =M38/J38 -> 0.89981573
A39: (新) 3300型飯糰機 | B39: 18℃-飯糰 | C39: 一配鮭魚奶油醬油飯糰 | E39: 18.53 | F39: 3307 | G39: =E39*F39 -> 61278.71 | I39: 3 | J39: 3300 | K39: =J39/I39 -> 1100 | L39: 3 | M39: =F39/V39*60 -> 2979.7327 | N39: =M39/L39 -> 993.24422 | O39: =L39-I39 -> 0 | P39: =N39-K39 -> -106.75578 | Q39: =N39/K39 -> 0.90294929 | R39: =Q55 -> 0.90294929 | S39: 0.35416667 | T39: 0.40040509 | V39: 66.589866 | AA39: =M39-J39 -> -320.26734 | AB39: =M39/J39 -> 0.90294929 | AC39: =AB55 -> 0.90294929
B55: 平均 | I55: =AVERAGE(I39:I54) -> 3 | J55: =AVERAGE(J39:J54) -> 3300 | K55: =J55/I55 -> 1100 | L55: =AVERAGE(L39:L54) -> 3 | M55: =AVERAGE(M39:M54) -> 2979.7327 | N55: =M55/L55 -> 993.24422 | O55: =L55-I55 -> 0 | P55: =N55-K55 -> -106.75578 | Q55: =N55/K55 -> 0.90294929 | S55: 0.35416667 | T55: 0.40040509 | AA55: =M55-J55 -> -320.26734 | AB55: =M55/J55 -> 0.90294929
A56: GKK3600型 飯糰機 | B56: 18℃-飯糰 | C56: 一配經典肉鬆飯糰 | E56: 14.03 | F56: 1467 | G56: =E56*F56 -> 20582.01 | H56: 2 | I56: 3 | J56: 3000 | K56: =J56/I56 -> 1000 | L56: 3 | M56: =F56/V56*60 -> 2704.8987 | N56: =M56/L56 -> 901.6329 | O56: =L56-I56 -> 0 | P56: =N56-K56 -> -98.3671 | Q56: =N56/K56 -> 0.9016329 | R56: =Q72 -> 0.88921261 | S56: 0.25 | T56: 0.27259259 | V56: 32.54096 | AA56: =M56-J56 -> -295.1013 | AB56: =M56/J56 -> 0.9016329 | AC56: =AB72 -> 0.88921261
B57: 18℃-飯糰 | C57: 一配鮪魚飯糰 | E57: 14.28 | F57: 2058 | G57: =E57*F57 -> 29388.24 | H57: 2 | I57: 3 | J57: 3600 | K57: =J57/I57 -> 1200 | L57: 3 | M57: =F57/V57*60 -> 3181.9253 | N57: =M57/L57 -> 1060.6418 | O57: =L57-I57 -> 0 | P57: =N57-K57 -> -139.35822 | Q57: =N57/K57 -> 0.88386815 | S57: 0.28263889 | T57: 0.30958333 | U57: 15 | V57: 38.806693 | AA57: =M57-J57 -> -418.07467 | AB57: =M57/J57 -> 0.88386815
B58: 18℃-飯糰 | C58: 一配鹽蔥燒肉飯糰 | E58: 17.89 | F58: 3378 | G58: =E58*F58 -> 60432.42 | I58: 4 | J58: 3600 | K58: =J58/I58 -> 900 | L58: 4 | M58: =F58/V58*60 -> 3179.0043 | N58: =M58/L58 -> 794.75108 | O58: =L58-I58 -> 0 | P58: =N58-K58 -> -105.24892 | Q58: =N58/K58 -> 0.88305675 | S58: 0.31944444 | T58: 0.36371528 | U58: 15 | V58: 63.755812 | AA58: =M58-J58 -> -420.9957 | AB58: =M58/J58 -> 0.88305675
B59: 18℃-飯糰 | C59: 一配壹號醬炙烤牛飯糰 | E59: 22.28 | F59: 1216 | G59: =E59*F59 -> 27092.48 | I59: 5 | J59: 3300 | K59: =J59/I59 -> 660 | L59: 5 | M59: =F59/V59*60 -> 2952.6775 | N59: =M59/L59 -> 590.53549 | O59: =L59-I59 -> 0 | P59: =N59-K59 -> -69.464505 | Q59: =N59/K59 -> 0.89475075 | S59: 0.37361111 | T59: 0.39076389 | U59: 15 | V59: 24.709776 | AA59: =M59-J59 -> -347.32253 | AB59: =M59/J59 -> 0.89475075
B60: 18℃-飯糰 | C60: 一配明太子龍蝦風味沙拉飯糰 | E60: 18.18 | F60: 2428 | G60: =E60*F60 -> 44141.04 | I60: 3 | J60: 3600 | K60: =J60/I60 -> 1200 | L60: 3 | M60: =F60/V60*60 -> 3182.9983 | N60: =M60/L60 -> 1060.9994 | O60: =L60-I60 -> 0 | P60: =N60-K60 -> -139.00057 | Q60: =N60/K60 -> 0.88416619 | S60: 0.40069444 | T60: 0.43247685 | U60: 15 | V60: 45.768168 | AA60: =M60-J60 -> -417.00171 | AB60: =M60/J60 -> 0.88416619
B61: 18℃-飯糰 | C61: 一配鹽蔥生鮭飯糰 | E61: 27.48 | F61: 5591 | G61: =E61*F61 -> 153640.68 | I61: 5 | J61: 3600 | K61: =J61/I61 -> 720 | L61: 5 | M61: =F61/V61*60 -> 3187.1761 | N61: =M61/L61 -> 637.43521 | O61: =L61-I61 -> 0 | P61: =N61-K61 -> -82.564789 | Q61: =N61/K61 -> 0.88532668 | S61: 0.44236111 | T61: 0.51545139 | U61: 15 | V61: 105.25305 | AA61: =M61-J61 -> -412.82395 | AB61: =M61/J61 -> 0.88532668
B62: 18℃-飯糰 | C62: 一配經典肉鬆飯糰 | E62: 14.03 | F62: 3333 | G62: =E62*F62 -> 46761.99 | I62: 3 | J62: 3000 | K62: =J62/I62 -> 1000 | L62: 3 | M62: =F62/V62*60 -> 2704.8987 | N62: =M62/L62 -> 901.6329 | O62: =L62-I62 -> 0 | P62: =N62-K62 -> -98.3671 | Q62: =N62/K62 -> 0.9016329 | S62: 0.52569444 | T62: 0.57702546 | U62: 14.75 | V62: 73.932528 | AA62: =M62-J62 -> -295.1013 | AB62: =M62/J62 -> 0.9016329
B63: 18℃-飯糰 | C63: 一配鮪魚飯糰 | E63: 14.28 | F63: 4800 | G63: =E63*F63 -> 68544 | I63: 3 | J63: 3600 | K63: =J63/I63 -> 1200 | L63: 3 | M63: =F63/V63*60 -> 3181.9253 | N63: =M63/L63 -> 1060.6418 | O63: =L63-I63 -> 0 | P63: =N63-K63 -> -139.35822 | Q63: =N63/K63 -> 0.88386815 | S63: 0.58680556 | T63: 0.64965278 | U63: 15 | V63: 90.511238 | AA63: =M63-J63 -> -418.07467 | AB63: =M63/J63 -> 0.88386815
B72: 平均 | I72: =AVERAGE(I56:I71) -> 3.625 | J72: =AVERAGE(J56:J71) -> 3412.5 | K72: =J72/I72 -> 941.37931 | L72: =AVERAGE(L56:L71) -> 3.625 | M72: =AVERAGE(M56:M71) -> 3034.438 | N72: =M72/L72 -> 837.08635 | O72: =L72-I72 -> 0 | P72: =N72-K72 -> -104.29296 | Q72: =N72/K72 -> 0.88921261 | S72: 0.25 | T72: 0.64965278 | AA72: =M72-J72 -> -378.06198 | AB72: =M72/J72 -> 0.88921261
A73: GKK3600型 飯糰機2 | B73: 18℃-飯糰 | C73: 一配柚檸海灣貝飯糰 | E73: 23.72 | F73: 1379 | G73: =E73*F73 -> 32709.88 | H73: 2 | I73: 5 | J73: 3600 | K73: =J73/I73 -> 720 | L73: 5 | M73: =F73/V73*60 -> 3181.6575 | N73: =M73/L73 -> 636.33151 | O73: =L73-I73 -> 0 | P73: =N73-K73 -> -83.668492 | Q73: =N73/K73 -> 0.88379376 | R73: =Q89 -> 0.88467459 | S73: 0.25 | T73: 0.26805556 | V73: 26.005313 | AA73: =M73-J73 -> -418.34246 | AB73: =M73/J73 -> 0.88379376 | AC73: =AB89 -> 0.88467459
B74: 18℃-飯糰 | C74: 一配雞肉飯飯糰 | E74: 16.66 | F74: 1768 | G74: =E74*F74 -> 29454.88 | H74: 2 | I74: 5 | J74: 3600 | K74: =J74/I74 -> 720 | L74: 5 | M74: =F74/V74*60 -> 3184.6958 | N74: =M74/L74 -> 636.93917 | O74: =L74-I74 -> 0 | P74: =N74-K74 -> -83.060834 | Q74: =N74/K74 -> 0.88463773 | S74: 0.27847222 | T74: 0.30159722 | U74: 15 | V74: 33.309304 | AA74: =M74-J74 -> -415.30417 | AB74: =M74/J74 -> 0.88463773
B75: 18℃-飯糰 | C75: 一配蔬食鮪魚飯糰 | E75: 18.18 | F75: 1278 | G75: =E75*F75 -> 23234.04 | I75: 3 | J75: 3600 | K75: =J75/I75 -> 1200 | L75: 3 | M75: =F75/V75*60 -> 3183.3859 | N75: =M75/L75 -> 1061.1286 | O75: =L75-I75 -> 0 | P75: =N75-K75 -> -138.87136 | Q75: =N75/K75 -> 0.88427386 | S75: 0.31180556 | T75: 0.32853009 | U75: 14.7 | V75: 24.08756 | AA75: =M75-J75 -> -416.61409 | AB75: =M75/J75 -> 0.88427386
B76: 18℃-飯糰 | C76: 一配熟成紅鮭飯糰 | E76: 25.03 | F76: 1879 | G76: =E76*F76 -> 47031.37 | I76: 5 | J76: 3600 | K76: =J76/I76 -> 720 | L76: 5 | M76: =F76/V76*60 -> 3185.982 | N76: =M76/L76 -> 637.1964 | O76: =L76-I76 -> 0 | P76: =N76-K76 -> -82.803597 | Q76: =N76/K76 -> 0.884995 | S76: 0.33888889 | T76: 0.36346065 | U76: 14.916667 | V76: 35.386264 | AA76: =M76-J76 -> -414.01799 | AB76: =M76/J76 -> 0.884995
B77: 18℃-飯糰 | C77: 一配北海道秋鮭親子飯糰 | E77: 24.82 | F77: 2245 | G77: =E77*F77 -> 55720.9 | I77: 5 | J77: 3600 | K77: =J77/I77 -> 720 | L77: 5 | M77: =F77/V77*60 -> 3188.5118 | N77: =M77/L77 -> 637.70237 | O77: =L77-I77 -> 0 | P77: =N77-K77 -> -82.297633 | Q77: =N77/K77 -> 0.88569773 | S77: 0.37361111 | T77: 0.40293981 | U77: 14.616667 | V77: 42.245413 | AA77: =M77-J77 -> -411.48816 | AB77: =M77/J77 -> 0.88569773
B78: 18℃-飯糰 | C78: 一配贅沢鮭魚肚飯糰 | E78: 30 | F78: 3206 | G78: =E78*F78 -> 96180 | I78: 4 | J78: 3600 | K78: =J78/I78 -> 900 | L78: 4 | M78: =F78/V78*60 -> 3184.56 | N78: =M78/L78 -> 796.14 | O78: =L78-I78 -> 0 | P78: =N78-K78 -> -103.86 | Q78: =N78/K78 -> 0.8846 | S78: 0.41319444 | T78: 0.45513889 | U78: 14.766667 | V78: 60.403949 | AA78: =M78-J78 -> -415.44 | AB78: =M78/J78 -> 0.8846
B79: 18℃-飯糰 | C79: 一配山葵章魚飯糰 | E79: 25.2 | F79: 4813 | G79: =E79*F79 -> 121287.6 | I79: 3 | J79: 3600 | K79: =J79/I79 -> 1200 | L79: 3 | M79: =F79/V79*60 -> 3188.3102 | N79: =M79/L79 -> 1062.7701 | O79: =L79-I79 -> 0 | P79: =N79-K79 -> -137.22995 | Q79: =N79/K79 -> 0.88564171 | S79: 0.46527778 | T79: 0.5281713 | U79: 14.6 | V79: 90.574626 | AA79: =M79-J79 -> -411.68984 | AB79: =M79/J79 -> 0.88564171
B80: 18℃-飯糰 | C80: 一配柚檸海灣貝飯糰 | E80: 23.72 | F80: 3489 | G80: =E80*F80 -> 82759.08 | I80: 5 | J80: 3600 | K80: =J80/I80 -> 720 | L80: 5 | M80: =F80/V80*60 -> 3181.6575 | N80: =M80/L80 -> 636.33151 | O80: =L80-I80 -> 0 | P80: =N80-K80 -> -83.668492 | Q80: =N80/K80 -> 0.88379376 | S80: 0.53819444 | T80: 0.58387731 | U80: 15 | V80: 65.795893 | AA80: =M80-J80 -> -418.34246 | AB80: =M80/J80 -> 0.88379376
B81: 18℃-飯糰 | C81: 一配雞肉飯飯糰 | E81: 16.66 | F81: 4009 | G81: =E81*F81 -> 66789.94 | I81: 5 | J81: 3600 | K81: =J81/I81 -> 720 | L81: 5 | M81: =F81/V81*60 -> 3184.6958 | N81: =M81/L81 -> 636.93917 | O81: =L81-I81 -> 0 | P81: =N81-K81 -> -83.060834 | Q81: =N81/K81 -> 0.88463773 | S81: 0.59375 | T81: 0.64619213 | U81: 15 | V81: 75.529976 | AA81: =M81-J81 -> -415.30417 | AB81: =M81/J81 -> 0.88463773
B89: 平均 | I89: =AVERAGE(I73:I88) -> 4.4444444 | J89: =AVERAGE(J73:J88) -> 3600 | K89: =J89/I89 -> 810 | L89: =AVERAGE(L73:L88) -> 4.4444444 | M89: =AVERAGE(M73:M88) -> 3184.8285 | N89: =M89/L89 -> 716.58642 | O89: =L89-I89 -> 0 | P89: =N89-K89 -> -93.413583 | Q89: =N89/K89 -> 0.88467459 | S89: 0.25 | T89: 0.64619213 | AA89: =M89-J89 -> -415.17148 | AB89: =M89/J89 -> 0.88467459
A90: 自動包裝機 (二配) | B90: 18℃-飯糰 | C90: 二配兩粒飯糰(鮪魚.焦糖鮭魚) | E90: 28.57 | F90: 1389 | G90: =E90*F90 -> 39683.73 | I90: 12 | J90: 3600 | K90: =J90/I90 -> 300 | L90: 12 | M90: =F90/V90*60 -> 3126.4138 | N90: =M90/L90 -> 260.53448 | O90: =L90-I90 -> 0 | P90: =N90-K90 -> -39.46552 | Q90: =N90/K90 -> 0.86844827 | R90: =Q106 -> 0.8933527 | S90: 0.70833333 | T90: 0.72684028 | V90: 26.65674 | AA90: =M90-J90 -> -473.58624 | AB90: =M90/J90 -> 0.86844827 | AC90: =AB106 -> 0.8933527
B91: 18℃-飯糰 | C91: 二配鮮蝦旬彩炊飯飯糰 | E91: 20.17 | F91: 146 | G91: =E91*F91 -> 2944.82 | I91: 12 | J91: 3600 | K91: =J91/I91 -> 300 | L91: 12 | M91: =F91/V91*60 -> 3261.7414 | N91: =M91/L91 -> 271.81178 | O91: =L91-I91 -> 0 | P91: =N91-K91 -> -28.188217 | Q91: =N91/K91 -> 0.90603928 | S91: 0.73055556 | T91: 0.73241898 | U91: 5.35 | V91: 2.685682 | AA91: =M91-J91 -> -338.25861 | AB91: =M91/J91 -> 0.90603928
B92: 18℃-飯糰 | C92: 二配溏心蛋五目飯糰 | E92: 20.42 | F92: 1294 | G92: =E92*F92 -> 26423.48 | I92: 13 | J92: 3600 | K92: =J92/I92 -> 276.92308 | L92: 13 | M92: =F92/V92*60 -> 3260.054 | N92: =M92/L92 -> 250.77339 | O92: =L92-I92 -> 0 | P92: =N92-K92 -> -26.14969 | Q92: =N92/K92 -> 0.90557056 | S92: 0.73611111 | T92: 0.75263889 | U92: 5.3166667 | V92: 23.815556 | AA92: =M92-J92 -> -339.94597 | AB92: =M92/J92 -> 0.90557056
B106: 平均 | I106: =AVERAGE(I90:I105) -> 12.333333 | J106: =AVERAGE(J90:J105) -> 3600 | K106: =J106/I106 -> 291.89189 | L106: =AVERAGE(L90:L105) -> 12.333333 | M106: =AVERAGE(M90:M105) -> 3216.0697 | N106: =M106/L106 -> 260.76241 | O106: =L106-I106 -> 0 | P106: =N106-K106 -> -31.129482 | Q106: =N106/K106 -> 0.8933527 | S106: 0.70833333 | T106: 0.75263889 | AA106: =M106-J106 -> -383.93027 | AB106: =M106/J106 -> 0.8933527
A107: (新) 3300型飯糰機 (二配) | B107: 18℃-飯糰 | C107: 二配鹽水G絲飯糰 | E107: 17.22 | F107: 2090 | G107: =E107*F107 -> 35989.8 | I107: 3 | J107: 3300 | K107: =J107/I107 -> 1100 | L107: 3 | M107: =F107/V107*60 -> 2979.5356 | N107: =M107/L107 -> 993.17853 | O107: =L107-I107 -> 0 | P107: =N107-K107 -> -106.82147 | Q107: =N107/K107 -> 0.90288957 | R107: =Q123 -> 0.89840381 | S107: 0.70833333 | T107: 0.73755787 | V107: 42.087096 | AA107: =M107-J107 -> -320.46442 | AB107: =M107/J107 -> 0.90288957 | AC107: =AB123 -> 0.89840381
B108: 18℃-飯糰 | C108: 二配大飯糰韓式蒜烤豬五花 | E108: 24.54 | F108: 1732 | G108: =E108*F108 -> 42503.28 | I108: 4 | J108: 3000 | K108: =J108/I108 -> 750 | L108: 4 | M108: =F108/V108*60 -> 2686.8248 | N108: =M108/L108 -> 671.7062 | O108: =L108-I108 -> 0 | P108: =N108-K108 -> -78.293798 | Q108: =N108/K108 -> 0.89560827 | S108: 0.74097222 | T108: 0.76782407 | U108: 4.9166667 | V108: 38.677624 | AA108: =M108-J108 -> -313.17519 | AB108: =M108/J108 -> 0.89560827
B109: 18℃-飯糰 | C109: 二配大飯糰乾燒風味鮮蝦 | E109: 23.27 | F109: 2069 | G109: =E109*F109 -> 48145.63 | I109: 5 | J109: 3000 | K109: =J109/I109 -> 600 | L109: 5 | M109: =F109/V109*60 -> 2688.795 | N109: =M109/L109 -> 537.759 | O109: =L109-I109 -> 0 | P109: =N109-K109 -> -62.240997 | Q109: =N109/K109 -> 0.896265 | S109: 0.77083333 | T109: 0.80289352 | U109: 5 | V109: 46.16938 | AA109: =M109-J109 -> -311.20499 | AB109: =M109/J109 -> 0.896265
B123: 平均 | I123: =AVERAGE(I107:I122) -> 4 | J123: =AVERAGE(J107:J122) -> 3100 | K123: =J123/I123 -> 775 | L123: =AVERAGE(L107:L122) -> 4 | M123: =AVERAGE(M107:M122) -> 2785.0518 | N123: =M123/L123 -> 696.26295 | O123: =L123-I123 -> 0 | P123: =N123-K123 -> -78.73705 | Q123: =N123/K123 -> 0.89840381 | S123: 0.70833333 | T123: 0.80289352 | AA123: =M123-J123 -> -314.9482 | AB123: =M123/J123 -> 0.89840381
A124: GKK3600型 飯糰機 (二配) | B124: 18℃-飯糰 | C124: 二配壹號醬炙烤牛飯糰 | E124: 22.28 | F124: 436 | G124: =E124*F124 -> 9714.08 | H124: 2 | I124: 5 | J124: 3300 | K124: =J124/I124 -> 660 | L124: 5 | M124: =F124/V124*60 -> 2950.8705 | N124: =M124/L124 -> 590.1741 | O124: =L124-I124 -> 0 | P124: =N124-K124 -> -69.825897 | Q124: =N124/K124 -> 0.89420319 | R124: =Q140 -> 0.88926368 | S124: 0.70833333 | T124: 0.71447917 | V124: 8.8651806 | AA124: =M124-J124 -> -349.12948 | AB124: =M124/J124 -> 0.89420319 | AC124: =AB140 -> 0.88926368
B125: 18℃-飯糰 | C125: 二配經典肉鬆飯糰 | E125: 14.03 | F125: 2018 | G125: =E125*F125 -> 28312.54 | H125: 2 | I125: 3 | J125: 3000 | K125: =J125/I125 -> 1000 | L125: 3 | M125: =F125/V125*60 -> 2705.1152 | N125: =M125/L125 -> 901.70506 | O125: =L125-I125 -> 0 | P125: =N125-K125 -> -98.294942 | Q125: =N125/K125 -> 0.90170506 | S125: 0.72430556 | T125: 0.75538194 | U125: 15 | V125: 44.759647 | AA125: =M125-J125 -> -294.88483 | AB125: =M125/J125 -> 0.90170506
B126: 18℃-飯糰 | C126: 二配三杯醬爆菇菇飯糰 | E126: 16.7 | F126: 376 | G126: =E126*F126 -> 6279.2 | H126: 2 | I126: 3 | J126: 3600 | K126: =J126/I126 -> 1200 | L126: 3 | M126: =F126/V126*60 -> 3198.6448 | N126: =M126/L126 -> 1066.2149 | O126: =L126-I126 -> 0 | P126: =N126-K126 -> -133.78508 | Q126: =N126/K126 -> 0.88851243 | S126: 0.76527778 | T126: 0.77017361 | U126: 15 | V126: 7.052987 | AA126: =M126-J126 -> -401.35524 | AB126: =M126/J126 -> 0.88851243
B127: 18℃-飯糰 | C127: 二配蔬食鮪魚飯糰 | E127: 18.18 | F127: 367 | G127: =E127*F127 -> 6672.06 | H127: 2 | I127: 3 | J127: 3600 | K127: =J127/I127 -> 1200 | L127: 3 | M127: =F127/V127*60 -> 3178.4032 | N127: =M127/L127 -> 1059.4677 | O127: =L127-I127 -> 0 | P127: =N127-K127 -> -140.53228 | Q127: =N127/K127 -> 0.88288977 | S127: 0.78055556 | T127: 0.7853588 | U127: 14.95 | V127: 6.9280072 | AA127: =M127-J127 -> -421.59683 | AB127: =M127/J127 -> 0.88288977
B128: 18℃-飯糰 | C128: 二配贅沢鮭魚肚飯糰 | E128: 30 | F128: 887 | G128: =E128*F128 -> 26610 | H128: 2 | I128: 4 | J128: 3600 | K128: =J128/I128 -> 900 | L128: 4 | M128: =F128/V128*60 -> 3188.52 | N128: =M128/L128 -> 797.13 | O128: =L128-I128 -> 0 | P128: =N128-K128 -> -102.87 | Q128: =N128/K128 -> 0.8857 | S128: 0.79513889 | T128: 0.80672454 | U128: 15 | V128: 16.691129 | AA128: =M128-J128 -> -411.48 | AB128: =M128/J128 -> 0.8857
B129: 18℃-飯糰 | C129: 二配鮪魚飯糰 | E129: 14.28 | F129: 2526 | G129: =E129*F129 -> 36071.28 | H129: 2 | I129: 3 | J129: 3600 | K129: =J129/I129 -> 1200 | L129: 3 | M129: =F129/V129*60 -> 3186.2045 | N129: =M129/L129 -> 1062.0682 | O129: =L129-I129 -> 0 | P129: =N129-K129 -> -137.93184 | Q129: =N129/K129 -> 0.8850568 | S129: 0.81666667 | T129: 0.84969907 | U129: 15 | V129: 47.567568 | AA129: =M129-J129 -> -413.79552 | AB129: =M129/J129 -> 0.8850568
B130: 18℃-飯糰 | C130: 二配壹號醬炙烤牛飯糰 | E130: 22.28 | F130: 1316 | G130: =E130*F130 -> 29320.48 | I130: 5 | J130: 3300 | K130: =J130/I130 -> 660 | L130: 5 | M130: =F130/V130*60 -> 2950.8705 | N130: =M130/L130 -> 590.1741 | O130: =L130-I130 -> 0 | P130: =N130-K130 -> -69.825897 | Q130: =N130/K130 -> 0.89420319 | S130: 0.85972222 | T130: 0.87829861 | U130: 15 | V130: 26.758206 | AA130: =M130-J130 -> -349.12948 | AB130: =M130/J130 -> 0.89420319
B131: 18℃-飯糰 | C131: 二配經典肉鬆飯糰 | E131: 14.03 | F131: 5354 | G131: =E131*F131 -> 75116.62 | I131: 3 | J131: 3000 | K131: =J131/I131 -> 1000 | L131: 3 | M131: =F131/V131*60 -> 2705.1152 | N131: =M131/L131 -> 901.70506 | O131: =L131-I131 -> 0 | P131: =N131-K131 -> -98.294942 | Q131: =N131/K131 -> 0.90170506 | S131: 0.88819444 | T131: 0.97065972 | U131: 15 | V131: 118.7528 | AA131: =M131-J131 -> -294.88483 | AB131: =M131/J131 -> 0.90170506
B132: 18℃-飯糰 | C132: 二配三杯醬爆菇菇飯糰 | E132: 16.7 | F132: 893 | G132: =E132*F132 -> 14913.1 | I132: 3 | J132: 3600 | K132: =J132/I132 -> 1200 | L132: 3 | M132: =F132/V132*60 -> 3198.6448 | N132: =M132/L132 -> 1066.2149 | O132: =L132-I132 -> 0 | P132: =N132-K132 -> -133.78508 | Q132: =N132/K132 -> 0.88851243 | S132: 0.98055556 | T132: 0.9921875 | U132: 15 | V132: 16.750844 | AA132: =M132-J132 -> -401.35524 | AB132: =M132/J132 -> 0.88851243
B133: 18℃-飯糰 | C133: 二配蔬食鮪魚飯糰 | E133: 18.18 | F133: 786 | G133: =E133*F133 -> 14289.48 | I133: 3 | J133: 3600 | K133: =J133/I133 -> 1200 | L133: 3 | M133: =F133/V133*60 -> 3178.4032 | N133: =M133/L133 -> 1059.4677 | O133: =L133-I133 -> 0 | P133: =N133-K133 -> -140.53228 | Q133: =N133/K133 -> 0.88288977 | S133: 1.0020833 | T133: 1.0123843 | U133: 15 | V133: 14.837639 | AA133: =M133-J133 -> -421.59683 | AB133: =M133/J133 -> 0.88288977
B134: 18℃-飯糰 | C134: 二配贅沢鮭魚肚飯糰 | E134: 30 | F134: 2186 | G134: =E134*F134 -> 65580 | I134: 4 | J134: 3600 | K134: =J134/I134 -> 900 | L134: 4 | M134: =F134/V134*60 -> 3188.52 | N134: =M134/L134 -> 797.13 | O134: =L134-I134 -> 0 | P134: =N134-K134 -> -102.87 | Q134: =N134/K134 -> 0.8857 | S134: 1.0222222 | T134: 1.050787 | U134: 15 | V134: 41.135072 | AA134: =M134-J134 -> -411.48 | AB134: =M134/J134 -> 0.8857
B135: 18℃-飯糰 | C135: 二配鮪魚飯糰 | E135: 14.28 | F135: 7082 | G135: =E135*F135 -> 101130.96 | I135: 3 | J135: 3600 | K135: =J135/I135 -> 1200 | L135: 3 | M135: =F135/V135*60 -> 3186.2045 | N135: =M135/L135 -> 1062.0682 | O135: =L135-I135 -> 0 | P135: =N135-K135 -> -137.93184 | Q135: =N135/K135 -> 0.8850568 | S135: 1.0611111 | T135: 1.1537153 | U135: 14.866667 | V135: 133.36244 | AA135: =M135-J135 -> -413.79552 | AB135: =M135/J135 -> 0.8850568
B140: 平均 | I140: =AVERAGE(I124:I139) -> 3.5 | J140: =AVERAGE(J124:J139) -> 3450 | K140: =J140/I140 -> 985.71429 | L140: =AVERAGE(L124:L139) -> 3.5 | M140: =AVERAGE(M124:M139) -> 3067.9597 | N140: =M140/L140 -> 876.55991 | O140: =L140-I140 -> 0 | P140: =N140-K140 -> -109.15438 | Q140: =N140/K140 -> 0.88926368 | S140: 0.70833333 | T140: 1.1537153 | AA140: =M140-J140 -> -382.04032 | AB140: =M140/J140 -> 0.88926368
A141: GKK3600型 飯糰機2 (二配) | B141: 18℃-飯糰 | C141: 二配芝麻香鬆飯糰 | E141: 18.18 | F141: 565 | G141: =E141*F141 -> 10271.7 | H141: 2 | I141: 3 | J141: 3000 | K141: =J141/I141 -> 1000 | L141: 3 | M141: =F141/V141*60 -> 2708.0387 | N141: =M141/L141 -> 902.67957 | O141: =L141-I141 -> 0 | P141: =N141-K141 -> -97.320428 | Q141: =N141/K141 -> 0.90267957 | R141: =Q157 -> 0.88761062 | S141: 0.70833333 | T141: 0.71702546 | V141: 12.518285 | AA141: =M141-J141 -> -291.96128 | AB141: =M141/J141 -> 0.90267957 | AC141: =AB157 -> 0.88761062
B142: 18℃-飯糰 | C142: 二配明太子龍蝦風味沙拉飯糰 | E142: 18.18 | F142: 917 | G142: =E142*F142 -> 16671.06 | H142: 2 | I142: 3 | J142: 3600 | K142: =J142/I142 -> 1200 | L142: 3 | M142: =F142/V142*60 -> 3179.3307 | N142: =M142/L142 -> 1059.7769 | O142: =L142-I142 -> 0 | P142: =N142-K142 -> -140.22309 | Q142: =N142/K142 -> 0.88314742 | S142: 0.72708333 | T142: 0.73909722 | U142: 15 | V142: 17.305529 | AA142: =M142-J142 -> -420.66928 | AB142: =M142/J142 -> 0.88314742
B143: 18℃-飯糰 | C143: 二配熟成紅鮭飯糰 | E143: 25.03 | F143: 624 | G143: =E143*F143 -> 15618.72 | H143: 2 | I143: 5 | J143: 3600 | K143: =J143/I143 -> 720 | L143: 5 | M143: =F143/V143*60 -> 3187.6175 | N143: =M143/L143 -> 637.5235 | O143: =L143-I143 -> 0 | P143: =N143-K143 -> -82.476502 | Q143: =N143/K143 -> 0.8854493 | S143: 0.74930556 | T143: 0.7574537 | U143: 14.7 | V143: 11.745449 | AA143: =M143-J143 -> -412.38251 | AB143: =M143/J143 -> 0.8854493
B144: 18℃-飯糰 | C144: 二配北海道秋鮭親子飯糰 | E144: 24.82 | F144: 835 | G144: =E144*F144 -> 20724.7 | H144: 2 | I144: 5 | J144: 3600 | K144: =J144/I144 -> 720 | L144: 5 | M144: =F144/V144*60 -> 3181.8318 | N144: =M144/L144 -> 636.36636 | O144: =L144-I144 -> 0 | P144: =N144-K144 -> -83.633644 | Q144: =N144/K144 -> 0.88384216 | S144: 0.76736111 | T144: 0.77828704 | U144: 15 | V144: 15.745647 | AA144: =M144-J144 -> -418.16822 | AB144: =M144/J144 -> 0.88384216
B145: 18℃-飯糰 | C145: 二配鹽蔥燒肉飯糰 | E145: 17.89 | F145: 1388 | G145: =E145*F145 -> 24831.32 | H145: 2 | I145: 4 | J145: 3600 | K145: =J145/I145 -> 900 | L145: 4 | M145: =F145/V145*60 -> 3189.1365 | N145: =M145/L145 -> 797.28412 | O145: =L145-I145 -> 0 | P145: =N145-K145 -> -102.71588 | Q145: =N145/K145 -> 0.88587125 | S145: 0.78819444 | T145: 0.80631944 | U145: 15 | V145: 26.113652 | AA145: =M145-J145 -> -410.86351 | AB145: =M145/J145 -> 0.88587125
B146: 18℃-飯糰 | C146: 二配雞肉飯飯糰 | E146: 16.66 | F146: 2191 | G146: =E146*F146 -> 36502.06 | H146: 2 | I146: 5 | J146: 3600 | K146: =J146/I146 -> 720 | L146: 5 | M146: =F146/V146*60 -> 3193.8679 | N146: =M146/L146 -> 638.77358 | O146: =L146-I146 -> 0 | P146: =N146-K146 -> -81.226421 | Q146: =N146/K146 -> 0.88718553 | S146: 0.81666667 | T146: 0.84524306 | U146: 14.9 | V146: 41.160124 | AA146: =M146-J146 -> -406.1321 | AB146: =M146/J146 -> 0.88718553
B147: 18℃-飯糰 | C147: 二配芝麻香鬆飯糰 | E147: 18.18 | F147: 1221 | G147: =E147*F147 -> 22197.78 | I147: 3 | J147: 3000 | K147: =J147/I147 -> 1000 | L147: 3 | M147: =F147/V147*60 -> 2708.0387 | N147: =M147/L147 -> 902.67957 | O147: =L147-I147 -> 0 | P147: =N147-K147 -> -97.320428 | Q147: =N147/K147 -> 0.90267957 | S147: 0.85555556 | T147: 0.87434028 | U147: 14.85 | V147: 27.052789 | AA147: =M147-J147 -> -291.96128 | AB147: =M147/J147 -> 0.90267957
B148: 18℃-飯糰 | C148: 二配明太子龍蝦風味沙拉飯糰 | E148: 18.18 | F148: 2433 | G148: =E148*F148 -> 44231.94 | I148: 3 | J148: 3600 | K148: =J148/I148 -> 1200 | L148: 3 | M148: =F148/V148*60 -> 3179.3307 | N148: =M148/L148 -> 1059.7769 | O148: =L148-I148 -> 0 | P148: =N148-K148 -> -140.22309 | Q148: =N148/K148 -> 0.88314742 | S148: 0.88472222 | T148: 0.91659722 | U148: 14.95 | V148: 45.915324 | AA148: =M148-J148 -> -420.66928 | AB148: =M148/J148 -> 0.88314742
B149: 18℃-飯糰 | C149: 二配熟成紅鮭飯糰 | E149: 25.03 | F149: 1410 | G149: =E149*F149 -> 35292.3 | I149: 5 | J149: 3600 | K149: =J149/I149 -> 720 | L149: 5 | M149: =F149/V149*60 -> 3187.6175 | N149: =M149/L149 -> 637.5235 | O149: =L149-I149 -> 0 | P149: =N149-K149 -> -82.476502 | Q149: =N149/K149 -> 0.8854493 | S149: 0.92638889 | T149: 0.94481481 | U149: 15 | V149: 26.540198 | AA149: =M149-J149 -> -412.38251 | AB149: =M149/J149 -> 0.8854493
B150: 18℃-飯糰 | C150: 二配北海道秋鮭親子飯糰 | E150: 24.82 | F150: 1941 | G150: =E150*F150 -> 48175.62 | I150: 5 | J150: 3600 | K150: =J150/I150 -> 720 | L150: 5 | M150: =F150/V150*60 -> 3181.8318 | N150: =M150/L150 -> 636.36636 | O150: =L150-I150 -> 0 | P150: =N150-K150 -> -83.633644 | Q150: =N150/K150 -> 0.88384216 | S150: 0.95486111 | T150: 0.98027778 | U150: 15 | V150: 36.601558 | AA150: =M150-J150 -> -418.16822 | AB150: =M150/J150 -> 0.88384216
B151: 18℃-飯糰 | C151: 二配鹽蔥燒肉飯糰 | E151: 17.89 | F151: 3894 | G151: =E151*F151 -> 69663.66 | I151: 4 | J151: 3600 | K151: =J151/I151 -> 900 | L151: 4 | M151: =F151/V151*60 -> 3189.1365 | N151: =M151/L151 -> 797.28412 | O151: =L151-I151 -> 0 | P151: =N151-K151 -> -102.71588 | Q151: =N151/K151 -> 0.88587125 | S151: 0.99027778 | T151: 1.0411458 | U151: 15 | V151: 73.26121 | AA151: =M151-J151 -> -410.86351 | AB151: =M151/J151 -> 0.88587125
B152: 18℃-飯糰 | C152: 二配雞肉飯飯糰 | E152: 16.66 | F152: 5935 | G152: =E152*F152 -> 98877.1 | I152: 5 | J152: 3600 | K152: =J152/I152 -> 720 | L152: 5 | M152: =F152/V152*60 -> 3193.8679 | N152: =M152/L152 -> 638.77358 | O152: =L152-I152 -> 0 | P152: =N152-K152 -> -81.226421 | Q152: =N152/K152 -> 0.88718553 | S152: 1.0513889 | T152: 1.1288079 | U152: 14.75 | V152: 111.49491 | AA152: =M152-J152 -> -406.1321 | AB152: =M152/J152 -> 0.88718553
B157: 平均 | I157: =AVERAGE(I141:I156) -> 4.1666667 | J157: =AVERAGE(J141:J156) -> 3500 | K157: =J157/I157 -> 840 | L157: =AVERAGE(L141:L156) -> 4.1666667 | M157: =AVERAGE(M141:M156) -> 3106.6372 | N157: =M157/L157 -> 745.59292 | O157: =L157-I157 -> 0 | P157: =N157-K157 -> -94.407076 | Q157: =N157/K157 -> 0.88761062 | S157: 0.70833333 | T157: 1.1288079 | AA157: =M157-J157 -> -393.36282 | AB157: =M157/J157 -> 0.88761062
Y159: 原因回覆
Y160: 1.當日出勤人數較多
Y161: 2.當日出勤人數較少
Y162: 3.當日出勤熟手較多
Y163: 4.當日出勤新人較多
Y164: 5.機台夾盒
Y165: 6.封膜不順
Y166: 7.更換膠膜
Y167: 8.更換碳帶
Y168: 9.當日熱轉印碳帶異常
Y169: 10.訂單量過少
Y170: 11.新品上市，尚未熟悉
Y171: 12.活動期間品項需貼標

Sheet 0429(4度C)
A1: 大溪廠日報分析 | C1: 總生產量 | D1: =SUM(F5:F140) -> 68107 | E1: 營業額 | F1: =SUM(G5:G140) -> 3108106.2 | G1: 出勤人數 | H1: =L21+L38+L55+L72+L89+L106+L123+L140 -> 156.28333 | I1: 產線配置圖 | L1: 生產實績 | O1: 人時性差異分析 | S1: 日報登錄 | Y1: 合計次數 | Z1: 合計(時間/分) | AA1: 產線異常 分析說明(5分鐘以上) | AC1: 合計次數 | AD1: 合計(時間/分) | AE1: 產能差異分析
A2: 46141 | C2: 人時性 | D2: =AVERAGE(N21,N38,N55,N72,N89,N106,N123,N140) -> 126.47384 | E2: 平均廠價 | F2: =F1/D1 -> 45.635636 | G2: 多次生產數 | H2: =COUNT(H5:H140) -> 0 | Y2: =SUM(Y21,Y38,Y55,Y72,Y89,Y106,Y123,Y140) -> 0 | Z2: =SUM(Z21,Z38,Z55,Z72,Z89,Z106,Z123,Z140) -> 0 | AC2: =SUM(AC21,AC38,AC55,AC72,AC89,AC106,AC123,AC140) -> 59 | AD2: =SUM(AD21,AD38,AD55,AD72,AD89,AD106,AD123,AD140) -> 0
A3: 線別 | B3: 品類 | C3: 品名 | E3: 廠價 | F3: 生產量 | G3: 營收 | H3: 多次 生產 | I3: 人數 | J3: 產能/時 | K3: 人時性 | L3: 人數 | M3: 產能/時 | N3: 人時性 | O3: 人數 | P3: 人時性 | Q3: 達成率 | R3: 達成率 平均 | S3: 生產時間 | U3: 換線、休息/分 | V3: 稼動時間/分 | W3: 休息時間 | Y3: 產線異常統計(5分鐘以上) | AA3: (屏榮回填) | AC3: 短暫停線統計(5分鐘以下) | AE3: 產能/時 | AF3: 達成率 | AG3: 達成率平均
S4: 開始 | T4: 結束 | W4: 開始 | X4: 結束 | Y4: 次數 | Z4: 時間/分 | AC4: 總次數 | AD4: 設備因素(次數)
A5: 便當二線 | B5: 微波主食 | C5: 糖燻野郎三十天熟成牛飯 | E5: 56.77 | F5: 3075 | G5: =E5*F5 -> 174567.75 | I5: 24 | J5: 2000 | K5: =J5/I5 -> 83.333333 | L5: 24 | M5: =F5/V5*60 -> 1780.3585 | N5: =M5/L5 -> 74.181605 | O5: =L5-I5 -> 0 | P5: =N5-K5 -> -9.1517286 | Q5: =N5/K5 -> 0.89017926 | R5: =Q21 -> 0.89337041 | S5: 0.29166667 | T5: 0.36362269 | V5: 103.63081 | AC5: 3 | AE5: =M5-J5 -> -219.64149 | AF5: =M5/J5 -> 0.89017926 | AG5: =AF21 -> 0.89337041
B6: 便當 | C6: 健身G肉餐盒 | E6: 59.52 | F6: 4698 | G6: =E6*F6 -> 279624.96 | I6: 24 | J6: 2000 | K6: =J6/I6 -> 83.333333 | L6: 24 | M6: =F6/V6*60 -> 1789.9998 | N6: =M6/L6 -> 74.583324 | O6: =L6-I6 -> 0 | P6: =N6-K6 -> -8.7500098 | Q6: =N6/K6 -> 0.89499988 | S6: 0.36736111 | T6: 0.47671296 | U6: 5.3833333 | V6: 157.47488 | W6: 0.47671296 | X6: 0.51597222 | AC6: 5 | AE6: =M6-J6 -> -210.00024 | AF6: =M6/J6 -> 0.89499988
B7: 便當 | C7: 嫩烤香料雞胸排蔬滿盒 | E7: 77.34 | F7: 2276 | G7: =E7*F7 -> 176025.84 | I7: 23 | J7: 2000 | K7: =J7/I7 -> 86.956522 | L7: 23 | M7: =F7/V7*60 -> 1789.8642 | N7: =M7/L7 -> 77.820181 | O7: =L7-I7 -> 0 | P7: =N7-K7 -> -9.1363404 | Q7: =N7/K7 -> 0.89493209 | S7: 0.51597222 | T7: 0.56894676 | U7: 56.533333 | V7: 76.296292 | AC7: 2 | AE7: =M7-J7 -> -210.13583 | AF7: =M7/J7 -> 0.89493209
B21: 平均 | I21: =AVERAGE(I5:I20) -> 23.666667 | J21: =AVERAGE(J5:J20) -> 2000 | K21: =J21/I21 -> 84.507042 | L21: =AVERAGE(L5:L20) -> 23.666667 | M21: =AVERAGE(M5:M20) -> 1786.7408 | N21: =M21/L21 -> 75.496091 | O21: =L21-I21 -> 0 | P21: =N21-K21 -> -9.0109514 | Q21: =N21/K21 -> 0.89337041 | S21: 0.29166667 | T21: 0.56894676 | Y21: =SUM(Y5:Y20) -> 0 | Z21: =SUM(Z5:Z20) -> 0 | AC21: =SUM(AC5:AC20) -> 10 | AD21: =SUM(AD5:AD20) -> 0 | AE21: =M21-J21 -> -213.25918 | AF21: =M21/J21 -> 0.89337041
A22: 涼麵一線 | B22: 便當 | C22: 香腸腿排雙拼便當 | E22: 53.76 | F22: 3075 | G22: =E22*F22 -> 165312 | I22: 20 | J22: 2000 | K22: =J22/I22 -> 100 | L22: 20 | M22: =F22/V22*60 -> 1786.8066 | N22: =M22/L22 -> 89.340328 | O22: =L22-I22 -> 0 | P22: =N22-K22 -> -10.659672 | Q22: =N22/K22 -> 0.89340328 | R22: =Q38 -> 0.89777486 | S22: 0.25 | T22: 0.32170139 | V22: 103.25684 | AC22: 2 | AE22: =M22-J22 -> -213.19345 | AF22: =M22/J22 -> 0.89340328 | AG22: =AF38 -> 0.90616527
B23: 便當 | C23: 經典滷肉飯 | E23: 47.37 | F23: 1516 | G23: =E23*F23 -> 71812.92 | I23: 21 | J23: 2000 | K23: =J23/I23 -> 95.238095 | L23: 21 | M23: =F23/V23*60 -> 1786.8 | N23: =M23/L23 -> 85.085714 | O23: =L23-I23 -> 0 | P23: =N23-K23 -> -10.152381 | Q23: =N23/K23 -> 0.8934 | S23: 0.325 | T23: 0.36034722 | U23: 4.75 | V23: 50.906649 | AC23: 1 | AE23: =M23-J23 -> -213.2 | AF23: =M23/J23 -> 0.8934
B24: 便當 | C24: 海陸雙拼肉肉餐盒 | E24: 59.54 | F24: 2622 | G24: =E24*F24 -> 156113.88 | I24: 23 | J24: 2000 | K24: =J24/I24 -> 86.956522 | L24: 23 | M24: =F24/V24*60 -> 1790.4495 | N24: =M24/L24 -> 77.845629 | O24: =L24-I24 -> 0 | P24: =N24-K24 -> -9.1108927 | Q24: =N24/K24 -> 0.89522473 | S24: 0.36388889 | T24: 0.42489583 | U24: 5.1 | V24: 87.866205 | AC24: 3 | AE24: =M24-J24 -> -209.55053 | AF24: =M24/J24 -> 0.89522473
B25: 便當 | C25: 蔬活腿排補力餐盒 | E25: 71.55 | F25: 2243 | G25: =E25*F25 -> 160486.65 | I25: 22 | J25: 2000 | K25: =J25/I25 -> 90.909091 | L25: 22 | M25: =F25/V25*60 -> 1786.8327 | N25: =M25/L25 -> 81.219667 | O25: =L25-I25 -> 0 | P25: =N25-K25 -> -9.6894239 | Q25: =N25/K25 -> 0.89341634 | S25: 0.42847222 | T25: 0.48077546 | U25: 5.15 | V25: 75.317629 | W25: 0.48077546 | X25: 0.51944444 | AC25: 3 | AE25: =M25-J25 -> -213.16732 | AF25: =M25/J25 -> 0.89341634
B26: 4℃-飯糰 | C26: 麻油雞飯糰 | E26: 29.97 | F26: 2601 | G26: =E26*F26 -> 77951.97 | I26: 21 | J26: 2790 | K26: =J26/I26 -> 132.85714 | L26: 22 | M26: =F26/V26*60 -> 2626.6346 | N26: =M26/L26 -> 119.39248 | O26: =L26-I26 -> 1 | P26: =N26-K26 -> -13.46466 | Q26: =N26/K26 -> 0.89865309 | S26: 0.51944444 | T26: 0.56069444 | U26: 55.683333 | V26: 59.414431 | AC26: 2 | AE26: =M26-J26 -> -163.36538 | AF26: =M26/J26 -> 0.9414461
B38: 平均 | I38: =AVERAGE(I22:I37) -> 21.4 | J38: =AVERAGE(J22:J37) -> 2158 | K38: =J38/I38 -> 100.84112 | L38: =AVERAGE(L22:L37) -> 21.6 | M38: =AVERAGE(M22:M37) -> 1955.5047 | N38: =M38/L38 -> 90.532623 | O38: =L38-I38 -> 0.2 | P38: =N38-K38 -> -10.308498 | Q38: =N38/K38 -> 0.89777486 | S38: 0.25 | T38: 0.56069444 | Y38: =SUM(Y22:Y37) -> 0 | Z38: =SUM(Z22:Z37) -> 0 | AC38: =SUM(AC22:AC37) -> 11 | AD38: =SUM(AD22:AD37) -> 0 | AE38: =M38-J38 -> -202.49534 | AF38: =M38/J38 -> 0.90616527
A39: 涼麵二線 | B39: 微波小吃 | C39: 日式茶碗蒸 | E39: 19.7 | F39: 3207 | G39: =E39*F39 -> 63177.9 | I39: 13 | J39: 1200 | K39: =J39/I39 -> 92.307692 | L39: 13 | M39: =F39/V39*60 -> 1080.2419 | N39: =M39/L39 -> 83.095532 | O39: =L39-I39 -> 0 | P39: =N39-K39 -> -9.2121608 | Q39: =N39/K39 -> 0.90020159 | R39: =Q55 -> 0.8949169 | S39: 0.25 | T39: 0.37369213 | V39: 178.12677 | AC39: 5 | AE39: =M39-J39 -> -119.75809 | AF39: =M39/J39 -> 0.90020159 | AG39: =AF55 -> 0.8949169
B40: 便當 | C40: 香檸奶油魚排蔬滿盒 | E40: 77.35 | F40: 1629 | G40: =E40*F40 -> 126003.15 | I40: 26 | J40: 2000 | K40: =J40/I40 -> 76.923077 | L40: 26 | M40: =F40/V40*60 -> 1790.5662 | N40: =M40/L40 -> 68.867931 | O40: =L40-I40 -> 0 | P40: =N40-K40 -> -8.0551461 | Q40: =N40/K40 -> 0.8952831 | S40: 0.37777778 | T40: 0.41568287 | U40: 5.8833333 | V40: 54.586086 | AC40: 1 | AE40: =M40-J40 -> -209.4338 | AF40: =M40/J40 -> 0.8952831
B41: 便當 | C41: 美式雞丁餐盒 | E41: 59.34 | F41: 1527 | G41: =E41*F41 -> 90612.18 | I41: 24 | J41: 2000 | K41: =J41/I41 -> 83.333333 | L41: 24 | M41: =F41/V41*60 -> 1786.8165 | N41: =M41/L41 -> 74.450687 | O41: =L41-I41 -> 0 | P41: =N41-K41 -> -8.882646 | Q41: =N41/K41 -> 0.89340825 | S41: 0.41944444 | T41: 0.4550463 | U41: 5.4166667 | V41: 51.275551 | W41: 0.4550463 | X41: 0.49305556 | AC41: 1 | AE41: =M41-J41 -> -213.1835 | AF41: =M41/J41 -> 0.89340825
B42: 便當 | C42: 烤蛋白餐盒 | E42: 58.67 | F42: 3537 | G42: =E42*F42 -> 207515.79 | I42: 23 | J42: 2000 | K42: =J42/I42 -> 86.956522 | L42: 23 | M42: =F42/V42*60 -> 1785.7771 | N42: =M42/L42 -> 77.642481 | O42: =L42-I42 -> 0 | P42: =N42-K42 -> -9.3140406 | Q42: =N42/K42 -> 0.89288853 | S42: 0.49305556 | T42: 0.5755787 | U42: 54.733333 | V42: 118.83902 | AC42: 3 | AE42: =M42-J42 -> -214.22293 | AF42: =M42/J42 -> 0.89288853
B55: 平均 | I55: =AVERAGE(I39:I54) -> 21.5 | J55: =AVERAGE(J39:J54) -> 1800 | K55: =J55/I55 -> 83.72093 | L55: =AVERAGE(L39:L54) -> 21.5 | M55: =AVERAGE(M39:M54) -> 1610.8504 | N55: =M55/L55 -> 74.923275 | O55: =L55-I55 -> 0 | P55: =N55-K55 -> -8.797655 | Q55: =N55/K55 -> 0.8949169 | S55: 0.25 | T55: 0.5755787 | Y55: =SUM(Y39:Y54) -> 0 | Z55: =SUM(Z39:Z54) -> 0 | AC55: =SUM(AC39:AC54) -> 10 | AD55: =SUM(AD39:AD54) -> 0 | AE55: =M55-J55 -> -189.14958 | AF55: =M55/J55 -> 0.8949169
A56: 涼麵三線 | B56: 季節調理麵 | C56: 和風涓絲冷麵 | E56: 28.86 | F56: 2570 | G56: =E56*F56 -> 74170.2 | I56: 19 | J56: 3600 | K56: =J56/I56 -> 189.47368 | L56: 19 | M56: =F56/V56*60 -> 3172.4271 | N56: =M56/L56 -> 166.96985 | O56: =L56-I56 -> 0 | P56: =N56-K56 -> -22.503835 | Q56: =N56/K56 -> 0.88122976 | R56: =Q72 -> 0.88204196 | S56: 0.25 | T56: 0.28375 | V56: 48.606317 | AC56: 1 | AE56: =M56-J56 -> -427.57287 | AF56: =M56/J56 -> 0.88122976 | AG56: =AF72 -> 0.88204196
B57: 季節調理麵 | C57: 台式麻醬涼麵 | E57: 31.11 | F57: 2923 | G57: =E57*F57 -> 90934.53 | I57: 19 | J57: 3600 | K57: =J57/I57 -> 189.47368 | L57: 19 | M57: =F57/V57*60 -> 3170.5761 | N57: =M57/L57 -> 166.87243 | O57: =L57-I57 -> 0 | P57: =N57-K57 -> -22.601258 | Q57: =N57/K57 -> 0.88071558 | S57: 0.2875 | T57: 0.32590278 | U57: 5.4 | V57: 55.314869 | AC57: 1 | AE57: =M57-J57 -> -429.42391 | AF57: =M57/J57 -> 0.88071558
B58: 季節調理麵 | C58: 鰹魚烏龍冷麵 | E58: 38.99 | F58: 4327 | G58: =E58*F58 -> 168709.73 | I58: 19 | J58: 3600 | K58: =J58/I58 -> 189.47368 | L58: 19 | M58: =F58/V58*60 -> 3018.6806 | N58: =M58/L58 -> 158.87792 | O58: =L58-I58 -> 0 | P58: =N58-K58 -> -30.59576 | Q58: =N58/K58 -> 0.83852238 | S58: 0.32916667 | T58: 0.38888889 | U58: 4.7 | V58: 86.004463 | AC58: 3 | AE58: =M58-J58 -> -581.31944 | AF58: =M58/J58 -> 0.83852238
B59: 季節調理麵 | C59: 大滿足香辣涼麵 | E59: 38.48 | F59: 4132 | G59: =E59*F59 -> 158999.36 | I59: 20 | J59: 3600 | K59: =J59/I59 -> 180 | L59: 20 | M59: =F59/V59*60 -> 3255.9316 | N59: =M59/L59 -> 162.79658 | O59: =L59-I59 -> 0 | P59: =N59-K59 -> -17.203421 | Q59: =N59/K59 -> 0.90442544 | S59: 0.39236111 | T59: 0.44523148 | U59: 5 | V59: 76.144106 | W59: 0.44523148 | X59: 0.48472222 | AC59: 2 | AE59: =M59-J59 -> -344.06842 | AF59: =M59/J59 -> 0.90442544
B60: 季節調理麵 | C60: 大滿足麻醬涼麵 | E60: 37.8 | F60: 5109 | G60: =E60*F60 -> 193120.2 | I60: 21 | J60: 3600 | K60: =J60/I60 -> 171.42857 | L60: 21 | M60: =F60/V60*60 -> 3259.1399 | N60: =M60/L60 -> 155.19714 | O60: =L60-I60 -> 0 | P60: =N60-K60 -> -16.231433 | Q60: =N60/K60 -> 0.90531664 | S60: 0.48472222 | T60: 0.55003472 | U60: 56.866667 | V60: 94.05549 | AC60: 2 | AE60: =M60-J60 -> -340.8601 | AF60: =M60/J60 -> 0.90531664
B72: 平均 | I72: =AVERAGE(I56:I71) -> 19.6 | J72: =AVERAGE(J56:J71) -> 3600 | K72: =J72/I72 -> 183.67347 | L72: =AVERAGE(L56:L71) -> 19.6 | M72: =AVERAGE(M56:M71) -> 3175.3511 | N72: =M72/L72 -> 162.00771 | O72: =L72-I72 -> 0 | P72: =N72-K72 -> -21.665763 | Q72: =N72/K72 -> 0.88204196 | S72: 0.25 | T72: 0.55003472 | Y72: =SUM(Y56:Y71) -> 0 | Z72: =SUM(Z56:Z71) -> 0 | AC72: =SUM(AC56:AC71) -> 9 | AD72: =SUM(AD56:AD71) -> 0 | AE72: =M72-J72 -> -424.64895 | AF72: =M72/J72 -> 0.88204196
A73: 自動包裝機3 | B73: 4℃-飯糰 | C73: 蟹味可樂餅風炸飯糰 | E73: 21.92 | F73: 847 | G73: =E73*F73 -> 18566.24 | I73: 6 | J73: 3600 | K73: =J73/I73 -> 600 | L73: 6 | M73: =F73/V73*60 -> 3257.7408 | N73: =M73/L73 -> 542.9568 | O73: =L73-I73 -> 0 | P73: =N73-K73 -> -57.043201 | Q73: =N73/K73 -> 0.904928 | R73: =Q89 -> 0.89737578 | S73: 0.29166667 | T73: 0.30248843 | V73: 15.599768 | AC73: 1 | AE73: =M73-J73 -> -342.25921 | AF73: =M73/J73 -> 0.904928 | AG73: =AF89 -> 0.89737578
B74: 4℃-壽司手卷 | C74: 元氣三重稻荷組 | E74: 30.36 | F74: 1825 | G74: =E74*F74 -> 55407 | I74: 11 | J74: 3000 | K74: =J74/I74 -> 272.72727 | L74: 11 | M74: =F74/V74*60 -> 2651.818 | N74: =M74/L74 -> 241.07436 | O74: =L74-I74 -> 0 | P74: =N74-K74 -> -31.652908 | Q74: =N74/K74 -> 0.88393934 | S74: 0.30625 | T74: 0.33491898 | U74: 5.4166667 | V74: 41.292426 | AC74: 2 | AE74: =M74-J74 -> -348.18199 | AF74: =M74/J74 -> 0.88393934
B75: 4℃-壽司手卷 | C75: 山葵生鮪魚泥脆卷 | E75: 23.19 | F75: 1801 | G75: =E75*F75 -> 41765.19 | I75: 6 | J75: 2500 | K75: =J75/I75 -> 416.66667 | L75: 6 | M75: =F75/V75*60 -> 2249.181 | N75: =M75/L75 -> 374.8635 | O75: =L75-I75 -> 0 | P75: =N75-K75 -> -41.803162 | Q75: =N75/K75 -> 0.89967241 | S75: 0.33888889 | T75: 0.37224537 | U75: 5.7166667 | V75: 48.044154 | AC75: 1 | AE75: =M75-J75 -> -250.81897 | AF75: =M75/J75 -> 0.89967241
B76: 4℃-壽司手卷 | C76: 醬油生鮭脆卷 | E76: 23.55 | F76: 1964 | G76: =E76*F76 -> 46252.2 | I76: 6 | J76: 2500 | K76: =J76/I76 -> 416.66667 | L76: 6 | M76: =F76/V76*60 -> 2250.8192 | N76: =M76/L76 -> 375.13653 | O76: =L76-I76 -> 0 | P76: =N76-K76 -> -41.530135 | Q76: =N76/K76 -> 0.90032768 | S76: 0.37638889 | T76: 0.41274306 | U76: 5.9666667 | V76: 52.354272 | AC76: 2 | AE76: =M76-J76 -> -249.18081 | AF76: =M76/J76 -> 0.90032768
B89: 平均 | I89: =AVERAGE(I73:I88) -> 7.25 | J89: =AVERAGE(J73:J88) -> 2900 | K89: =J89/I89 -> 400 | L89: =AVERAGE(L73:L88) -> 7.25 | M89: =AVERAGE(M73:M88) -> 2602.3898 | N89: =M89/L89 -> 358.95031 | O89: =L89-I89 -> 0 | P89: =N89-K89 -> -41.049689 | Q89: =N89/K89 -> 0.89737578 | S89: 0.29166667 | T89: 0.41274306 | Y89: =SUM(Y73:Y88) -> 0 | Z89: =SUM(Z73:Z88) -> 0 | AC89: =SUM(AC73:AC88) -> 6 | AD89: =SUM(AD73:AD88) -> 0 | AE89: =M89-J89 -> -297.61024 | AF89: =M89/J89 -> 0.89737578
A90: 便當二線 (二配) | B90: 微波主食 | C90: 二配鐵板豆腐燴蛋蓋飯 | E90: 44.98 | F90: 1539 | G90: =E90*F90 -> 69224.22 | I90: 21 | J90: 1800 | K90: =J90/I90 -> 85.714286 | L90: 21 | M90: =F90/V90*60 -> 1604.8524 | N90: =M90/L90 -> 76.421541 | O90: =L90-I90 -> 0 | P90: =N90-K90 -> -9.2927446 | Q90: =N90/K90 -> 0.89158465 | R90: =Q106 -> 0.89158465 | S90: 0.70833333 | T90: 0.74828704 | V90: 57.538003 | AC90: 2 | AE90: =M90-J90 -> -195.14764 | AF90: =M90/J90 -> 0.89158465 | AG90: =AF106 -> 0.89158465
B106: 平均 | I106: =AVERAGE(I90:I105) -> 21 | J106: =AVERAGE(J90:J105) -> 1800 | K106: =J106/I106 -> 85.714286 | L106: =AVERAGE(L90:L105) -> 21 | M106: =AVERAGE(M90:M105) -> 1604.8524 | N106: =M106/L106 -> 76.421541 | O106: =L106-I106 -> 0 | P106: =N106-K106 -> -9.2927446 | Q106: =N106/K106 -> 0.89158465 | S106: 0.70833333 | T106: 0.74828704 | Y106: =SUM(Y90:Y105) -> 0 | Z106: =SUM(Z90:Z105) -> 0 | AC106: =SUM(AC90:AC105) -> 2 | AD106: =SUM(AD90:AD105) -> 0 | AE106: =M106-J106 -> -195.14764 | AF106: =M106/J106 -> 0.89158465
A107: 涼麵一線 (二配) | B107: 微波主食 | C107: 二配濃起司燻腸紅醬焗烤飯 | E107: 50.67 | F107: 1374 | G107: =E107*F107 -> 69620.58 | I107: 20 | J107: 2000 | K107: =J107/I107 -> 100 | L107: 20 | M107: =F107/V107*60 -> 1785.661 | N107: =M107/L107 -> 89.28305 | O107: =L107-I107 -> 0 | P107: =N107-K107 -> -10.71695 | Q107: =N107/K107 -> 0.8928305 | R107: =Q123 -> 0.87725389 | S107: 0.70833333 | T107: 0.74039352 | V107: 46.167778 | AC107: 2 | AE107: =M107-J107 -> -214.339 | AF107: =M107/J107 -> 0.8928305 | AG107: =AF123 -> 0.89320396
B108: 微波主食 | C108: 二配失控起司薯餅焗飯 | E108: 54.09 | F108: 801 | G108: =E108*F108 -> 43326.09 | I108: 19 | J108: 2000 | K108: =J108/I108 -> 105.26316 | L108: 20 | M108: =F108/V108*60 -> 1786 | N108: =M108/L108 -> 89.3 | O108: =L108-I108 -> 1 | P108: =N108-K108 -> -15.963158 | Q108: =N108/K108 -> 0.84835 | S108: 0.74444444 | T108: 0.763125 | U108: 5.8333333 | V108: 26.909295 | AC108: 1 | AE108: =M108-J108 -> -214 | AF108: =M108/J108 -> 0.893
B109: 微波主食 | C109: 二配打拋風味豆腐飯 | E109: 38.39 | F109: 2701 | G109: =E109*F109 -> 103691.39 | I109: 16 | J109: 2000 | K109: =J109/I109 -> 125 | L109: 16 | M109: =F109/V109*60 -> 1787.5628 | N109: =M109/L109 -> 111.72267 | O109: =L109-I109 -> 0 | P109: =N109-K109 -> -13.277327 | Q109: =N109/K109 -> 0.89378139 | S109: 0.76597222 | T109: 0.82892361 | U109: 5 | V109: 90.659753 | AC109: 4 | AE109: =M109-J109 -> -212.43723 | AF109: =M109/J109 -> 0.89378139
B123: 平均 | I123: =AVERAGE(I107:I122) -> 18.333333 | J123: =AVERAGE(J107:J122) -> 2000 | K123: =J123/I123 -> 109.09091 | L123: =AVERAGE(L107:L122) -> 18.666667 | M123: =AVERAGE(M107:M122) -> 1786.4079 | N123: =M123/L123 -> 95.700425 | O123: =L123-I123 -> 0.33333333 | P123: =N123-K123 -> -13.390485 | Q123: =N123/K123 -> 0.87725389 | S123: 0.70833333 | T123: 0.82892361 | Y123: =SUM(Y107:Y122) -> 0 | Z123: =SUM(Z107:Z122) -> 0 | AC123: =SUM(AC107:AC122) -> 7 | AD123: =SUM(AD107:AD122) -> 0 | AE123: =M123-J123 -> -213.59208 | AF123: =M123/J123 -> 0.89320396
A124: 涼麵二線 (二配) | B124: 微波主食 | C124: 二配哞哞培根奶香海陸焗飯 | E124: 47.6 | F124: 1395 | G124: =E124*F124 -> 66402 | I124: 23 | J124: 2000 | K124: =J124/I124 -> 86.956522 | L124: 23 | M124: =F124/V124*60 -> 1785.4552 | N124: =M124/L124 -> 77.628489 | O124: =L124-I124 -> 0 | P124: =N124-K124 -> -9.3280327 | Q124: =N124/K124 -> 0.89272762 | R124: =Q140 -> 0.89422526 | S124: 0.70833333 | T124: 0.74087963 | V124: 46.8788 | AC124: 1 | AE124: =M124-J124 -> -214.54475 | AF124: =M124/J124 -> 0.89272762 | AG124: =AF140 -> 0.89422526
B125: 微波主食 | C125: 二配黃金雞排蘑菇白醬歐姆蛋飯 | E125: 56.87 | F125: 1223 | G125: =E125*F125 -> 69552.01 | I125: 23 | J125: 2000 | K125: =J125/I125 -> 86.956522 | L125: 23 | M125: =F125/V125*60 -> 1787.8213 | N125: =M125/L125 -> 77.731361 | O125: =L125-I125 -> 0 | P125: =N125-K125 -> -9.225161 | Q125: =N125/K125 -> 0.89391065 | S125: 0.74444444 | T125: 0.77293981 | U125: 5.1333333 | V125: 41.044371 | AC125: 1 | AE125: =M125-J125 -> -212.1787 | AF125: =M125/J125 -> 0.89391065
B126: 微波主食 | C126: 二配里肌豬排可可咖哩歐姆蛋飯 | E126: 56.79 | F126: 1570 | G126: =E126*F126 -> 89160.3 | I126: 23 | J126: 2000 | K126: =J126/I126 -> 86.956522 | L126: 23 | M126: =F126/V126*60 -> 1792.075 | N126: =M126/L126 -> 77.916306 | O126: =L126-I126 -> 0 | P126: =N126-K126 -> -9.0402161 | Q126: =N126/K126 -> 0.89603752 | S126: 0.77708333 | T126: 0.81357639 | U126: 5.9666667 | V126: 52.564763 | AC126: 2 | AE126: =M126-J126 -> -207.92497 | AF126: =M126/J126 -> 0.89603752
B140: 平均 | I140: =AVERAGE(I124:I139) -> 23 | J140: =AVERAGE(J124:J139) -> 2000 | K140: =J140/I140 -> 86.956522 | L140: =AVERAGE(L124:L139) -> 23 | M140: =AVERAGE(M124:M139) -> 1788.4505 | N140: =M140/L140 -> 77.758718 | O140: =L140-I140 -> 0 | P140: =N140-K140 -> -9.1978033 | Q140: =N140/K140 -> 0.89422526 | S140: 0.70833333 | T140: 0.81357639 | Y140: =SUM(Y124:Y139) -> 0 | Z140: =SUM(Z124:Z139) -> 0 | AC140: =SUM(AC124:AC139) -> 4 | AD140: =SUM(AD124:AD139) -> 0 | AE140: =M140-J140 -> -211.54947 | AF140: =M140/J140 -> 0.89422526
AA142: 原因回覆
AA143: 1.當日出勤人數較多
AA144: 2.當日出勤人數較少
AA145: 3.當日出勤熟手較多
AA146: 4.當日出勤新人較多
AA147: 5.機台夾盒
AA148: 6.封膜不順
AA149: 7.更換膠膜
AA150: 8.更換碳帶
AA151: 9.當日熱轉印碳帶異常
AA152: 10.訂單量過少
AA153: 11.新品上市，尚未熟悉
AA154: 12.活動期間品項需貼標

Sheet 0428
B1: 屏榮 大溪廠組合室生產人時性分析
B3: 日期 | C3: 115.04.28星期二 | E3: 訂單量 | F3: ='0428(18度C)'!D1+'0428(4度C)'!D1 -> 214895 | H3: 營業額 | I3: ='0428(18度C)'!F1+'0428(4度C)'!F1 -> 6434818.3
B4: 人時性 | C4: 項目 | E4: ➀ | G4: ➁ | I4: ➂ | K4: ④ | M4: ⑤ | O4: 異常停線 | Q4: 短暫停線
C5: 組合室 | E5: 全溫層 | G5: 4度C-各編組展開(一配) | I5: 4度C-各編組展開(二配) | K5: 18度C-各編組展開(一配) | M5: 18度C-各編組展開(二配) | O5: 合計次數 | P5: 時間 | Q5: 合計次數 | R5: 設備次數
C6: 排關平均 | E6: =AVERAGE(D14:O14,D32:X32) -> 448.12977 | F6: =AVERAGE(#REF!,D14:K14) -> #REF! | G6: =AVERAGE(D14:K14) -> 170.54851 | I6: =AVERAGE(L14:O14) -> 93.920572 | K6: =AVERAGE(D32:O32) -> 718.21912 | M6: =AVERAGE(P32:X32) -> 723.15154 | O6: ='0428(4度C)'!Y2 -> 0 | P6: ='0428(4度C)'!Z2 -> 0 | Q6: ='0428(4度C)'!AC2 -> 70 | R6: ='0428(4度C)'!AD2 -> 0
C7: 實績平均 | E7: =AVERAGE(D15:O15,D33:X33) -> 399.7543 | F7: =AVERAGE(#REF!,D15:K15) -> #REF! | G7: =AVERAGE(D15:K15) -> 152.25819 | I7: =AVERAGE(L15:O15) -> 83.301125 | K7: =AVERAGE(D33:O33) -> 641.14252 | M7: =AVERAGE(P33:X33) -> 644.72907
C8: 達成率平均 | E8: =AVERAGE(D16:O16,D34:X34) -> 0.89101612 | F8: =AVERAGE(D16:K16,#REF!) -> #REF! | G8: =AVERAGE(D16:K16) -> 0.89242873 | I8: =AVERAGE(L16:O16) -> 0.88777682 | K8: =AVERAGE(D34:O34) -> 0.89068603 | M8: =AVERAGE(P34:X34) -> 0.89209245
O9: ※現行日本鮮食廠以達成率80%為基本(即為現行KPI)
B11: 溫層 | D11: ➁4度C-各編組展開 | L11: ➂4度C-各編組展開
B12: 編組 | D12: 1 | E12: 2 | F12: 3 | G12: 4 | H12: 5 | I12: 6 | J12: 7 | K12: 8 | L12: 1 | M12: 2 | N12: 3 | O12: 4
D13: 便當一線 | E13: 便當二線 | F13: 涼麵一線 | G13: 涼麵二線 | H13: 涼麵三線 | I13: 自動包裝機 | J13: 自動包裝機2 | K13: 自動包裝機3 | L13: 便當一線 | M13: 便當二線 | N13: 涼麵一線 | O13: 涼麵二線
B14: 人時性 | C14: 排關 | D14: - | E14: 84.507042 | F14: 100.84112 | G14: 83.72093 | H14: 183.67347 | I14: - | J14: - | K14: 400 | L14: - | M14: 85.714286 | N14: 109.09091 | O14: 86.956522
C15: 實績 | D15: - | E15: 75.496091 | F15: 90.543734 | G15: 74.926996 | H15: 161.36035 | I15: - | J15: - | K15: 358.96376 | L15: - | M15: 76.455827 | N15: 95.700425 | O15: 77.747124
C16: 達成率 | D16: - | E16: =E15/E14 -> 0.89337041 | F16: =F15/F14 -> 0.89788504 | G16: =G15/G14 -> 0.89496134 | H16: =H15/H14 -> 0.87851748 | I16: - | J16: - | K16: =K15/K14 -> 0.8974094 | L16: - | M16: =M15/M14 -> 0.89198465 | N16: =N15/N14 -> 0.87725389 | O16: =O15/O14 -> 0.89409193
B17: 作業 時間 | C17: 開始 | D17: - | E17: 0.25 | F17: 0.25 | G17: 0.25 | H17: 0.20833333 | I17: - | J17: - | K17: 0.29166667 | L17: - | M17: 0.70833333 | N17: 0.70833333 | O17: 0.70833333
C18: 結束 | D18: - | E18: 0.57850694 | F18: 0.58471065 | G18: 0.61890046 | H18: 0.56112269 | I18: - | J18: - | K18: 0.39787037 | L18: - | M18: 0.76173611 | N18: 0.85362269 | O18: 0.84459491
B19: 產線異常 (5分鐘以上) | C19: 次數
C20: 時間/分
B21: 短暫停線 (5分鐘以下) | C21: 次數 | E21: 13 | F21: 12 | G21: 10 | H21: 11 | K21: 6 | M21: 3 | N21: 8 | O21: 7
C22: 設備次數
B23: 配置人數 | D23: - | E23: 23.666667 | F23: 21.6 | G23: 21.5 | H23: 19.6 | I23: - | J23: - | K23: 7.25 | L23: - | M23: 21 | N23: 18.666667 | O23: 23
B24: 主要應用設備 | D24: L型封口機 | E24: ET-55 | F24: ET-55 | G24: ET-55 | H24: ET-600 | I24: 伺服包裝機 | J24: 伺服包裝機 | K24: 伺服包裝機 | L24: L型封口機 | M24: ET-55 | N24: ET-55 | O24: ET-55
B25: 次要應用設備 | D25: 伺服包裝機 | H25: 伺服包裝機
B26: 備註 | H26: 涼麵+烤飯糰 | I26: 大口飯糰線 | K26: 烤飯糰+手卷
B29: 溫層 | D29: ➃18度C-各編組展開 (一配) | P29: ⑤18度C-各編組展開 (二配)
B30: 編組 | D30: 1 | E30: 2 | F30: 3 | G30: 4 | H30: 5 | I30: 6 | J30: 7 | K30: 8 | L30: 9 | M30: 10 | N30: 11 | O30: 12 | P30: 1 | Q30: 2 | R30: 3 | S30: 4 | T30: 5 | U30: 6 | V30: 7 | W30: 8 | X30: 9
D31: 便當一線 | E31: 涼麵一線 | F31: 涼麵三線 | G31: 自動包裝機 | H31: 自動包裝機2 | I31: 自動包裝機3 | J31: 味付飯糰線B | K31: (舊) 3300型飯糰線 | L31: 3000型飯糰線 | M31: (新) 3300型飯糰機 | N31: GKK3600型 飯糰機 | O31: GKK3600型 飯糰機2 | P31: 自動包裝機 | Q31: 自動包裝機2 | R31: 自動包裝機3 | S31: 味付飯糰線B | T31: (舊) 3300型飯糰線 | U31: 3000型飯糰線 | V31: (新) 3300型飯糰機 | W31: GKK3600型 飯糰機 | X31: GKK3600型 飯糰機2
B32: 人時性 | C32: 排關 | D32: - | E32: - | F32: - | G32: 306.38298 | H32: 433.33333 | I32: - | J32: - | K32: - | L32: - | M32: 1100 | N32: 941.37931 | O32: 810 | P32: 291.89189 | Q32: - | R32: - | S32: - | T32: - | U32: - | V32: 775 | W32: 985.71429 | X32: 840
C33: 實績 | D33: - | E33: - | F33: - | G33: 268.54132 | H33: 389.92015 | I33: - | J33: - | K33: - | L33: - | M33: 993.57422 | N33: 837.18049 | O33: 716.49642 | P33: 260.7916 | Q33: - | R33: - | S33: - | T33: - | U33: - | V33: 696.05545 | W33: 876.52429 | X33: 745.54492
C34: 達成率 | D34: - | E34: - | F34: - | G34: =G33/G32 -> 0.87648903 | H34: =H33/H32 -> 0.89981573 | I34: - | J34: - | K34: - | L34: - | M34: =M33/M32 -> 0.90324929 | N34: =N33/N32 -> 0.88931261 | O34: =O33/O32 -> 0.88456348 | P34: =P33/P32 -> 0.8934527 | Q34: - | R34: - | S34: - | T34: - | U34: - | V34: =V33/V32 -> 0.89813606 | W34: =W33/W32 -> 0.88922754 | X34: =X33/X32 -> 0.88755348
B35: 作業 時間 | C35: 開始 | D35: - | E35: - | F35: - | G35: 0.29166667 | H35: 0.29166667 | I35: - | J35: - | K35: - | L35: - | M35: 0.35416667 | N35: 0.25 | O35: 0.25 | P35: 0.70833333 | Q35: - | R35: - | S35: - | T35: - | U35: - | V35: 0.70833333 | W35: 0.70833333 | X35: 0.70833333
C36: 結束 | D36: - | E36: - | F36: - | G36: 0.46315972 | H36: 0.33322917 | I36: - | J36: - | K36: - | L36: - | M36: 0.40256944 | N36: 0.66415509 | O36: 0.65827546 | P36: 0.7796875 | Q36: - | R36: - | S36: - | T36: - | U36: - | V36: 0.82413194 | W36: 1.2116782 | X36: 1.1754745
B37: 配置人數 | D37: - | E37: - | F37: - | G37: 11.75 | H37: 6 | I37: - | J37: - | K37: - | L37: - | M37: 3 | N37: 3.625 | O37: 4.4444444 | P37: 12.333333 | Q37: - | R37: - | S37: - | T37: - | U37: - | V37: 4 | W37: 3.5 | X37: 4.1666667
B38: 主要應用設備 | D38: 伺服包裝機 | E38: ET-55 | F38: ET-600 | G38: 夾心型 | H38: 伺服包裝機 | I38: 伺服包裝機 | J38: 夾心型 | K38: 3300型 | L38: 3300型 | M38: 3300型 | N38: GKK | O38: GKK | P38: 夾心型 | Q38: 伺服包裝機 | R38: 伺服包裝機 | S38: 夾心型 | T38: 3300型 | U38: 3300型 | V38: 3300型 | W38: GKK | X38: GKK
B39: 次要應用設備
B40: 備註

Sheet 0428(18度C)
A1: 大溪廠日報分析 | C1: 總生產量 | D1: =SUM(F5:F157) -> 135651 | E1: 營業額 | F1: =SUM(G5:G157) -> 2773682.3 | G1: 出勤人數 | H1: =L21+L38+L55+L72+L89+L106+L123+L140+L157 -> 52.819444 | I1: 產線配置圖 | L1: 生產實績 | O1: 人時性差異分析 | S1: 日報登錄 | Y1: 分析說明 | AA1: 產能差異分析
A2: 46140 | C2: 人時性 | D2: =AVERAGE(N21,N38,N55,N72,N89,N106,N123,N140,N157) -> 642.73654 | E2: 平均廠價 | F2: =F1/D1 -> 20.447194 | G2: 多次生產數 | H2: =COUNT(H5:H157) -> 16
A3: 線別 | B3: 品類 | C3: 品名 | E3: 廠價 | F3: 生產量 | G3: 營收 | H3: 多次 生產 | I3: 人數 | J3: 產能/時 | K3: 人時性 | L3: 人數 | M3: 產能/時 | N3: 人時性 | O3: 人數 | P3: 人時性 | Q3: 達成率 | R3: 達成率 平均 | S3: 生產時間 | U3: 換線、休息/分 | V3: 稼動時間/分 | W3: 休息時間 | Y3: (屏榮回填) | AA3: 產能/時 | AB3: 達成率 | AC3: 達成率平均
S4: 開始 | T4: 結束 | W4: 開始 | X4: 結束
A5: 自動包裝機 | B5: 18℃-壽司手卷 | C5: 一配長野稻荷壽司 | E5: 25.64 | F5: 1662 | G5: =E5*F5 -> 42613.68 | I5: 11 | J5: 3600 | K5: =J5/I5 -> 327.27273 | L5: 11 | M5: =F5/V5*60 -> 3182.7157 | N5: =M5/L5 -> 289.3378 | O5: =L5-I5 -> 0 | P5: =N5-K5 -> -37.934932 | Q5: =N5/K5 -> 0.88408771 | R5: =Q21 -> 0.87648903 | S5: 0.29166667 | T5: 0.31341435 | V5: 31.331733 | AA5: =M5-J5 -> -417.28425 | AB5: =M5/J5 -> 0.88408771 | AC5: =AB21 -> 0.87648903
B6: 18℃-壽司手卷 | C6: 一配經典人氣雙手卷 | E6: 29.52 | F6: 3490 | G6: =E6*F6 -> 103024.8 | I6: 12 | J6: 3600 | K6: =J6/I6 -> 300 | L6: 12 | M6: =F6/V6*60 -> 3156.9417 | N6: =M6/L6 -> 263.07848 | O6: =L6-I6 -> 0 | P6: =N6-K6 -> -36.921522 | Q6: =N6/K6 -> 0.87692826 | S6: 0.31736111 | T6: 0.36341435 | U6: 5.6833333 | V6: 66.330017 | AA6: =M6-J6 -> -443.05827 | AB6: =M6/J6 -> 0.87692826
B7: 18℃-壽司手卷 | C7: 一配鮭鮪海饌雙手卷 | E7: 29.85 | F7: 3923 | G7: =E7*F7 -> 117101.55 | I7: 12 | J7: 3600 | K7: =J7/I7 -> 300 | L7: 12 | M7: =F7/V7*60 -> 3158.6498 | N7: =M7/L7 -> 263.22082 | O7: =L7-I7 -> 0 | P7: =N7-K7 -> -36.779182 | Q7: =N7/K7 -> 0.87740273 | S7: 0.36736111 | T7: 0.4191088 | U7: 5.6833333 | V7: 74.519182 | AA7: =M7-J7 -> -441.35018 | AB7: =M7/J7 -> 0.87740273
B8: 18℃-飯糰 | C8: 一配兩粒飯糰(鮪魚.焦糖鮭魚) | E8: 28.57 | F8: 3069 | G8: =E8*F8 -> 87681.33 | I8: 12 | J8: 3600 | K8: =J8/I8 -> 300 | L8: 12 | M8: =F8/V8*60 -> 3123.1347 | N8: =M8/L8 -> 260.26123 | O8: =L8-I8 -> 0 | P8: =N8-K8 -> -39.738771 | Q8: =N8/K8 -> 0.86753743 | S8: 0.42222222 | T8: 0.46315972 | U8: 5 | V8: 58.959992 | AA8: =M8-J8 -> -476.86525 | AB8: =M8/J8 -> 0.86753743
B21: 平均 | I21: =AVERAGE(I5:I20) -> 11.75 | J21: =AVERAGE(J5:J20) -> 3600 | K21: =J21/I21 -> 306.38298 | L21: =AVERAGE(L5:L20) -> 11.75 | M21: =AVERAGE(M5:M20) -> 3155.3605 | N21: =M21/L21 -> 268.54132 | O21: =L21-I21 -> 0 | P21: =N21-K21 -> -37.841659 | Q21: =N21/K21 -> 0.87648903 | S21: 0.29166667 | T21: 0.46315972 | AA21: =M21-J21 -> -444.63949 | AB21: =M21/J21 -> 0.87648903
A22: 自動包裝機2 | B22: 18℃-壽司手卷 | C22: 一配雙鬆細卷 | E22: 14.03 | F22: 883 | G22: =E22*F22 -> 12388.49 | I22: 6 | J22: 2600 | K22: =J22/I22 -> 433.33333 | L22: 6 | M22: =F22/V22*60 -> 2339.949 | N22: =M22/L22 -> 389.9915 | O22: =L22-I22 -> 0 | P22: =N22-K22 -> -43.341831 | Q22: =N22/K22 -> 0.89998039 | R22: =Q38 -> 0.89981573 | S22: 0.29166667 | T22: 0.30738426 | V22: 22.641519 | AA22: =M22-J22 -> -260.05099 | AB22: =M22/J22 -> 0.89998039 | AC22: =AB38 -> 0.89981573
B23: 18℃-壽司手卷 | C23: 一配經典鮪魚沙拉細卷 | E23: 14.49 | F23: 1281 | G23: =E23*F23 -> 18561.69 | I23: 6 | J23: 2600 | K23: =J23/I23 -> 433.33333 | L23: 6 | M23: =F23/V23*60 -> 2339.0928 | N23: =M23/L23 -> 389.8488 | O23: =L23-I23 -> 0 | P23: =N23-K23 -> -43.484536 | Q23: =N23/K23 -> 0.89965107 | S23: 0.31041667 | T23: 0.33322917 | U23: 5 | V23: 32.858893 | AA23: =M23-J23 -> -260.90722 | AB23: =M23/J23 -> 0.89965107
B38: 平均 | I38: =AVERAGE(I22:I37) -> 6 | J38: =AVERAGE(J22:J37) -> 2600 | K38: =J38/I38 -> 433.33333 | L38: =AVERAGE(L22:L37) -> 6 | M38: =AVERAGE(M22:M37) -> 2339.5209 | N38: =M38/L38 -> 389.92015 | O38: =L38-I38 -> 0 | P38: =N38-K38 -> -43.413184 | Q38: =N38/K38 -> 0.89981573 | S38: 0.29166667 | T38: 0.33322917 | AA38: =M38-J38 -> -260.4791 | AB38: =M38/J38 -> 0.89981573
A39: (新) 3300型飯糰機 | B39: 18℃-飯糰 | C39: 一配鮭魚奶油醬油飯糰 | E39: 18.53 | F39: 3463 | G39: =E39*F39 -> 64169.39 | I39: 3 | J39: 3300 | K39: =J39/I39 -> 1100 | L39: 3 | M39: =F39/V39*60 -> 2980.7227 | N39: =M39/L39 -> 993.57422 | O39: =L39-I39 -> 0 | P39: =N39-K39 -> -106.42578 | Q39: =N39/K39 -> 0.90324929 | R39: =Q55 -> 0.90324929 | S39: 0.35416667 | T39: 0.40256944 | V39: 69.707928 | AA39: =M39-J39 -> -319.27734 | AB39: =M39/J39 -> 0.90324929 | AC39: =AB55 -> 0.90324929
B55: 平均 | I55: =AVERAGE(I39:I54) -> 3 | J55: =AVERAGE(J39:J54) -> 3300 | K55: =J55/I55 -> 1100 | L55: =AVERAGE(L39:L54) -> 3 | M55: =AVERAGE(M39:M54) -> 2980.7227 | N55: =M55/L55 -> 993.57422 | O55: =L55-I55 -> 0 | P55: =N55-K55 -> -106.42578 | Q55: =N55/K55 -> 0.90324929 | S55: 0.35416667 | T55: 0.40256944 | AA55: =M55-J55 -> -319.27734 | AB55: =M55/J55 -> 0.90324929
A56: GKK3600型 飯糰機 | B56: 18℃-飯糰 | C56: 一配經典肉鬆飯糰 | E56: 14.03 | F56: 1591 | G56: =E56*F56 -> 22321.73 | H56: 2 | I56: 3 | J56: 3000 | K56: =J56/I56 -> 1000 | L56: 3 | M56: =F56/V56*60 -> 2705.4987 | N56: =M56/L56 -> 901.8329 | O56: =L56-I56 -> 0 | P56: =N56-K56 -> -98.1671 | Q56: =N56/K56 -> 0.9018329 | R56: =Q72 -> 0.88931261 | S56: 0.25 | T56: 0.27450231 | V56: 35.283698 | AA56: =M56-J56 -> -294.5013 | AB56: =M56/J56 -> 0.9018329 | AC56: =AB72 -> 0.88931261
B57: 18℃-飯糰 | C57: 一配鮪魚飯糰 | E57: 14.28 | F57: 2249 | G57: =E57*F57 -> 32115.72 | H57: 2 | I57: 3 | J57: 3600 | K57: =J57/I57 -> 1200 | L57: 3 | M57: =F57/V57*60 -> 3182.6453 | N57: =M57/L57 -> 1060.8818 | O57: =L57-I57 -> 0 | P57: =N57-K57 -> -139.11822 | Q57: =N57/K57 -> 0.88406815 | S57: 0.28472222 | T57: 0.31415509 | U57: 14.716667 | V57: 42.398692 | AA57: =M57-J57 -> -417.35467 | AB57: =M57/J57 -> 0.88406815
B58: 18℃-飯糰 | C58: 一配鹽蔥燒肉飯糰 | E58: 17.89 | F58: 3527 | G58: =E58*F58 -> 63098.03 | I58: 4 | J58: 3600 | K58: =J58/I58 -> 900 | L58: 4 | M58: =F58/V58*60 -> 3179.3643 | N58: =M58/L58 -> 794.84108 | O58: =L58-I58 -> 0 | P58: =N58-K58 -> -105.15892 | Q58: =N58/K58 -> 0.88315675 | S58: 0.32430556 | T58: 0.37052083 | U58: 14.616667 | V58: 66.560476 | AA58: =M58-J58 -> -420.6357 | AB58: =M58/J58 -> 0.88315675
B59: 18℃-飯糰 | C59: 一配壹號醬炙烤牛飯糰 | E59: 22.28 | F59: 1254 | G59: =E59*F59 -> 27939.12 | I59: 5 | J59: 3300 | K59: =J59/I59 -> 660 | L59: 5 | M59: =F59/V59*60 -> 2951.6875 | N59: =M59/L59 -> 590.33749 | O59: =L59-I59 -> 0 | P59: =N59-K59 -> -69.662505 | Q59: =N59/K59 -> 0.89445075 | S59: 0.38055556 | T59: 0.39825231 | U59: 15 | V59: 25.490504 | AA59: =M59-J59 -> -348.31253 | AB59: =M59/J59 -> 0.89445075
B60: 18℃-飯糰 | C60: 一配明太子龍蝦風味沙拉飯糰 | E60: 18.18 | F60: 2540 | G60: =E60*F60 -> 46177.2 | I60: 3 | J60: 3600 | K60: =J60/I60 -> 1200 | L60: 3 | M60: =F60/V60*60 -> 3183.7183 | N60: =M60/L60 -> 1061.2394 | O60: =L60-I60 -> 0 | P60: =N60-K60 -> -138.76057 | Q60: =N60/K60 -> 0.88436619 | S60: 0.40833333 | T60: 0.44157407 | U60: 14.516667 | V60: 47.868557 | AA60: =M60-J60 -> -416.28171 | AB60: =M60/J60 -> 0.88436619
B61: 18℃-飯糰 | C61: 一配鹽蔥生鮭飯糰 | E61: 27.48 | F61: 5604 | G61: =E61*F61 -> 153997.92 | I61: 5 | J61: 3600 | K61: =J61/I61 -> 720 | L61: 5 | M61: =F61/V61*60 -> 3187.1761 | N61: =M61/L61 -> 637.43521 | O61: =L61-I61 -> 0 | P61: =N61-K61 -> -82.564789 | Q61: =N61/K61 -> 0.88532668 | S61: 0.45138889 | T61: 0.5246412 | U61: 15 | V61: 105.49778 | AA61: =M61-J61 -> -412.82395 | AB61: =M61/J61 -> 0.88532668
B62: 18℃-飯糰 | C62: 一配經典肉鬆飯糰 | E62: 14.03 | F62: 3467 | G62: =E62*F62 -> 48642.01 | I62: 3 | J62: 3000 | K62: =J62/I62 -> 1000 | L62: 3 | M62: =F62/V62*60 -> 2705.4987 | N62: =M62/L62 -> 901.8329 | O62: =L62-I62 -> 0 | P62: =N62-K62 -> -98.1671 | Q62: =N62/K62 -> 0.9018329 | S62: 0.53472222 | T62: 0.58811343 | U62: 14.516667 | V62: 76.887858 | AA62: =M62-J62 -> -294.5013 | AB62: =M62/J62 -> 0.9018329
B63: 18℃-飯糰 | C63: 一配鮪魚飯糰 | E63: 14.28 | F63: 5060 | G63: =E63*F63 -> 72256.8 | I63: 3 | J63: 3600 | K63: =J63/I63 -> 1200 | L63: 3 | M63: =F63/V63*60 -> 3182.6453 | N63: =M63/L63 -> 1060.8818 | O63: =L63-I63 -> 0 | P63: =N63-K63 -> -139.11822 | Q63: =N63/K63 -> 0.88406815 | S63: 0.59791667 | T63: 0.66415509 | U63: 15 | V63: 95.392344 | AA63: =M63-J63 -> -417.35467 | AB63: =M63/J63 -> 0.88406815
B72: 平均 | I72: =AVERAGE(I56:I71) -> 3.625 | J72: =AVERAGE(J56:J71) -> 3412.5 | K72: =J72/I72 -> 941.37931 | L72: =AVERAGE(L56:L71) -> 3.625 | M72: =AVERAGE(M56:M71) -> 3034.7793 | N72: =M72/L72 -> 837.18049 | O72: =L72-I72 -> 0 | P72: =N72-K72 -> -104.19882 | Q72: =N72/K72 -> 0.88931261 | S72: 0.25 | T72: 0.66415509 | AA72: =M72-J72 -> -377.72073 | AB72: =M72/J72 -> 0.88931261
A73: GKK3600型 飯糰機2 | B73: 18℃-飯糰 | C73: 一配柚檸海灣貝飯糰 | E73: 23.72 | F73: 1386 | G73: =E73*F73 -> 32875.92 | H73: 2 | I73: 5 | J73: 3600 | K73: =J73/I73 -> 720 | L73: 5 | M73: =F73/V73*60 -> 3181.2975 | N73: =M73/L73 -> 636.25951 | O73: =L73-I73 -> 0 | P73: =N73-K73 -> -83.740492 | Q73: =N73/K73 -> 0.88369376 | R73: =Q89 -> 0.88456348 | S73: 0.25 | T73: 0.26814815 | V73: 26.140277 | AA73: =M73-J73 -> -418.70246 | AB73: =M73/J73 -> 0.88369376 | AC73: =AB89 -> 0.88456348
B74: 18℃-飯糰 | C74: 一配雞肉飯飯糰 | E74: 16.66 | F74: 1933 | G74: =E74*F74 -> 32203.78 | H74: 2 | I74: 5 | J74: 3600 | K74: =J74/I74 -> 720 | L74: 5 | M74: =F74/V74*60 -> 3183.6158 | N74: =M74/L74 -> 636.72317 | O74: =L74-I74 -> 0 | P74: =N74-K74 -> -83.276834 | Q74: =N74/K74 -> 0.88433773 | S74: 0.27847222 | T74: 0.30376157 | U74: 14.866667 | V74: 36.430275 | AA74: =M74-J74 -> -416.38417 | AB74: =M74/J74 -> 0.88433773
B75: 18℃-飯糰 | C75: 一配蔬食鮪魚飯糰 | E75: 18.18 | F75: 1325 | G75: =E75*F75 -> 24088.5 | I75: 3 | J75: 3600 | K75: =J75/I75 -> 1200 | L75: 3 | M75: =F75/V75*60 -> 3181.5859 | N75: =M75/L75 -> 1060.5286 | O75: =L75-I75 -> 0 | P75: =N75-K75 -> -139.47136 | Q75: =N75/K75 -> 0.88377386 | S75: 0.31388889 | T75: 0.33123843 | U75: 14.583333 | V75: 24.987538 | AA75: =M75-J75 -> -418.41409 | AB75: =M75/J75 -> 0.88377386
B76: 18℃-飯糰 | C76: 一配熟成紅鮭飯糰 | E76: 25.03 | F76: 1983 | G76: =E76*F76 -> 49634.49 | I76: 5 | J76: 3600 | K76: =J76/I76 -> 720 | L76: 5 | M76: =F76/V76*60 -> 3187.422 | N76: =M76/L76 -> 637.4844 | O76: =L76-I76 -> 0 | P76: =N76-K76 -> -82.515597 | Q76: =N76/K76 -> 0.885395 | S76: 0.34097222 | T76: 0.36688657 | U76: 15 | V76: 37.327972 | AA76: =M76-J76 -> -412.57799 | AB76: =M76/J76 -> 0.885395
B77: 18℃-飯糰 | C77: 一配北海道秋鮭親子飯糰 | E77: 24.82 | F77: 2410 | G77: =E77*F77 -> 59816.2 | I77: 5 | J77: 3600 | K77: =J77/I77 -> 720 | L77: 5 | M77: =F77/V77*60 -> 3187.7918 | N77: =M77/L77 -> 637.55837 | O77: =L77-I77 -> 0 | P77: =N77-K77 -> -82.441633 | Q77: =N77/K77 -> 0.88549773 | S77: 0.37708333 | T77: 0.40857639 | U77: 14.683333 | V77: 45.360553 | AA77: =M77-J77 -> -412.20816 | AB77: =M77/J77 -> 0.88549773
B78: 18℃-飯糰 | C78: 一配贅沢鮭魚肚飯糰 | E78: 30 | F78: 3388 | G78: =E78*F78 -> 101640 | I78: 4 | J78: 3600 | K78: =J78/I78 -> 900 | L78: 4 | M78: =F78/V78*60 -> 3186 | N78: =M78/L78 -> 796.5 | O78: =L78-I78 -> 0 | P78: =N78-K78 -> -103.5 | Q78: =N78/K78 -> 0.885 | S78: 0.41875 | T78: 0.46305556 | U78: 14.65 | V78: 63.804143 | AA78: =M78-J78 -> -414 | AB78: =M78/J78 -> 0.885
B79: 18℃-飯糰 | C79: 一配山葵章魚飯糰 | E79: 25.2 | F79: 5083 | G79: =E79*F79 -> 128091.6 | I79: 3 | J79: 3600 | K79: =J79/I79 -> 1200 | L79: 3 | M79: =F79/V79*60 -> 3187.2302 | N79: =M79/L79 -> 1062.4101 | O79: =L79-I79 -> 0 | P79: =N79-K79 -> -137.58995 | Q79: =N79/K79 -> 0.88534171 | S79: 0.47291667 | T79: 0.53936343 | U79: 15 | V79: 95.6881 | AA79: =M79-J79 -> -412.76984 | AB79: =M79/J79 -> 0.88534171
B80: 18℃-飯糰 | C80: 一配柚檸海灣貝飯糰 | E80: 23.72 | F80: 3378 | G80: =E80*F80 -> 80126.16 | I80: 5 | J80: 3600 | K80: =J80/I80 -> 720 | L80: 5 | M80: =F80/V80*60 -> 3181.2975 | N80: =M80/L80 -> 636.25951 | O80: =L80-I80 -> 0 | P80: =N80-K80 -> -83.740492 | Q80: =N80/K80 -> 0.88369376 | S80: 0.54930556 | T80: 0.59354167 | U80: 15 | V80: 63.709853 | AA80: =M80-J80 -> -418.70246 | AB80: =M80/J80 -> 0.88369376
B81: 18℃-飯糰 | C81: 一配雞肉飯飯糰 | E81: 16.66 | F81: 4188 | G81: =E81*F81 -> 69772.08 | I81: 5 | J81: 3600 | K81: =J81/I81 -> 720 | L81: 5 | M81: =F81/V81*60 -> 3183.6158 | N81: =M81/L81 -> 636.72317 | O81: =L81-I81 -> 0 | P81: =N81-K81 -> -83.276834 | Q81: =N81/K81 -> 0.88433773 | S81: 0.60347222 | T81: 0.65827546 | U81: 15 | V81: 78.929121 | AA81: =M81-J81 -> -416.38417 | AB81: =M81/J81 -> 0.88433773
B89: 平均 | I89: =AVERAGE(I73:I88) -> 4.4444444 | J89: =AVERAGE(J73:J88) -> 3600 | K89: =J89/I89 -> 810 | L89: =AVERAGE(L73:L88) -> 4.4444444 | M89: =AVERAGE(M73:M88) -> 3184.4285 | N89: =M89/L89 -> 716.49642 | O89: =L89-I89 -> 0 | P89: =N89-K89 -> -93.503583 | Q89: =N89/K89 -> 0.88456348 | S89: 0.25 | T89: 0.65827546 | AA89: =M89-J89 -> -415.57148 | AB89: =M89/J89 -> 0.88456348
A90: 自動包裝機 (二配) | B90: 18℃-飯糰 | C90: 二配兩粒飯糰(鮪魚.焦糖鮭魚) | E90: 28.57 | F90: 3123 | G90: =E90*F90 -> 89224.11 | I90: 12 | J90: 3600 | K90: =J90/I90 -> 300 | L90: 12 | M90: =F90/V90*60 -> 3126.4138 | N90: =M90/L90 -> 260.53448 | O90: =L90-I90 -> 0 | P90: =N90-K90 -> -39.46552 | Q90: =N90/K90 -> 0.86844827 | R90: =Q106 -> 0.8934527 | S90: 0.70833333 | T90: 0.7499537 | V90: 59.934485 | AA90: =M90-J90 -> -473.58624 | AB90: =M90/J90 -> 0.86844827 | AC90: =AB106 -> 0.8934527
B91: 18℃-飯糰 | C91: 二配鮮蝦旬彩炊飯飯糰 | E91: 20.17 | F91: 212 | G91: =E91*F91 -> 4276.04 | I91: 12 | J91: 3600 | K91: =J91/I91 -> 300 | L91: 12 | M91: =F91/V91*60 -> 3261.7414 | N91: =M91/L91 -> 271.81178 | O91: =L91-I91 -> 0 | P91: =N91-K91 -> -28.188217 | Q91: =N91/K91 -> 0.90603928 | S91: 0.75347222 | T91: 0.75616898 | U91: 5.0666667 | V91: 3.8997574 | AA91: =M91-J91 -> -338.25861 | AB91: =M91/J91 -> 0.90603928
B92: 18℃-飯糰 | C92: 二配溏心蛋五目飯糰 | E92: 20.42 | F92: 1617 | G92: =E92*F92 -> 33019.14 | I92: 13 | J92: 3600 | K92: =J92/I92 -> 276.92308 | L92: 13 | M92: =F92/V92*60 -> 3261.134 | N92: =M92/L92 -> 250.85646 | O92: =L92-I92 -> 0 | P92: =N92-K92 -> -26.066613 | Q92: =N92/K92 -> 0.90587056 | S92: 0.75902778 | T92: 0.7796875 | U92: 5 | V92: 29.750387 | AA92: =M92-J92 -> -338.86597 | AB92: =M92/J92 -> 0.90587056
B106: 平均 | I106: =AVERAGE(I90:I105) -> 12.333333 | J106: =AVERAGE(J90:J105) -> 3600 | K106: =J106/I106 -> 291.89189 | L106: =AVERAGE(L90:L105) -> 12.333333 | M106: =AVERAGE(M90:M105) -> 3216.4297 | N106: =M106/L106 -> 260.7916 | O106: =L106-I106 -> 0 | P106: =N106-K106 -> -31.100293 | Q106: =N106/K106 -> 0.8934527 | S106: 0.70833333 | T106: 0.7796875 | AA106: =M106-J106 -> -383.57027 | AB106: =M106/J106 -> 0.8934527
A107: (新) 3300型飯糰機 (二配) | B107: 18℃-飯糰 | C107: 二配鹽水G絲飯糰 | E107: 17.22 | F107: 2766 | G107: =E107*F107 -> 47630.52 | I107: 3 | J107: 3300 | K107: =J107/I107 -> 1100 | L107: 3 | M107: =F107/V107*60 -> 2978.5456 | N107: =M107/L107 -> 992.84853 | O107: =L107-I107 -> 0 | P107: =N107-K107 -> -107.15147 | Q107: =N107/K107 -> 0.90258957 | R107: =Q123 -> 0.89813606 | S107: 0.70833333 | T107: 0.74702546 | V107: 55.718469 | AA107: =M107-J107 -> -321.45442 | AB107: =M107/J107 -> 0.90258957 | AC107: =AB123 -> 0.89813606
B108: 18℃-飯糰 | C108: 二配大飯糰韓式蒜烤豬五花 | E108: 24.54 | F108: 1937 | G108: =E108*F108 -> 47533.98 | I108: 4 | J108: 3000 | K108: =J108/I108 -> 750 | L108: 4 | M108: =F108/V108*60 -> 2686.8248 | N108: =M108/L108 -> 671.7062 | O108: =L108-I108 -> 0 | P108: =N108-K108 -> -78.293798 | Q108: =N108/K108 -> 0.89560827 | S108: 0.75069444 | T108: 0.78072917 | U108: 5.2833333 | V108: 43.255518 | AA108: =M108-J108 -> -313.17519 | AB108: =M108/J108 -> 0.89560827
B109: 18℃-飯糰 | C109: 二配大飯糰乾燒風味鮮蝦 | E109: 23.27 | F109: 2587 | G109: =E109*F109 -> 60199.49 | I109: 5 | J109: 3000 | K109: =J109/I109 -> 600 | L109: 5 | M109: =F109/V109*60 -> 2687.295 | N109: =M109/L109 -> 537.459 | O109: =L109-I109 -> 0 | P109: =N109-K109 -> -62.540997 | Q109: =N109/K109 -> 0.895765 | S109: 0.78402778 | T109: 0.82413194 | U109: 4.75 | V109: 57.760685 | AA109: =M109-J109 -> -312.70499 | AB109: =M109/J109 -> 0.895765
B123: 平均 | I123: =AVERAGE(I107:I122) -> 4 | J123: =AVERAGE(J107:J122) -> 3100 | K123: =J123/I123 -> 775 | L123: =AVERAGE(L107:L122) -> 4 | M123: =AVERAGE(M107:M122) -> 2784.2218 | N123: =M123/L123 -> 696.05545 | O123: =L123-I123 -> 0 | P123: =N123-K123 -> -78.94455 | Q123: =N123/K123 -> 0.89813606 | S123: 0.70833333 | T123: 0.82413194 | AA123: =M123-J123 -> -315.7782 | AB123: =M123/J123 -> 0.89813606
A124: GKK3600型 飯糰機 (二配) | B124: 18℃-飯糰 | C124: 二配壹號醬炙烤牛飯糰 | E124: 22.28 | F124: 522 | G124: =E124*F124 -> 11630.16 | H124: 2 | I124: 5 | J124: 3300 | K124: =J124/I124 -> 660 | L124: 5 | M124: =F124/V124*60 -> 2949.8805 | N124: =M124/L124 -> 589.9761 | O124: =L124-I124 -> 0 | P124: =N124-K124 -> -70.023897 | Q124: =N124/K124 -> 0.89390319 | R124: =Q140 -> 0.88922754 | S124: 0.70833333 | T124: 0.71570602 | V124: 10.617379 | AA124: =M124-J124 -> -350.11948 | AB124: =M124/J124 -> 0.89390319 | AC124: =AB140 -> 0.88922754
B125: 18℃-飯糰 | C125: 二配經典肉鬆飯糰 | E125: 14.03 | F125: 2403 | G125: =E125*F125 -> 33714.09 | H125: 2 | I125: 3 | J125: 3000 | K125: =J125/I125 -> 1000 | L125: 3 | M125: =F125/V125*60 -> 2703.9152 | N125: =M125/L125 -> 901.30506 | O125: =L125-I125 -> 0 | P125: =N125-K125 -> -98.694942 | Q125: =N125/K125 -> 0.90130506 | S125: 0.72569444 | T125: 0.76271991 | U125: 15 | V125: 53.322679 | AA125: =M125-J125 -> -296.08483 | AB125: =M125/J125 -> 0.90130506
B126: 18℃-飯糰 | C126: 二配三杯醬爆菇菇飯糰 | E126: 16.7 | F126: 445 | G126: =E126*F126 -> 7431.5 | H126: 2 | I126: 3 | J126: 3600 | K126: =J126/I126 -> 1200 | L126: 3 | M126: =F126/V126*60 -> 3197.9248 | N126: =M126/L126 -> 1065.9749 | O126: =L126-I126 -> 0 | P126: =N126-K126 -> -134.02508 | Q126: =N126/K126 -> 0.88831243 | S126: 0.77291667 | T126: 0.7787037 | U126: 14.683333 | V126: 8.3491645 | AA126: =M126-J126 -> -402.07524 | AB126: =M126/J126 -> 0.88831243
B127: 18℃-飯糰 | C127: 二配蔬食鮪魚飯糰 | E127: 18.18 | F127: 431 | G127: =E127*F127 -> 7835.58 | H127: 2 | I127: 3 | J127: 3600 | K127: =J127/I127 -> 1200 | L127: 3 | M127: =F127/V127*60 -> 3180.2032 | N127: =M127/L127 -> 1060.0677 | O127: =L127-I127 -> 0 | P127: =N127-K127 -> -139.93228 | Q127: =N127/K127 -> 0.88338977 | S127: 0.78888889 | T127: 0.79452546 | U127: 14.666667 | V127: 8.1315559 | AA127: =M127-J127 -> -419.79683 | AB127: =M127/J127 -> 0.88338977
B128: 18℃-飯糰 | C128: 二配贅沢鮭魚肚飯糰 | E128: 30 | F128: 1168 | G128: =E128*F128 -> 35040 | H128: 2 | I128: 4 | J128: 3600 | K128: =J128/I128 -> 900 | L128: 4 | M128: =F128/V128*60 -> 3190.32 | N128: =M128/L128 -> 797.58 | O128: =L128-I128 -> 0 | P128: =N128-K128 -> -102.42 | Q128: =N128/K128 -> 0.8862 | S128: 0.80486111 | T128: 0.82010417 | U128: 14.883333 | V128: 21.966449 | AA128: =M128-J128 -> -409.68 | AB128: =M128/J128 -> 0.8862
B129: 18℃-飯糰 | C129: 二配鮪魚飯糰 | E129: 14.28 | F129: 3083 | G129: =E129*F129 -> 44025.24 | H129: 2 | I129: 3 | J129: 3600 | K129: =J129/I129 -> 1200 | L129: 3 | M129: =F129/V129*60 -> 3184.7645 | N129: =M129/L129 -> 1061.5882 | O129: =L129-I129 -> 0 | P129: =N129-K129 -> -138.41184 | Q129: =N129/K129 -> 0.8846568 | S129: 0.82986111 | T129: 0.87018519 | U129: 15 | V129: 58.082788 | AA129: =M129-J129 -> -415.23552 | AB129: =M129/J129 -> 0.8846568
B130: 18℃-飯糰 | C130: 二配壹號醬炙烤牛飯糰 | E130: 22.28 | F130: 1435 | G130: =E130*F130 -> 31971.8 | I130: 5 | J130: 3300 | K130: =J130/I130 -> 660 | L130: 5 | M130: =F130/V130*60 -> 2949.8844 | N130: =M130/L130 -> 589.97688 | O130: =L130-I130 -> 0 | P130: =N130-K130 -> -70.023122 | Q130: =N130/K130 -> 0.89390436 | S130: 0.88055556 | T130: 0.90082176 | U130: 14.933333 | V130: 29.187585 | AA130: =M130-J130 -> -350.11561 | AB130: =M130/J130 -> 0.89390436
B131: 18℃-飯糰 | C131: 二配經典肉鬆飯糰 | E131: 14.03 | F131: 6055 | G131: =E131*F131 -> 84951.65 | I131: 3 | J131: 3000 | K131: =J131/I131 -> 1000 | L131: 3 | M131: =F131/V131*60 -> 2703.9152 | N131: =M131/L131 -> 901.30506 | O131: =L131-I131 -> 0 | P131: =N131-K131 -> -98.694942 | Q131: =N131/K131 -> 0.90130506 | S131: 0.91111111 | T131: 1.0044097 | U131: 14.816667 | V131: 134.36072 | AA131: =M131-J131 -> -296.08483 | AB131: =M131/J131 -> 0.90130506
B132: 18℃-飯糰 | C132: 二配三杯醬爆菇菇飯糰 | E132: 16.7 | F132: 1024 | G132: =E132*F132 -> 17100.8 | I132: 3 | J132: 3600 | K132: =J132/I132 -> 1200 | L132: 3 | M132: =F132/V132*60 -> 3197.9248 | N132: =M132/L132 -> 1065.9749 | O132: =L132-I132 -> 0 | P132: =N132-K132 -> -134.02508 | Q132: =N132/K132 -> 0.88831243 | S132: 1.0145833 | T132: 1.0279167 | U132: 14.65 | V132: 19.21246 | AA132: =M132-J132 -> -402.07524 | AB132: =M132/J132 -> 0.88831243
B133: 18℃-飯糰 | C133: 二配蔬食鮪魚飯糰 | E133: 18.18 | F133: 921 | G133: =E133*F133 -> 16743.78 | I133: 3 | J133: 3600 | K133: =J133/I133 -> 1200 | L133: 3 | M133: =F133/V133*60 -> 3180.2032 | N133: =M133/L133 -> 1060.0677 | O133: =L133-I133 -> 0 | P133: =N133-K133 -> -139.93228 | Q133: =N133/K133 -> 0.88338977 | S133: 1.0381944 | T133: 1.0502546 | U133: 14.8 | V133: 17.376248 | AA133: =M133-J133 -> -419.79683 | AB133: =M133/J133 -> 0.88338977
B134: 18℃-飯糰 | C134: 二配贅沢鮭魚肚飯糰 | E134: 30 | F134: 2722 | G134: =E134*F134 -> 81660 | I134: 4 | J134: 3600 | K134: =J134/I134 -> 900 | L134: 4 | M134: =F134/V134*60 -> 3190.32 | N134: =M134/L134 -> 797.58 | O134: =L134-I134 -> 0 | P134: =N134-K134 -> -102.42 | Q134: =N134/K134 -> 0.8862 | S134: 1.0604167 | T134: 1.0959606 | U134: 14.633333 | V134: 51.192357 | AA134: =M134-J134 -> -409.68 | AB134: =M134/J134 -> 0.8862
B135: 18℃-飯糰 | C135: 二配鮪魚飯糰 | E135: 14.28 | F135: 8059 | G135: =E135*F135 -> 115082.52 | I135: 3 | J135: 3600 | K135: =J135/I135 -> 1200 | L135: 3 | M135: =F135/V135*60 -> 3184.7645 | N135: =M135/L135 -> 1061.5882 | O135: =L135-I135 -> 0 | P135: =N135-K135 -> -138.41184 | Q135: =N135/K135 -> 0.8846568 | S135: 1.10625 | T135: 1.2116782 | U135: 14.816667 | V135: 151.82912 | AA135: =M135-J135 -> -415.23552 | AB135: =M135/J135 -> 0.8846568
B140: 平均 | I140: =AVERAGE(I124:I139) -> 3.5 | J140: =AVERAGE(J124:J139) -> 3450 | K140: =J140/I140 -> 985.71429 | L140: =AVERAGE(L124:L139) -> 3.5 | M140: =AVERAGE(M124:M139) -> 3067.835 | N140: =M140/L140 -> 876.52429 | O140: =L140-I140 -> 0 | P140: =N140-K140 -> -109.19 | Q140: =N140/K140 -> 0.88922754 | S140: 0.70833333 | T140: 1.2116782 | AA140: =M140-J140 -> -382.16499 | AB140: =M140/J140 -> 0.88922754
A141: GKK3600型 飯糰機2 (二配) | B141: 18℃-飯糰 | C141: 二配芝麻香鬆飯糰 | E141: 18.18 | F141: 675 | G141: =E141*F141 -> 12271.5 | H141: 2 | I141: 3 | J141: 3000 | K141: =J141/I141 -> 1000 | L141: 3 | M141: =F141/V141*60 -> 2708.6387 | N141: =M141/L141 -> 902.87957 | O141: =L141-I141 -> 0 | P141: =N141-K141 -> -97.120428 | Q141: =N141/K141 -> 0.90287957 | R141: =Q157 -> 0.88755348 | S141: 0.70833333 | T141: 0.71871528 | V141: 14.95216 | AA141: =M141-J141 -> -291.36128 | AB141: =M141/J141 -> 0.90287957 | AC141: =AB157 -> 0.88755348
B142: 18℃-飯糰 | C142: 二配明太子龍蝦風味沙拉飯糰 | E142: 18.18 | F142: 1099 | G142: =E142*F142 -> 19979.82 | H142: 2 | I142: 3 | J142: 3600 | K142: =J142/I142 -> 1200 | L142: 3 | M142: =F142/V142*60 -> 3177.8907 | N142: =M142/L142 -> 1059.2969 | O142: =L142-I142 -> 0 | P142: =N142-K142 -> -140.70309 | Q142: =N142/K142 -> 0.88274742 | S142: 0.72847222 | T142: 0.74287037 | U142: 15 | V142: 20.749612 | AA142: =M142-J142 -> -422.10928 | AB142: =M142/J142 -> 0.88274742
B143: 18℃-飯糰 | C143: 二配熟成紅鮭飯糰 | E143: 25.03 | F143: 816 | G143: =E143*F143 -> 20424.48 | H143: 2 | I143: 5 | J143: 3600 | K143: =J143/I143 -> 720 | L143: 5 | M143: =F143/V143*60 -> 3187.2575 | N143: =M143/L143 -> 637.4515 | O143: =L143-I143 -> 0 | P143: =N143-K143 -> -82.548502 | Q143: =N143/K143 -> 0.8853493 | S143: 0.75277778 | T143: 0.7634375 | U143: 15 | V143: 15.361169 | AA143: =M143-J143 -> -412.74251 | AB143: =M143/J143 -> 0.8853493
B144: 18℃-飯糰 | C144: 二配北海道秋鮭親子飯糰 | E144: 24.82 | F144: 1044 | G144: =E144*F144 -> 25912.08 | H144: 2 | I144: 5 | J144: 3600 | K144: =J144/I144 -> 720 | L144: 5 | M144: =F144/V144*60 -> 3183.2718 | N144: =M144/L144 -> 636.65436 | O144: =L144-I144 -> 0 | P144: =N144-K144 -> -83.345644 | Q144: =N144/K144 -> 0.88424216 | S144: 0.77361111 | T144: 0.78726852 | U144: 14.65 | V144: 19.677867 | AA144: =M144-J144 -> -416.72822 | AB144: =M144/J144 -> 0.88424216
B145: 18℃-飯糰 | C145: 二配鹽蔥燒肉飯糰 | E145: 17.89 | F145: 1703 | G145: =E145*F145 -> 30466.67 | H145: 2 | I145: 4 | J145: 3600 | K145: =J145/I145 -> 900 | L145: 4 | M145: =F145/V145*60 -> 3189.4965 | N145: =M145/L145 -> 797.37412 | O145: =L145-I145 -> 0 | P145: =N145-K145 -> -102.62588 | Q145: =N145/K145 -> 0.88597125 | S145: 0.79722222 | T145: 0.81946759 | U145: 15 | V145: 32.036405 | AA145: =M145-J145 -> -410.50351 | AB145: =M145/J145 -> 0.88597125
B146: 18℃-飯糰 | C146: 二配雞肉飯飯糰 | E146: 16.66 | F146: 2598 | G146: =E146*F146 -> 43282.68 | H146: 2 | I146: 5 | J146: 3600 | K146: =J146/I146 -> 720 | L146: 5 | M146: =F146/V146*60 -> 3192.0679 | N146: =M146/L146 -> 638.41358 | O146: =L146-I146 -> 0 | P146: =N146-K146 -> -81.586421 | Q146: =N146/K146 -> 0.88668553 | S146: 0.82986111 | T146: 0.86377315 | U146: 14.966667 | V146: 48.833548 | AA146: =M146-J146 -> -407.9321 | AB146: =M146/J146 -> 0.88668553
B147: 18℃-飯糰 | C147: 二配芝麻香鬆飯糰 | E147: 18.18 | F147: 1303 | G147: =E147*F147 -> 23688.54 | I147: 3 | J147: 3000 | K147: =J147/I147 -> 1000 | L147: 3 | M147: =F147/V147*60 -> 2708.6387 | N147: =M147/L147 -> 902.87957 | O147: =L147-I147 -> 0 | P147: =N147-K147 -> -97.120428 | Q147: =N147/K147 -> 0.90287957 | S147: 0.87361111 | T147: 0.89364583 | U147: 15 | V147: 28.863207 | AA147: =M147-J147 -> -291.36128 | AB147: =M147/J147 -> 0.90287957
B148: 18℃-飯糰 | C148: 二配明太子龍蝦風味沙拉飯糰 | E148: 18.18 | F148: 2782 | G148: =E148*F148 -> 50576.76 | I148: 3 | J148: 3600 | K148: =J148/I148 -> 1200 | L148: 3 | M148: =F148/V148*60 -> 3177.8907 | N148: =M148/L148 -> 1059.2969 | O148: =L148-I148 -> 0 | P148: =N148-K148 -> -140.70309 | Q148: =N148/K148 -> 0.88274742 | S148: 0.90347222 | T148: 0.93994213 | U148: 15 | V148: 52.525406 | AA148: =M148-J148 -> -422.10928 | AB148: =M148/J148 -> 0.88274742
B149: 18℃-飯糰 | C149: 二配熟成紅鮭飯糰 | E149: 25.03 | F149: 1677 | G149: =E149*F149 -> 41975.31 | I149: 5 | J149: 3600 | K149: =J149/I149 -> 720 | L149: 5 | M149: =F149/V149*60 -> 3187.2575 | N149: =M149/L149 -> 637.4515 | O149: =L149-I149 -> 0 | P149: =N149-K149 -> -82.548502 | Q149: =N149/K149 -> 0.8853493 | S149: 0.95 | T149: 0.9719213 | U149: 15 | V149: 31.569461 | AA149: =M149-J149 -> -412.74251 | AB149: =M149/J149 -> 0.8853493
B150: 18℃-飯糰 | C150: 二配北海道秋鮭親子飯糰 | E150: 24.82 | F150: 2279 | G150: =E150*F150 -> 56564.78 | I150: 5 | J150: 3600 | K150: =J150/I150 -> 720 | L150: 5 | M150: =F150/V150*60 -> 3183.2718 | N150: =M150/L150 -> 636.65436 | O150: =L150-I150 -> 0 | P150: =N150-K150 -> -83.345644 | Q150: =N150/K150 -> 0.88424216 | S150: 0.98194444 | T150: 1.0117708 | U150: 15 | V150: 42.955804 | AA150: =M150-J150 -> -416.72822 | AB150: =M150/J150 -> 0.88424216
B151: 18℃-飯糰 | C151: 二配鹽蔥燒肉飯糰 | E151: 17.89 | F151: 4394 | G151: =E151*F151 -> 78608.66 | I151: 4 | J151: 3600 | K151: =J151/I151 -> 900 | L151: 4 | M151: =F151/V151*60 -> 3189.4965 | N151: =M151/L151 -> 797.37412 | O151: =L151-I151 -> 0 | P151: =N151-K151 -> -102.62588 | Q151: =N151/K151 -> 0.88597125 | S151: 1.0215278 | T151: 1.0789236 | U151: 15 | V151: 82.658815 | AA151: =M151-J151 -> -410.50351 | AB151: =M151/J151 -> 0.88597125
B152: 18℃-飯糰 | C152: 二配雞肉飯飯糰 | E152: 16.66 | F152: 6634 | G152: =E152*F152 -> 110522.44 | I152: 5 | J152: 3600 | K152: =J152/I152 -> 720 | L152: 5 | M152: =F152/V152*60 -> 3192.0679 | N152: =M152/L152 -> 638.41358 | O152: =L152-I152 -> 0 | P152: =N152-K152 -> -81.586421 | Q152: =N152/K152 -> 0.88668553 | S152: 1.0888889 | T152: 1.1754745 | U152: 15 | V152: 124.6966 | AA152: =M152-J152 -> -407.9321 | AB152: =M152/J152 -> 0.88668553
B157: 平均 | I157: =AVERAGE(I141:I156) -> 4.1666667 | J157: =AVERAGE(J141:J156) -> 3500 | K157: =J157/I157 -> 840 | L157: =AVERAGE(L141:L156) -> 4.1666667 | M157: =AVERAGE(M141:M156) -> 3106.4372 | N157: =M157/L157 -> 745.54492 | O157: =L157-I157 -> 0 | P157: =N157-K157 -> -94.455076 | Q157: =N157/K157 -> 0.88755348 | S157: 0.70833333 | T157: 1.1754745 | AA157: =M157-J157 -> -393.56282 | AB157: =M157/J157 -> 0.88755348
Y159: 原因回覆
Y160: 1.當日出勤人數較多
Y161: 2.當日出勤人數較少
Y162: 3.當日出勤熟手較多
Y163: 4.當日出勤新人較多
Y164: 5.機台夾盒
Y165: 6.封膜不順
Y166: 7.更換膠膜
Y167: 8.更換碳帶
Y168: 9.當日熱轉印碳帶異常
Y169: 10.訂單量過少
Y170: 11.新品上市，尚未熟悉
Y171: 12.活動期間品項需貼標

Sheet 0428(4度C)
A1: 大溪廠日報分析 | C1: 總生產量 | D1: =SUM(F5:F140) -> 79244 | E1: 營業額 | F1: =SUM(G5:G140) -> 3661136 | G1: 出勤人數 | H1: =L21+L38+L55+L72+L89+L106+L123+L140 -> 156.28333 | I1: 產線配置圖 | L1: 生產實績 | O1: 人時性差異分析 | S1: 日報登錄 | Y1: 合計次數 | Z1: 合計(時間/分) | AA1: 產線異常 分析說明(5分鐘以上) | AC1: 合計次數 | AD1: 合計(時間/分) | AE1: 產能差異分析
A2: 46140 | C2: 人時性 | D2: =AVERAGE(N21,N38,N55,N72,N89,N106,N123,N140) -> 126.39929 | E2: 平均廠價 | F2: =F1/D1 -> 46.200797 | G2: 多次生產數 | H2: =COUNT(H5:H140) -> 0 | Y2: =SUM(Y21,Y38,Y55,Y72,Y89,Y106,Y123,Y140) -> 0 | Z2: =SUM(Z21,Z38,Z55,Z72,Z89,Z106,Z123,Z140) -> 0 | AC2: =SUM(AC21,AC38,AC55,AC72,AC89,AC106,AC123,AC140) -> 70 | AD2: =SUM(AD21,AD38,AD55,AD72,AD89,AD106,AD123,AD140) -> 0
A3: 線別 | B3: 品類 | C3: 品名 | E3: 廠價 | F3: 生產量 | G3: 營收 | H3: 多次 生產 | I3: 人數 | J3: 產能/時 | K3: 人時性 | L3: 人數 | M3: 產能/時 | N3: 人時性 | O3: 人數 | P3: 人時性 | Q3: 達成率 | R3: 達成率 平均 | S3: 生產時間 | U3: 換線、休息/分 | V3: 稼動時間/分 | W3: 休息時間 | Y3: 產線異常統計(5分鐘以上) | AA3: (屏榮回填) | AC3: 短暫停線統計(5分鐘以下) | AE3: 產能/時 | AF3: 達成率 | AG3: 達成率平均
S4: 開始 | T4: 結束 | W4: 開始 | X4: 結束 | Y4: 次數 | Z4: 時間/分 | AC4: 總次數 | AD4: 設備因素(次數)
A5: 便當二線 | B5: 微波主食 | C5: 糖燻野郎三十天熟成牛飯 | E5: 56.77 | F5: 3963 | G5: =E5*F5 -> 224979.51 | I5: 24 | J5: 2000 | K5: =J5/I5 -> 83.333333 | L5: 24 | M5: =F5/V5*60 -> 1780.1585 | N5: =M5/L5 -> 74.173271 | O5: =L5-I5 -> 0 | P5: =N5-K5 -> -9.1600619 | Q5: =N5/K5 -> 0.89007926 | R5: =Q21 -> 0.89337041 | S5: 0.25 | T5: 0.34275463 | V5: 133.57237 | AC5: 5 | AE5: =M5-J5 -> -219.84149 | AF5: =M5/J5 -> 0.89007926 | AG5: =AF21 -> 0.89337041
B6: 便當 | C6: 健身G肉餐盒 | E6: 59.52 | F6: 5566 | G6: =E6*F6 -> 331288.32 | I6: 24 | J6: 2000 | K6: =J6/I6 -> 83.333333 | L6: 24 | M6: =F6/V6*60 -> 1790.1998 | N6: =M6/L6 -> 74.591657 | O6: =L6-I6 -> 0 | P6: =N6-K6 -> -8.7416765 | Q6: =N6/K6 -> 0.89509988 | S6: 0.34583333 | T6: 0.47537037 | U6: 5 | V6: 186.54901 | W6: 0.47537037 | X6: 0.51319444 | AC6: 6 | AE6: =M6-J6 -> -209.80024 | AF6: =M6/J6 -> 0.89509988
B7: 便當 | C7: 嫩烤香料雞胸排蔬滿盒 | E7: 77.34 | F7: 2806 | G7: =E7*F7 -> 217016.04 | I7: 23 | J7: 2000 | K7: =J7/I7 -> 86.956522 | L7: 23 | M7: =F7/V7*60 -> 1789.8642 | N7: =M7/L7 -> 77.820181 | O7: =L7-I7 -> 0 | P7: =N7-K7 -> -9.1363404 | Q7: =N7/K7 -> 0.89493209 | S7: 0.51319444 | T7: 0.57850694 | U7: 55 | V7: 94.063004 | AC7: 2 | AE7: =M7-J7 -> -210.13583 | AF7: =M7/J7 -> 0.89493209
B21: 平均 | I21: =AVERAGE(I5:I20) -> 23.666667 | J21: =AVERAGE(J5:J20) -> 2000 | K21: =J21/I21 -> 84.507042 | L21: =AVERAGE(L5:L20) -> 23.666667 | M21: =AVERAGE(M5:M20) -> 1786.7408 | N21: =M21/L21 -> 75.496091 | O21: =L21-I21 -> 0 | P21: =N21-K21 -> -9.0109514 | Q21: =N21/K21 -> 0.89337041 | S21: 0.25 | T21: 0.57850694 | Y21: =SUM(Y5:Y20) -> 0 | Z21: =SUM(Z5:Z20) -> 0 | AC21: =SUM(AC5:AC20) -> 13 | AD21: =SUM(AD5:AD20) -> 0 | AE21: =M21-J21 -> -213.25918 | AF21: =M21/J21 -> 0.89337041
A22: 涼麵一線 | B22: 便當 | C22: 香腸腿排雙拼便當 | E22: 53.76 | F22: 2892 | G22: =E22*F22 -> 155473.92 | I22: 20 | J22: 2000 | K22: =J22/I22 -> 100 | L22: 20 | M22: =F22/V22*60 -> 1786.8066 | N22: =M22/L22 -> 89.340328 | O22: =L22-I22 -> 0 | P22: =N22-K22 -> -10.659672 | Q22: =N22/K22 -> 0.89340328 | R22: =Q38 -> 0.89788504 | S22: 0.25 | T22: 0.31743056 | V22: 97.1118 | AC22: 3 | AE22: =M22-J22 -> -213.19345 | AF22: =M22/J22 -> 0.89340328 | AG22: =AF38 -> 0.90627649
B23: 便當 | C23: 經典滷肉飯 | E23: 47.37 | F23: 1853 | G23: =E23*F23 -> 87776.61 | I23: 21 | J23: 2000 | K23: =J23/I23 -> 95.238095 | L23: 21 | M23: =F23/V23*60 -> 1786.4 | N23: =M23/L23 -> 85.066667 | O23: =L23-I23 -> 0 | P23: =N23-K23 -> -10.171429 | Q23: =N23/K23 -> 0.8932 | S23: 0.32152778 | T23: 0.36474537 | U23: 5.9 | V23: 62.236901 | AC23: 1 | AE23: =M23-J23 -> -213.6 | AF23: =M23/J23 -> 0.8932
B24: 便當 | C24: 海陸雙拼肉肉餐盒 | E24: 59.54 | F24: 3078 | G24: =E24*F24 -> 183264.12 | I24: 23 | J24: 2000 | K24: =J24/I24 -> 86.956522 | L24: 23 | M24: =F24/V24*60 -> 1791.2495 | N24: =M24/L24 -> 77.880412 | O24: =L24-I24 -> 0 | P24: =N24-K24 -> -9.0761101 | Q24: =N24/K24 -> 0.89562473 | S24: 0.36875 | T24: 0.44034722 | U24: 5.7666667 | V24: 103.10122 | W24: 0.44034722 | X24: 0.47847222 | AC24: 4 | AE24: =M24-J24 -> -208.75053 | AF24: =M24/J24 -> 0.89562473
B25: 便當 | C25: 蔬活腿排補力餐盒 | E25: 71.55 | F25: 2463 | G25: =E25*F25 -> 176227.65 | I25: 22 | J25: 2000 | K25: =J25/I25 -> 90.909091 | L25: 22 | M25: =F25/V25*60 -> 1787.6327 | N25: =M25/L25 -> 81.256031 | O25: =L25-I25 -> 0 | P25: =N25-K25 -> -9.6530602 | Q25: =N25/K25 -> 0.89381634 | S25: 0.47847222 | T25: 0.53587963 | U25: 54.9 | V25: 82.66799 | AC25: 2 | AE25: =M25-J25 -> -212.36732 | AF25: =M25/J25 -> 0.89381634
B26: 4℃-飯糰 | C26: 麻油雞飯糰 | E26: 29.97 | F26: 2845 | G26: =E26*F26 -> 85264.65 | I26: 21 | J26: 2790 | K26: =J26/I26 -> 132.85714 | L26: 22 | M26: =F26/V26*60 -> 2626.6346 | N26: =M26/L26 -> 119.39248 | O26: =L26-I26 -> 1 | P26: =N26-K26 -> -13.46466 | Q26: =N26/K26 -> 0.89865309 | S26: 0.53958333 | T26: 0.58471065 | U26: 5.3333333 | V26: 64.988103 | AC26: 2 | AE26: =M26-J26 -> -163.36538 | AF26: =M26/J26 -> 0.9414461
B38: 平均 | I38: =AVERAGE(I22:I37) -> 21.4 | J38: =AVERAGE(J22:J37) -> 2158 | K38: =J38/I38 -> 100.84112 | L38: =AVERAGE(L22:L37) -> 21.6 | M38: =AVERAGE(M22:M37) -> 1955.7447 | N38: =M38/L38 -> 90.543734 | O38: =L38-I38 -> 0.2 | P38: =N38-K38 -> -10.297387 | Q38: =N38/K38 -> 0.89788504 | S38: 0.25 | T38: 0.58471065 | Y38: =SUM(Y22:Y37) -> 0 | Z38: =SUM(Z22:Z37) -> 0 | AC38: =SUM(AC22:AC37) -> 12 | AD38: =SUM(AD22:AD37) -> 0 | AE38: =M38-J38 -> -202.25534 | AF38: =M38/J38 -> 0.90627649
A39: 涼麵二線 | B39: 微波小吃 | C39: 日式茶碗蒸 | E39: 19.7 | F39: 3732 | G39: =E39*F39 -> 73520.4 | I39: 13 | J39: 1200 | K39: =J39/I39 -> 92.307692 | L39: 13 | M39: =F39/V39*60 -> 1080.3619 | N39: =M39/L39 -> 83.104762 | O39: =L39-I39 -> 0 | P39: =N39-K39 -> -9.20293 | Q39: =N39/K39 -> 0.90030159 | R39: =Q55 -> 0.89496134 | S39: 0.25 | T39: 0.39392361 | V39: 207.26388 | AC39: 3 | AE39: =M39-J39 -> -119.63809 | AF39: =M39/J39 -> 0.90030159 | AG39: =AF55 -> 0.89496134
B40: 便當 | C40: 香檸奶油魚排蔬滿盒 | E40: 77.35 | F40: 1796 | G40: =E40*F40 -> 138920.6 | I40: 26 | J40: 2000 | K40: =J40/I40 -> 76.923077 | L40: 26 | M40: =F40/V40*60 -> 1790.9662 | N40: =M40/L40 -> 68.883315 | O40: =L40-I40 -> 0 | P40: =N40-K40 -> -8.0397614 | Q40: =N40/K40 -> 0.8954831 | S40: 0.39791667 | T40: 0.43969907 | U40: 5.75 | V40: 60.16864 | AC40: 1 | AE40: =M40-J40 -> -209.0338 | AF40: =M40/J40 -> 0.8954831
B41: 便當 | C41: 美式雞丁餐盒 | E41: 59.34 | F41: 1673 | G41: =E41*F41 -> 99275.82 | I41: 24 | J41: 2000 | K41: =J41/I41 -> 83.333333 | L41: 24 | M41: =F41/V41*60 -> 1786.2165 | N41: =M41/L41 -> 74.425687 | O41: =L41-I41 -> 0 | P41: =N41-K41 -> -8.907646 | Q41: =N41/K41 -> 0.89310825 | S41: 0.44375 | T41: 0.4827662 | U41: 5.8333333 | V41: 56.196995 | W41: 0.4827662 | X41: 0.52083333 | AC41: 2 | AE41: =M41-J41 -> -213.7835 | AF41: =M41/J41 -> 0.89310825
B42: 便當 | C42: 烤蛋白餐盒 | E42: 58.67 | F42: 4204 | G42: =E42*F42 -> 246648.68 | I42: 23 | J42: 2000 | K42: =J42/I42 -> 86.956522 | L42: 23 | M42: =F42/V42*60 -> 1786.1771 | N42: =M42/L42 -> 77.659872 | O42: =L42-I42 -> 0 | P42: =N42-K42 -> -9.2966493 | Q42: =N42/K42 -> 0.89308853 | S42: 0.52083333 | T42: 0.61890046 | U42: 54.816667 | V42: 141.2178 | AC42: 4 | AE42: =M42-J42 -> -213.82293 | AF42: =M42/J42 -> 0.89308853
B55: 平均 | I55: =AVERAGE(I39:I54) -> 21.5 | J55: =AVERAGE(J39:J54) -> 1800 | K55: =J55/I55 -> 83.72093 | L55: =AVERAGE(L39:L54) -> 21.5 | M55: =AVERAGE(M39:M54) -> 1610.9304 | N55: =M55/L55 -> 74.926996 | O55: =L55-I55 -> 0 | P55: =N55-K55 -> -8.793934 | Q55: =N55/K55 -> 0.89496134 | S55: 0.25 | T55: 0.61890046 | Y55: =SUM(Y39:Y54) -> 0 | Z55: =SUM(Z39:Z54) -> 0 | AC55: =SUM(AC39:AC54) -> 10 | AD55: =SUM(AD39:AD54) -> 0 | AE55: =M55-J55 -> -189.06958 | AF55: =M55/J55 -> 0.89496134
A56: 涼麵三線 | B56: 季節調理麵 | C56: 和風涓絲冷麵 | E56: 28.86 | F56: 2455 | G56: =E56*F56 -> 70851.3 | I56: 19 | J56: 3600 | K56: =J56/I56 -> 189.47368 | L56: 19 | M56: =F56/V56*60 -> 3172.4271 | N56: =M56/L56 -> 166.96985 | O56: =L56-I56 -> 0 | P56: =N56-K56 -> -22.503835 | Q56: =N56/K56 -> 0.88122976 | R56: =Q72 -> 0.87851748 | S56: 0.20833333 | T56: 0.24056713 | V56: 46.431326 | AC56: 1 | AE56: =M56-J56 -> -427.57287 | AF56: =M56/J56 -> 0.88122976 | AG56: =AF72 -> 0.87851748
B57: 季節調理麵 | C57: 台式麻醬涼麵 | E57: 31.11 | F57: 3204 | G57: =E57*F57 -> 99676.44 | I57: 19 | J57: 3600 | K57: =J57/I57 -> 189.47368 | L57: 19 | M57: =F57/V57*60 -> 3171.6561 | N57: =M57/L57 -> 166.92927 | O57: =L57-I57 -> 0 | P57: =N57-K57 -> -22.544416 | Q57: =N57/K57 -> 0.88101558 | S57: 0.24375 | T57: 0.28583333 | U57: 4.5833333 | V57: 60.611868 | AC57: 1 | AE57: =M57-J57 -> -428.34391 | AF57: =M57/J57 -> 0.88101558
B58: 季節調理麵 | C58: 鰹魚烏龍冷麵 | E58: 38.99 | F58: 5677 | G58: =E58*F58 -> 221346.23 | I58: 19 | J58: 3600 | K58: =J58/I58 -> 189.47368 | L58: 19 | M58: =F58/V58*60 -> 2952 | N58: =M58/L58 -> 155.36842 | O58: =L58-I58 -> 0 | P58: =N58-K58 -> -34.105263 | Q58: =N58/K58 -> 0.82 | S58: 0.28888889 | T58: 0.3690162 | U58: 5 | V58: 115.38618 | AC58: 3 | AE58: =M58-J58 -> -648 | AF58: =M58/J58 -> 0.82
B59: 季節調理麵 | C59: 大滿足香辣涼麵 | E59: 38.48 | F59: 5261 | G59: =E59*F59 -> 202443.28 | I59: 20 | J59: 3600 | K59: =J59/I59 -> 180 | L59: 20 | M59: =F59/V59*60 -> 3257.7316 | N59: =M59/L59 -> 162.88658 | O59: =L59-I59 -> 0 | P59: =N59-K59 -> -17.113421 | Q59: =N59/K59 -> 0.90492544 | S59: 0.37291667 | T59: 0.44019676 | U59: 5.6166667 | V59: 96.895644 | W59: 0.44019676 | X59: 0.47777778 | AC59: 2 | AE59: =M59-J59 -> -342.26842 | AF59: =M59/J59 -> 0.90492544
B60: 季節調理麵 | C60: 大滿足麻醬涼麵 | E60: 37.8 | F60: 6520 | G60: =E60*F60 -> 246456 | I60: 21 | J60: 3600 | K60: =J60/I60 -> 171.42857 | L60: 21 | M60: =F60/V60*60 -> 3259.4999 | N60: =M60/L60 -> 155.21428 | O60: =L60-I60 -> 0 | P60: =N60-K60 -> -16.214291 | Q60: =N60/K60 -> 0.90541664 | S60: 0.47777778 | T60: 0.56112269 | U60: 55 | V60: 120.01841 | AC60: 4 | AE60: =M60-J60 -> -340.5001 | AF60: =M60/J60 -> 0.90541664
B72: 平均 | I72: =AVERAGE(I56:I71) -> 19.6 | J72: =AVERAGE(J56:J71) -> 3600 | K72: =J72/I72 -> 183.67347 | L72: =AVERAGE(L56:L71) -> 19.6 | M72: =AVERAGE(M56:M71) -> 3162.6629 | N72: =M72/L72 -> 161.36035 | O72: =L72-I72 -> 0 | P72: =N72-K72 -> -22.313115 | Q72: =N72/K72 -> 0.87851748 | S72: 0.20833333 | T72: 0.56112269 | Y72: =SUM(Y56:Y71) -> 0 | Z72: =SUM(Z56:Z71) -> 0 | AC72: =SUM(AC56:AC71) -> 11 | AD72: =SUM(AD56:AD71) -> 0 | AE72: =M72-J72 -> -437.33706 | AF72: =M72/J72 -> 0.87851748
A73: 自動包裝機3 | B73: 4℃-飯糰 | C73: 蟹味可樂餅風炸飯糰 | E73: 21.92 | F73: 963 | G73: =E73*F73 -> 21108.96 | I73: 6 | J73: 3600 | K73: =J73/I73 -> 600 | L73: 6 | M73: =F73/V73*60 -> 3259.1808 | N73: =M73/L73 -> 543.1968 | O73: =L73-I73 -> 0 | P73: =N73-K73 -> -56.803201 | Q73: =N73/K73 -> 0.905328 | R73: =Q89 -> 0.8974094 | S73: 0.29166667 | T73: 0.30396991 | V73: 17.728381 | AC73: 1 | AE73: =M73-J73 -> -340.81921 | AF73: =M73/J73 -> 0.905328 | AG73: =AF89 -> 0.8974094
B74: 4℃-壽司手卷 | C74: 元氣三重稻荷組 | E74: 30.36 | F74: 1817 | G74: =E74*F74 -> 55164.12 | I74: 11 | J74: 3000 | K74: =J74/I74 -> 272.72727 | L74: 11 | M74: =F74/V74*60 -> 2651.518 | N74: =M74/L74 -> 241.04709 | O74: =L74-I74 -> 0 | P74: =N74-K74 -> -31.680181 | Q74: =N74/K74 -> 0.88383934 | S74: 0.30694444 | T74: 0.33548611 | U74: 5 | V74: 41.11607 | AC74: 2 | AE74: =M74-J74 -> -348.48199 | AF74: =M74/J74 -> 0.88383934
B75: 4℃-壽司手卷 | C75: 山葵生鮪魚泥脆卷 | E75: 23.19 | F75: 1255 | G75: =E75*F75 -> 29103.45 | I75: 6 | J75: 2500 | K75: =J75/I75 -> 416.66667 | L75: 6 | M75: =F75/V75*60 -> 2249.181 | N75: =M75/L75 -> 374.8635 | O75: =L75-I75 -> 0 | P75: =N75-K75 -> -41.803162 | Q75: =N75/K75 -> 0.89967241 | S75: 0.33888889 | T75: 0.36212963 | U75: 4.9 | V75: 33.478853 | AC75: 2 | AE75: =M75-J75 -> -250.81897 | AF75: =M75/J75 -> 0.89967241
B76: 4℃-壽司手卷 | C76: 醬油生鮭脆卷 | E76: 23.55 | F76: 1723 | G76: =E76*F76 -> 40576.65 | I76: 6 | J76: 2500 | K76: =J76/I76 -> 416.66667 | L76: 6 | M76: =F76/V76*60 -> 2250.0692 | N76: =M76/L76 -> 375.01153 | O76: =L76-I76 -> 0 | P76: =N76-K76 -> -41.655135 | Q76: =N76/K76 -> 0.90002768 | S76: 0.36597222 | T76: 0.39787037 | U76: 5.5333333 | V76: 45.945254 | AC76: 1 | AE76: =M76-J76 -> -249.93081 | AF76: =M76/J76 -> 0.90002768
B89: 平均 | I89: =AVERAGE(I73:I88) -> 7.25 | J89: =AVERAGE(J73:J88) -> 2900 | K89: =J89/I89 -> 400 | L89: =AVERAGE(L73:L88) -> 7.25 | M89: =AVERAGE(M73:M88) -> 2602.4873 | N89: =M89/L89 -> 358.96376 | O89: =L89-I89 -> 0 | P89: =N89-K89 -> -41.03624 | Q89: =N89/K89 -> 0.8974094 | S89: 0.29166667 | T89: 0.39787037 | Y89: =SUM(Y73:Y88) -> 0 | Z89: =SUM(Z73:Z88) -> 0 | AC89: =SUM(AC73:AC88) -> 6 | AD89: =SUM(AD73:AD88) -> 0 | AE89: =M89-J89 -> -297.51274 | AF89: =M89/J89 -> 0.8974094
A90: 便當二線 (二配) | B90: 微波主食 | C90: 二配鐵板豆腐燴蛋蓋飯 | E90: 44.98 | F90: 2058 | G90: =E90*F90 -> 92568.84 | I90: 21 | J90: 1800 | K90: =J90/I90 -> 85.714286 | L90: 21 | M90: =F90/V90*60 -> 1605.5724 | N90: =M90/L90 -> 76.455827 | O90: =L90-I90 -> 0 | P90: =N90-K90 -> -9.2584589 | Q90: =N90/K90 -> 0.89198465 | R90: =Q106 -> 0.89198465 | S90: 0.70833333 | T90: 0.76173611 | V90: 76.907153 | AC90: 3 | AE90: =M90-J90 -> -194.42764 | AF90: =M90/J90 -> 0.89198465 | AG90: =AF106 -> 0.89198465
B106: 平均 | I106: =AVERAGE(I90:I105) -> 21 | J106: =AVERAGE(J90:J105) -> 1800 | K106: =J106/I106 -> 85.714286 | L106: =AVERAGE(L90:L105) -> 21 | M106: =AVERAGE(M90:M105) -> 1605.5724 | N106: =M106/L106 -> 76.455827 | O106: =L106-I106 -> 0 | P106: =N106-K106 -> -9.2584589 | Q106: =N106/K106 -> 0.89198465 | S106: 0.70833333 | T106: 0.76173611 | Y106: =SUM(Y90:Y105) -> 0 | Z106: =SUM(Z90:Z105) -> 0 | AC106: =SUM(AC90:AC105) -> 3 | AD106: =SUM(AD90:AD105) -> 0 | AE106: =M106-J106 -> -194.42764 | AF106: =M106/J106 -> 0.89198465
A107: 涼麵一線 (二配) | B107: 微波主食 | C107: 二配濃起司燻腸紅醬焗烤飯 | E107: 50.67 | F107: 1774 | G107: =E107*F107 -> 89888.58 | I107: 20 | J107: 2000 | K107: =J107/I107 -> 100 | L107: 20 | M107: =F107/V107*60 -> 1786.261 | N107: =M107/L107 -> 89.31305 | O107: =L107-I107 -> 0 | P107: =N107-K107 -> -10.68695 | Q107: =N107/K107 -> 0.8931305 | R107: =Q123 -> 0.87725389 | S107: 0.70833333 | T107: 0.74971065 | V107: 59.588156 | AC107: 2 | AE107: =M107-J107 -> -213.739 | AF107: =M107/J107 -> 0.8931305 | AG107: =AF123 -> 0.89320396
B108: 微波主食 | C108: 二配失控起司薯餅焗飯 | E108: 54.09 | F108: 1038 | G108: =E108*F108 -> 56145.42 | I108: 19 | J108: 2000 | K108: =J108/I108 -> 105.26316 | L108: 20 | M108: =F108/V108*60 -> 1786 | N108: =M108/L108 -> 89.3 | O108: =L108-I108 -> 1 | P108: =N108-K108 -> -15.963158 | Q108: =N108/K108 -> 0.84835 | S108: 0.75347222 | T108: 0.77768519 | U108: 5.4166667 | V108: 34.871221 | AC108: 2 | AE108: =M108-J108 -> -214 | AF108: =M108/J108 -> 0.893
B109: 微波主食 | C109: 二配打拋風味豆腐飯 | E109: 38.39 | F109: 3104 | G109: =E109*F109 -> 119162.56 | I109: 16 | J109: 2000 | K109: =J109/I109 -> 125 | L109: 16 | M109: =F109/V109*60 -> 1786.9628 | N109: =M109/L109 -> 111.68517 | O109: =L109-I109 -> 0 | P109: =N109-K109 -> -13.314827 | Q109: =N109/K109 -> 0.89348139 | S109: 0.78125 | T109: 0.85362269 | U109: 5.1333333 | V109: 104.22153 | AC109: 4 | AE109: =M109-J109 -> -213.03723 | AF109: =M109/J109 -> 0.89348139
B123: 平均 | I123: =AVERAGE(I107:I122) -> 18.333333 | J123: =AVERAGE(J107:J122) -> 2000 | K123: =J123/I123 -> 109.09091 | L123: =AVERAGE(L107:L122) -> 18.666667 | M123: =AVERAGE(M107:M122) -> 1786.4079 | N123: =M123/L123 -> 95.700425 | O123: =L123-I123 -> 0.33333333 | P123: =N123-K123 -> -13.390485 | Q123: =N123/K123 -> 0.87725389 | S123: 0.70833333 | T123: 0.85362269 | Y123: =SUM(Y107:Y122) -> 0 | Z123: =SUM(Z107:Z122) -> 0 | AC123: =SUM(AC107:AC122) -> 8 | AD123: =SUM(AD107:AD122) -> 0 | AE123: =M123-J123 -> -213.59208 | AF123: =M123/J123 -> 0.89320396
A124: 涼麵二線 (二配) | B124: 微波主食 | C124: 二配哞哞培根奶香海陸焗飯 | E124: 47.6 | F124: 1833 | G124: =E124*F124 -> 87250.8 | I124: 23 | J124: 2000 | K124: =J124/I124 -> 86.956522 | L124: 23 | M124: =F124/V124*60 -> 1785.0552 | N124: =M124/L124 -> 77.611098 | O124: =L124-I124 -> 0 | P124: =N124-K124 -> -9.345424 | Q124: =N124/K124 -> 0.89252762 | R124: =Q140 -> 0.89409193 | S124: 0.70833333 | T124: 0.75111111 | V124: 61.611538 | AC124: 2 | AE124: =M124-J124 -> -214.94475 | AF124: =M124/J124 -> 0.89252762 | AG124: =AF140 -> 0.89409193
B125: 微波主食 | C125: 二配黃金雞排蘑菇白醬歐姆蛋飯 | E125: 56.87 | F125: 1564 | G125: =E125*F125 -> 88944.68 | I125: 23 | J125: 2000 | K125: =J125/I125 -> 86.956522 | L125: 23 | M125: =F125/V125*60 -> 1787.8213 | N125: =M125/L125 -> 77.731361 | O125: =L125-I125 -> 0 | P125: =N125-K125 -> -9.225161 | Q125: =N125/K125 -> 0.89391065 | S125: 0.75486111 | T125: 0.79130787 | U125: 5.4 | V125: 52.488467 | AC125: 2 | AE125: =M125-J125 -> -212.1787 | AF125: =M125/J125 -> 0.89391065
B126: 微波主食 | C126: 二配里肌豬排可可咖哩歐姆蛋飯 | E126: 56.79 | F126: 2127 | G126: =E126*F126 -> 120792.33 | I126: 23 | J126: 2000 | K126: =J126/I126 -> 86.956522 | L126: 23 | M126: =F126/V126*60 -> 1791.675 | N126: =M126/L126 -> 77.898914 | O126: =L126-I126 -> 0 | P126: =N126-K126 -> -9.0576074 | Q126: =N126/K126 -> 0.89583752 | S126: 0.79513889 | T126: 0.84459491 | U126: 5.5166667 | V126: 71.229435 | AC126: 3 | AE126: =M126-J126 -> -208.32497 | AF126: =M126/J126 -> 0.89583752
B140: 平均 | I140: =AVERAGE(I124:I139) -> 23 | J140: =AVERAGE(J124:J139) -> 2000 | K140: =J140/I140 -> 86.956522 | L140: =AVERAGE(L124:L139) -> 23 | M140: =AVERAGE(M124:M139) -> 1788.1839 | N140: =M140/L140 -> 77.747124 | O140: =L140-I140 -> 0 | P140: =N140-K140 -> -9.2093975 | Q140: =N140/K140 -> 0.89409193 | S140: 0.70833333 | T140: 0.84459491 | Y140: =SUM(Y124:Y139) -> 0 | Z140: =SUM(Z124:Z139) -> 0 | AC140: =SUM(AC124:AC139) -> 7 | AD140: =SUM(AD124:AD139) -> 0 | AE140: =M140-J140 -> -211.81614 | AF140: =M140/J140 -> 0.89409193
AA142: 原因回覆
AA143: 1.當日出勤人數較多
AA144: 2.當日出勤人數較少
AA145: 3.當日出勤熟手較多
AA146: 4.當日出勤新人較多
AA147: 5.機台夾盒
AA148: 6.封膜不順
AA149: 7.更換膠膜
AA150: 8.更換碳帶
AA151: 9.當日熱轉印碳帶異常
AA152: 10.訂單量過少
AA153: 11.新品上市，尚未熟悉
AA154: 12.活動期間品項需貼標

Sheet 0427
B1: 屏榮 大溪廠組合室生產人時性分析
B3: 日期 | C3: 115.04.27星期一 | E3: 訂單量 | F3: ='0427(18度C)'!D1+'0427(4度C)'!D1 -> 216945 | H3: 營業額 | I3: ='0427(18度C)'!F1+'0427(4度C)'!F1 -> 6475474.2
B4: 人時性 | C4: 項目 | E4: ➀ | G4: ➁ | I4: ➂ | K4: ④ | M4: ⑤ | O4: 異常停線 | Q4: 短暫停線
C5: 組合室 | E5: 全溫層 | G5: 4度C-各編組展開(一配) | I5: 4度C-各編組展開(二配) | K5: 18度C-各編組展開(一配) | M5: 18度C-各編組展開(二配) | O5: 合計次數 | P5: 時間 | Q5: 合計次數 | R5: 設備次數
C6: 排關平均 | E6: =AVERAGE(D14:O14,D32:X32) -> 448.44456 | F6: =AVERAGE(#REF!,D14:K14) -> #REF! | G6: =AVERAGE(D14:K14) -> 171.61882 | I6: =AVERAGE(L14:O14) -> 93.920572 | K6: =AVERAGE(D32:O32) -> 718.21912 | M6: =AVERAGE(P32:X32) -> 723.15154 | O6: ='0427(4度C)'!Y2 -> 0 | P6: ='0427(4度C)'!Z2 -> 0 | Q6: ='0427(4度C)'!AC2 -> 61 | R6: ='0427(4度C)'!AD2 -> 0
C7: 實績平均 | E7: =AVERAGE(D15:O15,D33:X33) -> 400.16794 | F7: =AVERAGE(#REF!,D15:K15) -> #REF! | G7: =AVERAGE(D15:K15) -> 153.84819 | I7: =AVERAGE(L15:O15) -> 83.326194 | K7: =AVERAGE(D33:O33) -> 641.09422 | M7: =AVERAGE(P33:X33) -> 644.5411
C8: 達成率平均 | E8: =AVERAGE(D16:O16,D34:X34) -> 0.89175553 | F8: =AVERAGE(D16:K16,#REF!) -> #REF! | G8: =AVERAGE(D16:K16) -> 0.89499748 | I8: =AVERAGE(L16:O16) -> 0.88805361 | K8: =AVERAGE(D34:O34) -> 0.89065395 | M8: =AVERAGE(P34:X34) -> 0.8918565
O9: ※現行日本鮮食廠以達成率80%為基本(即為現行KPI)
B11: 溫層 | D11: ➁4度C-各編組展開 | L11: ➂4度C-各編組展開
B12: 編組 | D12: 1 | E12: 2 | F12: 3 | G12: 4 | H12: 5 | I12: 6 | J12: 7 | K12: 8 | L12: 1 | M12: 2 | N12: 3 | O12: 4
D13: 便當一線 | E13: 便當二線 | F13: 涼麵一線 | G13: 涼麵二線 | H13: 涼麵三線 | I13: 自動包裝機 | J13: 自動包裝機2 | K13: 自動包裝機3 | L13: 便當一線 | M13: 便當二線 | N13: 涼麵一線 | O13: 涼麵二線
B14: 人時性 | C14: 排關 | D14: - | E14: 84.507042 | F14: 93.023256 | G14: 83.72093 | H14: 171.9 | I14: - | J14: - | K14: 424.94286 | L14: - | M14: 85.714286 | N14: 109.09091 | O14: 86.956522
C15: 實績 | D15: - | E15: 75.527077 | F15: 83.194055 | G15: 74.939089 | H15: 153.41715 | I15: - | J15: - | K15: 382.1636 | L15: - | M15: 76.498684 | N15: 95.718282 | O15: 77.761617
C16: 達成率 | D16: - | E16: =E15/E14 -> 0.89373707 | F16: =F15/F14 -> 0.89433609 | G16: =G15/G14 -> 0.89510579 | H16: =H15/H14 -> 0.89247907 | I16: - | J16: - | K16: =K15/K14 -> 0.89932938 | L16: - | M16: =M15/M14 -> 0.89248465 | N16: =N15/N14 -> 0.87741758 | O16: =O15/O14 -> 0.8942586
B17: 作業 時間 | C17: 開始 | D17: - | E17: 0.25 | F17: 0.25 | G17: 0.25 | H17: 0.20833333 | I17: - | J17: - | K17: 0.29166667 | L17: - | M17: 0.70833333 | N17: 0.70833333 | O17: 0.70833333
C18: 結束 | D18: - | E18: 0.58298611 | F18: 0.55859954 | G18: 0.62704861 | H18: 0.53010417 | I18: - | J18: - | K18: 0.4362963 | L18: - | M18: 0.76771991 | N18: 0.86510417 | O18: 0.8534375
B19: 產線異常 (5分鐘以上) | C19: 次數
C20: 時間/分
B21: 短暫停線 (5分鐘以下) | C21: 次數 | E21: 13 | F21: 10 | G21: 10 | H21: 8 | K21: 7 | M21: 3 | N21: 6 | O21: 4
C22: 設備次數
B23: 配置人數 | D23: - | E23: 23.666667 | F23: 21.5 | G23: 21.5 | H23: 20 | I23: - | J23: - | K23: 7 | L23: - | M23: 21 | N23: 18.666667 | O23: 23
B24: 主要應用設備 | D24: L型封口機 | E24: ET-55 | F24: ET-55 | G24: ET-55 | H24: ET-600 | I24: 伺服包裝機 | J24: 伺服包裝機 | K24: 伺服包裝機 | L24: L型封口機 | M24: ET-55 | N24: ET-55 | O24: ET-55
B25: 次要應用設備 | D25: 伺服包裝機 | H25: 伺服包裝機
B26: 備註 | H26: 涼麵+烤飯糰 | I26: 大口飯糰線 | K26: 烤飯糰+手卷
B29: 溫層 | D29: ➃18度C-各編組展開 (一配) | P29: ⑤18度C-各編組展開 (二配)
B30: 編組 | D30: 1 | E30: 2 | F30: 3 | G30: 4 | H30: 5 | I30: 6 | J30: 7 | K30: 8 | L30: 9 | M30: 10 | N30: 11 | O30: 12 | P30: 1 | Q30: 2 | R30: 3 | S30: 4 | T30: 5 | U30: 6 | V30: 7 | W30: 8 | X30: 9
D31: 便當一線 | E31: 涼麵一線 | F31: 涼麵三線 | G31: 自動包裝機 | H31: 自動包裝機2 | I31: 自動包裝機3 | J31: 味付飯糰線B | K31: (舊) 3300型飯糰線 | L31: 3000型飯糰線 | M31: (新) 3300型飯糰機 | N31: GKK3600型 飯糰機 | O31: GKK3600型 飯糰機2 | P31: 自動包裝機 | Q31: 自動包裝機2 | R31: 自動包裝機3 | S31: 味付飯糰線B | T31: (舊) 3300型飯糰線 | U31: 3000型飯糰線 | V31: (新) 3300型飯糰機 | W31: GKK3600型 飯糰機 | X31: GKK3600型 飯糰機2
B32: 人時性 | C32: 排關 | D32: - | E32: - | F32: - | G32: 306.38298 | H32: 433.33333 | I32: - | J32: - | K32: - | L32: - | M32: 1100 | N32: 941.37931 | O32: 810 | P32: 291.89189 | Q32: - | R32: - | S32: - | T32: - | U32: - | V32: 775 | W32: 985.71429 | X32: 840
C33: 實績 | D33: - | E33: - | F33: - | G33: 268.5468 | H33: 389.96348 | I33: - | J33: - | K33: - | L33: - | M33: 993.52937 | N33: 836.80005 | O33: 716.63142 | P33: 260.73322 | Q33: - | R33: - | S33: - | T33: - | U33: - | V33: 695.91264 | W33: 875.9784 | X33: 745.54012
C34: 達成率 | D34: - | E34: - | F34: - | G34: =G33/G32 -> 0.8765069 | H34: =H33/H32 -> 0.89991573 | I34: - | J34: - | K34: - | L34: - | M34: =M33/M32 -> 0.90320852 | N34: =N33/N32 -> 0.88890848 | O34: =O33/O32 -> 0.88473014 | P34: =P33/P32 -> 0.8932527 | Q34: - | R34: - | S34: - | T34: - | U34: - | V34: =V33/V32 -> 0.89795179 | W34: =W33/W32 -> 0.88867374 | X34: =X33/X32 -> 0.88754777
B35: 作業 時間 | C35: 開始 | D35: - | E35: - | F35: - | G35: 0.29166667 | H35: 0.29166667 | I35: - | J35: - | K35: - | L35: - | M35: 0.35416667 | N35: 0.25 | O35: 0.25 | P35: 0.70833333 | Q35: - | R35: - | S35: - | T35: - | U35: - | V35: 0.70833333 | W35: 0.70833333 | X35: 0.70833333
C36: 結束 | D36: - | E36: - | F36: - | G36: 0.45096065 | H36: 0.32775463 | I36: - | J36: - | K36: - | L36: - | M36: 0.40365741 | N36: 0.67219907 | O36: 0.67362269 | P36: 0.78267361 | Q36: - | R36: - | S36: - | T36: - | U36: - | V36: 0.82821759 | W36: 1.2192593 | X36: 1.1965856
B37: 配置人數 | D37: - | E37: - | F37: - | G37: 11.75 | H37: 6 | I37: - | J37: - | K37: - | L37: - | M37: 3 | N37: 3.625 | O37: 4.4444444 | P37: 12.333333 | Q37: - | R37: - | S37: - | T37: - | U37: - | V37: 4 | W37: 3.5 | X37: 4.1666667
B38: 主要應用設備 | D38: 伺服包裝機 | E38: ET-55 | F38: ET-600 | G38: 夾心型 | H38: 伺服包裝機 | I38: 伺服包裝機 | J38: 夾心型 | K38: 3300型 | L38: 3300型 | M38: 3300型 | N38: GKK | O38: GKK | P38: 夾心型 | Q38: 伺服包裝機 | R38: 伺服包裝機 | S38: 夾心型 | T38: 3300型 | U38: 3300型 | V38: 3300型 | W38: GKK | X38: GKK
B39: 次要應用設備
B40: 備註

Sheet 0427(18度C)
A1: 大溪廠日報分析 | C1: 總生產量 | D1: =SUM(F5:F157) -> 138609 | E1: 營業額 | F1: =SUM(G5:G157) -> 2824029.7 | G1: 出勤人數 | H1: =L21+L38+L55+L72+L89+L106+L123+L140+L157 -> 52.819444 | I1: 產線配置圖 | L1: 生產實績 | O1: 人時性差異分析 | S1: 日報登錄 | Y1: 分析說明 | AA1: 產能差異分析
A2: 46139 | C2: 人時性 | D2: =AVERAGE(N21,N38,N55,N72,N89,N106,N123,N140,N157) -> 642.62617 | E2: 平均廠價 | F2: =F1/D1 -> 20.374072 | G2: 多次生產數 | H2: =COUNT(H5:H157) -> 16
A3: 線別 | B3: 品類 | C3: 品名 | E3: 廠價 | F3: 生產量 | G3: 營收 | H3: 多次 生產 | I3: 人數 | J3: 產能/時 | K3: 人時性 | L3: 人數 | M3: 產能/時 | N3: 人時性 | O3: 人數 | P3: 人時性 | Q3: 達成率 | R3: 達成率 平均 | S3: 生產時間 | U3: 換線、休息/分 | V3: 稼動時間/分 | W3: 休息時間 | Y3: (屏榮回填) | AA3: 產能/時 | AB3: 達成率 | AC3: 達成率平均
S4: 開始 | T4: 結束 | W4: 開始 | X4: 結束
A5: 自動包裝機 | B5: 18℃-壽司手卷 | C5: 一配長野稻荷壽司 | E5: 25.64 | F5: 1642 | G5: =E5*F5 -> 42100.88 | I5: 11 | J5: 3600 | K5: =J5/I5 -> 327.27273 | L5: 11 | M5: =F5/V5*60 -> 3182.3557 | N5: =M5/L5 -> 289.30507 | O5: =L5-I5 -> 0 | P5: =N5-K5 -> -37.96766 | Q5: =N5/K5 -> 0.88398771 | R5: =Q21 -> 0.8765069 | S5: 0.29166667 | T5: 0.31315972 | V5: 30.958198 | AA5: =M5-J5 -> -417.64425 | AB5: =M5/J5 -> 0.88398771 | AC5: =AB21 -> 0.8765069
B6: 18℃-壽司手卷 | C6: 一配經典人氣雙手卷 | E6: 29.52 | F6: 3592 | G6: =E6*F6 -> 106035.84 | I6: 12 | J6: 3600 | K6: =J6/I6 -> 300 | L6: 12 | M6: =F6/V6*60 -> 3156.4791 | N6: =M6/L6 -> 263.03992 | O6: =L6-I6 -> 0 | P6: =N6-K6 -> -36.960075 | Q6: =N6/K6 -> 0.87679975 | S6: 0.31666667 | T6: 0.36407407 | U6: 5.05 | V6: 68.278608 | AA6: =M6-J6 -> -443.5209 | AB6: =M6/J6 -> 0.87679975
B7: 18℃-壽司手卷 | C7: 一配鮭鮪海饌雙手卷 | E7: 29.85 | F7: 4029 | G7: =E7*F7 -> 120265.65 | I7: 12 | J7: 3600 | K7: =J7/I7 -> 300 | L7: 12 | M7: =F7/V7*60 -> 3158.6498 | N7: =M7/L7 -> 263.22082 | O7: =L7-I7 -> 0 | P7: =N7-K7 -> -36.779182 | Q7: =N7/K7 -> 0.87740273 | S7: 0.36736111 | T7: 0.42049769 | U7: 4.7333333 | V7: 76.5327 | AA7: =M7-J7 -> -441.35018 | AB7: =M7/J7 -> 0.87740273
B8: 18℃-飯糰 | C8: 一配兩粒飯糰(鮪魚.焦糖鮭魚) | E8: 28.57 | F8: 1999 | G8: =E8*F8 -> 57111.43 | I8: 12 | J8: 3600 | K8: =J8/I8 -> 300 | L8: 12 | M8: =F8/V8*60 -> 3124.2147 | N8: =M8/L8 -> 260.35123 | O8: =L8-I8 -> 0 | P8: =N8-K8 -> -39.648771 | Q8: =N8/K8 -> 0.86783743 | S8: 0.42430556 | T8: 0.45096065 | U8: 5.4833333 | V8: 38.390447 | AA8: =M8-J8 -> -475.78525 | AB8: =M8/J8 -> 0.86783743
B21: 平均 | I21: =AVERAGE(I5:I20) -> 11.75 | J21: =AVERAGE(J5:J20) -> 3600 | K21: =J21/I21 -> 306.38298 | L21: =AVERAGE(L5:L20) -> 11.75 | M21: =AVERAGE(M5:M20) -> 3155.4249 | N21: =M21/L21 -> 268.5468 | O21: =L21-I21 -> 0 | P21: =N21-K21 -> -37.836183 | Q21: =N21/K21 -> 0.8765069 | S21: 0.29166667 | T21: 0.45096065 | AA21: =M21-J21 -> -444.57515 | AB21: =M21/J21 -> 0.8765069
A22: 自動包裝機2 | B22: 18℃-壽司手卷 | C22: 一配雙鬆細卷 | E22: 14.03 | F22: 843 | G22: =E22*F22 -> 11827.29 | I22: 6 | J22: 2600 | K22: =J22/I22 -> 433.33333 | L22: 6 | M22: =F22/V22*60 -> 2339.429 | N22: =M22/L22 -> 389.90484 | O22: =L22-I22 -> 0 | P22: =N22-K22 -> -43.428498 | Q22: =N22/K22 -> 0.89978039 | R22: =Q38 -> 0.89991573 | S22: 0.29166667 | T22: 0.30667824 | V22: 21.62066 | AA22: =M22-J22 -> -260.57099 | AB22: =M22/J22 -> 0.89978039 | AC22: =AB38 -> 0.89991573
B23: 18℃-壽司手卷 | C23: 一配經典鮪魚沙拉細卷 | E23: 14.49 | F23: 1013 | G23: =E23*F23 -> 14678.37 | I23: 6 | J23: 2600 | K23: =J23/I23 -> 433.33333 | L23: 6 | M23: =F23/V23*60 -> 2340.1328 | N23: =M23/L23 -> 390.02213 | O23: =L23-I23 -> 0 | P23: =N23-K23 -> -43.311203 | Q23: =N23/K23 -> 0.90005107 | S23: 0.30972222 | T23: 0.32775463 | U23: 5 | V23: 25.972885 | AA23: =M23-J23 -> -259.86722 | AB23: =M23/J23 -> 0.90005107
B38: 平均 | I38: =AVERAGE(I22:I37) -> 6 | J38: =AVERAGE(J22:J37) -> 2600 | K38: =J38/I38 -> 433.33333 | L38: =AVERAGE(L22:L37) -> 6 | M38: =AVERAGE(M22:M37) -> 2339.7809 | N38: =M38/L38 -> 389.96348 | O38: =L38-I38 -> 0 | P38: =N38-K38 -> -43.36985 | Q38: =N38/K38 -> 0.89991573 | S38: 0.29166667 | T38: 0.32775463 | AA38: =M38-J38 -> -260.2191 | AB38: =M38/J38 -> 0.89991573
A39: (新) 3300型飯糰機 | B39: 18℃-飯糰 | C39: 一配鮭魚奶油醬油飯糰 | E39: 18.53 | F39: 3541 | G39: =E39*F39 -> 65614.73 | I39: 3 | J39: 3300 | K39: =J39/I39 -> 1100 | L39: 3 | M39: =F39/V39*60 -> 2980.5881 | N39: =M39/L39 -> 993.52937 | O39: =L39-I39 -> 0 | P39: =N39-K39 -> -106.47063 | Q39: =N39/K39 -> 0.90320852 | R39: =Q55 -> 0.90320852 | S39: 0.35416667 | T39: 0.40365741 | V39: 71.281234 | AA39: =M39-J39 -> -319.41189 | AB39: =M39/J39 -> 0.90320852 | AC39: =AB55 -> 0.90320852
B55: 平均 | I55: =AVERAGE(I39:I54) -> 3 | J55: =AVERAGE(J39:J54) -> 3300 | K55: =J55/I55 -> 1100 | L55: =AVERAGE(L39:L54) -> 3 | M55: =AVERAGE(M39:M54) -> 2980.5881 | N55: =M55/L55 -> 993.52937 | O55: =L55-I55 -> 0 | P55: =N55-K55 -> -106.47063 | Q55: =N55/K55 -> 0.90320852 | S55: 0.35416667 | T55: 0.40365741 | AA55: =M55-J55 -> -319.41189 | AB55: =M55/J55 -> 0.90320852
A56: GKK3600型 飯糰機 | B56: 18℃-飯糰 | C56: 一配經典肉鬆飯糰 | E56: 14.03 | F56: 1633 | G56: =E56*F56 -> 22910.99 | H56: 2 | I56: 3 | J56: 3000 | K56: =J56/I56 -> 1000 | L56: 3 | M56: =F56/V56*60 -> 2706.6987 | N56: =M56/L56 -> 902.2329 | O56: =L56-I56 -> 0 | P56: =N56-K56 -> -97.7671 | Q56: =N56/K56 -> 0.9022329 | R56: =Q72 -> 0.88890848 | S56: 0.25 | T56: 0.27512731 | V56: 36.199079 | AA56: =M56-J56 -> -293.3013 | AB56: =M56/J56 -> 0.9022329 | AC56: =AB72 -> 0.88890848
B57: 18℃-飯糰 | C57: 一配鮪魚飯糰 | E57: 14.28 | F57: 2285 | G57: =E57*F57 -> 32629.8 | H57: 2 | I57: 3 | J57: 3600 | K57: =J57/I57 -> 1200 | L57: 3 | M57: =F57/V57*60 -> 3181.9253 | N57: =M57/L57 -> 1060.6418 | O57: =L57-I57 -> 0 | P57: =N57-K57 -> -139.35822 | Q57: =N57/K57 -> 0.88386815 | S57: 0.28541667 | T57: 0.31533565 | U57: 14.816667 | V57: 43.08712 | AA57: =M57-J57 -> -418.07467 | AB57: =M57/J57 -> 0.88386815
B58: 18℃-飯糰 | C58: 一配鹽蔥燒肉飯糰 | E58: 17.89 | F58: 3571 | G58: =E58*F58 -> 63885.19 | I58: 4 | J58: 3600 | K58: =J58/I58 -> 900 | L58: 4 | M58: =F58/V58*60 -> 3180.0843 | N58: =M58/L58 -> 795.02108 | O58: =L58-I58 -> 0 | P58: =N58-K58 -> -104.97892 | Q58: =N58/K58 -> 0.88335675 | S58: 0.32569444 | T58: 0.37247685 | U58: 14.916667 | V58: 67.375572 | AA58: =M58-J58 -> -419.9157 | AB58: =M58/J58 -> 0.88335675
B59: 18℃-飯糰 | C59: 一配壹號醬炙烤牛飯糰 | E59: 22.28 | F59: 1231 | G59: =E59*F59 -> 27426.68 | I59: 5 | J59: 3300 | K59: =J59/I59 -> 660 | L59: 5 | M59: =F59/V59*60 -> 2939.3347 | N59: =M59/L59 -> 587.86694 | O59: =L59-I59 -> 0 | P59: =N59-K59 -> -72.133062 | Q59: =N59/K59 -> 0.89070748 | S59: 0.38263889 | T59: 0.40008102 | U59: 14.633333 | V59: 25.128135 | AA59: =M59-J59 -> -360.66531 | AB59: =M59/J59 -> 0.89070748
B60: 18℃-飯糰 | C60: 一配明太子龍蝦風味沙拉飯糰 | E60: 18.18 | F60: 2571 | G60: =E60*F60 -> 46740.78 | I60: 3 | J60: 3600 | K60: =J60/I60 -> 1200 | L60: 3 | M60: =F60/V60*60 -> 3183.7183 | N60: =M60/L60 -> 1061.2394 | O60: =L60-I60 -> 0 | P60: =N60-K60 -> -138.76057 | Q60: =N60/K60 -> 0.88436619 | S60: 0.41041667 | T60: 0.4440625 | U60: 14.883333 | V60: 48.452779 | AA60: =M60-J60 -> -416.28171 | AB60: =M60/J60 -> 0.88436619
B61: 18℃-飯糰 | C61: 一配鹽蔥生鮭飯糰 | E61: 27.48 | F61: 5830 | G61: =E61*F61 -> 160208.4 | I61: 5 | J61: 3600 | K61: =J61/I61 -> 720 | L61: 5 | M61: =F61/V61*60 -> 3186.8161 | N61: =M61/L61 -> 637.36321 | O61: =L61-I61 -> 0 | P61: =N61-K61 -> -82.636789 | Q61: =N61/K61 -> 0.88522668 | S61: 0.45416667 | T61: 0.53038194 | U61: 14.55 | V61: 109.76473 | AA61: =M61-J61 -> -413.18395 | AB61: =M61/J61 -> 0.88522668
B62: 18℃-飯糰 | C62: 一配經典肉鬆飯糰 | E62: 14.03 | F62: 3522 | G62: =E62*F62 -> 49413.66 | I62: 3 | J62: 3000 | K62: =J62/I62 -> 1000 | L62: 3 | M62: =F62/V62*60 -> 2706.6987 | N62: =M62/L62 -> 902.2329 | O62: =L62-I62 -> 0 | P62: =N62-K62 -> -97.7671 | Q62: =N62/K62 -> 0.9022329 | S62: 0.54027778 | T62: 0.59449074 | U62: 15 | V62: 78.072968 | AA62: =M62-J62 -> -293.3013 | AB62: =M62/J62 -> 0.9022329
B63: 18℃-飯糰 | C63: 一配鮪魚飯糰 | E63: 14.28 | F63: 5143 | G63: =E63*F63 -> 73442.04 | I63: 3 | J63: 3600 | K63: =J63/I63 -> 1200 | L63: 3 | M63: =F63/V63*60 -> 3181.9253 | N63: =M63/L63 -> 1060.6418 | O63: =L63-I63 -> 0 | P63: =N63-K63 -> -139.35822 | Q63: =N63/K63 -> 0.88386815 | S63: 0.60486111 | T63: 0.67219907 | U63: 14.933333 | V63: 96.97902 | AA63: =M63-J63 -> -418.07467 | AB63: =M63/J63 -> 0.88386815
B72: 平均 | I72: =AVERAGE(I56:I71) -> 3.625 | J72: =AVERAGE(J56:J71) -> 3412.5 | K72: =J72/I72 -> 941.37931 | L72: =AVERAGE(L56:L71) -> 3.625 | M72: =AVERAGE(M56:M71) -> 3033.4002 | N72: =M72/L72 -> 836.80005 | O72: =L72-I72 -> 0 | P72: =N72-K72 -> -104.57926 | Q72: =N72/K72 -> 0.88890848 | S72: 0.25 | T72: 0.67219907 | AA72: =M72-J72 -> -379.09982 | AB72: =M72/J72 -> 0.88890848
A73: GKK3600型 飯糰機2 | B73: 18℃-飯糰 | C73: 一配柚檸海灣貝飯糰 | E73: 23.72 | F73: 2030 | G73: =E73*F73 -> 48151.6 | H73: 2 | I73: 5 | J73: 3600 | K73: =J73/I73 -> 720 | L73: 5 | M73: =F73/V73*60 -> 3180.9375 | N73: =M73/L73 -> 636.18751 | O73: =L73-I73 -> 0 | P73: =N73-K73 -> -83.812492 | Q73: =N73/K73 -> 0.88359376 | R73: =Q89 -> 0.88473014 | S73: 0.25 | T73: 0.27658565 | V73: 38.290598 | AA73: =M73-J73 -> -419.06246 | AB73: =M73/J73 -> 0.88359376 | AC73: =AB89 -> 0.88473014
B74: 18℃-飯糰 | C74: 一配雞肉飯飯糰 | E74: 16.66 | F74: 1453 | G74: =E74*F74 -> 24206.98 | H74: 2 | I74: 5 | J74: 3600 | K74: =J74/I74 -> 720 | L74: 5 | M74: =F74/V74*60 -> 3184.6958 | N74: =M74/L74 -> 636.93917 | O74: =L74-I74 -> 0 | P74: =N74-K74 -> -83.060834 | Q74: =N74/K74 -> 0.88463773 | S74: 0.28680556 | T74: 0.30581019 | U74: 14.716667 | V74: 27.374671 | AA74: =M74-J74 -> -415.30417 | AB74: =M74/J74 -> 0.88463773
B75: 18℃-飯糰 | C75: 一配蔬食鮪魚飯糰 | E75: 18.18 | F75: 1273 | G75: =E75*F75 -> 23143.14 | I75: 3 | J75: 3600 | K75: =J75/I75 -> 1200 | L75: 3 | M75: =F75/V75*60 -> 3182.6659 | N75: =M75/L75 -> 1060.8886 | O75: =L75-I75 -> 0 | P75: =N75-K75 -> -139.11136 | Q75: =N75/K75 -> 0.88407386 | S75: 0.31597222 | T75: 0.33262731 | U75: 14.633333 | V75: 23.998749 | AA75: =M75-J75 -> -417.33409 | AB75: =M75/J75 -> 0.88407386
B76: 18℃-飯糰 | C76: 一配熟成紅鮭飯糰 | E76: 25.03 | F76: 2326 | G76: =E76*F76 -> 58219.78 | I76: 5 | J76: 3600 | K76: =J76/I76 -> 720 | L76: 5 | M76: =F76/V76*60 -> 3189.222 | N76: =M76/L76 -> 637.8444 | O76: =L76-I76 -> 0 | P76: =N76-K76 -> -82.155597 | Q76: =N76/K76 -> 0.885895 | S76: 0.34236111 | T76: 0.37274306 | U76: 15 | V76: 43.759889 | AA76: =M76-J76 -> -410.77799 | AB76: =M76/J76 -> 0.885895
B77: 18℃-飯糰 | C77: 一配北海道秋鮭親子飯糰 | E77: 24.82 | F77: 2671 | G77: =E77*F77 -> 66294.22 | I77: 5 | J77: 3600 | K77: =J77/I77 -> 720 | L77: 5 | M77: =F77/V77*60 -> 3188.8718 | N77: =M77/L77 -> 637.77437 | O77: =L77-I77 -> 0 | P77: =N77-K77 -> -82.225633 | Q77: =N77/K77 -> 0.88579773 | S77: 0.38263889 | T77: 0.41753472 | U77: 15 | V77: 50.256018 | AA77: =M77-J77 -> -411.12816 | AB77: =M77/J77 -> 0.88579773
B78: 18℃-飯糰 | C78: 一配贅沢鮭魚肚飯糰 | E78: 30 | F78: 3492 | G78: =E78*F78 -> 104760 | I78: 4 | J78: 3600 | K78: =J78/I78 -> 900 | L78: 4 | M78: =F78/V78*60 -> 3186.36 | N78: =M78/L78 -> 796.59 | O78: =L78-I78 -> 0 | P78: =N78-K78 -> -103.41 | Q78: =N78/K78 -> 0.8851 | S78: 0.42777778 | T78: 0.4734375 | U78: 14.75 | V78: 65.755282 | AA78: =M78-J78 -> -413.64 | AB78: =M78/J78 -> 0.8851
B79: 18℃-飯糰 | C79: 一配山葵章魚飯糰 | E79: 25.2 | F79: 5239 | G79: =E79*F79 -> 132022.8 | I79: 3 | J79: 3600 | K79: =J79/I79 -> 1200 | L79: 3 | M79: =F79/V79*60 -> 3186.8702 | N79: =M79/L79 -> 1062.2901 | O79: =L79-I79 -> 0 | P79: =N79-K79 -> -137.70995 | Q79: =N79/K79 -> 0.88524171 | S79: 0.48333333 | T79: 0.5518287 | U79: 15 | V79: 98.635961 | AA79: =M79-J79 -> -413.12984 | AB79: =M79/J79 -> 0.88524171
B80: 18℃-飯糰 | C80: 一配柚檸海灣貝飯糰 | E80: 23.72 | F80: 2983 | G80: =E80*F80 -> 70756.76 | I80: 5 | J80: 3600 | K80: =J80/I80 -> 720 | L80: 5 | M80: =F80/V80*60 -> 3180.9375 | N80: =M80/L80 -> 636.18751 | O80: =L80-I80 -> 0 | P80: =N80-K80 -> -83.812492 | Q80: =N80/K80 -> 0.88359376 | S80: 0.56180556 | T80: 0.60086806 | U80: 15 | V80: 56.26643 | AA80: =M80-J80 -> -419.06246 | AB80: =M80/J80 -> 0.88359376
B81: 18℃-飯糰 | C81: 一配雞肉飯飯糰 | E81: 16.66 | F81: 4778 | G81: =E81*F81 -> 79601.48 | I81: 5 | J81: 3600 | K81: =J81/I81 -> 720 | L81: 5 | M81: =F81/V81*60 -> 3184.6958 | N81: =M81/L81 -> 636.93917 | O81: =L81-I81 -> 0 | P81: =N81-K81 -> -83.060834 | Q81: =N81/K81 -> 0.88463773 | S81: 0.61111111 | T81: 0.67362269 | U81: 14.75 | V81: 90.018016 | AA81: =M81-J81 -> -415.30417 | AB81: =M81/J81 -> 0.88463773
B89: 平均 | I89: =AVERAGE(I73:I88) -> 4.4444444 | J89: =AVERAGE(J73:J88) -> 3600 | K89: =J89/I89 -> 810 | L89: =AVERAGE(L73:L88) -> 4.4444444 | M89: =AVERAGE(M73:M88) -> 3185.0285 | N89: =M89/L89 -> 716.63142 | O89: =L89-I89 -> 0 | P89: =N89-K89 -> -93.368583 | Q89: =N89/K89 -> 0.88473014 | S89: 0.25 | T89: 0.67362269 | AA89: =M89-J89 -> -414.97148 | AB89: =M89/J89 -> 0.88473014
A90: 自動包裝機 (二配) | B90: 18℃-飯糰 | C90: 二配兩粒飯糰(鮪魚.焦糖鮭魚) | E90: 28.57 | F90: 3105 | G90: =E90*F90 -> 88709.85 | I90: 12 | J90: 3600 | K90: =J90/I90 -> 300 | L90: 12 | M90: =F90/V90*60 -> 3124.6138 | N90: =M90/L90 -> 260.38448 | O90: =L90-I90 -> 0 | P90: =N90-K90 -> -39.61552 | Q90: =N90/K90 -> 0.86794827 | R90: =Q106 -> 0.8932527 | S90: 0.70833333 | T90: 0.7497338 | V90: 59.623369 | AA90: =M90-J90 -> -475.38624 | AB90: =M90/J90 -> 0.86794827 | AC90: =AB106 -> 0.8932527
B91: 18℃-飯糰 | C91: 二配鮮蝦旬彩炊飯飯糰 | E91: 20.17 | F91: 251 | G91: =E91*F91 -> 5062.67 | I91: 12 | J91: 3600 | K91: =J91/I91 -> 300 | L91: 12 | M91: =F91/V91*60 -> 3260.6614 | N91: =M91/L91 -> 271.72178 | O91: =L91-I91 -> 0 | P91: =N91-K91 -> -28.278217 | Q91: =N91/K91 -> 0.90573928 | S91: 0.75347222 | T91: 0.75667824 | U91: 5.3833333 | V91: 4.6186949 | AA91: =M91-J91 -> -339.33861 | AB91: =M91/J91 -> 0.90573928
B92: 18℃-飯糰 | C92: 二配溏心蛋五目飯糰 | E92: 20.42 | F92: 1743 | G92: =E92*F92 -> 35592.06 | I92: 13 | J92: 3600 | K92: =J92/I92 -> 276.92308 | L92: 13 | M92: =F92/V92*60 -> 3261.854 | N92: =M92/L92 -> 250.91185 | O92: =L92-I92 -> 0 | P92: =N92-K92 -> -26.011229 | Q92: =N92/K92 -> 0.90607056 | S92: 0.76041667 | T92: 0.78267361 | U92: 5.3833333 | V92: 32.061521 | AA92: =M92-J92 -> -338.14597 | AB92: =M92/J92 -> 0.90607056
B106: 平均 | I106: =AVERAGE(I90:I105) -> 12.333333 | J106: =AVERAGE(J90:J105) -> 3600 | K106: =J106/I106 -> 291.89189 | L106: =AVERAGE(L90:L105) -> 12.333333 | M106: =AVERAGE(M90:M105) -> 3215.7097 | N106: =M106/L106 -> 260.73322 | O106: =L106-I106 -> 0 | P106: =N106-K106 -> -31.158671 | Q106: =N106/K106 -> 0.8932527 | S106: 0.70833333 | T106: 0.78267361 | AA106: =M106-J106 -> -384.29027 | AB106: =M106/J106 -> 0.8932527
A107: (新) 3300型飯糰機 (二配) | B107: 18℃-飯糰 | C107: 二配鹽水G絲飯糰 | E107: 17.22 | F107: 2915 | G107: =E107*F107 -> 50196.3 | I107: 3 | J107: 3300 | K107: =J107/I107 -> 1100 | L107: 3 | M107: =F107/V107*60 -> 2979.1268 | N107: =M107/L107 -> 993.04227 | O107: =L107-I107 -> 0 | P107: =N107-K107 -> -106.95773 | Q107: =N107/K107 -> 0.9027657 | R107: =Q123 -> 0.89795179 | S107: 0.70833333 | T107: 0.74909722 | V107: 58.708478 | AA107: =M107-J107 -> -320.87318 | AB107: =M107/J107 -> 0.9027657 | AC107: =AB123 -> 0.89795179
B108: 18℃-飯糰 | C108: 二配大飯糰韓式蒜烤豬五花 | E108: 24.54 | F108: 1922 | G108: =E108*F108 -> 47165.88 | I108: 4 | J108: 3000 | K108: =J108/I108 -> 750 | L108: 4 | M108: =F108/V108*60 -> 2686.2248 | N108: =M108/L108 -> 671.5562 | O108: =L108-I108 -> 0 | P108: =N108-K108 -> -78.443798 | Q108: =N108/K108 -> 0.89540827 | S108: 0.75208333 | T108: 0.78188657 | U108: 5 | V108: 42.930137 | AA108: =M108-J108 -> -313.77519 | AB108: =M108/J108 -> 0.89540827
B109: 18℃-飯糰 | C109: 二配大飯糰乾燒風味鮮蝦 | E109: 23.27 | F109: 2804 | G109: =E109*F109 -> 65249.08 | I109: 5 | J109: 3000 | K109: =J109/I109 -> 600 | L109: 5 | M109: =F109/V109*60 -> 2685.6 | N109: =M109/L109 -> 537.12 | O109: =L109-I109 -> 0 | P109: =N109-K109 -> -62.88 | Q109: =N109/K109 -> 0.8952 | S109: 0.78472222 | T109: 0.82821759 | U109: 5 | V109: 62.645219 | AA109: =M109-J109 -> -314.4 | AB109: =M109/J109 -> 0.8952
B123: 平均 | I123: =AVERAGE(I107:I122) -> 4 | J123: =AVERAGE(J107:J122) -> 3100 | K123: =J123/I123 -> 775 | L123: =AVERAGE(L107:L122) -> 4 | M123: =AVERAGE(M107:M122) -> 2783.6505 | N123: =M123/L123 -> 695.91264 | O123: =L123-I123 -> 0 | P123: =N123-K123 -> -79.087364 | Q123: =N123/K123 -> 0.89795179 | S123: 0.70833333 | T123: 0.82821759 | AA123: =M123-J123 -> -316.34946 | AB123: =M123/J123 -> 0.89795179
A124: GKK3600型 飯糰機 (二配) | B124: 18℃-飯糰 | C124: 二配壹號醬炙烤牛飯糰 | E124: 22.28 | F124: 508 | G124: =E124*F124 -> 11318.24 | H124: 2 | I124: 5 | J124: 3300 | K124: =J124/I124 -> 660 | L124: 5 | M124: =F124/V124*60 -> 2937.8188 | N124: =M124/L124 -> 587.56376 | O124: =L124-I124 -> 0 | P124: =N124-K124 -> -72.436235 | Q124: =N124/K124 -> 0.89024813 | R124: =Q140 -> 0.88867374 | S124: 0.70833333 | T124: 0.71553241 | V124: 10.375044 | AA124: =M124-J124 -> -362.18118 | AB124: =M124/J124 -> 0.89024813 | AC124: =AB140 -> 0.88867374
B125: 18℃-飯糰 | C125: 二配經典肉鬆飯糰 | E125: 14.03 | F125: 2514 | G125: =E125*F125 -> 35271.42 | H125: 2 | I125: 3 | J125: 3000 | K125: =J125/I125 -> 1000 | L125: 3 | M125: =F125/V125*60 -> 2704.5152 | N125: =M125/L125 -> 901.50506 | O125: =L125-I125 -> 0 | P125: =N125-K125 -> -98.494942 | Q125: =N125/K125 -> 0.90150506 | S125: 0.72569444 | T125: 0.7644213 | U125: 14.633333 | V125: 55.773398 | AA125: =M125-J125 -> -295.48483 | AB125: =M125/J125 -> 0.90150506
B126: 18℃-飯糰 | C126: 二配三杯醬爆菇菇飯糰 | E126: 16.7 | F126: 448 | G126: =E126*F126 -> 7481.6 | H126: 2 | I126: 3 | J126: 3600 | K126: =J126/I126 -> 1200 | L126: 3 | M126: =F126/V126*60 -> 3197.9248 | N126: =M126/L126 -> 1065.9749 | O126: =L126-I126 -> 0 | P126: =N126-K126 -> -134.02508 | Q126: =N126/K126 -> 0.88831243 | S126: 0.77430556 | T126: 0.78013889 | U126: 15 | V126: 8.4054511 | AA126: =M126-J126 -> -402.07524 | AB126: =M126/J126 -> 0.88831243
B127: 18℃-飯糰 | C127: 二配蔬食鮪魚飯糰 | E127: 18.18 | F127: 432 | G127: =E127*F127 -> 7853.76 | H127: 2 | I127: 3 | J127: 3600 | K127: =J127/I127 -> 1200 | L127: 3 | M127: =F127/V127*60 -> 3179.8432 | N127: =M127/L127 -> 1059.9477 | O127: =L127-I127 -> 0 | P127: =N127-K127 -> -140.05228 | Q127: =N127/K127 -> 0.88328977 | S127: 0.79027778 | T127: 0.7959375 | U127: 14.6 | V127: 8.1513454 | AA127: =M127-J127 -> -420.15683 | AB127: =M127/J127 -> 0.88328977
B128: 18℃-飯糰 | C128: 二配贅沢鮭魚肚飯糰 | E128: 30 | F128: 1022 | G128: =E128*F128 -> 30660 | H128: 2 | I128: 4 | J128: 3600 | K128: =J128/I128 -> 900 | L128: 4 | M128: =F128/V128*60 -> 3191.04 | N128: =M128/L128 -> 797.76 | O128: =L128-I128 -> 0 | P128: =N128-K128 -> -102.24 | Q128: =N128/K128 -> 0.8864 | S128: 0.80625 | T128: 0.81958333 | U128: 14.85 | V128: 19.216306 | AA128: =M128-J128 -> -408.96 | AB128: =M128/J128 -> 0.8864
B129: 18℃-飯糰 | C129: 二配鮪魚飯糰 | E129: 14.28 | F129: 3248 | G129: =E129*F129 -> 46381.44 | H129: 2 | I129: 3 | J129: 3600 | K129: =J129/I129 -> 1200 | L129: 3 | M129: =F129/V129*60 -> 3184.4045 | N129: =M129/L129 -> 1061.4682 | O129: =L129-I129 -> 0 | P129: =N129-K129 -> -138.53184 | Q129: =N129/K129 -> 0.8845568 | S129: 0.82986111 | T129: 0.87234954 | U129: 14.8 | V129: 61.198256 | AA129: =M129-J129 -> -415.59552 | AB129: =M129/J129 -> 0.8845568
B130: 18℃-飯糰 | C130: 二配壹號醬炙烤牛飯糰 | E130: 22.28 | F130: 1403 | G130: =E130*F130 -> 31258.84 | I130: 5 | J130: 3300 | K130: =J130/I130 -> 660 | L130: 5 | M130: =F130/V130*60 -> 2937.8188 | N130: =M130/L130 -> 587.56376 | O130: =L130-I130 -> 0 | P130: =N130-K130 -> -72.436235 | Q130: =N130/K130 -> 0.89024813 | S130: 0.88263889 | T130: 0.90253472 | U130: 14.816667 | V130: 28.653911 | AA130: =M130-J130 -> -362.18118 | AB130: =M130/J130 -> 0.89024813
B131: 18℃-飯糰 | C131: 二配經典肉鬆飯糰 | E131: 14.03 | F131: 6312 | G131: =E131*F131 -> 88557.36 | I131: 3 | J131: 3000 | K131: =J131/I131 -> 1000 | L131: 3 | M131: =F131/V131*60 -> 2704.5152 | N131: =M131/L131 -> 901.50506 | O131: =L131-I131 -> 0 | P131: =N131-K131 -> -98.494942 | Q131: =N131/K131 -> 0.90150506 | S131: 0.9125 | T131: 1.0097338 | U131: 15 | V131: 140.03249 | AA131: =M131-J131 -> -295.48483 | AB131: =M131/J131 -> 0.90150506
B132: 18℃-飯糰 | C132: 二配三杯醬爆菇菇飯糰 | E132: 16.7 | F132: 1043 | G132: =E132*F132 -> 17418.1 | I132: 3 | J132: 3600 | K132: =J132/I132 -> 1200 | L132: 3 | M132: =F132/V132*60 -> 3197.9248 | N132: =M132/L132 -> 1065.9749 | O132: =L132-I132 -> 0 | P132: =N132-K132 -> -134.02508 | Q132: =N132/K132 -> 0.88831243 | S132: 1.0201389 | T132: 1.0337269 | U132: 14.983333 | V132: 19.568941 | AA132: =M132-J132 -> -402.07524 | AB132: =M132/J132 -> 0.88831243
B133: 18℃-飯糰 | C133: 二配蔬食鮪魚飯糰 | E133: 18.18 | F133: 911 | G133: =E133*F133 -> 16561.98 | I133: 3 | J133: 3600 | K133: =J133/I133 -> 1200 | L133: 3 | M133: =F133/V133*60 -> 3179.8432 | N133: =M133/L133 -> 1059.9477 | O133: =L133-I133 -> 0 | P133: =N133-K133 -> -140.05228 | Q133: =N133/K133 -> 0.88328977 | S133: 1.04375 | T133: 1.0556829 | U133: 15 | V133: 17.189527 | AA133: =M133-J133 -> -420.15683 | AB133: =M133/J133 -> 0.88328977
B134: 18℃-飯糰 | C134: 二配贅沢鮭魚肚飯糰 | E134: 30 | F134: 2500 | G134: =E134*F134 -> 75000 | I134: 4 | J134: 3600 | K134: =J134/I134 -> 900 | L134: 4 | M134: =F134/V134*60 -> 3191.04 | N134: =M134/L134 -> 797.76 | O134: =L134-I134 -> 0 | P134: =N134-K134 -> -102.24 | Q134: =N134/K134 -> 0.8864 | S134: 1.0659722 | T134: 1.0986111 | U134: 14.816667 | V134: 47.006619 | AA134: =M134-J134 -> -408.96 | AB134: =M134/J134 -> 0.8864
B135: 18℃-飯糰 | C135: 二配鮪魚飯糰 | E135: 14.28 | F135: 8425 | G135: =E135*F135 -> 120309 | I135: 3 | J135: 3600 | K135: =J135/I135 -> 1200 | L135: 3 | M135: =F135/V135*60 -> 3184.4045 | N135: =M135/L135 -> 1061.4682 | O135: =L135-I135 -> 0 | P135: =N135-K135 -> -138.53184 | Q135: =N135/K135 -> 0.8845568 | S135: 1.1090278 | T135: 1.2192593 | U135: 15 | V135: 158.7424 | AA135: =M135-J135 -> -415.59552 | AB135: =M135/J135 -> 0.8845568
B140: 平均 | I140: =AVERAGE(I124:I139) -> 3.5 | J140: =AVERAGE(J124:J139) -> 3450 | K140: =J140/I140 -> 985.71429 | L140: =AVERAGE(L124:L139) -> 3.5 | M140: =AVERAGE(M124:M139) -> 3065.9244 | N140: =M140/L140 -> 875.9784 | O140: =L140-I140 -> 0 | P140: =N140-K140 -> -109.73589 | Q140: =N140/K140 -> 0.88867374 | S140: 0.70833333 | T140: 1.2192593 | AA140: =M140-J140 -> -384.0756 | AB140: =M140/J140 -> 0.88867374
A141: GKK3600型 飯糰機2 (二配) | B141: 18℃-飯糰 | C141: 二配芝麻香鬆飯糰 | E141: 18.18 | F141: 644 | G141: =E141*F141 -> 11707.92 | H141: 2 | I141: 3 | J141: 3000 | K141: =J141/I141 -> 1000 | L141: 3 | M141: =F141/V141*60 -> 2709.2387 | N141: =M141/L141 -> 903.07957 | O141: =L141-I141 -> 0 | P141: =N141-K141 -> -96.920428 | Q141: =N141/K141 -> 0.90307957 | R141: =Q157 -> 0.88754777 | S141: 0.70833333 | T141: 0.71822917 | V141: 14.262309 | AA141: =M141-J141 -> -290.76128 | AB141: =M141/J141 -> 0.90307957 | AC141: =AB157 -> 0.88754777
B142: 18℃-飯糰 | C142: 二配明太子龍蝦風味沙拉飯糰 | E142: 18.18 | F142: 1177 | G142: =E142*F142 -> 21397.86 | H142: 2 | I142: 3 | J142: 3600 | K142: =J142/I142 -> 1200 | L142: 3 | M142: =F142/V142*60 -> 3178.6107 | N142: =M142/L142 -> 1059.5369 | O142: =L142-I142 -> 0 | P142: =N142-K142 -> -140.46309 | Q142: =N142/K142 -> 0.88294742 | S142: 0.72847222 | T142: 0.74390046 | U142: 14.75 | V142: 22.217253 | AA142: =M142-J142 -> -421.38928 | AB142: =M142/J142 -> 0.88294742
B143: 18℃-飯糰 | C143: 二配熟成紅鮭飯糰 | E143: 25.03 | F143: 865 | G143: =E143*F143 -> 21650.95 | H143: 2 | I143: 5 | J143: 3600 | K143: =J143/I143 -> 720 | L143: 5 | M143: =F143/V143*60 -> 3187.2575 | N143: =M143/L143 -> 637.4515 | O143: =L143-I143 -> 0 | P143: =N143-K143 -> -82.548502 | Q143: =N143/K143 -> 0.8853493 | S143: 0.75416667 | T143: 0.76547454 | U143: 14.783333 | V143: 16.283592 | AA143: =M143-J143 -> -412.74251 | AB143: =M143/J143 -> 0.8853493
B144: 18℃-飯糰 | C144: 二配北海道秋鮭親子飯糰 | E144: 24.82 | F144: 1093 | G144: =E144*F144 -> 27128.26 | H144: 2 | I144: 5 | J144: 3600 | K144: =J144/I144 -> 720 | L144: 5 | M144: =F144/V144*60 -> 3183.6318 | N144: =M144/L144 -> 636.72636 | O144: =L144-I144 -> 0 | P144: =N144-K144 -> -83.273644 | Q144: =N144/K144 -> 0.88434216 | S144: 0.77569444 | T144: 0.78998843 | U144: 14.716667 | V144: 20.599116 | AA144: =M144-J144 -> -416.36822 | AB144: =M144/J144 -> 0.88434216
B145: 18℃-飯糰 | C145: 二配鹽蔥燒肉飯糰 | E145: 17.89 | F145: 1769 | G145: =E145*F145 -> 31647.41 | H145: 2 | I145: 4 | J145: 3600 | K145: =J145/I145 -> 900 | L145: 4 | M145: =F145/V145*60 -> 3188.7765 | N145: =M145/L145 -> 797.19412 | O145: =L145-I145 -> 0 | P145: =N145-K145 -> -102.80588 | Q145: =N145/K145 -> 0.88577125 | S145: 0.8 | T145: 0.82311343 | U145: 15 | V145: 33.285494 | AA145: =M145-J145 -> -411.22351 | AB145: =M145/J145 -> 0.88577125
B146: 18℃-飯糰 | C146: 二配雞肉飯飯糰 | E146: 16.66 | F146: 2720 | G146: =E146*F146 -> 45315.2 | H146: 2 | I146: 5 | J146: 3600 | K146: =J146/I146 -> 720 | L146: 5 | M146: =F146/V146*60 -> 3190.9879 | N146: =M146/L146 -> 638.19758 | O146: =L146-I146 -> 0 | P146: =N146-K146 -> -81.802421 | Q146: =N146/K146 -> 0.88638553 | S146: 0.83333333 | T146: 0.86884259 | U146: 14.716667 | V146: 51.144036 | AA146: =M146-J146 -> -409.0121 | AB146: =M146/J146 -> 0.88638553
B147: 18℃-飯糰 | C147: 二配芝麻香鬆飯糰 | E147: 18.18 | F147: 1342 | G147: =E147*F147 -> 24397.56 | I147: 3 | J147: 3000 | K147: =J147/I147 -> 1000 | L147: 3 | M147: =F147/V147*60 -> 2709.2387 | N147: =M147/L147 -> 903.07957 | O147: =L147-I147 -> 0 | P147: =N147-K147 -> -96.920428 | Q147: =N147/K147 -> 0.90307957 | S147: 0.87916667 | T147: 0.89980324 | U147: 14.866667 | V147: 29.720526 | AA147: =M147-J147 -> -290.76128 | AB147: =M147/J147 -> 0.90307957
B148: 18℃-飯糰 | C148: 二配明太子龍蝦風味沙拉飯糰 | E148: 18.18 | F148: 2877 | G148: =E148*F148 -> 52303.86 | I148: 3 | J148: 3600 | K148: =J148/I148 -> 1200 | L148: 3 | M148: =F148/V148*60 -> 3178.6107 | N148: =M148/L148 -> 1059.5369 | O148: =L148-I148 -> 0 | P148: =N148-K148 -> -140.46309 | Q148: =N148/K148 -> 0.88294742 | S148: 0.90972222 | T148: 0.94743056 | U148: 15 | V148: 54.306744 | AA148: =M148-J148 -> -421.38928 | AB148: =M148/J148 -> 0.88294742
B149: 18℃-飯糰 | C149: 二配熟成紅鮭飯糰 | E149: 25.03 | F149: 1813 | G149: =E149*F149 -> 45379.39 | I149: 5 | J149: 3600 | K149: =J149/I149 -> 720 | L149: 5 | M149: =F149/V149*60 -> 3187.2575 | N149: =M149/L149 -> 637.4515 | O149: =L149-I149 -> 0 | P149: =N149-K149 -> -82.548502 | Q149: =N149/K149 -> 0.8853493 | S149: 0.95763889 | T149: 0.98133102 | U149: 14.7 | V149: 34.129655 | AA149: =M149-J149 -> -412.74251 | AB149: =M149/J149 -> 0.8853493
B150: 18℃-飯糰 | C150: 二配北海道秋鮭親子飯糰 | E150: 24.82 | F150: 2554 | G150: =E150*F150 -> 63390.28 | I150: 5 | J150: 3600 | K150: =J150/I150 -> 720 | L150: 5 | M150: =F150/V150*60 -> 3183.6318 | N150: =M150/L150 -> 636.72636 | O150: =L150-I150 -> 0 | P150: =N150-K150 -> -83.273644 | Q150: =N150/K150 -> 0.88434216 | S150: 0.99166667 | T150: 1.0250926 | U150: 14.883333 | V150: 48.133707 | AA150: =M150-J150 -> -416.36822 | AB150: =M150/J150 -> 0.88434216
B151: 18℃-飯糰 | C151: 二配鹽蔥燒肉飯糰 | E151: 17.89 | F151: 4587 | G151: =E151*F151 -> 82061.43 | I151: 4 | J151: 3600 | K151: =J151/I151 -> 900 | L151: 4 | M151: =F151/V151*60 -> 3188.7765 | N151: =M151/L151 -> 797.19412 | O151: =L151-I151 -> 0 | P151: =N151-K151 -> -102.80588 | Q151: =N151/K151 -> 0.88577125 | S151: 1.0354167 | T151: 1.0953472 | U151: 14.866667 | V151: 86.308965 | AA151: =M151-J151 -> -411.22351 | AB151: =M151/J151 -> 0.88577125
B152: 18℃-飯糰 | C152: 二配雞肉飯飯糰 | E152: 16.66 | F152: 6972 | G152: =E152*F152 -> 116153.52 | I152: 5 | J152: 3600 | K152: =J152/I152 -> 720 | L152: 5 | M152: =F152/V152*60 -> 3190.9879 | N152: =M152/L152 -> 638.19758 | O152: =L152-I152 -> 0 | P152: =N152-K152 -> -81.802421 | Q152: =N152/K152 -> 0.88638553 | S152: 1.1055556 | T152: 1.1965856 | U152: 14.7 | V152: 131.0942 | AA152: =M152-J152 -> -409.0121 | AB152: =M152/J152 -> 0.88638553
B157: 平均 | I157: =AVERAGE(I141:I156) -> 4.1666667 | J157: =AVERAGE(J141:J156) -> 3500 | K157: =J157/I157 -> 840 | L157: =AVERAGE(L141:L156) -> 4.1666667 | M157: =AVERAGE(M141:M156) -> 3106.4172 | N157: =M157/L157 -> 745.54012 | O157: =L157-I157 -> 0 | P157: =N157-K157 -> -94.459876 | Q157: =N157/K157 -> 0.88754777 | S157: 0.70833333 | T157: 1.1965856 | AA157: =M157-J157 -> -393.58282 | AB157: =M157/J157 -> 0.88754777
Y159: 原因回覆
Y160: 1.當日出勤人數較多
Y161: 2.當日出勤人數較少
Y162: 3.當日出勤熟手較多
Y163: 4.當日出勤新人較多
Y164: 5.機台夾盒
Y165: 6.封膜不順
Y166: 7.更換膠膜
Y167: 8.更換碳帶
Y168: 9.當日熱轉印碳帶異常
Y169: 10.訂單量過少
Y170: 11.新品上市，尚未熟悉
Y171: 12.活動期間品項需貼標

Sheet 0427(4度C)
A1: 大溪廠日報分析 | C1: 總生產量 | D1: =SUM(F5:F140) -> 78336 | E1: 營業額 | F1: =SUM(G5:G140) -> 3651444.5 | G1: 出勤人數 | H1: =L21+L38+L55+L72+L89+L106+L123+L140 -> 156.33333 | I1: 產線配置圖 | L1: 生產實績 | O1: 人時性差異分析 | S1: 日報登錄 | Y1: 合計次數 | Z1: 合計(時間/分) | AA1: 產線異常 分析說明(5分鐘以上) | AC1: 合計次數 | AD1: 合計(時間/分) | AE1: 產能差異分析
A2: 46139 | C2: 人時性 | D2: =AVERAGE(N21,N38,N55,N72,N89,N106,N123,N140) -> 127.40244 | E2: 平均廠價 | F2: =F1/D1 -> 46.612599 | G2: 多次生產數 | H2: =COUNT(H5:H140) -> 0 | Y2: =SUM(Y21,Y38,Y55,Y72,Y89,Y106,Y123,Y140) -> 0 | Z2: =SUM(Z21,Z38,Z55,Z72,Z89,Z106,Z123,Z140) -> 0 | AC2: =SUM(AC21,AC38,AC55,AC72,AC89,AC106,AC123,AC140) -> 61 | AD2: =SUM(AD21,AD38,AD55,AD72,AD89,AD106,AD123,AD140) -> 0
A3: 線別 | B3: 品類 | C3: 品名 | E3: 廠價 | F3: 生產量 | G3: 營收 | H3: 多次 生產 | I3: 人數 | J3: 產能/時 | K3: 人時性 | L3: 人數 | M3: 產能/時 | N3: 人時性 | O3: 人數 | P3: 人時性 | Q3: 達成率 | R3: 達成率 平均 | S3: 生產時間 | U3: 換線、休息/分 | V3: 稼動時間/分 | W3: 休息時間 | Y3: 產線異常統計(5分鐘以上) | AA3: (屏榮回填) | AC3: 短暫停線統計(5分鐘以下) | AE3: 產能/時 | AF3: 達成率 | AG3: 達成率平均
S4: 開始 | T4: 結束 | W4: 開始 | X4: 結束 | Y4: 次數 | Z4: 時間/分 | AC4: 總次數 | AD4: 設備因素(次數)
A5: 便當二線 | B5: 微波主食 | C5: 糖燻野郎三十天熟成牛飯 | E5: 56.77 | F5: 4032 | G5: =E5*F5 -> 228896.64 | I5: 24 | J5: 2000 | K5: =J5/I5 -> 83.333333 | L5: 24 | M5: =F5/V5*60 -> 1780.9585 | N5: =M5/L5 -> 74.206605 | O5: =L5-I5 -> 0 | P5: =N5-K5 -> -9.1267286 | Q5: =N5/K5 -> 0.89047926 | R5: =Q21 -> 0.89373707 | S5: 0.25 | T5: 0.3443287 | V5: 135.83697 | AC5: 5 | AE5: =M5-J5 -> -219.04149 | AF5: =M5/J5 -> 0.89047926 | AG5: =AF21 -> 0.89373707
B6: 便當 | C6: 健身G肉餐盒 | E6: 59.52 | F6: 5666 | G6: =E6*F6 -> 337240.32 | I6: 24 | J6: 2000 | K6: =J6/I6 -> 83.333333 | L6: 24 | M6: =F6/V6*60 -> 1790.5998 | N6: =M6/L6 -> 74.608324 | O6: =L6-I6 -> 0 | P6: =N6-K6 -> -8.7250098 | Q6: =N6/K6 -> 0.89529988 | S6: 0.34791667 | T6: 0.47975694 | U6: 5.1666667 | V6: 189.85817 | W6: 0.47975694 | X6: 0.51736111 | AC6: 6 | AE6: =M6-J6 -> -209.40024 | AF6: =M6/J6 -> 0.89529988
B7: 便當 | C7: 嫩烤香料雞胸排蔬滿盒 | E7: 77.34 | F7: 2821 | G7: =E7*F7 -> 218176.14 | I7: 23 | J7: 2000 | K7: =J7/I7 -> 86.956522 | L7: 23 | M7: =F7/V7*60 -> 1790.8642 | N7: =M7/L7 -> 77.86366 | O7: =L7-I7 -> 0 | P7: =N7-K7 -> -9.0928621 | Q7: =N7/K7 -> 0.89543209 | S7: 0.51736111 | T7: 0.58298611 | U7: 55 | V7: 94.51303 | AC7: 2 | AE7: =M7-J7 -> -209.13583 | AF7: =M7/J7 -> 0.89543209
B21: 平均 | I21: =AVERAGE(I5:I20) -> 23.666667 | J21: =AVERAGE(J5:J20) -> 2000 | K21: =J21/I21 -> 84.507042 | L21: =AVERAGE(L5:L20) -> 23.666667 | M21: =AVERAGE(M5:M20) -> 1787.4741 | N21: =M21/L21 -> 75.527077 | O21: =L21-I21 -> 0 | P21: =N21-K21 -> -8.9799655 | Q21: =N21/K21 -> 0.89373707 | S21: 0.25 | T21: 0.58298611 | Y21: =SUM(Y5:Y20) -> 0 | Z21: =SUM(Z5:Z20) -> 0 | AC21: =SUM(AC5:AC20) -> 13 | AD21: =SUM(AD5:AD20) -> 0 | AE21: =M21-J21 -> -212.52585 | AF21: =M21/J21 -> 0.89373707
A22: 涼麵一線 | B22: 便當 | C22: 香腸腿排雙拼便當 | E22: 53.76 | F22: 3036 | G22: =E22*F22 -> 163215.36 | I22: 20 | J22: 2000 | K22: =J22/I22 -> 100 | L22: 20 | M22: =F22/V22*60 -> 1787.4066 | N22: =M22/L22 -> 89.370328 | O22: =L22-I22 -> 0 | P22: =N22-K22 -> -10.629672 | Q22: =N22/K22 -> 0.89370328 | R22: =Q38 -> 0.89433609 | S22: 0.25 | T22: 0.32076389 | V22: 101.91302 | AC22: 3 | AE22: =M22-J22 -> -212.59345 | AF22: =M22/J22 -> 0.89370328 | AG22: =AF38 -> 0.89433609
B23: 便當 | C23: 經典滷肉飯 | E23: 47.37 | F23: 1868 | G23: =E23*F23 -> 88487.16 | I23: 21 | J23: 2000 | K23: =J23/I23 -> 95.238095 | L23: 21 | M23: =F23/V23*60 -> 1787.2 | N23: =M23/L23 -> 85.104762 | O23: =L23-I23 -> 0 | P23: =N23-K23 -> -10.133333 | Q23: =N23/K23 -> 0.8936 | S23: 0.32430556 | T23: 0.36784722 | U23: 5.1 | V23: 62.712623 | AC23: 1 | AE23: =M23-J23 -> -212.8 | AF23: =M23/J23 -> 0.8936
B24: 便當 | C24: 海陸雙拼肉肉餐盒 | E24: 59.54 | F24: 3554 | G24: =E24*F24 -> 211605.16 | I24: 23 | J24: 2000 | K24: =J24/I24 -> 86.956522 | L24: 23 | M24: =F24/V24*60 -> 1791.4495 | N24: =M24/L24 -> 77.889107 | O24: =L24-I24 -> 0 | P24: =N24-K24 -> -9.0674144 | Q24: =N24/K24 -> 0.89572473 | S24: 0.37152778 | T24: 0.45417824 | U24: 5.3 | V24: 119.0321 | W24: 0.45417824 | X24: 0.49375 | AC24: 3 | AE24: =M24-J24 -> -208.55053 | AF24: =M24/J24 -> 0.89572473
B25: 便當 | C25: 蔬活腿排補力餐盒 | E25: 71.55 | F25: 2784 | G25: =E25*F25 -> 199195.2 | I25: 22 | J25: 2000 | K25: =J25/I25 -> 90.909091 | L25: 22 | M25: =F25/V25*60 -> 1788.6327 | N25: =M25/L25 -> 81.301485 | O25: =L25-I25 -> 0 | P25: =N25-K25 -> -9.6076057 | Q25: =N25/K25 -> 0.89431634 | S25: 0.49375 | T25: 0.55859954 | U25: 56.983333 | V25: 93.389773 | AC25: 3 | AE25: =M25-J25 -> -211.36732 | AF25: =M25/J25 -> 0.89431634
B38: 平均 | I38: =AVERAGE(I22:I37) -> 21.5 | J38: =AVERAGE(J22:J37) -> 2000 | K38: =J38/I38 -> 93.023256 | L38: =AVERAGE(L22:L37) -> 21.5 | M38: =AVERAGE(M22:M37) -> 1788.6722 | N38: =M38/L38 -> 83.194055 | O38: =L38-I38 -> 0 | P38: =N38-K38 -> -9.8292012 | Q38: =N38/K38 -> 0.89433609 | S38: 0.25 | T38: 0.55859954 | Y38: =SUM(Y22:Y37) -> 0 | Z38: =SUM(Z22:Z37) -> 0 | AC38: =SUM(AC22:AC37) -> 10 | AD38: =SUM(AD22:AD37) -> 0 | AE38: =M38-J38 -> -211.32783 | AF38: =M38/J38 -> 0.89433609
A39: 涼麵二線 | B39: 微波小吃 | C39: 日式茶碗蒸 | E39: 19.7 | F39: 3618 | G39: =E39*F39 -> 71274.6 | I39: 13 | J39: 1200 | K39: =J39/I39 -> 92.307692 | L39: 13 | M39: =F39/V39*60 -> 1080.6019 | N39: =M39/L39 -> 83.123224 | O39: =L39-I39 -> 0 | P39: =N39-K39 -> -9.1844685 | Q39: =N39/K39 -> 0.90050159 | R39: =Q55 -> 0.89510579 | S39: 0.25 | T39: 0.38950231 | V39: 200.88804 | AC39: 5 | AE39: =M39-J39 -> -119.39809 | AF39: =M39/J39 -> 0.90050159 | AG39: =AF55 -> 0.89510579
B40: 便當 | C40: 香檸奶油魚排蔬滿盒 | E40: 77.35 | F40: 2049 | G40: =E40*F40 -> 158490.15 | I40: 26 | J40: 2000 | K40: =J40/I40 -> 76.923077 | L40: 26 | M40: =F40/V40*60 -> 1790.3662 | N40: =M40/L40 -> 68.860239 | O40: =L40-I40 -> 0 | P40: =N40-K40 -> -8.0628384 | Q40: =N40/K40 -> 0.8951831 | S40: 0.39305556 | T40: 0.44074074 | U40: 5.1166667 | V40: 68.667516 | AC40: 1 | AE40: =M40-J40 -> -209.6338 | AF40: =M40/J40 -> 0.8951831
B41: 便當 | C41: 美式雞丁餐盒 | E41: 59.34 | F41: 1935 | G41: =E41*F41 -> 114822.9 | I41: 24 | J41: 2000 | K41: =J41/I41 -> 83.333333 | L41: 24 | M41: =F41/V41*60 -> 1786.6165 | N41: =M41/L41 -> 74.442354 | O41: =L41-I41 -> 0 | P41: =N41-K41 -> -8.8909794 | Q41: =N41/K41 -> 0.89330825 | S41: 0.44444444 | T41: 0.48956019 | U41: 5.3333333 | V41: 64.983168 | W41: 0.48956019 | X41: 0.52708333 | AC41: 1 | AE41: =M41-J41 -> -213.3835 | AF41: =M41/J41 -> 0.89330825
B42: 便當 | C42: 烤蛋白餐盒 | E42: 58.67 | F42: 4288 | G42: =E42*F42 -> 251576.96 | I42: 23 | J42: 2000 | K42: =J42/I42 -> 86.956522 | L42: 23 | M42: =F42/V42*60 -> 1787.1771 | N42: =M42/L42 -> 77.703351 | O42: =L42-I42 -> 0 | P42: =N42-K42 -> -9.253171 | Q42: =N42/K42 -> 0.89358853 | S42: 0.52708333 | T42: 0.62704861 | U42: 55 | V42: 143.95888 | AC42: 3 | AE42: =M42-J42 -> -212.82293 | AF42: =M42/J42 -> 0.89358853
B55: 平均 | I55: =AVERAGE(I39:I54) -> 21.5 | J55: =AVERAGE(J39:J54) -> 1800 | K55: =J55/I55 -> 83.72093 | L55: =AVERAGE(L39:L54) -> 21.5 | M55: =AVERAGE(M39:M54) -> 1611.1904 | N55: =M55/L55 -> 74.939089 | O55: =L55-I55 -> 0 | P55: =N55-K55 -> -8.781841 | Q55: =N55/K55 -> 0.89510579 | S55: 0.25 | T55: 0.62704861 | Y55: =SUM(Y39:Y54) -> 0 | Z55: =SUM(Z39:Z54) -> 0 | AC55: =SUM(AC39:AC54) -> 10 | AD55: =SUM(AD39:AD54) -> 0 | AE55: =M55-J55 -> -188.80958 | AF55: =M55/J55 -> 0.89510579
A56: 涼麵三線 | B56: 季節調理麵 | C56: 和風涓絲冷麵 | E56: 28.86 | F56: 2347 | G56: =E56*F56 -> 67734.42 | I56: 19 | J56: 3600 | K56: =J56/I56 -> 189.47368 | L56: 19 | M56: =F56/V56*60 -> 3170.0946 | N56: =M56/L56 -> 166.84708 | O56: =L56-I56 -> 0 | P56: =N56-K56 -> -22.626603 | Q56: =N56/K56 -> 0.88058182 | R56: =Q72 -> 0.89247907 | S56: 0.20833333 | T56: 0.23917824 | V56: 44.421388 | AC56: 1 | AE56: =M56-J56 -> -429.90545 | AF56: =M56/J56 -> 0.88058182 | AG56: =AF72 -> 0.89247907
B57: 季節調理麵 | C57: 台式麻醬涼麵 | E57: 31.11 | F57: 3337 | G57: =E57*F57 -> 103814.07 | I57: 19 | J57: 3600 | K57: =J57/I57 -> 189.47368 | L57: 19 | M57: =F57/V57*60 -> 3172.0161 | N57: =M57/L57 -> 166.94822 | O57: =L57-I57 -> 0 | P57: =N57-K57 -> -22.525469 | Q57: =N57/K57 -> 0.88111558 | S57: 0.24305556 | T57: 0.28688657 | U57: 5.5833333 | V57: 63.120739 | AC57: 1 | AE57: =M57-J57 -> -427.98391 | AF57: =M57/J57 -> 0.88111558
B58: 季節調理麵 | C58: 大滿足香辣涼麵 | E58: 38.48 | F58: 5155 | G58: =E58*F58 -> 198364.4 | I58: 20 | J58: 3600 | K58: =J58/I58 -> 180 | L58: 20 | M58: =F58/V58*60 -> 3256.6516 | N58: =M58/L58 -> 162.83258 | O58: =L58-I58 -> 0 | P58: =N58-K58 -> -17.167421 | Q58: =N58/K58 -> 0.90462544 | S58: 0.29097222 | T58: 0.3569213 | U58: 5.8833333 | V58: 94.974851 | AC58: 3 | AE58: =M58-J58 -> -343.34842 | AF58: =M58/J58 -> 0.90462544
B59: 季節調理麵 | C59: 大滿足麻醬涼麵 | E59: 37.8 | F59: 6387 | G59: =E59*F59 -> 241428.6 | I59: 21 | J59: 3600 | K59: =J59/I59 -> 171.42857 | L59: 21 | M59: =F59/V59*60 -> 3258.7799 | N59: =M59/L59 -> 155.18 | O59: =L59-I59 -> 0 | P59: =N59-K59 -> -16.248576 | Q59: =N59/K59 -> 0.90521664 | S59: 0.35972222 | T59: 0.44137731 | U59: 5 | V59: 117.59616 | W59: 0.44137731 | X59: 0.47986111 | AC59: 2 | AE59: =M59-J59 -> -341.2201 | AF59: =M59/J59 -> 0.90521664
B60: 4℃-飯糰 | C60: 麻油雞飯糰 | E60: 29.97 | F60: 2996 | G60: =E60*F60 -> 89790.12 | I60: 21 | J60: 2790 | K60: =J60/I60 -> 132.85714 | L60: 21 | M60: =F60/V60*60 -> 2484.1731 | N60: =M60/L60 -> 118.29396 | O60: =L60-I60 -> 0 | P60: =N60-K60 -> -14.563187 | Q60: =N60/K60 -> 0.89038462 | S60: 0.47986111 | T60: 0.53010417 | U60: 55.416667 | V60: 72.362108 | AC60: 1 | AE60: =M60-J60 -> -305.82692 | AF60: =M60/J60 -> 0.89038462
B72: 平均 | I72: =AVERAGE(I56:I71) -> 20 | J72: =AVERAGE(J56:J71) -> 3438 | K72: =J72/I72 -> 171.9 | L72: =AVERAGE(L56:L71) -> 20 | M72: =AVERAGE(M56:M71) -> 3068.343 | N72: =M72/L72 -> 153.41715 | O72: =L72-I72 -> 0 | P72: =N72-K72 -> -18.482848 | Q72: =N72/K72 -> 0.89247907 | S72: 0.20833333 | T72: 0.53010417 | Y72: =SUM(Y56:Y71) -> 0 | Z72: =SUM(Z56:Z71) -> 0 | AC72: =SUM(AC56:AC71) -> 8 | AD72: =SUM(AD56:AD71) -> 0 | AE72: =M72-J72 -> -369.65696 | AF72: =M72/J72 -> 0.89247907
A73: 自動包裝機3 | B73: 4℃-壽司手卷 | C73: 明太子泡菜牛飯卷 | E73: 27.05 | F73: 616 | G73: =E73*F73 -> 16662.8 | I73: 6 | J73: 3273 | K73: =J73/I73 -> 545.5 | L73: 6 | M73: =F73/V73*60 -> 2966.1168 | N73: =M73/L73 -> 494.3528 | O73: =L73-I73 -> 0 | P73: =N73-K73 -> -51.147196 | Q73: =N73/K73 -> 0.90623795 | R73: =Q89 -> 0.89932938 | S73: 0.29166667 | T73: 0.3003125 | V73: 12.460736 | AC73: 1 | AE73: =M73-J73 -> -306.88318 | AF73: =M73/J73 -> 0.90623795 | AG73: =AF89 -> 0.89932938
B74: 4℃-飯糰 | C74: 蟹味可樂餅風炸飯糰 | E74: 21.92 | F74: 1132 | G74: =E74*F74 -> 24813.44 | I74: 6 | J74: 3600 | K74: =J74/I74 -> 600 | L74: 6 | M74: =F74/V74*60 -> 3257.7408 | N74: =M74/L74 -> 542.9568 | O74: =L74-I74 -> 0 | P74: =N74-K74 -> -57.043201 | Q74: =N74/K74 -> 0.904928 | S74: 0.30416667 | T74: 0.31863426 | U74: 5.55 | V74: 20.848804 | AC74: 1 | AE74: =M74-J74 -> -342.25921 | AF74: =M74/J74 -> 0.904928
B75: 4℃-壽司手卷 | C75: 元氣三重稻荷組 | E75: 30.36 | F75: 2081 | G75: =E75*F75 -> 63179.16 | I75: 11 | J75: 3000 | K75: =J75/I75 -> 272.72727 | L75: 11 | M75: =F75/V75*60 -> 2652.118 | N75: =M75/L75 -> 241.10164 | O75: =L75-I75 -> 0 | P75: =N75-K75 -> -31.625635 | Q75: =N75/K75 -> 0.88403934 | S75: 0.32222222 | T75: 0.35490741 | U75: 5.1666667 | V75: 47.079353 | AC75: 1 | AE75: =M75-J75 -> -347.88199 | AF75: =M75/J75 -> 0.88403934
B76: 4℃-壽司手卷 | C76: 山葵生鮪魚泥脆卷 | E76: 23.19 | F76: 1314 | G76: =E76*F76 -> 30471.66 | I76: 6 | J76: 2500 | K76: =J76/I76 -> 416.66667 | L76: 6 | M76: =F76/V76*60 -> 2249.931 | N76: =M76/L76 -> 374.9885 | O76: =L76-I76 -> 0 | P76: =N76-K76 -> -41.678162 | Q76: =N76/K76 -> 0.89997241 | S76: 0.35833333 | T76: 0.38266204 | U76: 4.9333333 | V76: 35.041074 | AC76: 1 | AE76: =M76-J76 -> -250.06897 | AF76: =M76/J76 -> 0.89997241
B77: 4℃-壽司手卷 | C77: 醬油生鮭脆卷 | E77: 23.55 | F77: 2710 | G77: =E77*F77 -> 63820.5 | I77: 6 | J77: 2500 | K77: =J77/I77 -> 416.66667 | L77: 6 | M77: =F77/V77*60 -> 2249.8192 | N77: =M77/L77 -> 374.96987 | O77: =L77-I77 -> 0 | P77: =N77-K77 -> -41.696801 | Q77: =N77/K77 -> 0.89992768 | S77: 0.38611111 | T77: 0.4362963 | U77: 4.9666667 | V77: 72.272474 | AC77: 3 | AE77: =M77-J77 -> -250.18081 | AF77: =M77/J77 -> 0.89992768
B89: 平均 | I89: =AVERAGE(I73:I88) -> 7 | J89: =AVERAGE(J73:J88) -> 2974.6 | K89: =J89/I89 -> 424.94286 | L89: =AVERAGE(L73:L88) -> 7 | M89: =AVERAGE(M73:M88) -> 2675.1452 | N89: =M89/L89 -> 382.1636 | O89: =L89-I89 -> 0 | P89: =N89-K89 -> -42.779261 | Q89: =N89/K89 -> 0.89932938 | S89: 0.29166667 | T89: 0.4362963 | Y89: =SUM(Y73:Y88) -> 0 | Z89: =SUM(Z73:Z88) -> 0 | AC89: =SUM(AC73:AC88) -> 7 | AD89: =SUM(AD73:AD88) -> 0 | AE89: =M89-J89 -> -299.45483 | AF89: =M89/J89 -> 0.89932938
A90: 便當二線 (二配) | B90: 微波主食 | C90: 二配鐵板豆腐燴蛋蓋飯 | E90: 44.98 | F90: 2290 | G90: =E90*F90 -> 103004.2 | I90: 21 | J90: 1800 | K90: =J90/I90 -> 85.714286 | L90: 21 | M90: =F90/V90*60 -> 1606.4724 | N90: =M90/L90 -> 76.498684 | O90: =L90-I90 -> 0 | P90: =N90-K90 -> -9.2156017 | Q90: =N90/K90 -> 0.89248465 | R90: =Q106 -> 0.89248465 | S90: 0.70833333 | T90: 0.76771991 | V90: 85.529016 | AC90: 3 | AE90: =M90-J90 -> -193.52764 | AF90: =M90/J90 -> 0.89248465 | AG90: =AF106 -> 0.89248465
B106: 平均 | I106: =AVERAGE(I90:I105) -> 21 | J106: =AVERAGE(J90:J105) -> 1800 | K106: =J106/I106 -> 85.714286 | L106: =AVERAGE(L90:L105) -> 21 | M106: =AVERAGE(M90:M105) -> 1606.4724 | N106: =M106/L106 -> 76.498684 | O106: =L106-I106 -> 0 | P106: =N106-K106 -> -9.2156017 | Q106: =N106/K106 -> 0.89248465 | S106: 0.70833333 | T106: 0.76771991 | Y106: =SUM(Y90:Y105) -> 0 | Z106: =SUM(Z90:Z105) -> 0 | AC106: =SUM(AC90:AC105) -> 3 | AD106: =SUM(AD90:AD105) -> 0 | AE106: =M106-J106 -> -193.52764 | AF106: =M106/J106 -> 0.89248465
A107: 涼麵一線 (二配) | B107: 微波主食 | C107: 二配濃起司燻腸紅醬焗烤飯 | E107: 50.67 | F107: 2009 | G107: =E107*F107 -> 101796.03 | I107: 20 | J107: 2000 | K107: =J107/I107 -> 100 | L107: 20 | M107: =F107/V107*60 -> 1787.061 | N107: =M107/L107 -> 89.35305 | O107: =L107-I107 -> 0 | P107: =N107-K107 -> -10.64695 | Q107: =N107/K107 -> 0.8935305 | R107: =Q123 -> 0.87741758 | S107: 0.70833333 | T107: 0.75517361 | V107: 67.451531 | AC107: 2 | AE107: =M107-J107 -> -212.939 | AF107: =M107/J107 -> 0.8935305 | AG107: =AF123 -> 0.89337063
B108: 微波主食 | C108: 二配失控起司薯餅焗飯 | E108: 54.09 | F108: 1092 | G108: =E108*F108 -> 59066.28 | I108: 19 | J108: 2000 | K108: =J108/I108 -> 105.26316 | L108: 20 | M108: =F108/V108*60 -> 1786 | N108: =M108/L108 -> 89.3 | O108: =L108-I108 -> 1 | P108: =N108-K108 -> -15.963158 | Q108: =N108/K108 -> 0.84835 | S108: 0.75833333 | T108: 0.78380787 | U108: 4.55 | V108: 36.68533 | AC108: 1 | AE108: =M108-J108 -> -214 | AF108: =M108/J108 -> 0.893
B109: 微波主食 | C109: 二配打拋風味豆腐飯 | E109: 38.39 | F109: 3329 | G109: =E109*F109 -> 127800.31 | I109: 16 | J109: 2000 | K109: =J109/I109 -> 125 | L109: 16 | M109: =F109/V109*60 -> 1787.1628 | N109: =M109/L109 -> 111.69767 | O109: =L109-I109 -> 0 | P109: =N109-K109 -> -13.302327 | Q109: =N109/K109 -> 0.89358139 | S109: 0.7875 | T109: 0.86510417 | U109: 5.3166667 | V109: 111.76374 | AC109: 3 | AE109: =M109-J109 -> -212.83723 | AF109: =M109/J109 -> 0.89358139
B123: 平均 | I123: =AVERAGE(I107:I122) -> 18.333333 | J123: =AVERAGE(J107:J122) -> 2000 | K123: =J123/I123 -> 109.09091 | L123: =AVERAGE(L107:L122) -> 18.666667 | M123: =AVERAGE(M107:M122) -> 1786.7413 | N123: =M123/L123 -> 95.718282 | O123: =L123-I123 -> 0.33333333 | P123: =N123-K123 -> -13.372627 | Q123: =N123/K123 -> 0.87741758 | S123: 0.70833333 | T123: 0.86510417 | Y123: =SUM(Y107:Y122) -> 0 | Z123: =SUM(Z107:Z122) -> 0 | AC123: =SUM(AC107:AC122) -> 6 | AD123: =SUM(AD107:AD122) -> 0 | AE123: =M123-J123 -> -213.25874 | AF123: =M123/J123 -> 0.89337063
