Workbook

Sheet 0531
B1: 屏榮 大溪廠組合室生產人時性分析
B3: 日期 | C3: 115.05.31星期日 | E3: 訂單量 | F3: ='0531(18度C)'!D1+'0531(4度C)'!D1 -> 243554 | H3: 營業額 | I3: ='0531(18度C)'!F1+'0531(4度C)'!F1 -> 7473420.7
B4: 人時性 | C4: 項目 | E4: ➀ | G4: ➁ | I4: ➂ | K4: ④ | M4: ⑤ | O4: 異常停線 | Q4: 短暫停線
C5: 組合室 | E5: 全溫層 | G5: 4度C-各編組展開(一配) | I5: 4度C-各編組展開(二配) | K5: 18度C-各編組展開(一配) | M5: 18度C-各編組展開(二配) | O5: 合計次數 | P5: 時間 | Q5: 合計次數 | R5: 設備次數
C6: 排關平均 | E6: =AVERAGE(D14:O14,D32:X32) -> 483.3671 | F6: =AVERAGE(#REF!,D14:K14) -> #REF! | G6: =AVERAGE(D14:K14) -> 231.40882 | I6: =AVERAGE(L14:O14) -> 92.630803 | K6: =AVERAGE(D32:O32) -> 820.88068 | M6: =AVERAGE(P32:X32) -> 719.15909 | O6: ='0531(4度C)'!Y2 -> 0 | P6: ='0531(4度C)'!Z2 -> 0 | Q6: ='0531(4度C)'!AC2 -> 0 | R6: ='0531(4度C)'!AD2 -> 0
C7: 實績平均 | E7: =AVERAGE(D15:O15,D33:X33) -> 432.62004 | F7: =AVERAGE(#REF!,D15:K15) -> #REF! | G7: =AVERAGE(D15:K15) -> 208.10492 | I7: =AVERAGE(L15:O15) -> 84.386889 | K7: =AVERAGE(D33:O33) -> 733.45537 | M7: =AVERAGE(P33:X33) -> 642.67395
C8: 達成率平均 | E8: =AVERAGE(D16:O16,D34:X34) -> 0.89519368 | F8: =AVERAGE(D16:K16,#REF!) -> #REF! | G8: =AVERAGE(D16:K16) -> 0.89534984 | I8: =AVERAGE(L16:O16) -> 0.9100553 | K8: =AVERAGE(D34:O34) -> 0.8901601 | M8: =AVERAGE(P34:X34) -> 0.89256222
O9: ※現行日本鮮食廠以達成率80%為基本(即為現行KPI)
B11: 溫層 | D11: ➁4度C-各編組展開 | L11: ➂4度C-各編組展開
B12: 編組 | D12: 1 | E12: 2 | F12: 3 | G12: 4 | H12: 5 | I12: 6 | J12: 7 | K12: 8 | L12: 1 | M12: 2 | N12: 3 | O12: 4
D13: 便當一線 | E13: 便當二線 | F13: 涼麵一線 | G13: 涼麵二線 | H13: 涼麵三線 | I13: 自動包裝機 | J13: 自動包裝機2 | K13: 自動包裝機3 | L13: 便當一線 | M13: 便當二線 | N13: 涼麵一線 | O13: 涼麵二線
B14: 人時性 | C14: 排關 | D14: - | E14: 95.543478 | F14: 111.81102 | G14: 88.659794 | H14: 178.02198 | I14: 481.08333 | J14: 433.33333 | K14: - | L14: - | M14: 98.305085 | N14: 86.956522 | O14: -
C15: 實績 | D15: - | E15: 86.872645 | F15: 96.766323 | G15: 79.33844 | H15: 159.40901 | I15: 434.9168 | J15: 391.32629 | K15: - | L15: - | M15: 90.983041 | N15: 77.790736 | O15: -
C16: 達成率 | D16: - | E16: =E15/E14 -> 0.90924725 | F16: =F15/F14 -> 0.86544528 | G16: =G15/G14 -> 0.8948638 | H16: =H15/H14 -> 0.8954457 | I16: =I15/I14 -> 0.90403631 | J16: =J15/J14 -> 0.90306068 | K16: - | L16: - | M16: =M15/M14 -> 0.92551714 | N16: =N15/N14 -> 0.89459346 | O16: -
B17: 作業 時間 | C17: 開始 | D17: - | E17: 0.20833333 | F17: 0.16666667 | G17: 0.16666667 | H17: 0.16666667 | I17: 0.25 | J17: 0.25 | K17: - | L17: - | M17: 0.70833333 | N17: 0.70833333 | O17: -
C18: 結束 | D18: - | E18: 0.60186343 | F18: 0.7009375 | G18: 0.72422454 | H18: 0.67072917 | I18: 0.46684028 | J18: 0.37260417 | K18: - | L18: - | M18: 0.85929398 | N18: 0.85038194 | O18: -
B19: 產線異常 (5分鐘以上) | C19: 次數
C20: 時間/分
B21: 短暫停線 (5分鐘以下) | C21: 次數
C22: 設備次數
B23: 配置人數 | D23: - | E23: 24 | F23: 18.142857 | G23: 21.555556 | H23: 20.222222 | I23: 6 | J23: 6 | K23: - | L23: - | M23: 19 | N23: 23 | O23: -
B24: 主要應用設備 | D24: L型封口機 | E24: ET-55 | F24: ET-55 | G24: ET-55 | H24: ET-600 | I24: 伺服包裝機 | J24: 伺服包裝機 | K24: 伺服包裝機 | L24: L型封口機 | M24: ET-55 | N24: ET-55 | O24: ET-55
B25: 次要應用設備 | D25: 伺服包裝機 | H25: 伺服包裝機
B26: 備註 | H26: 涼麵+烤飯糰 | I26: 大口飯糰線 | K26: 烤飯糰+手卷
B29: 溫層 | D29: ➃18度C-各編組展開 (一配) | P29: ⑤18度C-各編組展開 (二配)
B30: 編組 | D30: 1 | E30: 2 | F30: 3 | G30: 4 | H30: 5 | I30: 6 | J30: 7 | K30: 8 | L30: 9 | M30: 10 | N30: 11 | O30: 12 | P30: 1 | Q30: 2 | R30: 3 | S30: 4 | T30: 5 | U30: 6 | V30: 7 | W30: 8 | X30: 9
D31: 便當一線 | E31: 涼麵一線 | F31: 涼麵三線 | G31: 自動包裝機 | H31: 自動包裝機2 | I31: 自動包裝機3 | J31: 味付飯糰線B | K31: (舊) 3300型飯糰線 | L31: 3000型飯糰線 | M31: (新) 3300型飯糰機 | N31: GKK3600型 飯糰機 | O31: GKK3600型 飯糰機2 | P31: 自動包裝機 | Q31: 自動包裝機2 | R31: 自動包裝機3 | S31: 味付飯糰線B | T31: (舊) 3300型飯糰線 | U31: 3000型飯糰線 | V31: (新) 3300型飯糰機 | W31: GKK3600型 飯糰機 | X31: GKK3600型 飯糰機2
B32: 人時性 | C32: 排關 | D32: - | E32: - | F32: - | G32: 327.27273 | H32: - | I32: - | J32: - | K32: - | L32: - | M32: 1100 | N32: 956.25 | O32: 900 | P32: 288 | Q32: - | R32: - | S32: - | T32: - | U32: - | V32: 775 | W32: 913.63636 | X32: 900
C33: 實績 | D33: - | E33: - | F33: - | G33: 286.88729 | H33: - | I33: - | J33: - | K33: - | L33: - | M33: 995.86476 | N33: 853.93607 | O33: 797.13334 | P33: 254.93707 | Q33: - | R33: - | S33: - | T33: - | U33: - | V33: 700.48873 | W33: 817.07364 | X33: 798.19638
C34: 達成率 | D34: - | E34: - | F34: - | G34: =G33/G32 -> 0.87660005 | H34: - | I34: - | J34: - | K34: - | L34: - | M34: =M33/M32 -> 0.9053316 | N34: =N33/N32 -> 0.89300504 | O34: =O33/O32 -> 0.88570371 | P34: =P33/P32 -> 0.88519815 | Q34: - | R34: - | S34: - | T34: - | U34: - | V34: =V33/V32 -> 0.90385642 | W34: =W33/W32 -> 0.89430945 | X34: =X33/X32 -> 0.88688487
B35: 作業 時間 | C35: 開始 | D35: - | E35: - | F35: - | G35: 0.25 | H35: - | I35: - | J35: - | K35: - | L35: - | M35: 0.375 | N35: 0.25 | O35: 0.25 | P35: 0.70833333 | Q35: - | R35: - | S35: - | T35: - | U35: - | V35: 0.70833333 | W35: 0.70833333 | X35: 0.70833333
C36: 結束 | D36: - | E36: - | F36: - | G36: 0.46684028 | H36: - | I36: - | J36: - | K36: - | L36: - | M36: 0.42011574 | N36: 0.66674769 | O36: 0.66922454 | P36: 0.75134259 | Q36: - | R36: - | S36: - | T36: - | U36: - | V36: 0.79664352 | W36: 1.2352894 | X36: 1.2122685
B37: 配置人數 | D37: - | E37: - | F37: - | G37: 11 | H37: - | I37: - | J37: - | K37: - | L37: - | M37: 3 | N37: 3.5555556 | O37: 4 | P37: 12.5 | Q37: - | R37: - | S37: - | T37: - | U37: - | V37: 4 | W37: 3.6666667 | X37: 4
B38: 主要應用設備 | D38: 伺服包裝機 | E38: ET-55 | F38: ET-600 | G38: 夾心型 | H38: 伺服包裝機 | I38: 伺服包裝機 | J38: 夾心型 | K38: 3300型 | L38: 3300型 | M38: 3300型 | N38: GKK | O38: GKK | P38: 夾心型 | Q38: 伺服包裝機 | R38: 伺服包裝機 | S38: 夾心型 | T38: 3300型 | U38: 3300型 | V38: 3300型 | W38: GKK | X38: GKK
B39: 次要應用設備
B40: 備註

Sheet 0531(18度C)
A1: 大溪廠日報分析 | C1: 總生產量 | D1: =SUM(F5:F140) -> 132668 | E1: 營業額 | F1: =SUM(G5:G140) -> 2595395.5 | G1: 出勤人數 | H1: =L21+L38+L55+L72+L89+L106+L123+L140 -> 45.722222 | I1: 產線配置圖 | L1: 生產實績 | O1: 人時性差異分析 | S1: 日報登錄 | Y1: 分析說明 | AA1: 產能差異分析
A2: 46173 | C2: 人時性 | D2: =AVERAGE(N21,N38,N55,N72,N89,N106,N123,N140) -> 688.06466 | E2: 平均廠價 | F2: =F1/D1 -> 19.563086 | G2: 多次生產數 | H2: =COUNT(H5:H140) -> 17
A3: 線別 | B3: 品類 | C3: 品名 | E3: 廠價 | F3: 生產量 | G3: 營收 | H3: 多次 生產 | I3: 人數 | J3: 產能/時 | K3: 人時性 | L3: 人數 | M3: 產能/時 | N3: 人時性 | O3: 人數 | P3: 人時性 | Q3: 達成率 | R3: 達成率 平均 | S3: 生產時間 | U3: 換線、休息/分 | V3: 稼動時間/分 | W3: 休息時間 | Y3: (屏榮回填) | AA3: 產能/時 | AB3: 達成率 | AC3: 達成率平均
S4: 開始 | T4: 結束 | W4: 開始 | X4: 結束
A5: 自動包裝機 | B5: 18℃-壽司手卷 | C5: 一配長野稻荷壽司 | E5: 25.64 | F5: 1915 | G5: =E5*F5 -> 49100.6 | I5: 10 | J5: 3600 | K5: =J5/I5 -> 360 | L5: 10 | M5: =F5/V5*60 -> 3209.1356 | N5: =M5/L5 -> 320.91356 | O5: =L5-I5 -> 0 | P5: =N5-K5 -> -39.086441 | Q5: =N5/K5 -> 0.89142655 | R5: =Q21 -> 0.87660005 | S5: 0.25 | T5: 0.27486111 | V5: 35.804034 | AA5: =M5-J5 -> -390.86441 | AB5: =M5/J5 -> 0.89142655 | AC5: =AB21 -> 0.87660005
B6: 18℃-壽司手卷 | C6: 一配經典人氣雙手卷 | E6: 29.52 | F6: 3642 | G6: =E6*F6 -> 107511.84 | I6: 11 | J6: 3600 | K6: =J6/I6 -> 327.27273 | L6: 11 | M6: =F6/V6*60 -> 3150.318 | N6: =M6/L6 -> 286.39254 | O6: =L6-I6 -> 0 | P6: =N6-K6 -> -40.880183 | Q6: =N6/K6 -> 0.87508833 | S6: 0.27847222 | T6: 0.32663194 | U6: 5.2 | V6: 69.364426 | AA6: =M6-J6 -> -449.68201 | AB6: =M6/J6 -> 0.87508833
B7: 18℃-壽司手卷 | C7: 一配鮭鮪海饌雙手卷 | E7: 29.85 | F7: 3820 | G7: =E7*F7 -> 114027 | I7: 11 | J7: 3600 | K7: =J7/I7 -> 327.27273 | L7: 11 | M7: =F7/V7*60 -> 3148.9036 | N7: =M7/L7 -> 286.26396 | O7: =L7-I7 -> 0 | P7: =N7-K7 -> -41.008764 | Q7: =N7/K7 -> 0.87469544 | S7: 0.32986111 | T7: 0.38040509 | U7: 4.65 | V7: 72.787239 | AA7: =M7-J7 -> -451.0964 | AB7: =M7/J7 -> 0.87469544
B8: 18℃-飯糰 | C8: 一配兩粒飯糰(鮪魚.焦糖鮭魚) | E8: 28.57 | F8: 2253 | G8: =E8*F8 -> 64368.21 | I8: 12 | J8: 3600 | K8: =J8/I8 -> 300 | L8: 12 | M8: =F8/V8*60 -> 3114.6835 | N8: =M8/L8 -> 259.55696 | O8: =L8-I8 -> 0 | P8: =N8-K8 -> -40.443044 | Q8: =N8/K8 -> 0.86518985 | S8: 0.38402778 | T8: 0.41416667 | U8: 5.2166667 | V8: 43.400879 | AA8: =M8-J8 -> -485.31652 | AB8: =M8/J8 -> 0.86518985
B21: 平均 | I21: =AVERAGE(I5:I20) -> 11 | J21: =AVERAGE(J5:J20) -> 3600 | K21: =J21/I21 -> 327.27273 | L21: =AVERAGE(L5:L20) -> 11 | M21: =AVERAGE(M5:M20) -> 3155.7602 | N21: =M21/L21 -> 286.88729 | O21: =L21-I21 -> 0 | P21: =N21-K21 -> -40.38544 | Q21: =N21/K21 -> 0.87660005 | S21: 0.25 | T21: 0.46684028 | AA21: =M21-J21 -> -444.23984 | AB21: =M21/J21 -> 0.87660005
A22: (新) 3300型飯糰機 | B22: 18℃-飯糰 | C22: 一配鮭魚奶油醬油飯糰 | E22: 18.53 | F22: 3235 | G22: =E22*F22 -> 59944.55 | I22: 3 | J22: 3300 | K22: =J22/I22 -> 1100 | L22: 3 | M22: =F22/V22*60 -> 2987.5943 | N22: =M22/L22 -> 995.86476 | O22: =L22-I22 -> 0 | P22: =N22-K22 -> -104.13524 | Q22: =N22/K22 -> 0.9053316 | R22: =Q38 -> 0.9053316 | S22: 0.375 | T22: 0.42011574 | V22: 64.968661 | AA22: =M22-J22 -> -312.40572 | AB22: =M22/J22 -> 0.9053316 | AC22: =AB38 -> 0.9053316
B38: 平均 | I38: =AVERAGE(I22:I37) -> 3 | J38: =AVERAGE(J22:J37) -> 3300 | K38: =J38/I38 -> 1100 | L38: =AVERAGE(L22:L37) -> 3 | M38: =AVERAGE(M22:M37) -> 2987.5943 | N38: =M38/L38 -> 995.86476 | O38: =L38-I38 -> 0 | P38: =N38-K38 -> -104.13524 | Q38: =N38/K38 -> 0.9053316 | S38: 0.375 | T38: 0.42011574 | AA38: =M38-J38 -> -312.40572 | AB38: =M38/J38 -> 0.9053316
A39: GKK3600型 飯糰機 | B39: 18℃-飯糰 | C39: 一配經典肉鬆飯糰 | E39: 14.03 | F39: 1633 | G39: =E39*F39 -> 22910.99 | H39: 2 | I39: 3 | J39: 3000 | K39: =J39/I39 -> 1000 | L39: 3 | M39: =F39/V39*60 -> 2714.51 | N39: =M39/L39 -> 904.83668 | O39: =L39-I39 -> 0 | P39: =N39-K39 -> -95.163322 | Q39: =N39/K39 -> 0.90483668 | R39: =Q55 -> 0.89300504 | S39: 0.25 | T39: 0.27505787 | V39: 36.094912 | AA39: =M39-J39 -> -285.48997 | AB39: =M39/J39 -> 0.90483668 | AC39: =AB55 -> 0.89300504
B40: 18℃-飯糰 | C40: 一配鮪魚飯糰 | E40: 14.28 | F40: 2388 | G40: =E40*F40 -> 34100.64 | H40: 2 | I40: 3 | J40: 3600 | K40: =J40/I40 -> 1200 | L40: 3 | M40: =F40/V40*60 -> 3186.1241 | N40: =M40/L40 -> 1062.0414 | O40: =L40-I40 -> 0 | P40: =N40-K40 -> -137.95864 | Q40: =N40/K40 -> 0.88503447 | S40: 0.28541667 | T40: 0.31664352 | U40: 14.916667 | V40: 44.97 | AA40: =M40-J40 -> -413.87591 | AB40: =M40/J40 -> 0.88503447
B41: 18℃-飯糰 | C41: 一配贅沢鮭魚肚飯糰 | E41: 30 | F41: 2919 | G41: =E41*F41 -> 87570 | I41: 4 | J41: 3600 | K41: =J41/I41 -> 900 | L41: 4 | M41: =F41/V41*60 -> 3189.96 | N41: =M41/L41 -> 797.49 | O41: =L41-I41 -> 0 | P41: =N41-K41 -> -102.51 | Q41: =N41/K41 -> 0.8861 | S41: 0.32638889 | T41: 0.36451389 | U41: 15 | V41: 54.90351 | AA41: =M41-J41 -> -410.04 | AB41: =M41/J41 -> 0.8861
B42: 18℃-飯糰 | C42: 一配熟成紅鮭飯糰 | E42: 25.03 | F42: 1692 | G42: =E42*F42 -> 42350.76 | I42: 5 | J42: 3600 | K42: =J42/I42 -> 720 | L42: 5 | M42: =F42/V42*60 -> 3185.622 | N42: =M42/L42 -> 637.1244 | O42: =L42-I42 -> 0 | P42: =N42-K42 -> -82.875597 | Q42: =N42/K42 -> 0.884895 | S42: 0.37430556 | T42: 0.39643519 | U42: 15 | V42: 31.868188 | AA42: =M42-J42 -> -414.37799 | AB42: =M42/J42 -> 0.884895
B43: 18℃-飯糰 | C43: 一配壹號醬炙烤牛飯糰 | E43: 22.28 | F43: 1224 | G43: =E43*F43 -> 27270.72 | I43: 5 | J43: 3300 | K43: =J43/I43 -> 660 | L43: 5 | M43: =F43/V43*60 -> 2979.7551 | N43: =M43/L43 -> 595.95102 | O43: =L43-I43 -> 0 | P43: =N43-K43 -> -64.048982 | Q43: =N43/K43 -> 0.90295609 | S43: 0.40625 | T43: 0.42335648 | U43: 15 | V43: 24.646321 | AA43: =M43-J43 -> -320.24491 | AB43: =M43/J43 -> 0.90295609
B44: 18℃-飯糰 | C44: 一配蔬食鮪魚飯糰 | E44: 18.18 | F44: 1403 | G44: =E44*F44 -> 25506.54 | I44: 3 | J44: 3600 | K44: =J44/I44 -> 1200 | L44: 3 | M44: =F44/V44*60 -> 3193.1059 | N44: =M44/L44 -> 1064.3686 | O44: =L44-I44 -> 0 | P44: =N44-K44 -> -135.63136 | Q44: =N44/K44 -> 0.88697386 | S44: 0.43333333 | T44: 0.45163194 | U44: 15 | V44: 26.363047 | AA44: =M44-J44 -> -406.89409 | AB44: =M44/J44 -> 0.88697386
B45: 18℃-飯糰 | C45: 一配黑胡椒洋蔥豬飯糰 | E45: 17.07 | F45: 4345 | G45: =E45*F45 -> 74169.15 | I45: 3 | J45: 3300 | K45: =J45/I45 -> 1100 | L45: 3 | M45: =F45/V45*60 -> 2976.2431 | N45: =M45/L45 -> 992.08104 | O45: =L45-I45 -> 0 | P45: =N45-K45 -> -107.91896 | Q45: =N45/K45 -> 0.90189185 | S45: 0.46180556 | T45: 0.52262731 | U45: 14.65 | V45: 87.593651 | AA45: =M45-J45 -> -323.75689 | AB45: =M45/J45 -> 0.90189185
B46: 18℃-飯糰 | C46: 一配經典肉鬆飯糰 | E46: 14.03 | F46: 3554 | G46: =E46*F46 -> 49862.62 | I46: 3 | J46: 3000 | K46: =J46/I46 -> 1000 | L46: 3 | M46: =F46/V46*60 -> 2714.51 | N46: =M46/L46 -> 904.83668 | O46: =L46-I46 -> 0 | P46: =N46-K46 -> -95.163322 | Q46: =N46/K46 -> 0.90483668 | S46: 0.53263889 | T46: 0.5871875 | U46: 15 | V46: 78.555613 | AA46: =M46-J46 -> -285.48997 | AB46: =M46/J46 -> 0.90483668
B47: 18℃-飯糰 | C47: 一配鮪魚飯糰 | E47: 14.28 | F47: 5317 | G47: =E47*F47 -> 75926.76 | I47: 3 | J47: 3600 | K47: =J47/I47 -> 1200 | L47: 3 | M47: =F47/V47*60 -> 3186.1241 | N47: =M47/L47 -> 1062.0414 | O47: =L47-I47 -> 0 | P47: =N47-K47 -> -137.95864 | Q47: =N47/K47 -> 0.88503447 | S47: 0.59722222 | T47: 0.66674769 | U47: 15 | V47: 100.12793 | AA47: =M47-J47 -> -413.87591 | AB47: =M47/J47 -> 0.88503447
B55: 平均 | I55: =AVERAGE(I39:I54) -> 3.5555556 | J55: =AVERAGE(J39:J54) -> 3400 | K55: =J55/I55 -> 956.25 | L55: =AVERAGE(L39:L54) -> 3.5555556 | M55: =AVERAGE(M39:M54) -> 3036.2172 | N55: =M55/L55 -> 853.93607 | O55: =L55-I55 -> 0 | P55: =N55-K55 -> -102.31393 | Q55: =N55/K55 -> 0.89300504 | S55: 0.25 | T55: 0.66674769 | AA55: =M55-J55 -> -363.78285 | AB55: =M55/J55 -> 0.89300504
A56: GKK3600型 飯糰機2 | B56: 18℃-飯糰 | C56: 一配椒鹽檸檬鯖魚飯糰 | E56: 20.72 | F56: 1447 | G56: =E56*F56 -> 29981.84 | H56: 2 | I56: 3 | J56: 3600 | K56: =J56/I56 -> 1200 | L56: 3 | M56: =F56/V56*60 -> 3190.358 | N56: =M56/L56 -> 1063.4527 | O56: =L56-I56 -> 0 | P56: =N56-K56 -> -136.54734 | Q56: =N56/K56 -> 0.88621055 | R56: =Q72 -> 0.88570371 | S56: 0.25 | T56: 0.26888889 | V56: 27.213247 | AA56: =M56-J56 -> -409.64202 | AB56: =M56/J56 -> 0.88621055 | AC56: =AB72 -> 0.88570371
B57: 18℃-飯糰 | C57: 一配雞肉飯飯糰 | E57: 16.66 | F57: 2058 | G57: =E57*F57 -> 34286.28 | H57: 2 | I57: 5 | J57: 3600 | K57: =J57/I57 -> 720 | L57: 5 | M57: =F57/V57*60 -> 3193.6958 | N57: =M57/L57 -> 638.73917 | O57: =L57-I57 -> 0 | P57: =N57-K57 -> -81.260834 | Q57: =N57/K57 -> 0.88713773 | S57: 0.27916667 | T57: 0.30600694 | U57: 14.8 | V57: 38.66367 | AA57: =M57-J57 -> -406.30417 | AB57: =M57/J57 -> 0.88713773
B58: 18℃-飯糰 | C58: 一配鹽蔥燒肉飯糰 | E58: 17.89 | F58: 1073 | G58: =E58*F58 -> 19195.97 | H58: 2 | I58: 4 | J58: 3600 | K58: =J58/I58 -> 900 | L58: 4 | M58: =F58/V58*60 -> 3186.4787 | N58: =M58/L58 -> 796.61967 | O58: =L58-I58 -> 0 | P58: =N58-K58 -> -103.38033 | Q58: =N58/K58 -> 0.88513296 | S58: 0.31597222 | T58: 0.33 | U58: 15 | V58: 20.204121 | AA58: =M58-J58 -> -413.52133 | AB58: =M58/J58 -> 0.88513296
B59: 18℃-飯糰 | C59: 一配北海道秋鮭親子飯糰 | E59: 24.82 | F59: 2091 | G59: =E59*F59 -> 51898.62 | I59: 5 | J59: 3600 | K59: =J59/I59 -> 720 | L59: 5 | M59: =F59/V59*60 -> 3185.6633 | N59: =M59/L59 -> 637.13267 | O59: =L59-I59 -> 0 | P59: =N59-K59 -> -82.867334 | Q59: =N59/K59 -> 0.88490648 | S59: 0.34027778 | T59: 0.36761574 | U59: 14.8 | V59: 39.382693 | AA59: =M59-J59 -> -414.33667 | AB59: =M59/J59 -> 0.88490648
B60: 18℃-飯糰 | C60: 一配明太子龍蝦風味沙拉飯糰 | E60: 18.18 | F60: 2521 | G60: =E60*F60 -> 45831.78 | I60: 3 | J60: 3600 | K60: =J60/I60 -> 1200 | L60: 3 | M60: =F60/V60*60 -> 3189.1183 | N60: =M60/L60 -> 1063.0394 | O60: =L60-I60 -> 0 | P60: =N60-K60 -> -136.96057 | Q60: =N60/K60 -> 0.88586619 | S60: 0.37777778 | T60: 0.41070602 | U60: 14.633333 | V60: 47.430038 | AA60: =M60-J60 -> -410.88171 | AB60: =M60/J60 -> 0.88586619
B61: 18℃-飯糰 | C61: 一配柚檸海灣貝飯糰 | E61: 23.72 | F61: 2464 | G61: =E61*F61 -> 58446.08 | I61: 5 | J61: 3600 | K61: =J61/I61 -> 720 | L61: 5 | M61: =F61/V61*60 -> 3184.3247 | N61: =M61/L61 -> 636.86494 | O61: =L61-I61 -> 0 | P61: =N61-K61 -> -83.135057 | Q61: =N61/K61 -> 0.88453464 | S61: 0.42083333 | T61: 0.45306713 | U61: 14.583333 | V61: 46.427426 | AA61: =M61-J61 -> -415.67528 | AB61: =M61/J61 -> 0.88453464
B62: 18℃-飯糰 | C62: 一配山葵章魚飯糰 | E62: 25.2 | F62: 2437 | G62: =E62*F62 -> 61412.4 | I62: 3 | J62: 3600 | K62: =J62/I62 -> 1200 | L62: 3 | M62: =F62/V62*60 -> 3185.1624 | N62: =M62/L62 -> 1061.7208 | O62: =L62-I62 -> 0 | P62: =N62-K62 -> -138.2792 | Q62: =N62/K62 -> 0.88476733 | S62: 0.46319444 | T62: 0.49506944 | U62: 14.583333 | V62: 45.906607 | AA62: =M62-J62 -> -414.8376 | AB62: =M62/J62 -> 0.88476733
B63: 18℃-飯糰 | C63: 一配鹽蔥燒肉飯糰 | E63: 17.89 | F63: 2943 | G63: =E63*F63 -> 52650.27 | I63: 4 | J63: 3600 | K63: =J63/I63 -> 900 | L63: 4 | M63: =F63/V63*60 -> 3186.4787 | N63: =M63/L63 -> 796.61967 | O63: =L63-I63 -> 0 | P63: =N63-K63 -> -103.38033 | Q63: =N63/K63 -> 0.88513296 | S63: 0.50486111 | T63: 0.54333333 | U63: 15 | V63: 55.415403 | AA63: =M63-J63 -> -413.52133 | AB63: =M63/J63 -> 0.88513296
B64: 18℃-飯糰 | C64: 一配椒鹽檸檬鯖魚飯糰 | E64: 20.72 | F64: 3640 | G64: =E64*F64 -> 75420.8 | I64: 3 | J64: 3600 | K64: =J64/I64 -> 1200 | L64: 3 | M64: =F64/V64*60 -> 3190.358 | N64: =M64/L64 -> 1063.4527 | O64: =L64-I64 -> 0 | P64: =N64-K64 -> -136.54734 | Q64: =N64/K64 -> 0.88621055 | S64: 0.55347222 | T64: 0.60100694 | U64: 14.6 | V64: 68.456268 | AA64: =M64-J64 -> -409.64202 | AB64: =M64/J64 -> 0.88621055
B65: 18℃-飯糰 | C65: 一配雞肉飯飯糰 | E65: 16.66 | F65: 4455 | G65: =E65*F65 -> 74220.3 | I65: 5 | J65: 3600 | K65: =J65/I65 -> 720 | L65: 5 | M65: =F65/V65*60 -> 3193.6958 | N65: =M65/L65 -> 638.73917 | O65: =L65-I65 -> 0 | P65: =N65-K65 -> -81.260834 | Q65: =N65/K65 -> 0.88713773 | S65: 0.61111111 | T65: 0.66922454 | U65: 14.55 | V65: 83.696136 | AA65: =M65-J65 -> -406.30417 | AB65: =M65/J65 -> 0.88713773
B72: 平均 | I72: =AVERAGE(I56:I71) -> 4 | J72: =AVERAGE(J56:J71) -> 3600 | K72: =J72/I72 -> 900 | L72: =AVERAGE(L56:L71) -> 4 | M72: =AVERAGE(M56:M71) -> 3188.5334 | N72: =M72/L72 -> 797.13334 | O72: =L72-I72 -> 0 | P72: =N72-K72 -> -102.86666 | Q72: =N72/K72 -> 0.88570371 | S72: 0.25 | T72: 0.66922454 | AA72: =M72-J72 -> -411.46663 | AB72: =M72/J72 -> 0.88570371
A73: 自動包裝機 (二配) | B73: 18℃-飯糰 | C73: 二配兩粒飯糰(鮪魚.焦糖鮭魚) | E73: 28.57 | F73: 1990 | G73: =E73*F73 -> 56854.3 | I73: 12 | J73: 3600 | K73: =J73/I73 -> 300 | L73: 12 | M73: =F73/V73*60 -> 3114.2829 | N73: =M73/L73 -> 259.52358 | O73: =L73-I73 -> 0 | P73: =N73-K73 -> -40.476423 | Q73: =N73/K73 -> 0.86507859 | R73: =Q89 -> 0.88519815 | S73: 0.70833333 | T73: 0.7349537 | V73: 38.339484 | AA73: =M73-J73 -> -485.71707 | AB73: =M73/J73 -> 0.86507859 | AC73: =AB89 -> 0.88519815
B74: 18℃-飯糰 | C74: 二配溏心蛋五目飯糰 | E74: 20.42 | F74: 1029 | G74: =E74*F74 -> 21012.18 | I74: 13 | J74: 3600 | K74: =J74/I74 -> 276.92308 | L74: 13 | M74: =F74/V74*60 -> 3259.1438 | N74: =M74/L74 -> 250.70337 | O74: =L74-I74 -> 0 | P74: =N74-K74 -> -26.21971 | Q74: =N74/K74 -> 0.90531771 | S74: 0.73819444 | T74: 0.75134259 | U74: 4.6666667 | V74: 18.943626 | AA74: =M74-J74 -> -340.85623 | AB74: =M74/J74 -> 0.90531771
B89: 平均 | I89: =AVERAGE(I73:I88) -> 12.5 | J89: =AVERAGE(J73:J88) -> 3600 | K89: =J89/I89 -> 288 | L89: =AVERAGE(L73:L88) -> 12.5 | M89: =AVERAGE(M73:M88) -> 3186.7133 | N89: =M89/L89 -> 254.93707 | O89: =L89-I89 -> 0 | P89: =N89-K89 -> -33.062932 | Q89: =N89/K89 -> 0.88519815 | S89: 0.70833333 | T89: 0.75134259 | AA89: =M89-J89 -> -413.28665 | AB89: =M89/J89 -> 0.88519815
A90: (新) 3300型飯糰機 (二配) | B90: 18℃-飯糰 | C90: 二配鹽水G絲飯糰 | E90: 17.22 | F90: 1807 | G90: =E90*F90 -> 31116.54 | I90: 3 | J90: 3300 | K90: =J90/I90 -> 1100 | L90: 3 | M90: =F90/V90*60 -> 2988.0988 | N90: =M90/L90 -> 996.03294 | O90: =L90-I90 -> 0 | P90: =N90-K90 -> -103.96706 | Q90: =N90/K90 -> 0.90548449 | R90: =Q106 -> 0.90385642 | S90: 0.70833333 | T90: 0.73353009 | V90: 36.28394 | AA90: =M90-J90 -> -311.90117 | AB90: =M90/J90 -> 0.90548449 | AC90: =AB106 -> 0.90385642
B91: 18℃-飯糰 | C91: 二配大飯糰韓式蒜烤豬五花 | E91: 24.54 | F91: 1952 | G91: =E91*F91 -> 47902.08 | I91: 4 | J91: 3000 | K91: =J91/I91 -> 750 | L91: 4 | M91: =F91/V91*60 -> 2709.1175 | N91: =M91/L91 -> 677.27938 | O91: =L91-I91 -> 0 | P91: =N91-K91 -> -72.720624 | Q91: =N91/K91 -> 0.90303917 | S91: 0.7375 | T91: 0.76751157 | U91: 5.7166667 | V91: 43.23179 | AA91: =M91-J91 -> -290.8825 | AB91: =M91/J91 -> 0.90303917
B92: 18℃-飯糰 | C92: 二配大飯糰乾燒風味鮮蝦 | E92: 23.27 | F92: 1678 | G92: =E92*F92 -> 39047.06 | I92: 5 | J92: 3000 | K92: =J92/I92 -> 600 | L92: 5 | M92: =F92/V92*60 -> 2708.6484 | N92: =M92/L92 -> 541.72968 | O92: =L92-I92 -> 0 | P92: =N92-K92 -> -58.270318 | Q92: =N92/K92 -> 0.9028828 | S92: 0.77083333 | T92: 0.79664352 | U92: 4.7833333 | V92: 37.16983 | AA92: =M92-J92 -> -291.35159 | AB92: =M92/J92 -> 0.9028828
B106: 平均 | I106: =AVERAGE(I90:I105) -> 4 | J106: =AVERAGE(J90:J105) -> 3100 | K106: =J106/I106 -> 775 | L106: =AVERAGE(L90:L105) -> 4 | M106: =AVERAGE(M90:M105) -> 2801.9549 | N106: =M106/L106 -> 700.48873 | O106: =L106-I106 -> 0 | P106: =N106-K106 -> -74.511272 | Q106: =N106/K106 -> 0.90385642 | S106: 0.70833333 | T106: 0.79664352 | AA106: =M106-J106 -> -298.04509 | AB106: =M106/J106 -> 0.90385642
A107: GKK3600型 飯糰機 (二配) | B107: 18℃-飯糰 | C107: 二配壹號醬炙烤牛飯糰 | E107: 22.28 | F107: 558 | G107: =E107*F107 -> 12432.24 | H107: 2 | I107: 5 | J107: 3300 | K107: =J107/I107 -> 660 | L107: 5 | M107: =F107/V107*60 -> 2978.9766 | N107: =M107/L107 -> 595.79532 | O107: =L107-I107 -> 0 | P107: =N107-K107 -> -64.204681 | Q107: =N107/K107 -> 0.90272018 | R107: =Q123 -> 0.89430945 | S107: 0.70833333 | T107: 0.71613426 | V107: 11.238759 | AA107: =M107-J107 -> -321.02341 | AB107: =M107/J107 -> 0.90272018 | AC107: =AB123 -> 0.89430945
B108: 18℃-飯糰 | C108: 二配熟成紅鮭飯糰 | E108: 25.03 | F108: 756 | G108: =E108*F108 -> 18922.68 | H108: 2 | I108: 5 | J108: 3600 | K108: =J108/I108 -> 720 | L108: 5 | M108: =F108/V108*60 -> 3197.6975 | N108: =M108/L108 -> 639.5395 | O108: =L108-I108 -> 0 | P108: =N108-K108 -> -80.460502 | Q108: =N108/K108 -> 0.8882493 | S108: 0.72638889 | T108: 0.73623843 | U108: 14.766667 | V108: 14.185207 | AA108: =M108-J108 -> -402.30251 | AB108: =M108/J108 -> 0.8882493
B109: 18℃-飯糰 | C109: 二配蔬食鮪魚飯糰 | E109: 18.18 | F109: 457 | G109: =E109*F109 -> 8308.26 | H109: 2 | I109: 3 | J109: 3600 | K109: =J109/I109 -> 1200 | L109: 3 | M109: =F109/V109*60 -> 3193.4361 | N109: =M109/L109 -> 1064.4787 | O109: =L109-I109 -> 0 | P109: =N109-K109 -> -135.52131 | Q109: =N109/K109 -> 0.88706557 | S109: 0.74652778 | T109: 0.75248843 | U109: 14.816667 | V109: 8.5863626 | AA109: =M109-J109 -> -406.56394 | AB109: =M109/J109 -> 0.88706557
B110: 18℃-飯糰 | C110: 二配芝麻香鬆飯糰 | E110: 18.18 | F110: 728 | G110: =E110*F110 -> 13235.04 | H110: 2 | I110: 3 | J110: 3000 | K110: =J110/I110 -> 1000 | L110: 3 | M110: =F110/V110*60 -> 2711.8607 | N110: =M110/L110 -> 903.95355 | O110: =L110-I110 -> 0 | P110: =N110-K110 -> -96.046449 | Q110: =N110/K110 -> 0.90395355 | S110: 0.7625 | T110: 0.77368056 | U110: 15 | V110: 16.107022 | AA110: =M110-J110 -> -288.13935 | AB110: =M110/J110 -> 0.90395355
B111: 18℃-飯糰 | C111: 二配經典肉鬆飯糰 | E111: 14.03 | F111: 2579 | G111: =E111*F111 -> 36183.37 | H111: 2 | I111: 3 | J111: 3000 | K111: =J111/I111 -> 1000 | L111: 3 | M111: =F111/V111*60 -> 2712.625 | N111: =M111/L111 -> 904.20835 | O111: =L111-I111 -> 0 | P111: =N111-K111 -> -95.791655 | Q111: =N111/K111 -> 0.90420835 | S111: 0.78402778 | T111: 0.82363426 | U111: 14.9 | V111: 57.044375 | AA111: =M111-J111 -> -287.37496 | AB111: =M111/J111 -> 0.90420835
B112: 18℃-飯糰 | C112: 二配鮪魚飯糰 | E112: 14.28 | F112: 3342 | G112: =E112*F112 -> 47723.76 | H112: 2 | I112: 3 | J112: 3600 | K112: =J112/I112 -> 1200 | L112: 3 | M112: =F112/V112*60 -> 3181.1645 | N112: =M112/L112 -> 1060.3882 | O112: =L112-I112 -> 0 | P112: =N112-K112 -> -139.61184 | Q112: =N112/K112 -> 0.8836568 | S112: 0.83402778 | T112: 0.87780093 | U112: 14.966667 | V112: 63.033522 | AA112: =M112-J112 -> -418.83552 | AB112: =M112/J112 -> 0.8836568
B113: 18℃-飯糰 | C113: 二配壹號醬炙烤牛飯糰 | E113: 22.28 | F113: 1473 | G113: =E113*F113 -> 32818.44 | I113: 5 | J113: 3300 | K113: =J113/I113 -> 660 | L113: 5 | M113: =F113/V113*60 -> 2978.6959 | N113: =M113/L113 -> 595.73918 | O113: =L113-I113 -> 0 | P113: =N113-K113 -> -64.26082 | Q113: =N113/K113 -> 0.90263512 | S113: 0.88819444 | T113: 0.9087963 | U113: 14.966667 | V113: 29.670703 | AA113: =M113-J113 -> -321.3041 | AB113: =M113/J113 -> 0.90263512
B114: 18℃-飯糰 | C114: 二配熟成紅鮭飯糰 | E114: 25.03 | F114: 1594 | G114: =E114*F114 -> 39897.82 | I114: 5 | J114: 3600 | K114: =J114/I114 -> 720 | L114: 5 | M114: =F114/V114*60 -> 3197.6975 | N114: =M114/L114 -> 639.5395 | O114: =L114-I114 -> 0 | P114: =N114-K114 -> -80.460502 | Q114: =N114/K114 -> 0.8882493 | S114: 0.91875 | T114: 0.93951389 | U114: 15 | V114: 29.909021 | AA114: =M114-J114 -> -402.30251 | AB114: =M114/J114 -> 0.8882493
B115: 18℃-飯糰 | C115: 二配蔬食鮪魚飯糰 | E115: 18.18 | F115: 969 | G115: =E115*F115 -> 17616.42 | I115: 3 | J115: 3600 | K115: =J115/I115 -> 1200 | L115: 3 | M115: =F115/V115*60 -> 3193.4361 | N115: =M115/L115 -> 1064.4787 | O115: =L115-I115 -> 0 | P115: =N115-K115 -> -135.52131 | Q115: =N115/K115 -> 0.88706557 | S115: 0.94930556 | T115: 0.96194444 | U115: 15 | V115: 18.206095 | AA115: =M115-J115 -> -406.56394 | AB115: =M115/J115 -> 0.88706557
B116: 18℃-飯糰 | C116: 二配芝麻香鬆飯糰 | E116: 18.18 | F116: 1478 | G116: =E116*F116 -> 26870.04 | I116: 3 | J116: 3000 | K116: =J116/I116 -> 1000 | L116: 3 | M116: =F116/V116*60 -> 2711.8607 | N116: =M116/L116 -> 903.95355 | O116: =L116-I116 -> 0 | P116: =N116-K116 -> -96.046449 | Q116: =N116/K116 -> 0.90395355 | S116: 0.97222222 | T116: 0.99493056 | U116: 14.8 | V116: 32.700795 | AA116: =M116-J116 -> -288.13935 | AB116: =M116/J116 -> 0.90395355
B117: 18℃-飯糰 | C117: 二配經典肉鬆飯糰 | E117: 14.03 | F117: 6810 | G117: =E117*F117 -> 95544.3 | I117: 3 | J117: 3000 | K117: =J117/I117 -> 1000 | L117: 3 | M117: =F117/V117*60 -> 2712.625 | N117: =M117/L117 -> 904.20835 | O117: =L117-I117 -> 0 | P117: =N117-K117 -> -95.791655 | Q117: =N117/K117 -> 0.90420835 | S117: 1.0048611 | T117: 1.109456 | U117: 15 | V117: 150.629 | AA117: =M117-J117 -> -287.37496 | AB117: =M117/J117 -> 0.90420835
B118: 18℃-飯糰 | C118: 二配鮪魚飯糰 | E118: 14.28 | F118: 8845 | G118: =E118*F118 -> 126306.6 | I118: 3 | J118: 3600 | K118: =J118/I118 -> 1200 | L118: 3 | M118: =F118/V118*60 -> 3181.1645 | N118: =M118/L118 -> 1060.3882 | O118: =L118-I118 -> 0 | P118: =N118-K118 -> -139.61184 | Q118: =N118/K118 -> 0.8836568 | S118: 1.1194444 | T118: 1.2352894 | U118: 15 | V118: 166.8257 | AA118: =M118-J118 -> -418.83552 | AB118: =M118/J118 -> 0.8836568
B123: 平均 | I123: =AVERAGE(I107:I122) -> 3.6666667 | J123: =AVERAGE(J107:J122) -> 3350 | K123: =J123/I123 -> 913.63636 | L123: =AVERAGE(L107:L122) -> 3.6666667 | M123: =AVERAGE(M107:M122) -> 2995.9367 | N123: =M123/L123 -> 817.07364 | O123: =L123-I123 -> 0 | P123: =N123-K123 -> -96.562729 | Q123: =N123/K123 -> 0.89430945 | S123: 0.70833333 | T123: 1.2352894 | AA123: =M123-J123 -> -354.06334 | AB123: =M123/J123 -> 0.89430945
A124: GKK3600型 飯糰機2 (二配) | B124: 18℃-飯糰 | C124: 二配贅沢鮭魚肚飯糰 | E124: 30 | F124: 974 | G124: =E124*F124 -> 29220 | H124: 2 | I124: 4 | J124: 3600 | K124: =J124/I124 -> 900 | L124: 4 | M124: =F124/V124*60 -> 3194.28 | N124: =M124/L124 -> 798.57 | O124: =L124-I124 -> 0 | P124: =N124-K124 -> -101.43 | Q124: =N124/K124 -> 0.8873 | R124: =Q140 -> 0.88688487 | S124: 0.70833333 | T124: 0.72103009 | V124: 18.295203 | AA124: =M124-J124 -> -405.72 | AB124: =M124/J124 -> 0.8873 | AC124: =AB140 -> 0.88688487
B125: 18℃-飯糰 | C125: 二配明太子龍蝦風味沙拉飯糰 | E125: 18.18 | F125: 1148 | G125: =E125*F125 -> 20870.64 | H125: 2 | I125: 3 | J125: 3600 | K125: =J125/I125 -> 1200 | L125: 3 | M125: =F125/V125*60 -> 3192.1234 | N125: =M125/L125 -> 1064.0411 | O125: =L125-I125 -> 0 | P125: =N125-K125 -> -135.95887 | Q125: =N125/K125 -> 0.88670095 | S125: 0.73125 | T125: 0.74622685 | U125: 14.716667 | V125: 21.578113 | AA125: =M125-J125 -> -407.8766 | AB125: =M125/J125 -> 0.88670095
B126: 18℃-飯糰 | C126: 二配三杯醬爆菇菇飯糰 | E126: 16.7 | F126: 976 | G126: =E126*F126 -> 16299.2 | H126: 2 | I126: 3 | J126: 3600 | K126: =J126/I126 -> 1200 | L126: 3 | M126: =F126/V126*60 -> 3200.4824 | N126: =M126/L126 -> 1066.8275 | O126: =L126-I126 -> 0 | P126: =N126-K126 -> -133.17255 | Q126: =N126/K126 -> 0.88902288 | S126: 0.75625 | T126: 0.76894676 | U126: 15 | V126: 18.297242 | AA126: =M126-J126 -> -399.51765 | AB126: =M126/J126 -> 0.88902288
B127: 18℃-飯糰 | C127: 二配北海道秋鮭親子飯糰 | E127: 24.82 | F127: 976 | G127: =E127*F127 -> 24224.32 | H127: 2 | I127: 5 | J127: 3600 | K127: =J127/I127 -> 720 | L127: 5 | M127: =F127/V127*60 -> 3189.3918 | N127: =M127/L127 -> 637.87836 | O127: =L127-I127 -> 0 | P127: =N127-K127 -> -82.121644 | Q127: =N127/K127 -> 0.88594216 | S127: 0.77916667 | T127: 0.79190972 | U127: 14.716667 | V127: 18.360868 | AA127: =M127-J127 -> -410.60822 | AB127: =M127/J127 -> 0.88594216
B128: 18℃-飯糰 | C128: 二配鹽蔥燒肉飯糰 | E128: 17.89 | F128: 1716 | G128: =E128*F128 -> 30699.24 | H128: 2 | I128: 4 | J128: 3600 | K128: =J128/I128 -> 900 | L128: 4 | M128: =F128/V128*60 -> 3190.1677 | N128: =M128/L128 -> 797.54192 | O128: =L128-I128 -> 0 | P128: =N128-K128 -> -102.45808 | Q128: =N128/K128 -> 0.88615769 | S128: 0.80208333 | T128: 0.82449074 | U128: 14.65 | V128: 32.274166 | AA128: =M128-J128 -> -409.83233 | AB128: =M128/J128 -> 0.88615769
B129: 18℃-飯糰 | C129: 二配雞肉飯飯糰 | E129: 16.66 | F129: 2764 | G129: =E129*F129 -> 46048.24 | H129: 2 | I129: 5 | J129: 3600 | K129: =J129/I129 -> 720 | L129: 5 | M129: =F129/V129*60 -> 3190.2679 | N129: =M129/L129 -> 638.05358 | O129: =L129-I129 -> 0 | P129: =N129-K129 -> -81.946421 | Q129: =N129/K129 -> 0.88618553 | S129: 0.83472222 | T129: 0.87081019 | U129: 14.733333 | V129: 51.983095 | AA129: =M129-J129 -> -409.7321 | AB129: =M129/J129 -> 0.88618553
B130: 18℃-飯糰 | C130: 二配贅沢鮭魚肚飯糰 | E130: 30 | F130: 2286 | G130: =E130*F130 -> 68580 | I130: 4 | J130: 3600 | K130: =J130/I130 -> 900 | L130: 4 | M130: =F130/V130*60 -> 3194.28 | N130: =M130/L130 -> 798.57 | O130: =L130-I130 -> 0 | P130: =N130-K130 -> -101.43 | Q130: =N130/K130 -> 0.8873 | S130: 0.88055556 | T130: 0.91037037 | U130: 15 | V130: 42.939254 | AA130: =M130-J130 -> -405.72 | AB130: =M130/J130 -> 0.8873
B131: 18℃-飯糰 | C131: 二配明太子龍蝦風味沙拉飯糰 | E131: 18.18 | F131: 2967 | G131: =E131*F131 -> 53940.06 | I131: 3 | J131: 3600 | K131: =J131/I131 -> 1200 | L131: 3 | M131: =F131/V131*60 -> 3192.1234 | N131: =M131/L131 -> 1064.0411 | O131: =L131-I131 -> 0 | P131: =N131-K131 -> -135.95887 | Q131: =N131/K131 -> 0.88670095 | S131: 0.92013889 | T131: 0.95886574 | U131: 15 | V131: 55.768521 | AA131: =M131-J131 -> -407.8766 | AB131: =M131/J131 -> 0.88670095
B132: 18℃-飯糰 | C132: 二配三杯醬爆菇菇飯糰 | E132: 16.7 | F132: 2364 | G132: =E132*F132 -> 39478.8 | I132: 3 | J132: 3600 | K132: =J132/I132 -> 1200 | L132: 3 | M132: =F132/V132*60 -> 3200.4824 | N132: =M132/L132 -> 1066.8275 | O132: =L132-I132 -> 0 | P132: =N132-K132 -> -133.17255 | Q132: =N132/K132 -> 0.88902288 | S132: 0.96875 | T132: 0.99952546 | U132: 15 | V132: 44.31832 | AA132: =M132-J132 -> -399.51765 | AB132: =M132/J132 -> 0.88902288
B133: 18℃-飯糰 | C133: 二配北海道秋鮭親子飯糰 | E133: 24.82 | F133: 2164 | G133: =E133*F133 -> 53710.48 | I133: 5 | J133: 3600 | K133: =J133/I133 -> 720 | L133: 5 | M133: =F133/V133*60 -> 3189.3918 | N133: =M133/L133 -> 637.87836 | O133: =L133-I133 -> 0 | P133: =N133-K133 -> -82.121644 | Q133: =N133/K133 -> 0.88594216 | S133: 1.0097222 | T133: 1.0379861 | U133: 14.683333 | V133: 40.709956 | AA133: =M133-J133 -> -410.60822 | AB133: =M133/J133 -> 0.88594216
B134: 18℃-飯糰 | C134: 二配鹽蔥燒肉飯糰 | E134: 17.89 | F134: 4605 | G134: =E134*F134 -> 82383.45 | I134: 4 | J134: 3600 | K134: =J134/I134 -> 900 | L134: 4 | M134: =F134/V134*60 -> 3190.1677 | N134: =M134/L134 -> 797.54192 | O134: =L134-I134 -> 0 | P134: =N134-K134 -> -102.45808 | Q134: =N134/K134 -> 0.88615769 | S134: 1.0479167 | T134: 1.1080556 | U134: 15 | V134: 86.609868 | AA134: =M134-J134 -> -409.83233 | AB134: =M134/J134 -> 0.88615769
B135: 18℃-飯糰 | C135: 二配雞肉飯飯糰 | E135: 16.66 | F135: 7214 | G135: =E135*F135 -> 120185.24 | I135: 5 | J135: 3600 | K135: =J135/I135 -> 720 | L135: 5 | M135: =F135/V135*60 -> 3190.2679 | N135: =M135/L135 -> 638.05358 | O135: =L135-I135 -> 0 | P135: =N135-K135 -> -81.946421 | Q135: =N135/K135 -> 0.88618553 | S135: 1.1180556 | T135: 1.2122685 | U135: 15 | V135: 135.67513 | AA135: =M135-J135 -> -409.7321 | AB135: =M135/J135 -> 0.88618553
B140: 平均 | I140: =AVERAGE(I124:I139) -> 4 | J140: =AVERAGE(J124:J139) -> 3600 | K140: =J140/I140 -> 900 | L140: =AVERAGE(L124:L139) -> 4 | M140: =AVERAGE(M124:M139) -> 3192.7855 | N140: =M140/L140 -> 798.19638 | O140: =L140-I140 -> 0 | P140: =N140-K140 -> -101.80362 | Q140: =N140/K140 -> 0.88688487 | S140: 0.70833333 | T140: 1.2122685 | AA140: =M140-J140 -> -407.21448 | AB140: =M140/J140 -> 0.88688487
Y142: 原因回覆
Y143: 1.當日出勤人數較多
Y144: 2.當日出勤人數較少
Y145: 3.當日出勤熟手較多
Y146: 4.當日出勤新人較多
Y147: 5.機台夾盒
Y148: 6.封膜不順
Y149: 7.更換膠膜
Y150: 8.更換碳帶
Y151: 9.當日熱轉印碳帶異常
Y152: 10.訂單量過少
Y153: 11.新品上市，尚未熟悉
Y154: 12.活動期間品項需貼標

Sheet 0531(4度C)
A1: 大溪廠日報分析 | C1: 總生產量 | D1: =SUM(F5:F140) -> 110886 | E1: 營業額 | F1: =SUM(G5:G140) -> 4878025.2 | G1: 出勤人數 | H1: =L21+L38+L55+L72+L89+L106+L123+L140 -> 137.92063 | I1: 產線配置圖 | L1: 生產實績 | O1: 人時性差異分析 | S1: 日報登錄 | Y1: 合計次數 | Z1: 合計(時間/分) | AA1: 產線異常 分析說明(5分鐘以上) | AC1: 合計次數 | AD1: 合計(時間/分) | AE1: 產能差異分析
A2: 46173 | C2: 人時性 | D2: =AVERAGE(N21,N38,N55,N72,N89,N106,N123,N140) -> 177.17541 | E2: 平均廠價 | F2: =F1/D1 -> 43.991353 | G2: 多次生產數 | H2: =COUNT(H5:H140) -> 6 | Y2: =SUM(Y21,Y38,Y55,Y72,Y89,Y106,Y123,Y140) -> 0 | Z2: =SUM(Z21,Z38,Z55,Z72,Z89,Z106,Z123,Z140) -> 0 | AC2: =SUM(AC21,AC38,AC55,AC72,AC89,AC106,AC123,AC140) -> 0 | AD2: =SUM(AD21,AD38,AD55,AD72,AD89,AD106,AD123,AD140) -> 0
A3: 線別 | B3: 品類 | C3: 品名 | E3: 廠價 | F3: 生產量 | G3: 營收 | H3: 多次 生產 | I3: 人數 | J3: 產能/時 | K3: 人時性 | L3: 人數 | M3: 產能/時 | N3: 人時性 | O3: 人數 | P3: 人時性 | Q3: 達成率 | R3: 達成率 平均 | S3: 生產時間 | U3: 換線、休息/分 | V3: 稼動時間/分 | W3: 休息時間 | Y3: 產線異常統計(5分鐘以上) | AA3: (屏榮回填) | AC3: 短暫停線統計(5分鐘以下) | AE3: 產能/時 | AF3: 達成率 | AG3: 達成率平均
S4: 開始 | T4: 結束 | W4: 開始 | X4: 結束 | Y4: 次數 | Z4: 時間/分 | AC4: 總次數 | AD4: 設備因素(次數)
A5: 便當二線 | B5: 4℃-飯糰 | C5: 麻油雞飯糰 | E5: 29.97 | F5: 2756 | G5: =E5*F5 -> 82597.32 | I5: 21 | J5: 2790 | K5: =J5/I5 -> 132.85714 | L5: 25 | M5: =F5/V5*60 -> 2964.9808 | N5: =M5/L5 -> 118.59923 | O5: =L5-I5 -> 4 | P5: =N5-K5 -> -14.257912 | Q5: =N5/K5 -> 0.89268238 | R5: =Q21 -> 0.90924725 | S5: 0.20833333 | T5: 0.24706019 | V5: 55.771019 | AE5: =M5-J5 -> 174.98077 | AF5: =M5/J5 -> 1.0627171 | AG5: =AF21 -> 0.94877974
B6: 微波主食 | C6: 糖燻野郎三十天熟成牛飯 | E6: 56.77 | F6: 3849 | G6: =E6*F6 -> 218507.73 | I6: 24 | J6: 2000 | K6: =J6/I6 -> 83.333333 | L6: 24 | M6: =F6/V6*60 -> 1789.7623 | N6: =M6/L6 -> 74.573427 | O6: =L6-I6 -> 0 | P6: =N6-K6 -> -8.7599059 | Q6: =N6/K6 -> 0.89488113 | S6: 0.25069444 | T6: 0.34030093 | U6: 5.2333333 | V6: 129.0339 | AE6: =M6-J6 -> -210.23774 | AF6: =M6/J6 -> 0.89488113
B7: 便當 | C7: 健身G肉餐盒 | E7: 59.52 | F7: 6249 | G7: =E7*F7 -> 371940.48 | I7: 24 | J7: 2000 | K7: =J7/I7 -> 83.333333 | L7: 24 | M7: =F7/V7*60 -> 1794.8117 | N7: =M7/L7 -> 74.78382 | O7: =L7-I7 -> 0 | P7: =N7-K7 -> -8.5495136 | Q7: =N7/K7 -> 0.89740584 | S7: 0.34375 | T7: 0.48881944 | U7: 4.9666667 | V7: 208.90214 | W7: 0.48881944 | X7: 0.52638889 | AE7: =M7-J7 -> -205.18833 | AF7: =M7/J7 -> 0.89740584
B8: 便當 | C8: 嫩烤香料雞胸排蔬滿盒 | E8: 77.34 | F8: 3243 | G8: =E8*F8 -> 250813.62 | I8: 23 | J8: 2000 | K8: =J8/I8 -> 86.956522 | L8: 23 | M8: =F8/V8*60 -> 1790.2192 | N8: =M8/L8 -> 77.835619 | O8: =L8-I8 -> 0 | P8: =N8-K8 -> -9.1209031 | Q8: =N8/K8 -> 0.89510961 | S8: 0.52638889 | T8: 0.60186343 | U8: 55 | V8: 108.6906 | AE8: =M8-J8 -> -209.78077 | AF8: =M8/J8 -> 0.89510961
B21: 平均 | I21: =AVERAGE(I5:I20) -> 23 | J21: =AVERAGE(J5:J20) -> 2197.5 | K21: =J21/I21 -> 95.543478 | L21: =AVERAGE(L5:L20) -> 24 | M21: =AVERAGE(M5:M20) -> 2084.9435 | N21: =M21/L21 -> 86.872645 | O21: =L21-I21 -> 1 | P21: =N21-K21 -> -8.6708332 | Q21: =N21/K21 -> 0.90924725 | S21: 0.20833333 | T21: 0.60186343 | Y21: =SUM(Y5:Y20) -> 0 | Z21: =SUM(Z5:Z20) -> 0 | AC21: =SUM(AC5:AC20) -> 0 | AD21: =SUM(AD5:AD20) -> 0 | AE21: =M21-J21 -> -112.55652 | AF21: =M21/J21 -> 0.94877974
A22: 涼麵一線 | B22: 4℃-壽司手卷 | C22: 海陸雙拼壽司 | E22: 36.45 | F22: 3714 | G22: =E22*F22 -> 135375.3 | H22: 2 | I22: 20 | J22: 2100 | K22: =J22/I22 -> 105 | L22: 20 | M22: =F22/V22*60 -> 1896.1659 | N22: =M22/L22 -> 94.808294 | O22: =L22-I22 -> 0 | P22: =N22-K22 -> -10.191706 | Q22: =N22/K22 -> 0.90293613 | R22: =Q38 -> 0.86544528 | S22: 0.16666667 | T22: 0.24827546 | V22: 117.52136 | AE22: =M22-J22 -> -203.83413 | AF22: =M22/J22 -> 0.90293613 | AG22: =AF38 -> 0.86544528
B23: 微波小吃 | C23: 蒸蛋湯 | E23: 33.2 | F23: 3482 | G23: =E23*F23 -> 115602.4 | I23: 11 | J23: 2000 | K23: =J23/I23 -> 181.81818 | L23: 11 | M23: =F23/V23*60 -> 1642.8173 | N23: =M23/L23 -> 149.34703 | O23: =L23-I23 -> 0 | P23: =N23-K23 -> -32.471154 | Q23: =N23/K23 -> 0.82140865 | S23: 0.25138889 | T23: 0.33969907 | U23: 5 | V23: 127.17178 | AE23: =M23-J23 -> -357.18269 | AF23: =M23/J23 -> 0.82140865
B24: 微波小吃 | C24: 馬鈴薯玉米濃湯 | E24: 31.72 | F24: 1971 | G24: =E24*F24 -> 62520.12 | I24: 22 | J24: 2000 | K24: =J24/I24 -> 90.909091 | L24: 22 | M24: =F24/V24*60 -> 1630 | N24: =M24/L24 -> 74.090909 | O24: =L24-I24 -> 0 | P24: =N24-K24 -> -16.818182 | Q24: =N24/K24 -> 0.815 | S24: 0.34375 | T24: 0.39413194 | U24: 5.8333333 | V24: 72.552147 | AE24: =M24-J24 -> -370 | AF24: =M24/J24 -> 0.815
B25: 微波小吃 | C25: 三合一味噌湯 | E25: 34.79 | F25: 2020 | G25: =E25*F25 -> 70275.8 | I25: 11 | J25: 2000 | K25: =J25/I25 -> 181.81818 | L25: 11 | M25: =F25/V25*60 -> 1642.1467 | N25: =M25/L25 -> 149.28607 | O25: =L25-I25 -> 0 | P25: =N25-K25 -> -32.532115 | Q25: =N25/K25 -> 0.82107337 | S25: 0.39722222 | T25: 0.44847222 | U25: 5 | V25: 73.805828 | W25: 0.44847222 | X25: 0.48819444 | AE25: =M25-J25 -> -357.85326 | AF25: =M25/J25 -> 0.82107337
B26: 便當 | C26: 懷舊滷雙拼便當 | E26: 61.09 | F26: 3520 | G26: =E26*F26 -> 215036.8 | I26: 20 | J26: 2000 | K26: =J26/I26 -> 100 | L26: 20 | M26: =F26/V26*60 -> 1789.3456 | N26: =M26/L26 -> 89.467279 | O26: =L26-I26 -> 0 | P26: =N26-K26 -> -10.532721 | Q26: =N26/K26 -> 0.89467279 | S26: 0.48819444 | T26: 0.57015046 | U26: 57.2 | V26: 118.03198 | AE26: =M26-J26 -> -210.65441 | AF26: =M26/J26 -> 0.89467279
B27: 4℃-壽司手卷 | C27: 海陸雙拼壽司 | E27: 36.45 | F27: 2876 | G27: =E27*F27 -> 104830.2 | I27: 20 | J27: 2100 | K27: =J27/I27 -> 105 | L27: 20 | M27: =F27/V27*60 -> 1896.1659 | N27: =M27/L27 -> 94.808294 | O27: =L27-I27 -> 0 | P27: =N27-K27 -> -10.191706 | Q27: =N27/K27 -> 0.90293613 | S27: 0.57361111 | T27: 0.63680556 | U27: 4.9833333 | V27: 91.004697 | AE27: =M27-J27 -> -203.83413 | AF27: =M27/J27 -> 0.90293613
B28: 便當 | C28: 海陸雙拼肉肉餐盒 | E28: 59.54 | F28: 2580 | G28: =E28*F28 -> 153613.2 | I28: 23 | J28: 2000 | K28: =J28/I28 -> 86.956522 | L28: 23 | M28: =F28/V28*60 -> 1792.6816 | N28: =M28/L28 -> 77.942678 | O28: =L28-I28 -> 0 | P28: =N28-K28 -> -9.0138436 | Q28: =N28/K28 -> 0.8963408 | S28: 0.64097222 | T28: 0.7009375 | U28: 6 | V28: 86.351084 | AE28: =M28-J28 -> -207.3184 | AF28: =M28/J28 -> 0.8963408
B38: 平均 | I38: =AVERAGE(I22:I37) -> 18.142857 | J38: =AVERAGE(J22:J37) -> 2028.5714 | K38: =J38/I38 -> 111.81102 | L38: =AVERAGE(L22:L37) -> 18.142857 | M38: =AVERAGE(M22:M37) -> 1755.6176 | N38: =M38/L38 -> 96.766323 | O38: =L38-I38 -> 0 | P38: =N38-K38 -> -15.044701 | Q38: =N38/K38 -> 0.86544528 | S38: 0.16666667 | T38: 0.7009375 | Y38: =SUM(Y22:Y37) -> 0 | Z38: =SUM(Z22:Z37) -> 0 | AC38: =SUM(AC22:AC37) -> 0 | AD38: =SUM(AD22:AD37) -> 0 | AE38: =M38-J38 -> -272.95386 | AF38: =M38/J38 -> 0.86544528
A39: 涼麵二線 | B39: 微波小吃 | C39: 日式茶碗蒸 | E39: 19.7 | F39: 3471 | G39: =E39*F39 -> 68378.7 | I39: 13 | J39: 1200 | K39: =J39/I39 -> 92.307692 | L39: 13 | M39: =F39/V39*60 -> 1079.2077 | N39: =M39/L39 -> 83.015977 | O39: =L39-I39 -> 0 | P39: =N39-K39 -> -9.2917151 | Q39: =N39/K39 -> 0.89933975 | R39: =Q55 -> 0.8948638 | S39: 0.16666667 | T39: 0.3006713 | V39: 192.9749 | AE39: =M39-J39 -> -120.7923 | AF39: =M39/J39 -> 0.89933975 | AG39: =AF55 -> 0.8948638
B40: 便當 | C40: 香檸奶油魚排蔬滿盒 | E40: 77.35 | F40: 1572 | G40: =E40*F40 -> 121594.2 | I40: 26 | J40: 2000 | K40: =J40/I40 -> 76.923077 | L40: 26 | M40: =F40/V40*60 -> 1793.3662 | N40: =M40/L40 -> 68.975623 | O40: =L40-I40 -> 0 | P40: =N40-K40 -> -7.9474537 | Q40: =N40/K40 -> 0.8966831 | S40: 0.30347222 | T40: 0.33998843 | U40: 5 | V40: 52.593832 | AE40: =M40-J40 -> -206.6338 | AF40: =M40/J40 -> 0.8966831
B41: 便當 | C41: 美式雞丁餐盒 | E41: 59.34 | F41: 1680 | G41: =E41*F41 -> 99691.2 | I41: 24 | J41: 2000 | K41: =J41/I41 -> 83.333333 | L41: 24 | M41: =F41/V41*60 -> 1788.4082 | N41: =M41/L41 -> 74.51701 | O41: =L41-I41 -> 0 | P41: =N41-K41 -> -8.8163237 | Q41: =N41/K41 -> 0.89420412 | S41: 0.34305556 | T41: 0.3821875 | U41: 5 | V41: 56.36297 | AE41: =M41-J41 -> -211.59177 | AF41: =M41/J41 -> 0.89420412
B42: 便當 | C42: 烤蛋白餐盒 | E42: 58.67 | F42: 1412 | G42: =E42*F42 -> 82842.04 | H42: 2 | I42: 23 | J42: 2000 | K42: =J42/I42 -> 86.956522 | L42: 23 | M42: =F42/V42*60 -> 1791.327 | N42: =M42/L42 -> 77.883783 | O42: =L42-I42 -> 0 | P42: =N42-K42 -> -9.0727389 | Q42: =N42/K42 -> 0.8956635 | S42: 0.38611111 | T42: 0.41894676 | U42: 5.65 | V42: 47.294547 | AE42: =M42-J42 -> -208.67299 | AF42: =M42/J42 -> 0.8956635
B43: 便當 | C43: 海陸雙拼肉肉餐盒 | E43: 59.54 | F43: 1062 | G43: =E43*F43 -> 63231.48 | H43: 2 | I43: 23 | J43: 2000 | K43: =J43/I43 -> 86.956522 | L43: 23 | M43: =F43/V43*60 -> 1792.6816 | N43: =M43/L43 -> 77.942678 | O43: =L43-I43 -> 0 | P43: =N43-K43 -> -9.0138436 | Q43: =N43/K43 -> 0.8963408 | S43: 0.42222222 | T43: 0.44689815 | U43: 4.7166667 | V43: 35.544516 | AE43: =M43-J43 -> -207.3184 | AF43: =M43/J43 -> 0.8963408
B44: 便當 | C44: 香腸腿排雙拼便當 | E44: 53.76 | F44: 900 | G44: =E44*F44 -> 48384 | H44: 2 | I44: 20 | J44: 2000 | K44: =J44/I44 -> 100 | L44: 20 | M44: =F44/V44*60 -> 1784.5467 | N44: =M44/L44 -> 89.227333 | O44: =L44-I44 -> 0 | P44: =N44-K44 -> -10.772667 | Q44: =N44/K44 -> 0.89227333 | S44: 0.45 | T44: 0.47100694 | U44: 5 | V44: 30.259786 | W44: 0.47100694 | X44: 0.50972222 | AE44: =M44-J44 -> -215.45334 | AF44: =M44/J44 -> 0.89227333
B45: 便當 | C45: 蔬活腿排補力餐盒 | E45: 71.55 | F45: 2734 | G45: =E45*F45 -> 195617.7 | I45: 22 | J45: 2000 | K45: =J45/I45 -> 90.909091 | L45: 22 | M45: =F45/V45*60 -> 1786.2462 | N45: =M45/L45 -> 81.19301 | O45: =L45-I45 -> 0 | P45: =N45-K45 -> -9.7160814 | Q45: =N45/K45 -> 0.89312311 | S45: 0.50972222 | T45: 0.57349537 | U45: 55.75 | V45: 91.835044 | AE45: =M45-J45 -> -213.75379 | AF45: =M45/J45 -> 0.89312311
B46: 便當 | C46: 香腸腿排雙拼便當 | E46: 53.76 | F46: 2730 | G46: =E46*F46 -> 146764.8 | I46: 20 | J46: 2000 | K46: =J46/I46 -> 100 | L46: 20 | M46: =F46/V46*60 -> 1784.5467 | N46: =M46/L46 -> 89.227333 | O46: =L46-I46 -> 0 | P46: =N46-K46 -> -10.772667 | Q46: =N46/K46 -> 0.89227333 | S46: 0.57708333 | T46: 0.64082176 | U46: 5.1666667 | V46: 91.788017 | AE46: =M46-J46 -> -215.45334 | AF46: =M46/J46 -> 0.89227333
B47: 便當 | C47: 烤蛋白餐盒 | E47: 58.67 | F47: 3430 | G47: =E47*F47 -> 201238.1 | I47: 23 | J47: 2000 | K47: =J47/I47 -> 86.956522 | L47: 23 | M47: =F47/V47*60 -> 1791.327 | N47: =M47/L47 -> 77.883783 | O47: =L47-I47 -> 0 | P47: =N47-K47 -> -9.0727389 | Q47: =N47/K47 -> 0.8956635 | S47: 0.64444444 | T47: 0.72422454 | U47: 5.2166667 | V47: 114.8869 | AE47: =M47-J47 -> -208.67299 | AF47: =M47/J47 -> 0.8956635
B55: 平均 | I55: =AVERAGE(I39:I54) -> 21.555556 | J55: =AVERAGE(J39:J54) -> 1911.1111 | K55: =J55/I55 -> 88.659794 | L55: =AVERAGE(L39:L54) -> 21.555556 | M55: =AVERAGE(M39:M54) -> 1710.1841 | N55: =M55/L55 -> 79.33844 | O55: =L55-I55 -> 0 | P55: =N55-K55 -> -9.3213542 | Q55: =N55/K55 -> 0.8948638 | S55: 0.16666667 | T55: 0.72422454 | Y55: =SUM(Y39:Y54) -> 0 | Z55: =SUM(Z39:Z54) -> 0 | AC55: =SUM(AC39:AC54) -> 0 | AD55: =SUM(AD39:AD54) -> 0 | AE55: =M55-J55 -> -200.92697 | AF55: =M55/J55 -> 0.8948638
A56: 涼麵三線 | B56: 季節調理麵 | C56: 和風涓絲冷麵 | E56: 28.86 | F56: 3238 | G56: =E56*F56 -> 93448.68 | I56: 19 | J56: 3600 | K56: =J56/I56 -> 189.47368 | L56: 19 | M56: =F56/V56*60 -> 3181.5656 | N56: =M56/L56 -> 167.45082 | O56: =L56-I56 -> 0 | P56: =N56-K56 -> -22.022864 | Q56: =N56/K56 -> 0.88376822 | R56: =Q72 -> 0.8954457 | S56: 0.16666667 | T56: 0.2090625 | V56: 61.064276 | AE56: =M56-J56 -> -418.43441 | AF56: =M56/J56 -> 0.88376822 | AG56: =AF72 -> 0.8954457
B57: 季節調理麵 | C57: 台式麻醬涼麵 | E57: 31.11 | F57: 4546 | G57: =E57*F57 -> 141426.06 | I57: 19 | J57: 3600 | K57: =J57/I57 -> 189.47368 | L57: 19 | M57: =F57/V57*60 -> 3182.6771 | N57: =M57/L57 -> 167.50932 | O57: =L57-I57 -> 0 | P57: =N57-K57 -> -21.964364 | Q57: =N57/K57 -> 0.88407697 | S57: 0.21319444 | T57: 0.27270833 | U57: 5.95 | V57: 85.701437 | AE57: =M57-J57 -> -417.32291 | AF57: =M57/J57 -> 0.88407697
B58: 季節調理麵 | C58: 鰹魚烏龍冷麵 | E58: 38.99 | F58: 2555 | G58: =E58*F58 -> 99619.45 | I58: 19 | J58: 3600 | K58: =J58/I58 -> 189.47368 | L58: 19 | M58: =F58/V58*60 -> 3183.3553 | N58: =M58/L58 -> 167.54502 | O58: =L58-I58 -> 0 | P58: =N58-K58 -> -21.928668 | Q58: =N58/K58 -> 0.88426536 | S58: 0.27638889 | T58: 0.30982639 | U58: 5.3 | V58: 48.156736 | AE58: =M58-J58 -> -416.6447 | AF58: =M58/J58 -> 0.88426536
B59: 季節調理麵 | C59: 嘉義崇文白醋涼麵 | E59: 35.89 | F59: 3900 | G59: =E59*F59 -> 139971 | I59: 19 | J59: 3600 | K59: =J59/I59 -> 189.47368 | L59: 19 | M59: =F59/V59*60 -> 3182.8371 | N59: =M59/L59 -> 167.51774 | O59: =L59-I59 -> 0 | P59: =N59-K59 -> -21.955941 | Q59: =N59/K59 -> 0.88412142 | S59: 0.31388889 | T59: 0.36494213 | U59: 5.85 | V59: 73.519313 | AE59: =M59-J59 -> -417.16287 | AF59: =M59/J59 -> 0.88412142
B60: 季節調理麵 | C60: 日式胡麻雞絲冷麵 | E60: 46.93 | F60: 3714 | G60: =E60*F60 -> 174298.02 | I60: 24 | J60: 3600 | K60: =J60/I60 -> 150 | L60: 24 | M60: =F60/V60*60 -> 3257.238 | N60: =M60/L60 -> 135.71825 | O60: =L60-I60 -> 0 | P60: =N60-K60 -> -14.281751 | Q60: =N60/K60 -> 0.90478833 | S60: 0.36805556 | T60: 0.41555556 | U60: 5 | V60: 68.413792 | AE60: =M60-J60 -> -342.76203 | AF60: =M60/J60 -> 0.90478833
B61: 季節調理麵 | C61: 大滿足香辣涼麵 | E61: 38.48 | F61: 2011 | G61: =E61*F61 -> 77383.28 | H61: 2 | I61: 20 | J61: 3600 | K61: =J61/I61 -> 180 | L61: 20 | M61: =F61/V61*60 -> 3256.7714 | N61: =M61/L61 -> 162.83857 | O61: =L61-I61 -> 0 | P61: =N61-K61 -> -17.161429 | Q61: =N61/K61 -> 0.90465873 | S61: 0.41875 | T61: 0.44446759 | U61: 4.6 | V61: 37.048962 | AE61: =M61-J61 -> -343.22857 | AF61: =M61/J61 -> 0.90465873
B62: 季節調理麵 | C62: 大滿足麻醬涼麵 | E62: 37.8 | F62: 2619 | G62: =E62*F62 -> 98998.2 | H62: 2 | I62: 21 | J62: 3600 | K62: =J62/I62 -> 171.42857 | L62: 21 | M62: =F62/V62*60 -> 3255.6124 | N62: =M62/L62 -> 155.02916 | O62: =L62-I62 -> 0 | P62: =N62-K62 -> -16.399411 | Q62: =N62/K62 -> 0.90433677 | S62: 0.44861111 | T62: 0.48212963 | U62: 5.9666667 | V62: 48.267417 | W62: 0.48212963 | X62: 0.52013889 | AE62: =M62-J62 -> -344.38762 | AF62: =M62/J62 -> 0.90433677
B63: 季節調理麵 | C63: 大滿足香辣涼麵 | E63: 38.48 | F63: 4897 | G63: =E63*F63 -> 188436.56 | I63: 20 | J63: 3600 | K63: =J63/I63 -> 180 | L63: 20 | M63: =F63/V63*60 -> 3256.7714 | N63: =M63/L63 -> 162.83857 | O63: =L63-I63 -> 0 | P63: =N63-K63 -> -17.161429 | Q63: =N63/K63 -> 0.90465873 | S63: 0.52013889 | T63: 0.58278935 | U63: 54.733333 | V63: 90.218183 | AE63: =M63-J63 -> -343.22857 | AF63: =M63/J63 -> 0.90465873
B64: 季節調理麵 | C64: 大滿足麻醬涼麵 | E64: 37.8 | F64: 6558 | G64: =E64*F64 -> 247892.4 | I64: 21 | J64: 3600 | K64: =J64/I64 -> 171.42857 | L64: 21 | M64: =F64/V64*60 -> 3255.6124 | N64: =M64/L64 -> 155.02916 | O64: =L64-I64 -> 0 | P64: =N64-K64 -> -16.399411 | Q64: =N64/K64 -> 0.90433677 | S64: 0.58680556 | T64: 0.67072917 | U64: 5.7833333 | V64: 120.86205 | AE64: =M64-J64 -> -344.38762 | AF64: =M64/J64 -> 0.90433677
B72: 平均 | I72: =AVERAGE(I56:I71) -> 20.222222 | J72: =AVERAGE(J56:J71) -> 3600 | K72: =J72/I72 -> 178.02198 | L72: =AVERAGE(L56:L71) -> 20.222222 | M72: =AVERAGE(M56:M71) -> 3223.6045 | N72: =M72/L72 -> 159.40901 | O72: =L72-I72 -> 0 | P72: =N72-K72 -> -18.612963 | Q72: =N72/K72 -> 0.8954457 | S72: 0.16666667 | T72: 0.67072917 | Y72: =SUM(Y56:Y71) -> 0 | Z72: =SUM(Z56:Z71) -> 0 | AC72: =SUM(AC56:AC71) -> 0 | AD72: =SUM(AD56:AD71) -> 0 | AE72: =M72-J72 -> -376.39548 | AF72: =M72/J72 -> 0.8954457
A73: 自動包裝機 | B73: 4℃-壽司手卷 | C73: 山葵生鮪魚泥脆卷 | E73: 23.19 | F73: 450 | G73: =E73*F73 -> 10435.5 | I73: 6 | J73: 2500 | K73: =J73/I73 -> 416.66667 | L73: 6 | M73: =F73/V73*60 -> 2262.9238 | N73: =M73/L73 -> 377.15397 | O73: =L73-I73 -> 0 | P73: =N73-K73 -> -39.512692 | Q73: =N73/K73 -> 0.90516954 | R73: =Q89 -> 0.90403631 | S73: 0.41736111 | T73: 0.42563657 | U73: 4.6 | V73: 11.931466 | AE73: =M73-J73 -> -237.07615 | AF73: =M73/J73 -> 0.90516954 | AG73: =AF89 -> 0.90403631
B74: 4℃-壽司手卷 | C74: 韓式辣炒豬肉飯卷 | E74: 27.05 | F74: 2673 | G74: =E74*F74 -> 72304.65 | I74: 6 | J74: 3273 | K74: =J74/I74 -> 545.5 | L74: 6 | M74: =F74/V74*60 -> 2956.0778 | N74: =M74/L74 -> 492.67963 | O74: =L74-I74 -> 0 | P74: =N74-K74 -> -52.82037 | Q74: =N74/K74 -> 0.90317072 | S74: 0.42916667 | T74: 0.46684028 | U74: 5.0833333 | V74: 54.254323 | AE74: =M74-J74 -> -316.92222 | AF74: =M74/J74 -> 0.90317072
B89: 平均 | I89: =AVERAGE(I73:I88) -> 6 | J89: =AVERAGE(J73:J88) -> 2886.5 | K89: =J89/I89 -> 481.08333 | L89: =AVERAGE(L73:L88) -> 6 | M89: =AVERAGE(M73:M88) -> 2609.5008 | N89: =M89/L89 -> 434.9168 | O89: =L89-I89 -> 0 | P89: =N89-K89 -> -46.166531 | Q89: =N89/K89 -> 0.90403631 | S89: 0.25 | T89: 0.46684028 | Y89: =SUM(Y73:Y88) -> 0 | Z89: =SUM(Z73:Z88) -> 0 | AC89: =SUM(AC73:AC88) -> 0 | AD89: =SUM(AD73:AD88) -> 0 | AE89: =M89-J89 -> -276.99919 | AF89: =M89/J89 -> 0.90403631
A90: 自動包裝機2 | B90: 4℃-壽司手卷 | C90: 鮪魚昆布細卷 | E90: 15.51 | F90: 3317 | G90: =E90*F90 -> 51446.67 | I90: 6 | J90: 2600 | K90: =J90/I90 -> 433.33333 | L90: 6 | M90: =F90/V90*60 -> 2349.0788 | N90: =M90/L90 -> 391.51313 | O90: =L90-I90 -> 0 | P90: =N90-K90 -> -41.820207 | Q90: =N90/K90 -> 0.90349183 | R90: =Q106 -> 0.90306068 | S90: 0.25 | T90: 0.30883102 | V90: 84.722575 | AE90: =M90-J90 -> -250.92124 | AF90: =M90/J90 -> 0.90349183 | AG90: =AF106 -> 0.90306068
B91: 4℃-壽司手卷 | C91: 肉鬆火腿細卷 | E91: 15.01 | F91: 3425 | G91: =E91*F91 -> 51409.25 | I91: 6 | J91: 2600 | K91: =J91/I91 -> 433.33333 | L91: 6 | M91: =F91/V91*60 -> 2346.8368 | N91: =M91/L91 -> 391.13946 | O91: =L91-I91 -> 0 | P91: =N91-K91 -> -42.193872 | Q91: =N91/K91 -> 0.90262953 | S91: 0.31180556 | T91: 0.37260417 | U91: 5 | V91: 87.564675 | AE91: =M91-J91 -> -253.16323 | AF91: =M91/J91 -> 0.90262953
B106: 平均 | I106: =AVERAGE(I90:I105) -> 6 | J106: =AVERAGE(J90:J105) -> 2600 | K106: =J106/I106 -> 433.33333 | L106: =AVERAGE(L90:L105) -> 6 | M106: =AVERAGE(M90:M105) -> 2347.9578 | N106: =M106/L106 -> 391.32629 | O106: =L106-I106 -> 0 | P106: =N106-K106 -> -42.00704 | Q106: =N106/K106 -> 0.90306068 | S106: 0.25 | T106: 0.37260417 | Y106: =SUM(Y90:Y105) -> 0 | Z106: =SUM(Z90:Z105) -> 0 | AC106: =SUM(AC90:AC105) -> 0 | AD106: =SUM(AD90:AD105) -> 0 | AE106: =M106-J106 -> -252.04224 | AF106: =M106/J106 -> 0.90306068
A107: 便當二線 (二配) | B107: 微波主食 | C107: 二配鐵板豆腐燴蛋蓋飯 | E107: 44.98 | F107: 1636 | G107: =E107*F107 -> 73587.28 | I107: 21 | J107: 1800 | K107: =J107/I107 -> 85.714286 | L107: 21 | M107: =F107/V107*60 -> 1610.0334 | N107: =M107/L107 -> 76.668255 | O107: =L107-I107 -> 0 | P107: =N107-K107 -> -9.0460306 | Q107: =N107/K107 -> 0.89446298 | R107: =Q123 -> 0.92551714 | S107: 0.70833333 | T107: 0.7506713 | V107: 60.967681 | AE107: =M107-J107 -> -189.96664 | AF107: =M107/J107 -> 0.89446298 | AG107: =AF123 -> 0.89414368
B108: 微波主食 | C108: 二配濃起司燻腸紅醬焗烤飯 | E108: 50.67 | F108: 1699 | G108: =E108*F108 -> 86088.33 | I108: 20 | J108: 2000 | K108: =J108/I108 -> 100 | L108: 19 | M108: =F108/V108*60 -> 1788 | N108: =M108/L108 -> 94.105263 | O108: =L108-I108 -> -1 | P108: =N108-K108 -> -5.8947368 | Q108: =N108/K108 -> 0.94105263 | S108: 0.75416667 | T108: 0.79375 | U108: 5.0333333 | V108: 57.013423 | AE108: =M108-J108 -> -212 | AF108: =M108/J108 -> 0.894
B109: 微波主食 | C109: 二配香烤魚排青醬燉飯 | E109: 58.17 | F109: 2634 | G109: =E109*F109 -> 153219.78 | I109: 18 | J109: 2000 | K109: =J109/I109 -> 111.11111 | L109: 17 | M109: =F109/V109*60 -> 1788 | N109: =M109/L109 -> 105.17647 | O109: =L109-I109 -> -1 | P109: =N109-K109 -> -5.9346405 | Q109: =N109/K109 -> 0.94658824 | S109: 0.79791667 | T109: 0.85929398 | U109: 6 | V109: 88.389262 | AE109: =M109-J109 -> -212 | AF109: =M109/J109 -> 0.894
B123: 平均 | I123: =AVERAGE(I107:I122) -> 19.666667 | J123: =AVERAGE(J107:J122) -> 1933.3333 | K123: =J123/I123 -> 98.305085 | L123: =AVERAGE(L107:L122) -> 19 | M123: =AVERAGE(M107:M122) -> 1728.6778 | N123: =M123/L123 -> 90.983041 | O123: =L123-I123 -> -0.66666667 | P123: =N123-K123 -> -7.3220434 | Q123: =N123/K123 -> 0.92551714 | S123: 0.70833333 | T123: 0.85929398 | Y123: =SUM(Y107:Y122) -> 0 | Z123: =SUM(Z107:Z122) -> 0 | AC123: =SUM(AC107:AC122) -> 0 | AD123: =SUM(AD107:AD122) -> 0 | AE123: =M123-J123 -> -204.65555 | AF123: =M123/J123 -> 0.89414368
A124: 涼麵一線 (二配) | B124: 微波主食 | C124: 二配哞哞培根奶香海陸焗飯 | E124: 47.6 | F124: 1981 | G124: =E124*F124 -> 94295.6 | I124: 23 | J124: 2000 | K124: =J124/I124 -> 86.956522 | L124: 23 | M124: =F124/V124*60 -> 1787.4 | N124: =M124/L124 -> 77.713043 | O124: =L124-I124 -> 0 | P124: =N124-K124 -> -9.2434783 | Q124: =N124/K124 -> 0.8937 | R124: =Q140 -> 0.89459346 | S124: 0.70833333 | T124: 0.75450231 | V124: 66.498825 | AE124: =M124-J124 -> -212.6 | AF124: =M124/J124 -> 0.8937 | AG124: =AF140 -> 0.89459346
B125: 微波主食 | C125: 二配黃金雞排蘑菇白醬歐姆蛋飯 | E125: 56.87 | F125: 1619 | G125: =E125*F125 -> 92072.53 | I125: 23 | J125: 2000 | K125: =J125/I125 -> 86.956522 | L125: 23 | M125: =F125/V125*60 -> 1791.5608 | N125: =M125/L125 -> 77.893946 | O125: =L125-I125 -> 0 | P125: =N125-K125 -> -9.0625756 | Q125: =N125/K125 -> 0.89578038 | S125: 0.75833333 | T125: 0.7959838 | U125: 5.5166667 | V125: 54.220879 | AE125: =M125-J125 -> -208.43924 | AF125: =M125/J125 -> 0.89578038
B126: 微波主食 | C126: 二配里肌豬排可可咖哩歐姆蛋飯 | E126: 56.79 | F126: 2163 | G126: =E126*F126 -> 122836.77 | I126: 23 | J126: 2000 | K126: =J126/I126 -> 86.956522 | L126: 23 | M126: =F126/V126*60 -> 1788.6 | N126: =M126/L126 -> 77.765217 | O126: =L126-I126 -> 0 | P126: =N126-K126 -> -9.1913043 | Q126: =N126/K126 -> 0.8943 | S126: 0.8 | T126: 0.85038194 | U126: 5.7833333 | V126: 72.559544 | AE126: =M126-J126 -> -211.4 | AF126: =M126/J126 -> 0.8943
B140: 平均 | I140: =AVERAGE(I124:I139) -> 23 | J140: =AVERAGE(J124:J139) -> 2000 | K140: =J140/I140 -> 86.956522 | L140: =AVERAGE(L124:L139) -> 23 | M140: =AVERAGE(M124:M139) -> 1789.1869 | N140: =M140/L140 -> 77.790736 | O140: =L140-I140 -> 0 | P140: =N140-K140 -> -9.1657861 | Q140: =N140/K140 -> 0.89459346 | S140: 0.70833333 | T140: 0.85038194 | Y140: =SUM(Y124:Y139) -> 0 | Z140: =SUM(Z124:Z139) -> 0 | AC140: =SUM(AC124:AC139) -> 0 | AD140: =SUM(AD124:AD139) -> 0 | AE140: =M140-J140 -> -210.81308 | AF140: =M140/J140 -> 0.89459346
AA142: 原因回覆
AA143: 1.當日出勤人數較多
AA144: 2.當日出勤人數較少
AA145: 3.當日出勤熟手較多
AA146: 4.當日出勤新人較多
AA147: 5.機台夾盒
AA148: 6.封膜不順
AA149: 7.更換膠膜
AA150: 8.更換碳帶
AA151: 9.當日熱轉印碳帶異常
AA152: 10.訂單量過少
AA153: 11.新品上市，尚未熟悉
AA154: 12.活動期間品項需貼標

Sheet 0530
B1: 屏榮 大溪廠組合室生產人時性分析
B3: 日期 | C3: 115.05.30星期六 | E3: 訂單量 | F3: ='0530(18度C)'!D1+'0530(4度C)'!D1 -> 190453 | H3: 營業額 | I3: ='0530(18度C)'!F1+'0530(4度C)'!F1 -> 5706651.9
B4: 人時性 | C4: 項目 | E4: ➀ | G4: ➁ | I4: ➂ | K4: ④ | M4: ⑤ | O4: 異常停線 | Q4: 短暫停線
C5: 組合室 | E5: 全溫層 | G5: 4度C-各編組展開(一配) | I5: 4度C-各編組展開(二配) | K5: 18度C-各編組展開(一配) | M5: 18度C-各編組展開(二配) | O5: 合計次數 | P5: 時間 | Q5: 合計次數 | R5: 設備次數
C6: 排關平均 | E6: =AVERAGE(D14:O14,D32:X32) -> 480.21337 | F6: =AVERAGE(#REF!,D14:K14) -> #REF! | G6: =AVERAGE(D14:K14) -> 228.52771 | I6: =AVERAGE(L14:O14) -> 92.630803 | K6: =AVERAGE(D32:O32) -> 812.58741 | M6: =AVERAGE(P32:X32) -> 719.15909 | O6: ='0530(4度C)'!Y2 -> 0 | P6: ='0530(4度C)'!Z2 -> 0 | Q6: ='0530(4度C)'!AC2 -> 0 | R6: ='0530(4度C)'!AD2 -> 0
C7: 實績平均 | E7: =AVERAGE(D15:O15,D33:X33) -> 429.99426 | F7: =AVERAGE(#REF!,D15:K15) -> #REF! | G7: =AVERAGE(D15:K15) -> 206.1266 | I7: =AVERAGE(L15:O15) -> 84.385439 | K7: =AVERAGE(D33:O33) -> 725.94278 | M7: =AVERAGE(P33:X33) -> 642.65166
C8: 達成率平均 | E8: =AVERAGE(D16:O16,D34:X34) -> 0.89694523 | F8: =AVERAGE(D16:K16,#REF!) -> #REF! | G8: =AVERAGE(D16:K16) -> 0.90007203 | I8: =AVERAGE(L16:O16) -> 0.91003864 | K8: =AVERAGE(D34:O34) -> 0.88999393 | M8: =AVERAGE(P34:X34) -> 0.89265962
O9: ※現行日本鮮食廠以達成率80%為基本(即為現行KPI)
B11: 溫層 | D11: ➁4度C-各編組展開 | L11: ➂4度C-各編組展開
B12: 編組 | D12: 1 | E12: 2 | F12: 3 | G12: 4 | H12: 5 | I12: 6 | J12: 7 | K12: 8 | L12: 1 | M12: 2 | N12: 3 | O12: 4
D13: 便當一線 | E13: 便當二線 | F13: 涼麵一線 | G13: 涼麵二線 | H13: 涼麵三線 | I13: 自動包裝機 | J13: 自動包裝機2 | K13: 自動包裝機3 | L13: 便當一線 | M13: 便當二線 | N13: 涼麵一線 | O13: 涼麵二線
B14: 人時性 | C14: 排關 | D14: - | E14: 95.543478 | F14: 98.780488 | G14: 84.40367 | H14: 178.02198 | I14: 481.08333 | J14: 433.33333 | K14: - | L14: - | M14: 98.305085 | N14: 86.956522 | O14: -
C15: 實績 | D15: - | E15: 86.874728 | F15: 88.072739 | G15: 75.630741 | H15: 159.36659 | I15: 435.44519 | J15: 391.36963 | K15: - | L15: - | M15: 90.983041 | N15: 77.787837 | O15: -
C16: 達成率 | D16: - | E16: =E15/E14 -> 0.90926906 | F16: =F15/F14 -> 0.89160057 | G16: =G15/G14 -> 0.89605986 | H16: =H15/H14 -> 0.89520738 | I16: =I15/I14 -> 0.90513464 | J16: =J15/J14 -> 0.90316068 | K16: - | L16: - | M16: =M15/M14 -> 0.92551714 | N16: =N15/N14 -> 0.89456013 | O16: -
B17: 作業 時間 | C17: 開始 | D17: - | E17: 0.25 | F17: 0.20833333 | G17: 0.20833333 | H17: 0.16666667 | I17: 0.25 | J17: 0.25 | K17: - | L17: - | M17: 0.70833333 | N17: 0.70833333 | O17: -
C18: 結束 | D18: - | E18: 0.53590278 | F18: 0.56354167 | G18: 0.55762731 | H18: 0.6205787 | I18: 0.42475694 | J18: 0.35850694 | K18: - | L18: - | M18: 0.84310185 | N18: 0.82780093 | O18: -
B19: 產線異常 (5分鐘以上) | C19: 次數
C20: 時間/分
B21: 短暫停線 (5分鐘以下) | C21: 次數
C22: 設備次數
B23: 配置人數 | D23: - | E23: 24 | F23: 20.5 | G23: 21.8 | H23: 20.222222 | I23: 6 | J23: 6 | K23: - | L23: - | M23: 19 | N23: 23 | O23: -
B24: 主要應用設備 | D24: L型封口機 | E24: ET-55 | F24: ET-55 | G24: ET-55 | H24: ET-600 | I24: 伺服包裝機 | J24: 伺服包裝機 | K24: 伺服包裝機 | L24: L型封口機 | M24: ET-55 | N24: ET-55 | O24: ET-55
B25: 次要應用設備 | D25: 伺服包裝機 | H25: 伺服包裝機
B26: 備註 | H26: 涼麵+烤飯糰 | I26: 大口飯糰線 | K26: 烤飯糰+手卷
B29: 溫層 | D29: ➃18度C-各編組展開 (一配) | P29: ⑤18度C-各編組展開 (二配)
B30: 編組 | D30: 1 | E30: 2 | F30: 3 | G30: 4 | H30: 5 | I30: 6 | J30: 7 | K30: 8 | L30: 9 | M30: 10 | N30: 11 | O30: 12 | P30: 1 | Q30: 2 | R30: 3 | S30: 4 | T30: 5 | U30: 6 | V30: 7 | W30: 8 | X30: 9
D31: 便當一線 | E31: 涼麵一線 | F31: 涼麵三線 | G31: 自動包裝機 | H31: 自動包裝機2 | I31: 自動包裝機3 | J31: 味付飯糰線B | K31: (舊) 3300型飯糰線 | L31: 3000型飯糰線 | M31: (新) 3300型飯糰機 | N31: GKK3600型 飯糰機 | O31: GKK3600型 飯糰機2 | P31: 自動包裝機 | Q31: 自動包裝機2 | R31: 自動包裝機3 | S31: 味付飯糰線B | T31: (舊) 3300型飯糰線 | U31: 3000型飯糰線 | V31: (新) 3300型飯糰機 | W31: GKK3600型 飯糰機 | X31: GKK3600型 飯糰機2
B32: 人時性 | C32: 排關 | D32: - | E32: - | F32: - | G32: 327.27273 | H32: - | I32: - | J32: - | K32: - | L32: - | M32: 1100 | N32: 923.07692 | O32: 900 | P32: 288 | Q32: - | R32: - | S32: - | T32: - | U32: - | V32: 775 | W32: 913.63636 | X32: 900
C33: 實績 | D33: - | E33: - | F33: - | G33: 286.81861 | H33: - | I33: - | J33: - | K33: - | L33: - | M33: 996.19476 | N33: 823.9677 | O33: 796.79004 | P33: 255.14385 | Q33: - | R33: - | S33: - | T33: - | U33: - | V33: 700.47734 | W33: 816.92406 | X33: 798.06138
C34: 達成率 | D34: - | E34: - | F34: - | G34: =G33/G32 -> 0.87639019 | H34: - | I34: - | J34: - | K34: - | L34: - | M34: =M33/M32 -> 0.9056316 | N34: =N33/N32 -> 0.89263168 | O34: =O33/O32 -> 0.88532227 | P34: =P33/P32 -> 0.88591614 | Q34: - | R34: - | S34: - | T34: - | U34: - | V34: =V33/V32 -> 0.90384173 | W34: =W33/W32 -> 0.89414574 | X34: =X33/X32 -> 0.88673487
B35: 作業 時間 | C35: 開始 | D35: - | E35: - | F35: - | G35: 0.25 | H35: - | I35: - | J35: - | K35: - | L35: - | M35: 0.375 | N35: 0.25 | O35: 0.25 | P35: 0.70833333 | Q35: - | R35: - | S35: - | T35: - | U35: - | V35: 0.70833333 | W35: 0.70833333 | X35: 0.70833333
C36: 結束 | D36: - | E36: - | F36: - | G36: 0.42475694 | H36: - | I36: - | J36: - | K36: - | L36: - | M36: 0.40711806 | N36: 0.54569444 | O36: 0.54077546 | P36: 0.74695602 | Q36: - | R36: - | S36: - | T36: - | U36: - | V36: 0.7859838 | W36: 1.1875694 | X36: 1.1636921
B37: 配置人數 | D37: - | E37: - | F37: - | G37: 11 | H37: - | I37: - | J37: - | K37: - | L37: - | M37: 3 | N37: 3.7142857 | O37: 4 | P37: 12.5 | Q37: - | R37: - | S37: - | T37: - | U37: - | V37: 4 | W37: 3.6666667 | X37: 4
B38: 主要應用設備 | D38: 伺服包裝機 | E38: ET-55 | F38: ET-600 | G38: 夾心型 | H38: 伺服包裝機 | I38: 伺服包裝機 | J38: 夾心型 | K38: 3300型 | L38: 3300型 | M38: 3300型 | N38: GKK | O38: GKK | P38: 夾心型 | Q38: 伺服包裝機 | R38: 伺服包裝機 | S38: 夾心型 | T38: 3300型 | U38: 3300型 | V38: 3300型 | W38: GKK | X38: GKK
B39: 次要應用設備
B40: 備註

Sheet 0530(18度C)
A1: 大溪廠日報分析 | C1: 總生產量 | D1: =SUM(F5:F140) -> 105671 | E1: 營業額 | F1: =SUM(G5:G140) -> 2060605.4 | G1: 出勤人數 | H1: =L21+L38+L55+L72+L89+L106+L123+L140 -> 45.880952 | I1: 產線配置圖 | L1: 生產實績 | O1: 人時性差異分析 | S1: 日報登錄 | Y1: 分析說明 | AA1: 產能差異分析
A2: 46172 | C2: 人時性 | D2: =AVERAGE(N21,N38,N55,N72,N89,N106,N123,N140) -> 684.29722 | E2: 平均廠價 | F2: =F1/D1 -> 19.500198 | G2: 多次生產數 | H2: =COUNT(H5:H140) -> 12
A3: 線別 | B3: 品類 | C3: 品名 | E3: 廠價 | F3: 生產量 | G3: 營收 | H3: 多次 生產 | I3: 人數 | J3: 產能/時 | K3: 人時性 | L3: 人數 | M3: 產能/時 | N3: 人時性 | O3: 人數 | P3: 人時性 | Q3: 達成率 | R3: 達成率 平均 | S3: 生產時間 | U3: 換線、休息/分 | V3: 稼動時間/分 | W3: 休息時間 | Y3: (屏榮回填) | AA3: 產能/時 | AB3: 達成率 | AC3: 達成率平均
S4: 開始 | T4: 結束 | W4: 開始 | X4: 結束
A5: 自動包裝機 | B5: 18℃-壽司手卷 | C5: 一配長野稻荷壽司 | E5: 25.64 | F5: 1377 | G5: =E5*F5 -> 35306.28 | I5: 10 | J5: 3600 | K5: =J5/I5 -> 360 | L5: 10 | M5: =F5/V5*60 -> 3203.5937 | N5: =M5/L5 -> 320.35937 | O5: =L5-I5 -> 0 | P5: =N5-K5 -> -39.640631 | Q5: =N5/K5 -> 0.88988714 | R5: =Q21 -> 0.87639019 | S5: 0.25 | T5: 0.26790509 | V5: 25.789787 | AA5: =M5-J5 -> -396.40631 | AB5: =M5/J5 -> 0.88988714 | AC5: =AB21 -> 0.87639019
B6: 18℃-壽司手卷 | C6: 一配經典人氣雙手卷 | E6: 29.52 | F6: 2528 | G6: =E6*F6 -> 74626.56 | I6: 11 | J6: 3600 | K6: =J6/I6 -> 327.27273 | L6: 11 | M6: =F6/V6*60 -> 3151.038 | N6: =M6/L6 -> 286.458 | O6: =L6-I6 -> 0 | P6: =N6-K6 -> -40.814728 | Q6: =N6/K6 -> 0.87528833 | S6: 0.27152778 | T6: 0.3049537 | U6: 5.2166667 | V6: 48.136519 | AA6: =M6-J6 -> -448.96201 | AB6: =M6/J6 -> 0.87528833
B7: 18℃-壽司手卷 | C7: 一配鮭鮪海饌雙手卷 | E7: 29.85 | F7: 2911 | G7: =E7*F7 -> 86893.35 | I7: 11 | J7: 3600 | K7: =J7/I7 -> 327.27273 | L7: 11 | M7: =F7/V7*60 -> 3150.3436 | N7: =M7/L7 -> 286.39487 | O7: =L7-I7 -> 0 | P7: =N7-K7 -> -40.877855 | Q7: =N7/K7 -> 0.87509544 | S7: 0.30902778 | T7: 0.34752315 | U7: 5.8666667 | V7: 55.441572 | AA7: =M7-J7 -> -449.6564 | AB7: =M7/J7 -> 0.87509544
B8: 18℃-飯糰 | C8: 一配兩粒飯糰(鮪魚.焦糖鮭魚) | E8: 28.57 | F8: 1669 | G8: =E8*F8 -> 47683.33 | I8: 12 | J8: 3600 | K8: =J8/I8 -> 300 | L8: 12 | M8: =F8/V8*60 -> 3115.0435 | N8: =M8/L8 -> 259.58696 | O8: =L8-I8 -> 0 | P8: =N8-K8 -> -40.413044 | Q8: =N8/K8 -> 0.86528985 | S8: 0.35138889 | T8: 0.3737037 | U8: 5.5666667 | V8: 32.147224 | AA8: =M8-J8 -> -484.95652 | AB8: =M8/J8 -> 0.86528985
B21: 平均 | I21: =AVERAGE(I5:I20) -> 11 | J21: =AVERAGE(J5:J20) -> 3600 | K21: =J21/I21 -> 327.27273 | L21: =AVERAGE(L5:L20) -> 11 | M21: =AVERAGE(M5:M20) -> 3155.0047 | N21: =M21/L21 -> 286.81861 | O21: =L21-I21 -> 0 | P21: =N21-K21 -> -40.454119 | Q21: =N21/K21 -> 0.87639019 | S21: 0.25 | T21: 0.42475694 | AA21: =M21-J21 -> -444.99531 | AB21: =M21/J21 -> 0.87639019
A22: (新) 3300型飯糰機 | B22: 18℃-飯糰 | C22: 一配鮭魚奶油醬油飯糰 | E22: 18.53 | F22: 2304 | G22: =E22*F22 -> 42693.12 | I22: 3 | J22: 3300 | K22: =J22/I22 -> 1100 | L22: 3 | M22: =F22/V22*60 -> 2988.5843 | N22: =M22/L22 -> 996.19476 | O22: =L22-I22 -> 0 | P22: =N22-K22 -> -103.80524 | Q22: =N22/K22 -> 0.9056316 | R22: =Q38 -> 0.9056316 | S22: 0.375 | T22: 0.40711806 | V22: 46.256015 | AA22: =M22-J22 -> -311.41572 | AB22: =M22/J22 -> 0.9056316 | AC22: =AB38 -> 0.9056316
B38: 平均 | I38: =AVERAGE(I22:I37) -> 3 | J38: =AVERAGE(J22:J37) -> 3300 | K38: =J38/I38 -> 1100 | L38: =AVERAGE(L22:L37) -> 3 | M38: =AVERAGE(M22:M37) -> 2988.5843 | N38: =M38/L38 -> 996.19476 | O38: =L38-I38 -> 0 | P38: =N38-K38 -> -103.80524 | Q38: =N38/K38 -> 0.9056316 | S38: 0.375 | T38: 0.40711806 | AA38: =M38-J38 -> -311.41572 | AB38: =M38/J38 -> 0.9056316
A39: GKK3600型 飯糰機 | B39: 18℃-飯糰 | C39: 一配贅沢鮭魚肚飯糰 | E39: 30 | F39: 1992 | G39: =E39*F39 -> 59760 | I39: 4 | J39: 3600 | K39: =J39/I39 -> 900 | L39: 4 | M39: =F39/V39*60 -> 3189.24 | N39: =M39/L39 -> 797.31 | O39: =L39-I39 -> 0 | P39: =N39-K39 -> -102.69 | Q39: =N39/K39 -> 0.8859 | R39: =Q55 -> 0.89263168 | S39: 0.25 | T39: 0.27601852 | V39: 37.476013 | AA39: =M39-J39 -> -410.76 | AB39: =M39/J39 -> 0.8859 | AC39: =AB55 -> 0.89263168
B40: 18℃-飯糰 | C40: 一配熟成紅鮭飯糰 | E40: 25.03 | F40: 1099 | G40: =E40*F40 -> 27507.97 | I40: 5 | J40: 3600 | K40: =J40/I40 -> 720 | L40: 5 | M40: =F40/V40*60 -> 3185.262 | N40: =M40/L40 -> 637.0524 | O40: =L40-I40 -> 0 | P40: =N40-K40 -> -82.947597 | Q40: =N40/K40 -> 0.884795 | S40: 0.28611111 | T40: 0.30048611 | U40: 14.533333 | V40: 20.701594 | AA40: =M40-J40 -> -414.73799 | AB40: =M40/J40 -> 0.884795
B41: 18℃-飯糰 | C41: 一配壹號醬炙烤牛飯糰 | E41: 22.28 | F41: 886 | G41: =E41*F41 -> 19740.08 | I41: 5 | J41: 3300 | K41: =J41/I41 -> 660 | L41: 5 | M41: =F41/V41*60 -> 2978.7651 | N41: =M41/L41 -> 595.75302 | O41: =L41-I41 -> 0 | P41: =N41-K41 -> -64.246982 | Q41: =N41/K41 -> 0.90265609 | S41: 0.31041667 | T41: 0.32280093 | U41: 15 | V41: 17.846322 | AA41: =M41-J41 -> -321.23491 | AB41: =M41/J41 -> 0.90265609
B42: 18℃-飯糰 | C42: 一配蔬食鮪魚飯糰 | E42: 18.18 | F42: 931 | G42: =E42*F42 -> 16925.58 | I42: 3 | J42: 3600 | K42: =J42/I42 -> 1200 | L42: 3 | M42: =F42/V42*60 -> 3192.0259 | N42: =M42/L42 -> 1064.0086 | O42: =L42-I42 -> 0 | P42: =N42-K42 -> -135.99136 | Q42: =N42/K42 -> 0.88667386 | S42: 0.33263889 | T42: 0.34478009 | U42: 15 | V42: 17.499858 | AA42: =M42-J42 -> -407.97409 | AB42: =M42/J42 -> 0.88667386
B43: 18℃-飯糰 | C43: 一配黑胡椒洋蔥豬飯糰 | E43: 17.07 | F43: 3319 | G43: =E43*F43 -> 56655.33 | I43: 3 | J43: 3300 | K43: =J43/I43 -> 1100 | L43: 3 | M43: =F43/V43*60 -> 2977.2331 | N43: =M43/L43 -> 992.41104 | O43: =L43-I43 -> 0 | P43: =N43-K43 -> -107.58896 | Q43: =N43/K43 -> 0.90219185 | S43: 0.35486111 | T43: 0.40130787 | U43: 14.516667 | V43: 66.887608 | AA43: =M43-J43 -> -322.76689 | AB43: =M43/J43 -> 0.90219185
B44: 18℃-飯糰 | C44: 一配經典肉鬆飯糰 | E44: 14.03 | F44: 3750 | G44: =E44*F44 -> 52612.5 | I44: 3 | J44: 3000 | K44: =J44/I44 -> 1000 | L44: 3 | M44: =F44/V44*60 -> 2714.51 | N44: =M44/L44 -> 904.83668 | O44: =L44-I44 -> 0 | P44: =N44-K44 -> -95.163322 | Q44: =N44/K44 -> 0.90483668 | S44: 0.41111111 | T44: 0.46866898 | U44: 15 | V44: 82.887887 | AA44: =M44-J44 -> -285.48997 | AB44: =M44/J44 -> 0.90483668
B45: 18℃-飯糰 | C45: 一配鮪魚飯糰 | E45: 14.28 | F45: 5141 | G45: =E45*F45 -> 73413.48 | I45: 3 | J45: 3600 | K45: =J45/I45 -> 1200 | L45: 3 | M45: =F45/V45*60 -> 3186.1241 | N45: =M45/L45 -> 1062.0414 | O45: =L45-I45 -> 0 | P45: =N45-K45 -> -137.95864 | Q45: =N45/K45 -> 0.88503447 | S45: 0.47847222 | T45: 0.54569444 | U45: 15 | V45: 96.813555 | AA45: =M45-J45 -> -413.87591 | AB45: =M45/J45 -> 0.88503447
B55: 平均 | I55: =AVERAGE(I39:I54) -> 3.7142857 | J55: =AVERAGE(J39:J54) -> 3428.5714 | K55: =J55/I55 -> 923.07692 | L55: =AVERAGE(L39:L54) -> 3.7142857 | M55: =AVERAGE(M39:M54) -> 3060.4515 | N55: =M55/L55 -> 823.9677 | O55: =L55-I55 -> 0 | P55: =N55-K55 -> -99.109221 | Q55: =N55/K55 -> 0.89263168 | S55: 0.25 | T55: 0.54569444 | AA55: =M55-J55 -> -368.11996 | AB55: =M55/J55 -> 0.89263168
A56: GKK3600型 飯糰機2 | B56: 18℃-飯糰 | C56: 一配鹽蔥燒肉飯糰 | E56: 17.89 | F56: 2560 | G56: =E56*F56 -> 45798.4 | I56: 4 | J56: 3600 | K56: =J56/I56 -> 900 | L56: 4 | M56: =F56/V56*60 -> 3185.3987 | N56: =M56/L56 -> 796.34967 | O56: =L56-I56 -> 0 | P56: =N56-K56 -> -103.65033 | Q56: =N56/K56 -> 0.88483296 | R56: =Q72 -> 0.88532227 | S56: 0.25 | T56: 0.2834838 | V56: 48.220024 | AA56: =M56-J56 -> -414.60133 | AB56: =M56/J56 -> 0.88483296 | AC56: =AB72 -> 0.88532227
B57: 18℃-飯糰 | C57: 一配北海道秋鮭親子飯糰 | E57: 24.82 | F57: 1509 | G57: =E57*F57 -> 37453.38 | I57: 5 | J57: 3600 | K57: =J57/I57 -> 720 | L57: 5 | M57: =F57/V57*60 -> 3184.9433 | N57: =M57/L57 -> 636.98867 | O57: =L57-I57 -> 0 | P57: =N57-K57 -> -83.011334 | Q57: =N57/K57 -> 0.88470648 | S57: 0.29375 | T57: 0.3134838 | U57: 14.783333 | V57: 28.427507 | AA57: =M57-J57 -> -415.05667 | AB57: =M57/J57 -> 0.88470648
B58: 18℃-飯糰 | C58: 一配明太子龍蝦風味沙拉飯糰 | E58: 18.18 | F58: 1795 | G58: =E58*F58 -> 32633.1 | I58: 3 | J58: 3600 | K58: =J58/I58 -> 1200 | L58: 3 | M58: =F58/V58*60 -> 3189.1183 | N58: =M58/L58 -> 1063.0394 | O58: =L58-I58 -> 0 | P58: =N58-K58 -> -136.96057 | Q58: =N58/K58 -> 0.88586619 | S58: 0.32361111 | T58: 0.34706019 | U58: 14.583333 | V58: 33.77109 | AA58: =M58-J58 -> -410.88171 | AB58: =M58/J58 -> 0.88586619
B59: 18℃-飯糰 | C59: 一配柚檸海灣貝飯糰 | E59: 23.72 | F59: 1705 | G59: =E59*F59 -> 40442.6 | I59: 5 | J59: 3600 | K59: =J59/I59 -> 720 | L59: 5 | M59: =F59/V59*60 -> 3182.8847 | N59: =M59/L59 -> 636.57694 | O59: =L59-I59 -> 0 | P59: =N59-K59 -> -83.423057 | Q59: =N59/K59 -> 0.88413464 | S59: 0.35694444 | T59: 0.37925926 | U59: 15 | V59: 32.140655 | W59: 0.37925926 | X59: 0.38958333 | AA59: =M59-J59 -> -417.11528 | AB59: =M59/J59 -> 0.88413464
B60: 18℃-飯糰 | C60: 一配山葵章魚飯糰 | E60: 25.2 | F60: 1697 | G60: =E60*F60 -> 42764.4 | I60: 3 | J60: 3600 | K60: =J60/I60 -> 1200 | L60: 3 | M60: =F60/V60*60 -> 3184.4424 | N60: =M60/L60 -> 1061.4808 | O60: =L60-I60 -> 0 | P60: =N60-K60 -> -138.5192 | Q60: =N60/K60 -> 0.88456733 | S60: 0.38958333 | T60: 0.41178241 | U60: 14.866667 | V60: 31.974201 | AA60: =M60-J60 -> -415.5576 | AB60: =M60/J60 -> 0.88456733
B61: 18℃-飯糰 | C61: 一配椒鹽檸檬鯖魚飯糰 | E61: 20.72 | F61: 3945 | G61: =E61*F61 -> 81740.4 | I61: 3 | J61: 3600 | K61: =J61/I61 -> 1200 | L61: 3 | M61: =F61/V61*60 -> 3190.358 | N61: =M61/L61 -> 1063.4527 | O61: =L61-I61 -> 0 | P61: =N61-K61 -> -136.54734 | Q61: =N61/K61 -> 0.88621055 | S61: 0.42152778 | T61: 0.47304398 | U61: 15 | V61: 74.192301 | AA61: =M61-J61 -> -409.64202 | AB61: =M61/J61 -> 0.88621055
B62: 18℃-飯糰 | C62: 一配雞肉飯飯糰 | E62: 16.66 | F62: 4402 | G62: =E62*F62 -> 73337.32 | I62: 5 | J62: 3600 | K62: =J62/I62 -> 720 | L62: 5 | M62: =F62/V62*60 -> 3192.9758 | N62: =M62/L62 -> 638.59517 | O62: =L62-I62 -> 0 | P62: =N62-K62 -> -81.404834 | Q62: =N62/K62 -> 0.88693773 | S62: 0.48333333 | T62: 0.54077546 | U62: 14.816667 | V62: 82.719073 | AA62: =M62-J62 -> -407.02417 | AB62: =M62/J62 -> 0.88693773
B72: 平均 | I72: =AVERAGE(I56:I71) -> 4 | J72: =AVERAGE(J56:J71) -> 3600 | K72: =J72/I72 -> 900 | L72: =AVERAGE(L56:L71) -> 4 | M72: =AVERAGE(M56:M71) -> 3187.1602 | N72: =M72/L72 -> 796.79004 | O72: =L72-I72 -> 0 | P72: =N72-K72 -> -103.20996 | Q72: =N72/K72 -> 0.88532227 | S72: 0.25 | T72: 0.54077546 | AA72: =M72-J72 -> -412.83983 | AB72: =M72/J72 -> 0.88532227
A73: 自動包裝機 (二配) | B73: 18℃-飯糰 | C73: 二配兩粒飯糰(鮪魚.焦糖鮭魚) | E73: 28.57 | F73: 1812 | G73: =E73*F73 -> 51768.84 | I73: 12 | J73: 3600 | K73: =J73/I73 -> 300 | L73: 12 | M73: =F73/V73*60 -> 3115.0029 | N73: =M73/L73 -> 259.58358 | O73: =L73-I73 -> 0 | P73: =N73-K73 -> -40.416423 | Q73: =N73/K73 -> 0.86527859 | R73: =Q89 -> 0.88591614 | S73: 0.70833333 | T73: 0.73256944 | V73: 34.902054 | AA73: =M73-J73 -> -484.99707 | AB73: =M73/J73 -> 0.86527859 | AC73: =AB89 -> 0.88591614
B74: 18℃-飯糰 | C74: 二配溏心蛋五目飯糰 | E74: 20.42 | F74: 904 | G74: =E74*F74 -> 18459.68 | I74: 13 | J74: 3600 | K74: =J74/I74 -> 276.92308 | L74: 13 | M74: =F74/V74*60 -> 3263.5933 | N74: =M74/L74 -> 251.04564 | O74: =L74-I74 -> 0 | P74: =N74-K74 -> -25.87744 | Q74: =N74/K74 -> 0.90655369 | S74: 0.73541667 | T74: 0.74695602 | U74: 5 | V74: 16.619718 | AA74: =M74-J74 -> -336.40671 | AB74: =M74/J74 -> 0.90655369
B89: 平均 | I89: =AVERAGE(I73:I88) -> 12.5 | J89: =AVERAGE(J73:J88) -> 3600 | K89: =J89/I89 -> 288 | L89: =AVERAGE(L73:L88) -> 12.5 | M89: =AVERAGE(M73:M88) -> 3189.2981 | N89: =M89/L89 -> 255.14385 | O89: =L89-I89 -> 0 | P89: =N89-K89 -> -32.856151 | Q89: =N89/K89 -> 0.88591614 | S89: 0.70833333 | T89: 0.74695602 | AA89: =M89-J89 -> -410.70189 | AB89: =M89/J89 -> 0.88591614
A90: (新) 3300型飯糰機 (二配) | B90: 18℃-飯糰 | C90: 二配鹽水G絲飯糰 | E90: 17.22 | F90: 1540 | G90: =E90*F90 -> 26518.8 | I90: 3 | J90: 3300 | K90: =J90/I90 -> 1100 | L90: 3 | M90: =F90/V90*60 -> 2989.4188 | N90: =M90/L90 -> 996.47294 | O90: =L90-I90 -> 0 | P90: =N90-K90 -> -103.52706 | Q90: =N90/K90 -> 0.90588449 | R90: =Q106 -> 0.90384173 | S90: 0.70833333 | T90: 0.72979167 | V90: 30.909018 | AA90: =M90-J90 -> -310.58117 | AB90: =M90/J90 -> 0.90588449 | AC90: =AB106 -> 0.90384173
B91: 18℃-飯糰 | C91: 二配大飯糰韓式蒜烤豬五花 | E91: 24.54 | F91: 1748 | G91: =E91*F91 -> 42895.92 | I91: 4 | J91: 3000 | K91: =J91/I91 -> 750 | L91: 4 | M91: =F91/V91*60 -> 2707.9175 | N91: =M91/L91 -> 676.97938 | O91: =L91-I91 -> 0 | P91: =N91-K91 -> -73.020624 | Q91: =N91/K91 -> 0.90263917 | S91: 0.73333333 | T91: 0.76021991 | U91: 5.1 | V91: 38.73087 | AA91: =M91-J91 -> -292.0825 | AB91: =M91/J91 -> 0.90263917
B92: 18℃-飯糰 | C92: 二配大飯糰乾燒風味鮮蝦 | E92: 23.27 | F92: 1482 | G92: =E92*F92 -> 34486.14 | I92: 5 | J92: 3000 | K92: =J92/I92 -> 600 | L92: 5 | M92: =F92/V92*60 -> 2708.3917 | N92: =M92/L92 -> 541.67835 | O92: =L92-I92 -> 0 | P92: =N92-K92 -> -58.32165 | Q92: =N92/K92 -> 0.90279725 | S92: 0.76319444 | T92: 0.7859838 | U92: 5 | V92: 32.831292 | AA92: =M92-J92 -> -291.60825 | AB92: =M92/J92 -> 0.90279725
B106: 平均 | I106: =AVERAGE(I90:I105) -> 4 | J106: =AVERAGE(J90:J105) -> 3100 | K106: =J106/I106 -> 775 | L106: =AVERAGE(L90:L105) -> 4 | M106: =AVERAGE(M90:M105) -> 2801.9094 | N106: =M106/L106 -> 700.47734 | O106: =L106-I106 -> 0 | P106: =N106-K106 -> -74.52266 | Q106: =N106/K106 -> 0.90384173 | S106: 0.70833333 | T106: 0.7859838 | AA106: =M106-J106 -> -298.09064 | AB106: =M106/J106 -> 0.90384173
A107: GKK3600型 飯糰機 (二配) | B107: 18℃-飯糰 | C107: 二配壹號醬炙烤牛飯糰 | E107: 22.28 | F107: 516 | G107: =E107*F107 -> 11496.48 | H107: 2 | I107: 5 | J107: 3300 | K107: =J107/I107 -> 660 | L107: 5 | M107: =F107/V107*60 -> 2975.0048 | N107: =M107/L107 -> 595.00095 | O107: =L107-I107 -> 0 | P107: =N107-K107 -> -64.999049 | Q107: =N107/K107 -> 0.90151659 | R107: =Q123 -> 0.89414574 | S107: 0.70833333 | T107: 0.71555556 | V107: 10.406706 | AA107: =M107-J107 -> -324.99525 | AB107: =M107/J107 -> 0.90151659 | AC107: =AB123 -> 0.89414574
B108: 18℃-飯糰 | C108: 二配熟成紅鮭飯糰 | E108: 25.03 | F108: 693 | G108: =E108*F108 -> 17345.79 | H108: 2 | I108: 5 | J108: 3600 | K108: =J108/I108 -> 720 | L108: 5 | M108: =F108/V108*60 -> 3196.6175 | N108: =M108/L108 -> 639.3235 | O108: =L108-I108 -> 0 | P108: =N108-K108 -> -80.676502 | Q108: =N108/K108 -> 0.8879493 | S108: 0.72569444 | T108: 0.73472222 | U108: 14.6 | V108: 13.007499 | AA108: =M108-J108 -> -403.38251 | AB108: =M108/J108 -> 0.8879493
B109: 18℃-飯糰 | C109: 二配蔬食鮪魚飯糰 | E109: 18.18 | F109: 412 | G109: =E109*F109 -> 7490.16 | H109: 2 | I109: 3 | J109: 3600 | K109: =J109/I109 -> 1200 | L109: 3 | M109: =F109/V109*60 -> 3194.1561 | N109: =M109/L109 -> 1064.7187 | O109: =L109-I109 -> 0 | P109: =N109-K109 -> -135.28131 | Q109: =N109/K109 -> 0.88726557 | S109: 0.74513889 | T109: 0.75050926 | U109: 15 | V109: 7.7391334 | AA109: =M109-J109 -> -405.84394 | AB109: =M109/J109 -> 0.88726557
B110: 18℃-飯糰 | C110: 二配芝麻香鬆飯糰 | E110: 18.18 | F110: 622 | G110: =E110*F110 -> 11307.96 | H110: 2 | I110: 3 | J110: 3000 | K110: =J110/I110 -> 1000 | L110: 3 | M110: =F110/V110*60 -> 2712.4607 | N110: =M110/L110 -> 904.15355 | O110: =L110-I110 -> 0 | P110: =N110-K110 -> -95.846449 | Q110: =N110/K110 -> 0.90415355 | S110: 0.76041667 | T110: 0.76996528 | U110: 15 | V110: 13.758725 | AA110: =M110-J110 -> -287.53935 | AB110: =M110/J110 -> 0.90415355
B111: 18℃-飯糰 | C111: 二配經典肉鬆飯糰 | E111: 14.03 | F111: 2360 | G111: =E111*F111 -> 33110.8 | H111: 2 | I111: 3 | J111: 3000 | K111: =J111/I111 -> 1000 | L111: 3 | M111: =F111/V111*60 -> 2712.925 | N111: =M111/L111 -> 904.30835 | O111: =L111-I111 -> 0 | P111: =N111-K111 -> -95.691655 | Q111: =N111/K111 -> 0.90430835 | S111: 0.77986111 | T111: 0.81609954 | U111: 15 | V111: 52.194586 | AA111: =M111-J111 -> -287.07496 | AB111: =M111/J111 -> 0.90430835
B112: 18℃-飯糰 | C112: 二配鮪魚飯糰 | E112: 14.28 | F112: 2954 | G112: =E112*F112 -> 42183.12 | H112: 2 | I112: 3 | J112: 3600 | K112: =J112/I112 -> 1200 | L112: 3 | M112: =F112/V112*60 -> 3180.0845 | N112: =M112/L112 -> 1060.0282 | O112: =L112-I112 -> 0 | P112: =N112-K112 -> -139.97184 | Q112: =N112/K112 -> 0.8833568 | S112: 0.82638889 | T112: 0.86509259 | U112: 14.816667 | V112: 55.734368 | AA112: =M112-J112 -> -419.91552 | AB112: =M112/J112 -> 0.8833568
B113: 18℃-飯糰 | C113: 二配壹號醬炙烤牛飯糰 | E113: 22.28 | F113: 1344 | G113: =E113*F113 -> 29944.32 | I113: 5 | J113: 3300 | K113: =J113/I113 -> 660 | L113: 5 | M113: =F113/V113*60 -> 2975.0048 | N113: =M113/L113 -> 595.00095 | O113: =L113-I113 -> 0 | P113: =N113-K113 -> -64.999049 | Q113: =N113/K113 -> 0.90151659 | S113: 0.875 | T113: 0.89381944 | U113: 15 | V113: 27.105839 | AA113: =M113-J113 -> -324.99525 | AB113: =M113/J113 -> 0.90151659
B114: 18℃-飯糰 | C114: 二配熟成紅鮭飯糰 | E114: 25.03 | F114: 1404 | G114: =E114*F114 -> 35142.12 | I114: 5 | J114: 3600 | K114: =J114/I114 -> 720 | L114: 5 | M114: =F114/V114*60 -> 3196.6175 | N114: =M114/L114 -> 639.3235 | O114: =L114-I114 -> 0 | P114: =N114-K114 -> -80.676502 | Q114: =N114/K114 -> 0.8879493 | S114: 0.90416667 | T114: 0.92246528 | U114: 14.9 | V114: 26.352856 | AA114: =M114-J114 -> -403.38251 | AB114: =M114/J114 -> 0.8879493
B115: 18℃-飯糰 | C115: 二配蔬食鮪魚飯糰 | E115: 18.18 | F115: 916 | G115: =E115*F115 -> 16652.88 | I115: 3 | J115: 3600 | K115: =J115/I115 -> 1200 | L115: 3 | M115: =F115/V115*60 -> 3194.1561 | N115: =M115/L115 -> 1064.7187 | O115: =L115-I115 -> 0 | P115: =N115-K115 -> -135.28131 | Q115: =N115/K115 -> 0.88726557 | S115: 0.93263889 | T115: 0.94458333 | U115: 14.65 | V115: 17.206423 | AA115: =M115-J115 -> -405.84394 | AB115: =M115/J115 -> 0.88726557
B116: 18℃-飯糰 | C116: 二配芝麻香鬆飯糰 | E116: 18.18 | F116: 1338 | G116: =E116*F116 -> 24324.84 | I116: 3 | J116: 3000 | K116: =J116/I116 -> 1000 | L116: 3 | M116: =F116/V116*60 -> 2712.4607 | N116: =M116/L116 -> 904.15355 | O116: =L116-I116 -> 0 | P116: =N116-K116 -> -95.846449 | Q116: =N116/K116 -> 0.90415355 | S116: 0.95486111 | T116: 0.97540509 | U116: 14.8 | V116: 29.596743 | AA116: =M116-J116 -> -287.53935 | AB116: =M116/J116 -> 0.90415355
B117: 18℃-飯糰 | C117: 二配經典肉鬆飯糰 | E117: 14.03 | F117: 5847 | G117: =E117*F117 -> 82033.41 | I117: 3 | J117: 3000 | K117: =J117/I117 -> 1000 | L117: 3 | M117: =F117/V117*60 -> 2712.925 | N117: =M117/L117 -> 904.30835 | O117: =L117-I117 -> 0 | P117: =N117-K117 -> -95.691655 | Q117: =N117/K117 -> 0.90430835 | S117: 0.98541667 | T117: 1.0752083 | U117: 15 | V117: 129.3143 | AA117: =M117-J117 -> -287.07496 | AB117: =M117/J117 -> 0.90430835
B118: 18℃-飯糰 | C118: 二配鮪魚飯糰 | E118: 14.28 | F118: 7802 | G118: =E118*F118 -> 111412.56 | I118: 3 | J118: 3600 | K118: =J118/I118 -> 1200 | L118: 3 | M118: =F118/V118*60 -> 3182.2463 | N118: =M118/L118 -> 1060.7488 | O118: =L118-I118 -> 0 | P118: =N118-K118 -> -139.25124 | Q118: =N118/K118 -> 0.8839573 | S118: 1.0854167 | T118: 1.1875694 | U118: 14.7 | V118: 147.10364 | AA118: =M118-J118 -> -417.75372 | AB118: =M118/J118 -> 0.8839573
B123: 平均 | I123: =AVERAGE(I107:I122) -> 3.6666667 | J123: =AVERAGE(J107:J122) -> 3350 | K123: =J123/I123 -> 913.63636 | L123: =AVERAGE(L107:L122) -> 3.6666667 | M123: =AVERAGE(M107:M122) -> 2995.3882 | N123: =M123/L123 -> 816.92406 | O123: =L123-I123 -> 0 | P123: =N123-K123 -> -96.712301 | Q123: =N123/K123 -> 0.89414574 | S123: 0.70833333 | T123: 1.1875694 | AA123: =M123-J123 -> -354.61177 | AB123: =M123/J123 -> 0.89414574
A124: GKK3600型 飯糰機2 (二配) | B124: 18℃-飯糰 | C124: 二配贅沢鮭魚肚飯糰 | E124: 30 | F124: 880 | G124: =E124*F124 -> 26400 | H124: 2 | I124: 4 | J124: 3600 | K124: =J124/I124 -> 900 | L124: 4 | M124: =F124/V124*60 -> 3194.64 | N124: =M124/L124 -> 798.66 | O124: =L124-I124 -> 0 | P124: =N124-K124 -> -101.34 | Q124: =N124/K124 -> 0.8874 | R124: =Q140 -> 0.88673487 | S124: 0.70833333 | T124: 0.71980324 | V124: 16.527684 | AA124: =M124-J124 -> -405.36 | AB124: =M124/J124 -> 0.8874 | AC124: =AB140 -> 0.88673487
B125: 18℃-飯糰 | C125: 二配明太子龍蝦風味沙拉飯糰 | E125: 18.18 | F125: 1069 | G125: =E125*F125 -> 19434.42 | H125: 2 | I125: 3 | J125: 3600 | K125: =J125/I125 -> 1200 | L125: 3 | M125: =F125/V125*60 -> 3191.4034 | N125: =M125/L125 -> 1063.8011 | O125: =L125-I125 -> 0 | P125: =N125-K125 -> -136.19887 | Q125: =N125/K125 -> 0.88650095 | S125: 0.72986111 | T125: 0.74380787 | U125: 15 | V125: 20.097741 | AA125: =M125-J125 -> -408.5966 | AB125: =M125/J125 -> 0.88650095
B126: 18℃-飯糰 | C126: 二配三杯醬爆菇菇飯糰 | E126: 16.7 | F126: 699 | G126: =E126*F126 -> 11673.3 | H126: 2 | I126: 3 | J126: 3600 | K126: =J126/I126 -> 1200 | L126: 3 | M126: =F126/V126*60 -> 3200.1224 | N126: =M126/L126 -> 1066.7075 | O126: =L126-I126 -> 0 | P126: =N126-K126 -> -133.29255 | Q126: =N126/K126 -> 0.88892288 | S126: 0.75416667 | T126: 0.76326389 | U126: 14.916667 | V126: 13.105749 | AA126: =M126-J126 -> -399.87765 | AB126: =M126/J126 -> 0.88892288
B127: 18℃-飯糰 | C127: 二配北海道秋鮭親子飯糰 | E127: 24.82 | F127: 899 | G127: =E127*F127 -> 22313.18 | H127: 2 | I127: 5 | J127: 3600 | K127: =J127/I127 -> 720 | L127: 5 | M127: =F127/V127*60 -> 3189.3918 | N127: =M127/L127 -> 637.87836 | O127: =L127-I127 -> 0 | P127: =N127-K127 -> -82.121644 | Q127: =N127/K127 -> 0.88594216 | S127: 0.77361111 | T127: 0.78534722 | U127: 14.9 | V127: 16.912315 | AA127: =M127-J127 -> -410.60822 | AB127: =M127/J127 -> 0.88594216
B128: 18℃-飯糰 | C128: 二配鹽蔥燒肉飯糰 | E128: 17.89 | F128: 1587 | G128: =E128*F128 -> 28391.43 | H128: 2 | I128: 4 | J128: 3600 | K128: =J128/I128 -> 900 | L128: 4 | M128: =F128/V128*60 -> 3189.0877 | N128: =M128/L128 -> 797.27192 | O128: =L128-I128 -> 0 | P128: =N128-K128 -> -102.72808 | Q128: =N128/K128 -> 0.88585769 | S128: 0.79513889 | T128: 0.81586806 | U128: 15 | V128: 29.858069 | AA128: =M128-J128 -> -410.91233 | AB128: =M128/J128 -> 0.88585769
B129: 18℃-飯糰 | C129: 二配雞肉飯飯糰 | E129: 16.66 | F129: 2515 | G129: =E129*F129 -> 41899.9 | H129: 2 | I129: 5 | J129: 3600 | K129: =J129/I129 -> 720 | L129: 5 | M129: =F129/V129*60 -> 3188.8279 | N129: =M129/L129 -> 637.76558 | O129: =L129-I129 -> 0 | P129: =N129-K129 -> -82.234421 | Q129: =N129/K129 -> 0.88578553 | S129: 0.82569444 | T129: 0.85855324 | U129: 15 | V129: 47.321463 | AA129: =M129-J129 -> -411.1721 | AB129: =M129/J129 -> 0.88578553
B130: 18℃-飯糰 | C130: 二配贅沢鮭魚肚飯糰 | E130: 30 | F130: 2059 | G130: =E130*F130 -> 61770 | I130: 4 | J130: 3600 | K130: =J130/I130 -> 900 | L130: 4 | M130: =F130/V130*60 -> 3194.64 | N130: =M130/L130 -> 798.66 | O130: =L130-I130 -> 0 | P130: =N130-K130 -> -101.34 | Q130: =N130/K130 -> 0.8874 | S130: 0.86875 | T130: 0.89560185 | U130: 14.683333 | V130: 38.671024 | AA130: =M130-J130 -> -405.36 | AB130: =M130/J130 -> 0.8874
B131: 18℃-飯糰 | C131: 二配明太子龍蝦風味沙拉飯糰 | E131: 18.18 | F131: 2701 | G131: =E131*F131 -> 49104.18 | I131: 3 | J131: 3600 | K131: =J131/I131 -> 1200 | L131: 3 | M131: =F131/V131*60 -> 3191.4034 | N131: =M131/L131 -> 1063.8011 | O131: =L131-I131 -> 0 | P131: =N131-K131 -> -136.19887 | Q131: =N131/K131 -> 0.88650095 | S131: 0.90555556 | T131: 0.94081019 | U131: 15 | V131: 50.780168 | AA131: =M131-J131 -> -408.5966 | AB131: =M131/J131 -> 0.88650095
B132: 18℃-飯糰 | C132: 二配三杯醬爆菇菇飯糰 | E132: 16.7 | F132: 1646 | G132: =E132*F132 -> 27488.2 | I132: 3 | J132: 3600 | K132: =J132/I132 -> 1200 | L132: 3 | M132: =F132/V132*60 -> 3200.1224 | N132: =M132/L132 -> 1066.7075 | O132: =L132-I132 -> 0 | P132: =N132-K132 -> -133.29255 | Q132: =N132/K132 -> 0.88892288 | S132: 0.95069444 | T132: 0.97211806 | U132: 15 | V132: 30.86132 | AA132: =M132-J132 -> -399.87765 | AB132: =M132/J132 -> 0.88892288
B133: 18℃-飯糰 | C133: 二配北海道秋鮭親子飯糰 | E133: 24.82 | F133: 1961 | G133: =E133*F133 -> 48672.02 | I133: 5 | J133: 3600 | K133: =J133/I133 -> 720 | L133: 5 | M133: =F133/V133*60 -> 3189.3918 | N133: =M133/L133 -> 637.87836 | O133: =L133-I133 -> 0 | P133: =N133-K133 -> -82.121644 | Q133: =N133/K133 -> 0.88594216 | S133: 0.98194444 | T133: 1.0075579 | U133: 15 | V133: 36.891046 | AA133: =M133-J133 -> -410.60822 | AB133: =M133/J133 -> 0.88594216
B134: 18℃-飯糰 | C134: 二配鹽蔥燒肉飯糰 | E134: 17.89 | F134: 4025 | G134: =E134*F134 -> 72007.25 | I134: 4 | J134: 3600 | K134: =J134/I134 -> 900 | L134: 4 | M134: =F134/V134*60 -> 3189.0877 | N134: =M134/L134 -> 797.27192 | O134: =L134-I134 -> 0 | P134: =N134-K134 -> -102.72808 | Q134: =N134/K134 -> 0.88585769 | S134: 1.0173611 | T134: 1.0699421 | U134: 15 | V134: 75.726987 | AA134: =M134-J134 -> -410.91233 | AB134: =M134/J134 -> 0.88585769
B135: 18℃-飯糰 | C135: 二配雞肉飯飯糰 | E135: 16.66 | F135: 6416 | G135: =E135*F135 -> 106890.56 | I135: 5 | J135: 3600 | K135: =J135/I135 -> 720 | L135: 5 | M135: =F135/V135*60 -> 3188.8279 | N135: =M135/L135 -> 637.76558 | O135: =L135-I135 -> 0 | P135: =N135-K135 -> -82.234421 | Q135: =N135/K135 -> 0.88578553 | S135: 1.0798611 | T135: 1.1636921 | U135: 15 | V135: 120.72147 | AA135: =M135-J135 -> -411.1721 | AB135: =M135/J135 -> 0.88578553
B140: 平均 | I140: =AVERAGE(I124:I139) -> 4 | J140: =AVERAGE(J124:J139) -> 3600 | K140: =J140/I140 -> 900 | L140: =AVERAGE(L124:L139) -> 4 | M140: =AVERAGE(M124:M139) -> 3192.2455 | N140: =M140/L140 -> 798.06138 | O140: =L140-I140 -> 0 | P140: =N140-K140 -> -101.93862 | Q140: =N140/K140 -> 0.88673487 | S140: 0.70833333 | T140: 1.1636921 | AA140: =M140-J140 -> -407.75448 | AB140: =M140/J140 -> 0.88673487
Y142: 原因回覆
Y143: 1.當日出勤人數較多
Y144: 2.當日出勤人數較少
Y145: 3.當日出勤熟手較多
Y146: 4.當日出勤新人較多
Y147: 5.機台夾盒
Y148: 6.封膜不順
Y149: 7.更換膠膜
Y150: 8.更換碳帶
Y151: 9.當日熱轉印碳帶異常
Y152: 10.訂單量過少
Y153: 11.新品上市，尚未熟悉
Y154: 12.活動期間品項需貼標

Sheet 0530(4度C)
A1: 大溪廠日報分析 | C1: 總生產量 | D1: =SUM(F5:F140) -> 84782 | E1: 營業額 | F1: =SUM(G5:G140) -> 3646046.4 | G1: 出勤人數 | H1: =L21+L38+L55+L72+L89+L106+L123+L140 -> 140.52222 | I1: 產線配置圖 | L1: 生產實績 | O1: 人時性差異分析 | S1: 日報登錄 | Y1: 合計次數 | Z1: 合計(時間/分) | AA1: 產線異常 分析說明(5分鐘以上) | AC1: 合計次數 | AD1: 合計(時間/分) | AE1: 產能差異分析
A2: 46172 | C2: 人時性 | D2: =AVERAGE(N21,N38,N55,N72,N89,N106,N123,N140) -> 175.69131 | E2: 平均廠價 | F2: =F1/D1 -> 43.004959 | G2: 多次生產數 | H2: =COUNT(H5:H140) -> 2 | Y2: =SUM(Y21,Y38,Y55,Y72,Y89,Y106,Y123,Y140) -> 0 | Z2: =SUM(Z21,Z38,Z55,Z72,Z89,Z106,Z123,Z140) -> 0 | AC2: =SUM(AC21,AC38,AC55,AC72,AC89,AC106,AC123,AC140) -> 0 | AD2: =SUM(AD21,AD38,AD55,AD72,AD89,AD106,AD123,AD140) -> 0
A3: 線別 | B3: 品類 | C3: 品名 | E3: 廠價 | F3: 生產量 | G3: 營收 | H3: 多次 生產 | I3: 人數 | J3: 產能/時 | K3: 人時性 | L3: 人數 | M3: 產能/時 | N3: 人時性 | O3: 人數 | P3: 人時性 | Q3: 達成率 | R3: 達成率 平均 | S3: 生產時間 | U3: 換線、休息/分 | V3: 稼動時間/分 | W3: 休息時間 | Y3: 產線異常統計(5分鐘以上) | AA3: (屏榮回填) | AC3: 短暫停線統計(5分鐘以下) | AE3: 產能/時 | AF3: 達成率 | AG3: 達成率平均
S4: 開始 | T4: 結束 | W4: 開始 | X4: 結束 | Y4: 次數 | Z4: 時間/分 | AC4: 總次數 | AD4: 設備因素(次數)
A5: 便當二線 | B5: 4℃-飯糰 | C5: 麻油雞飯糰 | E5: 29.97 | F5: 2226 | G5: =E5*F5 -> 66713.22 | I5: 21 | J5: 2790 | K5: =J5/I5 -> 132.85714 | L5: 25 | M5: =F5/V5*60 -> 2964.9808 | N5: =M5/L5 -> 118.59923 | O5: =L5-I5 -> 4 | P5: =N5-K5 -> -14.257912 | Q5: =N5/K5 -> 0.89268238 | R5: =Q21 -> 0.90926906 | S5: 0.25 | T5: 0.28127315 | V5: 45.045823 | AE5: =M5-J5 -> 174.98077 | AF5: =M5/J5 -> 1.0627171 | AG5: =AF21 -> 0.94880249
B6: 微波主食 | C6: 糖燻野郎三十天熟成牛飯 | E6: 56.77 | F6: 3241 | G6: =E6*F6 -> 183991.57 | I6: 24 | J6: 2000 | K6: =J6/I6 -> 83.333333 | L6: 24 | M6: =F6/V6*60 -> 1790.7623 | N6: =M6/L6 -> 74.615094 | O6: =L6-I6 -> 0 | P6: =N6-K6 -> -8.7182393 | Q6: =N6/K6 -> 0.89538113 | S6: 0.28472222 | T6: 0.36012731 | U6: 4.9666667 | V6: 108.59063 | AE6: =M6-J6 -> -209.23774 | AF6: =M6/J6 -> 0.89538113
B7: 便當 | C7: 健身G肉餐盒 | E7: 59.52 | F7: 3826 | G7: =E7*F7 -> 227723.52 | I7: 24 | J7: 2000 | K7: =J7/I7 -> 83.333333 | L7: 24 | M7: =F7/V7*60 -> 1794.4117 | N7: =M7/L7 -> 74.767153 | O7: =L7-I7 -> 0 | P7: =N7-K7 -> -8.5661803 | Q7: =N7/K7 -> 0.89720584 | S7: 0.36319444 | T7: 0.45202546 | U7: 5 | V7: 127.93051 | W7: 0.45202546 | X7: 0.49027778 | AE7: =M7-J7 -> -205.58833 | AF7: =M7/J7 -> 0.89720584
B8: 便當 | C8: 嫩烤香料雞胸排蔬滿盒 | E8: 77.34 | F8: 1960 | G8: =E8*F8 -> 151586.4 | I8: 23 | J8: 2000 | K8: =J8/I8 -> 86.956522 | L8: 23 | M8: =F8/V8*60 -> 1789.8192 | N8: =M8/L8 -> 77.818227 | O8: =L8-I8 -> 0 | P8: =N8-K8 -> -9.1382944 | Q8: =N8/K8 -> 0.89490961 | S8: 0.49027778 | T8: 0.53590278 | U8: 55.083333 | V8: 65.704959 | AE8: =M8-J8 -> -210.18077 | AF8: =M8/J8 -> 0.89490961
B21: 平均 | I21: =AVERAGE(I5:I20) -> 23 | J21: =AVERAGE(J5:J20) -> 2197.5 | K21: =J21/I21 -> 95.543478 | L21: =AVERAGE(L5:L20) -> 24 | M21: =AVERAGE(M5:M20) -> 2084.9935 | N21: =M21/L21 -> 86.874728 | O21: =L21-I21 -> 1 | P21: =N21-K21 -> -8.6687498 | Q21: =N21/K21 -> 0.90926906 | S21: 0.25 | T21: 0.53590278 | Y21: =SUM(Y5:Y20) -> 0 | Z21: =SUM(Z5:Z20) -> 0 | AC21: =SUM(AC5:AC20) -> 0 | AD21: =SUM(AD5:AD20) -> 0 | AE21: =M21-J21 -> -112.50652 | AF21: =M21/J21 -> 0.94880249
A22: 涼麵一線 | B22: 4℃-壽司手卷 | C22: 海陸雙拼壽司 | E22: 36.45 | F22: 6605 | G22: =E22*F22 -> 240752.25 | I22: 20 | J22: 2100 | K22: =J22/I22 -> 105 | L22: 20 | M22: =F22/V22*60 -> 1859.8261 | N22: =M22/L22 -> 92.991307 | O22: =L22-I22 -> 0 | P22: =N22-K22 -> -12.008693 | Q22: =N22/K22 -> 0.8856315 | R22: =Q38 -> 0.89160057 | S22: 0.20833333 | T22: 0.35630787 | V22: 213.08443 | AE22: =M22-J22 -> -240.17385 | AF22: =M22/J22 -> 0.8856315 | AG22: =AF38 -> 0.89160057
B23: 便當 | C23: 香腸腿排雙拼便當 | E23: 53.76 | F23: 2418 | G23: =E23*F23 -> 129991.68 | I23: 20 | J23: 2000 | K23: =J23/I23 -> 100 | L23: 20 | M23: =F23/V23*60 -> 1785.3467 | N23: =M23/L23 -> 89.267333 | O23: =L23-I23 -> 0 | P23: =N23-K23 -> -10.732667 | Q23: =N23/K23 -> 0.89267333 | S23: 0.36041667 | T23: 0.41684028 | U23: 5.9166667 | V23: 81.261529 | AE23: =M23-J23 -> -214.65334 | AF23: =M23/J23 -> 0.89267333
B24: 便當 | C24: 懷舊滷雙拼便當 | E24: 61.09 | F24: 2682 | G24: =E24*F24 -> 163843.38 | I24: 20 | J24: 2000 | K24: =J24/I24 -> 100 | L24: 20 | M24: =F24/V24*60 -> 1790.1456 | N24: =M24/L24 -> 89.507279 | O24: =L24-I24 -> 0 | P24: =N24-K24 -> -10.492721 | Q24: =N24/K24 -> 0.89507279 | S24: 0.42013889 | T24: 0.48255787 | U24: 4.75 | V24: 89.89213 | W24: 0.48255787 | X24: 0.52152778 | AE24: =M24-J24 -> -209.85441 | AF24: =M24/J24 -> 0.89507279
B25: 便當 | C25: 蔬活腿排補力餐盒 | E25: 71.55 | F25: 1802 | G25: =E25*F25 -> 128933.1 | I25: 22 | J25: 2000 | K25: =J25/I25 -> 90.909091 | L25: 22 | M25: =F25/V25*60 -> 1786.6462 | N25: =M25/L25 -> 81.211191 | O25: =L25-I25 -> 0 | P25: =N25-K25 -> -9.6978995 | Q25: =N25/K25 -> 0.89332311 | S25: 0.52152778 | T25: 0.56354167 | U25: 56.116667 | V25: 60.515618 | AE25: =M25-J25 -> -213.35379 | AF25: =M25/J25 -> 0.89332311
B38: 平均 | I38: =AVERAGE(I22:I37) -> 20.5 | J38: =AVERAGE(J22:J37) -> 2025 | K38: =J38/I38 -> 98.780488 | L38: =AVERAGE(L22:L37) -> 20.5 | M38: =AVERAGE(M22:M37) -> 1805.4912 | N38: =M38/L38 -> 88.072739 | O38: =L38-I38 -> 0 | P38: =N38-K38 -> -10.707749 | Q38: =N38/K38 -> 0.89160057 | S38: 0.20833333 | T38: 0.56354167 | Y38: =SUM(Y22:Y37) -> 0 | Z38: =SUM(Z22:Z37) -> 0 | AC38: =SUM(AC22:AC37) -> 0 | AD38: =SUM(AD22:AD37) -> 0 | AE38: =M38-J38 -> -219.50885 | AF38: =M38/J38 -> 0.89160057
A39: 涼麵二線 | B39: 微波小吃 | C39: 日式茶碗蒸 | E39: 19.7 | F39: 3252 | G39: =E39*F39 -> 64064.4 | I39: 13 | J39: 1200 | K39: =J39/I39 -> 92.307692 | L39: 13 | M39: =F39/V39*60 -> 1079.5677 | N39: =M39/L39 -> 83.04367 | O39: =L39-I39 -> 0 | P39: =N39-K39 -> -9.2640228 | Q39: =N39/K39 -> 0.89963975 | R39: =Q55 -> 0.89605986 | S39: 0.20833333 | T39: 0.33384259 | V39: 180.73901 | AE39: =M39-J39 -> -120.4323 | AF39: =M39/J39 -> 0.89963975 | AG39: =AF55 -> 0.89605986
B40: 便當 | C40: 香檸奶油魚排蔬滿盒 | E40: 77.35 | F40: 1040 | G40: =E40*F40 -> 80444 | I40: 26 | J40: 2000 | K40: =J40/I40 -> 76.923077 | L40: 26 | M40: =F40/V40*60 -> 1792.5662 | N40: =M40/L40 -> 68.944854 | O40: =L40-I40 -> 0 | P40: =N40-K40 -> -7.978223 | Q40: =N40/K40 -> 0.8962831 | S40: 0.3375 | T40: 0.36166667 | U40: 5.2666667 | V40: 34.81043 | AE40: =M40-J40 -> -207.4338 | AF40: =M40/J40 -> 0.8962831
B41: 便當 | C41: 美式雞丁餐盒 | E41: 59.34 | F41: 1178 | G41: =E41*F41 -> 69902.52 | I41: 24 | J41: 2000 | K41: =J41/I41 -> 83.333333 | L41: 24 | M41: =F41/V41*60 -> 1788.4082 | N41: =M41/L41 -> 74.51701 | O41: =L41-I41 -> 0 | P41: =N41-K41 -> -8.8163237 | Q41: =N41/K41 -> 0.89420412 | S41: 0.36458333 | T41: 0.39202546 | U41: 5 | V41: 39.521178 | AE41: =M41-J41 -> -211.59177 | AF41: =M41/J41 -> 0.89420412
B42: 便當 | C42: 烤蛋白餐盒 | E42: 58.67 | F42: 3009 | G42: =E42*F42 -> 176538.03 | I42: 23 | J42: 2000 | K42: =J42/I42 -> 86.956522 | L42: 23 | M42: =F42/V42*60 -> 1790.927 | N42: =M42/L42 -> 77.866392 | O42: =L42-I42 -> 0 | P42: =N42-K42 -> -9.0901302 | Q42: =N42/K42 -> 0.8954635 | S42: 0.39583333 | T42: 0.46583333 | U42: 5.4833333 | V42: 100.80813 | W42: 0.46583333 | X42: 0.50486111 | AE42: =M42-J42 -> -209.07299 | AF42: =M42/J42 -> 0.8954635
B43: 便當 | C43: 海陸雙拼肉肉餐盒 | E43: 59.54 | F43: 2270 | G43: =E43*F43 -> 135155.8 | I43: 23 | J43: 2000 | K43: =J43/I43 -> 86.956522 | L43: 23 | M43: =F43/V43*60 -> 1792.2816 | N43: =M43/L43 -> 77.925287 | O43: =L43-I43 -> 0 | P43: =N43-K43 -> -9.0312349 | Q43: =N43/K43 -> 0.8961408 | S43: 0.50486111 | T43: 0.55762731 | U43: 56.2 | V43: 75.992523 | AE43: =M43-J43 -> -207.7184 | AF43: =M43/J43 -> 0.8961408
B55: 平均 | I55: =AVERAGE(I39:I54) -> 21.8 | J55: =AVERAGE(J39:J54) -> 1840 | K55: =J55/I55 -> 84.40367 | L55: =AVERAGE(L39:L54) -> 21.8 | M55: =AVERAGE(M39:M54) -> 1648.7501 | N55: =M55/L55 -> 75.630741 | O55: =L55-I55 -> 0 | P55: =N55-K55 -> -8.772929 | Q55: =N55/K55 -> 0.89605986 | S55: 0.20833333 | T55: 0.55762731 | Y55: =SUM(Y39:Y54) -> 0 | Z55: =SUM(Z39:Z54) -> 0 | AC55: =SUM(AC39:AC54) -> 0 | AD55: =SUM(AD39:AD54) -> 0 | AE55: =M55-J55 -> -191.24985 | AF55: =M55/J55 -> 0.89605986
A56: 涼麵三線 | B56: 季節調理麵 | C56: 和風涓絲冷麵 | E56: 28.86 | F56: 2707 | G56: =E56*F56 -> 78124.02 | I56: 19 | J56: 3600 | K56: =J56/I56 -> 189.47368 | L56: 19 | M56: =F56/V56*60 -> 3177.8039 | N56: =M56/L56 -> 167.25284 | O56: =L56-I56 -> 0 | P56: =N56-K56 -> -22.220847 | Q56: =N56/K56 -> 0.88272331 | R56: =Q72 -> 0.89520738 | S56: 0.16666667 | T56: 0.20215278 | V56: 51.110768 | AE56: =M56-J56 -> -422.19609 | AF56: =M56/J56 -> 0.88272331 | AG56: =AF72 -> 0.89520738
B57: 季節調理麵 | C57: 台式麻醬涼麵 | E57: 31.11 | F57: 4193 | G57: =E57*F57 -> 130444.23 | I57: 19 | J57: 3600 | K57: =J57/I57 -> 189.47368 | L57: 19 | M57: =F57/V57*60 -> 3180.8771 | N57: =M57/L57 -> 167.41458 | O57: =L57-I57 -> 0 | P57: =N57-K57 -> -22.059101 | Q57: =N57/K57 -> 0.88357697 | S57: 0.20625 | T57: 0.26116898 | U57: 5.9 | V57: 79.091393 | AE57: =M57-J57 -> -419.12291 | AF57: =M57/J57 -> 0.88357697
B58: 季節調理麵 | C58: 鰹魚烏龍冷麵 | E58: 38.99 | F58: 2145 | G58: =E58*F58 -> 83633.55 | I58: 19 | J58: 3600 | K58: =J58/I58 -> 189.47368 | L58: 19 | M58: =F58/V58*60 -> 3181.9153 | N58: =M58/L58 -> 167.46923 | O58: =L58-I58 -> 0 | P58: =N58-K58 -> -22.004458 | Q58: =N58/K58 -> 0.88386536 | S58: 0.26458333 | T58: 0.29266204 | U58: 4.9166667 | V58: 40.447337 | AE58: =M58-J58 -> -418.0847 | AF58: =M58/J58 -> 0.88386536
B59: 季節調理麵 | C59: 嘉義崇文白醋涼麵 | E59: 35.89 | F59: 3900 | G59: =E59*F59 -> 139971 | I59: 19 | J59: 3600 | K59: =J59/I59 -> 189.47368 | L59: 19 | M59: =F59/V59*60 -> 3182.4771 | N59: =M59/L59 -> 167.4988 | O59: =L59-I59 -> 0 | P59: =N59-K59 -> -21.974888 | Q59: =N59/K59 -> 0.88402142 | S59: 0.29652778 | T59: 0.34758102 | U59: 5.5666667 | V59: 73.52763 | AE59: =M59-J59 -> -417.52287 | AF59: =M59/J59 -> 0.88402142
B60: 季節調理麵 | C60: 日式胡麻雞絲冷麵 | E60: 46.93 | F60: 3069 | G60: =E60*F60 -> 144028.17 | I60: 24 | J60: 3600 | K60: =J60/I60 -> 150 | L60: 24 | M60: =F60/V60*60 -> 3258.318 | N60: =M60/L60 -> 135.76325 | O60: =L60-I60 -> 0 | P60: =N60-K60 -> -14.236751 | Q60: =N60/K60 -> 0.90508833 | S60: 0.35138889 | T60: 0.390625 | U60: 5.4833333 | V60: 56.513821 | AE60: =M60-J60 -> -341.68203 | AF60: =M60/J60 -> 0.90508833
B61: 季節調理麵 | C61: 大滿足香辣涼麵 | E61: 38.48 | F61: 1859 | G61: =E61*F61 -> 71534.32 | H61: 2 | I61: 20 | J61: 3600 | K61: =J61/I61 -> 180 | L61: 20 | M61: =F61/V61*60 -> 3255.6914 | N61: =M61/L61 -> 162.78457 | O61: =L61-I61 -> 0 | P61: =N61-K61 -> -17.215429 | Q61: =N61/K61 -> 0.90435873 | S61: 0.39375 | T61: 0.41753472 | U61: 5 | V61: 34.260004 | AE61: =M61-J61 -> -344.30857 | AF61: =M61/J61 -> 0.90435873
B62: 季節調理麵 | C62: 大滿足麻醬涼麵 | E62: 37.8 | F62: 2264 | G62: =E62*F62 -> 85579.2 | H62: 2 | I62: 21 | J62: 3600 | K62: =J62/I62 -> 171.42857 | L62: 21 | M62: =F62/V62*60 -> 3255.9724 | N62: =M62/L62 -> 155.0463 | O62: =L62-I62 -> 0 | P62: =N62-K62 -> -16.382268 | Q62: =N62/K62 -> 0.90443677 | S62: 0.42083333 | T62: 0.44980324 | U62: 4.75 | V62: 41.720256 | W62: 0.44980324 | X62: 0.4875 | AE62: =M62-J62 -> -344.02762 | AF62: =M62/J62 -> 0.90443677
B63: 季節調理麵 | C63: 大滿足香辣涼麵 | E63: 38.48 | F63: 4494 | G63: =E63*F63 -> 172929.12 | I63: 20 | J63: 3600 | K63: =J63/I63 -> 180 | L63: 20 | M63: =F63/V63*60 -> 3255.6914 | N63: =M63/L63 -> 162.78457 | O63: =L63-I63 -> 0 | P63: =N63-K63 -> -17.215429 | Q63: =N63/K63 -> 0.90435873 | S63: 0.4875 | T63: 0.54501157 | U63: 55 | V63: 82.821117 | AE63: =M63-J63 -> -344.30857 | AF63: =M63/J63 -> 0.90435873
B64: 季節調理麵 | C64: 大滿足麻醬涼麵 | E64: 37.8 | F64: 5624 | G64: =E64*F64 -> 212587.2 | I64: 21 | J64: 3600 | K64: =J64/I64 -> 171.42857 | L64: 21 | M64: =F64/V64*60 -> 3255.9724 | N64: =M64/L64 -> 155.0463 | O64: =L64-I64 -> 0 | P64: =N64-K64 -> -16.382268 | Q64: =N64/K64 -> 0.90443677 | S64: 0.54861111 | T64: 0.6205787 | U64: 5.1833333 | V64: 103.63724 | AE64: =M64-J64 -> -344.02762 | AF64: =M64/J64 -> 0.90443677
B72: 平均 | I72: =AVERAGE(I56:I71) -> 20.222222 | J72: =AVERAGE(J56:J71) -> 3600 | K72: =J72/I72 -> 178.02198 | L72: =AVERAGE(L56:L71) -> 20.222222 | M72: =AVERAGE(M56:M71) -> 3222.7466 | N72: =M72/L72 -> 159.36659 | O72: =L72-I72 -> 0 | P72: =N72-K72 -> -18.65539 | Q72: =N72/K72 -> 0.89520738 | S72: 0.16666667 | T72: 0.6205787 | Y72: =SUM(Y56:Y71) -> 0 | Z72: =SUM(Z56:Z71) -> 0 | AC72: =SUM(AC56:AC71) -> 0 | AD72: =SUM(AD56:AD71) -> 0 | AE72: =M72-J72 -> -377.25344 | AF72: =M72/J72 -> 0.89520738
A73: 自動包裝機 | B73: 4℃-壽司手卷 | C73: 山葵生鮪魚泥脆卷 | E73: 23.19 | F73: 497 | G73: =E73*F73 -> 11525.43 | I73: 6 | J73: 2500 | K73: =J73/I73 -> 416.66667 | L73: 6 | M73: =F73/V73*60 -> 2267.628 | N73: =M73/L73 -> 377.938 | O73: =L73-I73 -> 0 | P73: =N73-K73 -> -38.728667 | Q73: =N73/K73 -> 0.9070512 | R73: =Q89 -> 0.90513464 | S73: 0.37708333 | T73: 0.38621528 | U73: 4.8666667 | V73: 13.150305 | AE73: =M73-J73 -> -232.372 | AF73: =M73/J73 -> 0.9070512 | AG73: =AF89 -> 0.90513464
B74: 4℃-壽司手卷 | C74: 韓式辣炒豬肉飯卷 | E74: 27.05 | F74: 2448 | G74: =E74*F74 -> 66218.4 | I74: 6 | J74: 3273 | K74: =J74/I74 -> 545.5 | L74: 6 | M74: =F74/V74*60 -> 2957.7143 | N74: =M74/L74 -> 492.95238 | O74: =L74-I74 -> 0 | P74: =N74-K74 -> -52.54762 | Q74: =N74/K74 -> 0.90367072 | S74: 0.39027778 | T74: 0.42475694 | U74: 5.85 | V74: 49.659969 | AE74: =M74-J74 -> -315.28572 | AF74: =M74/J74 -> 0.90367072
B89: 平均 | I89: =AVERAGE(I73:I88) -> 6 | J89: =AVERAGE(J73:J88) -> 2886.5 | K89: =J89/I89 -> 481.08333 | L89: =AVERAGE(L73:L88) -> 6 | M89: =AVERAGE(M73:M88) -> 2612.6711 | N89: =M89/L89 -> 435.44519 | O89: =L89-I89 -> 0 | P89: =N89-K89 -> -45.638144 | Q89: =N89/K89 -> 0.90513464 | S89: 0.25 | T89: 0.42475694 | Y89: =SUM(Y73:Y88) -> 0 | Z89: =SUM(Z73:Z88) -> 0 | AC89: =SUM(AC73:AC88) -> 0 | AD89: =SUM(AD73:AD88) -> 0 | AE89: =M89-J89 -> -273.82886 | AF89: =M89/J89 -> 0.90513464
A90: 自動包裝機2 | B90: 4℃-壽司手卷 | C90: 鮪魚昆布細卷 | E90: 15.51 | F90: 2906 | G90: =E90*F90 -> 45072.06 | I90: 6 | J90: 2600 | K90: =J90/I90 -> 433.33333 | L90: 6 | M90: =F90/V90*60 -> 2348.5588 | N90: =M90/L90 -> 391.42646 | O90: =L90-I90 -> 0 | P90: =N90-K90 -> -41.906874 | Q90: =N90/K90 -> 0.90329183 | R90: =Q106 -> 0.90316068 | S90: 0.25 | T90: 0.30155093 | V90: 74.241277 | AE90: =M90-J90 -> -251.44124 | AF90: =M90/J90 -> 0.90329183 | AG90: =AF106 -> 0.90316068
B91: 4℃-壽司手卷 | C91: 肉鬆火腿細卷 | E91: 15.01 | F91: 2984 | G91: =E91*F91 -> 44789.84 | I91: 6 | J91: 2600 | K91: =J91/I91 -> 433.33333 | L91: 6 | M91: =F91/V91*60 -> 2347.8768 | N91: =M91/L91 -> 391.31279 | O91: =L91-I91 -> 0 | P91: =N91-K91 -> -42.020539 | Q91: =N91/K91 -> 0.90302953 | S91: 0.30555556 | T91: 0.35850694 | U91: 5.7666667 | V91: 76.256132 | AE91: =M91-J91 -> -252.12323 | AF91: =M91/J91 -> 0.90302953
B106: 平均 | I106: =AVERAGE(I90:I105) -> 6 | J106: =AVERAGE(J90:J105) -> 2600 | K106: =J106/I106 -> 433.33333 | L106: =AVERAGE(L90:L105) -> 6 | M106: =AVERAGE(M90:M105) -> 2348.2178 | N106: =M106/L106 -> 391.36963 | O106: =L106-I106 -> 0 | P106: =N106-K106 -> -41.963706 | Q106: =N106/K106 -> 0.90316068 | S106: 0.25 | T106: 0.35850694 | Y106: =SUM(Y90:Y105) -> 0 | Z106: =SUM(Z90:Z105) -> 0 | AC106: =SUM(AC90:AC105) -> 0 | AD106: =SUM(AD90:AD105) -> 0 | AE106: =M106-J106 -> -251.78224 | AF106: =M106/J106 -> 0.90316068
A107: 便當二線 (二配) | B107: 微波主食 | C107: 二配鐵板豆腐燴蛋蓋飯 | E107: 44.98 | F107: 1425 | G107: =E107*F107 -> 64096.5 | I107: 21 | J107: 1800 | K107: =J107/I107 -> 85.714286 | L107: 21 | M107: =F107/V107*60 -> 1610.0334 | N107: =M107/L107 -> 76.668255 | O107: =L107-I107 -> 0 | P107: =N107-K107 -> -9.0460306 | Q107: =N107/K107 -> 0.89446298 | R107: =Q123 -> 0.92551714 | S107: 0.70833333 | T107: 0.74520833 | V107: 53.10449 | AE107: =M107-J107 -> -189.96664 | AF107: =M107/J107 -> 0.89446298 | AG107: =AF123 -> 0.89414368
B108: 微波主食 | C108: 二配濃起司燻腸紅醬焗烤飯 | E108: 50.67 | F108: 1487 | G108: =E108*F108 -> 75346.29 | I108: 20 | J108: 2000 | K108: =J108/I108 -> 100 | L108: 19 | M108: =F108/V108*60 -> 1788 | N108: =M108/L108 -> 94.105263 | O108: =L108-I108 -> -1 | P108: =N108-K108 -> -5.8947368 | Q108: =N108/K108 -> 0.94105263 | S108: 0.74861111 | T108: 0.78325231 | U108: 4.9 | V108: 49.899329 | AE108: =M108-J108 -> -212 | AF108: =M108/J108 -> 0.894
B109: 微波主食 | C109: 二配香烤魚排青醬燉飯 | E109: 58.17 | F109: 2416 | G109: =E109*F109 -> 140538.72 | I109: 18 | J109: 2000 | K109: =J109/I109 -> 111.11111 | L109: 17 | M109: =F109/V109*60 -> 1788 | N109: =M109/L109 -> 105.17647 | O109: =L109-I109 -> -1 | P109: =N109-K109 -> -5.9346405 | Q109: =N109/K109 -> 0.94658824 | S109: 0.78680556 | T109: 0.84310185 | U109: 5.1166667 | V109: 81.073826 | AE109: =M109-J109 -> -212 | AF109: =M109/J109 -> 0.894
B123: 平均 | I123: =AVERAGE(I107:I122) -> 19.666667 | J123: =AVERAGE(J107:J122) -> 1933.3333 | K123: =J123/I123 -> 98.305085 | L123: =AVERAGE(L107:L122) -> 19 | M123: =AVERAGE(M107:M122) -> 1728.6778 | N123: =M123/L123 -> 90.983041 | O123: =L123-I123 -> -0.66666667 | P123: =N123-K123 -> -7.3220434 | Q123: =N123/K123 -> 0.92551714 | S123: 0.70833333 | T123: 0.84310185 | Y123: =SUM(Y107:Y122) -> 0 | Z123: =SUM(Z107:Z122) -> 0 | AC123: =SUM(AC107:AC122) -> 0 | AD123: =SUM(AD107:AD122) -> 0 | AE123: =M123-J123 -> -204.65555 | AF123: =M123/J123 -> 0.89414368
A124: 涼麵一線 (二配) | B124: 微波主食 | C124: 二配哞哞培根奶香海陸焗飯 | E124: 47.6 | F124: 1723 | G124: =E124*F124 -> 82014.8 | I124: 23 | J124: 2000 | K124: =J124/I124 -> 86.956522 | L124: 23 | M124: =F124/V124*60 -> 1788.4 | N124: =M124/L124 -> 77.756522 | O124: =L124-I124 -> 0 | P124: =N124-K124 -> -9.2 | Q124: =N124/K124 -> 0.8942 | R124: =Q140 -> 0.89456013 | S124: 0.70833333 | T124: 0.74847222 | V124: 57.80586 | AE124: =M124-J124 -> -211.6 | AF124: =M124/J124 -> 0.8942 | AG124: =AF140 -> 0.89456013
B125: 微波主食 | C125: 二配黃金雞排蘑菇白醬歐姆蛋飯 | E125: 56.87 | F125: 1343 | G125: =E125*F125 -> 76376.41 | I125: 23 | J125: 2000 | K125: =J125/I125 -> 86.956522 | L125: 23 | M125: =F125/V125*60 -> 1790.9608 | N125: =M125/L125 -> 77.867859 | O125: =L125-I125 -> 0 | P125: =N125-K125 -> -9.0886626 | Q125: =N125/K125 -> 0.89548038 | S125: 0.75208333 | T125: 0.78332176 | U125: 5.2 | V125: 44.992611 | AE125: =M125-J125 -> -209.03924 | AF125: =M125/J125 -> 0.89548038
B126: 微波主食 | C126: 二配里肌豬排可可咖哩歐姆蛋飯 | E126: 56.79 | F126: 1789 | G126: =E126*F126 -> 101597.31 | I126: 23 | J126: 2000 | K126: =J126/I126 -> 86.956522 | L126: 23 | M126: =F126/V126*60 -> 1788 | N126: =M126/L126 -> 77.73913 | O126: =L126-I126 -> 0 | P126: =N126-K126 -> -9.2173913 | Q126: =N126/K126 -> 0.894 | S126: 0.78611111 | T126: 0.82780093 | U126: 5 | V126: 60.033557 | AE126: =M126-J126 -> -212 | AF126: =M126/J126 -> 0.894
B140: 平均 | I140: =AVERAGE(I124:I139) -> 23 | J140: =AVERAGE(J124:J139) -> 2000 | K140: =J140/I140 -> 86.956522 | L140: =AVERAGE(L124:L139) -> 23 | M140: =AVERAGE(M124:M139) -> 1789.1203 | N140: =M140/L140 -> 77.787837 | O140: =L140-I140 -> 0 | P140: =N140-K140 -> -9.1686846 | Q140: =N140/K140 -> 0.89456013 | S140: 0.70833333 | T140: 0.82780093 | Y140: =SUM(Y124:Y139) -> 0 | Z140: =SUM(Z124:Z139) -> 0 | AC140: =SUM(AC124:AC139) -> 0 | AD140: =SUM(AD124:AD139) -> 0 | AE140: =M140-J140 -> -210.87975 | AF140: =M140/J140 -> 0.89456013
AA142: 原因回覆
AA143: 1.當日出勤人數較多
AA144: 2.當日出勤人數較少
AA145: 3.當日出勤熟手較多
AA146: 4.當日出勤新人較多
AA147: 5.機台夾盒
AA148: 6.封膜不順
AA149: 7.更換膠膜
AA150: 8.更換碳帶
AA151: 9.當日熱轉印碳帶異常
AA152: 10.訂單量過少
AA153: 11.新品上市，尚未熟悉
AA154: 12.活動期間品項需貼標

Sheet 0529
B1: 屏榮 大溪廠組合室生產人時性分析
B3: 日期 | C3: 115.05.29星期五 | E3: 訂單量 | F3: ='0529(18度C)'!D1+'0529(4度C)'!D1 -> 188020 | H3: 營業額 | I3: ='0529(18度C)'!F1+'0529(4度C)'!F1 -> 5695002.6
B4: 人時性 | C4: 項目 | E4: ➀ | G4: ➁ | I4: ➂ | K4: ④ | M4: ⑤ | O4: 異常停線 | Q4: 短暫停線
C5: 組合室 | E5: 全溫層 | G5: 4度C-各編組展開(一配) | I5: 4度C-各編組展開(二配) | K5: 18度C-各編組展開(一配) | M5: 18度C-各編組展開(二配) | O5: 合計次數 | P5: 時間 | Q5: 合計次數 | R5: 設備次數
C6: 排關平均 | E6: =AVERAGE(D14:O14,D32:X32) -> 475.94721 | F6: =AVERAGE(#REF!,D14:K14) -> #REF! | G6: =AVERAGE(D14:K14) -> 224.40489 | I6: =AVERAGE(L14:O14) -> 92.630803 | K6: =AVERAGE(D32:O32) -> 801.70699 | M6: =AVERAGE(P32:X32) -> 719.15909 | O6: ='0529(4度C)'!Y2 -> 0 | P6: ='0529(4度C)'!Z2 -> 0 | Q6: ='0529(4度C)'!AC2 -> 0 | R6: ='0529(4度C)'!AD2 -> 0
C7: 實績平均 | E7: =AVERAGE(D15:O15,D33:X33) -> 426.09601 | F7: =AVERAGE(#REF!,D15:K15) -> #REF! | G7: =AVERAGE(D15:K15) -> 202.36535 | I7: =AVERAGE(L15:O15) -> 84.378712 | K7: =AVERAGE(D33:O33) -> 716.12022 | M7: =AVERAGE(P33:X33) -> 642.52642
C8: 達成率平均 | E8: =AVERAGE(D16:O16,D34:X34) -> 0.89659872 | F8: =AVERAGE(D16:K16,#REF!) -> #REF! | G8: =AVERAGE(D16:K16) -> 0.89939463 | I8: =AVERAGE(L16:O16) -> 0.90995288 | K8: =AVERAGE(D34:O34) -> 0.88980769 | M8: =AVERAGE(P34:X34) -> 0.89251878
O9: ※現行日本鮮食廠以達成率80%為基本(即為現行KPI)
B11: 溫層 | D11: ➁4度C-各編組展開 | L11: ➂4度C-各編組展開
B12: 編組 | D12: 1 | E12: 2 | F12: 3 | G12: 4 | H12: 5 | I12: 6 | J12: 7 | K12: 8 | L12: 1 | M12: 2 | N12: 3 | O12: 4
D13: 便當一線 | E13: 便當二線 | F13: 涼麵一線 | G13: 涼麵二線 | H13: 涼麵三線 | I13: 自動包裝機 | J13: 自動包裝機2 | K13: 自動包裝機3 | L13: 便當一線 | M13: 便當二線 | N13: 涼麵一線 | O13: 涼麵二線
B14: 人時性 | C14: 排關 | D14: - | E14: 95.543478 | F14: 98.780488 | G14: 84.40367 | H14: 174.75728 | I14: 459.61111 | J14: 433.33333 | K14: - | L14: - | M14: 98.305085 | N14: 86.956522 | O14: -
C15: 實績 | D15: - | E15: 86.874728 | F15: 87.558929 | G15: 75.624869 | H15: 156.59166 | I15: 416.10728 | J15: 391.43463 | K15: - | L15: - | M15: 90.995673 | N15: 77.76175 | O15: -
C16: 達成率 | D16: - | E16: =E15/E14 -> 0.90926906 | F16: =F15/F14 -> 0.88639903 | G16: =G15/G14 -> 0.8959903 | H16: =H15/H14 -> 0.8960523 | I16: =I15/I14 -> 0.90534643 | J16: =J15/J14 -> 0.90331068 | K16: - | L16: - | M16: =M15/M14 -> 0.92564564 | N16: =N15/N14 -> 0.89426013 | O16: -
B17: 作業 時間 | C17: 開始 | D17: - | E17: 0.25 | F17: 0.25 | G17: 0.20833333 | H17: 0.16666667 | I17: 0.37986111 | J17: 0.25 | K17: - | L17: - | M17: 0.70833333 | N17: 0.70833333 | O17: -
C18: 結束 | D18: - | E18: 0.52202546 | F18: 0.54917824 | G18: 0.54729167 | H18: 0.73164352 | I18: 0.43869213 | J18: 0.34680556 | K18: - | L18: - | M18: 0.8174537 | N18: 0.81777778 | O18: -
B19: 產線異常 (5分鐘以上) | C19: 次數
C20: 時間/分
B21: 短暫停線 (5分鐘以下) | C21: 次數
C22: 設備次數
B23: 配置人數 | D23: - | E23: 24 | F23: 20.5 | G23: 21.8 | H23: 20.6 | I23: 6 | J23: 6 | K23: - | L23: - | M23: 19 | N23: 23 | O23: -
B24: 主要應用設備 | D24: L型封口機 | E24: ET-55 | F24: ET-55 | G24: ET-55 | H24: ET-600 | I24: 伺服包裝機 | J24: 伺服包裝機 | K24: 伺服包裝機 | L24: L型封口機 | M24: ET-55 | N24: ET-55 | O24: ET-55
B25: 次要應用設備 | D25: 伺服包裝機 | H25: 伺服包裝機
B26: 備註 | H26: 涼麵+烤飯糰 | I26: 大口飯糰線 | K26: 烤飯糰+手卷
B29: 溫層 | D29: ➃18度C-各編組展開 (一配) | P29: ⑤18度C-各編組展開 (二配)
B30: 編組 | D30: 1 | E30: 2 | F30: 3 | G30: 4 | H30: 5 | I30: 6 | J30: 7 | K30: 8 | L30: 9 | M30: 10 | N30: 11 | O30: 12 | P30: 1 | Q30: 2 | R30: 3 | S30: 4 | T30: 5 | U30: 6 | V30: 7 | W30: 8 | X30: 9
D31: 便當一線 | E31: 涼麵一線 | F31: 涼麵三線 | G31: 自動包裝機 | H31: 自動包裝機2 | I31: 自動包裝機3 | J31: 味付飯糰線B | K31: (舊) 3300型飯糰線 | L31: 3000型飯糰線 | M31: (新) 3300型飯糰機 | N31: GKK3600型 飯糰機 | O31: GKK3600型 飯糰機2 | P31: 自動包裝機 | Q31: 自動包裝機2 | R31: 自動包裝機3 | S31: 味付飯糰線B | T31: (舊) 3300型飯糰線 | U31: 3000型飯糰線 | V31: (新) 3300型飯糰機 | W31: GKK3600型 飯糰機 | X31: GKK3600型 飯糰機2
B32: 人時性 | C32: 排關 | D32: - | E32: - | F32: - | G32: 327.27273 | H32: - | I32: - | J32: - | K32: - | L32: - | M32: 1100 | N32: 908.82353 | O32: 870.73171 | P32: 288 | Q32: - | R32: - | S32: - | T32: - | U32: - | V32: 775 | W32: 913.63636 | X32: 900
C33: 實績 | D33: - | E33: - | F33: - | G33: 286.73679 | H33: - | I33: - | J33: - | K33: - | L33: - | M33: 995.86476 | N33: 809.48563 | O33: 772.39371 | P33: 255.17265 | Q33: - | R33: - | S33: - | T33: - | U33: - | V33: 700.06354 | W33: 816.95811 | X33: 797.91138
C34: 達成率 | D34: - | E34: - | F34: - | G34: =G33/G32 -> 0.87614019 | H34: - | I34: - | J34: - | K34: - | L34: - | M34: =M33/M32 -> 0.9053316 | N34: =N33/N32 -> 0.89069616 | O34: =O33/O32 -> 0.8870628 | P34: =P33/P32 -> 0.88601614 | Q34: - | R34: - | S34: - | T34: - | U34: - | V34: =V33/V32 -> 0.90330779 | W34: =W33/W32 -> 0.89418301 | X34: =X33/X32 -> 0.8865682
B35: 作業 時間 | C35: 開始 | D35: - | E35: - | F35: - | G35: 0.25 | H35: - | I35: - | J35: - | K35: - | L35: - | M35: 0.375 | N35: 0.25 | O35: 0.25 | P35: 0.70833333 | Q35: - | R35: - | S35: - | T35: - | U35: - | V35: 0.70833333 | W35: 0.70833333 | X35: 0.70833333
C36: 結束 | D36: - | E36: - | F36: - | G36: 0.37649306 | H36: - | I36: - | J36: - | K36: - | L36: - | M36: 0.40756944 | N36: 0.58773148 | O36: 0.59104167 | P36: 0.74238426 | Q36: - | R36: - | S36: - | T36: - | U36: - | V36: 0.77734954 | W36: 1.1349421 | X36: 1.1100926
B37: 配置人數 | D37: - | E37: - | F37: - | G37: 11 | H37: - | I37: - | J37: - | K37: - | L37: - | M37: 3 | N37: 3.7777778 | O37: 4.1 | P37: 12.5 | Q37: - | R37: - | S37: - | T37: - | U37: - | V37: 4 | W37: 3.6666667 | X37: 4
B38: 主要應用設備 | D38: 伺服包裝機 | E38: ET-55 | F38: ET-600 | G38: 夾心型 | H38: 伺服包裝機 | I38: 伺服包裝機 | J38: 夾心型 | K38: 3300型 | L38: 3300型 | M38: 3300型 | N38: GKK | O38: GKK | P38: 夾心型 | Q38: 伺服包裝機 | R38: 伺服包裝機 | S38: 夾心型 | T38: 3300型 | U38: 3300型 | V38: 3300型 | W38: GKK | X38: GKK
B39: 次要應用設備
B40: 備註

Sheet 0529(18度C)
A1: 大溪廠日報分析 | C1: 總生產量 | D1: =SUM(F5:F140) -> 100305 | E1: 營業額 | F1: =SUM(G5:G140) -> 1992197.4 | G1: 出勤人數 | H1: =L21+L38+L55+L72+L89+L106+L123+L140 -> 46.044444 | I1: 產線配置圖 | L1: 生產實績 | O1: 人時性差異分析 | S1: 日報登錄 | Y1: 分析說明 | AA1: 產能差異分析
A2: 46171 | C2: 人時性 | D2: =AVERAGE(N21,N38,N55,N72,N89,N106,N123,N140) -> 679.32332 | E2: 平均廠價 | F2: =F1/D1 -> 19.861397 | G2: 多次生產數 | H2: =COUNT(H5:H140) -> 16
A3: 線別 | B3: 品類 | C3: 品名 | E3: 廠價 | F3: 生產量 | G3: 營收 | H3: 多次 生產 | I3: 人數 | J3: 產能/時 | K3: 人時性 | L3: 人數 | M3: 產能/時 | N3: 人時性 | O3: 人數 | P3: 人時性 | Q3: 達成率 | R3: 達成率 平均 | S3: 生產時間 | U3: 換線、休息/分 | V3: 稼動時間/分 | W3: 休息時間 | Y3: (屏榮回填) | AA3: 產能/時 | AB3: 達成率 | AC3: 達成率平均
S4: 開始 | T4: 結束 | W4: 開始 | X4: 結束
A5: 自動包裝機 | B5: 18℃-壽司手卷 | C5: 一配長野稻荷壽司 | E5: 25.64 | F5: 1455 | G5: =E5*F5 -> 37306.2 | I5: 10 | J5: 3600 | K5: =J5/I5 -> 360 | L5: 10 | M5: =F5/V5*60 -> 3203.5937 | N5: =M5/L5 -> 320.35937 | O5: =L5-I5 -> 0 | P5: =N5-K5 -> -39.640631 | Q5: =N5/K5 -> 0.88988714 | R5: =Q21 -> 0.87614019 | S5: 0.25 | T5: 0.26892361 | V5: 27.250647 | AA5: =M5-J5 -> -396.40631 | AB5: =M5/J5 -> 0.88988714 | AC5: =AB21 -> 0.87614019
B6: 18℃-壽司手卷 | C6: 一配經典人氣雙手卷 | E6: 29.52 | F6: 2594 | G6: =E6*F6 -> 76574.88 | I6: 11 | J6: 3600 | K6: =J6/I6 -> 327.27273 | L6: 11 | M6: =F6/V6*60 -> 3150.318 | N6: =M6/L6 -> 286.39254 | O6: =L6-I6 -> 0 | P6: =N6-K6 -> -40.880183 | Q6: =N6/K6 -> 0.87508833 | S6: 0.27222222 | T6: 0.30652778 | U6: 4.75 | V6: 49.404536 | AA6: =M6-J6 -> -449.68201 | AB6: =M6/J6 -> 0.87508833
B7: 18℃-壽司手卷 | C7: 一配鮭鮪海饌雙手卷 | E7: 29.85 | F7: 3011 | G7: =E7*F7 -> 89878.35 | I7: 11 | J7: 3600 | K7: =J7/I7 -> 327.27273 | L7: 11 | M7: =F7/V7*60 -> 3148.5436 | N7: =M7/L7 -> 286.23124 | O7: =L7-I7 -> 0 | P7: =N7-K7 -> -41.041491 | Q7: =N7/K7 -> 0.87459544 | S7: 0.31041667 | T7: 0.35025463 | U7: 5.6 | V7: 57.37891 | AA7: =M7-J7 -> -451.4564 | AB7: =M7/J7 -> 0.87459544
B8: 18℃-飯糰 | C8: 一配兩粒飯糰(鮪魚.焦糖鮭魚) | E8: 28.57 | F8: 1721 | G8: =E8*F8 -> 49168.97 | I8: 12 | J8: 3600 | K8: =J8/I8 -> 300 | L8: 12 | M8: =F8/V8*60 -> 3113.9635 | N8: =M8/L8 -> 259.49696 | O8: =L8-I8 -> 0 | P8: =N8-K8 -> -40.503044 | Q8: =N8/K8 -> 0.86498985 | S8: 0.35347222 | T8: 0.37649306 | U8: 4.6333333 | V8: 33.160312 | AA8: =M8-J8 -> -486.03652 | AB8: =M8/J8 -> 0.86498985
B21: 平均 | I21: =AVERAGE(I5:I20) -> 11 | J21: =AVERAGE(J5:J20) -> 3600 | K21: =J21/I21 -> 327.27273 | L21: =AVERAGE(L5:L20) -> 11 | M21: =AVERAGE(M5:M20) -> 3154.1047 | N21: =M21/L21 -> 286.73679 | O21: =L21-I21 -> 0 | P21: =N21-K21 -> -40.535937 | Q21: =N21/K21 -> 0.87614019 | S21: =S5 -> 0.25 | T21: =INDEX(T5:T20,COUNTA(T5:T20)) -> 0.37649306 | AA21: =M21-J21 -> -445.89531 | AB21: =M21/J21 -> 0.87614019
A22: (新) 3300型飯糰機 | B22: 18℃-飯糰 | C22: 一配鮭魚奶油醬油飯糰 | E22: 18.53 | F22: 2336 | G22: =E22*F22 -> 43286.08 | I22: 3 | J22: 3300 | K22: =J22/I22 -> 1100 | L22: 3 | M22: =F22/V22*60 -> 2987.5943 | N22: =M22/L22 -> 995.86476 | O22: =L22-I22 -> 0 | P22: =N22-K22 -> -104.13524 | Q22: =N22/K22 -> 0.9053316 | R22: =Q38 -> 0.9053316 | S22: 0.375 | T22: 0.40756944 | V22: 46.914001 | AA22: =M22-J22 -> -312.40572 | AB22: =M22/J22 -> 0.9053316 | AC22: =AB38 -> 0.9053316
B38: 平均 | I38: =AVERAGE(I22:I37) -> 3 | J38: =AVERAGE(J22:J37) -> 3300 | K38: =J38/I38 -> 1100 | L38: =AVERAGE(L22:L37) -> 3 | M38: =AVERAGE(M22:M37) -> 2987.5943 | N38: =M38/L38 -> 995.86476 | O38: =L38-I38 -> 0 | P38: =N38-K38 -> -104.13524 | Q38: =N38/K38 -> 0.9053316 | S38: =S22 -> 0.375 | T38: =INDEX(T22:T37,COUNTA(T22:T37)) -> 0.40756944 | AA38: =M38-J38 -> -312.40572 | AB38: =M38/J38 -> 0.9053316
A39: GKK3600型 飯糰機 | B39: 18℃-飯糰 | C39: 一配經典肉鬆飯糰 | E39: 14.03 | F39: 1147 | G39: =E39*F39 -> 16092.41 | H39: 2 | I39: 3 | J39: 3000 | K39: =J39/I39 -> 1000 | L39: 3 | M39: =F39/V39*60 -> 2714.51 | N39: =M39/L39 -> 904.83668 | O39: =L39-I39 -> 0 | P39: =N39-K39 -> -95.163322 | Q39: =N39/K39 -> 0.90483668 | R39: =Q55 -> 0.89069616 | S39: 0.25 | T39: 0.26760417 | V39: 25.352642 | AA39: =M39-J39 -> -285.48997 | AB39: =M39/J39 -> 0.90483668 | AC39: =AB55 -> 0.89069616
B40: 18℃-飯糰 | C40: 一配鮪魚飯糰 | E40: 14.28 | F40: 1481 | G40: =E40*F40 -> 21148.68 | H40: 2 | I40: 3 | J40: 3600 | K40: =J40/I40 -> 1200 | L40: 3 | M40: =F40/V40*60 -> 3186.8441 | N40: =M40/L40 -> 1062.2814 | O40: =L40-I40 -> 0 | P40: =N40-K40 -> -137.71864 | Q40: =N40/K40 -> 0.88523447 | S40: 0.27777778 | T40: 0.2971412 | U40: 14.65 | V40: 27.883385 | AA40: =M40-J40 -> -413.15591 | AB40: =M40/J40 -> 0.88523447
B41: 18℃-飯糰 | C41: 一配贅沢鮭魚肚飯糰 | E41: 30 | F41: 2063 | G41: =E41*F41 -> 61890 | I41: 4 | J41: 3600 | K41: =J41/I41 -> 900 | L41: 4 | M41: =F41/V41*60 -> 3188.16 | N41: =M41/L41 -> 797.04 | O41: =L41-I41 -> 0 | P41: =N41-K41 -> -102.96 | Q41: =N41/K41 -> 0.8856 | S41: 0.30694444 | T41: 0.33390046 | U41: 15 | V41: 38.824902 | AA41: =M41-J41 -> -411.84 | AB41: =M41/J41 -> 0.8856
B42: 18℃-飯糰 | C42: 一配熟成紅鮭飯糰 | E42: 25.03 | F42: 1149 | G42: =E42*F42 -> 28759.47 | I42: 5 | J42: 3600 | K42: =J42/I42 -> 720 | L42: 5 | M42: =F42/V42*60 -> 3184.182 | N42: =M42/L42 -> 636.8364 | O42: =L42-I42 -> 0 | P42: =N42-K42 -> -83.163597 | Q42: =N42/K42 -> 0.884495 | S42: 0.34375 | T42: 0.35878472 | U42: 15 | V42: 21.650772 | AA42: =M42-J42 -> -415.81799 | AB42: =M42/J42 -> 0.884495
B43: 18℃-飯糰 | C43: 一配北海道秋鮭親子飯糰 | E43: 24.82 | F43: 1533 | G43: =E43*F43 -> 38049.06 | I43: 5 | J43: 3600 | K43: =J43/I43 -> 720 | L43: 5 | M43: =F43/V43*60 -> 3184.9433 | N43: =M43/L43 -> 636.98867 | O43: =L43-I43 -> 0 | P43: =N43-K43 -> -83.011334 | Q43: =N43/K43 -> 0.88470648 | S43: 0.36875 | T43: 0.3887963 | U43: 15 | V43: 28.879635 | AA43: =M43-J43 -> -415.05667 | AB43: =M43/J43 -> 0.88470648
B44: 18℃-飯糰 | C44: 一配柚檸海灣貝飯糰 | E44: 23.72 | F44: 1751 | G44: =E44*F44 -> 41533.72 | I44: 5 | J44: 3600 | K44: =J44/I44 -> 720 | L44: 5 | M44: =F44/V44*60 -> 3183.9647 | N44: =M44/L44 -> 636.79294 | O44: =L44-I44 -> 0 | P44: =N44-K44 -> -83.207057 | Q44: =N44/K44 -> 0.88443464 | S44: 0.39861111 | T44: 0.4215162 | U44: 15 | V44: 32.996597 | AA44: =M44-J44 -> -416.03528 | AB44: =M44/J44 -> 0.88443464
B45: 18℃-飯糰 | C45: 一配黑胡椒洋蔥豬飯糰 | E45: 17.07 | F45: 3351 | G45: =E45*F45 -> 57201.57 | I45: 3 | J45: 3300 | K45: =J45/I45 -> 1100 | L45: 3 | M45: =F45/V45*60 -> 2978.5531 | N45: =M45/L45 -> 992.85104 | O45: =L45-I45 -> 0 | P45: =N45-K45 -> -107.14896 | Q45: =N45/K45 -> 0.90259185 | S45: 0.43125 | T45: 0.478125 | U45: 15 | V45: 67.502573 | AA45: =M45-J45 -> -321.44689 | AB45: =M45/J45 -> 0.90259185
B46: 18℃-飯糰 | C46: 一配經典肉鬆飯糰 | E46: 14.03 | F46: 2652 | G46: =E46*F46 -> 37207.56 | I46: 3 | J46: 3000 | K46: =J46/I46 -> 1000 | L46: 3 | M46: =F46/V46*60 -> 2714.51 | N46: =M46/L46 -> 904.83668 | O46: =L46-I46 -> 0 | P46: =N46-K46 -> -95.163322 | Q46: =N46/K46 -> 0.90483668 | S46: 0.48819444 | T46: 0.52890046 | U46: 14.5 | V46: 58.618313 | AA46: =M46-J46 -> -285.48997 | AB46: =M46/J46 -> 0.90483668
B47: 18℃-飯糰 | C47: 一配鮪魚飯糰 | E47: 14.28 | F47: 3736 | G47: =E47*F47 -> 53350.08 | I47: 3 | J47: 3600 | K47: =J47/I47 -> 1200 | L47: 3 | M47: =F47/V47*60 -> 3186.8441 | N47: =M47/L47 -> 1062.2814 | O47: =L47-I47 -> 0 | P47: =N47-K47 -> -137.71864 | Q47: =N47/K47 -> 0.88523447 | S47: 0.53888889 | T47: 0.58773148 | U47: 15 | V47: 70.33918 | AA47: =M47-J47 -> -413.15591 | AB47: =M47/J47 -> 0.88523447
B55: 平均 | I55: =AVERAGE(I39:I54) -> 3.7777778 | J55: =AVERAGE(J39:J54) -> 3433.3333 | K55: =J55/I55 -> 908.82353 | L55: =AVERAGE(L39:L54) -> 3.7777778 | M55: =AVERAGE(M39:M54) -> 3058.0568 | N55: =M55/L55 -> 809.48563 | O55: =L55-I55 -> 0 | P55: =N55-K55 -> -99.337899 | Q55: =N55/K55 -> 0.89069616 | S55: =S39 -> 0.25 | T55: =INDEX(T39:T54,COUNTA(T39:T54)) -> 0.58773148 | AA55: =M55-J55 -> -375.27651 | AB55: =M55/J55 -> 0.89069616
A56: GKK3600型 飯糰機2 | B56: 18℃-飯糰 | C56: 一配鹽蔥生鮭飯糰 | E56: 27.48 | F56: 819 | G56: =E56*F56 -> 22506.12 | H56: 2 | I56: 5 | J56: 3600 | K56: =J56/I56 -> 720 | L56: 5 | M56: =F56/V56*60 -> 3183.5761 | N56: =M56/L56 -> 636.71521 | O56: =L56-I56 -> 0 | P56: =N56-K56 -> -83.284789 | Q56: =N56/K56 -> 0.88432668 | R56: =Q72 -> 0.8870628 | S56: 0.25 | T56: 0.26071759 | V56: 15.435472 | AA56: =M56-J56 -> -416.42395 | AB56: =M56/J56 -> 0.88432668 | AC56: =AB72 -> 0.8870628
B57: 18℃-飯糰 | C57: 一配雞肉飯飯糰 | E57: 16.66 | F57: 1303 | G57: =E57*F57 -> 21707.98 | H57: 2 | I57: 5 | J57: 3600 | K57: =J57/I57 -> 720 | L57: 5 | M57: =F57/V57*60 -> 3191.5358 | N57: =M57/L57 -> 638.30717 | O57: =L57-I57 -> 0 | P57: =N57-K57 -> -81.692834 | Q57: =N57/K57 -> 0.88653773 | S57: 0.27083333 | T57: 0.28783565 | U57: 14.566667 | V57: 24.496043 | AA57: =M57-J57 -> -408.46417 | AB57: =M57/J57 -> 0.88653773
B58: 18℃-飯糰 | C58: 一配鹽蔥燒肉飯糰 | E58: 17.89 | F58: 2564 | G58: =E58*F58 -> 45869.96 | I58: 4 | J58: 3600 | K58: =J58/I58 -> 900 | L58: 4 | M58: =F58/V58*60 -> 3184.6787 | N58: =M58/L58 -> 796.16967 | O58: =L58-I58 -> 0 | P58: =N58-K58 -> -103.83033 | Q58: =N58/K58 -> 0.88463296 | S58: 0.29791667 | T58: 0.33145833 | U58: 14.516667 | V58: 48.306286 | AA58: =M58-J58 -> -415.32133 | AB58: =M58/J58 -> 0.88463296
B59: 18℃-飯糰 | C59: 一配壹號醬炙烤牛飯糰 | E59: 22.28 | F59: 935 | G59: =E59*F59 -> 20831.8 | I59: 5 | J59: 3300 | K59: =J59/I59 -> 660 | L59: 5 | M59: =F59/V59*60 -> 2979.0951 | N59: =M59/L59 -> 595.81902 | O59: =L59-I59 -> 0 | P59: =N59-K59 -> -64.180982 | Q59: =N59/K59 -> 0.90275609 | S59: 0.34166667 | T59: 0.3547338 | U59: 14.7 | V59: 18.831222 | AA59: =M59-J59 -> -320.90491 | AB59: =M59/J59 -> 0.90275609
B60: 18℃-飯糰 | C60: 一配明太子龍蝦風味沙拉飯糰 | E60: 18.18 | F60: 1859 | G60: =E60*F60 -> 33796.62 | I60: 3 | J60: 3600 | K60: =J60/I60 -> 1200 | L60: 3 | M60: =F60/V60*60 -> 3189.8383 | N60: =M60/L60 -> 1063.2794 | O60: =L60-I60 -> 0 | P60: =N60-K60 -> -136.72057 | Q60: =N60/K60 -> 0.88606619 | S60: 0.36458333 | T60: 0.38886574 | U60: 15 | V60: 34.96729 | AA60: =M60-J60 -> -410.16171 | AB60: =M60/J60 -> 0.88606619
B61: 18℃-飯糰 | C61: 一配蔬食鮪魚飯糰 | E61: 18.18 | F61: 976 | G61: =E61*F61 -> 17743.68 | I61: 3 | J61: 3600 | K61: =J61/I61 -> 1200 | L61: 3 | M61: =F61/V61*60 -> 3192.0259 | N61: =M61/L61 -> 1064.0086 | O61: =L61-I61 -> 0 | P61: =N61-K61 -> -135.99136 | Q61: =N61/K61 -> 0.88667386 | S61: 0.39861111 | T61: 0.41134259 | U61: 15 | V61: 18.345716 | AA61: =M61-J61 -> -407.97409 | AB61: =M61/J61 -> 0.88667386
B62: 18℃-飯糰 | C62: 一配山葵章魚飯糰 | E62: 25.2 | F62: 1756 | G62: =E62*F62 -> 44251.2 | I62: 3 | J62: 3600 | K62: =J62/I62 -> 1200 | L62: 3 | M62: =F62/V62*60 -> 3183.0024 | N62: =M62/L62 -> 1061.0008 | O62: =L62-I62 -> 0 | P62: =N62-K62 -> -138.9992 | Q62: =N62/K62 -> 0.88416733 | S62: 0.42152778 | T62: 0.44451389 | U62: 14.666667 | V62: 33.100823 | AA62: =M62-J62 -> -416.9976 | AB62: =M62/J62 -> 0.88416733
B63: 18℃-飯糰 | C63: 一配椒鹽檸檬鯖魚飯糰 | E63: 20.72 | F63: 3746 | G63: =E63*F63 -> 77617.12 | I63: 3 | J63: 3600 | K63: =J63/I63 -> 1200 | L63: 3 | M63: =F63/V63*60 -> 3189.278 | N63: =M63/L63 -> 1063.0927 | O63: =L63-I63 -> 0 | P63: =N63-K63 -> -136.90734 | Q63: =N63/K63 -> 0.88591055 | S63: 0.45486111 | T63: 0.5037963 | U63: 14.9 | V63: 70.473631 | AA63: =M63-J63 -> -410.72202 | AB63: =M63/J63 -> 0.88591055
B64: 18℃-飯糰 | C64: 一配鹽蔥生鮭飯糰 | E64: 27.48 | F64: 2010 | G64: =E64*F64 -> 55234.8 | I64: 5 | J64: 3600 | K64: =J64/I64 -> 720 | L64: 5 | M64: =F64/V64*60 -> 3183.5761 | N64: =M64/L64 -> 636.71521 | O64: =L64-I64 -> 0 | P64: =N64-K64 -> -83.284789 | Q64: =N64/K64 -> 0.88432668 | S64: 0.51388889 | T64: 0.54018519 | U64: 14.533333 | V64: 37.881928 | AA64: =M64-J64 -> -416.42395 | AB64: =M64/J64 -> 0.88432668
B65: 18℃-飯糰 | C65: 一配雞肉飯飯糰 | E65: 16.66 | F65: 3144 | G65: =E65*F65 -> 52379.04 | I65: 5 | J65: 3600 | K65: =J65/I65 -> 720 | L65: 5 | M65: =F65/V65*60 -> 3191.5358 | N65: =M65/L65 -> 638.30717 | O65: =L65-I65 -> 0 | P65: =N65-K65 -> -81.692834 | Q65: =N65/K65 -> 0.88653773 | S65: 0.55 | T65: 0.59104167 | U65: 15 | V65: 59.106339 | AA65: =M65-J65 -> -408.46417 | AB65: =M65/J65 -> 0.88653773
B72: 平均 | I72: =AVERAGE(I56:I71) -> 4.1 | J72: =AVERAGE(J56:J71) -> 3570 | K72: =J72/I72 -> 870.73171 | L72: =AVERAGE(L56:L71) -> 4.1 | M72: =AVERAGE(M56:M71) -> 3166.8142 | N72: =M72/L72 -> 772.39371 | O72: =L72-I72 -> 0 | P72: =N72-K72 -> -98.337998 | Q72: =N72/K72 -> 0.8870628 | S72: =S56 -> 0.25 | T72: =INDEX(T56:T71,COUNTA(T56:T71)) -> 0.59104167 | AA72: =M72-J72 -> -403.18579 | AB72: =M72/J72 -> 0.8870628
A73: 自動包裝機 (二配) | B73: 18℃-飯糰 | C73: 二配兩粒飯糰(鮪魚.焦糖鮭魚) | E73: 28.57 | F73: 1605 | G73: =E73*F73 -> 45854.85 | I73: 12 | J73: 3600 | K73: =J73/I73 -> 300 | L73: 12 | M73: =F73/V73*60 -> 3114.6429 | N73: =M73/L73 -> 259.55358 | O73: =L73-I73 -> 0 | P73: =N73-K73 -> -40.446423 | Q73: =N73/K73 -> 0.86517859 | R73: =Q89 -> 0.88601614 | S73: 0.70833333 | T73: 0.72980324 | V73: 30.918472 | AA73: =M73-J73 -> -485.35707 | AB73: =M73/J73 -> 0.86517859 | AC73: =AB89 -> 0.88601614
B74: 18℃-飯糰 | C74: 二配溏心蛋五目飯糰 | E74: 20.42 | F74: 710 | G74: =E74*F74 -> 14498.2 | I74: 13 | J74: 3600 | K74: =J74/I74 -> 276.92308 | L74: 13 | M74: =F74/V74*60 -> 3264.6733 | N74: =M74/L74 -> 251.12871 | O74: =L74-I74 -> 0 | P74: =N74-K74 -> -25.794363 | Q74: =N74/K74 -> 0.90685369 | S74: 0.73333333 | T74: 0.74238426 | U74: 5.0833333 | V74: 13.048779 | AA74: =M74-J74 -> -335.32671 | AB74: =M74/J74 -> 0.90685369
B89: 平均 | I89: =AVERAGE(I73:I88) -> 12.5 | J89: =AVERAGE(J73:J88) -> 3600 | K89: =J89/I89 -> 288 | L89: =AVERAGE(L73:L88) -> 12.5 | M89: =AVERAGE(M73:M88) -> 3189.6581 | N89: =M89/L89 -> 255.17265 | O89: =L89-I89 -> 0 | P89: =N89-K89 -> -32.827351 | Q89: =N89/K89 -> 0.88601614 | S89: =S73 -> 0.70833333 | T89: =INDEX(T73:T88,COUNTA(T73:T88)) -> 0.74238426 | AA89: =M89-J89 -> -410.34189 | AB89: =M89/J89 -> 0.88601614
A90: (新) 3300型飯糰機 (二配) | B90: 18℃-飯糰 | C90: 二配鹽水G絲飯糰 | E90: 17.22 | F90: 1355 | G90: =E90*F90 -> 23333.1 | I90: 3 | J90: 3300 | K90: =J90/I90 -> 1100 | L90: 3 | M90: =F90/V90*60 -> 2985.2508 | N90: =M90/L90 -> 995.0836 | O90: =L90-I90 -> 0 | P90: =N90-K90 -> -104.9164 | Q90: =N90/K90 -> 0.90462146 | R90: =Q106 -> 0.90330779 | S90: 0.70833333 | T90: 0.72724537 | V90: 27.233893 | AA90: =M90-J90 -> -314.7492 | AB90: =M90/J90 -> 0.90462146 | AC90: =AB106 -> 0.90330779
B91: 18℃-飯糰 | C91: 二配大飯糰韓式蒜烤豬五花 | E91: 24.54 | F91: 1514 | G91: =E91*F91 -> 37153.56 | I91: 4 | J91: 3000 | K91: =J91/I91 -> 750 | L91: 4 | M91: =F91/V91*60 -> 2707.7199 | N91: =M91/L91 -> 676.92997 | O91: =L91-I91 -> 0 | P91: =N91-K91 -> -73.070025 | Q91: =N91/K91 -> 0.9025733 | S91: 0.73125 | T91: 0.75453704 | U91: 5.7666667 | V91: 33.548522 | AA91: =M91-J91 -> -292.2801 | AB91: =M91/J91 -> 0.9025733
B92: 18℃-飯糰 | C92: 二配大飯糰乾燒風味鮮蝦 | E92: 23.27 | F92: 1236 | G92: =E92*F92 -> 28761.72 | I92: 5 | J92: 3000 | K92: =J92/I92 -> 600 | L92: 5 | M92: =F92/V92*60 -> 2707.7917 | N92: =M92/L92 -> 541.55835 | O92: =L92-I92 -> 0 | P92: =N92-K92 -> -58.44165 | Q92: =N92/K92 -> 0.90259725 | S92: 0.75833333 | T92: 0.77734954 | U92: 5.4666667 | V92: 27.387631 | AA92: =M92-J92 -> -292.20825 | AB92: =M92/J92 -> 0.90259725
B106: 平均 | I106: =AVERAGE(I90:I105) -> 4 | J106: =AVERAGE(J90:J105) -> 3100 | K106: =J106/I106 -> 775 | L106: =AVERAGE(L90:L105) -> 4 | M106: =AVERAGE(M90:M105) -> 2800.2542 | N106: =M106/L106 -> 700.06354 | O106: =L106-I106 -> 0 | P106: =N106-K106 -> -74.936462 | Q106: =N106/K106 -> 0.90330779 | S106: =S90 -> 0.70833333 | T106: =INDEX(T90:T105,COUNTA(T90:T105)) -> 0.77734954 | AA106: =M106-J106 -> -299.74585 | AB106: =M106/J106 -> 0.90330779
A107: GKK3600型 飯糰機 (二配) | B107: 18℃-飯糰 | C107: 二配壹號醬炙烤牛飯糰 | E107: 22.28 | F107: 454 | G107: =E107*F107 -> 10115.12 | H107: 2 | I107: 5 | J107: 3300 | K107: =J107/I107 -> 660 | L107: 5 | M107: =F107/V107*60 -> 2975.9948 | N107: =M107/L107 -> 595.19895 | O107: =L107-I107 -> 0 | P107: =N107-K107 -> -64.801049 | Q107: =N107/K107 -> 0.90181659 | R107: =Q123 -> 0.89418301 | S107: 0.70833333 | T107: 0.7146875 | V107: 9.1532419 | AA107: =M107-J107 -> -324.00525 | AB107: =M107/J107 -> 0.90181659 | AC107: =AB123 -> 0.89418301
B108: 18℃-飯糰 | C108: 二配熟成紅鮭飯糰 | E108: 25.03 | F108: 572 | G108: =E108*F108 -> 14317.16 | H108: 2 | I108: 5 | J108: 3600 | K108: =J108/I108 -> 720 | L108: 5 | M108: =F108/V108*60 -> 3196.9775 | N108: =M108/L108 -> 639.3955 | O108: =L108-I108 -> 0 | P108: =N108-K108 -> -80.604502 | Q108: =N108/K108 -> 0.8880493 | S108: 0.725 | T108: 0.7324537 | U108: 14.85 | V108: 10.73514 | AA108: =M108-J108 -> -403.02251 | AB108: =M108/J108 -> 0.8880493
B109: 18℃-飯糰 | C109: 二配蔬食鮪魚飯糰 | E109: 18.18 | F109: 357 | G109: =E109*F109 -> 6490.26 | H109: 2 | I109: 3 | J109: 3600 | K109: =J109/I109 -> 1200 | L109: 3 | M109: =F109/V109*60 -> 3193.7961 | N109: =M109/L109 -> 1064.5987 | O109: =L109-I109 -> 0 | P109: =N109-K109 -> -135.40131 | Q109: =N109/K109 -> 0.88716557 | S109: 0.74236111 | T109: 0.74701389 | U109: 15 | V109: 6.7067526 | AA109: =M109-J109 -> -406.20394 | AB109: =M109/J109 -> 0.88716557
B110: 18℃-飯糰 | C110: 二配芝麻香鬆飯糰 | E110: 18.18 | F110: 543 | G110: =E110*F110 -> 9871.74 | H110: 2 | I110: 3 | J110: 3000 | K110: =J110/I110 -> 1000 | L110: 3 | M110: =F110/V110*60 -> 2713.3607 | N110: =M110/L110 -> 904.45355 | O110: =L110-I110 -> 0 | P110: =N110-K110 -> -95.546449 | Q110: =N110/K110 -> 0.90445355 | S110: 0.75694444 | T110: 0.76527778 | U110: 15 | V110: 12.00725 | AA110: =M110-J110 -> -286.63935 | AB110: =M110/J110 -> 0.90445355
B111: 18℃-飯糰 | C111: 二配經典肉鬆飯糰 | E111: 14.03 | F111: 2122 | G111: =E111*F111 -> 29771.66 | H111: 2 | I111: 3 | J111: 3000 | K111: =J111/I111 -> 1000 | L111: 3 | M111: =F111/V111*60 -> 2713.225 | N111: =M111/L111 -> 904.40835 | O111: =L111-I111 -> 0 | P111: =N111-K111 -> -95.591655 | Q111: =N111/K111 -> 0.90440835 | S111: 0.77569444 | T111: 0.80827546 | U111: 15 | V111: 46.925706 | AA111: =M111-J111 -> -286.77496 | AB111: =M111/J111 -> 0.90440835
B112: 18℃-飯糰 | C112: 二配鮪魚飯糰 | E112: 14.28 | F112: 2488 | G112: =E112*F112 -> 35528.64 | H112: 2 | I112: 3 | J112: 3600 | K112: =J112/I112 -> 1200 | L112: 3 | M112: =F112/V112*60 -> 3179.7245 | N112: =M112/L112 -> 1059.9082 | O112: =L112-I112 -> 0 | P112: =N112-K112 -> -140.09184 | Q112: =N112/K112 -> 0.8832568 | S112: 0.81805556 | T112: 0.85064815 | U112: 15 | V112: 46.947464 | AA112: =M112-J112 -> -420.27552 | AB112: =M112/J112 -> 0.8832568
B113: 18℃-飯糰 | C113: 二配壹號醬炙烤牛飯糰 | E113: 22.28 | F113: 1183 | G113: =E113*F113 -> 26357.24 | I113: 5 | J113: 3300 | K113: =J113/I113 -> 660 | L113: 5 | M113: =F113/V113*60 -> 2975.9948 | N113: =M113/L113 -> 595.19895 | O113: =L113-I113 -> 0 | P113: =N113-K113 -> -64.801049 | Q113: =N113/K113 -> 0.90181659 | S113: 0.86041667 | T113: 0.87697917 | U113: 15 | V113: 23.850848 | AA113: =M113-J113 -> -324.00525 | AB113: =M113/J113 -> 0.90181659
B114: 18℃-飯糰 | C114: 二配熟成紅鮭飯糰 | E114: 25.03 | F114: 1158 | G114: =E114*F114 -> 28984.74 | I114: 5 | J114: 3600 | K114: =J114/I114 -> 720 | L114: 5 | M114: =F114/V114*60 -> 3196.9775 | N114: =M114/L114 -> 639.3955 | O114: =L114-I114 -> 0 | P114: =N114-K114 -> -80.604502 | Q114: =N114/K114 -> 0.8880493 | S114: 0.88680556 | T114: 0.90188657 | U114: 15 | V114: 21.733028 | AA114: =M114-J114 -> -403.02251 | AB114: =M114/J114 -> 0.8880493
B115: 18℃-飯糰 | C115: 二配蔬食鮪魚飯糰 | E115: 18.18 | F115: 733 | G115: =E115*F115 -> 13325.94 | I115: 3 | J115: 3600 | K115: =J115/I115 -> 1200 | L115: 3 | M115: =F115/V115*60 -> 3193.7961 | N115: =M115/L115 -> 1064.5987 | O115: =L115-I115 -> 0 | P115: =N115-K115 -> -135.40131 | Q115: =N115/K115 -> 0.88716557 | S115: 0.91180556 | T115: 0.92136574 | U115: 15 | V115: 13.770447 | AA115: =M115-J115 -> -406.20394 | AB115: =M115/J115 -> 0.88716557
B116: 18℃-飯糰 | C116: 二配芝麻香鬆飯糰 | E116: 18.18 | F116: 1138 | G116: =E116*F116 -> 20688.84 | I116: 3 | J116: 3000 | K116: =J116/I116 -> 1000 | L116: 3 | M116: =F116/V116*60 -> 2713.3607 | N116: =M116/L116 -> 904.45355 | O116: =L116-I116 -> 0 | P116: =N116-K116 -> -95.546449 | Q116: =N116/K116 -> 0.90445355 | S116: 0.93125 | T116: 0.94871528 | U116: 15 | V116: 25.164366 | AA116: =M116-J116 -> -286.63935 | AB116: =M116/J116 -> 0.90445355
B117: 18℃-飯糰 | C117: 二配經典肉鬆飯糰 | E117: 14.03 | F117: 5165 | G117: =E117*F117 -> 72464.95 | I117: 3 | J117: 3000 | K117: =J117/I117 -> 1000 | L117: 3 | M117: =F117/V117*60 -> 2713.225 | N117: =M117/L117 -> 904.40835 | O117: =L117-I117 -> 0 | P117: =N117-K117 -> -95.591655 | Q117: =N117/K117 -> 0.90440835 | S117: 0.95902778 | T117: 1.0383449 | U117: 14.85 | V117: 114.21832 | AA117: =M117-J117 -> -286.77496 | AB117: =M117/J117 -> 0.90440835
B118: 18℃-飯糰 | C118: 二配鮪魚飯糰 | E118: 14.28 | F118: 6589 | G118: =E118*F118 -> 94090.92 | I118: 3 | J118: 3600 | K118: =J118/I118 -> 1200 | L118: 3 | M118: =F118/V118*60 -> 3179.7245 | N118: =M118/L118 -> 1059.9082 | O118: =L118-I118 -> 0 | P118: =N118-K118 -> -140.09184 | Q118: =N118/K118 -> 0.8832568 | S118: 1.0486111 | T118: 1.1349421 | U118: 14.783333 | V118: 124.33153 | AA118: =M118-J118 -> -420.27552 | AB118: =M118/J118 -> 0.8832568
B123: 平均 | I123: =AVERAGE(I107:I122) -> 3.6666667 | J123: =AVERAGE(J107:J122) -> 3350 | K123: =J123/I123 -> 913.63636 | L123: =AVERAGE(L107:L122) -> 3.6666667 | M123: =AVERAGE(M107:M122) -> 2995.5131 | N123: =M123/L123 -> 816.95811 | O123: =L123-I123 -> 0 | P123: =N123-K123 -> -96.678251 | Q123: =N123/K123 -> 0.89418301 | S123: =S107 -> 0.70833333 | T123: =INDEX(T107:T122,COUNTA(T107:T122)) -> 1.1349421 | AA123: =M123-J123 -> -354.48692 | AB123: =M123/J123 -> 0.89418301
A124: GKK3600型 飯糰機2 (二配) | B124: 18℃-飯糰 | C124: 二配贅沢鮭魚肚飯糰 | E124: 30 | F124: 782 | G124: =E124*F124 -> 23460 | H124: 2 | I124: 4 | J124: 3600 | K124: =J124/I124 -> 900 | L124: 4 | M124: =F124/V124*60 -> 3195 | N124: =M124/L124 -> 798.75 | O124: =L124-I124 -> 0 | P124: =N124-K124 -> -101.25 | Q124: =N124/K124 -> 0.8875 | R124: =Q140 -> 0.8865682 | S124: 0.70833333 | T124: 0.71853009 | V124: 14.685446 | AA124: =M124-J124 -> -405 | AB124: =M124/J124 -> 0.8875 | AC124: =AB140 -> 0.8865682
B125: 18℃-飯糰 | C125: 二配明太子龍蝦風味沙拉飯糰 | E125: 18.18 | F125: 927 | G125: =E125*F125 -> 16852.86 | H125: 2 | I125: 3 | J125: 3600 | K125: =J125/I125 -> 1200 | L125: 3 | M125: =F125/V125*60 -> 3190.6834 | N125: =M125/L125 -> 1063.5611 | O125: =L125-I125 -> 0 | P125: =N125-K125 -> -136.43887 | Q125: =N125/K125 -> 0.88630095 | S125: 0.72847222 | T125: 0.74056713 | U125: 15 | V125: 17.432002 | AA125: =M125-J125 -> -409.3166 | AB125: =M125/J125 -> 0.88630095
B126: 18℃-飯糰 | C126: 二配三杯醬爆菇菇飯糰 | E126: 16.7 | F126: 512 | G126: =E126*F126 -> 8550.4 | H126: 2 | I126: 3 | J126: 3600 | K126: =J126/I126 -> 1200 | L126: 3 | M126: =F126/V126*60 -> 3199.7624 | N126: =M126/L126 -> 1066.5875 | O126: =L126-I126 -> 0 | P126: =N126-K126 -> -133.41255 | Q126: =N126/K126 -> 0.88882288 | S126: 0.75069444 | T126: 0.75736111 | U126: 14.583333 | V126: 9.600713 | AA126: =M126-J126 -> -400.23765 | AB126: =M126/J126 -> 0.88882288
B127: 18℃-飯糰 | C127: 二配北海道秋鮭親子飯糰 | E127: 24.82 | F127: 773 | G127: =E127*F127 -> 19185.86 | H127: 2 | I127: 5 | J127: 3600 | K127: =J127/I127 -> 720 | L127: 5 | M127: =F127/V127*60 -> 3189.0318 | N127: =M127/L127 -> 637.80636 | O127: =L127-I127 -> 0 | P127: =N127-K127 -> -82.193644 | Q127: =N127/K127 -> 0.88584216 | S127: 0.76736111 | T127: 0.7774537 | U127: 15 | V127: 14.543599 | AA127: =M127-J127 -> -410.96822 | AB127: =M127/J127 -> 0.88584216
B128: 18℃-飯糰 | C128: 二配鹽蔥燒肉飯糰 | E128: 17.89 | F128: 1353 | G128: =E128*F128 -> 24205.17 | H128: 2 | I128: 4 | J128: 3600 | K128: =J128/I128 -> 900 | L128: 4 | M128: =F128/V128*60 -> 3187.6477 | N128: =M128/L128 -> 796.91192 | O128: =L128-I128 -> 0 | P128: =N128-K128 -> -103.08808 | Q128: =N128/K128 -> 0.88545769 | S128: 0.7875 | T128: 0.80518519 | U128: 15 | V128: 25.467055 | AA128: =M128-J128 -> -412.35233 | AB128: =M128/J128 -> 0.88545769
B129: 18℃-飯糰 | C129: 二配雞肉飯飯糰 | E129: 16.66 | F129: 2158 | G129: =E129*F129 -> 35952.28 | H129: 2 | I129: 5 | J129: 3600 | K129: =J129/I129 -> 720 | L129: 5 | M129: =F129/V129*60 -> 3187.7479 | N129: =M129/L129 -> 637.54958 | O129: =L129-I129 -> 0 | P129: =N129-K129 -> -82.450421 | Q129: =N129/K129 -> 0.88548553 | S129: 0.81527778 | T129: 0.8434838 | U129: 14.533333 | V129: 40.618018 | AA129: =M129-J129 -> -412.2521 | AB129: =M129/J129 -> 0.88548553
B130: 18℃-飯糰 | C130: 二配贅沢鮭魚肚飯糰 | E130: 30 | F130: 1842 | G130: =E130*F130 -> 55260 | I130: 4 | J130: 3600 | K130: =J130/I130 -> 900 | L130: 4 | M130: =F130/V130*60 -> 3195 | N130: =M130/L130 -> 798.75 | O130: =L130-I130 -> 0 | P130: =N130-K130 -> -101.25 | Q130: =N130/K130 -> 0.8875 | S130: 0.85347222 | T130: 0.87748843 | U130: 15 | V130: 34.591549 | AA130: =M130-J130 -> -405 | AB130: =M130/J130 -> 0.8875
B131: 18℃-飯糰 | C131: 二配明太子龍蝦風味沙拉飯糰 | E131: 18.18 | F131: 2267 | G131: =E131*F131 -> 41214.06 | I131: 3 | J131: 3600 | K131: =J131/I131 -> 1200 | L131: 3 | M131: =F131/V131*60 -> 3190.6834 | N131: =M131/L131 -> 1063.5611 | O131: =L131-I131 -> 0 | P131: =N131-K131 -> -136.43887 | Q131: =N131/K131 -> 0.88630095 | S131: 0.8875 | T131: 0.91709491 | U131: 15 | V131: 42.630366 | AA131: =M131-J131 -> -409.3166 | AB131: =M131/J131 -> 0.88630095
B132: 18℃-飯糰 | C132: 二配三杯醬爆菇菇飯糰 | E132: 16.7 | F132: 1185 | G132: =E132*F132 -> 19789.5 | I132: 3 | J132: 3600 | K132: =J132/I132 -> 1200 | L132: 3 | M132: =F132/V132*60 -> 3199.7624 | N132: =M132/L132 -> 1066.5875 | O132: =L132-I132 -> 0 | P132: =N132-K132 -> -133.41255 | Q132: =N132/K132 -> 0.88882288 | S132: 0.92708333 | T132: 0.94251157 | U132: 15 | V132: 22.2204 | AA132: =M132-J132 -> -400.23765 | AB132: =M132/J132 -> 0.88882288
B133: 18℃-飯糰 | C133: 二配北海道秋鮭親子飯糰 | E133: 24.82 | F133: 1693 | G133: =E133*F133 -> 42020.26 | I133: 5 | J133: 3600 | K133: =J133/I133 -> 720 | L133: 5 | M133: =F133/V133*60 -> 3189.0318 | N133: =M133/L133 -> 637.80636 | O133: =L133-I133 -> 0 | P133: =N133-K133 -> -82.193644 | Q133: =N133/K133 -> 0.88584216 | S133: 0.95277778 | T133: 0.97489583 | U133: 14.783333 | V133: 31.852928 | AA133: =M133-J133 -> -410.96822 | AB133: =M133/J133 -> 0.88584216
B134: 18℃-飯糰 | C134: 二配鹽蔥燒肉飯糰 | E134: 17.89 | F134: 3351 | G134: =E134*F134 -> 59949.39 | I134: 4 | J134: 3600 | K134: =J134/I134 -> 900 | L134: 4 | M134: =F134/V134*60 -> 3187.6477 | N134: =M134/L134 -> 796.91192 | O134: =L134-I134 -> 0 | P134: =N134-K134 -> -103.08808 | Q134: =N134/K134 -> 0.88545769 | S134: 0.98472222 | T134: 1.0285185 | U134: 15 | V134: 63.074725 | AA134: =M134-J134 -> -412.35233 | AB134: =M134/J134 -> 0.88545769
B135: 18℃-飯糰 | C135: 二配雞肉飯飯糰 | E135: 16.66 | F135: 5448 | G135: =E135*F135 -> 90763.68 | I135: 5 | J135: 3600 | K135: =J135/I135 -> 720 | L135: 5 | M135: =F135/V135*60 -> 3187.7479 | N135: =M135/L135 -> 637.54958 | O135: =L135-I135 -> 0 | P135: =N135-K135 -> -82.450421 | Q135: =N135/K135 -> 0.88548553 | S135: 1.0388889 | T135: 1.1100926 | U135: 14.933333 | V135: 102.54261 | AA135: =M135-J135 -> -412.2521 | AB135: =M135/J135 -> 0.88548553
B140: 平均 | I140: =AVERAGE(I124:I139) -> 4 | J140: =AVERAGE(J124:J139) -> 3600 | K140: =J140/I140 -> 900 | L140: =AVERAGE(L124:L139) -> 4 | M140: =AVERAGE(M124:M139) -> 3191.6455 | N140: =M140/L140 -> 797.91138 | O140: =L140-I140 -> 0 | P140: =N140-K140 -> -102.08862 | Q140: =N140/K140 -> 0.8865682 | S140: =S124 -> 0.70833333 | T140: =INDEX(T124:T139,COUNTA(T124:T139)) -> 1.1100926 | AA140: =M140-J140 -> -408.35448 | AB140: =M140/J140 -> 0.8865682
Y142: 原因回覆
Y143: 1.當日出勤人數較多
Y144: 2.當日出勤人數較少
Y145: 3.當日出勤熟手較多
Y146: 4.當日出勤新人較多
Y147: 5.機台夾盒
Y148: 6.封膜不順
Y149: 7.更換膠膜
Y150: 8.更換碳帶
Y151: 9.當日熱轉印碳帶異常
Y152: 10.訂單量過少
Y153: 11.新品上市，尚未熟悉
Y154: 12.活動期間品項需貼標

Sheet 0529(4度C)
A1: 大溪廠日報分析 | C1: 總生產量 | D1: =SUM(F5:F140) -> 87715 | E1: 營業額 | F1: =SUM(G5:G140) -> 3702805.2 | G1: 出勤人數 | H1: =L21+L38+L55+L72+L89+L106+L123+L140 -> 140.9 | I1: 產線配置圖 | L1: 生產實績 | O1: 人時性差異分析 | S1: 日報登錄 | Y1: 合計次數 | Z1: 合計(時間/分) | AA1: 產線異常 分析說明(5分鐘以上) | AC1: 合計次數 | AD1: 合計(時間/分) | AE1: 產能差異分析
A2: 46171 | C2: 人時性 | D2: =AVERAGE(N21,N38,N55,N72,N89,N106,N123,N140) -> 172.86869 | E2: 平均廠價 | F2: =F1/D1 -> 42.214048 | G2: 多次生產數 | H2: =COUNT(H5:H140) -> 3 | Y2: =SUM(Y21,Y38,Y55,Y72,Y89,Y106,Y123,Y140) -> 0 | Z2: =SUM(Z21,Z38,Z55,Z72,Z89,Z106,Z123,Z140) -> 0 | AC2: =SUM(AC21,AC38,AC55,AC72,AC89,AC106,AC123,AC140) -> 0 | AD2: =SUM(AD21,AD38,AD55,AD72,AD89,AD106,AD123,AD140) -> 0
A3: 線別 | B3: 品類 | C3: 品名 | E3: 廠價 | F3: 生產量 | G3: 營收 | H3: 多次 生產 | I3: 人數 | J3: 產能/時 | K3: 人時性 | L3: 人數 | M3: 產能/時 | N3: 人時性 | O3: 人數 | P3: 人時性 | Q3: 達成率 | R3: 達成率 平均 | S3: 生產時間 | U3: 換線、休息/分 | V3: 稼動時間/分 | W3: 休息時間 | Y3: 產線異常統計(5分鐘以上) | AA3: (屏榮回填) | AC3: 短暫停線統計(5分鐘以下) | AE3: 產能/時 | AF3: 達成率 | AG3: 達成率平均
S4: 開始 | T4: 結束 | W4: 開始 | X4: 結束 | Y4: 次數 | Z4: 時間/分 | AC4: 總次數 | AD4: 設備因素(次數)
A5: 便當二線 | B5: 4℃-飯糰 | C5: 麻油雞飯糰 | E5: 29.97 | F5: 1985 | G5: =E5*F5 -> 59490.45 | I5: 21 | J5: 2790 | K5: =J5/I5 -> 132.85714 | L5: 25 | M5: =F5/V5*60 -> 2964.9808 | N5: =M5/L5 -> 118.59923 | O5: =L5-I5 -> 4 | P5: =N5-K5 -> -14.257912 | Q5: =N5/K5 -> 0.89268238 | R5: =Q21 -> 0.90926906 | S5: 0.25 | T5: 0.27789352 | V5: 40.168895 | AE5: =M5-J5 -> 174.98077 | AF5: =M5/J5 -> 1.0627171 | AG5: =AF21 -> 0.94880249
B6: 微波主食 | C6: 糖燻野郎三十天熟成牛飯 | E6: 56.77 | F6: 2837 | G6: =E6*F6 -> 161056.49 | I6: 24 | J6: 2000 | K6: =J6/I6 -> 83.333333 | L6: 24 | M6: =F6/V6*60 -> 1791.3623 | N6: =M6/L6 -> 74.640094 | O6: =L6-I6 -> 0 | P6: =N6-K6 -> -8.6932393 | Q6: =N6/K6 -> 0.89568113 | S6: 0.28194444 | T6: 0.34792824 | U6: 5.8333333 | V6: 95.022656 | AE6: =M6-J6 -> -208.63774 | AF6: =M6/J6 -> 0.89568113
B7: 便當 | C7: 健身G肉餐盒 | E7: 59.52 | F7: 3796 | G7: =E7*F7 -> 225937.92 | I7: 24 | J7: 2000 | K7: =J7/I7 -> 83.333333 | L7: 24 | M7: =F7/V7*60 -> 1793.8117 | N7: =M7/L7 -> 74.742153 | O7: =L7-I7 -> 0 | P7: =N7-K7 -> -8.5911803 | Q7: =N7/K7 -> 0.89690584 | S7: 0.35138889 | T7: 0.43956019 | U7: 4.9833333 | V7: 126.96985 | W7: 0.43956019 | X7: 0.47777778 | AE7: =M7-J7 -> -206.18833 | AF7: =M7/J7 -> 0.89690584
B8: 便當 | C8: 嫩烤香料雞胸排蔬滿盒 | E8: 77.34 | F8: 1901 | G8: =E8*F8 -> 147023.34 | I8: 23 | J8: 2000 | K8: =J8/I8 -> 86.956522 | L8: 23 | M8: =F8/V8*60 -> 1789.8192 | N8: =M8/L8 -> 77.818227 | O8: =L8-I8 -> 0 | P8: =N8-K8 -> -9.1382944 | Q8: =N8/K8 -> 0.89490961 | S8: 0.47777778 | T8: 0.52202546 | U8: 55.033333 | V8: 63.727106 | AE8: =M8-J8 -> -210.18077 | AF8: =M8/J8 -> 0.89490961
B21: 平均 | I21: =AVERAGE(I5:I20) -> 23 | J21: =AVERAGE(J5:J20) -> 2197.5 | K21: =J21/I21 -> 95.543478 | L21: =AVERAGE(L5:L20) -> 24 | M21: =AVERAGE(M5:M20) -> 2084.9935 | N21: =M21/L21 -> 86.874728 | O21: =L21-I21 -> 1 | P21: =N21-K21 -> -8.6687498 | Q21: =N21/K21 -> 0.90926906 | S21: =S5 -> 0.25 | T21: =INDEX(T5:T20,COUNTA(T5:T20)) -> 0.52202546 | Y21: =SUM(Y5:Y20) -> 0 | Z21: =SUM(Z5:Z20) -> 0 | AC21: =SUM(AC5:AC20) -> 0 | AD21: =SUM(AD5:AD20) -> 0 | AE21: =M21-J21 -> -112.50652 | AF21: =M21/J21 -> 0.94880249
A22: 涼麵一線 | B22: 4℃-壽司手卷 | C22: 海陸雙拼壽司 | E22: 36.45 | F22: 4468 | G22: =E22*F22 -> 162858.6 | I22: 20 | J22: 2100 | K22: =J22/I22 -> 105 | L22: 20 | M22: =F22/V22*60 -> 1817.8937 | N22: =M22/L22 -> 90.894686 | O22: =L22-I22 -> 0 | P22: =N22-K22 -> -14.105314 | Q22: =N22/K22 -> 0.86566367 | R22: =Q38 -> 0.88639903 | S22: 0.25 | T22: 0.35240741 | V22: 147.46737 | AE22: =M22-J22 -> -282.10629 | AF22: =M22/J22 -> 0.86566367 | AG22: =AF38 -> 0.88639903
B23: 便當 | C23: 香腸腿排雙拼便當 | E23: 53.76 | F23: 2334 | G23: =E23*F23 -> 125475.84 | I23: 20 | J23: 2000 | K23: =J23/I23 -> 100 | L23: 20 | M23: =F23/V23*60 -> 1785.1467 | N23: =M23/L23 -> 89.257333 | O23: =L23-I23 -> 0 | P23: =N23-K23 -> -10.742667 | Q23: =N23/K23 -> 0.89257333 | S23: 0.35625 | T23: 0.41071759 | U23: 5.5333333 | V23: 78.447336 | AE23: =M23-J23 -> -214.85334 | AF23: =M23/J23 -> 0.89257333
B24: 便當 | C24: 懷舊滷雙拼便當 | E24: 61.09 | F24: 2374 | G24: =E24*F24 -> 145027.66 | I24: 20 | J24: 2000 | K24: =J24/I24 -> 100 | L24: 20 | M24: =F24/V24*60 -> 1789.9456 | N24: =M24/L24 -> 89.497279 | O24: =L24-I24 -> 0 | P24: =N24-K24 -> -10.502721 | Q24: =N24/K24 -> 0.89497279 | S24: 0.41458333 | T24: 0.46983796 | U24: 5.5666667 | V24: 79.577838 | W24: 0.46983796 | X24: 0.50902778 | AE24: =M24-J24 -> -210.05441 | AF24: =M24/J24 -> 0.89497279
B25: 便當 | C25: 蔬活腿排補力餐盒 | E25: 71.55 | F25: 1722 | G25: =E25*F25 -> 123209.1 | I25: 22 | J25: 2000 | K25: =J25/I25 -> 90.909091 | L25: 22 | M25: =F25/V25*60 -> 1786.8462 | N25: =M25/L25 -> 81.220282 | O25: =L25-I25 -> 0 | P25: =N25-K25 -> -9.6888086 | Q25: =N25/K25 -> 0.89342311 | S25: 0.50902778 | T25: 0.54917824 | U25: 56.433333 | V25: 57.822548 | AE25: =M25-J25 -> -213.15379 | AF25: =M25/J25 -> 0.89342311
B38: 平均 | I38: =AVERAGE(I22:I37) -> 20.5 | J38: =AVERAGE(J22:J37) -> 2025 | K38: =J38/I38 -> 98.780488 | L38: =AVERAGE(L22:L37) -> 20.5 | M38: =AVERAGE(M22:M37) -> 1794.958 | N38: =M38/L38 -> 87.558929 | O38: =L38-I38 -> 0 | P38: =N38-K38 -> -11.221559 | Q38: =N38/K38 -> 0.88639903 | S38: =S22 -> 0.25 | T38: =INDEX(T22:T37,COUNTA(T22:T37)) -> 0.54917824 | Y38: =SUM(Y22:Y37) -> 0 | Z38: =SUM(Z22:Z37) -> 0 | AC38: =SUM(AC22:AC37) -> 0 | AD38: =SUM(AD22:AD37) -> 0 | AE38: =M38-J38 -> -230.04196 | AF38: =M38/J38 -> 0.88639903
A39: 涼麵二線 | B39: 微波小吃 | C39: 日式茶碗蒸 | E39: 19.7 | F39: 3240 | G39: =E39*F39 -> 63828 | I39: 13 | J39: 1200 | K39: =J39/I39 -> 92.307692 | L39: 13 | M39: =F39/V39*60 -> 1079.9277 | N39: =M39/L39 -> 83.071362 | O39: =L39-I39 -> 0 | P39: =N39-K39 -> -9.2363305 | Q39: =N39/K39 -> 0.89993975 | R39: =Q55 -> 0.8959903 | S39: 0.20833333 | T39: 0.33333333 | V39: 180.01205 | AE39: =M39-J39 -> -120.0723 | AF39: =M39/J39 -> 0.89993975 | AG39: =AF55 -> 0.8959903
B40: 便當 | C40: 香檸奶油魚排蔬滿盒 | E40: 77.35 | F40: 889 | G40: =E40*F40 -> 68764.15 | I40: 26 | J40: 2000 | K40: =J40/I40 -> 76.923077 | L40: 26 | M40: =F40/V40*60 -> 1791.7662 | N40: =M40/L40 -> 68.914085 | O40: =L40-I40 -> 0 | P40: =N40-K40 -> -8.0089922 | Q40: =N40/K40 -> 0.8958831 | S40: 0.3375 | T40: 0.3581713 | U40: 6 | V40: 29.769509 | AE40: =M40-J40 -> -208.2338 | AF40: =M40/J40 -> 0.8958831
B41: 便當 | C41: 美式雞丁餐盒 | E41: 59.34 | F41: 976 | G41: =E41*F41 -> 57915.84 | I41: 24 | J41: 2000 | K41: =J41/I41 -> 83.333333 | L41: 24 | M41: =F41/V41*60 -> 1788.4082 | N41: =M41/L41 -> 74.51701 | O41: =L41-I41 -> 0 | P41: =N41-K41 -> -8.8163237 | Q41: =N41/K41 -> 0.89420412 | S41: 0.36180556 | T41: 0.38453704 | U41: 5.2333333 | V41: 32.744202 | AE41: =M41-J41 -> -211.59177 | AF41: =M41/J41 -> 0.89420412
B42: 便當 | C42: 烤蛋白餐盒 | E42: 58.67 | F42: 3003 | G42: =E42*F42 -> 176186.01 | I42: 23 | J42: 2000 | K42: =J42/I42 -> 86.956522 | L42: 23 | M42: =F42/V42*60 -> 1791.327 | N42: =M42/L42 -> 77.883783 | O42: =L42-I42 -> 0 | P42: =N42-K42 -> -9.0727389 | Q42: =N42/K42 -> 0.8956635 | S42: 0.3875 | T42: 0.45734954 | U42: 5 | V42: 100.58465 | W42: 0.45734954 | X42: 0.49652778 | AE42: =M42-J42 -> -208.67299 | AF42: =M42/J42 -> 0.8956635
B43: 便當 | C43: 海陸雙拼肉肉餐盒 | E43: 59.54 | F43: 2183 | G43: =E43*F43 -> 129975.82 | I43: 23 | J43: 2000 | K43: =J43/I43 -> 86.956522 | L43: 23 | M43: =F43/V43*60 -> 1791.6816 | N43: =M43/L43 -> 77.8992 | O43: =L43-I43 -> 0 | P43: =N43-K43 -> -9.0573219 | Q43: =N43/K43 -> 0.8958408 | S43: 0.49652778 | T43: 0.54729167 | U43: 56.416667 | V43: 73.104507 | AE43: =M43-J43 -> -208.3184 | AF43: =M43/J43 -> 0.8958408
B55: 平均 | I55: =AVERAGE(I39:I54) -> 21.8 | J55: =AVERAGE(J39:J54) -> 1840 | K55: =J55/I55 -> 84.40367 | L55: =AVERAGE(L39:L54) -> 21.8 | M55: =AVERAGE(M39:M54) -> 1648.6221 | N55: =M55/L55 -> 75.624869 | O55: =L55-I55 -> 0 | P55: =N55-K55 -> -8.7788006 | Q55: =N55/K55 -> 0.8959903 | S55: =S39 -> 0.20833333 | T55: =INDEX(T39:T54,COUNTA(T39:T54)) -> 0.54729167 | Y55: =SUM(Y39:Y54) -> 0 | Z55: =SUM(Z39:Z54) -> 0 | AC55: =SUM(AC39:AC54) -> 0 | AD55: =SUM(AD39:AD54) -> 0 | AE55: =M55-J55 -> -191.37785 | AF55: =M55/J55 -> 0.8959903
A56: 涼麵三線 | B56: 季節調理麵 | C56: 和風涓絲冷麵 | E56: 28.86 | F56: 3186 | G56: =E56*F56 -> 91947.96 | I56: 19 | J56: 3600 | K56: =J56/I56 -> 189.47368 | L56: 19 | M56: =F56/V56*60 -> 3179.2439 | N56: =M56/L56 -> 167.32863 | O56: =L56-I56 -> 0 | P56: =N56-K56 -> -22.145057 | Q56: =N56/K56 -> 0.88312331 | R56: =Q72 -> 0.8960523 | S56: 0.16666667 | T56: 0.20841435 | V56: 60.127504 | AE56: =M56-J56 -> -420.75609 | AF56: =M56/J56 -> 0.88312331 | AG56: =AF72 -> 0.8960523
B57: 季節調理麵 | C57: 台式麻醬涼麵 | E57: 31.11 | F57: 4860 | G57: =E57*F57 -> 151194.6 | I57: 19 | J57: 3600 | K57: =J57/I57 -> 189.47368 | L57: 19 | M57: =F57/V57*60 -> 3181.9571 | N57: =M57/L57 -> 167.47143 | O57: =L57-I57 -> 0 | P57: =N57-K57 -> -22.002258 | Q57: =N57/K57 -> 0.88387697 | S57: 0.21180556 | T57: 0.27543981 | U57: 4.8833333 | V57: 91.641714 | AE57: =M57-J57 -> -418.04291 | AF57: =M57/J57 -> 0.88387697
B58: 季節調理麵 | C58: 鰹魚烏龍冷麵 | E58: 38.99 | F58: 2460 | G58: =E58*F58 -> 95915.4 | I58: 19 | J58: 3600 | K58: =J58/I58 -> 189.47368 | L58: 19 | M58: =F58/V58*60 -> 3182.9953 | N58: =M58/L58 -> 167.52607 | O58: =L58-I58 -> 0 | P58: =N58-K58 -> -21.947616 | Q58: =N58/K58 -> 0.88416536 | S58: 0.27847222 | T58: 0.3106713 | U58: 5 | V58: 46.371416 | AE58: =M58-J58 -> -417.0047 | AF58: =M58/J58 -> 0.88416536
B59: 季節調理麵 | C59: 嘉義崇文白醋涼麵 | E59: 35.89 | F59: 7571 | G59: =E59*F59 -> 271723.19 | I59: 19 | J59: 3600 | K59: =J59/I59 -> 189.47368 | L59: 19 | M59: =F59/V59*60 -> 3181.0371 | N59: =M59/L59 -> 167.42301 | O59: =L59-I59 -> 0 | P59: =N59-K59 -> -22.050678 | Q59: =N59/K59 -> 0.88362142 | S59: 0.31458333 | T59: 0.41375 | U59: 5.6333333 | V59: 142.80248 | AE59: =M59-J59 -> -418.96287 | AF59: =M59/J59 -> 0.88362142
B60: 季節調理麵 | C60: 日式胡麻雞絲冷麵 | E60: 46.93 | F60: 974 | G60: =E60*F60 -> 45709.82 | H60: 2 | I60: 24 | J60: 3600 | K60: =J60/I60 -> 150 | L60: 24 | M60: =F60/V60*60 -> 3259.038 | N60: =M60/L60 -> 135.79325 | O60: =L60-I60 -> 0 | P60: =N60-K60 -> -14.206751 | Q60: =N60/K60 -> 0.90528833 | S60: 0.41736111 | T60: 0.42980324 | U60: 5.2 | V60: 17.931672 | AE60: =M60-J60 -> -340.96203 | AF60: =M60/J60 -> 0.90528833
B61: 季節調理麵 | C61: 大滿足香辣涼麵 | E61: 38.48 | F61: 2151 | G61: =E61*F61 -> 82770.48 | H61: 2 | I61: 20 | J61: 3600 | K61: =J61/I61 -> 180 | L61: 20 | M61: =F61/V61*60 -> 3253.8914 | N61: =M61/L61 -> 162.69457 | O61: =L61-I61 -> 0 | P61: =N61-K61 -> -17.305429 | Q61: =N61/K61 -> 0.90385873 | S61: 0.43263889 | T61: 0.46017361 | U61: 5 | V61: 39.663278 | AE61: =M61-J61 -> -346.10857 | AF61: =M61/J61 -> 0.90385873
B62: 季節調理麵 | C62: 大滿足麻醬涼麵 | E62: 37.8 | F62: 2582 | G62: =E62*F62 -> 97599.6 | H62: 2 | I62: 21 | J62: 3600 | K62: =J62/I62 -> 171.42857 | L62: 21 | M62: =F62/V62*60 -> 3256.3324 | N62: =M62/L62 -> 155.06345 | O62: =L62-I62 -> 0 | P62: =N62-K62 -> -16.365125 | Q62: =N62/K62 -> 0.90453677 | S62: 0.46388889 | T62: 0.4969213 | U62: 5.35 | V62: 47.574996 | W62: 0.4969213 | X62: 0.53541667 | AE62: =M62-J62 -> -343.66762 | AF62: =M62/J62 -> 0.90453677
B63: 季節調理麵 | C63: 日式胡麻雞絲冷麵 | E63: 46.93 | F63: 2556 | G63: =E63*F63 -> 119953.08 | I63: 24 | J63: 3600 | K63: =J63/I63 -> 150 | L63: 24 | M63: =F63/V63*60 -> 3253.1638 | N63: =M63/L63 -> 135.54849 | O63: =L63-I63 -> 0 | P63: =N63-K63 -> -14.451507 | Q63: =N63/K63 -> 0.90365662 | S63: 0.53541667 | T63: 0.56814815 | U63: 55.433333 | V63: 47.1418 | AE63: =M63-J63 -> -346.83617 | AF63: =M63/J63 -> 0.90365662
B64: 季節調理麵 | C64: 大滿足香辣涼麵 | E64: 38.48 | F64: 5449 | G64: =E64*F64 -> 209677.52 | I64: 20 | J64: 3600 | K64: =J64/I64 -> 180 | L64: 20 | M64: =F64/V64*60 -> 3253.8914 | N64: =M64/L64 -> 162.69457 | O64: =L64-I64 -> 0 | P64: =N64-K64 -> -17.305429 | Q64: =N64/K64 -> 0.90385873 | S64: 0.57152778 | T64: 0.6412963 | U64: 4.8666667 | V64: 100.47662 | AE64: =M64-J64 -> -346.10857 | AF64: =M64/J64 -> 0.90385873
B65: 季節調理麵 | C65: 大滿足麻醬涼麵 | E65: 37.8 | F65: 6815 | G65: =E65*F65 -> 257607 | I65: 21 | J65: 3600 | K65: =J65/I65 -> 171.42857 | L65: 21 | M65: =F65/V65*60 -> 3256.3324 | N65: =M65/L65 -> 155.06345 | O65: =L65-I65 -> 0 | P65: =N65-K65 -> -16.365125 | Q65: =N65/K65 -> 0.90453677 | S65: 0.64444444 | T65: 0.73164352 | U65: 4.5333333 | V65: 125.57072 | AE65: =M65-J65 -> -343.66762 | AF65: =M65/J65 -> 0.90453677
B72: 平均 | I72: =AVERAGE(I56:I71) -> 20.6 | J72: =AVERAGE(J56:J71) -> 3600 | K72: =J72/I72 -> 174.75728 | L72: =AVERAGE(L56:L71) -> 20.6 | M72: =AVERAGE(M56:M71) -> 3225.7883 | N72: =M72/L72 -> 156.59166 | O72: =L72-I72 -> 0 | P72: =N72-K72 -> -18.165617 | Q72: =N72/K72 -> 0.8960523 | S72: =S56 -> 0.16666667 | T72: =INDEX(T56:T71,COUNTA(T56:T71)) -> 0.73164352 | Y72: =SUM(Y56:Y71) -> 0 | Z72: =SUM(Z56:Z71) -> 0 | AC72: =SUM(AC56:AC71) -> 0 | AD72: =SUM(AD56:AD71) -> 0 | AE72: =M72-J72 -> -374.21172 | AF72: =M72/J72 -> 0.8960523
A73: 自動包裝機 | B73: 4℃-壽司手卷 | C73: 山葵生鮪魚泥脆卷 | E73: 23.19 | F73: 301 | G73: =E73*F73 -> 6980.19 | I73: 6 | J73: 2500 | K73: =J73/I73 -> 416.66667 | L73: 6 | M73: =F73/V73*60 -> 2266.878 | N73: =M73/L73 -> 377.813 | O73: =L73-I73 -> 0 | P73: =N73-K73 -> -38.853667 | Q73: =N73/K73 -> 0.9067512 | R73: =Q89 -> 0.90534643 | S73: 0.37986111 | T73: 0.38539352 | U73: 4.85 | V73: 7.9669043 | AE73: =M73-J73 -> -233.122 | AF73: =M73/J73 -> 0.9067512 | AG73: =AF89 -> 0.90534643
B74: 4℃-壽司手卷 | C74: 醬油生鮭脆卷 | E74: 23.55 | F74: 544 | G74: =E74*F74 -> 12811.2 | I74: 6 | J74: 2500 | K74: =J74/I74 -> 416.66667 | L74: 6 | M74: =F74/V74*60 -> 2264.3568 | N74: =M74/L74 -> 377.39281 | O74: =L74-I74 -> 0 | P74: =N74-K74 -> -39.273861 | Q74: =N74/K74 -> 0.90574273 | S74: 0.38888889 | T74: 0.39888889 | U74: 5.0333333 | V74: 14.414689 | AE74: =M74-J74 -> -235.64317 | AF74: =M74/J74 -> 0.90574273
B75: 4℃-壽司手卷 | C75: 韓式辣炒豬肉飯卷 | E75: 27.05 | F75: 2600 | G75: =E75*F75 -> 70330 | I75: 6 | J75: 3273 | K75: =J75/I75 -> 545.5 | L75: 6 | M75: =F75/V75*60 -> 2958.6962 | N75: =M75/L75 -> 493.11603 | O75: =L75-I75 -> 0 | P75: =N75-K75 -> -52.38397 | Q75: =N75/K75 -> 0.90397072 | S75: 0.40208333 | T75: 0.43869213 | U75: 4.6 | V75: 52.725927 | AE75: =M75-J75 -> -314.30382 | AF75: =M75/J75 -> 0.90397072
B89: 平均 | I89: =AVERAGE(I73:I88) -> 6 | J89: =AVERAGE(J73:J88) -> 2757.6667 | K89: =J89/I89 -> 459.61111 | L89: =AVERAGE(L73:L88) -> 6 | M89: =AVERAGE(M73:M88) -> 2496.6437 | N89: =M89/L89 -> 416.10728 | O89: =L89-I89 -> 0 | P89: =N89-K89 -> -43.503833 | Q89: =N89/K89 -> 0.90534643 | S89: =S73 -> 0.37986111 | T89: =INDEX(T73:T88,COUNTA(T73:T88)) -> 0.43869213 | Y89: =SUM(Y73:Y88) -> 0 | Z89: =SUM(Z73:Z88) -> 0 | AC89: =SUM(AC73:AC88) -> 0 | AD89: =SUM(AD73:AD88) -> 0 | AE89: =M89-J89 -> -261.023 | AF89: =M89/J89 -> 0.90534643
A90: 自動包裝機2 | B90: 4℃-壽司手卷 | C90: 鮪魚昆布細卷 | E90: 15.51 | F90: 2602 | G90: =E90*F90 -> 40357.02 | I90: 6 | J90: 2600 | K90: =J90/I90 -> 433.33333 | L90: 6 | M90: =F90/V90*60 -> 2348.5588 | N90: =M90/L90 -> 391.42646 | O90: =L90-I90 -> 0 | P90: =N90-K90 -> -41.906874 | Q90: =N90/K90 -> 0.90329183 | R90: =Q106 -> 0.90331068 | S90: 0.25 | T90: 0.29615741 | V90: 66.474811 | AE90: =M90-J90 -> -251.44124 | AF90: =M90/J90 -> 0.90329183 | AG90: =AF106 -> 0.90331068
B91: 4℃-壽司手卷 | C91: 肉鬆火腿細卷 | E91: 15.01 | F91: 2678 | G91: =E91*F91 -> 40196.78 | I91: 6 | J91: 2600 | K91: =J91/I91 -> 433.33333 | L91: 6 | M91: =F91/V91*60 -> 2348.6568 | N91: =M91/L91 -> 391.44279 | O91: =L91-I91 -> 0 | P91: =N91-K91 -> -41.890539 | Q91: =N91/K91 -> 0.90332953 | S91: 0.29930556 | T91: 0.34680556 | U91: 4.5333333 | V91: 68.413572 | AE91: =M91-J91 -> -251.34323 | AF91: =M91/J91 -> 0.90332953
B106: 平均 | I106: =AVERAGE(I90:I105) -> 6 | J106: =AVERAGE(J90:J105) -> 2600 | K106: =J106/I106 -> 433.33333 | L106: =AVERAGE(L90:L105) -> 6 | M106: =AVERAGE(M90:M105) -> 2348.6078 | N106: =M106/L106 -> 391.43463 | O106: =L106-I106 -> 0 | P106: =N106-K106 -> -41.898706 | Q106: =N106/K106 -> 0.90331068 | S106: =S90 -> 0.25 | T106: =INDEX(T90:T105,COUNTA(T90:T105)) -> 0.34680556 | Y106: =SUM(Y90:Y105) -> 0 | Z106: =SUM(Z90:Z105) -> 0 | AC106: =SUM(AC90:AC105) -> 0 | AD106: =SUM(AD90:AD105) -> 0 | AE106: =M106-J106 -> -251.39224 | AF106: =M106/J106 -> 0.90331068
A107: 便當二線 (二配) | B107: 微波主食 | C107: 二配鐵板豆腐燴蛋蓋飯 | E107: 44.98 | F107: 1082 | G107: =E107*F107 -> 48668.36 | I107: 21 | J107: 1800 | K107: =J107/I107 -> 85.714286 | L107: 21 | M107: =F107/V107*60 -> 1610.7534 | N107: =M107/L107 -> 76.702541 | O107: =L107-I107 -> 0 | P107: =N107-K107 -> -9.0117449 | Q107: =N107/K107 -> 0.89486298 | R107: =Q123 -> 0.92564564 | S107: 0.70833333 | T107: 0.73631944 | V107: 40.304122 | AE107: =M107-J107 -> -189.24664 | AF107: =M107/J107 -> 0.89486298 | AG107: =AF123 -> 0.89426782
B108: 微波主食 | C108: 二配濃起司燻腸紅醬焗烤飯 | E108: 50.67 | F108: 1253 | G108: =E108*F108 -> 63489.51 | I108: 20 | J108: 2000 | K108: =J108/I108 -> 100 | L108: 19 | M108: =F108/V108*60 -> 1788 | N108: =M108/L108 -> 94.105263 | O108: =L108-I108 -> -1 | P108: =N108-K108 -> -5.8947368 | Q108: =N108/K108 -> 0.94105263 | S108: 0.73958333 | T108: 0.76877315 | U108: 4.7 | V108: 42.04698 | AE108: =M108-J108 -> -212 | AF108: =M108/J108 -> 0.894
B109: 微波主食 | C109: 二配香烤魚排青醬燉飯 | E109: 58.17 | F109: 1941 | G109: =E109*F109 -> 112907.97 | I109: 18 | J109: 2000 | K109: =J109/I109 -> 111.11111 | L109: 17 | M109: =F109/V109*60 -> 1788 | N109: =M109/L109 -> 105.17647 | O109: =L109-I109 -> -1 | P109: =N109-K109 -> -5.9346405 | Q109: =N109/K109 -> 0.94658824 | S109: 0.77222222 | T109: 0.8174537 | U109: 4.9666667 | V109: 65.134228 | AE109: =M109-J109 -> -212 | AF109: =M109/J109 -> 0.894
B123: 平均 | I123: =AVERAGE(I107:I122) -> 19.666667 | J123: =AVERAGE(J107:J122) -> 1933.3333 | K123: =J123/I123 -> 98.305085 | L123: =AVERAGE(L107:L122) -> 19 | M123: =AVERAGE(M107:M122) -> 1728.9178 | N123: =M123/L123 -> 90.995673 | O123: =L123-I123 -> -0.66666667 | P123: =N123-K123 -> -7.3094118 | Q123: =N123/K123 -> 0.92564564 | S123: =S107 -> 0.70833333 | T123: =INDEX(T107:T122,COUNTA(T107:T122)) -> 0.8174537 | Y123: =SUM(Y107:Y122) -> 0 | Z123: =SUM(Z107:Z122) -> 0 | AC123: =SUM(AC107:AC122) -> 0 | AD123: =SUM(AD107:AD122) -> 0 | AE123: =M123-J123 -> -204.41555 | AF123: =M123/J123 -> 0.89426782
A124: 涼麵一線 (二配) | B124: 微波主食 | C124: 二配哞哞培根奶香海陸焗飯 | E124: 47.6 | F124: 1510 | G124: =E124*F124 -> 71876 | I124: 23 | J124: 2000 | K124: =J124/I124 -> 86.956522 | L124: 23 | M124: =F124/V124*60 -> 1788 | N124: =M124/L124 -> 77.73913 | O124: =L124-I124 -> 0 | P124: =N124-K124 -> -9.2173913 | Q124: =N124/K124 -> 0.894 | R124: =Q140 -> 0.89426013 | S124: 0.70833333 | T124: 0.74351852 | V124: 50.671141 | AE124: =M124-J124 -> -212 | AF124: =M124/J124 -> 0.894 | AG124: =AF140 -> 0.89426013
B125: 微波主食 | C125: 二配黃金雞排蘑菇白醬歐姆蛋飯 | E125: 56.87 | F125: 1295 | G125: =E125*F125 -> 73646.65 | I125: 23 | J125: 2000 | K125: =J125/I125 -> 86.956522 | L125: 23 | M125: =F125/V125*60 -> 1790.3608 | N125: =M125/L125 -> 77.841772 | O125: =L125-I125 -> 0 | P125: =N125-K125 -> -9.1147495 | Q125: =N125/K125 -> 0.89518038 | S125: 0.74722222 | T125: 0.77734954 | U125: 5.3333333 | V125: 43.399074 | AE125: =M125-J125 -> -209.63924 | AF125: =M125/J125 -> 0.89518038
B126: 微波主食 | C126: 二配里肌豬排可可咖哩歐姆蛋飯 | E126: 56.79 | F126: 1597 | G126: =E126*F126 -> 90693.63 | I126: 23 | J126: 2000 | K126: =J126/I126 -> 86.956522 | L126: 23 | M126: =F126/V126*60 -> 1787.2 | N126: =M126/L126 -> 77.704348 | O126: =L126-I126 -> 0 | P126: =N126-K126 -> -9.2521739 | Q126: =N126/K126 -> 0.8936 | S126: 0.78055556 | T126: 0.81777778 | U126: 4.6166667 | V126: 53.614593 | AE126: =M126-J126 -> -212.8 | AF126: =M126/J126 -> 0.8936
B140: 平均 | I140: =AVERAGE(I124:I139) -> 23 | J140: =AVERAGE(J124:J139) -> 2000 | K140: =J140/I140 -> 86.956522 | L140: =AVERAGE(L124:L139) -> 23 | M140: =AVERAGE(M124:M139) -> 1788.5203 | N140: =M140/L140 -> 77.76175 | O140: =L140-I140 -> 0 | P140: =N140-K140 -> -9.1947716 | Q140: =N140/K140 -> 0.89426013 | S140: =S124 -> 0.70833333 | T140: =INDEX(T124:T139,COUNTA(T124:T139)) -> 0.81777778 | Y140: =SUM(Y124:Y139) -> 0 | Z140: =SUM(Z124:Z139) -> 0 | AC140: =SUM(AC124:AC139) -> 0 | AD140: =SUM(AD124:AD139) -> 0 | AE140: =M140-J140 -> -211.47975 | AF140: =M140/J140 -> 0.89426013
AA142: 原因回覆
AA143: 1.當日出勤人數較多
AA144: 2.當日出勤人數較少
AA145: 3.當日出勤熟手較多
AA146: 4.當日出勤新人較多
AA147: 5.機台夾盒
AA148: 6.封膜不順
AA149: 7.更換膠膜
AA150: 8.更換碳帶
AA151: 9.當日熱轉印碳帶異常
AA152: 10.訂單量過少
AA153: 11.新品上市，尚未熟悉
AA154: 12.活動期間品項需貼標

Sheet 0528
B1: 屏榮 大溪廠組合室生產人時性分析
B3: 日期 | C3: 115.05.28星期四 | E3: 訂單量 | F3: ='0528(18度C)'!D1+'0528(4度C)'!D1 -> 210315 | H3: 營業額 | I3: ='0528(18度C)'!F1+'0528(4度C)'!F1 -> 6322728.4
B4: 人時性 | C4: 項目 | E4: ➀ | G4: ➁ | I4: ➂ | K4: ④ | M4: ⑤ | O4: 異常停線 | Q4: 短暫停線
C5: 組合室 | E5: 全溫層 | G5: 4度C-各編組展開(一配) | I5: 4度C-各編組展開(二配) | K5: 18度C-各編組展開(一配) | M5: 18度C-各編組展開(二配) | O5: 合計次數 | P5: 時間 | Q5: 合計次數 | R5: 設備次數
C6: 排關平均 | E6: =AVERAGE(D14:O14,D32:X32) -> 476.31385 | F6: =AVERAGE(#REF!,D14:K14) -> #REF! | G6: =AVERAGE(D14:K14) -> 224.94901 | I6: =AVERAGE(L14:O14) -> 92.630803 | K6: =AVERAGE(D32:O32) -> 802.3574 | M6: =AVERAGE(P32:X32) -> 719.15909 | O6: ='0528(4度C)'!Y2 -> 0 | P6: ='0528(4度C)'!Z2 -> 0 | Q6: ='0528(4度C)'!AC2 -> 0 | R6: ='0528(4度C)'!AD2 -> 0
C7: 實績平均 | E7: =AVERAGE(D15:O15,D33:X33) -> 426.32681 | F7: =AVERAGE(#REF!,D15:K15) -> #REF! | G7: =AVERAGE(D15:K15) -> 202.69956 | I7: =AVERAGE(L15:O15) -> 84.387537 | K7: =AVERAGE(D33:O33) -> 716.58364 | M7: =AVERAGE(P33:X33) -> 642.48051
C8: 達成率平均 | E8: =AVERAGE(D16:O16,D34:X34) -> 0.89608421 | F8: =AVERAGE(D16:K16,#REF!) -> #REF! | G8: =AVERAGE(D16:K16) -> 0.89812682 | I8: =AVERAGE(L16:O16) -> 0.91005228 | K8: =AVERAGE(D34:O34) -> 0.88968523 | M8: =AVERAGE(P34:X34) -> 0.89243526
O9: ※現行日本鮮食廠以達成率80%為基本(即為現行KPI)
B11: 溫層 | D11: ➁4度C-各編組展開 | L11: ➂4度C-各編組展開
B12: 編組 | D12: 1 | E12: 2 | F12: 3 | G12: 4 | H12: 5 | I12: 6 | J12: 7 | K12: 8 | L12: 1 | M12: 2 | N12: 3 | O12: 4
D13: 便當一線 | E13: 便當二線 | F13: 涼麵一線 | G13: 涼麵二線 | H13: 涼麵三線 | I13: 自動包裝機 | J13: 自動包裝機2 | K13: 自動包裝機3 | L13: 便當一線 | M13: 便當二線 | N13: 涼麵一線 | O13: 涼麵二線
B14: 人時性 | C14: 排關 | D14: - | E14: 95.543478 | F14: 98.780488 | G14: 84.40367 | H14: 178.02198 | I14: 459.61111 | J14: 433.33333 | K14: - | L14: - | M14: 98.305085 | N14: 86.956522 | O14: -
C15: 實績 | D15: - | E15: 86.878895 | F15: 87.109478 | G15: 75.631108 | H15: 158.89124 | I15: 416.05702 | J15: 391.62963 | K15: - | L15: - | M15: 90.998831 | N15: 77.776243 | O15: -
C16: 達成率 | D16: - | E16: =E15/E14 -> 0.90931267 | F16: =F15/F14 -> 0.88184904 | G16: =G15/G14 -> 0.89606421 | H16: =H15/H14 -> 0.89253721 | I16: =I15/I14 -> 0.90523709 | J16: =J15/J14 -> 0.90376068 | K16: - | L16: - | M16: =M15/M14 -> 0.92567776 | N16: =N15/N14 -> 0.89442679 | O16: -
B17: 作業 時間 | C17: 開始 | D17: - | E17: 0.20833333 | F17: 0.20833333 | G17: 0.16666667 | H17: 0.16666667 | I17: 0.25 | J17: 0.25 | K17: - | L17: - | M17: 0.70833333 | N17: 0.70833333 | O17: -
C18: 結束 | D18: - | E18: 0.51696759 | F18: 0.55082176 | G18: 0.56748843 | H18: 0.6994213 | I18: 0.47832176 | J18: 0.36594907 | K18: - | L18: - | M18: 0.81896991 | N18: 0.80684028 | O18: -
B19: 產線異常 (5分鐘以上) | C19: 次數
C20: 時間/分
B21: 短暫停線 (5分鐘以下) | C21: 次數
C22: 設備次數
B23: 配置人數 | D23: - | E23: 24 | F23: 20.5 | G23: 21.8 | H23: 20.222222 | I23: 6 | J23: 6 | K23: - | L23: - | M23: 19 | N23: 23 | O23: -
B24: 主要應用設備 | D24: L型封口機 | E24: ET-55 | F24: ET-55 | G24: ET-55 | H24: ET-600 | I24: 伺服包裝機 | J24: 伺服包裝機 | K24: 伺服包裝機 | L24: L型封口機 | M24: ET-55 | N24: ET-55 | O24: ET-55
B25: 次要應用設備 | D25: 伺服包裝機 | H25: 伺服包裝機
B26: 備註 | H26: 涼麵+烤飯糰 | I26: 大口飯糰線 | K26: 烤飯糰+手卷
B29: 溫層 | D29: ➃18度C-各編組展開 (一配) | P29: ⑤18度C-各編組展開 (二配)
B30: 編組 | D30: 1 | E30: 2 | F30: 3 | G30: 4 | H30: 5 | I30: 6 | J30: 7 | K30: 8 | L30: 9 | M30: 10 | N30: 11 | O30: 12 | P30: 1 | Q30: 2 | R30: 3 | S30: 4 | T30: 5 | U30: 6 | V30: 7 | W30: 8 | X30: 9
D31: 便當一線 | E31: 涼麵一線 | F31: 涼麵三線 | G31: 自動包裝機 | H31: 自動包裝機2 | I31: 自動包裝機3 | J31: 味付飯糰線B | K31: (舊) 3300型飯糰線 | L31: 3000型飯糰線 | M31: (新) 3300型飯糰機 | N31: GKK3600型 飯糰機 | O31: GKK3600型 飯糰機2 | P31: 自動包裝機 | Q31: 自動包裝機2 | R31: 自動包裝機3 | S31: 味付飯糰線B | T31: (舊) 3300型飯糰線 | U31: 3000型飯糰線 | V31: (新) 3300型飯糰機 | W31: GKK3600型 飯糰機 | X31: GKK3600型 飯糰機2
B32: 人時性 | C32: 排關 | D32: - | E32: - | F32: - | G32: 327.27273 | H32: - | I32: - | J32: - | K32: - | L32: - | M32: 1100 | N32: 908.82353 | O32: 873.33333 | P32: 288 | Q32: - | R32: - | S32: - | T32: - | U32: - | V32: 775 | W32: 913.63636 | X32: 900
C33: 實績 | D33: - | E33: - | F33: - | G33: 286.73679 | H33: - | I33: - | J33: - | K33: - | L33: - | M33: 995.75476 | N33: 809.39122 | O33: 774.45179 | P33: 255.12945 | Q33: - | R33: - | S33: - | T33: - | U33: - | V33: 699.91354 | W33: 817.02766 | X33: 797.85138
C34: 達成率 | D34: - | E34: - | F34: - | G34: =G33/G32 -> 0.87614019 | H34: - | I34: - | J34: - | K34: - | L34: - | M34: =M33/M32 -> 0.9052316 | N34: =N33/N32 -> 0.89059228 | O34: =O33/O32 -> 0.88677686 | P34: =P33/P32 -> 0.88586614 | Q34: - | R34: - | S34: - | T34: - | U34: - | V34: =V33/V32 -> 0.90311424 | W34: =W33/W32 -> 0.89425913 | X34: =X33/X32 -> 0.88650153
B35: 作業 時間 | C35: 開始 | D35: - | E35: - | F35: - | G35: 0.25 | H35: - | I35: - | J35: - | K35: - | L35: - | M35: 0.375 | N35: 0.25 | O35: 0.25 | P35: 0.70833333 | Q35: - | R35: - | S35: - | T35: - | U35: - | V35: 0.70833333 | W35: 0.70833333 | X35: 0.70833333
C36: 結束 | D36: - | E36: - | F36: - | G36: 0.47832176 | H36: - | I36: - | J36: - | K36: - | L36: - | M36: 0.41721065 | N36: 0.66978009 | O36: 0.67208333 | P36: 0.74638889 | Q36: - | R36: - | S36: - | T36: - | U36: - | V36: 0.7859838 | W36: 1.1571296 | X36: 1.1248148
B37: 配置人數 | D37: - | E37: - | F37: - | G37: 11 | H37: - | I37: - | J37: - | K37: - | L37: - | M37: 3 | N37: 3.7777778 | O37: 4.0909091 | P37: 12.5 | Q37: - | R37: - | S37: - | T37: - | U37: - | V37: 4 | W37: 3.6666667 | X37: 4
B38: 主要應用設備 | D38: 伺服包裝機 | E38: ET-55 | F38: ET-600 | G38: 夾心型 | H38: 伺服包裝機 | I38: 伺服包裝機 | J38: 夾心型 | K38: 3300型 | L38: 3300型 | M38: 3300型 | N38: GKK | O38: GKK | P38: 夾心型 | Q38: 伺服包裝機 | R38: 伺服包裝機 | S38: 夾心型 | T38: 3300型 | U38: 3300型 | V38: 3300型 | W38: GKK | X38: GKK
B39: 次要應用設備
B40: 備註

Sheet 0528(18度C)
A1: 大溪廠日報分析 | C1: 總生產量 | D1: =SUM(F5:F140) -> 118282 | E1: 營業額 | F1: =SUM(G5:G140) -> 2366490.4 | G1: 出勤人數 | H1: =L21+L38+L55+L72+L89+L106+L123+L140 -> 46.035354 | I1: 產線配置圖 | L1: 生產實績 | O1: 人時性差異分析 | S1: 日報登錄 | Y1: 分析說明 | AA1: 產能差異分析
A2: 46170 | C2: 人時性 | D2: =AVERAGE(N21,N38,N55,N72,N89,N106,N123,N140) -> 679.53207 | E2: 平均廠價 | F2: =F1/D1 -> 20.00719 | G2: 多次生產數 | H2: =COUNT(H5:H140) -> 17
A3: 線別 | B3: 品類 | C3: 品名 | E3: 廠價 | F3: 生產量 | G3: 營收 | H3: 多次 生產 | I3: 人數 | J3: 產能/時 | K3: 人時性 | L3: 人數 | M3: 產能/時 | N3: 人時性 | O3: 人數 | P3: 人時性 | Q3: 達成率 | R3: 達成率 平均 | S3: 生產時間 | U3: 換線、休息/分 | V3: 稼動時間/分 | W3: 休息時間 | Y3: (屏榮回填) | AA3: 產能/時 | AB3: 達成率 | AC3: 達成率平均
S4: 開始 | T4: 結束 | W4: 開始 | X4: 結束
A5: 自動包裝機 | B5: 18℃-壽司手卷 | C5: 一配長野稻荷壽司 | E5: 25.64 | F5: 1725 | G5: =E5*F5 -> 44229 | I5: 10 | J5: 3600 | K5: =J5/I5 -> 360 | L5: 10 | M5: =F5/V5*60 -> 3204.3137 | N5: =M5/L5 -> 320.43137 | O5: =L5-I5 -> 0 | P5: =N5-K5 -> -39.568631 | Q5: =N5/K5 -> 0.89008714 | R5: =Q21 -> 0.87614019 | S5: 0.25 | T5: 0.27243056 | V5: 32.300208 | AA5: =M5-J5 -> -395.68631 | AB5: =M5/J5 -> 0.89008714 | AC5: =AB21 -> 0.87614019
B6: 18℃-壽司手卷 | C6: 一配經典人氣雙手卷 | E6: 29.52 | F6: 3518 | G6: =E6*F6 -> 103851.36 | I6: 11 | J6: 3600 | K6: =J6/I6 -> 327.27273 | L6: 11 | M6: =F6/V6*60 -> 3148.878 | N6: =M6/L6 -> 286.26164 | O6: =L6-I6 -> 0 | P6: =N6-K6 -> -41.011092 | Q6: =N6/K6 -> 0.87468833 | S6: 0.27569444 | T6: 0.32224537 | U6: 4.7 | V6: 67.033401 | AA6: =M6-J6 -> -451.12201 | AB6: =M6/J6 -> 0.87468833
B7: 18℃-壽司手卷 | C7: 一配鮭鮪海饌雙手卷 | E7: 29.85 | F7: 3730 | G7: =E7*F7 -> 111340.5 | I7: 11 | J7: 3600 | K7: =J7/I7 -> 327.27273 | L7: 11 | M7: =F7/V7*60 -> 3149.2636 | N7: =M7/L7 -> 286.29669 | O7: =L7-I7 -> 0 | P7: =N7-K7 -> -40.976037 | Q7: =N7/K7 -> 0.87479544 | S7: 0.32569444 | T7: 0.37503472 | U7: 4.9666667 | V7: 71.064232 | AA7: =M7-J7 -> -450.7364 | AB7: =M7/J7 -> 0.87479544
B8: 18℃-飯糰 | C8: 一配兩粒飯糰(鮪魚.焦糖鮭魚) | E8: 28.57 | F8: 2142 | G8: =E8*F8 -> 61196.94 | I8: 12 | J8: 3600 | K8: =J8/I8 -> 300 | L8: 12 | M8: =F8/V8*60 -> 3113.9635 | N8: =M8/L8 -> 259.49696 | O8: =L8-I8 -> 0 | P8: =N8-K8 -> -40.503044 | Q8: =N8/K8 -> 0.86498985 | S8: 0.37916667 | T8: 0.40782407 | U8: 5.95 | V8: 41.27216 | AA8: =M8-J8 -> -486.03652 | AB8: =M8/J8 -> 0.86498985
B21: 平均 | I21: =AVERAGE(I5:I20) -> 11 | J21: =AVERAGE(J5:J20) -> 3600 | K21: =J21/I21 -> 327.27273 | L21: =AVERAGE(L5:L20) -> 11 | M21: =AVERAGE(M5:M20) -> 3154.1047 | N21: =M21/L21 -> 286.73679 | O21: =L21-I21 -> 0 | P21: =N21-K21 -> -40.535937 | Q21: =N21/K21 -> 0.87614019 | S21: 0.25 | T21: 0.47832176 | AA21: =M21-J21 -> -445.89531 | AB21: =M21/J21 -> 0.87614019
A22: (新) 3300型飯糰機 | B22: 18℃-飯糰 | C22: 一配鮭魚奶油醬油飯糰 | E22: 18.53 | F22: 3027 | G22: =E22*F22 -> 56090.31 | I22: 3 | J22: 3300 | K22: =J22/I22 -> 1100 | L22: 3 | M22: =F22/V22*60 -> 2987.2643 | N22: =M22/L22 -> 995.75476 | O22: =L22-I22 -> 0 | P22: =N22-K22 -> -104.24524 | Q22: =N22/K22 -> 0.9052316 | R22: =Q38 -> 0.9052316 | S22: 0.375 | T22: 0.41721065 | V22: 60.798103 | AA22: =M22-J22 -> -312.73572 | AB22: =M22/J22 -> 0.9052316 | AC22: =AB38 -> 0.9052316
B38: 平均 | I38: =AVERAGE(I22:I37) -> 3 | J38: =AVERAGE(J22:J37) -> 3300 | K38: =J38/I38 -> 1100 | L38: =AVERAGE(L22:L37) -> 3 | M38: =AVERAGE(M22:M37) -> 2987.2643 | N38: =M38/L38 -> 995.75476 | O38: =L38-I38 -> 0 | P38: =N38-K38 -> -104.24524 | Q38: =N38/K38 -> 0.9052316 | S38: 0.375 | T38: 0.41721065 | AA38: =M38-J38 -> -312.73572 | AB38: =M38/J38 -> 0.9052316
A39: GKK3600型 飯糰機 | B39: 18℃-飯糰 | C39: 一配經典肉鬆飯糰 | E39: 14.03 | F39: 1480 | G39: =E39*F39 -> 20764.4 | H39: 2 | I39: 3 | J39: 3000 | K39: =J39/I39 -> 1000 | L39: 3 | M39: =F39/V39*60 -> 2715.41 | N39: =M39/L39 -> 905.13668 | O39: =L39-I39 -> 0 | P39: =N39-K39 -> -94.863322 | Q39: =N39/K39 -> 0.90513668 | R39: =Q55 -> 0.89059228 | S39: 0.25 | T39: 0.27270833 | V39: 32.702243 | AA39: =M39-J39 -> -284.58997 | AB39: =M39/J39 -> 0.90513668 | AC39: =AB55 -> 0.89059228
B40: 18℃-飯糰 | C40: 一配鮪魚飯糰 | E40: 14.28 | F40: 2122 | G40: =E40*F40 -> 30302.16 | H40: 2 | I40: 3 | J40: 3600 | K40: =J40/I40 -> 1200 | L40: 3 | M40: =F40/V40*60 -> 3185.4041 | N40: =M40/L40 -> 1061.8014 | O40: =L40-I40 -> 0 | P40: =N40-K40 -> -138.19864 | Q40: =N40/K40 -> 0.88483447 | S40: 0.28263889 | T40: 0.31039352 | U40: 15 | V40: 39.969811 | AA40: =M40-J40 -> -414.59591 | AB40: =M40/J40 -> 0.88483447
B41: 18℃-飯糰 | C41: 一配贅沢鮭魚肚飯糰 | E41: 30 | F41: 2695 | G41: =E41*F41 -> 80850 | I41: 4 | J41: 3600 | K41: =J41/I41 -> 900 | L41: 4 | M41: =F41/V41*60 -> 3187.44 | N41: =M41/L41 -> 796.86 | O41: =L41-I41 -> 0 | P41: =N41-K41 -> -103.14 | Q41: =N41/K41 -> 0.8854 | S41: 0.32013889 | T41: 0.3553588 | U41: 15 | V41: 50.730367 | AA41: =M41-J41 -> -412.56 | AB41: =M41/J41 -> 0.8854
B42: 18℃-飯糰 | C42: 一配熟成紅鮭飯糰 | E42: 25.03 | F42: 1612 | G42: =E42*F42 -> 40348.36 | I42: 5 | J42: 3600 | K42: =J42/I42 -> 720 | L42: 5 | M42: =F42/V42*60 -> 3184.182 | N42: =M42/L42 -> 636.8364 | O42: =L42-I42 -> 0 | P42: =N42-K42 -> -83.163597 | Q42: =N42/K42 -> 0.884495 | S42: 0.36527778 | T42: 0.38636574 | U42: 15 | V42: 30.375148 | AA42: =M42-J42 -> -415.81799 | AB42: =M42/J42 -> 0.884495
B43: 18℃-飯糰 | C43: 一配北海道秋鮭親子飯糰 | E43: 24.82 | F43: 1982 | G43: =E43*F43 -> 49193.24 | I43: 5 | J43: 3600 | K43: =J43/I43 -> 720 | L43: 5 | M43: =F43/V43*60 -> 3183.5033 | N43: =M43/L43 -> 636.70067 | O43: =L43-I43 -> 0 | P43: =N43-K43 -> -83.299334 | Q43: =N43/K43 -> 0.88430648 | S43: 0.39652778 | T43: 0.42246528 | U43: 14.633333 | V43: 37.355073 | AA43: =M43-J43 -> -416.49667 | AB43: =M43/J43 -> 0.88430648
B44: 18℃-飯糰 | C44: 一配柚檸海灣貝飯糰 | E44: 23.72 | F44: 2416 | G44: =E44*F44 -> 57307.52 | I44: 5 | J44: 3600 | K44: =J44/I44 -> 720 | L44: 5 | M44: =F44/V44*60 -> 3184.3247 | N44: =M44/L44 -> 636.86494 | O44: =L44-I44 -> 0 | P44: =N44-K44 -> -83.135057 | Q44: =N44/K44 -> 0.88453464 | S44: 0.43263889 | T44: 0.46424769 | U44: 14.65 | V44: 45.522996 | AA44: =M44-J44 -> -415.67528 | AB44: =M44/J44 -> 0.88453464
B45: 18℃-飯糰 | C45: 一配黑胡椒洋蔥豬飯糰 | E45: 17.07 | F45: 4329 | G45: =E45*F45 -> 73896.03 | I45: 3 | J45: 3300 | K45: =J45/I45 -> 1100 | L45: 3 | M45: =F45/V45*60 -> 2978.2231 | N45: =M45/L45 -> 992.74104 | O45: =L45-I45 -> 0 | P45: =N45-K45 -> -107.25896 | Q45: =N45/K45 -> 0.90249185 | S45: 0.47430556 | T45: 0.53486111 | U45: 15 | V45: 87.213076 | AA45: =M45-J45 -> -321.77689 | AB45: =M45/J45 -> 0.90249185
B46: 18℃-飯糰 | C46: 一配經典肉鬆飯糰 | E46: 14.03 | F46: 3262 | G46: =E46*F46 -> 45765.86 | I46: 3 | J46: 3000 | K46: =J46/I46 -> 1000 | L46: 3 | M46: =F46/V46*60 -> 2715.41 | N46: =M46/L46 -> 905.13668 | O46: =L46-I46 -> 0 | P46: =N46-K46 -> -94.863322 | Q46: =N46/K46 -> 0.90513668 | S46: 0.54513889 | T46: 0.59518519 | U46: 14.8 | V46: 72.077512 | AA46: =M46-J46 -> -284.58997 | AB46: =M46/J46 -> 0.90513668
B47: 18℃-飯糰 | C47: 一配鮪魚飯糰 | E47: 14.28 | F47: 4910 | G47: =E47*F47 -> 70114.8 | I47: 3 | J47: 3600 | K47: =J47/I47 -> 1200 | L47: 3 | M47: =F47/V47*60 -> 3185.4041 | N47: =M47/L47 -> 1061.8014 | O47: =L47-I47 -> 0 | P47: =N47-K47 -> -138.19864 | Q47: =N47/K47 -> 0.88483447 | S47: 0.60555556 | T47: 0.66978009 | U47: 14.933333 | V47: 92.484342 | AA47: =M47-J47 -> -414.59591 | AB47: =M47/J47 -> 0.88483447
B55: 平均 | I55: =AVERAGE(I39:I54) -> 3.7777778 | J55: =AVERAGE(J39:J54) -> 3433.3333 | K55: =J55/I55 -> 908.82353 | L55: =AVERAGE(L39:L54) -> 3.7777778 | M55: =AVERAGE(M39:M54) -> 3057.7002 | N55: =M55/L55 -> 809.39122 | O55: =L55-I55 -> 0 | P55: =N55-K55 -> -99.432311 | Q55: =N55/K55 -> 0.89059228 | S55: 0.25 | T55: 0.66978009 | AA55: =M55-J55 -> -375.63318 | AB55: =M55/J55 -> 0.89059228
A56: GKK3600型 飯糰機2 | B56: 18℃-飯糰 | C56: 一配鹽蔥生鮭飯糰 | E56: 27.48 | F56: 1095 | G56: =E56*F56 -> 30090.6 | H56: 2 | I56: 5 | J56: 3600 | K56: =J56/I56 -> 720 | L56: 5 | M56: =F56/V56*60 -> 3182.1361 | N56: =M56/L56 -> 636.42721 | O56: =L56-I56 -> 0 | P56: =N56-K56 -> -83.572789 | Q56: =N56/K56 -> 0.88392668 | R56: =Q72 -> 0.88677686 | S56: 0.25 | T56: 0.2643287 | V56: 20.646509 | AA56: =M56-J56 -> -417.86395 | AB56: =M56/J56 -> 0.88392668 | AC56: =AB72 -> 0.88677686
B57: 18℃-飯糰 | C57: 一配鹽蔥燒肉飯糰 | E57: 17.89 | F57: 989 | G57: =E57*F57 -> 17693.21 | H57: 2 | I57: 4 | J57: 3600 | K57: =J57/I57 -> 900 | L57: 4 | M57: =F57/V57*60 -> 3185.7587 | N57: =M57/L57 -> 796.43967 | O57: =L57-I57 -> 0 | P57: =N57-K57 -> -103.56033 | Q57: =N57/K57 -> 0.88493296 | S57: 0.27430556 | T57: 0.2872338 | U57: 15 | V57: 18.626646 | AA57: =M57-J57 -> -414.24133 | AB57: =M57/J57 -> 0.88493296
B58: 18℃-飯糰 | C58: 一配雞肉飯飯糰 | E58: 16.66 | F58: 1836 | G58: =E58*F58 -> 30587.76 | H58: 2 | I58: 5 | J58: 3600 | K58: =J58/I58 -> 720 | L58: 5 | M58: =F58/V58*60 -> 3191.8958 | N58: =M58/L58 -> 638.37917 | O58: =L58-I58 -> 0 | P58: =N58-K58 -> -81.620834 | Q58: =N58/K58 -> 0.88663773 | S58: 0.29722222 | T58: 0.32118056 | U58: 15 | V58: 34.512405 | AA58: =M58-J58 -> -408.10417 | AB58: =M58/J58 -> 0.88663773
B59: 18℃-飯糰 | C59: 一配壹號醬炙烤牛飯糰 | E59: 22.28 | F59: 1203 | G59: =E59*F59 -> 26802.84 | I59: 5 | J59: 3300 | K59: =J59/I59 -> 660 | L59: 5 | M59: =F59/V59*60 -> 2978.7651 | N59: =M59/L59 -> 595.75302 | O59: =L59-I59 -> 0 | P59: =N59-K59 -> -64.246982 | Q59: =N59/K59 -> 0.90265609 | S59: 0.33125 | T59: 0.34806713 | U59: 14.5 | V59: 24.231518 | AA59: =M59-J59 -> -321.23491 | AB59: =M59/J59 -> 0.90265609
B60: 18℃-飯糰 | C60: 一配明太子龍蝦風味沙拉飯糰 | E60: 18.18 | F60: 2372 | G60: =E60*F60 -> 43122.96 | I60: 3 | J60: 3600 | K60: =J60/I60 -> 1200 | L60: 3 | M60: =F60/V60*60 -> 3188.0383 | N60: =M60/L60 -> 1062.6794 | O60: =L60-I60 -> 0 | P60: =N60-K60 -> -137.32057 | Q60: =N60/K60 -> 0.88556619 | S60: 0.35833333 | T60: 0.3893287 | U60: 14.783333 | V60: 44.641873 | AA60: =M60-J60 -> -411.96171 | AB60: =M60/J60 -> 0.88556619
B61: 18℃-飯糰 | C61: 一配蔬食鮪魚飯糰 | E61: 18.18 | F61: 1305 | G61: =E61*F61 -> 23724.9 | I61: 3 | J61: 3600 | K61: =J61/I61 -> 1200 | L61: 3 | M61: =F61/V61*60 -> 3193.1059 | N61: =M61/L61 -> 1064.3686 | O61: =L61-I61 -> 0 | P61: =N61-K61 -> -135.63136 | Q61: =N61/K61 -> 0.88697386 | S61: 0.39930556 | T61: 0.41633102 | U61: 15 | V61: 24.521579 | AA61: =M61-J61 -> -406.89409 | AB61: =M61/J61 -> 0.88697386
B62: 18℃-飯糰 | C62: 一配山葵章魚飯糰 | E62: 25.2 | F62: 2374 | G62: =E62*F62 -> 59824.8 | I62: 3 | J62: 3600 | K62: =J62/I62 -> 1200 | L62: 3 | M62: =F62/V62*60 -> 3181.2024 | N62: =M62/L62 -> 1060.4008 | O62: =L62-I62 -> 0 | P62: =N62-K62 -> -139.5992 | Q62: =N62/K62 -> 0.88366733 | S62: 0.42638889 | T62: 0.45747685 | U62: 15 | V62: 44.775523 | AA62: =M62-J62 -> -418.7976 | AB62: =M62/J62 -> 0.88366733
B63: 18℃-飯糰 | C63: 一配椒鹽檸檬鯖魚飯糰 | E63: 20.72 | F63: 4458 | G63: =E63*F63 -> 92369.76 | I63: 3 | J63: 3600 | K63: =J63/I63 -> 1200 | L63: 3 | M63: =F63/V63*60 -> 3189.638 | N63: =M63/L63 -> 1063.2127 | O63: =L63-I63 -> 0 | P63: =N63-K63 -> -136.78734 | Q63: =N63/K63 -> 0.88601055 | S63: 0.46736111 | T63: 0.52559028 | U63: 15 | V63: 83.859047 | AA63: =M63-J63 -> -410.36202 | AB63: =M63/J63 -> 0.88601055
B64: 18℃-飯糰 | C64: 一配鹽蔥生鮭飯糰 | E64: 27.48 | F64: 2602 | G64: =E64*F64 -> 71502.96 | I64: 5 | J64: 3600 | K64: =J64/I64 -> 720 | L64: 5 | M64: =F64/V64*60 -> 3182.1361 | N64: =M64/L64 -> 636.42721 | O64: =L64-I64 -> 0 | P64: =N64-K64 -> -83.572789 | Q64: =N64/K64 -> 0.88392668 | S64: 0.53541667 | T64: 0.56947917 | U64: 15 | V64: 49.061384 | AA64: =M64-J64 -> -417.86395 | AB64: =M64/J64 -> 0.88392668
B65: 18℃-飯糰 | C65: 一配鹽蔥燒肉飯糰 | E65: 17.89 | F65: 2269 | G65: =E65*F65 -> 40592.41 | I65: 4 | J65: 3600 | K65: =J65/I65 -> 900 | L65: 4 | M65: =F65/V65*60 -> 3185.7587 | N65: =M65/L65 -> 796.43967 | O65: =L65-I65 -> 0 | P65: =N65-K65 -> -103.56033 | Q65: =N65/K65 -> 0.88493296 | S65: 0.57986111 | T65: 0.60953704 | U65: 14.95 | V65: 42.733934 | AA65: =M65-J65 -> -414.24133 | AB65: =M65/J65 -> 0.88493296
B66: 18℃-飯糰 | C66: 一配雞肉飯飯糰 | E66: 16.66 | F66: 4033 | G66: =E66*F66 -> 67189.78 | I66: 5 | J66: 3600 | K66: =J66/I66 -> 720 | L66: 5 | M66: =F66/V66*60 -> 3191.8958 | N66: =M66/L66 -> 638.37917 | O66: =L66-I66 -> 0 | P66: =N66-K66 -> -81.620834 | Q66: =N66/K66 -> 0.88663773 | S66: 0.61944444 | T66: 0.67208333 | U66: 15 | V66: 75.810745 | AA66: =M66-J66 -> -408.10417 | AB66: =M66/J66 -> 0.88663773
B72: 平均 | I72: =AVERAGE(I56:I71) -> 4.0909091 | J72: =AVERAGE(J56:J71) -> 3572.7273 | K72: =J72/I72 -> 873.33333 | L72: =AVERAGE(L56:L71) -> 4.0909091 | M72: =AVERAGE(M56:M71) -> 3168.2119 | N72: =M72/L72 -> 774.45179 | O72: =L72-I72 -> 0 | P72: =N72-K72 -> -98.881538 | Q72: =N72/K72 -> 0.88677686 | S72: 0.25 | T72: 0.67208333 | AA72: =M72-J72 -> -404.51538 | AB72: =M72/J72 -> 0.88677686
A73: 自動包裝機 (二配) | B73: 18℃-飯糰 | C73: 二配兩粒飯糰(鮪魚.焦糖鮭魚) | E73: 28.57 | F73: 1763 | G73: =E73*F73 -> 50368.91 | I73: 12 | J73: 3600 | K73: =J73/I73 -> 300 | L73: 12 | M73: =F73/V73*60 -> 3113.9229 | N73: =M73/L73 -> 259.49358 | O73: =L73-I73 -> 0 | P73: =N73-K73 -> -40.506423 | Q73: =N73/K73 -> 0.86497859 | R73: =Q89 -> 0.88586614 | S73: 0.70833333 | T73: 0.7319213 | V73: 33.970012 | AA73: =M73-J73 -> -486.07707 | AB73: =M73/J73 -> 0.86497859 | AC73: =AB89 -> 0.88586614
B74: 18℃-飯糰 | C74: 二配溏心蛋五目飯糰 | E74: 20.42 | F74: 860 | G74: =E74*F74 -> 17561.2 | I74: 13 | J74: 3600 | K74: =J74/I74 -> 276.92308 | L74: 13 | M74: =F74/V74*60 -> 3264.3133 | N74: =M74/L74 -> 251.10102 | O74: =L74-I74 -> 0 | P74: =N74-K74 -> -25.822055 | Q74: =N74/K74 -> 0.90675369 | S74: 0.73541667 | T74: 0.74638889 | U74: 5.0333333 | V74: 15.807306 | AA74: =M74-J74 -> -335.68671 | AB74: =M74/J74 -> 0.90675369
B89: 平均 | I89: =AVERAGE(I73:I88) -> 12.5 | J89: =AVERAGE(J73:J88) -> 3600 | K89: =J89/I89 -> 288 | L89: =AVERAGE(L73:L88) -> 12.5 | M89: =AVERAGE(M73:M88) -> 3189.1181 | N89: =M89/L89 -> 255.12945 | O89: =L89-I89 -> 0 | P89: =N89-K89 -> -32.870551 | Q89: =N89/K89 -> 0.88586614 | S89: 0.70833333 | T89: 0.74638889 | AA89: =M89-J89 -> -410.88189 | AB89: =M89/J89 -> 0.88586614
A90: (新) 3300型飯糰機 (二配) | B90: 18℃-飯糰 | C90: 二配鹽水G絲飯糰 | E90: 17.22 | F90: 1580 | G90: =E90*F90 -> 27207.6 | I90: 3 | J90: 3300 | K90: =J90/I90 -> 1100 | L90: 3 | M90: =F90/V90*60 -> 2985.2508 | N90: =M90/L90 -> 995.0836 | O90: =L90-I90 -> 0 | P90: =N90-K90 -> -104.9164 | Q90: =N90/K90 -> 0.90462146 | R90: =Q106 -> 0.90311424 | S90: 0.70833333 | T90: 0.73038194 | V90: 31.756126 | AA90: =M90-J90 -> -314.7492 | AB90: =M90/J90 -> 0.90462146 | AC90: =AB106 -> 0.90311424
B91: 18℃-飯糰 | C91: 二配大飯糰韓式蒜烤豬五花 | E91: 24.54 | F91: 1684 | G91: =E91*F91 -> 41325.36 | I91: 4 | J91: 3000 | K91: =J91/I91 -> 750 | L91: 4 | M91: =F91/V91*60 -> 2706.8199 | N91: =M91/L91 -> 676.70497 | O91: =L91-I91 -> 0 | P91: =N91-K91 -> -73.295025 | Q91: =N91/K91 -> 0.9022733 | S91: 0.73402778 | T91: 0.75994213 | U91: 5.25 | V91: 37.327936 | AA91: =M91-J91 -> -293.1801 | AB91: =M91/J91 -> 0.9022733
B92: 18℃-飯糰 | C92: 二配大飯糰乾燒風味鮮蝦 | E92: 23.27 | F92: 1436 | G92: =E92*F92 -> 33415.72 | I92: 5 | J92: 3000 | K92: =J92/I92 -> 600 | L92: 5 | M92: =F92/V92*60 -> 2706.8917 | N92: =M92/L92 -> 541.37835 | O92: =L92-I92 -> 0 | P92: =N92-K92 -> -58.62165 | Q92: =N92/K92 -> 0.90229725 | S92: 0.76388889 | T92: 0.7859838 | U92: 5.6833333 | V92: 31.829865 | AA92: =M92-J92 -> -293.10825 | AB92: =M92/J92 -> 0.90229725
B106: 平均 | I106: =AVERAGE(I90:I105) -> 4 | J106: =AVERAGE(J90:J105) -> 3100 | K106: =J106/I106 -> 775 | L106: =AVERAGE(L90:L105) -> 4 | M106: =AVERAGE(M90:M105) -> 2799.6542 | N106: =M106/L106 -> 699.91354 | O106: =L106-I106 -> 0 | P106: =N106-K106 -> -75.086462 | Q106: =N106/K106 -> 0.90311424 | S106: 0.70833333 | T106: 0.7859838 | AA106: =M106-J106 -> -300.34585 | AB106: =M106/J106 -> 0.90311424
A107: GKK3600型 飯糰機 (二配) | B107: 18℃-飯糰 | C107: 二配壹號醬炙烤牛飯糰 | E107: 22.28 | F107: 493 | G107: =E107*F107 -> 10984.04 | H107: 2 | I107: 5 | J107: 3300 | K107: =J107/I107 -> 660 | L107: 5 | M107: =F107/V107*60 -> 2977.6448 | N107: =M107/L107 -> 595.52895 | O107: =L107-I107 -> 0 | P107: =N107-K107 -> -64.471049 | Q107: =N107/K107 -> 0.90231659 | R107: =Q123 -> 0.89425913 | S107: 0.70833333 | T107: 0.71523148 | V107: 9.9340259 | AA107: =M107-J107 -> -322.35525 | AB107: =M107/J107 -> 0.90231659 | AC107: =AB123 -> 0.89425913
B108: 18℃-飯糰 | C108: 二配熟成紅鮭飯糰 | E108: 25.03 | F108: 599 | G108: =E108*F108 -> 14992.97 | H108: 2 | I108: 5 | J108: 3600 | K108: =J108/I108 -> 720 | L108: 5 | M108: =F108/V108*60 -> 3195.1775 | N108: =M108/L108 -> 639.0355 | O108: =L108-I108 -> 0 | P108: =N108-K108 -> -80.964502 | Q108: =N108/K108 -> 0.8875493 | S108: 0.725 | T108: 0.73280093 | U108: 15 | V108: 11.248201 | AA108: =M108-J108 -> -404.82251 | AB108: =M108/J108 -> 0.8875493
B109: 18℃-飯糰 | C109: 二配蔬食鮪魚飯糰 | E109: 18.18 | F109: 377 | G109: =E109*F109 -> 6853.86 | H109: 2 | I109: 3 | J109: 3600 | K109: =J109/I109 -> 1200 | L109: 3 | M109: =F109/V109*60 -> 3193.4361 | N109: =M109/L109 -> 1064.4787 | O109: =L109-I109 -> 0 | P109: =N109-K109 -> -135.52131 | Q109: =N109/K109 -> 0.88706557 | S109: 0.74305556 | T109: 0.74796296 | U109: 14.766667 | V109: 7.0832794 | AA109: =M109-J109 -> -406.56394 | AB109: =M109/J109 -> 0.88706557
B110: 18℃-飯糰 | C110: 二配芝麻香鬆飯糰 | E110: 18.18 | F110: 623 | G110: =E110*F110 -> 11326.14 | H110: 2 | I110: 3 | J110: 3000 | K110: =J110/I110 -> 1000 | L110: 3 | M110: =F110/V110*60 -> 2714.2607 | N110: =M110/L110 -> 904.75355 | O110: =L110-I110 -> 0 | P110: =N110-K110 -> -95.246449 | Q110: =N110/K110 -> 0.90475355 | S110: 0.75833333 | T110: 0.76789352 | U110: 14.933333 | V110: 13.771706 | AA110: =M110-J110 -> -285.73935 | AB110: =M110/J110 -> 0.90475355
B111: 18℃-飯糰 | C111: 二配經典肉鬆飯糰 | E111: 14.03 | F111: 2137 | G111: =E111*F111 -> 29982.11 | H111: 2 | I111: 3 | J111: 3000 | K111: =J111/I111 -> 1000 | L111: 3 | M111: =F111/V111*60 -> 2714.725 | N111: =M111/L111 -> 904.90835 | O111: =L111-I111 -> 0 | P111: =N111-K111 -> -95.091655 | Q111: =N111/K111 -> 0.90490835 | S111: 0.77777778 | T111: 0.81056713 | U111: 15 | V111: 47.231303 | AA111: =M111-J111 -> -285.27496 | AB111: =M111/J111 -> 0.90490835
B112: 18℃-飯糰 | C112: 二配鮪魚飯糰 | E112: 14.28 | F112: 2662 | G112: =E112*F112 -> 38013.36 | H112: 2 | I112: 3 | J112: 3600 | K112: =J112/I112 -> 1200 | L112: 3 | M112: =F112/V112*60 -> 3179.3645 | N112: =M112/L112 -> 1059.7882 | O112: =L112-I112 -> 0 | P112: =N112-K112 -> -140.21184 | Q112: =N112/K112 -> 0.8831568 | S112: 0.82083333 | T112: 0.85571759 | U112: 14.783333 | V112: 50.236455 | AA112: =M112-J112 -> -420.63552 | AB112: =M112/J112 -> 0.8831568
B113: 18℃-飯糰 | C113: 二配壹號醬炙烤牛飯糰 | E113: 22.28 | F113: 1290 | G113: =E113*F113 -> 28741.2 | I113: 5 | J113: 3300 | K113: =J113/I113 -> 660 | L113: 5 | M113: =F113/V113*60 -> 2977.6448 | N113: =M113/L113 -> 595.52895 | O113: =L113-I113 -> 0 | P113: =N113-K113 -> -64.471049 | Q113: =N113/K113 -> 0.90231659 | S113: 0.86597222 | T113: 0.8840162 | U113: 14.766667 | V113: 25.993699 | AA113: =M113-J113 -> -322.35525 | AB113: =M113/J113 -> 0.90231659
B114: 18℃-飯糰 | C114: 二配熟成紅鮭飯糰 | E114: 25.03 | F114: 1291 | G114: =E114*F114 -> 32313.73 | I114: 5 | J114: 3600 | K114: =J114/I114 -> 720 | L114: 5 | M114: =F114/V114*60 -> 3195.1775 | N114: =M114/L114 -> 639.0355 | O114: =L114-I114 -> 0 | P114: =N114-K114 -> -80.964502 | Q114: =N114/K114 -> 0.8875493 | S114: 0.89375 | T114: 0.9105787 | U114: 15 | V114: 24.242785 | AA114: =M114-J114 -> -404.82251 | AB114: =M114/J114 -> 0.8875493
B115: 18℃-飯糰 | C115: 二配蔬食鮪魚飯糰 | E115: 18.18 | F115: 815 | G115: =E115*F115 -> 14816.7 | I115: 3 | J115: 3600 | K115: =J115/I115 -> 1200 | L115: 3 | M115: =F115/V115*60 -> 3193.4361 | N115: =M115/L115 -> 1064.4787 | O115: =L115-I115 -> 0 | P115: =N115-K115 -> -135.52131 | Q115: =N115/K115 -> 0.88706557 | S115: 0.92083333 | T115: 0.93145833 | U115: 14.766667 | V115: 15.31266 | AA115: =M115-J115 -> -406.56394 | AB115: =M115/J115 -> 0.88706557
B116: 18℃-飯糰 | C116: 二配芝麻香鬆飯糰 | E116: 18.18 | F116: 1253 | G116: =E116*F116 -> 22779.54 | I116: 3 | J116: 3000 | K116: =J116/I116 -> 1000 | L116: 3 | M116: =F116/V116*60 -> 2714.2607 | N116: =M116/L116 -> 904.75355 | O116: =L116-I116 -> 0 | P116: =N116-K116 -> -95.246449 | Q116: =N116/K116 -> 0.90475355 | S116: 0.94166667 | T116: 0.9608912 | U116: 14.7 | V116: 27.69815 | AA116: =M116-J116 -> -285.73935 | AB116: =M116/J116 -> 0.90475355
B117: 18℃-飯糰 | C117: 二配經典肉鬆飯糰 | E117: 14.03 | F117: 5274 | G117: =E117*F117 -> 73994.22 | I117: 3 | J117: 3000 | K117: =J117/I117 -> 1000 | L117: 3 | M117: =F117/V117*60 -> 2714.725 | N117: =M117/L117 -> 904.90835 | O117: =L117-I117 -> 0 | P117: =N117-K117 -> -95.091655 | Q117: =N117/K117 -> 0.90490835 | S117: 0.97083333 | T117: 1.0517708 | U117: 15 | V117: 116.56429 | AA117: =M117-J117 -> -285.27496 | AB117: =M117/J117 -> 0.90490835
B118: 18℃-飯糰 | C118: 二配鮪魚飯糰 | E118: 14.28 | F118: 7274 | G118: =E118*F118 -> 103872.72 | I118: 3 | J118: 3600 | K118: =J118/I118 -> 1200 | L118: 3 | M118: =F118/V118*60 -> 3179.3645 | N118: =M118/L118 -> 1059.7882 | O118: =L118-I118 -> 0 | P118: =N118-K118 -> -140.21184 | Q118: =N118/K118 -> 0.8831568 | S118: 1.0618056 | T118: 1.1571296 | U118: 15 | V118: 137.27272 | AA118: =M118-J118 -> -420.63552 | AB118: =M118/J118 -> 0.8831568
B123: 平均 | I123: =AVERAGE(I107:I122) -> 3.6666667 | J123: =AVERAGE(J107:J122) -> 3350 | K123: =J123/I123 -> 913.63636 | L123: =AVERAGE(L107:L122) -> 3.6666667 | M123: =AVERAGE(M107:M122) -> 2995.7681 | N123: =M123/L123 -> 817.02766 | O123: =L123-I123 -> 0 | P123: =N123-K123 -> -96.608706 | Q123: =N123/K123 -> 0.89425913 | S123: 0.70833333 | T123: 1.1571296 | AA123: =M123-J123 -> -354.23192 | AB123: =M123/J123 -> 0.89425913
A124: GKK3600型 飯糰機2 (二配) | B124: 18℃-飯糰 | C124: 二配贅沢鮭魚肚飯糰 | E124: 30 | F124: 788 | G124: =E124*F124 -> 23640 | H124: 2 | I124: 4 | J124: 3600 | K124: =J124/I124 -> 900 | L124: 4 | M124: =F124/V124*60 -> 3194.64 | N124: =M124/L124 -> 798.66 | O124: =L124-I124 -> 0 | P124: =N124-K124 -> -101.34 | Q124: =N124/K124 -> 0.8874 | R124: =Q140 -> 0.88650153 | S124: 0.70833333 | T124: 0.71859954 | V124: 14.79979 | AA124: =M124-J124 -> -405.36 | AB124: =M124/J124 -> 0.8874 | AC124: =AB140 -> 0.88650153
B125: 18℃-飯糰 | C125: 二配明太子龍蝦風味沙拉飯糰 | E125: 18.18 | F125: 943 | G125: =E125*F125 -> 17143.74 | H125: 2 | I125: 3 | J125: 3600 | K125: =J125/I125 -> 1200 | L125: 3 | M125: =F125/V125*60 -> 3189.6034 | N125: =M125/L125 -> 1063.2011 | O125: =L125-I125 -> 0 | P125: =N125-K125 -> -136.79887 | Q125: =N125/K125 -> 0.88600095 | S125: 0.72847222 | T125: 0.74078704 | U125: 15 | V125: 17.738882 | AA125: =M125-J125 -> -410.3966 | AB125: =M125/J125 -> 0.88600095
B126: 18℃-飯糰 | C126: 二配三杯醬爆菇菇飯糰 | E126: 16.7 | F126: 483 | G126: =E126*F126 -> 8066.1 | H126: 2 | I126: 3 | J126: 3600 | K126: =J126/I126 -> 1200 | L126: 3 | M126: =F126/V126*60 -> 3199.4024 | N126: =M126/L126 -> 1066.4675 | O126: =L126-I126 -> 0 | P126: =N126-K126 -> -133.53255 | Q126: =N126/K126 -> 0.88872288 | S126: 0.75069444 | T126: 0.75697917 | U126: 15 | V126: 9.0579417 | AA126: =M126-J126 -> -400.59765 | AB126: =M126/J126 -> 0.88872288
B127: 18℃-飯糰 | C127: 二配北海道秋鮭親子飯糰 | E127: 24.82 | F127: 791 | G127: =E127*F127 -> 19632.62 | H127: 2 | I127: 5 | J127: 3600 | K127: =J127/I127 -> 720 | L127: 5 | M127: =F127/V127*60 -> 3189.7518 | N127: =M127/L127 -> 637.95036 | O127: =L127-I127 -> 0 | P127: =N127-K127 -> -82.049644 | Q127: =N127/K127 -> 0.88604216 | S127: 0.76736111 | T127: 0.77768519 | U127: 14.95 | V127: 14.878901 | AA127: =M127-J127 -> -410.24822 | AB127: =M127/J127 -> 0.88604216
B128: 18℃-飯糰 | C128: 二配鹽蔥燒肉飯糰 | E128: 17.89 | F128: 1386 | G128: =E128*F128 -> 24795.54 | H128: 2 | I128: 4 | J128: 3600 | K128: =J128/I128 -> 900 | L128: 4 | M128: =F128/V128*60 -> 3186.5677 | N128: =M128/L128 -> 796.64192 | O128: =L128-I128 -> 0 | P128: =N128-K128 -> -103.35808 | Q128: =N128/K128 -> 0.88515769 | S128: 0.7875 | T128: 0.80561343 | U128: 15 | V128: 26.097045 | AA128: =M128-J128 -> -413.43233 | AB128: =M128/J128 -> 0.88515769
B129: 18℃-飯糰 | C129: 二配雞肉飯飯糰 | E129: 16.66 | F129: 2272 | G129: =E129*F129 -> 37851.52 | H129: 2 | I129: 5 | J129: 3600 | K129: =J129/I129 -> 720 | L129: 5 | M129: =F129/V129*60 -> 3188.4679 | N129: =M129/L129 -> 637.69358 | O129: =L129-I129 -> 0 | P129: =N129-K129 -> -82.306421 | Q129: =N129/K129 -> 0.88568553 | S129: 0.81597222 | T129: 0.84565972 | U129: 14.916667 | V129: 42.754076 | AA129: =M129-J129 -> -411.5321 | AB129: =M129/J129 -> 0.88568553
B130: 18℃-飯糰 | C130: 二配贅沢鮭魚肚飯糰 | E130: 30 | F130: 1997 | G130: =E130*F130 -> 59910 | I130: 4 | J130: 3600 | K130: =J130/I130 -> 900 | L130: 4 | M130: =F130/V130*60 -> 3194.64 | N130: =M130/L130 -> 798.66 | O130: =L130-I130 -> 0 | P130: =N130-K130 -> -101.34 | Q130: =N130/K130 -> 0.8874 | S130: 0.85555556 | T130: 0.88159722 | U130: 15 | V130: 37.506574 | AA130: =M130-J130 -> -405.36 | AB130: =M130/J130 -> 0.8874
B131: 18℃-飯糰 | C131: 二配明太子龍蝦風味沙拉飯糰 | E131: 18.18 | F131: 2457 | G131: =E131*F131 -> 44668.26 | I131: 3 | J131: 3600 | K131: =J131/I131 -> 1200 | L131: 3 | M131: =F131/V131*60 -> 3189.6034 | N131: =M131/L131 -> 1063.2011 | O131: =L131-I131 -> 0 | P131: =N131-K131 -> -136.79887 | Q131: =N131/K131 -> 0.88600095 | S131: 0.89166667 | T131: 0.92376157 | U131: 14.5 | V131: 46.218912 | AA131: =M131-J131 -> -410.3966 | AB131: =M131/J131 -> 0.88600095
B132: 18℃-飯糰 | C132: 二配三杯醬爆菇菇飯糰 | E132: 16.7 | F132: 1026 | G132: =E132*F132 -> 17134.2 | I132: 3 | J132: 3600 | K132: =J132/I132 -> 1200 | L132: 3 | M132: =F132/V132*60 -> 3199.4024 | N132: =M132/L132 -> 1066.4675 | O132: =L132-I132 -> 0 | P132: =N132-K132 -> -133.53255 | Q132: =N132/K132 -> 0.88872288 | S132: 0.93402778 | T132: 0.94738426 | U132: 14.783333 | V132: 19.241094 | AA132: =M132-J132 -> -400.59765 | AB132: =M132/J132 -> 0.88872288
B133: 18℃-飯糰 | C133: 二配北海道秋鮭親子飯糰 | E133: 24.82 | F133: 1780 | G133: =E133*F133 -> 44179.6 | I133: 5 | J133: 3600 | K133: =J133/I133 -> 720 | L133: 5 | M133: =F133/V133*60 -> 3189.7518 | N133: =M133/L133 -> 637.95036 | O133: =L133-I133 -> 0 | P133: =N133-K133 -> -82.049644 | Q133: =N133/K133 -> 0.88604216 | S133: 0.95763889 | T133: 0.98087963 | U133: 14.766667 | V133: 33.482229 | AA133: =M133-J133 -> -410.24822 | AB133: =M133/J133 -> 0.88604216
B134: 18℃-飯糰 | C134: 二配鹽蔥燒肉飯糰 | E134: 17.89 | F134: 3683 | G134: =E134*F134 -> 65888.87 | I134: 4 | J134: 3600 | K134: =J134/I134 -> 900 | L134: 4 | M134: =F134/V134*60 -> 3186.5677 | N134: =M134/L134 -> 796.64192 | O134: =L134-I134 -> 0 | P134: =N134-K134 -> -103.35808 | Q134: =N134/K134 -> 0.88515769 | S134: 0.99097222 | T134: 1.0391204 | U134: 14.533333 | V134: 69.347343 | AA134: =M134-J134 -> -413.43233 | AB134: =M134/J134 -> 0.88515769
B135: 18℃-飯糰 | C135: 二配雞肉飯飯糰 | E135: 16.66 | F135: 5779 | G135: =E135*F135 -> 96278.14 | I135: 5 | J135: 3600 | K135: =J135/I135 -> 720 | L135: 5 | M135: =F135/V135*60 -> 3188.4679 | N135: =M135/L135 -> 637.69358 | O135: =L135-I135 -> 0 | P135: =N135-K135 -> -82.306421 | Q135: =N135/K135 -> 0.88568553 | S135: 1.0493056 | T135: 1.1248148 | U135: 14.666667 | V135: 108.74815 | AA135: =M135-J135 -> -411.5321 | AB135: =M135/J135 -> 0.88568553
B140: 平均 | I140: =AVERAGE(I124:I139) -> 4 | J140: =AVERAGE(J124:J139) -> 3600 | K140: =J140/I140 -> 900 | L140: =AVERAGE(L124:L139) -> 4 | M140: =AVERAGE(M124:M139) -> 3191.4055 | N140: =M140/L140 -> 797.85138 | O140: =L140-I140 -> 0 | P140: =N140-K140 -> -102.14862 | Q140: =N140/K140 -> 0.88650153 | S140: 0.70833333 | T140: 1.1248148 | AA140: =M140-J140 -> -408.59448 | AB140: =M140/J140 -> 0.88650153
Y142: 原因回覆
Y143: 1.當日出勤人數較多
Y144: 2.當日出勤人數較少
Y145: 3.當日出勤熟手較多
Y146: 4.當日出勤新人較多
Y147: 5.機台夾盒
Y148: 6.封膜不順
Y149: 7.更換膠膜
Y150: 8.更換碳帶
Y151: 9.當日熱轉印碳帶異常
Y152: 10.訂單量過少
Y153: 11.新品上市，尚未熟悉
Y154: 12.活動期間品項需貼標

Sheet 0528(4度C)
A1: 大溪廠日報分析 | C1: 總生產量 | D1: =SUM(F5:F140) -> 92033 | E1: 營業額 | F1: =SUM(G5:G140) -> 3956238 | G1: 出勤人數 | H1: =L21+L38+L55+L72+L89+L106+L123+L140 -> 140.52222 | I1: 產線配置圖 | L1: 生產實績 | O1: 人時性差異分析 | S1: 日報登錄 | Y1: 合計次數 | Z1: 合計(時間/分) | AA1: 產線異常 分析說明(5分鐘以上) | AC1: 合計次數 | AD1: 合計(時間/分) | AE1: 產能差異分析
A2: 46170 | C2: 人時性 | D2: =AVERAGE(N21,N38,N55,N72,N89,N106,N123,N140) -> 173.12156 | E2: 平均廠價 | F2: =F1/D1 -> 42.987168 | G2: 多次生產數 | H2: =COUNT(H5:H140) -> 2 | Y2: =SUM(Y21,Y38,Y55,Y72,Y89,Y106,Y123,Y140) -> 0 | Z2: =SUM(Z21,Z38,Z55,Z72,Z89,Z106,Z123,Z140) -> 0 | AC2: =SUM(AC21,AC38,AC55,AC72,AC89,AC106,AC123,AC140) -> 0 | AD2: =SUM(AD21,AD38,AD55,AD72,AD89,AD106,AD123,AD140) -> 0
A3: 線別 | B3: 品類 | C3: 品名 | E3: 廠價 | F3: 生產量 | G3: 營收 | H3: 多次 生產 | I3: 人數 | J3: 產能/時 | K3: 人時性 | L3: 人數 | M3: 產能/時 | N3: 人時性 | O3: 人數 | P3: 人時性 | Q3: 達成率 | R3: 達成率 平均 | S3: 生產時間 | U3: 換線、休息/分 | V3: 稼動時間/分 | W3: 休息時間 | Y3: 產線異常統計(5分鐘以上) | AA3: (屏榮回填) | AC3: 短暫停線統計(5分鐘以下) | AE3: 產能/時 | AF3: 達成率 | AG3: 達成率平均
S4: 開始 | T4: 結束 | W4: 開始 | X4: 結束 | Y4: 次數 | Z4: 時間/分 | AC4: 總次數 | AD4: 設備因素(次數)
A5: 便當二線 | B5: 4℃-飯糰 | C5: 麻油雞飯糰 | E5: 29.97 | F5: 2105 | G5: =E5*F5 -> 63086.85 | I5: 21 | J5: 2790 | K5: =J5/I5 -> 132.85714 | L5: 25 | M5: =F5/V5*60 -> 2964.9808 | N5: =M5/L5 -> 118.59923 | O5: =L5-I5 -> 4 | P5: =N5-K5 -> -14.257912 | Q5: =N5/K5 -> 0.89268238 | R5: =Q21 -> 0.90931267 | S5: 0.20833333 | T5: 0.23790509 | V5: 42.597241 | AE5: =M5-J5 -> 174.98077 | AF5: =M5/J5 -> 1.0627171 | AG5: =AF21 -> 0.948848
B6: 微波主食 | C6: 糖燻野郎三十天熟成牛飯 | E6: 56.77 | F6: 3157 | G6: =E6*F6 -> 179222.89 | I6: 24 | J6: 2000 | K6: =J6/I6 -> 83.333333 | L6: 24 | M6: =F6/V6*60 -> 1792.3623 | N6: =M6/L6 -> 74.681761 | O6: =L6-I6 -> 0 | P6: =N6-K6 -> -8.6515726 | Q6: =N6/K6 -> 0.89618113 | S6: 0.24166667 | T6: 0.3150463 | U6: 5.4166667 | V6: 105.68176 | AE6: =M6-J6 -> -207.63774 | AF6: =M6/J6 -> 0.89618113
B7: 便當 | C7: 健身G肉餐盒 | E7: 59.52 | F7: 4493 | G7: =E7*F7 -> 267423.36 | I7: 24 | J7: 2000 | K7: =J7/I7 -> 83.333333 | L7: 24 | M7: =F7/V7*60 -> 1793.0117 | N7: =M7/L7 -> 74.70882 | O7: =L7-I7 -> 0 | P7: =N7-K7 -> -8.6245136 | Q7: =N7/K7 -> 0.89650584 | S7: 0.31875 | T7: 0.42315972 | U7: 5.3333333 | V7: 150.35039 | W7: 0.42315972 | X7: 0.46180556 | AE7: =M7-J7 -> -206.98833 | AF7: =M7/J7 -> 0.89650584
B8: 便當 | C8: 嫩烤香料雞胸排蔬滿盒 | E8: 77.34 | F8: 2370 | G8: =E8*F8 -> 183295.8 | I8: 23 | J8: 2000 | K8: =J8/I8 -> 86.956522 | L8: 23 | M8: =F8/V8*60 -> 1790.0192 | N8: =M8/L8 -> 77.826923 | O8: =L8-I8 -> 0 | P8: =N8-K8 -> -9.1295987 | Q8: =N8/K8 -> 0.89500961 | S8: 0.46180556 | T8: 0.51696759 | U8: 55.65 | V8: 79.440487 | AE8: =M8-J8 -> -209.98077 | AF8: =M8/J8 -> 0.89500961
B21: 平均 | I21: =AVERAGE(I5:I20) -> 23 | J21: =AVERAGE(J5:J20) -> 2197.5 | K21: =J21/I21 -> 95.543478 | L21: =AVERAGE(L5:L20) -> 24 | M21: =AVERAGE(M5:M20) -> 2085.0935 | N21: =M21/L21 -> 86.878895 | O21: =L21-I21 -> 1 | P21: =N21-K21 -> -8.6645832 | Q21: =N21/K21 -> 0.90931267 | S21: 0.20833333 | T21: 0.51696759 | Y21: =SUM(Y5:Y20) -> 0 | Z21: =SUM(Z5:Z20) -> 0 | AC21: =SUM(AC5:AC20) -> 0 | AD21: =SUM(AD5:AD20) -> 0 | AE21: =M21-J21 -> -112.40652 | AF21: =M21/J21 -> 0.948848
A22: 涼麵一線 | B22: 4℃-壽司手卷 | C22: 海陸雙拼壽司 | E22: 36.45 | F22: 4784 | G22: =E22*F22 -> 174376.8 | I22: 20 | J22: 2100 | K22: =J22/I22 -> 105 | L22: 20 | M22: =F22/V22*60 -> 1782.0387 | N22: =M22/L22 -> 89.101937 | O22: =L22-I22 -> 0 | P22: =N22-K22 -> -15.898063 | Q22: =N22/K22 -> 0.84858987 | R22: =Q38 -> 0.88184904 | S22: 0.20833333 | T22: 0.32018519 | V22: 161.07394 | AE22: =M22-J22 -> -317.96126 | AF22: =M22/J22 -> 0.84858987 | AG22: =AF38 -> 0.88184904
B23: 便當 | C23: 香腸腿排雙拼便當 | E23: 53.76 | F23: 3003 | G23: =E23*F23 -> 161441.28 | I23: 20 | J23: 2000 | K23: =J23/I23 -> 100 | L23: 20 | M23: =F23/V23*60 -> 1784.9467 | N23: =M23/L23 -> 89.247333 | O23: =L23-I23 -> 0 | P23: =N23-K23 -> -10.752667 | Q23: =N23/K23 -> 0.89247333 | S23: 0.32430556 | T23: 0.39439815 | U23: 5.9333333 | V23: 100.94419 | AE23: =M23-J23 -> -215.05334 | AF23: =M23/J23 -> 0.89247333
B24: 便當 | C24: 懷舊滷雙拼便當 | E24: 61.09 | F24: 2731 | G24: =E24*F24 -> 166836.79 | I24: 20 | J24: 2000 | K24: =J24/I24 -> 100 | L24: 20 | M24: =F24/V24*60 -> 1789.3456 | N24: =M24/L24 -> 89.467279 | O24: =L24-I24 -> 0 | P24: =N24-K24 -> -10.532721 | Q24: =N24/K24 -> 0.89467279 | S24: 0.39791667 | T24: 0.46150463 | U24: 5.0666667 | V24: 91.575379 | W24: 0.46150463 | X24: 0.49930556 | AE24: =M24-J24 -> -210.65441 | AF24: =M24/J24 -> 0.89467279
B25: 便當 | C25: 蔬活腿排補力餐盒 | E25: 71.55 | F25: 2209 | G25: =E25*F25 -> 158053.95 | I25: 22 | J25: 2000 | K25: =J25/I25 -> 90.909091 | L25: 22 | M25: =F25/V25*60 -> 1786.6462 | N25: =M25/L25 -> 81.211191 | O25: =L25-I25 -> 0 | P25: =N25-K25 -> -9.6978995 | Q25: =N25/K25 -> 0.89332311 | S25: 0.49930556 | T25: 0.55082176 | U25: 55 | V25: 74.183685 | AE25: =M25-J25 -> -213.35379 | AF25: =M25/J25 -> 0.89332311
B38: 平均 | I38: =AVERAGE(I22:I37) -> 20.5 | J38: =AVERAGE(J22:J37) -> 2025 | K38: =J38/I38 -> 98.780488 | L38: =AVERAGE(L22:L37) -> 20.5 | M38: =AVERAGE(M22:M37) -> 1785.7443 | N38: =M38/L38 -> 87.109478 | O38: =L38-I38 -> 0 | P38: =N38-K38 -> -11.67101 | Q38: =N38/K38 -> 0.88184904 | S38: 0.20833333 | T38: 0.55082176 | Y38: =SUM(Y22:Y37) -> 0 | Z38: =SUM(Z22:Z37) -> 0 | AC38: =SUM(AC22:AC37) -> 0 | AD38: =SUM(AD22:AD37) -> 0 | AE38: =M38-J38 -> -239.2557 | AF38: =M38/J38 -> 0.88184904
A39: 涼麵二線 | B39: 微波小吃 | C39: 日式茶碗蒸 | E39: 19.7 | F39: 3675 | G39: =E39*F39 -> 72397.5 | I39: 13 | J39: 1200 | K39: =J39/I39 -> 92.307692 | L39: 13 | M39: =F39/V39*60 -> 1080.4077 | N39: =M39/L39 -> 83.108285 | O39: =L39-I39 -> 0 | P39: =N39-K39 -> -9.1994074 | Q39: =N39/K39 -> 0.90033975 | R39: =Q55 -> 0.89606421 | S39: 0.16666667 | T39: 0.3083912 | V39: 204.08962 | AE39: =M39-J39 -> -119.5923 | AF39: =M39/J39 -> 0.90033975 | AG39: =AF55 -> 0.89606421
B40: 便當 | C40: 香檸奶油魚排蔬滿盒 | E40: 77.35 | F40: 1359 | G40: =E40*F40 -> 105118.65 | I40: 26 | J40: 2000 | K40: =J40/I40 -> 76.923077 | L40: 26 | M40: =F40/V40*60 -> 1792.5662 | N40: =M40/L40 -> 68.944854 | O40: =L40-I40 -> 0 | P40: =N40-K40 -> -7.978223 | Q40: =N40/K40 -> 0.8962831 | S40: 0.3125 | T40: 0.34408565 | U40: 5.9166667 | V40: 45.48786 | AE40: =M40-J40 -> -207.4338 | AF40: =M40/J40 -> 0.8962831
B41: 便當 | C41: 美式雞丁餐盒 | E41: 59.34 | F41: 1438 | G41: =E41*F41 -> 85330.92 | I41: 24 | J41: 2000 | K41: =J41/I41 -> 83.333333 | L41: 24 | M41: =F41/V41*60 -> 1788.0082 | N41: =M41/L41 -> 74.500343 | O41: =L41-I41 -> 0 | P41: =N41-K41 -> -8.8329904 | Q41: =N41/K41 -> 0.89400412 | S41: 0.34722222 | T41: 0.38072917 | U41: 4.5166667 | V41: 48.254811 | AE41: =M41-J41 -> -211.99177 | AF41: =M41/J41 -> 0.89400412
B42: 便當 | C42: 烤蛋白餐盒 | E42: 58.67 | F42: 3541 | G42: =E42*F42 -> 207750.47 | I42: 23 | J42: 2000 | K42: =J42/I42 -> 86.956522 | L42: 23 | M42: =F42/V42*60 -> 1791.527 | N42: =M42/L42 -> 77.892478 | O42: =L42-I42 -> 0 | P42: =N42-K42 -> -9.0640432 | Q42: =N42/K42 -> 0.8957635 | S42: 0.38472222 | T42: 0.46707176 | U42: 5.75 | V42: 118.59157 | W42: 0.46707176 | X42: 0.50555556 | AE42: =M42-J42 -> -208.47299 | AF42: =M42/J42 -> 0.8957635
B43: 便當 | C43: 海陸雙拼肉肉餐盒 | E43: 59.54 | F43: 2663 | G43: =E43*F43 -> 158555.02 | I43: 23 | J43: 2000 | K43: =J43/I43 -> 86.956522 | L43: 23 | M43: =F43/V43*60 -> 1791.2816 | N43: =M43/L43 -> 77.881809 | O43: =L43-I43 -> 0 | P43: =N43-K43 -> -9.0747132 | Q43: =N43/K43 -> 0.8956408 | S43: 0.50555556 | T43: 0.56748843 | U43: 55.416667 | V43: 89.198706 | AE43: =M43-J43 -> -208.7184 | AF43: =M43/J43 -> 0.8956408
B55: 平均 | I55: =AVERAGE(I39:I54) -> 21.8 | J55: =AVERAGE(J39:J54) -> 1840 | K55: =J55/I55 -> 84.40367 | L55: =AVERAGE(L39:L54) -> 21.8 | M55: =AVERAGE(M39:M54) -> 1648.7581 | N55: =M55/L55 -> 75.631108 | O55: =L55-I55 -> 0 | P55: =N55-K55 -> -8.772562 | Q55: =N55/K55 -> 0.89606421 | S55: 0.16666667 | T55: 0.56748843 | Y55: =SUM(Y39:Y54) -> 0 | Z55: =SUM(Z39:Z54) -> 0 | AC55: =SUM(AC39:AC54) -> 0 | AD55: =SUM(AD39:AD54) -> 0 | AE55: =M55-J55 -> -191.24185 | AF55: =M55/J55 -> 0.89606421
A56: 涼麵三線 | B56: 季節調理麵 | C56: 和風涓絲冷麵 | E56: 28.86 | F56: 3275 | G56: =E56*F56 -> 94516.5 | I56: 19 | J56: 3600 | K56: =J56/I56 -> 189.47368 | L56: 19 | M56: =F56/V56*60 -> 3180.6839 | N56: =M56/L56 -> 167.40442 | O56: =L56-I56 -> 0 | P56: =N56-K56 -> -22.069268 | Q56: =N56/K56 -> 0.88352331 | R56: =Q72 -> 0.89253721 | S56: 0.16666667 | T56: 0.20956019 | V56: 61.779166 | AE56: =M56-J56 -> -419.31609 | AF56: =M56/J56 -> 0.88352331 | AG56: =AF72 -> 0.89253721
B57: 季節調理麵 | C57: 台式麻醬涼麵 | E57: 31.11 | F57: 4868 | G57: =E57*F57 -> 151443.48 | I57: 19 | J57: 3600 | K57: =J57/I57 -> 189.47368 | L57: 19 | M57: =F57/V57*60 -> 3182.3171 | N57: =M57/L57 -> 167.49037 | O57: =L57-I57 -> 0 | P57: =N57-K57 -> -21.983311 | Q57: =N57/K57 -> 0.88397697 | S57: 0.21319444 | T57: 0.2769213 | U57: 5.2333333 | V57: 91.78218 | AE57: =M57-J57 -> -417.68291 | AF57: =M57/J57 -> 0.88397697
B58: 季節調理麵 | C58: 鰹魚烏龍冷麵 | E58: 38.99 | F58: 2590 | G58: =E58*F58 -> 100984.1 | I58: 19 | J58: 3600 | K58: =J58/I58 -> 189.47368 | L58: 19 | M58: =F58/V58*60 -> 3182.2753 | N58: =M58/L58 -> 167.48817 | O58: =L58-I58 -> 0 | P58: =N58-K58 -> -21.985511 | Q58: =N58/K58 -> 0.88396536 | S58: 0.28055556 | T58: 0.31445602 | U58: 5.2333333 | V58: 48.832984 | AE58: =M58-J58 -> -417.7247 | AF58: =M58/J58 -> 0.88396536
B59: 季節調理麵 | C59: 嘉義崇文白醋涼麵 | E59: 35.89 | F59: 4780 | G59: =E59*F59 -> 171554.2 | I59: 19 | J59: 3600 | K59: =J59/I59 -> 189.47368 | L59: 19 | M59: =F59/V59*60 -> 3101.0575 | N59: =M59/L59 -> 163.21356 | O59: =L59-I59 -> 0 | P59: =N59-K59 -> -26.260129 | Q59: =N59/K59 -> 0.86140487 | S59: 0.31736111 | T59: 0.38158565 | U59: 5 | V59: 92.484578 | AE59: =M59-J59 -> -498.94245 | AF59: =M59/J59 -> 0.86140487
B60: 季節調理麵 | C60: 日式胡麻雞絲冷麵 | E60: 46.93 | F60: 3994 | G60: =E60*F60 -> 187438.42 | I60: 24 | J60: 3600 | K60: =J60/I60 -> 150 | L60: 24 | M60: =F60/V60*60 -> 3252.8643 | N60: =M60/L60 -> 135.53601 | O60: =L60-I60 -> 0 | P60: =N60-K60 -> -14.46399 | Q60: =N60/K60 -> 0.9035734 | S60: 0.38541667 | T60: 0.43657407 | U60: 5.5166667 | V60: 73.670458 | AE60: =M60-J60 -> -347.13575 | AF60: =M60/J60 -> 0.9035734
B61: 季節調理麵 | C61: 大滿足香辣涼麵 | E61: 38.48 | F61: 2125 | G61: =E61*F61 -> 81770 | H61: 2 | I61: 20 | J61: 3600 | K61: =J61/I61 -> 180 | L61: 20 | M61: =F61/V61*60 -> 3253.5314 | N61: =M61/L61 -> 162.67657 | O61: =L61-I61 -> 0 | P61: =N61-K61 -> -17.323429 | Q61: =N61/K61 -> 0.90375873 | S61: 0.44027778 | T61: 0.46748843 | U61: 5.3333333 | V61: 39.188188 | AE61: =M61-J61 -> -346.46857 | AF61: =M61/J61 -> 0.90375873
