Workbook

Sheet 0831
B1: 屏榮 大溪廠組合室生產人時性分析
B3: 日期 | C3: 115.08.31星期一 | E3: 訂單量 | F3: ='0831(18度C)'!D1+'0831(4度C)'!D1 -> 177281 | H3: 營業額 | I3: ='0831(18度C)'!F1+'0831(4度C)'!F1 -> 5898192.5
B4: 人時性 | C4: 項目 | E4: ➀ | G4: ➁ | I4: ➂ | K4: ④ | M4: ⑤ | O4: 異常停線 | Q4: 短暫停線
C5: 組合室 | E5: 全溫層 | G5: 4度C-各編組展開(一配) | I5: 4度C-各編組展開(二配) | K5: 18度C-各編組展開(一配) | M5: 18度C-各編組展開(二配) | O5: 合計次數 | P5: 時間 | Q5: 合計次數 | R5: 設備次數
C6: 排關平均 | E6: =AVERAGE(D14:O14,D32:X32) -> 496.61355 | F6: =AVERAGE(#REF!,D14:K14) -> #REF! | G6: =AVERAGE(D14:K14) -> 276.1197 | I6: =AVERAGE(L14:O14) -> 94.325718 | K6: =AVERAGE(D32:O32) -> 754.19394 | M6: =AVERAGE(P32:X32) -> 770.91785 | O6: ='0831(4度C)'!Y2 -> 0 | P6: ='0831(4度C)'!Z2 -> 0 | Q6: ='0831(4度C)'!AC2 -> 0 | R6: ='0831(4度C)'!AD2 -> 0
C7: 實績平均 | E7: =AVERAGE(D15:O15,D33:X33) -> 448.28439 | F7: =AVERAGE(#REF!,D15:K15) -> #REF! | G7: =AVERAGE(D15:K15) -> 249.43326 | I7: =AVERAGE(L15:O15) -> 87.598921 | K7: =AVERAGE(D33:O33) -> 683.89348 | M7: =AVERAGE(P33:X33) -> 691.2947
C8: 達成率平均 | E8: =AVERAGE(D16:O16,D34:X34) -> 0.90420411 | F8: =AVERAGE(D16:K16,#REF!) -> #REF! | G8: =AVERAGE(D16:K16) -> 0.9029267 | I8: =AVERAGE(L16:O16) -> 0.9267745 | K8: =AVERAGE(D34:O34) -> 0.90246043 | M8: =AVERAGE(P34:X34) -> 0.89657872
O9: ※現行日本鮮食廠以達成率80%為基本(即為現行KPI)
B11: 溫層 | D11: ➁4度C-各編組展開 | L11: ➂4度C-各編組展開
B12: 編組 | D12: 1 | E12: 2 | F12: 3 | G12: 4 | H12: 5 | I12: 6 | J12: 7 | K12: 8 | L12: 1 | M12: 2 | N12: 3 | O12: 4
D13: 便當一線 | E13: 便當二線 | F13: 涼麵一線 | G13: 涼麵二線 | H13: 涼麵三線 | I13: 自動包裝機 | J13: 自動包裝機2 | K13: 自動包裝機3 | L13: 便當一線 | M13: 便當二線 | N13: 涼麵一線 | O13: 涼麵二線
B14: 人時性 | C14: 排關 | D14: - | E14: 85.245902 | F14: 104.87603 | G14: 85.714286 | H14: 178.88199 | I14: 502 | J14: 700 | K14: - | L14: - | M14: 101.69492 | N14: 86.956522 | O14: -
C15: 實績 | D15: - | E15: 76.98086 | F15: 94.782902 | G15: 77.384913 | H15: 160.96847 | I15: 454.25368 | J15: 632.22876 | K15: - | L15: - | M15: 96.735714 | N15: 78.462128 | O15: -
C16: 達成率 | D16: - | E16: =E15/E14 -> 0.90304471 | F16: =F15/F14 -> 0.90376132 | G16: =G15/G14 -> 0.90282398 | H16: =H15/H14 -> 0.89985846 | I16: =I15/I14 -> 0.90488781 | J16: =J15/J14 -> 0.90318394 | K16: - | L16: - | M16: =M15/M14 -> 0.95123452 | N16: =N15/N14 -> 0.90231447 | O16: -
B17: 作業 時間 | C17: 開始 | D17: - | E17: 0.20833333 | F17: 0.16666667 | G17: 0.16666667 | H17: 0.20833333 | I17: 0.16666667 | J17: 0.25 | K17: - | L17: - | M17: 0.70833333 | N17: 0.70833333 | O17: -
C18: 結束 | D18: - | E18: 0.61980324 | F18: 0.54282407 | G18: 0.57949074 | H18: 0.56479167 | I18: 0.43425926 | J18: 0.30453704 | K18: - | L18: - | M18: 0.82475694 | N18: 0.86189815 | O18: -
B19: 產線異常 (5分鐘以上) | C19: 次數
C20: 時間/分
B21: 短暫停線 (5分鐘以下) | C21: 次數
C22: 設備次數
B23: 配置人數 | D23: - | E23: 20.333333 | F23: 20.333333 | G23: 23.333333 | H23: 20.125 | I23: 5.75 | J23: 6 | K23: - | L23: - | M23: 18.666667 | N23: 23 | O23: -
B24: 主要應用設備 | D24: L型封口機 | E24: ET-55 | F24: ET-55 | G24: ET-55 | H24: ET-600 | I24: 伺服包裝機 | J24: 伺服包裝機 | K24: 伺服包裝機 | L24: L型封口機 | M24: ET-55 | N24: ET-55 | O24: ET-55
B25: 次要應用設備 | D25: 伺服包裝機 | H25: 伺服包裝機
B26: 備註 | H26: 涼麵+烤飯糰 | I26: 大口飯糰線 | K26: 烤飯糰+手卷
B29: 溫層 | D29: ➃18度C-各編組展開 (一配) | P29: ⑤18度C-各編組展開 (二配)
B30: 編組 | D30: 1 | E30: 2 | F30: 3 | G30: 4 | H30: 5 | I30: 6 | J30: 7 | K30: 8 | L30: 9 | M30: 10 | N30: 11 | O30: 12 | P30: 1 | Q30: 2 | R30: 3 | S30: 4 | T30: 5 | U30: 6 | V30: 7 | W30: 8 | X30: 9
D31: 便當一線 | E31: 涼麵一線 | F31: 涼麵三線 | G31: 自動包裝機 | H31: 自動包裝機2 | I31: 自動包裝機3 | J31: 味付飯糰線B | K31: (舊) 3300型飯糰線 | L31: 3000型飯糰線 | M31: (新) 3300型飯糰機 | N31: GKK3600型 飯糰機 | O31: GKK3600型 飯糰機2 | P31: 自動包裝機 | Q31: 自動包裝機2 | R31: 自動包裝機3 | S31: 味付飯糰線B | T31: (舊) 3300型飯糰線 | U31: 3000型飯糰線 | V31: (新) 3300型飯糰機 | W31: GKK3600型 飯糰機 | X31: GKK3600型 飯糰機2
B32: 人時性 | C32: 排關 | D32: - | E32: - | F32: - | G32: 327.27273 | H32: - | I32: - | J32: - | K32: - | L32: - | M32: 825 | N32: 1005.8824 | O32: 858.62069 | P32: 423.52941 | Q32: - | R32: - | S32: - | T32: - | U32: - | V32: 741.17647 | W32: 1050 | X32: 868.96552
C33: 實績 | D33: - | E33: - | F33: - | G33: 287.45578 | H33: - | I33: - | J33: - | K33: - | L33: - | M33: 759.31811 | N33: 913.49261 | O33: 775.30744 | P33: 375.38684 | Q33: - | R33: - | S33: - | T33: - | U33: - | V33: 682.15979 | W33: 935.02965 | X33: 772.60253
C34: 達成率 | D34: - | E34: - | F34: - | G34: =G33/G32 -> 0.8783371 | H34: - | I34: - | J34: - | K34: - | L34: - | M34: =M33/M32 -> 0.92038559 | N34: =N33/N32 -> 0.90815055 | O34: =O33/O32 -> 0.9029685 | P34: =P33/P32 -> 0.88633005 | Q34: - | R34: - | S34: - | T34: - | U34: - | V34: =V33/V32 -> 0.92037432 | W34: =W33/W32 -> 0.89050443 | X34: =X33/X32 -> 0.88910609
B35: 作業 時間 | C35: 開始 | D35: - | E35: - | F35: - | G35: 0.16666667 | H35: - | I35: - | J35: - | K35: - | L35: - | M35: 0.32222222 | N35: 0.25 | O35: 0.25 | P35: 0.70833333 | Q35: - | R35: - | S35: - | T35: - | U35: - | V35: 0.70833333 | W35: 0.72638889 | X35: 0.70833333
C36: 結束 | D36: - | E36: - | F36: - | G36: 0.43425926 | H36: - | I36: - | J36: - | K36: - | L36: - | M36: 0.42141204 | N36: 0.44452546 | O36: 0.45101852 | P36: 0.72873843 | Q36: - | R36: - | S36: - | T36: - | U36: - | V36: 0.83298611 | W36: 1.1025463 | X36: 1.0927894
B37: 配置人數 | D37: - | E37: - | F37: - | G37: 11 | H37: - | I37: - | J37: - | K37: - | L37: - | M37: 4 | N37: 3.4 | O37: 4.1428571 | P37: 8.5 | Q37: - | R37: - | S37: - | T37: - | U37: - | V37: 4.25 | W37: 3.2 | X37: 4.1428571
B38: 主要應用設備 | D38: 伺服包裝機 | E38: ET-55 | F38: ET-600 | G38: 夾心型 | H38: 伺服包裝機 | I38: 伺服包裝機 | J38: 夾心型 | K38: 3300型 | L38: 3300型 | M38: 3300型 | N38: GKK | O38: GKK | P38: 夾心型 | Q38: 伺服包裝機 | R38: 伺服包裝機 | S38: 夾心型 | T38: 3300型 | U38: 3300型 | V38: 3300型 | W38: GKK | X38: GKK
B39: 次要應用設備
B40: 備註

Sheet 0831(18度C)
A1: 大溪廠日報分析 | C1: 總生產量 | D1: =SUM(F5:F140) -> 85536 | E1: 營業額 | F1: =SUM(G5:G140) -> 1720173.9 | G1: 出勤人數 | H1: =L21+L38+L55+L72+L89+L106+L123+L140 -> 42.635714 | I1: 產線配置圖 | L1: 生產實績 | O1: 人時性差異分析 | S1: 日報登錄 | Y1: 分析說明 | AA1: 產能差異分析
A2: 46265 | C2: 人時性 | D2: =AVERAGE(N21,N38,N55,N72,N89,N106,N123,N140) -> 687.59409 | E2: 平均廠價 | F2: =F1/D1 -> 20.110525 | G2: 多次生產數 | H2: =COUNT(H5:H140) -> 12
A3: 線別 | B3: 品類 | C3: 品名 | E3: 廠價 | F3: 生產量 | G3: 營收 | H3: 多次 生產 | I3: 人數 | J3: 產能/時 | K3: 人時性 | L3: 人數 | M3: 產能/時 | N3: 人時性 | O3: 人數 | P3: 人時性 | Q3: 達成率 | R3: 達成率 平均 | S3: 生產時間 | U3: 換線、休息/分 | V3: 稼動時間/分 | W3: 休息時間 | Y3: (屏榮回填) | AA3: 產能/時 | AB3: 達成率 | AC3: 達成率平均
S4: 開始 | T4: 結束 | W4: 開始 | X4: 結束
A5: 自動包裝機 | B5: 18℃-壽司手卷 | C5: 一配長野稻荷壽司 | E5: 25.64 | F5: 1280 | G5: =E5*F5 -> 32819.2 | I5: 10 | J5: 3600 | K5: =J5/I5 -> 360 | L5: 10 | M5: =F5/V5*60 -> 3217.6096 | N5: =M5/L5 -> 321.76096 | O5: =L5-I5 -> 0 | P5: =N5-K5 -> -38.239045 | Q5: =N5/K5 -> 0.89378043 | R5: =Q21 -> 0.8783371 | S5: 0.16666667 | T5: 0.18324074 | V5: 23.868651 | AA5: =M5-J5 -> -382.39045 | AB5: =M5/J5 -> 0.89378043 | AC5: =AB21 -> 0.8783371
B6: 18℃-壽司手卷 | C6: 一配經典人氣雙手卷 | E6: 29.52 | F6: 2147 | G6: =E6*F6 -> 63379.44 | I6: 11 | J6: 3600 | K6: =J6/I6 -> 327.27273 | L6: 11 | M6: =F6/V6*60 -> 3156.1309 | N6: =M6/L6 -> 286.92099 | O6: =L6-I6 -> 0 | P6: =N6-K6 -> -40.351733 | Q6: =N6/K6 -> 0.87670304 | S6: 0.18611111 | T6: 0.21444444 | U6: 5 | V6: 40.815797 | AA6: =M6-J6 -> -443.86906 | AB6: =M6/J6 -> 0.87670304
B7: 18℃-壽司手卷 | C7: 一配鮭鮪海饌雙手卷 | E7: 29.85 | F7: 2573 | G7: =E7*F7 -> 76804.05 | I7: 11 | J7: 3600 | K7: =J7/I7 -> 327.27273 | L7: 11 | M7: =F7/V7*60 -> 3156.2508 | N7: =M7/L7 -> 286.93189 | O7: =L7-I7 -> 0 | P7: =N7-K7 -> -40.340837 | Q7: =N7/K7 -> 0.87673633 | S7: 0.21736111 | T7: 0.25131944 | U7: 5 | V7: 48.912463 | AA7: =M7-J7 -> -443.74921 | AB7: =M7/J7 -> 0.87673633
B8: 18℃-壽司手卷 | C8: 一配青木瓜雞絲泰泰雙手卷 | E8: 30 | F8: 555 | G8: =E8*F8 -> 16650 | I8: 11 | J8: 3600 | K8: =J8/I8 -> 327.27273 | L8: 11 | M8: =F8/V8*60 -> 3157.8362 | N8: =M8/L8 -> 287.07601 | O8: =L8-I8 -> 0 | P8: =N8-K8 -> -40.196712 | Q8: =N8/K8 -> 0.87717671 | S8: 0.25486111 | T8: 0.26217593 | U8: 5.1 | V8: 10.545196 | AA8: =M8-J8 -> -442.16384 | AB8: =M8/J8 -> 0.87717671
B9: 18℃-飯糰 | C9: 一配兩粒飯糰(鮪魚.焦糖鮭魚) | E9: 28.57 | F9: 884 | G9: =E9*F9 -> 25255.88 | I9: 12 | J9: 3600 | K9: =J9/I9 -> 300 | L9: 12 | M9: =F9/V9*60 -> 3122.2403 | N9: =M9/L9 -> 260.18669 | O9: =L9-I9 -> 0 | P9: =N9-K9 -> -39.81331 | Q9: =N9/K9 -> 0.86728897 | S9: 0.26597222 | T9: 0.2777662 | U9: 5.4666667 | V9: 16.987802 | AA9: =M9-J9 -> -477.75972 | AB9: =M9/J9 -> 0.86728897
B21: 平均 | I21: =AVERAGE(I5:I20) -> 11 | J21: =AVERAGE(J5:J20) -> 3600 | K21: =J21/I21 -> 327.27273 | L21: =AVERAGE(L5:L20) -> 11 | M21: =AVERAGE(M5:M20) -> 3162.0135 | N21: =M21/L21 -> 287.45578 | O21: =L21-I21 -> 0 | P21: =N21-K21 -> -39.81695 | Q21: =N21/K21 -> 0.8783371 | S21: 0.16666667 | T21: 0.43425926 | AA21: =M21-J21 -> -437.98645 | AB21: =M21/J21 -> 0.8783371
A22: (新) 3300型飯糰機 | B22: 18℃-飯糰 | C22: 一配鮭魚奶油醬油飯糰 | E22: 18.53 | F22: 1739 | G22: =E22*F22 -> 32223.67 | I22: 3 | J22: 3300 | K22: =J22/I22 -> 1100 | L22: 3 | M22: =F22/V22*60 -> 3037.0052 | N22: =M22/L22 -> 1012.3351 | O22: =L22-I22 -> 0 | P22: =N22-K22 -> -87.664931 | Q22: =N22/K22 -> 0.92030461 | R22: =Q38 -> 0.92038559 | S22: 0.32222222 | T22: 0.34607639 | V22: 34.356214 | AA22: =M22-J22 -> -262.99479 | AB22: =M22/J22 -> 0.92030461 | AC22: =AB38 -> 0.92038559
B23: 18℃-飯糰 | C23: 一配鹽蔥燒肉飯糰 | E23: 17.89 | F23: 2151 | G23: =E23*F23 -> 38481.39 | I23: 4 | J23: 3300 | K23: =J23/I23 -> 825 | L23: 4 | M23: =F23/V23*60 -> 3036.6148 | N23: =M23/L23 -> 759.15371 | O23: =L23-I23 -> 0 | P23: =N23-K23 -> -65.846295 | Q23: =N23/K23 -> 0.92018631 | S23: 0.34930556 | T23: 0.37881944 | U23: 4.65 | V23: 42.501274 | AA23: =M23-J23 -> -263.38518 | AB23: =M23/J23 -> 0.92018631
B24: 18℃-飯糰 | C24: 一配醬燒炙烤牛飯糰 | E24: 22.32 | F24: 2828 | G24: =E24*F24 -> 63120.96 | I24: 5 | J24: 3300 | K24: =J24/I24 -> 660 | L24: 5 | M24: =F24/V24*60 -> 3038.1973 | N24: =M24/L24 -> 607.63945 | O24: =L24-I24 -> 0 | P24: =N24-K24 -> -52.360545 | Q24: =N24/K24 -> 0.92066584 | S24: 0.38263889 | T24: 0.42141204 | U24: 5.5 | V24: 55.848908 | AA24: =M24-J24 -> -261.80273 | AB24: =M24/J24 -> 0.92066584
B38: 平均 | I38: =AVERAGE(I22:I37) -> 4 | J38: =AVERAGE(J22:J37) -> 3300 | K38: =J38/I38 -> 825 | L38: =AVERAGE(L22:L37) -> 4 | M38: =AVERAGE(M22:M37) -> 3037.2724 | N38: =M38/L38 -> 759.31811 | O38: =L38-I38 -> 0 | P38: =N38-K38 -> -65.681892 | Q38: =N38/K38 -> 0.92038559 | S38: 0.32222222 | T38: 0.42141204 | AA38: =M38-J38 -> -262.72757 | AB38: =M38/J38 -> 0.92038559
A39: GKK3600型 飯糰機 | B39: 18℃-飯糰 | C39: 一配北海道秋鮭親子飯糰 | E39: 24.82 | F39: 794 | G39: =E39*F39 -> 19707.08 | I39: 5 | J39: 3600 | K39: =J39/I39 -> 720 | L39: 5 | M39: =F39/V39*60 -> 3244.9056 | N39: =M39/L39 -> 648.98112 | O39: =L39-I39 -> 0 | P39: =N39-K39 -> -71.018879 | Q39: =N39/K39 -> 0.90136267 | R39: =Q55 -> 0.90815055 | S39: 0.25 | T39: 0.26018519 | V39: 14.681475 | AA39: =M39-J39 -> -355.09439 | AB39: =M39/J39 -> 0.90136267 | AC39: =AB55 -> 0.90815055
B40: 18℃-飯糰 | C40: 一配蔬食鮪魚飯糰 | E40: 18.18 | F40: 853 | G40: =E40*F40 -> 15507.54 | I40: 3 | J40: 3600 | K40: =J40/I40 -> 1200 | L40: 3 | M40: =F40/V40*60 -> 3241.8832 | N40: =M40/L40 -> 1080.6277 | O40: =L40-I40 -> 0 | P40: =N40-K40 -> -119.37225 | Q40: =N40/K40 -> 0.90052312 | S40: 0.27013889 | T40: 0.28109954 | U40: 15 | V40: 15.78712 | AA40: =M40-J40 -> -358.11676 | AB40: =M40/J40 -> 0.90052312
B41: 18℃-飯糰 | C41: 一配黑胡椒洋蔥豬飯糰 | E41: 17.07 | F41: 1364 | G41: =E41*F41 -> 23283.48 | I41: 3 | J41: 3300 | K41: =J41/I41 -> 1100 | L41: 3 | M41: =F41/V41*60 -> 3041.0701 | N41: =M41/L41 -> 1013.69 | O41: =L41-I41 -> 0 | P41: =N41-K41 -> -86.309978 | Q41: =N41/K41 -> 0.92153638 | S41: 0.29097222 | T41: 0.30965278 | U41: 15 | V41: 26.91158 | AA41: =M41-J41 -> -258.92993 | AB41: =M41/J41 -> 0.92153638
B42: 18℃-飯糰 | C42: 一配經典肉鬆飯糰 | E42: 14.03 | F42: 3455 | G42: =E42*F42 -> 48473.65 | I42: 3 | J42: 3000 | K42: =J42/I42 -> 1000 | L42: 3 | M42: =F42/V42*60 -> 2762.6903 | N42: =M42/L42 -> 920.89677 | O42: =L42-I42 -> 0 | P42: =N42-K42 -> -79.103232 | Q42: =N42/K42 -> 0.92089677 | S42: 0.31944444 | T42: 0.37155093 | U42: 15 | V42: 75.035555 | AA42: =M42-J42 -> -237.3097 | AB42: =M42/J42 -> 0.92089677
B43: 18℃-飯糰 | C43: 一配鮪魚飯糰 | E43: 14.28 | F43: 4865 | G43: =E43*F43 -> 69472.2 | I43: 3 | J43: 3600 | K43: =J43/I43 -> 1200 | L43: 3 | M43: =F43/V43*60 -> 3238.8252 | N43: =M43/L43 -> 1079.6084 | O43: =L43-I43 -> 0 | P43: =N43-K43 -> -120.39159 | Q43: =N43/K43 -> 0.89967368 | S43: 0.38194444 | T43: 0.44452546 | U43: 14.966667 | V43: 90.12527 | AA43: =M43-J43 -> -361.17476 | AB43: =M43/J43 -> 0.89967368
B55: 平均 | I55: =AVERAGE(I39:I54) -> 3.4 | J55: =AVERAGE(J39:J54) -> 3420 | K55: =J55/I55 -> 1005.8824 | L55: =AVERAGE(L39:L54) -> 3.4 | M55: =AVERAGE(M39:M54) -> 3105.8749 | N55: =M55/L55 -> 913.49261 | O55: =L55-I55 -> 0 | P55: =N55-K55 -> -92.389738 | Q55: =N55/K55 -> 0.90815055 | S55: 0.25 | T55: 0.44452546 | AA55: =M55-J55 -> -314.12511 | AB55: =M55/J55 -> 0.90815055
A56: GKK3600型 飯糰機2 | B56: 18℃-飯糰 | C56: 一配熟成紅鮭飯糰 | E56: 25.03 | F56: 676 | G56: =E56*F56 -> 16920.28 | I56: 5 | J56: 3600 | K56: =J56/I56 -> 720 | L56: 5 | M56: =F56/V56*60 -> 3244.7502 | N56: =M56/L56 -> 648.95004 | O56: =L56-I56 -> 0 | P56: =N56-K56 -> -71.049955 | Q56: =N56/K56 -> 0.90131951 | R56: =Q72 -> 0.9029685 | S56: 0.25 | T56: 0.25868056 | V56: 12.500192 | AA56: =M56-J56 -> -355.24978 | AB56: =M56/J56 -> 0.90131951 | AC56: =AB72 -> 0.9029685
B57: 18℃-飯糰 | C57: 一配椒鹽檸檬鯖魚飯糰 | E57: 20.72 | F57: 946 | G57: =E57*F57 -> 19601.12 | I57: 3 | J57: 3600 | K57: =J57/I57 -> 1200 | L57: 3 | M57: =F57/V57*60 -> 3241.1561 | N57: =M57/L57 -> 1080.3854 | O57: =L57-I57 -> 0 | P57: =N57-K57 -> -119.61462 | Q57: =N57/K57 -> 0.90032115 | S57: 0.26875 | T57: 0.28090278 | U57: 14.5 | V57: 17.51227 | AA57: =M57-J57 -> -358.84386 | AB57: =M57/J57 -> 0.90032115
B58: 18℃-飯糰 | C58: 一配明太子龍蝦風味沙拉飯糰 | E58: 18.18 | F58: 1492 | G58: =E58*F58 -> 27124.56 | I58: 3 | J58: 3600 | K58: =J58/I58 -> 1200 | L58: 3 | M58: =F58/V58*60 -> 3242.1156 | N58: =M58/L58 -> 1080.7052 | O58: =L58-I58 -> 0 | P58: =N58-K58 -> -119.29479 | Q58: =N58/K58 -> 0.90058768 | S58: 0.29097222 | T58: 0.31013889 | U58: 14.5 | V58: 27.6116 | AA58: =M58-J58 -> -357.88437 | AB58: =M58/J58 -> 0.90058768
B59: 18℃-飯糰 | C59: 一配贅沢鮭魚肚飯糰 | E59: 30 | F59: 1237 | G59: =E59*F59 -> 37110 | I59: 4 | J59: 3600 | K59: =J59/I59 -> 900 | L59: 4 | M59: =F59/V59*60 -> 3240.4578 | N59: =M59/L59 -> 810.11445 | O59: =L59-I59 -> 0 | P59: =N59-K59 -> -89.885554 | Q59: =N59/K59 -> 0.90012716 | S59: 0.32013889 | T59: 0.33604167 | U59: 15 | V59: 22.904171 | AA59: =M59-J59 -> -359.54222 | AB59: =M59/J59 -> 0.90012716
B60: 18℃-飯糰 | C60: 一配筋子銀鮭飯糰 | E60: 30 | F60: 992 | G60: =E60*F60 -> 29760 | I60: 4 | J60: 3300 | K60: =J60/I60 -> 825 | L60: 4 | M60: =F60/V60*60 -> 3037.8679 | N60: =M60/L60 -> 759.46698 | O60: =L60-I60 -> 0 | P60: =N60-K60 -> -65.53302 | Q60: =N60/K60 -> 0.92056604 | S60: 0.34583333 | T60: 0.35943287 | U60: 15 | V60: 19.592689 | AA60: =M60-J60 -> -262.13208 | AB60: =M60/J60 -> 0.92056604
B61: 18℃-飯糰 | C61: 一配鹽蔥生鮭飯糰 | E61: 27.48 | F61: 1556 | G61: =E61*F61 -> 42758.88 | I61: 5 | J61: 3600 | K61: =J61/I61 -> 720 | L61: 5 | M61: =F61/V61*60 -> 3238.6513 | N61: =M61/L61 -> 647.73026 | O61: =L61-I61 -> 0 | P61: =N61-K61 -> -72.269742 | Q61: =N61/K61 -> 0.89962536 | S61: 0.36944444 | T61: 0.38945602 | U61: 15 | V61: 28.826815 | AA61: =M61-J61 -> -361.34871 | AB61: =M61/J61 -> 0.89962536
B62: 18℃-飯糰 | C62: 一配雞肉飯飯糰 | E62: 16.66 | F62: 4020 | G62: =E62*F62 -> 66973.2 | I62: 5 | J62: 3600 | K62: =J62/I62 -> 720 | L62: 5 | M62: =F62/V62*60 -> 3238.9167 | N62: =M62/L62 -> 647.78334 | O62: =L62-I62 -> 0 | P62: =N62-K62 -> -72.216656 | Q62: =N62/K62 -> 0.89969909 | S62: 0.39930556 | T62: 0.45101852 | U62: 15 | V62: 74.469343 | AA62: =M62-J62 -> -361.08328 | AB62: =M62/J62 -> 0.89969909
B72: 平均 | I72: =AVERAGE(I56:I71) -> 4.1428571 | J72: =AVERAGE(J56:J71) -> 3557.1429 | K72: =J72/I72 -> 858.62069 | L72: =AVERAGE(L56:L71) -> 4.1428571 | M72: =AVERAGE(M56:M71) -> 3211.988 | N72: =M72/L72 -> 775.30744 | O72: =L72-I72 -> 0 | P72: =N72-K72 -> -83.313251 | Q72: =N72/K72 -> 0.9029685 | S72: 0.25 | T72: 0.45101852 | AA72: =M72-J72 -> -345.1549 | AB72: =M72/J72 -> 0.9029685
A73: 自動包裝機 (二配) | B73: 18℃-飯糰 | C73: 二配兩粒飯糰(鮪魚.焦糖鮭魚) | E73: 28.57 | F73: 1041 | G73: =E73*F73 -> 29741.37 | I73: 12 | J73: 3600 | K73: =J73/I73 -> 300 | L73: 12 | M73: =F73/V73*60 -> 3122.1279 | N73: =M73/L73 -> 260.17733 | O73: =L73-I73 -> 0 | P73: =N73-K73 -> -39.822672 | Q73: =N73/K73 -> 0.86725776 | R73: =Q89 -> 0.88633005 | S73: 0.70833333 | T73: 0.72222222 | V73: 20.005586 | AA73: =M73-J73 -> -477.87207 | AB73: =M73/J73 -> 0.86725776 | AC73: =AB89 -> 0.88633005
B74: 18℃-飯糰 | C74: 二配柚香雞胸五穀飯糰 | E74: 17.71 | F74: 239 | G74: =E74*F74 -> 4232.69 | I74: 5 | J74: 3600 | K74: =J74/I74 -> 720 | L74: 5 | M74: =F74/V74*60 -> 3259.4484 | N74: =M74/L74 -> 651.88968 | O74: =L74-I74 -> 0 | P74: =N74-K74 -> -68.110317 | Q74: =N74/K74 -> 0.90540234 | S74: 0.72569444 | T74: 0.72873843 | U74: 5 | V74: 4.3995174 | AA74: =M74-J74 -> -340.55159 | AB74: =M74/J74 -> 0.90540234
B89: 平均 | I89: =AVERAGE(I73:I88) -> 8.5 | J89: =AVERAGE(J73:J88) -> 3600 | K89: =J89/I89 -> 423.52941 | L89: =AVERAGE(L73:L88) -> 8.5 | M89: =AVERAGE(M73:M88) -> 3190.7882 | N89: =M89/L89 -> 375.38684 | O89: =L89-I89 -> 0 | P89: =N89-K89 -> -48.142568 | Q89: =N89/K89 -> 0.88633005 | S89: 0.70833333 | T89: 0.72873843 | AA89: =M89-J89 -> -409.21183 | AB89: =M89/J89 -> 0.88633005
A90: (新) 3300型飯糰機 (二配) | B90: 18℃-飯糰 | C90: 二配大飯糰韓式蒜烤豬五花 | E90: 24.54 | F90: 906 | G90: =E90*F90 -> 22233.24 | I90: 4 | J90: 3000 | K90: =J90/I90 -> 750 | L90: 4 | M90: =F90/V90*60 -> 2762.0536 | N90: =M90/L90 -> 690.51339 | O90: =L90-I90 -> 0 | P90: =N90-K90 -> -59.486612 | Q90: =N90/K90 -> 0.92068452 | R90: =Q106 -> 0.92037432 | S90: 0.70833333 | T90: 0.72199074 | V90: 19.681009 | AA90: =M90-J90 -> -237.94645 | AB90: =M90/J90 -> 0.92068452 | AC90: =AB106 -> 0.92037432
B91: 18℃-飯糰 | C91: 二配大飯糰泡菜鮪魚 | E91: 24.33 | F91: 829 | G91: =E91*F91 -> 20169.57 | I91: 4 | J91: 3000 | K91: =J91/I91 -> 750 | L91: 4 | M91: =F91/V91*60 -> 2759.9951 | N91: =M91/L91 -> 689.99877 | O91: =L91-I91 -> 0 | P91: =N91-K91 -> -60.001232 | Q91: =N91/K91 -> 0.91999836 | S91: 0.72569444 | T91: 0.73820602 | U91: 5.3333333 | V91: 18.021771 | AA91: =M91-J91 -> -240.00493 | AB91: =M91/J91 -> 0.91999836
B92: 18℃-飯糰 | C92: 二配醬燒炙烤牛飯糰 | E92: 22.32 | F92: 2225 | G92: =E92*F92 -> 49662 | I92: 5 | J92: 3300 | K92: =J92/I92 -> 660 | L92: 5 | M92: =F92/V92*60 -> 3038.3732 | N92: =M92/L92 -> 607.67465 | O92: =L92-I92 -> 0 | P92: =N92-K92 -> -52.325351 | Q92: =N92/K92 -> 0.92071917 | S92: 0.74236111 | T92: 0.77287037 | U92: 5.9833333 | V92: 43.937986 | AA92: =M92-J92 -> -261.62675 | AB92: =M92/J92 -> 0.92071917
B93: 18℃-飯糰 | C93: 二配鹽蔥燒肉飯糰 | E93: 17.89 | F93: 4125 | G93: =E93*F93 -> 73796.25 | I93: 4 | J93: 3300 | K93: =J93/I93 -> 825 | L93: 4 | M93: =F93/V93*60 -> 3036.2945 | N93: =M93/L93 -> 759.07363 | O93: =L93-I93 -> 0 | P93: =N93-K93 -> -65.926366 | Q93: =N93/K93 -> 0.92008925 | S93: 0.77638889 | T93: 0.83298611 | U93: 5.0666667 | V93: 81.513831 | AA93: =M93-J93 -> -263.70546 | AB93: =M93/J93 -> 0.92008925
B106: 平均 | I106: =AVERAGE(I90:I105) -> 4.25 | J106: =AVERAGE(J90:J105) -> 3150 | K106: =J106/I106 -> 741.17647 | L106: =AVERAGE(L90:L105) -> 4.25 | M106: =AVERAGE(M90:M105) -> 2899.1791 | N106: =M106/L106 -> 682.15979 | O106: =L106-I106 -> 0 | P106: =N106-K106 -> -59.016682 | Q106: =N106/K106 -> 0.92037432 | S106: 0.70833333 | T106: 0.83298611 | AA106: =M106-J106 -> -250.8209 | AB106: =M106/J106 -> 0.92037432
A107: GKK3600型 飯糰機 (二配) | B107: 18℃-飯糰 | C107: 二配芝麻香鬆飯糰 | E107: 18.18 | F107: 653 | G107: =E107*F107 -> 11871.54 | H107: 2 | I107: 3 | J107: 3000 | K107: =J107/I107 -> 1000 | L107: 3 | M107: =F107/V107*60 -> 2762.3514 | N107: =M107/L107 -> 920.7838 | O107: =L107-I107 -> 0 | P107: =N107-K107 -> -79.216196 | Q107: =N107/K107 -> 0.9207838 | R107: =Q123 -> 0.89050443 | S107: 0.72638889 | T107: 0.73623843 | V107: 14.183568 | AA107: =M107-J107 -> -237.64859 | AB107: =M107/J107 -> 0.9207838 | AC107: =AB123 -> 0.89050443
B108: 18℃-飯糰 | C108: 二配蔬食鮪魚飯糰 | E108: 18.18 | F108: 417 | G108: =E108*F108 -> 7581.06 | H108: 2 | I108: 3 | J108: 3600 | K108: =J108/I108 -> 1200 | L108: 3 | M108: =F108/V108*60 -> 3239.4111 | N108: =M108/L108 -> 1079.8037 | O108: =L108-I108 -> 0 | P108: =N108-K108 -> -120.19629 | Q108: =N108/K108 -> 0.89983642 | S108: 0.74652778 | T108: 0.75188657 | U108: 14.816667 | V108: 7.723626 | AA108: =M108-J108 -> -360.58888 | AB108: =M108/J108 -> 0.89983642
B109: 18℃-飯糰 | C109: 二配卵黃牛挽肉飯糰 | E109: 24.76 | F109: 1610 | G109: =E109*F109 -> 39863.6 | H109: 2 | I109: 4 | J109: 3600 | K109: =J109/I109 -> 900 | L109: 4 | M109: =F109/V109*60 -> 2952 | N109: =M109/L109 -> 738 | O109: =L109-I109 -> 0 | P109: =N109-K109 -> -162 | Q109: =N109/K109 -> 0.82 | S109: 0.76180556 | T109: 0.78452546 | U109: 15 | V109: 32.723577 | AA109: =M109-J109 -> -648 | AB109: =M109/J109 -> 0.82
B110: 18℃-飯糰 | C110: 二配鮪魚飯糰 | E110: 14.28 | F110: 2970 | G110: =E110*F110 -> 42411.6 | H110: 2 | I110: 3 | J110: 3600 | K110: =J110/I110 -> 1200 | L110: 3 | M110: =F110/V110*60 -> 3239.5738 | N110: =M110/L110 -> 1079.8579 | O110: =L110-I110 -> 0 | P110: =N110-K110 -> -120.14207 | Q110: =N110/K110 -> 0.89988161 | S110: 0.79444444 | T110: 0.83263889 | U110: 15 | V110: 55.007236 | AA110: =M110-J110 -> -360.4262 | AB110: =M110/J110 -> 0.89988161
B111: 18℃-飯糰 | C111: 二配經典肉鬆飯糰 | E111: 14.03 | F111: 2372 | G111: =E111*F111 -> 33279.16 | H111: 2 | I111: 3 | J111: 3000 | K111: =J111/I111 -> 1000 | L111: 3 | M111: =F111/V111*60 -> 2760.4774 | N111: =M111/L111 -> 920.15915 | O111: =L111-I111 -> 0 | P111: =N111-K111 -> -79.840852 | Q111: =N111/K111 -> 0.92015915 | S111: 0.84305556 | T111: 0.87885417 | U111: 15 | V111: 51.556299 | AA111: =M111-J111 -> -239.52255 | AB111: =M111/J111 -> 0.92015915
B112: 18℃-飯糰 | C112: 二配芝麻香鬆飯糰 | E112: 18.18 | F112: 792 | G112: =E112*F112 -> 14398.56 | I112: 3 | J112: 3000 | K112: =J112/I112 -> 1000 | L112: 3 | M112: =F112/V112*60 -> 2762.3514 | N112: =M112/L112 -> 920.7838 | O112: =L112-I112 -> 0 | P112: =N112-K112 -> -79.216196 | Q112: =N112/K112 -> 0.9207838 | S112: 0.88888889 | T112: 0.90083333 | U112: 15 | V112: 17.202735 | AA112: =M112-J112 -> -237.64859 | AB112: =M112/J112 -> 0.9207838
B113: 18℃-飯糰 | C113: 二配蔬食鮪魚飯糰 | E113: 18.18 | F113: 493 | G113: =E113*F113 -> 8962.74 | I113: 3 | J113: 3600 | K113: =J113/I113 -> 1200 | L113: 3 | M113: =F113/V113*60 -> 3239.4111 | N113: =M113/L113 -> 1079.8037 | O113: =L113-I113 -> 0 | P113: =N113-K113 -> -120.19629 | Q113: =N113/K113 -> 0.89983642 | S113: 0.91111111 | T113: 0.91744213 | U113: 14.8 | V113: 9.1312893 | AA113: =M113-J113 -> -360.58888 | AB113: =M113/J113 -> 0.89983642
B114: 18℃-飯糰 | C114: 二配卵黃牛挽肉飯糰 | E114: 24.76 | F114: 2738 | G114: =E114*F114 -> 67792.88 | I114: 4 | J114: 3600 | K114: =J114/I114 -> 900 | L114: 4 | M114: =F114/V114*60 -> 2965.3212 | N114: =M114/L114 -> 741.3303 | O114: =L114-I114 -> 0 | P114: =N114-K114 -> -158.6697 | Q114: =N114/K114 -> 0.82370033 | S114: 0.92777778 | T114: 0.96625 | U114: 14.883333 | V114: 55.400407 | AA114: =M114-J114 -> -634.6788 | AB114: =M114/J114 -> 0.82370033
B115: 18℃-飯糰 | C115: 二配鮪魚飯糰 | E115: 14.28 | F115: 4781 | G115: =E115*F115 -> 68272.68 | I115: 3 | J115: 3600 | K115: =J115/I115 -> 1200 | L115: 3 | M115: =F115/V115*60 -> 3239.5738 | N115: =M115/L115 -> 1079.8579 | O115: =L115-I115 -> 0 | P115: =N115-K115 -> -120.14207 | Q115: =N115/K115 -> 0.89988161 | S115: 0.97638889 | T115: 1.0378704 | U115: 14.6 | V115: 88.548685 | AA115: =M115-J115 -> -360.4262 | AB115: =M115/J115 -> 0.89988161
B116: 18℃-飯糰 | C116: 二配經典肉鬆飯糰 | E116: 14.03 | F116: 3620 | G116: =E116*F116 -> 50788.6 | I116: 3 | J116: 3000 | K116: =J116/I116 -> 1000 | L116: 3 | M116: =F116/V116*60 -> 2760.4774 | N116: =M116/L116 -> 920.15915 | O116: =L116-I116 -> 0 | P116: =N116-K116 -> -79.840852 | Q116: =N116/K116 -> 0.92015915 | S116: 1.0479167 | T116: 1.1025463 | U116: 15 | V116: 78.682041 | AA116: =M116-J116 -> -239.52255 | AB116: =M116/J116 -> 0.92015915
B123: 平均 | I123: =AVERAGE(I107:I122) -> 3.2 | J123: =AVERAGE(J107:J122) -> 3360 | K123: =J123/I123 -> 1050 | L123: =AVERAGE(L107:L122) -> 3.2 | M123: =AVERAGE(M107:M122) -> 2992.0949 | N123: =M123/L123 -> 935.02965 | O123: =L123-I123 -> 0 | P123: =N123-K123 -> -114.97035 | Q123: =N123/K123 -> 0.89050443 | S123: 0.72638889 | T123: 1.1025463 | AA123: =M123-J123 -> -367.90512 | AB123: =M123/J123 -> 0.89050443
A124: GKK3600型 飯糰機2 (二配) | B124: 18℃-飯糰 | C124: 二配三杯醬爆菇菇飯糰 | E124: 16.7 | F124: 479 | G124: =E124*F124 -> 7999.3 | H124: 2 | I124: 3 | J124: 3600 | K124: =J124/I124 -> 1200 | L124: 3 | M124: =F124/V124*60 -> 3239.3957 | N124: =M124/L124 -> 1079.7986 | O124: =L124-I124 -> 0 | P124: =N124-K124 -> -120.20144 | Q124: =N124/K124 -> 0.89983214 | R124: =Q140 -> 0.88910609 | S124: 0.70833333 | T124: 0.71449074 | V124: 8.8720251 | AA124: =M124-J124 -> -360.60431 | AB124: =M124/J124 -> 0.89983214 | AC124: =AB140 -> 0.88910609
B125: 18℃-飯糰 | C125: 二配熟成紅鮭飯糰 | E125: 25.03 | F125: 526 | G125: =E125*F125 -> 13165.78 | H125: 2 | I125: 5 | J125: 3600 | K125: =J125/I125 -> 720 | L125: 5 | M125: =F125/V125*60 -> 3238.3087 | N125: =M125/L125 -> 647.66175 | O125: =L125-I125 -> 0 | P125: =N125-K125 -> -72.338251 | Q125: =N125/K125 -> 0.89953021 | S125: 0.72430556 | T125: 0.73106481 | U125: 15 | V125: 9.745828 | AA125: =M125-J125 -> -361.69126 | AB125: =M125/J125 -> 0.89953021
B126: 18℃-飯糰 | C126: 二配北海道秋鮭親子飯糰 | E126: 24.82 | F126: 722 | G126: =E126*F126 -> 17920.04 | H126: 2 | I126: 5 | J126: 3600 | K126: =J126/I126 -> 720 | L126: 5 | M126: =F126/V126*60 -> 3242.9359 | N126: =M126/L126 -> 648.58717 | O126: =L126-I126 -> 0 | P126: =N126-K126 -> -71.412826 | Q126: =N126/K126 -> 0.90081552 | S126: 0.74097222 | T126: 0.75024306 | U126: 15 | V126: 13.358266 | AA126: =M126-J126 -> -357.06413 | AB126: =M126/J126 -> 0.90081552
B127: 18℃-飯糰 | C127: 二配生鱈魚子鮭魚飯糰 | E127: 23.8 | F127: 1605 | G127: =E127*F127 -> 38199 | H127: 2 | I127: 4 | J127: 3600 | K127: =J127/I127 -> 900 | L127: 4 | M127: =F127/V127*60 -> 2956 | N127: =M127/L127 -> 739 | O127: =L127-I127 -> 0 | P127: =N127-K127 -> -161 | Q127: =N127/K127 -> 0.82111111 | S127: 0.76041667 | T127: 0.78303241 | U127: 14.65 | V127: 32.577808 | AA127: =M127-J127 -> -644 | AB127: =M127/J127 -> 0.82111111
B128: 18℃-飯糰 | C128: 二配贅沢鮭魚肚飯糰 | E128: 30 | F128: 925 | G128: =E128*F128 -> 27750 | H128: 2 | I128: 4 | J128: 3600 | K128: =J128/I128 -> 900 | L128: 4 | M128: =F128/V128*60 -> 3244.1827 | N128: =M128/L128 -> 811.04568 | O128: =L128-I128 -> 0 | P128: =N128-K128 -> -88.954324 | Q128: =N128/K128 -> 0.90116186 | S128: 0.79305556 | T128: 0.80493056 | U128: 15 | V128: 17.107545 | AA128: =M128-J128 -> -355.8173 | AB128: =M128/J128 -> 0.90116186
B129: 18℃-飯糰 | C129: 二配明太子龍蝦風味沙拉飯糰 | E129: 18.18 | F129: 1068 | G129: =E129*F129 -> 19416.24 | H129: 2 | I129: 3 | J129: 3600 | K129: =J129/I129 -> 1200 | L129: 3 | M129: =F129/V129*60 -> 3243.4434 | N129: =M129/L129 -> 1081.1478 | O129: =L129-I129 -> 0 | P129: =N129-K129 -> -118.8522 | Q129: =N129/K129 -> 0.9009565 | S129: 0.81527778 | T129: 0.82899306 | U129: 14.9 | V129: 19.756781 | AA129: =M129-J129 -> -356.55659 | AB129: =M129/J129 -> 0.9009565
B130: 18℃-飯糰 | C130: 二配雞肉飯飯糰 | E130: 16.66 | F130: 2461 | G130: =E130*F130 -> 41000.26 | H130: 2 | I130: 5 | J130: 3600 | K130: =J130/I130 -> 720 | L130: 5 | M130: =F130/V130*60 -> 3237.2279 | N130: =M130/L130 -> 647.44557 | O130: =L130-I130 -> 0 | P130: =N130-K130 -> -72.554426 | Q130: =N130/K130 -> 0.89922996 | S130: 0.83888889 | T130: 0.87055556 | U130: 15 | V130: 45.6131 | AA130: =M130-J130 -> -362.77213 | AB130: =M130/J130 -> 0.89922996
B131: 18℃-飯糰 | C131: 二配三杯醬爆菇菇飯糰 | E131: 16.7 | F131: 552 | G131: =E131*F131 -> 9218.4 | I131: 3 | J131: 3600 | K131: =J131/I131 -> 1200 | L131: 3 | M131: =F131/V131*60 -> 3239.3957 | N131: =M131/L131 -> 1079.7986 | O131: =L131-I131 -> 0 | P131: =N131-K131 -> -120.20144 | Q131: =N131/K131 -> 0.89983214 | S131: 0.88055556 | T131: 0.88765046 | U131: 15 | V131: 10.224129 | AA131: =M131-J131 -> -360.60431 | AB131: =M131/J131 -> 0.89983214
B132: 18℃-飯糰 | C132: 二配熟成紅鮭飯糰 | E132: 25.03 | F132: 587 | G132: =E132*F132 -> 14692.61 | I132: 5 | J132: 3600 | K132: =J132/I132 -> 720 | L132: 5 | M132: =F132/V132*60 -> 3238.3087 | N132: =M132/L132 -> 647.66175 | O132: =L132-I132 -> 0 | P132: =N132-K132 -> -72.338251 | Q132: =N132/K132 -> 0.89953021 | S132: 0.89791667 | T132: 0.90546296 | U132: 14.783333 | V132: 10.876048 | AA132: =M132-J132 -> -361.69126 | AB132: =M132/J132 -> 0.89953021
B133: 18℃-飯糰 | C133: 二配北海道秋鮭親子飯糰 | E133: 24.82 | F133: 940 | G133: =E133*F133 -> 23330.8 | I133: 5 | J133: 3600 | K133: =J133/I133 -> 720 | L133: 5 | M133: =F133/V133*60 -> 3239.948 | N133: =M133/L133 -> 647.98959 | O133: =L133-I133 -> 0 | P133: =N133-K133 -> -72.010409 | Q133: =N133/K133 -> 0.89998554 | S133: 0.91527778 | T133: 0.92736111 | U133: 15 | V133: 17.407687 | AA133: =M133-J133 -> -360.05205 | AB133: =M133/J133 -> 0.89998554
B134: 18℃-飯糰 | C134: 二配生鱈魚子鮭魚飯糰 | E134: 23.8 | F134: 2733 | G134: =E134*F134 -> 65045.4 | I134: 4 | J134: 3600 | K134: =J134/I134 -> 900 | L134: 4 | M134: =F134/V134*60 -> 2965.0866 | N134: =M134/L134 -> 741.27164 | O134: =L134-I134 -> 0 | P134: =N134-K134 -> -158.72836 | Q134: =N134/K134 -> 0.82363516 | S134: 0.9375 | T134: 0.97590278 | U134: 14.6 | V134: 55.303613 | AA134: =M134-J134 -> -634.91343 | AB134: =M134/J134 -> 0.82363516
B135: 18℃-飯糰 | C135: 二配贅沢鮭魚肚飯糰 | E135: 30 | F135: 1311 | G135: =E135*F135 -> 39330 | I135: 4 | J135: 3600 | K135: =J135/I135 -> 900 | L135: 4 | M135: =F135/V135*60 -> 3244.1827 | N135: =M135/L135 -> 811.04568 | O135: =L135-I135 -> 0 | P135: =N135-K135 -> -88.954324 | Q135: =N135/K135 -> 0.90116186 | S135: 0.98611111 | T135: 1.0029398 | U135: 14.7 | V135: 24.246477 | AA135: =M135-J135 -> -355.8173 | AB135: =M135/J135 -> 0.90116186
B136: 18℃-飯糰 | C136: 二配明太子龍蝦風味沙拉飯糰 | E136: 18.18 | F136: 1650 | G136: =E136*F136 -> 29997 | I136: 3 | J136: 3600 | K136: =J136/I136 -> 1200 | L136: 3 | M136: =F136/V136*60 -> 3243.4434 | N136: =M136/L136 -> 1081.1478 | O136: =L136-I136 -> 0 | P136: =N136-K136 -> -118.8522 | Q136: =N136/K136 -> 0.9009565 | S136: 1.0131944 | T136: 1.0343866 | U136: 14.766667 | V136: 30.523116 | AA136: =M136-J136 -> -356.55659 | AB136: =M136/J136 -> 0.9009565
B137: 18℃-飯糰 | C137: 二配雞肉飯飯糰 | E137: 16.66 | F137: 3759 | G137: =E137*F137 -> 62624.94 | I137: 5 | J137: 3600 | K137: =J137/I137 -> 720 | L137: 5 | M137: =F137/V137*60 -> 3239.0875 | N137: =M137/L137 -> 647.81751 | O137: =L137-I137 -> 0 | P137: =N137-K137 -> -72.182495 | Q137: =N137/K137 -> 0.89974654 | S137: 1.0444444 | T137: 1.0927894 | U137: 15 | V137: 69.630721 | AA137: =M137-J137 -> -360.91247 | AB137: =M137/J137 -> 0.89974654
B140: 平均 | I140: =AVERAGE(I124:I139) -> 4.1428571 | J140: =AVERAGE(J124:J139) -> 3600 | K140: =J140/I140 -> 868.96552 | L140: =AVERAGE(L124:L139) -> 4.1428571 | M140: =AVERAGE(M124:M139) -> 3200.7819 | N140: =M140/L140 -> 772.60253 | O140: =L140-I140 -> 0 | P140: =N140-K140 -> -96.362985 | Q140: =N140/K140 -> 0.88910609 | S140: 0.70833333 | T140: 1.0927894 | AA140: =M140-J140 -> -399.21808 | AB140: =M140/J140 -> 0.88910609
Y142: 原因回覆
Y143: 1.當日出勤人數較多
Y144: 2.當日出勤人數較少
Y145: 3.當日出勤熟手較多
Y146: 4.當日出勤新人較多
Y147: 5.機台夾盒
Y148: 6.封膜不順
Y149: 7.更換膠膜
Y150: 8.更換碳帶
Y151: 9.當日熱轉印碳帶異常
Y152: 10.訂單量過少
Y153: 11.新品上市，尚未熟悉
Y154: 12.活動期間品項需貼標

Sheet 0831(4度C)
A1: 大溪廠日報分析 | C1: 總生產量 | D1: =SUM(F5:F140) -> 91745 | E1: 營業額 | F1: =SUM(G5:G140) -> 4178018.6 | G1: 出勤人數 | H1: =L21+L38+L55+L72+L89+L106+L123+L140 -> 137.54167 | I1: 產線配置圖 | L1: 生產實績 | O1: 人時性差異分析 | S1: 日報登錄 | Y1: 合計次數 | Z1: 合計(時間/分) | AA1: 產線異常 分析說明(5分鐘以上) | AC1: 合計次數 | AD1: 合計(時間/分) | AE1: 產能差異分析
A2: 46265 | C2: 人時性 | D2: =AVERAGE(N21,N38,N55,N72,N89,N106,N123,N140) -> 208.97468 | E2: 平均廠價 | F2: =F1/D1 -> 45.539469 | G2: 多次生產數 | H2: =COUNT(H5:H140) -> 0 | Y2: =SUM(Y21,Y38,Y55,Y72,Y89,Y106,Y123,Y140) -> 0 | Z2: =SUM(Z21,Z38,Z55,Z72,Z89,Z106,Z123,Z140) -> 0 | AC2: =SUM(AC21,AC38,AC55,AC72,AC89,AC106,AC123,AC140) -> 0 | AD2: =SUM(AD21,AD38,AD55,AD72,AD89,AD106,AD123,AD140) -> 0
A3: 線別 | B3: 品類 | C3: 品名 | E3: 廠價 | F3: 生產量 | G3: 營收 | H3: 多次 生產 | I3: 人數 | J3: 產能/時 | K3: 人時性 | L3: 人數 | M3: 產能/時 | N3: 人時性 | O3: 人數 | P3: 人時性 | Q3: 達成率 | R3: 達成率 平均 | S3: 生產時間 | U3: 換線、休息/分 | V3: 稼動時間/分 | W3: 休息時間 | Y3: 產線異常統計(5分鐘以上) | AA3: (屏榮回填) | AC3: 短暫停線統計(5分鐘以下) | AE3: 產能/時 | AF3: 達成率 | AG3: 達成率平均
S4: 開始 | T4: 結束 | W4: 開始 | X4: 結束 | Y4: 次數 | Z4: 時間/分 | AC4: 總次數 | AD4: 設備因素(次數)
A5: 便當二線 | B5: 微波小吃 | C5: 日式茶碗蒸 | E5: 19.7 | F5: 3576 | G5: =E5*F5 -> 70447.2 | I5: 13 | J5: 1200 | K5: =J5/I5 -> 92.307692 | L5: 13 | M5: =F5/V5*60 -> 1084.1673 | N5: =M5/L5 -> 83.397484 | O5: =L5-I5 -> 0 | P5: =N5-K5 -> -8.9102086 | Q5: =N5/K5 -> 0.90347274 | R5: =Q21 -> 0.90304471 | S5: 0.20833333 | T5: 0.34576389 | V5: 197.90304 | AE5: =M5-J5 -> -115.83271 | AF5: =M5/J5 -> 0.90347274 | AG5: =AF21 -> 0.90304471
B6: 微波主食 | C6: 糖燻野郎三十天熟成牛飯 | E6: 56.43 | F6: 5065 | G6: =E6*F6 -> 285817.95 | I6: 24 | J6: 2000 | K6: =J6/I6 -> 83.333333 | L6: 24 | M6: =F6/V6*60 -> 1806.9548 | N6: =M6/L6 -> 75.289784 | O6: =L6-I6 -> 0 | P6: =N6-K6 -> -8.0435491 | Q6: =N6/K6 -> 0.90347741 | S6: 0.34930556 | T6: 0.46609954 | U6: 5.1 | V6: 168.18351 | W6: 0.46609954 | X6: 0.50416667 | AE6: =M6-J6 -> -193.04518 | AF6: =M6/J6 -> 0.90347741
B7: 便當 | C7: 健身G肉餐盒 | E7: 59.52 | F7: 5009 | G7: =E7*F7 -> 298135.68 | I7: 24 | J7: 2000 | K7: =J7/I7 -> 83.333333 | L7: 24 | M7: =F7/V7*60 -> 1804.7104 | N7: =M7/L7 -> 75.196265 | O7: =L7-I7 -> 0 | P7: =N7-K7 -> -8.1370679 | Q7: =N7/K7 -> 0.90235519 | S7: 0.50416667 | T7: 0.61980324 | U7: 54.816667 | V7: 166.53088 | AE7: =M7-J7 -> -195.28963 | AF7: =M7/J7 -> 0.90235519
B21: 平均 | I21: =AVERAGE(I5:I20) -> 20.333333 | J21: =AVERAGE(J5:J20) -> 1733.3333 | K21: =J21/I21 -> 85.245902 | L21: =AVERAGE(L5:L20) -> 20.333333 | M21: =AVERAGE(M5:M20) -> 1565.2775 | N21: =M21/L21 -> 76.98086 | O21: =L21-I21 -> 0 | P21: =N21-K21 -> -8.2650413 | Q21: =N21/K21 -> 0.90304471 | S21: 0.20833333 | T21: 0.61980324 | Y21: =SUM(Y5:Y20) -> 0 | Z21: =SUM(Z5:Z20) -> 0 | AC21: =SUM(AC5:AC20) -> 0 | AD21: =SUM(AD5:AD20) -> 0 | AE21: =M21-J21 -> -168.05584 | AF21: =M21/J21 -> 0.90304471
A22: 涼麵一線 | B22: 4℃-壽司手卷 | C22: 海陸雙拼壽司 | E22: 36.45 | F22: 2384 | G22: =E22*F22 -> 86896.8 | I22: 20 | J22: 2100 | K22: =J22/I22 -> 105 | L22: 20 | M22: =F22/V22*60 -> 1896.6383 | N22: =M22/L22 -> 94.831917 | O22: =L22-I22 -> 0 | P22: =N22-K22 -> -10.168083 | Q22: =N22/K22 -> 0.90316112 | R22: =Q38 -> 0.90376132 | S22: 0.16666667 | T22: 0.21903935 | V22: 75.417646 | AE22: =M22-J22 -> -203.36166 | AF22: =M22/J22 -> 0.90316112 | AG22: =AF38 -> 0.91123042
B23: 微波小吃 | C23: 越式牛肉寬粉 | E23: 51.44 | F23: 1380 | G23: =E23*F23 -> 70987.2 | I23: 19 | J23: 2000 | K23: =J23/I23 -> 105.26316 | L23: 19 | M23: =F23/V23*60 -> 1802.5709 | N23: =M23/L23 -> 94.872153 | O23: =L23-I23 -> 0 | P23: =N23-K23 -> -10.391004 | Q23: =N23/K23 -> 0.90128546 | S23: 0.22222222 | T23: 0.25412037 | U23: 4.5833333 | V23: 45.934393 | AE23: =M23-J23 -> -197.42908 | AF23: =M23/J23 -> 0.90128546
B24: 微波主食 | C24: 日式鮭魚茶泡烤飯 | E24: 43.28 | F24: 1782 | G24: =E24*F24 -> 77124.96 | I24: 21 | J24: 1800 | K24: =J24/I24 -> 85.714286 | L24: 21 | M24: =F24/V24*60 -> 1626.4049 | N24: =M24/L24 -> 77.447854 | O24: =L24-I24 -> 0 | P24: =N24-K24 -> -8.2664322 | Q24: =N24/K24 -> 0.90355829 | S24: 0.25694444 | T24: 0.30259259 | U24: 5 | V24: 65.740086 | AE24: =M24-J24 -> -173.59508 | AF24: =M24/J24 -> 0.90355829
B25: 便當 | C25: 懷舊滷雙拼便當 | E25: 61.09 | F25: 3442 | G25: =E25*F25 -> 210271.78 | I25: 20 | J25: 2000 | K25: =J25/I25 -> 100 | L25: 20 | M25: =F25/V25*60 -> 1806.0208 | N25: =M25/L25 -> 90.301041 | O25: =L25-I25 -> 0 | P25: =N25-K25 -> -9.6989585 | Q25: =N25/K25 -> 0.90301041 | S25: 0.30625 | T25: 0.38565972 | U25: 5.2666667 | V25: 114.35084 | AE25: =M25-J25 -> -193.97917 | AF25: =M25/J25 -> 0.90301041
B26: 便當 | C26: 香腸腿排雙拼便當 | E26: 53.76 | F26: 3411 | G26: =E26*F26 -> 183375.36 | I26: 20 | J26: 2000 | K26: =J26/I26 -> 100 | L26: 20 | M26: =F26/V26*60 -> 1805.2444 | N26: =M26/L26 -> 90.262219 | O26: =L26-I26 -> 0 | P26: =N26-K26 -> -9.7377806 | Q26: =N26/K26 -> 0.90262219 | S26: 0.38888889 | T26: 0.46761574 | U26: 4.65 | V26: 113.36969 | W26: 0.46761574 | X26: 0.50694444 | AE26: =M26-J26 -> -194.75561 | AF26: =M26/J26 -> 0.90262219
B27: 4℃-飯糰 | C27: 麻油雞飯糰 | E27: 29.97 | F27: 2262 | G27: =E27*F27 -> 67792.14 | I27: 21 | J27: 2790 | K27: =J27/I27 -> 132.85714 | L27: 22 | M27: =F27/V27*60 -> 2626.6346 | N27: =M27/L27 -> 119.39248 | O27: =L27-I27 -> 1 | P27: =N27-K27 -> -13.46466 | Q27: =N27/K27 -> 0.89865309 | S27: 0.50694444 | T27: 0.54282407 | U27: 56.633333 | V27: 51.670681 | AE27: =M27-J27 -> -163.36538 | AF27: =M27/J27 -> 0.9414461
B38: 平均 | I38: =AVERAGE(I22:I37) -> 20.166667 | J38: =AVERAGE(J22:J37) -> 2115 | K38: =J38/I38 -> 104.87603 | L38: =AVERAGE(L22:L37) -> 20.333333 | M38: =AVERAGE(M22:M37) -> 1927.2523 | N38: =M38/L38 -> 94.782902 | O38: =L38-I38 -> 0.16666667 | P38: =N38-K38 -> -10.093131 | Q38: =N38/K38 -> 0.90376132 | S38: 0.16666667 | T38: 0.54282407 | Y38: =SUM(Y22:Y37) -> 0 | Z38: =SUM(Z22:Z37) -> 0 | AC38: =SUM(AC22:AC37) -> 0 | AD38: =SUM(AD22:AD37) -> 0 | AE38: =M38-J38 -> -187.74766 | AF38: =M38/J38 -> 0.91123042
A39: 涼麵二線 | B39: 便當 | C39: 蔬活腿排補力餐盒 | E39: 71.55 | F39: 2779 | G39: =E39*F39 -> 198837.45 | I39: 22 | J39: 2000 | K39: =J39/I39 -> 90.909091 | L39: 22 | M39: =F39/V39*60 -> 1804.2186 | N39: =M39/L39 -> 82.009936 | O39: =L39-I39 -> 0 | P39: =N39-K39 -> -8.8991549 | Q39: =N39/K39 -> 0.9021093 | R39: =Q55 -> 0.90282398 | S39: 0.16666667 | T39: 0.23084491 | V39: 92.41674 | AE39: =M39-J39 -> -195.78141 | AF39: =M39/J39 -> 0.9021093 | AG39: =AF55 -> 0.90282398
B40: 便當 | C40: 海陸雙拼肉肉餐盒 | E40: 59.54 | F40: 2955 | G40: =E40*F40 -> 175940.7 | I40: 23 | J40: 2000 | K40: =J40/I40 -> 86.956522 | L40: 23 | M40: =F40/V40*60 -> 1807.6145 | N40: =M40/L40 -> 78.591933 | O40: =L40-I40 -> 0 | P40: =N40-K40 -> -8.3645889 | Q40: =N40/K40 -> 0.90380723 | S40: 0.23472222 | T40: 0.30283565 | U40: 5.5833333 | V40: 98.085075 | AE40: =M40-J40 -> -192.38555 | AF40: =M40/J40 -> 0.90380723
B41: 便當 | C41: 地中海布格麥烤魚餐盒 | E41: 63.92 | F41: 1819 | G41: =E41*F41 -> 116270.48 | I41: 24 | J41: 2000 | K41: =J41/I41 -> 83.333333 | L41: 24 | M41: =F41/V41*60 -> 1809.1666 | N41: =M41/L41 -> 75.381941 | O41: =L41-I41 -> 0 | P41: =N41-K41 -> -7.9513927 | Q41: =N41/K41 -> 0.90458329 | S41: 0.30625 | T41: 0.34813657 | U41: 4.9166667 | V41: 60.32612 | AE41: =M41-J41 -> -190.83343 | AF41: =M41/J41 -> 0.90458329
B42: 便當 | C42: 香烤鱈魚輕蔬餐盒 | E42: 69.26 | F42: 1793 | G42: =E42*F42 -> 124183.18 | I42: 24 | J42: 2000 | K42: =J42/I42 -> 83.333333 | L42: 24 | M42: =F42/V42*60 -> 1801.3884 | N42: =M42/L42 -> 75.057848 | O42: =L42-I42 -> 0 | P42: =N42-K42 -> -8.2754852 | Q42: =N42/K42 -> 0.90069418 | S42: 0.35208333 | T42: 0.39355324 | U42: 5.6833333 | V42: 59.720604 | AE42: =M42-J42 -> -198.61165 | AF42: =M42/J42 -> 0.90069418
B43: 便當 | C43: 益活雞胸補力餐盒 | E43: 69.16 | F43: 2481 | G43: =E43*F43 -> 171585.96 | I43: 24 | J43: 2000 | K43: =J43/I43 -> 83.333333 | L43: 24 | M43: =F43/V43*60 -> 1806.3504 | N43: =M43/L43 -> 75.2646 | O43: =L43-I43 -> 0 | P43: =N43-K43 -> -8.0687334 | Q43: =N43/K43 -> 0.9031752 | S43: 0.39652778 | T43: 0.45375 | U43: 5 | V43: 82.40926 | W43: 0.45375 | X43: 0.49236111 | AE43: =M43-J43 -> -193.6496 | AF43: =M43/J43 -> 0.9031752
B44: 便當 | C44: 烤蛋白餐盒 | E44: 58.67 | F44: 3775 | G44: =E44*F44 -> 221479.25 | I44: 23 | J44: 2000 | K44: =J44/I44 -> 86.956522 | L44: 23 | M44: =F44/V44*60 -> 1805.1494 | N44: =M44/L44 -> 78.484756 | O44: =L44-I44 -> 0 | P44: =N44-K44 -> -8.471766 | Q44: =N44/K44 -> 0.90257469 | S44: 0.49236111 | T44: 0.57949074 | U44: 55.6 | V44: 125.47438 | AE44: =M44-J44 -> -194.85062 | AF44: =M44/J44 -> 0.90257469
B55: 平均 | I55: =AVERAGE(I39:I54) -> 23.333333 | J55: =AVERAGE(J39:J54) -> 2000 | K55: =J55/I55 -> 85.714286 | L55: =AVERAGE(L39:L54) -> 23.333333 | M55: =AVERAGE(M39:M54) -> 1805.648 | N55: =M55/L55 -> 77.384913 | O55: =L55-I55 -> 0 | P55: =N55-K55 -> -8.3293732 | Q55: =N55/K55 -> 0.90282398 | S55: 0.16666667 | T55: 0.57949074 | Y55: =SUM(Y39:Y54) -> 0 | Z55: =SUM(Z39:Z54) -> 0 | AC55: =SUM(AC39:AC54) -> 0 | AD55: =SUM(AD39:AD54) -> 0 | AE55: =M55-J55 -> -194.35204 | AF55: =M55/J55 -> 0.90282398
A56: 涼麵三線 | B56: 季節調理麵 | C56: 和風涓絲冷麵 | E56: 28.86 | F56: 1974 | G56: =E56*F56 -> 56969.64 | I56: 18 | J56: 3600 | K56: =J56/I56 -> 200 | L56: 18 | M56: =F56/V56*60 -> 3193.9229 | N56: =M56/L56 -> 177.44016 | O56: =L56-I56 -> 0 | P56: =N56-K56 -> -22.559838 | Q56: =N56/K56 -> 0.88720081 | R56: =Q72 -> 0.89985846 | S56: 0.20833333 | T56: 0.23407407 | V56: 37.082924 | AE56: =M56-J56 -> -406.07709 | AF56: =M56/J56 -> 0.88720081 | AG56: =AF72 -> 0.89985846
B57: 季節調理麵 | C57: 嘉義崇文白醋涼麵 | E57: 35.89 | F57: 2058 | G57: =E57*F57 -> 73861.62 | I57: 18 | J57: 3600 | K57: =J57/I57 -> 200 | L57: 18 | M57: =F57/V57*60 -> 3191.8691 | N57: =M57/L57 -> 177.32606 | O57: =L57-I57 -> 0 | P57: =N57-K57 -> -22.673941 | Q57: =N57/K57 -> 0.8866303 | S57: 0.2375 | T57: 0.26436343 | U57: 4.9333333 | V57: 38.685797 | AE57: =M57-J57 -> -408.13094 | AF57: =M57/J57 -> 0.8866303
B58: 季節調理麵 | C58: 韓式泡菜冷麵 | E58: 36.73 | F58: 1660 | G58: =E58*F58 -> 60971.8 | I58: 21 | J58: 3600 | K58: =J58/I58 -> 171.42857 | L58: 21 | M58: =F58/V58*60 -> 3194.3857 | N58: =M58/L58 -> 152.11361 | O58: =L58-I58 -> 0 | P58: =N58-K58 -> -19.314966 | Q58: =N58/K58 -> 0.88732936 | S58: 0.26805556 | T58: 0.28969907 | U58: 5.3166667 | V58: 31.179704 | AE58: =M58-J58 -> -405.61429 | AF58: =M58/J58 -> 0.88732936
B59: 季節調理麵 | C59: 招牌雞絲胡麻涼麵 | E59: 43.96 | F59: 2391 | G59: =E59*F59 -> 105108.36 | I59: 23 | J59: 3600 | K59: =J59/I59 -> 156.52174 | L59: 23 | M59: =F59/V59*60 -> 3270.597 | N59: =M59/L59 -> 142.19987 | O59: =L59-I59 -> 0 | P59: =N59-K59 -> -14.321869 | Q59: =N59/K59 -> 0.90849917 | S59: 0.29375 | T59: 0.32420139 | U59: 5.8333333 | V59: 43.863551 | AE59: =M59-J59 -> -329.403 | AF59: =M59/J59 -> 0.90849917
B60: 季節調理麵 | C60: 日式胡麻雞絲冷麵 | E60: 46.93 | F60: 1812 | G60: =E60*F60 -> 85037.16 | I60: 23 | J60: 3600 | K60: =J60/I60 -> 156.52174 | L60: 23 | M60: =F60/V60*60 -> 3262.2108 | N60: =M60/L60 -> 141.83525 | O60: =L60-I60 -> 0 | P60: =N60-K60 -> -14.686487 | Q60: =N60/K60 -> 0.90616967 | S60: 0.32708333 | T60: 0.35021991 | U60: 5 | V60: 33.327092 | AE60: =M60-J60 -> -337.78919 | AF60: =M60/J60 -> 0.90616967
B61: 季節調理麵 | C61: 日式蕎麥沾麵 | E61: 36.73 | F61: 3168 | G61: =E61*F61 -> 116360.64 | I61: 19 | J61: 3600 | K61: =J61/I61 -> 189.47368 | L61: 19 | M61: =F61/V61*60 -> 3264.9782 | N61: =M61/L61 -> 171.84096 | O61: =L61-I61 -> 0 | P61: =N61-K61 -> -17.632727 | Q61: =N61/K61 -> 0.90693839 | S61: 0.35416667 | T61: 0.39459491 | U61: 5.6833333 | V61: 58.217847 | AE61: =M61-J61 -> -335.02181 | AF61: =M61/J61 -> 0.90693839
B62: 季節調理麵 | C62: 大滿足香辣涼麵 | E62: 38.48 | F62: 4513 | G62: =E62*F62 -> 173660.24 | I62: 19 | J62: 3600 | K62: =J62/I62 -> 189.47368 | L62: 19 | M62: =F62/V62*60 -> 3266.64 | N62: =M62/L62 -> 171.92842 | O62: =L62-I62 -> 0 | P62: =N62-K62 -> -17.545263 | Q62: =N62/K62 -> 0.9074 | S62: 0.39861111 | T62: 0.45616898 | U62: 5.7833333 | V62: 82.892513 | W62: 0.45616898 | X62: 0.49513889 | AE62: =M62-J62 -> -333.36 | AF62: =M62/J62 -> 0.9074
B63: 季節調理麵 | C63: 大滿足麻醬涼麵 | E63: 37.8 | F63: 5469 | G63: =E63*F63 -> 206728.2 | I63: 20 | J63: 3600 | K63: =J63/I63 -> 180 | L63: 20 | M63: =F63/V63*60 -> 3271.32 | N63: =M63/L63 -> 163.566 | O63: =L63-I63 -> 0 | P63: =N63-K63 -> -16.434 | Q63: =N63/K63 -> 0.9087 | S63: 0.49513889 | T63: 0.56479167 | U63: 56.116667 | V63: 100.30813 | AE63: =M63-J63 -> -328.68 | AF63: =M63/J63 -> 0.9087
B72: 平均 | I72: =AVERAGE(I56:I71) -> 20.125 | J72: =AVERAGE(J56:J71) -> 3600 | K72: =J72/I72 -> 178.88199 | L72: =AVERAGE(L56:L71) -> 20.125 | M72: =AVERAGE(M56:M71) -> 3239.4905 | N72: =M72/L72 -> 160.96847 | O72: =L72-I72 -> 0 | P72: =N72-K72 -> -17.913518 | Q72: =N72/K72 -> 0.89985846 | S72: 0.20833333 | T72: 0.56479167 | Y72: =SUM(Y56:Y71) -> 0 | Z72: =SUM(Z56:Z71) -> 0 | AC72: =SUM(AC56:AC71) -> 0 | AD72: =SUM(AD56:AD71) -> 0 | AE72: =M72-J72 -> -360.50954 | AF72: =M72/J72 -> 0.89985846
A73: 自動包裝機 | B73: 4℃-壽司手卷 | C73: 醬油生鮭脆卷 | E73: 23.55 | F73: 913 | G73: =E73*F73 -> 21501.15 | I73: 6 | J73: 2500 | K73: =J73/I73 -> 416.66667 | L73: 6 | M73: =F73/V73*60 -> 2259.7202 | N73: =M73/L73 -> 376.62003 | O73: =L73-I73 -> 0 | P73: =N73-K73 -> -40.046639 | Q73: =N73/K73 -> 0.90388807 | R73: =Q89 -> 0.90488781 | S73: 0.28055556 | T73: 0.29738426 | U73: 5 | V73: 24.24194 | AE73: =M73-J73 -> -240.27984 | AF73: =M73/J73 -> 0.90388807 | AG73: =AF89 -> 0.90488781
B74: 4℃-壽司手卷 | C74: 蔥花生鮪魚脆卷 | E74: 23.19 | F74: 2965 | G74: =E74*F74 -> 68758.35 | I74: 6 | J74: 2500 | K74: =J74/I74 -> 416.66667 | L74: 6 | M74: =F74/V74*60 -> 2259.3715 | N74: =M74/L74 -> 376.56191 | O74: =L74-I74 -> 0 | P74: =N74-K74 -> -40.104754 | Q74: =N74/K74 -> 0.90374859 | S74: 0.30069444 | T74: 0.35537037 | U74: 4.7666667 | V74: 78.738712 | AE74: =M74-J74 -> -240.62852 | AF74: =M74/J74 -> 0.90374859
B75: 4℃-壽司手卷 | C75: 香濃明太子嫩雞飯卷 | E75: 35.89 | F75: 4294 | G75: =E75*F75 -> 154111.66 | I75: 6 | J75: 3273 | K75: =J75/I75 -> 545.5 | L75: 6 | M75: =F75/V75*60 -> 2963.5068 | N75: =M75/L75 -> 493.9178 | O75: =L75-I75 -> 0 | P75: =N75-K75 -> -51.582201 | Q75: =N75/K75 -> 0.90544051 | S75: 0.35902778 | T75: 0.41939815 | U75: 5.2666667 | V75: 86.937543 | AE75: =M75-J75 -> -309.4932 | AF75: =M75/J75 -> 0.90544051
B76: 4℃-壽司手卷 | C76: 厚香料優格咖哩烤雞飯卷 | E76: 27.05 | F76: 857 | G76: =E76*F76 -> 23181.85 | I76: 5 | J76: 3273 | K76: =J76/I76 -> 654.6 | L76: 5 | M76: =F76/V76*60 -> 2965.2362 | N76: =M76/L76 -> 593.04724 | O76: =L76-I76 -> 0 | P76: =N76-K76 -> -61.552757 | Q76: =N76/K76 -> 0.9059689 | S76: 0.42222222 | T76: 0.43425926 | U76: 5 | V76: 17.340946 | AE76: =M76-J76 -> -307.76379 | AF76: =M76/J76 -> 0.9059689
B89: 平均 | I89: =AVERAGE(I73:I88) -> 5.75 | J89: =AVERAGE(J73:J88) -> 2886.5 | K89: =J89/I89 -> 502 | L89: =AVERAGE(L73:L88) -> 5.75 | M89: =AVERAGE(M73:M88) -> 2611.9587 | N89: =M89/L89 -> 454.25368 | O89: =L89-I89 -> 0 | P89: =N89-K89 -> -47.74632 | Q89: =N89/K89 -> 0.90488781 | S89: 0.16666667 | T89: 0.43425926 | Y89: =SUM(Y73:Y88) -> 0 | Z89: =SUM(Z73:Z88) -> 0 | AC89: =SUM(AC73:AC88) -> 0 | AD89: =SUM(AD73:AD88) -> 0 | AE89: =M89-J89 -> -274.54134 | AF89: =M89/J89 -> 0.90488781
A90: 自動包裝機2 | B90: 4℃-壽司手卷 | C90: 鮪魚昆布細卷 | E90: 15.51 | F90: 2300 | G90: =E90*F90 -> 35673 | I90: 6 | J90: 4200 | K90: =J90/I90 -> 700 | L90: 6 | M90: =F90/V90*60 -> 3792.6434 | N90: =M90/L90 -> 632.10723 | O90: =L90-I90 -> 0 | P90: =N90-K90 -> -67.892771 | Q90: =N90/K90 -> 0.90301033 | R90: =Q106 -> 0.90318394 | S90: 0.25 | T90: 0.2752662 | V90: 36.386232 | AE90: =M90-J90 -> -407.35663 | AF90: =M90/J90 -> 0.90301033 | AG90: =AF106 -> 0.90318394
B91: 4℃-壽司手卷 | C91: 肉鬆火腿細卷 | E91: 15.01 | F91: 2374 | G91: =E91*F91 -> 35633.74 | I91: 6 | J91: 4200 | K91: =J91/I91 -> 700 | L91: 6 | M91: =F91/V91*60 -> 3794.1017 | N91: =M91/L91 -> 632.35028 | O91: =L91-I91 -> 0 | P91: =N91-K91 -> -67.649716 | Q91: =N91/K91 -> 0.90335755 | S91: 0.27847222 | T91: 0.30453704 | U91: 4.6166667 | V91: 37.542483 | AE91: =M91-J91 -> -405.89829 | AF91: =M91/J91 -> 0.90335755
B106: 平均 | I106: =AVERAGE(I90:I105) -> 6 | J106: =AVERAGE(J90:J105) -> 4200 | K106: =J106/I106 -> 700 | L106: =AVERAGE(L90:L105) -> 6 | M106: =AVERAGE(M90:M105) -> 3793.3725 | N106: =M106/L106 -> 632.22876 | O106: =L106-I106 -> 0 | P106: =N106-K106 -> -67.771243 | Q106: =N106/K106 -> 0.90318394 | S106: 0.25 | T106: 0.30453704 | Y106: =SUM(Y90:Y105) -> 0 | Z106: =SUM(Z90:Z105) -> 0 | AC106: =SUM(AC90:AC105) -> 0 | AD106: =SUM(AD90:AD105) -> 0 | AE106: =M106-J106 -> -406.62746 | AF106: =M106/J106 -> 0.90318394
A107: 便當二線 (二配) | B107: 微波主食 | C107: 二配香烤魚排青醬燉飯 | E107: 58.17 | F107: 1618 | G107: =E107*F107 -> 94119.06 | I107: 18 | J107: 2000 | K107: =J107/I107 -> 111.11111 | L107: 17 | M107: =F107/V107*60 -> 1806.6 | N107: =M107/L107 -> 106.27059 | O107: =L107-I107 -> -1 | P107: =N107-K107 -> -4.8405229 | Q107: =N107/K107 -> 0.95643529 | R107: =Q123 -> 0.95123452 | S107: 0.70833333 | T107: 0.74564815 | V107: 53.7363 | AE107: =M107-J107 -> -193.4 | AF107: =M107/J107 -> 0.9033 | AG107: =AF123 -> 0.90286667
B108: 微波主食 | C108: 二配濃起司燻腸紅醬焗烤飯 | E108: 50.67 | F108: 1567 | G108: =E108*F108 -> 79399.89 | I108: 20 | J108: 2000 | K108: =J108/I108 -> 100 | L108: 19 | M108: =F108/V108*60 -> 1805.4 | N108: =M108/L108 -> 95.021053 | O108: =L108-I108 -> -1 | P108: =N108-K108 -> -4.9789474 | Q108: =N108/K108 -> 0.95021053 | S108: 0.74861111 | T108: 0.78476852 | U108: 5 | V108: 52.077102 | AE108: =M108-J108 -> -194.6 | AF108: =M108/J108 -> 0.9027
B109: 微波主食 | C109: 二配西班牙風味海鮮燉飯 | E109: 57.3 | F109: 1554 | G109: =E109*F109 -> 89044.2 | I109: 21 | J109: 2000 | K109: =J109/I109 -> 95.238095 | L109: 20 | M109: =F109/V109*60 -> 1805.2 | N109: =M109/L109 -> 90.26 | O109: =L109-I109 -> -1 | P109: =N109-K109 -> -4.9780952 | Q109: =N109/K109 -> 0.94773 | S109: 0.78888889 | T109: 0.82475694 | U109: 5.9333333 | V109: 51.650787 | AE109: =M109-J109 -> -194.8 | AF109: =M109/J109 -> 0.9026
B123: 平均 | I123: =AVERAGE(I107:I122) -> 19.666667 | J123: =AVERAGE(J107:J122) -> 2000 | K123: =J123/I123 -> 101.69492 | L123: =AVERAGE(L107:L122) -> 18.666667 | M123: =AVERAGE(M107:M122) -> 1805.7333 | N123: =M123/L123 -> 96.735714 | O123: =L123-I123 -> -1 | P123: =N123-K123 -> -4.959201 | Q123: =N123/K123 -> 0.95123452 | S123: 0.70833333 | T123: 0.82475694 | Y123: =SUM(Y107:Y122) -> 0 | Z123: =SUM(Z107:Z122) -> 0 | AC123: =SUM(AC107:AC122) -> 0 | AD123: =SUM(AD107:AD122) -> 0 | AE123: =M123-J123 -> -194.26667 | AF123: =M123/J123 -> 0.90286667
A124: 涼麵一線 (二配) | B124: 微波主食 | C124: 二配哞哞培根奶香海陸焗飯 | E124: 47.6 | F124: 2363 | G124: =E124*F124 -> 112478.8 | I124: 23 | J124: 2000 | K124: =J124/I124 -> 86.956522 | L124: 23 | M124: =F124/V124*60 -> 1804.9015 | N124: =M124/L124 -> 78.47398 | O124: =L124-I124 -> 0 | P124: =N124-K124 -> -8.4825418 | Q124: =N124/K124 -> 0.90245077 | R124: =Q140 -> 0.90231447 | S124: 0.70833333 | T124: 0.76288194 | V124: 78.552761 | AE124: =M124-J124 -> -195.09846 | AF124: =M124/J124 -> 0.90245077 | AG124: =AF140 -> 0.90231447
B125: 微波主食 | C125: 二配黃金雞排蘑菇白醬歐姆蛋飯 | E125: 56.87 | F125: 1692 | G125: =E125*F125 -> 96224.04 | I125: 23 | J125: 2000 | K125: =J125/I125 -> 86.956522 | L125: 23 | M125: =F125/V125*60 -> 1804.4186 | N125: =M125/L125 -> 78.452981 | O125: =L125-I125 -> 0 | P125: =N125-K125 -> -8.5035407 | Q125: =N125/K125 -> 0.90220928 | S125: 0.76597222 | T125: 0.80503472 | U125: 5 | V125: 56.261891 | AE125: =M125-J125 -> -195.58144 | AF125: =M125/J125 -> 0.90220928
B126: 微波主食 | C126: 二配里肌豬排可可咖哩歐姆蛋飯 | E126: 56.79 | F126: 2290 | G126: =E126*F126 -> 130049.1 | I126: 23 | J126: 2000 | K126: =J126/I126 -> 86.956522 | L126: 23 | M126: =F126/V126*60 -> 1804.5667 | N126: =M126/L126 -> 78.459423 | O126: =L126-I126 -> 0 | P126: =N126-K126 -> -8.4970991 | Q126: =N126/K126 -> 0.90228336 | S126: 0.80902778 | T126: 0.86189815 | U126: 5.75 | V126: 76.140161 | AE126: =M126-J126 -> -195.43328 | AF126: =M126/J126 -> 0.90228336
B140: 平均 | I140: =AVERAGE(I124:I139) -> 23 | J140: =AVERAGE(J124:J139) -> 2000 | K140: =J140/I140 -> 86.956522 | L140: =AVERAGE(L124:L139) -> 23 | M140: =AVERAGE(M124:M139) -> 1804.6289 | N140: =M140/L140 -> 78.462128 | O140: =L140-I140 -> 0 | P140: =N140-K140 -> -8.4943939 | Q140: =N140/K140 -> 0.90231447 | S140: 0.70833333 | T140: 0.86189815 | Y140: =SUM(Y124:Y139) -> 0 | Z140: =SUM(Z124:Z139) -> 0 | AC140: =SUM(AC124:AC139) -> 0 | AD140: =SUM(AD124:AD139) -> 0 | AE140: =M140-J140 -> -195.37106 | AF140: =M140/J140 -> 0.90231447
AA142: 原因回覆
AA143: 1.當日出勤人數較多
AA144: 2.當日出勤人數較少
AA145: 3.當日出勤熟手較多
AA146: 4.當日出勤新人較多
AA147: 5.機台夾盒
AA148: 6.封膜不順
AA149: 7.更換膠膜
AA150: 8.更換碳帶
AA151: 9.當日熱轉印碳帶異常
AA152: 10.訂單量過少
AA153: 11.新品上市，尚未熟悉
AA154: 12.活動期間品項需貼標

Sheet 0830
B1: 屏榮 大溪廠組合室生產人時性分析
B3: 日期 | C3: 115.08.30星期日 | E3: 訂單量 | F3: ='0830(18度C)'!D1+'0830(4度C)'!D1 -> 174500 | H3: 營業額 | I3: ='0830(18度C)'!F1+'0830(4度C)'!F1 -> 5874431.7
B4: 人時性 | C4: 項目 | E4: ➀ | G4: ➁ | I4: ➂ | K4: ④ | M4: ⑤ | O4: 異常停線 | Q4: 短暫停線
C5: 組合室 | E5: 全溫層 | G5: 4度C-各編組展開(一配) | I5: 4度C-各編組展開(二配) | K5: 18度C-各編組展開(一配) | M5: 18度C-各編組展開(二配) | O5: 合計次數 | P5: 時間 | Q5: 合計次數 | R5: 設備次數
C6: 排關平均 | E6: =AVERAGE(D14:O14,D32:X32) -> 501.40794 | F6: =AVERAGE(#REF!,D14:K14) -> #REF! | G6: =AVERAGE(D14:K14) -> 276.1197 | I6: =AVERAGE(L14:O14) -> 94.325718 | K6: =AVERAGE(D32:O32) -> 754.19394 | M6: =AVERAGE(P32:X32) -> 790.09539 | O6: ='0830(4度C)'!Y2 -> 0 | P6: ='0830(4度C)'!Z2 -> 0 | Q6: ='0830(4度C)'!AC2 -> 0 | R6: ='0830(4度C)'!AD2 -> 0
C7: 實績平均 | E7: =AVERAGE(D15:O15,D33:X33) -> 454.23385 | F7: =AVERAGE(#REF!,D15:K15) -> #REF! | G7: =AVERAGE(D15:K15) -> 249.40168 | I7: =AVERAGE(L15:O15) -> 87.579175 | K7: =AVERAGE(D33:O33) -> 683.68617 | M7: =AVERAGE(P33:X33) -> 715.35711
C8: 達成率平均 | E8: =AVERAGE(D16:O16,D34:X34) -> 0.90580505 | F8: =AVERAGE(D16:K16,#REF!) -> #REF! | G8: =AVERAGE(D16:K16) -> 0.90290331 | I8: =AVERAGE(L16:O16) -> 0.92656825 | K8: =AVERAGE(D34:O34) -> 0.90222747 | M8: =AVERAGE(P34:X34) -> 0.90335364
O9: ※現行日本鮮食廠以達成率80%為基本(即為現行KPI)
B11: 溫層 | D11: ➁4度C-各編組展開 | L11: ➂4度C-各編組展開
B12: 編組 | D12: 1 | E12: 2 | F12: 3 | G12: 4 | H12: 5 | I12: 6 | J12: 7 | K12: 8 | L12: 1 | M12: 2 | N12: 3 | O12: 4
D13: 便當一線 | E13: 便當二線 | F13: 涼麵一線 | G13: 涼麵二線 | H13: 涼麵三線 | I13: 自動包裝機 | J13: 自動包裝機2 | K13: 自動包裝機3 | L13: 便當一線 | M13: 便當二線 | N13: 涼麵一線 | O13: 涼麵二線
B14: 人時性 | C14: 排關 | D14: - | E14: 85.245902 | F14: 104.87603 | G14: 85.714286 | H14: 178.88199 | I14: 502 | J14: 700 | K14: - | L14: - | M14: 101.69492 | N14: 86.956522 | O14: -
C15: 實績 | D15: - | E15: 76.970369 | F15: 94.783967 | G15: 77.39777 | H15: 160.99307 | I15: 454.24617 | J15: 632.01876 | K15: - | L15: - | M15: 96.710714 | N15: 78.447635 | O15: -
C16: 達成率 | D16: - | E16: =E15/E14 -> 0.90292163 | F16: =F15/F14 -> 0.90377148 | G16: =G15/G14 -> 0.90297398 | H16: =H15/H14 -> 0.89999596 | I16: =I15/I14 -> 0.90487285 | J16: =J15/J14 -> 0.90288394 | K16: - | L16: - | M16: =M15/M14 -> 0.95098869 | N16: =N15/N14 -> 0.9021478 | O16: -
B17: 作業 時間 | C17: 開始 | D17: - | E17: 0.20833333 | F17: 0.16666667 | G17: 0.16666667 | H17: 0.20833333 | I17: 0.16666667 | J17: 0.25 | K17: - | L17: - | M17: 0.70833333 | N17: 0.70833333 | O17: -
C18: 結束 | D18: - | E18: 0.63134259 | F18: 0.54387731 | G18: 0.57971065 | H18: 0.58755787 | I18: 0.48195602 | J18: 0.30328704 | K18: - | L18: - | M18: 0.8337963 | N18: 0.85800926 | O18: -
B19: 產線異常 (5分鐘以上) | C19: 次數
C20: 時間/分
B21: 短暫停線 (5分鐘以下) | C21: 次數
C22: 設備次數
B23: 配置人數 | D23: - | E23: 20.333333 | F23: 20.333333 | G23: 23.333333 | H23: 20.125 | I23: 5.75 | J23: 6 | K23: - | L23: - | M23: 18.666667 | N23: 23 | O23: -
B24: 主要應用設備 | D24: L型封口機 | E24: ET-55 | F24: ET-55 | G24: ET-55 | H24: ET-600 | I24: 伺服包裝機 | J24: 伺服包裝機 | K24: 伺服包裝機 | L24: L型封口機 | M24: ET-55 | N24: ET-55 | O24: ET-55
B25: 次要應用設備 | D25: 伺服包裝機 | H25: 伺服包裝機
B26: 備註 | H26: 涼麵+烤飯糰 | I26: 大口飯糰線 | K26: 烤飯糰+手卷
B29: 溫層 | D29: ➃18度C-各編組展開 (一配) | P29: ⑤18度C-各編組展開 (二配)
B30: 編組 | D30: 1 | E30: 2 | F30: 3 | G30: 4 | H30: 5 | I30: 6 | J30: 7 | K30: 8 | L30: 9 | M30: 10 | N30: 11 | O30: 12 | P30: 1 | Q30: 2 | R30: 3 | S30: 4 | T30: 5 | U30: 6 | V30: 7 | W30: 8 | X30: 9
D31: 便當一線 | E31: 涼麵一線 | F31: 涼麵三線 | G31: 自動包裝機 | H31: 自動包裝機2 | I31: 自動包裝機3 | J31: 味付飯糰線B | K31: (舊) 3300型飯糰線 | L31: 3000型飯糰線 | M31: (新) 3300型飯糰機 | N31: GKK3600型 飯糰機 | O31: GKK3600型 飯糰機2 | P31: 自動包裝機 | Q31: 自動包裝機2 | R31: 自動包裝機3 | S31: 味付飯糰線B | T31: (舊) 3300型飯糰線 | U31: 3000型飯糰線 | V31: (新) 3300型飯糰機 | W31: GKK3600型 飯糰機 | X31: GKK3600型 飯糰機2
B32: 人時性 | C32: 排關 | D32: - | E32: - | F32: - | G32: 327.27273 | H32: - | I32: - | J32: - | K32: - | L32: - | M32: 825 | N32: 1005.8824 | O32: 858.62069 | P32: 423.52941 | Q32: - | R32: - | S32: - | T32: - | U32: - | V32: 741.17647 | W32: 1120 | X32: 875.67568
C33: 實績 | D33: - | E33: - | F33: - | G33: 287.46232 | H33: - | I33: - | J33: - | K33: - | L33: - | M33: 759.12561 | N33: 913.31261 | O33: 774.84414 | P33: 375.24578 | Q33: - | R33: - | S33: - | T33: - | U33: - | V33: 682.10685 | W33: 1015.965 | X33: 788.11082
C34: 達成率 | D34: - | E34: - | F34: - | G34: =G33/G32 -> 0.8783571 | H34: - | I34: - | J34: - | K34: - | L34: - | M34: =M33/M32 -> 0.92015225 | N34: =N33/N32 -> 0.90797161 | O34: =O33/O32 -> 0.90242891 | P34: =P33/P32 -> 0.88599697 | Q34: - | R34: - | S34: - | T34: - | U34: - | V34: =V33/V32 -> 0.92030289 | W34: =W33/W32 -> 0.90711162 | X34: =X33/X32 -> 0.90000309
B35: 作業 時間 | C35: 開始 | D35: - | E35: - | F35: - | G35: 0.16666667 | H35: - | I35: - | J35: - | K35: - | L35: - | M35: 0.32152778 | N35: 0.25 | O35: 0.25 | P35: 0.70833333 | Q35: - | R35: - | S35: - | T35: - | U35: - | V35: 0.70833333 | W35: 0.72777778 | X35: 0.70833333
C36: 結束 | D36: - | E36: - | F36: - | G36: 0.48195602 | H36: - | I36: - | J36: - | K36: - | L36: - | M36: 0.42641204 | N36: 0.44913194 | O36: 0.4515625 | P36: 0.72920139 | Q36: - | R36: - | S36: - | T36: - | U36: - | V36: 0.83378472 | W36: 0.99479167 | X36: 0.97386574
B37: 配置人數 | D37: - | E37: - | F37: - | G37: 11 | H37: - | I37: - | J37: - | K37: - | L37: - | M37: 4 | N37: 3.4 | O37: 4.1428571 | P37: 8.5 | Q37: - | R37: - | S37: - | T37: - | U37: - | V37: 4.25 | W37: 3 | X37: 4.1111111
B38: 主要應用設備 | D38: 伺服包裝機 | E38: ET-55 | F38: ET-600 | G38: 夾心型 | H38: 伺服包裝機 | I38: 伺服包裝機 | J38: 夾心型 | K38: 3300型 | L38: 3300型 | M38: 3300型 | N38: GKK | O38: GKK | P38: 夾心型 | Q38: 伺服包裝機 | R38: 伺服包裝機 | S38: 夾心型 | T38: 3300型 | U38: 3300型 | V38: 3300型 | W38: GKK | X38: GKK
B39: 次要應用設備
B40: 備註

Sheet 0830(18度C)
A1: 大溪廠日報分析 | C1: 總生產量 | D1: =SUM(F5:F140) -> 77625 | E1: 營業額 | F1: =SUM(G5:G140) -> 1516981.4 | G1: 出勤人數 | H1: =L21+L38+L55+L72+L89+L106+L123+L140 -> 42.403968 | I1: 產線配置圖 | L1: 生產實績 | O1: 人時性差異分析 | S1: 日報登錄 | Y1: 分析說明 | AA1: 產能差異分析
A2: 46264 | C2: 人時性 | D2: =AVERAGE(N21,N38,N55,N72,N89,N106,N123,N140) -> 699.52164 | E2: 平均廠價 | F2: =F1/D1 -> 19.542433 | G2: 多次生產數 | H2: =COUNT(H5:H140) -> 4
A3: 線別 | B3: 品類 | C3: 品名 | E3: 廠價 | F3: 生產量 | G3: 營收 | H3: 多次 生產 | I3: 人數 | J3: 產能/時 | K3: 人時性 | L3: 人數 | M3: 產能/時 | N3: 人時性 | O3: 人數 | P3: 人時性 | Q3: 達成率 | R3: 達成率 平均 | S3: 生產時間 | U3: 換線、休息/分 | V3: 稼動時間/分 | W3: 休息時間 | Y3: (屏榮回填) | AA3: 產能/時 | AB3: 達成率 | AC3: 達成率平均
S4: 開始 | T4: 結束 | W4: 開始 | X4: 結束
A5: 自動包裝機 | B5: 18℃-壽司手卷 | C5: 一配長野稻荷壽司 | E5: 25.64 | F5: 1312 | G5: =E5*F5 -> 33639.68 | I5: 10 | J5: 3600 | K5: =J5/I5 -> 360 | L5: 10 | M5: =F5/V5*60 -> 3217.2496 | N5: =M5/L5 -> 321.72496 | O5: =L5-I5 -> 0 | P5: =N5-K5 -> -38.275045 | Q5: =N5/K5 -> 0.89368043 | R5: =Q21 -> 0.8783571 | S5: 0.16666667 | T5: 0.18365741 | V5: 24.468105 | AA5: =M5-J5 -> -382.75045 | AB5: =M5/J5 -> 0.89368043 | AC5: =AB21 -> 0.8783571
B6: 18℃-壽司手卷 | C6: 一配經典人氣雙手卷 | E6: 29.52 | F6: 2156 | G6: =E6*F6 -> 63645.12 | I6: 11 | J6: 3600 | K6: =J6/I6 -> 327.27273 | L6: 11 | M6: =F6/V6*60 -> 3156.8509 | N6: =M6/L6 -> 286.98645 | O6: =L6-I6 -> 0 | P6: =N6-K6 -> -40.286278 | Q6: =N6/K6 -> 0.87690304 | S6: 0.1875 | T6: 0.21594907 | U6: 5.5333333 | V6: 40.977545 | AA6: =M6-J6 -> -443.14906 | AB6: =M6/J6 -> 0.87690304
B7: 18℃-壽司手卷 | C7: 一配鮭鮪海饌雙手卷 | E7: 29.85 | F7: 2584 | G7: =E7*F7 -> 77132.4 | I7: 11 | J7: 3600 | K7: =J7/I7 -> 327.27273 | L7: 11 | M7: =F7/V7*60 -> 3156.6108 | N7: =M7/L7 -> 286.96462 | O7: =L7-I7 -> 0 | P7: =N7-K7 -> -40.30811 | Q7: =N7/K7 -> 0.87683633 | S7: 0.21875 | T7: 0.25284722 | U7: 5 | V7: 49.11597 | AA7: =M7-J7 -> -443.38921 | AB7: =M7/J7 -> 0.87683633
B8: 18℃-壽司手卷 | C8: 一配青木瓜雞絲泰泰雙手卷 | E8: 30 | F8: 588 | G8: =E8*F8 -> 17640 | I8: 11 | J8: 3600 | K8: =J8/I8 -> 327.27273 | L8: 11 | M8: =F8/V8*60 -> 3158.5562 | N8: =M8/L8 -> 287.14147 | O8: =L8-I8 -> 0 | P8: =N8-K8 -> -40.131258 | Q8: =N8/K8 -> 0.87737671 | S8: 0.25694444 | T8: 0.26469907 | U8: 5.9 | V8: 11.16966 | AA8: =M8-J8 -> -441.44384 | AB8: =M8/J8 -> 0.87737671
B9: 18℃-飯糰 | C9: 一配兩粒飯糰(鮪魚.焦糖鮭魚) | E9: 28.57 | F9: 932 | G9: =E9*F9 -> 26627.24 | I9: 12 | J9: 3600 | K9: =J9/I9 -> 300 | L9: 12 | M9: =F9/V9*60 -> 3121.1603 | N9: =M9/L9 -> 260.09669 | O9: =L9-I9 -> 0 | P9: =N9-K9 -> -39.90331 | Q9: =N9/K9 -> 0.86698897 | S9: 0.26805556 | T9: 0.28048611 | U9: 4.8333333 | V9: 17.916414 | AA9: =M9-J9 -> -478.83972 | AB9: =M9/J9 -> 0.86698897
B21: 平均 | I21: =AVERAGE(I5:I20) -> 11 | J21: =AVERAGE(J5:J20) -> 3600 | K21: =J21/I21 -> 327.27273 | L21: =AVERAGE(L5:L20) -> 11 | M21: =AVERAGE(M5:M20) -> 3162.0855 | N21: =M21/L21 -> 287.46232 | O21: =L21-I21 -> 0 | P21: =N21-K21 -> -39.810405 | Q21: =N21/K21 -> 0.8783571 | S21: 0.16666667 | T21: 0.48195602 | AA21: =M21-J21 -> -437.91445 | AB21: =M21/J21 -> 0.8783571
A22: (新) 3300型飯糰機 | B22: 18℃-飯糰 | C22: 一配鮭魚奶油醬油飯糰 | E22: 18.53 | F22: 1742 | G22: =E22*F22 -> 32279.26 | I22: 3 | J22: 3300 | K22: =J22/I22 -> 1100 | L22: 3 | M22: =F22/V22*60 -> 3036.0152 | N22: =M22/L22 -> 1012.0051 | O22: =L22-I22 -> 0 | P22: =N22-K22 -> -87.994931 | Q22: =N22/K22 -> 0.92000461 | R22: =Q38 -> 0.92015225 | S22: 0.32152778 | T22: 0.34542824 | V22: 34.426705 | AA22: =M22-J22 -> -263.98479 | AB22: =M22/J22 -> 0.92000461 | AC22: =AB38 -> 0.92015225
B23: 18℃-飯糰 | C23: 一配鹽蔥燒肉飯糰 | E23: 17.89 | F23: 2156 | G23: =E23*F23 -> 38570.84 | I23: 4 | J23: 3300 | K23: =J23/I23 -> 825 | L23: 4 | M23: =F23/V23*60 -> 3036.2848 | N23: =M23/L23 -> 759.07121 | O23: =L23-I23 -> 0 | P23: =N23-K23 -> -65.928795 | Q23: =N23/K23 -> 0.92008631 | S23: 0.34930556 | T23: 0.37888889 | U23: 5.5833333 | V23: 42.604699 | AA23: =M23-J23 -> -263.71518 | AB23: =M23/J23 -> 0.92008631
B24: 18℃-飯糰 | C24: 一配醬燒炙烤牛飯糰 | E24: 22.32 | F24: 3191 | G24: =E24*F24 -> 71223.12 | I24: 5 | J24: 3300 | K24: =J24/I24 -> 660 | L24: 5 | M24: =F24/V24*60 -> 3037.2073 | N24: =M24/L24 -> 607.44145 | O24: =L24-I24 -> 0 | P24: =N24-K24 -> -52.558545 | Q24: =N24/K24 -> 0.92036584 | S24: 0.38263889 | T24: 0.42641204 | U24: 5.4 | V24: 63.038174 | AA24: =M24-J24 -> -262.79273 | AB24: =M24/J24 -> 0.92036584
B38: 平均 | I38: =AVERAGE(I22:I37) -> 4 | J38: =AVERAGE(J22:J37) -> 3300 | K38: =J38/I38 -> 825 | L38: =AVERAGE(L22:L37) -> 4 | M38: =AVERAGE(M22:M37) -> 3036.5024 | N38: =M38/L38 -> 759.12561 | O38: =L38-I38 -> 0 | P38: =N38-K38 -> -65.874392 | Q38: =N38/K38 -> 0.92015225 | S38: 0.32152778 | T38: 0.42641204 | AA38: =M38-J38 -> -263.49757 | AB38: =M38/J38 -> 0.92015225
A39: GKK3600型 飯糰機 | B39: 18℃-飯糰 | C39: 一配北海道秋鮭親子飯糰 | E39: 24.82 | F39: 778 | G39: =E39*F39 -> 19309.96 | I39: 5 | J39: 3600 | K39: =J39/I39 -> 720 | L39: 5 | M39: =F39/V39*60 -> 3244.5456 | N39: =M39/L39 -> 648.90912 | O39: =L39-I39 -> 0 | P39: =N39-K39 -> -71.090879 | Q39: =N39/K39 -> 0.90126267 | R39: =Q55 -> 0.90797161 | S39: 0.25 | T39: 0.25998843 | V39: 14.387223 | AA39: =M39-J39 -> -355.45439 | AB39: =M39/J39 -> 0.90126267 | AC39: =AB55 -> 0.90797161
B40: 18℃-飯糰 | C40: 一配蔬食鮪魚飯糰 | E40: 18.18 | F40: 850 | G40: =E40*F40 -> 15453 | I40: 3 | J40: 3600 | K40: =J40/I40 -> 1200 | L40: 3 | M40: =F40/V40*60 -> 3240.8032 | N40: =M40/L40 -> 1080.2677 | O40: =L40-I40 -> 0 | P40: =N40-K40 -> -119.73225 | Q40: =N40/K40 -> 0.90022312 | S40: 0.27013889 | T40: 0.28106481 | U40: 14.616667 | V40: 15.736839 | AA40: =M40-J40 -> -359.19676 | AB40: =M40/J40 -> 0.90022312
B41: 18℃-飯糰 | C41: 一配黑胡椒洋蔥豬飯糰 | E41: 17.07 | F41: 1390 | G41: =E41*F41 -> 23727.3 | I41: 3 | J41: 3300 | K41: =J41/I41 -> 1100 | L41: 3 | M41: =F41/V41*60 -> 3040.4101 | N41: =M41/L41 -> 1013.47 | O41: =L41-I41 -> 0 | P41: =N41-K41 -> -86.529978 | Q41: =N41/K41 -> 0.92133638 | S41: 0.29097222 | T41: 0.31001157 | U41: 15 | V41: 27.43051 | AA41: =M41-J41 -> -259.58993 | AB41: =M41/J41 -> 0.92133638
B42: 18℃-飯糰 | C42: 一配經典肉鬆飯糰 | E42: 14.03 | F42: 3614 | G42: =E42*F42 -> 50704.42 | I42: 3 | J42: 3000 | K42: =J42/I42 -> 1000 | L42: 3 | M42: =F42/V42*60 -> 2762.0903 | N42: =M42/L42 -> 920.69677 | O42: =L42-I42 -> 0 | P42: =N42-K42 -> -79.303232 | Q42: =N42/K42 -> 0.92069677 | S42: 0.32013889 | T42: 0.37465278 | U42: 14.583333 | V42: 78.505761 | AA42: =M42-J42 -> -237.9097 | AB42: =M42/J42 -> 0.92069677
B43: 18℃-飯糰 | C43: 一配鮪魚飯糰 | E43: 14.28 | F43: 5007 | G43: =E43*F43 -> 71499.96 | I43: 3 | J43: 3600 | K43: =J43/I43 -> 1200 | L43: 3 | M43: =F43/V43*60 -> 3238.4652 | N43: =M43/L43 -> 1079.4884 | O43: =L43-I43 -> 0 | P43: =N43-K43 -> -120.51159 | Q43: =N43/K43 -> 0.89957368 | S43: 0.38472222 | T43: 0.44913194 | U43: 14.5 | V43: 92.766165 | AA43: =M43-J43 -> -361.53476 | AB43: =M43/J43 -> 0.89957368
B55: 平均 | I55: =AVERAGE(I39:I54) -> 3.4 | J55: =AVERAGE(J39:J54) -> 3420 | K55: =J55/I55 -> 1005.8824 | L55: =AVERAGE(L39:L54) -> 3.4 | M55: =AVERAGE(M39:M54) -> 3105.2629 | N55: =M55/L55 -> 913.31261 | O55: =L55-I55 -> 0 | P55: =N55-K55 -> -92.569738 | Q55: =N55/K55 -> 0.90797161 | S55: 0.25 | T55: 0.44913194 | AA55: =M55-J55 -> -314.73711 | AB55: =M55/J55 -> 0.90797161
A56: GKK3600型 飯糰機2 | B56: 18℃-飯糰 | C56: 一配熟成紅鮭飯糰 | E56: 25.03 | F56: 620 | G56: =E56*F56 -> 15518.6 | I56: 5 | J56: 3600 | K56: =J56/I56 -> 720 | L56: 5 | M56: =F56/V56*60 -> 3239.567 | N56: =M56/L56 -> 647.9134 | O56: =L56-I56 -> 0 | P56: =N56-K56 -> -72.086601 | Q56: =N56/K56 -> 0.89987972 | R56: =Q72 -> 0.90242891 | S56: 0.25 | T56: 0.25796296 | V56: 11.483016 | AA56: =M56-J56 -> -360.433 | AB56: =M56/J56 -> 0.89987972 | AC56: =AB72 -> 0.90242891
B57: 18℃-飯糰 | C57: 一配椒鹽檸檬鯖魚飯糰 | E57: 20.72 | F57: 948 | G57: =E57*F57 -> 19642.56 | I57: 3 | J57: 3600 | K57: =J57/I57 -> 1200 | L57: 3 | M57: =F57/V57*60 -> 3240.4361 | N57: =M57/L57 -> 1080.1454 | O57: =L57-I57 -> 0 | P57: =N57-K57 -> -119.85462 | Q57: =N57/K57 -> 0.90012115 | S57: 0.26805556 | T57: 0.28024306 | U57: 14.533333 | V57: 17.553193 | AA57: =M57-J57 -> -359.56386 | AB57: =M57/J57 -> 0.90012115
B58: 18℃-飯糰 | C58: 一配明太子龍蝦風味沙拉飯糰 | E58: 18.18 | F58: 1530 | G58: =E58*F58 -> 27815.4 | I58: 3 | J58: 3600 | K58: =J58/I58 -> 1200 | L58: 3 | M58: =F58/V58*60 -> 3241.0356 | N58: =M58/L58 -> 1080.3452 | O58: =L58-I58 -> 0 | P58: =N58-K58 -> -119.65479 | Q58: =N58/K58 -> 0.90028768 | S58: 0.29027778 | T58: 0.30994213 | U58: 15 | V58: 28.32428 | AA58: =M58-J58 -> -358.96437 | AB58: =M58/J58 -> 0.90028768
B59: 18℃-飯糰 | C59: 一配贅沢鮭魚肚飯糰 | E59: 30 | F59: 1238 | G59: =E59*F59 -> 37140 | I59: 4 | J59: 3600 | K59: =J59/I59 -> 900 | L59: 4 | M59: =F59/V59*60 -> 3237.6307 | N59: =M59/L59 -> 809.40767 | O59: =L59-I59 -> 0 | P59: =N59-K59 -> -90.592331 | Q59: =N59/K59 -> 0.89934185 | S59: 0.32013889 | T59: 0.33606481 | U59: 14.683333 | V59: 22.942703 | AA59: =M59-J59 -> -362.36933 | AB59: =M59/J59 -> 0.89934185
B60: 18℃-飯糰 | C60: 一配筋子銀鮭飯糰 | E60: 30 | F60: 977 | G60: =E60*F60 -> 29310 | I60: 4 | J60: 3300 | K60: =J60/I60 -> 825 | L60: 4 | M60: =F60/V60*60 -> 3037.2079 | N60: =M60/L60 -> 759.30198 | O60: =L60-I60 -> 0 | P60: =N60-K60 -> -65.69802 | Q60: =N60/K60 -> 0.92036604 | S60: 0.34583333 | T60: 0.35923611 | U60: 15 | V60: 19.300621 | AA60: =M60-J60 -> -262.79208 | AB60: =M60/J60 -> 0.92036604
B61: 18℃-飯糰 | C61: 一配鹽蔥生鮭飯糰 | E61: 27.48 | F61: 1542 | G61: =E61*F61 -> 42374.16 | I61: 5 | J61: 3600 | K61: =J61/I61 -> 720 | L61: 5 | M61: =F61/V61*60 -> 3235.6859 | N61: =M61/L61 -> 647.13718 | O61: =L61-I61 -> 0 | P61: =N61-K61 -> -72.862825 | Q61: =N61/K61 -> 0.89880163 | S61: 0.36944444 | T61: 0.38929398 | U61: 14.7 | V61: 28.593629 | AA61: =M61-J61 -> -364.31412 | AB61: =M61/J61 -> 0.89880163
B62: 18℃-飯糰 | C62: 一配雞肉飯飯糰 | E62: 16.66 | F62: 4063 | G62: =E62*F62 -> 67689.58 | I62: 5 | J62: 3600 | K62: =J62/I62 -> 720 | L62: 5 | M62: =F62/V62*60 -> 3238.9167 | N62: =M62/L62 -> 647.78334 | O62: =L62-I62 -> 0 | P62: =N62-K62 -> -72.216656 | Q62: =N62/K62 -> 0.89969909 | S62: 0.39930556 | T62: 0.4515625 | U62: 15 | V62: 75.265906 | AA62: =M62-J62 -> -361.08328 | AB62: =M62/J62 -> 0.89969909
B72: 平均 | I72: =AVERAGE(I56:I71) -> 4.1428571 | J72: =AVERAGE(J56:J71) -> 3557.1429 | K72: =J72/I72 -> 858.62069 | L72: =AVERAGE(L56:L71) -> 4.1428571 | M72: =AVERAGE(M56:M71) -> 3210.0686 | N72: =M72/L72 -> 774.84414 | O72: =L72-I72 -> 0 | P72: =N72-K72 -> -83.776553 | Q72: =N72/K72 -> 0.90242891 | S72: 0.25 | T72: 0.4515625 | AA72: =M72-J72 -> -347.07429 | AB72: =M72/J72 -> 0.90242891
A73: 自動包裝機 (二配) | B73: 18℃-飯糰 | C73: 二配兩粒飯糰(鮪魚.焦糖鮭魚) | E73: 28.57 | F73: 1080 | G73: =E73*F73 -> 30855.6 | I73: 12 | J73: 3600 | K73: =J73/I73 -> 300 | L73: 12 | M73: =F73/V73*60 -> 3120.8098 | N73: =M73/L73 -> 260.06748 | O73: =L73-I73 -> 0 | P73: =N73-K73 -> -39.932517 | Q73: =N73/K73 -> 0.86689161 | R73: =Q89 -> 0.88599697 | S73: 0.70833333 | T73: 0.72274306 | V73: 20.763842 | AA73: =M73-J73 -> -479.19021 | AB73: =M73/J73 -> 0.86689161 | AC73: =AB89 -> 0.88599697
B74: 18℃-飯糰 | C74: 二配柚香雞胸五穀飯糰 | E74: 17.71 | F74: 275 | G74: =E74*F74 -> 4870.25 | I74: 5 | J74: 3600 | K74: =J74/I74 -> 720 | L74: 5 | M74: =F74/V74*60 -> 3258.3684 | N74: =M74/L74 -> 651.67368 | O74: =L74-I74 -> 0 | P74: =N74-K74 -> -68.326317 | Q74: =N74/K74 -> 0.90510234 | S74: 0.72569444 | T74: 0.72920139 | U74: 5 | V74: 5.0638841 | AA74: =M74-J74 -> -341.63159 | AB74: =M74/J74 -> 0.90510234
B89: 平均 | I89: =AVERAGE(I73:I88) -> 8.5 | J89: =AVERAGE(J73:J88) -> 3600 | K89: =J89/I89 -> 423.52941 | L89: =AVERAGE(L73:L88) -> 8.5 | M89: =AVERAGE(M73:M88) -> 3189.5891 | N89: =M89/L89 -> 375.24578 | O89: =L89-I89 -> 0 | P89: =N89-K89 -> -48.283635 | Q89: =N89/K89 -> 0.88599697 | S89: 0.70833333 | T89: 0.72920139 | AA89: =M89-J89 -> -410.4109 | AB89: =M89/J89 -> 0.88599697
A90: (新) 3300型飯糰機 (二配) | B90: 18℃-飯糰 | C90: 二配大飯糰韓式蒜烤豬五花 | E90: 24.54 | F90: 918 | G90: =E90*F90 -> 22527.72 | I90: 4 | J90: 3000 | K90: =J90/I90 -> 750 | L90: 4 | M90: =F90/V90*60 -> 2761.7536 | N90: =M90/L90 -> 690.43839 | O90: =L90-I90 -> 0 | P90: =N90-K90 -> -59.561612 | Q90: =N90/K90 -> 0.92058452 | R90: =Q106 -> 0.92030289 | S90: 0.70833333 | T90: 0.72217593 | V90: 19.943851 | AA90: =M90-J90 -> -238.24645 | AB90: =M90/J90 -> 0.92058452 | AC90: =AB106 -> 0.92030289
B91: 18℃-飯糰 | C91: 二配大飯糰泡菜鮪魚 | E91: 24.33 | F91: 861 | G91: =E91*F91 -> 20948.13 | I91: 4 | J91: 3000 | K91: =J91/I91 -> 750 | L91: 4 | M91: =F91/V91*60 -> 2759.3951 | N91: =M91/L91 -> 689.84877 | O91: =L91-I91 -> 0 | P91: =N91-K91 -> -60.151232 | Q91: =N91/K91 -> 0.91979836 | S91: 0.725 | T91: 0.73799769 | U91: 5 | V91: 18.721495 | AA91: =M91-J91 -> -240.60493 | AB91: =M91/J91 -> 0.91979836
B92: 18℃-飯糰 | C92: 二配醬燒炙烤牛飯糰 | E92: 22.32 | F92: 2356 | G92: =E92*F92 -> 52585.92 | I92: 5 | J92: 3300 | K92: =J92/I92 -> 660 | L92: 5 | M92: =F92/V92*60 -> 3038.3732 | N92: =M92/L92 -> 607.67465 | O92: =L92-I92 -> 0 | P92: =N92-K92 -> -52.325351 | Q92: =N92/K92 -> 0.92071917 | S92: 0.74097222 | T92: 0.77327546 | U92: 5 | V92: 46.524896 | AA92: =M92-J92 -> -261.62675 | AB92: =M92/J92 -> 0.92071917
B93: 18℃-飯糰 | C93: 二配鹽蔥燒肉飯糰 | E93: 17.89 | F93: 4183 | G93: =E93*F93 -> 74833.87 | I93: 4 | J93: 3300 | K93: =J93/I93 -> 825 | L93: 4 | M93: =F93/V93*60 -> 3036.2945 | N93: =M93/L93 -> 759.07363 | O93: =L93-I93 -> 0 | P93: =N93-K93 -> -65.926366 | Q93: =N93/K93 -> 0.92008925 | S93: 0.77638889 | T93: 0.83378472 | U93: 5 | V93: 82.659965 | AA93: =M93-J93 -> -263.70546 | AB93: =M93/J93 -> 0.92008925
B106: 平均 | I106: =AVERAGE(I90:I105) -> 4.25 | J106: =AVERAGE(J90:J105) -> 3150 | K106: =J106/I106 -> 741.17647 | L106: =AVERAGE(L90:L105) -> 4.25 | M106: =AVERAGE(M90:M105) -> 2898.9541 | N106: =M106/L106 -> 682.10685 | O106: =L106-I106 -> 0 | P106: =N106-K106 -> -59.069623 | Q106: =N106/K106 -> 0.92030289 | S106: 0.70833333 | T106: 0.83378472 | AA106: =M106-J106 -> -251.0459 | AB106: =M106/J106 -> 0.92030289
A107: GKK3600型 飯糰機 (二配) | B107: 18℃-飯糰 | C107: 二配芝麻香鬆飯糰 | E107: 18.18 | F107: 1508 | G107: =E107*F107 -> 27415.44 | I107: 3 | J107: 3000 | K107: =J107/I107 -> 1000 | L107: 3 | M107: =F107/V107*60 -> 2762.3514 | N107: =M107/L107 -> 920.7838 | O107: =L107-I107 -> 0 | P107: =N107-K107 -> -79.216196 | Q107: =N107/K107 -> 0.9207838 | R107: =Q123 -> 0.90711162 | S107: 0.72777778 | T107: 0.75052083 | V107: 32.754703 | AA107: =M107-J107 -> -237.64859 | AB107: =M107/J107 -> 0.9207838 | AC107: =AB123 -> 0.90711162
B108: 18℃-飯糰 | C108: 二配蔬食鮪魚飯糰 | E108: 18.18 | F108: 954 | G108: =E108*F108 -> 17343.72 | I108: 3 | J108: 3600 | K108: =J108/I108 -> 1200 | L108: 3 | M108: =F108/V108*60 -> 3238.3311 | N108: =M108/L108 -> 1079.4437 | O108: =L108-I108 -> 0 | P108: =N108-K108 -> -120.55629 | Q108: =N108/K108 -> 0.89953642 | S108: 0.76041667 | T108: 0.77268519 | U108: 15 | V108: 17.675771 | AA108: =M108-J108 -> -361.66888 | AB108: =M108/J108 -> 0.89953642
B109: 18℃-飯糰 | C109: 二配鮪魚飯糰 | E109: 14.28 | F109: 2945 | G109: =E109*F109 -> 42054.6 | H109: 2 | I109: 3 | J109: 3600 | K109: =J109/I109 -> 1200 | L109: 3 | M109: =F109/V109*60 -> 3239.2138 | N109: =M109/L109 -> 1079.7379 | O109: =L109-I109 -> 0 | P109: =N109-K109 -> -120.26207 | Q109: =N109/K109 -> 0.89978161 | S109: 0.78263889 | T109: 0.82052083 | U109: 15 | V109: 54.550274 | AA109: =M109-J109 -> -360.7862 | AB109: =M109/J109 -> 0.89978161
B110: 18℃-飯糰 | C110: 二配經典肉鬆飯糰 | E110: 14.03 | F110: 6042 | G110: =E110*F110 -> 84769.26 | I110: 3 | J110: 3000 | K110: =J110/I110 -> 1000 | L110: 3 | M110: =F110/V110*60 -> 2759.8774 | N110: =M110/L110 -> 919.95915 | O110: =L110-I110 -> 0 | P110: =N110-K110 -> -80.040852 | Q110: =N110/K110 -> 0.91995915 | S110: 0.83055556 | T110: 0.92177083 | U110: 15 | V110: 131.35366 | AA110: =M110-J110 -> -240.12255 | AB110: =M110/J110 -> 0.91995915
B111: 18℃-飯糰 | C111: 二配鮪魚飯糰 | E111: 14.28 | F111: 4887 | G111: =E111*F111 -> 69786.36 | I111: 3 | J111: 3600 | K111: =J111/I111 -> 1200 | L111: 3 | M111: =F111/V111*60 -> 3239.7014 | N111: =M111/L111 -> 1079.9005 | O111: =L111-I111 -> 0 | P111: =N111-K111 -> -120.09955 | Q111: =N111/K111 -> 0.89991705 | S111: 0.93194444 | T111: 0.99479167 | U111: 14.65 | V111: 90.508342 | AA111: =M111-J111 -> -360.29864 | AB111: =M111/J111 -> 0.89991705
B123: 平均 | I123: =AVERAGE(I107:I122) -> 3 | J123: =AVERAGE(J107:J122) -> 3360 | K123: =J123/I123 -> 1120 | L123: =AVERAGE(L107:L122) -> 3 | M123: =AVERAGE(M107:M122) -> 3047.895 | N123: =M123/L123 -> 1015.965 | O123: =L123-I123 -> 0 | P123: =N123-K123 -> -104.03499 | Q123: =N123/K123 -> 0.90711162 | S123: 0.72777778 | T123: 0.99479167 | AA123: =M123-J123 -> -312.10497 | AB123: =M123/J123 -> 0.90711162
A124: GKK3600型 飯糰機2 (二配) | B124: 18℃-飯糰 | C124: 二配三杯醬爆菇菇飯糰 | E124: 16.7 | F124: 1074 | G124: =E124*F124 -> 17935.8 | I124: 3 | J124: 3600 | K124: =J124/I124 -> 1200 | L124: 3 | M124: =F124/V124*60 -> 3238.6757 | N124: =M124/L124 -> 1079.5586 | O124: =L124-I124 -> 0 | P124: =N124-K124 -> -120.44144 | Q124: =N124/K124 -> 0.89963214 | R124: =Q140 -> 0.90000309 | S124: 0.70833333 | T124: 0.7221412 | V124: 19.897022 | AA124: =M124-J124 -> -361.32431 | AB124: =M124/J124 -> 0.89963214 | AC124: =AB140 -> 0.90000309
B125: 18℃-飯糰 | C125: 二配熟成紅鮭飯糰 | E125: 25.03 | F125: 1024 | G125: =E125*F125 -> 25630.72 | I125: 5 | J125: 3600 | K125: =J125/I125 -> 720 | L125: 5 | M125: =F125/V125*60 -> 3237.9487 | N125: =M125/L125 -> 647.58975 | O125: =L125-I125 -> 0 | P125: =N125-K125 -> -72.410251 | Q125: =N125/K125 -> 0.89943021 | S125: 0.73194444 | T125: 0.74511574 | U125: 15 | V125: 18.974976 | AA125: =M125-J125 -> -362.05126 | AB125: =M125/J125 -> 0.89943021
B126: 18℃-飯糰 | C126: 二配北海道秋鮭親子飯糰 | E126: 24.82 | F126: 1552 | G126: =E126*F126 -> 38520.64 | I126: 5 | J126: 3600 | K126: =J126/I126 -> 720 | L126: 5 | M126: =F126/V126*60 -> 3237.3678 | N126: =M126/L126 -> 647.47356 | O126: =L126-I126 -> 0 | P126: =N126-K126 -> -72.526439 | Q126: =N126/K126 -> 0.89926883 | S126: 0.75486111 | T126: 0.77482639 | U126: 15 | V126: 28.764109 | AA126: =M126-J126 -> -362.6322 | AB126: =M126/J126 -> 0.89926883
B127: 18℃-飯糰 | C127: 二配贅沢鮭魚肚飯糰 | E127: 30 | F127: 719 | G127: =E127*F127 -> 21570 | H127: 2 | I127: 4 | J127: 3600 | K127: =J127/I127 -> 900 | L127: 4 | M127: =F127/V127*60 -> 3243.8227 | N127: =M127/L127 -> 810.95568 | O127: =L127-I127 -> 0 | P127: =N127-K127 -> -89.044324 | Q127: =N127/K127 -> 0.90106186 | S127: 0.78472222 | T127: 0.79394676 | U127: 15 | V127: 13.299124 | AA127: =M127-J127 -> -356.1773 | AB127: =M127/J127 -> 0.90106186
B128: 18℃-飯糰 | C128: 二配明太子龍蝦風味沙拉飯糰 | E128: 18.18 | F128: 1089 | G128: =E128*F128 -> 19798.02 | H128: 2 | I128: 3 | J128: 3600 | K128: =J128/I128 -> 1200 | L128: 3 | M128: =F128/V128*60 -> 3242.7234 | N128: =M128/L128 -> 1080.9078 | O128: =L128-I128 -> 0 | P128: =N128-K128 -> -119.0922 | Q128: =N128/K128 -> 0.9007565 | S128: 0.80416667 | T128: 0.81814815 | U128: 14.716667 | V128: 20.14973 | AA128: =M128-J128 -> -357.27659 | AB128: =M128/J128 -> 0.9007565
B129: 18℃-飯糰 | C129: 二配雞肉飯飯糰 | E129: 16.66 | F129: 2421 | G129: =E129*F129 -> 40333.86 | H129: 2 | I129: 5 | J129: 3600 | K129: =J129/I129 -> 720 | L129: 5 | M129: =F129/V129*60 -> 3236.5079 | N129: =M129/L129 -> 647.30157 | O129: =L129-I129 -> 0 | P129: =N129-K129 -> -72.698426 | Q129: =N129/K129 -> 0.89902996 | S129: 0.82847222 | T129: 0.85962963 | U129: 14.866667 | V129: 44.881708 | AA129: =M129-J129 -> -363.49213 | AB129: =M129/J129 -> 0.89902996
B130: 18℃-飯糰 | C130: 二配贅沢鮭魚肚飯糰 | E130: 30 | F130: 981 | G130: =E130*F130 -> 29430 | I130: 4 | J130: 3600 | K130: =J130/I130 -> 900 | L130: 4 | M130: =F130/V130*60 -> 3243.8227 | N130: =M130/L130 -> 810.95568 | O130: =L130-I130 -> 0 | P130: =N130-K130 -> -89.044324 | Q130: =N130/K130 -> 0.90106186 | S130: 0.86944444 | T130: 0.88203704 | U130: 15 | V130: 18.145258 | AA130: =M130-J130 -> -356.1773 | AB130: =M130/J130 -> 0.90106186
B131: 18℃-飯糰 | C131: 二配明太子龍蝦風味沙拉飯糰 | E131: 18.18 | F131: 1688 | G131: =E131*F131 -> 30687.84 | I131: 3 | J131: 3600 | K131: =J131/I131 -> 1200 | L131: 3 | M131: =F131/V131*60 -> 3242.7234 | N131: =M131/L131 -> 1080.9078 | O131: =L131-I131 -> 0 | P131: =N131-K131 -> -119.0922 | Q131: =N131/K131 -> 0.9007565 | S131: 0.89236111 | T131: 0.91403935 | U131: 14.866667 | V131: 31.233006 | AA131: =M131-J131 -> -357.27659 | AB131: =M131/J131 -> 0.9007565
B132: 18℃-飯糰 | C132: 二配雞肉飯飯糰 | E132: 16.66 | F132: 3850 | G132: =E132*F132 -> 64141 | I132: 5 | J132: 3600 | K132: =J132/I132 -> 720 | L132: 5 | M132: =F132/V132*60 -> 3236.5079 | N132: =M132/L132 -> 647.30157 | O132: =L132-I132 -> 0 | P132: =N132-K132 -> -72.698426 | Q132: =N132/K132 -> 0.89902996 | S132: 0.92430556 | T132: 0.97386574 | U132: 14.783333 | V132: 71.373224 | AA132: =M132-J132 -> -363.49213 | AB132: =M132/J132 -> 0.89902996
B140: 平均 | I140: =AVERAGE(I124:I139) -> 4.1111111 | J140: =AVERAGE(J124:J139) -> 3600 | K140: =J140/I140 -> 875.67568 | L140: =AVERAGE(L124:L139) -> 4.1111111 | M140: =AVERAGE(M124:M139) -> 3240.0111 | N140: =M140/L140 -> 788.11082 | O140: =L140-I140 -> 0 | P140: =N140-K140 -> -87.564859 | Q140: =N140/K140 -> 0.90000309 | S140: 0.70833333 | T140: 0.97386574 | AA140: =M140-J140 -> -359.98887 | AB140: =M140/J140 -> 0.90000309
Y142: 原因回覆
Y143: 1.當日出勤人數較多
Y144: 2.當日出勤人數較少
Y145: 3.當日出勤熟手較多
Y146: 4.當日出勤新人較多
Y147: 5.機台夾盒
Y148: 6.封膜不順
Y149: 7.更換膠膜
Y150: 8.更換碳帶
Y151: 9.當日熱轉印碳帶異常
Y152: 10.訂單量過少
Y153: 11.新品上市，尚未熟悉
Y154: 12.活動期間品項需貼標

Sheet 0830(4度C)
A1: 大溪廠日報分析 | C1: 總生產量 | D1: =SUM(F5:F140) -> 96875 | E1: 營業額 | F1: =SUM(G5:G140) -> 4357450.3 | G1: 出勤人數 | H1: =L21+L38+L55+L72+L89+L106+L123+L140 -> 137.54167 | I1: 產線配置圖 | L1: 生產實績 | O1: 人時性差異分析 | S1: 日報登錄 | Y1: 合計次數 | Z1: 合計(時間/分) | AA1: 產線異常 分析說明(5分鐘以上) | AC1: 合計次數 | AD1: 合計(時間/分) | AE1: 產能差異分析
A2: 46264 | C2: 人時性 | D2: =AVERAGE(N21,N38,N55,N72,N89,N106,N123,N140) -> 208.94606 | E2: 平均廠價 | F2: =F1/D1 -> 44.980133 | G2: 多次生產數 | H2: =COUNT(H5:H140) -> 0 | Y2: =SUM(Y21,Y38,Y55,Y72,Y89,Y106,Y123,Y140) -> 0 | Z2: =SUM(Z21,Z38,Z55,Z72,Z89,Z106,Z123,Z140) -> 0 | AC2: =SUM(AC21,AC38,AC55,AC72,AC89,AC106,AC123,AC140) -> 0 | AD2: =SUM(AD21,AD38,AD55,AD72,AD89,AD106,AD123,AD140) -> 0
A3: 線別 | B3: 品類 | C3: 品名 | E3: 廠價 | F3: 生產量 | G3: 營收 | H3: 多次 生產 | I3: 人數 | J3: 產能/時 | K3: 人時性 | L3: 人數 | M3: 產能/時 | N3: 人時性 | O3: 人數 | P3: 人時性 | Q3: 達成率 | R3: 達成率 平均 | S3: 生產時間 | U3: 換線、休息/分 | V3: 稼動時間/分 | W3: 休息時間 | Y3: 產線異常統計(5分鐘以上) | AA3: (屏榮回填) | AC3: 短暫停線統計(5分鐘以下) | AE3: 產能/時 | AF3: 達成率 | AG3: 達成率平均
S4: 開始 | T4: 結束 | W4: 開始 | X4: 結束 | Y4: 次數 | Z4: 時間/分 | AC4: 總次數 | AD4: 設備因素(次數)
A5: 便當二線 | B5: 微波小吃 | C5: 日式茶碗蒸 | E5: 19.7 | F5: 3549 | G5: =E5*F5 -> 69915.3 | I5: 13 | J5: 1200 | K5: =J5/I5 -> 92.307692 | L5: 13 | M5: =F5/V5*60 -> 1084.5273 | N5: =M5/L5 -> 83.425176 | O5: =L5-I5 -> 0 | P5: =N5-K5 -> -8.8825163 | Q5: =N5/K5 -> 0.90377274 | R5: =Q21 -> 0.90292163 | S5: 0.20833333 | T5: 0.34467593 | V5: 196.34361 | AE5: =M5-J5 -> -115.47271 | AF5: =M5/J5 -> 0.90377274 | AG5: =AF21 -> 0.90292163
B6: 微波主食 | C6: 糖燻野郎三十天熟成牛飯 | E6: 56.43 | F6: 5345 | G6: =E6*F6 -> 301618.35 | I6: 24 | J6: 2000 | K6: =J6/I6 -> 83.333333 | L6: 24 | M6: =F6/V6*60 -> 1805.9548 | N6: =M6/L6 -> 75.248118 | O6: =L6-I6 -> 0 | P6: =N6-K6 -> -8.0852158 | Q6: =N6/K6 -> 0.90297741 | S6: 0.34791667 | T6: 0.47122685 | U6: 4.6666667 | V6: 177.57919 | W6: 0.47122685 | X6: 0.50972222 | AE6: =M6-J6 -> -194.04518 | AF6: =M6/J6 -> 0.90297741
B7: 便當 | C7: 健身G肉餐盒 | E7: 59.52 | F7: 5268 | G7: =E7*F7 -> 313551.36 | I7: 24 | J7: 2000 | K7: =J7/I7 -> 83.333333 | L7: 24 | M7: =F7/V7*60 -> 1804.7104 | N7: =M7/L7 -> 75.196265 | O7: =L7-I7 -> 0 | P7: =N7-K7 -> -8.1370679 | Q7: =N7/K7 -> 0.90235519 | S7: 0.50972222 | T7: 0.63134259 | U7: 55.433333 | V7: 175.14168 | AE7: =M7-J7 -> -195.28963 | AF7: =M7/J7 -> 0.90235519
B21: 平均 | I21: =AVERAGE(I5:I20) -> 20.333333 | J21: =AVERAGE(J5:J20) -> 1733.3333 | K21: =J21/I21 -> 85.245902 | L21: =AVERAGE(L5:L20) -> 20.333333 | M21: =AVERAGE(M5:M20) -> 1565.0642 | N21: =M21/L21 -> 76.970369 | O21: =L21-I21 -> 0 | P21: =N21-K21 -> -8.2755331 | Q21: =N21/K21 -> 0.90292163 | S21: 0.20833333 | T21: 0.63134259 | Y21: =SUM(Y5:Y20) -> 0 | Z21: =SUM(Z5:Z20) -> 0 | AC21: =SUM(AC5:AC20) -> 0 | AD21: =SUM(AD5:AD20) -> 0 | AE21: =M21-J21 -> -168.26917 | AF21: =M21/J21 -> 0.90292163
A22: 涼麵一線 | B22: 4℃-壽司手卷 | C22: 海陸雙拼壽司 | E22: 36.45 | F22: 2250 | G22: =E22*F22 -> 82012.5 | I22: 20 | J22: 2100 | K22: =J22/I22 -> 105 | L22: 20 | M22: =F22/V22*60 -> 1896.0083 | N22: =M22/L22 -> 94.800417 | O22: =L22-I22 -> 0 | P22: =N22-K22 -> -10.199583 | Q22: =N22/K22 -> 0.90286112 | R22: =Q38 -> 0.90377148 | S22: 0.16666667 | T22: 0.21611111 | V22: 71.202218 | AE22: =M22-J22 -> -203.99166 | AF22: =M22/J22 -> 0.90286112 | AG22: =AF38 -> 0.91124066
B23: 微波小吃 | C23: 越式牛肉寬粉 | E23: 51.44 | F23: 1174 | G23: =E23*F23 -> 60390.56 | I23: 19 | J23: 2000 | K23: =J23/I23 -> 105.26316 | L23: 19 | M23: =F23/V23*60 -> 1802.9709 | N23: =M23/L23 -> 94.893206 | O23: =L23-I23 -> 0 | P23: =N23-K23 -> -10.369952 | Q23: =N23/K23 -> 0.90148546 | S23: 0.21944444 | T23: 0.24657407 | U23: 4.8 | V23: 39.06885 | AE23: =M23-J23 -> -197.02908 | AF23: =M23/J23 -> 0.90148546
B24: 微波主食 | C24: 日式鮭魚茶泡烤飯 | E24: 43.28 | F24: 1573 | G24: =E24*F24 -> 68079.44 | I24: 21 | J24: 1800 | K24: =J24/I24 -> 85.714286 | L24: 21 | M24: =F24/V24*60 -> 1626.7649 | N24: =M24/L24 -> 77.464996 | O24: =L24-I24 -> 0 | P24: =N24-K24 -> -8.2492893 | Q24: =N24/K24 -> 0.90375829 | S24: 0.25 | T24: 0.29028935 | U24: 4.9333333 | V24: 58.016987 | AE24: =M24-J24 -> -173.23508 | AF24: =M24/J24 -> 0.90375829
B25: 便當 | C25: 懷舊滷雙拼便當 | E25: 61.09 | F25: 3610 | G25: =E25*F25 -> 220534.9 | I25: 20 | J25: 2000 | K25: =J25/I25 -> 100 | L25: 20 | M25: =F25/V25*60 -> 1805.0208 | N25: =M25/L25 -> 90.251041 | O25: =L25-I25 -> 0 | P25: =N25-K25 -> -9.7489585 | Q25: =N25/K25 -> 0.90251041 | S25: 0.29444444 | T25: 0.3777662 | U25: 5.9833333 | V25: 119.99862 | AE25: =M25-J25 -> -194.97917 | AF25: =M25/J25 -> 0.90251041
B26: 便當 | C26: 香腸腿排雙拼便當 | E26: 53.76 | F26: 3565 | G26: =E26*F26 -> 191654.4 | I26: 20 | J26: 2000 | K26: =J26/I26 -> 100 | L26: 20 | M26: =F26/V26*60 -> 1806.2444 | N26: =M26/L26 -> 90.312219 | O26: =L26-I26 -> 0 | P26: =N26-K26 -> -9.6877806 | Q26: =N26/K26 -> 0.90312219 | S26: 0.38125 | T26: 0.4634838 | U26: 5.0166667 | V26: 118.42251 | W26: 0.4634838 | X26: 0.50277778 | AE26: =M26-J26 -> -193.75561 | AF26: =M26/J26 -> 0.90312219
B27: 4℃-飯糰 | C27: 麻油雞飯糰 | E27: 29.97 | F27: 2591 | G27: =E27*F27 -> 77652.27 | I27: 21 | J27: 2790 | K27: =J27/I27 -> 132.85714 | L27: 22 | M27: =F27/V27*60 -> 2626.6346 | N27: =M27/L27 -> 119.39248 | O27: =L27-I27 -> 1 | P27: =N27-K27 -> -13.46466 | Q27: =N27/K27 -> 0.89865309 | S27: 0.50277778 | T27: 0.54387731 | U27: 56.583333 | V27: 59.186001 | AE27: =M27-J27 -> -163.36538 | AF27: =M27/J27 -> 0.9414461
B38: 平均 | I38: =AVERAGE(I22:I37) -> 20.166667 | J38: =AVERAGE(J22:J37) -> 2115 | K38: =J38/I38 -> 104.87603 | L38: =AVERAGE(L22:L37) -> 20.333333 | M38: =AVERAGE(M22:M37) -> 1927.274 | N38: =M38/L38 -> 94.783967 | O38: =L38-I38 -> 0.16666667 | P38: =N38-K38 -> -10.092066 | Q38: =N38/K38 -> 0.90377148 | S38: 0.16666667 | T38: 0.54387731 | Y38: =SUM(Y22:Y37) -> 0 | Z38: =SUM(Z22:Z37) -> 0 | AC38: =SUM(AC22:AC37) -> 0 | AD38: =SUM(AD22:AD37) -> 0 | AE38: =M38-J38 -> -187.726 | AF38: =M38/J38 -> 0.91124066
A39: 涼麵二線 | B39: 便當 | C39: 蔬活腿排補力餐盒 | E39: 71.55 | F39: 2726 | G39: =E39*F39 -> 195045.3 | I39: 22 | J39: 2000 | K39: =J39/I39 -> 90.909091 | L39: 22 | M39: =F39/V39*60 -> 1805.2186 | N39: =M39/L39 -> 82.055391 | O39: =L39-I39 -> 0 | P39: =N39-K39 -> -8.8537003 | Q39: =N39/K39 -> 0.9026093 | R39: =Q55 -> 0.90297398 | S39: 0.16666667 | T39: 0.22958333 | V39: 90.603986 | AE39: =M39-J39 -> -194.78141 | AF39: =M39/J39 -> 0.9026093 | AG39: =AF55 -> 0.90297398
B40: 便當 | C40: 海陸雙拼肉肉餐盒 | E40: 59.54 | F40: 3001 | G40: =E40*F40 -> 178679.54 | I40: 23 | J40: 2000 | K40: =J40/I40 -> 86.956522 | L40: 23 | M40: =F40/V40*60 -> 1807.2145 | N40: =M40/L40 -> 78.574541 | O40: =L40-I40 -> 0 | P40: =N40-K40 -> -8.3819802 | Q40: =N40/K40 -> 0.90360723 | S40: 0.23333333 | T40: 0.30252315 | U40: 5.4 | V40: 99.633997 | AE40: =M40-J40 -> -192.78555 | AF40: =M40/J40 -> 0.90360723
B41: 便當 | C41: 地中海布格麥烤魚餐盒 | E41: 63.92 | F41: 1696 | G41: =E41*F41 -> 108408.32 | I41: 24 | J41: 2000 | K41: =J41/I41 -> 83.333333 | L41: 24 | M41: =F41/V41*60 -> 1809.5666 | N41: =M41/L41 -> 75.398607 | O41: =L41-I41 -> 0 | P41: =N41-K41 -> -7.9347261 | Q41: =N41/K41 -> 0.90478329 | S41: 0.30625 | T41: 0.34530093 | U41: 5.3666667 | V41: 56.23446 | AE41: =M41-J41 -> -190.43343 | AF41: =M41/J41 -> 0.90478329
B42: 便當 | C42: 香烤鱈魚輕蔬餐盒 | E42: 69.26 | F42: 1645 | G42: =E42*F42 -> 113932.7 | I42: 24 | J42: 2000 | K42: =J42/I42 -> 83.333333 | L42: 24 | M42: =F42/V42*60 -> 1801.9884 | N42: =M42/L42 -> 75.082848 | O42: =L42-I42 -> 0 | P42: =N42-K42 -> -8.2504852 | Q42: =N42/K42 -> 0.90099418 | S42: 0.34930556 | T42: 0.38733796 | U42: 5.7666667 | V42: 54.772829 | AE42: =M42-J42 -> -198.01165 | AF42: =M42/J42 -> 0.90099418
B43: 便當 | C43: 益活雞胸補力餐盒 | E43: 69.16 | F43: 2567 | G43: =E43*F43 -> 177533.72 | I43: 24 | J43: 2000 | K43: =J43/I43 -> 83.333333 | L43: 24 | M43: =F43/V43*60 -> 1806.9504 | N43: =M43/L43 -> 75.2896 | O43: =L43-I43 -> 0 | P43: =N43-K43 -> -8.0437334 | Q43: =N43/K43 -> 0.9034752 | S43: 0.39097222 | T43: 0.45016204 | U43: 5.2333333 | V43: 85.237536 | W43: 0.45016204 | X43: 0.48888889 | AE43: =M43-J43 -> -193.0496 | AF43: =M43/J43 -> 0.9034752
B44: 便當 | C44: 烤蛋白餐盒 | E44: 58.67 | F44: 3934 | G44: =E44*F44 -> 230807.78 | I44: 23 | J44: 2000 | K44: =J44/I44 -> 86.956522 | L44: 23 | M44: =F44/V44*60 -> 1804.7494 | N44: =M44/L44 -> 78.467364 | O44: =L44-I44 -> 0 | P44: =N44-K44 -> -8.4891573 | Q44: =N44/K44 -> 0.90237469 | S44: 0.48888889 | T44: 0.57971065 | U44: 55.766667 | V44: 130.78824 | AE44: =M44-J44 -> -195.25062 | AF44: =M44/J44 -> 0.90237469
B55: 平均 | I55: =AVERAGE(I39:I54) -> 23.333333 | J55: =AVERAGE(J39:J54) -> 2000 | K55: =J55/I55 -> 85.714286 | L55: =AVERAGE(L39:L54) -> 23.333333 | M55: =AVERAGE(M39:M54) -> 1805.948 | N55: =M55/L55 -> 77.39777 | O55: =L55-I55 -> 0 | P55: =N55-K55 -> -8.316516 | Q55: =N55/K55 -> 0.90297398 | S55: 0.16666667 | T55: 0.57971065 | Y55: =SUM(Y39:Y54) -> 0 | Z55: =SUM(Z39:Z54) -> 0 | AC55: =SUM(AC39:AC54) -> 0 | AD55: =SUM(AD39:AD54) -> 0 | AE55: =M55-J55 -> -194.05204 | AF55: =M55/J55 -> 0.90297398
A56: 涼麵三線 | B56: 季節調理麵 | C56: 和風涓絲冷麵 | E56: 28.86 | F56: 2015 | G56: =E56*F56 -> 58152.9 | I56: 18 | J56: 3600 | K56: =J56/I56 -> 200 | L56: 18 | M56: =F56/V56*60 -> 3193.9229 | N56: =M56/L56 -> 177.44016 | O56: =L56-I56 -> 0 | P56: =N56-K56 -> -22.559838 | Q56: =N56/K56 -> 0.88720081 | R56: =Q72 -> 0.89999596 | S56: 0.20833333 | T56: 0.23461806 | V56: 37.853137 | AE56: =M56-J56 -> -406.07709 | AF56: =M56/J56 -> 0.88720081 | AG56: =AF72 -> 0.89999596
B57: 季節調理麵 | C57: 嘉義崇文白醋涼麵 | E57: 35.89 | F57: 2190 | G57: =E57*F57 -> 78599.1 | I57: 18 | J57: 3600 | K57: =J57/I57 -> 200 | L57: 18 | M57: =F57/V57*60 -> 3193.6691 | N57: =M57/L57 -> 177.42606 | O57: =L57-I57 -> 0 | P57: =N57-K57 -> -22.573941 | Q57: =N57/K57 -> 0.8871303 | S57: 0.2375 | T57: 0.26606481 | U57: 5 | V57: 41.1439 | AE57: =M57-J57 -> -406.33094 | AF57: =M57/J57 -> 0.8871303
B58: 季節調理麵 | C58: 韓式泡菜冷麵 | E58: 36.73 | F58: 1656 | G58: =E58*F58 -> 60824.88 | I58: 21 | J58: 3600 | K58: =J58/I58 -> 171.42857 | L58: 21 | M58: =F58/V58*60 -> 3195.1057 | N58: =M58/L58 -> 152.14789 | O58: =L58-I58 -> 0 | P58: =N58-K58 -> -19.28068 | Q58: =N58/K58 -> 0.88752936 | S58: 0.27013889 | T58: 0.29172454 | U58: 5.8666667 | V58: 31.097563 | AE58: =M58-J58 -> -404.89429 | AF58: =M58/J58 -> 0.88752936
B59: 季節調理麵 | C59: 招牌雞絲胡麻涼麵 | E59: 43.96 | F59: 2139 | G59: =E59*F59 -> 94030.44 | I59: 23 | J59: 3600 | K59: =J59/I59 -> 156.52174 | L59: 23 | M59: =F59/V59*60 -> 3271.677 | N59: =M59/L59 -> 142.24683 | O59: =L59-I59 -> 0 | P59: =N59-K59 -> -14.274913 | Q59: =N59/K59 -> 0.90879917 | S59: 0.29583333 | T59: 0.32306713 | U59: 5.9166667 | V59: 39.227589 | AE59: =M59-J59 -> -328.323 | AF59: =M59/J59 -> 0.90879917
B60: 季節調理麵 | C60: 日式胡麻雞絲冷麵 | E60: 46.93 | F60: 1548 | G60: =E60*F60 -> 72647.64 | I60: 23 | J60: 3600 | K60: =J60/I60 -> 156.52174 | L60: 23 | M60: =F60/V60*60 -> 3263.6508 | N60: =M60/L60 -> 141.89786 | O60: =L60-I60 -> 0 | P60: =N60-K60 -> -14.623878 | Q60: =N60/K60 -> 0.90656967 | S60: 0.32708333 | T60: 0.34684028 | U60: 5.7833333 | V60: 28.458927 | AE60: =M60-J60 -> -336.34919 | AF60: =M60/J60 -> 0.90656967
B61: 季節調理麵 | C61: 日式蕎麥沾麵 | E61: 36.73 | F61: 3500 | G61: =E61*F61 -> 128555 | I61: 19 | J61: 3600 | K61: =J61/I61 -> 189.47368 | L61: 19 | M61: =F61/V61*60 -> 3264.6182 | N61: =M61/L61 -> 171.82201 | O61: =L61-I61 -> 0 | P61: =N61-K61 -> -17.651674 | Q61: =N61/K61 -> 0.90683839 | S61: 0.35069444 | T61: 0.3953588 | U61: 5.55 | V61: 64.326052 | AE61: =M61-J61 -> -335.38181 | AF61: =M61/J61 -> 0.90683839
B62: 季節調理麵 | C62: 大滿足香辣涼麵 | E62: 38.48 | F62: 5231 | G62: =E62*F62 -> 201288.88 | I62: 19 | J62: 3600 | K62: =J62/I62 -> 189.47368 | L62: 19 | M62: =F62/V62*60 -> 3267.36 | N62: =M62/L62 -> 171.96632 | O62: =L62-I62 -> 0 | P62: =N62-K62 -> -17.507368 | Q62: =N62/K62 -> 0.9076 | S62: 0.39861111 | T62: 0.4653125 | U62: 4.6833333 | V62: 96.059204 | W62: 0.4653125 | X62: 0.50416667 | AE62: =M62-J62 -> -332.64 | AF62: =M62/J62 -> 0.9076
B63: 季節調理麵 | C63: 大滿足麻醬涼麵 | E63: 37.8 | F63: 6545 | G63: =E63*F63 -> 247401 | I63: 20 | J63: 3600 | K63: =J63/I63 -> 180 | L63: 20 | M63: =F63/V63*60 -> 3269.88 | N63: =M63/L63 -> 163.494 | O63: =L63-I63 -> 0 | P63: =N63-K63 -> -16.506 | Q63: =N63/K63 -> 0.9083 | S63: 0.50416667 | T63: 0.58755787 | U63: 55.95 | V63: 120.09615 | AE63: =M63-J63 -> -330.12 | AF63: =M63/J63 -> 0.9083
B72: 平均 | I72: =AVERAGE(I56:I71) -> 20.125 | J72: =AVERAGE(J56:J71) -> 3600 | K72: =J72/I72 -> 178.88199 | L72: =AVERAGE(L56:L71) -> 20.125 | M72: =AVERAGE(M56:M71) -> 3239.9855 | N72: =M72/L72 -> 160.99307 | O72: =L72-I72 -> 0 | P72: =N72-K72 -> -17.888921 | Q72: =N72/K72 -> 0.89999596 | S72: 0.20833333 | T72: 0.58755787 | Y72: =SUM(Y56:Y71) -> 0 | Z72: =SUM(Z56:Z71) -> 0 | AC72: =SUM(AC56:AC71) -> 0 | AD72: =SUM(AD56:AD71) -> 0 | AE72: =M72-J72 -> -360.01454 | AF72: =M72/J72 -> 0.89999596
A73: 自動包裝機 | B73: 4℃-壽司手卷 | C73: 醬油生鮭脆卷 | E73: 23.55 | F73: 678 | G73: =E73*F73 -> 15966.9 | I73: 6 | J73: 2500 | K73: =J73/I73 -> 416.66667 | L73: 6 | M73: =F73/V73*60 -> 2259.7202 | N73: =M73/L73 -> 376.62003 | O73: =L73-I73 -> 0 | P73: =N73-K73 -> -40.046639 | Q73: =N73/K73 -> 0.90388807 | R73: =Q89 -> 0.90487285 | S73: 0.28402778 | T73: 0.29652778 | U73: 5.1 | V73: 18.002229 | AE73: =M73-J73 -> -240.27984 | AF73: =M73/J73 -> 0.90388807 | AG73: =AF89 -> 0.90487285
B74: 4℃-壽司手卷 | C74: 蔥花生鮪魚脆卷 | E74: 23.19 | F74: 4955 | G74: =E74*F74 -> 114906.45 | I74: 6 | J74: 2500 | K74: =J74/I74 -> 416.66667 | L74: 6 | M74: =F74/V74*60 -> 2258.8715 | N74: =M74/L74 -> 376.47858 | O74: =L74-I74 -> 0 | P74: =N74-K74 -> -40.188087 | Q74: =N74/K74 -> 0.90354859 | S74: 0.3 | T74: 0.39138889 | U74: 5 | V74: 131.61439 | AE74: =M74-J74 -> -241.12852 | AF74: =M74/J74 -> 0.90354859
B75: 4℃-壽司手卷 | C75: 香濃明太子嫩雞飯卷 | E75: 35.89 | F75: 5116 | G75: =E75*F75 -> 183613.24 | I75: 6 | J75: 3273 | K75: =J75/I75 -> 545.5 | L75: 6 | M75: =F75/V75*60 -> 2964.1614 | N75: =M75/L75 -> 494.0269 | O75: =L75-I75 -> 0 | P75: =N75-K75 -> -51.473101 | Q75: =N75/K75 -> 0.90564051 | S75: 0.39444444 | T75: 0.46635417 | U75: 5 | V75: 103.55711 | AE75: =M75-J75 -> -308.8386 | AF75: =M75/J75 -> 0.90564051
B76: 4℃-壽司手卷 | C76: 厚香料優格咖哩烤雞飯卷 | E76: 27.05 | F76: 841 | G76: =E76*F76 -> 22749.05 | I76: 5 | J76: 3273 | K76: =J76/I76 -> 654.6 | L76: 5 | M76: =F76/V76*60 -> 2964.9089 | N76: =M76/L76 -> 592.98178 | O76: =L76-I76 -> 0 | P76: =N76-K76 -> -61.618217 | Q76: =N76/K76 -> 0.9058689 | S76: 0.47013889 | T76: 0.48195602 | U76: 5.45 | V76: 17.019073 | AE76: =M76-J76 -> -308.09109 | AF76: =M76/J76 -> 0.9058689
B89: 平均 | I89: =AVERAGE(I73:I88) -> 5.75 | J89: =AVERAGE(J73:J88) -> 2886.5 | K89: =J89/I89 -> 502 | L89: =AVERAGE(L73:L88) -> 5.75 | M89: =AVERAGE(M73:M88) -> 2611.9155 | N89: =M89/L89 -> 454.24617 | O89: =L89-I89 -> 0 | P89: =N89-K89 -> -47.753828 | Q89: =N89/K89 -> 0.90487285 | S89: 0.16666667 | T89: 0.48195602 | Y89: =SUM(Y73:Y88) -> 0 | Z89: =SUM(Z73:Z88) -> 0 | AC89: =SUM(AC73:AC88) -> 0 | AD89: =SUM(AD73:AD88) -> 0 | AE89: =M89-J89 -> -274.58451 | AF89: =M89/J89 -> 0.90487285
A90: 自動包裝機2 | B90: 4℃-壽司手卷 | C90: 鮪魚昆布細卷 | E90: 15.51 | F90: 2274 | G90: =E90*F90 -> 35269.74 | I90: 6 | J90: 4200 | K90: =J90/I90 -> 700 | L90: 6 | M90: =F90/V90*60 -> 3791.3834 | N90: =M90/L90 -> 631.89723 | O90: =L90-I90 -> 0 | P90: =N90-K90 -> -68.102771 | Q90: =N90/K90 -> 0.90271033 | R90: =Q106 -> 0.90288394 | S90: 0.25 | T90: 0.27498843 | V90: 35.986865 | AE90: =M90-J90 -> -408.61663 | AF90: =M90/J90 -> 0.90271033 | AG90: =AF106 -> 0.90288394
B91: 4℃-壽司手卷 | C91: 肉鬆火腿細卷 | E91: 15.01 | F91: 2323 | G91: =E91*F91 -> 34868.23 | I91: 6 | J91: 4200 | K91: =J91/I91 -> 700 | L91: 6 | M91: =F91/V91*60 -> 3792.8417 | N91: =M91/L91 -> 632.14028 | O91: =L91-I91 -> 0 | P91: =N91-K91 -> -67.859716 | Q91: =N91/K91 -> 0.90305755 | S91: 0.27777778 | T91: 0.30328704 | U91: 5 | V91: 36.748172 | AE91: =M91-J91 -> -407.15829 | AF91: =M91/J91 -> 0.90305755
B106: 平均 | I106: =AVERAGE(I90:I105) -> 6 | J106: =AVERAGE(J90:J105) -> 4200 | K106: =J106/I106 -> 700 | L106: =AVERAGE(L90:L105) -> 6 | M106: =AVERAGE(M90:M105) -> 3792.1125 | N106: =M106/L106 -> 632.01876 | O106: =L106-I106 -> 0 | P106: =N106-K106 -> -67.981243 | Q106: =N106/K106 -> 0.90288394 | S106: 0.25 | T106: 0.30328704 | Y106: =SUM(Y90:Y105) -> 0 | Z106: =SUM(Z90:Z105) -> 0 | AC106: =SUM(AC90:AC105) -> 0 | AD106: =SUM(AD90:AD105) -> 0 | AE106: =M106-J106 -> -407.88746 | AF106: =M106/J106 -> 0.90288394
A107: 便當二線 (二配) | B107: 微波主食 | C107: 二配香烤魚排青醬燉飯 | E107: 58.17 | F107: 1740 | G107: =E107*F107 -> 101215.8 | I107: 18 | J107: 2000 | K107: =J107/I107 -> 111.11111 | L107: 17 | M107: =F107/V107*60 -> 1805.6 | N107: =M107/L107 -> 106.21176 | O107: =L107-I107 -> -1 | P107: =N107-K107 -> -4.8993464 | Q107: =N107/K107 -> 0.95590588 | R107: =Q123 -> 0.95098869 | S107: 0.70833333 | T107: 0.7484838 | V107: 57.820115 | AE107: =M107-J107 -> -194.4 | AF107: =M107/J107 -> 0.9028 | AG107: =AF123 -> 0.90263333
B108: 微波主食 | C108: 二配濃起司燻腸紅醬焗烤飯 | E108: 50.67 | F108: 1764 | G108: =E108*F108 -> 89381.88 | I108: 20 | J108: 2000 | K108: =J108/I108 -> 100 | L108: 19 | M108: =F108/V108*60 -> 1805 | N108: =M108/L108 -> 95 | O108: =L108-I108 -> -1 | P108: =N108-K108 -> -5 | Q108: =N108/K108 -> 0.95 | S108: 0.75138889 | T108: 0.79210648 | U108: 5 | V108: 58.637119 | AE108: =M108-J108 -> -195 | AF108: =M108/J108 -> 0.9025
B109: 微波主食 | C109: 二配西班牙風味海鮮燉飯 | E109: 57.3 | F109: 1675 | G109: =E109*F109 -> 95977.5 | I109: 21 | J109: 2000 | K109: =J109/I109 -> 95.238095 | L109: 20 | M109: =F109/V109*60 -> 1805.2 | N109: =M109/L109 -> 90.26 | O109: =L109-I109 -> -1 | P109: =N109-K109 -> -4.9780952 | Q109: =N109/K109 -> 0.94773 | S109: 0.79513889 | T109: 0.8337963 | U109: 5 | V109: 55.672502 | AE109: =M109-J109 -> -194.8 | AF109: =M109/J109 -> 0.9026
B123: 平均 | I123: =AVERAGE(I107:I122) -> 19.666667 | J123: =AVERAGE(J107:J122) -> 2000 | K123: =J123/I123 -> 101.69492 | L123: =AVERAGE(L107:L122) -> 18.666667 | M123: =AVERAGE(M107:M122) -> 1805.2667 | N123: =M123/L123 -> 96.710714 | O123: =L123-I123 -> -1 | P123: =N123-K123 -> -4.984201 | Q123: =N123/K123 -> 0.95098869 | S123: 0.70833333 | T123: 0.8337963 | Y123: =SUM(Y107:Y122) -> 0 | Z123: =SUM(Z107:Z122) -> 0 | AC123: =SUM(AC107:AC122) -> 0 | AD123: =SUM(AD107:AD122) -> 0 | AE123: =M123-J123 -> -194.73333 | AF123: =M123/J123 -> 0.90263333
A124: 涼麵一線 (二配) | B124: 微波主食 | C124: 二配哞哞培根奶香海陸焗飯 | E124: 47.6 | F124: 2126 | G124: =E124*F124 -> 101197.6 | I124: 23 | J124: 2000 | K124: =J124/I124 -> 86.956522 | L124: 23 | M124: =F124/V124*60 -> 1804.1015 | N124: =M124/L124 -> 78.439197 | O124: =L124-I124 -> 0 | P124: =N124-K124 -> -8.5173244 | Q124: =N124/K124 -> 0.90205077 | R124: =Q140 -> 0.9021478 | S124: 0.70833333 | T124: 0.75743056 | V124: 70.705555 | AE124: =M124-J124 -> -195.89846 | AF124: =M124/J124 -> 0.90205077 | AG124: =AF140 -> 0.9021478
B125: 微波主食 | C125: 二配黃金雞排蘑菇白醬歐姆蛋飯 | E125: 56.87 | F125: 1704 | G125: =E125*F125 -> 96906.48 | I125: 23 | J125: 2000 | K125: =J125/I125 -> 86.956522 | L125: 23 | M125: =F125/V125*60 -> 1805.0186 | N125: =M125/L125 -> 78.479068 | O125: =L125-I125 -> 0 | P125: =N125-K125 -> -8.4774537 | Q125: =N125/K125 -> 0.90250928 | S125: 0.76041667 | T125: 0.79974537 | U125: 5 | V125: 56.642077 | AE125: =M125-J125 -> -194.98144 | AF125: =M125/J125 -> 0.90250928
B126: 微波主食 | C126: 二配里肌豬排可可咖哩歐姆蛋飯 | E126: 56.79 | F126: 2361 | G126: =E126*F126 -> 134081.19 | I126: 23 | J126: 2000 | K126: =J126/I126 -> 86.956522 | L126: 23 | M126: =F126/V126*60 -> 1803.7667 | N126: =M126/L126 -> 78.42464 | O126: =L126-I126 -> 0 | P126: =N126-K126 -> -8.5318817 | Q126: =N126/K126 -> 0.90188336 | S126: 0.80347222 | T126: 0.85800926 | U126: 5.3666667 | V126: 78.535655 | AE126: =M126-J126 -> -196.23328 | AF126: =M126/J126 -> 0.90188336
B140: 平均 | I140: =AVERAGE(I124:I139) -> 23 | J140: =AVERAGE(J124:J139) -> 2000 | K140: =J140/I140 -> 86.956522 | L140: =AVERAGE(L124:L139) -> 23 | M140: =AVERAGE(M124:M139) -> 1804.2956 | N140: =M140/L140 -> 78.447635 | O140: =L140-I140 -> 0 | P140: =N140-K140 -> -8.5088866 | Q140: =N140/K140 -> 0.9021478 | S140: 0.70833333 | T140: 0.85800926 | Y140: =SUM(Y124:Y139) -> 0 | Z140: =SUM(Z124:Z139) -> 0 | AC140: =SUM(AC124:AC139) -> 0 | AD140: =SUM(AD124:AD139) -> 0 | AE140: =M140-J140 -> -195.70439 | AF140: =M140/J140 -> 0.9021478
AA142: 原因回覆
AA143: 1.當日出勤人數較多
AA144: 2.當日出勤人數較少
AA145: 3.當日出勤熟手較多
AA146: 4.當日出勤新人較多
AA147: 5.機台夾盒
AA148: 6.封膜不順
AA149: 7.更換膠膜
AA150: 8.更換碳帶
AA151: 9.當日熱轉印碳帶異常
AA152: 10.訂單量過少
AA153: 11.新品上市，尚未熟悉
AA154: 12.活動期間品項需貼標

Sheet 0829
B1: 屏榮 大溪廠組合室生產人時性分析
B3: 日期 | C3: 115.08.29星期六 | E3: 訂單量 | F3: ='0829(18度C)'!D1+'0829(4度C)'!D1 -> 130180 | H3: 營業額 | I3: ='0829(18度C)'!F1+'0829(4度C)'!F1 -> 4263630.5
B4: 人時性 | C4: 項目 | E4: ➀ | G4: ➁ | I4: ➂ | K4: ④ | M4: ⑤ | O4: 異常停線 | Q4: 短暫停線
C5: 組合室 | E5: 全溫層 | G5: 4度C-各編組展開(一配) | I5: 4度C-各編組展開(二配) | K5: 18度C-各編組展開(一配) | M5: 18度C-各編組展開(二配) | O5: 合計次數 | P5: 時間 | Q5: 合計次數 | R5: 設備次數
C6: 排關平均 | E6: =AVERAGE(D14:O14,D32:X32) -> 503.61382 | F6: =AVERAGE(#REF!,D14:K14) -> #REF! | G6: =AVERAGE(D14:K14) -> 276.1197 | I6: =AVERAGE(L14:O14) -> 94.325718 | K6: =AVERAGE(D32:O32) -> 754.19394 | M6: =AVERAGE(P32:X32) -> 798.91892 | O6: ='0829(4度C)'!Y2 -> 0 | P6: ='0829(4度C)'!Z2 -> 0 | Q6: ='0829(4度C)'!AC2 -> 0 | R6: ='0829(4度C)'!AD2 -> 0
C7: 實績平均 | E7: =AVERAGE(D15:O15,D33:X33) -> 455.90036 | F7: =AVERAGE(#REF!,D15:K15) -> #REF! | G7: =AVERAGE(D15:K15) -> 249.08309 | I7: =AVERAGE(L15:O15) -> 87.577285 | K7: =AVERAGE(D33:O33) -> 682.70681 | M7: =AVERAGE(P33:X33) -> 723.48134
C8: 達成率平均 | E8: =AVERAGE(D16:O16,D34:X34) -> 0.90562512 | F8: =AVERAGE(D16:K16,#REF!) -> #REF! | G8: =AVERAGE(D16:K16) -> 0.90225624 | I8: =AVERAGE(L16:O16) -> 0.92653759 | K8: =AVERAGE(D34:O34) -> 0.9010665 | M8: =AVERAGE(P34:X34) -> 0.90478081
O9: ※現行日本鮮食廠以達成率80%為基本(即為現行KPI)
B11: 溫層 | D11: ➁4度C-各編組展開 | L11: ➂4度C-各編組展開
B12: 編組 | D12: 1 | E12: 2 | F12: 3 | G12: 4 | H12: 5 | I12: 6 | J12: 7 | K12: 8 | L12: 1 | M12: 2 | N12: 3 | O12: 4
D13: 便當一線 | E13: 便當二線 | F13: 涼麵一線 | G13: 涼麵二線 | H13: 涼麵三線 | I13: 自動包裝機 | J13: 自動包裝機2 | K13: 自動包裝機3 | L13: 便當一線 | M13: 便當二線 | N13: 涼麵一線 | O13: 涼麵二線
B14: 人時性 | C14: 排關 | D14: - | E14: 85.245902 | F14: 104.87603 | G14: 85.714286 | H14: 178.88199 | I14: 502 | J14: 700 | K14: - | L14: - | M14: 101.69492 | N14: 86.956522 | O14: -
C15: 實績 | D15: - | E15: 76.965123 | F15: 94.793803 | G15: 77.390627 | H15: 160.97965 | I15: 452.38559 | J15: 631.98376 | K15: - | L15: - | M15: 96.721429 | N15: 78.433142 | O15: -
C16: 達成率 | D16: - | E16: =E15/E14 -> 0.90286009 | F16: =F15/F14 -> 0.90386526 | G16: =G15/G14 -> 0.90289065 | H16: =H15/H14 -> 0.89992096 | I16: =I15/I14 -> 0.90116652 | J16: =J15/J14 -> 0.90283394 | K16: - | L16: - | M16: =M15/M14 -> 0.95109405 | N16: =N15/N14 -> 0.90198114 | O16: -
B17: 作業 時間 | C17: 開始 | D17: - | E17: 0.25 | F17: 0.25 | G17: 0.25 | H17: 0.25 | I17: 0.25 | J17: 0.25 | K17: - | L17: - | M17: 0.70833333 | N17: 0.70833333 | O17: -
C18: 結束 | D18: - | E18: 0.57451389 | F18: 0.52556713 | G18: 0.52884259 | H18: 0.56561343 | I18: 0.46209491 | J18: 0.29082176 | K18: - | L18: - | M18: 0.81482639 | N18: 0.84024306 | O18: -
B19: 產線異常 (5分鐘以上) | C19: 次數
C20: 時間/分
B21: 短暫停線 (5分鐘以下) | C21: 次數
C22: 設備次數
B23: 配置人數 | D23: - | E23: 20.333333 | F23: 20.333333 | G23: 23.333333 | H23: 20.125 | I23: 5.75 | J23: 6 | K23: - | L23: - | M23: 18.666667 | N23: 23 | O23: -
B24: 主要應用設備 | D24: L型封口機 | E24: ET-55 | F24: ET-55 | G24: ET-55 | H24: ET-600 | I24: 伺服包裝機 | J24: 伺服包裝機 | K24: 伺服包裝機 | L24: L型封口機 | M24: ET-55 | N24: ET-55 | O24: ET-55
B25: 次要應用設備 | D25: 伺服包裝機 | H25: 伺服包裝機
B26: 備註 | H26: 涼麵+烤飯糰 | I26: 大口飯糰線 | K26: 烤飯糰+手卷
B29: 溫層 | D29: ➃18度C-各編組展開 (一配) | P29: ⑤18度C-各編組展開 (二配)
B30: 編組 | D30: 1 | E30: 2 | F30: 3 | G30: 4 | H30: 5 | I30: 6 | J30: 7 | K30: 8 | L30: 9 | M30: 10 | N30: 11 | O30: 12 | P30: 1 | Q30: 2 | R30: 3 | S30: 4 | T30: 5 | U30: 6 | V30: 7 | W30: 8 | X30: 9
D31: 便當一線 | E31: 涼麵一線 | F31: 涼麵三線 | G31: 自動包裝機 | H31: 自動包裝機2 | I31: 自動包裝機3 | J31: 味付飯糰線B | K31: (舊) 3300型飯糰線 | L31: 3000型飯糰線 | M31: (新) 3300型飯糰機 | N31: GKK3600型 飯糰機 | O31: GKK3600型 飯糰機2 | P31: 自動包裝機 | Q31: 自動包裝機2 | R31: 自動包裝機3 | S31: 味付飯糰線B | T31: (舊) 3300型飯糰線 | U31: 3000型飯糰線 | V31: (新) 3300型飯糰機 | W31: GKK3600型 飯糰機 | X31: GKK3600型 飯糰機2
B32: 人時性 | C32: 排關 | D32: - | E32: - | F32: - | G32: 327.27273 | H32: - | I32: - | J32: - | K32: - | L32: - | M32: 825 | N32: 1005.8824 | O32: 858.62069 | P32: 490.90909 | Q32: - | R32: - | S32: - | T32: - | U32: - | V32: 709.09091 | W32: 1120 | X32: 875.67568
C33: 實績 | D33: - | E33: - | F33: - | G33: 287.46232 | H33: - | I33: - | J33: - | K33: - | L33: - | M33: 755.81252 | N33: 912.86757 | O33: 774.68483 | P33: 438.31995 | Q33: - | R33: - | S33: - | T33: - | U33: - | V33: 652.20051 | W33: 1015.44 | X33: 787.96487
C34: 達成率 | D34: - | E34: - | F34: - | G34: =G33/G32 -> 0.8783571 | H34: - | I34: - | J34: - | K34: - | L34: - | M34: =M33/M32 -> 0.91613639 | N34: =N33/N32 -> 0.90752916 | O34: =O33/O32 -> 0.90224337 | P34: =P33/P32 -> 0.89287397 | Q34: - | R34: - | S34: - | T34: - | U34: - | V34: =V33/V32 -> 0.91976996 | W34: =W33/W32 -> 0.9066429 | X34: =X33/X32 -> 0.89983643
B35: 作業 時間 | C35: 開始 | D35: - | E35: - | F35: - | G35: 0.25 | H35: - | I35: - | J35: - | K35: - | L35: - | M35: 0.30833333 | N35: 0.25 | O35: 0.25 | P35: 0.70833333 | Q35: - | R35: - | S35: - | T35: - | U35: - | V35: 0.70833333 | W35: 0.72569444 | X35: 0.72986111
C36: 結束 | D36: - | E36: - | F36: - | G36: 0.46209491 | H36: - | I36: - | J36: - | K36: - | L36: - | M36: 0.38439815 | N36: 0.39126157 | O36: 0.39965278 | P36: 0.73570602 | Q36: - | R36: - | S36: - | T36: - | U36: - | V36: 0.82821759 | W36: 0.96299769 | X36: 0.97177083
B37: 配置人數 | D37: - | E37: - | F37: - | G37: 11 | H37: - | I37: - | J37: - | K37: - | L37: - | M37: 4 | N37: 3.4 | O37: 4.1428571 | P37: 7.3333333 | Q37: - | R37: - | S37: - | T37: - | U37: - | V37: 4.4 | W37: 3 | X37: 4.1111111
B38: 主要應用設備 | D38: 伺服包裝機 | E38: ET-55 | F38: ET-600 | G38: 夾心型 | H38: 伺服包裝機 | I38: 伺服包裝機 | J38: 夾心型 | K38: 3300型 | L38: 3300型 | M38: 3300型 | N38: GKK | O38: GKK | P38: 夾心型 | Q38: 伺服包裝機 | R38: 伺服包裝機 | S38: 夾心型 | T38: 3300型 | U38: 3300型 | V38: 3300型 | W38: GKK | X38: GKK
B39: 次要應用設備
B40: 備註

Sheet 0829(18度C)
A1: 大溪廠日報分析 | C1: 總生產量 | D1: =SUM(F5:F140) -> 60302 | E1: 營業額 | F1: =SUM(G5:G140) -> 1170993 | G1: 出勤人數 | H1: =L21+L38+L55+L72+L89+L106+L123+L140 -> 41.387302 | I1: 產線配置圖 | L1: 生產實績 | O1: 人時性差異分析 | S1: 日報登錄 | Y1: 分析說明 | AA1: 產能差異分析
A2: 46263 | C2: 人時性 | D2: =AVERAGE(N21,N38,N55,N72,N89,N106,N123,N140) -> 703.09408 | E2: 平均廠價 | F2: =F1/D1 -> 19.418808 | G2: 多次生產數 | H2: =COUNT(H5:H140) -> 4
A3: 線別 | B3: 品類 | C3: 品名 | E3: 廠價 | F3: 生產量 | G3: 營收 | H3: 多次 生產 | I3: 人數 | J3: 產能/時 | K3: 人時性 | L3: 人數 | M3: 產能/時 | N3: 人時性 | O3: 人數 | P3: 人時性 | Q3: 達成率 | R3: 達成率 平均 | S3: 生產時間 | U3: 換線、休息/分 | V3: 稼動時間/分 | W3: 休息時間 | Y3: (屏榮回填) | AA3: 產能/時 | AB3: 達成率 | AC3: 達成率平均
S4: 開始 | T4: 結束 | W4: 開始 | X4: 結束
A5: 自動包裝機 | B5: 18℃-壽司手卷 | C5: 一配長野稻荷壽司 | E5: 25.64 | F5: 928 | G5: =E5*F5 -> 23793.92 | I5: 10 | J5: 3600 | K5: =J5/I5 -> 360 | L5: 10 | M5: =F5/V5*60 -> 3215.8096 | N5: =M5/L5 -> 321.58096 | O5: =L5-I5 -> 0 | P5: =N5-K5 -> -38.419045 | Q5: =N5/K5 -> 0.89328043 | R5: =Q21 -> 0.8783571 | S5: 0.25 | T5: 0.26201389 | V5: 17.314458 | AA5: =M5-J5 -> -384.19045 | AB5: =M5/J5 -> 0.89328043 | AC5: =AB21 -> 0.8783571
B6: 18℃-壽司手卷 | C6: 一配經典人氣雙手卷 | E6: 29.52 | F6: 1486 | G6: =E6*F6 -> 43866.72 | I6: 11 | J6: 3600 | K6: =J6/I6 -> 327.27273 | L6: 11 | M6: =F6/V6*60 -> 3158.2909 | N6: =M6/L6 -> 287.11736 | O6: =L6-I6 -> 0 | P6: =N6-K6 -> -40.155369 | Q6: =N6/K6 -> 0.87730304 | S6: 0.26597222 | T6: 0.28556713 | U6: 5.7 | V6: 28.230458 | AA6: =M6-J6 -> -441.70906 | AB6: =M6/J6 -> 0.87730304
B7: 18℃-壽司手卷 | C7: 一配鮭鮪海饌雙手卷 | E7: 29.85 | F7: 1802 | G7: =E7*F7 -> 53789.7 | I7: 11 | J7: 3600 | K7: =J7/I7 -> 327.27273 | L7: 11 | M7: =F7/V7*60 -> 3158.0508 | N7: =M7/L7 -> 287.09553 | O7: =L7-I7 -> 0 | P7: =N7-K7 -> -40.177201 | Q7: =N7/K7 -> 0.87723633 | S7: 0.28888889 | T7: 0.31266204 | U7: 4.7833333 | V7: 34.236308 | AA7: =M7-J7 -> -441.94921 | AB7: =M7/J7 -> 0.87723633
B8: 18℃-壽司手卷 | C8: 一配青木瓜雞絲泰泰雙手卷 | E8: 30 | F8: 364 | G8: =E8*F8 -> 10920 | I8: 11 | J8: 3600 | K8: =J8/I8 -> 327.27273 | L8: 11 | M8: =F8/V8*60 -> 3158.1962 | N8: =M8/L8 -> 287.10874 | O8: =L8-I8 -> 0 | P8: =N8-K8 -> -40.163985 | Q8: =N8/K8 -> 0.87727671 | S8: 0.31597222 | T8: 0.32076389 | U8: 4.7666667 | V8: 6.9153399 | AA8: =M8-J8 -> -441.80384 | AB8: =M8/J8 -> 0.87727671
B9: 18℃-飯糰 | C9: 一配兩粒飯糰(鮪魚.焦糖鮭魚) | E9: 28.57 | F9: 601 | G9: =E9*F9 -> 17170.57 | I9: 12 | J9: 3600 | K9: =J9/I9 -> 300 | L9: 12 | M9: =F9/V9*60 -> 3120.0803 | N9: =M9/L9 -> 260.00669 | O9: =L9-I9 -> 0 | P9: =N9-K9 -> -39.99331 | Q9: =N9/K9 -> 0.86668897 | S9: 0.32430556 | T9: 0.33232639 | U9: 5.1 | V9: 11.557395 | AA9: =M9-J9 -> -479.91972 | AB9: =M9/J9 -> 0.86668897
B21: 平均 | I21: =AVERAGE(I5:I20) -> 11 | J21: =AVERAGE(J5:J20) -> 3600 | K21: =J21/I21 -> 327.27273 | L21: =AVERAGE(L5:L20) -> 11 | M21: =AVERAGE(M5:M20) -> 3162.0855 | N21: =M21/L21 -> 287.46232 | O21: =L21-I21 -> 0 | P21: =N21-K21 -> -39.810405 | Q21: =N21/K21 -> 0.8783571 | S21: 0.25 | T21: 0.46209491 | AA21: =M21-J21 -> -437.91445 | AB21: =M21/J21 -> 0.8783571
A22: (新) 3300型飯糰機 | B22: 18℃-飯糰 | C22: 一配鮭魚奶油醬油飯糰 | E22: 18.53 | F22: 1185 | G22: =E22*F22 -> 21958.05 | I22: 3 | J22: 3300 | K22: =J22/I22 -> 1100 | L22: 3 | M22: =F22/V22*60 -> 3033.2625 | N22: =M22/L22 -> 1011.0875 | O22: =L22-I22 -> 0 | P22: =N22-K22 -> -88.912509 | Q22: =N22/K22 -> 0.91917045 | R22: =Q38 -> 0.91613639 | S22: 0.30833333 | T22: 0.32460648 | V22: 23.440108 | AA22: =M22-J22 -> -266.73753 | AB22: =M22/J22 -> 0.91917045 | AC22: =AB38 -> 0.91613639
B23: 18℃-飯糰 | C23: 一配鹽蔥燒肉飯糰 | E23: 17.89 | F23: 1465 | G23: =E23*F23 -> 26208.85 | I23: 4 | J23: 3300 | K23: =J23/I23 -> 825 | L23: 4 | M23: =F23/V23*60 -> 3035.6248 | N23: =M23/L23 -> 758.90621 | O23: =L23-I23 -> 0 | P23: =N23-K23 -> -66.093795 | Q23: =N23/K23 -> 0.91988631 | S23: 0.32777778 | T23: 0.34788194 | U23: 4.5666667 | V23: 28.956147 | AA23: =M23-J23 -> -264.37518 | AB23: =M23/J23 -> 0.91988631
B24: 18℃-飯糰 | C24: 一配醬燒炙烤牛飯糰 | E24: 22.32 | F24: 2378 | G24: =E24*F24 -> 53076.96 | I24: 5 | J24: 3300 | K24: =J24/I24 -> 660 | L24: 5 | M24: =F24/V24*60 -> 3000.863 | N24: =M24/L24 -> 600.17259 | O24: =L24-I24 -> 0 | P24: =N24-K24 -> -59.827408 | Q24: =N24/K24 -> 0.90935241 | S24: 0.35138889 | T24: 0.38439815 | U24: 5.05 | V24: 47.546323 | AA24: =M24-J24 -> -299.13704 | AB24: =M24/J24 -> 0.90935241
B38: 平均 | I38: =AVERAGE(I22:I37) -> 4 | J38: =AVERAGE(J22:J37) -> 3300 | K38: =J38/I38 -> 825 | L38: =AVERAGE(L22:L37) -> 4 | M38: =AVERAGE(M22:M37) -> 3023.2501 | N38: =M38/L38 -> 755.81252 | O38: =L38-I38 -> 0 | P38: =N38-K38 -> -69.187479 | Q38: =N38/K38 -> 0.91613639 | S38: 0.30833333 | T38: 0.38439815 | AA38: =M38-J38 -> -276.74992 | AB38: =M38/J38 -> 0.91613639
A39: GKK3600型 飯糰機 | B39: 18℃-飯糰 | C39: 一配北海道秋鮭親子飯糰 | E39: 24.82 | F39: 476 | G39: =E39*F39 -> 11814.32 | I39: 5 | J39: 3600 | K39: =J39/I39 -> 720 | L39: 5 | M39: =F39/V39*60 -> 3244.1856 | N39: =M39/L39 -> 648.83712 | O39: =L39-I39 -> 0 | P39: =N39-K39 -> -71.162879 | Q39: =N39/K39 -> 0.90116267 | R39: =Q55 -> 0.90752916 | S39: 0.25 | T39: 0.25611111 | V39: 8.8034421 | AA39: =M39-J39 -> -355.81439 | AB39: =M39/J39 -> 0.90116267 | AC39: =AB55 -> 0.90752916
B40: 18℃-飯糰 | C40: 一配蔬食鮪魚飯糰 | E40: 18.18 | F40: 536 | G40: =E40*F40 -> 9744.48 | I40: 3 | J40: 3600 | K40: =J40/I40 -> 1200 | L40: 3 | M40: =F40/V40*60 -> 3240.8032 | N40: =M40/L40 -> 1080.2677 | O40: =L40-I40 -> 0 | P40: =N40-K40 -> -119.73225 | Q40: =N40/K40 -> 0.90022312 | S40: 0.26597222 | T40: 0.2728588 | U40: 15 | V40: 9.9234658 | AA40: =M40-J40 -> -359.19676 | AB40: =M40/J40 -> 0.90022312
B41: 18℃-飯糰 | C41: 一配黑胡椒洋蔥豬飯糰 | E41: 17.07 | F41: 894 | G41: =E41*F41 -> 15260.58 | I41: 3 | J41: 3300 | K41: =J41/I41 -> 1100 | L41: 3 | M41: =F41/V41*60 -> 3036.7585 | N41: =M41/L41 -> 1012.2528 | O41: =L41-I41 -> 0 | P41: =N41-K41 -> -87.747171 | Q41: =N41/K41 -> 0.92022984 | S41: 0.28263889 | T41: 0.29489583 | U41: 15 | V41: 17.663571 | AA41: =M41-J41 -> -263.24151 | AB41: =M41/J41 -> 0.92022984
B42: 18℃-飯糰 | C42: 一配經典肉鬆飯糰 | E42: 14.03 | F42: 2328 | G42: =E42*F42 -> 32661.84 | I42: 3 | J42: 3000 | K42: =J42/I42 -> 1000 | L42: 3 | M42: =F42/V42*60 -> 2759.6161 | N42: =M42/L42 -> 919.87204 | O42: =L42-I42 -> 0 | P42: =N42-K42 -> -80.127962 | Q42: =N42/K42 -> 0.91987204 | S42: 0.30486111 | T42: 0.34 | U42: 15 | V42: 50.615736 | AA42: =M42-J42 -> -240.38389 | AB42: =M42/J42 -> 0.91987204
B43: 18℃-飯糰 | C43: 一配鮪魚飯糰 | E43: 14.28 | F43: 3206 | G43: =E43*F43 -> 45781.68 | I43: 3 | J43: 3600 | K43: =J43/I43 -> 1200 | L43: 3 | M43: =F43/V43*60 -> 3237.3852 | N43: =M43/L43 -> 1079.1284 | O43: =L43-I43 -> 0 | P43: =N43-K43 -> -120.87159 | Q43: =N43/K43 -> 0.89927368 | S43: 0.35 | T43: 0.39126157 | U43: 15 | V43: 59.418322 | AA43: =M43-J43 -> -362.61476 | AB43: =M43/J43 -> 0.89927368
B55: 平均 | I55: =AVERAGE(I39:I54) -> 3.4 | J55: =AVERAGE(J39:J54) -> 3420 | K55: =J55/I55 -> 1005.8824 | L55: =AVERAGE(L39:L54) -> 3.4 | M55: =AVERAGE(M39:M54) -> 3103.7497 | N55: =M55/L55 -> 912.86757 | O55: =L55-I55 -> 0 | P55: =N55-K55 -> -93.014783 | Q55: =N55/K55 -> 0.90752916 | S55: 0.25 | T55: 0.39126157 | AA55: =M55-J55 -> -316.25026 | AB55: =M55/J55 -> 0.90752916
A56: GKK3600型 飯糰機2 | B56: 18℃-飯糰 | C56: 一配熟成紅鮭飯糰 | E56: 25.03 | F56: 333 | G56: =E56*F56 -> 8334.99 | I56: 5 | J56: 3600 | K56: =J56/I56 -> 720 | L56: 5 | M56: =F56/V56*60 -> 3239.207 | N56: =M56/L56 -> 647.8414 | O56: =L56-I56 -> 0 | P56: =N56-K56 -> -72.158601 | Q56: =N56/K56 -> 0.89977972 | R56: =Q72 -> 0.90224337 | S56: 0.25 | T56: 0.25428241 | V56: 6.1681764 | AA56: =M56-J56 -> -360.793 | AB56: =M56/J56 -> 0.89977972 | AC56: =AB72 -> 0.90224337
B57: 18℃-飯糰 | C57: 一配椒鹽檸檬鯖魚飯糰 | E57: 20.72 | F57: 542 | G57: =E57*F57 -> 11230.24 | I57: 3 | J57: 3600 | K57: =J57/I57 -> 1200 | L57: 3 | M57: =F57/V57*60 -> 3240.0761 | N57: =M57/L57 -> 1080.0254 | O57: =L57-I57 -> 0 | P57: =N57-K57 -> -119.97462 | Q57: =N57/K57 -> 0.90002115 | S57: 0.26458333 | T57: 0.27155093 | U57: 14.833333 | V57: 10.036801 | AA57: =M57-J57 -> -359.92386 | AB57: =M57/J57 -> 0.90002115
B58: 18℃-飯糰 | C58: 一配明太子龍蝦風味沙拉飯糰 | E58: 18.18 | F58: 984 | G58: =E58*F58 -> 17889.12 | I58: 3 | J58: 3600 | K58: =J58/I58 -> 1200 | L58: 3 | M58: =F58/V58*60 -> 3240.3156 | N58: =M58/L58 -> 1080.1052 | O58: =L58-I58 -> 0 | P58: =N58-K58 -> -119.89479 | Q58: =N58/K58 -> 0.90008768 | S58: 0.28194444 | T58: 0.29459491 | U58: 14.966667 | V58: 18.220447 | AA58: =M58-J58 -> -359.68437 | AB58: =M58/J58 -> 0.90008768
B59: 18℃-飯糰 | C59: 一配贅沢鮭魚肚飯糰 | E59: 30 | F59: 775 | G59: =E59*F59 -> 23250 | I59: 4 | J59: 3600 | K59: =J59/I59 -> 900 | L59: 4 | M59: =F59/V59*60 -> 3236.5507 | N59: =M59/L59 -> 809.13767 | O59: =L59-I59 -> 0 | P59: =N59-K59 -> -90.862331 | Q59: =N59/K59 -> 0.89904185 | S59: 0.30486111 | T59: 0.31483796 | U59: 14.783333 | V59: 14.367147 | AA59: =M59-J59 -> -363.44933 | AB59: =M59/J59 -> 0.89904185
B60: 18℃-飯糰 | C60: 一配筋子銀鮭飯糰 | E60: 30 | F60: 584 | G60: =E60*F60 -> 17520 | I60: 4 | J60: 3300 | K60: =J60/I60 -> 825 | L60: 4 | M60: =F60/V60*60 -> 3036.5479 | N60: =M60/L60 -> 759.13698 | O60: =L60-I60 -> 0 | P60: =N60-K60 -> -65.86302 | Q60: =N60/K60 -> 0.92016604 | S60: 0.325 | T60: 0.33300926 | U60: 14.633333 | V60: 11.539419 | AA60: =M60-J60 -> -263.45208 | AB60: =M60/J60 -> 0.92016604
B61: 18℃-飯糰 | C61: 一配鹽蔥生鮭飯糰 | E61: 27.48 | F61: 1003 | G61: =E61*F61 -> 27562.44 | I61: 5 | J61: 3600 | K61: =J61/I61 -> 720 | L61: 5 | M61: =F61/V61*60 -> 3234.9659 | N61: =M61/L61 -> 646.99318 | O61: =L61-I61 -> 0 | P61: =N61-K61 -> -73.006825 | Q61: =N61/K61 -> 0.89860163 | S61: 0.34305556 | T61: 0.35597222 | U61: 15 | V61: 18.602978 | AA61: =M61-J61 -> -365.03412 | AB61: =M61/J61 -> 0.89860163
B62: 18℃-飯糰 | C62: 一配雞肉飯飯糰 | E62: 16.66 | F62: 2618 | G62: =E62*F62 -> 43615.88 | I62: 5 | J62: 3600 | K62: =J62/I62 -> 720 | L62: 5 | M62: =F62/V62*60 -> 3238.1967 | N62: =M62/L62 -> 647.63934 | O62: =L62-I62 -> 0 | P62: =N62-K62 -> -72.360656 | Q62: =N62/K62 -> 0.89949909 | S62: 0.36597222 | T62: 0.39965278 | U62: 15 | V62: 48.50848 | AA62: =M62-J62 -> -361.80328 | AB62: =M62/J62 -> 0.89949909
B72: 平均 | I72: =AVERAGE(I56:I71) -> 4.1428571 | J72: =AVERAGE(J56:J71) -> 3557.1429 | K72: =J72/I72 -> 858.62069 | L72: =AVERAGE(L56:L71) -> 4.1428571 | M72: =AVERAGE(M56:M71) -> 3209.4086 | N72: =M72/L72 -> 774.68483 | O72: =L72-I72 -> 0 | P72: =N72-K72 -> -83.935863 | Q72: =N72/K72 -> 0.90224337 | S72: 0.25 | T72: 0.39965278 | AA72: =M72-J72 -> -347.73429 | AB72: =M72/J72 -> 0.90224337
A73: 自動包裝機 (二配) | B73: 18℃-飯糰 | C73: 二配兩粒飯糰(鮪魚.焦糖鮭魚) | E73: 28.57 | F73: 1006 | G73: =E73*F73 -> 28741.42 | I73: 12 | J73: 3600 | K73: =J73/I73 -> 300 | L73: 12 | M73: =F73/V73*60 -> 3121.8898 | N73: =M73/L73 -> 260.15748 | O73: =L73-I73 -> 0 | P73: =N73-K73 -> -39.842517 | Q73: =N73/K73 -> 0.86719161 | R73: =Q89 -> 0.89287397 | S73: 0.70833333 | T73: 0.72175926 | V73: 19.334443 | AA73: =M73-J73 -> -478.11021 | AB73: =M73/J73 -> 0.86719161 | AC73: =AB89 -> 0.89287397
B74: 18℃-飯糰 | C74: 二配柚香雞胸五穀飯糰 | E74: 17.71 | F74: 221 | G74: =E74*F74 -> 3913.91 | I74: 5 | J74: 3600 | K74: =J74/I74 -> 720 | L74: 5 | M74: =F74/V74*60 -> 3260.1684 | N74: =M74/L74 -> 652.03368 | O74: =L74-I74 -> 0 | P74: =N74-K74 -> -67.966317 | Q74: =N74/K74 -> 0.90560234 | S74: 0.725 | T74: 0.72782407 | U74: 4.6666667 | V74: 4.0672745 | AA74: =M74-J74 -> -339.83159 | AB74: =M74/J74 -> 0.90560234
B75: 18℃-飯糰 | C75: 二配鮭魚毛豆炊飯飯糰 | E75: 18.92 | F75: 295 | G75: =E75*F75 -> 5581.4 | I75: 5 | J75: 3600 | K75: =J75/I75 -> 720 | L75: 5 | M75: =F75/V75*60 -> 3260.9807 | N75: =M75/L75 -> 652.19614 | O75: =L75-I75 -> 0 | P75: =N75-K75 -> -67.803861 | Q75: =N75/K75 -> 0.90582797 | S75: 0.73194444 | T75: 0.73570602 | U75: 5.9333333 | V75: 5.427815 | AA75: =M75-J75 -> -339.01931 | AB75: =M75/J75 -> 0.90582797
B89: 平均 | I89: =AVERAGE(I73:I88) -> 7.3333333 | J89: =AVERAGE(J73:J88) -> 3600 | K89: =J89/I89 -> 490.90909 | L89: =AVERAGE(L73:L88) -> 7.3333333 | M89: =AVERAGE(M73:M88) -> 3214.3463 | N89: =M89/L89 -> 438.31995 | O89: =L89-I89 -> 0 | P89: =N89-K89 -> -52.589141 | Q89: =N89/K89 -> 0.89287397 | S89: 0.70833333 | T89: 0.73570602 | AA89: =M89-J89 -> -385.6537 | AB89: =M89/J89 -> 0.89287397
A90: (新) 3300型飯糰機 (二配) | B90: 18℃-飯糰 | C90: 二配大飯糰乾燒風味鮮蝦 | E90: 23.27 | F90: 167 | G90: =E90*F90 -> 3886.09 | I90: 5 | J90: 3000 | K90: =J90/I90 -> 600 | L90: 5 | M90: =F90/V90*60 -> 2761.1495 | N90: =M90/L90 -> 552.22991 | O90: =L90-I90 -> 0 | P90: =N90-K90 -> -47.770093 | Q90: =N90/K90 -> 0.92038318 | R90: =Q106 -> 0.91976996 | S90: 0.70833333 | T90: 0.71084491 | V90: 3.6289233 | AA90: =M90-J90 -> -238.85047 | AB90: =M90/J90 -> 0.92038318 | AC90: =AB106 -> 0.91976996
B91: 18℃-飯糰 | C91: 二配大飯糰韓式蒜烤豬五花 | E91: 24.54 | F91: 838 | G91: =E91*F91 -> 20564.52 | I91: 4 | J91: 3000 | K91: =J91/I91 -> 750 | L91: 4 | M91: =F91/V91*60 -> 2760.8536 | N91: =M91/L91 -> 690.21339 | O91: =L91-I91 -> 0 | P91: =N91-K91 -> -59.786612 | Q91: =N91/K91 -> 0.92028452 | S91: 0.71458333 | T91: 0.72722222 | U91: 5.3833333 | V91: 18.211759 | AA91: =M91-J91 -> -239.14645 | AB91: =M91/J91 -> 0.92028452
B92: 18℃-飯糰 | C92: 二配大飯糰泡菜鮪魚 | E92: 24.33 | F92: 757 | G92: =E92*F92 -> 18417.81 | I92: 4 | J92: 3000 | K92: =J92/I92 -> 750 | L92: 4 | M92: =F92/V92*60 -> 2758.7951 | N92: =M92/L92 -> 689.69877 | O92: =L92-I92 -> 0 | P92: =N92-K92 -> -60.301232 | Q92: =N92/K92 -> 0.91959836 | S92: 0.73125 | T92: 0.74267361 | U92: 5.8 | V92: 16.463709 | AA92: =M92-J92 -> -241.20493 | AB92: =M92/J92 -> 0.91959836
B93: 18℃-飯糰 | C93: 二配醬燒炙烤牛飯糰 | E93: 22.32 | F93: 2119 | G93: =E93*F93 -> 47296.08 | I93: 5 | J93: 3300 | K93: =J93/I93 -> 660 | L93: 5 | M93: =F93/V93*60 -> 3031.9786 | N93: =M93/L93 -> 606.39573 | O93: =L93-I93 -> 0 | P93: =N93-K93 -> -53.604274 | Q93: =N93/K93 -> 0.9187814 | S93: 0.74583333 | T93: 0.77494213 | U93: 4.55 | V93: 41.933013 | AA93: =M93-J93 -> -268.02137 | AB93: =M93/J93 -> 0.9187814
B94: 18℃-飯糰 | C94: 二配鹽蔥燒肉飯糰 | E94: 17.89 | F94: 3625 | G94: =E94*F94 -> 64851.25 | I94: 4 | J94: 3300 | K94: =J94/I94 -> 825 | L94: 4 | M94: =F94/V94*60 -> 3035.6345 | N94: =M94/L94 -> 758.90863 | O94: =L94-I94 -> 0 | P94: =N94-K94 -> -66.091366 | Q94: =N94/K94 -> 0.91988925 | S94: 0.77847222 | T94: 0.82821759 | U94: 5.0833333 | V94: 71.648941 | AA94: =M94-J94 -> -264.36546 | AB94: =M94/J94 -> 0.91988925
B106: 平均 | I106: =AVERAGE(I90:I105) -> 4.4 | J106: =AVERAGE(J90:J105) -> 3120 | K106: =J106/I106 -> 709.09091 | L106: =AVERAGE(L90:L105) -> 4.4 | M106: =AVERAGE(M90:M105) -> 2869.6823 | N106: =M106/L106 -> 652.20051 | O106: =L106-I106 -> 0 | P106: =N106-K106 -> -56.890394 | Q106: =N106/K106 -> 0.91976996 | S106: 0.70833333 | T106: 0.82821759 | AA106: =M106-J106 -> -250.31774 | AB106: =M106/J106 -> 0.91976996
A107: GKK3600型 飯糰機 (二配) | B107: 18℃-飯糰 | C107: 二配芝麻香鬆飯糰 | E107: 18.18 | F107: 1327 | G107: =E107*F107 -> 24124.86 | I107: 3 | J107: 3000 | K107: =J107/I107 -> 1000 | L107: 3 | M107: =F107/V107*60 -> 2762.0514 | N107: =M107/L107 -> 920.6838 | O107: =L107-I107 -> 0 | P107: =N107-K107 -> -79.316196 | Q107: =N107/K107 -> 0.9206838 | R107: =Q123 -> 0.9066429 | S107: 0.72569444 | T107: 0.74570602 | V107: 28.8264 | AA107: =M107-J107 -> -237.94859 | AB107: =M107/J107 -> 0.9206838 | AC107: =AB123 -> 0.9066429
B108: 18℃-飯糰 | C108: 二配蔬食鮪魚飯糰 | E108: 18.18 | F108: 822 | G108: =E108*F108 -> 14943.96 | I108: 3 | J108: 3600 | K108: =J108/I108 -> 1200 | L108: 3 | M108: =F108/V108*60 -> 3238.3311 | N108: =M108/L108 -> 1079.4437 | O108: =L108-I108 -> 0 | P108: =N108-K108 -> -120.55629 | Q108: =N108/K108 -> 0.89953642 | S108: 0.75555556 | T108: 0.76612269 | U108: 15 | V108: 15.230067 | AA108: =M108-J108 -> -361.66888 | AB108: =M108/J108 -> 0.89953642
B109: 18℃-飯糰 | C109: 二配鮪魚飯糰 | E109: 14.28 | F109: 2525 | G109: =E109*F109 -> 36057 | H109: 2 | I109: 3 | J109: 3600 | K109: =J109/I109 -> 1200 | L109: 3 | M109: =F109/V109*60 -> 3236.1203 | N109: =M109/L109 -> 1078.7068 | O109: =L109-I109 -> 0 | P109: =N109-K109 -> -121.29322 | Q109: =N109/K109 -> 0.89892231 | S109: 0.77638889 | T109: 0.80888889 | U109: 14.783333 | V109: 46.815317 | AA109: =M109-J109 -> -363.87967 | AB109: =M109/J109 -> 0.89892231
B110: 18℃-飯糰 | C110: 二配經典肉鬆飯糰 | E110: 14.03 | F110: 5303 | G110: =E110*F110 -> 74401.09 | I110: 3 | J110: 3000 | K110: =J110/I110 -> 1000 | L110: 3 | M110: =F110/V110*60 -> 2758.9774 | N110: =M110/L110 -> 919.65915 | O110: =L110-I110 -> 0 | P110: =N110-K110 -> -80.340852 | Q110: =N110/K110 -> 0.91965915 | S110: 0.81875 | T110: 0.89883102 | U110: 15 | V110: 115.32534 | AA110: =M110-J110 -> -241.02255 | AB110: =M110/J110 -> 0.91965915
B111: 18℃-飯糰 | C111: 二配鮪魚飯糰 | E111: 14.28 | F111: 4192 | G111: =E111*F111 -> 59861.76 | I111: 3 | J111: 3600 | K111: =J111/I111 -> 1200 | L111: 3 | M111: =F111/V111*60 -> 3236.1203 | N111: =M111/L111 -> 1078.7068 | O111: =L111-I111 -> 0 | P111: =N111-K111 -> -121.29322 | Q111: =N111/K111 -> 0.89892231 | S111: 0.90902778 | T111: 0.96299769 | U111: 14.683333 | V111: 77.722697 | AA111: =M111-J111 -> -363.87967 | AB111: =M111/J111 -> 0.89892231
B123: 平均 | I123: =AVERAGE(I107:I122) -> 3 | J123: =AVERAGE(J107:J122) -> 3360 | K123: =J123/I123 -> 1120 | L123: =AVERAGE(L107:L122) -> 3 | M123: =AVERAGE(M107:M122) -> 3046.3201 | N123: =M123/L123 -> 1015.44 | O123: =L123-I123 -> 0 | P123: =N123-K123 -> -104.55996 | Q123: =N123/K123 -> 0.9066429 | S123: 0.72569444 | T123: 0.96299769 | AA123: =M123-J123 -> -313.67987 | AB123: =M123/J123 -> 0.9066429
A124: GKK3600型 飯糰機2 (二配) | B124: 18℃-飯糰 | C124: 二配三杯醬爆菇菇飯糰 | E124: 16.7 | F124: 936 | G124: =E124*F124 -> 15631.2 | I124: 3 | J124: 3600 | K124: =J124/I124 -> 1200 | L124: 3 | M124: =F124/V124*60 -> 3238.3157 | N124: =M124/L124 -> 1079.4386 | O124: =L124-I124 -> 0 | P124: =N124-K124 -> -120.56144 | Q124: =N124/K124 -> 0.89953214 | R124: =Q140 -> 0.89983643 | S124: 0.72986111 | T124: 0.74189815 | V124: 17.342349 | AA124: =M124-J124 -> -361.68431 | AB124: =M124/J124 -> 0.89953214 | AC124: =AB140 -> 0.89983643
B125: 18℃-飯糰 | C125: 二配熟成紅鮭飯糰 | E125: 25.03 | F125: 902 | G125: =E125*F125 -> 22577.06 | I125: 5 | J125: 3600 | K125: =J125/I125 -> 720 | L125: 5 | M125: =F125/V125*60 -> 3237.2287 | N125: =M125/L125 -> 647.44575 | O125: =L125-I125 -> 0 | P125: =N125-K125 -> -72.554251 | Q125: =N125/K125 -> 0.89923021 | S125: 0.75208333 | T125: 0.76369213 | U125: 14.666667 | V125: 16.718003 | AA125: =M125-J125 -> -362.77126 | AB125: =M125/J125 -> 0.89923021
B126: 18℃-飯糰 | C126: 二配北海道秋鮭親子飯糰 | E126: 24.82 | F126: 1418 | G126: =E126*F126 -> 35194.76 | I126: 5 | J126: 3600 | K126: =J126/I126 -> 720 | L126: 5 | M126: =F126/V126*60 -> 3236.6478 | N126: =M126/L126 -> 647.32956 | O126: =L126-I126 -> 0 | P126: =N126-K126 -> -72.670439 | Q126: =N126/K126 -> 0.89906883 | S126: 0.77361111 | T126: 0.79186343 | U126: 15 | V126: 26.286456 | AA126: =M126-J126 -> -363.3522 | AB126: =M126/J126 -> 0.89906883
B127: 18℃-飯糰 | C127: 二配贅沢鮭魚肚飯糰 | E127: 30 | F127: 620 | G127: =E127*F127 -> 18600 | H127: 2 | I127: 4 | J127: 3600 | K127: =J127/I127 -> 900 | L127: 4 | M127: =F127/V127*60 -> 3242.7427 | N127: =M127/L127 -> 810.68568 | O127: =L127-I127 -> 0 | P127: =N127-K127 -> -89.314324 | Q127: =N127/K127 -> 0.90076186 | S127: 0.80208333 | T127: 0.8100463 | U127: 14.716667 | V127: 11.47177 | AA127: =M127-J127 -> -357.2573 | AB127: =M127/J127 -> 0.90076186
B128: 18℃-飯糰 | C128: 二配明太子龍蝦風味沙拉飯糰 | E128: 18.18 | F128: 971 | G128: =E128*F128 -> 17652.78 | H128: 2 | I128: 3 | J128: 3600 | K128: =J128/I128 -> 1200 | L128: 3 | M128: =F128/V128*60 -> 3242.0034 | N128: =M128/L128 -> 1080.6678 | O128: =L128-I128 -> 0 | P128: =N128-K128 -> -119.3322 | Q128: =N128/K128 -> 0.9005565 | S128: 0.82013889 | T128: 0.83261574 | U128: 14.533333 | V128: 17.97037 | AA128: =M128-J128 -> -357.99659 | AB128: =M128/J128 -> 0.9005565
B129: 18℃-飯糰 | C129: 二配雞肉飯飯糰 | E129: 16.66 | F129: 2101 | G129: =E129*F129 -> 35002.66 | H129: 2 | I129: 5 | J129: 3600 | K129: =J129/I129 -> 720 | L129: 5 | M129: =F129/V129*60 -> 3236.5079 | N129: =M129/L129 -> 647.30157 | O129: =L129-I129 -> 0 | P129: =N129-K129 -> -72.698426 | Q129: =N129/K129 -> 0.89902996 | S129: 0.84236111 | T129: 0.86939815 | U129: 15 | V129: 38.949388 | AA129: =M129-J129 -> -363.49213 | AB129: =M129/J129 -> 0.89902996
B130: 18℃-飯糰 | C130: 二配贅沢鮭魚肚飯糰 | E130: 30 | F130: 857 | G130: =E130*F130 -> 25710 | I130: 4 | J130: 3600 | K130: =J130/I130 -> 900 | L130: 4 | M130: =F130/V130*60 -> 3242.7427 | N130: =M130/L130 -> 810.68568 | O130: =L130-I130 -> 0 | P130: =N130-K130 -> -89.314324 | Q130: =N130/K130 -> 0.90076186 | S130: 0.87916667 | T130: 0.89017361 | U130: 15 | V130: 15.856947 | AA130: =M130-J130 -> -357.2573 | AB130: =M130/J130 -> 0.90076186
B131: 18℃-飯糰 | C131: 二配明太子龍蝦風味沙拉飯糰 | E131: 18.18 | F131: 1556 | G131: =E131*F131 -> 28288.08 | I131: 3 | J131: 3600 | K131: =J131/I131 -> 1200 | L131: 3 | M131: =F131/V131*60 -> 3242.0034 | N131: =M131/L131 -> 1080.6678 | O131: =L131-I131 -> 0 | P131: =N131-K131 -> -119.3322 | Q131: =N131/K131 -> 0.9005565 | S131: 0.9 | T131: 0.91998843 | U131: 15 | V131: 28.797009 | AA131: =M131-J131 -> -357.99659 | AB131: =M131/J131 -> 0.9005565
B132: 18℃-飯糰 | C132: 二配雞肉飯飯糰 | E132: 16.66 | F132: 3256 | G132: =E132*F132 -> 54244.96 | I132: 5 | J132: 3600 | K132: =J132/I132 -> 720 | L132: 5 | M132: =F132/V132*60 -> 3236.5079 | N132: =M132/L132 -> 647.30157 | O132: =L132-I132 -> 0 | P132: =N132-K132 -> -72.698426 | Q132: =N132/K132 -> 0.89902996 | S132: 0.92986111 | T132: 0.97177083 | U132: 15 | V132: 60.361355 | AA132: =M132-J132 -> -363.49213 | AB132: =M132/J132 -> 0.89902996
B140: 平均 | I140: =AVERAGE(I124:I139) -> 4.1111111 | J140: =AVERAGE(J124:J139) -> 3600 | K140: =J140/I140 -> 875.67568 | L140: =AVERAGE(L124:L139) -> 4.1111111 | M140: =AVERAGE(M124:M139) -> 3239.4111 | N140: =M140/L140 -> 787.96487 | O140: =L140-I140 -> 0 | P140: =N140-K140 -> -87.710805 | Q140: =N140/K140 -> 0.89983643 | S140: 0.72986111 | T140: 0.97177083 | AA140: =M140-J140 -> -360.58887 | AB140: =M140/J140 -> 0.89983643
Y142: 原因回覆
Y143: 1.當日出勤人數較多
Y144: 2.當日出勤人數較少
Y145: 3.當日出勤熟手較多
Y146: 4.當日出勤新人較多
Y147: 5.機台夾盒
Y148: 6.封膜不順
Y149: 7.更換膠膜
Y150: 8.更換碳帶
Y151: 9.當日熱轉印碳帶異常
Y152: 10.訂單量過少
Y153: 11.新品上市，尚未熟悉
Y154: 12.活動期間品項需貼標

Sheet 0829(4度C)
A1: 大溪廠日報分析 | C1: 總生產量 | D1: =SUM(F5:F140) -> 69878 | E1: 營業額 | F1: =SUM(G5:G140) -> 3092637.5 | G1: 出勤人數 | H1: =L21+L38+L55+L72+L89+L106+L123+L140 -> 137.54167 | I1: 產線配置圖 | L1: 生產實績 | O1: 人時性差異分析 | S1: 日報登錄 | Y1: 合計次數 | Z1: 合計(時間/分) | AA1: 產線異常 分析說明(5分鐘以上) | AC1: 合計次數 | AD1: 合計(時間/分) | AE1: 產能差異分析
A2: 46263 | C2: 人時性 | D2: =AVERAGE(N21,N38,N55,N72,N89,N106,N123,N140) -> 208.70664 | E2: 平均廠價 | F2: =F1/D1 -> 44.257671 | G2: 多次生產數 | H2: =COUNT(H5:H140) -> 0 | Y2: =SUM(Y21,Y38,Y55,Y72,Y89,Y106,Y123,Y140) -> 0 | Z2: =SUM(Z21,Z38,Z55,Z72,Z89,Z106,Z123,Z140) -> 0 | AC2: =SUM(AC21,AC38,AC55,AC72,AC89,AC106,AC123,AC140) -> 0 | AD2: =SUM(AD21,AD38,AD55,AD72,AD89,AD106,AD123,AD140) -> 0
A3: 線別 | B3: 品類 | C3: 品名 | E3: 廠價 | F3: 生產量 | G3: 營收 | H3: 多次 生產 | I3: 人數 | J3: 產能/時 | K3: 人時性 | L3: 人數 | M3: 產能/時 | N3: 人時性 | O3: 人數 | P3: 人時性 | Q3: 達成率 | R3: 達成率 平均 | S3: 生產時間 | U3: 換線、休息/分 | V3: 稼動時間/分 | W3: 休息時間 | Y3: 產線異常統計(5分鐘以上) | AA3: (屏榮回填) | AC3: 短暫停線統計(5分鐘以下) | AE3: 產能/時 | AF3: 達成率 | AG3: 達成率平均
S4: 開始 | T4: 結束 | W4: 開始 | X4: 結束 | Y4: 次數 | Z4: 時間/分 | AC4: 總次數 | AD4: 設備因素(次數)
A5: 便當二線 | B5: 微波小吃 | C5: 日式茶碗蒸 | E5: 19.7 | F5: 3387 | G5: =E5*F5 -> 66723.9 | I5: 13 | J5: 1200 | K5: =J5/I5 -> 92.307692 | L5: 13 | M5: =F5/V5*60 -> 1084.4073 | N5: =M5/L5 -> 83.415945 | O5: =L5-I5 -> 0 | P5: =N5-K5 -> -8.8917471 | Q5: =N5/K5 -> 0.90367274 | R5: =Q21 -> 0.90286009 | S5: 0.25 | T5: 0.38013889 | V5: 187.40191 | AE5: =M5-J5 -> -115.59271 | AF5: =M5/J5 -> 0.90367274 | AG5: =AF21 -> 0.90286009
B6: 微波主食 | C6: 糖燻野郎三十天熟成牛飯 | E6: 56.43 | F6: 3703 | G6: =E6*F6 -> 208960.29 | I6: 24 | J6: 2000 | K6: =J6/I6 -> 83.333333 | L6: 24 | M6: =F6/V6*60 -> 1805.7548 | N6: =M6/L6 -> 75.239784 | O6: =L6-I6 -> 0 | P6: =N6-K6 -> -8.0935491 | Q6: =N6/K6 -> 0.90287741 | S6: 0.38402778 | T6: 0.46946759 | U6: 5.6 | V6: 123.03996 | W6: 0.46946759 | X6: 0.50763889 | AE6: =M6-J6 -> -194.24518 | AF6: =M6/J6 -> 0.90287741
B7: 便當 | C7: 健身G肉餐盒 | E7: 59.52 | F7: 2897 | G7: =E7*F7 -> 172429.44 | I7: 24 | J7: 2000 | K7: =J7/I7 -> 83.333333 | L7: 24 | M7: =F7/V7*60 -> 1804.7104 | N7: =M7/L7 -> 75.196265 | O7: =L7-I7 -> 0 | P7: =N7-K7 -> -8.1370679 | Q7: =N7/K7 -> 0.90235519 | S7: 0.50763889 | T7: 0.57451389 | U7: 54.966667 | V7: 96.314624 | AE7: =M7-J7 -> -195.28963 | AF7: =M7/J7 -> 0.90235519
B21: 平均 | I21: =AVERAGE(I5:I20) -> 20.333333 | J21: =AVERAGE(J5:J20) -> 1733.3333 | K21: =J21/I21 -> 85.245902 | L21: =AVERAGE(L5:L20) -> 20.333333 | M21: =AVERAGE(M5:M20) -> 1564.9575 | N21: =M21/L21 -> 76.965123 | O21: =L21-I21 -> 0 | P21: =N21-K21 -> -8.280779 | Q21: =N21/K21 -> 0.90286009 | S21: 0.25 | T21: 0.57451389 | Y21: =SUM(Y5:Y20) -> 0 | Z21: =SUM(Z5:Z20) -> 0 | AC21: =SUM(AC5:AC20) -> 0 | AD21: =SUM(AD5:AD20) -> 0 | AE21: =M21-J21 -> -168.37584 | AF21: =M21/J21 -> 0.90286009
A22: 涼麵一線 | B22: 4℃-壽司手卷 | C22: 海陸雙拼壽司 | E22: 36.45 | F22: 1692 | G22: =E22*F22 -> 61673.4 | I22: 20 | J22: 2100 | K22: =J22/I22 -> 105 | L22: 20 | M22: =F22/V22*60 -> 1896.0083 | N22: =M22/L22 -> 94.800417 | O22: =L22-I22 -> 0 | P22: =N22-K22 -> -10.199583 | Q22: =N22/K22 -> 0.90286112 | R22: =Q38 -> 0.90386526 | S22: 0.25 | T22: 0.28717593 | V22: 53.544068 | AE22: =M22-J22 -> -203.99166 | AF22: =M22/J22 -> 0.90286112 | AG22: =AF38 -> 0.91133523
B23: 微波小吃 | C23: 越式牛肉寬粉 | E23: 51.44 | F23: 813 | G23: =E23*F23 -> 41820.72 | I23: 19 | J23: 2000 | K23: =J23/I23 -> 105.26316 | L23: 19 | M23: =F23/V23*60 -> 1803.7709 | N23: =M23/L23 -> 94.935311 | O23: =L23-I23 -> 0 | P23: =N23-K23 -> -10.327847 | Q23: =N23/K23 -> 0.90188546 | S23: 0.29027778 | T23: 0.30905093 | U23: 5 | V23: 27.043345 | AE23: =M23-J23 -> -196.22908 | AF23: =M23/J23 -> 0.90188546
B24: 微波主食 | C24: 日式鮭魚茶泡烤飯 | E24: 43.28 | F24: 1047 | G24: =E24*F24 -> 45314.16 | I24: 21 | J24: 1800 | K24: =J24/I24 -> 85.714286 | L24: 21 | M24: =F24/V24*60 -> 1626.7649 | N24: =M24/L24 -> 77.464996 | O24: =L24-I24 -> 0 | P24: =N24-K24 -> -8.2492893 | Q24: =N24/K24 -> 0.90375829 | S24: 0.3125 | T24: 0.33930556 | U24: 4.9666667 | V24: 38.61652 | AE24: =M24-J24 -> -173.23508 | AF24: =M24/J24 -> 0.90375829
B25: 便當 | C25: 懷舊滷雙拼便當 | E25: 61.09 | F25: 2583 | G25: =E25*F25 -> 157795.47 | I25: 20 | J25: 2000 | K25: =J25/I25 -> 100 | L25: 20 | M25: =F25/V25*60 -> 1805.4208 | N25: =M25/L25 -> 90.271041 | O25: =L25-I25 -> 0 | P25: =N25-K25 -> -9.7289585 | Q25: =N25/K25 -> 0.90271041 | S25: 0.34236111 | T25: 0.40196759 | U25: 5 | V25: 85.841482 | AE25: =M25-J25 -> -194.57917 | AF25: =M25/J25 -> 0.90271041
B26: 便當 | C26: 香腸腿排雙拼便當 | E26: 53.76 | F26: 2453 | G26: =E26*F26 -> 131873.28 | I26: 20 | J26: 2000 | K26: =J26/I26 -> 100 | L26: 20 | M26: =F26/V26*60 -> 1806.2444 | N26: =M26/L26 -> 90.312219 | O26: =L26-I26 -> 0 | P26: =N26-K26 -> -9.6877806 | Q26: =N26/K26 -> 0.90312219 | S26: 0.40555556 | T26: 0.4621412 | U26: 5.1666667 | V26: 81.48399 | W26: 0.4621412 | X26: 0.50069444 | AE26: =M26-J26 -> -193.75561 | AF26: =M26/J26 -> 0.90312219
B27: 4℃-飯糰 | C27: 麻油雞飯糰 | E27: 29.97 | F27: 1568 | G27: =E27*F27 -> 46992.96 | I27: 21 | J27: 2790 | K27: =J27/I27 -> 132.85714 | L27: 22 | M27: =F27/V27*60 -> 2626.6346 | N27: =M27/L27 -> 119.39248 | O27: =L27-I27 -> 1 | P27: =N27-K27 -> -13.46466 | Q27: =N27/K27 -> 0.89865309 | S27: 0.50069444 | T27: 0.52556713 | U27: 55.516667 | V27: 35.817696 | AE27: =M27-J27 -> -163.36538 | AF27: =M27/J27 -> 0.9414461
B38: 平均 | I38: =AVERAGE(I22:I37) -> 20.166667 | J38: =AVERAGE(J22:J37) -> 2115 | K38: =J38/I38 -> 104.87603 | L38: =AVERAGE(L22:L37) -> 20.333333 | M38: =AVERAGE(M22:M37) -> 1927.474 | N38: =M38/L38 -> 94.793803 | O38: =L38-I38 -> 0.16666667 | P38: =N38-K38 -> -10.08223 | Q38: =N38/K38 -> 0.90386526 | S38: 0.25 | T38: 0.52556713 | Y38: =SUM(Y22:Y37) -> 0 | Z38: =SUM(Z22:Z37) -> 0 | AC38: =SUM(AC22:AC37) -> 0 | AD38: =SUM(AD22:AD37) -> 0 | AE38: =M38-J38 -> -187.526 | AF38: =M38/J38 -> 0.91133523
A39: 涼麵二線 | B39: 便當 | C39: 蔬活腿排補力餐盒 | E39: 71.55 | F39: 1762 | G39: =E39*F39 -> 126071.1 | I39: 22 | J39: 2000 | K39: =J39/I39 -> 90.909091 | L39: 22 | M39: =F39/V39*60 -> 1804.2186 | N39: =M39/L39 -> 82.009936 | O39: =L39-I39 -> 0 | P39: =N39-K39 -> -8.8991549 | Q39: =N39/K39 -> 0.9021093 | R39: =Q55 -> 0.90289065 | S39: 0.25 | T39: 0.29068287 | V39: 58.596004 | AE39: =M39-J39 -> -195.78141 | AF39: =M39/J39 -> 0.9021093 | AG39: =AF55 -> 0.90289065
B40: 便當 | C40: 海陸雙拼肉肉餐盒 | E40: 59.54 | F40: 1738 | G40: =E40*F40 -> 103480.52 | I40: 23 | J40: 2000 | K40: =J40/I40 -> 86.956522 | L40: 23 | M40: =F40/V40*60 -> 1807.2145 | N40: =M40/L40 -> 78.574541 | O40: =L40-I40 -> 0 | P40: =N40-K40 -> -8.3819802 | Q40: =N40/K40 -> 0.90360723 | S40: 0.29375 | T40: 0.33381944 | U40: 5 | V40: 57.702062 | AE40: =M40-J40 -> -192.78555 | AF40: =M40/J40 -> 0.90360723
B41: 便當 | C41: 地中海布格麥烤魚餐盒 | E41: 63.92 | F41: 1007 | G41: =E41*F41 -> 64367.44 | I41: 24 | J41: 2000 | K41: =J41/I41 -> 83.333333 | L41: 24 | M41: =F41/V41*60 -> 1808.9666 | N41: =M41/L41 -> 75.373607 | O41: =L41-I41 -> 0 | P41: =N41-K41 -> -7.9597261 | Q41: =N41/K41 -> 0.90448329 | S41: 0.3375 | T41: 0.36069444 | U41: 5.3 | V41: 33.400285 | AE41: =M41-J41 -> -191.03343 | AF41: =M41/J41 -> 0.90448329
B42: 便當 | C42: 香烤鱈魚輕蔬餐盒 | E42: 69.26 | F42: 1052 | G42: =E42*F42 -> 72861.52 | I42: 24 | J42: 2000 | K42: =J42/I42 -> 83.333333 | L42: 24 | M42: =F42/V42*60 -> 1802.7884 | N42: =M42/L42 -> 75.116181 | O42: =L42-I42 -> 0 | P42: =N42-K42 -> -8.2171519 | Q42: =N42/K42 -> 0.90139418 | S42: 0.36388889 | T42: 0.38819444 | U42: 4.6 | V42: 35.012429 | AE42: =M42-J42 -> -197.21165 | AF42: =M42/J42 -> 0.90139418
B43: 便當 | C43: 益活雞胸補力餐盒 | E43: 69.16 | F43: 1825 | G43: =E43*F43 -> 126217 | I43: 24 | J43: 2000 | K43: =J43/I43 -> 83.333333 | L43: 24 | M43: =F43/V43*60 -> 1807.3504 | N43: =M43/L43 -> 75.306267 | O43: =L43-I43 -> 0 | P43: =N43-K43 -> -8.0270667 | Q43: =N43/K43 -> 0.9036752 | S43: 0.39236111 | T43: 0.43443287 | U43: 6 | V43: 60.585927 | W43: 0.43443287 | X43: 0.47361111 | AE43: =M43-J43 -> -192.6496 | AF43: =M43/J43 -> 0.9036752
B44: 便當 | C44: 烤蛋白餐盒 | E44: 58.67 | F44: 2392 | G44: =E44*F44 -> 140338.64 | I44: 23 | J44: 2000 | K44: =J44/I44 -> 86.956522 | L44: 23 | M44: =F44/V44*60 -> 1804.1494 | N44: =M44/L44 -> 78.441277 | O44: =L44-I44 -> 0 | P44: =N44-K44 -> -8.5152443 | Q44: =N44/K44 -> 0.90207469 | S44: 0.47361111 | T44: 0.52884259 | U44: 56.416667 | V44: 79.549954 | AE44: =M44-J44 -> -195.85062 | AF44: =M44/J44 -> 0.90207469
B55: 平均 | I55: =AVERAGE(I39:I54) -> 23.333333 | J55: =AVERAGE(J39:J54) -> 2000 | K55: =J55/I55 -> 85.714286 | L55: =AVERAGE(L39:L54) -> 23.333333 | M55: =AVERAGE(M39:M54) -> 1805.7813 | N55: =M55/L55 -> 77.390627 | O55: =L55-I55 -> 0 | P55: =N55-K55 -> -8.3236589 | Q55: =N55/K55 -> 0.90289065 | S55: 0.25 | T55: 0.52884259 | Y55: =SUM(Y39:Y54) -> 0 | Z55: =SUM(Z39:Z54) -> 0 | AC55: =SUM(AC39:AC54) -> 0 | AD55: =SUM(AD39:AD54) -> 0 | AE55: =M55-J55 -> -194.21871 | AF55: =M55/J55 -> 0.90289065
A56: 涼麵三線 | B56: 季節調理麵 | C56: 和風涓絲冷麵 | E56: 28.86 | F56: 1670 | G56: =E56*F56 -> 48196.2 | I56: 18 | J56: 3600 | K56: =J56/I56 -> 200 | L56: 18 | M56: =F56/V56*60 -> 3194.2829 | N56: =M56/L56 -> 177.46016 | O56: =L56-I56 -> 0 | P56: =N56-K56 -> -22.539838 | Q56: =N56/K56 -> 0.88730081 | R56: =Q72 -> 0.89992096 | S56: 0.25 | T56: 0.27178241 | V56: 31.368543 | AE56: =M56-J56 -> -405.71709 | AF56: =M56/J56 -> 0.88730081 | AG56: =AF72 -> 0.89992096
B57: 季節調理麵 | C57: 嘉義崇文白醋涼麵 | E57: 35.89 | F57: 1739 | G57: =E57*F57 -> 62412.71 | I57: 18 | J57: 3600 | K57: =J57/I57 -> 200 | L57: 18 | M57: =F57/V57*60 -> 3194.0291 | N57: =M57/L57 -> 177.44606 | O57: =L57-I57 -> 0 | P57: =N57-K57 -> -22.553941 | Q57: =N57/K57 -> 0.8872303 | S57: 0.275 | T57: 0.29768519 | U57: 4.6333333 | V57: 32.667204 | AE57: =M57-J57 -> -405.97094 | AF57: =M57/J57 -> 0.8872303
B58: 季節調理麵 | C58: 韓式泡菜冷麵 | E58: 36.73 | F58: 1318 | G58: =E58*F58 -> 48410.14 | I58: 21 | J58: 3600 | K58: =J58/I58 -> 171.42857 | L58: 21 | M58: =F58/V58*60 -> 3194.3857 | N58: =M58/L58 -> 152.11361 | O58: =L58-I58 -> 0 | P58: =N58-K58 -> -19.314966 | Q58: =N58/K58 -> 0.88732936 | S58: 0.30138889 | T58: 0.31857639 | U58: 5.3333333 | V58: 24.755933 | AE58: =M58-J58 -> -405.61429 | AF58: =M58/J58 -> 0.88732936
B59: 季節調理麵 | C59: 招牌雞絲胡麻涼麵 | E59: 43.96 | F59: 1726 | G59: =E59*F59 -> 75874.96 | I59: 23 | J59: 3600 | K59: =J59/I59 -> 156.52174 | L59: 23 | M59: =F59/V59*60 -> 3270.237 | N59: =M59/L59 -> 142.18422 | O59: =L59-I59 -> 0 | P59: =N59-K59 -> -14.337522 | Q59: =N59/K59 -> 0.90839917 | S59: 0.32222222 | T59: 0.34421296 | U59: 5.25 | V59: 31.66743 | AE59: =M59-J59 -> -329.763 | AF59: =M59/J59 -> 0.90839917
B60: 季節調理麵 | C60: 日式胡麻雞絲冷麵 | E60: 46.93 | F60: 1131 | G60: =E60*F60 -> 53077.83 | I60: 23 | J60: 3600 | K60: =J60/I60 -> 156.52174 | L60: 23 | M60: =F60/V60*60 -> 3263.2908 | N60: =M60/L60 -> 141.88221 | O60: =L60-I60 -> 0 | P60: =N60-K60 -> -14.63953 | Q60: =N60/K60 -> 0.90646967 | S60: 0.34791667 | T60: 0.36234954 | U60: 5.3333333 | V60: 20.794959 | AE60: =M60-J60 -> -336.70919 | AF60: =M60/J60 -> 0.90646967
B61: 季節調理麵 | C61: 日式蕎麥沾麵 | E61: 36.73 | F61: 2815 | G61: =E61*F61 -> 103394.95 | I61: 19 | J61: 3600 | K61: =J61/I61 -> 189.47368 | L61: 19 | M61: =F61/V61*60 -> 3263.8982 | N61: =M61/L61 -> 171.78412 | O61: =L61-I61 -> 0 | P61: =N61-K61 -> -17.689569 | Q61: =N61/K61 -> 0.90663839 | S61: 0.36597222 | T61: 0.40189815 | U61: 5.2166667 | V61: 51.747938 | AE61: =M61-J61 -> -336.10181 | AF61: =M61/J61 -> 0.90663839
B62: 季節調理麵 | C62: 大滿足香辣涼麵 | E62: 38.48 | F62: 4234 | G62: =E62*F62 -> 162924.32 | I62: 19 | J62: 3600 | K62: =J62/I62 -> 189.47368 | L62: 19 | M62: =F62/V62*60 -> 3266.64 | N62: =M62/L62 -> 171.92842 | O62: =L62-I62 -> 0 | P62: =N62-K62 -> -17.545263 | Q62: =N62/K62 -> 0.9074 | S62: 0.40555556 | T62: 0.45956019 | U62: 5.2666667 | V62: 77.767982 | W62: 0.45956019 | X62: 0.49791667 | AE62: =M62-J62 -> -333.36 | AF62: =M62/J62 -> 0.9074
B63: 季節調理麵 | C63: 大滿足麻醬涼麵 | E63: 37.8 | F63: 5315 | G63: =E63*F63 -> 200907 | I63: 20 | J63: 3600 | K63: =J63/I63 -> 180 | L63: 20 | M63: =F63/V63*60 -> 3270.96 | N63: =M63/L63 -> 163.548 | O63: =L63-I63 -> 0 | P63: =N63-K63 -> -16.452 | Q63: =N63/K63 -> 0.9086 | S63: 0.49791667 | T63: 0.56561343 | U63: 55.233333 | V63: 97.494314 | AE63: =M63-J63 -> -329.04 | AF63: =M63/J63 -> 0.9086
B72: 平均 | I72: =AVERAGE(I56:I71) -> 20.125 | J72: =AVERAGE(J56:J71) -> 3600 | K72: =J72/I72 -> 178.88199 | L72: =AVERAGE(L56:L71) -> 20.125 | M72: =AVERAGE(M56:M71) -> 3239.7155 | N72: =M72/L72 -> 160.97965 | O72: =L72-I72 -> 0 | P72: =N72-K72 -> -17.902337 | Q72: =N72/K72 -> 0.89992096 | S72: 0.25 | T72: 0.56561343 | Y72: =SUM(Y56:Y71) -> 0 | Z72: =SUM(Z56:Z71) -> 0 | AC72: =SUM(AC56:AC71) -> 0 | AD72: =SUM(AD56:AD71) -> 0 | AE72: =M72-J72 -> -360.28454 | AF72: =M72/J72 -> 0.89992096
A73: 自動包裝機 | B73: 4℃-壽司手卷 | C73: 醬油生鮭脆卷 | E73: 23.55 | F73: 446 | G73: =E73*F73 -> 10503.3 | I73: 6 | J73: 2500 | K73: =J73/I73 -> 416.66667 | L73: 6 | M73: =F73/V73*60 -> 2259.7202 | N73: =M73/L73 -> 376.62003 | O73: =L73-I73 -> 0 | P73: =N73-K73 -> -40.046639 | Q73: =N73/K73 -> 0.90388807 | R73: =Q89 -> 0.90116652 | S73: 0.33541667 | T73: 0.34363426 | U73: 5 | V73: 11.842174 | AE73: =M73-J73 -> -240.27984 | AF73: =M73/J73 -> 0.90388807 | AG73: =AF89 -> 0.90116652
B74: 4℃-壽司手卷 | C74: 蔥花生鮪魚脆卷 | E74: 23.19 | F74: 3600 | G74: =E74*F74 -> 83484 | I74: 6 | J74: 2500 | K74: =J74/I74 -> 416.66667 | L74: 6 | M74: =F74/V74*60 -> 2233.1884 | N74: =M74/L74 -> 372.19807 | O74: =L74-I74 -> 0 | P74: =N74-K74 -> -44.468592 | Q74: =N74/K74 -> 0.89327538 | S74: 0.34722222 | T74: 0.41438657 | U74: 5.1666667 | V74: 96.722693 | AE74: =M74-J74 -> -266.81155 | AF74: =M74/J74 -> 0.89327538
B75: 4℃-壽司手卷 | C75: 香濃明太子嫩雞飯卷 | E75: 35.89 | F75: 2216 | G75: =E75*F75 -> 79532.24 | I75: 6 | J75: 3273 | K75: =J75/I75 -> 545.5 | L75: 6 | M75: =F75/V75*60 -> 2947.0512 | N75: =M75/L75 -> 491.17519 | O75: =L75-I75 -> 0 | P75: =N75-K75 -> -54.324807 | Q75: =N75/K75 -> 0.90041282 | S75: 0.41805556 | T75: 0.449375 | U75: 5.2833333 | V75: 45.116285 | AE75: =M75-J75 -> -325.94884 | AF75: =M75/J75 -> 0.90041282
B76: 4℃-壽司手卷 | C76: 厚香料優格咖哩烤雞飯卷 | E76: 27.05 | F76: 663 | G76: =E76*F76 -> 17934.15 | I76: 5 | J76: 3273 | K76: =J76/I76 -> 654.6 | L76: 5 | M76: =F76/V76*60 -> 2964.9089 | N76: =M76/L76 -> 592.98178 | O76: =L76-I76 -> 0 | P76: =N76-K76 -> -61.618217 | Q76: =N76/K76 -> 0.9058689 | S76: 0.45277778 | T76: 0.46209491 | U76: 4.9 | V76: 13.416938 | AE76: =M76-J76 -> -308.09109 | AF76: =M76/J76 -> 0.9058689
B89: 平均 | I89: =AVERAGE(I73:I88) -> 5.75 | J89: =AVERAGE(J73:J88) -> 2886.5 | K89: =J89/I89 -> 502 | L89: =AVERAGE(L73:L88) -> 5.75 | M89: =AVERAGE(M73:M88) -> 2601.2172 | N89: =M89/L89 -> 452.38559 | O89: =L89-I89 -> 0 | P89: =N89-K89 -> -49.614405 | Q89: =N89/K89 -> 0.90116652 | S89: 0.25 | T89: 0.46209491 | Y89: =SUM(Y73:Y88) -> 0 | Z89: =SUM(Z73:Z88) -> 0 | AC89: =SUM(AC73:AC88) -> 0 | AD89: =SUM(AD73:AD88) -> 0 | AE89: =M89-J89 -> -285.28283 | AF89: =M89/J89 -> 0.90116652
A90: 自動包裝機2 | B90: 4℃-壽司手卷 | C90: 鮪魚昆布細卷 | E90: 15.51 | F90: 1609 | G90: =E90*F90 -> 24955.59 | I90: 6 | J90: 4200 | K90: =J90/I90 -> 700 | L90: 6 | M90: =F90/V90*60 -> 3792.2234 | N90: =M90/L90 -> 632.03723 | O90: =L90-I90 -> 0 | P90: =N90-K90 -> -67.962771 | Q90: =N90/K90 -> 0.90291033 | R90: =Q106 -> 0.90283394 | S90: 0.25 | T90: 0.26767361 | V90: 25.457361 | AE90: =M90-J90 -> -407.77663 | AF90: =M90/J90 -> 0.90291033 | AG90: =AF106 -> 0.90283394
B91: 4℃-壽司手卷 | C91: 肉鬆火腿細卷 | E91: 15.01 | F91: 1756 | G91: =E91*F91 -> 26357.56 | I91: 6 | J91: 4200 | K91: =J91/I91 -> 700 | L91: 6 | M91: =F91/V91*60 -> 3791.5817 | N91: =M91/L91 -> 631.93028 | O91: =L91-I91 -> 0 | P91: =N91-K91 -> -68.069716 | Q91: =N91/K91 -> 0.90275755 | S91: 0.27152778 | T91: 0.29082176 | U91: 5.55 | V91: 27.787875 | AE91: =M91-J91 -> -408.41829 | AF91: =M91/J91 -> 0.90275755
B106: 平均 | I106: =AVERAGE(I90:I105) -> 6 | J106: =AVERAGE(J90:J105) -> 4200 | K106: =J106/I106 -> 700 | L106: =AVERAGE(L90:L105) -> 6 | M106: =AVERAGE(M90:M105) -> 3791.9025 | N106: =M106/L106 -> 631.98376 | O106: =L106-I106 -> 0 | P106: =N106-K106 -> -68.016243 | Q106: =N106/K106 -> 0.90283394 | S106: 0.25 | T106: 0.29082176 | Y106: =SUM(Y90:Y105) -> 0 | Z106: =SUM(Z90:Z105) -> 0 | AC106: =SUM(AC90:AC105) -> 0 | AD106: =SUM(AD90:AD105) -> 0 | AE106: =M106-J106 -> -408.09746 | AF106: =M106/J106 -> 0.90283394
A107: 便當二線 (二配) | B107: 微波主食 | C107: 二配香烤魚排青醬燉飯 | E107: 58.17 | F107: 1398 | G107: =E107*F107 -> 81321.66 | I107: 18 | J107: 2000 | K107: =J107/I107 -> 111.11111 | L107: 17 | M107: =F107/V107*60 -> 1805.6 | N107: =M107/L107 -> 106.21176 | O107: =L107-I107 -> -1 | P107: =N107-K107 -> -4.8993464 | Q107: =N107/K107 -> 0.95590588 | R107: =Q123 -> 0.95109405 | S107: 0.70833333 | T107: 0.74059028 | V107: 46.455472 | AE107: =M107-J107 -> -194.4 | AF107: =M107/J107 -> 0.9028 | AG107: =AF123 -> 0.90273333
B108: 微波主食 | C108: 二配濃起司燻腸紅醬焗烤飯 | E108: 50.67 | F108: 1567 | G108: =E108*F108 -> 79399.89 | I108: 20 | J108: 2000 | K108: =J108/I108 -> 100 | L108: 19 | M108: =F108/V108*60 -> 1805.2 | N108: =M108/L108 -> 95.010526 | O108: =L108-I108 -> -1 | P108: =N108-K108 -> -4.9894737 | Q108: =N108/K108 -> 0.95010526 | S108: 0.74375 | T108: 0.77990741 | U108: 4.55 | V108: 52.082872 | AE108: =M108-J108 -> -194.8 | AF108: =M108/J108 -> 0.9026
B109: 微波主食 | C109: 二配西班牙風味海鮮燉飯 | E109: 57.3 | F109: 1365 | G109: =E109*F109 -> 78214.5 | I109: 21 | J109: 2000 | K109: =J109/I109 -> 95.238095 | L109: 20 | M109: =F109/V109*60 -> 1805.6 | N109: =M109/L109 -> 90.28 | O109: =L109-I109 -> -1 | P109: =N109-K109 -> -4.9580952 | Q109: =N109/K109 -> 0.94794 | S109: 0.78333333 | T109: 0.81482639 | U109: 4.9333333 | V109: 45.358883 | AE109: =M109-J109 -> -194.4 | AF109: =M109/J109 -> 0.9028
B123: 平均 | I123: =AVERAGE(I107:I122) -> 19.666667 | J123: =AVERAGE(J107:J122) -> 2000 | K123: =J123/I123 -> 101.69492 | L123: =AVERAGE(L107:L122) -> 18.666667 | M123: =AVERAGE(M107:M122) -> 1805.4667 | N123: =M123/L123 -> 96.721429 | O123: =L123-I123 -> -1 | P123: =N123-K123 -> -4.9734867 | Q123: =N123/K123 -> 0.95109405 | S123: 0.70833333 | T123: 0.81482639 | Y123: =SUM(Y107:Y122) -> 0 | Z123: =SUM(Z107:Z122) -> 0 | AC123: =SUM(AC107:AC122) -> 0 | AD123: =SUM(AD107:AD122) -> 0 | AE123: =M123-J123 -> -194.53333 | AF123: =M123/J123 -> 0.90273333
A124: 涼麵一線 (二配) | B124: 微波主食 | C124: 二配哞哞培根奶香海陸焗飯 | E124: 47.6 | F124: 1899 | G124: =E124*F124 -> 90392.4 | I124: 23 | J124: 2000 | K124: =J124/I124 -> 86.956522 | L124: 23 | M124: =F124/V124*60 -> 1804.7015 | N124: =M124/L124 -> 78.465284 | O124: =L124-I124 -> 0 | P124: =N124-K124 -> -8.4912374 | Q124: =N124/K124 -> 0.90235077 | R124: =Q140 -> 0.90198114 | S124: 0.70833333 | T124: 0.75217593 | V124: 63.135093 | AE124: =M124-J124 -> -195.29846 | AF124: =M124/J124 -> 0.90235077 | AG124: =AF140 -> 0.90198114
B125: 微波主食 | C125: 二配黃金雞排蘑菇白醬歐姆蛋飯 | E125: 56.87 | F125: 1420 | G125: =E125*F125 -> 80755.4 | I125: 23 | J125: 2000 | K125: =J125/I125 -> 86.956522 | L125: 23 | M125: =F125/V125*60 -> 1804.2186 | N125: =M125/L125 -> 78.444285 | O125: =L125-I125 -> 0 | P125: =N125-K125 -> -8.5122363 | Q125: =N125/K125 -> 0.90210928 | S125: 0.75625 | T125: 0.78903935 | U125: 5.8666667 | V125: 47.22266 | AE125: =M125-J125 -> -195.78144 | AF125: =M125/J125 -> 0.90210928
B126: 微波主食 | C126: 二配里肌豬排可可咖哩歐姆蛋飯 | E126: 56.79 | F126: 2072 | G126: =E126*F126 -> 117668.88 | I126: 23 | J126: 2000 | K126: =J126/I126 -> 86.956522 | L126: 23 | M126: =F126/V126*60 -> 1802.9667 | N126: =M126/L126 -> 78.389857 | O126: =L126-I126 -> 0 | P126: =N126-K126 -> -8.5666643 | Q126: =N126/K126 -> 0.90148336 | S126: 0.79236111 | T126: 0.84024306 | U126: 4.7833333 | V126: 68.95302 | AE126: =M126-J126 -> -197.03328 | AF126: =M126/J126 -> 0.90148336
B140: 平均 | I140: =AVERAGE(I124:I139) -> 23 | J140: =AVERAGE(J124:J139) -> 2000 | K140: =J140/I140 -> 86.956522 | L140: =AVERAGE(L124:L139) -> 23 | M140: =AVERAGE(M124:M139) -> 1803.9623 | N140: =M140/L140 -> 78.433142 | O140: =L140-I140 -> 0 | P140: =N140-K140 -> -8.5233794 | Q140: =N140/K140 -> 0.90198114 | S140: 0.70833333 | T140: 0.84024306 | Y140: =SUM(Y124:Y139) -> 0 | Z140: =SUM(Z124:Z139) -> 0 | AC140: =SUM(AC124:AC139) -> 0 | AD140: =SUM(AD124:AD139) -> 0 | AE140: =M140-J140 -> -196.03773 | AF140: =M140/J140 -> 0.90198114
AA142: 原因回覆
AA143: 1.當日出勤人數較多
AA144: 2.當日出勤人數較少
AA145: 3.當日出勤熟手較多
AA146: 4.當日出勤新人較多
AA147: 5.機台夾盒
AA148: 6.封膜不順
AA149: 7.更換膠膜
AA150: 8.更換碳帶
AA151: 9.當日熱轉印碳帶異常
AA152: 10.訂單量過少
AA153: 11.新品上市，尚未熟悉
AA154: 12.活動期間品項需貼標

Sheet 0828
B1: 屏榮 大溪廠組合室生產人時性分析
B3: 日期 | C3: 115.08.28星期五 | E3: 訂單量 | F3: ='0828(18度C)'!D1+'0828(4度C)'!D1 -> 119527 | H3: 營業額 | I3: ='0828(18度C)'!F1+'0828(4度C)'!F1 -> 3911723.8
B4: 人時性 | C4: 項目 | E4: ➀ | G4: ➁ | I4: ➂ | K4: ④ | M4: ⑤ | O4: 異常停線 | Q4: 短暫停線
C5: 組合室 | E5: 全溫層 | G5: 4度C-各編組展開(一配) | I5: 4度C-各編組展開(二配) | K5: 18度C-各編組展開(一配) | M5: 18度C-各編組展開(二配) | O5: 合計次數 | P5: 時間 | Q5: 合計次數 | R5: 設備次數
C6: 排關平均 | E6: =AVERAGE(D14:O14,D32:X32) -> 501.38409 | F6: =AVERAGE(#REF!,D14:K14) -> #REF! | G6: =AVERAGE(D14:K14) -> 276.1197 | I6: =AVERAGE(L14:O14) -> 94.325718 | K6: =AVERAGE(D32:O32) -> 754.19394 | M6: =AVERAGE(P32:X32) -> 790 | O6: ='0828(4度C)'!Y2 -> 0 | P6: ='0828(4度C)'!Z2 -> 0 | Q6: ='0828(4度C)'!AC2 -> 0 | R6: ='0828(4度C)'!AD2 -> 0
C7: 實績平均 | E7: =AVERAGE(D15:O15,D33:X33) -> 453.0865 | F7: =AVERAGE(#REF!,D15:K15) -> #REF! | G7: =AVERAGE(D15:K15) -> 248.24498 | I7: =AVERAGE(L15:O15) -> 87.609299 | K7: =AVERAGE(D33:O33) -> 681.47245 | M7: =AVERAGE(P33:X33) -> 714.70145
C8: 達成率平均 | E8: =AVERAGE(D16:O16,D34:X34) -> 0.9043867 | F8: =AVERAGE(D16:K16,#REF!) -> #REF! | G8: =AVERAGE(D16:K16) -> 0.90053979 | I8: =AVERAGE(L16:O16) -> 0.92687896 | K8: =AVERAGE(D34:O34) -> 0.89957761 | M8: =AVERAGE(P34:X34) -> 0.90372002
O9: ※現行日本鮮食廠以達成率80%為基本(即為現行KPI)
B11: 溫層 | D11: ➁4度C-各編組展開 | L11: ➂4度C-各編組展開
B12: 編組 | D12: 1 | E12: 2 | F12: 3 | G12: 4 | H12: 5 | I12: 6 | J12: 7 | K12: 8 | L12: 1 | M12: 2 | N12: 3 | O12: 4
D13: 便當一線 | E13: 便當二線 | F13: 涼麵一線 | G13: 涼麵二線 | H13: 涼麵三線 | I13: 自動包裝機 | J13: 自動包裝機2 | K13: 自動包裝機3 | L13: 便當一線 | M13: 便當二線 | N13: 涼麵一線 | O13: 涼麵二線
B14: 人時性 | C14: 排關 | D14: - | E14: 85.245902 | F14: 104.87603 | G14: 85.714286 | H14: 178.88199 | I14: 502 | J14: 700 | K14: - | L14: - | M14: 101.69492 | N14: 86.956522 | O14: -
C15: 實績 | D15: - | E15: 76.954631 | F15: 94.786344 | G15: 77.376341 | H15: 160.97294 | I15: 447.46584 | J15: 631.91376 | K15: - | L15: - | M15: 96.753571 | N15: 78.465026 | O15: -
C16: 達成率 | D16: - | E16: =E15/E14 -> 0.90273702 | F16: =F15/F14 -> 0.90379414 | G16: =G15/G14 -> 0.90272398 | H16: =H15/H14 -> 0.89988346 | I16: =I15/I14 -> 0.89136621 | J16: =J15/J14 -> 0.90273394 | K16: - | L16: - | M16: =M15/M14 -> 0.95141012 | N16: =N15/N14 -> 0.9023478 | O16: -
B17: 作業 時間 | C17: 開始 | D17: - | E17: 0.25 | F17: 0.25 | G17: 0.25 | H17: 0.25 | I17: 0.25 | J17: 0.25 | K17: - | L17: - | M17: 0.70833333 | N17: 0.70833333 | O17: -
C18: 結束 | D18: - | E18: 0.55618056 | F18: 0.51015046 | G18: 0.53112269 | H18: 0.54704861 | I18: 0.45513889 | J18: 0.28703704 | K18: - | L18: - | M18: 0.79045139 | N18: 0.81446759 | O18: -
B19: 產線異常 (5分鐘以上) | C19: 次數
C20: 時間/分
B21: 短暫停線 (5分鐘以下) | C21: 次數
C22: 設備次數
B23: 配置人數 | D23: - | E23: 20.333333 | F23: 20.333333 | G23: 23.333333 | H23: 20.125 | I23: 5.75 | J23: 6 | K23: - | L23: - | M23: 18.666667 | N23: 23 | O23: -
B24: 主要應用設備 | D24: L型封口機 | E24: ET-55 | F24: ET-55 | G24: ET-55 | H24: ET-600 | I24: 伺服包裝機 | J24: 伺服包裝機 | K24: 伺服包裝機 | L24: L型封口機 | M24: ET-55 | N24: ET-55 | O24: ET-55
B25: 次要應用設備 | D25: 伺服包裝機 | H25: 伺服包裝機
B26: 備註 | H26: 涼麵+烤飯糰 | I26: 大口飯糰線 | K26: 烤飯糰+手卷
B29: 溫層 | D29: ➃18度C-各編組展開 (一配) | P29: ⑤18度C-各編組展開 (二配)
B30: 編組 | D30: 1 | E30: 2 | F30: 3 | G30: 4 | H30: 5 | I30: 6 | J30: 7 | K30: 8 | L30: 9 | M30: 10 | N30: 11 | O30: 12 | P30: 1 | Q30: 2 | R30: 3 | S30: 4 | T30: 5 | U30: 6 | V30: 7 | W30: 8 | X30: 9
D31: 便當一線 | E31: 涼麵一線 | F31: 涼麵三線 | G31: 自動包裝機 | H31: 自動包裝機2 | I31: 自動包裝機3 | J31: 味付飯糰線B | K31: (舊) 3300型飯糰線 | L31: 3000型飯糰線 | M31: (新) 3300型飯糰機 | N31: GKK3600型 飯糰機 | O31: GKK3600型 飯糰機2 | P31: 自動包裝機 | Q31: 自動包裝機2 | R31: 自動包裝機3 | S31: 味付飯糰線B | T31: (舊) 3300型飯糰線 | U31: 3000型飯糰線 | V31: (新) 3300型飯糰機 | W31: GKK3600型 飯糰機 | X31: GKK3600型 飯糰機2
B32: 人時性 | C32: 排關 | D32: - | E32: - | F32: - | G32: 327.27273 | H32: - | I32: - | J32: - | K32: - | L32: - | M32: 825 | N32: 1005.8824 | O32: 858.62069 | P32: 490.90909 | Q32: - | R32: - | S32: - | T32: - | U32: - | V32: 709.09091 | W32: 1120 | X32: 840
C33: 實績 | D33: - | E33: - | F33: - | G33: 287.49837 | H33: - | I33: - | J33: - | K33: - | L33: - | M33: 750.64937 | N33: 913.03345 | O33: 774.70862 | P33: 438.37696 | Q33: - | R33: - | S33: - | T33: - | U33: - | V33: 649.20244 | W33: 1015.576 | X33: 755.65034
C34: 達成率 | D34: - | E34: - | F34: - | G34: =G33/G32 -> 0.87846725 | H34: - | I34: - | J34: - | K34: - | L34: - | M34: =M33/M32 -> 0.90987802 | N34: =N33/N32 -> 0.90769408 | O34: =O33/O32 -> 0.90227108 | P34: =P33/P32 -> 0.8929901 | Q34: - | R34: - | S34: - | T34: - | U34: - | V34: =V33/V32 -> 0.9155419 | W34: =W33/W32 -> 0.90676432 | X34: =X33/X32 -> 0.89958374
B35: 作業 時間 | C35: 開始 | D35: - | E35: - | F35: - | G35: 0.25 | H35: - | I35: - | J35: - | K35: - | L35: - | M35: 0.30416667 | N35: 0.25 | O35: 0.25 | P35: 0.70833333 | Q35: - | R35: - | S35: - | T35: - | U35: - | V35: 0.70833333 | W35: 0.72430556 | X35: 0.73055556
C36: 結束 | D36: - | E36: - | F36: - | G36: 0.45513889 | H36: - | I36: - | J36: - | K36: - | L36: - | M36: 0.38298611 | N36: 0.39055556 | O36: 0.39991898 | P36: 0.73466435 | Q36: - | R36: - | S36: - | T36: - | U36: - | V36: 0.81959491 | W36: 0.9291088 | X36: 0.926875
B37: 配置人數 | D37: - | E37: - | F37: - | G37: 11 | H37: - | I37: - | J37: - | K37: - | L37: - | M37: 4 | N37: 3.4 | O37: 4.1428571 | P37: 7.3333333 | Q37: - | R37: - | S37: - | T37: - | U37: - | V37: 4.4 | W37: 3 | X37: 4.2857143
B38: 主要應用設備 | D38: 伺服包裝機 | E38: ET-55 | F38: ET-600 | G38: 夾心型 | H38: 伺服包裝機 | I38: 伺服包裝機 | J38: 夾心型 | K38: 3300型 | L38: 3300型 | M38: 3300型 | N38: GKK | O38: GKK | P38: 夾心型 | Q38: 伺服包裝機 | R38: 伺服包裝機 | S38: 夾心型 | T38: 3300型 | U38: 3300型 | V38: 3300型 | W38: GKK | X38: GKK
B39: 次要應用設備
B40: 備註

Sheet 0828(18度C)
A1: 大溪廠日報分析 | C1: 總生產量 | D1: =SUM(F5:F140) -> 55704 | E1: 營業額 | F1: =SUM(G5:G140) -> 1094831.3 | G1: 出勤人數 | H1: =L21+L38+L55+L72+L89+L106+L123+L140 -> 41.561905 | I1: 產線配置圖 | L1: 生產實績 | O1: 人時性差異分析 | S1: 日報登錄 | Y1: 分析說明 | AA1: 產能差異分析
A2: 46262 | C2: 人時性 | D2: =AVERAGE(N21,N38,N55,N72,N89,N106,N123,N140) -> 698.08695 | E2: 平均廠價 | F2: =F1/D1 -> 19.654446 | G2: 多次生產數 | H2: =COUNT(H5:H140) -> 2
A3: 線別 | B3: 品類 | C3: 品名 | E3: 廠價 | F3: 生產量 | G3: 營收 | H3: 多次 生產 | I3: 人數 | J3: 產能/時 | K3: 人時性 | L3: 人數 | M3: 產能/時 | N3: 人時性 | O3: 人數 | P3: 人時性 | Q3: 達成率 | R3: 達成率 平均 | S3: 生產時間 | U3: 換線、休息/分 | V3: 稼動時間/分 | W3: 休息時間 | Y3: (屏榮回填) | AA3: 產能/時 | AB3: 達成率 | AC3: 達成率平均
S4: 開始 | T4: 結束 | W4: 開始 | X4: 結束
A5: 自動包裝機 | B5: 18℃-壽司手卷 | C5: 一配長野稻荷壽司 | E5: 25.64 | F5: 969 | G5: =E5*F5 -> 24845.16 | I5: 10 | J5: 3600 | K5: =J5/I5 -> 360 | L5: 10 | M5: =F5/V5*60 -> 3217.6096 | N5: =M5/L5 -> 321.76096 | O5: =L5-I5 -> 0 | P5: =N5-K5 -> -38.239045 | Q5: =N5/K5 -> 0.89378043 | R5: =Q21 -> 0.87846725 | S5: 0.25 | T5: 0.2625463 | V5: 18.069315 | AA5: =M5-J5 -> -382.39045 | AB5: =M5/J5 -> 0.89378043 | AC5: =AB21 -> 0.87846725
B6: 18℃-壽司手卷 | C6: 一配經典人氣雙手卷 | E6: 29.52 | F6: 1522 | G6: =E6*F6 -> 44929.44 | I6: 11 | J6: 3600 | K6: =J6/I6 -> 327.27273 | L6: 11 | M6: =F6/V6*60 -> 3159.0109 | N6: =M6/L6 -> 287.18281 | O6: =L6-I6 -> 0 | P6: =N6-K6 -> -40.089914 | Q6: =N6/K6 -> 0.87750304 | S6: 0.26597222 | T6: 0.28604167 | U6: 4.9333333 | V6: 28.907782 | AA6: =M6-J6 -> -440.98906 | AB6: =M6/J6 -> 0.87750304
B7: 18℃-壽司手卷 | C7: 一配鮭鮪海饌雙手卷 | E7: 29.85 | F7: 1829 | G7: =E7*F7 -> 54595.65 | I7: 11 | J7: 3600 | K7: =J7/I7 -> 327.27273 | L7: 11 | M7: =F7/V7*60 -> 3158.0508 | N7: =M7/L7 -> 287.09553 | O7: =L7-I7 -> 0 | P7: =N7-K7 -> -40.177201 | Q7: =N7/K7 -> 0.87723633 | S7: 0.28888889 | T7: 0.31300926 | U7: 5 | V7: 34.749283 | AA7: =M7-J7 -> -441.94921 | AB7: =M7/J7 -> 0.87723633
B8: 18℃-壽司手卷 | C8: 一配青木瓜雞絲泰泰雙手卷 | E8: 30 | F8: 385 | G8: =E8*F8 -> 11550 | I8: 11 | J8: 3600 | K8: =J8/I8 -> 327.27273 | L8: 11 | M8: =F8/V8*60 -> 3159.2762 | N8: =M8/L8 -> 287.20692 | O8: =L8-I8 -> 0 | P8: =N8-K8 -> -40.065803 | Q8: =N8/K8 -> 0.87757671 | S8: 0.31666667 | T8: 0.32173611 | U8: 5.2666667 | V8: 7.3118014 | AA8: =M8-J8 -> -440.72384 | AB8: =M8/J8 -> 0.87757671
B9: 18℃-飯糰 | C9: 一配兩粒飯糰(鮪魚.焦糖鮭魚) | E9: 28.57 | F9: 657 | G9: =E9*F9 -> 18770.49 | I9: 12 | J9: 3600 | K9: =J9/I9 -> 300 | L9: 12 | M9: =F9/V9*60 -> 3118.463 | N9: =M9/L9 -> 259.87191 | O9: =L9-I9 -> 0 | P9: =N9-K9 -> -40.128085 | Q9: =N9/K9 -> 0.86623972 | S9: 0.32569444 | T9: 0.33446759 | U9: 5.7 | V9: 12.640843 | AA9: =M9-J9 -> -481.53702 | AB9: =M9/J9 -> 0.86623972
B21: 平均 | I21: =AVERAGE(I5:I20) -> 11 | J21: =AVERAGE(J5:J20) -> 3600 | K21: =J21/I21 -> 327.27273 | L21: =AVERAGE(L5:L20) -> 11 | M21: =AVERAGE(M5:M20) -> 3162.4821 | N21: =M21/L21 -> 287.49837 | O21: =L21-I21 -> 0 | P21: =N21-K21 -> -39.774356 | Q21: =N21/K21 -> 0.87846725 | S21: 0.25 | T21: 0.45513889 | AA21: =M21-J21 -> -437.51792 | AB21: =M21/J21 -> 0.87846725
A22: (新) 3300型飯糰機 | B22: 18℃-飯糰 | C22: 一配鮭魚奶油醬油飯糰 | E22: 18.53 | F22: 1175 | G22: =E22*F22 -> 21772.75 | I22: 3 | J22: 3300 | K22: =J22/I22 -> 1100 | L22: 3 | M22: =F22/V22*60 -> 3034.9125 | N22: =M22/L22 -> 1011.6375 | O22: =L22-I22 -> 0 | P22: =N22-K22 -> -88.362509 | Q22: =N22/K22 -> 0.91967045 | R22: =Q38 -> 0.90987802 | S22: 0.30416667 | T22: 0.32028935 | V22: 23.229665 | AA22: =M22-J22 -> -265.08753 | AB22: =M22/J22 -> 0.91967045 | AC22: =AB38 -> 0.90987802
B23: 18℃-飯糰 | C23: 一配鹽蔥燒肉飯糰 | E23: 17.89 | F23: 1411 | G23: =E23*F23 -> 25242.79 | I23: 4 | J23: 3300 | K23: =J23/I23 -> 825 | L23: 4 | M23: =F23/V23*60 -> 3034.9648 | N23: =M23/L23 -> 758.74121 | O23: =L23-I23 -> 0 | P23: =N23-K23 -> -66.258795 | Q23: =N23/K23 -> 0.91968631 | S23: 0.32361111 | T23: 0.34297454 | U23: 4.7833333 | V23: 27.894887 | AA23: =M23-J23 -> -265.03518 | AB23: =M23/J23 -> 0.91968631
B24: 18℃-飯糰 | C24: 一配醬燒炙烤牛飯糰 | E24: 22.32 | F24: 2571 | G24: =E24*F24 -> 57384.72 | I24: 5 | J24: 3300 | K24: =J24/I24 -> 660 | L24: 5 | M24: =F24/V24*60 -> 2937.9151 | N24: =M24/L24 -> 587.58303 | O24: =L24-I24 -> 0 | P24: =N24-K24 -> -72.416975 | Q24: =N24/K24 -> 0.89027731 | S24: 0.34652778 | T24: 0.38298611 | U24: 5.1166667 | V24: 52.506622 | AA24: =M24-J24 -> -362.08487 | AB24: =M24/J24 -> 0.89027731
B38: 平均 | I38: =AVERAGE(I22:I37) -> 4 | J38: =AVERAGE(J22:J37) -> 3300 | K38: =J38/I38 -> 825 | L38: =AVERAGE(L22:L37) -> 4 | M38: =AVERAGE(M22:M37) -> 3002.5975 | N38: =M38/L38 -> 750.64937 | O38: =L38-I38 -> 0 | P38: =N38-K38 -> -74.350632 | Q38: =N38/K38 -> 0.90987802 | S38: 0.30416667 | T38: 0.38298611 | AA38: =M38-J38 -> -297.40253 | AB38: =M38/J38 -> 0.90987802
A39: GKK3600型 飯糰機 | B39: 18℃-飯糰 | C39: 一配北海道秋鮭親子飯糰 | E39: 24.82 | F39: 482 | G39: =E39*F39 -> 11963.24 | I39: 5 | J39: 3600 | K39: =J39/I39 -> 720 | L39: 5 | M39: =F39/V39*60 -> 3244.9056 | N39: =M39/L39 -> 648.98112 | O39: =L39-I39 -> 0 | P39: =N39-K39 -> -71.018879 | Q39: =N39/K39 -> 0.90136267 | R39: =Q55 -> 0.90769408 | S39: 0.25 | T39: 0.25618056 | V39: 8.9124318 | AA39: =M39-J39 -> -355.09439 | AB39: =M39/J39 -> 0.90136267 | AC39: =AB55 -> 0.90769408
B40: 18℃-飯糰 | C40: 一配蔬食鮪魚飯糰 | E40: 18.18 | F40: 570 | G40: =E40*F40 -> 10362.6 | I40: 3 | J40: 3600 | K40: =J40/I40 -> 1200 | L40: 3 | M40: =F40/V40*60 -> 3242.2432 | N40: =M40/L40 -> 1080.7477 | O40: =L40-I40 -> 0 | P40: =N40-K40 -> -119.25225 | Q40: =N40/K40 -> 0.90062312 | S40: 0.26597222 | T40: 0.27328704 | U40: 15 | V40: 10.548252 | AA40: =M40-J40 -> -357.75676 | AB40: =M40/J40 -> 0.90062312
B41: 18℃-飯糰 | C41: 一配黑胡椒洋蔥豬飯糰 | E41: 17.07 | F41: 898 | G41: =E41*F41 -> 15328.86 | I41: 3 | J41: 3300 | K41: =J41/I41 -> 1100 | L41: 3 | M41: =F41/V41*60 -> 3035.4385 | N41: =M41/L41 -> 1011.8128 | O41: =L41-I41 -> 0 | P41: =N41-K41 -> -88.187171 | Q41: =N41/K41 -> 0.91982984 | S41: 0.28333333 | T41: 0.29565972 | U41: 15 | V41: 17.750319 | AA41: =M41-J41 -> -264.56151 | AB41: =M41/J41 -> 0.91982984
B42: 18℃-飯糰 | C42: 一配經典肉鬆飯糰 | E42: 14.03 | F42: 2263 | G42: =E42*F42 -> 31749.89 | I42: 3 | J42: 3000 | K42: =J42/I42 -> 1000 | L42: 3 | M42: =F42/V42*60 -> 2760.5161 | N42: =M42/L42 -> 920.17204 | O42: =L42-I42 -> 0 | P42: =N42-K42 -> -79.827962 | Q42: =N42/K42 -> 0.92017204 | S42: 0.30555556 | T42: 0.33971065 | U42: 15 | V42: 49.186454 | AA42: =M42-J42 -> -239.48389 | AB42: =M42/J42 -> 0.92017204
B43: 18℃-飯糰 | C43: 一配鮪魚飯糰 | E43: 14.28 | F43: 3153 | G43: =E43*F43 -> 45024.84 | I43: 3 | J43: 3600 | K43: =J43/I43 -> 1200 | L43: 3 | M43: =F43/V43*60 -> 3238.4652 | N43: =M43/L43 -> 1079.4884 | O43: =L43-I43 -> 0 | P43: =N43-K43 -> -120.51159 | Q43: =N43/K43 -> 0.89957368 | S43: 0.35 | T43: 0.39055556 | U43: 14.816667 | V43: 58.41656 | AA43: =M43-J43 -> -361.53476 | AB43: =M43/J43 -> 0.89957368
B55: 平均 | I55: =AVERAGE(I39:I54) -> 3.4 | J55: =AVERAGE(J39:J54) -> 3420 | K55: =J55/I55 -> 1005.8824 | L55: =AVERAGE(L39:L54) -> 3.4 | M55: =AVERAGE(M39:M54) -> 3104.3137 | N55: =M55/L55 -> 913.03345 | O55: =L55-I55 -> 0 | P55: =N55-K55 -> -92.848901 | Q55: =N55/K55 -> 0.90769408 | S55: 0.25 | T55: 0.39055556 | AA55: =M55-J55 -> -315.68626 | AB55: =M55/J55 -> 0.90769408
A56: GKK3600型 飯糰機2 | B56: 18℃-飯糰 | C56: 一配熟成紅鮭飯糰 | E56: 25.03 | F56: 337 | G56: =E56*F56 -> 8435.11 | I56: 5 | J56: 3600 | K56: =J56/I56 -> 720 | L56: 5 | M56: =F56/V56*60 -> 3239.207 | N56: =M56/L56 -> 647.8414 | O56: =L56-I56 -> 0 | P56: =N56-K56 -> -72.158601 | Q56: =N56/K56 -> 0.89977972 | R56: =Q72 -> 0.90227108 | S56: 0.25 | T56: 0.2543287 | V56: 6.2422686 | AA56: =M56-J56 -> -360.793 | AB56: =M56/J56 -> 0.89977972 | AC56: =AB72 -> 0.90227108
B57: 18℃-飯糰 | C57: 一配椒鹽檸檬鯖魚飯糰 | E57: 20.72 | F57: 572 | G57: =E57*F57 -> 11851.84 | I57: 3 | J57: 3600 | K57: =J57/I57 -> 1200 | L57: 3 | M57: =F57/V57*60 -> 3238.9961 | N57: =M57/L57 -> 1079.6654 | O57: =L57-I57 -> 0 | P57: =N57-K57 -> -120.33462 | Q57: =N57/K57 -> 0.89972115 | S57: 0.26458333 | T57: 0.27193287 | U57: 14.766667 | V57: 10.595876 | AA57: =M57-J57 -> -361.00386 | AB57: =M57/J57 -> 0.89972115
B58: 18℃-飯糰 | C58: 一配明太子龍蝦風味沙拉飯糰 | E58: 18.18 | F58: 1021 | G58: =E58*F58 -> 18561.78 | I58: 3 | J58: 3600 | K58: =J58/I58 -> 1200 | L58: 3 | M58: =F58/V58*60 -> 3238.5156 | N58: =M58/L58 -> 1079.5052 | O58: =L58-I58 -> 0 | P58: =N58-K58 -> -120.49479 | Q58: =N58/K58 -> 0.89958768 | S58: 0.28194444 | T58: 0.29506944 | U58: 15 | V58: 18.916074 | AA58: =M58-J58 -> -361.48437 | AB58: =M58/J58 -> 0.89958768
B59: 18℃-飯糰 | C59: 一配贅沢鮭魚肚飯糰 | E59: 30 | F59: 755 | G59: =E59*F59 -> 22650 | I59: 4 | J59: 3600 | K59: =J59/I59 -> 900 | L59: 4 | M59: =F59/V59*60 -> 3236.5507 | N59: =M59/L59 -> 809.13767 | O59: =L59-I59 -> 0 | P59: =N59-K59 -> -90.862331 | Q59: =N59/K59 -> 0.89904185 | S59: 0.30486111 | T59: 0.31457176 | U59: 15 | V59: 13.996382 | AA59: =M59-J59 -> -363.44933 | AB59: =M59/J59 -> 0.89904185
B60: 18℃-飯糰 | C60: 一配筋子銀鮭飯糰 | E60: 30 | F60: 651 | G60: =E60*F60 -> 19530 | I60: 4 | J60: 3300 | K60: =J60/I60 -> 825 | L60: 4 | M60: =F60/V60*60 -> 3036.8779 | N60: =M60/L60 -> 759.21948 | O60: =L60-I60 -> 0 | P60: =N60-K60 -> -65.78052 | Q60: =N60/K60 -> 0.92026604 | S60: 0.32430556 | T60: 0.33322917 | U60: 15 | V60: 12.861893 | AA60: =M60-J60 -> -263.12208 | AB60: =M60/J60 -> 0.92026604
B61: 18℃-飯糰 | C61: 一配鹽蔥生鮭飯糰 | E61: 27.48 | F61: 1068 | G61: =E61*F61 -> 29348.64 | I61: 5 | J61: 3600 | K61: =J61/I61 -> 720 | L61: 5 | M61: =F61/V61*60 -> 3236.7659 | N61: =M61/L61 -> 647.35318 | O61: =L61-I61 -> 0 | P61: =N61-K61 -> -72.646825 | Q61: =N61/K61 -> 0.89910163 | S61: 0.34305556 | T61: 0.35679398 | U61: 15 | V61: 19.797539 | AA61: =M61-J61 -> -363.23412 | AB61: =M61/J61 -> 0.89910163
B62: 18℃-飯糰 | C62: 一配雞肉飯飯糰 | E62: 16.66 | F62: 2586 | G62: =E62*F62 -> 43082.76 | I62: 5 | J62: 3600 | K62: =J62/I62 -> 720 | L62: 5 | M62: =F62/V62*60 -> 3239.6367 | N62: =M62/L62 -> 647.92734 | O62: =L62-I62 -> 0 | P62: =N62-K62 -> -72.072656 | Q62: =N62/K62 -> 0.89989909 | S62: 0.36666667 | T62: 0.39991898 | U62: 15 | V62: 47.894259 | AA62: =M62-J62 -> -360.36328 | AB62: =M62/J62 -> 0.89989909
B72: 平均 | I72: =AVERAGE(I56:I71) -> 4.1428571 | J72: =AVERAGE(J56:J71) -> 3557.1429 | K72: =J72/I72 -> 858.62069 | L72: =AVERAGE(L56:L71) -> 4.1428571 | M72: =AVERAGE(M56:M71) -> 3209.5071 | N72: =M72/L72 -> 774.70862 | O72: =L72-I72 -> 0 | P72: =N72-K72 -> -83.91207 | Q72: =N72/K72 -> 0.90227108 | S72: 0.25 | T72: 0.39991898 | AA72: =M72-J72 -> -347.63572 | AB72: =M72/J72 -> 0.90227108
A73: 自動包裝機 (二配) | B73: 18℃-飯糰 | C73: 二配兩粒飯糰(鮪魚.焦糖鮭魚) | E73: 28.57 | F73: 844 | G73: =E73*F73 -> 24113.08 | I73: 12 | J73: 3600 | K73: =J73/I73 -> 300 | L73: 12 | M73: =F73/V73*60 -> 3122.4253 | N73: =M73/L73 -> 260.20211 | O73: =L73-I73 -> 0 | P73: =N73-K73 -> -39.797891 | Q73: =N73/K73 -> 0.86734036 | R73: =Q89 -> 0.8929901 | S73: 0.70833333 | T73: 0.71959491 | V73: 16.218162 | AA73: =M73-J73 -> -477.57469 | AB73: =M73/J73 -> 0.86734036 | AC73: =AB89 -> 0.8929901
B74: 18℃-飯糰 | C74: 二配柚香雞胸五穀飯糰 | E74: 17.71 | F74: 165 | G74: =E74*F74 -> 2922.15 | I74: 5 | J74: 3600 | K74: =J74/I74 -> 720 | L74: 5 | M74: =F74/V74*60 -> 3261.6084 | N74: =M74/L74 -> 652.32168 | O74: =L74-I74 -> 0 | P74: =N74-K74 -> -67.678317 | Q74: =N74/K74 -> 0.90600234 | S74: 0.72291667 | T74: 0.72502315 | U74: 4.7833333 | V74: 3.0353123 | AA74: =M74-J74 -> -338.39159 | AB74: =M74/J74 -> 0.90600234
B75: 18℃-飯糰 | C75: 二配鮭魚毛豆炊飯飯糰 | E75: 18.92 | F75: 431 | G75: =E75*F75 -> 8154.52 | I75: 5 | J75: 3600 | K75: =J75/I75 -> 720 | L75: 5 | M75: =F75/V75*60 -> 3260.2593 | N75: =M75/L75 -> 652.05186 | O75: =L75-I75 -> 0 | P75: =N75-K75 -> -67.948136 | Q75: =N75/K75 -> 0.90562759 | S75: 0.72916667 | T75: 0.73466435 | U75: 5.9666667 | V75: 7.9318844 | AA75: =M75-J75 -> -339.74068 | AB75: =M75/J75 -> 0.90562759
B89: 平均 | I89: =AVERAGE(I73:I88) -> 7.3333333 | J89: =AVERAGE(J73:J88) -> 3600 | K89: =J89/I89 -> 490.90909 | L89: =AVERAGE(L73:L88) -> 7.3333333 | M89: =AVERAGE(M73:M88) -> 3214.7643 | N89: =M89/L89 -> 438.37696 | O89: =L89-I89 -> 0 | P89: =N89-K89 -> -52.532135 | Q89: =N89/K89 -> 0.8929901 | S89: 0.70833333 | T89: 0.73466435 | AA89: =M89-J89 -> -385.23565 | AB89: =M89/J89 -> 0.8929901
A90: (新) 3300型飯糰機 (二配) | B90: 18℃-飯糰 | C90: 二配大飯糰乾燒風味鮮蝦 | E90: 23.27 | F90: 208 | G90: =E90*F90 -> 4840.16 | I90: 5 | J90: 3000 | K90: =J90/I90 -> 600 | L90: 5 | M90: =F90/V90*60 -> 2761.7495 | N90: =M90/L90 -> 552.34991 | O90: =L90-I90 -> 0 | P90: =N90-K90 -> -47.650093 | Q90: =N90/K90 -> 0.92058318 | R90: =Q106 -> 0.9155419 | S90: 0.70833333 | T90: 0.71146991 | V90: 4.5188747 | AA90: =M90-J90 -> -238.25047 | AB90: =M90/J90 -> 0.92058318 | AC90: =AB106 -> 0.9155419
B91: 18℃-飯糰 | C91: 二配大飯糰韓式蒜烤豬五花 | E91: 24.54 | F91: 728 | G91: =E91*F91 -> 17865.12 | I91: 4 | J91: 3000 | K91: =J91/I91 -> 750 | L91: 4 | M91: =F91/V91*60 -> 2759.3536 | N91: =M91/L91 -> 689.83839 | O91: =L91-I91 -> 0 | P91: =N91-K91 -> -60.161612 | Q91: =N91/K91 -> 0.91978452 | S91: 0.71458333 | T91: 0.72556713 | U91: 5 | V91: 15.829795 | AA91: =M91-J91 -> -240.64645 | AB91: =M91/J91 -> 0.91978452
B92: 18℃-飯糰 | C92: 二配大飯糰泡菜鮪魚 | E92: 24.33 | F92: 646 | G92: =E92*F92 -> 15717.18 | I92: 4 | J92: 3000 | K92: =J92/I92 -> 750 | L92: 4 | M92: =F92/V92*60 -> 2759.9951 | N92: =M92/L92 -> 689.99877 | O92: =L92-I92 -> 0 | P92: =N92-K92 -> -60.001232 | Q92: =N92/K92 -> 0.91999836 | S92: 0.72916667 | T92: 0.73891204 | U92: 5.1833333 | V92: 14.043503 | AA92: =M92-J92 -> -240.00493 | AB92: =M92/J92 -> 0.91999836
B93: 18℃-飯糰 | C93: 二配醬燒炙烤牛飯糰 | E93: 22.32 | F93: 2284 | G93: =E93*F93 -> 50978.88 | I93: 5 | J93: 3300 | K93: =J93/I93 -> 660 | L93: 5 | M93: =F93/V93*60 -> 2967.371 | N93: =M93/L93 -> 593.4742 | O93: =L93-I93 -> 0 | P93: =N93-K93 -> -66.525803 | Q93: =N93/K93 -> 0.89920333 | S93: 0.74236111 | T93: 0.7744213 | U93: 4.9666667 | V93: 46.182294 | AA93: =M93-J93 -> -332.62901 | AB93: =M93/J93 -> 0.89920333
B94: 18℃-飯糰 | C94: 二配鹽蔥燒肉飯糰 | E94: 17.89 | F94: 3045 | G94: =E94*F94 -> 54475.05 | I94: 4 | J94: 3300 | K94: =J94/I94 -> 825 | L94: 4 | M94: =F94/V94*60 -> 3033.9845 | N94: =M94/L94 -> 758.49613 | O94: =L94-I94 -> 0 | P94: =N94-K94 -> -66.503866 | Q94: =N94/K94 -> 0.91938925 | S94: 0.77777778 | T94: 0.81959491 | U94: 4.8333333 | V94: 60.217842 | AA94: =M94-J94 -> -266.01546 | AB94: =M94/J94 -> 0.91938925
B106: 平均 | I106: =AVERAGE(I90:I105) -> 4.4 | J106: =AVERAGE(J90:J105) -> 3120 | K106: =J106/I106 -> 709.09091 | L106: =AVERAGE(L90:L105) -> 4.4 | M106: =AVERAGE(M90:M105) -> 2856.4907 | N106: =M106/L106 -> 649.20244 | O106: =L106-I106 -> 0 | P106: =N106-K106 -> -59.888469 | Q106: =N106/K106 -> 0.9155419 | S106: 0.70833333 | T106: 0.81959491 | AA106: =M106-J106 -> -263.50926 | AB106: =M106/J106 -> 0.9155419
A107: GKK3600型 飯糰機 (二配) | B107: 18℃-飯糰 | C107: 二配芝麻香鬆飯糰 | E107: 18.18 | F107: 1146 | G107: =E107*F107 -> 20834.28 | I107: 3 | J107: 3000 | K107: =J107/I107 -> 1000 | L107: 3 | M107: =F107/V107*60 -> 2761.1514 | N107: =M107/L107 -> 920.3838 | O107: =L107-I107 -> 0 | P107: =N107-K107 -> -79.616196 | Q107: =N107/K107 -> 0.9203838 | R107: =Q123 -> 0.90676432 | S107: 0.72430556 | T107: 0.74159722 | V107: 24.902655 | AA107: =M107-J107 -> -238.84859 | AB107: =M107/J107 -> 0.9203838 | AC107: =AB123 -> 0.90676432
B108: 18℃-飯糰 | C108: 二配蔬食鮪魚飯糰 | E108: 18.18 | F108: 710 | G108: =E108*F108 -> 12907.8 | I108: 3 | J108: 3600 | K108: =J108/I108 -> 1200 | L108: 3 | M108: =F108/V108*60 -> 3236.8911 | N108: =M108/L108 -> 1078.9637 | O108: =L108-I108 -> 0 | P108: =N108-K108 -> -121.03629 | Q108: =N108/K108 -> 0.89913642 | S108: 0.75138889 | T108: 0.76052083 | U108: 15 | V108: 13.160776 | AA108: =M108-J108 -> -363.10888 | AB108: =M108/J108 -> 0.89913642
B109: 18℃-飯糰 | C109: 二配鮪魚飯糰 | E109: 14.28 | F109: 2103 | G109: =E109*F109 -> 30030.84 | H109: 2 | I109: 3 | J109: 3600 | K109: =J109/I109 -> 1200 | L109: 3 | M109: =F109/V109*60 -> 3237.5603 | N109: =M109/L109 -> 1079.1868 | O109: =L109-I109 -> 0 | P109: =N109-K109 -> -120.81322 | Q109: =N109/K109 -> 0.89932231 | S109: 0.77083333 | T109: 0.79789352 | U109: 14.85 | V109: 38.973791 | AA109: =M109-J109 -> -362.43967 | AB109: =M109/J109 -> 0.89932231
B110: 18℃-飯糰 | C110: 二配經典肉鬆飯糰 | E110: 14.03 | F110: 4387 | G110: =E110*F110 -> 61549.61 | I110: 3 | J110: 3000 | K110: =J110/I110 -> 1000 | L110: 3 | M110: =F110/V110*60 -> 2760.4774 | N110: =M110/L110 -> 920.15915 | O110: =L110-I110 -> 0 | P110: =N110-K110 -> -79.840852 | Q110: =N110/K110 -> 0.92015915 | S110: 0.80763889 | T110: 0.87385417 | U110: 15 | V110: 95.35307 | AA110: =M110-J110 -> -239.52255 | AB110: =M110/J110 -> 0.92015915
B111: 18℃-飯糰 | C111: 二配鮪魚飯糰 | E111: 14.28 | F111: 3503 | G111: =E111*F111 -> 50022.84 | I111: 3 | J111: 3600 | K111: =J111/I111 -> 1200 | L111: 3 | M111: =F111/V111*60 -> 3237.5603 | N111: =M111/L111 -> 1079.1868 | O111: =L111-I111 -> 0 | P111: =N111-K111 -> -120.81322 | Q111: =N111/K111 -> 0.89932231 | S111: 0.88402778 | T111: 0.9291088 | U111: 14.65 | V111: 64.919254 | AA111: =M111-J111 -> -362.43967 | AB111: =M111/J111 -> 0.89932231
B123: 平均 | I123: =AVERAGE(I107:I122) -> 3 | J123: =AVERAGE(J107:J122) -> 3360 | K123: =J123/I123 -> 1120 | L123: =AVERAGE(L107:L122) -> 3 | M123: =AVERAGE(M107:M122) -> 3046.7281 | N123: =M123/L123 -> 1015.576 | O123: =L123-I123 -> 0 | P123: =N123-K123 -> -104.42396 | Q123: =N123/K123 -> 0.90676432 | S123: 0.72430556 | T123: 0.9291088 | AA123: =M123-J123 -> -313.27187 | AB123: =M123/J123 -> 0.90676432
A124: GKK3600型 飯糰機2 (二配) | B124: 18℃-飯糰 | C124: 二配三杯醬爆菇菇飯糰 | E124: 16.7 | F124: 803 | G124: =E124*F124 -> 13410.1 | I124: 3 | J124: 3600 | K124: =J124/I124 -> 1200 | L124: 3 | M124: =F124/V124*60 -> 3239.7557 | N124: =M124/L124 -> 1079.9186 | O124: =L124-I124 -> 0 | P124: =N124-K124 -> -120.08144 | Q124: =N124/K124 -> 0.89993214 | R124: =Q140 -> 0.89958374 | S124: 0.73055556 | T124: 0.74087963 | V124: 14.871492 | AA124: =M124-J124 -> -360.24431 | AB124: =M124/J124 -> 0.89993214 | AC124: =AB140 -> 0.89958374
B125: 18℃-飯糰 | C125: 二配熟成紅鮭飯糰 | E125: 25.03 | F125: 721 | G125: =E125*F125 -> 18046.63 | I125: 5 | J125: 3600 | K125: =J125/I125 -> 720 | L125: 5 | M125: =F125/V125*60 -> 3237.9487 | N125: =M125/L125 -> 647.58975 | O125: =L125-I125 -> 0 | P125: =N125-K125 -> -72.410251 | Q125: =N125/K125 -> 0.89943021 | S125: 0.75069444 | T125: 0.75996528 | U125: 15 | V125: 13.36031 | AA125: =M125-J125 -> -362.05126 | AB125: =M125/J125 -> 0.89943021
B126: 18℃-飯糰 | C126: 二配北海道秋鮭親子飯糰 | E126: 24.82 | F126: 1214 | G126: =E126*F126 -> 30131.48 | I126: 5 | J126: 3600 | K126: =J126/I126 -> 720 | L126: 5 | M126: =F126/V126*60 -> 3235.5678 | N126: =M126/L126 -> 647.11356 | O126: =L126-I126 -> 0 | P126: =N126-K126 -> -72.886439 | Q126: =N126/K126 -> 0.89876883 | S126: 0.77013889 | T126: 0.78576389 | U126: 14.65 | V126: 22.512277 | AA126: =M126-J126 -> -364.4322 | AB126: =M126/J126 -> 0.89876883
B127: 18℃-飯糰 | C127: 二配贅沢鮭魚肚飯糰 | E127: 30 | F127: 1290 | G127: =E127*F127 -> 38700 | I127: 4 | J127: 3600 | K127: =J127/I127 -> 900 | L127: 4 | M127: =F127/V127*60 -> 3241.3027 | N127: =M127/L127 -> 810.32568 | O127: =L127-I127 -> 0 | P127: =N127-K127 -> -89.674324 | Q127: =N127/K127 -> 0.90036186 | S127: 0.79583333 | T127: 0.81240741 | U127: 15 | V127: 23.879288 | AA127: =M127-J127 -> -358.6973 | AB127: =M127/J127 -> 0.90036186
B128: 18℃-飯糰 | C128: 二配雞肉飯飯糰 | E128: 16.66 | F128: 208 | G128: =E128*F128 -> 3465.28 | H128: 2 | I128: 5 | J128: 3600 | K128: =J128/I128 -> 720 | L128: 5 | M128: =F128/V128*60 -> 3236.1479 | N128: =M128/L128 -> 647.22957 | O128: =L128-I128 -> 0 | P128: =N128-K128 -> -72.770426 | Q128: =N128/K128 -> 0.89892996 | S128: 0.82222222 | T128: 0.82489583 | U128: 15 | V128: 3.8564369 | AA128: =M128-J128 -> -363.85213 | AB128: =M128/J128 -> 0.89892996
B129: 18℃-飯糰 | C129: 二配明太子龍蝦風味沙拉飯糰 | E129: 18.18 | F129: 2091 | G129: =E129*F129 -> 38014.38 | I129: 3 | J129: 3600 | K129: =J129/I129 -> 1200 | L129: 3 | M129: =F129/V129*60 -> 3240.2034 | N129: =M129/L129 -> 1080.0678 | O129: =L129-I129 -> 0 | P129: =N129-K129 -> -119.9322 | Q129: =N129/K129 -> 0.9000565 | S129: 0.83472222 | T129: 0.8616088 | U129: 15 | V129: 38.719791 | AA129: =M129-J129 -> -359.79659 | AB129: =M129/J129 -> 0.9000565
B130: 18℃-飯糰 | C130: 二配雞肉飯飯糰 | E130: 16.66 | F130: 4302 | G130: =E130*F130 -> 71671.32 | I130: 5 | J130: 3600 | K130: =J130/I130 -> 720 | L130: 5 | M130: =F130/V130*60 -> 3238.5841 | N130: =M130/L130 -> 647.71681 | O130: =L130-I130 -> 0 | P130: =N130-K130 -> -72.283185 | Q130: =N130/K130 -> 0.89960669 | S130: 0.87152778 | T130: 0.926875 | U130: 15 | V130: 79.701497 | AA130: =M130-J130 -> -361.41593 | AB130: =M130/J130 -> 0.89960669
B140: 平均 | I140: =AVERAGE(I124:I139) -> 4.2857143 | J140: =AVERAGE(J124:J139) -> 3600 | K140: =J140/I140 -> 840 | L140: =AVERAGE(L124:L139) -> 4.2857143 | M140: =AVERAGE(M124:M139) -> 3238.5015 | N140: =M140/L140 -> 755.65034 | O140: =L140-I140 -> 0 | P140: =N140-K140 -> -84.349657 | Q140: =N140/K140 -> 0.89958374 | S140: 0.73055556 | T140: 0.926875 | AA140: =M140-J140 -> -361.49853 | AB140: =M140/J140 -> 0.89958374
Y142: 原因回覆
Y143: 1.當日出勤人數較多
Y144: 2.當日出勤人數較少
Y145: 3.當日出勤熟手較多
Y146: 4.當日出勤新人較多
Y147: 5.機台夾盒
Y148: 6.封膜不順
Y149: 7.更換膠膜
Y150: 8.更換碳帶
Y151: 9.當日熱轉印碳帶異常
Y152: 10.訂單量過少
Y153: 11.新品上市，尚未熟悉
Y154: 12.活動期間品項需貼標

Sheet 0828(4度C)
A1: 大溪廠日報分析 | C1: 總生產量 | D1: =SUM(F5:F140) -> 63823 | E1: 營業額 | F1: =SUM(G5:G140) -> 2816892.5 | G1: 出勤人數 | H1: =L21+L38+L55+L72+L89+L106+L123+L140 -> 137.54167 | I1: 產線配置圖 | L1: 生產實績 | O1: 人時性差異分析 | S1: 日報登錄 | Y1: 合計次數 | Z1: 合計(時間/分) | AA1: 產線異常 分析說明(5分鐘以上) | AC1: 合計次數 | AD1: 合計(時間/分) | AE1: 產能差異分析
A2: 46262 | C2: 人時性 | D2: =AVERAGE(N21,N38,N55,N72,N89,N106,N123,N140) -> 208.08606 | E2: 平均廠價 | F2: =F1/D1 -> 44.13601 | G2: 多次生產數 | H2: =COUNT(H5:H140) -> 0 | Y2: =SUM(Y21,Y38,Y55,Y72,Y89,Y106,Y123,Y140) -> 0 | Z2: =SUM(Z21,Z38,Z55,Z72,Z89,Z106,Z123,Z140) -> 0 | AC2: =SUM(AC21,AC38,AC55,AC72,AC89,AC106,AC123,AC140) -> 0 | AD2: =SUM(AD21,AD38,AD55,AD72,AD89,AD106,AD123,AD140) -> 0
A3: 線別 | B3: 品類 | C3: 品名 | E3: 廠價 | F3: 生產量 | G3: 營收 | H3: 多次 生產 | I3: 人數 | J3: 產能/時 | K3: 人時性 | L3: 人數 | M3: 產能/時 | N3: 人時性 | O3: 人數 | P3: 人時性 | Q3: 達成率 | R3: 達成率 平均 | S3: 生產時間 | U3: 換線、休息/分 | V3: 稼動時間/分 | W3: 休息時間 | Y3: 產線異常統計(5分鐘以上) | AA3: (屏榮回填) | AC3: 短暫停線統計(5分鐘以下) | AE3: 產能/時 | AF3: 達成率 | AG3: 達成率平均
S4: 開始 | T4: 結束 | W4: 開始 | X4: 結束 | Y4: 次數 | Z4: 時間/分 | AC4: 總次數 | AD4: 設備因素(次數)
A5: 便當二線 | B5: 微波小吃 | C5: 日式茶碗蒸 | E5: 19.7 | F5: 3594 | G5: =E5*F5 -> 70801.8 | I5: 13 | J5: 1200 | K5: =J5/I5 -> 92.307692 | L5: 13 | M5: =F5/V5*60 -> 1084.7673 | N5: =M5/L5 -> 83.443638 | O5: =L5-I5 -> 0 | P5: =N5-K5 -> -8.8640548 | Q5: =N5/K5 -> 0.90397274 | R5: =Q21 -> 0.90273702 | S5: 0.25 | T5: 0.38804398 | V5: 198.78918 | AE5: =M5-J5 -> -115.23271 | AF5: =M5/J5 -> 0.90397274 | AG5: =AF21 -> 0.90273702
B6: 微波主食 | C6: 糖燻野郎三十天熟成牛飯 | E6: 56.43 | F6: 3326 | G6: =E6*F6 -> 187686.18 | I6: 24 | J6: 2000 | K6: =J6/I6 -> 83.333333 | L6: 24 | M6: =F6/V6*60 -> 1805.3548 | N6: =M6/L6 -> 75.223118 | O6: =L6-I6 -> 0 | P6: =N6-K6 -> -8.1102158 | Q6: =N6/K6 -> 0.90267741 | S6: 0.39166667 | T6: 0.46842593 | U6: 5.2166667 | V6: 110.53783 | W6: 0.46842593 | X6: 0.50694444 | AE6: =M6-J6 -> -194.64518 | AF6: =M6/J6 -> 0.90267741
B7: 便當 | C7: 健身G肉餐盒 | E7: 59.52 | F7: 2132 | G7: =E7*F7 -> 126896.64 | I7: 24 | J7: 2000 | K7: =J7/I7 -> 83.333333 | L7: 24 | M7: =F7/V7*60 -> 1804.1104 | N7: =M7/L7 -> 75.171265 | O7: =L7-I7 -> 0 | P7: =N7-K7 -> -8.1620679 | Q7: =N7/K7 -> 0.90205519 | S7: 0.50694444 | T7: 0.55618056 | U7: 55.466667 | V7: 70.904753 | AE7: =M7-J7 -> -195.88963 | AF7: =M7/J7 -> 0.90205519
B21: 平均 | I21: =AVERAGE(I5:I20) -> 20.333333 | J21: =AVERAGE(J5:J20) -> 1733.3333 | K21: =J21/I21 -> 85.245902 | L21: =AVERAGE(L5:L20) -> 20.333333 | M21: =AVERAGE(M5:M20) -> 1564.7442 | N21: =M21/L21 -> 76.954631 | O21: =L21-I21 -> 0 | P21: =N21-K21 -> -8.2912708 | Q21: =N21/K21 -> 0.90273702 | S21: 0.25 | T21: 0.55618056 | Y21: =SUM(Y5:Y20) -> 0 | Z21: =SUM(Z5:Z20) -> 0 | AC21: =SUM(AC5:AC20) -> 0 | AD21: =SUM(AD5:AD20) -> 0 | AE21: =M21-J21 -> -168.58917 | AF21: =M21/J21 -> 0.90273702
A22: 涼麵一線 | B22: 4℃-壽司手卷 | C22: 海陸雙拼壽司 | E22: 36.45 | F22: 1572 | G22: =E22*F22 -> 57299.4 | I22: 20 | J22: 2100 | K22: =J22/I22 -> 105 | L22: 20 | M22: =F22/V22*60 -> 1896.2183 | N22: =M22/L22 -> 94.810917 | O22: =L22-I22 -> 0 | P22: =N22-K22 -> -10.189083 | Q22: =N22/K22 -> 0.90296112 | R22: =Q38 -> 0.90379414 | S22: 0.25 | T22: 0.28453704 | V22: 49.741107 | AE22: =M22-J22 -> -203.78166 | AF22: =M22/J22 -> 0.90296112 | AG22: =AF38 -> 0.91126352
B23: 微波小吃 | C23: 越式牛肉寬粉 | E23: 51.44 | F23: 826 | G23: =E23*F23 -> 42489.44 | I23: 19 | J23: 2000 | K23: =J23/I23 -> 105.26316 | L23: 19 | M23: =F23/V23*60 -> 1803.3709 | N23: =M23/L23 -> 94.914259 | O23: =L23-I23 -> 0 | P23: =N23-K23 -> -10.348899 | Q23: =N23/K23 -> 0.90168546 | S23: 0.2875 | T23: 0.30657407 | U23: 5 | V23: 27.481867 | AE23: =M23-J23 -> -196.62908 | AF23: =M23/J23 -> 0.90168546
B24: 微波主食 | C24: 日式鮭魚茶泡烤飯 | E24: 43.28 | F24: 984 | G24: =E24*F24 -> 42587.52 | I24: 21 | J24: 1800 | K24: =J24/I24 -> 85.714286 | L24: 21 | M24: =F24/V24*60 -> 1626.0449 | N24: =M24/L24 -> 77.430711 | O24: =L24-I24 -> 0 | P24: =N24-K24 -> -8.283575 | Q24: =N24/K24 -> 0.90335829 | S24: 0.30972222 | T24: 0.33493056 | U24: 4.5333333 | V24: 36.30896 | AE24: =M24-J24 -> -173.95508 | AF24: =M24/J24 -> 0.90335829
B25: 便當 | C25: 懷舊滷雙拼便當 | E25: 61.09 | F25: 2301 | G25: =E25*F25 -> 140568.09 | I25: 20 | J25: 2000 | K25: =J25/I25 -> 100 | L25: 20 | M25: =F25/V25*60 -> 1806.0208 | N25: =M25/L25 -> 90.301041 | O25: =L25-I25 -> 0 | P25: =N25-K25 -> -9.6989585 | Q25: =N25/K25 -> 0.90301041 | S25: 0.33819444 | T25: 0.39127315 | U25: 4.7 | V25: 76.444301 | AE25: =M25-J25 -> -193.97917 | AF25: =M25/J25 -> 0.90301041
B26: 便當 | C26: 香腸腿排雙拼便當 | E26: 53.76 | F26: 2271 | G26: =E26*F26 -> 122088.96 | I26: 20 | J26: 2000 | K26: =J26/I26 -> 100 | L26: 20 | M26: =F26/V26*60 -> 1805.6444 | N26: =M26/L26 -> 90.282219 | O26: =L26-I26 -> 0 | P26: =N26-K26 -> -9.7177806 | Q26: =N26/K26 -> 0.90282219 | S26: 0.39444444 | T26: 0.44684028 | U26: 4.5666667 | V26: 75.463364 | W26: 0.44684028 | X26: 0.48611111 | AE26: =M26-J26 -> -194.35561 | AF26: =M26/J26 -> 0.90282219
B27: 4℃-飯糰 | C27: 麻油雞飯糰 | E27: 29.97 | F27: 1516 | G27: =E27*F27 -> 45434.52 | I27: 21 | J27: 2790 | K27: =J27/I27 -> 132.85714 | L27: 22 | M27: =F27/V27*60 -> 2626.6346 | N27: =M27/L27 -> 119.39248 | O27: =L27-I27 -> 1 | P27: =N27-K27 -> -13.46466 | Q27: =N27/K27 -> 0.89865309 | S27: 0.48611111 | T27: 0.51015046 | U27: 56.55 | V27: 34.629864 | AE27: =M27-J27 -> -163.36538 | AF27: =M27/J27 -> 0.9414461
B38: 平均 | I38: =AVERAGE(I22:I37) -> 20.166667 | J38: =AVERAGE(J22:J37) -> 2115 | K38: =J38/I38 -> 104.87603 | L38: =AVERAGE(L22:L37) -> 20.333333 | M38: =AVERAGE(M22:M37) -> 1927.3223 | N38: =M38/L38 -> 94.786344 | O38: =L38-I38 -> 0.16666667 | P38: =N38-K38 -> -10.089689 | Q38: =N38/K38 -> 0.90379414 | S38: 0.25 | T38: 0.51015046 | Y38: =SUM(Y22:Y37) -> 0 | Z38: =SUM(Z22:Z37) -> 0 | AC38: =SUM(AC22:AC37) -> 0 | AD38: =SUM(AD22:AD37) -> 0 | AE38: =M38-J38 -> -187.67766 | AF38: =M38/J38 -> 0.91126352
A39: 涼麵二線 | B39: 便當 | C39: 蔬活腿排補力餐盒 | E39: 71.55 | F39: 1764 | G39: =E39*F39 -> 126214.2 | I39: 22 | J39: 2000 | K39: =J39/I39 -> 90.909091 | L39: 22 | M39: =F39/V39*60 -> 1803.6186 | N39: =M39/L39 -> 81.982663 | O39: =L39-I39 -> 0 | P39: =N39-K39 -> -8.9264276 | Q39: =N39/K39 -> 0.9018093 | R39: =Q55 -> 0.90272398 | S39: 0.25 | T39: 0.29074074 | V39: 58.68203 | AE39: =M39-J39 -> -196.38141 | AF39: =M39/J39 -> 0.9018093 | AG39: =AF55 -> 0.90272398
B40: 便當 | C40: 海陸雙拼肉肉餐盒 | E40: 59.54 | F40: 1699 | G40: =E40*F40 -> 101158.46 | I40: 23 | J40: 2000 | K40: =J40/I40 -> 86.956522 | L40: 23 | M40: =F40/V40*60 -> 1807.2145 | N40: =M40/L40 -> 78.574541 | O40: =L40-I40 -> 0 | P40: =N40-K40 -> -8.3819802 | Q40: =N40/K40 -> 0.90360723 | S40: 0.29444444 | T40: 0.33361111 | U40: 5.3333333 | V40: 56.407251 | AE40: =M40-J40 -> -192.78555 | AF40: =M40/J40 -> 0.90360723
B41: 便當 | C41: 地中海布格麥烤魚餐盒 | E41: 63.92 | F41: 1065 | G41: =E41*F41 -> 68074.8 | I41: 24 | J41: 2000 | K41: =J41/I41 -> 83.333333 | L41: 24 | M41: =F41/V41*60 -> 1808.1666 | N41: =M41/L41 -> 75.340274 | O41: =L41-I41 -> 0 | P41: =N41-K41 -> -7.9930594 | Q41: =N41/K41 -> 0.90408329 | S41: 0.33680556 | T41: 0.36134259 | U41: 4.6 | V41: 35.339664 | AE41: =M41-J41 -> -191.83343 | AF41: =M41/J41 -> 0.90408329
B42: 便當 | C42: 香烤鱈魚輕蔬餐盒 | E42: 69.26 | F42: 1281 | G42: =E42*F42 -> 88722.06 | I42: 24 | J42: 2000 | K42: =J42/I42 -> 83.333333 | L42: 24 | M42: =F42/V42*60 -> 1803.5884 | N42: =M42/L42 -> 75.149515 | O42: =L42-I42 -> 0 | P42: =N42-K42 -> -8.1838185 | Q42: =N42/K42 -> 0.90179418 | S42: 0.36527778 | T42: 0.39486111 | U42: 5.6666667 | V42: 42.615046 | AE42: =M42-J42 -> -196.41165 | AF42: =M42/J42 -> 0.90179418
B43: 便當 | C43: 益活雞胸補力餐盒 | E43: 69.16 | F43: 2119 | G43: =E43*F43 -> 146550.04 | I43: 24 | J43: 2000 | K43: =J43/I43 -> 83.333333 | L43: 24 | M43: =F43/V43*60 -> 1806.9504 | N43: =M43/L43 -> 75.2896 | O43: =L43-I43 -> 0 | P43: =N43-K43 -> -8.0437334 | Q43: =N43/K43 -> 0.9034752 | S43: 0.39791667 | T43: 0.44677083 | U43: 5 | V43: 70.361644 | W43: 0.44677083 | X43: 0.48541667 | AE43: =M43-J43 -> -193.0496 | AF43: =M43/J43 -> 0.9034752
B44: 便當 | C44: 烤蛋白餐盒 | E44: 58.67 | F44: 1978 | G44: =E44*F44 -> 116049.26 | I44: 23 | J44: 2000 | K44: =J44/I44 -> 86.956522 | L44: 23 | M44: =F44/V44*60 -> 1803.1494 | N44: =M44/L44 -> 78.397799 | O44: =L44-I44 -> 0 | P44: =N44-K44 -> -8.5587225 | Q44: =N44/K44 -> 0.90157469 | S44: 0.48541667 | T44: 0.53112269 | U44: 55.65 | V44: 65.818174 | AE44: =M44-J44 -> -196.85062 | AF44: =M44/J44 -> 0.90157469
B55: 平均 | I55: =AVERAGE(I39:I54) -> 23.333333 | J55: =AVERAGE(J39:J54) -> 2000 | K55: =J55/I55 -> 85.714286 | L55: =AVERAGE(L39:L54) -> 23.333333 | M55: =AVERAGE(M39:M54) -> 1805.448 | N55: =M55/L55 -> 77.376341 | O55: =L55-I55 -> 0 | P55: =N55-K55 -> -8.3379446 | Q55: =N55/K55 -> 0.90272398 | S55: 0.25 | T55: 0.53112269 | Y55: =SUM(Y39:Y54) -> 0 | Z55: =SUM(Z39:Z54) -> 0 | AC55: =SUM(AC39:AC54) -> 0 | AD55: =SUM(AD39:AD54) -> 0 | AE55: =M55-J55 -> -194.55204 | AF55: =M55/J55 -> 0.90272398
A56: 涼麵三線 | B56: 季節調理麵 | C56: 和風涓絲冷麵 | E56: 28.86 | F56: 1627 | G56: =E56*F56 -> 46955.22 | I56: 18 | J56: 3600 | K56: =J56/I56 -> 200 | L56: 18 | M56: =F56/V56*60 -> 3193.9229 | N56: =M56/L56 -> 177.44016 | O56: =L56-I56 -> 0 | P56: =N56-K56 -> -22.559838 | Q56: =N56/K56 -> 0.88720081 | R56: =Q72 -> 0.89988346 | S56: 0.25 | T56: 0.27121528 | V56: 30.564294 | AE56: =M56-J56 -> -406.07709 | AF56: =M56/J56 -> 0.88720081 | AG56: =AF72 -> 0.89988346
B57: 季節調理麵 | C57: 嘉義崇文白醋涼麵 | E57: 35.89 | F57: 1661 | G57: =E57*F57 -> 59613.29 | I57: 18 | J57: 3600 | K57: =J57/I57 -> 200 | L57: 18 | M57: =F57/V57*60 -> 3192.9491 | N57: =M57/L57 -> 177.38606 | O57: =L57-I57 -> 0 | P57: =N57-K57 -> -22.613941 | Q57: =N57/K57 -> 0.8869303 | S57: 0.275 | T57: 0.29666667 | U57: 5.45 | V57: 31.212524 | AE57: =M57-J57 -> -407.05094 | AF57: =M57/J57 -> 0.8869303
B58: 季節調理麵 | C58: 韓式泡菜冷麵 | E58: 36.73 | F58: 1307 | G58: =E58*F58 -> 48006.11 | I58: 21 | J58: 3600 | K58: =J58/I58 -> 171.42857 | L58: 21 | M58: =F58/V58*60 -> 3192.5857 | N58: =M58/L58 -> 152.02789 | O58: =L58-I58 -> 0 | P58: =N58-K58 -> -19.40068 | Q58: =N58/K58 -> 0.88682936 | S58: 0.30069444 | T58: 0.31774306 | U58: 5.8 | V58: 24.563162 | AE58: =M58-J58 -> -407.41429 | AF58: =M58/J58 -> 0.88682936
B59: 季節調理麵 | C59: 招牌雞絲胡麻涼麵 | E59: 43.96 | F59: 1797 | G59: =E59*F59 -> 78996.12 | I59: 23 | J59: 3600 | K59: =J59/I59 -> 156.52174 | L59: 23 | M59: =F59/V59*60 -> 3270.237 | N59: =M59/L59 -> 142.18422 | O59: =L59-I59 -> 0 | P59: =N59-K59 -> -14.337522 | Q59: =N59/K59 -> 0.90839917 | S59: 0.32083333 | T59: 0.34372685 | U59: 5 | V59: 32.970087 | AE59: =M59-J59 -> -329.763 | AF59: =M59/J59 -> 0.90839917
B60: 季節調理麵 | C60: 日式胡麻雞絲冷麵 | E60: 46.93 | F60: 1221 | G60: =E60*F60 -> 57301.53 | I60: 23 | J60: 3600 | K60: =J60/I60 -> 156.52174 | L60: 23 | M60: =F60/V60*60 -> 3263.2908 | N60: =M60/L60 -> 141.88221 | O60: =L60-I60 -> 0 | P60: =N60-K60 -> -14.63953 | Q60: =N60/K60 -> 0.90646967 | S60: 0.34722222 | T60: 0.36280093 | U60: 5.0333333 | V60: 22.449731 | AE60: =M60-J60 -> -336.70919 | AF60: =M60/J60 -> 0.90646967
B61: 季節調理麵 | C61: 日式蕎麥沾麵 | E61: 36.73 | F61: 2495 | G61: =E61*F61 -> 91641.35 | I61: 19 | J61: 3600 | K61: =J61/I61 -> 189.47368 | L61: 19 | M61: =F61/V61*60 -> 3265.3382 | N61: =M61/L61 -> 171.8599 | O61: =L61-I61 -> 0 | P61: =N61-K61 -> -17.613779 | Q61: =N61/K61 -> 0.90703839 | S61: 0.36666667 | T61: 0.39849537 | U61: 5.5666667 | V61: 45.845175 | AE61: =M61-J61 -> -334.66181 | AF61: =M61/J61 -> 0.90703839
B62: 季節調理麵 | C62: 大滿足香辣涼麵 | E62: 38.48 | F62: 3733 | G62: =E62*F62 -> 143645.84 | I62: 19 | J62: 3600 | K62: =J62/I62 -> 189.47368 | L62: 19 | M62: =F62/V62*60 -> 3267.36 | N62: =M62/L62 -> 171.96632 | O62: =L62-I62 -> 0 | P62: =N62-K62 -> -17.507368 | Q62: =N62/K62 -> 0.9076 | S62: 0.40138889 | T62: 0.44899306 | U62: 5 | V62: 68.550757 | W62: 0.44899306 | X62: 0.48819444 | AE62: =M62-J62 -> -332.64 | AF62: =M62/J62 -> 0.9076
B63: 季節調理麵 | C63: 大滿足麻醬涼麵 | E63: 37.8 | F63: 4621 | G63: =E63*F63 -> 174673.8 | I63: 20 | J63: 3600 | K63: =J63/I63 -> 180 | L63: 20 | M63: =F63/V63*60 -> 3270.96 | N63: =M63/L63 -> 163.548 | O63: =L63-I63 -> 0 | P63: =N63-K63 -> -16.452 | Q63: =N63/K63 -> 0.9086 | S63: 0.48819444 | T63: 0.54704861 | U63: 56.45 | V63: 84.764106 | AE63: =M63-J63 -> -329.04 | AF63: =M63/J63 -> 0.9086
B72: 平均 | I72: =AVERAGE(I56:I71) -> 20.125 | J72: =AVERAGE(J56:J71) -> 3600 | K72: =J72/I72 -> 178.88199 | L72: =AVERAGE(L56:L71) -> 20.125 | M72: =AVERAGE(M56:M71) -> 3239.5805 | N72: =M72/L72 -> 160.97294 | O72: =L72-I72 -> 0 | P72: =N72-K72 -> -17.909045 | Q72: =N72/K72 -> 0.89988346 | S72: 0.25 | T72: 0.54704861 | Y72: =SUM(Y56:Y71) -> 0 | Z72: =SUM(Z56:Z71) -> 0 | AC72: =SUM(AC56:AC71) -> 0 | AD72: =SUM(AD56:AD71) -> 0 | AE72: =M72-J72 -> -360.41954 | AF72: =M72/J72 -> 0.89988346
A73: 自動包裝機 | B73: 4℃-壽司手卷 | C73: 醬油生鮭脆卷 | E73: 23.55 | F73: 481 | G73: =E73*F73 -> 11327.55 | I73: 6 | J73: 2500 | K73: =J73/I73 -> 416.66667 | L73: 6 | M73: =F73/V73*60 -> 2259.7202 | N73: =M73/L73 -> 376.62003 | O73: =L73-I73 -> 0 | P73: =N73-K73 -> -40.046639 | Q73: =N73/K73 -> 0.90388807 | R73: =Q89 -> 0.89136621 | S73: 0.33819444 | T73: 0.34706019 | U73: 5.3666667 | V73: 12.771493 | AE73: =M73-J73 -> -240.27984 | AF73: =M73/J73 -> 0.90388807 | AG73: =AF89 -> 0.89136621
B74: 4℃-壽司手卷 | C74: 蔥花生鮪魚脆卷 | E74: 23.19 | F74: 3032 | G74: =E74*F74 -> 70312.08 | I74: 6 | J74: 2500 | K74: =J74/I74 -> 416.66667 | L74: 6 | M74: =F74/V74*60 -> 2188.2561 | N74: =M74/L74 -> 364.70935 | O74: =L74-I74 -> 0 | P74: =N74-K74 -> -51.957322 | Q74: =N74/K74 -> 0.87530243 | S74: 0.35069444 | T74: 0.40842593 | U74: 5.2333333 | V74: 83.134695 | AE74: =M74-J74 -> -311.74393 | AF74: =M74/J74 -> 0.87530243
B75: 4℃-壽司手卷 | C75: 香濃明太子嫩雞飯卷 | E75: 35.89 | F75: 2028 | G75: =E75*F75 -> 72784.92 | I75: 6 | J75: 3273 | K75: =J75/I75 -> 545.5 | L75: 6 | M75: =F75/V75*60 -> 2879.4837 | N75: =M75/L75 -> 479.91395 | O75: =L75-I75 -> 0 | P75: =N75-K75 -> -65.586047 | Q75: =N75/K75 -> 0.87976893 | S75: 0.41180556 | T75: 0.44114583 | U75: 4.8666667 | V75: 42.257575 | AE75: =M75-J75 -> -393.51628 | AF75: =M75/J75 -> 0.87976893
B76: 4℃-壽司手卷 | C76: 厚香料優格咖哩烤雞飯卷 | E76: 27.05 | F76: 761 | G76: =E76*F76 -> 20585.05 | I76: 5 | J76: 3273 | K76: =J76/I76 -> 654.6 | L76: 5 | M76: =F76/V76*60 -> 2964.2543 | N76: =M76/L76 -> 592.85086 | O76: =L76-I76 -> 0 | P76: =N76-K76 -> -61.749137 | Q76: =N76/K76 -> 0.9056689 | S76: 0.44444444 | T76: 0.45513889 | U76: 4.75 | V76: 15.403537 | AE76: =M76-J76 -> -308.74569 | AF76: =M76/J76 -> 0.9056689
B89: 平均 | I89: =AVERAGE(I73:I88) -> 5.75 | J89: =AVERAGE(J73:J88) -> 2886.5 | K89: =J89/I89 -> 502 | L89: =AVERAGE(L73:L88) -> 5.75 | M89: =AVERAGE(M73:M88) -> 2572.9286 | N89: =M89/L89 -> 447.46584 | O89: =L89-I89 -> 0 | P89: =N89-K89 -> -54.534162 | Q89: =N89/K89 -> 0.89136621 | S89: 0.25 | T89: 0.45513889 | Y89: =SUM(Y73:Y88) -> 0 | Z89: =SUM(Z73:Z88) -> 0 | AC89: =SUM(AC73:AC88) -> 0 | AD89: =SUM(AD73:AD88) -> 0 | AE89: =M89-J89 -> -313.57143 | AF89: =M89/J89 -> 0.89136621
A90: 自動包裝機2 | B90: 4℃-壽司手卷 | C90: 鮪魚昆布細卷 | E90: 15.51 | F90: 1512 | G90: =E90*F90 -> 23451.12 | I90: 6 | J90: 4200 | K90: =J90/I90 -> 700 | L90: 6 | M90: =F90/V90*60 -> 3792.6434 | N90: =M90/L90 -> 632.10723 | O90: =L90-I90 -> 0 | P90: =N90-K90 -> -67.892771 | Q90: =N90/K90 -> 0.90301033 | R90: =Q106 -> 0.90273394 | S90: 0.25 | T90: 0.2666088 | V90: 23.919992 | AE90: =M90-J90 -> -407.35663 | AF90: =M90/J90 -> 0.90301033 | AG90: =AF106 -> 0.90273394
B91: 4℃-壽司手卷 | C91: 肉鬆火腿細卷 | E91: 15.01 | F91: 1538 | G91: =E91*F91 -> 23085.38 | I91: 6 | J91: 4200 | K91: =J91/I91 -> 700 | L91: 6 | M91: =F91/V91*60 -> 3790.3217 | N91: =M91/L91 -> 631.72028 | O91: =L91-I91 -> 0 | P91: =N91-K91 -> -68.279716 | Q91: =N91/K91 -> 0.90245755 | S91: 0.27013889 | T91: 0.28703704 | U91: 5.0833333 | V91: 24.346218 | AE91: =M91-J91 -> -409.67829 | AF91: =M91/J91 -> 0.90245755
B106: 平均 | I106: =AVERAGE(I90:I105) -> 6 | J106: =AVERAGE(J90:J105) -> 4200 | K106: =J106/I106 -> 700 | L106: =AVERAGE(L90:L105) -> 6 | M106: =AVERAGE(M90:M105) -> 3791.4825 | N106: =M106/L106 -> 631.91376 | O106: =L106-I106 -> 0 | P106: =N106-K106 -> -68.086243 | Q106: =N106/K106 -> 0.90273394 | S106: 0.25 | T106: 0.28703704 | Y106: =SUM(Y90:Y105) -> 0 | Z106: =SUM(Z90:Z105) -> 0 | AC106: =SUM(AC90:AC105) -> 0 | AD106: =SUM(AD90:AD105) -> 0 | AE106: =M106-J106 -> -408.51746 | AF106: =M106/J106 -> 0.90273394
A107: 便當二線 (二配) | B107: 微波主食 | C107: 二配香烤魚排青醬燉飯 | E107: 58.17 | F107: 998 | G107: =E107*F107 -> 58053.66 | I107: 18 | J107: 2000 | K107: =J107/I107 -> 111.11111 | L107: 17 | M107: =F107/V107*60 -> 1806 | N107: =M107/L107 -> 106.23529 | O107: =L107-I107 -> -1 | P107: =N107-K107 -> -4.875817 | Q107: =N107/K107 -> 0.95611765 | R107: =Q123 -> 0.95141012 | S107: 0.70833333 | T107: 0.73135417 | V107: 33.156146 | AE107: =M107-J107 -> -194 | AF107: =M107/J107 -> 0.903 | AG107: =AF123 -> 0.90303333
B108: 微波主食 | C108: 二配濃起司燻腸紅醬焗烤飯 | E108: 50.67 | F108: 1182 | G108: =E108*F108 -> 59891.94 | I108: 20 | J108: 2000 | K108: =J108/I108 -> 100 | L108: 19 | M108: =F108/V108*60 -> 1806.8 | N108: =M108/L108 -> 95.094737 | O108: =L108-I108 -> -1 | P108: =N108-K108 -> -4.9052632 | Q108: =N108/K108 -> 0.95094737 | S108: 0.73472222 | T108: 0.76197917 | U108: 4.85 | V108: 39.251716 | AE108: =M108-J108 -> -193.2 | AF108: =M108/J108 -> 0.9034
B109: 微波主食 | C109: 二配西班牙風味海鮮燉飯 | E109: 57.3 | F109: 1091 | G109: =E109*F109 -> 62514.3 | I109: 21 | J109: 2000 | K109: =J109/I109 -> 95.238095 | L109: 20 | M109: =F109/V109*60 -> 1805.4 | N109: =M109/L109 -> 90.27 | O109: =L109-I109 -> -1 | P109: =N109-K109 -> -4.9680952 | Q109: =N109/K109 -> 0.947835 | S109: 0.76527778 | T109: 0.79045139 | U109: 4.75 | V109: 36.257893 | AE109: =M109-J109 -> -194.6 | AF109: =M109/J109 -> 0.9027
B123: 平均 | I123: =AVERAGE(I107:I122) -> 19.666667 | J123: =AVERAGE(J107:J122) -> 2000 | K123: =J123/I123 -> 101.69492 | L123: =AVERAGE(L107:L122) -> 18.666667 | M123: =AVERAGE(M107:M122) -> 1806.0667 | N123: =M123/L123 -> 96.753571 | O123: =L123-I123 -> -1 | P123: =N123-K123 -> -4.9413438 | Q123: =N123/K123 -> 0.95141012 | S123: 0.70833333 | T123: 0.79045139 | Y123: =SUM(Y107:Y122) -> 0 | Z123: =SUM(Z107:Z122) -> 0 | AC123: =SUM(AC107:AC122) -> 0 | AD123: =SUM(AD107:AD122) -> 0 | AE123: =M123-J123 -> -193.93333 | AF123: =M123/J123 -> 0.90303333
A124: 涼麵一線 (二配) | B124: 微波主食 | C124: 二配哞哞培根奶香海陸焗飯 | E124: 47.6 | F124: 1461 | G124: =E124*F124 -> 69543.6 | I124: 23 | J124: 2000 | K124: =J124/I124 -> 86.956522 | L124: 23 | M124: =F124/V124*60 -> 1804.9015 | N124: =M124/L124 -> 78.47398 | O124: =L124-I124 -> 0 | P124: =N124-K124 -> -8.4825418 | Q124: =N124/K124 -> 0.90245077 | R124: =Q140 -> 0.9023478 | S124: 0.70833333 | T124: 0.74206019 | V124: 48.567746 | AE124: =M124-J124 -> -195.09846 | AF124: =M124/J124 -> 0.90245077 | AG124: =AF140 -> 0.9023478
B125: 微波主食 | C125: 二配黃金雞排蘑菇白醬歐姆蛋飯 | E125: 56.87 | F125: 1170 | G125: =E125*F125 -> 66537.9 | I125: 23 | J125: 2000 | K125: =J125/I125 -> 86.956522 | L125: 23 | M125: =F125/V125*60 -> 1805.2186 | N125: =M125/L125 -> 78.487764 | O125: =L125-I125 -> 0 | P125: =N125-K125 -> -8.4687581 | Q125: =N125/K125 -> 0.90260928 | S125: 0.74513889 | T125: 0.7721412 | U125: 5 | V125: 38.887258 | AE125: =M125-J125 -> -194.78144 | AF125: =M125/J125 -> 0.90260928
B126: 微波主食 | C126: 二配里肌豬排可可咖哩歐姆蛋飯 | E126: 56.79 | F126: 1679 | G126: =E126*F126 -> 95350.41 | I126: 23 | J126: 2000 | K126: =J126/I126 -> 86.956522 | L126: 23 | M126: =F126/V126*60 -> 1803.9667 | N126: =M126/L126 -> 78.433336 | O126: =L126-I126 -> 0 | P126: =N126-K126 -> -8.5231861 | Q126: =N126/K126 -> 0.90198336 | S126: 0.77569444 | T126: 0.81446759 | U126: 5.1166667 | V126: 55.843602 | AE126: =M126-J126 -> -196.03328 | AF126: =M126/J126 -> 0.90198336
B140: 平均 | I140: =AVERAGE(I124:I139) -> 23 | J140: =AVERAGE(J124:J139) -> 2000 | K140: =J140/I140 -> 86.956522 | L140: =AVERAGE(L124:L139) -> 23 | M140: =AVERAGE(M124:M139) -> 1804.6956 | N140: =M140/L140 -> 78.465026 | O140: =L140-I140 -> 0 | P140: =N140-K140 -> -8.4914953 | Q140: =N140/K140 -> 0.9023478 | S140: 0.70833333 | T140: 0.81446759 | Y140: =SUM(Y124:Y139) -> 0 | Z140: =SUM(Z124:Z139) -> 0 | AC140: =SUM(AC124:AC139) -> 0 | AD140: =SUM(AD124:AD139) -> 0 | AE140: =M140-J140 -> -195.30439 | AF140: =M140/J140 -> 0.9023478
AA142: 原因回覆
AA143: 1.當日出勤人數較多
AA144: 2.當日出勤人數較少
AA145: 3.當日出勤熟手較多
AA146: 4.當日出勤新人較多
AA147: 5.機台夾盒
AA148: 6.封膜不順
AA149: 7.更換膠膜
AA150: 8.更換碳帶
AA151: 9.當日熱轉印碳帶異常
AA152: 10.訂單量過少
AA153: 11.新品上市，尚未熟悉
AA154: 12.活動期間品項需貼標

Sheet 0827
B1: 屏榮 大溪廠組合室生產人時性分析
B3: 日期 | C3: 115.08.27星期四 | E3: 訂單量 | F3: ='0827(18度C)'!D1+'0827(4度C)'!D1 -> 144091 | H3: 營業額 | I3: ='0827(18度C)'!F1+'0827(4度C)'!F1 -> 4735272.9
B4: 人時性 | C4: 項目 | E4: ➀ | G4: ➁ | I4: ➂ | K4: ④ | M4: ⑤ | O4: 異常停線 | Q4: 短暫停線
C5: 組合室 | E5: 全溫層 | G5: 4度C-各編組展開(一配) | I5: 4度C-各編組展開(二配) | K5: 18度C-各編組展開(一配) | M5: 18度C-各編組展開(二配) | O5: 合計次數 | P5: 時間 | Q5: 合計次數 | R5: 設備次數
C6: 排關平均 | E6: =AVERAGE(D14:O14,D32:X32) -> 498.88409 | F6: =AVERAGE(#REF!,D14:K14) -> #REF! | G6: =AVERAGE(D14:K14) -> 276.1197 | I6: =AVERAGE(L14:O14) -> 94.325718 | K6: =AVERAGE(D32:O32) -> 754.19394 | M6: =AVERAGE(P32:X32) -> 780 | O6: ='0827(4度C)'!Y2 -> 0 | P6: ='0827(4度C)'!Z2 -> 0 | Q6: ='0827(4度C)'!AC2 -> 0 | R6: ='0827(4度C)'!AD2 -> 0
C7: 實績平均 | E7: =AVERAGE(D15:O15,D33:X33) -> 449.82108 | F7: =AVERAGE(#REF!,D15:K15) -> #REF! | G7: =AVERAGE(D15:K15) -> 247.48037 | I7: =AVERAGE(L15:O15) -> 87.639863 | K7: =AVERAGE(D33:O33) -> 679.7524 | M7: =AVERAGE(P33:X33) -> 704.49141
C8: 達成率平均 | E8: =AVERAGE(D16:O16,D34:X34) -> 0.90299393 | F8: =AVERAGE(D16:K16,#REF!) -> #REF! | G8: =AVERAGE(D16:K16) -> 0.89896712 | I8: =AVERAGE(L16:O16) -> 0.92720366 | K8: =AVERAGE(D34:O34) -> 0.8975043 | M8: =AVERAGE(P34:X34) -> 0.90241892
O9: ※現行日本鮮食廠以達成率80%為基本(即為現行KPI)
B11: 溫層 | D11: ➁4度C-各編組展開 | L11: ➂4度C-各編組展開
B12: 編組 | D12: 1 | E12: 2 | F12: 3 | G12: 4 | H12: 5 | I12: 6 | J12: 7 | K12: 8 | L12: 1 | M12: 2 | N12: 3 | O12: 4
D13: 便當一線 | E13: 便當二線 | F13: 涼麵一線 | G13: 涼麵二線 | H13: 涼麵三線 | I13: 自動包裝機 | J13: 自動包裝機2 | K13: 自動包裝機3 | L13: 便當一線 | M13: 便當二線 | N13: 涼麵一線 | O13: 涼麵二線
B14: 人時性 | C14: 排關 | D14: - | E14: 85.245902 | F14: 104.87603 | G14: 85.714286 | H14: 178.88199 | I14: 502 | J14: 700 | K14: - | L14: - | M14: 101.69492 | N14: 86.956522 | O14: -
C15: 實績 | D15: - | E15: 76.941516 | F15: 94.78823 | G15: 77.369198 | H15: 160.96847 | I15: 442.72604 | J15: 632.08876 | K15: - | L15: - | M15: 96.785714 | N15: 78.494012 | O15: -
C16: 達成率 | D16: - | E16: =E15/E14 -> 0.90258317 | F16: =F15/F14 -> 0.90381212 | G16: =G15/G14 -> 0.90264065 | H16: =H15/H14 -> 0.89985846 | I16: =I15/I14 -> 0.88192438 | J16: =J15/J14 -> 0.90298394 | K16: - | L16: - | M16: =M15/M14 -> 0.95172619 | N16: =N15/N14 -> 0.90268114 | O16: -
B17: 作業 時間 | C17: 開始 | D17: - | E17: 0.20833333 | F17: 0.20833333 | G17: 0.20833333 | H17: 0.25 | I17: 0.16666667 | J17: 0.25 | K17: - | L17: - | M17: 0.70833333 | N17: 0.70833333 | O17: -
C18: 結束 | D18: - | E18: 0.605625 | F18: 0.54732639 | G18: 0.52601852 | H18: 0.54740741 | I18: 0.44930556 | J18: 0.2987037 | K18: - | L18: - | M18: 0.79591435 | N18: 0.81866898 | O18: -
B19: 產線異常 (5分鐘以上) | C19: 次數
C20: 時間/分
B21: 短暫停線 (5分鐘以下) | C21: 次數
C22: 設備次數
B23: 配置人數 | D23: - | E23: 20.333333 | F23: 20.333333 | G23: 23.333333 | H23: 20.125 | I23: 5.75 | J23: 6 | K23: - | L23: - | M23: 18.666667 | N23: 23 | O23: -
B24: 主要應用設備 | D24: L型封口機 | E24: ET-55 | F24: ET-55 | G24: ET-55 | H24: ET-600 | I24: 伺服包裝機 | J24: 伺服包裝機 | K24: 伺服包裝機 | L24: L型封口機 | M24: ET-55 | N24: ET-55 | O24: ET-55
B25: 次要應用設備 | D25: 伺服包裝機 | H25: 伺服包裝機
B26: 備註 | H26: 涼麵+烤飯糰 | I26: 大口飯糰線 | K26: 烤飯糰+手卷
B29: 溫層 | D29: ➃18度C-各編組展開 (一配) | P29: ⑤18度C-各編組展開 (二配)
B30: 編組 | D30: 1 | E30: 2 | F30: 3 | G30: 4 | H30: 5 | I30: 6 | J30: 7 | K30: 8 | L30: 9 | M30: 10 | N30: 11 | O30: 12 | P30: 1 | Q30: 2 | R30: 3 | S30: 4 | T30: 5 | U30: 6 | V30: 7 | W30: 8 | X30: 9
D31: 便當一線 | E31: 涼麵一線 | F31: 涼麵三線 | G31: 自動包裝機 | H31: 自動包裝機2 | I31: 自動包裝機3 | J31: 味付飯糰線B | K31: (舊) 3300型飯糰線 | L31: 3000型飯糰線 | M31: (新) 3300型飯糰機 | N31: GKK3600型 飯糰機 | O31: GKK3600型 飯糰機2 | P31: 自動包裝機 | Q31: 自動包裝機2 | R31: 自動包裝機3 | S31: 味付飯糰線B | T31: (舊) 3300型飯糰線 | U31: 3000型飯糰線 | V31: (新) 3300型飯糰機 | W31: GKK3600型 飯糰機 | X31: GKK3600型 飯糰機2
B32: 人時性 | C32: 排關 | D32: - | E32: - | F32: - | G32: 327.27273 | H32: - | I32: - | J32: - | K32: - | L32: - | M32: 825 | N32: 1005.8824 | O32: 858.62069 | P32: 490.90909 | Q32: - | R32: - | S32: - | T32: - | U32: - | V32: 709.09091 | W32: 1020 | X32: 900
C33: 實績 | D33: - | E33: - | F33: - | G33: 287.45919 | H33: - | I33: - | J33: - | K33: - | L33: - | M33: 744.67749 | N33: 912.57965 | O33: 774.29328 | P33: 438.42605 | Q33: - | R33: - | S33: - | T33: - | U33: - | V33: 646.44063 | W33: 923.56147 | X33: 809.53751
C34: 達成率 | D34: - | E34: - | F34: - | G34: =G33/G32 -> 0.87834753 | H34: - | I34: - | J34: - | K34: - | L34: - | M34: =M33/M32 -> 0.90263938 | N34: =N33/N32 -> 0.90724293 | O34: =O33/O32 -> 0.90178736 | P34: =P33/P32 -> 0.8930901 | Q34: - | R34: - | S34: - | T34: - | U34: - | V34: =V33/V32 -> 0.91164704 | W34: =W33/W32 -> 0.90545242 | X34: =X33/X32 -> 0.89948612
B35: 作業 時間 | C35: 開始 | D35: - | E35: - | F35: - | G35: 0.16666667 | H35: - | I35: - | J35: - | K35: - | L35: - | M35: 0.31736111 | N35: 0.25 | O35: 0.25 | P35: 0.70833333 | Q35: - | R35: - | S35: - | T35: - | U35: - | V35: 0.70833333 | W35: 0.72777778 | X35: 0.72916667
C36: 結束 | D36: - | E36: - | F36: - | G36: 0.44930556 | H36: - | I36: - | J36: - | K36: - | L36: - | M36: 0.40694444 | N36: 0.42925926 | O36: 0.43688657 | P36: 0.73575231 | Q36: - | R36: - | S36: - | T36: - | U36: - | V36: 0.83402778 | W36: 0.9696875 | X36: 0.93753472
B37: 配置人數 | D37: - | E37: - | F37: - | G37: 11 | H37: - | I37: - | J37: - | K37: - | L37: - | M37: 4 | N37: 3.4 | O37: 4.1428571 | P37: 7.3333333 | Q37: - | R37: - | S37: - | T37: - | U37: - | V37: 4.4 | W37: 3.3333333 | X37: 4
B38: 主要應用設備 | D38: 伺服包裝機 | E38: ET-55 | F38: ET-600 | G38: 夾心型 | H38: 伺服包裝機 | I38: 伺服包裝機 | J38: 夾心型 | K38: 3300型 | L38: 3300型 | M38: 3300型 | N38: GKK | O38: GKK | P38: 夾心型 | Q38: 伺服包裝機 | R38: 伺服包裝機 | S38: 夾心型 | T38: 3300型 | U38: 3300型 | V38: 3300型 | W38: GKK | X38: GKK
B39: 次要應用設備
B40: 備註

Sheet 0827(18度C)
A1: 大溪廠日報分析 | C1: 總生產量 | D1: =SUM(F5:F140) -> 66765 | E1: 營業額 | F1: =SUM(G5:G140) -> 1318918 | G1: 出勤人數 | H1: =L21+L38+L55+L72+L89+L106+L123+L140 -> 41.609524 | I1: 產線配置圖 | L1: 生產實績 | O1: 人時性差異分析 | S1: 日報登錄 | Y1: 分析說明 | AA1: 產能差異分析
A2: 46261 | C2: 人時性 | D2: =AVERAGE(N21,N38,N55,N72,N89,N106,N123,N140) -> 692.12191 | E2: 平均廠價 | F2: =F1/D1 -> 19.754633 | G2: 多次生產數 | H2: =COUNT(H5:H140) -> 4
A3: 線別 | B3: 品類 | C3: 品名 | E3: 廠價 | F3: 生產量 | G3: 營收 | H3: 多次 生產 | I3: 人數 | J3: 產能/時 | K3: 人時性 | L3: 人數 | M3: 產能/時 | N3: 人時性 | O3: 人數 | P3: 人時性 | Q3: 達成率 | R3: 達成率 平均 | S3: 生產時間 | U3: 換線、休息/分 | V3: 稼動時間/分 | W3: 休息時間 | Y3: (屏榮回填) | AA3: 產能/時 | AB3: 達成率 | AC3: 達成率平均
S4: 開始 | T4: 結束 | W4: 開始 | X4: 結束
A5: 自動包裝機 | B5: 18℃-壽司手卷 | C5: 一配長野稻荷壽司 | E5: 25.64 | F5: 1209 | G5: =E5*F5 -> 30998.76 | I5: 10 | J5: 3600 | K5: =J5/I5 -> 360 | L5: 10 | M5: =F5/V5*60 -> 3216.8896 | N5: =M5/L5 -> 321.68896 | O5: =L5-I5 -> 0 | P5: =N5-K5 -> -38.311045 | Q5: =N5/K5 -> 0.89358043 | R5: =Q21 -> 0.87834753 | S5: 0.16666667 | T5: 0.18231481 | V5: 22.549733 | AA5: =M5-J5 -> -383.11045 | AB5: =M5/J5 -> 0.89358043 | AC5: =AB21 -> 0.87834753
B6: 18℃-壽司手卷 | C6: 一配經典人氣雙手卷 | E6: 29.52 | F6: 2007 | G6: =E6*F6 -> 59246.64 | I6: 11 | J6: 3600 | K6: =J6/I6 -> 327.27273 | L6: 11 | M6: =F6/V6*60 -> 3160.0909 | N6: =M6/L6 -> 287.28099 | O6: =L6-I6 -> 0 | P6: =N6-K6 -> -39.991733 | Q6: =N6/K6 -> 0.87780304 | S6: 0.18541667 | T6: 0.211875 | U6: 5 | V6: 38.106498 | AA6: =M6-J6 -> -439.90906 | AB6: =M6/J6 -> 0.87780304
