Workbook

Sheet 0810
B1: 屏榮 大溪廠組合室生產人時性分析
B3: 日期 | C3: 115.08.10星期一 | E3: 訂單量 | F3: ='0810(18度C)'!D1+'0810(4度C)'!D1 -> 203928 | H3: 營業額 | I3: ='0810(18度C)'!F1+'0810(4度C)'!F1 -> 6334097.6
B4: 人時性 | C4: 項目 | E4: ➀ | G4: ➁ | I4: ➂ | K4: ④ | M4: ⑤ | O4: 異常停線 | Q4: 短暫停線
C5: 組合室 | E5: 全溫層 | G5: 4度C-各編組展開(一配) | I5: 4度C-各編組展開(二配) | K5: 18度C-各編組展開(一配) | M5: 18度C-各編組展開(二配) | O5: 合計次數 | P5: 時間 | Q5: 合計次數 | R5: 設備次數
C6: 排關平均 | E6: =AVERAGE(D14:O14,D32:X32) -> 497.21851 | F6: =AVERAGE(#REF!,D14:K14) -> #REF! | G6: =AVERAGE(D14:K14) -> 270.36048 | I6: =AVERAGE(L14:O14) -> 94.325718 | K6: =AVERAGE(D32:O32) -> 745.17045 | M6: =AVERAGE(P32:X32) -> 791 | O6: ='0810(4度C)'!Y2 -> 0 | P6: ='0810(4度C)'!Z2 -> 0 | Q6: ='0810(4度C)'!AC2 -> 0 | R6: ='0810(4度C)'!AD2 -> 0
C7: 實績平均 | E7: =AVERAGE(D15:O15,D33:X33) -> 446.9071 | F7: =AVERAGE(#REF!,D15:K15) -> #REF! | G7: =AVERAGE(D15:K15) -> 239.11906 | I7: =AVERAGE(L15:O15) -> 87.501787 | K7: =AVERAGE(D33:O33) -> 671.59199 | M7: =AVERAGE(P33:X33) -> 713.60693
C8: 達成率平均 | E8: =AVERAGE(D16:O16,D34:X34) -> 0.90062994 | F8: =AVERAGE(D16:K16,#REF!) -> #REF! | G8: =AVERAGE(D16:K16) -> 0.89344112 | I8: =AVERAGE(L16:O16) -> 0.92580032 | K8: =AVERAGE(D34:O34) -> 0.89786111 | M8: =AVERAGE(P34:X34) -> 0.90159679
O9: ※現行日本鮮食廠以達成率80%為基本(即為現行KPI)
B11: 溫層 | D11: ➁4度C-各編組展開 | L11: ➂4度C-各編組展開
B12: 編組 | D12: 1 | E12: 2 | F12: 3 | G12: 4 | H12: 5 | I12: 6 | J12: 7 | K12: 8 | L12: 1 | M12: 2 | N12: 3 | O12: 4
D13: 便當一線 | E13: 便當二線 | F13: 涼麵一線 | G13: 涼麵二線 | H13: 涼麵三線 | I13: 自動包裝機 | J13: 自動包裝機2 | K13: 自動包裝機3 | L13: 便當一線 | M13: 便當二線 | N13: 涼麵一線 | O13: 涼麵二線
B14: 人時性 | C14: 排關 | D14: - | E14: 83.72093 | F14: 111.31579 | G14: 90.322581 | H14: 171.42857 | I14: 565.375 | J14: 600 | K14: - | L14: - | M14: 101.69492 | N14: 86.956522 | O14: -
C15: 實績 | D15: - | E15: 75.531327 | F15: 100.52621 | G15: 81.425878 | H15: 154.24812 | I15: 481.44777 | J15: 541.53503 | K15: - | L15: - | M15: 96.564286 | N15: 78.439289 | O15: -
C16: 達成率 | D16: - | E16: =E15/E14 -> 0.90217973 | F16: =F15/F14 -> 0.90307235 | G16: =G15/G14 -> 0.90150079 | H16: =H15/H14 -> 0.89978071 | I16: =I15/I14 -> 0.85155475 | J16: =J15/J14 -> 0.90255839 | K16: - | L16: - | M16: =M15/M14 -> 0.94954881 | N16: =N15/N14 -> 0.90205182 | O16: -
B17: 作業 時間 | C17: 開始 | D17: - | E17: 0.20833333 | F17: 0.20833333 | G17: 0.16666667 | H17: 0.16666667 | I17: 0.20833333 | J17: 0.25 | K17: - | L17: - | M17: 0.70833333 | N17: 0.70833333 | O17: -
C18: 結束 | D18: - | E18: 0.64444444 | F18: 0.55238426 | G18: 0.66355324 | H18: 0.5650463 | I18: 0.46320602 | J18: 0.31898148 | K18: - | L18: - | M18: 0.82371528 | N18: 0.84960648 | O18: -
B19: 產線異常 (5分鐘以上) | C19: 次數
C20: 時間/分
B21: 短暫停線 (5分鐘以下) | C21: 次數
C22: 設備次數
B23: 配置人數 | D23: - | E23: 21.5 | F23: 19.166667 | G23: 22.142857 | H23: 21 | I23: 5.6666667 | J23: 6 | K23: - | L23: - | M23: 18.666667 | N23: 23 | O23: -
B24: 主要應用設備 | D24: L型封口機 | E24: ET-55 | F24: ET-55 | G24: ET-55 | H24: ET-600 | I24: 伺服包裝機 | J24: 伺服包裝機 | K24: 伺服包裝機 | L24: L型封口機 | M24: ET-55 | N24: ET-55 | O24: ET-55
B25: 次要應用設備 | D25: 伺服包裝機 | H25: 伺服包裝機
B26: 備註 | H26: 涼麵+烤飯糰 | I26: 大口飯糰線 | K26: 烤飯糰+手卷
B29: 溫層 | D29: ➃18度C-各編組展開 (一配) | P29: ⑤18度C-各編組展開 (二配)
B30: 編組 | D30: 1 | E30: 2 | F30: 3 | G30: 4 | H30: 5 | I30: 6 | J30: 7 | K30: 8 | L30: 9 | M30: 10 | N30: 11 | O30: 12 | P30: 1 | Q30: 2 | R30: 3 | S30: 4 | T30: 5 | U30: 6 | V30: 7 | W30: 8 | X30: 9
D31: 便當一線 | E31: 涼麵一線 | F31: 涼麵三線 | G31: 自動包裝機 | H31: 自動包裝機2 | I31: 自動包裝機3 | J31: 味付飯糰線B | K31: (舊) 3300型飯糰線 | L31: 3000型飯糰線 | M31: (新) 3300型飯糰機 | N31: GKK3600型 飯糰機 | O31: GKK3600型 飯糰機2 | P31: 自動包裝機 | Q31: 自動包裝機2 | R31: 自動包裝機3 | S31: 味付飯糰線B | T31: (舊) 3300型飯糰線 | U31: 3000型飯糰線 | V31: (新) 3300型飯糰機 | W31: GKK3600型 飯糰機 | X31: GKK3600型 飯糰機2
B32: 人時性 | C32: 排關 | D32: - | E32: - | F32: - | G32: 327.27273 | H32: - | I32: - | J32: - | K32: - | L32: - | M32: 825 | N32: 940.90909 | O32: 887.5 | P32: 490.90909 | Q32: - | R32: - | S32: - | T32: - | U32: - | V32: 709.09091 | W32: 1100 | X32: 864
C33: 實績 | D33: - | E33: - | F33: - | G33: 287.42851 | H33: - | I33: - | J33: - | K33: - | L33: - | M33: 754.29135 | N33: 847.83687 | O33: 796.81123 | P33: 438.60095 | Q33: - | R33: - | S33: - | T33: - | U33: - | V33: 648.09035 | W33: 994.79493 | X33: 772.94148
C34: 達成率 | D34: - | E34: - | F34: - | G34: =G33/G32 -> 0.87825377 | H34: - | I34: - | J34: - | K34: - | L34: - | M34: =M33/M32 -> 0.91429255 | N34: =N33/N32 -> 0.90108267 | O34: =O33/O32 -> 0.89781547 | P34: =P33/P32 -> 0.89344638 | Q34: - | R34: - | S34: - | T34: - | U34: - | V34: =V33/V32 -> 0.91397357 | W34: =W33/W32 -> 0.90435903 | X34: =X33/X32 -> 0.8946082
B35: 作業 時間 | C35: 開始 | D35: - | E35: - | F35: - | G35: 0.20833333 | H35: - | I35: - | J35: - | K35: - | L35: - | M35: 0.33680556 | N35: 0.25 | O35: 0.25 | P35: 0.70833333 | Q35: - | R35: - | S35: - | T35: - | U35: - | V35: 0.70833333 | W35: 0.73125 | X35: 0.74027778
C36: 結束 | D36: - | E36: - | F36: - | G36: 0.46320602 | H36: - | I36: - | J36: - | K36: - | L36: - | M36: 0.43195602 | N36: 0.53586806 | O36: 0.51173611 | P36: 0.76032407 | Q36: - | R36: - | S36: - | T36: - | U36: - | V36: 0.88039352 | W36: 1.1289815 | X36: 1.1228935
B37: 配置人數 | D37: - | E37: - | F37: - | G37: 11 | H37: - | I37: - | J37: - | K37: - | L37: - | M37: 4 | N37: 3.6666667 | O37: 4 | P37: 7.3333333 | Q37: - | R37: - | S37: - | T37: - | U37: - | V37: 4.4 | W37: 3 | X37: 4.1666667
B38: 主要應用設備 | D38: 伺服包裝機 | E38: ET-55 | F38: ET-600 | G38: 夾心型 | H38: 伺服包裝機 | I38: 伺服包裝機 | J38: 夾心型 | K38: 3300型 | L38: 3300型 | M38: 3300型 | N38: GKK | O38: GKK | P38: 夾心型 | Q38: 伺服包裝機 | R38: 伺服包裝機 | S38: 夾心型 | T38: 3300型 | U38: 3300型 | V38: 3300型 | W38: GKK | X38: GKK
B39: 次要應用設備
B40: 備註

Sheet 0810(18度C)
A1: 大溪廠日報分析 | C1: 總生產量 | D1: =SUM(F5:F140) -> 110952 | E1: 營業額 | F1: =SUM(G5:G140) -> 2193328.7 | G1: 出勤人數 | H1: =L21+L38+L55+L72+L89+L106+L123+L140 -> 41.566667 | I1: 產線配置圖 | L1: 生產實績 | O1: 人時性差異分析 | S1: 日報登錄 | Y1: 分析說明 | AA1: 產能差異分析
A2: 46244 | C2: 人時性 | D2: =AVERAGE(N21,N38,N55,N72,N89,N106,N123,N140) -> 692.59946 | E2: 平均廠價 | F2: =F1/D1 -> 19.768266 | G2: 多次生產數 | H2: =COUNT(H5:H140) -> 10
A3: 線別 | B3: 品類 | C3: 品名 | E3: 廠價 | F3: 生產量 | G3: 營收 | H3: 多次 生產 | I3: 人數 | J3: 產能/時 | K3: 人時性 | L3: 人數 | M3: 產能/時 | N3: 人時性 | O3: 人數 | P3: 人時性 | Q3: 達成率 | R3: 達成率 平均 | S3: 生產時間 | U3: 換線、休息/分 | V3: 稼動時間/分 | W3: 休息時間 | Y3: (屏榮回填) | AA3: 產能/時 | AB3: 達成率 | AC3: 達成率平均
S4: 開始 | T4: 結束 | W4: 開始 | X4: 結束
A5: 自動包裝機 | B5: 18℃-壽司手卷 | C5: 一配長野稻荷壽司 | E5: 25.64 | F5: 1887 | G5: =E5*F5 -> 48382.68 | I5: 10 | J5: 3600 | K5: =J5/I5 -> 360 | L5: 10 | M5: =F5/V5*60 -> 3216.5296 | N5: =M5/L5 -> 321.65296 | O5: =L5-I5 -> 0 | P5: =N5-K5 -> -38.347045 | Q5: =N5/K5 -> 0.89348043 | R5: =Q21 -> 0.87825377 | S5: 0.20833333 | T5: 0.2327662 | V5: 35.199428 | AA5: =M5-J5 -> -383.47045 | AB5: =M5/J5 -> 0.89348043 | AC5: =AB21 -> 0.87825377
B6: 18℃-壽司手卷 | C6: 一配經典人氣雙手卷 | E6: 29.52 | F6: 2887 | G6: =E6*F6 -> 85224.24 | I6: 11 | J6: 3600 | K6: =J6/I6 -> 327.27273 | L6: 11 | M6: =F6/V6*60 -> 3156.8233 | N6: =M6/L6 -> 286.98394 | O6: =L6-I6 -> 0 | P6: =N6-K6 -> -40.288787 | Q6: =N6/K6 -> 0.87689537 | S6: 0.23680556 | T6: 0.27490741 | U6: 5.8166667 | V6: 54.871617 | AA6: =M6-J6 -> -443.17666 | AB6: =M6/J6 -> 0.87689537
B7: 18℃-壽司手卷 | C7: 一配鮭鮪海饌雙手卷 | E7: 29.85 | F7: 3340 | G7: =E7*F7 -> 99699 | I7: 11 | J7: 3600 | K7: =J7/I7 -> 327.27273 | L7: 11 | M7: =F7/V7*60 -> 3158.3719 | N7: =M7/L7 -> 287.12472 | O7: =L7-I7 -> 0 | P7: =N7-K7 -> -40.148009 | Q7: =N7/K7 -> 0.87732553 | S7: 0.27777778 | T7: 0.32184028 | U7: 5 | V7: 63.450412 | AA7: =M7-J7 -> -441.62809 | AB7: =M7/J7 -> 0.87732553
B8: 18℃-壽司手卷 | C8: 一配青木瓜雞絲泰泰雙手卷 | E8: 30 | F8: 2650 | G8: =E8*F8 -> 79500 | I8: 11 | J8: 3600 | K8: =J8/I8 -> 327.27273 | L8: 11 | M8: =F8/V8*60 -> 3156.3952 | N8: =M8/L8 -> 286.94501 | O8: =L8-I8 -> 0 | P8: =N8-K8 -> -40.327713 | Q8: =N8/K8 -> 0.87677643 | S8: 0.325 | T8: 0.35997685 | U8: 4.55 | V8: 50.373921 | AA8: =M8-J8 -> -443.60484 | AB8: =M8/J8 -> 0.87677643
B9: 18℃-飯糰 | C9: 一配兩粒飯糰(鮪魚.焦糖鮭魚) | E9: 28.57 | F9: 1416 | G9: =E9*F9 -> 40455.12 | I9: 12 | J9: 3600 | K9: =J9/I9 -> 300 | L9: 12 | M9: =F9/V9*60 -> 3120.448 | N9: =M9/L9 -> 260.03733 | O9: =L9-I9 -> 0 | P9: =N9-K9 -> -39.962668 | Q9: =N9/K9 -> 0.86679111 | S9: 0.36319444 | T9: 0.38209491 | U9: 4.6333333 | V9: 27.22686 | AA9: =M9-J9 -> -479.55202 | AB9: =M9/J9 -> 0.86679111
B21: 平均 | I21: =AVERAGE(I5:I20) -> 11 | J21: =AVERAGE(J5:J20) -> 3600 | K21: =J21/I21 -> 327.27273 | L21: =AVERAGE(L5:L20) -> 11 | M21: =AVERAGE(M5:M20) -> 3161.7136 | N21: =M21/L21 -> 287.42851 | O21: =L21-I21 -> 0 | P21: =N21-K21 -> -39.844219 | Q21: =N21/K21 -> 0.87825377 | S21: 0.20833333 | T21: 0.46320602 | AA21: =M21-J21 -> -438.28641 | AB21: =M21/J21 -> 0.87825377
A22: (新) 3300型飯糰機 | B22: 18℃-飯糰 | C22: 一配鮭魚奶油醬油飯糰 | E22: 18.53 | F22: 2482 | G22: =E22*F22 -> 45991.46 | I22: 3 | J22: 3300 | K22: =J22/I22 -> 1100 | L22: 3 | M22: =F22/V22*60 -> 3015.7334 | N22: =M22/L22 -> 1005.2445 | O22: =L22-I22 -> 0 | P22: =N22-K22 -> -94.75552 | Q22: =N22/K22 -> 0.91385862 | R22: =Q38 -> 0.91429255 | S22: 0.33680556 | T22: 0.37108796 | V22: 49.381022 | AA22: =M22-J22 -> -284.26656 | AB22: =M22/J22 -> 0.91385862 | AC22: =AB38 -> 0.91429255
B23: 18℃-飯糰 | C23: 一配壹號醬炙烤牛飯糰 | E23: 22.28 | F23: 766 | G23: =E23*F23 -> 17066.48 | I23: 5 | J23: 3300 | K23: =J23/I23 -> 660 | L23: 5 | M23: =F23/V23*60 -> 3019.0098 | N23: =M23/L23 -> 603.80196 | O23: =L23-I23 -> 0 | P23: =N23-K23 -> -56.198039 | Q23: =N23/K23 -> 0.91485146 | S23: 0.375 | T23: 0.38556713 | U23: 5.6333333 | V23: 15.223535 | AA23: =M23-J23 -> -280.99019 | AB23: =M23/J23 -> 0.91485146
B24: 18℃-飯糰 | C24: 一配鹽蔥燒肉飯糰 | E24: 17.89 | F24: 3068 | G24: =E24*F24 -> 54886.52 | I24: 4 | J24: 3300 | K24: =J24/I24 -> 825 | L24: 4 | M24: =F24/V24*60 -> 3016.753 | N24: =M24/L24 -> 754.18824 | O24: =L24-I24 -> 0 | P24: =N24-K24 -> -70.811761 | Q24: =N24/K24 -> 0.91416756 | S24: 0.38958333 | T24: 0.43195602 | U24: 5.7833333 | V24: 61.019249 | AA24: =M24-J24 -> -283.24704 | AB24: =M24/J24 -> 0.91416756
B38: 平均 | I38: =AVERAGE(I22:I37) -> 4 | J38: =AVERAGE(J22:J37) -> 3300 | K38: =J38/I38 -> 825 | L38: =AVERAGE(L22:L37) -> 4 | M38: =AVERAGE(M22:M37) -> 3017.1654 | N38: =M38/L38 -> 754.29135 | O38: =L38-I38 -> 0 | P38: =N38-K38 -> -70.70865 | Q38: =N38/K38 -> 0.91429255 | S38: 0.33680556 | T38: 0.43195602 | AA38: =M38-J38 -> -282.8346 | AB38: =M38/J38 -> 0.91429255
A39: GKK3600型 飯糰機 | B39: 18℃-飯糰 | C39: 一配熟成紅鮭飯糰 | E39: 25.03 | F39: 971 | G39: =E39*F39 -> 24304.13 | I39: 5 | J39: 3600 | K39: =J39/I39 -> 720 | L39: 5 | M39: =F39/V39*60 -> 3221.3896 | N39: =M39/L39 -> 644.27791 | O39: =L39-I39 -> 0 | P39: =N39-K39 -> -75.72209 | Q39: =N39/K39 -> 0.89483043 | R39: =Q55 -> 0.90108267 | S39: 0.25 | T39: 0.26255787 | V39: 18.085363 | AA39: =M39-J39 -> -378.61045 | AB39: =M39/J39 -> 0.89483043 | AC39: =AB55 -> 0.90108267
B40: 18℃-飯糰 | C40: 一配蔬食鮪魚飯糰 | E40: 18.18 | F40: 1229 | G40: =E40*F40 -> 22343.22 | I40: 3 | J40: 3600 | K40: =J40/I40 -> 1200 | L40: 3 | M40: =F40/V40*60 -> 3218.8818 | N40: =M40/L40 -> 1072.9606 | O40: =L40-I40 -> 0 | P40: =N40-K40 -> -127.0394 | Q40: =N40/K40 -> 0.89413384 | S40: 0.27291667 | T40: 0.28881944 | U40: 14.916667 | V40: 22.908576 | AA40: =M40-J40 -> -381.11819 | AB40: =M40/J40 -> 0.89413384
B41: 18℃-飯糰 | C41: 一配北海道秋鮭親子飯糰 | E41: 24.82 | F41: 1284 | G41: =E41*F41 -> 31868.88 | I41: 5 | J41: 3600 | K41: =J41/I41 -> 720 | L41: 5 | M41: =F41/V41*60 -> 3222.1602 | N41: =M41/L41 -> 644.43203 | O41: =L41-I41 -> 0 | P41: =N41-K41 -> -75.567968 | Q41: =N41/K41 -> 0.89504449 | S41: 0.29861111 | T41: 0.31520833 | U41: 15 | V41: 23.909426 | AA41: =M41-J41 -> -377.83984 | AB41: =M41/J41 -> 0.89504449
B42: 18℃-飯糰 | C42: 一配黑胡椒洋蔥豬飯糰 | E42: 17.07 | F42: 2135 | G42: =E42*F42 -> 36444.45 | I42: 3 | J42: 3300 | K42: =J42/I42 -> 1100 | L42: 3 | M42: =F42/V42*60 -> 3022.7384 | N42: =M42/L42 -> 1007.5795 | O42: =L42-I42 -> 0 | P42: =N42-K42 -> -92.420545 | Q42: =N42/K42 -> 0.91598132 | S42: 0.325 | T42: 0.3544213 | U42: 15 | V42: 42.378792 | AA42: =M42-J42 -> -277.26164 | AB42: =M42/J42 -> 0.91598132
B43: 18℃-飯糰 | C43: 一配經典肉鬆飯糰 | E43: 14.03 | F43: 4837 | G43: =E43*F43 -> 67863.11 | I43: 3 | J43: 3000 | K43: =J43/I43 -> 1000 | L43: 3 | M43: =F43/V43*60 -> 2746.4161 | N43: =M43/L43 -> 915.47204 | O43: =L43-I43 -> 0 | P43: =N43-K43 -> -84.527962 | Q43: =N43/K43 -> 0.91547204 | S43: 0.36458333 | T43: 0.43796296 | U43: 14.633333 | V43: 105.67226 | AA43: =M43-J43 -> -253.58389 | AB43: =M43/J43 -> 0.91547204
B44: 18℃-飯糰 | C44: 一配鮪魚飯糰 | E44: 14.28 | F44: 6799 | G44: =E44*F44 -> 97089.72 | I44: 3 | J44: 3600 | K44: =J44/I44 -> 1200 | L44: 3 | M44: =F44/V44*60 -> 3220.8252 | N44: =M44/L44 -> 1073.6084 | O44: =L44-I44 -> 0 | P44: =N44-K44 -> -126.39159 | Q44: =N44/K44 -> 0.89467368 | S44: 0.44791667 | T44: 0.53586806 | U44: 15 | V44: 126.65698 | AA44: =M44-J44 -> -379.17476 | AB44: =M44/J44 -> 0.89467368
B55: 平均 | I55: =AVERAGE(I39:I54) -> 3.6666667 | J55: =AVERAGE(J39:J54) -> 3450 | K55: =J55/I55 -> 940.90909 | L55: =AVERAGE(L39:L54) -> 3.6666667 | M55: =AVERAGE(M39:M54) -> 3108.7352 | N55: =M55/L55 -> 847.83687 | O55: =L55-I55 -> 0 | P55: =N55-K55 -> -93.072217 | Q55: =N55/K55 -> 0.90108267 | S55: 0.25 | T55: 0.53586806 | AA55: =M55-J55 -> -341.26479 | AB55: =M55/J55 -> 0.90108267
A56: GKK3600型 飯糰機2 | B56: 18℃-飯糰 | C56: 一配椒鹽檸檬鯖魚飯糰 | E56: 20.72 | F56: 1589 | G56: =E56*F56 -> 32924.08 | I56: 3 | J56: 3600 | K56: =J56/I56 -> 1200 | L56: 3 | M56: =F56/V56*60 -> 3221.2384 | N56: =M56/L56 -> 1073.7461 | O56: =L56-I56 -> 0 | P56: =N56-K56 -> -126.25388 | Q56: =N56/K56 -> 0.89478843 | R56: =Q72 -> 0.89781547 | S56: 0.25 | T56: 0.27054398 | V56: 29.597313 | AA56: =M56-J56 -> -378.76164 | AB56: =M56/J56 -> 0.89478843 | AC56: =AB72 -> 0.89781547
B57: 18℃-飯糰 | C57: 一配贅沢鮭魚肚飯糰 | E57: 30 | F57: 1927 | G57: =E57*F57 -> 57810 | I57: 4 | J57: 3600 | K57: =J57/I57 -> 900 | L57: 4 | M57: =F57/V57*60 -> 3223.2307 | N57: =M57/L57 -> 805.80767 | O57: =L57-I57 -> 0 | P57: =N57-K57 -> -94.192331 | Q57: =N57/K57 -> 0.89534185 | S57: 0.28055556 | T57: 0.30546296 | U57: 15 | V57: 35.870843 | AA57: =M57-J57 -> -376.76933 | AB57: =M57/J57 -> 0.89534185
B58: 18℃-飯糰 | C58: 一配筋子銀鮭飯糰 | E58: 30 | F58: 1996 | G58: =E58*F58 -> 59880 | I58: 4 | J58: 3300 | K58: =J58/I58 -> 825 | L58: 4 | M58: =F58/V58*60 -> 3023.0409 | N58: =M58/L58 -> 755.76023 | O58: =L58-I58 -> 0 | P58: =N58-K58 -> -69.239775 | Q58: =N58/K58 -> 0.916073 | S58: 0.31527778 | T58: 0.34277778 | U58: 15 | V58: 39.615739 | AA58: =M58-J58 -> -276.9591 | AB58: =M58/J58 -> 0.916073
B59: 18℃-飯糰 | C59: 一配鹽蔥生鮭飯糰 | E59: 27.48 | F59: 2907 | G59: =E59*F59 -> 79884.36 | I59: 5 | J59: 3600 | K59: =J59/I59 -> 720 | L59: 5 | M59: =F59/V59*60 -> 3222.0059 | N59: =M59/L59 -> 644.40118 | O59: =L59-I59 -> 0 | P59: =N59-K59 -> -75.598825 | Q59: =N59/K59 -> 0.89500163 | S59: 0.35277778 | T59: 0.39037037 | U59: 15 | V59: 54.133979 | AA59: =M59-J59 -> -377.99412 | AB59: =M59/J59 -> 0.89500163
B60: 18℃-飯糰 | C60: 一配明太子龍蝦風味沙拉飯糰 | E60: 18.18 | F60: 2167 | G60: =E60*F60 -> 39396.06 | I60: 3 | J60: 3600 | K60: =J60/I60 -> 1200 | L60: 3 | M60: =F60/V60*60 -> 3216.6063 | N60: =M60/L60 -> 1072.2021 | O60: =L60-I60 -> 0 | P60: =N60-K60 -> -127.79791 | Q60: =N60/K60 -> 0.89350174 | S60: 0.40069444 | T60: 0.42876157 | U60: 14.866667 | V60: 40.421484 | AA60: =M60-J60 -> -383.39372 | AB60: =M60/J60 -> 0.89350174
B61: 18℃-飯糰 | C61: 一配雞肉飯飯糰 | E61: 16.66 | F61: 5625 | G61: =E61*F61 -> 93712.5 | I61: 5 | J61: 3600 | K61: =J61/I61 -> 720 | L61: 5 | M61: =F61/V61*60 -> 3217.3474 | N61: =M61/L61 -> 643.46947 | O61: =L61-I61 -> 0 | P61: =N61-K61 -> -76.530527 | Q61: =N61/K61 -> 0.8937076 | S61: 0.43888889 | T61: 0.51173611 | U61: 14.583333 | V61: 104.90008 | AA61: =M61-J61 -> -382.65263 | AB61: =M61/J61 -> 0.8937076
B72: 平均 | I72: =AVERAGE(I56:I71) -> 4 | J72: =AVERAGE(J56:J71) -> 3550 | K72: =J72/I72 -> 887.5 | L72: =AVERAGE(L56:L71) -> 4 | M72: =AVERAGE(M56:M71) -> 3187.2449 | N72: =M72/L72 -> 796.81123 | O72: =L72-I72 -> 0 | P72: =N72-K72 -> -90.688773 | Q72: =N72/K72 -> 0.89781547 | S72: 0.25 | T72: 0.51173611 | AA72: =M72-J72 -> -362.75509 | AB72: =M72/J72 -> 0.89781547
A73: 自動包裝機 (二配) | B73: 18℃-飯糰 | C73: 二配兩粒飯糰(鮪魚.焦糖鮭魚) | E73: 28.57 | F73: 1572 | G73: =E73*F73 -> 44912.04 | I73: 12 | J73: 3600 | K73: =J73/I73 -> 300 | L73: 12 | M73: =F73/V73*60 -> 3120.179 | N73: =M73/L73 -> 260.01492 | O73: =L73-I73 -> 0 | P73: =N73-K73 -> -39.985083 | Q73: =N73/K73 -> 0.86671639 | R73: =Q89 -> 0.89344638 | S73: 0.70833333 | T73: 0.72931713 | V73: 30.229035 | AA73: =M73-J73 -> -479.821 | AB73: =M73/J73 -> 0.86671639 | AC73: =AB89 -> 0.89344638
B74: 18℃-飯糰 | C74: 二配柚香雞胸五穀飯糰 | E74: 17.71 | F74: 612 | G74: =E74*F74 -> 10838.52 | I74: 5 | J74: 3600 | K74: =J74/I74 -> 720 | L74: 5 | M74: =F74/V74*60 -> 3264.6273 | N74: =M74/L74 -> 652.92546 | O74: =L74-I74 -> 0 | P74: =N74-K74 -> -67.074544 | Q74: =N74/K74 -> 0.90684091 | S74: 0.73263889 | T74: 0.74043981 | U74: 4.7833333 | V74: 11.247838 | AA74: =M74-J74 -> -335.37272 | AB74: =M74/J74 -> 0.90684091
B75: 18℃-飯糰 | C75: 二配鮭魚毛豆炊飯飯糰 | E75: 18.92 | F75: 1245 | G75: =E75*F75 -> 23555.4 | I75: 5 | J75: 3600 | K75: =J75/I75 -> 720 | L75: 5 | M75: =F75/V75*60 -> 3264.4147 | N75: =M75/L75 -> 652.88293 | O75: =L75-I75 -> 0 | P75: =N75-K75 -> -67.117068 | Q75: =N75/K75 -> 0.90678185 | S75: 0.74444444 | T75: 0.76032407 | U75: 5.7666667 | V75: 22.883122 | AA75: =M75-J75 -> -335.58534 | AB75: =M75/J75 -> 0.90678185
B89: 平均 | I89: =AVERAGE(I73:I88) -> 7.3333333 | J89: =AVERAGE(J73:J88) -> 3600 | K89: =J89/I89 -> 490.90909 | L89: =AVERAGE(L73:L88) -> 7.3333333 | M89: =AVERAGE(M73:M88) -> 3216.407 | N89: =M89/L89 -> 438.60095 | O89: =L89-I89 -> 0 | P89: =N89-K89 -> -52.308139 | Q89: =N89/K89 -> 0.89344638 | S89: 0.70833333 | T89: 0.76032407 | AA89: =M89-J89 -> -383.59302 | AB89: =M89/J89 -> 0.89344638
A90: (新) 3300型飯糰機 (二配) | B90: 18℃-飯糰 | C90: 二配大飯糰乾燒風味鮮蝦 | E90: 23.27 | F90: 570 | G90: =E90*F90 -> 13263.9 | I90: 5 | J90: 3000 | K90: =J90/I90 -> 600 | L90: 5 | M90: =F90/V90*60 -> 2742.0771 | N90: =M90/L90 -> 548.41543 | O90: =L90-I90 -> 0 | P90: =N90-K90 -> -51.584572 | Q90: =N90/K90 -> 0.91402571 | R90: =Q106 -> 0.91397357 | S90: 0.70833333 | T90: 0.71699074 | V90: 12.472297 | AA90: =M90-J90 -> -257.92286 | AB90: =M90/J90 -> 0.91402571 | AC90: =AB106 -> 0.91397357
B91: 18℃-飯糰 | C91: 二配大飯糰韓式蒜烤豬五花 | E91: 24.54 | F91: 1495 | G91: =E91*F91 -> 36687.3 | I91: 4 | J91: 3000 | K91: =J91/I91 -> 750 | L91: 4 | M91: =F91/V91*60 -> 2742.9099 | N91: =M91/L91 -> 685.72748 | O91: =L91-I91 -> 0 | P91: =N91-K91 -> -64.272523 | Q91: =N91/K91 -> 0.9143033 | S91: 0.72013889 | T91: 0.74284722 | U91: 4.5333333 | V91: 32.702496 | AA91: =M91-J91 -> -257.09009 | AB91: =M91/J91 -> 0.9143033
B92: 18℃-飯糰 | C92: 二配大飯糰泡菜鮪魚 | E92: 24.33 | F92: 1478 | G92: =E92*F92 -> 35959.74 | I92: 4 | J92: 3000 | K92: =J92/I92 -> 750 | L92: 4 | M92: =F92/V92*60 -> 2742.2238 | N92: =M92/L92 -> 685.55594 | O92: =L92-I92 -> 0 | P92: =N92-K92 -> -64.444061 | Q92: =N92/K92 -> 0.91407459 | S92: 0.74652778 | T92: 0.76898148 | U92: 5.3 | V92: 32.338718 | AA92: =M92-J92 -> -257.77624 | AB92: =M92/J92 -> 0.91407459
B93: 18℃-飯糰 | C93: 二配壹號醬炙烤牛飯糰 | E93: 22.28 | F93: 1693 | G93: =E93*F93 -> 37720.04 | I93: 5 | J93: 3300 | K93: =J93/I93 -> 660 | L93: 5 | M93: =F93/V93*60 -> 3014.2588 | N93: =M93/L93 -> 602.85175 | O93: =L93-I93 -> 0 | P93: =N93-K93 -> -57.148245 | Q93: =N93/K93 -> 0.91341175 | S93: 0.77222222 | T93: 0.79561343 | U93: 4.6666667 | V93: 33.699827 | AA93: =M93-J93 -> -285.74123 | AB93: =M93/J93 -> 0.91341175
B94: 18℃-飯糰 | C94: 二配鹽蔥燒肉飯糰 | E94: 17.89 | F94: 5921 | G94: =E94*F94 -> 105926.69 | I94: 4 | J94: 3300 | K94: =J94/I94 -> 825 | L94: 4 | M94: =F94/V94*60 -> 3016.5181 | N94: =M94/L94 -> 754.12952 | O94: =L94-I94 -> 0 | P94: =N94-K94 -> -70.870481 | Q94: =N94/K94 -> 0.91409639 | S94: 0.79861111 | T94: 0.88039352 | U94: 5 | V94: 117.77155 | AA94: =M94-J94 -> -283.48192 | AB94: =M94/J94 -> 0.91409639
B106: 平均 | I106: =AVERAGE(I90:I105) -> 4.4 | J106: =AVERAGE(J90:J105) -> 3120 | K106: =J106/I106 -> 709.09091 | L106: =AVERAGE(L90:L105) -> 4.4 | M106: =AVERAGE(M90:M105) -> 2851.5975 | N106: =M106/L106 -> 648.09035 | O106: =L106-I106 -> 0 | P106: =N106-K106 -> -61.000561 | Q106: =N106/K106 -> 0.91397357 | S106: 0.70833333 | T106: 0.88039352 | AA106: =M106-J106 -> -268.40247 | AB106: =M106/J106 -> 0.91397357
A107: GKK3600型 飯糰機 (二配) | B107: 18℃-飯糰 | C107: 二配芝麻香鬆飯糰 | E107: 18.18 | F107: 690 | G107: =E107*F107 -> 12544.2 | H107: 2 | I107: 3 | J107: 3000 | K107: =J107/I107 -> 1000 | L107: 3 | M107: =F107/V107*60 -> 2744.8541 | N107: =M107/L107 -> 914.95137 | O107: =L107-I107 -> 0 | P107: =N107-K107 -> -85.048628 | Q107: =N107/K107 -> 0.91495137 | R107: =Q123 -> 0.90435903 | S107: 0.73125 | T107: 0.74171296 | V107: 15.082769 | AA107: =M107-J107 -> -255.14588 | AB107: =M107/J107 -> 0.91495137 | AC107: =AB123 -> 0.90435903
B108: 18℃-飯糰 | C108: 二配蔬食鮪魚飯糰 | E108: 18.18 | F108: 432 | G108: =E108*F108 -> 7853.76 | H108: 2 | I108: 3 | J108: 3600 | K108: =J108/I108 -> 1200 | L108: 3 | M108: =F108/V108*60 -> 3221.2046 | N108: =M108/L108 -> 1073.7349 | O108: =L108-I108 -> 0 | P108: =N108-K108 -> -126.26513 | Q108: =N108/K108 -> 0.89477906 | S108: 0.75208333 | T108: 0.75766204 | U108: 14.933333 | V108: 8.0466791 | AA108: =M108-J108 -> -378.79538 | AB108: =M108/J108 -> 0.89477906
B109: 18℃-飯糰 | C109: 二配經典肉鬆飯糰 | E109: 14.03 | F109: 2438 | G109: =E109*F109 -> 34205.14 | H109: 2 | I109: 3 | J109: 3000 | K109: =J109/I109 -> 1000 | L109: 3 | M109: =F109/V109*60 -> 2747.2401 | N109: =M109/L109 -> 915.7467 | O109: =L109-I109 -> 0 | P109: =N109-K109 -> -84.2533 | Q109: =N109/K109 -> 0.9157467 | S109: 0.76805556 | T109: 0.80502315 | U109: 14.966667 | V109: 53.246165 | AA109: =M109-J109 -> -252.7599 | AB109: =M109/J109 -> 0.9157467
B110: 18℃-飯糰 | C110: 二配鮪魚飯糰 | E110: 14.28 | F110: 3008 | G110: =E110*F110 -> 42954.24 | H110: 2 | I110: 3 | J110: 3600 | K110: =J110/I110 -> 1200 | L110: 3 | M110: =F110/V110*60 -> 3224.2403 | N110: =M110/L110 -> 1074.7468 | O110: =L110-I110 -> 0 | P110: =N110-K110 -> -125.25322 | Q110: =N110/K110 -> 0.89562231 | S110: 0.81527778 | T110: 0.85414352 | U110: 14.766667 | V110: 55.975976 | AA110: =M110-J110 -> -375.75967 | AB110: =M110/J110 -> 0.89562231
B111: 18℃-飯糰 | C111: 二配芝麻香鬆飯糰 | E111: 18.18 | F111: 1545 | G111: =E111*F111 -> 28088.1 | I111: 3 | J111: 3000 | K111: =J111/I111 -> 1000 | L111: 3 | M111: =F111/V111*60 -> 2744.8541 | N111: =M111/L111 -> 914.95137 | O111: =L111-I111 -> 0 | P111: =N111-K111 -> -85.048628 | Q111: =N111/K111 -> 0.91495137 | S111: 0.86388889 | T111: 0.88733796 | U111: 15 | V111: 33.772287 | AA111: =M111-J111 -> -255.14588 | AB111: =M111/J111 -> 0.91495137
B112: 18℃-飯糰 | C112: 二配蔬食鮪魚飯糰 | E112: 18.18 | F112: 942 | G112: =E112*F112 -> 17125.56 | I112: 3 | J112: 3600 | K112: =J112/I112 -> 1200 | L112: 3 | M112: =F112/V112*60 -> 3221.2046 | N112: =M112/L112 -> 1073.7349 | O112: =L112-I112 -> 0 | P112: =N112-K112 -> -126.26513 | Q112: =N112/K112 -> 0.89477906 | S112: 0.89722222 | T112: 0.90939815 | U112: 15 | V112: 17.546231 | AA112: =M112-J112 -> -378.79538 | AB112: =M112/J112 -> 0.89477906
B113: 18℃-飯糰 | C113: 二配經典肉鬆飯糰 | E113: 14.03 | F113: 6387 | G113: =E113*F113 -> 89609.61 | I113: 3 | J113: 3000 | K113: =J113/I113 -> 1000 | L113: 3 | M113: =F113/V113*60 -> 2747.2401 | N113: =M113/L113 -> 915.7467 | O113: =L113-I113 -> 0 | P113: =N113-K113 -> -84.2533 | Q113: =N113/K113 -> 0.9157467 | S113: 0.91944444 | T113: 1.0163079 | U113: 15 | V113: 139.49272 | AA113: =M113-J113 -> -252.7599 | AB113: =M113/J113 -> 0.9157467
B114: 18℃-飯糰 | C114: 二配鮪魚飯糰 | E114: 14.28 | F114: 7939 | G114: =E114*F114 -> 113368.92 | I114: 3 | J114: 3600 | K114: =J114/I114 -> 1200 | L114: 3 | M114: =F114/V114*60 -> 3224.2403 | N114: =M114/L114 -> 1074.7468 | O114: =L114-I114 -> 0 | P114: =N114-K114 -> -125.25322 | Q114: =N114/K114 -> 0.89562231 | S114: 1.0263889 | T114: 1.1289815 | U114: 14.516667 | V114: 147.73713 | AA114: =M114-J114 -> -375.75967 | AB114: =M114/J114 -> 0.89562231
B123: 平均 | I123: =AVERAGE(I107:I122) -> 3 | J123: =AVERAGE(J107:J122) -> 3300 | K123: =J123/I123 -> 1100 | L123: =AVERAGE(L107:L122) -> 3 | M123: =AVERAGE(M107:M122) -> 2984.3848 | N123: =M123/L123 -> 994.79493 | O123: =L123-I123 -> 0 | P123: =N123-K123 -> -105.20507 | Q123: =N123/K123 -> 0.90435903 | S123: 0.73125 | T123: 1.1289815 | AA123: =M123-J123 -> -315.61521 | AB123: =M123/J123 -> 0.90435903
A124: GKK3600型 飯糰機2 (二配) | B124: 18℃-飯糰 | C124: 二配熟成紅鮭飯糰 | E124: 25.03 | F124: 543 | G124: =E124*F124 -> 13591.29 | H124: 2 | I124: 5 | J124: 3600 | K124: =J124/I124 -> 720 | L124: 5 | M124: =F124/V124*60 -> 3220.3087 | N124: =M124/L124 -> 644.06175 | O124: =L124-I124 -> 0 | P124: =N124-K124 -> -75.938251 | Q124: =N124/K124 -> 0.89453021 | R124: =Q140 -> 0.8946082 | S124: 0.74027778 | T124: 0.74730324 | V124: 10.117042 | AA124: =M124-J124 -> -379.69126 | AB124: =M124/J124 -> 0.89453021 | AC124: =AB140 -> 0.8946082
B125: 18℃-飯糰 | C125: 二配三杯醬爆菇菇飯糰 | E125: 16.7 | F125: 479 | G125: =E125*F125 -> 7999.3 | H125: 2 | I125: 3 | J125: 3600 | K125: =J125/I125 -> 1200 | L125: 3 | M125: =F125/V125*60 -> 3223.0439 | N125: =M125/L125 -> 1074.348 | O125: =L125-I125 -> 0 | P125: =N125-K125 -> -125.65204 | Q125: =N125/K125 -> 0.89528997 | S125: 0.75763889 | T125: 0.76383102 | U125: 14.883333 | V125: 8.9170365 | AA125: =M125-J125 -> -376.95611 | AB125: =M125/J125 -> 0.89528997
B126: 18℃-飯糰 | C126: 二配贅沢鮭魚肚飯糰 | E126: 30 | F126: 738 | G126: =E126*F126 -> 22140 | H126: 2 | I126: 4 | J126: 3600 | K126: =J126/I126 -> 900 | L126: 4 | M126: =F126/V126*60 -> 3217.08 | N126: =M126/L126 -> 804.27001 | O126: =L126-I126 -> 0 | P126: =N126-K126 -> -95.729992 | Q126: =N126/K126 -> 0.89363334 | S126: 0.77361111 | T126: 0.78315972 | U126: 15 | V126: 13.764034 | AA126: =M126-J126 -> -382.91997 | AB126: =M126/J126 -> 0.89363334
B127: 18℃-飯糰 | C127: 二配北海道秋鮭親子飯糰 | E127: 24.82 | F127: 756 | G127: =E127*F127 -> 18763.92 | H127: 2 | I127: 5 | J127: 3600 | K127: =J127/I127 -> 720 | L127: 5 | M127: =F127/V127*60 -> 3220.5932 | N127: =M127/L127 -> 644.11863 | O127: =L127-I127 -> 0 | P127: =N127-K127 -> -75.88137 | Q127: =N127/K127 -> 0.89460921 | S127: 0.79305556 | T127: 0.80283565 | U127: 15 | V127: 14.084362 | AA127: =M127-J127 -> -379.40685 | AB127: =M127/J127 -> 0.89460921
B128: 18℃-飯糰 | C128: 二配明太子龍蝦風味沙拉飯糰 | E128: 18.18 | F128: 1114 | G128: =E128*F128 -> 20252.52 | H128: 2 | I128: 3 | J128: 3600 | K128: =J128/I128 -> 1200 | L128: 3 | M128: =F128/V128*60 -> 3220.4034 | N128: =M128/L128 -> 1073.4678 | O128: =L128-I128 -> 0 | P128: =N128-K128 -> -126.5322 | Q128: =N128/K128 -> 0.8945565 | S128: 0.81319444 | T128: 0.82760417 | U128: 14.916667 | V128: 20.755164 | AA128: =M128-J128 -> -379.59659 | AB128: =M128/J128 -> 0.8945565
B129: 18℃-飯糰 | C129: 二配雞肉飯飯糰 | E129: 16.66 | F129: 2518 | G129: =E129*F129 -> 41949.88 | H129: 2 | I129: 5 | J129: 3600 | K129: =J129/I129 -> 720 | L129: 5 | M129: =F129/V129*60 -> 3222.1079 | N129: =M129/L129 -> 644.42157 | O129: =L129-I129 -> 0 | P129: =N129-K129 -> -75.578426 | Q129: =N129/K129 -> 0.89502996 | S129: 0.8375 | T129: 0.87005787 | U129: 15 | V129: 46.888561 | AA129: =M129-J129 -> -377.89213 | AB129: =M129/J129 -> 0.89502996
B130: 18℃-飯糰 | C130: 二配熟成紅鮭飯糰 | E130: 25.03 | F130: 1103 | G130: =E130*F130 -> 27608.09 | I130: 5 | J130: 3600 | K130: =J130/I130 -> 720 | L130: 5 | M130: =F130/V130*60 -> 3220.3087 | N130: =M130/L130 -> 644.06175 | O130: =L130-I130 -> 0 | P130: =N130-K130 -> -75.938251 | Q130: =N130/K130 -> 0.89453021 | S130: 0.87986111 | T130: 0.89413194 | U130: 15 | V130: 20.550825 | AA130: =M130-J130 -> -379.69126 | AB130: =M130/J130 -> 0.89453021
B131: 18℃-飯糰 | C131: 二配三杯醬爆菇菇飯糰 | E131: 16.7 | F131: 1038 | G131: =E131*F131 -> 17334.6 | I131: 3 | J131: 3600 | K131: =J131/I131 -> 1200 | L131: 3 | M131: =F131/V131*60 -> 3223.0439 | N131: =M131/L131 -> 1074.348 | O131: =L131-I131 -> 0 | P131: =N131-K131 -> -125.65204 | Q131: =N131/K131 -> 0.89528997 | S131: 0.90416667 | T131: 0.91758102 | U131: 15 | V131: 19.323348 | AA131: =M131-J131 -> -376.95611 | AB131: =M131/J131 -> 0.89528997
B132: 18℃-飯糰 | C132: 二配贅沢鮭魚肚飯糰 | E132: 30 | F132: 1794 | G132: =E132*F132 -> 53820 | I132: 4 | J132: 3600 | K132: =J132/I132 -> 900 | L132: 4 | M132: =F132/V132*60 -> 3217.08 | N132: =M132/L132 -> 804.27001 | O132: =L132-I132 -> 0 | P132: =N132-K132 -> -95.729992 | Q132: =N132/K132 -> 0.89363334 | S132: 0.92777778 | T132: 0.95100694 | U132: 14.683333 | V132: 33.458913 | AA132: =M132-J132 -> -382.91997 | AB132: =M132/J132 -> 0.89363334
B133: 18℃-飯糰 | C133: 二配北海道秋鮭親子飯糰 | E133: 24.82 | F133: 1722 | G133: =E133*F133 -> 42740.04 | I133: 5 | J133: 3600 | K133: =J133/I133 -> 720 | L133: 5 | M133: =F133/V133*60 -> 3220.5932 | N133: =M133/L133 -> 644.11863 | O133: =L133-I133 -> 0 | P133: =N133-K133 -> -75.88137 | Q133: =N133/K133 -> 0.89460921 | S133: 0.96111111 | T133: 0.98337963 | U133: 14.55 | V133: 32.081047 | AA133: =M133-J133 -> -379.40685 | AB133: =M133/J133 -> 0.89460921
B134: 18℃-飯糰 | C134: 二配明太子龍蝦風味沙拉飯糰 | E134: 18.18 | F134: 2775 | G134: =E134*F134 -> 50449.5 | I134: 3 | J134: 3600 | K134: =J134/I134 -> 1200 | L134: 3 | M134: =F134/V134*60 -> 3220.4034 | N134: =M134/L134 -> 1073.4678 | O134: =L134-I134 -> 0 | P134: =N134-K134 -> -126.5322 | Q134: =N134/K134 -> 0.8945565 | S134: 0.99375 | T134: 1.0296528 | U134: 14.933333 | V134: 51.701597 | AA134: =M134-J134 -> -379.59659 | AB134: =M134/J134 -> 0.8945565
B135: 18℃-飯糰 | C135: 二配雞肉飯飯糰 | E135: 16.66 | F135: 6443 | G135: =E135*F135 -> 107340.38 | I135: 5 | J135: 3600 | K135: =J135/I135 -> 720 | L135: 5 | M135: =F135/V135*60 -> 3222.1079 | N135: =M135/L135 -> 644.42157 | O135: =L135-I135 -> 0 | P135: =N135-K135 -> -75.578426 | Q135: =N135/K135 -> 0.89502996 | S135: 1.0395833 | T135: 1.1228935 | U135: 15 | V135: 119.97736 | AA135: =M135-J135 -> -377.89213 | AB135: =M135/J135 -> 0.89502996
B140: 平均 | I140: =AVERAGE(I124:I139) -> 4.1666667 | J140: =AVERAGE(J124:J139) -> 3600 | K140: =J140/I140 -> 864 | L140: =AVERAGE(L124:L139) -> 4.1666667 | M140: =AVERAGE(M124:M139) -> 3220.5895 | N140: =M140/L140 -> 772.94148 | O140: =L140-I140 -> 0 | P140: =N140-K140 -> -91.058516 | Q140: =N140/K140 -> 0.8946082 | S140: 0.74027778 | T140: 1.1228935 | AA140: =M140-J140 -> -379.41048 | AB140: =M140/J140 -> 0.8946082
Y142: 原因回覆
Y143: 1.當日出勤人數較多
Y144: 2.當日出勤人數較少
Y145: 3.當日出勤熟手較多
Y146: 4.當日出勤新人較多
Y147: 5.機台夾盒
Y148: 6.封膜不順
Y149: 7.更換膠膜
Y150: 8.更換碳帶
Y151: 9.當日熱轉印碳帶異常
Y152: 10.訂單量過少
Y153: 11.新品上市，尚未熟悉
Y154: 12.活動期間品項需貼標

Sheet 0810(4度C)
A1: 大溪廠日報分析 | C1: 總生產量 | D1: =SUM(F5:F140) -> 92976 | E1: 營業額 | F1: =SUM(G5:G140) -> 4140768.9 | G1: 出勤人數 | H1: =L21+L38+L55+L72+L89+L106+L123+L140 -> 137.14286 | I1: 產線配置圖 | L1: 生產實績 | O1: 人時性差異分析 | S1: 日報登錄 | Y1: 合計次數 | Z1: 合計(時間/分) | AA1: 產線異常 分析說明(5分鐘以上) | AC1: 合計次數 | AD1: 合計(時間/分) | AE1: 產能差異分析
A2: 46244 | C2: 人時性 | D2: =AVERAGE(N21,N38,N55,N72,N89,N106,N123,N140) -> 201.21474 | E2: 平均廠價 | F2: =F1/D1 -> 44.53589 | G2: 多次生產數 | H2: =COUNT(H5:H140) -> 1 | Y2: =SUM(Y21,Y38,Y55,Y72,Y89,Y106,Y123,Y140) -> 0 | Z2: =SUM(Z21,Z38,Z55,Z72,Z89,Z106,Z123,Z140) -> 0 | AC2: =SUM(AC21,AC38,AC55,AC72,AC89,AC106,AC123,AC140) -> 0 | AD2: =SUM(AD21,AD38,AD55,AD72,AD89,AD106,AD123,AD140) -> 0
A3: 線別 | B3: 品類 | C3: 品名 | E3: 廠價 | F3: 生產量 | G3: 營收 | H3: 多次 生產 | I3: 人數 | J3: 產能/時 | K3: 人時性 | L3: 人數 | M3: 產能/時 | N3: 人時性 | O3: 人數 | P3: 人時性 | Q3: 達成率 | R3: 達成率 平均 | S3: 生產時間 | U3: 換線、休息/分 | V3: 稼動時間/分 | W3: 休息時間 | Y3: 產線異常統計(5分鐘以上) | AA3: (屏榮回填) | AC3: 短暫停線統計(5分鐘以下) | AE3: 產能/時 | AF3: 達成率 | AG3: 達成率平均
S4: 開始 | T4: 結束 | W4: 開始 | X4: 結束 | Y4: 次數 | Z4: 時間/分 | AC4: 總次數 | AD4: 設備因素(次數)
A5: 便當二線 | B5: 微波小吃 | C5: 日式茶碗蒸 | E5: 19.7 | F5: 3603 | G5: =E5*F5 -> 70979.1 | I5: 13 | J5: 1200 | K5: =J5/I5 -> 92.307692 | L5: 13 | M5: =F5/V5*60 -> 1083.2073 | N5: =M5/L5 -> 83.323638 | O5: =L5-I5 -> 0 | P5: =N5-K5 -> -8.9840548 | Q5: =N5/K5 -> 0.90267274 | R5: =Q21 -> 0.90217973 | S5: 0.20833333 | T5: 0.3469213 | V5: 199.57399 | AE5: =M5-J5 -> -116.79271 | AF5: =M5/J5 -> 0.90267274 | AG5: =AF21 -> 0.90217973
B6: 微波主食 | C6: 糖燻野郎三十天熟成牛飯 | E6: 56.43 | F6: 4649 | G6: =E6*F6 -> 262343.07 | I6: 24 | J6: 2000 | K6: =J6/I6 -> 83.333333 | L6: 24 | M6: =F6/V6*60 -> 1804.9548 | N6: =M6/L6 -> 75.206451 | O6: =L6-I6 -> 0 | P6: =N6-K6 -> -8.1268824 | Q6: =N6/K6 -> 0.90247741 | S6: 0.35069444 | T6: 0.45800926 | U6: 5.4333333 | V6: 154.54126 | AE6: =M6-J6 -> -195.04518 | AF6: =M6/J6 -> 0.90247741
B7: 便當 | C7: 香檸奶油魚排蔬滿盒 | E7: 77.35 | F7: 1047 | G7: =E7*F7 -> 80985.45 | I7: 25 | J7: 2000 | K7: =J7/I7 -> 80 | L7: 25 | M7: =F7/V7*60 -> 1803.4216 | N7: =M7/L7 -> 72.136864 | O7: =L7-I7 -> 0 | P7: =N7-K7 -> -7.8631358 | Q7: =N7/K7 -> 0.9017108 | S7: 0.46111111 | T7: 0.48530093 | U7: 5 | V7: 34.833785 | W7: 0.48530093 | X7: 0.52361111 | AE7: =M7-J7 -> -196.5784 | AF7: =M7/J7 -> 0.9017108
B8: 便當 | C8: 健身G肉餐盒 | E8: 59.52 | F8: 5232 | G8: =E8*F8 -> 311408.64 | I8: 24 | J8: 2000 | K8: =J8/I8 -> 83.333333 | L8: 24 | M8: =F8/V8*60 -> 1804.1104 | N8: =M8/L8 -> 75.171265 | O8: =L8-I8 -> 0 | P8: =N8-K8 -> -8.1620679 | Q8: =N8/K8 -> 0.90205519 | S8: 0.52361111 | T8: 0.64444444 | U8: 55.166667 | V8: 174.00266 | AE8: =M8-J8 -> -195.88963 | AF8: =M8/J8 -> 0.90205519
B21: 平均 | I21: =AVERAGE(I5:I20) -> 21.5 | J21: =AVERAGE(J5:J20) -> 1800 | K21: =J21/I21 -> 83.72093 | L21: =AVERAGE(L5:L20) -> 21.5 | M21: =AVERAGE(M5:M20) -> 1623.9235 | N21: =M21/L21 -> 75.531327 | O21: =L21-I21 -> 0 | P21: =N21-K21 -> -8.1896037 | Q21: =N21/K21 -> 0.90217973 | S21: 0.20833333 | T21: 0.64444444 | Y21: =SUM(Y5:Y20) -> 0 | Z21: =SUM(Z5:Z20) -> 0 | AC21: =SUM(AC5:AC20) -> 0 | AD21: =SUM(AD5:AD20) -> 0 | AE21: =M21-J21 -> -176.07648 | AF21: =M21/J21 -> 0.90217973
A22: 涼麵一線 | B22: 4℃-壽司手卷 | C22: 海陸雙拼壽司 | E22: 36.45 | F22: 2647 | G22: =E22*F22 -> 96483.15 | I22: 20 | J22: 2100 | K22: =J22/I22 -> 105 | L22: 20 | M22: =F22/V22*60 -> 1892.2283 | N22: =M22/L22 -> 94.611417 | O22: =L22-I22 -> 0 | P22: =N22-K22 -> -10.388583 | Q22: =N22/K22 -> 0.90106112 | R22: =Q38 -> 0.90307235 | S22: 0.20833333 | T22: 0.2666088 | V22: 83.932788 | AE22: =M22-J22 -> -207.77166 | AF22: =M22/J22 -> 0.90106112 | AG22: =AF38 -> 0.91099404
B23: 微波小吃 | C23: 馬鈴薯玉米濃湯 | E23: 31.72 | F23: 1771 | G23: =E23*F23 -> 56176.12 | I23: 22 | J23: 2000 | K23: =J23/I23 -> 90.909091 | L23: 22 | M23: =F23/V23*60 -> 1804.8275 | N23: =M23/L23 -> 82.037614 | O23: =L23-I23 -> 0 | P23: =N23-K23 -> -8.8714766 | Q23: =N23/K23 -> 0.90241376 | S23: 0.26944444 | T23: 0.31032407 | U23: 5 | V23: 58.875432 | AE23: =M23-J23 -> -195.17249 | AF23: =M23/J23 -> 0.90241376
B24: 微波小吃 | C24: 三合一味噌湯 | E24: 34.79 | F24: 1946 | G24: =E24*F24 -> 67701.34 | I24: 11 | J24: 2000 | K24: =J24/I24 -> 181.81818 | L24: 11 | M24: =F24/V24*60 -> 1808.128 | N24: =M24/L24 -> 164.37527 | O24: =L24-I24 -> 0 | P24: =N24-K24 -> -17.44291 | Q24: =N24/K24 -> 0.904064 | S24: 0.31388889 | T24: 0.35872685 | U24: 5.1333333 | V24: 64.575074 | AE24: =M24-J24 -> -191.872 | AF24: =M24/J24 -> 0.904064
B25: 微波小吃 | C25: 越式牛肉寬粉 | E25: 51.44 | F25: 1833 | G25: =E25*F25 -> 94289.52 | I25: 19 | J25: 2000 | K25: =J25/I25 -> 105.26316 | L25: 19 | M25: =F25/V25*60 -> 1805.1709 | N25: =M25/L25 -> 95.008996 | O25: =L25-I25 -> 0 | P25: =N25-K25 -> -10.254162 | Q25: =N25/K25 -> 0.90258546 | S25: 0.3625 | T25: 0.40480324 | U25: 5.4333333 | V25: 60.924979 | AE25: =M25-J25 -> -194.82908 | AF25: =M25/J25 -> 0.90258546
B26: 微波主食 | C26: 日式鮭魚茶泡烤飯 | E26: 43.28 | F26: 2626 | G26: =E26*F26 -> 113653.28 | I26: 21 | J26: 1800 | K26: =J26/I26 -> 85.714286 | L26: 21 | M26: =F26/V26*60 -> 1623.5249 | N26: =M26/L26 -> 77.310711 | O26: =L26-I26 -> 0 | P26: =N26-K26 -> -8.403575 | Q26: =N26/K26 -> 0.90195829 | S26: 0.40833333 | T26: 0.47571759 | U26: 5.0833333 | V26: 97.048094 | W26: 0.47571759 | X26: 0.51458333 | AE26: =M26-J26 -> -176.47508 | AF26: =M26/J26 -> 0.90195829
B27: 4℃-飯糰 | C27: 麻油雞飯糰 | E27: 29.97 | F27: 2383 | G27: =E27*F27 -> 71418.51 | I27: 21 | J27: 2790 | K27: =J27/I27 -> 132.85714 | L27: 22 | M27: =F27/V27*60 -> 2626.6346 | N27: =M27/L27 -> 119.39248 | O27: =L27-I27 -> 1 | P27: =N27-K27 -> -13.46466 | Q27: =N27/K27 -> 0.89865309 | S27: 0.51458333 | T27: 0.55238426 | U27: 55.966667 | V27: 54.434674 | AE27: =M27-J27 -> -163.36538 | AF27: =M27/J27 -> 0.9414461
B38: 平均 | I38: =AVERAGE(I22:I37) -> 19 | J38: =AVERAGE(J22:J37) -> 2115 | K38: =J38/I38 -> 111.31579 | L38: =AVERAGE(L22:L37) -> 19.166667 | M38: =AVERAGE(M22:M37) -> 1926.7524 | N38: =M38/L38 -> 100.52621 | O38: =L38-I38 -> 0.16666667 | P38: =N38-K38 -> -10.789578 | Q38: =N38/K38 -> 0.90307235 | S38: 0.20833333 | T38: 0.55238426 | Y38: =SUM(Y22:Y37) -> 0 | Z38: =SUM(Z22:Z37) -> 0 | AC38: =SUM(AC22:AC37) -> 0 | AD38: =SUM(AD22:AD37) -> 0 | AE38: =M38-J38 -> -188.24762 | AF38: =M38/J38 -> 0.91099404
A39: 涼麵二線 | B39: 便當 | C39: 香腸腿排雙拼便當 | E39: 53.76 | F39: 3151 | G39: =E39*F39 -> 169397.76 | I39: 20 | J39: 2000 | K39: =J39/I39 -> 100 | L39: 20 | M39: =F39/V39*60 -> 1802.7482 | N39: =M39/L39 -> 90.137411 | O39: =L39-I39 -> 0 | P39: =N39-K39 -> -9.8625893 | Q39: =N39/K39 -> 0.90137411 | R39: =Q55 -> 0.90150079 | S39: 0.16666667 | T39: 0.23949074 | V39: 104.87321 | AE39: =M39-J39 -> -197.25179 | AF39: =M39/J39 -> 0.90137411 | AG39: =AF55 -> 0.90150079
B40: 便當 | C40: 蔬活腿排補力餐盒 | E40: 71.55 | F40: 3197 | G40: =E40*F40 -> 228745.35 | I40: 22 | J40: 2000 | K40: =J40/I40 -> 90.909091 | L40: 22 | M40: =F40/V40*60 -> 1802.8138 | N40: =M40/L40 -> 81.946082 | O40: =L40-I40 -> 0 | P40: =N40-K40 -> -8.9630088 | Q40: =N40/K40 -> 0.9014069 | S40: 0.24305556 | T40: 0.31694444 | U40: 5.1333333 | V40: 106.40034 | AE40: =M40-J40 -> -197.18619 | AF40: =M40/J40 -> 0.9014069
B41: 便當 | C41: 地中海布格麥烤魚餐盒 | E41: 63.92 | F41: 2540 | G41: =E41*F41 -> 162356.8 | I41: 24 | J41: 2000 | K41: =J41/I41 -> 83.333333 | L41: 24 | M41: =F41/V41*60 -> 1804.5666 | N41: =M41/L41 -> 75.190274 | O41: =L41-I41 -> 0 | P41: =N41-K41 -> -8.1430594 | Q41: =N41/K41 -> 0.90228329 | S41: 0.32083333 | T41: 0.37947917 | U41: 5.6 | V41: 84.452412 | AE41: =M41-J41 -> -195.43343 | AF41: =M41/J41 -> 0.90228329
B42: 便當 | C42: 烤蛋白餐盒 | E42: 58.67 | F42: 1083 | G42: =E42*F42 -> 63539.61 | H42: 2 | I42: 23 | J42: 2000 | K42: =J42/I42 -> 86.956522 | L42: 23 | M42: =F42/V42*60 -> 1802.6616 | N42: =M42/L42 -> 78.37659 | O42: =L42-I42 -> 0 | P42: =N42-K42 -> -8.5799313 | Q42: =N42/K42 -> 0.90133079 | S42: 0.38263889 | T42: 0.40766204 | U42: 4.55 | V42: 36.046699 | AE42: =M42-J42 -> -197.33842 | AF42: =M42/J42 -> 0.90133079
B43: 便當 | C43: 海陸雙拼肉肉餐盒 | E43: 59.54 | F43: 3117 | G43: =E43*F43 -> 185586.18 | I43: 23 | J43: 2000 | K43: =J43/I43 -> 86.956522 | L43: 23 | M43: =F43/V43*60 -> 1802.7797 | N43: =M43/L43 -> 78.381725 | O43: =L43-I43 -> 0 | P43: =N43-K43 -> -8.5747967 | Q43: =N43/K43 -> 0.90138984 | S43: 0.41111111 | T43: 0.48314815 | U43: 4.9666667 | V43: 103.7398 | W43: 0.48314815 | X43: 0.52222222 | AE43: =M43-J43 -> -197.22032 | AF43: =M43/J43 -> 0.90138984
B44: 便當 | C44: 懷舊滷雙拼便當 | E44: 61.09 | F44: 3178 | G44: =E44*F44 -> 194144.02 | I44: 20 | J44: 2000 | K44: =J44/I44 -> 100 | L44: 20 | M44: =F44/V44*60 -> 1802.7797 | N44: =M44/L44 -> 90.138985 | O44: =L44-I44 -> 0 | P44: =N44-K44 -> -9.8610153 | Q44: =N44/K44 -> 0.90138985 | S44: 0.52222222 | T44: 0.5956713 | U44: 56.266667 | V44: 105.77 | AE44: =M44-J44 -> -197.22031 | AF44: =M44/J44 -> 0.90138985
B45: 便當 | C45: 烤蛋白餐盒 | E45: 58.67 | F45: 2780 | G45: =E45*F45 -> 163102.6 | I45: 23 | J45: 2000 | K45: =J45/I45 -> 86.956522 | L45: 23 | M45: =F45/V45*60 -> 1802.6616 | N45: =M45/L45 -> 78.37659 | O45: =L45-I45 -> 0 | P45: =N45-K45 -> -8.5799313 | Q45: =N45/K45 -> 0.90133079 | S45: 0.59930556 | T45: 0.66355324 | U45: 5.2333333 | V45: 92.529847 | AE45: =M45-J45 -> -197.33842 | AF45: =M45/J45 -> 0.90133079
B55: 平均 | I55: =AVERAGE(I39:I54) -> 22.142857 | J55: =AVERAGE(J39:J54) -> 2000 | K55: =J55/I55 -> 90.322581 | L55: =AVERAGE(L39:L54) -> 22.142857 | M55: =AVERAGE(M39:M54) -> 1803.0016 | N55: =M55/L55 -> 81.425878 | O55: =L55-I55 -> 0 | P55: =N55-K55 -> -8.8967024 | Q55: =N55/K55 -> 0.90150079 | S55: 0.16666667 | T55: 0.66355324 | Y55: =SUM(Y39:Y54) -> 0 | Z55: =SUM(Z39:Z54) -> 0 | AC55: =SUM(AC39:AC54) -> 0 | AD55: =SUM(AD39:AD54) -> 0 | AE55: =M55-J55 -> -196.99841 | AF55: =M55/J55 -> 0.90150079
A56: 涼麵三線 | B56: 季節調理麵 | C56: 和風涓絲冷麵 | E56: 28.86 | F56: 2240 | G56: =E56*F56 -> 64646.4 | I56: 19 | J56: 3600 | K56: =J56/I56 -> 189.47368 | L56: 19 | M56: =F56/V56*60 -> 3193.4287 | N56: =M56/L56 -> 168.0752 | O56: =L56-I56 -> 0 | P56: =N56-K56 -> -21.398487 | Q56: =N56/K56 -> 0.88706354 | R56: =Q72 -> 0.89978071 | S56: 0.16666667 | T56: 0.1958912 | V56: 42.086425 | AE56: =M56-J56 -> -406.57126 | AF56: =M56/J56 -> 0.88706354 | AG56: =AF72 -> 0.89978071
B57: 季節調理麵 | C57: 嘉義崇文白醋涼麵 | E57: 35.89 | F57: 2851 | G57: =E57*F57 -> 102322.39 | I57: 19 | J57: 3600 | K57: =J57/I57 -> 189.47368 | L57: 19 | M57: =F57/V57*60 -> 3192.271 | N57: =M57/L57 -> 168.01426 | O57: =L57-I57 -> 0 | P57: =N57-K57 -> -21.459422 | Q57: =N57/K57 -> 0.88674194 | S57: 0.19930556 | T57: 0.2365162 | U57: 4.9166667 | V57: 53.585676 | AE57: =M57-J57 -> -407.72902 | AF57: =M57/J57 -> 0.88674194
B58: 季節調理麵 | C58: 韓式泡菜冷麵 | E58: 36.73 | F58: 2206 | G58: =E58*F58 -> 81026.38 | I58: 21 | J58: 3600 | K58: =J58/I58 -> 171.42857 | L58: 21 | M58: =F58/V58*60 -> 3194.4505 | N58: =M58/L58 -> 152.11669 | O58: =L58-I58 -> 0 | P58: =N58-K58 -> -19.311883 | Q58: =N58/K58 -> 0.88734735 | S58: 0.24027778 | T58: 0.26905093 | U58: 5.4166667 | V58: 41.434357 | AE58: =M58-J58 -> -405.54954 | AF58: =M58/J58 -> 0.88734735
B59: 季節調理麵 | C59: 招牌雞絲胡麻涼麵 | E59: 43.96 | F59: 1721 | G59: =E59*F59 -> 75655.16 | I59: 24 | J59: 3600 | K59: =J59/I59 -> 150 | L59: 24 | M59: =F59/V59*60 -> 3269.157 | N59: =M59/L59 -> 136.21488 | O59: =L59-I59 -> 0 | P59: =N59-K59 -> -13.785125 | Q59: =N59/K59 -> 0.90809917 | S59: 0.27291667 | T59: 0.29484954 | U59: 5.5666667 | V59: 31.586124 | AE59: =M59-J59 -> -330.843 | AF59: =M59/J59 -> 0.90809917
B60: 季節調理麵 | C60: 日式胡麻雞絲冷麵 | E60: 46.93 | F60: 1364 | G60: =E60*F60 -> 64012.52 | I60: 24 | J60: 3600 | K60: =J60/I60 -> 150 | L60: 24 | M60: =F60/V60*60 -> 3267.0243 | N60: =M60/L60 -> 136.12601 | O60: =L60-I60 -> 0 | P60: =N60-K60 -> -13.873988 | Q60: =N60/K60 -> 0.90750675 | S60: 0.29861111 | T60: 0.31600694 | U60: 5.4166667 | V60: 25.050319 | AE60: =M60-J60 -> -332.97571 | AF60: =M60/J60 -> 0.90750675
B61: 季節調理麵 | C61: 日式蕎麥沾麵 | E61: 36.73 | F61: 3615 | G61: =E61*F61 -> 132778.95 | I61: 20 | J61: 3600 | K61: =J61/I61 -> 180 | L61: 20 | M61: =F61/V61*60 -> 3261.8967 | N61: =M61/L61 -> 163.09484 | O61: =L61-I61 -> 0 | P61: =N61-K61 -> -16.905164 | Q61: =N61/K61 -> 0.90608242 | S61: 0.32013889 | T61: 0.36630787 | U61: 5.95 | V61: 66.495055 | AE61: =M61-J61 -> -338.10329 | AF61: =M61/J61 -> 0.90608242
B62: 季節調理麵 | C62: 大滿足麻醬涼麵 | E62: 37.8 | F62: 6652 | G62: =E62*F62 -> 251445.6 | I62: 21 | J62: 3600 | K62: =J62/I62 -> 171.42857 | L62: 21 | M62: =F62/V62*60 -> 3267.132 | N62: =M62/L62 -> 155.57772 | O62: =L62-I62 -> 0 | P62: =N62-K62 -> -15.850855 | Q62: =N62/K62 -> 0.90753668 | S62: 0.36944444 | T62: 0.45427083 | U62: 4.5166667 | V62: 122.16219 | W62: 0.45427083 | X62: 0.49305556 | AE62: =M62-J62 -> -332.86796 | AF62: =M62/J62 -> 0.90753668
B63: 季節調理麵 | C63: 大滿足香辣涼麵 | E63: 38.48 | F63: 5647 | G63: =E63*F63 -> 217296.56 | I63: 20 | J63: 3600 | K63: =J63/I63 -> 180 | L63: 20 | M63: =F63/V63*60 -> 3268.3241 | N63: =M63/L63 -> 163.41621 | O63: =L63-I63 -> 0 | P63: =N63-K63 -> -16.583794 | Q63: =N63/K63 -> 0.90786781 | S63: 0.49305556 | T63: 0.5650463 | U63: 55.85 | V63: 103.66781 | AE63: =M63-J63 -> -331.67588 | AF63: =M63/J63 -> 0.90786781
B72: 平均 | I72: =AVERAGE(I56:I71) -> 21 | J72: =AVERAGE(J56:J71) -> 3600 | K72: =J72/I72 -> 171.42857 | L72: =AVERAGE(L56:L71) -> 21 | M72: =AVERAGE(M56:M71) -> 3239.2105 | N72: =M72/L72 -> 154.24812 | O72: =L72-I72 -> 0 | P72: =N72-K72 -> -17.18045 | Q72: =N72/K72 -> 0.89978071 | S72: 0.16666667 | T72: 0.5650463 | Y72: =SUM(Y56:Y71) -> 0 | Z72: =SUM(Z56:Z71) -> 0 | AC72: =SUM(AC56:AC71) -> 0 | AD72: =SUM(AD56:AD71) -> 0 | AE72: =M72-J72 -> -360.78946 | AF72: =M72/J72 -> 0.89978071
A73: 自動包裝機 | B73: 4℃-壽司手卷 | C73: 醬油生鮭脆卷 | E73: 23.55 | F73: 2304 | G73: =E73*F73 -> 54259.2 | I73: 6 | J73: 2500 | K73: =J73/I73 -> 416.66667 | L73: 6 | M73: =F73/V73*60 -> 2257.0793 | N73: =M73/L73 -> 376.17989 | O73: =L73-I73 -> 0 | P73: =N73-K73 -> -40.486778 | Q73: =N73/K73 -> 0.90283173 | R73: =Q89 -> 0.85155475 | S73: 0.38611111 | T73: 0.42863426 | U73: 5.7833333 | V73: 61.247293 | AE73: =M73-J73 -> -242.92067 | AF73: =M73/J73 -> 0.90283173 | AG73: =AF89 -> 0.90477692
B74: 4℃-壽司手卷 | C74: 韓式辣炒豬肉飯卷 | E74: 27.05 | F74: 887 | G74: =E74*F74 -> 23993.35 | I74: 5 | J74: 3273 | K74: =J74/I74 -> 654.6 | L74: 6 | M74: =F74/V74*60 -> 2961.3146 | N74: =M74/L74 -> 493.55243 | O74: =L74-I74 -> 1 | P74: =N74-K74 -> -161.04757 | Q74: =N74/K74 -> 0.7539756 | S74: 0.43194444 | T74: 0.4444213 | U74: 4.7666667 | V74: 17.971748 | AE74: =M74-J74 -> -311.68542 | AF74: =M74/J74 -> 0.90477072
B75: 4℃-壽司手卷 | C75: 厚香料優格咖哩烤雞飯卷 | E75: 27.05 | F75: 1089 | G75: =E75*F75 -> 29457.45 | I75: 5 | J75: 3273 | K75: =J75/I75 -> 654.6 | L75: 5 | M75: =F75/V75*60 -> 2966.2181 | N75: =M75/L75 -> 593.24362 | O75: =L75-I75 -> 0 | P75: =N75-K75 -> -61.356377 | Q75: =N75/K75 -> 0.9062689 | S75: 0.44791667 | T75: 0.46320602 | U75: 5.0333333 | V75: 22.02805 | AE75: =M75-J75 -> -306.78189 | AF75: =M75/J75 -> 0.9062689
B89: 平均 | I89: =AVERAGE(I73:I88) -> 5.3333333 | J89: =AVERAGE(J73:J88) -> 3015.3333 | K89: =J89/I89 -> 565.375 | L89: =AVERAGE(L73:L88) -> 5.6666667 | M89: =AVERAGE(M73:M88) -> 2728.204 | N89: =M89/L89 -> 481.44777 | O89: =L89-I89 -> 0.33333333 | P89: =N89-K89 -> -83.927234 | Q89: =N89/K89 -> 0.85155475 | S89: 0.20833333 | T89: 0.46320602 | Y89: =SUM(Y73:Y88) -> 0 | Z89: =SUM(Z73:Z88) -> 0 | AC89: =SUM(AC73:AC88) -> 0 | AD89: =SUM(AD73:AD88) -> 0 | AE89: =M89-J89 -> -287.12933 | AF89: =M89/J89 -> 0.90477692
A90: 自動包裝機2 | B90: 4℃-壽司手卷 | C90: 鮪魚昆布細卷 | E90: 15.51 | F90: 2471 | G90: =E90*F90 -> 38325.21 | I90: 6 | J90: 3600 | K90: =J90/I90 -> 600 | L90: 6 | M90: =F90/V90*60 -> 3247.7931 | N90: =M90/L90 -> 541.29885 | O90: =L90-I90 -> 0 | P90: =N90-K90 -> -58.701149 | Q90: =N90/K90 -> 0.90216475 | R90: =Q106 -> 0.90255839 | S90: 0.25 | T90: 0.28168981 | V90: 45.64946 | AE90: =M90-J90 -> -352.20689 | AF90: =M90/J90 -> 0.90216475 | AG90: =AF106 -> 0.90255839
B91: 4℃-壽司手卷 | C91: 肉鬆火腿細卷 | E91: 15.01 | F91: 2619 | G91: =E91*F91 -> 39311.19 | I91: 6 | J91: 3600 | K91: =J91/I91 -> 600 | L91: 6 | M91: =F91/V91*60 -> 3250.6273 | N91: =M91/L91 -> 541.77121 | O91: =L91-I91 -> 0 | P91: =N91-K91 -> -58.228787 | Q91: =N91/K91 -> 0.90295202 | S91: 0.28541667 | T91: 0.31898148 | U91: 5.3666667 | V91: 48.341439 | AE91: =M91-J91 -> -349.37272 | AF91: =M91/J91 -> 0.90295202
B106: 平均 | I106: =AVERAGE(I90:I105) -> 6 | J106: =AVERAGE(J90:J105) -> 3600 | K106: =J106/I106 -> 600 | L106: =AVERAGE(L90:L105) -> 6 | M106: =AVERAGE(M90:M105) -> 3249.2102 | N106: =M106/L106 -> 541.53503 | O106: =L106-I106 -> 0 | P106: =N106-K106 -> -58.464968 | Q106: =N106/K106 -> 0.90255839 | S106: 0.25 | T106: 0.31898148 | Y106: =SUM(Y90:Y105) -> 0 | Z106: =SUM(Z90:Z105) -> 0 | AC106: =SUM(AC90:AC105) -> 0 | AD106: =SUM(AD90:AD105) -> 0 | AE106: =M106-J106 -> -350.78981 | AF106: =M106/J106 -> 0.90255839
A107: 便當二線 (二配) | B107: 微波主食 | C107: 二配香烤魚排青醬燉飯 | E107: 58.17 | F107: 1567 | G107: =E107*F107 -> 91152.39 | I107: 18 | J107: 2000 | K107: =J107/I107 -> 111.11111 | L107: 17 | M107: =F107/V107*60 -> 1803 | N107: =M107/L107 -> 106.05882 | O107: =L107-I107 -> -1 | P107: =N107-K107 -> -5.0522876 | Q107: =N107/K107 -> 0.95452941 | R107: =Q123 -> 0.94954881 | S107: 0.70833333 | T107: 0.74453704 | V107: 52.146423 | AE107: =M107-J107 -> -197 | AF107: =M107/J107 -> 0.9015 | AG107: =AF123 -> 0.90126667
B108: 微波主食 | C108: 二配濃起司燻腸紅醬焗烤飯 | E108: 50.67 | F108: 1447 | G108: =E108*F108 -> 73319.49 | I108: 20 | J108: 2000 | K108: =J108/I108 -> 100 | L108: 19 | M108: =F108/V108*60 -> 1802.2 | N108: =M108/L108 -> 94.852632 | O108: =L108-I108 -> -1 | P108: =N108-K108 -> -5.1473684 | Q108: =N108/K108 -> 0.94852632 | S108: 0.74791667 | T108: 0.78136574 | U108: 4.8666667 | V108: 48.174453 | AE108: =M108-J108 -> -197.8 | AF108: =M108/J108 -> 0.9011
B109: 微波主食 | C109: 二配西班牙風味海鮮燉飯 | E109: 57.3 | F109: 1687 | G109: =E109*F109 -> 96665.1 | I109: 21 | J109: 2000 | K109: =J109/I109 -> 95.238095 | L109: 20 | M109: =F109/V109*60 -> 1802.4 | N109: =M109/L109 -> 90.12 | O109: =L109-I109 -> -1 | P109: =N109-K109 -> -5.1180952 | Q109: =N109/K109 -> 0.94626 | S109: 0.78472222 | T109: 0.82371528 | U109: 4.8333333 | V109: 56.158455 | AE109: =M109-J109 -> -197.6 | AF109: =M109/J109 -> 0.9012
B123: 平均 | I123: =AVERAGE(I107:I122) -> 19.666667 | J123: =AVERAGE(J107:J122) -> 2000 | K123: =J123/I123 -> 101.69492 | L123: =AVERAGE(L107:L122) -> 18.666667 | M123: =AVERAGE(M107:M122) -> 1802.5333 | N123: =M123/L123 -> 96.564286 | O123: =L123-I123 -> -1 | P123: =N123-K123 -> -5.1306295 | Q123: =N123/K123 -> 0.94954881 | S123: 0.70833333 | T123: 0.82371528 | Y123: =SUM(Y107:Y122) -> 0 | Z123: =SUM(Z107:Z122) -> 0 | AC123: =SUM(AC107:AC122) -> 0 | AD123: =SUM(AD107:AD122) -> 0 | AE123: =M123-J123 -> -197.46667 | AF123: =M123/J123 -> 0.90126667
A124: 涼麵一線 (二配) | B124: 微波主食 | C124: 二配哞哞培根奶香海陸焗飯 | E124: 47.6 | F124: 1980 | G124: =E124*F124 -> 94248 | I124: 23 | J124: 2000 | K124: =J124/I124 -> 86.956522 | L124: 23 | M124: =F124/V124*60 -> 1805.2015 | N124: =M124/L124 -> 78.48702 | O124: =L124-I124 -> 0 | P124: =N124-K124 -> -8.4695014 | Q124: =N124/K124 -> 0.90260073 | R124: =Q140 -> 0.90205182 | S124: 0.70833333 | T124: 0.75402778 | V124: 65.809829 | AE124: =M124-J124 -> -194.79853 | AF124: =M124/J124 -> 0.90260073 | AG124: =AF140 -> 0.90205182
B125: 微波主食 | C125: 二配黃金雞排蘑菇白醬歐姆蛋飯 | E125: 56.87 | F125: 1609 | G125: =E125*F125 -> 91503.83 | I125: 23 | J125: 2000 | K125: =J125/I125 -> 86.956522 | L125: 23 | M125: =F125/V125*60 -> 1804.0791 | N125: =M125/L125 -> 78.438222 | O125: =L125-I125 -> 0 | P125: =N125-K125 -> -8.5182996 | Q125: =N125/K125 -> 0.90203955 | S125: 0.75763889 | T125: 0.79479167 | U125: 5.2 | V125: 53.512066 | AE125: =M125-J125 -> -195.92089 | AF125: =M125/J125 -> 0.90203955
B126: 微波主食 | C126: 二配里肌豬排可可咖哩歐姆蛋飯 | E126: 56.79 | F126: 2237 | G126: =E126*F126 -> 127039.23 | I126: 23 | J126: 2000 | K126: =J126/I126 -> 86.956522 | L126: 23 | M126: =F126/V126*60 -> 1803.0304 | N126: =M126/L126 -> 78.392624 | O126: =L126-I126 -> 0 | P126: =N126-K126 -> -8.5638975 | Q126: =N126/K126 -> 0.90151518 | S126: 0.79791667 | T126: 0.84960648 | U126: 5 | V126: 74.441342 | AE126: =M126-J126 -> -196.96964 | AF126: =M126/J126 -> 0.90151518
B140: 平均 | I140: =AVERAGE(I124:I139) -> 23 | J140: =AVERAGE(J124:J139) -> 2000 | K140: =J140/I140 -> 86.956522 | L140: =AVERAGE(L124:L139) -> 23 | M140: =AVERAGE(M124:M139) -> 1804.1036 | N140: =M140/L140 -> 78.439289 | O140: =L140-I140 -> 0 | P140: =N140-K140 -> -8.5172328 | Q140: =N140/K140 -> 0.90205182 | S140: 0.70833333 | T140: 0.84960648 | Y140: =SUM(Y124:Y139) -> 0 | Z140: =SUM(Z124:Z139) -> 0 | AC140: =SUM(AC124:AC139) -> 0 | AD140: =SUM(AD124:AD139) -> 0 | AE140: =M140-J140 -> -195.89636 | AF140: =M140/J140 -> 0.90205182
AA142: 原因回覆
AA143: 1.當日出勤人數較多
AA144: 2.當日出勤人數較少
AA145: 3.當日出勤熟手較多
AA146: 4.當日出勤新人較多
AA147: 5.機台夾盒
AA148: 6.封膜不順
AA149: 7.更換膠膜
AA150: 8.更換碳帶
AA151: 9.當日熱轉印碳帶異常
AA152: 10.訂單量過少
AA153: 11.新品上市，尚未熟悉
AA154: 12.活動期間品項需貼標

Sheet 0809
B1: 屏榮 大溪廠組合室生產人時性分析
B3: 日期 | C3: 115.08.09星期日 | E3: 訂單量 | F3: ='0809(18度C)'!D1+'0809(4度C)'!D1 -> 211756 | H3: 營業額 | I3: ='0809(18度C)'!F1+'0809(4度C)'!F1 -> 6655646.1
B4: 人時性 | C4: 項目 | E4: ➀ | G4: ➁ | I4: ➂ | K4: ④ | M4: ⑤ | O4: 異常停線 | Q4: 短暫停線
C5: 組合室 | E5: 全溫層 | G5: 4度C-各編組展開(一配) | I5: 4度C-各編組展開(二配) | K5: 18度C-各編組展開(一配) | M5: 18度C-各編組展開(二配) | O5: 合計次數 | P5: 時間 | Q5: 合計次數 | R5: 設備次數
C6: 排關平均 | E6: =AVERAGE(D14:O14,D32:X32) -> 495.36277 | F6: =AVERAGE(#REF!,D14:K14) -> #REF! | G6: =AVERAGE(D14:K14) -> 270.22507 | I6: =AVERAGE(L14:O14) -> 94.325718 | K6: =AVERAGE(D32:O32) -> 737.95063 | M6: =AVERAGE(P32:X32) -> 791 | O6: ='0809(4度C)'!Y2 -> 0 | P6: ='0809(4度C)'!Z2 -> 0 | Q6: ='0809(4度C)'!AC2 -> 0 | R6: ='0809(4度C)'!AD2 -> 0
C7: 實績平均 | E7: =AVERAGE(D15:O15,D33:X33) -> 445.08293 | F7: =AVERAGE(#REF!,D15:K15) -> #REF! | G7: =AVERAGE(D15:K15) -> 238.95862 | I7: =AVERAGE(L15:O15) -> 87.498889 | K7: =AVERAGE(D33:O33) -> 664.77552 | M7: =AVERAGE(P33:X33) -> 713.36881
C8: 達成率平均 | E8: =AVERAGE(D16:O16,D34:X34) -> 0.90047856 | F8: =AVERAGE(D16:K16,#REF!) -> #REF! | G8: =AVERAGE(D16:K16) -> 0.89348295 | I8: =AVERAGE(L16:O16) -> 0.92576698 | K8: =AVERAGE(D34:O34) -> 0.89745821 | M8: =AVERAGE(P34:X34) -> 0.90134812
O9: ※現行日本鮮食廠以達成率80%為基本(即為現行KPI)
B11: 溫層 | D11: ➁4度C-各編組展開 | L11: ➂4度C-各編組展開
B12: 編組 | D12: 1 | E12: 2 | F12: 3 | G12: 4 | H12: 5 | I12: 6 | J12: 7 | K12: 8 | L12: 1 | M12: 2 | N12: 3 | O12: 4
D13: 便當一線 | E13: 便當二線 | F13: 涼麵一線 | G13: 涼麵二線 | H13: 涼麵三線 | I13: 自動包裝機 | J13: 自動包裝機2 | K13: 自動包裝機3 | L13: 便當一線 | M13: 便當二線 | N13: 涼麵一線 | O13: 涼麵二線
B14: 人時性 | C14: 排關 | D14: - | E14: 83.72093 | F14: 111.31579 | G14: 90.322581 | H14: 170.61611 | I14: 565.375 | J14: 600 | K14: - | L14: - | M14: 101.69492 | N14: 86.956522 | O14: -
C15: 實績 | D15: - | E15: 75.516908 | F15: 100.51012 | G15: 81.406523 | H15: 153.78897 | I15: 480.90415 | J15: 541.62503 | K15: - | L15: - | M15: 96.564286 | N15: 78.433492 | O15: -
C16: 達成率 | D16: - | E16: =E15/E14 -> 0.90200751 | F16: =F15/F14 -> 0.90292783 | G16: =G15/G14 -> 0.90128651 | H16: =H15/H14 -> 0.90137425 | I16: =I15/I14 -> 0.85059323 | J16: =J15/J14 -> 0.90270839 | K16: - | L16: - | M16: =M15/M14 -> 0.94954881 | N16: =N15/N14 -> 0.90198516 | O16: -
B17: 作業 時間 | C17: 開始 | D17: - | E17: 0.20833333 | F17: 0.20833333 | G17: 0.16666667 | H17: 0.16666667 | I17: 0.20833333 | J17: 0.25 | K17: - | L17: - | M17: 0.70833333 | N17: 0.70833333 | O17: -
C18: 結束 | D18: - | E18: 0.64769676 | F18: 0.52631944 | G18: 0.6771875 | H18: 0.64643519 | I18: 0.44952546 | J18: 0.31493056 | K18: - | L18: - | M18: 0.83488426 | N18: 0.85583333 | O18: -
B19: 產線異常 (5分鐘以上) | C19: 次數
C20: 時間/分
B21: 短暫停線 (5分鐘以下) | C21: 次數
C22: 設備次數
B23: 配置人數 | D23: - | E23: 21.5 | F23: 19.166667 | G23: 22.142857 | H23: 21.1 | I23: 5.6666667 | J23: 6 | K23: - | L23: - | M23: 18.666667 | N23: 23 | O23: -
B24: 主要應用設備 | D24: L型封口機 | E24: ET-55 | F24: ET-55 | G24: ET-55 | H24: ET-600 | I24: 伺服包裝機 | J24: 伺服包裝機 | K24: 伺服包裝機 | L24: L型封口機 | M24: ET-55 | N24: ET-55 | O24: ET-55
B25: 次要應用設備 | D25: 伺服包裝機 | H25: 伺服包裝機
B26: 備註 | H26: 涼麵+烤飯糰 | I26: 大口飯糰線 | K26: 烤飯糰+手卷
B29: 溫層 | D29: ➃18度C-各編組展開 (一配) | P29: ⑤18度C-各編組展開 (二配)
B30: 編組 | D30: 1 | E30: 2 | F30: 3 | G30: 4 | H30: 5 | I30: 6 | J30: 7 | K30: 8 | L30: 9 | M30: 10 | N30: 11 | O30: 12 | P30: 1 | Q30: 2 | R30: 3 | S30: 4 | T30: 5 | U30: 6 | V30: 7 | W30: 8 | X30: 9
D31: 便當一線 | E31: 涼麵一線 | F31: 涼麵三線 | G31: 自動包裝機 | H31: 自動包裝機2 | I31: 自動包裝機3 | J31: 味付飯糰線B | K31: (舊) 3300型飯糰線 | L31: 3000型飯糰線 | M31: (新) 3300型飯糰機 | N31: GKK3600型 飯糰機 | O31: GKK3600型 飯糰機2 | P31: 自動包裝機 | Q31: 自動包裝機2 | R31: 自動包裝機3 | S31: 味付飯糰線B | T31: (舊) 3300型飯糰線 | U31: 3000型飯糰線 | V31: (新) 3300型飯糰機 | W31: GKK3600型 飯糰機 | X31: GKK3600型 飯糰機2
B32: 人時性 | C32: 排關 | D32: - | E32: - | F32: - | G32: 327.27273 | H32: - | I32: - | J32: - | K32: - | L32: - | M32: 825 | N32: 940.90909 | O32: 858.62069 | P32: 490.90909 | Q32: - | R32: - | S32: - | T32: - | U32: - | V32: 709.09091 | W32: 1100 | X32: 864
C33: 實績 | D33: - | E33: - | F33: - | G33: 287.39459 | H33: - | I33: - | J33: - | K33: - | L33: - | M33: 753.90635 | N33: 847.55597 | O33: 770.24519 | P33: 438.63482 | Q33: - | R33: - | S33: - | T33: - | U33: - | V33: 647.89262 | W33: 994.27993 | X33: 772.66788
C34: 達成率 | D34: - | E34: - | F34: - | G34: =G33/G32 -> 0.87815013 | H34: - | I34: - | J34: - | K34: - | L34: - | M34: =M33/M32 -> 0.91382588 | N34: =N33/N32 -> 0.90078412 | O34: =O33/O32 -> 0.89707272 | P34: =P33/P32 -> 0.89351537 | Q34: - | R34: - | S34: - | T34: - | U34: - | V34: =V33/V32 -> 0.91369472 | W34: =W33/W32 -> 0.90389085 | X34: =X33/X32 -> 0.89429153
B35: 作業 時間 | C35: 開始 | D35: - | E35: - | F35: - | G35: 0.20833333 | H35: - | I35: - | J35: - | K35: - | L35: - | M35: 0.33263889 | N35: 0.25 | O35: 0.25 | P35: 0.70833333 | Q35: - | R35: - | S35: - | T35: - | U35: - | V35: 0.70833333 | W35: 0.73125 | X35: 0.74097222
C36: 結束 | D36: - | E36: - | F36: - | G36: 0.44952546 | H36: - | I36: - | J36: - | K36: - | L36: - | M36: 0.42873843 | N36: 0.53991898 | O36: 0.5359375 | P36: 0.76232639 | Q36: - | R36: - | S36: - | T36: - | U36: - | V36: 0.88533565 | W36: 1.1326389 | X36: 1.1299653
B37: 配置人數 | D37: - | E37: - | F37: - | G37: 11 | H37: - | I37: - | J37: - | K37: - | L37: - | M37: 4 | N37: 3.6666667 | O37: 4.1428571 | P37: 7.3333333 | Q37: - | R37: - | S37: - | T37: - | U37: - | V37: 4.4 | W37: 3 | X37: 4.1666667
B38: 主要應用設備 | D38: 伺服包裝機 | E38: ET-55 | F38: ET-600 | G38: 夾心型 | H38: 伺服包裝機 | I38: 伺服包裝機 | J38: 夾心型 | K38: 3300型 | L38: 3300型 | M38: 3300型 | N38: GKK | O38: GKK | P38: 夾心型 | Q38: 伺服包裝機 | R38: 伺服包裝機 | S38: 夾心型 | T38: 3300型 | U38: 3300型 | V38: 3300型 | W38: GKK | X38: GKK
B39: 次要應用設備
B40: 備註

Sheet 0809(18度C)
A1: 大溪廠日報分析 | C1: 總生產量 | D1: =SUM(F5:F140) -> 113185 | E1: 營業額 | F1: =SUM(G5:G140) -> 2234671.9 | G1: 出勤人數 | H1: =L21+L38+L55+L72+L89+L106+L123+L140 -> 41.709524 | I1: 產線配置圖 | L1: 生產實績 | O1: 人時性差異分析 | S1: 日報登錄 | Y1: 分析說明 | AA1: 產能差異分析
A2: 46243 | C2: 人時性 | D2: =AVERAGE(N21,N38,N55,N72,N89,N106,N123,N140) -> 689.07217 | E2: 平均廠價 | F2: =F1/D1 -> 19.743534 | G2: 多次生產數 | H2: =COUNT(H5:H140) -> 10
A3: 線別 | B3: 品類 | C3: 品名 | E3: 廠價 | F3: 生產量 | G3: 營收 | H3: 多次 生產 | I3: 人數 | J3: 產能/時 | K3: 人時性 | L3: 人數 | M3: 產能/時 | N3: 人時性 | O3: 人數 | P3: 人時性 | Q3: 達成率 | R3: 達成率 平均 | S3: 生產時間 | U3: 換線、休息/分 | V3: 稼動時間/分 | W3: 休息時間 | Y3: (屏榮回填) | AA3: 產能/時 | AB3: 達成率 | AC3: 達成率平均
S4: 開始 | T4: 結束 | W4: 開始 | X4: 結束
A5: 自動包裝機 | B5: 18℃-壽司手卷 | C5: 一配長野稻荷壽司 | E5: 25.64 | F5: 1919 | G5: =E5*F5 -> 49203.16 | I5: 10 | J5: 3600 | K5: =J5/I5 -> 360 | L5: 10 | M5: =F5/V5*60 -> 3216.1696 | N5: =M5/L5 -> 321.61696 | O5: =L5-I5 -> 0 | P5: =N5-K5 -> -38.383045 | Q5: =N5/K5 -> 0.89338043 | R5: =Q21 -> 0.87815013 | S5: 0.20833333 | T5: 0.23319444 | V5: 35.800351 | AA5: =M5-J5 -> -383.83045 | AB5: =M5/J5 -> 0.89338043 | AC5: =AB21 -> 0.87815013
B6: 18℃-壽司手卷 | C6: 一配經典人氣雙手卷 | E6: 29.52 | F6: 3031 | G6: =E6*F6 -> 89475.12 | I6: 11 | J6: 3600 | K6: =J6/I6 -> 327.27273 | L6: 11 | M6: =F6/V6*60 -> 3156.4633 | N6: =M6/L6 -> 286.95121 | O6: =L6-I6 -> 0 | P6: =N6-K6 -> -40.321514 | Q6: =N6/K6 -> 0.87679537 | S6: 0.23680556 | T6: 0.27680556 | U6: 5.2 | V6: 57.615116 | AA6: =M6-J6 -> -443.53666 | AB6: =M6/J6 -> 0.87679537
B7: 18℃-壽司手卷 | C7: 一配鮭鮪海饌雙手卷 | E7: 29.85 | F7: 3499 | G7: =E7*F7 -> 104445.15 | I7: 11 | J7: 3600 | K7: =J7/I7 -> 327.27273 | L7: 11 | M7: =F7/V7*60 -> 3157.6519 | N7: =M7/L7 -> 287.05926 | O7: =L7-I7 -> 0 | P7: =N7-K7 -> -40.213463 | Q7: =N7/K7 -> 0.87712553 | S7: 0.28055556 | T7: 0.32672454 | U7: 5.4 | V7: 66.486113 | AA7: =M7-J7 -> -442.34809 | AB7: =M7/J7 -> 0.87712553
B8: 18℃-壽司手卷 | C8: 一配青木瓜雞絲泰泰雙手卷 | E8: 30 | F8: 1877 | G8: =E8*F8 -> 56310 | I8: 11 | J8: 3600 | K8: =J8/I8 -> 327.27273 | L8: 11 | M8: =F8/V8*60 -> 3155.6752 | N8: =M8/L8 -> 286.87956 | O8: =L8-I8 -> 0 | P8: =N8-K8 -> -40.393167 | Q8: =N8/K8 -> 0.87657643 | S8: 0.33055556 | T8: 0.35533565 | U8: 5.5166667 | V8: 35.688084 | AA8: =M8-J8 -> -444.32484 | AB8: =M8/J8 -> 0.87657643
B9: 18℃-飯糰 | C9: 一配兩粒飯糰(鮪魚.焦糖鮭魚) | E9: 28.57 | F9: 1446 | G9: =E9*F9 -> 41312.22 | I9: 12 | J9: 3600 | K9: =J9/I9 -> 300 | L9: 12 | M9: =F9/V9*60 -> 3120.7423 | N9: =M9/L9 -> 260.06186 | O9: =L9-I9 -> 0 | P9: =N9-K9 -> -39.938141 | Q9: =N9/K9 -> 0.86687286 | S9: 0.35902778 | T9: 0.37833333 | U9: 5.3166667 | V9: 27.801078 | AA9: =M9-J9 -> -479.25769 | AB9: =M9/J9 -> 0.86687286
B21: 平均 | I21: =AVERAGE(I5:I20) -> 11 | J21: =AVERAGE(J5:J20) -> 3600 | K21: =J21/I21 -> 327.27273 | L21: =AVERAGE(L5:L20) -> 11 | M21: =AVERAGE(M5:M20) -> 3161.3405 | N21: =M21/L21 -> 287.39459 | O21: =L21-I21 -> 0 | P21: =N21-K21 -> -39.878141 | Q21: =N21/K21 -> 0.87815013 | S21: 0.20833333 | T21: 0.44952546 | AA21: =M21-J21 -> -438.65955 | AB21: =M21/J21 -> 0.87815013
A22: (新) 3300型飯糰機 | B22: 18℃-飯糰 | C22: 一配鮭魚奶油醬油飯糰 | E22: 18.53 | F22: 2594 | G22: =E22*F22 -> 48066.82 | I22: 3 | J22: 3300 | K22: =J22/I22 -> 1100 | L22: 3 | M22: =F22/V22*60 -> 3015.0734 | N22: =M22/L22 -> 1005.0245 | O22: =L22-I22 -> 0 | P22: =N22-K22 -> -94.97552 | Q22: =N22/K22 -> 0.91365862 | R22: =Q38 -> 0.91382588 | S22: 0.33263889 | T22: 0.3684838 | V22: 51.620633 | AA22: =M22-J22 -> -284.92656 | AB22: =M22/J22 -> 0.91365862 | AC22: =AB38 -> 0.91382588
B23: 18℃-飯糰 | C23: 一配壹號醬炙烤牛飯糰 | E23: 22.28 | F23: 773 | G23: =E23*F23 -> 17222.44 | I23: 5 | J23: 3300 | K23: =J23/I23 -> 660 | L23: 5 | M23: =F23/V23*60 -> 3017.0298 | N23: =M23/L23 -> 603.40596 | O23: =L23-I23 -> 0 | P23: =N23-K23 -> -56.594039 | Q23: =N23/K23 -> 0.91425146 | S23: 0.37222222 | T23: 0.38289352 | U23: 5.3833333 | V23: 15.372735 | AA23: =M23-J23 -> -282.97019 | AB23: =M23/J23 -> 0.91425146
B24: 18℃-飯糰 | C24: 一配鹽蔥燒肉飯糰 | E24: 17.89 | F24: 3085 | G24: =E24*F24 -> 55190.65 | I24: 4 | J24: 3300 | K24: =J24/I24 -> 825 | L24: 4 | M24: =F24/V24*60 -> 3014.773 | N24: =M24/L24 -> 753.69324 | O24: =L24-I24 -> 0 | P24: =N24-K24 -> -71.306761 | Q24: =N24/K24 -> 0.91356756 | S24: 0.38611111 | T24: 0.42873843 | U24: 4.6333333 | V24: 61.397658 | AA24: =M24-J24 -> -285.22704 | AB24: =M24/J24 -> 0.91356756
B38: 平均 | I38: =AVERAGE(I22:I37) -> 4 | J38: =AVERAGE(J22:J37) -> 3300 | K38: =J38/I38 -> 825 | L38: =AVERAGE(L22:L37) -> 4 | M38: =AVERAGE(M22:M37) -> 3015.6254 | N38: =M38/L38 -> 753.90635 | O38: =L38-I38 -> 0 | P38: =N38-K38 -> -71.09365 | Q38: =N38/K38 -> 0.91382588 | S38: 0.33263889 | T38: 0.42873843 | AA38: =M38-J38 -> -284.3746 | AB38: =M38/J38 -> 0.91382588
A39: GKK3600型 飯糰機 | B39: 18℃-飯糰 | C39: 一配熟成紅鮭飯糰 | E39: 25.03 | F39: 958 | G39: =E39*F39 -> 23978.74 | I39: 5 | J39: 3600 | K39: =J39/I39 -> 720 | L39: 5 | M39: =F39/V39*60 -> 3220.3096 | N39: =M39/L39 -> 644.06191 | O39: =L39-I39 -> 0 | P39: =N39-K39 -> -75.93809 | Q39: =N39/K39 -> 0.89453043 | R39: =Q55 -> 0.90078412 | S39: 0.25 | T39: 0.26238426 | V39: 17.849216 | AA39: =M39-J39 -> -379.69045 | AB39: =M39/J39 -> 0.89453043 | AC39: =AB55 -> 0.90078412
B40: 18℃-飯糰 | C40: 一配蔬食鮪魚飯糰 | E40: 18.18 | F40: 1281 | G40: =E40*F40 -> 23288.58 | I40: 3 | J40: 3600 | K40: =J40/I40 -> 1200 | L40: 3 | M40: =F40/V40*60 -> 3218.5218 | N40: =M40/L40 -> 1072.8406 | O40: =L40-I40 -> 0 | P40: =N40-K40 -> -127.1594 | Q40: =N40/K40 -> 0.89403384 | S40: 0.27222222 | T40: 0.2887963 | U40: 15 | V40: 23.880528 | AA40: =M40-J40 -> -381.47819 | AB40: =M40/J40 -> 0.89403384
B41: 18℃-飯糰 | C41: 一配北海道秋鮭親子飯糰 | E41: 24.82 | F41: 1269 | G41: =E41*F41 -> 31496.58 | I41: 5 | J41: 3600 | K41: =J41/I41 -> 720 | L41: 5 | M41: =F41/V41*60 -> 3221.0802 | N41: =M41/L41 -> 644.21603 | O41: =L41-I41 -> 0 | P41: =N41-K41 -> -75.783968 | Q41: =N41/K41 -> 0.89474449 | S41: 0.29861111 | T41: 0.31502315 | U41: 15 | V41: 23.638033 | AA41: =M41-J41 -> -378.91984 | AB41: =M41/J41 -> 0.89474449
B42: 18℃-飯糰 | C42: 一配黑胡椒洋蔥豬飯糰 | E42: 17.07 | F42: 2152 | G42: =E42*F42 -> 36734.64 | I42: 3 | J42: 3300 | K42: =J42/I42 -> 1100 | L42: 3 | M42: =F42/V42*60 -> 3021.4184 | N42: =M42/L42 -> 1007.1395 | O42: =L42-I42 -> 0 | P42: =N42-K42 -> -92.860545 | Q42: =N42/K42 -> 0.91558132 | S42: 0.325 | T42: 0.35467593 | U42: 15 | V42: 42.734896 | AA42: =M42-J42 -> -278.58164 | AB42: =M42/J42 -> 0.91558132
B43: 18℃-飯糰 | C43: 一配經典肉鬆飯糰 | E43: 14.03 | F43: 4928 | G43: =E43*F43 -> 69139.84 | I43: 3 | J43: 3000 | K43: =J43/I43 -> 1000 | L43: 3 | M43: =F43/V43*60 -> 2745.5161 | N43: =M43/L43 -> 915.17204 | O43: =L43-I43 -> 0 | P43: =N43-K43 -> -84.827962 | Q43: =N43/K43 -> 0.91517204 | S43: 0.36458333 | T43: 0.43936343 | U43: 15 | V43: 107.6956 | AA43: =M43-J43 -> -254.48389 | AB43: =M43/J43 -> 0.91517204
B44: 18℃-飯糰 | C44: 一配鮪魚飯糰 | E44: 14.28 | F44: 7002 | G44: =E44*F44 -> 99988.56 | I44: 3 | J44: 3600 | K44: =J44/I44 -> 1200 | L44: 3 | M44: =F44/V44*60 -> 3219.3852 | N44: =M44/L44 -> 1073.1284 | O44: =L44-I44 -> 0 | P44: =N44-K44 -> -126.87159 | Q44: =N44/K44 -> 0.89427368 | S44: 0.44930556 | T44: 0.53991898 | U44: 15 | V44: 130.49696 | AA44: =M44-J44 -> -380.61476 | AB44: =M44/J44 -> 0.89427368
B55: 平均 | I55: =AVERAGE(I39:I54) -> 3.6666667 | J55: =AVERAGE(J39:J54) -> 3450 | K55: =J55/I55 -> 940.90909 | L55: =AVERAGE(L39:L54) -> 3.6666667 | M55: =AVERAGE(M39:M54) -> 3107.7052 | N55: =M55/L55 -> 847.55597 | O55: =L55-I55 -> 0 | P55: =N55-K55 -> -93.353126 | Q55: =N55/K55 -> 0.90078412 | S55: 0.25 | T55: 0.53991898 | AA55: =M55-J55 -> -342.29479 | AB55: =M55/J55 -> 0.90078412
A56: GKK3600型 飯糰機2 | B56: 18℃-飯糰 | C56: 一配椒鹽檸檬鯖魚飯糰 | E56: 20.72 | F56: 1620 | G56: =E56*F56 -> 33566.4 | I56: 3 | J56: 3600 | K56: =J56/I56 -> 1200 | L56: 3 | M56: =F56/V56*60 -> 3219.4384 | N56: =M56/L56 -> 1073.1461 | O56: =L56-I56 -> 0 | P56: =N56-K56 -> -126.85388 | Q56: =N56/K56 -> 0.89428843 | R56: =Q72 -> 0.89707272 | S56: 0.25 | T56: 0.27096065 | V56: 30.191602 | AA56: =M56-J56 -> -380.56164 | AB56: =M56/J56 -> 0.89428843 | AC56: =AB72 -> 0.89707272
B57: 18℃-飯糰 | C57: 一配柚檸海灣貝飯糰 | E57: 23.72 | F57: 658 | G57: =E57*F57 -> 15607.76 | I57: 5 | J57: 3600 | K57: =J57/I57 -> 720 | L57: 5 | M57: =F57/V57*60 -> 3219.6711 | N57: =M57/L57 -> 643.93423 | O57: =L57-I57 -> 0 | P57: =N57-K57 -> -76.06577 | Q57: =N57/K57 -> 0.8943531 | S57: 0.28125 | T57: 0.28975694 | U57: 14.816667 | V57: 12.262122 | AA57: =M57-J57 -> -380.32885 | AB57: =M57/J57 -> 0.8943531
B58: 18℃-飯糰 | C58: 一配贅沢鮭魚肚飯糰 | E58: 30 | F58: 1964 | G58: =E58*F58 -> 58920 | I58: 4 | J58: 3600 | K58: =J58/I58 -> 900 | L58: 4 | M58: =F58/V58*60 -> 3221.7907 | N58: =M58/L58 -> 805.44767 | O58: =L58-I58 -> 0 | P58: =N58-K58 -> -94.552331 | Q58: =N58/K58 -> 0.89494185 | S58: 0.3 | T58: 0.32539352 | U58: 14.75 | V58: 36.575933 | AA58: =M58-J58 -> -378.20933 | AB58: =M58/J58 -> 0.89494185
B59: 18℃-飯糰 | C59: 一配筋子銀鮭飯糰 | E59: 30 | F59: 2038 | G59: =E59*F59 -> 61140 | I59: 4 | J59: 3300 | K59: =J59/I59 -> 825 | L59: 4 | M59: =F59/V59*60 -> 3022.0509 | N59: =M59/L59 -> 755.51273 | O59: =L59-I59 -> 0 | P59: =N59-K59 -> -69.487275 | Q59: =N59/K59 -> 0.915773 | S59: 0.33541667 | T59: 0.36350694 | U59: 15 | V59: 40.462588 | AA59: =M59-J59 -> -277.9491 | AB59: =M59/J59 -> 0.915773
B60: 18℃-飯糰 | C60: 一配鹽蔥生鮭飯糰 | E60: 27.48 | F60: 3014 | G60: =E60*F60 -> 82824.72 | I60: 5 | J60: 3600 | K60: =J60/I60 -> 720 | L60: 5 | M60: =F60/V60*60 -> 3221.6459 | N60: =M60/L60 -> 644.32918 | O60: =L60-I60 -> 0 | P60: =N60-K60 -> -75.670825 | Q60: =N60/K60 -> 0.89490163 | S60: 0.37361111 | T60: 0.41258102 | U60: 14.55 | V60: 56.132799 | AA60: =M60-J60 -> -378.35412 | AB60: =M60/J60 -> 0.89490163
B61: 18℃-飯糰 | C61: 一配明太子龍蝦風味沙拉飯糰 | E61: 18.18 | F61: 2227 | G61: =E61*F61 -> 40486.86 | I61: 3 | J61: 3600 | K61: =J61/I61 -> 1200 | L61: 3 | M61: =F61/V61*60 -> 3215.8863 | N61: =M61/L61 -> 1071.9621 | O61: =L61-I61 -> 0 | P61: =N61-K61 -> -128.03791 | Q61: =N61/K61 -> 0.89330174 | S61: 0.42291667 | T61: 0.45175926 | U61: 14.883333 | V61: 41.549977 | AA61: =M61-J61 -> -384.11372 | AB61: =M61/J61 -> 0.89330174
B62: 18℃-飯糰 | C62: 一配雞肉飯飯糰 | E62: 16.66 | F62: 5723 | G62: =E62*F62 -> 95345.18 | I62: 5 | J62: 3600 | K62: =J62/I62 -> 720 | L62: 5 | M62: =F62/V62*60 -> 3216.6274 | N62: =M62/L62 -> 643.32547 | O62: =L62-I62 -> 0 | P62: =N62-K62 -> -76.674527 | Q62: =N62/K62 -> 0.8935076 | S62: 0.46180556 | T62: 0.5359375 | U62: 15 | V62: 106.75156 | AA62: =M62-J62 -> -383.37263 | AB62: =M62/J62 -> 0.8935076
B72: 平均 | I72: =AVERAGE(I56:I71) -> 4.1428571 | J72: =AVERAGE(J56:J71) -> 3557.1429 | K72: =J72/I72 -> 858.62069 | L72: =AVERAGE(L56:L71) -> 4.1428571 | M72: =AVERAGE(M56:M71) -> 3191.0158 | N72: =M72/L72 -> 770.24519 | O72: =L72-I72 -> 0 | P72: =N72-K72 -> -88.375496 | Q72: =N72/K72 -> 0.89707272 | S72: 0.25 | T72: 0.5359375 | AA72: =M72-J72 -> -366.12706 | AB72: =M72/J72 -> 0.89707272
A73: 自動包裝機 (二配) | B73: 18℃-飯糰 | C73: 二配兩粒飯糰(鮪魚.焦糖鮭魚) | E73: 28.57 | F73: 1681 | G73: =E73*F73 -> 48026.17 | I73: 12 | J73: 3600 | K73: =J73/I73 -> 300 | L73: 12 | M73: =F73/V73*60 -> 3119.819 | N73: =M73/L73 -> 259.98492 | O73: =L73-I73 -> 0 | P73: =N73-K73 -> -40.015083 | Q73: =N73/K73 -> 0.86661639 | R73: =Q89 -> 0.89351537 | S73: 0.70833333 | T73: 0.73077546 | V73: 32.328799 | AA73: =M73-J73 -> -480.181 | AB73: =M73/J73 -> 0.86661639 | AC73: =AB89 -> 0.89351537
B74: 18℃-飯糰 | C74: 二配柚香雞胸五穀飯糰 | E74: 17.71 | F74: 638 | G74: =E74*F74 -> 11298.98 | I74: 5 | J74: 3600 | K74: =J74/I74 -> 720 | L74: 5 | M74: =F74/V74*60 -> 3265.7323 | N74: =M74/L74 -> 653.14646 | O74: =L74-I74 -> 0 | P74: =N74-K74 -> -66.853537 | Q74: =N74/K74 -> 0.90714786 | S74: 0.73402778 | T74: 0.74216435 | U74: 4.6833333 | V74: 11.72172 | AA74: =M74-J74 -> -334.26769 | AB74: =M74/J74 -> 0.90714786
B75: 18℃-飯糰 | C75: 二配鮭魚毛豆炊飯飯糰 | E75: 18.92 | F75: 1293 | G75: =E75*F75 -> 24463.56 | I75: 5 | J75: 3600 | K75: =J75/I75 -> 720 | L75: 5 | M75: =F75/V75*60 -> 3264.4147 | N75: =M75/L75 -> 652.88293 | O75: =L75-I75 -> 0 | P75: =N75-K75 -> -67.117068 | Q75: =N75/K75 -> 0.90678185 | S75: 0.74583333 | T75: 0.76232639 | U75: 5.2833333 | V75: 23.765363 | AA75: =M75-J75 -> -335.58534 | AB75: =M75/J75 -> 0.90678185
B89: 平均 | I89: =AVERAGE(I73:I88) -> 7.3333333 | J89: =AVERAGE(J73:J88) -> 3600 | K89: =J89/I89 -> 490.90909 | L89: =AVERAGE(L73:L88) -> 7.3333333 | M89: =AVERAGE(M73:M88) -> 3216.6553 | N89: =M89/L89 -> 438.63482 | O89: =L89-I89 -> 0 | P89: =N89-K89 -> -52.274274 | Q89: =N89/K89 -> 0.89351537 | S89: 0.70833333 | T89: 0.76232639 | AA89: =M89-J89 -> -383.34468 | AB89: =M89/J89 -> 0.89351537
A90: (新) 3300型飯糰機 (二配) | B90: 18℃-飯糰 | C90: 二配大飯糰乾燒風味鮮蝦 | E90: 23.27 | F90: 585 | G90: =E90*F90 -> 13612.95 | I90: 5 | J90: 3000 | K90: =J90/I90 -> 600 | L90: 5 | M90: =F90/V90*60 -> 2741.4771 | N90: =M90/L90 -> 548.29543 | O90: =L90-I90 -> 0 | P90: =N90-K90 -> -51.704572 | Q90: =N90/K90 -> 0.91382571 | R90: =Q106 -> 0.91369472 | S90: 0.70833333 | T90: 0.71722222 | V90: 12.803317 | AA90: =M90-J90 -> -258.52286 | AB90: =M90/J90 -> 0.91382571 | AC90: =AB106 -> 0.91369472
B91: 18℃-飯糰 | C91: 二配大飯糰韓式蒜烤豬五花 | E91: 24.54 | F91: 1501 | G91: =E91*F91 -> 36834.54 | I91: 4 | J91: 3000 | K91: =J91/I91 -> 750 | L91: 4 | M91: =F91/V91*60 -> 2741.7099 | N91: =M91/L91 -> 685.42748 | O91: =L91-I91 -> 0 | P91: =N91-K91 -> -64.572523 | Q91: =N91/K91 -> 0.9139033 | S91: 0.72013889 | T91: 0.74293981 | U91: 5 | V91: 32.848114 | AA91: =M91-J91 -> -258.29009 | AB91: =M91/J91 -> 0.9139033
B92: 18℃-飯糰 | C92: 二配大飯糰泡菜鮪魚 | E92: 24.33 | F92: 1555 | G92: =E92*F92 -> 37833.15 | I92: 4 | J92: 3000 | K92: =J92/I92 -> 750 | L92: 4 | M92: =F92/V92*60 -> 2741.3238 | N92: =M92/L92 -> 685.33094 | O92: =L92-I92 -> 0 | P92: =N92-K92 -> -64.669061 | Q92: =N92/K92 -> 0.91377459 | S92: 0.74652778 | T92: 0.77016204 | U92: 5.1666667 | V92: 34.034652 | AA92: =M92-J92 -> -258.67624 | AB92: =M92/J92 -> 0.91377459
B93: 18℃-飯糰 | C93: 二配壹號醬炙烤牛飯糰 | E93: 22.28 | F93: 1727 | G93: =E93*F93 -> 38477.56 | I93: 5 | J93: 3300 | K93: =J93/I93 -> 660 | L93: 5 | M93: =F93/V93*60 -> 3012.9388 | N93: =M93/L93 -> 602.58775 | O93: =L93-I93 -> 0 | P93: =N93-K93 -> -57.412245 | Q93: =N93/K93 -> 0.91301175 | S93: 0.77361111 | T93: 0.79748843 | U93: 4.9666667 | V93: 34.391671 | AA93: =M93-J93 -> -287.06123 | AB93: =M93/J93 -> 0.91301175
B94: 18℃-飯糰 | C94: 二配鹽蔥燒肉飯糰 | E94: 17.89 | F94: 6077 | G94: =E94*F94 -> 108717.53 | I94: 4 | J94: 3300 | K94: =J94/I94 -> 825 | L94: 4 | M94: =F94/V94*60 -> 3016.1881 | N94: =M94/L94 -> 754.04702 | O94: =L94-I94 -> 0 | P94: =N94-K94 -> -70.952981 | Q94: =N94/K94 -> 0.91399639 | S94: 0.80138889 | T94: 0.88533565 | U94: 5.6166667 | V94: 120.88769 | AA94: =M94-J94 -> -283.81192 | AB94: =M94/J94 -> 0.91399639
B106: 平均 | I106: =AVERAGE(I90:I105) -> 4.4 | J106: =AVERAGE(J90:J105) -> 3120 | K106: =J106/I106 -> 709.09091 | L106: =AVERAGE(L90:L105) -> 4.4 | M106: =AVERAGE(M90:M105) -> 2850.7275 | N106: =M106/L106 -> 647.89262 | O106: =L106-I106 -> 0 | P106: =N106-K106 -> -61.198288 | Q106: =N106/K106 -> 0.91369472 | S106: 0.70833333 | T106: 0.88533565 | AA106: =M106-J106 -> -269.27247 | AB106: =M106/J106 -> 0.91369472
A107: GKK3600型 飯糰機 (二配) | B107: 18℃-飯糰 | C107: 二配芝麻香鬆飯糰 | E107: 18.18 | F107: 714 | G107: =E107*F107 -> 12980.52 | H107: 2 | I107: 3 | J107: 3000 | K107: =J107/I107 -> 1000 | L107: 3 | M107: =F107/V107*60 -> 2743.3541 | N107: =M107/L107 -> 914.45137 | O107: =L107-I107 -> 0 | P107: =N107-K107 -> -85.548628 | Q107: =N107/K107 -> 0.91445137 | R107: =Q123 -> 0.90389085 | S107: 0.73125 | T107: 0.74208333 | V107: 15.615921 | AA107: =M107-J107 -> -256.64588 | AB107: =M107/J107 -> 0.91445137 | AC107: =AB123 -> 0.90389085
B108: 18℃-飯糰 | C108: 二配蔬食鮪魚飯糰 | E108: 18.18 | F108: 449 | G108: =E108*F108 -> 8162.82 | H108: 2 | I108: 3 | J108: 3600 | K108: =J108/I108 -> 1200 | L108: 3 | M108: =F108/V108*60 -> 3220.4846 | N108: =M108/L108 -> 1073.4949 | O108: =L108-I108 -> 0 | P108: =N108-K108 -> -126.50513 | Q108: =N108/K108 -> 0.89457906 | S108: 0.75208333 | T108: 0.75788194 | U108: 15 | V108: 8.3652006 | AA108: =M108-J108 -> -379.51538 | AB108: =M108/J108 -> 0.89457906
B109: 18℃-飯糰 | C109: 二配經典肉鬆飯糰 | E109: 14.03 | F109: 2472 | G109: =E109*F109 -> 34682.16 | H109: 2 | I109: 3 | J109: 3000 | K109: =J109/I109 -> 1000 | L109: 3 | M109: =F109/V109*60 -> 2745.4401 | N109: =M109/L109 -> 915.1467 | O109: =L109-I109 -> 0 | P109: =N109-K109 -> -84.8533 | Q109: =N109/K109 -> 0.9151467 | S109: 0.76805556 | T109: 0.80556713 | U109: 14.65 | V109: 54.024125 | AA109: =M109-J109 -> -254.5599 | AB109: =M109/J109 -> 0.9151467
B110: 18℃-飯糰 | C110: 二配鮪魚飯糰 | E110: 14.28 | F110: 3084 | G110: =E110*F110 -> 44039.52 | H110: 2 | I110: 3 | J110: 3600 | K110: =J110/I110 -> 1200 | L110: 3 | M110: =F110/V110*60 -> 3222.0803 | N110: =M110/L110 -> 1074.0268 | O110: =L110-I110 -> 0 | P110: =N110-K110 -> -125.97322 | Q110: =N110/K110 -> 0.89502231 | S110: 0.81597222 | T110: 0.85584491 | U110: 14.983333 | V110: 57.428736 | AA110: =M110-J110 -> -377.91967 | AB110: =M110/J110 -> 0.89502231
B111: 18℃-飯糰 | C111: 二配芝麻香鬆飯糰 | E111: 18.18 | F111: 1533 | G111: =E111*F111 -> 27869.94 | I111: 3 | J111: 3000 | K111: =J111/I111 -> 1000 | L111: 3 | M111: =F111/V111*60 -> 2743.3541 | N111: =M111/L111 -> 914.45137 | O111: =L111-I111 -> 0 | P111: =N111-K111 -> -85.548628 | Q111: =N111/K111 -> 0.91445137 | S111: 0.86597222 | T111: 0.88924769 | U111: 14.583333 | V111: 33.5283 | AA111: =M111-J111 -> -256.64588 | AB111: =M111/J111 -> 0.91445137
B112: 18℃-飯糰 | C112: 二配蔬食鮪魚飯糰 | E112: 18.18 | F112: 940 | G112: =E112*F112 -> 17089.2 | I112: 3 | J112: 3600 | K112: =J112/I112 -> 1200 | L112: 3 | M112: =F112/V112*60 -> 3220.4846 | N112: =M112/L112 -> 1073.4949 | O112: =L112-I112 -> 0 | P112: =N112-K112 -> -126.50513 | Q112: =N112/K112 -> 0.89457906 | S112: 0.89930556 | T112: 0.91145833 | U112: 15 | V112: 17.512892 | AA112: =M112-J112 -> -379.51538 | AB112: =M112/J112 -> 0.89457906
B113: 18℃-飯糰 | C113: 二配經典肉鬆飯糰 | E113: 14.03 | F113: 6293 | G113: =E113*F113 -> 88290.79 | I113: 3 | J113: 3000 | K113: =J113/I113 -> 1000 | L113: 3 | M113: =F113/V113*60 -> 2745.4401 | N113: =M113/L113 -> 915.1467 | O113: =L113-I113 -> 0 | P113: =N113-K113 -> -84.8533 | Q113: =N113/K113 -> 0.9151467 | S113: 0.92152778 | T113: 1.0170255 | U113: 15 | V113: 137.52986 | AA113: =M113-J113 -> -254.5599 | AB113: =M113/J113 -> 0.9151467
B114: 18℃-飯糰 | C114: 二配鮪魚飯糰 | E114: 14.28 | F114: 8163 | G114: =E114*F114 -> 116567.64 | I114: 3 | J114: 3600 | K114: =J114/I114 -> 1200 | L114: 3 | M114: =F114/V114*60 -> 3222.0803 | N114: =M114/L114 -> 1074.0268 | O114: =L114-I114 -> 0 | P114: =N114-K114 -> -125.97322 | Q114: =N114/K114 -> 0.89502231 | S114: 1.0270833 | T114: 1.1326389 | U114: 15 | V114: 152.00738 | AA114: =M114-J114 -> -377.91967 | AB114: =M114/J114 -> 0.89502231
B123: 平均 | I123: =AVERAGE(I107:I122) -> 3 | J123: =AVERAGE(J107:J122) -> 3300 | K123: =J123/I123 -> 1100 | L123: =AVERAGE(L107:L122) -> 3 | M123: =AVERAGE(M107:M122) -> 2982.8398 | N123: =M123/L123 -> 994.27993 | O123: =L123-I123 -> 0 | P123: =N123-K123 -> -105.72007 | Q123: =N123/K123 -> 0.90389085 | S123: 0.73125 | T123: 1.1326389 | AA123: =M123-J123 -> -317.16021 | AB123: =M123/J123 -> 0.90389085
A124: GKK3600型 飯糰機2 (二配) | B124: 18℃-飯糰 | C124: 二配熟成紅鮭飯糰 | E124: 25.03 | F124: 550 | G124: =E124*F124 -> 13766.5 | H124: 2 | I124: 5 | J124: 3600 | K124: =J124/I124 -> 720 | L124: 5 | M124: =F124/V124*60 -> 3218.5087 | N124: =M124/L124 -> 643.70175 | O124: =L124-I124 -> 0 | P124: =N124-K124 -> -76.298251 | Q124: =N124/K124 -> 0.89403021 | R124: =Q140 -> 0.89429153 | S124: 0.74097222 | T124: 0.74809028 | V124: 10.253196 | AA124: =M124-J124 -> -381.49126 | AB124: =M124/J124 -> 0.89403021 | AC124: =AB140 -> 0.89429153
B125: 18℃-飯糰 | C125: 二配三杯醬爆菇菇飯糰 | E125: 16.7 | F125: 510 | G125: =E125*F125 -> 8517 | H125: 2 | I125: 3 | J125: 3600 | K125: =J125/I125 -> 1200 | L125: 3 | M125: =F125/V125*60 -> 3221.9639 | N125: =M125/L125 -> 1073.988 | O125: =L125-I125 -> 0 | P125: =N125-K125 -> -126.01204 | Q125: =N125/K125 -> 0.89498997 | S125: 0.75833333 | T125: 0.76491898 | U125: 14.75 | V125: 9.4973132 | AA125: =M125-J125 -> -378.03611 | AB125: =M125/J125 -> 0.89498997
B126: 18℃-飯糰 | C126: 二配贅沢鮭魚肚飯糰 | E126: 30 | F126: 762 | G126: =E126*F126 -> 22860 | H126: 2 | I126: 4 | J126: 3600 | K126: =J126/I126 -> 900 | L126: 4 | M126: =F126/V126*60 -> 3216.36 | N126: =M126/L126 -> 804.09001 | O126: =L126-I126 -> 0 | P126: =N126-K126 -> -95.909992 | Q126: =N126/K126 -> 0.89343334 | S126: 0.775 | T126: 0.78486111 | U126: 14.516667 | V126: 14.214827 | AA126: =M126-J126 -> -383.63997 | AB126: =M126/J126 -> 0.89343334
B127: 18℃-飯糰 | C127: 二配北海道秋鮭親子飯糰 | E127: 24.82 | F127: 767 | G127: =E127*F127 -> 19036.94 | H127: 2 | I127: 5 | J127: 3600 | K127: =J127/I127 -> 720 | L127: 5 | M127: =F127/V127*60 -> 3220.5932 | N127: =M127/L127 -> 644.11863 | O127: =L127-I127 -> 0 | P127: =N127-K127 -> -75.88137 | Q127: =N127/K127 -> 0.89460921 | S127: 0.79513889 | T127: 0.80505787 | U127: 14.8 | V127: 14.289293 | AA127: =M127-J127 -> -379.40685 | AB127: =M127/J127 -> 0.89460921
B128: 18℃-飯糰 | C128: 二配明太子龍蝦風味沙拉飯糰 | E128: 18.18 | F128: 1134 | G128: =E128*F128 -> 20616.12 | H128: 2 | I128: 3 | J128: 3600 | K128: =J128/I128 -> 1200 | L128: 3 | M128: =F128/V128*60 -> 3218.6034 | N128: =M128/L128 -> 1072.8678 | O128: =L128-I128 -> 0 | P128: =N128-K128 -> -127.1322 | Q128: =N128/K128 -> 0.8940565 | S128: 0.81527778 | T128: 0.8299537 | U128: 14.716667 | V128: 21.139604 | AA128: =M128-J128 -> -381.39659 | AB128: =M128/J128 -> 0.8940565
B129: 18℃-飯糰 | C129: 二配雞肉飯飯糰 | E129: 16.66 | F129: 2553 | G129: =E129*F129 -> 42532.98 | H129: 2 | I129: 5 | J129: 3600 | K129: =J129/I129 -> 720 | L129: 5 | M129: =F129/V129*60 -> 3220.6679 | N129: =M129/L129 -> 644.13357 | O129: =L129-I129 -> 0 | P129: =N129-K129 -> -75.866426 | Q129: =N129/K129 -> 0.89462996 | S129: 0.84027778 | T129: 0.87329861 | U129: 14.866667 | V129: 47.561564 | AA129: =M129-J129 -> -379.33213 | AB129: =M129/J129 -> 0.89462996
B130: 18℃-飯糰 | C130: 二配熟成紅鮭飯糰 | E130: 25.03 | F130: 1134 | G130: =E130*F130 -> 28384.02 | I130: 5 | J130: 3600 | K130: =J130/I130 -> 720 | L130: 5 | M130: =F130/V130*60 -> 3218.5087 | N130: =M130/L130 -> 643.70175 | O130: =L130-I130 -> 0 | P130: =N130-K130 -> -76.298251 | Q130: =N130/K130 -> 0.89403021 | S130: 0.88333333 | T130: 0.89800926 | U130: 15 | V130: 21.140225 | AA130: =M130-J130 -> -381.49126 | AB130: =M130/J130 -> 0.89403021
B131: 18℃-飯糰 | C131: 二配三杯醬爆菇菇飯糰 | E131: 16.7 | F131: 1078 | G131: =E131*F131 -> 18002.6 | I131: 3 | J131: 3600 | K131: =J131/I131 -> 1200 | L131: 3 | M131: =F131/V131*60 -> 3221.9639 | N131: =M131/L131 -> 1073.988 | O131: =L131-I131 -> 0 | P131: =N131-K131 -> -126.01204 | Q131: =N131/K131 -> 0.89498997 | S131: 0.90833333 | T131: 0.92226852 | U131: 14.866667 | V131: 20.074713 | AA131: =M131-J131 -> -378.03611 | AB131: =M131/J131 -> 0.89498997
B132: 18℃-飯糰 | C132: 二配贅沢鮭魚肚飯糰 | E132: 30 | F132: 1816 | G132: =E132*F132 -> 54480 | I132: 4 | J132: 3600 | K132: =J132/I132 -> 900 | L132: 4 | M132: =F132/V132*60 -> 3216.36 | N132: =M132/L132 -> 804.09001 | O132: =L132-I132 -> 0 | P132: =N132-K132 -> -95.909992 | Q132: =N132/K132 -> 0.89343334 | S132: 0.93263889 | T132: 0.95615741 | U132: 14.933333 | V132: 33.876805 | AA132: =M132-J132 -> -383.63997 | AB132: =M132/J132 -> 0.89343334
B133: 18℃-飯糰 | C133: 二配北海道秋鮭親子飯糰 | E133: 24.82 | F133: 1751 | G133: =E133*F133 -> 43459.82 | I133: 5 | J133: 3600 | K133: =J133/I133 -> 720 | L133: 5 | M133: =F133/V133*60 -> 3220.5932 | N133: =M133/L133 -> 644.11863 | O133: =L133-I133 -> 0 | P133: =N133-K133 -> -75.88137 | Q133: =N133/K133 -> 0.89460921 | S133: 0.96597222 | T133: 0.98862269 | U133: 15 | V133: 32.62132 | AA133: =M133-J133 -> -379.40685 | AB133: =M133/J133 -> 0.89460921
B134: 18℃-飯糰 | C134: 二配明太子龍蝦風味沙拉飯糰 | E134: 18.18 | F134: 2810 | G134: =E134*F134 -> 51085.8 | I134: 3 | J134: 3600 | K134: =J134/I134 -> 1200 | L134: 3 | M134: =F134/V134*60 -> 3218.6034 | N134: =M134/L134 -> 1072.8678 | O134: =L134-I134 -> 0 | P134: =N134-K134 -> -127.1322 | Q134: =N134/K134 -> 0.8940565 | S134: 0.99861111 | T134: 1.0349769 | U134: 15 | V134: 52.382968 | AA134: =M134-J134 -> -381.39659 | AB134: =M134/J134 -> 0.8940565
B135: 18℃-飯糰 | C135: 二配雞肉飯飯糰 | E135: 16.66 | F135: 6557 | G135: =E135*F135 -> 109239.62 | I135: 5 | J135: 3600 | K135: =J135/I135 -> 720 | L135: 5 | M135: =F135/V135*60 -> 3220.6679 | N135: =M135/L135 -> 644.13357 | O135: =L135-I135 -> 0 | P135: =N135-K135 -> -75.866426 | Q135: =N135/K135 -> 0.89462996 | S135: 1.0451389 | T135: 1.1299653 | U135: 14.633333 | V135: 122.15479 | AA135: =M135-J135 -> -379.33213 | AB135: =M135/J135 -> 0.89462996
B140: 平均 | I140: =AVERAGE(I124:I139) -> 4.1666667 | J140: =AVERAGE(J124:J139) -> 3600 | K140: =J140/I140 -> 864 | L140: =AVERAGE(L124:L139) -> 4.1666667 | M140: =AVERAGE(M124:M139) -> 3219.4495 | N140: =M140/L140 -> 772.66788 | O140: =L140-I140 -> 0 | P140: =N140-K140 -> -91.332116 | Q140: =N140/K140 -> 0.89429153 | S140: 0.74097222 | T140: 1.1299653 | AA140: =M140-J140 -> -380.55048 | AB140: =M140/J140 -> 0.89429153
Y142: 原因回覆
Y143: 1.當日出勤人數較多
Y144: 2.當日出勤人數較少
Y145: 3.當日出勤熟手較多
Y146: 4.當日出勤新人較多
Y147: 5.機台夾盒
Y148: 6.封膜不順
Y149: 7.更換膠膜
Y150: 8.更換碳帶
Y151: 9.當日熱轉印碳帶異常
Y152: 10.訂單量過少
Y153: 11.新品上市，尚未熟悉
Y154: 12.活動期間品項需貼標

Sheet 0809(4度C)
A1: 大溪廠日報分析 | C1: 總生產量 | D1: =SUM(F5:F140) -> 98571 | E1: 營業額 | F1: =SUM(G5:G140) -> 4420974.2 | G1: 出勤人數 | H1: =L21+L38+L55+L72+L89+L106+L123+L140 -> 137.24286 | I1: 產線配置圖 | L1: 生產實績 | O1: 人時性差異分析 | S1: 日報登錄 | Y1: 合計次數 | Z1: 合計(時間/分) | AA1: 產線異常 分析說明(5分鐘以上) | AC1: 合計次數 | AD1: 合計(時間/分) | AE1: 產能差異分析
A2: 46243 | C2: 人時性 | D2: =AVERAGE(N21,N38,N55,N72,N89,N106,N123,N140) -> 201.09369 | E2: 平均廠價 | F2: =F1/D1 -> 44.850658 | G2: 多次生產數 | H2: =COUNT(H5:H140) -> 2 | Y2: =SUM(Y21,Y38,Y55,Y72,Y89,Y106,Y123,Y140) -> 0 | Z2: =SUM(Z21,Z38,Z55,Z72,Z89,Z106,Z123,Z140) -> 0 | AC2: =SUM(AC21,AC38,AC55,AC72,AC89,AC106,AC123,AC140) -> 0 | AD2: =SUM(AD21,AD38,AD55,AD72,AD89,AD106,AD123,AD140) -> 0
A3: 線別 | B3: 品類 | C3: 品名 | E3: 廠價 | F3: 生產量 | G3: 營收 | H3: 多次 生產 | I3: 人數 | J3: 產能/時 | K3: 人時性 | L3: 人數 | M3: 產能/時 | N3: 人時性 | O3: 人數 | P3: 人時性 | Q3: 達成率 | R3: 達成率 平均 | S3: 生產時間 | U3: 換線、休息/分 | V3: 稼動時間/分 | W3: 休息時間 | Y3: 產線異常統計(5分鐘以上) | AA3: (屏榮回填) | AC3: 短暫停線統計(5分鐘以下) | AE3: 產能/時 | AF3: 達成率 | AG3: 達成率平均
S4: 開始 | T4: 結束 | W4: 開始 | X4: 結束 | Y4: 次數 | Z4: 時間/分 | AC4: 總次數 | AD4: 設備因素(次數)
A5: 便當二線 | B5: 微波小吃 | C5: 日式茶碗蒸 | E5: 19.7 | F5: 3453 | G5: =E5*F5 -> 68024.1 | I5: 13 | J5: 1200 | K5: =J5/I5 -> 92.307692 | L5: 13 | M5: =F5/V5*60 -> 1082.9673 | N5: =M5/L5 -> 83.305176 | O5: =L5-I5 -> 0 | P5: =N5-K5 -> -9.0025163 | Q5: =N5/K5 -> 0.90247274 | R5: =Q21 -> 0.90200751 | S5: 0.20833333 | T5: 0.34118056 | V5: 191.30772 | AE5: =M5-J5 -> -117.03271 | AF5: =M5/J5 -> 0.90247274 | AG5: =AF21 -> 0.90200751
B6: 微波主食 | C6: 糖燻野郎三十天熟成牛飯 | E6: 56.43 | F6: 4553 | G6: =E6*F6 -> 256925.79 | I6: 24 | J6: 2000 | K6: =J6/I6 -> 83.333333 | L6: 24 | M6: =F6/V6*60 -> 1804.5548 | N6: =M6/L6 -> 75.189784 | O6: =L6-I6 -> 0 | P6: =N6-K6 -> -8.1435491 | Q6: =N6/K6 -> 0.90227741 | S6: 0.34444444 | T6: 0.44957176 | U6: 4.7 | V6: 151.3836 | AE6: =M6-J6 -> -195.44518 | AF6: =M6/J6 -> 0.90227741
B7: 便當 | C7: 香檸奶油魚排蔬滿盒 | E7: 77.35 | F7: 1001 | G7: =E7*F7 -> 77427.35 | I7: 25 | J7: 2000 | K7: =J7/I7 -> 80 | L7: 25 | M7: =F7/V7*60 -> 1803.0216 | N7: =M7/L7 -> 72.120864 | O7: =L7-I7 -> 0 | P7: =N7-K7 -> -7.8791358 | Q7: =N7/K7 -> 0.9015108 | S7: 0.45277778 | T7: 0.47590278 | U7: 4.6166667 | V7: 33.310749 | W7: 0.47590278 | X7: 0.51527778 | AE7: =M7-J7 -> -196.9784 | AF7: =M7/J7 -> 0.9015108
B8: 便當 | C8: 健身G肉餐盒 | E8: 59.52 | F8: 5733 | G8: =E8*F8 -> 341228.16 | I8: 24 | J8: 2000 | K8: =J8/I8 -> 83.333333 | L8: 24 | M8: =F8/V8*60 -> 1803.9104 | N8: =M8/L8 -> 75.162932 | O8: =L8-I8 -> 0 | P8: =N8-K8 -> -8.1704012 | Q8: =N8/K8 -> 0.90195519 | S8: 0.51527778 | T8: 0.64769676 | U8: 56.7 | V8: 190.68575 | AE8: =M8-J8 -> -196.08963 | AF8: =M8/J8 -> 0.90195519
B21: 平均 | I21: =AVERAGE(I5:I20) -> 21.5 | J21: =AVERAGE(J5:J20) -> 1800 | K21: =J21/I21 -> 83.72093 | L21: =AVERAGE(L5:L20) -> 21.5 | M21: =AVERAGE(M5:M20) -> 1623.6135 | N21: =M21/L21 -> 75.516908 | O21: =L21-I21 -> 0 | P21: =N21-K21 -> -8.2040223 | Q21: =N21/K21 -> 0.90200751 | S21: 0.20833333 | T21: 0.64769676 | Y21: =SUM(Y5:Y20) -> 0 | Z21: =SUM(Z5:Z20) -> 0 | AC21: =SUM(AC5:AC20) -> 0 | AD21: =SUM(AD5:AD20) -> 0 | AE21: =M21-J21 -> -176.38648 | AF21: =M21/J21 -> 0.90200751
A22: 涼麵一線 | B22: 4℃-壽司手卷 | C22: 海陸雙拼壽司 | E22: 36.45 | F22: 2410 | G22: =E22*F22 -> 87844.5 | I22: 20 | J22: 2100 | K22: =J22/I22 -> 105 | L22: 20 | M22: =F22/V22*60 -> 1893.2783 | N22: =M22/L22 -> 94.663917 | O22: =L22-I22 -> 0 | P22: =N22-K22 -> -10.336083 | Q22: =N22/K22 -> 0.90156112 | R22: =Q38 -> 0.90292783 | S22: 0.20833333 | T22: 0.26136574 | V22: 76.375458 | AE22: =M22-J22 -> -206.72166 | AF22: =M22/J22 -> 0.90156112 | AG22: =AF38 -> 0.91084825
B23: 微波小吃 | C23: 馬鈴薯玉米濃湯 | E23: 31.72 | F23: 1562 | G23: =E23*F23 -> 49546.64 | I23: 22 | J23: 2000 | K23: =J23/I23 -> 90.909091 | L23: 22 | M23: =F23/V23*60 -> 1804.0275 | N23: =M23/L23 -> 82.001251 | O23: =L23-I23 -> 0 | P23: =N23-K23 -> -8.9078403 | Q23: =N23/K23 -> 0.90201376 | S23: 0.26527778 | T23: 0.30135417 | U23: 5.6333333 | V23: 51.950427 | AE23: =M23-J23 -> -195.97249 | AF23: =M23/J23 -> 0.90201376
B24: 微波小吃 | C24: 三合一味噌湯 | E24: 34.79 | F24: 1560 | G24: =E24*F24 -> 54272.4 | I24: 11 | J24: 2000 | K24: =J24/I24 -> 181.81818 | L24: 11 | M24: =F24/V24*60 -> 1807.328 | N24: =M24/L24 -> 164.30255 | O24: =L24-I24 -> 0 | P24: =N24-K24 -> -17.515637 | Q24: =N24/K24 -> 0.903664 | S24: 0.30416667 | T24: 0.34012731 | U24: 5 | V24: 51.789161 | AE24: =M24-J24 -> -192.672 | AF24: =M24/J24 -> 0.903664
B25: 微波小吃 | C25: 越式牛肉寬粉 | E25: 51.44 | F25: 1492 | G25: =E25*F25 -> 76748.48 | I25: 19 | J25: 2000 | K25: =J25/I25 -> 105.26316 | L25: 19 | M25: =F25/V25*60 -> 1804.7709 | N25: =M25/L25 -> 94.987943 | O25: =L25-I25 -> 0 | P25: =N25-K25 -> -10.275215 | Q25: =N25/K25 -> 0.90238546 | S25: 0.34375 | T25: 0.37819444 | U25: 5.2166667 | V25: 49.601863 | AE25: =M25-J25 -> -195.22908 | AF25: =M25/J25 -> 0.90238546
B26: 微波主食 | C26: 日式鮭魚茶泡烤飯 | E26: 43.28 | F26: 2482 | G26: =E26*F26 -> 107420.96 | I26: 21 | J26: 1800 | K26: =J26/I26 -> 85.714286 | L26: 21 | M26: =F26/V26*60 -> 1622.6249 | N26: =M26/L26 -> 77.267854 | O26: =L26-I26 -> 0 | P26: =N26-K26 -> -8.4464322 | Q26: =N26/K26 -> 0.90145829 | S26: 0.38194444 | T26: 0.4456713 | U26: 5.4 | V26: 91.777217 | W26: 0.4456713 | X26: 0.48333333 | AE26: =M26-J26 -> -177.37508 | AF26: =M26/J26 -> 0.90145829
B27: 4℃-飯糰 | C27: 麻油雞飯糰 | E27: 29.97 | F27: 2710 | G27: =E27*F27 -> 81218.7 | I27: 21 | J27: 2790 | K27: =J27/I27 -> 132.85714 | L27: 22 | M27: =F27/V27*60 -> 2626.6346 | N27: =M27/L27 -> 119.39248 | O27: =L27-I27 -> 1 | P27: =N27-K27 -> -13.46466 | Q27: =N27/K27 -> 0.89865309 | S27: 0.48333333 | T27: 0.52631944 | U27: 55 | V27: 61.904309 | AE27: =M27-J27 -> -163.36538 | AF27: =M27/J27 -> 0.9414461
B38: 平均 | I38: =AVERAGE(I22:I37) -> 19 | J38: =AVERAGE(J22:J37) -> 2115 | K38: =J38/I38 -> 111.31579 | L38: =AVERAGE(L22:L37) -> 19.166667 | M38: =AVERAGE(M22:M37) -> 1926.4441 | N38: =M38/L38 -> 100.51012 | O38: =L38-I38 -> 0.16666667 | P38: =N38-K38 -> -10.805665 | Q38: =N38/K38 -> 0.90292783 | S38: 0.20833333 | T38: 0.52631944 | Y38: =SUM(Y22:Y37) -> 0 | Z38: =SUM(Z22:Z37) -> 0 | AC38: =SUM(AC22:AC37) -> 0 | AD38: =SUM(AD22:AD37) -> 0 | AE38: =M38-J38 -> -188.55595 | AF38: =M38/J38 -> 0.91084825
A39: 涼麵二線 | B39: 便當 | C39: 香腸腿排雙拼便當 | E39: 53.76 | F39: 3269 | G39: =E39*F39 -> 175741.44 | I39: 20 | J39: 2000 | K39: =J39/I39 -> 100 | L39: 20 | M39: =F39/V39*60 -> 1802.3482 | N39: =M39/L39 -> 90.117411 | O39: =L39-I39 -> 0 | P39: =N39-K39 -> -9.8825893 | Q39: =N39/K39 -> 0.90117411 | R39: =Q55 -> 0.90128651 | S39: 0.16666667 | T39: 0.2422338 | V39: 108.8247 | AE39: =M39-J39 -> -197.65179 | AF39: =M39/J39 -> 0.90117411 | AG39: =AF55 -> 0.90128651
B40: 便當 | C40: 蔬活腿排補力餐盒 | E40: 71.55 | F40: 3381 | G40: =E40*F40 -> 241910.55 | I40: 22 | J40: 2000 | K40: =J40/I40 -> 90.909091 | L40: 22 | M40: =F40/V40*60 -> 1802.2138 | N40: =M40/L40 -> 81.918809 | O40: =L40-I40 -> 0 | P40: =N40-K40 -> -8.9902815 | Q40: =N40/K40 -> 0.9011069 | S40: 0.24513889 | T40: 0.32329861 | U40: 5 | V40: 112.56156 | AE40: =M40-J40 -> -197.78619 | AF40: =M40/J40 -> 0.9011069
B41: 便當 | C41: 地中海布格麥烤魚餐盒 | E41: 63.92 | F41: 2380 | G41: =E41*F41 -> 152129.6 | I41: 24 | J41: 2000 | K41: =J41/I41 -> 83.333333 | L41: 24 | M41: =F41/V41*60 -> 1804.1666 | N41: =M41/L41 -> 75.173607 | O41: =L41-I41 -> 0 | P41: =N41-K41 -> -8.1597261 | Q41: =N41/K41 -> 0.90208329 | S41: 0.32708333 | T41: 0.38204861 | U41: 5.45 | V41: 79.15012 | AE41: =M41-J41 -> -195.83343 | AF41: =M41/J41 -> 0.90208329
B42: 便當 | C42: 烤蛋白餐盒 | E42: 58.67 | F42: 1231 | G42: =E42*F42 -> 72222.77 | H42: 2 | I42: 23 | J42: 2000 | K42: =J42/I42 -> 86.956522 | L42: 23 | M42: =F42/V42*60 -> 1802.0616 | N42: =M42/L42 -> 78.350503 | O42: =L42-I42 -> 0 | P42: =N42-K42 -> -8.6060182 | Q42: =N42/K42 -> 0.90103079 | S42: 0.38611111 | T42: 0.41457176 | U42: 5.85 | V42: 40.986391 | AE42: =M42-J42 -> -197.93842 | AF42: =M42/J42 -> 0.90103079
B43: 便當 | C43: 海陸雙拼肉肉餐盒 | E43: 59.54 | F43: 3428 | G43: =E43*F43 -> 204103.12 | I43: 23 | J43: 2000 | K43: =J43/I43 -> 86.956522 | L43: 23 | M43: =F43/V43*60 -> 1802.5797 | N43: =M43/L43 -> 78.373029 | O43: =L43-I43 -> 0 | P43: =N43-K43 -> -8.5834923 | Q43: =N43/K43 -> 0.90128984 | S43: 0.41736111 | T43: 0.49659722 | U43: 5 | V43: 114.10314 | W43: 0.49659722 | X43: 0.53611111 | AE43: =M43-J43 -> -197.42032 | AF43: =M43/J43 -> 0.90128984
B44: 便當 | C44: 懷舊滷雙拼便當 | E44: 61.09 | F44: 3092 | G44: =E44*F44 -> 188890.28 | I44: 20 | J44: 2000 | K44: =J44/I44 -> 100 | L44: 20 | M44: =F44/V44*60 -> 1802.5797 | N44: =M44/L44 -> 90.128985 | O44: =L44-I44 -> 0 | P44: =N44-K44 -> -9.8710153 | Q44: =N44/K44 -> 0.90128985 | S44: 0.53611111 | T44: 0.60758102 | U44: 56.9 | V44: 102.91917 | AE44: =M44-J44 -> -197.42031 | AF44: =M44/J44 -> 0.90128985
B45: 便當 | C45: 烤蛋白餐盒 | E45: 58.67 | F45: 2888 | G45: =E45*F45 -> 169438.96 | I45: 23 | J45: 2000 | K45: =J45/I45 -> 86.956522 | L45: 23 | M45: =F45/V45*60 -> 1802.0616 | N45: =M45/L45 -> 78.350503 | O45: =L45-I45 -> 0 | P45: =N45-K45 -> -8.6060182 | Q45: =N45/K45 -> 0.90103079 | S45: 0.61041667 | T45: 0.6771875 | U45: 5 | V45: 96.156536 | AE45: =M45-J45 -> -197.93842 | AF45: =M45/J45 -> 0.90103079
B55: 平均 | I55: =AVERAGE(I39:I54) -> 22.142857 | J55: =AVERAGE(J39:J54) -> 2000 | K55: =J55/I55 -> 90.322581 | L55: =AVERAGE(L39:L54) -> 22.142857 | M55: =AVERAGE(M39:M54) -> 1802.573 | N55: =M55/L55 -> 81.406523 | O55: =L55-I55 -> 0 | P55: =N55-K55 -> -8.9160573 | Q55: =N55/K55 -> 0.90128651 | S55: 0.16666667 | T55: 0.6771875 | Y55: =SUM(Y39:Y54) -> 0 | Z55: =SUM(Z39:Z54) -> 0 | AC55: =SUM(AC39:AC54) -> 0 | AD55: =SUM(AD39:AD54) -> 0 | AE55: =M55-J55 -> -197.42698 | AF55: =M55/J55 -> 0.90128651
A56: 涼麵三線 | B56: 季節調理麵 | C56: 和風涓絲冷麵 | E56: 28.86 | F56: 2334 | G56: =E56*F56 -> 67359.24 | I56: 19 | J56: 3600 | K56: =J56/I56 -> 189.47368 | L56: 19 | M56: =F56/V56*60 -> 3193.0687 | N56: =M56/L56 -> 168.05625 | O56: =L56-I56 -> 0 | P56: =N56-K56 -> -21.417435 | Q56: =N56/K56 -> 0.88696354 | R56: =Q72 -> 0.90137425 | S56: 0.16666667 | T56: 0.19711806 | V56: 43.857496 | AE56: =M56-J56 -> -406.93126 | AF56: =M56/J56 -> 0.88696354 | AG56: =AF72 -> 0.90137425
B57: 季節調理麵 | C57: 嘉義崇文白醋涼麵 | E57: 35.89 | F57: 3020 | G57: =E57*F57 -> 108387.8 | I57: 19 | J57: 3600 | K57: =J57/I57 -> 189.47368 | L57: 19 | M57: =F57/V57*60 -> 3192.991 | N57: =M57/L57 -> 168.05216 | O57: =L57-I57 -> 0 | P57: =N57-K57 -> -21.421527 | Q57: =N57/K57 -> 0.88694194 | S57: 0.20069444 | T57: 0.24009259 | U57: 5.15 | V57: 56.749299 | AE57: =M57-J57 -> -407.00902 | AF57: =M57/J57 -> 0.88694194
B58: 季節調理麵 | C58: 韓式泡菜冷麵 | E58: 36.73 | F58: 3752 | G58: =E58*F58 -> 137810.96 | I58: 21 | J58: 3600 | K58: =J58/I58 -> 171.42857 | L58: 21 | M58: =F58/V58*60 -> 3194.0905 | N58: =M58/L58 -> 152.09955 | O58: =L58-I58 -> 0 | P58: =N58-K58 -> -19.329026 | Q58: =N58/K58 -> 0.88724735 | S58: 0.24375 | T58: 0.29268519 | U58: 5.2666667 | V58: 70.480158 | AE58: =M58-J58 -> -405.90954 | AF58: =M58/J58 -> 0.88724735
B59: 季節調理麵 | C59: 招牌雞絲胡麻涼麵 | E59: 43.96 | F59: 1675 | G59: =E59*F59 -> 73633 | I59: 24 | J59: 3600 | K59: =J59/I59 -> 150 | L59: 24 | M59: =F59/V59*60 -> 3270.8683 | N59: =M59/L59 -> 136.28618 | O59: =L59-I59 -> 0 | P59: =N59-K59 -> -13.71382 | Q59: =N59/K59 -> 0.90857453 | S59: 0.29583333 | T59: 0.31716435 | U59: 4.5333333 | V59: 30.725786 | AE59: =M59-J59 -> -329.13169 | AF59: =M59/J59 -> 0.90857453
B60: 季節調理麵 | C60: 日式胡麻雞絲冷麵 | E60: 46.93 | F60: 1224 | G60: =E60*F60 -> 57442.32 | I60: 24 | J60: 3600 | K60: =J60/I60 -> 150 | L60: 24 | M60: =F60/V60*60 -> 3266.3043 | N60: =M60/L60 -> 136.09601 | O60: =L60-I60 -> 0 | P60: =N60-K60 -> -13.903988 | Q60: =N60/K60 -> 0.90730675 | S60: 0.32013889 | T60: 0.33575231 | U60: 5 | V60: 22.484127 | AE60: =M60-J60 -> -333.69571 | AF60: =M60/J60 -> 0.90730675
B61: 季節調理麵 | C61: 日式蕎麥沾麵 | E61: 36.73 | F61: 4008 | G61: =E61*F61 -> 147213.84 | I61: 20 | J61: 3600 | K61: =J61/I61 -> 180 | L61: 20 | M61: =F61/V61*60 -> 3261.8967 | N61: =M61/L61 -> 163.09484 | O61: =L61-I61 -> 0 | P61: =N61-K61 -> -16.905164 | Q61: =N61/K61 -> 0.90608242 | S61: 0.33958333 | T61: 0.39077546 | U61: 5.5166667 | V61: 73.723978 | AE61: =M61-J61 -> -338.10329 | AF61: =M61/J61 -> 0.90608242
B62: 季節調理麵 | C62: 月見烏龍冷麵 | E62: 48.4 | F62: 2594 | G62: =E62*F62 -> 125549.6 | I62: 22 | J62: 3600 | K62: =J62/I62 -> 163.63636 | L62: 22 | M62: =F62/V62*60 -> 3265.1452 | N62: =M62/L62 -> 148.41569 | O62: =L62-I62 -> 0 | P62: =N62-K62 -> -15.220672 | Q62: =N62/K62 -> 0.90698478 | S62: 0.39375 | T62: 0.42685185 | U62: 5 | V62: 47.667099 | AE62: =M62-J62 -> -334.85479 | AF62: =M62/J62 -> 0.90698478
B63: 季節調理麵 | C63: 大滿足麻醬涼麵 | E63: 37.8 | F63: 2095 | G63: =E63*F63 -> 79191 | H63: 2 | I63: 21 | J63: 3600 | K63: =J63/I63 -> 171.42857 | L63: 21 | M63: =F63/V63*60 -> 3268.572 | N63: =M63/L63 -> 155.64629 | O63: =L63-I63 -> 0 | P63: =N63-K63 -> -15.782284 | Q63: =N63/K63 -> 0.90793668 | S63: 0.42986111 | T63: 0.4565625 | U63: 5 | V63: 38.457161 | W63: 0.4565625 | X63: 0.49583333 | AE63: =M63-J63 -> -331.42796 | AF63: =M63/J63 -> 0.90793668
B64: 季節調理麵 | C64: 大滿足香辣涼麵 | E64: 38.48 | F64: 6122 | G64: =E64*F64 -> 235574.56 | I64: 20 | J64: 3600 | K64: =J64/I64 -> 180 | L64: 20 | M64: =F64/V64*60 -> 3267.9641 | N64: =M64/L64 -> 163.39821 | O64: =L64-I64 -> 0 | P64: =N64-K64 -> -16.601794 | Q64: =N64/K64 -> 0.90776781 | S64: 0.49583333 | T64: 0.57388889 | U64: 56.55 | V64: 112.40025 | AE64: =M64-J64 -> -332.03588 | AF64: =M64/J64 -> 0.90776781
B65: 季節調理麵 | C65: 大滿足麻醬涼麵 | E65: 37.8 | F65: 5386 | G65: =E65*F65 -> 203590.8 | I65: 21 | J65: 3600 | K65: =J65/I65 -> 171.42857 | L65: 21 | M65: =F65/V65*60 -> 3268.572 | N65: =M65/L65 -> 155.64629 | O65: =L65-I65 -> 0 | P65: =N65-K65 -> -15.782284 | Q65: =N65/K65 -> 0.90793668 | S65: 0.57777778 | T65: 0.64643519 | U65: 5.6 | V65: 98.868863 | AE65: =M65-J65 -> -331.42796 | AF65: =M65/J65 -> 0.90793668
B72: 平均 | I72: =AVERAGE(I56:I71) -> 21.1 | J72: =AVERAGE(J56:J71) -> 3600 | K72: =J72/I72 -> 170.61611 | L72: =AVERAGE(L56:L71) -> 21.1 | M72: =AVERAGE(M56:M71) -> 3244.9473 | N72: =M72/L72 -> 153.78897 | O72: =L72-I72 -> 0 | P72: =N72-K72 -> -16.827143 | Q72: =N72/K72 -> 0.90137425 | S72: 0.16666667 | T72: 0.64643519 | Y72: =SUM(Y56:Y71) -> 0 | Z72: =SUM(Z56:Z71) -> 0 | AC72: =SUM(AC56:AC71) -> 0 | AD72: =SUM(AD56:AD71) -> 0 | AE72: =M72-J72 -> -355.05271 | AF72: =M72/J72 -> 0.90137425
A73: 自動包裝機 | B73: 4℃-壽司手卷 | C73: 醬油生鮭脆卷 | E73: 23.55 | F73: 2039 | G73: =E73*F73 -> 48018.45 | I73: 6 | J73: 2500 | K73: =J73/I73 -> 416.66667 | L73: 6 | M73: =F73/V73*60 -> 2256.5793 | N73: =M73/L73 -> 376.09656 | O73: =L73-I73 -> 0 | P73: =N73-K73 -> -40.570111 | Q73: =N73/K73 -> 0.90263173 | R73: =Q89 -> 0.85059323 | S73: 0.38125 | T73: 0.41888889 | U73: 5 | V73: 54.214801 | AE73: =M73-J73 -> -243.42067 | AF73: =M73/J73 -> 0.90263173 | AG73: =AF89 -> 0.90375531
B74: 4℃-壽司手卷 | C74: 韓式辣炒豬肉飯卷 | E74: 27.05 | F74: 722 | G74: =E74*F74 -> 19530.1 | I74: 5 | J74: 3273 | K74: =J74/I74 -> 654.6 | L74: 6 | M74: =F74/V74*60 -> 2960.66 | N74: =M74/L74 -> 493.44333 | O74: =L74-I74 -> 1 | P74: =N74-K74 -> -161.15667 | Q74: =N74/K74 -> 0.75380894 | S74: 0.42222222 | T74: 0.43237269 | U74: 4.8 | V74: 14.631873 | AE74: =M74-J74 -> -312.34002 | AF74: =M74/J74 -> 0.90457072
B75: 4℃-壽司手卷 | C75: 厚香料優格咖哩烤雞飯卷 | E75: 27.05 | F75: 953 | G75: =E75*F75 -> 25778.65 | I75: 5 | J75: 3273 | K75: =J75/I75 -> 654.6 | L75: 5 | M75: =F75/V75*60 -> 2958.1312 | N75: =M75/L75 -> 591.62624 | O75: =L75-I75 -> 0 | P75: =N75-K75 -> -62.973755 | Q75: =N75/K75 -> 0.90379811 | S75: 0.43611111 | T75: 0.44952546 | U75: 5.3833333 | V75: 19.329771 | AE75: =M75-J75 -> -314.86878 | AF75: =M75/J75 -> 0.90379811
B89: 平均 | I89: =AVERAGE(I73:I88) -> 5.3333333 | J89: =AVERAGE(J73:J88) -> 3015.3333 | K89: =J89/I89 -> 565.375 | L89: =AVERAGE(L73:L88) -> 5.6666667 | M89: =AVERAGE(M73:M88) -> 2725.1235 | N89: =M89/L89 -> 480.90415 | O89: =L89-I89 -> 0.33333333 | P89: =N89-K89 -> -84.470851 | Q89: =N89/K89 -> 0.85059323 | S89: 0.20833333 | T89: 0.44952546 | Y89: =SUM(Y73:Y88) -> 0 | Z89: =SUM(Z73:Z88) -> 0 | AC89: =SUM(AC73:AC88) -> 0 | AD89: =SUM(AD73:AD88) -> 0 | AE89: =M89-J89 -> -290.20982 | AF89: =M89/J89 -> 0.90375531
A90: 自動包裝機2 | B90: 4℃-壽司手卷 | C90: 鮪魚昆布細卷 | E90: 15.51 | F90: 2344 | G90: =E90*F90 -> 36355.44 | I90: 6 | J90: 3600 | K90: =J90/I90 -> 600 | L90: 6 | M90: =F90/V90*60 -> 3249.2331 | N90: =M90/L90 -> 541.53885 | O90: =L90-I90 -> 0 | P90: =N90-K90 -> -58.461149 | Q90: =N90/K90 -> 0.90256475 | R90: =Q106 -> 0.90270839 | S90: 0.25 | T90: 0.28005787 | V90: 43.28406 | AE90: =M90-J90 -> -350.76689 | AF90: =M90/J90 -> 0.90256475 | AG90: =AF106 -> 0.90270839
B91: 4℃-壽司手卷 | C91: 肉鬆火腿細卷 | E91: 15.01 | F91: 2411 | G91: =E91*F91 -> 36189.11 | I91: 6 | J91: 3600 | K91: =J91/I91 -> 600 | L91: 6 | M91: =F91/V91*60 -> 3250.2673 | N91: =M91/L91 -> 541.71121 | O91: =L91-I91 -> 0 | P91: =N91-K91 -> -58.288787 | Q91: =N91/K91 -> 0.90285202 | S91: 0.28402778 | T91: 0.31493056 | U91: 5.7166667 | V91: 44.507109 | AE91: =M91-J91 -> -349.73272 | AF91: =M91/J91 -> 0.90285202
B106: 平均 | I106: =AVERAGE(I90:I105) -> 6 | J106: =AVERAGE(J90:J105) -> 3600 | K106: =J106/I106 -> 600 | L106: =AVERAGE(L90:L105) -> 6 | M106: =AVERAGE(M90:M105) -> 3249.7502 | N106: =M106/L106 -> 541.62503 | O106: =L106-I106 -> 0 | P106: =N106-K106 -> -58.374968 | Q106: =N106/K106 -> 0.90270839 | S106: 0.25 | T106: 0.31493056 | Y106: =SUM(Y90:Y105) -> 0 | Z106: =SUM(Z90:Z105) -> 0 | AC106: =SUM(AC90:AC105) -> 0 | AD106: =SUM(AD90:AD105) -> 0 | AE106: =M106-J106 -> -350.24981 | AF106: =M106/J106 -> 0.90270839
A107: 便當二線 (二配) | B107: 微波主食 | C107: 二配香烤魚排青醬燉飯 | E107: 58.17 | F107: 1746 | G107: =E107*F107 -> 101564.82 | I107: 18 | J107: 2000 | K107: =J107/I107 -> 111.11111 | L107: 17 | M107: =F107/V107*60 -> 1802.8 | N107: =M107/L107 -> 106.04706 | O107: =L107-I107 -> -1 | P107: =N107-K107 -> -5.0640523 | Q107: =N107/K107 -> 0.95442353 | R107: =Q123 -> 0.94954881 | S107: 0.70833333 | T107: 0.74868056 | V107: 58.109607 | AE107: =M107-J107 -> -197.2 | AF107: =M107/J107 -> 0.9014 | AG107: =AF123 -> 0.90126667
B108: 微波主食 | C108: 二配濃起司燻腸紅醬焗烤飯 | E108: 50.67 | F108: 1652 | G108: =E108*F108 -> 83706.84 | I108: 20 | J108: 2000 | K108: =J108/I108 -> 100 | L108: 19 | M108: =F108/V108*60 -> 1802.2 | N108: =M108/L108 -> 94.852632 | O108: =L108-I108 -> -1 | P108: =N108-K108 -> -5.1473684 | Q108: =N108/K108 -> 0.94852632 | S108: 0.75277778 | T108: 0.79096065 | U108: 5.9 | V108: 54.999445 | AE108: =M108-J108 -> -197.8 | AF108: =M108/J108 -> 0.9011
B109: 微波主食 | C109: 二配西班牙風味海鮮燉飯 | E109: 57.3 | F109: 1780 | G109: =E109*F109 -> 101994 | I109: 21 | J109: 2000 | K109: =J109/I109 -> 95.238095 | L109: 20 | M109: =F109/V109*60 -> 1802.6 | N109: =M109/L109 -> 90.13 | O109: =L109-I109 -> -1 | P109: =N109-K109 -> -5.1080952 | Q109: =N109/K109 -> 0.946365 | S109: 0.79375 | T109: 0.83488426 | U109: 5 | V109: 59.247753 | AE109: =M109-J109 -> -197.4 | AF109: =M109/J109 -> 0.9013
B123: 平均 | I123: =AVERAGE(I107:I122) -> 19.666667 | J123: =AVERAGE(J107:J122) -> 2000 | K123: =J123/I123 -> 101.69492 | L123: =AVERAGE(L107:L122) -> 18.666667 | M123: =AVERAGE(M107:M122) -> 1802.5333 | N123: =M123/L123 -> 96.564286 | O123: =L123-I123 -> -1 | P123: =N123-K123 -> -5.1306295 | Q123: =N123/K123 -> 0.94954881 | S123: 0.70833333 | T123: 0.83488426 | Y123: =SUM(Y107:Y122) -> 0 | Z123: =SUM(Z107:Z122) -> 0 | AC123: =SUM(AC107:AC122) -> 0 | AD123: =SUM(AD107:AD122) -> 0 | AE123: =M123-J123 -> -197.46667 | AF123: =M123/J123 -> 0.90126667
A124: 涼麵一線 (二配) | B124: 微波主食 | C124: 二配哞哞培根奶香海陸焗飯 | E124: 47.6 | F124: 2061 | G124: =E124*F124 -> 98103.6 | I124: 23 | J124: 2000 | K124: =J124/I124 -> 86.956522 | L124: 23 | M124: =F124/V124*60 -> 1805.0015 | N124: =M124/L124 -> 78.478325 | O124: =L124-I124 -> 0 | P124: =N124-K124 -> -8.4781971 | Q124: =N124/K124 -> 0.90250073 | R124: =Q140 -> 0.90198516 | S124: 0.70833333 | T124: 0.75590278 | V124: 68.50964 | AE124: =M124-J124 -> -194.99853 | AF124: =M124/J124 -> 0.90250073 | AG124: =AF140 -> 0.90198516
B125: 微波主食 | C125: 二配黃金雞排蘑菇白醬歐姆蛋飯 | E125: 56.87 | F125: 1702 | G125: =E125*F125 -> 96792.74 | I125: 23 | J125: 2000 | K125: =J125/I125 -> 86.956522 | L125: 23 | M125: =F125/V125*60 -> 1803.8791 | N125: =M125/L125 -> 78.429526 | O125: =L125-I125 -> 0 | P125: =N125-K125 -> -8.5269952 | Q125: =N125/K125 -> 0.90193955 | S125: 0.75902778 | T125: 0.79833333 | U125: 5 | V125: 56.611332 | AE125: =M125-J125 -> -196.12089 | AF125: =M125/J125 -> 0.90193955
B126: 微波主食 | C126: 二配里肌豬排可可咖哩歐姆蛋飯 | E126: 56.79 | F126: 2326 | G126: =E126*F126 -> 132093.54 | I126: 23 | J126: 2000 | K126: =J126/I126 -> 86.956522 | L126: 23 | M126: =F126/V126*60 -> 1803.0304 | N126: =M126/L126 -> 78.392624 | O126: =L126-I126 -> 0 | P126: =N126-K126 -> -8.5638975 | Q126: =N126/K126 -> 0.90151518 | S126: 0.80208333 | T126: 0.85583333 | U126: 5.4 | V126: 77.403023 | AE126: =M126-J126 -> -196.96964 | AF126: =M126/J126 -> 0.90151518
B140: 平均 | I140: =AVERAGE(I124:I139) -> 23 | J140: =AVERAGE(J124:J139) -> 2000 | K140: =J140/I140 -> 86.956522 | L140: =AVERAGE(L124:L139) -> 23 | M140: =AVERAGE(M124:M139) -> 1803.9703 | N140: =M140/L140 -> 78.433492 | O140: =L140-I140 -> 0 | P140: =N140-K140 -> -8.5230299 | Q140: =N140/K140 -> 0.90198516 | S140: 0.70833333 | T140: 0.85583333 | Y140: =SUM(Y124:Y139) -> 0 | Z140: =SUM(Z124:Z139) -> 0 | AC140: =SUM(AC124:AC139) -> 0 | AD140: =SUM(AD124:AD139) -> 0 | AE140: =M140-J140 -> -196.02969 | AF140: =M140/J140 -> 0.90198516
AA142: 原因回覆
AA143: 1.當日出勤人數較多
AA144: 2.當日出勤人數較少
AA145: 3.當日出勤熟手較多
AA146: 4.當日出勤新人較多
AA147: 5.機台夾盒
AA148: 6.封膜不順
AA149: 7.更換膠膜
AA150: 8.更換碳帶
AA151: 9.當日熱轉印碳帶異常
AA152: 10.訂單量過少
AA153: 11.新品上市，尚未熟悉
AA154: 12.活動期間品項需貼標

Sheet 0808
B1: 屏榮 大溪廠組合室生產人時性分析
B3: 日期 | C3: 115.08.08星期六 | E3: 訂單量 | F3: ='0808(18度C)'!D1+'0808(4度C)'!D1 -> 168530 | H3: 營業額 | I3: ='0808(18度C)'!F1+'0808(4度C)'!F1 -> 5207710
B4: 人時性 | C4: 項目 | E4: ➀ | G4: ➁ | I4: ➂ | K4: ④ | M4: ⑤ | O4: 異常停線 | Q4: 短暫停線
C5: 組合室 | E5: 全溫層 | G5: 4度C-各編組展開(一配) | I5: 4度C-各編組展開(二配) | K5: 18度C-各編組展開(一配) | M5: 18度C-各編組展開(二配) | O5: 合計次數 | P5: 時間 | Q5: 合計次數 | R5: 設備次數
C6: 排關平均 | E6: =AVERAGE(D14:O14,D32:X32) -> 494.88872 | F6: =AVERAGE(#REF!,D14:K14) -> #REF! | G6: =AVERAGE(D14:K14) -> 271.34189 | I6: =AVERAGE(L14:O14) -> 94.325718 | K6: =AVERAGE(D32:O32) -> 737.95063 | M6: =AVERAGE(P32:X32) -> 787.42857 | O6: ='0808(4度C)'!Y2 -> 0 | P6: ='0808(4度C)'!Z2 -> 0 | Q6: ='0808(4度C)'!AC2 -> 0 | R6: ='0808(4度C)'!AD2 -> 0
C7: 實績平均 | E7: =AVERAGE(D15:O15,D33:X33) -> 444.63999 | F7: =AVERAGE(#REF!,D15:K15) -> #REF! | G7: =AVERAGE(D15:K15) -> 239.97102 | I7: =AVERAGE(L15:O15) -> 87.481601 | K7: =AVERAGE(D33:O33) -> 664.57589 | M7: =AVERAGE(P33:X33) -> 710.28674
C8: 達成率平均 | E8: =AVERAGE(D16:O16,D34:X34) -> 0.90036809 | F8: =AVERAGE(D16:K16,#REF!) -> #REF! | G8: =AVERAGE(D16:K16) -> 0.89333184 | I8: =AVERAGE(L16:O16) -> 0.92558008 | K8: =AVERAGE(D34:O34) -> 0.89725621 | M8: =AVERAGE(P34:X34) -> 0.90142834
O9: ※現行日本鮮食廠以達成率80%為基本(即為現行KPI)
B11: 溫層 | D11: ➁4度C-各編組展開 | L11: ➂4度C-各編組展開
B12: 編組 | D12: 1 | E12: 2 | F12: 3 | G12: 4 | H12: 5 | I12: 6 | J12: 7 | K12: 8 | L12: 1 | M12: 2 | N12: 3 | O12: 4
D13: 便當一線 | E13: 便當二線 | F13: 涼麵一線 | G13: 涼麵二線 | H13: 涼麵三線 | I13: 自動包裝機 | J13: 自動包裝機2 | K13: 自動包裝機3 | L13: 便當一線 | M13: 便當二線 | N13: 涼麵一線 | O13: 涼麵二線
B14: 人時性 | C14: 排關 | D14: - | E14: 83.72093 | F14: 117.52 | G14: 90.909091 | H14: 170.52632 | I14: 565.375 | J14: 600 | K14: - | L14: - | M14: 101.69492 | N14: 86.956522 | O14: -
C15: 實績 | D15: - | E15: 75.498768 | F15: 106.08939 | G15: 81.928406 | H15: 153.57422 | I15: 481.08197 | J15: 541.65337 | K15: - | L15: - | M15: 96.55 | N15: 78.413202 | O15: -
C16: 達成率 | D16: - | E16: =E15/E14 -> 0.90179085 | F16: =F15/F14 -> 0.9027348 | G16: =G15/G14 -> 0.90121246 | H16: =H15/H14 -> 0.90058953 | I16: =I15/I14 -> 0.85090776 | J16: =J15/J14 -> 0.90275562 | K16: - | L16: - | M16: =M15/M14 -> 0.94940833 | N16: =N15/N14 -> 0.90175182 | O16: -
B17: 作業 時間 | C17: 開始 | D17: - | E17: 0.20833333 | F17: 0.20833333 | G17: 0.20833333 | H17: 0.20833333 | I17: 0.20833333 | J17: 0.25 | K17: - | L17: - | M17: 0.70833333 | N17: 0.70833333 | O17: -
C18: 結束 | D18: - | E18: 0.57769676 | F18: 0.50924769 | G18: 0.55949074 | H18: 0.62956019 | I18: 0.390625 | J18: 0.29896991 | K18: - | L18: - | M18: 0.81306713 | N18: 0.8406713 | O18: -
B19: 產線異常 (5分鐘以上) | C19: 次數
C20: 時間/分
B21: 短暫停線 (5分鐘以下) | C21: 次數
C22: 設備次數
B23: 配置人數 | D23: - | E23: 21.5 | F23: 18 | G23: 22 | H23: 21.111111 | I23: 5.6666667 | J23: 6 | K23: - | L23: - | M23: 18.666667 | N23: 23 | O23: -
B24: 主要應用設備 | D24: L型封口機 | E24: ET-55 | F24: ET-55 | G24: ET-55 | H24: ET-600 | I24: 伺服包裝機 | J24: 伺服包裝機 | K24: 伺服包裝機 | L24: L型封口機 | M24: ET-55 | N24: ET-55 | O24: ET-55
B25: 次要應用設備 | D25: 伺服包裝機 | H25: 伺服包裝機
B26: 備註 | H26: 涼麵+烤飯糰 | I26: 大口飯糰線 | K26: 烤飯糰+手卷
B29: 溫層 | D29: ➃18度C-各編組展開 (一配) | P29: ⑤18度C-各編組展開 (二配)
B30: 編組 | D30: 1 | E30: 2 | F30: 3 | G30: 4 | H30: 5 | I30: 6 | J30: 7 | K30: 8 | L30: 9 | M30: 10 | N30: 11 | O30: 12 | P30: 1 | Q30: 2 | R30: 3 | S30: 4 | T30: 5 | U30: 6 | V30: 7 | W30: 8 | X30: 9
D31: 便當一線 | E31: 涼麵一線 | F31: 涼麵三線 | G31: 自動包裝機 | H31: 自動包裝機2 | I31: 自動包裝機3 | J31: 味付飯糰線B | K31: (舊) 3300型飯糰線 | L31: 3000型飯糰線 | M31: (新) 3300型飯糰機 | N31: GKK3600型 飯糰機 | O31: GKK3600型 飯糰機2 | P31: 自動包裝機 | Q31: 自動包裝機2 | R31: 自動包裝機3 | S31: 味付飯糰線B | T31: (舊) 3300型飯糰線 | U31: 3000型飯糰線 | V31: (新) 3300型飯糰機 | W31: GKK3600型 飯糰機 | X31: GKK3600型 飯糰機2
B32: 人時性 | C32: 排關 | D32: - | E32: - | F32: - | G32: 327.27273 | H32: - | I32: - | J32: - | K32: - | L32: - | M32: 825 | N32: 940.90909 | O32: 858.62069 | P32: 490.90909 | Q32: - | R32: - | S32: - | T32: - | U32: - | V32: 709.09091 | W32: 1085.7143 | X32: 864
C33: 實績 | D33: - | E33: - | F33: - | G33: 287.45051 | H33: - | I33: - | J33: - | K33: - | L33: - | M33: 753.63135 | N33: 847.26824 | O33: 769.95347 | P33: 438.60823 | Q33: - | R33: - | S33: - | T33: - | U33: - | V33: 647.6758 | W33: 982.54065 | X33: 772.32228
C34: 達成率 | D34: - | E34: - | F34: - | G34: =G33/G32 -> 0.87832102 | H34: - | I34: - | J34: - | K34: - | L34: - | M34: =M33/M32 -> 0.91349255 | N34: =N33/N32 -> 0.90047832 | O34: =O33/O32 -> 0.89673296 | P34: =P33/P32 -> 0.89346121 | Q34: - | R34: - | S34: - | T34: - | U34: - | V34: =V33/V32 -> 0.91338895 | W34: =W33/W32 -> 0.90497165 | X34: =X33/X32 -> 0.89389153
B35: 作業 時間 | C35: 開始 | D35: - | E35: - | F35: - | G35: 0.20833333 | H35: - | I35: - | J35: - | K35: - | L35: - | M35: 0.31736111 | N35: 0.25 | O35: 0.25 | P35: 0.70833333 | Q35: - | R35: - | S35: - | T35: - | U35: - | V35: 0.70833333 | W35: 0.73055556 | X35: 0.74097222
C36: 結束 | D36: - | E36: - | F36: - | G36: 0.390625 | H36: - | I36: - | J36: - | K36: - | L36: - | M36: 0.38664352 | N36: 0.46381944 | O36: 0.4646875 | P36: 0.7547338 | Q36: - | R36: - | S36: - | T36: - | U36: - | V36: 0.86158565 | W36: 1.0797801 | X36: 1.0942245
B37: 配置人數 | D37: - | E37: - | F37: - | G37: 11 | H37: - | I37: - | J37: - | K37: - | L37: - | M37: 4 | N37: 3.6666667 | O37: 4.1428571 | P37: 7.3333333 | Q37: - | R37: - | S37: - | T37: - | U37: - | V37: 4.4 | W37: 3 | X37: 4.1666667
B38: 主要應用設備 | D38: 伺服包裝機 | E38: ET-55 | F38: ET-600 | G38: 夾心型 | H38: 伺服包裝機 | I38: 伺服包裝機 | J38: 夾心型 | K38: 3300型 | L38: 3300型 | M38: 3300型 | N38: GKK | O38: GKK | P38: 夾心型 | Q38: 伺服包裝機 | R38: 伺服包裝機 | S38: 夾心型 | T38: 3300型 | U38: 3300型 | V38: 3300型 | W38: GKK | X38: GKK
B39: 次要應用設備
B40: 備註

Sheet 0808(18度C)
A1: 大溪廠日報分析 | C1: 總生產量 | D1: =SUM(F5:F140) -> 89110 | E1: 營業額 | F1: =SUM(G5:G140) -> 1747150.3 | G1: 出勤人數 | H1: =L21+L38+L55+L72+L89+L106+L123+L140 -> 41.709524 | I1: 產線配置圖 | L1: 生產實績 | O1: 人時性差異分析 | S1: 日報登錄 | Y1: 分析說明 | AA1: 產能差異分析
A2: 46242 | C2: 人時性 | D2: =AVERAGE(N21,N38,N55,N72,N89,N106,N123,N140) -> 687.43132 | E2: 平均廠價 | F2: =F1/D1 -> 19.60667 | G2: 多次生產數 | H2: =COUNT(H5:H140) -> 9
A3: 線別 | B3: 品類 | C3: 品名 | E3: 廠價 | F3: 生產量 | G3: 營收 | H3: 多次 生產 | I3: 人數 | J3: 產能/時 | K3: 人時性 | L3: 人數 | M3: 產能/時 | N3: 人時性 | O3: 人數 | P3: 人時性 | Q3: 達成率 | R3: 達成率 平均 | S3: 生產時間 | U3: 換線、休息/分 | V3: 稼動時間/分 | W3: 休息時間 | Y3: (屏榮回填) | AA3: 產能/時 | AB3: 達成率 | AC3: 達成率平均
S4: 開始 | T4: 結束 | W4: 開始 | X4: 結束
A5: 自動包裝機 | B5: 18℃-壽司手卷 | C5: 一配長野稻荷壽司 | E5: 25.64 | F5: 1435 | G5: =E5*F5 -> 36793.4 | I5: 10 | J5: 3600 | K5: =J5/I5 -> 360 | L5: 10 | M5: =F5/V5*60 -> 3216.8896 | N5: =M5/L5 -> 321.68896 | O5: =L5-I5 -> 0 | P5: =N5-K5 -> -38.311045 | Q5: =N5/K5 -> 0.89358043 | R5: =Q21 -> 0.87832102 | S5: 0.20833333 | T5: 0.22690972 | V5: 26.764985 | AA5: =M5-J5 -> -383.11045 | AB5: =M5/J5 -> 0.89358043 | AC5: =AB21 -> 0.87832102
B6: 18℃-壽司手卷 | C6: 一配經典人氣雙手卷 | E6: 29.52 | F6: 2126 | G6: =E6*F6 -> 62759.52 | I6: 11 | J6: 3600 | K6: =J6/I6 -> 327.27273 | L6: 11 | M6: =F6/V6*60 -> 3157.1833 | N6: =M6/L6 -> 287.01667 | O6: =L6-I6 -> 0 | P6: =N6-K6 -> -40.25606 | Q6: =N6/K6 -> 0.87699537 | S6: 0.22986111 | T6: 0.25791667 | U6: 5 | V6: 40.403102 | AA6: =M6-J6 -> -442.81666 | AB6: =M6/J6 -> 0.87699537
B7: 18℃-壽司手卷 | C7: 一配鮭鮪海饌雙手卷 | E7: 29.85 | F7: 2441 | G7: =E7*F7 -> 72863.85 | I7: 11 | J7: 3600 | K7: =J7/I7 -> 327.27273 | L7: 11 | M7: =F7/V7*60 -> 3157.2919 | N7: =M7/L7 -> 287.02654 | O7: =L7-I7 -> 0 | P7: =N7-K7 -> -40.24619 | Q7: =N7/K7 -> 0.87702553 | S7: 0.26180556 | T7: 0.2940162 | U7: 5.6 | V7: 46.387855 | AA7: =M7-J7 -> -442.70809 | AB7: =M7/J7 -> 0.87702553
B8: 18℃-壽司手卷 | C8: 一配青木瓜雞絲泰泰雙手卷 | E8: 30 | F8: 1384 | G8: =E8*F8 -> 41520 | I8: 11 | J8: 3600 | K8: =J8/I8 -> 327.27273 | L8: 11 | M8: =F8/V8*60 -> 3156.5912 | N8: =M8/L8 -> 286.96283 | O8: =L8-I8 -> 0 | P8: =N8-K8 -> -40.309893 | Q8: =N8/K8 -> 0.87683088 | S8: 0.29791667 | T8: 0.31618056 | U8: 5.6166667 | V8: 26.306859 | AA8: =M8-J8 -> -443.40883 | AB8: =M8/J8 -> 0.87683088
B9: 18℃-飯糰 | C9: 一配兩粒飯糰(鮪魚.焦糖鮭魚) | E9: 28.57 | F9: 1088 | G9: =E9*F9 -> 31084.16 | I9: 12 | J9: 3600 | K9: =J9/I9 -> 300 | L9: 12 | M9: =F9/V9*60 -> 3121.8223 | N9: =M9/L9 -> 260.15186 | O9: =L9-I9 -> 0 | P9: =N9-K9 -> -39.848141 | Q9: =N9/K9 -> 0.86717286 | S9: 0.32013889 | T9: 0.33465278 | U9: 5.7 | V9: 20.910863 | AA9: =M9-J9 -> -478.17769 | AB9: =M9/J9 -> 0.86717286
B21: 平均 | I21: =AVERAGE(I5:I20) -> 11 | J21: =AVERAGE(J5:J20) -> 3600 | K21: =J21/I21 -> 327.27273 | L21: =AVERAGE(L5:L20) -> 11 | M21: =AVERAGE(M5:M20) -> 3161.9557 | N21: =M21/L21 -> 287.45051 | O21: =L21-I21 -> 0 | P21: =N21-K21 -> -39.822213 | Q21: =N21/K21 -> 0.87832102 | S21: 0.20833333 | T21: 0.390625 | AA21: =M21-J21 -> -438.04434 | AB21: =M21/J21 -> 0.87832102
A22: (新) 3300型飯糰機 | B22: 18℃-飯糰 | C22: 一配鮭魚奶油醬油飯糰 | E22: 18.53 | F22: 1819 | G22: =E22*F22 -> 33706.07 | I22: 3 | J22: 3300 | K22: =J22/I22 -> 1100 | L22: 3 | M22: =F22/V22*60 -> 3013.0934 | N22: =M22/L22 -> 1004.3645 | O22: =L22-I22 -> 0 | P22: =N22-K22 -> -95.63552 | Q22: =N22/K22 -> 0.91305862 | R22: =Q38 -> 0.91349255 | S22: 0.31736111 | T22: 0.34251157 | V22: 36.22191 | AA22: =M22-J22 -> -286.90656 | AB22: =M22/J22 -> 0.91305862 | AC22: =AB38 -> 0.91349255
B23: 18℃-飯糰 | C23: 一配壹號醬炙烤牛飯糰 | E23: 22.28 | F23: 533 | G23: =E23*F23 -> 11875.24 | I23: 5 | J23: 3300 | K23: =J23/I23 -> 660 | L23: 5 | M23: =F23/V23*60 -> 3016.3698 | N23: =M23/L23 -> 603.27396 | O23: =L23-I23 -> 0 | P23: =N23-K23 -> -56.726039 | Q23: =N23/K23 -> 0.91405146 | S23: 0.34583333 | T23: 0.35319444 | U23: 4.7833333 | V23: 10.602148 | AA23: =M23-J23 -> -283.63019 | AB23: =M23/J23 -> 0.91405146
B24: 18℃-飯糰 | C24: 一配鹽蔥燒肉飯糰 | E24: 17.89 | F24: 2149 | G24: =E24*F24 -> 38445.61 | I24: 4 | J24: 3300 | K24: =J24/I24 -> 825 | L24: 4 | M24: =F24/V24*60 -> 3014.113 | N24: =M24/L24 -> 753.52824 | O24: =L24-I24 -> 0 | P24: =N24-K24 -> -71.471761 | Q24: =N24/K24 -> 0.91336756 | S24: 0.35694444 | T24: 0.38664352 | U24: 5.4 | V24: 42.778755 | AA24: =M24-J24 -> -285.88704 | AB24: =M24/J24 -> 0.91336756
B38: 平均 | I38: =AVERAGE(I22:I37) -> 4 | J38: =AVERAGE(J22:J37) -> 3300 | K38: =J38/I38 -> 825 | L38: =AVERAGE(L22:L37) -> 4 | M38: =AVERAGE(M22:M37) -> 3014.5254 | N38: =M38/L38 -> 753.63135 | O38: =L38-I38 -> 0 | P38: =N38-K38 -> -71.36865 | Q38: =N38/K38 -> 0.91349255 | S38: 0.31736111 | T38: 0.38664352 | AA38: =M38-J38 -> -285.4746 | AB38: =M38/J38 -> 0.91349255
A39: GKK3600型 飯糰機 | B39: 18℃-飯糰 | C39: 一配熟成紅鮭飯糰 | E39: 25.03 | F39: 572 | G39: =E39*F39 -> 14317.16 | I39: 5 | J39: 3600 | K39: =J39/I39 -> 720 | L39: 5 | M39: =F39/V39*60 -> 3219.9496 | N39: =M39/L39 -> 643.98991 | O39: =L39-I39 -> 0 | P39: =N39-K39 -> -76.01009 | Q39: =N39/K39 -> 0.89443043 | R39: =Q55 -> 0.90047832 | S39: 0.25 | T39: 0.25739583 | V39: 10.658552 | AA39: =M39-J39 -> -380.05045 | AB39: =M39/J39 -> 0.89443043 | AC39: =AB55 -> 0.90047832
B40: 18℃-飯糰 | C40: 一配蔬食鮪魚飯糰 | E40: 18.18 | F40: 812 | G40: =E40*F40 -> 14762.16 | I40: 3 | J40: 3600 | K40: =J40/I40 -> 1200 | L40: 3 | M40: =F40/V40*60 -> 3218.1618 | N40: =M40/L40 -> 1072.7206 | O40: =L40-I40 -> 0 | P40: =N40-K40 -> -127.2794 | Q40: =N40/K40 -> 0.89393384 | S40: 0.26736111 | T40: 0.27787037 | U40: 15 | V40: 15.139077 | AA40: =M40-J40 -> -381.83819 | AB40: =M40/J40 -> 0.89393384
B41: 18℃-飯糰 | C41: 一配北海道秋鮭親子飯糰 | E41: 24.82 | F41: 855 | G41: =E41*F41 -> 21221.1 | I41: 5 | J41: 3600 | K41: =J41/I41 -> 720 | L41: 5 | M41: =F41/V41*60 -> 3220.7202 | N41: =M41/L41 -> 644.14403 | O41: =L41-I41 -> 0 | P41: =N41-K41 -> -75.855968 | Q41: =N41/K41 -> 0.89464449 | S41: 0.28819444 | T41: 0.29924769 | U41: 14.866667 | V41: 15.928115 | AA41: =M41-J41 -> -379.27984 | AB41: =M41/J41 -> 0.89464449
B42: 18℃-飯糰 | C42: 一配黑胡椒洋蔥豬飯糰 | E42: 17.07 | F42: 1432 | G42: =E42*F42 -> 24444.24 | I42: 3 | J42: 3300 | K42: =J42/I42 -> 1100 | L42: 3 | M42: =F42/V42*60 -> 3019.7684 | N42: =M42/L42 -> 1006.5895 | O42: =L42-I42 -> 0 | P42: =N42-K42 -> -93.410545 | Q42: =N42/K42 -> 0.91508132 | S42: 0.30902778 | T42: 0.32878472 | U42: 15 | V42: 28.452513 | AA42: =M42-J42 -> -280.23164 | AB42: =M42/J42 -> 0.91508132
B43: 18℃-飯糰 | C43: 一配經典肉鬆飯糰 | E43: 14.03 | F43: 3505 | G43: =E43*F43 -> 49175.15 | I43: 3 | J43: 3000 | K43: =J43/I43 -> 1000 | L43: 3 | M43: =F43/V43*60 -> 2743.7161 | N43: =M43/L43 -> 914.57204 | O43: =L43-I43 -> 0 | P43: =N43-K43 -> -85.427962 | Q43: =N43/K43 -> 0.91457204 | S43: 0.33888889 | T43: 0.39210648 | U43: 14.55 | V43: 76.647871 | AA43: =M43-J43 -> -256.28389 | AB43: =M43/J43 -> 0.91457204
B44: 18℃-飯糰 | C44: 一配鮪魚飯糰 | E44: 14.28 | F44: 4768 | G44: =E44*F44 -> 68087.04 | I44: 3 | J44: 3600 | K44: =J44/I44 -> 1200 | L44: 3 | M44: =F44/V44*60 -> 3217.5852 | N44: =M44/L44 -> 1072.5284 | O44: =L44-I44 -> 0 | P44: =N44-K44 -> -127.47159 | Q44: =N44/K44 -> 0.89377368 | S44: 0.40208333 | T44: 0.46381944 | U44: 15 | V44: 88.911398 | AA44: =M44-J44 -> -382.41476 | AB44: =M44/J44 -> 0.89377368
B55: 平均 | I55: =AVERAGE(I39:I54) -> 3.6666667 | J55: =AVERAGE(J39:J54) -> 3450 | K55: =J55/I55 -> 940.90909 | L55: =AVERAGE(L39:L54) -> 3.6666667 | M55: =AVERAGE(M39:M54) -> 3106.6502 | N55: =M55/L55 -> 847.26824 | O55: =L55-I55 -> 0 | P55: =N55-K55 -> -93.640853 | Q55: =N55/K55 -> 0.90047832 | S55: 0.25 | T55: 0.46381944 | AA55: =M55-J55 -> -343.34979 | AB55: =M55/J55 -> 0.90047832
A56: GKK3600型 飯糰機2 | B56: 18℃-飯糰 | C56: 一配椒鹽檸檬鯖魚飯糰 | E56: 20.72 | F56: 956 | G56: =E56*F56 -> 19808.32 | I56: 3 | J56: 3600 | K56: =J56/I56 -> 1200 | L56: 3 | M56: =F56/V56*60 -> 3218.7184 | N56: =M56/L56 -> 1072.9061 | O56: =L56-I56 -> 0 | P56: =N56-K56 -> -127.09388 | Q56: =N56/K56 -> 0.89408843 | R56: =Q72 -> 0.89673296 | S56: 0.25 | T56: 0.26237269 | V56: 17.820758 | AA56: =M56-J56 -> -381.28164 | AB56: =M56/J56 -> 0.89408843 | AC56: =AB72 -> 0.89673296
B57: 18℃-飯糰 | C57: 一配柚檸海灣貝飯糰 | E57: 23.72 | F57: 350 | G57: =E57*F57 -> 8302 | I57: 5 | J57: 3600 | K57: =J57/I57 -> 720 | L57: 5 | M57: =F57/V57*60 -> 3217.5111 | N57: =M57/L57 -> 643.50223 | O57: =L57-I57 -> 0 | P57: =N57-K57 -> -76.49777 | Q57: =N57/K57 -> 0.8937531 | S57: 0.27222222 | T57: 0.27674769 | U57: 15 | V57: 6.5267839 | AA57: =M57-J57 -> -382.48885 | AB57: =M57/J57 -> 0.8937531
B58: 18℃-飯糰 | C58: 一配贅沢鮭魚肚飯糰 | E58: 30 | F58: 1336 | G58: =E58*F58 -> 40080 | I58: 4 | J58: 3600 | K58: =J58/I58 -> 900 | L58: 4 | M58: =F58/V58*60 -> 3221.0707 | N58: =M58/L58 -> 805.26767 | O58: =L58-I58 -> 0 | P58: =N58-K58 -> -94.732331 | Q58: =N58/K58 -> 0.89474185 | S58: 0.28680556 | T58: 0.30408565 | U58: 15 | V58: 24.886135 | AA58: =M58-J58 -> -378.92933 | AB58: =M58/J58 -> 0.89474185
B59: 18℃-飯糰 | C59: 一配筋子銀鮭飯糰 | E59: 30 | F59: 1438 | G59: =E59*F59 -> 43140 | I59: 4 | J59: 3300 | K59: =J59/I59 -> 825 | L59: 4 | M59: =F59/V59*60 -> 3020.0709 | N59: =M59/L59 -> 755.01773 | O59: =L59-I59 -> 0 | P59: =N59-K59 -> -69.982275 | Q59: =N59/K59 -> 0.915173 | S59: 0.31388889 | T59: 0.33372685 | U59: 15 | V59: 28.568866 | AA59: =M59-J59 -> -279.9291 | AB59: =M59/J59 -> 0.915173
B60: 18℃-飯糰 | C60: 一配鹽蔥生鮭飯糰 | E60: 27.48 | F60: 2255 | G60: =E60*F60 -> 61967.4 | I60: 5 | J60: 3600 | K60: =J60/I60 -> 720 | L60: 5 | M60: =F60/V60*60 -> 3220.2059 | N60: =M60/L60 -> 644.04118 | O60: =L60-I60 -> 0 | P60: =N60-K60 -> -75.958825 | Q60: =N60/K60 -> 0.89450163 | S60: 0.34375 | T60: 0.37291667 | U60: 15 | V60: 42.015947 | AA60: =M60-J60 -> -379.79412 | AB60: =M60/J60 -> 0.89450163
B61: 18℃-飯糰 | C61: 一配明太子龍蝦風味沙拉飯糰 | E61: 18.18 | F61: 1525 | G61: =E61*F61 -> 27724.5 | I61: 3 | J61: 3600 | K61: =J61/I61 -> 1200 | L61: 3 | M61: =F61/V61*60 -> 3215.8863 | N61: =M61/L61 -> 1071.9621 | O61: =L61-I61 -> 0 | P61: =N61-K61 -> -128.03791 | Q61: =N61/K61 -> 0.89330174 | S61: 0.38333333 | T61: 0.40309028 | U61: 15 | V61: 28.452499 | AA61: =M61-J61 -> -384.11372 | AB61: =M61/J61 -> 0.89330174
B62: 18℃-飯糰 | C62: 一配雞肉飯飯糰 | E62: 16.66 | F62: 3974 | G62: =E62*F62 -> 66206.84 | I62: 5 | J62: 3600 | K62: =J62/I62 -> 720 | L62: 5 | M62: =F62/V62*60 -> 3215.1874 | N62: =M62/L62 -> 643.03747 | O62: =L62-I62 -> 0 | P62: =N62-K62 -> -76.962527 | Q62: =N62/K62 -> 0.8931076 | S62: 0.41319444 | T62: 0.4646875 | U62: 14.55 | V62: 74.16053 | AA62: =M62-J62 -> -384.81263 | AB62: =M62/J62 -> 0.8931076
B72: 平均 | I72: =AVERAGE(I56:I71) -> 4.1428571 | J72: =AVERAGE(J56:J71) -> 3557.1429 | K72: =J72/I72 -> 858.62069 | L72: =AVERAGE(L56:L71) -> 4.1428571 | M72: =AVERAGE(M56:M71) -> 3189.8072 | N72: =M72/L72 -> 769.95347 | O72: =L72-I72 -> 0 | P72: =N72-K72 -> -88.66722 | Q72: =N72/K72 -> 0.89673296 | S72: 0.25 | T72: 0.4646875 | AA72: =M72-J72 -> -367.33563 | AB72: =M72/J72 -> 0.89673296
A73: 自動包裝機 (二配) | B73: 18℃-飯糰 | C73: 二配兩粒飯糰(鮪魚.焦糖鮭魚) | E73: 28.57 | F73: 1468 | G73: =E73*F73 -> 41940.76 | I73: 12 | J73: 3600 | K73: =J73/I73 -> 300 | L73: 12 | M73: =F73/V73*60 -> 3120.179 | N73: =M73/L73 -> 260.01492 | O73: =L73-I73 -> 0 | P73: =N73-K73 -> -39.985083 | Q73: =N73/K73 -> 0.86671639 | R73: =Q89 -> 0.89346121 | S73: 0.70833333 | T73: 0.72792824 | V73: 28.22915 | AA73: =M73-J73 -> -479.821 | AB73: =M73/J73 -> 0.86671639 | AC73: =AB89 -> 0.89346121
B74: 18℃-飯糰 | C74: 二配柚香雞胸五穀飯糰 | E74: 17.71 | F74: 514 | G74: =E74*F74 -> 9102.94 | I74: 5 | J74: 3600 | K74: =J74/I74 -> 720 | L74: 5 | M74: =F74/V74*60 -> 3265.7323 | N74: =M74/L74 -> 653.14646 | O74: =L74-I74 -> 0 | P74: =N74-K74 -> -66.853537 | Q74: =N74/K74 -> 0.90714786 | S74: 0.73125 | T74: 0.73780093 | U74: 4.7833333 | V74: 9.4435174 | AA74: =M74-J74 -> -334.26769 | AB74: =M74/J74 -> 0.90714786
B75: 18℃-飯糰 | C75: 二配鮭魚毛豆炊飯飯糰 | E75: 18.92 | F75: 1078 | G75: =E75*F75 -> 20395.76 | I75: 5 | J75: 3600 | K75: =J75/I75 -> 720 | L75: 5 | M75: =F75/V75*60 -> 3263.4698 | N75: =M75/L75 -> 652.69395 | O75: =L75-I75 -> 0 | P75: =N75-K75 -> -67.306047 | Q75: =N75/K75 -> 0.90651938 | S75: 0.74097222 | T75: 0.7547338 | U75: 4.5666667 | V75: 19.819396 | AA75: =M75-J75 -> -336.53023 | AB75: =M75/J75 -> 0.90651938
B89: 平均 | I89: =AVERAGE(I73:I88) -> 7.3333333 | J89: =AVERAGE(J73:J88) -> 3600 | K89: =J89/I89 -> 490.90909 | L89: =AVERAGE(L73:L88) -> 7.3333333 | M89: =AVERAGE(M73:M88) -> 3216.4604 | N89: =M89/L89 -> 438.60823 | O89: =L89-I89 -> 0 | P89: =N89-K89 -> -52.30086 | Q89: =N89/K89 -> 0.89346121 | S89: 0.70833333 | T89: 0.7547338 | AA89: =M89-J89 -> -383.53964 | AB89: =M89/J89 -> 0.89346121
A90: (新) 3300型飯糰機 (二配) | B90: 18℃-飯糰 | C90: 二配大飯糰乾燒風味鮮蝦 | E90: 23.27 | F90: 456 | G90: =E90*F90 -> 10611.12 | I90: 5 | J90: 3000 | K90: =J90/I90 -> 600 | L90: 5 | M90: =F90/V90*60 -> 2740.8771 | N90: =M90/L90 -> 548.17543 | O90: =L90-I90 -> 0 | P90: =N90-K90 -> -51.824572 | Q90: =N90/K90 -> 0.91362571 | R90: =Q106 -> 0.91338895 | S90: 0.70833333 | T90: 0.71525463 | V90: 9.9822059 | AA90: =M90-J90 -> -259.12286 | AB90: =M90/J90 -> 0.91362571 | AC90: =AB106 -> 0.91338895
B91: 18℃-飯糰 | C91: 二配大飯糰韓式蒜烤豬五花 | E91: 24.54 | F91: 1305 | G91: =E91*F91 -> 32024.7 | I91: 4 | J91: 3000 | K91: =J91/I91 -> 750 | L91: 4 | M91: =F91/V91*60 -> 2740.8099 | N91: =M91/L91 -> 685.20248 | O91: =L91-I91 -> 0 | P91: =N91-K91 -> -64.797523 | Q91: =N91/K91 -> 0.9136033 | S91: 0.71805556 | T91: 0.73789352 | U91: 5 | V91: 28.568198 | AA91: =M91-J91 -> -259.19009 | AB91: =M91/J91 -> 0.9136033
B92: 18℃-飯糰 | C92: 二配大飯糰泡菜鮪魚 | E92: 24.33 | F92: 1322 | G92: =E92*F92 -> 32164.26 | I92: 4 | J92: 3000 | K92: =J92/I92 -> 750 | L92: 4 | M92: =F92/V92*60 -> 2741.0238 | N92: =M92/L92 -> 685.25594 | O92: =L92-I92 -> 0 | P92: =N92-K92 -> -64.744061 | Q92: =N92/K92 -> 0.91367459 | S92: 0.74166667 | T92: 0.76175926 | U92: 5.4333333 | V92: 28.938093 | AA92: =M92-J92 -> -258.97624 | AB92: =M92/J92 -> 0.91367459
B93: 18℃-飯糰 | C93: 二配壹號醬炙烤牛飯糰 | E93: 22.28 | F93: 1516 | G93: =E93*F93 -> 33776.48 | I93: 5 | J93: 3300 | K93: =J93/I93 -> 660 | L93: 5 | M93: =F93/V93*60 -> 3011.6188 | N93: =M93/L93 -> 602.32375 | O93: =L93-I93 -> 0 | P93: =N93-K93 -> -57.676245 | Q93: =N93/K93 -> 0.91261175 | S93: 0.76458333 | T93: 0.78555556 | U93: 5 | V93: 30.203026 | AA93: =M93-J93 -> -288.38123 | AB93: =M93/J93 -> 0.91261175
B94: 18℃-飯糰 | C94: 二配鹽蔥燒肉飯糰 | E94: 17.89 | F94: 5260 | G94: =E94*F94 -> 94101.4 | I94: 4 | J94: 3300 | K94: =J94/I94 -> 825 | L94: 4 | M94: =F94/V94*60 -> 3014.5381 | N94: =M94/L94 -> 753.63452 | O94: =L94-I94 -> 0 | P94: =N94-K94 -> -71.365481 | Q94: =N94/K94 -> 0.91349639 | S94: 0.78888889 | T94: 0.86158565 | U94: 4.8 | V94: 104.69266 | AA94: =M94-J94 -> -285.46192 | AB94: =M94/J94 -> 0.91349639
B106: 平均 | I106: =AVERAGE(I90:I105) -> 4.4 | J106: =AVERAGE(J90:J105) -> 3120 | K106: =J106/I106 -> 709.09091 | L106: =AVERAGE(L90:L105) -> 4.4 | M106: =AVERAGE(M90:M105) -> 2849.7735 | N106: =M106/L106 -> 647.6758 | O106: =L106-I106 -> 0 | P106: =N106-K106 -> -61.415106 | Q106: =N106/K106 -> 0.91338895 | S106: 0.70833333 | T106: 0.86158565 | AA106: =M106-J106 -> -270.22647 | AB106: =M106/J106 -> 0.91338895
A107: GKK3600型 飯糰機 (二配) | B107: 18℃-飯糰 | C107: 二配芝麻香鬆飯糰 | E107: 18.18 | F107: 616 | G107: =E107*F107 -> 11198.88 | H107: 2 | I107: 3 | J107: 3000 | K107: =J107/I107 -> 1000 | L107: 3 | M107: =F107/V107*60 -> 2743.0541 | N107: =M107/L107 -> 914.35137 | O107: =L107-I107 -> 0 | P107: =N107-K107 -> -85.648628 | Q107: =N107/K107 -> 0.91435137 | R107: =Q123 -> 0.90497165 | S107: 0.73055556 | T107: 0.73990741 | V107: 13.474032 | AA107: =M107-J107 -> -256.94588 | AB107: =M107/J107 -> 0.91435137 | AC107: =AB123 -> 0.90497165
B108: 18℃-飯糰 | C108: 二配蔬食鮪魚飯糰 | E108: 18.18 | F108: 1217 | G108: =E108*F108 -> 22125.06 | I108: 3 | J108: 3600 | K108: =J108/I108 -> 1200 | L108: 3 | M108: =F108/V108*60 -> 3220.1246 | N108: =M108/L108 -> 1073.3749 | O108: =L108-I108 -> 0 | P108: =N108-K108 -> -126.62513 | Q108: =N108/K108 -> 0.89447906 | S108: 0.75 | T108: 0.76574074 | U108: 14.533333 | V108: 22.676141 | AA108: =M108-J108 -> -379.87538 | AB108: =M108/J108 -> 0.89447906
B109: 18℃-飯糰 | C109: 二配經典肉鬆飯糰 | E109: 14.03 | F109: 2156 | G109: =E109*F109 -> 30248.68 | H109: 2 | I109: 3 | J109: 3000 | K109: =J109/I109 -> 1000 | L109: 3 | M109: =F109/V109*60 -> 2743.6401 | N109: =M109/L109 -> 914.5467 | O109: =L109-I109 -> 0 | P109: =N109-K109 -> -85.4533 | Q109: =N109/K109 -> 0.9145467 | S109: 0.77569444 | T109: 0.80842593 | U109: 15 | V109: 47.149041 | AA109: =M109-J109 -> -256.3599 | AB109: =M109/J109 -> 0.9145467
B110: 18℃-飯糰 | C110: 二配鮪魚飯糰 | E110: 14.28 | F110: 2614 | G110: =E110*F110 -> 37327.92 | H110: 2 | I110: 3 | J110: 3600 | K110: =J110/I110 -> 1200 | L110: 3 | M110: =F110/V110*60 -> 3219.9203 | N110: =M110/L110 -> 1073.3068 | O110: =L110-I110 -> 0 | P110: =N110-K110 -> -126.69322 | Q110: =N110/K110 -> 0.89442231 | S110: 0.81875 | T110: 0.85256944 | U110: 14.866667 | V110: 48.70928 | AA110: =M110-J110 -> -380.07967 | AB110: =M110/J110 -> 0.89442231
B111: 18℃-飯糰 | C111: 二配芝麻香鬆飯糰 | E111: 18.18 | F111: 1371 | G111: =E111*F111 -> 24924.78 | I111: 3 | J111: 3000 | K111: =J111/I111 -> 1000 | L111: 3 | M111: =F111/V111*60 -> 2743.0541 | N111: =M111/L111 -> 914.35137 | O111: =L111-I111 -> 0 | P111: =N111-K111 -> -85.648628 | Q111: =N111/K111 -> 0.91435137 | S111: 0.8625 | T111: 0.88332176 | U111: 15 | V111: 29.988471 | AA111: =M111-J111 -> -256.94588 | AB111: =M111/J111 -> 0.91435137
B112: 18℃-飯糰 | C112: 二配經典肉鬆飯糰 | E112: 14.03 | F112: 5545 | G112: =E112*F112 -> 77796.35 | I112: 3 | J112: 3000 | K112: =J112/I112 -> 1000 | L112: 3 | M112: =F112/V112*60 -> 2743.6401 | N112: =M112/L112 -> 914.5467 | O112: =L112-I112 -> 0 | P112: =N112-K112 -> -85.4533 | Q112: =N112/K112 -> 0.9145467 | S112: 0.89305556 | T112: 0.97725694 | U112: 15 | V112: 121.26226 | AA112: =M112-J112 -> -256.3599 | AB112: =M112/J112 -> 0.9145467
B113: 18℃-飯糰 | C113: 二配鮪魚飯糰 | E113: 14.28 | F113: 7132 | G113: =E113*F113 -> 101844.96 | I113: 3 | J113: 3600 | K113: =J113/I113 -> 1200 | L113: 3 | M113: =F113/V113*60 -> 3219.9203 | N113: =M113/L113 -> 1073.3068 | O113: =L113-I113 -> 0 | P113: =N113-K113 -> -126.69322 | Q113: =N113/K113 -> 0.89442231 | S113: 0.9875 | T113: 1.0797801 | U113: 14.75 | V113: 132.8977 | AA113: =M113-J113 -> -380.07967 | AB113: =M113/J113 -> 0.89442231
B123: 平均 | I123: =AVERAGE(I107:I122) -> 3 | J123: =AVERAGE(J107:J122) -> 3257.1429 | K123: =J123/I123 -> 1085.7143 | L123: =AVERAGE(L107:L122) -> 3 | M123: =AVERAGE(M107:M122) -> 2947.622 | N123: =M123/L123 -> 982.54065 | O123: =L123-I123 -> 0 | P123: =N123-K123 -> -103.17363 | Q123: =N123/K123 -> 0.90497165 | S123: 0.73055556 | T123: 1.0797801 | AA123: =M123-J123 -> -309.5209 | AB123: =M123/J123 -> 0.90497165
A124: GKK3600型 飯糰機2 (二配) | B124: 18℃-飯糰 | C124: 二配熟成紅鮭飯糰 | E124: 25.03 | F124: 475 | G124: =E124*F124 -> 11889.25 | H124: 2 | I124: 5 | J124: 3600 | K124: =J124/I124 -> 720 | L124: 5 | M124: =F124/V124*60 -> 3217.7887 | N124: =M124/L124 -> 643.55775 | O124: =L124-I124 -> 0 | P124: =N124-K124 -> -76.442251 | Q124: =N124/K124 -> 0.89383021 | R124: =Q140 -> 0.89389153 | S124: 0.74097222 | T124: 0.74711806 | V124: 8.857014 | AA124: =M124-J124 -> -382.21126 | AB124: =M124/J124 -> 0.89383021 | AC124: =AB140 -> 0.89389153
B125: 18℃-飯糰 | C125: 二配三杯醬爆菇菇飯糰 | E125: 16.7 | F125: 398 | G125: =E125*F125 -> 6646.6 | H125: 2 | I125: 3 | J125: 3600 | K125: =J125/I125 -> 1200 | L125: 3 | M125: =F125/V125*60 -> 3220.1639 | N125: =M125/L125 -> 1073.388 | O125: =L125-I125 -> 0 | P125: =N125-K125 -> -126.61204 | Q125: =N125/K125 -> 0.89448997 | S125: 0.75694444 | T125: 0.76208333 | U125: 15 | V125: 7.4157716 | AA125: =M125-J125 -> -379.83611 | AB125: =M125/J125 -> 0.89448997
B126: 18℃-飯糰 | C126: 二配贅沢鮭魚肚飯糰 | E126: 30 | F126: 679 | G126: =E126*F126 -> 20370 | H126: 2 | I126: 4 | J126: 3600 | K126: =J126/I126 -> 900 | L126: 4 | M126: =F126/V126*60 -> 3215.28 | N126: =M126/L126 -> 803.82001 | O126: =L126-I126 -> 0 | P126: =N126-K126 -> -96.179992 | Q126: =N126/K126 -> 0.89313334 | S126: 0.77222222 | T126: 0.78101852 | U126: 14.6 | V126: 12.670747 | AA126: =M126-J126 -> -384.71997 | AB126: =M126/J126 -> 0.89313334
B127: 18℃-飯糰 | C127: 二配北海道秋鮭親子飯糰 | E127: 24.82 | F127: 685 | G127: =E127*F127 -> 17001.7 | H127: 2 | I127: 5 | J127: 3600 | K127: =J127/I127 -> 720 | L127: 5 | M127: =F127/V127*60 -> 3218.7932 | N127: =M127/L127 -> 643.75863 | O127: =L127-I127 -> 0 | P127: =N127-K127 -> -76.24137 | Q127: =N127/K127 -> 0.89410921 | S127: 0.79097222 | T127: 0.79983796 | U127: 15 | V127: 12.768761 | AA127: =M127-J127 -> -381.20685 | AB127: =M127/J127 -> 0.89410921
B128: 18℃-飯糰 | C128: 二配明太子龍蝦風味沙拉飯糰 | E128: 18.18 | F128: 962 | G128: =E128*F128 -> 17489.16 | H128: 2 | I128: 3 | J128: 3600 | K128: =J128/I128 -> 1200 | L128: 3 | M128: =F128/V128*60 -> 3216.8034 | N128: =M128/L128 -> 1072.2678 | O128: =L128-I128 -> 0 | P128: =N128-K128 -> -127.7322 | Q128: =N128/K128 -> 0.8935565 | S128: 0.80972222 | T128: 0.82217593 | U128: 15 | V128: 17.943279 | AA128: =M128-J128 -> -383.19659 | AB128: =M128/J128 -> 0.8935565
B129: 18℃-飯糰 | C129: 二配雞肉飯飯糰 | E129: 16.66 | F129: 2222 | G129: =E129*F129 -> 37018.52 | H129: 2 | I129: 5 | J129: 3600 | K129: =J129/I129 -> 720 | L129: 5 | M129: =F129/V129*60 -> 3219.2279 | N129: =M129/L129 -> 643.84557 | O129: =L129-I129 -> 0 | P129: =N129-K129 -> -76.154426 | Q129: =N129/K129 -> 0.89422996 | S129: 0.83194444 | T129: 0.86069444 | U129: 15 | V129: 41.413657 | AA129: =M129-J129 -> -380.77213 | AB129: =M129/J129 -> 0.89422996
B130: 18℃-飯糰 | C130: 二配熟成紅鮭飯糰 | E130: 25.03 | F130: 984 | G130: =E130*F130 -> 24629.52 | I130: 5 | J130: 3600 | K130: =J130/I130 -> 720 | L130: 5 | M130: =F130/V130*60 -> 3217.7887 | N130: =M130/L130 -> 643.55775 | O130: =L130-I130 -> 0 | P130: =N130-K130 -> -76.442251 | Q130: =N130/K130 -> 0.89383021 | S130: 0.87083333 | T130: 0.88356481 | U130: 14.6 | V130: 18.348004 | AA130: =M130-J130 -> -382.21126 | AB130: =M130/J130 -> 0.89383021
B131: 18℃-飯糰 | C131: 二配三杯醬爆菇菇飯糰 | E131: 16.7 | F131: 941 | G131: =E131*F131 -> 15714.7 | I131: 3 | J131: 3600 | K131: =J131/I131 -> 1200 | L131: 3 | M131: =F131/V131*60 -> 3220.1639 | N131: =M131/L131 -> 1073.388 | O131: =L131-I131 -> 0 | P131: =N131-K131 -> -126.61204 | Q131: =N131/K131 -> 0.89448997 | S131: 0.89375 | T131: 0.90591435 | U131: 14.666667 | V131: 17.533269 | AA131: =M131-J131 -> -379.83611 | AB131: =M131/J131 -> 0.89448997
B132: 18℃-飯糰 | C132: 二配贅沢鮭魚肚飯糰 | E132: 30 | F132: 1615 | G132: =E132*F132 -> 48450 | I132: 4 | J132: 3600 | K132: =J132/I132 -> 900 | L132: 4 | M132: =F132/V132*60 -> 3215.28 | N132: =M132/L132 -> 803.82001 | O132: =L132-I132 -> 0 | P132: =N132-K132 -> -96.179992 | Q132: =N132/K132 -> 0.89313334 | S132: 0.91597222 | T132: 0.93689815 | U132: 15 | V132: 30.137344 | AA132: =M132-J132 -> -384.71997 | AB132: =M132/J132 -> 0.89313334
B133: 18℃-飯糰 | C133: 二配北海道秋鮭親子飯糰 | E133: 24.82 | F133: 1539 | G133: =E133*F133 -> 38197.98 | I133: 5 | J133: 3600 | K133: =J133/I133 -> 720 | L133: 5 | M133: =F133/V133*60 -> 3218.7932 | N133: =M133/L133 -> 643.75863 | O133: =L133-I133 -> 0 | P133: =N133-K133 -> -76.24137 | Q133: =N133/K133 -> 0.89410921 | S133: 0.94722222 | T133: 0.9671412 | U133: 14.866667 | V133: 28.687771 | AA133: =M133-J133 -> -381.20685 | AB133: =M133/J133 -> 0.89410921
B134: 18℃-飯糰 | C134: 二配明太子龍蝦風味沙拉飯糰 | E134: 18.18 | F134: 2509 | G134: =E134*F134 -> 45613.62 | I134: 3 | J134: 3600 | K134: =J134/I134 -> 1200 | L134: 3 | M134: =F134/V134*60 -> 3216.8034 | N134: =M134/L134 -> 1072.2678 | O134: =L134-I134 -> 0 | P134: =N134-K134 -> -127.7322 | Q134: =N134/K134 -> 0.8935565 | S134: 0.97708333 | T134: 1.0095718 | U134: 15 | V134: 46.798011 | AA134: =M134-J134 -> -383.19659 | AB134: =M134/J134 -> 0.8935565
B135: 18℃-飯糰 | C135: 二配雞肉飯飯糰 | E135: 16.66 | F135: 5778 | G135: =E135*F135 -> 96261.48 | I135: 5 | J135: 3600 | K135: =J135/I135 -> 720 | L135: 5 | M135: =F135/V135*60 -> 3219.2279 | N135: =M135/L135 -> 643.84557 | O135: =L135-I135 -> 0 | P135: =N135-K135 -> -76.154426 | Q135: =N135/K135 -> 0.89422996 | S135: 1.0194444 | T135: 1.0942245 | U135: 15 | V135: 107.69042 | AA135: =M135-J135 -> -380.77213 | AB135: =M135/J135 -> 0.89422996
B140: 平均 | I140: =AVERAGE(I124:I139) -> 4.1666667 | J140: =AVERAGE(J124:J139) -> 3600 | K140: =J140/I140 -> 864 | L140: =AVERAGE(L124:L139) -> 4.1666667 | M140: =AVERAGE(M124:M139) -> 3218.0095 | N140: =M140/L140 -> 772.32228 | O140: =L140-I140 -> 0 | P140: =N140-K140 -> -91.677716 | Q140: =N140/K140 -> 0.89389153 | S140: 0.74097222 | T140: 1.0942245 | AA140: =M140-J140 -> -381.99048 | AB140: =M140/J140 -> 0.89389153
Y142: 原因回覆
Y143: 1.當日出勤人數較多
Y144: 2.當日出勤人數較少
Y145: 3.當日出勤熟手較多
Y146: 4.當日出勤新人較多
Y147: 5.機台夾盒
Y148: 6.封膜不順
Y149: 7.更換膠膜
Y150: 8.更換碳帶
Y151: 9.當日熱轉印碳帶異常
Y152: 10.訂單量過少
Y153: 11.新品上市，尚未熟悉
Y154: 12.活動期間品項需貼標

Sheet 0808(4度C)
A1: 大溪廠日報分析 | C1: 總生產量 | D1: =SUM(F5:F140) -> 79420 | E1: 營業額 | F1: =SUM(G5:G140) -> 3460559.6 | G1: 出勤人數 | H1: =L21+L38+L55+L72+L89+L106+L123+L140 -> 135.94444 | I1: 產線配置圖 | L1: 生產實績 | O1: 人時性差異分析 | S1: 日報登錄 | Y1: 合計次數 | Z1: 合計(時間/分) | AA1: 產線異常 分析說明(5分鐘以上) | AC1: 合計次數 | AD1: 合計(時間/分) | AE1: 產能差異分析
A2: 46242 | C2: 人時性 | D2: =AVERAGE(N21,N38,N55,N72,N89,N106,N123,N140) -> 201.84867 | E2: 平均廠價 | F2: =F1/D1 -> 43.572899 | G2: 多次生產數 | H2: =COUNT(H5:H140) -> 0 | Y2: =SUM(Y21,Y38,Y55,Y72,Y89,Y106,Y123,Y140) -> 0 | Z2: =SUM(Z21,Z38,Z55,Z72,Z89,Z106,Z123,Z140) -> 0 | AC2: =SUM(AC21,AC38,AC55,AC72,AC89,AC106,AC123,AC140) -> 0 | AD2: =SUM(AD21,AD38,AD55,AD72,AD89,AD106,AD123,AD140) -> 0
A3: 線別 | B3: 品類 | C3: 品名 | E3: 廠價 | F3: 生產量 | G3: 營收 | H3: 多次 生產 | I3: 人數 | J3: 產能/時 | K3: 人時性 | L3: 人數 | M3: 產能/時 | N3: 人時性 | O3: 人數 | P3: 人時性 | Q3: 達成率 | R3: 達成率 平均 | S3: 生產時間 | U3: 換線、休息/分 | V3: 稼動時間/分 | W3: 休息時間 | Y3: 產線異常統計(5分鐘以上) | AA3: (屏榮回填) | AC3: 短暫停線統計(5分鐘以下) | AE3: 產能/時 | AF3: 達成率 | AG3: 達成率平均
S4: 開始 | T4: 結束 | W4: 開始 | X4: 結束 | Y4: 次數 | Z4: 時間/分 | AC4: 總次數 | AD4: 設備因素(次數)
A5: 便當二線 | B5: 微波小吃 | C5: 日式茶碗蒸 | E5: 19.7 | F5: 3540 | G5: =E5*F5 -> 69738 | I5: 13 | J5: 1200 | K5: =J5/I5 -> 92.307692 | L5: 13 | M5: =F5/V5*60 -> 1082.6073 | N5: =M5/L5 -> 83.277484 | O5: =L5-I5 -> 0 | P5: =N5-K5 -> -9.0302086 | Q5: =N5/K5 -> 0.90217274 | R5: =Q21 -> 0.90179085 | S5: 0.20833333 | T5: 0.34457176 | V5: 196.19303 | AE5: =M5-J5 -> -117.39271 | AF5: =M5/J5 -> 0.90217274 | AG5: =AF21 -> 0.90179085
B6: 微波主食 | C6: 糖燻野郎三十天熟成牛飯 | E6: 56.43 | F6: 3767 | G6: =E6*F6 -> 212571.81 | I6: 24 | J6: 2000 | K6: =J6/I6 -> 83.333333 | L6: 24 | M6: =F6/V6*60 -> 1803.9548 | N6: =M6/L6 -> 75.164784 | O6: =L6-I6 -> 0 | P6: =N6-K6 -> -8.1685491 | Q6: =N6/K6 -> 0.90197741 | S6: 0.34791667 | T6: 0.43491898 | U6: 4.8166667 | V6: 125.29139 | AE6: =M6-J6 -> -196.04518 | AF6: =M6/J6 -> 0.90197741
B7: 便當 | C7: 香檸奶油魚排蔬滿盒 | E7: 77.35 | F7: 498 | G7: =E7*F7 -> 38520.3 | I7: 25 | J7: 2000 | K7: =J7/I7 -> 80 | L7: 25 | M7: =F7/V7*60 -> 1803.0216 | N7: =M7/L7 -> 72.120864 | O7: =L7-I7 -> 0 | P7: =N7-K7 -> -7.8791358 | Q7: =N7/K7 -> 0.9015108 | S7: 0.43888889 | T7: 0.45039352 | U7: 5.7166667 | V7: 16.572181 | W7: 0.45039352 | X7: 0.48888889 | AE7: =M7-J7 -> -196.9784 | AF7: =M7/J7 -> 0.9015108
B8: 便當 | C8: 健身G肉餐盒 | E8: 59.52 | F8: 3844 | G8: =E8*F8 -> 228794.88 | I8: 24 | J8: 2000 | K8: =J8/I8 -> 83.333333 | L8: 24 | M8: =F8/V8*60 -> 1803.3104 | N8: =M8/L8 -> 75.137932 | O8: =L8-I8 -> 0 | P8: =N8-K8 -> -8.1954012 | Q8: =N8/K8 -> 0.90165519 | S8: 0.48888889 | T8: 0.57769676 | U8: 55.433333 | V8: 127.89812 | AE8: =M8-J8 -> -196.68963 | AF8: =M8/J8 -> 0.90165519
B21: 平均 | I21: =AVERAGE(I5:I20) -> 21.5 | J21: =AVERAGE(J5:J20) -> 1800 | K21: =J21/I21 -> 83.72093 | L21: =AVERAGE(L5:L20) -> 21.5 | M21: =AVERAGE(M5:M20) -> 1623.2235 | N21: =M21/L21 -> 75.498768 | O21: =L21-I21 -> 0 | P21: =N21-K21 -> -8.2221618 | Q21: =N21/K21 -> 0.90179085 | S21: 0.20833333 | T21: 0.57769676 | Y21: =SUM(Y5:Y20) -> 0 | Z21: =SUM(Z5:Z20) -> 0 | AC21: =SUM(AC5:AC20) -> 0 | AD21: =SUM(AD5:AD20) -> 0 | AE21: =M21-J21 -> -176.77648 | AF21: =M21/J21 -> 0.90179085
A22: 涼麵一線 | B22: 4℃-壽司手卷 | C22: 海陸雙拼壽司 | E22: 36.45 | F22: 1868 | G22: =E22*F22 -> 68088.6 | I22: 20 | J22: 2100 | K22: =J22/I22 -> 105 | L22: 20 | M22: =F22/V22*60 -> 1892.8583 | N22: =M22/L22 -> 94.642917 | O22: =L22-I22 -> 0 | P22: =N22-K22 -> -10.357083 | Q22: =N22/K22 -> 0.90136112 | R22: =Q38 -> 0.9027348 | S22: 0.20833333 | T22: 0.24944444 | V22: 59.212038 | AE22: =M22-J22 -> -207.14166 | AF22: =M22/J22 -> 0.90136112 | AG22: =AF38 -> 0.90995668
B23: 微波小吃 | C23: 馬鈴薯玉米濃湯 | E23: 31.72 | F23: 1158 | G23: =E23*F23 -> 36731.76 | I23: 22 | J23: 2000 | K23: =J23/I23 -> 90.909091 | L23: 22 | M23: =F23/V23*60 -> 1804.2275 | N23: =M23/L23 -> 82.010342 | O23: =L23-I23 -> 0 | P23: =N23-K23 -> -8.8987494 | Q23: =N23/K23 -> 0.90211376 | S23: 0.25277778 | T23: 0.27951389 | U23: 4.8 | V23: 38.509556 | AE23: =M23-J23 -> -195.77249 | AF23: =M23/J23 -> 0.90211376
B24: 微波小吃 | C24: 三合一味噌湯 | E24: 34.79 | F24: 1129 | G24: =E24*F24 -> 39277.91 | I24: 11 | J24: 2000 | K24: =J24/I24 -> 181.81818 | L24: 11 | M24: =F24/V24*60 -> 1808.128 | N24: =M24/L24 -> 164.37527 | O24: =L24-I24 -> 0 | P24: =N24-K24 -> -17.44291 | Q24: =N24/K24 -> 0.904064 | S24: 0.28333333 | T24: 0.30934028 | U24: 5.5 | V24: 37.464162 | AE24: =M24-J24 -> -191.872 | AF24: =M24/J24 -> 0.904064
B25: 微波小吃 | C25: 蒸蛋湯 | E25: 33.2 | F25: 2323 | G25: =E25*F25 -> 77123.6 | I25: 11 | J25: 2000 | K25: =J25/I25 -> 181.81818 | L25: 11 | M25: =F25/V25*60 -> 1808.1993 | N25: =M25/L25 -> 164.38176 | O25: =L25-I25 -> 0 | P25: =N25-K25 -> -17.436424 | Q25: =N25/K25 -> 0.90409967 | S25: 0.3125 | T25: 0.36601852 | U25: 4.55 | V25: 77.08221 | AE25: =M25-J25 -> -191.80067 | AF25: =M25/J25 -> 0.90409967
B26: 微波小吃 | C26: 越式牛肉寬粉 | E26: 51.44 | F26: 1129 | G26: =E26*F26 -> 58075.76 | I26: 19 | J26: 2000 | K26: =J26/I26 -> 105.26316 | L26: 19 | M26: =F26/V26*60 -> 1804.7709 | N26: =M26/L26 -> 94.987943 | O26: =L26-I26 -> 0 | P26: =N26-K26 -> -10.275215 | Q26: =N26/K26 -> 0.90238546 | S26: 0.37013889 | T26: 0.3962037 | U26: 5.9333333 | V26: 37.53385 | AE26: =M26-J26 -> -195.22908 | AF26: =M26/J26 -> 0.90238546
B27: 微波主食 | C27: 日式鮭魚茶泡烤飯 | E27: 43.28 | F27: 1804 | G27: =E27*F27 -> 78077.12 | I27: 21 | J27: 1800 | K27: =J27/I27 -> 85.714286 | L27: 21 | M27: =F27/V27*60 -> 1622.4449 | N27: =M27/L27 -> 77.259282 | O27: =L27-I27 -> 0 | P27: =N27-K27 -> -8.4550036 | Q27: =N27/K27 -> 0.90135829 | S27: 0.39930556 | T27: 0.445625 | U27: 5 | V27: 66.714129 | W27: 0.445625 | X27: 0.48402778 | AE27: =M27-J27 -> -177.55508 | AF27: =M27/J27 -> 0.90135829
B28: 4℃-飯糰 | C28: 麻油雞飯糰 | E28: 29.97 | F28: 1590 | G28: =E28*F28 -> 47652.3 | I28: 21 | J28: 2790 | K28: =J28/I28 -> 132.85714 | L28: 22 | M28: =F28/V28*60 -> 2626.6346 | N28: =M28/L28 -> 119.39248 | O28: =L28-I28 -> 1 | P28: =N28-K28 -> -13.46466 | Q28: =N28/K28 -> 0.89865309 | S28: 0.48402778 | T28: 0.50924769 | U28: 55.3 | V28: 36.32024 | AE28: =M28-J28 -> -163.36538 | AF28: =M28/J28 -> 0.9414461
B38: 平均 | I38: =AVERAGE(I22:I37) -> 17.857143 | J38: =AVERAGE(J22:J37) -> 2098.5714 | K38: =J38/I38 -> 117.52 | L38: =AVERAGE(L22:L37) -> 18 | M38: =AVERAGE(M22:M37) -> 1909.6091 | N38: =M38/L38 -> 106.08939 | O38: =L38-I38 -> 0.14285714 | P38: =N38-K38 -> -11.430606 | Q38: =N38/K38 -> 0.9027348 | S38: 0.20833333 | T38: 0.50924769 | Y38: =SUM(Y22:Y37) -> 0 | Z38: =SUM(Z22:Z37) -> 0 | AC38: =SUM(AC22:AC37) -> 0 | AD38: =SUM(AD22:AD37) -> 0 | AE38: =M38-J38 -> -188.96234 | AF38: =M38/J38 -> 0.90995668
A39: 涼麵二線 | B39: 便當 | C39: 香腸腿排雙拼便當 | E39: 53.76 | F39: 2204 | G39: =E39*F39 -> 118487.04 | I39: 20 | J39: 2000 | K39: =J39/I39 -> 100 | L39: 20 | M39: =F39/V39*60 -> 1801.9482 | N39: =M39/L39 -> 90.097411 | O39: =L39-I39 -> 0 | P39: =N39-K39 -> -9.9025893 | Q39: =N39/K39 -> 0.90097411 | R39: =Q55 -> 0.90121246 | S39: 0.20833333 | T39: 0.25929398 | V39: 73.387237 | AE39: =M39-J39 -> -198.05179 | AF39: =M39/J39 -> 0.90097411 | AG39: =AF55 -> 0.90121246
B40: 便當 | C40: 蔬活腿排補力餐盒 | E40: 71.55 | F40: 2123 | G40: =E40*F40 -> 151900.65 | I40: 22 | J40: 2000 | K40: =J40/I40 -> 90.909091 | L40: 22 | M40: =F40/V40*60 -> 1802.2138 | N40: =M40/L40 -> 81.918809 | O40: =L40-I40 -> 0 | P40: =N40-K40 -> -8.9902815 | Q40: =N40/K40 -> 0.9011069 | S40: 0.26319444 | T40: 0.31226852 | U40: 5.6166667 | V40: 70.679738 | AE40: =M40-J40 -> -197.78619 | AF40: =M40/J40 -> 0.9011069
B41: 便當 | C41: 地中海布格麥烤魚餐盒 | E41: 63.92 | F41: 1539 | G41: =E41*F41 -> 98372.88 | I41: 24 | J41: 2000 | K41: =J41/I41 -> 83.333333 | L41: 24 | M41: =F41/V41*60 -> 1803.7666 | N41: =M41/L41 -> 75.156941 | O41: =L41-I41 -> 0 | P41: =N41-K41 -> -8.1763927 | Q41: =N41/K41 -> 0.90188329 | S41: 0.31527778 | T41: 0.35082176 | U41: 5 | V41: 51.192877 | AE41: =M41-J41 -> -196.23343 | AF41: =M41/J41 -> 0.90188329
B42: 便當 | C42: 烤蛋白餐盒 | E42: 58.67 | F42: 2662 | G42: =E42*F42 -> 156179.54 | I42: 23 | J42: 2000 | K42: =J42/I42 -> 86.956522 | L42: 23 | M42: =F42/V42*60 -> 1802.0616 | N42: =M42/L42 -> 78.350503 | O42: =L42-I42 -> 0 | P42: =N42-K42 -> -8.6060182 | Q42: =N42/K42 -> 0.90103079 | S42: 0.35416667 | T42: 0.41570602 | U42: 4.8166667 | V42: 88.631821 | AE42: =M42-J42 -> -197.93842 | AF42: =M42/J42 -> 0.90103079
B43: 便當 | C43: 海陸雙拼肉肉餐盒 | E43: 59.54 | F43: 2088 | G43: =E43*F43 -> 124319.52 | I43: 23 | J43: 2000 | K43: =J43/I43 -> 86.956522 | L43: 23 | M43: =F43/V43*60 -> 1802.3797 | N43: =M43/L43 -> 78.364334 | O43: =L43-I43 -> 0 | P43: =N43-K43 -> -8.592188 | Q43: =N43/K43 -> 0.90118984 | S43: 0.41875 | T43: 0.46701389 | U43: 5 | V43: 69.508107 | W43: 0.46701389 | X43: 0.50625 | AE43: =M43-J43 -> -197.62032 | AF43: =M43/J43 -> 0.90118984
B44: 便當 | C44: 懷舊滷雙拼便當 | E44: 61.09 | F44: 2303 | G44: =E44*F44 -> 140690.27 | I44: 20 | J44: 2000 | K44: =J44/I44 -> 100 | L44: 20 | M44: =F44/V44*60 -> 1802.1797 | N44: =M44/L44 -> 90.108985 | O44: =L44-I44 -> 0 | P44: =N44-K44 -> -9.8910153 | Q44: =N44/K44 -> 0.90108985 | S44: 0.50625 | T44: 0.55949074 | U44: 56.5 | V44: 76.673819 | AE44: =M44-J44 -> -197.82031 | AF44: =M44/J44 -> 0.90108985
B55: 平均 | I55: =AVERAGE(I39:I54) -> 22 | J55: =AVERAGE(J39:J54) -> 2000 | K55: =J55/I55 -> 90.909091 | L55: =AVERAGE(L39:L54) -> 22 | M55: =AVERAGE(M39:M54) -> 1802.4249 | N55: =M55/L55 -> 81.928406 | O55: =L55-I55 -> 0 | P55: =N55-K55 -> -8.9806853 | Q55: =N55/K55 -> 0.90121246 | S55: 0.20833333 | T55: 0.55949074 | Y55: =SUM(Y39:Y54) -> 0 | Z55: =SUM(Z39:Z54) -> 0 | AC55: =SUM(AC39:AC54) -> 0 | AD55: =SUM(AD39:AD54) -> 0 | AE55: =M55-J55 -> -197.57508 | AF55: =M55/J55 -> 0.90121246
A56: 涼麵三線 | B56: 季節調理麵 | C56: 和風涓絲冷麵 | E56: 28.86 | F56: 2100 | G56: =E56*F56 -> 60606 | I56: 19 | J56: 3600 | K56: =J56/I56 -> 189.47368 | L56: 19 | M56: =F56/V56*60 -> 3194.8687 | N56: =M56/L56 -> 168.15099 | O56: =L56-I56 -> 0 | P56: =N56-K56 -> -21.322698 | Q56: =N56/K56 -> 0.88746354 | R56: =Q72 -> 0.90058953 | S56: 0.20833333 | T56: 0.23571759 | V56: 39.43824 | AE56: =M56-J56 -> -405.13126 | AF56: =M56/J56 -> 0.88746354 | AG56: =AF72 -> 0.90058953
B57: 季節調理麵 | C57: 嘉義崇文白醋涼麵 | E57: 35.89 | F57: 2673 | G57: =E57*F57 -> 95933.97 | I57: 19 | J57: 3600 | K57: =J57/I57 -> 189.47368 | L57: 19 | M57: =F57/V57*60 -> 3191.911 | N57: =M57/L57 -> 167.99531 | O57: =L57-I57 -> 0 | P57: =N57-K57 -> -21.478369 | Q57: =N57/K57 -> 0.88664194 | S57: 0.23958333 | T57: 0.27446759 | U57: 5.5666667 | V57: 50.245762 | AE57: =M57-J57 -> -408.08902 | AF57: =M57/J57 -> 0.88664194
B58: 季節調理麵 | C58: 韓式泡菜冷麵 | E58: 36.73 | F58: 2934 | G58: =E58*F58 -> 107765.82 | I58: 21 | J58: 3600 | K58: =J58/I58 -> 171.42857 | L58: 21 | M58: =F58/V58*60 -> 3194.0905 | N58: =M58/L58 -> 152.09955 | O58: =L58-I58 -> 0 | P58: =N58-K58 -> -19.329026 | Q58: =N58/K58 -> 0.88724735 | S58: 0.27847222 | T58: 0.31673611 | U58: 5.7666667 | V58: 55.114281 | AE58: =M58-J58 -> -405.90954 | AF58: =M58/J58 -> 0.88724735
B59: 季節調理麵 | C59: 招牌雞絲胡麻涼麵 | E59: 43.96 | F59: 1349 | G59: =E59*F59 -> 59302.04 | I59: 24 | J59: 3600 | K59: =J59/I59 -> 150 | L59: 24 | M59: =F59/V59*60 -> 3269.0683 | N59: =M59/L59 -> 136.21118 | O59: =L59-I59 -> 0 | P59: =N59-K59 -> -13.78882 | Q59: =N59/K59 -> 0.90807453 | S59: 0.32083333 | T59: 0.33802083 | U59: 5.9 | V59: 24.759348 | AE59: =M59-J59 -> -330.93169 | AF59: =M59/J59 -> 0.90807453
B60: 季節調理麵 | C60: 日式胡麻雞絲冷麵 | E60: 46.93 | F60: 957 | G60: =E60*F60 -> 44912.01 | I60: 24 | J60: 3600 | K60: =J60/I60 -> 150 | L60: 24 | M60: =F60/V60*60 -> 3267.7443 | N60: =M60/L60 -> 136.15601 | O60: =L60-I60 -> 0 | P60: =N60-K60 -> -13.843988 | Q60: =N60/K60 -> 0.90770675 | S60: 0.34166667 | T60: 0.35386574 | U60: 5.25 | V60: 17.571754 | AE60: =M60-J60 -> -332.25571 | AF60: =M60/J60 -> 0.90770675
B61: 季節調理麵 | C61: 日式蕎麥沾麵 | E61: 36.73 | F61: 3409 | G61: =E61*F61 -> 125212.57 | I61: 20 | J61: 3600 | K61: =J61/I61 -> 180 | L61: 20 | M61: =F61/V61*60 -> 3261.1767 | N61: =M61/L61 -> 163.05884 | O61: =L61-I61 -> 0 | P61: =N61-K61 -> -16.941164 | Q61: =N61/K61 -> 0.90588242 | S61: 0.35694444 | T61: 0.40049769 | U61: 5 | V61: 62.719692 | AE61: =M61-J61 -> -338.82329 | AF61: =M61/J61 -> 0.90588242
B62: 季節調理麵 | C62: 月見烏龍冷麵 | E62: 48.4 | F62: 2319 | G62: =E62*F62 -> 112239.6 | I62: 22 | J62: 3600 | K62: =J62/I62 -> 163.63636 | L62: 22 | M62: =F62/V62*60 -> 3263.7052 | N62: =M62/L62 -> 148.35024 | O62: =L62-I62 -> 0 | P62: =N62-K62 -> -15.286127 | Q62: =N62/K62 -> 0.90658478 | S62: 0.40416667 | T62: 0.43376157 | U62: 5.2833333 | V62: 42.632527 | W62: 0.43376157 | X62: 0.47291667 | AE62: =M62-J62 -> -336.29479 | AF62: =M62/J62 -> 0.90658478
B63: 季節調理麵 | C63: 大滿足香辣涼麵 | E63: 38.48 | F63: 5366 | G63: =E63*F63 -> 206483.68 | I63: 20 | J63: 3600 | K63: =J63/I63 -> 180 | L63: 20 | M63: =F63/V63*60 -> 3267.9641 | N63: =M63/L63 -> 163.39821 | O63: =L63-I63 -> 0 | P63: =N63-K63 -> -16.601794 | Q63: =N63/K63 -> 0.90776781 | S63: 0.47291667 | T63: 0.54133102 | U63: 56.383333 | V63: 98.520053 | AE63: =M63-J63 -> -332.03588 | AF63: =M63/J63 -> 0.90776781
B64: 季節調理麵 | C64: 大滿足麻醬涼麵 | E64: 37.8 | F64: 6677 | G64: =E64*F64 -> 252390.6 | I64: 21 | J64: 3600 | K64: =J64/I64 -> 171.42857 | L64: 21 | M64: =F64/V64*60 -> 3268.572 | N64: =M64/L64 -> 155.64629 | O64: =L64-I64 -> 0 | P64: =N64-K64 -> -15.782284 | Q64: =N64/K64 -> 0.90793668 | S64: 0.54444444 | T64: 0.62956019 | U64: 5 | V64: 122.56728 | AE64: =M64-J64 -> -331.42796 | AF64: =M64/J64 -> 0.90793668
B72: 平均 | I72: =AVERAGE(I56:I71) -> 21.111111 | J72: =AVERAGE(J56:J71) -> 3600 | K72: =J72/I72 -> 170.52632 | L72: =AVERAGE(L56:L71) -> 21.111111 | M72: =AVERAGE(M56:M71) -> 3242.1223 | N72: =M72/L72 -> 153.57422 | O72: =L72-I72 -> 0 | P72: =N72-K72 -> -16.952101 | Q72: =N72/K72 -> 0.90058953 | S72: 0.20833333 | T72: 0.62956019 | Y72: =SUM(Y56:Y71) -> 0 | Z72: =SUM(Z56:Z71) -> 0 | AC72: =SUM(AC56:AC71) -> 0 | AD72: =SUM(AD56:AD71) -> 0 | AE72: =M72-J72 -> -357.87768 | AF72: =M72/J72 -> 0.90058953
A73: 自動包裝機 | B73: 4℃-壽司手卷 | C73: 醬油生鮭脆卷 | E73: 23.55 | F73: 1647 | G73: =E73*F73 -> 38786.85 | I73: 6 | J73: 2500 | K73: =J73/I73 -> 416.66667 | L73: 6 | M73: =F73/V73*60 -> 2256.3293 | N73: =M73/L73 -> 376.05489 | O73: =L73-I73 -> 0 | P73: =N73-K73 -> -40.611778 | Q73: =N73/K73 -> 0.90253173 | R73: =Q89 -> 0.85090776 | S73: 0.3375 | T73: 0.36790509 | U73: 5 | V73: 43.796798 | AE73: =M73-J73 -> -243.67067 | AF73: =M73/J73 -> 0.90253173 | AG73: =AF89 -> 0.90408949
B74: 4℃-壽司手卷 | C74: 韓式辣炒豬肉飯卷 | E74: 27.05 | F74: 490 | G74: =E74*F74 -> 13254.5 | I74: 5 | J74: 3273 | K74: =J74/I74 -> 654.6 | L74: 6 | M74: =F74/V74*60 -> 2962.6238 | N74: =M74/L74 -> 493.77063 | O74: =L74-I74 -> 1 | P74: =N74-K74 -> -160.82937 | Q74: =N74/K74 -> 0.75430894 | S74: 0.37083333 | T74: 0.37771991 | U74: 5 | V74: 9.923636 | AE74: =M74-J74 -> -310.37622 | AF74: =M74/J74 -> 0.90517072
B75: 4℃-壽司手卷 | C75: 厚香料優格咖哩烤雞飯卷 | E75: 27.05 | F75: 666 | G75: =E75*F75 -> 18015.3 | I75: 5 | J75: 3273 | K75: =J75/I75 -> 654.6 | L75: 5 | M75: =F75/V75*60 -> 2959.4404 | N75: =M75/L75 -> 591.88808 | O75: =L75-I75 -> 0 | P75: =N75-K75 -> -62.711915 | Q75: =N75/K75 -> 0.90419811 | S75: 0.38125 | T75: 0.390625 | U75: 5.0833333 | V75: 13.502553 | AE75: =M75-J75 -> -313.55958 | AF75: =M75/J75 -> 0.90419811
B89: 平均 | I89: =AVERAGE(I73:I88) -> 5.3333333 | J89: =AVERAGE(J73:J88) -> 3015.3333 | K89: =J89/I89 -> 565.375 | L89: =AVERAGE(L73:L88) -> 5.6666667 | M89: =AVERAGE(M73:M88) -> 2726.1312 | N89: =M89/L89 -> 481.08197 | O89: =L89-I89 -> 0.33333333 | P89: =N89-K89 -> -84.293027 | Q89: =N89/K89 -> 0.85090776 | S89: 0.20833333 | T89: 0.390625 | Y89: =SUM(Y73:Y88) -> 0 | Z89: =SUM(Z73:Z88) -> 0 | AC89: =SUM(AC73:AC88) -> 0 | AD89: =SUM(AD73:AD88) -> 0 | AE89: =M89-J89 -> -289.20216 | AF89: =M89/J89 -> 0.90408949
A90: 自動包裝機2 | B90: 4℃-壽司手卷 | C90: 鮪魚昆布細卷 | E90: 15.51 | F90: 1731 | G90: =E90*F90 -> 26847.81 | I90: 6 | J90: 3600 | K90: =J90/I90 -> 600 | L90: 6 | M90: =F90/V90*60 -> 3250.3131 | N90: =M90/L90 -> 541.71885 | O90: =L90-I90 -> 0 | P90: =N90-K90 -> -58.281149 | Q90: =N90/K90 -> 0.90286475 | R90: =Q106 -> 0.90275562 | S90: 0.25 | T90: 0.2721875 | V90: 31.953845 | AE90: =M90-J90 -> -349.68689 | AF90: =M90/J90 -> 0.90286475 | AG90: =AF106 -> 0.90275562
B91: 4℃-壽司手卷 | C91: 肉鬆火腿細卷 | E91: 15.01 | F91: 1870 | G91: =E91*F91 -> 28068.7 | I91: 6 | J91: 3600 | K91: =J91/I91 -> 600 | L91: 6 | M91: =F91/V91*60 -> 3249.5274 | N91: =M91/L91 -> 541.5879 | O91: =L91-I91 -> 0 | P91: =N91-K91 -> -58.412104 | Q91: =N91/K91 -> 0.90264649 | S91: 0.275 | T91: 0.29896991 | U91: 5 | V91: 34.528098 | AE91: =M91-J91 -> -350.47263 | AF91: =M91/J91 -> 0.90264649
B106: 平均 | I106: =AVERAGE(I90:I105) -> 6 | J106: =AVERAGE(J90:J105) -> 3600 | K106: =J106/I106 -> 600 | L106: =AVERAGE(L90:L105) -> 6 | M106: =AVERAGE(M90:M105) -> 3249.9202 | N106: =M106/L106 -> 541.65337 | O106: =L106-I106 -> 0 | P106: =N106-K106 -> -58.346626 | Q106: =N106/K106 -> 0.90275562 | S106: 0.25 | T106: 0.29896991 | Y106: =SUM(Y90:Y105) -> 0 | Z106: =SUM(Z90:Z105) -> 0 | AC106: =SUM(AC90:AC105) -> 0 | AD106: =SUM(AD90:AD105) -> 0 | AE106: =M106-J106 -> -350.07976 | AF106: =M106/J106 -> 0.90275562
A107: 便當二線 (二配) | B107: 微波主食 | C107: 二配香烤魚排青醬燉飯 | E107: 58.17 | F107: 1436 | G107: =E107*F107 -> 83532.12 | I107: 18 | J107: 2000 | K107: =J107/I107 -> 111.11111 | L107: 17 | M107: =F107/V107*60 -> 1802.2 | N107: =M107/L107 -> 106.01176 | O107: =L107-I107 -> -1 | P107: =N107-K107 -> -5.0993464 | Q107: =N107/K107 -> 0.95410588 | R107: =Q123 -> 0.94940833 | S107: 0.70833333 | T107: 0.74152778 | V107: 47.808234 | AE107: =M107-J107 -> -197.8 | AF107: =M107/J107 -> 0.9011 | AG107: =AF123 -> 0.90113333
B108: 微波主食 | C108: 二配濃起司燻腸紅醬焗烤飯 | E108: 50.67 | F108: 1339 | G108: =E108*F108 -> 67847.13 | I108: 20 | J108: 2000 | K108: =J108/I108 -> 100 | L108: 19 | M108: =F108/V108*60 -> 1802 | N108: =M108/L108 -> 94.842105 | O108: =L108-I108 -> -1 | P108: =N108-K108 -> -5.1578947 | Q108: =N108/K108 -> 0.94842105 | S108: 0.74513889 | T108: 0.77609954 | U108: 5.2 | V108: 44.583796 | AE108: =M108-J108 -> -198 | AF108: =M108/J108 -> 0.901
B109: 微波主食 | C109: 二配西班牙風味海鮮燉飯 | E109: 57.3 | F109: 1467 | G109: =E109*F109 -> 84059.1 | I109: 21 | J109: 2000 | K109: =J109/I109 -> 95.238095 | L109: 20 | M109: =F109/V109*60 -> 1802.6 | N109: =M109/L109 -> 90.13 | O109: =L109-I109 -> -1 | P109: =N109-K109 -> -5.1080952 | Q109: =N109/K109 -> 0.946365 | S109: 0.77916667 | T109: 0.81306713 | U109: 5 | V109: 48.829469 | AE109: =M109-J109 -> -197.4 | AF109: =M109/J109 -> 0.9013
B123: 平均 | I123: =AVERAGE(I107:I122) -> 19.666667 | J123: =AVERAGE(J107:J122) -> 2000 | K123: =J123/I123 -> 101.69492 | L123: =AVERAGE(L107:L122) -> 18.666667 | M123: =AVERAGE(M107:M122) -> 1802.2667 | N123: =M123/L123 -> 96.55 | O123: =L123-I123 -> -1 | P123: =N123-K123 -> -5.1449153 | Q123: =N123/K123 -> 0.94940833 | S123: 0.70833333 | T123: 0.81306713 | Y123: =SUM(Y107:Y122) -> 0 | Z123: =SUM(Z107:Z122) -> 0 | AC123: =SUM(AC107:AC122) -> 0 | AD123: =SUM(AD107:AD122) -> 0 | AE123: =M123-J123 -> -197.73333 | AF123: =M123/J123 -> 0.90113333
A124: 涼麵一線 (二配) | B124: 微波主食 | C124: 二配哞哞培根奶香海陸焗飯 | E124: 47.6 | F124: 1880 | G124: =E124*F124 -> 89488 | I124: 23 | J124: 2000 | K124: =J124/I124 -> 86.956522 | L124: 23 | M124: =F124/V124*60 -> 1804.8015 | N124: =M124/L124 -> 78.469629 | O124: =L124-I124 -> 0 | P124: =N124-K124 -> -8.4868927 | Q124: =N124/K124 -> 0.90240073 | R124: =Q140 -> 0.90175182 | S124: 0.70833333 | T124: 0.75172454 | V124: 62.499949 | AE124: =M124-J124 -> -195.19853 | AF124: =M124/J124 -> 0.90240073 | AG124: =AF140 -> 0.90175182
B125: 微波主食 | C125: 二配黃金雞排蘑菇白醬歐姆蛋飯 | E125: 56.87 | F125: 1481 | G125: =E125*F125 -> 84224.47 | I125: 23 | J125: 2000 | K125: =J125/I125 -> 86.956522 | L125: 23 | M125: =F125/V125*60 -> 1803.2791 | N125: =M125/L125 -> 78.40344 | O125: =L125-I125 -> 0 | P125: =N125-K125 -> -8.5530822 | Q125: =N125/K125 -> 0.90163955 | S125: 0.75555556 | T125: 0.78976852 | U125: 5.5166667 | V125: 49.276898 | AE125: =M125-J125 -> -196.72089 | AF125: =M125/J125 -> 0.90163955
B126: 微波主食 | C126: 二配里肌豬排可可咖哩歐姆蛋飯 | E126: 56.79 | F126: 2060 | G126: =E126*F126 -> 116987.4 | I126: 23 | J126: 2000 | K126: =J126/I126 -> 86.956522 | L126: 23 | M126: =F126/V126*60 -> 1802.4304 | N126: =M126/L126 -> 78.366537 | O126: =L126-I126 -> 0 | P126: =N126-K126 -> -8.5899844 | Q126: =N126/K126 -> 0.90121518 | S126: 0.79305556 | T126: 0.8406713 | U126: 4.7333333 | V126: 68.574078 | AE126: =M126-J126 -> -197.56964 | AF126: =M126/J126 -> 0.90121518
B140: 平均 | I140: =AVERAGE(I124:I139) -> 23 | J140: =AVERAGE(J124:J139) -> 2000 | K140: =J140/I140 -> 86.956522 | L140: =AVERAGE(L124:L139) -> 23 | M140: =AVERAGE(M124:M139) -> 1803.5036 | N140: =M140/L140 -> 78.413202 | O140: =L140-I140 -> 0 | P140: =N140-K140 -> -8.5433198 | Q140: =N140/K140 -> 0.90175182 | S140: 0.70833333 | T140: 0.8406713 | Y140: =SUM(Y124:Y139) -> 0 | Z140: =SUM(Z124:Z139) -> 0 | AC140: =SUM(AC124:AC139) -> 0 | AD140: =SUM(AD124:AD139) -> 0 | AE140: =M140-J140 -> -196.49636 | AF140: =M140/J140 -> 0.90175182
AA142: 原因回覆
AA143: 1.當日出勤人數較多
AA144: 2.當日出勤人數較少
AA145: 3.當日出勤熟手較多
AA146: 4.當日出勤新人較多
AA147: 5.機台夾盒
AA148: 6.封膜不順
AA149: 7.更換膠膜
AA150: 8.更換碳帶
AA151: 9.當日熱轉印碳帶異常
AA152: 10.訂單量過少
AA153: 11.新品上市，尚未熟悉
AA154: 12.活動期間品項需貼標

Sheet 0807
B1: 屏榮 大溪廠組合室生產人時性分析
B3: 日期 | C3: 115.08.07星期五 | E3: 訂單量 | F3: ='0807(18度C)'!D1+'0807(4度C)'!D1 -> 157640 | H3: 營業額 | I3: ='0807(18度C)'!F1+'0807(4度C)'!F1 -> 4858510.1
B4: 人時性 | C4: 項目 | E4: ➀ | G4: ➁ | I4: ➂ | K4: ④ | M4: ⑤ | O4: 異常停線 | Q4: 短暫停線
C5: 組合室 | E5: 全溫層 | G5: 4度C-各編組展開(一配) | I5: 4度C-各編組展開(二配) | K5: 18度C-各編組展開(一配) | M5: 18度C-各編組展開(二配) | O5: 合計次數 | P5: 時間 | Q5: 合計次數 | R5: 設備次數
C6: 排關平均 | E6: =AVERAGE(D14:O14,D32:X32) -> 494.44115 | F6: =AVERAGE(#REF!,D14:K14) -> #REF! | G6: =AVERAGE(D14:K14) -> 271.34189 | I6: =AVERAGE(L14:O14) -> 94.325718 | K6: =AVERAGE(D32:O32) -> 737.95063 | M6: =AVERAGE(P32:X32) -> 785.6383 | O6: ='0807(4度C)'!Y2 -> 0 | P6: ='0807(4度C)'!Z2 -> 0 | Q6: ='0807(4度C)'!AC2 -> 0 | R6: ='0807(4度C)'!AD2 -> 0
C7: 實績平均 | E7: =AVERAGE(D15:O15,D33:X33) -> 444.01185 | F7: =AVERAGE(#REF!,D15:K15) -> #REF! | G7: =AVERAGE(D15:K15) -> 239.95018 | I7: =AVERAGE(L15:O15) -> 87.481834 | K7: =AVERAGE(D33:O33) -> 664.33132 | M7: =AVERAGE(P33:X33) -> 708.04991
C8: 達成率平均 | E8: =AVERAGE(D16:O16,D34:X34) -> 0.90004472 | F8: =AVERAGE(D16:K16,#REF!) -> #REF! | G8: =AVERAGE(D16:K16) -> 0.89310208 | I8: =AVERAGE(L16:O16) -> 0.92556788 | K8: =AVERAGE(D34:O34) -> 0.89699145 | M8: =AVERAGE(P34:X34) -> 0.90075037
O9: ※現行日本鮮食廠以達成率80%為基本(即為現行KPI)
B11: 溫層 | D11: ➁4度C-各編組展開 | L11: ➂4度C-各編組展開
B12: 編組 | D12: 1 | E12: 2 | F12: 3 | G12: 4 | H12: 5 | I12: 6 | J12: 7 | K12: 8 | L12: 1 | M12: 2 | N12: 3 | O12: 4
D13: 便當一線 | E13: 便當二線 | F13: 涼麵一線 | G13: 涼麵二線 | H13: 涼麵三線 | I13: 自動包裝機 | J13: 自動包裝機2 | K13: 自動包裝機3 | L13: 便當一線 | M13: 便當二線 | N13: 涼麵一線 | O13: 涼麵二線
B14: 人時性 | C14: 排關 | D14: - | E14: 83.72093 | F14: 117.52 | G14: 90.909091 | H14: 170.52632 | I14: 565.375 | J14: 600 | K14: - | L14: - | M14: 101.69492 | N14: 86.956522 | O14: -
C15: 實績 | D15: - | E15: 75.495047 | F15: 106.08987 | G15: 81.913254 | H15: 153.33525 | I15: 481.17369 | J15: 541.69395 | K15: - | L15: - | M15: 96.567857 | N15: 78.395811 | O15: -
C16: 達成率 | D16: - | E16: =E15/E14 -> 0.9017464 | F16: =F15/F14 -> 0.90273885 | G16: =G15/G14 -> 0.9010458 | H16: =H15/H14 -> 0.8991882 | I16: =I15/I14 -> 0.85106998 | J16: =J15/J14 -> 0.90282325 | K16: - | L16: - | M16: =M15/M14 -> 0.94958393 | N16: =N15/N14 -> 0.90155182 | O16: -
B17: 作業 時間 | C17: 開始 | D17: - | E17: 0.20833333 | F17: 0.20833333 | G17: 0.20833333 | H17: 0.20833333 | I17: 0.20833333 | J17: 0.25 | K17: - | L17: - | M17: 0.70833333 | N17: 0.70833333 | O17: -
C18: 結束 | D18: - | E18: 0.5591088 | F18: 0.50186343 | G18: 0.52289352 | H18: 0.62903935 | I18: 0.39358796 | J18: 0.29645833 | K18: - | L18: - | M18: 0.79226852 | N18: 0.81328704 | O18: -
B19: 產線異常 (5分鐘以上) | C19: 次數
C20: 時間/分
B21: 短暫停線 (5分鐘以下) | C21: 次數
C22: 設備次數
B23: 配置人數 | D23: - | E23: 21.5 | F23: 18 | G23: 22 | H23: 21.111111 | I23: 5.6666667 | J23: 6 | K23: - | L23: - | M23: 18.666667 | N23: 23 | O23: -
B24: 主要應用設備 | D24: L型封口機 | E24: ET-55 | F24: ET-55 | G24: ET-55 | H24: ET-600 | I24: 伺服包裝機 | J24: 伺服包裝機 | K24: 伺服包裝機 | L24: L型封口機 | M24: ET-55 | N24: ET-55 | O24: ET-55
B25: 次要應用設備 | D25: 伺服包裝機 | H25: 伺服包裝機
B26: 備註 | H26: 涼麵+烤飯糰 | I26: 大口飯糰線 | K26: 烤飯糰+手卷
B29: 溫層 | D29: ➃18度C-各編組展開 (一配) | P29: ⑤18度C-各編組展開 (二配)
B30: 編組 | D30: 1 | E30: 2 | F30: 3 | G30: 4 | H30: 5 | I30: 6 | J30: 7 | K30: 8 | L30: 9 | M30: 10 | N30: 11 | O30: 12 | P30: 1 | Q30: 2 | R30: 3 | S30: 4 | T30: 5 | U30: 6 | V30: 7 | W30: 8 | X30: 9
D31: 便當一線 | E31: 涼麵一線 | F31: 涼麵三線 | G31: 自動包裝機 | H31: 自動包裝機2 | I31: 自動包裝機3 | J31: 味付飯糰線B | K31: (舊) 3300型飯糰線 | L31: 3000型飯糰線 | M31: (新) 3300型飯糰機 | N31: GKK3600型 飯糰機 | O31: GKK3600型 飯糰機2 | P31: 自動包裝機 | Q31: 自動包裝機2 | R31: 自動包裝機3 | S31: 味付飯糰線B | T31: (舊) 3300型飯糰線 | U31: 3000型飯糰線 | V31: (新) 3300型飯糰機 | W31: GKK3600型 飯糰機 | X31: GKK3600型 飯糰機2
B32: 人時性 | C32: 排關 | D32: - | E32: - | F32: - | G32: 327.27273 | H32: - | I32: - | J32: - | K32: - | L32: - | M32: 825 | N32: 940.90909 | O32: 858.62069 | P32: 490.90909 | Q32: - | R32: - | S32: - | T32: - | U32: - | V32: 709.09091 | W32: 1100 | X32: 842.55319
C33: 實績 | D33: - | E33: - | F33: - | G33: 287.47015 | H33: - | I33: - | J33: - | K33: - | L33: - | M33: 753.43885 | N33: 846.75455 | O33: 769.66175 | P33: 438.58098 | Q33: - | R33: - | S33: - | T33: - | U33: - | V33: 647.38859 | W33: 993.3622 | X33: 752.86788
C34: 達成率 | D34: - | E34: - | F34: - | G34: =G33/G32 -> 0.87838102 | H34: - | I34: - | J34: - | K34: - | L34: - | M34: =M33/M32 -> 0.91325921 | N34: =N33/N32 -> 0.89993237 | O34: =O33/O32 -> 0.8963932 | P34: =P33/P32 -> 0.89340571 | Q34: - | R34: - | S34: - | T34: - | U34: - | V34: =V33/V32 -> 0.91298391 | W34: =W33/W32 -> 0.90305655 | X34: =X33/X32 -> 0.89355531
B35: 作業 時間 | C35: 開始 | D35: - | E35: - | F35: - | G35: 0.20833333 | H35: - | I35: - | J35: - | K35: - | L35: - | M35: 0.31319444 | N35: 0.25 | O35: 0.25 | P35: 0.70833333 | Q35: - | R35: - | S35: - | T35: - | U35: - | V35: 0.70833333 | W35: 0.73055556 | X35: 0.73541667
C36: 結束 | D36: - | E36: - | F36: - | G36: 0.39358796 | H36: - | I36: - | J36: - | K36: - | L36: - | M36: 0.38369213 | N36: 0.46917824 | O36: 0.4765625 | P36: 0.74884259 | Q36: - | R36: - | S36: - | T36: - | U36: - | V36: 0.84336806 | W36: 1.0254282 | X36: 1.0433333
B37: 配置人數 | D37: - | E37: - | F37: - | G37: 11 | H37: - | I37: - | J37: - | K37: - | L37: - | M37: 4 | N37: 3.6666667 | O37: 4.1428571 | P37: 7.3333333 | Q37: - | R37: - | S37: - | T37: - | U37: - | V37: 4.4 | W37: 3 | X37: 4.2727273
B38: 主要應用設備 | D38: 伺服包裝機 | E38: ET-55 | F38: ET-600 | G38: 夾心型 | H38: 伺服包裝機 | I38: 伺服包裝機 | J38: 夾心型 | K38: 3300型 | L38: 3300型 | M38: 3300型 | N38: GKK | O38: GKK | P38: 夾心型 | Q38: 伺服包裝機 | R38: 伺服包裝機 | S38: 夾心型 | T38: 3300型 | U38: 3300型 | V38: 3300型 | W38: GKK | X38: GKK
B39: 次要應用設備
B40: 備註

Sheet 0807(18度C)
A1: 大溪廠日報分析 | C1: 總生產量 | D1: =SUM(F5:F140) -> 83140 | E1: 營業額 | F1: =SUM(G5:G140) -> 1653087.4 | G1: 出勤人數 | H1: =L21+L38+L55+L72+L89+L106+L123+L140 -> 41.815584 | I1: 產線配置圖 | L1: 生產實績 | O1: 人時性差異分析 | S1: 日報登錄 | Y1: 分析說明 | AA1: 產能差異分析
A2: 46241 | C2: 人時性 | D2: =AVERAGE(N21,N38,N55,N72,N89,N106,N123,N140) -> 686.19062 | E2: 平均廠價 | F2: =F1/D1 -> 19.883178 | G2: 多次生產數 | H2: =COUNT(H5:H140) -> 7
A3: 線別 | B3: 品類 | C3: 品名 | E3: 廠價 | F3: 生產量 | G3: 營收 | H3: 多次 生產 | I3: 人數 | J3: 產能/時 | K3: 人時性 | L3: 人數 | M3: 產能/時 | N3: 人時性 | O3: 人數 | P3: 人時性 | Q3: 達成率 | R3: 達成率 平均 | S3: 生產時間 | U3: 換線、休息/分 | V3: 稼動時間/分 | W3: 休息時間 | Y3: (屏榮回填) | AA3: 產能/時 | AB3: 達成率 | AC3: 達成率平均
S4: 開始 | T4: 結束 | W4: 開始 | X4: 結束
A5: 自動包裝機 | B5: 18℃-壽司手卷 | C5: 一配長野稻荷壽司 | E5: 25.64 | F5: 1492 | G5: =E5*F5 -> 38254.88 | I5: 10 | J5: 3600 | K5: =J5/I5 -> 360 | L5: 10 | M5: =F5/V5*60 -> 3217.9696 | N5: =M5/L5 -> 321.79696 | O5: =L5-I5 -> 0 | P5: =N5-K5 -> -38.203045 | Q5: =N5/K5 -> 0.89388043 | R5: =Q21 -> 0.87838102 | S5: 0.20833333 | T5: 0.22765046 | V5: 27.818784 | AA5: =M5-J5 -> -382.03045 | AB5: =M5/J5 -> 0.89388043 | AC5: =AB21 -> 0.87838102
B6: 18℃-壽司手卷 | C6: 一配經典人氣雙手卷 | E6: 29.52 | F6: 2178 | G6: =E6*F6 -> 64294.56 | I6: 11 | J6: 3600 | K6: =J6/I6 -> 327.27273 | L6: 11 | M6: =F6/V6*60 -> 3157.9033 | N6: =M6/L6 -> 287.08212 | O6: =L6-I6 -> 0 | P6: =N6-K6 -> -40.190605 | Q6: =N6/K6 -> 0.87719537 | S6: 0.23055556 | T6: 0.25928241 | U6: 5 | V6: 41.381887 | AA6: =M6-J6 -> -442.09666 | AB6: =M6/J6 -> 0.87719537
B7: 18℃-壽司手卷 | C7: 一配鮭鮪海饌雙手卷 | E7: 29.85 | F7: 2555 | G7: =E7*F7 -> 76266.75 | I7: 11 | J7: 3600 | K7: =J7/I7 -> 327.27273 | L7: 11 | M7: =F7/V7*60 -> 3156.9319 | N7: =M7/L7 -> 286.99381 | O7: =L7-I7 -> 0 | P7: =N7-K7 -> -40.278918 | Q7: =N7/K7 -> 0.87692553 | S7: 0.26319444 | T7: 0.29690972 | U7: 5.6333333 | V7: 48.559806 | AA7: =M7-J7 -> -443.06809 | AB7: =M7/J7 -> 0.87692553
B8: 18℃-壽司手卷 | C8: 一配青木瓜雞絲泰泰雙手卷 | E8: 30 | F8: 1544 | G8: =E8*F8 -> 46320 | I8: 11 | J8: 3600 | K8: =J8/I8 -> 327.27273 | L8: 11 | M8: =F8/V8*60 -> 3156.9512 | N8: =M8/L8 -> 286.99556 | O8: =L8-I8 -> 0 | P8: =N8-K8 -> -40.277166 | Q8: =N8/K8 -> 0.87693088 | S8: 0.3 | T8: 0.32037037 | U8: 5 | V8: 29.344768 | AA8: =M8-J8 -> -443.04883 | AB8: =M8/J8 -> 0.87693088
B9: 18℃-飯糰 | C9: 一配兩粒飯糰(鮪魚.焦糖鮭魚) | E9: 28.57 | F9: 1138 | G9: =E9*F9 -> 32512.66 | I9: 12 | J9: 3600 | K9: =J9/I9 -> 300 | L9: 12 | M9: =F9/V9*60 -> 3121.1023 | N9: =M9/L9 -> 260.09186 | O9: =L9-I9 -> 0 | P9: =N9-K9 -> -39.908141 | Q9: =N9/K9 -> 0.86697286 | S9: 0.32430556 | T9: 0.33949074 | U9: 5.6666667 | V9: 21.876886 | AA9: =M9-J9 -> -478.89769 | AB9: =M9/J9 -> 0.86697286
B21: 平均 | I21: =AVERAGE(I5:I20) -> 11 | J21: =AVERAGE(J5:J20) -> 3600 | K21: =J21/I21 -> 327.27273 | L21: =AVERAGE(L5:L20) -> 11 | M21: =AVERAGE(M5:M20) -> 3162.1717 | N21: =M21/L21 -> 287.47015 | O21: =L21-I21 -> 0 | P21: =N21-K21 -> -39.802577 | Q21: =N21/K21 -> 0.87838102 | S21: 0.20833333 | T21: 0.39358796 | AA21: =M21-J21 -> -437.82834 | AB21: =M21/J21 -> 0.87838102
A22: (新) 3300型飯糰機 | B22: 18℃-飯糰 | C22: 一配鮭魚奶油醬油飯糰 | E22: 18.53 | F22: 1890 | G22: =E22*F22 -> 35021.7 | I22: 3 | J22: 3300 | K22: =J22/I22 -> 1100 | L22: 3 | M22: =F22/V22*60 -> 3012.4334 | N22: =M22/L22 -> 1004.1445 | O22: =L22-I22 -> 0 | P22: =N22-K22 -> -95.85552 | Q22: =N22/K22 -> 0.91285862 | R22: =Q38 -> 0.91325921 | S22: 0.31319444 | T22: 0.3393287 | V22: 37.643985 | AA22: =M22-J22 -> -287.56656 | AB22: =M22/J22 -> 0.91285862 | AC22: =AB38 -> 0.91325921
B23: 18℃-飯糰 | C23: 一配壹號醬炙烤牛飯糰 | E23: 22.28 | F23: 592 | G23: =E23*F23 -> 13189.76 | I23: 5 | J23: 3300 | K23: =J23/I23 -> 660 | L23: 5 | M23: =F23/V23*60 -> 3016.0398 | N23: =M23/L23 -> 603.20796 | O23: =L23-I23 -> 0 | P23: =N23-K23 -> -56.792039 | Q23: =N23/K23 -> 0.91395146 | S23: 0.34236111 | T23: 0.35053241 | U23: 5 | V23: 11.777033 | AA23: =M23-J23 -> -283.96019 | AB23: =M23/J23 -> 0.91395146
B24: 18℃-飯糰 | C24: 一配鹽蔥燒肉飯糰 | E24: 17.89 | F24: 2135 | G24: =E24*F24 -> 38195.15 | I24: 4 | J24: 3300 | K24: =J24/I24 -> 825 | L24: 4 | M24: =F24/V24*60 -> 3012.793 | N24: =M24/L24 -> 753.19824 | O24: =L24-I24 -> 0 | P24: =N24-K24 -> -71.801761 | Q24: =N24/K24 -> 0.91296756 | S24: 0.35416667 | T24: 0.38369213 | U24: 5.2333333 | V24: 42.518687 | AA24: =M24-J24 -> -287.20704 | AB24: =M24/J24 -> 0.91296756
B38: 平均 | I38: =AVERAGE(I22:I37) -> 4 | J38: =AVERAGE(J22:J37) -> 3300 | K38: =J38/I38 -> 825 | L38: =AVERAGE(L22:L37) -> 4 | M38: =AVERAGE(M22:M37) -> 3013.7554 | N38: =M38/L38 -> 753.43885 | O38: =L38-I38 -> 0 | P38: =N38-K38 -> -71.56115 | Q38: =N38/K38 -> 0.91325921 | S38: 0.31319444 | T38: 0.38369213 | AA38: =M38-J38 -> -286.2446 | AB38: =M38/J38 -> 0.91325921
A39: GKK3600型 飯糰機 | B39: 18℃-飯糰 | C39: 一配熟成紅鮭飯糰 | E39: 25.03 | F39: 648 | G39: =E39*F39 -> 16219.44 | I39: 5 | J39: 3600 | K39: =J39/I39 -> 720 | L39: 5 | M39: =F39/V39*60 -> 3218.5096 | N39: =M39/L39 -> 643.70191 | O39: =L39-I39 -> 0 | P39: =N39-K39 -> -76.29809 | Q39: =N39/K39 -> 0.89403043 | R39: =Q55 -> 0.89993237 | S39: 0.25 | T39: 0.25837963 | V39: 12.080126 | AA39: =M39-J39 -> -381.49045 | AB39: =M39/J39 -> 0.89403043 | AC39: =AB55 -> 0.89993237
B40: 18℃-飯糰 | C40: 一配蔬食鮪魚飯糰 | E40: 18.18 | F40: 932 | G40: =E40*F40 -> 16943.76 | I40: 3 | J40: 3600 | K40: =J40/I40 -> 1200 | L40: 3 | M40: =F40/V40*60 -> 3217.8018 | N40: =M40/L40 -> 1072.6006 | O40: =L40-I40 -> 0 | P40: =N40-K40 -> -127.3994 | Q40: =N40/K40 -> 0.89383384 | S40: 0.26875 | T40: 0.28081019 | U40: 14.933333 | V40: 17.378323 | AA40: =M40-J40 -> -382.19819 | AB40: =M40/J40 -> 0.89383384
B41: 18℃-飯糰 | C41: 一配北海道秋鮭親子飯糰 | E41: 24.82 | F41: 944 | G41: =E41*F41 -> 23430.08 | I41: 5 | J41: 3600 | K41: =J41/I41 -> 720 | L41: 5 | M41: =F41/V41*60 -> 3218.9202 | N41: =M41/L41 -> 643.78403 | O41: =L41-I41 -> 0 | P41: =N41-K41 -> -76.215968 | Q41: =N41/K41 -> 0.89414449 | S41: 0.29097222 | T41: 0.30318287 | U41: 14.633333 | V41: 17.595963 | AA41: =M41-J41 -> -381.07984 | AB41: =M41/J41 -> 0.89414449
B42: 18℃-飯糰 | C42: 一配黑胡椒洋蔥豬飯糰 | E42: 17.07 | F42: 1541 | G42: =E42*F42 -> 26304.87 | I42: 3 | J42: 3300 | K42: =J42/I42 -> 1100 | L42: 3 | M42: =F42/V42*60 -> 3015.6672 | N42: =M42/L42 -> 1005.2224 | O42: =L42-I42 -> 0 | P42: =N42-K42 -> -94.777606 | Q42: =N42/K42 -> 0.91383854 | S42: 0.31319444 | T42: 0.33447917 | U42: 15 | V42: 30.659882 | AA42: =M42-J42 -> -284.33282 | AB42: =M42/J42 -> 0.91383854
B43: 18℃-飯糰 | C43: 一配經典肉鬆飯糰 | E43: 14.03 | F43: 3457 | G43: =E43*F43 -> 48501.71 | I43: 3 | J43: 3000 | K43: =J43/I43 -> 1000 | L43: 3 | M43: =F43/V43*60 -> 2741.9161 | N43: =M43/L43 -> 913.97204 | O43: =L43-I43 -> 0 | P43: =N43-K43 -> -86.027962 | Q43: =N43/K43 -> 0.91397204 | S43: 0.34444444 | T43: 0.39696759 | U43: 15 | V43: 75.647829 | AA43: =M43-J43 -> -258.08389 | AB43: =M43/J43 -> 0.91397204
B44: 18℃-飯糰 | C44: 一配鮪魚飯糰 | E44: 14.28 | F44: 4804 | G44: =E44*F44 -> 68601.12 | I44: 3 | J44: 3600 | K44: =J44/I44 -> 1200 | L44: 3 | M44: =F44/V44*60 -> 3215.7852 | N44: =M44/L44 -> 1071.9284 | O44: =L44-I44 -> 0 | P44: =N44-K44 -> -128.07159 | Q44: =N44/K44 -> 0.89327368 | S44: 0.40694444 | T44: 0.46917824 | U44: 15 | V44: 89.632851 | AA44: =M44-J44 -> -384.21476 | AB44: =M44/J44 -> 0.89327368
B55: 平均 | I55: =AVERAGE(I39:I54) -> 3.6666667 | J55: =AVERAGE(J39:J54) -> 3450 | K55: =J55/I55 -> 940.90909 | L55: =AVERAGE(L39:L54) -> 3.6666667 | M55: =AVERAGE(M39:M54) -> 3104.7667 | N55: =M55/L55 -> 846.75455 | O55: =L55-I55 -> 0 | P55: =N55-K55 -> -94.154543 | Q55: =N55/K55 -> 0.89993237 | S55: 0.25 | T55: 0.46917824 | AA55: =M55-J55 -> -345.23332 | AB55: =M55/J55 -> 0.89993237
A56: GKK3600型 飯糰機2 | B56: 18℃-飯糰 | C56: 一配椒鹽檸檬鯖魚飯糰 | E56: 20.72 | F56: 1076 | G56: =E56*F56 -> 22294.72 | I56: 3 | J56: 3600 | K56: =J56/I56 -> 1200 | L56: 3 | M56: =F56/V56*60 -> 3217.6384 | N56: =M56/L56 -> 1072.5461 | O56: =L56-I56 -> 0 | P56: =N56-K56 -> -127.45388 | Q56: =N56/K56 -> 0.89378843 | R56: =Q72 -> 0.8963932 | S56: 0.25 | T56: 0.26392361 | V56: 20.064405 | AA56: =M56-J56 -> -382.36164 | AB56: =M56/J56 -> 0.89378843 | AC56: =AB72 -> 0.8963932
B57: 18℃-飯糰 | C57: 一配柚檸海灣貝飯糰 | E57: 23.72 | F57: 453 | G57: =E57*F57 -> 10745.16 | I57: 5 | J57: 3600 | K57: =J57/I57 -> 720 | L57: 5 | M57: =F57/V57*60 -> 3217.5111 | N57: =M57/L57 -> 643.50223 | O57: =L57-I57 -> 0 | P57: =N57-K57 -> -76.49777 | Q57: =N57/K57 -> 0.8937531 | S57: 0.27430556 | T57: 0.28016204 | U57: 14.95 | V57: 8.4475232 | AA57: =M57-J57 -> -382.48885 | AB57: =M57/J57 -> 0.8937531
B58: 18℃-飯糰 | C58: 一配贅沢鮭魚肚飯糰 | E58: 30 | F58: 1413 | G58: =E58*F58 -> 42390 | I58: 4 | J58: 3600 | K58: =J58/I58 -> 900 | L58: 4 | M58: =F58/V58*60 -> 3218.9107 | N58: =M58/L58 -> 804.72767 | O58: =L58-I58 -> 0 | P58: =N58-K58 -> -95.272331 | Q58: =N58/K58 -> 0.89414185 | S58: 0.29027778 | T58: 0.30856481 | U58: 14.566667 | V58: 26.338103 | AA58: =M58-J58 -> -381.08933 | AB58: =M58/J58 -> 0.89414185
B59: 18℃-飯糰 | C59: 一配筋子銀鮭飯糰 | E59: 30 | F59: 1690 | G59: =E59*F59 -> 50700 | I59: 4 | J59: 3300 | K59: =J59/I59 -> 825 | L59: 4 | M59: =F59/V59*60 -> 3018.0909 | N59: =M59/L59 -> 754.52273 | O59: =L59-I59 -> 0 | P59: =N59-K59 -> -70.477275 | Q59: =N59/K59 -> 0.914573 | S59: 0.31875 | T59: 0.34207176 | U59: 14.666667 | V59: 33.597398 | AA59: =M59-J59 -> -281.9091 | AB59: =M59/J59 -> 0.914573
B60: 18℃-飯糰 | C60: 一配鹽蔥生鮭飯糰 | E60: 27.48 | F60: 2481 | G60: =E60*F60 -> 68177.88 | I60: 5 | J60: 3600 | K60: =J60/I60 -> 720 | L60: 5 | M60: =F60/V60*60 -> 3218.7659 | N60: =M60/L60 -> 643.75318 | O60: =L60-I60 -> 0 | P60: =N60-K60 -> -76.246825 | Q60: =N60/K60 -> 0.89410163 | S60: 0.35208333 | T60: 0.38418981 | U60: 15 | V60: 46.247539 | AA60: =M60-J60 -> -381.23412 | AB60: =M60/J60 -> 0.89410163
B61: 18℃-飯糰 | C61: 一配明太子龍蝦風味沙拉飯糰 | E61: 18.18 | F61: 1597 | G61: =E61*F61 -> 29033.46 | I61: 3 | J61: 3600 | K61: =J61/I61 -> 1200 | L61: 3 | M61: =F61/V61*60 -> 3214.8063 | N61: =M61/L61 -> 1071.6021 | O61: =L61-I61 -> 0 | P61: =N61-K61 -> -128.39791 | Q61: =N61/K61 -> 0.89300174 | S61: 0.39444444 | T61: 0.41513889 | U61: 14.766667 | V61: 29.805839 | AA61: =M61-J61 -> -385.19372 | AB61: =M61/J61 -> 0.89300174
B62: 18℃-飯糰 | C62: 一配雞肉飯飯糰 | E62: 16.66 | F62: 3978 | G62: =E62*F62 -> 66273.48 | I62: 5 | J62: 3600 | K62: =J62/I62 -> 720 | L62: 5 | M62: =F62/V62*60 -> 3214.4674 | N62: =M62/L62 -> 642.89347 | O62: =L62-I62 -> 0 | P62: =N62-K62 -> -77.106527 | Q62: =N62/K62 -> 0.8929076 | S62: 0.425 | T62: 0.4765625 | U62: 15 | V62: 74.251804 | AA62: =M62-J62 -> -385.53263 | AB62: =M62/J62 -> 0.8929076
B72: 平均 | I72: =AVERAGE(I56:I71) -> 4.1428571 | J72: =AVERAGE(J56:J71) -> 3557.1429 | K72: =J72/I72 -> 858.62069 | L72: =AVERAGE(L56:L71) -> 4.1428571 | M72: =AVERAGE(M56:M71) -> 3188.5987 | N72: =M72/L72 -> 769.66175 | O72: =L72-I72 -> 0 | P72: =N72-K72 -> -88.958945 | Q72: =N72/K72 -> 0.8963932 | S72: 0.25 | T72: 0.4765625 | AA72: =M72-J72 -> -368.5442 | AB72: =M72/J72 -> 0.8963932
A73: 自動包裝機 (二配) | B73: 18℃-飯糰 | C73: 二配兩粒飯糰(鮪魚.焦糖鮭魚) | E73: 28.57 | F73: 1311 | G73: =E73*F73 -> 37455.27 | I73: 12 | J73: 3600 | K73: =J73/I73 -> 300 | L73: 12 | M73: =F73/V73*60 -> 3120.1541 | N73: =M73/L73 -> 260.01284 | O73: =L73-I73 -> 0 | P73: =N73-K73 -> -39.987159 | Q73: =N73/K73 -> 0.86670947 | R73: =Q89 -> 0.89340571 | S73: 0.70833333 | T73: 0.72583333 | V73: 25.210293 | AA73: =M73-J73 -> -479.84591 | AB73: =M73/J73 -> 0.86670947 | AC73: =AB89 -> 0.89340571
B74: 18℃-飯糰 | C74: 二配柚香雞胸五穀飯糰 | E74: 17.71 | F74: 429 | G74: =E74*F74 -> 7597.59 | I74: 5 | J74: 3600 | K74: =J74/I74 -> 720 | L74: 5 | M74: =F74/V74*60 -> 3263.7178 | N74: =M74/L74 -> 652.74356 | O74: =L74-I74 -> 0 | P74: =N74-K74 -> -67.25644 | Q74: =N74/K74 -> 0.90658828 | S74: 0.72916667 | T74: 0.7346412 | U74: 4.8 | V74: 7.8867113 | AA74: =M74-J74 -> -336.2822 | AB74: =M74/J74 -> 0.90658828
B75: 18℃-飯糰 | C75: 二配鮭魚毛豆炊飯飯糰 | E75: 18.92 | F75: 889 | G75: =E75*F75 -> 16819.88 | I75: 5 | J75: 3600 | K75: =J75/I75 -> 720 | L75: 5 | M75: =F75/V75*60 -> 3264.9098 | N75: =M75/L75 -> 652.98195 | O75: =L75-I75 -> 0 | P75: =N75-K75 -> -67.018047 | Q75: =N75/K75 -> 0.90691938 | S75: 0.7375 | T75: 0.74884259 | U75: 5 | V75: 16.337358 | AA75: =M75-J75 -> -335.09023 | AB75: =M75/J75 -> 0.90691938
B89: 平均 | I89: =AVERAGE(I73:I88) -> 7.3333333 | J89: =AVERAGE(J73:J88) -> 3600 | K89: =J89/I89 -> 490.90909 | L89: =AVERAGE(L73:L88) -> 7.3333333 | M89: =AVERAGE(M73:M88) -> 3216.2606 | N89: =M89/L89 -> 438.58098 | O89: =L89-I89 -> 0 | P89: =N89-K89 -> -52.328107 | Q89: =N89/K89 -> 0.89340571 | S89: 0.70833333 | T89: 0.74884259 | AA89: =M89-J89 -> -383.73945 | AB89: =M89/J89 -> 0.89340571
A90: (新) 3300型飯糰機 (二配) | B90: 18℃-飯糰 | C90: 二配大飯糰乾燒風味鮮蝦 | E90: 23.27 | F90: 403 | G90: =E90*F90 -> 9377.81 | I90: 5 | J90: 3000 | K90: =J90/I90 -> 600 | L90: 5 | M90: =F90/V90*60 -> 2740.8771 | N90: =M90/L90 -> 548.17543 | O90: =L90-I90 -> 0 | P90: =N90-K90 -> -51.824572 | Q90: =N90/K90 -> 0.91362571 | R90: =Q106 -> 0.91298391 | S90: 0.70833333 | T90: 0.71445602 | V90: 8.8219934 | AA90: =M90-J90 -> -259.12286 | AB90: =M90/J90 -> 0.91362571 | AC90: =AB106 -> 0.91298391
B91: 18℃-飯糰 | C91: 二配大飯糰韓式蒜烤豬五花 | E91: 24.54 | F91: 1132 | G91: =E91*F91 -> 27779.28 | I91: 4 | J91: 3000 | K91: =J91/I91 -> 750 | L91: 4 | M91: =F91/V91*60 -> 2739.9099 | N91: =M91/L91 -> 684.97748 | O91: =L91-I91 -> 0 | P91: =N91-K91 -> -65.022523 | Q91: =N91/K91 -> 0.9133033 | S91: 0.71805556 | T91: 0.7352662 | U91: 5.1833333 | V91: 24.789136 | AA91: =M91-J91 -> -260.09009 | AB91: =M91/J91 -> 0.9133033
B92: 18℃-飯糰 | C92: 二配大飯糰泡菜鮪魚 | E92: 24.33 | F92: 1218 | G92: =E92*F92 -> 29633.94 | I92: 4 | J92: 3000 | K92: =J92/I92 -> 750 | L92: 4 | M92: =F92/V92*60 -> 2737.5851 | N92: =M92/L92 -> 684.39627 | O92: =L92-I92 -> 0 | P92: =N92-K92 -> -65.603727 | Q92: =N92/K92 -> 0.91252836 | S92: 0.73888889 | T92: 0.75741898 | U92: 5.2166667 | V92: 26.695061 | AA92: =M92-J92 -> -262.41491 | AB92: =M92/J92 -> 0.91252836
B93: 18℃-飯糰 | C93: 二配壹號醬炙烤牛飯糰 | E93: 22.28 | F93: 1336 | G93: =E93*F93 -> 29766.08 | I93: 5 | J93: 3300 | K93: =J93/I93 -> 660 | L93: 5 | M93: =F93/V93*60 -> 3011.2888 | N93: =M93/L93 -> 602.25775 | O93: =L93-I93 -> 0 | P93: =N93-K93 -> -57.742245 | Q93: =N93/K93 -> 0.91251175 | S93: 0.76041667 | T93: 0.77890046 | U93: 5 | V93: 26.619832 | AA93: =M93-J93 -> -288.71123 | AB93: =M93/J93 -> 0.91251175
B94: 18℃-飯糰 | C94: 二配鹽蔥燒肉飯糰 | E94: 17.89 | F94: 4392 | G94: =E94*F94 -> 78572.88 | I94: 4 | J94: 3300 | K94: =J94/I94 -> 825 | L94: 4 | M94: =F94/V94*60 -> 3012.8881 | N94: =M94/L94 -> 753.22202 | O94: =L94-I94 -> 0 | P94: =N94-K94 -> -71.777981 | Q94: =N94/K94 -> 0.91299639 | S94: 0.78263889 | T94: 0.84336806 | U94: 5.3833333 | V94: 87.464251 | AA94: =M94-J94 -> -287.11192 | AB94: =M94/J94 -> 0.91299639
B106: 平均 | I106: =AVERAGE(I90:I105) -> 4.4 | J106: =AVERAGE(J90:J105) -> 3120 | K106: =J106/I106 -> 709.09091 | L106: =AVERAGE(L90:L105) -> 4.4 | M106: =AVERAGE(M90:M105) -> 2848.5098 | N106: =M106/L106 -> 647.38859 | O106: =L106-I106 -> 0 | P106: =N106-K106 -> -61.702318 | Q106: =N106/K106 -> 0.91298391 | S106: 0.70833333 | T106: 0.84336806 | AA106: =M106-J106 -> -271.4902 | AB106: =M106/J106 -> 0.91298391
A107: GKK3600型 飯糰機 (二配) | B107: 18℃-飯糰 | C107: 二配芝麻香鬆飯糰 | E107: 18.18 | F107: 1751 | G107: =E107*F107 -> 31833.18 | I107: 3 | J107: 3000 | K107: =J107/I107 -> 1000 | L107: 3 | M107: =F107/V107*60 -> 2741.5541 | N107: =M107/L107 -> 913.85137 | O107: =L107-I107 -> 0 | P107: =N107-K107 -> -86.148628 | Q107: =N107/K107 -> 0.91385137 | R107: =Q123 -> 0.90305655 | S107: 0.73055556 | T107: 0.75716435 | V107: 38.32133 | AA107: =M107-J107 -> -258.44588 | AB107: =M107/J107 -> 0.91385137 | AC107: =AB123 -> 0.90305655
B108: 18℃-飯糰 | C108: 二配蔬食鮪魚飯糰 | E108: 18.18 | F108: 1068 | G108: =E108*F108 -> 19416.24 | I108: 3 | J108: 3600 | K108: =J108/I108 -> 1200 | L108: 3 | M108: =F108/V108*60 -> 3219.0446 | N108: =M108/L108 -> 1073.0149 | O108: =L108-I108 -> 0 | P108: =N108-K108 -> -126.98513 | Q108: =N108/K108 -> 0.89417906 | S108: 0.76736111 | T108: 0.78118056 | U108: 14.683333 | V108: 19.906527 | AA108: =M108-J108 -> -380.95538 | AB108: =M108/J108 -> 0.89417906
B109: 18℃-飯糰 | C109: 二配經典肉鬆飯糰 | E109: 14.03 | F109: 1791 | G109: =E109*F109 -> 25127.73 | H109: 2 | I109: 3 | J109: 3000 | K109: =J109/I109 -> 1000 | L109: 3 | M109: =F109/V109*60 -> 2741.8401 | N109: =M109/L109 -> 913.9467 | O109: =L109-I109 -> 0 | P109: =N109-K109 -> -86.0533 | Q109: =N109/K109 -> 0.9139467 | S109: 0.79097222 | T109: 0.81818287 | U109: 15 | V109: 39.192658 | AA109: =M109-J109 -> -258.1599 | AB109: =M109/J109 -> 0.9139467
B110: 18℃-飯糰 | C110: 二配鮪魚飯糰 | E110: 14.28 | F110: 2197 | G110: =E110*F110 -> 31373.16 | H110: 2 | I110: 3 | J110: 3600 | K110: =J110/I110 -> 1200 | L110: 3 | M110: =F110/V110*60 -> 3218.1203 | N110: =M110/L110 -> 1072.7068 | O110: =L110-I110 -> 0 | P110: =N110-K110 -> -127.29322 | Q110: =N110/K110 -> 0.89392231 | S110: 0.82847222 | T110: 0.85690972 | U110: 14.816667 | V110: 40.9618 | AA110: =M110-J110 -> -381.87967 | AB110: =M110/J110 -> 0.89392231
B111: 18℃-飯糰 | C111: 二配經典肉鬆飯糰 | E111: 14.03 | F111: 4642 | G111: =E111*F111 -> 65127.26 | I111: 3 | J111: 3000 | K111: =J111/I111 -> 1000 | L111: 3 | M111: =F111/V111*60 -> 2741.8401 | N111: =M111/L111 -> 913.9467 | O111: =L111-I111 -> 0 | P111: =N111-K111 -> -86.0533 | Q111: =N111/K111 -> 0.9139467 | S111: 0.86666667 | T111: 0.93719907 | U111: 15 | V111: 101.58142 | AA111: =M111-J111 -> -258.1599 | AB111: =M111/J111 -> 0.9139467
B112: 18℃-飯糰 | C112: 二配鮪魚飯糰 | E112: 14.28 | F112: 6041 | G112: =E112*F112 -> 86265.48 | I112: 3 | J112: 3600 | K112: =J112/I112 -> 1200 | L112: 3 | M112: =F112/V112*60 -> 3218.1203 | N112: =M112/L112 -> 1072.7068 | O112: =L112-I112 -> 0 | P112: =N112-K112 -> -127.29322 | Q112: =N112/K112 -> 0.89392231 | S112: 0.94722222 | T112: 1.0254282 | U112: 15 | V112: 112.63097 | AA112: =M112-J112 -> -381.87967 | AB112: =M112/J112 -> 0.89392231
B123: 平均 | I123: =AVERAGE(I107:I122) -> 3 | J123: =AVERAGE(J107:J122) -> 3300 | K123: =J123/I123 -> 1100 | L123: =AVERAGE(L107:L122) -> 3 | M123: =AVERAGE(M107:M122) -> 2980.0866 | N123: =M123/L123 -> 993.3622 | O123: =L123-I123 -> 0 | P123: =N123-K123 -> -106.6378 | Q123: =N123/K123 -> 0.90305655 | S123: 0.73055556 | T123: 1.0254282 | AA123: =M123-J123 -> -319.9134 | AB123: =M123/J123 -> 0.90305655
A124: GKK3600型 飯糰機2 (二配) | B124: 18℃-飯糰 | C124: 二配熟成紅鮭飯糰 | E124: 25.03 | F124: 385 | G124: =E124*F124 -> 9636.55 | H124: 2 | I124: 5 | J124: 3600 | K124: =J124/I124 -> 720 | L124: 5 | M124: =F124/V124*60 -> 3217.0687 | N124: =M124/L124 -> 643.41375 | O124: =L124-I124 -> 0 | P124: =N124-K124 -> -76.586251 | Q124: =N124/K124 -> 0.89363021 | R124: =Q140 -> 0.89355531 | S124: 0.73541667 | T124: 0.74039352 | V124: 7.1804496 | AA124: =M124-J124 -> -382.93126 | AB124: =M124/J124 -> 0.89363021 | AC124: =AB140 -> 0.89355531
B125: 18℃-飯糰 | C125: 二配三杯醬爆菇菇飯糰 | E125: 16.7 | F125: 1178 | G125: =E125*F125 -> 19672.6 | I125: 3 | J125: 3600 | K125: =J125/I125 -> 1200 | L125: 3 | M125: =F125/V125*60 -> 3219.8039 | N125: =M125/L125 -> 1073.268 | O125: =L125-I125 -> 0 | P125: =N125-K125 -> -126.73204 | Q125: =N125/K125 -> 0.89438997 | S125: 0.75069444 | T125: 0.7659375 | U125: 14.833333 | V125: 21.951648 | AA125: =M125-J125 -> -380.19611 | AB125: =M125/J125 -> 0.89438997
B126: 18℃-飯糰 | C126: 二配贅沢鮭魚肚飯糰 | E126: 30 | F126: 575 | G126: =E126*F126 -> 17250 | H126: 2 | I126: 4 | J126: 3600 | K126: =J126/I126 -> 900 | L126: 4 | M126: =F126/V126*60 -> 3214.56 | N126: =M126/L126 -> 803.64001 | O126: =L126-I126 -> 0 | P126: =N126-K126 -> -96.359992 | Q126: =N126/K126 -> 0.89293334 | S126: 0.77569444 | T126: 0.78313657 | U126: 15 | V126: 10.732417 | AA126: =M126-J126 -> -385.43997 | AB126: =M126/J126 -> 0.89293334
B127: 18℃-飯糰 | C127: 二配北海道秋鮭親子飯糰 | E127: 24.82 | F127: 590 | G127: =E127*F127 -> 14643.8 | H127: 2 | I127: 5 | J127: 3600 | K127: =J127/I127 -> 720 | L127: 5 | M127: =F127/V127*60 -> 3217.3532 | N127: =M127/L127 -> 643.47063 | O127: =L127-I127 -> 0 | P127: =N127-K127 -> -76.52937 | Q127: =N127/K127 -> 0.89370921 | S127: 0.79305556 | T127: 0.80069444 | U127: 15 | V127: 11.002833 | AA127: =M127-J127 -> -382.64685 | AB127: =M127/J127 -> 0.89370921
B128: 18℃-飯糰 | C128: 二配明太子龍蝦風味沙拉飯糰 | E128: 18.18 | F128: 839 | G128: =E128*F128 -> 15253.02 | H128: 2 | I128: 3 | J128: 3600 | K128: =J128/I128 -> 1200 | L128: 3 | M128: =F128/V128*60 -> 3216.0834 | N128: =M128/L128 -> 1072.0278 | O128: =L128-I128 -> 0 | P128: =N128-K128 -> -127.9722 | Q128: =N128/K128 -> 0.8933565 | S128: 0.81111111 | T128: 0.82197917 | U128: 15 | V128: 15.652579 | AA128: =M128-J128 -> -383.91659 | AB128: =M128/J128 -> 0.8933565
B129: 18℃-飯糰 | C129: 二配雞肉飯飯糰 | E129: 16.66 | F129: 1816 | G129: =E129*F129 -> 30254.56 | H129: 2 | I129: 5 | J129: 3600 | K129: =J129/I129 -> 720 | L129: 5 | M129: =F129/V129*60 -> 3217.4279 | N129: =M129/L129 -> 643.48557 | O129: =L129-I129 -> 0 | P129: =N129-K129 -> -76.514426 | Q129: =N129/K129 -> 0.89372996 | S129: 0.83194444 | T129: 0.85545139 | U129: 15 | V129: 33.865561 | AA129: =M129-J129 -> -382.57213 | AB129: =M129/J129 -> 0.89372996
B130: 18℃-飯糰 | C130: 二配熟成紅鮭飯糰 | E130: 25.03 | F130: 831 | G130: =E130*F130 -> 20799.93 | I130: 5 | J130: 3600 | K130: =J130/I130 -> 720 | L130: 5 | M130: =F130/V130*60 -> 3217.0687 | N130: =M130/L130 -> 643.41375 | O130: =L130-I130 -> 0 | P130: =N130-K130 -> -76.586251 | Q130: =N130/K130 -> 0.89363021 | S130: 0.86527778 | T130: 0.87603009 | U130: 15 | V130: 15.498581 | AA130: =M130-J130 -> -382.93126 | AB130: =M130/J130 -> 0.89363021
B131: 18℃-飯糰 | C131: 二配贅沢鮭魚肚飯糰 | E131: 30 | F131: 1378 | G131: =E131*F131 -> 41340 | I131: 4 | J131: 3600 | K131: =J131/I131 -> 900 | L131: 4 | M131: =F131/V131*60 -> 3214.56 | N131: =M131/L131 -> 803.64001 | O131: =L131-I131 -> 0 | P131: =N131-K131 -> -96.359992 | Q131: =N131/K131 -> 0.89293334 | S131: 0.88611111 | T131: 0.90396991 | U131: 14.516667 | V131: 25.720472 | AA131: =M131-J131 -> -385.43997 | AB131: =M131/J131 -> 0.89293334
B132: 18℃-飯糰 | C132: 二配北海道秋鮭親子飯糰 | E132: 24.82 | F132: 1352 | G132: =E132*F132 -> 33556.64 | I132: 5 | J132: 3600 | K132: =J132/I132 -> 720 | L132: 5 | M132: =F132/V132*60 -> 3217.3532 | N132: =M132/L132 -> 643.47063 | O132: =L132-I132 -> 0 | P132: =N132-K132 -> -76.52937 | Q132: =N132/K132 -> 0.89370921 | S132: 0.91388889 | T132: 0.93138889 | U132: 15 | V132: 25.213272 | AA132: =M132-J132 -> -382.64685 | AB132: =M132/J132 -> 0.89370921
B133: 18℃-飯糰 | C133: 二配明太子龍蝦風味沙拉飯糰 | E133: 18.18 | F133: 2156 | G133: =E133*F133 -> 39196.08 | I133: 3 | J133: 3600 | K133: =J133/I133 -> 1200 | L133: 3 | M133: =F133/V133*60 -> 3216.0834 | N133: =M133/L133 -> 1072.0278 | O133: =L133-I133 -> 0 | P133: =N133-K133 -> -127.9722 | Q133: =N133/K133 -> 0.8933565 | S133: 0.94166667 | T133: 0.96959491 | U133: 14.8 | V133: 40.222837 | AA133: =M133-J133 -> -383.91659 | AB133: =M133/J133 -> 0.8933565
B134: 18℃-飯糰 | C134: 二配雞肉飯飯糰 | E134: 16.66 | F134: 4902 | G134: =E134*F134 -> 81667.32 | I134: 5 | J134: 3600 | K134: =J134/I134 -> 720 | L134: 5 | M134: =F134/V134*60 -> 3217.4279 | N134: =M134/L134 -> 643.48557 | O134: =L134-I134 -> 0 | P134: =N134-K134 -> -76.514426 | Q134: =N134/K134 -> 0.89372996 | S134: 0.97986111 | T134: 1.0433333 | U134: 14.783333 | V134: 91.414637 | AA134: =M134-J134 -> -382.57213 | AB134: =M134/J134 -> 0.89372996
B140: 平均 | I140: =AVERAGE(I124:I139) -> 4.2727273 | J140: =AVERAGE(J124:J139) -> 3600 | K140: =J140/I140 -> 842.55319 | L140: =AVERAGE(L124:L139) -> 4.2727273 | M140: =AVERAGE(M124:M139) -> 3216.7991 | N140: =M140/L140 -> 752.86788 | O140: =L140-I140 -> 0 | P140: =N140-K140 -> -89.685313 | Q140: =N140/K140 -> 0.89355531 | S140: 0.73541667 | T140: 1.0433333 | AA140: =M140-J140 -> -383.20088 | AB140: =M140/J140 -> 0.89355531
Y142: 原因回覆
Y143: 1.當日出勤人數較多
Y144: 2.當日出勤人數較少
Y145: 3.當日出勤熟手較多
Y146: 4.當日出勤新人較多
Y147: 5.機台夾盒
Y148: 6.封膜不順
Y149: 7.更換膠膜
Y150: 8.更換碳帶
Y151: 9.當日熱轉印碳帶異常
Y152: 10.訂單量過少
Y153: 11.新品上市，尚未熟悉
Y154: 12.活動期間品項需貼標

Sheet 0807(4度C)
A1: 大溪廠日報分析 | C1: 總生產量 | D1: =SUM(F5:F140) -> 74500 | E1: 營業額 | F1: =SUM(G5:G140) -> 3205422.7 | G1: 出勤人數 | H1: =L21+L38+L55+L72+L89+L106+L123+L140 -> 135.94444 | I1: 產線配置圖 | L1: 生產實績 | O1: 人時性差異分析 | S1: 日報登錄 | Y1: 合計次數 | Z1: 合計(時間/分) | AA1: 產線異常 分析說明(5分鐘以上) | AC1: 合計次數 | AD1: 合計(時間/分) | AE1: 產能差異分析
A2: 46241 | C2: 人時性 | D2: =AVERAGE(N21,N38,N55,N72,N89,N106,N123,N140) -> 201.83309 | E2: 平均廠價 | F2: =F1/D1 -> 43.025808 | G2: 多次生產數 | H2: =COUNT(H5:H140) -> 0 | Y2: =SUM(Y21,Y38,Y55,Y72,Y89,Y106,Y123,Y140) -> 0 | Z2: =SUM(Z21,Z38,Z55,Z72,Z89,Z106,Z123,Z140) -> 0 | AC2: =SUM(AC21,AC38,AC55,AC72,AC89,AC106,AC123,AC140) -> 0 | AD2: =SUM(AD21,AD38,AD55,AD72,AD89,AD106,AD123,AD140) -> 0
A3: 線別 | B3: 品類 | C3: 品名 | E3: 廠價 | F3: 生產量 | G3: 營收 | H3: 多次 生產 | I3: 人數 | J3: 產能/時 | K3: 人時性 | L3: 人數 | M3: 產能/時 | N3: 人時性 | O3: 人數 | P3: 人時性 | Q3: 達成率 | R3: 達成率 平均 | S3: 生產時間 | U3: 換線、休息/分 | V3: 稼動時間/分 | W3: 休息時間 | Y3: 產線異常統計(5分鐘以上) | AA3: (屏榮回填) | AC3: 短暫停線統計(5分鐘以下) | AE3: 產能/時 | AF3: 達成率 | AG3: 達成率平均
S4: 開始 | T4: 結束 | W4: 開始 | X4: 結束 | Y4: 次數 | Z4: 時間/分 | AC4: 總次數 | AD4: 設備因素(次數)
A5: 便當二線 | B5: 微波小吃 | C5: 日式茶碗蒸 | E5: 19.7 | F5: 3603 | G5: =E5*F5 -> 70979.1 | I5: 13 | J5: 1200 | K5: =J5/I5 -> 92.307692 | L5: 13 | M5: =F5/V5*60 -> 1083.0873 | N5: =M5/L5 -> 83.314407 | O5: =L5-I5 -> 0 | P5: =N5-K5 -> -8.9932855 | Q5: =N5/K5 -> 0.90257274 | R5: =Q21 -> 0.9017464 | S5: 0.20833333 | T5: 0.34693287 | V5: 199.5961 | AE5: =M5-J5 -> -116.91271 | AF5: =M5/J5 -> 0.90257274 | AG5: =AF21 -> 0.9017464
B6: 微波主食 | C6: 糖燻野郎三十天熟成牛飯 | E6: 56.43 | F6: 3426 | G6: =E6*F6 -> 193329.18 | I6: 24 | J6: 2000 | K6: =J6/I6 -> 83.333333 | L6: 24 | M6: =F6/V6*60 -> 1803.9548 | N6: =M6/L6 -> 75.164784 | O6: =L6-I6 -> 0 | P6: =N6-K6 -> -8.1685491 | Q6: =N6/K6 -> 0.90197741 | S6: 0.35069444 | T6: 0.42981481 | U6: 5.4166667 | V6: 113.94964 | AE6: =M6-J6 -> -196.04518 | AF6: =M6/J6 -> 0.90197741
B7: 便當 | C7: 香檸奶油魚排蔬滿盒 | E7: 77.35 | F7: 537 | G7: =E7*F7 -> 41536.95 | I7: 25 | J7: 2000 | K7: =J7/I7 -> 80 | L7: 25 | M7: =F7/V7*60 -> 1802.6216 | N7: =M7/L7 -> 72.104864 | O7: =L7-I7 -> 0 | P7: =N7-K7 -> -7.8951358 | Q7: =N7/K7 -> 0.9013108 | S7: 0.43333333 | T7: 0.44574074 | U7: 5.0666667 | V7: 17.873968 | W7: 0.44574074 | X7: 0.48333333 | AE7: =M7-J7 -> -197.3784 | AF7: =M7/J7 -> 0.9013108
B8: 便當 | C8: 健身G肉餐盒 | E8: 59.52 | F8: 3279 | G8: =E8*F8 -> 195166.08 | I8: 24 | J8: 2000 | K8: =J8/I8 -> 83.333333 | L8: 24 | M8: =F8/V8*60 -> 1802.9104 | N8: =M8/L8 -> 75.121265 | O8: =L8-I8 -> 0 | P8: =N8-K8 -> -8.2120679 | Q8: =N8/K8 -> 0.90145519 | S8: 0.48333333 | T8: 0.5591088 | U8: 55 | V8: 109.12356 | AE8: =M8-J8 -> -197.08963 | AF8: =M8/J8 -> 0.90145519
B21: 平均 | I21: =AVERAGE(I5:I20) -> 21.5 | J21: =AVERAGE(J5:J20) -> 1800 | K21: =J21/I21 -> 83.72093 | L21: =AVERAGE(L5:L20) -> 21.5 | M21: =AVERAGE(M5:M20) -> 1623.1435 | N21: =M21/L21 -> 75.495047 | O21: =L21-I21 -> 0 | P21: =N21-K21 -> -8.2258827 | Q21: =N21/K21 -> 0.9017464 | S21: 0.20833333 | T21: 0.5591088 | Y21: =SUM(Y5:Y20) -> 0 | Z21: =SUM(Z5:Z20) -> 0 | AC21: =SUM(AC5:AC20) -> 0 | AD21: =SUM(AD5:AD20) -> 0 | AE21: =M21-J21 -> -176.85648 | AF21: =M21/J21 -> 0.9017464
A22: 涼麵一線 | B22: 4℃-壽司手卷 | C22: 海陸雙拼壽司 | E22: 36.45 | F22: 1765 | G22: =E22*F22 -> 64334.25 | I22: 20 | J22: 2100 | K22: =J22/I22 -> 105 | L22: 20 | M22: =F22/V22*60 -> 1892.0183 | N22: =M22/L22 -> 94.600917 | O22: =L22-I22 -> 0 | P22: =N22-K22 -> -10.399083 | Q22: =N22/K22 -> 0.90096112 | R22: =Q38 -> 0.90273885 | S22: 0.20833333 | T22: 0.24719907 | V22: 55.971973 | AE22: =M22-J22 -> -207.98166 | AF22: =M22/J22 -> 0.90096112 | AG22: =AF38 -> 0.90996077
B23: 微波小吃 | C23: 馬鈴薯玉米濃湯 | E23: 31.72 | F23: 1209 | G23: =E23*F23 -> 38349.48 | I23: 22 | J23: 2000 | K23: =J23/I23 -> 90.909091 | L23: 22 | M23: =F23/V23*60 -> 1804.6275 | N23: =M23/L23 -> 82.028523 | O23: =L23-I23 -> 0 | P23: =N23-K23 -> -8.8805675 | Q23: =N23/K23 -> 0.90231376 | S23: 0.25 | T23: 0.27790509 | U23: 5 | V23: 40.196661 | AE23: =M23-J23 -> -195.37249 | AF23: =M23/J23 -> 0.90231376
B24: 微波小吃 | C24: 三合一味噌湯 | E24: 34.79 | F24: 1225 | G24: =E24*F24 -> 42617.75 | I24: 11 | J24: 2000 | K24: =J24/I24 -> 181.81818 | L24: 11 | M24: =F24/V24*60 -> 1808.728 | N24: =M24/L24 -> 164.42982 | O24: =L24-I24 -> 0 | P24: =N24-K24 -> -17.388364 | Q24: =N24/K24 -> 0.904364 | S24: 0.28125 | T24: 0.30946759 | U24: 4.8166667 | V24: 40.636293 | AE24: =M24-J24 -> -191.272 | AF24: =M24/J24 -> 0.904364
B25: 微波小吃 | C25: 蒸蛋湯 | E25: 33.2 | F25: 2192 | G25: =E25*F25 -> 72774.4 | I25: 11 | J25: 2000 | K25: =J25/I25 -> 181.81818 | L25: 11 | M25: =F25/V25*60 -> 1807.5993 | N25: =M25/L25 -> 164.32721 | O25: =L25-I25 -> 0 | P25: =N25-K25 -> -17.49097 | Q25: =N25/K25 -> 0.90379967 | S25: 0.3125 | T25: 0.36302083 | U25: 5 | V25: 72.759487 | AE25: =M25-J25 -> -192.40067 | AF25: =M25/J25 -> 0.90379967
B26: 微波小吃 | C26: 越式牛肉寬粉 | E26: 51.44 | F26: 1127 | G26: =E26*F26 -> 57972.88 | I26: 19 | J26: 2000 | K26: =J26/I26 -> 105.26316 | L26: 19 | M26: =F26/V26*60 -> 1804.3709 | N26: =M26/L26 -> 94.96689 | O26: =L26-I26 -> 0 | P26: =N26-K26 -> -10.296268 | Q26: =N26/K26 -> 0.90218546 | S26: 0.36597222 | T26: 0.39199074 | U26: 5 | V26: 37.475665 | AE26: =M26-J26 -> -195.62908 | AF26: =M26/J26 -> 0.90218546
B27: 微波主食 | C27: 日式鮭魚茶泡烤飯 | E27: 46.34 | F27: 1712 | G27: =E27*F27 -> 79334.08 | I27: 21 | J27: 1800 | K27: =J27/I27 -> 85.714286 | L27: 21 | M27: =F27/V27*60 -> 1623.3449 | N27: =M27/L27 -> 77.302139 | O27: =L27-I27 -> 0 | P27: =N27-K27 -> -8.4121464 | Q27: =N27/K27 -> 0.90185829 | S27: 0.39583333 | T27: 0.43976852 | U27: 5.5333333 | V27: 63.276756 | W27: 0.43976852 | X27: 0.47847222 | AE27: =M27-J27 -> -176.65508 | AF27: =M27/J27 -> 0.90185829
B28: 4℃-飯糰 | C28: 麻油雞飯糰 | E28: 29.97 | F28: 1475 | G28: =E28*F28 -> 44205.75 | I28: 21 | J28: 2790 | K28: =J28/I28 -> 132.85714 | L28: 22 | M28: =F28/V28*60 -> 2626.6346 | N28: =M28/L28 -> 119.39248 | O28: =L28-I28 -> 1 | P28: =N28-K28 -> -13.46466 | Q28: =N28/K28 -> 0.89865309 | S28: 0.47847222 | T28: 0.50186343 | U28: 55.733333 | V28: 33.693305 | AE28: =M28-J28 -> -163.36538 | AF28: =M28/J28 -> 0.9414461
B38: 平均 | I38: =AVERAGE(I22:I37) -> 17.857143 | J38: =AVERAGE(J22:J37) -> 2098.5714 | K38: =J38/I38 -> 117.52 | L38: =AVERAGE(L22:L37) -> 18 | M38: =AVERAGE(M22:M37) -> 1909.6177 | N38: =M38/L38 -> 106.08987 | O38: =L38-I38 -> 0.14285714 | P38: =N38-K38 -> -11.43013 | Q38: =N38/K38 -> 0.90273885 | S38: 0.20833333 | T38: 0.50186343 | Y38: =SUM(Y22:Y37) -> 0 | Z38: =SUM(Z22:Z37) -> 0 | AC38: =SUM(AC22:AC37) -> 0 | AD38: =SUM(AD22:AD37) -> 0 | AE38: =M38-J38 -> -188.95377 | AF38: =M38/J38 -> 0.90996077
A39: 涼麵二線 | B39: 便當 | C39: 香腸腿排雙拼便當 | E39: 53.76 | F39: 1765 | G39: =E39*F39 -> 94886.4 | I39: 20 | J39: 2000 | K39: =J39/I39 -> 100 | L39: 20 | M39: =F39/V39*60 -> 1801.5482 | N39: =M39/L39 -> 90.077411 | O39: =L39-I39 -> 0 | P39: =N39-K39 -> -9.9225893 | Q39: =N39/K39 -> 0.90077411 | R39: =Q55 -> 0.9010458 | S39: 0.20833333 | T39: 0.24914352 | V39: 58.782773 | AE39: =M39-J39 -> -198.45179 | AF39: =M39/J39 -> 0.90077411 | AG39: =AF55 -> 0.9010458
B40: 便當 | C40: 蔬活腿排補力餐盒 | E40: 71.55 | F40: 2035 | G40: =E40*F40 -> 145604.25 | I40: 22 | J40: 2000 | K40: =J40/I40 -> 90.909091 | L40: 22 | M40: =F40/V40*60 -> 1802.2138 | N40: =M40/L40 -> 81.918809 | O40: =L40-I40 -> 0 | P40: =N40-K40 -> -8.9902815 | Q40: =N40/K40 -> 0.9011069 | S40: 0.25208333 | T40: 0.29913194 | U40: 5 | V40: 67.750008 | AE40: =M40-J40 -> -197.78619 | AF40: =M40/J40 -> 0.9011069
B41: 便當 | C41: 地中海布格麥烤魚餐盒 | E41: 63.92 | F41: 1617 | G41: =E41*F41 -> 103358.64 | I41: 24 | J41: 2000 | K41: =J41/I41 -> 83.333333 | L41: 24 | M41: =F41/V41*60 -> 1803.7666 | N41: =M41/L41 -> 75.156941 | O41: =L41-I41 -> 0 | P41: =N41-K41 -> -8.1763927 | Q41: =N41/K41 -> 0.90188329 | S41: 0.30208333 | T41: 0.33943287 | U41: 5 | V41: 53.787448 | AE41: =M41-J41 -> -196.23343 | AF41: =M41/J41 -> 0.90188329
B42: 便當 | C42: 烤蛋白餐盒 | E42: 58.67 | F42: 2236 | G42: =E42*F42 -> 131186.12 | I42: 23 | J42: 2000 | K42: =J42/I42 -> 86.956522 | L42: 23 | M42: =F42/V42*60 -> 1801.6616 | N42: =M42/L42 -> 78.333112 | O42: =L42-I42 -> 0 | P42: =N42-K42 -> -8.6234095 | Q42: =N42/K42 -> 0.90083079 | S42: 0.34236111 | T42: 0.3940625 | U42: 5 | V42: 74.464595 | AE42: =M42-J42 -> -198.33842 | AF42: =M42/J42 -> 0.90083079
B43: 便當 | C43: 海陸雙拼肉肉餐盒 | E43: 59.54 | F43: 1913 | G43: =E43*F43 -> 113900.02 | I43: 23 | J43: 2000 | K43: =J43/I43 -> 86.956522 | L43: 23 | M43: =F43/V43*60 -> 1801.7797 | N43: =M43/L43 -> 78.338247 | O43: =L43-I43 -> 0 | P43: =N43-K43 -> -8.6182749 | Q43: =N43/K43 -> 0.90088984 | S43: 0.39791667 | T43: 0.44215278 | U43: 5.55 | V43: 63.703682 | W43: 0.44215278 | X43: 0.48055556 | AE43: =M43-J43 -> -198.22032 | AF43: =M43/J43 -> 0.90088984
B44: 便當 | C44: 懷舊滷雙拼便當 | E44: 61.09 | F44: 1831 | G44: =E44*F44 -> 111855.79 | I44: 20 | J44: 2000 | K44: =J44/I44 -> 100 | L44: 20 | M44: =F44/V44*60 -> 1801.5797 | N44: =M44/L44 -> 90.078985 | O44: =L44-I44 -> 0 | P44: =N44-K44 -> -9.9210153 | Q44: =N44/K44 -> 0.90078985 | S44: 0.48055556 | T44: 0.52289352 | U44: 55.3 | V44: 60.979817 | AE44: =M44-J44 -> -198.42031 | AF44: =M44/J44 -> 0.90078985
B55: 平均 | I55: =AVERAGE(I39:I54) -> 22 | J55: =AVERAGE(J39:J54) -> 2000 | K55: =J55/I55 -> 90.909091 | L55: =AVERAGE(L39:L54) -> 22 | M55: =AVERAGE(M39:M54) -> 1802.0916 | N55: =M55/L55 -> 81.913254 | O55: =L55-I55 -> 0 | P55: =N55-K55 -> -8.9958368 | Q55: =N55/K55 -> 0.9010458 | S55: 0.20833333 | T55: 0.52289352 | Y55: =SUM(Y39:Y54) -> 0 | Z55: =SUM(Z39:Z54) -> 0 | AC55: =SUM(AC39:AC54) -> 0 | AD55: =SUM(AD39:AD54) -> 0 | AE55: =M55-J55 -> -197.90841 | AF55: =M55/J55 -> 0.9010458
A56: 涼麵三線 | B56: 季節調理麵 | C56: 和風涓絲冷麵 | E56: 28.86 | F56: 2103 | G56: =E56*F56 -> 60692.58 | I56: 19 | J56: 3600 | K56: =J56/I56 -> 189.47368 | L56: 19 | M56: =F56/V56*60 -> 3194.1487 | N56: =M56/L56 -> 168.11309 | O56: =L56-I56 -> 0 | P56: =N56-K56 -> -21.360593 | Q56: =N56/K56 -> 0.88726354 | R56: =Q72 -> 0.8991882 | S56: 0.20833333 | T56: 0.23576389 | V56: 39.503483 | AE56: =M56-J56 -> -405.85126 | AF56: =M56/J56 -> 0.88726354 | AG56: =AF72 -> 0.8991882
B57: 季節調理麵 | C57: 嘉義崇文白醋涼麵 | E57: 35.89 | F57: 2629 | G57: =E57*F57 -> 94354.81 | I57: 19 | J57: 3600 | K57: =J57/I57 -> 189.47368 | L57: 19 | M57: =F57/V57*60 -> 3192.991 | N57: =M57/L57 -> 168.05216 | O57: =L57-I57 -> 0 | P57: =N57-K57 -> -21.421527 | Q57: =N57/K57 -> 0.88694194 | S57: 0.23888889 | T57: 0.27319444 | U57: 5 | V57: 49.401956 | AE57: =M57-J57 -> -407.00902 | AF57: =M57/J57 -> 0.88694194
B58: 季節調理麵 | C58: 韓式泡菜冷麵 | E58: 36.73 | F58: 3060 | G58: =E58*F58 -> 112393.8 | I58: 21 | J58: 3600 | K58: =J58/I58 -> 171.42857 | L58: 21 | M58: =F58/V58*60 -> 3146.5272 | N58: =M58/L58 -> 149.83463 | O58: =L58-I58 -> 0 | P58: =N58-K58 -> -21.593945 | Q58: =N58/K58 -> 0.87403532 | S58: 0.27638889 | T58: 0.31690972 | U58: 4.6 | V58: 58.350045 | AE58: =M58-J58 -> -453.47284 | AF58: =M58/J58 -> 0.87403532
B59: 季節調理麵 | C59: 招牌雞絲胡麻涼麵 | E59: 43.96 | F59: 1467 | G59: =E59*F59 -> 64489.32 | I59: 24 | J59: 3600 | K59: =J59/I59 -> 150 | L59: 24 | M59: =F59/V59*60 -> 3269.4283 | N59: =M59/L59 -> 136.22618 | O59: =L59-I59 -> 0 | P59: =N59-K59 -> -13.77382 | Q59: =N59/K59 -> 0.90817453 | S59: 0.32083333 | T59: 0.33952546 | U59: 5.65 | V59: 26.922138 | AE59: =M59-J59 -> -330.57169 | AF59: =M59/J59 -> 0.90817453
B60: 季節調理麵 | C60: 日式胡麻雞絲冷麵 | E60: 46.93 | F60: 1041 | G60: =E60*F60 -> 48854.13 | I60: 24 | J60: 3600 | K60: =J60/I60 -> 150 | L60: 24 | M60: =F60/V60*60 -> 3268.8243 | N60: =M60/L60 -> 136.20101 | O60: =L60-I60 -> 0 | P60: =N60-K60 -> -13.798988 | Q60: =N60/K60 -> 0.90800675 | S60: 0.34236111 | T60: 0.355625 | U60: 5 | V60: 19.107788 | AE60: =M60-J60 -> -331.17571 | AF60: =M60/J60 -> 0.90800675
B61: 季節調理麵 | C61: 日式蕎麥沾麵 | E61: 36.73 | F61: 3286 | G61: =E61*F61 -> 120694.78 | I61: 20 | J61: 3600 | K61: =J61/I61 -> 180 | L61: 20 | M61: =F61/V61*60 -> 3260.8167 | N61: =M61/L61 -> 163.04084 | O61: =L61-I61 -> 0 | P61: =N61-K61 -> -16.959164 | Q61: =N61/K61 -> 0.90578242 | S61: 0.35972222 | T61: 0.40170139 | U61: 5.9 | V61: 60.46338 | AE61: =M61-J61 -> -339.18329 | AF61: =M61/J61 -> 0.90578242
B62: 季節調理麵 | C62: 月見烏龍冷麵 | E62: 48.4 | F62: 2427 | G62: =E62*F62 -> 117466.8 | I62: 22 | J62: 3600 | K62: =J62/I62 -> 163.63636 | L62: 22 | M62: =F62/V62*60 -> 3264.4252 | N62: =M62/L62 -> 148.38296 | O62: =L62-I62 -> 0 | P62: =N62-K62 -> -15.2534 | Q62: =N62/K62 -> 0.90678478 | S62: 0.40555556 | T62: 0.43652778 | U62: 5.55 | V62: 44.608159 | W62: 0.43652778 | X62: 0.47430556 | AE62: =M62-J62 -> -335.57479 | AF62: =M62/J62 -> 0.90678478
B63: 季節調理麵 | C63: 大滿足香辣涼麵 | E63: 38.48 | F63: 5233 | G63: =E63*F63 -> 201365.84 | I63: 20 | J63: 3600 | K63: =J63/I63 -> 180 | L63: 20 | M63: =F63/V63*60 -> 3266.8841 | N63: =M63/L63 -> 163.34421 | O63: =L63-I63 -> 0 | P63: =N63-K63 -> -16.655794 | Q63: =N63/K63 -> 0.90746781 | S63: 0.47430556 | T63: 0.54104167 | U63: 55 | V63: 96.109929 | AE63: =M63-J63 -> -333.11588 | AF63: =M63/J63 -> 0.90746781
B64: 季節調理麵 | C64: 大滿足麻醬涼麵 | E64: 37.8 | F64: 6639 | G64: =E64*F64 -> 250954.2 | I64: 21 | J64: 3600 | K64: =J64/I64 -> 171.42857 | L64: 21 | M64: =F64/V64*60 -> 3269.652 | N64: =M64/L64 -> 155.69772 | O64: =L64-I64 -> 0 | P64: =N64-K64 -> -15.730855 | Q64: =N64/K64 -> 0.90823668 | S64: 0.54444444 | T64: 0.62903935 | U64: 4.9 | V64: 121.82948 | AE64: =M64-J64 -> -330.34796 | AF64: =M64/J64 -> 0.90823668
B72: 平均 | I72: =AVERAGE(I56:I71) -> 21.111111 | J72: =AVERAGE(J56:J71) -> 3600 | K72: =J72/I72 -> 170.52632 | L72: =AVERAGE(L56:L71) -> 21.111111 | M72: =AVERAGE(M56:M71) -> 3237.0775 | N72: =M72/L72 -> 153.33525 | O72: =L72-I72 -> 0 | P72: =N72-K72 -> -17.191065 | Q72: =N72/K72 -> 0.8991882 | S72: 0.20833333 | T72: 0.62903935 | Y72: =SUM(Y56:Y71) -> 0 | Z72: =SUM(Z56:Z71) -> 0 | AC72: =SUM(AC56:AC71) -> 0 | AD72: =SUM(AD56:AD71) -> 0 | AE72: =M72-J72 -> -362.92249 | AF72: =M72/J72 -> 0.8991882
A73: 自動包裝機 | B73: 4℃-壽司手卷 | C73: 醬油生鮭脆卷 | E73: 23.55 | F73: 1462 | G73: =E73*F73 -> 34430.1 | I73: 6 | J73: 2500 | K73: =J73/I73 -> 416.66667 | L73: 6 | M73: =F73/V73*60 -> 2256.5793 | N73: =M73/L73 -> 376.09656 | O73: =L73-I73 -> 0 | P73: =N73-K73 -> -40.570111 | Q73: =N73/K73 -> 0.90263173 | R73: =Q89 -> 0.85106998 | S73: 0.34305556 | T73: 0.3700463 | U73: 5.1333333 | V73: 38.872996 | AE73: =M73-J73 -> -243.42067 | AF73: =M73/J73 -> 0.90263173 | AG73: =AF89 -> 0.90426185
B74: 4℃-壽司手卷 | C74: 韓式辣炒豬肉飯卷 | E74: 27.05 | F74: 530 | G74: =E74*F74 -> 14336.5 | I74: 5 | J74: 3273 | K74: =J74/I74 -> 654.6 | L74: 6 | M74: =F74/V74*60 -> 2962.9511 | N74: =M74/L74 -> 493.82518 | O74: =L74-I74 -> 1 | P74: =N74-K74 -> -160.77482 | Q74: =N74/K74 -> 0.75439227 | S74: 0.37291667 | T74: 0.3803588 | U74: 5 | V74: 10.732543 | AE74: =M74-J74 -> -310.04892 | AF74: =M74/J74 -> 0.90527072
B75: 4℃-壽司手卷 | C75: 厚香料優格咖哩烤雞飯卷 | E75: 27.05 | F75: 680 | G75: =E75*F75 -> 18394 | I75: 5 | J75: 3273 | K75: =J75/I75 -> 654.6 | L75: 5 | M75: =F75/V75*60 -> 2960.4223 | N75: =M75/L75 -> 592.08446 | O75: =L75-I75 -> 0 | P75: =N75-K75 -> -62.515535 | Q75: =N75/K75 -> 0.90449811 | S75: 0.38402778 | T75: 0.39358796 | U75: 5.2833333 | V75: 13.781817 | AE75: =M75-J75 -> -312.57768 | AF75: =M75/J75 -> 0.90449811
B89: 平均 | I89: =AVERAGE(I73:I88) -> 5.3333333 | J89: =AVERAGE(J73:J88) -> 3015.3333 | K89: =J89/I89 -> 565.375 | L89: =AVERAGE(L73:L88) -> 5.6666667 | M89: =AVERAGE(M73:M88) -> 2726.6509 | N89: =M89/L89 -> 481.17369 | O89: =L89-I89 -> 0.33333333 | P89: =N89-K89 -> -84.20131 | Q89: =N89/K89 -> 0.85106998 | S89: 0.20833333 | T89: 0.39358796 | Y89: =SUM(Y73:Y88) -> 0 | Z89: =SUM(Z73:Z88) -> 0 | AC89: =SUM(AC73:AC88) -> 0 | AD89: =SUM(AD73:AD88) -> 0 | AE89: =M89-J89 -> -288.68242 | AF89: =M89/J89 -> 0.90426185
A90: 自動包裝機2 | B90: 4℃-壽司手卷 | C90: 鮪魚昆布細卷 | E90: 15.51 | F90: 1615 | G90: =E90*F90 -> 25048.65 | I90: 6 | J90: 3600 | K90: =J90/I90 -> 600 | L90: 6 | M90: =F90/V90*60 -> 3249 | N90: =M90/L90 -> 541.5 | O90: =L90-I90 -> 0 | P90: =N90-K90 -> -58.5 | Q90: =N90/K90 -> 0.9025 | R90: =Q106 -> 0.90282325 | S90: 0.25 | T90: 0.27070602 | V90: 29.824561 | AE90: =M90-J90 -> -351 | AF90: =M90/J90 -> 0.9025 | AG90: =AF106 -> 0.90282325
B91: 4℃-壽司手卷 | C91: 肉鬆火腿細卷 | E91: 15.01 | F91: 1783 | G91: =E91*F91 -> 26762.83 | I91: 6 | J91: 3600 | K91: =J91/I91 -> 600 | L91: 6 | M91: =F91/V91*60 -> 3251.3274 | N91: =M91/L91 -> 541.8879 | O91: =L91-I91 -> 0 | P91: =N91-K91 -> -58.112104 | Q91: =N91/K91 -> 0.90314649 | S91: 0.27361111 | T91: 0.29645833 | U91: 5 | V91: 32.903485 | AE91: =M91-J91 -> -348.67263 | AF91: =M91/J91 -> 0.90314649
