Workbook

Sheet 0731
B1: 屏榮 大溪廠組合室生產人時性分析
B3: 日期 | C3: 115.07.31星期五 | E3: 訂單量 | F3: ='0731(18度C)'!D1+'0731(4度C)'!D1 -> 159659 | H3: 營業額 | I3: ='0731(18度C)'!F1+'0731(4度C)'!F1 -> 4936115
B4: 人時性 | C4: 項目 | E4: ➀ | G4: ➁ | I4: ➂ | K4: ④ | M4: ⑤ | O4: 異常停線 | Q4: 短暫停線
C5: 組合室 | E5: 全溫層 | G5: 4度C-各編組展開(一配) | I5: 4度C-各編組展開(二配) | K5: 18度C-各編組展開(一配) | M5: 18度C-各編組展開(二配) | O5: 合計次數 | P5: 時間 | Q5: 合計次數 | R5: 設備次數
C6: 排關平均 | E6: =AVERAGE(D14:O14,D32:X32) -> 494.17253 | F6: =AVERAGE(#REF!,D14:K14) -> #REF! | G6: =AVERAGE(D14:K14) -> 271.43699 | I6: =AVERAGE(L14:O14) -> 94.325718 | K6: =AVERAGE(D32:O32) -> 734.94318 | M6: =AVERAGE(P32:X32) -> 787.42857 | O6: ='0731(4度C)'!Y2 -> 0 | P6: ='0731(4度C)'!Z2 -> 0 | Q6: ='0731(4度C)'!AC2 -> 0 | R6: ='0731(4度C)'!AD2 -> 0
C7: 實績平均 | E7: =AVERAGE(D15:O15,D33:X33) -> 442.85545 | F7: =AVERAGE(#REF!,D15:K15) -> #REF! | G7: =AVERAGE(D15:K15) -> 239.60235 | I7: =AVERAGE(L15:O15) -> 87.223021 | K7: =AVERAGE(D33:O33) -> 659.88028 | M7: =AVERAGE(P33:X33) -> 708.5265
C8: 達成率平均 | E8: =AVERAGE(D16:O16,D34:X34) -> 0.8985302 | F8: =AVERAGE(D16:K16,#REF!) -> #REF! | G8: =AVERAGE(D16:K16) -> 0.89209377 | I8: =AVERAGE(L16:O16) -> 0.92289808 | K8: =AVERAGE(D34:O34) -> 0.89503783 | M8: =AVERAGE(P34:X34) -> 0.89949327
O9: ※現行日本鮮食廠以達成率80%為基本(即為現行KPI)
B11: 溫層 | D11: ➁4度C-各編組展開 | L11: ➂4度C-各編組展開
B12: 編組 | D12: 1 | E12: 2 | F12: 3 | G12: 4 | H12: 5 | I12: 6 | J12: 7 | K12: 8 | L12: 1 | M12: 2 | N12: 3 | O12: 4
D13: 便當一線 | E13: 便當二線 | F13: 涼麵一線 | G13: 涼麵二線 | H13: 涼麵三線 | I13: 自動包裝機 | J13: 自動包裝機2 | K13: 自動包裝機3 | L13: 便當一線 | M13: 便當二線 | N13: 涼麵一線 | O13: 涼麵二線
B14: 人時性 | C14: 排關 | D14: - | E14: 84.40367 | F14: 117.52 | G14: 90.909091 | H14: 170.4142 | I14: 565.375 | J14: 600 | K14: - | L14: - | M14: 101.69492 | N14: 86.956522 | O14: -
C15: 實績 | D15: - | E15: 75.953783 | F15: 106.04578 | G15: 81.736495 | H15: 153.73462 | I15: 478.56948 | J15: 541.57395 | K15: - | L15: - | M15: 96.2 | N15: 78.246043 | O15: -
C16: 達成率 | D16: - | E16: =E15/E14 -> 0.89988721 | F16: =F15/F14 -> 0.90236366 | G16: =G15/G14 -> 0.89910144 | H16: =H15/H14 -> 0.90212327 | I16: =I15/I14 -> 0.84646381 | J16: =J15/J14 -> 0.90262325 | K16: - | L16: - | M16: =M15/M14 -> 0.94596667 | N16: =N15/N14 -> 0.89982949 | O16: -
B17: 作業 時間 | C17: 開始 | D17: - | E17: 0.20833333 | F17: 0.20833333 | G17: 0.20833333 | H17: 0.20833333 | I17: 0.20833333 | J17: 0.25 | K17: - | L17: - | M17: 0.70833333 | N17: 0.70833333 | O17: -
C18: 結束 | D18: - | E18: 0.58033565 | F18: 0.52068287 | G18: 0.51439815 | H18: 0.59740741 | I18: 0.43421296 | J18: 0.29471065 | K18: - | L18: - | M18: 0.79233796 | N18: 0.8115625 | O18: -
B19: 產線異常 (5分鐘以上) | C19: 次數
C20: 時間/分
B21: 短暫停線 (5分鐘以下) | C21: 次數
C22: 設備次數
B23: 配置人數 | D23: - | E23: 21.8 | F23: 18 | G23: 22 | H23: 21.125 | I23: 5.6666667 | J23: 6 | K23: - | L23: - | M23: 18.666667 | N23: 23 | O23: -
B24: 主要應用設備 | D24: L型封口機 | E24: ET-55 | F24: ET-55 | G24: ET-55 | H24: ET-600 | I24: 伺服包裝機 | J24: 伺服包裝機 | K24: 伺服包裝機 | L24: L型封口機 | M24: ET-55 | N24: ET-55 | O24: ET-55
B25: 次要應用設備 | D25: 伺服包裝機 | H25: 伺服包裝機
B26: 備註 | H26: 涼麵+烤飯糰 | I26: 大口飯糰線 | K26: 烤飯糰+手卷
B29: 溫層 | D29: ➃18度C-各編組展開 (一配) | P29: ⑤18度C-各編組展開 (二配)
B30: 編組 | D30: 1 | E30: 2 | F30: 3 | G30: 4 | H30: 5 | I30: 6 | J30: 7 | K30: 8 | L30: 9 | M30: 10 | N30: 11 | O30: 12 | P30: 1 | Q30: 2 | R30: 3 | S30: 4 | T30: 5 | U30: 6 | V30: 7 | W30: 8 | X30: 9
D31: 便當一線 | E31: 涼麵一線 | F31: 涼麵三線 | G31: 自動包裝機 | H31: 自動包裝機2 | I31: 自動包裝機3 | J31: 味付飯糰線B | K31: (舊) 3300型飯糰線 | L31: 3000型飯糰線 | M31: (新) 3300型飯糰機 | N31: GKK3600型 飯糰機 | O31: GKK3600型 飯糰機2 | P31: 自動包裝機 | Q31: 自動包裝機2 | R31: 自動包裝機3 | S31: 味付飯糰線B | T31: (舊) 3300型飯糰線 | U31: 3000型飯糰線 | V31: (新) 3300型飯糰機 | W31: GKK3600型 飯糰機 | X31: GKK3600型 飯糰機2
B32: 人時性 | C32: 排關 | D32: - | E32: - | F32: - | G32: 327.27273 | H32: - | I32: - | J32: - | K32: - | L32: - | M32: 825 | N32: 900 | O32: 887.5 | P32: 490.90909 | Q32: - | R32: - | S32: - | T32: - | U32: - | V32: 709.09091 | W32: 1085.7143 | X32: 864
C33: 實績 | D33: - | E33: - | F33: - | G33: 287.50448 | H33: - | I33: - | J33: - | K33: - | L33: - | M33: 751.3376 | N33: 806.98329 | O33: 793.69575 | P33: 438.78593 | Q33: - | R33: - | S33: - | T33: - | U33: - | V33: 645.79108 | W33: 979.45528 | X33: 770.07373
C34: 達成率 | D34: - | E34: - | F34: - | G34: =G33/G32 -> 0.87848591 | H34: - | I34: - | J34: - | K34: - | L34: - | M34: =M33/M32 -> 0.91071224 | N34: =N33/N32 -> 0.89664809 | O34: =O33/O32 -> 0.89430507 | P34: =P33/P32 -> 0.89382319 | Q34: - | R34: - | S34: - | T34: - | U34: - | V34: =V33/V32 -> 0.91073101 | W34: =W33/W32 -> 0.90212986 | X34: =X33/X32 -> 0.89128904
B35: 作業 時間 | C35: 開始 | D35: - | E35: - | F35: - | G35: 0.20833333 | H35: - | I35: - | J35: - | K35: - | L35: - | M35: 0.31319444 | N35: 0.25 | O35: 0.25 | P35: 0.70833333 | Q35: - | R35: - | S35: - | T35: - | U35: - | V35: 0.70833333 | W35: 0.73125 | X35: 0.73888889
C36: 結束 | D36: - | E36: - | F36: - | G36: 0.43421296 | H36: - | I36: - | J36: - | K36: - | L36: - | M36: 0.38420139 | N36: 0.48579861 | O36: 0.47641204 | P36: 0.74927083 | Q36: - | R36: - | S36: - | T36: - | U36: - | V36: 0.8468287 | W36: 1.035 | X36: 1.0550116
B37: 配置人數 | D37: - | E37: - | F37: - | G37: 11 | H37: - | I37: - | J37: - | K37: - | L37: - | M37: 4 | N37: 3.8571429 | O37: 4 | P37: 7.3333333 | Q37: - | R37: - | S37: - | T37: - | U37: - | V37: 4.4 | W37: 3 | X37: 4.1666667
B38: 主要應用設備 | D38: 伺服包裝機 | E38: ET-55 | F38: ET-600 | G38: 夾心型 | H38: 伺服包裝機 | I38: 伺服包裝機 | J38: 夾心型 | K38: 3300型 | L38: 3300型 | M38: 3300型 | N38: GKK | O38: GKK | P38: 夾心型 | Q38: 伺服包裝機 | R38: 伺服包裝機 | S38: 夾心型 | T38: 3300型 | U38: 3300型 | V38: 3300型 | W38: GKK | X38: GKK
B39: 次要應用設備
B40: 備註

Sheet 0731(18度C)
A1: 大溪廠日報分析 | C1: 總生產量 | D1: =SUM(F5:F140) -> 85072 | E1: 營業額 | F1: =SUM(G5:G140) -> 1712058.9 | G1: 出勤人數 | H1: =L21+L38+L55+L72+L89+L106+L123+L140 -> 41.757143 | I1: 產線配置圖 | L1: 生產實績 | O1: 人時性差異分析 | S1: 日報登錄 | Y1: 分析說明 | AA1: 產能差異分析
A2: 46234 | C2: 人時性 | D2: =AVERAGE(N21,N38,N55,N72,N89,N106,N123,N140) -> 684.20339 | E2: 平均廠價 | F2: =F1/D1 -> 20.124823 | G2: 多次生產數 | H2: =COUNT(H5:H140) -> 9
A3: 線別 | B3: 品類 | C3: 品名 | E3: 廠價 | F3: 生產量 | G3: 營收 | H3: 多次 生產 | I3: 人數 | J3: 產能/時 | K3: 人時性 | L3: 人數 | M3: 產能/時 | N3: 人時性 | O3: 人數 | P3: 人時性 | Q3: 達成率 | R3: 達成率 平均 | S3: 生產時間 | U3: 換線、休息/分 | V3: 稼動時間/分 | W3: 休息時間 | Y3: (屏榮回填) | AA3: 產能/時 | AB3: 達成率 | AC3: 達成率平均
S4: 開始 | T4: 結束 | W4: 開始 | X4: 結束
A5: 自動包裝機 | B5: 18℃-壽司手卷 | C5: 一配長野稻荷壽司 | E5: 25.64 | F5: 1446 | G5: =E5*F5 -> 37075.44 | I5: 10 | J5: 3600 | K5: =J5/I5 -> 360 | L5: 10 | M5: =F5/V5*60 -> 3217.6096 | N5: =M5/L5 -> 321.76096 | O5: =L5-I5 -> 0 | P5: =N5-K5 -> -38.239045 | Q5: =N5/K5 -> 0.89378043 | R5: =Q21 -> 0.87848591 | S5: 0.20833333 | T5: 0.22704861 | V5: 26.964117 | AA5: =M5-J5 -> -382.39045 | AB5: =M5/J5 -> 0.89378043 | AC5: =AB21 -> 0.87848591
B6: 18℃-壽司手卷 | C6: 一配經典人氣雙手卷 | E6: 29.52 | F6: 2171 | G6: =E6*F6 -> 64087.92 | I6: 11 | J6: 3600 | K6: =J6/I6 -> 327.27273 | L6: 11 | M6: =F6/V6*60 -> 3157.0827 | N6: =M6/L6 -> 287.00752 | O6: =L6-I6 -> 0 | P6: =N6-K6 -> -40.265205 | Q6: =N6/K6 -> 0.87696743 | S6: 0.23055556 | T6: 0.25920139 | U6: 5.05 | V6: 41.259609 | AA6: =M6-J6 -> -442.91726 | AB6: =M6/J6 -> 0.87696743
B7: 18℃-壽司手卷 | C7: 一配鮭鮪海饌雙手卷 | E7: 29.85 | F7: 2602 | G7: =E7*F7 -> 77669.7 | I7: 11 | J7: 3600 | K7: =J7/I7 -> 327.27273 | L7: 11 | M7: =F7/V7*60 -> 3157.6519 | N7: =M7/L7 -> 287.05926 | O7: =L7-I7 -> 0 | P7: =N7-K7 -> -40.213463 | Q7: =N7/K7 -> 0.87712553 | S7: 0.2625 | T7: 0.2968287 | U7: 4.75 | V7: 49.441802 | AA7: =M7-J7 -> -442.34809 | AB7: =M7/J7 -> 0.87712553
B8: 18℃-壽司手卷 | C8: 一配青木瓜雞絲泰泰雙手卷 | E8: 30 | F8: 2474 | G8: =E8*F8 -> 74220 | I8: 11 | J8: 3600 | K8: =J8/I8 -> 327.27273 | L8: 11 | M8: =F8/V8*60 -> 3158.6313 | N8: =M8/L8 -> 287.1483 | O8: =L8-I8 -> 0 | P8: =N8-K8 -> -40.124432 | Q8: =N8/K8 -> 0.87739757 | S8: 0.3 | T8: 0.33262731 | U8: 4.5666667 | V8: 46.995039 | AA8: =M8-J8 -> -441.36875 | AB8: =M8/J8 -> 0.87739757
B9: 18℃-飯糰 | C9: 一配兩粒飯糰(鮪魚.焦糖鮭魚) | E9: 28.57 | F9: 1120 | G9: =E9*F9 -> 31998.4 | I9: 12 | J9: 3600 | K9: =J9/I9 -> 300 | L9: 12 | M9: =F9/V9*60 -> 3121.7709 | N9: =M9/L9 -> 260.14757 | O9: =L9-I9 -> 0 | P9: =N9-K9 -> -39.852429 | Q9: =N9/K9 -> 0.86715857 | S9: 0.33611111 | T9: 0.35105324 | U9: 5.0166667 | V9: 21.526244 | AA9: =M9-J9 -> -478.22915 | AB9: =M9/J9 -> 0.86715857
B21: 平均 | I21: =AVERAGE(I5:I20) -> 11 | J21: =AVERAGE(J5:J20) -> 3600 | K21: =J21/I21 -> 327.27273 | L21: =AVERAGE(L5:L20) -> 11 | M21: =AVERAGE(M5:M20) -> 3162.5493 | N21: =M21/L21 -> 287.50448 | O21: =L21-I21 -> 0 | P21: =N21-K21 -> -39.768249 | Q21: =N21/K21 -> 0.87848591 | S21: 0.20833333 | T21: 0.43421296 | AA21: =M21-J21 -> -437.45074 | AB21: =M21/J21 -> 0.87848591
A22: (新) 3300型飯糰機 | B22: 18℃-飯糰 | C22: 一配鮭魚奶油醬油飯糰 | E22: 18.53 | F22: 1880 | G22: =E22*F22 -> 34836.4 | I22: 3 | J22: 3300 | K22: =J22/I22 -> 1100 | L22: 3 | M22: =F22/V22*60 -> 3003.6757 | N22: =M22/L22 -> 1001.2252 | O22: =L22-I22 -> 0 | P22: =N22-K22 -> -98.774772 | Q22: =N22/K22 -> 0.91020475 | R22: =Q38 -> 0.91071224 | S22: 0.31319444 | T22: 0.33927083 | V22: 37.553988 | AA22: =M22-J22 -> -296.32432 | AB22: =M22/J22 -> 0.91020475 | AC22: =AB38 -> 0.91071224
B23: 18℃-飯糰 | C23: 一配壹號醬炙烤牛飯糰 | E23: 22.28 | F23: 580 | G23: =E23*F23 -> 12922.4 | I23: 5 | J23: 3300 | K23: =J23/I23 -> 660 | L23: 5 | M23: =F23/V23*60 -> 3007.1729 | N23: =M23/L23 -> 601.43458 | O23: =L23-I23 -> 0 | P23: =N23-K23 -> -58.565424 | Q23: =N23/K23 -> 0.91126451 | S23: 0.34236111 | T23: 0.35039352 | U23: 5 | V23: 11.572331 | AA23: =M23-J23 -> -292.82712 | AB23: =M23/J23 -> 0.91126451
B24: 18℃-飯糰 | C24: 一配鹽蔥燒肉飯糰 | E24: 17.89 | F24: 2167 | G24: =E24*F24 -> 38767.63 | I24: 4 | J24: 3300 | K24: =J24/I24 -> 825 | L24: 4 | M24: =F24/V24*60 -> 3005.2026 | N24: =M24/L24 -> 751.30066 | O24: =L24-I24 -> 0 | P24: =N24-K24 -> -73.699342 | Q24: =N24/K24 -> 0.91066746 | S24: 0.35416667 | T24: 0.38420139 | U24: 5.4333333 | V24: 43.264969 | AA24: =M24-J24 -> -294.79737 | AB24: =M24/J24 -> 0.91066746
B38: 平均 | I38: =AVERAGE(I22:I37) -> 4 | J38: =AVERAGE(J22:J37) -> 3300 | K38: =J38/I38 -> 825 | L38: =AVERAGE(L22:L37) -> 4 | M38: =AVERAGE(M22:M37) -> 3005.3504 | N38: =M38/L38 -> 751.3376 | O38: =L38-I38 -> 0 | P38: =N38-K38 -> -73.6624 | Q38: =N38/K38 -> 0.91071224 | S38: 0.31319444 | T38: 0.38420139 | AA38: =M38-J38 -> -294.6496 | AB38: =M38/J38 -> 0.91071224
A39: GKK3600型 飯糰機 | B39: 18℃-飯糰 | C39: 一配熟成紅鮭飯糰 | E39: 25.03 | F39: 664 | G39: =E39*F39 -> 16619.92 | I39: 5 | J39: 3600 | K39: =J39/I39 -> 720 | L39: 5 | M39: =F39/V39*60 -> 3210.5896 | N39: =M39/L39 -> 642.11791 | O39: =L39-I39 -> 0 | P39: =N39-K39 -> -77.88209 | Q39: =N39/K39 -> 0.89183043 | R39: =Q55 -> 0.89664809 | S39: 0.25 | T39: 0.25861111 | V39: 12.408936 | AA39: =M39-J39 -> -389.41045 | AB39: =M39/J39 -> 0.89183043 | AC39: =AB55 -> 0.89664809
B40: 18℃-飯糰 | C40: 一配蔬食鮪魚飯糰 | E40: 18.18 | F40: 903 | G40: =E40*F40 -> 16416.54 | I40: 3 | J40: 3600 | K40: =J40/I40 -> 1200 | L40: 3 | M40: =F40/V40*60 -> 3211.3218 | N40: =M40/L40 -> 1070.4406 | O40: =L40-I40 -> 0 | P40: =N40-K40 -> -129.5594 | Q40: =N40/K40 -> 0.89203384 | S40: 0.26875 | T40: 0.28046296 | U40: 14.6 | V40: 16.871557 | AA40: =M40-J40 -> -388.67819 | AB40: =M40/J40 -> 0.89203384
B41: 18℃-飯糰 | C41: 一配柚檸海灣貝飯糰 | E41: 23.72 | F41: 517 | G41: =E41*F41 -> 12263.24 | I41: 5 | J41: 3600 | K41: =J41/I41 -> 720 | L41: 5 | M41: =F41/V41*60 -> 3208.5111 | N41: =M41/L41 -> 641.70223 | O41: =L41-I41 -> 0 | P41: =N41-K41 -> -78.29777 | Q41: =N41/K41 -> 0.8912531 | S41: 0.29027778 | T41: 0.29699074 | U41: 15 | V41: 9.6680356 | AA41: =M41-J41 -> -391.48885 | AB41: =M41/J41 -> 0.8912531
B42: 18℃-飯糰 | C42: 一配北海道秋鮭親子飯糰 | E42: 24.82 | F42: 935 | G42: =E42*F42 -> 23206.7 | I42: 5 | J42: 3600 | K42: =J42/I42 -> 720 | L42: 5 | M42: =F42/V42*60 -> 3206.5677 | N42: =M42/L42 -> 641.31353 | O42: =L42-I42 -> 0 | P42: =N42-K42 -> -78.686468 | Q42: =N42/K42 -> 0.89071324 | S42: 0.30694444 | T42: 0.31908565 | U42: 15 | V42: 17.495343 | AA42: =M42-J42 -> -393.43234 | AB42: =M42/J42 -> 0.89071324
B43: 18℃-飯糰 | C43: 一配黑胡椒洋蔥豬飯糰 | E43: 17.07 | F43: 1586 | G43: =E43*F43 -> 27073.02 | I43: 3 | J43: 3300 | K43: =J43/I43 -> 1100 | L43: 3 | M43: =F43/V43*60 -> 3009.3972 | N43: =M43/L43 -> 1003.1324 | O43: =L43-I43 -> 0 | P43: =N43-K43 -> -96.867606 | Q43: =N43/K43 -> 0.91193854 | S43: 0.32916667 | T43: 0.35112269 | U43: 14.516667 | V43: 31.620951 | AA43: =M43-J43 -> -290.60282 | AB43: =M43/J43 -> 0.91193854
B44: 18℃-飯糰 | C44: 一配經典肉鬆飯糰 | E44: 14.03 | F44: 3468 | G44: =E44*F44 -> 48656.04 | I44: 3 | J44: 3000 | K44: =J44/I44 -> 1000 | L44: 3 | M44: =F44/V44*60 -> 2735.0161 | N44: =M44/L44 -> 911.67204 | O44: =L44-I44 -> 0 | P44: =N44-K44 -> -88.327962 | Q44: =N44/K44 -> 0.91167204 | S44: 0.36111111 | T44: 0.41393519 | U44: 15 | V44: 76.07999 | AA44: =M44-J44 -> -264.98389 | AB44: =M44/J44 -> 0.91167204
B45: 18℃-飯糰 | C45: 一配鮪魚飯糰 | E45: 14.28 | F45: 4734 | G45: =E45*F45 -> 67601.52 | I45: 3 | J45: 3600 | K45: =J45/I45 -> 1200 | L45: 3 | M45: =F45/V45*60 -> 3207.1452 | N45: =M45/L45 -> 1069.0484 | O45: =L45-I45 -> 0 | P45: =N45-K45 -> -130.95159 | Q45: =N45/K45 -> 0.89087368 | S45: 0.42430556 | T45: 0.48579861 | U45: 14.933333 | V45: 88.564745 | AA45: =M45-J45 -> -392.85476 | AB45: =M45/J45 -> 0.89087368
B55: 平均 | I55: =AVERAGE(I39:I54) -> 3.8571429 | J55: =AVERAGE(J39:J54) -> 3471.4286 | K55: =J55/I55 -> 900 | L55: =AVERAGE(L39:L54) -> 3.8571429 | M55: =AVERAGE(M39:M54) -> 3112.6498 | N55: =M55/L55 -> 806.98329 | O55: =L55-I55 -> 0 | P55: =N55-K55 -> -93.016715 | Q55: =N55/K55 -> 0.89664809 | S55: 0.25 | T55: 0.48579861 | AA55: =M55-J55 -> -358.77876 | AB55: =M55/J55 -> 0.89664809
A56: GKK3600型 飯糰機2 | B56: 18℃-飯糰 | C56: 一配椒鹽檸檬鯖魚飯糰 | E56: 20.72 | F56: 1217 | G56: =E56*F56 -> 25216.24 | I56: 3 | J56: 3600 | K56: =J56/I56 -> 1200 | L56: 3 | M56: =F56/V56*60 -> 3210.4384 | N56: =M56/L56 -> 1070.1461 | O56: =L56-I56 -> 0 | P56: =N56-K56 -> -129.85388 | Q56: =N56/K56 -> 0.89178843 | R56: =Q72 -> 0.89430507 | S56: 0.25 | T56: 0.26578704 | V56: 22.744558 | AA56: =M56-J56 -> -389.56164 | AB56: =M56/J56 -> 0.89178843 | AC56: =AB72 -> 0.89430507
B57: 18℃-飯糰 | C57: 一配贅沢鮭魚肚飯糰 | E57: 30 | F57: 1444 | G57: =E57*F57 -> 43320 | I57: 4 | J57: 3600 | K57: =J57/I57 -> 900 | L57: 4 | M57: =F57/V57*60 -> 3207.3911 | N57: =M57/L57 -> 801.84778 | O57: =L57-I57 -> 0 | P57: =N57-K57 -> -98.152224 | Q57: =N57/K57 -> 0.89094197 | S57: 0.27569444 | T57: 0.29444444 | U57: 15 | V57: 27.012608 | AA57: =M57-J57 -> -392.6089 | AB57: =M57/J57 -> 0.89094197
B58: 18℃-飯糰 | C58: 一配筋子銀鮭飯糰 | E58: 30 | F58: 2198 | G58: =E58*F58 -> 65940 | I58: 4 | J58: 3300 | K58: =J58/I58 -> 825 | L58: 4 | M58: =F58/V58*60 -> 3008.1051 | N58: =M58/L58 -> 752.02628 | O58: =L58-I58 -> 0 | P58: =N58-K58 -> -72.97372 | Q58: =N58/K58 -> 0.91154701 | S58: 0.30486111 | T58: 0.33530093 | U58: 15 | V58: 43.841553 | AA58: =M58-J58 -> -291.89488 | AB58: =M58/J58 -> 0.91154701
B59: 18℃-飯糰 | C59: 一配鹽蔥生鮭飯糰 | E59: 27.48 | F59: 3053 | G59: =E59*F59 -> 83896.44 | I59: 5 | J59: 3600 | K59: =J59/I59 -> 720 | L59: 5 | M59: =F59/V59*60 -> 3207.6059 | N59: =M59/L59 -> 641.52118 | O59: =L59-I59 -> 0 | P59: =N59-K59 -> -78.478825 | Q59: =N59/K59 -> 0.89100163 | S59: 0.34513889 | T59: 0.38479167 | U59: 15 | V59: 57.108014 | AA59: =M59-J59 -> -392.39412 | AB59: =M59/J59 -> 0.89100163
B60: 18℃-飯糰 | C60: 一配明太子龍蝦風味沙拉飯糰 | E60: 18.18 | F60: 1560 | G60: =E60*F60 -> 28360.8 | I60: 3 | J60: 3600 | K60: =J60/I60 -> 1200 | L60: 3 | M60: =F60/V60*60 -> 3208.1417 | N60: =M60/L60 -> 1069.3806 | O60: =L60-I60 -> 0 | P60: =N60-K60 -> -130.61943 | Q60: =N60/K60 -> 0.89115048 | S60: 0.39513889 | T60: 0.41539352 | U60: 14.9 | V60: 29.175768 | AA60: =M60-J60 -> -391.85828 | AB60: =M60/J60 -> 0.89115048
B61: 18℃-飯糰 | C61: 一配雞肉飯飯糰 | E61: 16.66 | F61: 3904 | G61: =E61*F61 -> 65040.64 | I61: 5 | J61: 3600 | K61: =J61/I61 -> 720 | L61: 5 | M61: =F61/V61*60 -> 3207.0158 | N61: =M61/L61 -> 641.40317 | O61: =L61-I61 -> 0 | P61: =N61-K61 -> -78.596834 | Q61: =N61/K61 -> 0.89083773 | S61: 0.42569444 | T61: 0.47641204 | U61: 14.833333 | V61: 73.039864 | AA61: =M61-J61 -> -392.98417 | AB61: =M61/J61 -> 0.89083773
B72: 平均 | I72: =AVERAGE(I56:I71) -> 4 | J72: =AVERAGE(J56:J71) -> 3550 | K72: =J72/I72 -> 887.5 | L72: =AVERAGE(L56:L71) -> 4 | M72: =AVERAGE(M56:M71) -> 3174.783 | N72: =M72/L72 -> 793.69575 | O72: =L72-I72 -> 0 | P72: =N72-K72 -> -93.80425 | Q72: =N72/K72 -> 0.89430507 | S72: 0.25 | T72: 0.47641204 | AA72: =M72-J72 -> -375.217 | AB72: =M72/J72 -> 0.89430507
A73: 自動包裝機 (二配) | B73: 18℃-飯糰 | C73: 二配兩粒飯糰(鮪魚.焦糖鮭魚) | E73: 28.57 | F73: 1189 | G73: =E73*F73 -> 33969.73 | I73: 12 | J73: 3600 | K73: =J73/I73 -> 300 | L73: 12 | M73: =F73/V73*60 -> 3122.6949 | N73: =M73/L73 -> 260.22458 | O73: =L73-I73 -> 0 | P73: =N73-K73 -> -39.775425 | Q73: =N73/K73 -> 0.86741525 | R73: =Q89 -> 0.89382319 | S73: 0.70833333 | T73: 0.72418981 | V73: 22.845652 | AA73: =M73-J73 -> -477.3051 | AB73: =M73/J73 -> 0.86741525 | AC73: =AB89 -> 0.89382319
B74: 18℃-飯糰 | C74: 二配柚香雞胸五穀飯糰 | E74: 17.71 | F74: 518 | G74: =E74*F74 -> 9173.78 | I74: 5 | J74: 3600 | K74: =J74/I74 -> 720 | L74: 5 | M74: =F74/V74*60 -> 3266.7813 | N74: =M74/L74 -> 653.35626 | O74: =L74-I74 -> 0 | P74: =N74-K74 -> -66.64374 | Q74: =N74/K74 -> 0.90743925 | S74: 0.72708333 | T74: 0.73368056 | U74: 5 | V74: 9.5139518 | AA74: =M74-J74 -> -333.2187 | AB74: =M74/J74 -> 0.90743925
B75: 18℃-飯糰 | C75: 二配鮭魚毛豆炊飯飯糰 | E75: 18.92 | F75: 977 | G75: =E75*F75 -> 18484.84 | I75: 5 | J75: 3600 | K75: =J75/I75 -> 720 | L75: 5 | M75: =F75/V75*60 -> 3263.8142 | N75: =M75/L75 -> 652.76284 | O75: =L75-I75 -> 0 | P75: =N75-K75 -> -67.23716 | Q75: =N75/K75 -> 0.90661506 | S75: 0.73680556 | T75: 0.74927083 | U75: 5 | V75: 17.960581 | AA75: =M75-J75 -> -336.1858 | AB75: =M75/J75 -> 0.90661506
B89: 平均 | I89: =AVERAGE(I73:I88) -> 7.3333333 | J89: =AVERAGE(J73:J88) -> 3600 | K89: =J89/I89 -> 490.90909 | L89: =AVERAGE(L73:L88) -> 7.3333333 | M89: =AVERAGE(M73:M88) -> 3217.7635 | N89: =M89/L89 -> 438.78593 | O89: =L89-I89 -> 0 | P89: =N89-K89 -> -52.123164 | Q89: =N89/K89 -> 0.89382319 | S89: 0.70833333 | T89: 0.74927083 | AA89: =M89-J89 -> -382.23653 | AB89: =M89/J89 -> 0.89382319
A90: (新) 3300型飯糰機 (二配) | B90: 18℃-飯糰 | C90: 二配大飯糰乾燒風味鮮蝦 | E90: 23.27 | F90: 468 | G90: =E90*F90 -> 10890.36 | I90: 5 | J90: 3000 | K90: =J90/I90 -> 600 | L90: 5 | M90: =F90/V90*60 -> 2734.0218 | N90: =M90/L90 -> 546.80437 | O90: =L90-I90 -> 0 | P90: =N90-K90 -> -53.195633 | Q90: =N90/K90 -> 0.91134061 | R90: =Q106 -> 0.91073101 | S90: 0.70833333 | T90: 0.71546296 | V90: 10.270584 | AA90: =M90-J90 -> -265.97816 | AB90: =M90/J90 -> 0.91134061 | AC90: =AB106 -> 0.91073101
B91: 18℃-飯糰 | C91: 二配大飯糰韓式蒜烤豬五花 | E91: 24.54 | F91: 1197 | G91: =E91*F91 -> 29374.38 | I91: 4 | J91: 3000 | K91: =J91/I91 -> 750 | L91: 4 | M91: =F91/V91*60 -> 2731.9787 | N91: =M91/L91 -> 682.99467 | O91: =L91-I91 -> 0 | P91: =N91-K91 -> -67.005331 | Q91: =N91/K91 -> 0.91065956 | S91: 0.71875 | T91: 0.73700231 | U91: 4.7333333 | V91: 26.288639 | AA91: =M91-J91 -> -268.02132 | AB91: =M91/J91 -> 0.91065956
B92: 18℃-飯糰 | C92: 二配大飯糰泡菜鮪魚 | E92: 24.33 | F92: 1355 | G92: =E92*F92 -> 32967.15 | I92: 4 | J92: 3000 | K92: =J92/I92 -> 750 | L92: 4 | M92: =F92/V92*60 -> 2732.1766 | N92: =M92/L92 -> 683.04416 | O92: =L92-I92 -> 0 | P92: =N92-K92 -> -66.955839 | Q92: =N92/K92 -> 0.91072555 | S92: 0.74097222 | T92: 0.76163194 | U92: 5.7166667 | V92: 29.756495 | AA92: =M92-J92 -> -267.82336 | AB92: =M92/J92 -> 0.91072555
B93: 18℃-飯糰 | C93: 二配壹號醬炙烤牛飯糰 | E93: 22.28 | F93: 1367 | G93: =E93*F93 -> 30456.76 | I93: 5 | J93: 3300 | K93: =J93/I93 -> 660 | L93: 5 | M93: =F93/V93*60 -> 3006.1962 | N93: =M93/L93 -> 601.23925 | O93: =L93-I93 -> 0 | P93: =N93-K93 -> -58.760754 | Q93: =N93/K93 -> 0.91096856 | S93: 0.76527778 | T93: 0.78422454 | U93: 5.25 | V93: 27.283648 | AA93: =M93-J93 -> -293.80377 | AB93: =M93/J93 -> 0.91096856
B94: 18℃-飯糰 | C94: 二配鹽蔥燒肉飯糰 | E94: 17.89 | F94: 4276 | G94: =E94*F94 -> 76497.64 | I94: 4 | J94: 3300 | K94: =J94/I94 -> 825 | L94: 4 | M94: =F94/V94*60 -> 3003.0303 | N94: =M94/L94 -> 750.75757 | O94: =L94-I94 -> 0 | P94: =N94-K94 -> -74.242428 | Q94: =N94/K94 -> 0.91000918 | S94: 0.7875 | T94: 0.8468287 | U94: 4.7166667 | V94: 85.433704 | AA94: =M94-J94 -> -296.96971 | AB94: =M94/J94 -> 0.91000918
B106: 平均 | I106: =AVERAGE(I90:I105) -> 4.4 | J106: =AVERAGE(J90:J105) -> 3120 | K106: =J106/I106 -> 709.09091 | L106: =AVERAGE(L90:L105) -> 4.4 | M106: =AVERAGE(M90:M105) -> 2841.4807 | N106: =M106/L106 -> 645.79108 | O106: =L106-I106 -> 0 | P106: =N106-K106 -> -63.299833 | Q106: =N106/K106 -> 0.91073101 | S106: 0.70833333 | T106: 0.8468287 | AA106: =M106-J106 -> -278.51926 | AB106: =M106/J106 -> 0.91073101
A107: GKK3600型 飯糰機 (二配) | B107: 18℃-飯糰 | C107: 二配芝麻香鬆飯糰 | E107: 18.18 | F107: 534 | G107: =E107*F107 -> 9708.12 | H107: 2 | I107: 3 | J107: 3000 | K107: =J107/I107 -> 1000 | L107: 3 | M107: =F107/V107*60 -> 2736.4541 | N107: =M107/L107 -> 912.15137 | O107: =L107-I107 -> 0 | P107: =N107-K107 -> -87.848628 | Q107: =N107/K107 -> 0.91215137 | R107: =Q123 -> 0.90212986 | S107: 0.73125 | T107: 0.739375 | V107: 11.708583 | AA107: =M107-J107 -> -263.54588 | AB107: =M107/J107 -> 0.91215137 | AC107: =AB123 -> 0.90212986
B108: 18℃-飯糰 | C108: 二配經典肉鬆飯糰 | E108: 14.03 | F108: 1847 | G108: =E108*F108 -> 25913.41 | H108: 2 | I108: 3 | J108: 3000 | K108: =J108/I108 -> 1000 | L108: 3 | M108: =F108/V108*60 -> 2734.3401 | N108: =M108/L108 -> 911.4467 | O108: =L108-I108 -> 0 | P108: =N108-K108 -> -88.5533 | Q108: =N108/K108 -> 0.9114467 | S108: 0.74930556 | T108: 0.77744213 | U108: 15 | V108: 40.528974 | AA108: =M108-J108 -> -265.6599 | AB108: =M108/J108 -> 0.9114467
B109: 18℃-飯糰 | C109: 二配蔬食鮪魚飯糰 | E109: 18.18 | F109: 1088 | G109: =E109*F109 -> 19779.84 | I109: 3 | J109: 3600 | K109: =J109/I109 -> 1200 | L109: 3 | M109: =F109/V109*60 -> 3206.4029 | N109: =M109/L109 -> 1068.801 | O109: =L109-I109 -> 0 | P109: =N109-K109 -> -131.19902 | Q109: =N109/K109 -> 0.89066748 | S109: 0.7875 | T109: 0.80163194 | U109: 15 | V109: 20.359263 | AA109: =M109-J109 -> -393.59706 | AB109: =M109/J109 -> 0.89066748
B110: 18℃-飯糰 | C110: 二配鮪魚飯糰 | E110: 14.28 | F110: 2204 | G110: =E110*F110 -> 31473.12 | H110: 2 | I110: 3 | J110: 3600 | K110: =J110/I110 -> 1200 | L110: 3 | M110: =F110/V110*60 -> 3210.2848 | N110: =M110/L110 -> 1070.0949 | O110: =L110-I110 -> 0 | P110: =N110-K110 -> -129.90508 | Q110: =N110/K110 -> 0.89174577 | S110: 0.81180556 | T110: 0.84040509 | U110: 14.65 | V110: 41.192607 | AA110: =M110-J110 -> -389.71523 | AB110: =M110/J110 -> 0.89174577
B111: 18℃-飯糰 | C111: 二配芝麻香鬆飯糰 | E111: 18.18 | F111: 1139 | G111: =E111*F111 -> 20707.02 | I111: 3 | J111: 3000 | K111: =J111/I111 -> 1000 | L111: 3 | M111: =F111/V111*60 -> 2736.4541 | N111: =M111/L111 -> 912.15137 | O111: =L111-I111 -> 0 | P111: =N111-K111 -> -87.848628 | Q111: =N111/K111 -> 0.91215137 | S111: 0.85069444 | T111: 0.86803241 | U111: 14.816667 | V111: 24.973925 | AA111: =M111-J111 -> -263.54588 | AB111: =M111/J111 -> 0.91215137
B112: 18℃-飯糰 | C112: 二配經典肉鬆飯糰 | E112: 14.03 | F112: 4686 | G112: =E112*F112 -> 65744.58 | I112: 3 | J112: 3000 | K112: =J112/I112 -> 1000 | L112: 3 | M112: =F112/V112*60 -> 2734.3401 | N112: =M112/L112 -> 911.4467 | O112: =L112-I112 -> 0 | P112: =N112-K112 -> -88.5533 | Q112: =N112/K112 -> 0.9114467 | S112: 0.87777778 | T112: 0.94917824 | U112: 15 | V112: 102.82554 | AA112: =M112-J112 -> -265.6599 | AB112: =M112/J112 -> 0.9114467
B113: 18℃-飯糰 | C113: 二配鮪魚飯糰 | E113: 14.28 | F113: 5854 | G113: =E113*F113 -> 83595.12 | I113: 3 | J113: 3600 | K113: =J113/I113 -> 1200 | L113: 3 | M113: =F113/V113*60 -> 3210.2848 | N113: =M113/L113 -> 1070.0949 | O113: =L113-I113 -> 0 | P113: =N113-K113 -> -129.90508 | Q113: =N113/K113 -> 0.89174577 | S113: 0.95902778 | T113: 1.035 | U113: 15 | V113: 109.41085 | AA113: =M113-J113 -> -389.71523 | AB113: =M113/J113 -> 0.89174577
B123: 平均 | I123: =AVERAGE(I107:I122) -> 3 | J123: =AVERAGE(J107:J122) -> 3257.1429 | K123: =J123/I123 -> 1085.7143 | L123: =AVERAGE(L107:L122) -> 3 | M123: =AVERAGE(M107:M122) -> 2938.3658 | N123: =M123/L123 -> 979.45528 | O123: =L123-I123 -> 0 | P123: =N123-K123 -> -106.259 | Q123: =N123/K123 -> 0.90212986 | S123: 0.73125 | T123: 1.035 | AA123: =M123-J123 -> -318.77701 | AB123: =M123/J123 -> 0.90212986
A124: GKK3600型 飯糰機2 (二配) | B124: 18℃-飯糰 | C124: 二配熟成紅鮭飯糰 | E124: 25.03 | F124: 400 | G124: =E124*F124 -> 10012 | H124: 2 | I124: 5 | J124: 3600 | K124: =J124/I124 -> 720 | L124: 5 | M124: =F124/V124*60 -> 3208.7887 | N124: =M124/L124 -> 641.75775 | O124: =L124-I124 -> 0 | P124: =N124-K124 -> -78.242251 | Q124: =N124/K124 -> 0.89133021 | R124: =Q140 -> 0.89128904 | S124: 0.73888889 | T124: 0.74407407 | V124: 7.4794578 | AA124: =M124-J124 -> -391.21126 | AB124: =M124/J124 -> 0.89133021 | AC124: =AB140 -> 0.89128904
B125: 18℃-飯糰 | C125: 二配三杯醬爆菇菇飯糰 | E125: 16.7 | F125: 387 | G125: =E125*F125 -> 6462.9 | H125: 2 | I125: 3 | J125: 3600 | K125: =J125/I125 -> 1200 | L125: 3 | M125: =F125/V125*60 -> 3212.9639 | N125: =M125/L125 -> 1070.988 | O125: =L125-I125 -> 0 | P125: =N125-K125 -> -129.01204 | Q125: =N125/K125 -> 0.89248997 | S125: 0.75416667 | T125: 0.75917824 | U125: 14.533333 | V125: 7.226972 | AA125: =M125-J125 -> -387.03611 | AB125: =M125/J125 -> 0.89248997
B126: 18℃-飯糰 | C126: 二配贅沢鮭魚肚飯糰 | E126: 30 | F126: 595 | G126: =E126*F126 -> 17850 | H126: 2 | I126: 4 | J126: 3600 | K126: =J126/I126 -> 900 | L126: 4 | M126: =F126/V126*60 -> 3207.36 | N126: =M126/L126 -> 801.84001 | O126: =L126-I126 -> 0 | P126: =N126-K126 -> -98.159992 | Q126: =N126/K126 -> 0.89093334 | S126: 0.76944444 | T126: 0.77716435 | U126: 14.783333 | V126: 11.130649 | AA126: =M126-J126 -> -392.63997 | AB126: =M126/J126 -> 0.89093334
B127: 18℃-飯糰 | C127: 二配北海道秋鮭親子飯糰 | E127: 24.82 | F127: 564 | G127: =E127*F127 -> 13998.48 | H127: 2 | I127: 5 | J127: 3600 | K127: =J127/I127 -> 720 | L127: 5 | M127: =F127/V127*60 -> 3206.9132 | N127: =M127/L127 -> 641.38263 | O127: =L127-I127 -> 0 | P127: =N127-K127 -> -78.61737 | Q127: =N127/K127 -> 0.89080921 | S127: 0.7875 | T127: 0.79482639 | U127: 14.883333 | V127: 10.552203 | AA127: =M127-J127 -> -393.08685 | AB127: =M127/J127 -> 0.89080921
B128: 18℃-飯糰 | C128: 二配明太子龍蝦風味沙拉飯糰 | E128: 18.18 | F128: 835 | G128: =E128*F128 -> 15180.3 | H128: 2 | I128: 3 | J128: 3600 | K128: =J128/I128 -> 1200 | L128: 3 | M128: =F128/V128*60 -> 3206.3097 | N128: =M128/L128 -> 1068.7699 | O128: =L128-I128 -> 0 | P128: =N128-K128 -> -131.23011 | Q128: =N128/K128 -> 0.89064157 | S128: 0.80486111 | T128: 0.81570602 | U128: 15 | V128: 15.62544 | AA128: =M128-J128 -> -393.69033 | AB128: =M128/J128 -> 0.89064157
B129: 18℃-飯糰 | C129: 二配雞肉飯飯糰 | E129: 16.66 | F129: 1830 | G129: =E129*F129 -> 30487.8 | H129: 2 | I129: 5 | J129: 3600 | K129: =J129/I129 -> 720 | L129: 5 | M129: =F129/V129*60 -> 3209.5079 | N129: =M129/L129 -> 641.90157 | O129: =L129-I129 -> 0 | P129: =N129-K129 -> -78.098426 | Q129: =N129/K129 -> 0.89152996 | S129: 0.82569444 | T129: 0.84944444 | U129: 15 | V129: 34.210852 | AA129: =M129-J129 -> -390.49213 | AB129: =M129/J129 -> 0.89152996
B130: 18℃-飯糰 | C130: 二配熟成紅鮭飯糰 | E130: 25.03 | F130: 826 | G130: =E130*F130 -> 20674.78 | I130: 5 | J130: 3600 | K130: =J130/I130 -> 720 | L130: 5 | M130: =F130/V130*60 -> 3208.7887 | N130: =M130/L130 -> 641.75775 | O130: =L130-I130 -> 0 | P130: =N130-K130 -> -78.242251 | Q130: =N130/K130 -> 0.89133021 | S130: 0.85972222 | T130: 0.87043981 | U130: 14.8 | V130: 15.44508 | AA130: =M130-J130 -> -391.21126 | AB130: =M130/J130 -> 0.89133021
B131: 18℃-飯糰 | C131: 二配三杯醬爆菇菇飯糰 | E131: 16.7 | F131: 873 | G131: =E131*F131 -> 14579.1 | I131: 3 | J131: 3600 | K131: =J131/I131 -> 1200 | L131: 3 | M131: =F131/V131*60 -> 3212.9639 | N131: =M131/L131 -> 1070.988 | O131: =L131-I131 -> 0 | P131: =N131-K131 -> -129.01204 | Q131: =N131/K131 -> 0.89248997 | S131: 0.88055556 | T131: 0.891875 | U131: 14.566667 | V131: 16.302704 | AA131: =M131-J131 -> -387.03611 | AB131: =M131/J131 -> 0.89248997
B132: 18℃-飯糰 | C132: 二配贅沢鮭魚肚飯糰 | E132: 30 | F132: 1364 | G132: =E132*F132 -> 40920 | I132: 4 | J132: 3600 | K132: =J132/I132 -> 900 | L132: 4 | M132: =F132/V132*60 -> 3207.36 | N132: =M132/L132 -> 801.84001 | O132: =L132-I132 -> 0 | P132: =N132-K132 -> -98.159992 | Q132: =N132/K132 -> 0.89093334 | S132: 0.90208333 | T132: 0.91979167 | U132: 14.7 | V132: 25.516312 | AA132: =M132-J132 -> -392.63997 | AB132: =M132/J132 -> 0.89093334
B133: 18℃-飯糰 | C133: 二配北海道秋鮭親子飯糰 | E133: 24.82 | F133: 1253 | G133: =E133*F133 -> 31099.46 | I133: 5 | J133: 3600 | K133: =J133/I133 -> 720 | L133: 5 | M133: =F133/V133*60 -> 3206.9132 | N133: =M133/L133 -> 641.38263 | O133: =L133-I133 -> 0 | P133: =N133-K133 -> -78.61737 | Q133: =N133/K133 -> 0.89080921 | S133: 0.92986111 | T133: 0.94613426 | U133: 14.5 | V133: 23.443104 | AA133: =M133-J133 -> -393.08685 | AB133: =M133/J133 -> 0.89080921
B134: 18℃-飯糰 | C134: 二配明太子龍蝦風味沙拉飯糰 | E134: 18.18 | F134: 2104 | G134: =E134*F134 -> 38250.72 | I134: 3 | J134: 3600 | K134: =J134/I134 -> 1200 | L134: 3 | M134: =F134/V134*60 -> 3206.3097 | N134: =M134/L134 -> 1068.7699 | O134: =L134-I134 -> 0 | P134: =N134-K134 -> -131.23011 | Q134: =N134/K134 -> 0.89064157 | S134: 0.95625 | T134: 0.98358796 | U134: 14.566667 | V134: 39.372367 | AA134: =M134-J134 -> -393.69033 | AB134: =M134/J134 -> 0.89064157
B135: 18℃-飯糰 | C135: 二配雞肉飯飯糰 | E135: 16.66 | F135: 4719 | G135: =E135*F135 -> 78618.54 | I135: 5 | J135: 3600 | K135: =J135/I135 -> 720 | L135: 5 | M135: =F135/V135*60 -> 3209.5079 | N135: =M135/L135 -> 641.90157 | O135: =L135-I135 -> 0 | P135: =N135-K135 -> -78.098426 | Q135: =N135/K135 -> 0.89152996 | S135: 0.99375 | T135: 1.0550116 | U135: 14.633333 | V135: 88.219132 | AA135: =M135-J135 -> -390.49213 | AB135: =M135/J135 -> 0.89152996
B140: 平均 | I140: =AVERAGE(I124:I139) -> 4.1666667 | J140: =AVERAGE(J124:J139) -> 3600 | K140: =J140/I140 -> 864 | L140: =AVERAGE(L124:L139) -> 4.1666667 | M140: =AVERAGE(M124:M139) -> 3208.6406 | N140: =M140/L140 -> 770.07373 | O140: =L140-I140 -> 0 | P140: =N140-K140 -> -93.926266 | Q140: =N140/K140 -> 0.89128904 | S140: 0.73888889 | T140: 1.0550116 | AA140: =M140-J140 -> -391.35944 | AB140: =M140/J140 -> 0.89128904
Y142: 原因回覆
Y143: 1.當日出勤人數較多
Y144: 2.當日出勤人數較少
Y145: 3.當日出勤熟手較多
Y146: 4.當日出勤新人較多
Y147: 5.機台夾盒
Y148: 6.封膜不順
Y149: 7.更換膠膜
Y150: 8.更換碳帶
Y151: 9.當日熱轉印碳帶異常
Y152: 10.訂單量過少
Y153: 11.新品上市，尚未熟悉
Y154: 12.活動期間品項需貼標

Sheet 0731(4度C)
A1: 大溪廠日報分析 | C1: 總生產量 | D1: =SUM(F5:F140) -> 74587 | E1: 營業額 | F1: =SUM(G5:G140) -> 3224056.1 | G1: 出勤人數 | H1: =L21+L38+L55+L72+L89+L106+L123+L140 -> 136.25833 | I1: 產線配置圖 | L1: 生產實績 | O1: 人時性差異分析 | S1: 日報登錄 | Y1: 合計次數 | Z1: 合計(時間/分) | AA1: 產線異常 分析說明(5分鐘以上) | AC1: 合計次數 | AD1: 合計(時間/分) | AE1: 產能差異分析
A2: 46234 | C2: 人時性 | D2: =AVERAGE(N21,N38,N55,N72,N89,N106,N123,N140) -> 201.50752 | E2: 平均廠價 | F2: =F1/D1 -> 43.225443 | G2: 多次生產數 | H2: =COUNT(H5:H140) -> 0 | Y2: =SUM(Y21,Y38,Y55,Y72,Y89,Y106,Y123,Y140) -> 0 | Z2: =SUM(Z21,Z38,Z55,Z72,Z89,Z106,Z123,Z140) -> 0 | AC2: =SUM(AC21,AC38,AC55,AC72,AC89,AC106,AC123,AC140) -> 0 | AD2: =SUM(AD21,AD38,AD55,AD72,AD89,AD106,AD123,AD140) -> 0
A3: 線別 | B3: 品類 | C3: 品名 | E3: 廠價 | F3: 生產量 | G3: 營收 | H3: 多次 生產 | I3: 人數 | J3: 產能/時 | K3: 人時性 | L3: 人數 | M3: 產能/時 | N3: 人時性 | O3: 人數 | P3: 人時性 | Q3: 達成率 | R3: 達成率 平均 | S3: 生產時間 | U3: 換線、休息/分 | V3: 稼動時間/分 | W3: 休息時間 | Y3: 產線異常統計(5分鐘以上) | AA3: (屏榮回填) | AC3: 短暫停線統計(5分鐘以下) | AE3: 產能/時 | AF3: 達成率 | AG3: 達成率平均
S4: 開始 | T4: 結束 | W4: 開始 | X4: 結束 | Y4: 次數 | Z4: 時間/分 | AC4: 總次數 | AD4: 設備因素(次數)
A5: 便當二線 | B5: 微波小吃 | C5: 日式茶碗蒸 | E5: 19.7 | F5: 3540 | G5: =E5*F5 -> 69738 | I5: 13 | J5: 1200 | K5: =J5/I5 -> 92.307692 | L5: 13 | M5: =F5/V5*60 -> 1083.5673 | N5: =M5/L5 -> 83.35133 | O5: =L5-I5 -> 0 | P5: =N5-K5 -> -8.9563624 | Q5: =N5/K5 -> 0.90297274 | R5: =Q21 -> 0.89988721 | S5: 0.20833333 | T5: 0.34445602 | V5: 196.01921 | AE5: =M5-J5 -> -116.43271 | AF5: =M5/J5 -> 0.90297274 | AG5: =AF21 -> 0.89988721
B6: 微波主食 | C6: 糖燻野郎三十天熟成牛飯 | E6: 56.43 | F6: 3502 | G6: =E6*F6 -> 197617.86 | I6: 24 | J6: 2000 | K6: =J6/I6 -> 83.333333 | L6: 24 | M6: =F6/V6*60 -> 1799.6827 | N6: =M6/L6 -> 74.98678 | O6: =L6-I6 -> 0 | P6: =N6-K6 -> -8.3465538 | Q6: =N6/K6 -> 0.89984135 | S6: 0.34791667 | T6: 0.42899306 | U6: 4.9833333 | V6: 116.75391 | AE6: =M6-J6 -> -200.31729 | AF6: =M6/J6 -> 0.89984135
B7: 便當 | C7: 香檸奶油魚排蔬滿盒 | E7: 77.35 | F7: 392 | G7: =E7*F7 -> 30321.2 | I7: 25 | J7: 2000 | K7: =J7/I7 -> 80 | L7: 25 | M7: =F7/V7*60 -> 1797.4925 | N7: =M7/L7 -> 71.899701 | O7: =L7-I7 -> 0 | P7: =N7-K7 -> -8.1002987 | Q7: =N7/K7 -> 0.89874627 | S7: 0.43194444 | T7: 0.44103009 | U7: 5 | V7: 13.084894 | AE7: =M7-J7 -> -202.50747 | AF7: =M7/J7 -> 0.89874627
B8: 便當 | C8: 嫩烤香料雞胸排蔬滿盒 | E8: 77.34 | F8: 1242 | G8: =E8*F8 -> 96056.28 | I8: 23 | J8: 2000 | K8: =J8/I8 -> 86.956522 | L8: 23 | M8: =F8/V8*60 -> 1798.6081 | N8: =M8/L8 -> 78.200352 | O8: =L8-I8 -> 0 | P8: =N8-K8 -> -8.7561697 | Q8: =N8/K8 -> 0.89930405 | S8: 0.44444444 | T8: 0.47320602 | U8: 4.9166667 | V8: 41.432039 | W8: 0.47320602 | X8: 0.51180556 | AE8: =M8-J8 -> -201.3919 | AF8: =M8/J8 -> 0.89930405
B9: 便當 | C9: 健身G肉餐盒 | E9: 59.52 | F9: 2960 | G9: =E9*F9 -> 176179.2 | I9: 24 | J9: 2000 | K9: =J9/I9 -> 83.333333 | L9: 24 | M9: =F9/V9*60 -> 1799.6117 | N9: =M9/L9 -> 74.98382 | O9: =L9-I9 -> 0 | P9: =N9-K9 -> -8.3495136 | Q9: =N9/K9 -> 0.89980584 | S9: 0.51180556 | T9: 0.58033565 | U9: 55.583333 | V9: 98.687957 | AE9: =M9-J9 -> -200.38833 | AF9: =M9/J9 -> 0.89980584
B21: 平均 | I21: =AVERAGE(I5:I20) -> 21.8 | J21: =AVERAGE(J5:J20) -> 1840 | K21: =J21/I21 -> 84.40367 | L21: =AVERAGE(L5:L20) -> 21.8 | M21: =AVERAGE(M5:M20) -> 1655.7925 | N21: =M21/L21 -> 75.953783 | O21: =L21-I21 -> 0 | P21: =N21-K21 -> -8.4498872 | Q21: =N21/K21 -> 0.89988721 | S21: 0.20833333 | T21: 0.58033565 | Y21: =SUM(Y5:Y20) -> 0 | Z21: =SUM(Z5:Z20) -> 0 | AC21: =SUM(AC5:AC20) -> 0 | AD21: =SUM(AD5:AD20) -> 0 | AE21: =M21-J21 -> -184.20754 | AF21: =M21/J21 -> 0.89988721
A22: 涼麵一線 | B22: 4℃-壽司手卷 | C22: 海陸雙拼壽司 | E22: 36.45 | F22: 1806 | G22: =E22*F22 -> 65828.7 | I22: 20 | J22: 2100 | K22: =J22/I22 -> 105 | L22: 20 | M22: =F22/V22*60 -> 1893.2783 | N22: =M22/L22 -> 94.663917 | O22: =L22-I22 -> 0 | P22: =N22-K22 -> -10.336083 | Q22: =N22/K22 -> 0.90156112 | R22: =Q38 -> 0.90236366 | S22: 0.20833333 | T22: 0.2480787 | V22: 57.234057 | AE22: =M22-J22 -> -206.72166 | AF22: =M22/J22 -> 0.90156112 | AG22: =AF38 -> 0.90958257
B23: 微波小吃 | C23: 馬鈴薯玉米濃湯 | E23: 31.72 | F23: 1195 | G23: =E23*F23 -> 37905.4 | I23: 22 | J23: 2000 | K23: =J23/I23 -> 90.909091 | L23: 22 | M23: =F23/V23*60 -> 1800.8275 | N23: =M23/L23 -> 81.855796 | O23: =L23-I23 -> 0 | P23: =N23-K23 -> -9.0532948 | Q23: =N23/K23 -> 0.90041376 | S23: 0.25208333 | T23: 0.27972222 | U23: 5.7666667 | V23: 39.815029 | AE23: =M23-J23 -> -199.17249 | AF23: =M23/J23 -> 0.90041376
B24: 微波小吃 | C24: 三合一味噌湯 | E24: 34.79 | F24: 1273 | G24: =E24*F24 -> 44287.67 | I24: 11 | J24: 2000 | K24: =J24/I24 -> 181.81818 | L24: 11 | M24: =F24/V24*60 -> 1809.128 | N24: =M24/L24 -> 164.46618 | O24: =L24-I24 -> 0 | P24: =N24-K24 -> -17.352 | Q24: =N24/K24 -> 0.904564 | S24: 0.28333333 | T24: 0.31265046 | U24: 5.2 | V24: 42.219235 | AE24: =M24-J24 -> -190.872 | AF24: =M24/J24 -> 0.904564
B25: 微波小吃 | C25: 蒸蛋湯 | E25: 33.2 | F25: 2207 | G25: =E25*F25 -> 73272.4 | I25: 11 | J25: 2000 | K25: =J25/I25 -> 181.81818 | L25: 11 | M25: =F25/V25*60 -> 1807.9725 | N25: =M25/L25 -> 164.36113 | O25: =L25-I25 -> 0 | P25: =N25-K25 -> -17.457049 | Q25: =N25/K25 -> 0.90398623 | S25: 0.31666667 | T25: 0.36752315 | U25: 5.7833333 | V25: 73.242266 | AE25: =M25-J25 -> -192.02754 | AF25: =M25/J25 -> 0.90398623
B26: 微波小吃 | C26: 越式牛肉寬粉 | E26: 51.44 | F26: 1239 | G26: =E26*F26 -> 63734.16 | I26: 19 | J26: 2000 | K26: =J26/I26 -> 105.26316 | L26: 19 | M26: =F26/V26*60 -> 1801.3709 | N26: =M26/L26 -> 94.808996 | O26: =L26-I26 -> 0 | P26: =N26-K26 -> -10.454162 | Q26: =N26/K26 -> 0.90068546 | S26: 0.37083333 | T26: 0.39949074 | U26: 4.7666667 | V26: 41.268569 | AE26: =M26-J26 -> -198.62908 | AF26: =M26/J26 -> 0.90068546
B27: 微波主食 | C27: 日式鮭魚茶泡烤飯 | E27: 46.34 | F27: 2131 | G27: =E27*F27 -> 98750.54 | I27: 21 | J27: 1800 | K27: =J27/I27 -> 85.714286 | L27: 21 | M27: =F27/V27*60 -> 1622.5561 | N27: =M27/L27 -> 77.264577 | O27: =L27-I27 -> 0 | P27: =N27-K27 -> -8.449709 | Q27: =N27/K27 -> 0.90142006 | S27: 0.40277778 | T27: 0.4575 | U27: 4.7333333 | V27: 78.801589 | W27: 0.4575 | X27: 0.49513889 | AE27: =M27-J27 -> -177.44389 | AF27: =M27/J27 -> 0.90142006
B28: 4℃-飯糰 | C28: 麻油雞飯糰 | E28: 29.97 | F28: 1611 | G28: =E28*F28 -> 48281.67 | I28: 21 | J28: 2790 | K28: =J28/I28 -> 132.85714 | L28: 22 | M28: =F28/V28*60 -> 2626.6346 | N28: =M28/L28 -> 119.39248 | O28: =L28-I28 -> 1 | P28: =N28-K28 -> -13.46466 | Q28: =N28/K28 -> 0.89865309 | S28: 0.49513889 | T28: 0.52068287 | U28: 55 | V28: 36.799941 | AE28: =M28-J28 -> -163.36538 | AF28: =M28/J28 -> 0.9414461
B38: 平均 | I38: =AVERAGE(I22:I37) -> 17.857143 | J38: =AVERAGE(J22:J37) -> 2098.5714 | K38: =J38/I38 -> 117.52 | L38: =AVERAGE(L22:L37) -> 18 | M38: =AVERAGE(M22:M37) -> 1908.824 | N38: =M38/L38 -> 106.04578 | O38: =L38-I38 -> 0.14285714 | P38: =N38-K38 -> -11.474223 | Q38: =N38/K38 -> 0.90236366 | S38: 0.20833333 | T38: 0.52068287 | Y38: =SUM(Y22:Y37) -> 0 | Z38: =SUM(Z22:Z37) -> 0 | AC38: =SUM(AC22:AC37) -> 0 | AD38: =SUM(AD22:AD37) -> 0 | AE38: =M38-J38 -> -189.74743 | AF38: =M38/J38 -> 0.90958257
A39: 涼麵二線 | B39: 便當 | C39: 香腸腿排雙拼便當 | E39: 53.76 | F39: 2284 | G39: =E39*F39 -> 122787.84 | I39: 20 | J39: 2000 | K39: =J39/I39 -> 100 | L39: 20 | M39: =F39/V39*60 -> 1797.1216 | N39: =M39/L39 -> 89.856082 | O39: =L39-I39 -> 0 | P39: =N39-K39 -> -10.143918 | Q39: =N39/K39 -> 0.89856082 | R39: =Q55 -> 0.89910144 | S39: 0.20833333 | T39: 0.26128472 | V39: 76.255272 | AE39: =M39-J39 -> -202.87836 | AF39: =M39/J39 -> 0.89856082 | AG39: =AF55 -> 0.89910144
B40: 便當 | C40: 蔬活腿排補力餐盒 | E40: 71.55 | F40: 1387 | G40: =E40*F40 -> 99239.85 | I40: 22 | J40: 2000 | K40: =J40/I40 -> 90.909091 | L40: 22 | M40: =F40/V40*60 -> 1797.8029 | N40: =M40/L40 -> 81.718314 | O40: =L40-I40 -> 0 | P40: =N40-K40 -> -9.1907771 | Q40: =N40/K40 -> 0.89890145 | S40: 0.26458333 | T40: 0.29672454 | U40: 4.75 | V40: 46.289835 | AE40: =M40-J40 -> -202.1971 | AF40: =M40/J40 -> 0.89890145
B41: 便當 | C41: 地中海布格麥烤魚餐盒 | E41: 63.92 | F41: 1124 | G41: =E41*F41 -> 71846.08 | I41: 24 | J41: 2000 | K41: =J41/I41 -> 83.333333 | L41: 24 | M41: =F41/V41*60 -> 1798.6273 | N41: =M41/L41 -> 74.942803 | O41: =L41-I41 -> 0 | P41: =N41-K41 -> -8.3905307 | Q41: =N41/K41 -> 0.89931363 | S41: 0.3 | T41: 0.32603009 | U41: 4.7166667 | V41: 37.495262 | AE41: =M41-J41 -> -201.37274 | AF41: =M41/J41 -> 0.89931363
B42: 便當 | C42: 烤蛋白餐盒 | E42: 58.67 | F42: 2143 | G42: =E42*F42 -> 125729.81 | I42: 23 | J42: 2000 | K42: =J42/I42 -> 86.956522 | L42: 23 | M42: =F42/V42*60 -> 1798.162 | N42: =M42/L42 -> 78.180956 | O42: =L42-I42 -> 0 | P42: =N42-K42 -> -8.7755661 | Q42: =N42/K42 -> 0.89908099 | S42: 0.32986111 | T42: 0.37951389 | U42: 5.5166667 | V42: 71.50635 | AE42: =M42-J42 -> -201.83802 | AF42: =M42/J42 -> 0.89908099
B43: 便當 | C43: 海陸雙拼肉肉餐盒 | E43: 59.54 | F43: 1767 | G43: =E43*F43 -> 105207.18 | I43: 23 | J43: 2000 | K43: =J43/I43 -> 86.956522 | L43: 23 | M43: =F43/V43*60 -> 1797.6576 | N43: =M43/L43 -> 78.159026 | O43: =L43-I43 -> 0 | P43: =N43-K43 -> -8.7974955 | Q43: =N43/K43 -> 0.8988288 | S43: 0.38263889 | T43: 0.42358796 | U43: 5 | V43: 58.976748 | W43: 0.42358796 | X43: 0.46180556 | AE43: =M43-J43 -> -202.3424 | AF43: =M43/J43 -> 0.8988288
B44: 便當 | C44: 懷舊滷雙拼便當 | E44: 61.09 | F44: 2272 | G44: =E44*F44 -> 138796.48 | I44: 20 | J44: 2000 | K44: =J44/I44 -> 100 | L44: 20 | M44: =F44/V44*60 -> 1799.8459 | N44: =M44/L44 -> 89.992295 | O44: =L44-I44 -> 0 | P44: =N44-K44 -> -10.007705 | Q44: =N44/K44 -> 0.89992295 | S44: 0.46180556 | T44: 0.51439815 | U44: 55.033333 | V44: 75.739817 | AE44: =M44-J44 -> -200.15409 | AF44: =M44/J44 -> 0.89992295
B55: 平均 | I55: =AVERAGE(I39:I54) -> 22 | J55: =AVERAGE(J39:J54) -> 2000 | K55: =J55/I55 -> 90.909091 | L55: =AVERAGE(L39:L54) -> 22 | M55: =AVERAGE(M39:M54) -> 1798.2029 | N55: =M55/L55 -> 81.736495 | O55: =L55-I55 -> 0 | P55: =N55-K55 -> -9.1725962 | Q55: =N55/K55 -> 0.89910144 | S55: 0.20833333 | T55: 0.51439815 | Y55: =SUM(Y39:Y54) -> 0 | Z55: =SUM(Z39:Z54) -> 0 | AC55: =SUM(AC39:AC54) -> 0 | AD55: =SUM(AD39:AD54) -> 0 | AE55: =M55-J55 -> -201.79712 | AF55: =M55/J55 -> 0.89910144
A56: 涼麵三線 | B56: 季節調理麵 | C56: 和風涓絲冷麵 | E56: 28.86 | F56: 2107 | G56: =E56*F56 -> 60808.02 | I56: 19 | J56: 3600 | K56: =J56/I56 -> 189.47368 | L56: 19 | M56: =F56/V56*60 -> 3191.4779 | N56: =M56/L56 -> 167.97252 | O56: =L56-I56 -> 0 | P56: =N56-K56 -> -21.501161 | Q56: =N56/K56 -> 0.88652165 | R56: =Q72 -> 0.90212327 | S56: 0.20833333 | T56: 0.23583333 | V56: 39.611742 | AE56: =M56-J56 -> -408.52206 | AF56: =M56/J56 -> 0.88652165 | AG56: =AF72 -> 0.90212327
B57: 季節調理麵 | C57: 嘉義崇文白醋涼麵 | E57: 35.89 | F57: 2856 | G57: =E57*F57 -> 102501.84 | I57: 19 | J57: 3600 | K57: =J57/I57 -> 189.47368 | L57: 19 | M57: =F57/V57*60 -> 3192.0224 | N57: =M57/L57 -> 168.00118 | O57: =L57-I57 -> 0 | P57: =N57-K57 -> -21.472508 | Q57: =N57/K57 -> 0.88667288 | S57: 0.23958333 | T57: 0.27686343 | U57: 5.4 | V57: 53.683835 | AE57: =M57-J57 -> -407.97765 | AF57: =M57/J57 -> 0.88667288
B58: 季節調理麵 | C58: 招牌雞絲胡麻涼麵 | E58: 43.96 | F58: 1526 | G58: =E58*F58 -> 67082.96 | I58: 24 | J58: 3600 | K58: =J58/I58 -> 150 | L58: 24 | M58: =F58/V58*60 -> 3269.4283 | N58: =M58/L58 -> 136.22618 | O58: =L58-I58 -> 0 | P58: =N58-K58 -> -13.77382 | Q58: =N58/K58 -> 0.90817453 | S58: 0.27986111 | T58: 0.29930556 | U58: 5 | V58: 28.004896 | AE58: =M58-J58 -> -330.57169 | AF58: =M58/J58 -> 0.90817453
B59: 季節調理麵 | C59: 日式胡麻雞絲冷麵 | E59: 46.93 | F59: 1149 | G59: =E59*F59 -> 53922.57 | I59: 24 | J59: 3600 | K59: =J59/I59 -> 150 | L59: 24 | M59: =F59/V59*60 -> 3267.6265 | N59: =M59/L59 -> 136.15111 | O59: =L59-I59 -> 0 | P59: =N59-K59 -> -13.848894 | Q59: =N59/K59 -> 0.90767404 | S59: 0.30347222 | T59: 0.31811343 | U59: 6 | V59: 21.097882 | AE59: =M59-J59 -> -332.37346 | AF59: =M59/J59 -> 0.90767404
B60: 季節調理麵 | C60: 日式蕎麥沾麵 | E60: 36.73 | F60: 3022 | G60: =E60*F60 -> 110998.06 | I60: 20 | J60: 3600 | K60: =J60/I60 -> 180 | L60: 20 | M60: =F60/V60*60 -> 3260.8167 | N60: =M60/L60 -> 163.04084 | O60: =L60-I60 -> 0 | P60: =N60-K60 -> -16.959164 | Q60: =N60/K60 -> 0.90578242 | S60: 0.32222222 | T60: 0.36083333 | U60: 5.9166667 | V60: 55.605701 | AE60: =M60-J60 -> -339.18329 | AF60: =M60/J60 -> 0.90578242
B61: 季節調理麵 | C61: 月見烏龍冷麵 | E61: 48.4 | F61: 3321 | G61: =E61*F61 -> 160736.4 | I61: 22 | J61: 3600 | K61: =J61/I61 -> 163.63636 | L61: 22 | M61: =F61/V61*60 -> 3264.4252 | N61: =M61/L61 -> 148.38296 | O61: =L61-I61 -> 0 | P61: =N61-K61 -> -15.2534 | Q61: =N61/K61 -> 0.90678478 | S61: 0.36388889 | T61: 0.40627315 | U61: 5 | V61: 61.039842 | AE61: =M61-J61 -> -335.57479 | AF61: =M61/J61 -> 0.90678478
B62: 季節調理麵 | C62: 大滿足香辣涼麵 | E62: 38.48 | F62: 4885 | G62: =E62*F62 -> 187974.8 | I62: 20 | J62: 3600 | K62: =J62/I62 -> 180 | L62: 20 | M62: =F62/V62*60 -> 3267.1412 | N62: =M62/L62 -> 163.35706 | O62: =L62-I62 -> 0 | P62: =N62-K62 -> -16.64294 | Q62: =N62/K62 -> 0.90753922 | S62: 0.40972222 | T62: 0.47201389 | U62: 4.9666667 | V62: 89.711458 | W62: 0.47201389 | X62: 0.51041667 | AE62: =M62-J62 -> -332.8588 | AF62: =M62/J62 -> 0.90753922
B63: 季節調理麵 | C63: 大滿足麻醬涼麵 | E63: 37.8 | F63: 6824 | G63: =E63*F63 -> 257947.2 | I63: 21 | J63: 3600 | K63: =J63/I63 -> 171.42857 | L63: 21 | M63: =F63/V63*60 -> 3268.212 | N63: =M63/L63 -> 155.62914 | O63: =L63-I63 -> 0 | P63: =N63-K63 -> -15.799427 | Q63: =N63/K63 -> 0.90783668 | S63: 0.51041667 | T63: 0.59740741 | U63: 55.3 | V63: 125.27951 | AE63: =M63-J63 -> -331.78796 | AF63: =M63/J63 -> 0.90783668
B72: 平均 | I72: =AVERAGE(I56:I71) -> 21.125 | J72: =AVERAGE(J56:J71) -> 3600 | K72: =J72/I72 -> 170.4142 | L72: =AVERAGE(L56:L71) -> 21.125 | M72: =AVERAGE(M56:M71) -> 3247.6438 | N72: =M72/L72 -> 153.73462 | O72: =L72-I72 -> 0 | P72: =N72-K72 -> -16.679584 | Q72: =N72/K72 -> 0.90212327 | S72: 0.20833333 | T72: 0.59740741 | Y72: =SUM(Y56:Y71) -> 0 | Z72: =SUM(Z56:Z71) -> 0 | AC72: =SUM(AC56:AC71) -> 0 | AD72: =SUM(AD56:AD71) -> 0 | AE72: =M72-J72 -> -352.35621 | AF72: =M72/J72 -> 0.90212327
A73: 自動包裝機 | B73: 4℃-壽司手卷 | C73: 醬油生鮭脆卷 | E73: 23.55 | F73: 2951 | G73: =E73*F73 -> 69496.05 | I73: 6 | J73: 2500 | K73: =J73/I73 -> 416.66667 | L73: 6 | M73: =F73/V73*60 -> 2209.362 | N73: =M73/L73 -> 368.227 | O73: =L73-I73 -> 0 | P73: =N73-K73 -> -48.439663 | Q73: =N73/K73 -> 0.88374481 | R73: =Q89 -> 0.84646381 | S73: 0.35486111 | T73: 0.41050926 | U73: 5.4833333 | V73: 80.140782 | AE73: =M73-J73 -> -290.63798 | AF73: =M73/J73 -> 0.88374481 | AG73: =AF89 -> 0.8993678
B74: 4℃-壽司手卷 | C74: 韓式辣炒豬肉飯卷 | E74: 27.05 | F74: 506 | G74: =E74*F74 -> 13687.3 | I74: 5 | J74: 3273 | K74: =J74/I74 -> 654.6 | L74: 6 | M74: =F74/V74*60 -> 2960.3327 | N74: =M74/L74 -> 493.38878 | O74: =L74-I74 -> 1 | P74: =N74-K74 -> -161.21122 | Q74: =N74/K74 -> 0.7537256 | S74: 0.41388889 | T74: 0.42100694 | U74: 4.8666667 | V74: 10.255604 | AE74: =M74-J74 -> -312.66732 | AF74: =M74/J74 -> 0.90447072
B75: 4℃-壽司手卷 | C75: 厚香料優格咖哩烤雞飯卷 | E75: 27.05 | F75: 656 | G75: =E75*F75 -> 17744.8 | I75: 5 | J75: 3273 | K75: =J75/I75 -> 654.6 | L75: 5 | M75: =F75/V75*60 -> 2965.9864 | N75: =M75/L75 -> 593.19728 | O75: =L75-I75 -> 0 | P75: =N75-K75 -> -61.402715 | Q75: =N75/K75 -> 0.90619811 | S75: 0.425 | T75: 0.43421296 | U75: 5.75 | V75: 13.270459 | AE75: =M75-J75 -> -307.01358 | AF75: =M75/J75 -> 0.90619811
B89: 平均 | I89: =AVERAGE(I73:I88) -> 5.3333333 | J89: =AVERAGE(J73:J88) -> 3015.3333 | K89: =J89/I89 -> 565.375 | L89: =AVERAGE(L73:L88) -> 5.6666667 | M89: =AVERAGE(M73:M88) -> 2711.8937 | N89: =M89/L89 -> 478.56948 | O89: =L89-I89 -> 0.33333333 | P89: =N89-K89 -> -86.805522 | Q89: =N89/K89 -> 0.84646381 | S89: 0.20833333 | T89: 0.43421296 | Y89: =SUM(Y73:Y88) -> 0 | Z89: =SUM(Z73:Z88) -> 0 | AC89: =SUM(AC73:AC88) -> 0 | AD89: =SUM(AD73:AD88) -> 0 | AE89: =M89-J89 -> -303.43962 | AF89: =M89/J89 -> 0.8993678
A90: 自動包裝機2 | B90: 4℃-壽司手卷 | C90: 鮪魚昆布細卷 | E90: 15.51 | F90: 1606 | G90: =E90*F90 -> 24909.06 | I90: 6 | J90: 3600 | K90: =J90/I90 -> 600 | L90: 6 | M90: =F90/V90*60 -> 3249.36 | N90: =M90/L90 -> 541.56 | O90: =L90-I90 -> 0 | P90: =N90-K90 -> -58.44 | Q90: =N90/K90 -> 0.9026 | R90: =Q106 -> 0.90262325 | S90: 0.25 | T90: 0.27059028 | V90: 29.655071 | AE90: =M90-J90 -> -350.64 | AF90: =M90/J90 -> 0.9026 | AG90: =AF106 -> 0.90262325
B91: 4℃-壽司手卷 | C91: 肉鬆火腿細卷 | E91: 15.01 | F91: 1646 | G91: =E91*F91 -> 24706.46 | I91: 6 | J91: 3600 | K91: =J91/I91 -> 600 | L91: 6 | M91: =F91/V91*60 -> 3249.5274 | N91: =M91/L91 -> 541.5879 | O91: =L91-I91 -> 0 | P91: =N91-K91 -> -58.412104 | Q91: =N91/K91 -> 0.90264649 | S91: 0.27361111 | T91: 0.29471065 | U91: 5 | V91: 30.392112 | AE91: =M91-J91 -> -350.47263 | AF91: =M91/J91 -> 0.90264649
B106: 平均 | I106: =AVERAGE(I90:I105) -> 6 | J106: =AVERAGE(J90:J105) -> 3600 | K106: =J106/I106 -> 600 | L106: =AVERAGE(L90:L105) -> 6 | M106: =AVERAGE(M90:M105) -> 3249.4437 | N106: =M106/L106 -> 541.57395 | O106: =L106-I106 -> 0 | P106: =N106-K106 -> -58.426052 | Q106: =N106/K106 -> 0.90262325 | S106: 0.25 | T106: 0.29471065 | Y106: =SUM(Y90:Y105) -> 0 | Z106: =SUM(Z90:Z105) -> 0 | AC106: =SUM(AC90:AC105) -> 0 | AD106: =SUM(AD90:AD105) -> 0 | AE106: =M106-J106 -> -350.55631 | AF106: =M106/J106 -> 0.90262325
A107: 便當二線 (二配) | B107: 微波主食 | C107: 二配香烤魚排青醬燉飯 | E107: 58.17 | F107: 1054 | G107: =E107*F107 -> 61311.18 | I107: 18 | J107: 2000 | K107: =J107/I107 -> 111.11111 | L107: 17 | M107: =F107/V107*60 -> 1795.6 | N107: =M107/L107 -> 105.62353 | O107: =L107-I107 -> -1 | P107: =N107-K107 -> -5.4875817 | Q107: =N107/K107 -> 0.95061176 | R107: =Q123 -> 0.94596667 | S107: 0.70833333 | T107: 0.73278935 | V107: 35.219425 | AE107: =M107-J107 -> -204.4 | AF107: =M107/J107 -> 0.8978 | AG107: =AF123 -> 0.89786667
B108: 微波主食 | C108: 二配濃起司燻腸紅醬焗烤飯 | E108: 50.67 | F108: 1019 | G108: =E108*F108 -> 51632.73 | I108: 20 | J108: 2000 | K108: =J108/I108 -> 100 | L108: 19 | M108: =F108/V108*60 -> 1796.2 | N108: =M108/L108 -> 94.536842 | O108: =L108-I108 -> -1 | P108: =N108-K108 -> -5.4631579 | Q108: =N108/K108 -> 0.94536842 | S108: 0.73680556 | T108: 0.76043981 | U108: 5.7833333 | V108: 34.038526 | AE108: =M108-J108 -> -203.8 | AF108: =M108/J108 -> 0.8981
B109: 微波主食 | C109: 二配西班牙風味海鮮燉飯 | E109: 57.3 | F109: 1196 | G109: =E109*F109 -> 68530.8 | I109: 21 | J109: 2000 | K109: =J109/I109 -> 95.238095 | L109: 20 | M109: =F109/V109*60 -> 1795.4 | N109: =M109/L109 -> 89.77 | O109: =L109-I109 -> -1 | P109: =N109-K109 -> -5.4680952 | Q109: =N109/K109 -> 0.942585 | S109: 0.76458333 | T109: 0.79233796 | U109: 5.9666667 | V109: 39.968809 | AE109: =M109-J109 -> -204.6 | AF109: =M109/J109 -> 0.8977
B123: 平均 | I123: =AVERAGE(I107:I122) -> 19.666667 | J123: =AVERAGE(J107:J122) -> 2000 | K123: =J123/I123 -> 101.69492 | L123: =AVERAGE(L107:L122) -> 18.666667 | M123: =AVERAGE(M107:M122) -> 1795.7333 | N123: =M123/L123 -> 96.2 | O123: =L123-I123 -> -1 | P123: =N123-K123 -> -5.4949153 | Q123: =N123/K123 -> 0.94596667 | S123: 0.70833333 | T123: 0.79233796 | Y123: =SUM(Y107:Y122) -> 0 | Z123: =SUM(Z107:Z122) -> 0 | AC123: =SUM(AC107:AC122) -> 0 | AD123: =SUM(AD107:AD122) -> 0 | AE123: =M123-J123 -> -204.26667 | AF123: =M123/J123 -> 0.89786667
A124: 涼麵一線 (二配) | B124: 微波主食 | C124: 二配哞哞培根奶香海陸焗飯 | E124: 47.6 | F124: 1463 | G124: =E124*F124 -> 69638.8 | I124: 23 | J124: 2000 | K124: =J124/I124 -> 86.956522 | L124: 23 | M124: =F124/V124*60 -> 1800.4262 | N124: =M124/L124 -> 78.2794 | O124: =L124-I124 -> 0 | P124: =N124-K124 -> -8.6771214 | Q124: =N124/K124 -> 0.9002131 | R124: =Q140 -> 0.89982949 | S124: 0.70833333 | T124: 0.7421875 | V124: 48.755122 | AE124: =M124-J124 -> -199.57379 | AF124: =M124/J124 -> 0.9002131 | AG124: =AF140 -> 0.89982949
B125: 微波主食 | C125: 二配黃金雞排蘑菇白醬歐姆蛋飯 | E125: 56.87 | F125: 1175 | G125: =E125*F125 -> 66822.25 | I125: 23 | J125: 2000 | K125: =J125/I125 -> 86.956522 | L125: 23 | M125: =F125/V125*60 -> 1798.1204 | N125: =M125/L125 -> 78.179147 | O125: =L125-I125 -> 0 | P125: =N125-K125 -> -8.7773744 | Q125: =N125/K125 -> 0.89906019 | S125: 0.74513889 | T125: 0.77236111 | U125: 5 | V125: 39.207608 | AE125: =M125-J125 -> -201.87961 | AF125: =M125/J125 -> 0.89906019
B126: 微波主食 | C126: 二配里肌豬排可可咖哩歐姆蛋飯 | E126: 56.79 | F126: 1550 | G126: =E126*F126 -> 88024.5 | I126: 23 | J126: 2000 | K126: =J126/I126 -> 86.956522 | L126: 23 | M126: =F126/V126*60 -> 1800.4304 | N126: =M126/L126 -> 78.279581 | O126: =L126-I126 -> 0 | P126: =N126-K126 -> -8.6769409 | Q126: =N126/K126 -> 0.90021518 | S126: 0.77569444 | T126: 0.8115625 | U126: 4.8 | V126: 51.654317 | AE126: =M126-J126 -> -199.56964 | AF126: =M126/J126 -> 0.90021518
B140: 平均 | I140: =AVERAGE(I124:I139) -> 23 | J140: =AVERAGE(J124:J139) -> 2000 | K140: =J140/I140 -> 86.956522 | L140: =AVERAGE(L124:L139) -> 23 | M140: =AVERAGE(M124:M139) -> 1799.659 | N140: =M140/L140 -> 78.246043 | O140: =L140-I140 -> 0 | P140: =N140-K140 -> -8.7104789 | Q140: =N140/K140 -> 0.89982949 | S140: 0.70833333 | T140: 0.8115625 | Y140: =SUM(Y124:Y139) -> 0 | Z140: =SUM(Z124:Z139) -> 0 | AC140: =SUM(AC124:AC139) -> 0 | AD140: =SUM(AD124:AD139) -> 0 | AE140: =M140-J140 -> -200.34101 | AF140: =M140/J140 -> 0.89982949
AA142: 原因回覆
AA143: 1.當日出勤人數較多
AA144: 2.當日出勤人數較少
AA145: 3.當日出勤熟手較多
AA146: 4.當日出勤新人較多
AA147: 5.機台夾盒
AA148: 6.封膜不順
AA149: 7.更換膠膜
AA150: 8.更換碳帶
AA151: 9.當日熱轉印碳帶異常
AA152: 10.訂單量過少
AA153: 11.新品上市，尚未熟悉
AA154: 12.活動期間品項需貼標

Sheet 0730
B1: 屏榮 大溪廠組合室生產人時性分析
B3: 日期 | C3: 115.07.30星期四 | E3: 訂單量 | F3: ='0730(18度C)'!D1+'0730(4度C)'!D1 -> 187092 | H3: 營業額 | I3: ='0730(18度C)'!F1+'0730(4度C)'!F1 -> 5785963.2
B4: 人時性 | C4: 項目 | E4: ➀ | G4: ➁ | I4: ➂ | K4: ④ | M4: ⑤ | O4: 異常停線 | Q4: 短暫停線
C5: 組合室 | E5: 全溫層 | G5: 4度C-各編組展開(一配) | I5: 4度C-各編組展開(二配) | K5: 18度C-各編組展開(一配) | M5: 18度C-各編組展開(二配) | O5: 合計次數 | P5: 時間 | Q5: 合計次數 | R5: 設備次數
C6: 排關平均 | E6: =AVERAGE(D14:O14,D32:X32) -> 492.96756 | F6: =AVERAGE(#REF!,D14:K14) -> #REF! | G6: =AVERAGE(D14:K14) -> 271.43699 | I6: =AVERAGE(L14:O14) -> 94.325718 | K6: =AVERAGE(D32:O32) -> 734.94318 | M6: =AVERAGE(P32:X32) -> 782.6087 | O6: ='0730(4度C)'!Y2 -> 0 | P6: ='0730(4度C)'!Z2 -> 0 | Q6: ='0730(4度C)'!AC2 -> 0 | R6: ='0730(4度C)'!AD2 -> 0
C7: 實績平均 | E7: =AVERAGE(D15:O15,D33:X33) -> 441.47627 | F7: =AVERAGE(#REF!,D15:K15) -> #REF! | G7: =AVERAGE(D15:K15) -> 239.17437 | I7: =AVERAGE(L15:O15) -> 87.150577 | K7: =AVERAGE(D33:O33) -> 659.73262 | M7: =AVERAGE(P33:X33) -> 703.83563
C8: 達成率平均 | E8: =AVERAGE(D16:O16,D34:X34) -> 0.89801516 | F8: =AVERAGE(D16:K16,#REF!) -> #REF! | G8: =AVERAGE(D16:K16) -> 0.89120764 | I8: =AVERAGE(L16:O16) -> 0.92212588 | K8: =AVERAGE(D34:O34) -> 0.89486541 | M8: =AVERAGE(P34:X34) -> 0.89932083
O9: ※現行日本鮮食廠以達成率80%為基本(即為現行KPI)
B11: 溫層 | D11: ➁4度C-各編組展開 | L11: ➂4度C-各編組展開
B12: 編組 | D12: 1 | E12: 2 | F12: 3 | G12: 4 | H12: 5 | I12: 6 | J12: 7 | K12: 8 | L12: 1 | M12: 2 | N12: 3 | O12: 4
D13: 便當一線 | E13: 便當二線 | F13: 涼麵一線 | G13: 涼麵二線 | H13: 涼麵三線 | I13: 自動包裝機 | J13: 自動包裝機2 | K13: 自動包裝機3 | L13: 便當一線 | M13: 便當二線 | N13: 涼麵一線 | O13: 涼麵二線
B14: 人時性 | C14: 排關 | D14: - | E14: 84.40367 | F14: 117.52 | G14: 90.909091 | H14: 170.4142 | I14: 565.375 | J14: 600 | K14: - | L14: - | M14: 101.69492 | N14: 86.956522 | O14: -
C15: 實績 | D15: - | E15: 75.92012 | F15: 106.03236 | G15: 81.697971 | H15: 153.74314 | I15: 475.83868 | J15: 541.81395 | K15: - | L15: - | M15: 96.12691 | N15: 78.174245 | O15: -
C16: 達成率 | D16: - | E16: =E15/E14 -> 0.89948838 | F16: =F15/F14 -> 0.90224953 | G16: =G15/G14 -> 0.89867768 | H16: =H15/H14 -> 0.90217327 | I16: =I15/I14 -> 0.84163375 | J16: =J15/J14 -> 0.90302325 | K16: - | L16: - | M16: =M15/M14 -> 0.94524794 | N16: =N15/N14 -> 0.89900382 | O16: -
B17: 作業 時間 | C17: 開始 | D17: - | E17: 0.16666667 | F17: 0.16666667 | G17: 0.16666667 | H17: 0.16666667 | I17: 0.16666667 | J17: 0.25 | K17: - | L17: - | M17: 0.70833333 | N17: 0.70833333 | O17: -
C18: 結束 | D18: - | E18: 0.5902662 | F18: 0.54158565 | G18: 0.55518519 | H18: 0.54767361 | I18: 0.4590162 | J18: 0.31049769 | K18: - | L18: - | M18: 0.79748843 | N18: 0.81333333 | O18: -
B19: 產線異常 (5分鐘以上) | C19: 次數
C20: 時間/分
B21: 短暫停線 (5分鐘以下) | C21: 次數
C22: 設備次數
B23: 配置人數 | D23: - | E23: 21.8 | F23: 18 | G23: 22 | H23: 21.125 | I23: 5.6666667 | J23: 6 | K23: - | L23: - | M23: 18.666667 | N23: 23 | O23: -
B24: 主要應用設備 | D24: L型封口機 | E24: ET-55 | F24: ET-55 | G24: ET-55 | H24: ET-600 | I24: 伺服包裝機 | J24: 伺服包裝機 | K24: 伺服包裝機 | L24: L型封口機 | M24: ET-55 | N24: ET-55 | O24: ET-55
B25: 次要應用設備 | D25: 伺服包裝機 | H25: 伺服包裝機
B26: 備註 | H26: 涼麵+烤飯糰 | I26: 大口飯糰線 | K26: 烤飯糰+手卷
B29: 溫層 | D29: ➃18度C-各編組展開 (一配) | P29: ⑤18度C-各編組展開 (二配)
B30: 編組 | D30: 1 | E30: 2 | F30: 3 | G30: 4 | H30: 5 | I30: 6 | J30: 7 | K30: 8 | L30: 9 | M30: 10 | N30: 11 | O30: 12 | P30: 1 | Q30: 2 | R30: 3 | S30: 4 | T30: 5 | U30: 6 | V30: 7 | W30: 8 | X30: 9
D31: 便當一線 | E31: 涼麵一線 | F31: 涼麵三線 | G31: 自動包裝機 | H31: 自動包裝機2 | I31: 自動包裝機3 | J31: 味付飯糰線B | K31: (舊) 3300型飯糰線 | L31: 3000型飯糰線 | M31: (新) 3300型飯糰機 | N31: GKK3600型 飯糰機 | O31: GKK3600型 飯糰機2 | P31: 自動包裝機 | Q31: 自動包裝機2 | R31: 自動包裝機3 | S31: 味付飯糰線B | T31: (舊) 3300型飯糰線 | U31: 3000型飯糰線 | V31: (新) 3300型飯糰機 | W31: GKK3600型 飯糰機 | X31: GKK3600型 飯糰機2
B32: 人時性 | C32: 排關 | D32: - | E32: - | F32: - | G32: 327.27273 | H32: - | I32: - | J32: - | K32: - | L32: - | M32: 825 | N32: 900 | O32: 887.5 | P32: 490.90909 | Q32: - | R32: - | S32: - | T32: - | U32: - | V32: 709.09091 | W32: 991.30435 | X32: 939.13043
C33: 實績 | D33: - | E33: - | F33: - | G33: 287.49813 | H33: - | I33: - | J33: - | K33: - | L33: - | M33: 751.1451 | N33: 806.69399 | O33: 793.59325 | P33: 438.68775 | Q33: - | R33: - | S33: - | T33: - | U33: - | V33: 645.76313 | W33: 894.14654 | X33: 836.74511
C34: 達成率 | D34: - | E34: - | F34: - | G34: =G33/G32 -> 0.87846651 | H34: - | I34: - | J34: - | K34: - | L34: - | M34: =M33/M32 -> 0.91047891 | N34: =N33/N32 -> 0.89632665 | O34: =O33/O32 -> 0.89418958 | P34: =P33/P32 -> 0.89362319 | Q34: - | R34: - | S34: - | T34: - | U34: - | V34: =V33/V32 -> 0.9106916 | W34: =W33/W32 -> 0.90198993 | X34: =X33/X32 -> 0.89097859
B35: 作業 時間 | C35: 開始 | D35: - | E35: - | F35: - | G35: 0.16666667 | H35: - | I35: - | J35: - | K35: - | L35: - | M35: 0.32847222 | N35: 0.25 | O35: 0.25 | P35: 0.70833333 | Q35: - | R35: - | S35: - | T35: - | U35: - | V35: 0.70833333 | W35: 0.73055556 | X35: 0.74097222
C36: 結束 | D36: - | E36: - | F36: - | G36: 0.4590162 | H36: - | I36: - | J36: - | K36: - | L36: - | M36: 0.41778935 | N36: 0.54612269 | O36: 0.52671296 | P36: 0.75427083 | Q36: - | R36: - | S36: - | T36: - | U36: - | V36: 0.85847222 | W36: 1.059213 | X36: 1.0709954
B37: 配置人數 | D37: - | E37: - | F37: - | G37: 11 | H37: - | I37: - | J37: - | K37: - | L37: - | M37: 4 | N37: 3.8571429 | O37: 4 | P37: 7.3333333 | Q37: - | R37: - | S37: - | T37: - | U37: - | V37: 4.4 | W37: 3.2857143 | X37: 3.8333333
B38: 主要應用設備 | D38: 伺服包裝機 | E38: ET-55 | F38: ET-600 | G38: 夾心型 | H38: 伺服包裝機 | I38: 伺服包裝機 | J38: 夾心型 | K38: 3300型 | L38: 3300型 | M38: 3300型 | N38: GKK | O38: GKK | P38: 夾心型 | Q38: 伺服包裝機 | R38: 伺服包裝機 | S38: 夾心型 | T38: 3300型 | U38: 3300型 | V38: 3300型 | W38: GKK | X38: GKK
B39: 次要應用設備
B40: 備註

Sheet 0730(18度C)
A1: 大溪廠日報分析 | C1: 總生產量 | D1: =SUM(F5:F140) -> 101163 | E1: 營業額 | F1: =SUM(G5:G140) -> 2044839.5 | G1: 出勤人數 | H1: =L21+L38+L55+L72+L89+L106+L123+L140 -> 41.709524 | I1: 產線配置圖 | L1: 生產實績 | O1: 人時性差異分析 | S1: 日報登錄 | Y1: 分析說明 | AA1: 產能差異分析
A2: 46233 | C2: 人時性 | D2: =AVERAGE(N21,N38,N55,N72,N89,N106,N123,N140) -> 681.78412 | E2: 平均廠價 | F2: =F1/D1 -> 20.213314 | G2: 多次生產數 | H2: =COUNT(H5:H140) -> 9
A3: 線別 | B3: 品類 | C3: 品名 | E3: 廠價 | F3: 生產量 | G3: 營收 | H3: 多次 生產 | I3: 人數 | J3: 產能/時 | K3: 人時性 | L3: 人數 | M3: 產能/時 | N3: 人時性 | O3: 人數 | P3: 人時性 | Q3: 達成率 | R3: 達成率 平均 | S3: 生產時間 | U3: 換線、休息/分 | V3: 稼動時間/分 | W3: 休息時間 | Y3: (屏榮回填) | AA3: 產能/時 | AB3: 達成率 | AC3: 達成率平均
S4: 開始 | T4: 結束 | W4: 開始 | X4: 結束
A5: 自動包裝機 | B5: 18℃-壽司手卷 | C5: 一配長野稻荷壽司 | E5: 25.64 | F5: 1790 | G5: =E5*F5 -> 45895.6 | I5: 10 | J5: 3600 | K5: =J5/I5 -> 360 | L5: 10 | M5: =F5/V5*60 -> 3216.5296 | N5: =M5/L5 -> 321.65296 | O5: =L5-I5 -> 0 | P5: =N5-K5 -> -38.347045 | Q5: =N5/K5 -> 0.89348043 | R5: =Q21 -> 0.87846651 | S5: 0.16666667 | T5: 0.18984954 | V5: 33.390024 | AA5: =M5-J5 -> -383.47045 | AB5: =M5/J5 -> 0.89348043 | AC5: =AB21 -> 0.87846651
B6: 18℃-壽司手卷 | C6: 一配經典人氣雙手卷 | E6: 29.52 | F6: 2831 | G6: =E6*F6 -> 83571.12 | I6: 11 | J6: 3600 | K6: =J6/I6 -> 327.27273 | L6: 11 | M6: =F6/V6*60 -> 3156.0027 | N6: =M6/L6 -> 286.90934 | O6: =L6-I6 -> 0 | P6: =N6-K6 -> -40.363387 | Q6: =N6/K6 -> 0.87666743 | S6: 0.19305556 | T6: 0.23042824 | U6: 4.6166667 | V6: 53.821246 | AA6: =M6-J6 -> -443.99726 | AB6: =M6/J6 -> 0.87666743
B7: 18℃-壽司手卷 | C7: 一配鮭鮪海饌雙手卷 | E7: 29.85 | F7: 3271 | G7: =E7*F7 -> 97639.35 | I7: 11 | J7: 3600 | K7: =J7/I7 -> 327.27273 | L7: 11 | M7: =F7/V7*60 -> 3158.7319 | N7: =M7/L7 -> 287.15745 | O7: =L7-I7 -> 0 | P7: =N7-K7 -> -40.115281 | Q7: =N7/K7 -> 0.87742553 | S7: 0.23402778 | T7: 0.27716435 | U7: 5.1833333 | V7: 62.132528 | AA7: =M7-J7 -> -441.26809 | AB7: =M7/J7 -> 0.87742553
B8: 18℃-壽司手卷 | C8: 一配青木瓜雞絲泰泰雙手卷 | E8: 30 | F8: 3003 | G8: =E8*F8 -> 90090 | I8: 11 | J8: 3600 | K8: =J8/I8 -> 327.27273 | L8: 11 | M8: =F8/V8*60 -> 3157.1913 | N8: =M8/L8 -> 287.01739 | O8: =L8-I8 -> 0 | P8: =N8-K8 -> -40.255341 | Q8: =N8/K8 -> 0.87699757 | S8: 0.28055556 | T8: 0.32018519 | U8: 4.8833333 | V8: 57.069713 | AA8: =M8-J8 -> -442.80875 | AB8: =M8/J8 -> 0.87699757
B9: 18℃-飯糰 | C9: 一配兩粒飯糰(鮪魚.焦糖鮭魚) | E9: 28.57 | F9: 1407 | G9: =E9*F9 -> 40197.99 | I9: 12 | J9: 3600 | K9: =J9/I9 -> 300 | L9: 12 | M9: =F9/V9*60 -> 3123.9417 | N9: =M9/L9 -> 260.32848 | O9: =L9-I9 -> 0 | P9: =N9-K9 -> -39.671521 | Q9: =N9/K9 -> 0.8677616 | S9: 0.32430556 | T9: 0.34306713 | U9: 5.9333333 | V9: 27.023551 | AA9: =M9-J9 -> -476.05826 | AB9: =M9/J9 -> 0.8677616
B21: 平均 | I21: =AVERAGE(I5:I20) -> 11 | J21: =AVERAGE(J5:J20) -> 3600 | K21: =J21/I21 -> 327.27273 | L21: =AVERAGE(L5:L20) -> 11 | M21: =AVERAGE(M5:M20) -> 3162.4794 | N21: =M21/L21 -> 287.49813 | O21: =L21-I21 -> 0 | P21: =N21-K21 -> -39.774596 | Q21: =N21/K21 -> 0.87846651 | S21: 0.16666667 | T21: 0.4590162 | AA21: =M21-J21 -> -437.52056 | AB21: =M21/J21 -> 0.87846651
A22: (新) 3300型飯糰機 | B22: 18℃-飯糰 | C22: 一配鮭魚奶油醬油飯糰 | E22: 18.53 | F22: 2352 | G22: =E22*F22 -> 43582.56 | I22: 3 | J22: 3300 | K22: =J22/I22 -> 1100 | L22: 3 | M22: =F22/V22*60 -> 3003.0157 | N22: =M22/L22 -> 1001.0052 | O22: =L22-I22 -> 0 | P22: =N22-K22 -> -98.994772 | Q22: =N22/K22 -> 0.91000475 | R22: =Q38 -> 0.91047891 | S22: 0.32847222 | T22: 0.36109954 | V22: 46.992762 | AA22: =M22-J22 -> -296.98432 | AB22: =M22/J22 -> 0.91000475 | AC22: =AB38 -> 0.91047891
B23: 18℃-飯糰 | C23: 一配壹號醬炙烤牛飯糰 | E23: 22.28 | F23: 810 | G23: =E23*F23 -> 18046.8 | I23: 5 | J23: 3300 | K23: =J23/I23 -> 660 | L23: 5 | M23: =F23/V23*60 -> 3006.8429 | N23: =M23/L23 -> 601.36858 | O23: =L23-I23 -> 0 | P23: =N23-K23 -> -58.631424 | Q23: =N23/K23 -> 0.91116451 | S23: 0.36388889 | T23: 0.37510417 | U23: 5 | V23: 16.163133 | AA23: =M23-J23 -> -293.15712 | AB23: =M23/J23 -> 0.91116451
B24: 18℃-飯糰 | C24: 一配鹽蔥燒肉飯糰 | E24: 17.89 | F24: 2835 | G24: =E24*F24 -> 50718.15 | I24: 4 | J24: 3300 | K24: =J24/I24 -> 825 | L24: 4 | M24: =F24/V24*60 -> 3003.8826 | N24: =M24/L24 -> 750.97066 | O24: =L24-I24 -> 0 | P24: =N24-K24 -> -74.029342 | Q24: =N24/K24 -> 0.91026746 | S24: 0.37847222 | T24: 0.41778935 | U24: 4.85 | V24: 56.626713 | AA24: =M24-J24 -> -296.11737 | AB24: =M24/J24 -> 0.91026746
B38: 平均 | I38: =AVERAGE(I22:I37) -> 4 | J38: =AVERAGE(J22:J37) -> 3300 | K38: =J38/I38 -> 825 | L38: =AVERAGE(L22:L37) -> 4 | M38: =AVERAGE(M22:M37) -> 3004.5804 | N38: =M38/L38 -> 751.1451 | O38: =L38-I38 -> 0 | P38: =N38-K38 -> -73.8549 | Q38: =N38/K38 -> 0.91047891 | S38: 0.32847222 | T38: 0.41778935 | AA38: =M38-J38 -> -295.4196 | AB38: =M38/J38 -> 0.91047891
A39: GKK3600型 飯糰機 | B39: 18℃-飯糰 | C39: 一配熟成紅鮭飯糰 | E39: 25.03 | F39: 1000 | G39: =E39*F39 -> 25030 | I39: 5 | J39: 3600 | K39: =J39/I39 -> 720 | L39: 5 | M39: =F39/V39*60 -> 3210.2296 | N39: =M39/L39 -> 642.04591 | O39: =L39-I39 -> 0 | P39: =N39-K39 -> -77.95409 | Q39: =N39/K39 -> 0.89173043 | R39: =Q55 -> 0.89632665 | S39: 0.25 | T39: 0.26297454 | V39: 18.690252 | AA39: =M39-J39 -> -389.77045 | AB39: =M39/J39 -> 0.89173043 | AC39: =AB55 -> 0.89632665
B40: 18℃-飯糰 | C40: 一配蔬食鮪魚飯糰 | E40: 18.18 | F40: 1144 | G40: =E40*F40 -> 20797.92 | I40: 3 | J40: 3600 | K40: =J40/I40 -> 1200 | L40: 3 | M40: =F40/V40*60 -> 3211.3218 | N40: =M40/L40 -> 1070.4406 | O40: =L40-I40 -> 0 | P40: =N40-K40 -> -129.5594 | Q40: =N40/K40 -> 0.89203384 | S40: 0.27291667 | T40: 0.28775463 | U40: 15 | V40: 21.374376 | AA40: =M40-J40 -> -388.67819 | AB40: =M40/J40 -> 0.89203384
B41: 18℃-飯糰 | C41: 一配柚檸海灣貝飯糰 | E41: 23.72 | F41: 802 | G41: =E41*F41 -> 19023.44 | I41: 5 | J41: 3600 | K41: =J41/I41 -> 720 | L41: 5 | M41: =F41/V41*60 -> 3207.0711 | N41: =M41/L41 -> 641.41423 | O41: =L41-I41 -> 0 | P41: =N41-K41 -> -78.58577 | Q41: =N41/K41 -> 0.8908531 | S41: 0.29791667 | T41: 0.30833333 | U41: 14.633333 | V41: 15.004344 | AA41: =M41-J41 -> -392.92885 | AB41: =M41/J41 -> 0.8908531
B42: 18℃-飯糰 | C42: 一配北海道秋鮭親子飯糰 | E42: 24.82 | F42: 1330 | G42: =E42*F42 -> 33010.6 | I42: 5 | J42: 3600 | K42: =J42/I42 -> 720 | L42: 5 | M42: =F42/V42*60 -> 3206.5677 | N42: =M42/L42 -> 641.31353 | O42: =L42-I42 -> 0 | P42: =N42-K42 -> -78.686468 | Q42: =N42/K42 -> 0.89071324 | S42: 0.31875 | T42: 0.33603009 | U42: 15 | V42: 24.886423 | AA42: =M42-J42 -> -393.43234 | AB42: =M42/J42 -> 0.89071324
B43: 18℃-飯糰 | C43: 一配黑胡椒洋蔥豬飯糰 | E43: 17.07 | F43: 2133 | G43: =E43*F43 -> 36410.31 | I43: 3 | J43: 3300 | K43: =J43/I43 -> 1100 | L43: 3 | M43: =F43/V43*60 -> 3003.9861 | N43: =M43/L43 -> 1001.3287 | O43: =L43-I43 -> 0 | P43: =N43-K43 -> -98.671285 | Q43: =N43/K43 -> 0.91029883 | S43: 0.34583333 | T43: 0.37541667 | U43: 15 | V43: 42.603392 | AA43: =M43-J43 -> -296.01385 | AB43: =M43/J43 -> 0.91029883
B44: 18℃-飯糰 | C44: 一配經典肉鬆飯糰 | E44: 14.03 | F44: 4530 | G44: =E44*F44 -> 63555.9 | I44: 3 | J44: 3000 | K44: =J44/I44 -> 1000 | L44: 3 | M44: =F44/V44*60 -> 2734.4161 | N44: =M44/L44 -> 911.47204 | O44: =L44-I44 -> 0 | P44: =N44-K44 -> -88.527962 | Q44: =N44/K44 -> 0.91147204 | S44: 0.38541667 | T44: 0.45443287 | U44: 15 | V44: 99.399648 | AA44: =M44-J44 -> -265.58389 | AB44: =M44/J44 -> 0.91147204
B45: 18℃-飯糰 | C45: 一配鮪魚飯糰 | E45: 14.28 | F45: 6277 | G45: =E45*F45 -> 89635.56 | I45: 3 | J45: 3600 | K45: =J45/I45 -> 1200 | L45: 3 | M45: =F45/V45*60 -> 3207.1452 | N45: =M45/L45 -> 1069.0484 | O45: =L45-I45 -> 0 | P45: =N45-K45 -> -130.95159 | Q45: =N45/K45 -> 0.89087368 | S45: 0.46458333 | T45: 0.54612269 | U45: 14.616667 | V45: 117.43154 | AA45: =M45-J45 -> -392.85476 | AB45: =M45/J45 -> 0.89087368
B55: 平均 | I55: =AVERAGE(I39:I54) -> 3.8571429 | J55: =AVERAGE(J39:J54) -> 3471.4286 | K55: =J55/I55 -> 900 | L55: =AVERAGE(L39:L54) -> 3.8571429 | M55: =AVERAGE(M39:M54) -> 3111.534 | N55: =M55/L55 -> 806.69399 | O55: =L55-I55 -> 0 | P55: =N55-K55 -> -93.306012 | Q55: =N55/K55 -> 0.89632665 | S55: 0.25 | T55: 0.54612269 | AA55: =M55-J55 -> -359.89462 | AB55: =M55/J55 -> 0.89632665
A56: GKK3600型 飯糰機2 | B56: 18℃-飯糰 | C56: 一配椒鹽檸檬鯖魚飯糰 | E56: 20.72 | F56: 1778 | G56: =E56*F56 -> 36840.16 | I56: 3 | J56: 3600 | K56: =J56/I56 -> 1200 | L56: 3 | M56: =F56/V56*60 -> 3209.7184 | N56: =M56/L56 -> 1069.9061 | O56: =L56-I56 -> 0 | P56: =N56-K56 -> -130.09388 | Q56: =N56/K56 -> 0.89158843 | R56: =Q72 -> 0.89418958 | S56: 0.25 | T56: 0.2730787 | V56: 33.236561 | AA56: =M56-J56 -> -390.28164 | AB56: =M56/J56 -> 0.89158843 | AC56: =AB72 -> 0.89418958
B57: 18℃-飯糰 | C57: 一配贅沢鮭魚肚飯糰 | E57: 30 | F57: 1879 | G57: =E57*F57 -> 56370 | I57: 4 | J57: 3600 | K57: =J57/I57 -> 900 | L57: 4 | M57: =F57/V57*60 -> 3207.3911 | N57: =M57/L57 -> 801.84778 | O57: =L57-I57 -> 0 | P57: =N57-K57 -> -98.152224 | Q57: =N57/K57 -> 0.89094197 | S57: 0.28333333 | T57: 0.30774306 | U57: 14.766667 | V57: 35.150063 | AA57: =M57-J57 -> -392.6089 | AB57: =M57/J57 -> 0.89094197
B58: 18℃-飯糰 | C58: 一配筋子銀鮭飯糰 | E58: 30 | F58: 2723 | G58: =E58*F58 -> 81690 | I58: 4 | J58: 3300 | K58: =J58/I58 -> 825 | L58: 4 | M58: =F58/V58*60 -> 3007.4451 | N58: =M58/L58 -> 751.86128 | O58: =L58-I58 -> 0 | P58: =N58-K58 -> -73.13872 | Q58: =N58/K58 -> 0.91134701 | S58: 0.31805556 | T58: 0.35577546 | U58: 14.85 | V58: 54.325181 | AA58: =M58-J58 -> -292.55488 | AB58: =M58/J58 -> 0.91134701
B59: 18℃-飯糰 | C59: 一配鹽蔥生鮭飯糰 | E59: 27.48 | F59: 3686 | G59: =E59*F59 -> 101291.28 | I59: 5 | J59: 3600 | K59: =J59/I59 -> 720 | L59: 5 | M59: =F59/V59*60 -> 3207.6059 | N59: =M59/L59 -> 641.52118 | O59: =L59-I59 -> 0 | P59: =N59-K59 -> -78.478825 | Q59: =N59/K59 -> 0.89100163 | S59: 0.36597222 | T59: 0.41384259 | U59: 14.683333 | V59: 68.94862 | AA59: =M59-J59 -> -392.39412 | AB59: =M59/J59 -> 0.89100163
B60: 18℃-飯糰 | C60: 一配明太子龍蝦風味沙拉飯糰 | E60: 18.18 | F60: 2060 | G60: =E60*F60 -> 37450.8 | I60: 3 | J60: 3600 | K60: =J60/I60 -> 1200 | L60: 3 | M60: =F60/V60*60 -> 3207.4217 | N60: =M60/L60 -> 1069.1406 | O60: =L60-I60 -> 0 | P60: =N60-K60 -> -130.85943 | Q60: =N60/K60 -> 0.89095048 | S60: 0.42361111 | T60: 0.45037037 | U60: 15 | V60: 38.535625 | AA60: =M60-J60 -> -392.57828 | AB60: =M60/J60 -> 0.89095048
B61: 18℃-飯糰 | C61: 一配雞肉飯飯糰 | E61: 16.66 | F61: 5103 | G61: =E61*F61 -> 85015.98 | I61: 5 | J61: 3600 | K61: =J61/I61 -> 720 | L61: 5 | M61: =F61/V61*60 -> 3206.6558 | N61: =M61/L61 -> 641.33117 | O61: =L61-I61 -> 0 | P61: =N61-K61 -> -78.668834 | Q61: =N61/K61 -> 0.89073773 | S61: 0.46041667 | T61: 0.52671296 | U61: 15 | V61: 95.482651 | AA61: =M61-J61 -> -393.34417 | AB61: =M61/J61 -> 0.89073773
B72: 平均 | I72: =AVERAGE(I56:I71) -> 4 | J72: =AVERAGE(J56:J71) -> 3550 | K72: =J72/I72 -> 887.5 | L72: =AVERAGE(L56:L71) -> 4 | M72: =AVERAGE(M56:M71) -> 3174.373 | N72: =M72/L72 -> 793.59325 | O72: =L72-I72 -> 0 | P72: =N72-K72 -> -93.90675 | Q72: =N72/K72 -> 0.89418958 | S72: 0.25 | T72: 0.52671296 | AA72: =M72-J72 -> -375.627 | AB72: =M72/J72 -> 0.89418958
A73: 自動包裝機 (二配) | B73: 18℃-飯糰 | C73: 二配兩粒飯糰(鮪魚.焦糖鮭魚) | E73: 28.57 | F73: 1259 | G73: =E73*F73 -> 35969.63 | I73: 12 | J73: 3600 | K73: =J73/I73 -> 300 | L73: 12 | M73: =F73/V73*60 -> 3121.9749 | N73: =M73/L73 -> 260.16458 | O73: =L73-I73 -> 0 | P73: =N73-K73 -> -39.835425 | Q73: =N73/K73 -> 0.86721525 | R73: =Q89 -> 0.89362319 | S73: 0.70833333 | T73: 0.72512731 | V73: 24.196223 | AA73: =M73-J73 -> -478.0251 | AB73: =M73/J73 -> 0.86721525 | AC73: =AB89 -> 0.89362319
B74: 18℃-飯糰 | C74: 二配柚香雞胸五穀飯糰 | E74: 17.71 | F74: 626 | G74: =E74*F74 -> 11086.46 | I74: 5 | J74: 3600 | K74: =J74/I74 -> 720 | L74: 5 | M74: =F74/V74*60 -> 3265.7013 | N74: =M74/L74 -> 653.14026 | O74: =L74-I74 -> 0 | P74: =N74-K74 -> -66.85974 | Q74: =N74/K74 -> 0.90713925 | S74: 0.72916667 | T74: 0.73715278 | U74: 5.8166667 | V74: 11.501358 | AA74: =M74-J74 -> -334.2987 | AB74: =M74/J74 -> 0.90713925
B75: 18℃-飯糰 | C75: 二配鮭魚毛豆炊飯飯糰 | E75: 18.92 | F75: 1096 | G75: =E75*F75 -> 20736.32 | I75: 5 | J75: 3600 | K75: =J75/I75 -> 720 | L75: 5 | M75: =F75/V75*60 -> 3263.4542 | N75: =M75/L75 -> 652.69084 | O75: =L75-I75 -> 0 | P75: =N75-K75 -> -67.30916 | Q75: =N75/K75 -> 0.90651506 | S75: 0.74027778 | T75: 0.75427083 | U75: 5 | V75: 20.150428 | AA75: =M75-J75 -> -336.5458 | AB75: =M75/J75 -> 0.90651506
B89: 平均 | I89: =AVERAGE(I73:I88) -> 7.3333333 | J89: =AVERAGE(J73:J88) -> 3600 | K89: =J89/I89 -> 490.90909 | L89: =AVERAGE(L73:L88) -> 7.3333333 | M89: =AVERAGE(M73:M88) -> 3217.0435 | N89: =M89/L89 -> 438.68775 | O89: =L89-I89 -> 0 | P89: =N89-K89 -> -52.221345 | Q89: =N89/K89 -> 0.89362319 | S89: 0.70833333 | T89: 0.75427083 | AA89: =M89-J89 -> -382.95653 | AB89: =M89/J89 -> 0.89362319
A90: (新) 3300型飯糰機 (二配) | B90: 18℃-飯糰 | C90: 二配大飯糰乾燒風味鮮蝦 | E90: 23.27 | F90: 559 | G90: =E90*F90 -> 13007.93 | I90: 5 | J90: 3000 | K90: =J90/I90 -> 600 | L90: 5 | M90: =F90/V90*60 -> 2733.7218 | N90: =M90/L90 -> 546.74437 | O90: =L90-I90 -> 0 | P90: =N90-K90 -> -53.255633 | Q90: =N90/K90 -> 0.91124061 | R90: =Q106 -> 0.9106916 | S90: 0.70833333 | T90: 0.71685185 | V90: 12.268988 | AA90: =M90-J90 -> -266.27816 | AB90: =M90/J90 -> 0.91124061 | AC90: =AB106 -> 0.9106916
B91: 18℃-飯糰 | C91: 二配大飯糰韓式蒜烤豬五花 | E91: 24.54 | F91: 1301 | G91: =E91*F91 -> 31926.54 | I91: 4 | J91: 3000 | K91: =J91/I91 -> 750 | L91: 4 | M91: =F91/V91*60 -> 2731.3787 | N91: =M91/L91 -> 682.84467 | O91: =L91-I91 -> 0 | P91: =N91-K91 -> -67.155331 | Q91: =N91/K91 -> 0.91045956 | S91: 0.72083333 | T91: 0.7406713 | U91: 5.7333333 | V91: 28.578974 | AA91: =M91-J91 -> -268.62132 | AB91: =M91/J91 -> 0.91045956
B92: 18℃-飯糰 | C92: 二配大飯糰泡菜鮪魚 | E92: 24.33 | F92: 1451 | G92: =E92*F92 -> 35302.83 | I92: 4 | J92: 3000 | K92: =J92/I92 -> 750 | L92: 4 | M92: =F92/V92*60 -> 2731.5766 | N92: =M92/L92 -> 682.89416 | O92: =L92-I92 -> 0 | P92: =N92-K92 -> -67.105839 | Q92: =N92/K92 -> 0.91052555 | S92: 0.74444444 | T92: 0.76657407 | U92: 5.4333333 | V92: 31.871703 | AA92: =M92-J92 -> -268.42336 | AB92: =M92/J92 -> 0.91052555
B93: 18℃-飯糰 | C93: 二配壹號醬炙烤牛飯糰 | E93: 22.28 | F93: 1426 | G93: =E93*F93 -> 31771.28 | I93: 5 | J93: 3300 | K93: =J93/I93 -> 660 | L93: 5 | M93: =F93/V93*60 -> 3007.7415 | N93: =M93/L93 -> 601.5483 | O93: =L93-I93 -> 0 | P93: =N93-K93 -> -58.451698 | Q93: =N93/K93 -> 0.91143682 | S93: 0.77013889 | T93: 0.78988426 | U93: 5.1333333 | V93: 28.446593 | AA93: =M93-J93 -> -292.25849 | AB93: =M93/J93 -> 0.91143682
B94: 18℃-飯糰 | C94: 二配鹽蔥燒肉飯糰 | E94: 17.89 | F94: 4664 | G94: =E94*F94 -> 83438.96 | I94: 4 | J94: 3300 | K94: =J94/I94 -> 825 | L94: 4 | M94: =F94/V94*60 -> 3002.3703 | N94: =M94/L94 -> 750.59257 | O94: =L94-I94 -> 0 | P94: =N94-K94 -> -74.407428 | Q94: =N94/K94 -> 0.90980918 | S94: 0.79375 | T94: 0.85847222 | U94: 5.5666667 | V94: 93.206358 | AA94: =M94-J94 -> -297.62971 | AB94: =M94/J94 -> 0.90980918
B106: 平均 | I106: =AVERAGE(I90:I105) -> 4.4 | J106: =AVERAGE(J90:J105) -> 3120 | K106: =J106/I106 -> 709.09091 | L106: =AVERAGE(L90:L105) -> 4.4 | M106: =AVERAGE(M90:M105) -> 2841.3578 | N106: =M106/L106 -> 645.76313 | O106: =L106-I106 -> 0 | P106: =N106-K106 -> -63.327775 | Q106: =N106/K106 -> 0.9106916 | S106: 0.70833333 | T106: 0.85847222 | AA106: =M106-J106 -> -278.64221 | AB106: =M106/J106 -> 0.9106916
A107: GKK3600型 飯糰機 (二配) | B107: 18℃-飯糰 | C107: 二配芝麻香鬆飯糰 | E107: 18.18 | F107: 588 | G107: =E107*F107 -> 10689.84 | H107: 2 | I107: 3 | J107: 3000 | K107: =J107/I107 -> 1000 | L107: 3 | M107: =F107/V107*60 -> 2736.4541 | N107: =M107/L107 -> 912.15137 | O107: =L107-I107 -> 0 | P107: =N107-K107 -> -87.848628 | Q107: =N107/K107 -> 0.91215137 | R107: =Q123 -> 0.90198993 | S107: 0.73055556 | T107: 0.73950231 | V107: 12.892597 | AA107: =M107-J107 -> -263.54588 | AB107: =M107/J107 -> 0.91215137 | AC107: =AB123 -> 0.90198993
B108: 18℃-飯糰 | C108: 二配熟成紅鮭飯糰 | E108: 25.03 | F108: 1336 | G108: =E108*F108 -> 33440.08 | I108: 5 | J108: 3600 | K108: =J108/I108 -> 720 | L108: 5 | M108: =F108/V108*60 -> 3206.9887 | N108: =M108/L108 -> 641.39775 | O108: =L108-I108 -> 0 | P108: =N108-K108 -> -78.602251 | Q108: =N108/K108 -> 0.89083021 | S108: 0.74930556 | T108: 0.76665509 | U108: 15 | V108: 24.99541 | AA108: =M108-J108 -> -393.01126 | AB108: =M108/J108 -> 0.89083021
B109: 18℃-飯糰 | C109: 二配經典肉鬆飯糰 | E109: 14.03 | F109: 1993 | G109: =E109*F109 -> 27961.79 | H109: 2 | I109: 3 | J109: 3000 | K109: =J109/I109 -> 1000 | L109: 3 | M109: =F109/V109*60 -> 2733.4401 | N109: =M109/L109 -> 911.1467 | O109: =L109-I109 -> 0 | P109: =N109-K109 -> -88.8533 | Q109: =N109/K109 -> 0.9111467 | S109: 0.77638889 | T109: 0.80675926 | U109: 15 | V109: 43.747072 | AA109: =M109-J109 -> -266.5599 | AB109: =M109/J109 -> 0.9111467
B110: 18℃-飯糰 | C110: 二配鮪魚飯糰 | E110: 14.28 | F110: 2445 | G110: =E110*F110 -> 34914.6 | H110: 2 | I110: 3 | J110: 3600 | K110: =J110/I110 -> 1200 | L110: 3 | M110: =F110/V110*60 -> 3209.9248 | N110: =M110/L110 -> 1069.9749 | O110: =L110-I110 -> 0 | P110: =N110-K110 -> -130.02508 | Q110: =N110/K110 -> 0.89164577 | S110: 0.81666667 | T110: 0.84840278 | U110: 15 | V110: 45.702006 | AA110: =M110-J110 -> -390.07523 | AB110: =M110/J110 -> 0.89164577
B111: 18℃-飯糰 | C111: 二配芝麻香鬆飯糰 | E111: 18.18 | F111: 1253 | G111: =E111*F111 -> 22779.54 | I111: 3 | J111: 3000 | K111: =J111/I111 -> 1000 | L111: 3 | M111: =F111/V111*60 -> 2735.1978 | N111: =M111/L111 -> 911.7326 | O111: =L111-I111 -> 0 | P111: =N111-K111 -> -88.267402 | Q111: =N111/K111 -> 0.9117326 | S111: 0.85833333 | T111: 0.87741898 | U111: 15 | V111: 27.486129 | AA111: =M111-J111 -> -264.80221 | AB111: =M111/J111 -> 0.9117326
B112: 18℃-飯糰 | C112: 二配經典肉鬆飯糰 | E112: 14.03 | F112: 5064 | G112: =E112*F112 -> 71047.92 | I112: 3 | J112: 3000 | K112: =J112/I112 -> 1000 | L112: 3 | M112: =F112/V112*60 -> 2733.4401 | N112: =M112/L112 -> 911.1467 | O112: =L112-I112 -> 0 | P112: =N112-K112 -> -88.8533 | Q112: =N112/K112 -> 0.9111467 | S112: 0.8875 | T112: 0.9646875 | U112: 14.516667 | V112: 111.15663 | AA112: =M112-J112 -> -266.5599 | AB112: =M112/J112 -> 0.9111467
B113: 18℃-飯糰 | C113: 二配鮪魚飯糰 | E113: 14.28 | F113: 6488 | G113: =E113*F113 -> 92648.64 | I113: 3 | J113: 3600 | K113: =J113/I113 -> 1200 | L113: 3 | M113: =F113/V113*60 -> 3209.9248 | N113: =M113/L113 -> 1069.9749 | O113: =L113-I113 -> 0 | P113: =N113-K113 -> -130.02508 | Q113: =N113/K113 -> 0.89164577 | S113: 0.975 | T113: 1.059213 | U113: 14.85 | V113: 121.27387 | AA113: =M113-J113 -> -390.07523 | AB113: =M113/J113 -> 0.89164577
B123: 平均 | I123: =AVERAGE(I107:I122) -> 3.2857143 | J123: =AVERAGE(J107:J122) -> 3257.1429 | K123: =J123/I123 -> 991.30435 | L123: =AVERAGE(L107:L122) -> 3.2857143 | M123: =AVERAGE(M107:M122) -> 2937.9101 | N123: =M123/L123 -> 894.14654 | O123: =L123-I123 -> 0 | P123: =N123-K123 -> -97.157809 | Q123: =N123/K123 -> 0.90198993 | S123: 0.73055556 | T123: 1.059213 | AA123: =M123-J123 -> -319.2328 | AB123: =M123/J123 -> 0.90198993
A124: GKK3600型 飯糰機2 (二配) | B124: 18℃-飯糰 | C124: 二配蔬食鮪魚飯糰 | E124: 18.18 | F124: 361 | G124: =E124*F124 -> 6562.98 | H124: 2 | I124: 3 | J124: 3600 | K124: =J124/I124 -> 1200 | L124: 3 | M124: =F124/V124*60 -> 3206.4029 | N124: =M124/L124 -> 1068.801 | O124: =L124-I124 -> 0 | P124: =N124-K124 -> -131.19902 | Q124: =N124/K124 -> 0.89066748 | R124: =Q140 -> 0.89097859 | S124: 0.74097222 | T124: 0.74565972 | V124: 6.7552333 | AA124: =M124-J124 -> -393.59706 | AB124: =M124/J124 -> 0.89066748 | AC124: =AB140 -> 0.89097859
B125: 18℃-飯糰 | C125: 二配三杯醬爆菇菇飯糰 | E125: 16.7 | F125: 412 | G125: =E125*F125 -> 6880.4 | H125: 2 | I125: 3 | J125: 3600 | K125: =J125/I125 -> 1200 | L125: 3 | M125: =F125/V125*60 -> 3211.8839 | N125: =M125/L125 -> 1070.628 | O125: =L125-I125 -> 0 | P125: =N125-K125 -> -129.37204 | Q125: =N125/K125 -> 0.89218997 | S125: 0.75555556 | T125: 0.7608912 | U125: 15 | V125: 7.6964177 | AA125: =M125-J125 -> -388.11611 | AB125: =M125/J125 -> 0.89218997
B126: 18℃-飯糰 | C126: 二配贅沢鮭魚肚飯糰 | E126: 30 | F126: 626 | G126: =E126*F126 -> 18780 | H126: 2 | I126: 4 | J126: 3600 | K126: =J126/I126 -> 900 | L126: 4 | M126: =F126/V126*60 -> 3206.64 | N126: =M126/L126 -> 801.66001 | O126: =L126-I126 -> 0 | P126: =N126-K126 -> -98.339992 | Q126: =N126/K126 -> 0.89073334 | S126: 0.77083333 | T126: 0.77895833 | U126: 15 | V126: 11.713195 | AA126: =M126-J126 -> -393.35997 | AB126: =M126/J126 -> 0.89073334
B127: 18℃-飯糰 | C127: 二配北海道秋鮭親子飯糰 | E127: 24.82 | F127: 602 | G127: =E127*F127 -> 14941.64 | H127: 2 | I127: 5 | J127: 3600 | K127: =J127/I127 -> 720 | L127: 5 | M127: =F127/V127*60 -> 3206.5532 | N127: =M127/L127 -> 641.31063 | O127: =L127-I127 -> 0 | P127: =N127-K127 -> -78.68937 | Q127: =N127/K127 -> 0.89070921 | S127: 0.78888889 | T127: 0.79670139 | U127: 15 | V127: 11.264432 | AA127: =M127-J127 -> -393.44685 | AB127: =M127/J127 -> 0.89070921
B128: 18℃-飯糰 | C128: 二配明太子龍蝦風味沙拉飯糰 | E128: 18.18 | F128: 890 | G128: =E128*F128 -> 16180.2 | H128: 2 | I128: 3 | J128: 3600 | K128: =J128/I128 -> 1200 | L128: 3 | M128: =F128/V128*60 -> 3204.8697 | N128: =M128/L128 -> 1068.2899 | O128: =L128-I128 -> 0 | P128: =N128-K128 -> -131.71011 | Q128: =N128/K128 -> 0.89024157 | S128: 0.80694444 | T128: 0.81850694 | U128: 14.75 | V128: 16.662144 | AA128: =M128-J128 -> -395.13033 | AB128: =M128/J128 -> 0.89024157
B129: 18℃-飯糰 | C129: 二配雞肉飯飯糰 | E129: 16.66 | F129: 2011 | G129: =E129*F129 -> 33503.26 | H129: 2 | I129: 5 | J129: 3600 | K129: =J129/I129 -> 720 | L129: 5 | M129: =F129/V129*60 -> 3208.7879 | N129: =M129/L129 -> 641.75757 | O129: =L129-I129 -> 0 | P129: =N129-K129 -> -78.242426 | Q129: =N129/K129 -> 0.89132996 | S129: 0.82847222 | T129: 0.85458333 | U129: 15 | V129: 37.602984 | AA129: =M129-J129 -> -391.21213 | AB129: =M129/J129 -> 0.89132996
B130: 18℃-飯糰 | C130: 二配蔬食鮪魚飯糰 | E130: 18.18 | F130: 817 | G130: =E130*F130 -> 14853.06 | I130: 3 | J130: 3600 | K130: =J130/I130 -> 1200 | L130: 3 | M130: =F130/V130*60 -> 3206.4029 | N130: =M130/L130 -> 1068.801 | O130: =L130-I130 -> 0 | P130: =N130-K130 -> -131.19902 | Q130: =N130/K130 -> 0.89066748 | S130: 0.86458333 | T130: 0.87519676 | U130: 15 | V130: 15.28816 | AA130: =M130-J130 -> -393.59706 | AB130: =M130/J130 -> 0.89066748
B131: 18℃-飯糰 | C131: 二配三杯醬爆菇菇飯糰 | E131: 16.7 | F131: 918 | G131: =E131*F131 -> 15330.6 | I131: 3 | J131: 3600 | K131: =J131/I131 -> 1200 | L131: 3 | M131: =F131/V131*60 -> 3211.8839 | N131: =M131/L131 -> 1070.628 | O131: =L131-I131 -> 0 | P131: =N131-K131 -> -129.37204 | Q131: =N131/K131 -> 0.89218997 | S131: 0.88541667 | T131: 0.89731481 | U131: 14.716667 | V131: 17.148814 | AA131: =M131-J131 -> -388.11611 | AB131: =M131/J131 -> 0.89218997
B132: 18℃-飯糰 | C132: 二配贅沢鮭魚肚飯糰 | E132: 30 | F132: 1498 | G132: =E132*F132 -> 44940 | I132: 4 | J132: 3600 | K132: =J132/I132 -> 900 | L132: 4 | M132: =F132/V132*60 -> 3206.64 | N132: =M132/L132 -> 801.66001 | O132: =L132-I132 -> 0 | P132: =N132-K132 -> -98.339992 | Q132: =N132/K132 -> 0.89073334 | S132: 0.90763889 | T132: 0.92709491 | U132: 14.866667 | V132: 28.029339 | AA132: =M132-J132 -> -393.35997 | AB132: =M132/J132 -> 0.89073334
B133: 18℃-飯糰 | C133: 二配北海道秋鮭親子飯糰 | E133: 24.82 | F133: 1401 | G133: =E133*F133 -> 34772.82 | I133: 5 | J133: 3600 | K133: =J133/I133 -> 720 | L133: 5 | M133: =F133/V133*60 -> 3206.5532 | N133: =M133/L133 -> 641.31063 | O133: =L133-I133 -> 0 | P133: =N133-K133 -> -78.68937 | Q133: =N133/K133 -> 0.89070921 | S133: 0.9375 | T133: 0.95569444 | U133: 14.983333 | V133: 26.215065 | AA133: =M133-J133 -> -393.44685 | AB133: =M133/J133 -> 0.89070921
B134: 18℃-飯糰 | C134: 二配明太子龍蝦風味沙拉飯糰 | E134: 18.18 | F134: 2187 | G134: =E134*F134 -> 39759.66 | I134: 3 | J134: 3600 | K134: =J134/I134 -> 1200 | L134: 3 | M134: =F134/V134*60 -> 3204.8697 | N134: =M134/L134 -> 1068.2899 | O134: =L134-I134 -> 0 | P134: =N134-K134 -> -131.71011 | Q134: =N134/K134 -> 0.89024157 | S134: 0.96597222 | T134: 0.99439815 | U134: 14.8 | V134: 40.943943 | AA134: =M134-J134 -> -395.13033 | AB134: =M134/J134 -> 0.89024157
B135: 18℃-飯糰 | C135: 二配雞肉飯飯糰 | E135: 16.66 | F135: 5147 | G135: =E135*F135 -> 85749.02 | I135: 5 | J135: 3600 | K135: =J135/I135 -> 720 | L135: 5 | M135: =F135/V135*60 -> 3208.7879 | N135: =M135/L135 -> 641.75757 | O135: =L135-I135 -> 0 | P135: =N135-K135 -> -78.242426 | Q135: =N135/K135 -> 0.89132996 | S135: 1.0041667 | T135: 1.0709954 | U135: 15 | V135: 96.241949 | AA135: =M135-J135 -> -391.21213 | AB135: =M135/J135 -> 0.89132996
B140: 平均 | I140: =AVERAGE(I124:I139) -> 3.8333333 | J140: =AVERAGE(J124:J139) -> 3600 | K140: =J140/I140 -> 939.13043 | L140: =AVERAGE(L124:L139) -> 3.8333333 | M140: =AVERAGE(M124:M139) -> 3207.5229 | N140: =M140/L140 -> 836.74511 | O140: =L140-I140 -> 0 | P140: =N140-K140 -> -102.38532 | Q140: =N140/K140 -> 0.89097859 | S140: 0.74097222 | T140: 1.0709954 | AA140: =M140-J140 -> -392.47708 | AB140: =M140/J140 -> 0.89097859
Y142: 原因回覆
Y143: 1.當日出勤人數較多
Y144: 2.當日出勤人數較少
Y145: 3.當日出勤熟手較多
Y146: 4.當日出勤新人較多
Y147: 5.機台夾盒
Y148: 6.封膜不順
Y149: 7.更換膠膜
Y150: 8.更換碳帶
Y151: 9.當日熱轉印碳帶異常
Y152: 10.訂單量過少
Y153: 11.新品上市，尚未熟悉
Y154: 12.活動期間品項需貼標

Sheet 0730(4度C)
A1: 大溪廠日報分析 | C1: 總生產量 | D1: =SUM(F5:F140) -> 85929 | E1: 營業額 | F1: =SUM(G5:G140) -> 3741123.7 | G1: 出勤人數 | H1: =L21+L38+L55+L72+L89+L106+L123+L140 -> 136.25833 | I1: 產線配置圖 | L1: 生產實績 | O1: 人時性差異分析 | S1: 日報登錄 | Y1: 合計次數 | Z1: 合計(時間/分) | AA1: 產線異常 分析說明(5分鐘以上) | AC1: 合計次數 | AD1: 合計(時間/分) | AE1: 產能差異分析
A2: 46233 | C2: 人時性 | D2: =AVERAGE(N21,N38,N55,N72,N89,N106,N123,N140) -> 201.16842 | E2: 平均廠價 | F2: =F1/D1 -> 43.537382 | G2: 多次生產數 | H2: =COUNT(H5:H140) -> 0 | Y2: =SUM(Y21,Y38,Y55,Y72,Y89,Y106,Y123,Y140) -> 0 | Z2: =SUM(Z21,Z38,Z55,Z72,Z89,Z106,Z123,Z140) -> 0 | AC2: =SUM(AC21,AC38,AC55,AC72,AC89,AC106,AC123,AC140) -> 0 | AD2: =SUM(AD21,AD38,AD55,AD72,AD89,AD106,AD123,AD140) -> 0
A3: 線別 | B3: 品類 | C3: 品名 | E3: 廠價 | F3: 生產量 | G3: 營收 | H3: 多次 生產 | I3: 人數 | J3: 產能/時 | K3: 人時性 | L3: 人數 | M3: 產能/時 | N3: 人時性 | O3: 人數 | P3: 人時性 | Q3: 達成率 | R3: 達成率 平均 | S3: 生產時間 | U3: 換線、休息/分 | V3: 稼動時間/分 | W3: 休息時間 | Y3: 產線異常統計(5分鐘以上) | AA3: (屏榮回填) | AC3: 短暫停線統計(5分鐘以下) | AE3: 產能/時 | AF3: 達成率 | AG3: 達成率平均
S4: 開始 | T4: 結束 | W4: 開始 | X4: 結束 | Y4: 次數 | Z4: 時間/分 | AC4: 總次數 | AD4: 設備因素(次數)
A5: 便當二線 | B5: 微波小吃 | C5: 日式茶碗蒸 | E5: 19.7 | F5: 3591 | G5: =E5*F5 -> 70742.7 | I5: 13 | J5: 1200 | K5: =J5/I5 -> 92.307692 | L5: 13 | M5: =F5/V5*60 -> 1083.2073 | N5: =M5/L5 -> 83.323638 | O5: =L5-I5 -> 0 | P5: =N5-K5 -> -8.9840548 | Q5: =N5/K5 -> 0.90267274 | R5: =Q21 -> 0.89948838 | S5: 0.16666667 | T5: 0.30479167 | V5: 198.9093 | AE5: =M5-J5 -> -116.79271 | AF5: =M5/J5 -> 0.90267274 | AG5: =AF21 -> 0.89948838
B6: 微波主食 | C6: 糖燻野郎三十天熟成牛飯 | E6: 56.43 | F6: 3847 | G6: =E6*F6 -> 217086.21 | I6: 24 | J6: 2000 | K6: =J6/I6 -> 83.333333 | L6: 24 | M6: =F6/V6*60 -> 1797.3735 | N6: =M6/L6 -> 74.890564 | O6: =L6-I6 -> 0 | P6: =N6-K6 -> -8.4427697 | Q6: =N6/K6 -> 0.89868676 | S6: 0.30833333 | T6: 0.39751157 | U6: 5.1 | V6: 128.42072 | AE6: =M6-J6 -> -202.62647 | AF6: =M6/J6 -> 0.89868676
B7: 便當 | C7: 香檸奶油魚排蔬滿盒 | E7: 77.35 | F7: 711 | G7: =E7*F7 -> 54995.85 | I7: 25 | J7: 2000 | K7: =J7/I7 -> 80 | L7: 25 | M7: =F7/V7*60 -> 1797.2925 | N7: =M7/L7 -> 71.891701 | O7: =L7-I7 -> 0 | P7: =N7-K7 -> -8.1082987 | Q7: =N7/K7 -> 0.89864627 | S7: 0.40069444 | T7: 0.41717593 | U7: 4.5833333 | V7: 23.735702 | AE7: =M7-J7 -> -202.70747 | AF7: =M7/J7 -> 0.89864627
B8: 便當 | C8: 嫩烤香料雞胸排蔬滿盒 | E8: 77.34 | F8: 1644 | G8: =E8*F8 -> 127146.96 | I8: 23 | J8: 2000 | K8: =J8/I8 -> 86.956522 | L8: 23 | M8: =F8/V8*60 -> 1798.2081 | N8: =M8/L8 -> 78.182961 | O8: =L8-I8 -> 0 | P8: =N8-K8 -> -8.773561 | Q8: =N8/K8 -> 0.89910405 | S8: 0.42013889 | T8: 0.45822917 | U8: 5 | V8: 54.854608 | W8: 0.45822917 | X8: 0.49652778 | AE8: =M8-J8 -> -201.7919 | AF8: =M8/J8 -> 0.89910405
B9: 便當 | C9: 健身G肉餐盒 | E9: 59.52 | F9: 4048 | G9: =E9*F9 -> 240936.96 | I9: 24 | J9: 2000 | K9: =J9/I9 -> 83.333333 | L9: 24 | M9: =F9/V9*60 -> 1799.2117 | N9: =M9/L9 -> 74.967153 | O9: =L9-I9 -> 0 | P9: =N9-K9 -> -8.3661803 | Q9: =N9/K9 -> 0.89960584 | S9: 0.49652778 | T9: 0.5902662 | U9: 55.15 | V9: 134.99245 | AE9: =M9-J9 -> -200.78833 | AF9: =M9/J9 -> 0.89960584
B21: 平均 | I21: =AVERAGE(I5:I20) -> 21.8 | J21: =AVERAGE(J5:J20) -> 1840 | K21: =J21/I21 -> 84.40367 | L21: =AVERAGE(L5:L20) -> 21.8 | M21: =AVERAGE(M5:M20) -> 1655.0586 | N21: =M21/L21 -> 75.92012 | O21: =L21-I21 -> 0 | P21: =N21-K21 -> -8.4835494 | Q21: =N21/K21 -> 0.89948838 | S21: 0.16666667 | T21: 0.5902662 | Y21: =SUM(Y5:Y20) -> 0 | Z21: =SUM(Z5:Z20) -> 0 | AC21: =SUM(AC5:AC20) -> 0 | AD21: =SUM(AD5:AD20) -> 0 | AE21: =M21-J21 -> -184.94138 | AF21: =M21/J21 -> 0.89948838
A22: 涼麵一線 | B22: 4℃-壽司手卷 | C22: 海陸雙拼壽司 | E22: 36.45 | F22: 2373 | G22: =E22*F22 -> 86495.85 | I22: 20 | J22: 2100 | K22: =J22/I22 -> 105 | L22: 20 | M22: =F22/V22*60 -> 1893.0683 | N22: =M22/L22 -> 94.653417 | O22: =L22-I22 -> 0 | P22: =N22-K22 -> -10.346583 | Q22: =N22/K22 -> 0.90146112 | R22: =Q38 -> 0.90224953 | S22: 0.16666667 | T22: 0.21888889 | V22: 75.211231 | AE22: =M22-J22 -> -206.93166 | AF22: =M22/J22 -> 0.90146112 | AG22: =AF38 -> 0.90946753
B23: 微波小吃 | C23: 馬鈴薯玉米濃湯 | E23: 31.72 | F23: 1439 | G23: =E23*F23 -> 45645.08 | I23: 22 | J23: 2000 | K23: =J23/I23 -> 90.909091 | L23: 22 | M23: =F23/V23*60 -> 1799.8275 | N23: =M23/L23 -> 81.810342 | O23: =L23-I23 -> 0 | P23: =N23-K23 -> -9.0987494 | Q23: =N23/K23 -> 0.89991376 | S23: 0.22222222 | T23: 0.25553241 | U23: 4.8 | V23: 47.971264 | AE23: =M23-J23 -> -200.17249 | AF23: =M23/J23 -> 0.89991376
B24: 微波小吃 | C24: 三合一味噌湯 | E24: 34.79 | F24: 1564 | G24: =E24*F24 -> 54411.56 | I24: 11 | J24: 2000 | K24: =J24/I24 -> 181.81818 | L24: 11 | M24: =F24/V24*60 -> 1808.528 | N24: =M24/L24 -> 164.41164 | O24: =L24-I24 -> 0 | P24: =N24-K24 -> -17.406546 | Q24: =N24/K24 -> 0.904264 | S24: 0.25833333 | T24: 0.29436343 | U24: 5 | V24: 51.887502 | AE24: =M24-J24 -> -191.472 | AF24: =M24/J24 -> 0.904264
B25: 微波小吃 | C25: 蒸蛋湯 | E25: 33.2 | F25: 2607 | G25: =E25*F25 -> 86552.4 | I25: 11 | J25: 2000 | K25: =J25/I25 -> 181.81818 | L25: 11 | M25: =F25/V25*60 -> 1807.3725 | N25: =M25/L25 -> 164.30659 | O25: =L25-I25 -> 0 | P25: =N25-K25 -> -17.511594 | Q25: =N25/K25 -> 0.90368623 | S25: 0.29722222 | T25: 0.35731481 | U25: 5 | V25: 86.545526 | AE25: =M25-J25 -> -192.62754 | AF25: =M25/J25 -> 0.90368623
B26: 微波小吃 | C26: 越式牛肉寬粉 | E26: 51.44 | F26: 1668 | G26: =E26*F26 -> 85801.92 | I26: 19 | J26: 2000 | K26: =J26/I26 -> 105.26316 | L26: 19 | M26: =F26/V26*60 -> 1801.3709 | N26: =M26/L26 -> 94.808996 | O26: =L26-I26 -> 0 | P26: =N26-K26 -> -10.454162 | Q26: =N26/K26 -> 0.90068546 | S26: 0.36111111 | T26: 0.3996875 | U26: 5.4666667 | V26: 55.557686 | AE26: =M26-J26 -> -198.62908 | AF26: =M26/J26 -> 0.90068546
B27: 微波主食 | C27: 日式鮭魚茶泡烤飯 | E27: 46.34 | F27: 2570 | G27: =E27*F27 -> 119093.8 | I27: 21 | J27: 1800 | K27: =J27/I27 -> 85.714286 | L27: 21 | M27: =F27/V27*60 -> 1623.2761 | N27: =M27/L27 -> 77.298862 | O27: =L27-I27 -> 0 | P27: =N27-K27 -> -8.4154233 | Q27: =N27/K27 -> 0.90182006 | S27: 0.40277778 | T27: 0.46873843 | U27: 5 | V27: 94.993082 | W27: 0.46873843 | X27: 0.50694444 | AE27: =M27-J27 -> -176.72389 | AF27: =M27/J27 -> 0.90182006
B28: 4℃-飯糰 | C28: 麻油雞飯糰 | E28: 29.97 | F28: 2184 | G28: =E28*F28 -> 65454.48 | I28: 21 | J28: 2790 | K28: =J28/I28 -> 132.85714 | L28: 22 | M28: =F28/V28*60 -> 2626.6346 | N28: =M28/L28 -> 119.39248 | O28: =L28-I28 -> 1 | P28: =N28-K28 -> -13.46466 | Q28: =N28/K28 -> 0.89865309 | S28: 0.50694444 | T28: 0.54158565 | U28: 55.016667 | V28: 49.888934 | AE28: =M28-J28 -> -163.36538 | AF28: =M28/J28 -> 0.9414461
B38: 平均 | I38: =AVERAGE(I22:I37) -> 17.857143 | J38: =AVERAGE(J22:J37) -> 2098.5714 | K38: =J38/I38 -> 117.52 | L38: =AVERAGE(L22:L37) -> 18 | M38: =AVERAGE(M22:M37) -> 1908.5826 | N38: =M38/L38 -> 106.03236 | O38: =L38-I38 -> 0.14285714 | P38: =N38-K38 -> -11.487635 | Q38: =N38/K38 -> 0.90224953 | S38: 0.16666667 | T38: 0.54158565 | Y38: =SUM(Y22:Y37) -> 0 | Z38: =SUM(Z22:Z37) -> 0 | AC38: =SUM(AC22:AC37) -> 0 | AD38: =SUM(AD22:AD37) -> 0 | AE38: =M38-J38 -> -189.98886 | AF38: =M38/J38 -> 0.90946753
A39: 涼麵二線 | B39: 便當 | C39: 香腸腿排雙拼便當 | E39: 53.76 | F39: 2948 | G39: =E39*F39 -> 158484.48 | I39: 20 | J39: 2000 | K39: =J39/I39 -> 100 | L39: 20 | M39: =F39/V39*60 -> 1795.744 | N39: =M39/L39 -> 89.787202 | O39: =L39-I39 -> 0 | P39: =N39-K39 -> -10.212798 | Q39: =N39/K39 -> 0.89787202 | R39: =Q55 -> 0.89867768 | S39: 0.16666667 | T39: 0.23505787 | V39: 98.499561 | AE39: =M39-J39 -> -204.25595 | AF39: =M39/J39 -> 0.89787202 | AG39: =AF55 -> 0.89867768
B40: 便當 | C40: 蔬活腿排補力餐盒 | E40: 71.55 | F40: 1825 | G40: =E40*F40 -> 130578.75 | I40: 22 | J40: 2000 | K40: =J40/I40 -> 90.909091 | L40: 22 | M40: =F40/V40*60 -> 1797.2029 | N40: =M40/L40 -> 81.691041 | O40: =L40-I40 -> 0 | P40: =N40-K40 -> -9.2180498 | Q40: =N40/K40 -> 0.89860145 | S40: 0.23888889 | T40: 0.28119213 | U40: 5.5166667 | V40: 60.928012 | AE40: =M40-J40 -> -202.7971 | AF40: =M40/J40 -> 0.89860145
B41: 便當 | C41: 地中海布格麥烤魚餐盒 | E41: 63.92 | F41: 1607 | G41: =E41*F41 -> 102719.44 | I41: 24 | J41: 2000 | K41: =J41/I41 -> 83.333333 | L41: 24 | M41: =F41/V41*60 -> 1798.2273 | N41: =M41/L41 -> 74.926136 | O41: =L41-I41 -> 0 | P41: =N41-K41 -> -8.4071974 | Q41: =N41/K41 -> 0.89911363 | S41: 0.28472222 | T41: 0.32195602 | U41: 5.0833333 | V41: 53.619474 | AE41: =M41-J41 -> -201.77274 | AF41: =M41/J41 -> 0.89911363
B42: 便當 | C42: 烤蛋白餐盒 | E42: 58.67 | F42: 3013 | G42: =E42*F42 -> 176772.71 | I42: 23 | J42: 2000 | K42: =J42/I42 -> 86.956522 | L42: 23 | M42: =F42/V42*60 -> 1796.6544 | N42: =M42/L42 -> 78.11541 | O42: =L42-I42 -> 0 | P42: =N42-K42 -> -8.8411116 | Q42: =N42/K42 -> 0.89832722 | S42: 0.32569444 | T42: 0.39556713 | U42: 5.3833333 | V42: 100.62035 | AE42: =M42-J42 -> -203.34557 | AF42: =M42/J42 -> 0.89832722
B43: 便當 | C43: 海陸雙拼肉肉餐盒 | E43: 59.54 | F43: 2084 | G43: =E43*F43 -> 124081.36 | I43: 23 | J43: 2000 | K43: =J43/I43 -> 86.956522 | L43: 23 | M43: =F43/V43*60 -> 1797.0576 | N43: =M43/L43 -> 78.132939 | O43: =L43-I43 -> 0 | P43: =N43-K43 -> -8.8235825 | Q43: =N43/K43 -> 0.8985288 | S43: 0.39930556 | T43: 0.44761574 | U43: 5.3833333 | V43: 69.580407 | W43: 0.44761574 | X43: 0.48611111 | AE43: =M43-J43 -> -202.9424 | AF43: =M43/J43 -> 0.8985288
B44: 便當 | C44: 懷舊滷雙拼便當 | E44: 61.09 | F44: 2983 | G44: =E44*F44 -> 182231.47 | I44: 20 | J44: 2000 | K44: =J44/I44 -> 100 | L44: 20 | M44: =F44/V44*60 -> 1799.2459 | N44: =M44/L44 -> 89.962295 | O44: =L44-I44 -> 0 | P44: =N44-K44 -> -10.037705 | Q44: =N44/K44 -> 0.89962295 | S44: 0.48611111 | T44: 0.55518519 | U44: 55.433333 | V44: 99.475007 | AE44: =M44-J44 -> -200.75409 | AF44: =M44/J44 -> 0.89962295
B55: 平均 | I55: =AVERAGE(I39:I54) -> 22 | J55: =AVERAGE(J39:J54) -> 2000 | K55: =J55/I55 -> 90.909091 | L55: =AVERAGE(L39:L54) -> 22 | M55: =AVERAGE(M39:M54) -> 1797.3554 | N55: =M55/L55 -> 81.697971 | O55: =L55-I55 -> 0 | P55: =N55-K55 -> -9.21112 | Q55: =N55/K55 -> 0.89867768 | S55: 0.16666667 | T55: 0.55518519 | Y55: =SUM(Y39:Y54) -> 0 | Z55: =SUM(Z39:Z54) -> 0 | AC55: =SUM(AC39:AC54) -> 0 | AD55: =SUM(AD39:AD54) -> 0 | AE55: =M55-J55 -> -202.64464 | AF55: =M55/J55 -> 0.89867768
A56: 涼麵三線 | B56: 季節調理麵 | C56: 和風涓絲冷麵 | E56: 28.86 | F56: 2154 | G56: =E56*F56 -> 62164.44 | I56: 19 | J56: 3600 | K56: =J56/I56 -> 189.47368 | L56: 19 | M56: =F56/V56*60 -> 3190.0379 | N56: =M56/L56 -> 167.89673 | O56: =L56-I56 -> 0 | P56: =N56-K56 -> -21.57695 | Q56: =N56/K56 -> 0.88612165 | R56: =Q72 -> 0.90217327 | S56: 0.16666667 | T56: 0.19479167 | V56: 40.513625 | AE56: =M56-J56 -> -409.96206 | AF56: =M56/J56 -> 0.88612165 | AG56: =AF72 -> 0.90217327
B57: 季節調理麵 | C57: 嘉義崇文白醋涼麵 | E57: 35.89 | F57: 2911 | G57: =E57*F57 -> 104475.79 | I57: 19 | J57: 3600 | K57: =J57/I57 -> 189.47368 | L57: 19 | M57: =F57/V57*60 -> 3193.4624 | N57: =M57/L57 -> 168.07697 | O57: =L57-I57 -> 0 | P57: =N57-K57 -> -21.396718 | Q57: =N57/K57 -> 0.88707288 | S57: 0.19791667 | T57: 0.2358912 | U57: 5 | V57: 54.692989 | AE57: =M57-J57 -> -406.53765 | AF57: =M57/J57 -> 0.88707288
B58: 季節調理麵 | C58: 招牌雞絲胡麻涼麵 | E58: 43.96 | F58: 1708 | G58: =E58*F58 -> 75083.68 | I58: 24 | J58: 3600 | K58: =J58/I58 -> 150 | L58: 24 | M58: =F58/V58*60 -> 3268.3483 | N58: =M58/L58 -> 136.18118 | O58: =L58-I58 -> 0 | P58: =N58-K58 -> -13.81882 | Q58: =N58/K58 -> 0.90787453 | S58: 0.23958333 | T58: 0.26135417 | U58: 5.3166667 | V58: 31.355287 | AE58: =M58-J58 -> -331.65169 | AF58: =M58/J58 -> 0.90787453
B59: 季節調理麵 | C59: 日式胡麻雞絲冷麵 | E59: 46.93 | F59: 1327 | G59: =E59*F59 -> 62276.11 | I59: 24 | J59: 3600 | K59: =J59/I59 -> 150 | L59: 24 | M59: =F59/V59*60 -> 3268.7065 | N59: =M59/L59 -> 136.19611 | O59: =L59-I59 -> 0 | P59: =N59-K59 -> -13.803894 | Q59: =N59/K59 -> 0.90797404 | S59: 0.26458333 | T59: 0.28149306 | U59: 4.65 | V59: 24.358259 | AE59: =M59-J59 -> -331.29346 | AF59: =M59/J59 -> 0.90797404
B60: 季節調理麵 | C60: 日式蕎麥沾麵 | E60: 36.73 | F60: 3097 | G60: =E60*F60 -> 113752.81 | I60: 20 | J60: 3600 | K60: =J60/I60 -> 180 | L60: 20 | M60: =F60/V60*60 -> 3260.4567 | N60: =M60/L60 -> 163.02284 | O60: =L60-I60 -> 0 | P60: =N60-K60 -> -16.977164 | Q60: =N60/K60 -> 0.90568242 | S60: 0.28472222 | T60: 0.32429398 | U60: 4.65 | V60: 56.992016 | AE60: =M60-J60 -> -339.54329 | AF60: =M60/J60 -> 0.90568242
B61: 季節調理麵 | C61: 月見烏龍冷麵 | E61: 48.4 | F61: 2464 | G61: =E61*F61 -> 119257.6 | I61: 22 | J61: 3600 | K61: =J61/I61 -> 163.63636 | L61: 22 | M61: =F61/V61*60 -> 3265.1452 | N61: =M61/L61 -> 148.41569 | O61: =L61-I61 -> 0 | P61: =N61-K61 -> -15.220672 | Q61: =N61/K61 -> 0.90698478 | S61: 0.32708333 | T61: 0.35851852 | U61: 5 | V61: 45.278231 | AE61: =M61-J61 -> -334.85479 | AF61: =M61/J61 -> 0.90698478
B62: 季節調理麵 | C62: 大滿足香辣涼麵 | E62: 38.48 | F62: 4707 | G62: =E62*F62 -> 181125.36 | I62: 20 | J62: 3600 | K62: =J62/I62 -> 180 | L62: 20 | M62: =F62/V62*60 -> 3268.2212 | N62: =M62/L62 -> 163.41106 | O62: =L62-I62 -> 0 | P62: =N62-K62 -> -16.58894 | Q62: =N62/K62 -> 0.90783922 | S62: 0.3625 | T62: 0.4225 | U62: 5.7333333 | V62: 86.41398 | W62: 0.4225 | X62: 0.46111111 | AE62: =M62-J62 -> -331.7788 | AF62: =M62/J62 -> 0.90783922
B63: 季節調理麵 | C63: 大滿足麻醬涼麵 | E63: 37.8 | F63: 6790 | G63: =E63*F63 -> 256662 | I63: 21 | J63: 3600 | K63: =J63/I63 -> 171.42857 | L63: 21 | M63: =F63/V63*60 -> 3268.212 | N63: =M63/L63 -> 155.62914 | O63: =L63-I63 -> 0 | P63: =N63-K63 -> -15.799427 | Q63: =N63/K63 -> 0.90783668 | S63: 0.46111111 | T63: 0.54767361 | U63: 55.6 | V63: 124.65531 | AE63: =M63-J63 -> -331.78796 | AF63: =M63/J63 -> 0.90783668
B72: 平均 | I72: =AVERAGE(I56:I71) -> 21.125 | J72: =AVERAGE(J56:J71) -> 3600 | K72: =J72/I72 -> 170.4142 | L72: =AVERAGE(L56:L71) -> 21.125 | M72: =AVERAGE(M56:M71) -> 3247.8238 | N72: =M72/L72 -> 153.74314 | O72: =L72-I72 -> 0 | P72: =N72-K72 -> -16.671063 | Q72: =N72/K72 -> 0.90217327 | S72: 0.16666667 | T72: 0.54767361 | Y72: =SUM(Y56:Y71) -> 0 | Z72: =SUM(Z56:Z71) -> 0 | AC72: =SUM(AC56:AC71) -> 0 | AD72: =SUM(AD56:AD71) -> 0 | AE72: =M72-J72 -> -352.17621 | AF72: =M72/J72 -> 0.90217327
A73: 自動包裝機 | B73: 4℃-壽司手卷 | C73: 醬油生鮭脆卷 | E73: 23.55 | F73: 4180 | G73: =E73*F73 -> 98439 | I73: 6 | J73: 2500 | K73: =J73/I73 -> 416.66667 | L73: 6 | M73: =F73/V73*60 -> 2161.9566 | N73: =M73/L73 -> 360.3261 | O73: =L73-I73 -> 0 | P73: =N73-K73 -> -56.340567 | Q73: =N73/K73 -> 0.86478264 | R73: =Q89 -> 0.84163375 | S73: 0.34722222 | T73: 0.42777778 | U73: 5.9833333 | V73: 116.00603 | AE73: =M73-J73 -> -338.0434 | AF73: =M73/J73 -> 0.86478264 | AG73: =AF89 -> 0.89423586
B74: 4℃-壽司手卷 | C74: 韓式辣炒豬肉飯卷 | E74: 27.05 | F74: 736 | G74: =E74*F74 -> 19908.8 | I74: 5 | J74: 3273 | K74: =J74/I74 -> 654.6 | L74: 6 | M74: =F74/V74*60 -> 2961.3146 | N74: =M74/L74 -> 493.55243 | O74: =L74-I74 -> 1 | P74: =N74-K74 -> -161.04757 | Q74: =N74/K74 -> 0.7539756 | S74: 0.43194444 | T74: 0.44229167 | U74: 6 | V74: 14.912296 | AE74: =M74-J74 -> -311.68542 | AF74: =M74/J74 -> 0.90477072
B75: 4℃-壽司手卷 | C75: 厚香料優格咖哩烤雞飯卷 | E75: 27.05 | F75: 939 | G75: =E75*F75 -> 25399.95 | I75: 5 | J75: 3273 | K75: =J75/I75 -> 654.6 | L75: 5 | M75: =F75/V75*60 -> 2965.9864 | N75: =M75/L75 -> 593.19728 | O75: =L75-I75 -> 0 | P75: =N75-K75 -> -61.402715 | Q75: =N75/K75 -> 0.90619811 | S75: 0.44583333 | T75: 0.4590162 | U75: 5.1 | V75: 18.995367 | AE75: =M75-J75 -> -307.01358 | AF75: =M75/J75 -> 0.90619811
B89: 平均 | I89: =AVERAGE(I73:I88) -> 5.3333333 | J89: =AVERAGE(J73:J88) -> 3015.3333 | K89: =J89/I89 -> 565.375 | L89: =AVERAGE(L73:L88) -> 5.6666667 | M89: =AVERAGE(M73:M88) -> 2696.4192 | N89: =M89/L89 -> 475.83868 | O89: =L89-I89 -> 0.33333333 | P89: =N89-K89 -> -89.536318 | Q89: =N89/K89 -> 0.84163375 | S89: 0.16666667 | T89: 0.4590162 | Y89: =SUM(Y73:Y88) -> 0 | Z89: =SUM(Z73:Z88) -> 0 | AC89: =SUM(AC73:AC88) -> 0 | AD89: =SUM(AD73:AD88) -> 0 | AE89: =M89-J89 -> -318.91413 | AF89: =M89/J89 -> 0.89423586
A90: 自動包裝機2 | B90: 4℃-壽司手卷 | C90: 鮪魚昆布細卷 | E90: 15.51 | F90: 2115 | G90: =E90*F90 -> 32803.65 | I90: 6 | J90: 3600 | K90: =J90/I90 -> 600 | L90: 6 | M90: =F90/V90*60 -> 3250.8 | N90: =M90/L90 -> 541.8 | O90: =L90-I90 -> 0 | P90: =N90-K90 -> -58.2 | Q90: =N90/K90 -> 0.903 | R90: =Q106 -> 0.90302325 | S90: 0.25 | T90: 0.27710648 | V90: 39.036545 | AE90: =M90-J90 -> -349.2 | AF90: =M90/J90 -> 0.903 | AG90: =AF106 -> 0.90302325
B91: 4℃-壽司手卷 | C91: 肉鬆火腿細卷 | E91: 15.01 | F91: 2282 | G91: =E91*F91 -> 34252.82 | I91: 6 | J91: 3600 | K91: =J91/I91 -> 600 | L91: 6 | M91: =F91/V91*60 -> 3250.9674 | N91: =M91/L91 -> 541.8279 | O91: =L91-I91 -> 0 | P91: =N91-K91 -> -58.172104 | Q91: =N91/K91 -> 0.90304649 | S91: 0.28125 | T91: 0.31049769 | U91: 5.9666667 | V91: 42.116695 | AE91: =M91-J91 -> -349.03263 | AF91: =M91/J91 -> 0.90304649
B106: 平均 | I106: =AVERAGE(I90:I105) -> 6 | J106: =AVERAGE(J90:J105) -> 3600 | K106: =J106/I106 -> 600 | L106: =AVERAGE(L90:L105) -> 6 | M106: =AVERAGE(M90:M105) -> 3250.8837 | N106: =M106/L106 -> 541.81395 | O106: =L106-I106 -> 0 | P106: =N106-K106 -> -58.186052 | Q106: =N106/K106 -> 0.90302325 | S106: 0.25 | T106: 0.31049769 | Y106: =SUM(Y90:Y105) -> 0 | Z106: =SUM(Z90:Z105) -> 0 | AC106: =SUM(AC90:AC105) -> 0 | AD106: =SUM(AD90:AD105) -> 0 | AE106: =M106-J106 -> -349.11631 | AF106: =M106/J106 -> 0.90302325
A107: 便當二線 (二配) | B107: 微波主食 | C107: 二配香烤魚排青醬燉飯 | E107: 58.17 | F107: 1158 | G107: =E107*F107 -> 67360.86 | I107: 18 | J107: 2000 | K107: =J107/I107 -> 111.11111 | L107: =I107-1 -> 17 | M107: =F107/V107*60 -> 1795.2266 | N107: =M107/L107 -> 105.60156 | O107: =L107-I107 -> -1 | P107: =N107-K107 -> -5.5095489 | Q107: =N107/K107 -> 0.95041406 | R107: =Q123 -> 0.94524794 | S107: 0.70833333 | T107: 0.73520833 | V107: 38.702636 | AE107: =M107-J107 -> -204.77344 | AF107: =M107/J107 -> 0.89761328 | AG107: =AF123 -> 0.89718449
B108: 微波主食 | C108: 二配濃起司燻腸紅醬焗烤飯 | E108: 50.67 | F108: 1091 | G108: =E108*F108 -> 55280.97 | I108: 20 | J108: 2000 | K108: =J108/I108 -> 100 | L108: =I108-1 -> 19 | M108: =F108/V108*60 -> 1793.1423 | N108: =M108/L108 -> 94.375912 | O108: =L108-I108 -> -1 | P108: =N108-K108 -> -5.6240878 | Q108: =N108/K108 -> 0.94375912 | S108: 0.73888889 | T108: 0.76423611 | U108: 5.3 | V108: 36.505747 | AE108: =M108-J108 -> -206.85767 | AF108: =M108/J108 -> 0.89657117
B109: 微波主食 | C109: 二配西班牙風味海鮮燉飯 | E109: 57.3 | F109: 1298 | G109: =E109*F109 -> 74375.4 | I109: 21 | J109: 2000 | K109: =J109/I109 -> 95.238095 | L109: =I109-1 -> 20 | M109: =F109/V109*60 -> 1794.7381 | N109: =M109/L109 -> 89.736903 | O109: =L109-I109 -> -1 | P109: =N109-K109 -> -5.5011927 | Q109: =N109/K109 -> 0.94223748 | S109: 0.76736111 | T109: 0.79748843 | U109: 4.5 | V109: 43.393519 | AE109: =M109-J109 -> -205.26195 | AF109: =M109/J109 -> 0.89736903
B123: 平均 | I123: =AVERAGE(I107:I122) -> 19.666667 | J123: =AVERAGE(J107:J122) -> 2000 | K123: =J123/I123 -> 101.69492 | L123: =AVERAGE(L107:L122) -> 18.666667 | M123: =AVERAGE(M107:M122) -> 1794.369 | N123: =M123/L123 -> 96.12691 | O123: =L123-I123 -> -1 | P123: =N123-K123 -> -5.5680056 | Q123: =N123/K123 -> 0.94524794 | S123: 0.70833333 | T123: 0.79748843 | Y123: =SUM(Y107:Y122) -> 0 | Z123: =SUM(Z107:Z122) -> 0 | AC123: =SUM(AC107:AC122) -> 0 | AD123: =SUM(AD107:AD122) -> 0 | AE123: =M123-J123 -> -205.63102 | AF123: =M123/J123 -> 0.89718449
A124: 涼麵一線 (二配) | B124: 微波主食 | C124: 二配哞哞培根奶香海陸焗飯 | E124: 47.6 | F124: 1425 | G124: =E124*F124 -> 67830 | I124: 23 | J124: 2000 | K124: =J124/I124 -> 86.956522 | L124: 23 | M124: =F124/V124*60 -> 1797.8133 | N124: =M124/L124 -> 78.165794 | O124: =L124-I124 -> 0 | P124: =N124-K124 -> -8.790728 | Q124: =N124/K124 -> 0.89890663 | R124: =Q140 -> 0.89900382 | S124: 0.70833333 | T124: 0.74135417 | V124: 47.557776 | AE124: =M124-J124 -> -202.18674 | AF124: =M124/J124 -> 0.89890663 | AG124: =AF140 -> 0.89900382
B125: 微波主食 | C125: 二配黃金雞排蘑菇白醬歐姆蛋飯 | E125: 56.87 | F125: 1276 | G125: =E125*F125 -> 72566.12 | I125: 23 | J125: 2000 | K125: =J125/I125 -> 86.956522 | L125: 23 | M125: =F125/V125*60 -> 1797.9204 | N125: =M125/L125 -> 78.170452 | O125: =L125-I125 -> 0 | P125: =N125-K125 -> -8.7860701 | Q125: =N125/K125 -> 0.89896019 | S125: 0.74444444 | T125: 0.77400463 | U125: 5 | V125: 42.582531 | AE125: =M125-J125 -> -202.07961 | AF125: =M125/J125 -> 0.89896019
B126: 微波主食 | C126: 二配里肌豬排可可咖哩歐姆蛋飯 | E126: 56.79 | F126: 1565 | G126: =E126*F126 -> 88876.35 | I126: 23 | J126: 2000 | K126: =J126/I126 -> 86.956522 | L126: 23 | M126: =F126/V126*60 -> 1798.2893 | N126: =M126/L126 -> 78.18649 | O126: =L126-I126 -> 0 | P126: =N126-K126 -> -8.7700315 | Q126: =N126/K126 -> 0.89914464 | S126: 0.77708333 | T126: 0.81333333 | U126: 5 | V126: 52.216293 | AE126: =M126-J126 -> -201.71072 | AF126: =M126/J126 -> 0.89914464
B140: 平均 | I140: =AVERAGE(I124:I139) -> 23 | J140: =AVERAGE(J124:J139) -> 2000 | K140: =J140/I140 -> 86.956522 | L140: =AVERAGE(L124:L139) -> 23 | M140: =AVERAGE(M124:M139) -> 1798.0076 | N140: =M140/L140 -> 78.174245 | O140: =L140-I140 -> 0 | P140: =N140-K140 -> -8.7822765 | Q140: =N140/K140 -> 0.89900382 | S140: 0.70833333 | T140: 0.81333333 | Y140: =SUM(Y124:Y139) -> 0 | Z140: =SUM(Z124:Z139) -> 0 | AC140: =SUM(AC124:AC139) -> 0 | AD140: =SUM(AD124:AD139) -> 0 | AE140: =M140-J140 -> -201.99236 | AF140: =M140/J140 -> 0.89900382
AA142: 原因回覆
AA143: 1.當日出勤人數較多
AA144: 2.當日出勤人數較少
AA145: 3.當日出勤熟手較多
AA146: 4.當日出勤新人較多
AA147: 5.機台夾盒
AA148: 6.封膜不順
AA149: 7.更換膠膜
AA150: 8.更換碳帶
AA151: 9.當日熱轉印碳帶異常
AA152: 10.訂單量過少
AA153: 11.新品上市，尚未熟悉
AA154: 12.活動期間品項需貼標

Sheet 0729
B1: 屏榮 大溪廠組合室生產人時性分析
B3: 日期 | C3: 115.07.29星期三 | E3: 訂單量 | F3: ='0729(18度C)'!D1+'0729(4度C)'!D1 -> 201459 | H3: 營業額 | I3: ='0729(18度C)'!F1+'0729(4度C)'!F1 -> 6255627.2
B4: 人時性 | C4: 項目 | E4: ➀ | G4: ➁ | I4: ➂ | K4: ④ | M4: ⑤ | O4: 異常停線 | Q4: 短暫停線
C5: 組合室 | E5: 全溫層 | G5: 4度C-各編組展開(一配) | I5: 4度C-各編組展開(二配) | K5: 18度C-各編組展開(一配) | M5: 18度C-各編組展開(二配) | O5: 合計次數 | P5: 時間 | Q5: 合計次數 | R5: 設備次數
C6: 排關平均 | E6: =AVERAGE(D14:O14,D32:X32) -> 489.93961 | F6: =AVERAGE(#REF!,D14:K14) -> #REF! | G6: =AVERAGE(D14:K14) -> 271.43699 | I6: =AVERAGE(L14:O14) -> 94.325718 | K6: =AVERAGE(D32:O32) -> 734.94318 | M6: =AVERAGE(P32:X32) -> 770.49689 | O6: ='0729(4度C)'!Y2 -> 0 | P6: ='0729(4度C)'!Z2 -> 0 | Q6: ='0729(4度C)'!AC2 -> 0 | R6: ='0729(4度C)'!AD2 -> 0
C7: 實績平均 | E7: =AVERAGE(D15:O15,D33:X33) -> 438.34046 | F7: =AVERAGE(#REF!,D15:K15) -> #REF! | G7: =AVERAGE(D15:K15) -> 238.63867 | I7: =AVERAGE(L15:O15) -> 87.038805 | K7: =AVERAGE(D33:O33) -> 659.53379 | M7: =AVERAGE(P33:X33) -> 692.35066
C8: 達成率平均 | E8: =AVERAGE(D16:O16,D34:X34) -> 0.89728324 | F8: =AVERAGE(D16:K16,#REF!) -> #REF! | G8: =AVERAGE(D16:K16) -> 0.89018151 | I8: =AVERAGE(L16:O16) -> 0.92101471 | K8: =AVERAGE(D34:O34) -> 0.8946417 | M8: =AVERAGE(P34:X34) -> 0.89871163
O9: ※現行日本鮮食廠以達成率80%為基本(即為現行KPI)
B11: 溫層 | D11: ➁4度C-各編組展開 | L11: ➂4度C-各編組展開
B12: 編組 | D12: 1 | E12: 2 | F12: 3 | G12: 4 | H12: 5 | I12: 6 | J12: 7 | K12: 8 | L12: 1 | M12: 2 | N12: 3 | O12: 4
D13: 便當一線 | E13: 便當二線 | F13: 涼麵一線 | G13: 涼麵二線 | H13: 涼麵三線 | I13: 自動包裝機 | J13: 自動包裝機2 | K13: 自動包裝機3 | L13: 便當一線 | M13: 便當二線 | N13: 涼麵一線 | O13: 涼麵二線
B14: 人時性 | C14: 排關 | D14: - | E14: 84.40367 | F14: 117.52 | G14: 90.909091 | H14: 170.4142 | I14: 565.375 | J14: 600 | K14: - | L14: - | M14: 101.69492 | N14: 86.956522 | O14: -
C15: 實績 | D15: - | E15: 75.908744 | F15: 106.02975 | G15: 81.687365 | H15: 153.68274 | I15: 472.76945 | J15: 541.75395 | K15: - | L15: - | M15: 95.917857 | N15: 78.159752 | O15: -
C16: 達成率 | D16: - | E16: =E15/E14 -> 0.8993536 | F16: =F15/F14 -> 0.90222724 | G16: =G15/G14 -> 0.89856101 | H16: =H15/H14 -> 0.90181885 | I16: =I15/I14 -> 0.83620509 | J16: =J15/J14 -> 0.90292325 | K16: - | L16: - | M16: =M15/M14 -> 0.94319226 | N16: =N15/N14 -> 0.89883715 | O16: -
B17: 作業 時間 | C17: 開始 | D17: - | E17: 0.16666667 | F17: 0.16666667 | G17: 0.16666667 | H17: 0.16666667 | I17: 0.16666667 | J17: 0.25 | K17: - | L17: - | M17: 0.70833333 | N17: 0.70833333 | O17: -
C18: 結束 | D18: - | E18: 0.61239583 | F18: 0.5594213 | G18: 0.57931713 | H18: 0.54456019 | I18: 0.4846875 | J18: 0.30767361 | K18: - | L18: - | M18: 0.83262731 | N18: 0.8352662 | O18: -
B19: 產線異常 (5分鐘以上) | C19: 次數
C20: 時間/分
B21: 短暫停線 (5分鐘以下) | C21: 次數
C22: 設備次數
B23: 配置人數 | D23: - | E23: 21.8 | F23: 18 | G23: 22 | H23: 21.125 | I23: 5.6666667 | J23: 6 | K23: - | L23: - | M23: 18.666667 | N23: 23 | O23: -
B24: 主要應用設備 | D24: L型封口機 | E24: ET-55 | F24: ET-55 | G24: ET-55 | H24: ET-600 | I24: 伺服包裝機 | J24: 伺服包裝機 | K24: 伺服包裝機 | L24: L型封口機 | M24: ET-55 | N24: ET-55 | O24: ET-55
B25: 次要應用設備 | D25: 伺服包裝機 | H25: 伺服包裝機
B26: 備註 | H26: 涼麵+烤飯糰 | I26: 大口飯糰線 | K26: 烤飯糰+手卷
B29: 溫層 | D29: ➃18度C-各編組展開 (一配) | P29: ⑤18度C-各編組展開 (二配)
B30: 編組 | D30: 1 | E30: 2 | F30: 3 | G30: 4 | H30: 5 | I30: 6 | J30: 7 | K30: 8 | L30: 9 | M30: 10 | N30: 11 | O30: 12 | P30: 1 | Q30: 2 | R30: 3 | S30: 4 | T30: 5 | U30: 6 | V30: 7 | W30: 8 | X30: 9
D31: 便當一線 | E31: 涼麵一線 | F31: 涼麵三線 | G31: 自動包裝機 | H31: 自動包裝機2 | I31: 自動包裝機3 | J31: 味付飯糰線B | K31: (舊) 3300型飯糰線 | L31: 3000型飯糰線 | M31: (新) 3300型飯糰機 | N31: GKK3600型 飯糰機 | O31: GKK3600型 飯糰機2 | P31: 自動包裝機 | Q31: 自動包裝機2 | R31: 自動包裝機3 | S31: 味付飯糰線B | T31: (舊) 3300型飯糰線 | U31: 3000型飯糰線 | V31: (新) 3300型飯糰機 | W31: GKK3600型 飯糰機 | X31: GKK3600型 飯糰機2
B32: 人時性 | C32: 排關 | D32: - | E32: - | F32: - | G32: 327.27273 | H32: - | I32: - | J32: - | K32: - | L32: - | M32: 825 | N32: 900 | O32: 887.5 | P32: 490.90909 | Q32: - | R32: - | S32: - | T32: - | U32: - | V32: 709.09091 | W32: 942.85714 | X32: 939.13043
C33: 實績 | D33: - | E33: - | F33: - | G33: 287.50083 | H33: - | I33: - | J33: - | K33: - | L33: - | M33: 751.0351 | N33: 806.34348 | O33: 793.25574 | P33: 438.68775 | Q33: - | R33: - | S33: - | T33: - | U33: - | V33: 645.59404 | W33: 848.57924 | X33: 836.54163
C34: 達成率 | D34: - | E34: - | F34: - | G34: =G33/G32 -> 0.87847476 | H34: - | I34: - | J34: - | K34: - | L34: - | M34: =M33/M32 -> 0.91034558 | N34: =N33/N32 -> 0.89593719 | O34: =O33/O32 -> 0.89380929 | P34: =P33/P32 -> 0.89362319 | Q34: - | R34: - | S34: - | T34: - | U34: - | V34: =V33/V32 -> 0.91045314 | W34: =W33/W32 -> 0.90000828 | X34: =X33/X32 -> 0.89076192
B35: 作業 時間 | C35: 開始 | D35: - | E35: - | F35: - | G35: 0.16666667 | H35: - | I35: - | J35: - | K35: - | L35: - | M35: 0.32569444 | N35: 0.25 | O35: 0.25 | P35: 0.70833333 | Q35: - | R35: - | S35: - | T35: - | U35: - | V35: 0.70833333 | W35: 0.73472222 | X35: 0.74027778
C36: 結束 | D36: - | E36: - | F36: - | G36: 0.4846875 | H36: - | I36: - | J36: - | K36: - | L36: - | M36: 0.42003472 | N36: 0.55784722 | O36: 0.54236111 | P36: 0.75946759 | Q36: - | R36: - | S36: - | T36: - | U36: - | V36: 0.87399306 | W36: 1.107419 | X36: 1.0971875
B37: 配置人數 | D37: - | E37: - | F37: - | G37: 11 | H37: - | I37: - | J37: - | K37: - | L37: - | M37: 4 | N37: 3.8571429 | O37: 4 | P37: 7.3333333 | Q37: - | R37: - | S37: - | T37: - | U37: - | V37: 4.4 | W37: 3.5 | X37: 3.8333333
B38: 主要應用設備 | D38: 伺服包裝機 | E38: ET-55 | F38: ET-600 | G38: 夾心型 | H38: 伺服包裝機 | I38: 伺服包裝機 | J38: 夾心型 | K38: 3300型 | L38: 3300型 | M38: 3300型 | N38: GKK | O38: GKK | P38: 夾心型 | Q38: 伺服包裝機 | R38: 伺服包裝機 | S38: 夾心型 | T38: 3300型 | U38: 3300型 | V38: 3300型 | W38: GKK | X38: GKK
B39: 次要應用設備
B40: 備註

Sheet 0729(18度C)
A1: 大溪廠日報分析 | C1: 總生產量 | D1: =SUM(F5:F140) -> 110247 | E1: 營業額 | F1: =SUM(G5:G140) -> 2230617.1 | G1: 出勤人數 | H1: =L21+L38+L55+L72+L89+L106+L123+L140 -> 41.92381 | I1: 產線配置圖 | L1: 生產實績 | O1: 人時性差異分析 | S1: 日報登錄 | Y1: 分析說明 | AA1: 產能差異分析
A2: 46232 | C2: 人時性 | D2: =AVERAGE(N21,N38,N55,N72,N89,N106,N123,N140) -> 675.94223 | E2: 平均廠價 | F2: =F1/D1 -> 20.232905 | G2: 多次生產數 | H2: =COUNT(H5:H140) -> 10
A3: 線別 | B3: 品類 | C3: 品名 | E3: 廠價 | F3: 生產量 | G3: 營收 | H3: 多次 生產 | I3: 人數 | J3: 產能/時 | K3: 人時性 | L3: 人數 | M3: 產能/時 | N3: 人時性 | O3: 人數 | P3: 人時性 | Q3: 達成率 | R3: 達成率 平均 | S3: 生產時間 | U3: 換線、休息/分 | V3: 稼動時間/分 | W3: 休息時間 | Y3: (屏榮回填) | AA3: 產能/時 | AB3: 達成率 | AC3: 達成率平均
S4: 開始 | T4: 結束 | W4: 開始 | X4: 結束
A5: 自動包裝機 | B5: 18℃-壽司手卷 | C5: 一配長野稻荷壽司 | E5: 25.64 | F5: 1866 | G5: =E5*F5 -> 47844.24 | I5: 10 | J5: 3600 | K5: =J5/I5 -> 360 | L5: 10 | M5: =F5/V5*60 -> 3216.5296 | N5: =M5/L5 -> 321.65296 | O5: =L5-I5 -> 0 | P5: =N5-K5 -> -38.347045 | Q5: =N5/K5 -> 0.89348043 | R5: =Q21 -> 0.87847476 | S5: 0.16666667 | T5: 0.19083333 | V5: 34.807701 | AA5: =M5-J5 -> -383.47045 | AB5: =M5/J5 -> 0.89348043 | AC5: =AB21 -> 0.87847476
B6: 18℃-壽司手卷 | C6: 一配經典人氣雙手卷 | E6: 29.52 | F6: 2871 | G6: =E6*F6 -> 84751.92 | I6: 11 | J6: 3600 | K6: =J6/I6 -> 327.27273 | L6: 11 | M6: =F6/V6*60 -> 3157.4427 | N6: =M6/L6 -> 287.04025 | O6: =L6-I6 -> 0 | P6: =N6-K6 -> -40.232478 | Q6: =N6/K6 -> 0.87706743 | S6: 0.19444444 | T6: 0.23232639 | U6: 5.2 | V6: 54.556809 | AA6: =M6-J6 -> -442.55726 | AB6: =M6/J6 -> 0.87706743
B7: 18℃-壽司手卷 | C7: 一配鮭鮪海饌雙手卷 | E7: 29.85 | F7: 3381 | G7: =E7*F7 -> 100922.85 | I7: 11 | J7: 3600 | K7: =J7/I7 -> 327.27273 | L7: 11 | M7: =F7/V7*60 -> 3158.1604 | N7: =M7/L7 -> 287.10549 | O7: =L7-I7 -> 0 | P7: =N7-K7 -> -40.167239 | Q7: =N7/K7 -> 0.87726677 | S7: 0.23611111 | T7: 0.28071759 | U7: 5.45 | V7: 64.233597 | AA7: =M7-J7 -> -441.83963 | AB7: =M7/J7 -> 0.87726677
B8: 18℃-壽司手卷 | C8: 一配青木瓜雞絲泰泰雙手卷 | E8: 30 | F8: 3383 | G8: =E8*F8 -> 101490 | I8: 11 | J8: 3600 | K8: =J8/I8 -> 327.27273 | L8: 11 | M8: =F8/V8*60 -> 3158.2713 | N8: =M8/L8 -> 287.11557 | O8: =L8-I8 -> 0 | P8: =N8-K8 -> -40.157159 | Q8: =N8/K8 -> 0.87729757 | S8: 0.28472222 | T8: 0.32935185 | U8: 5.7666667 | V8: 64.269337 | AA8: =M8-J8 -> -441.72875 | AB8: =M8/J8 -> 0.87729757
B9: 18℃-飯糰 | C9: 一配兩粒飯糰(鮪魚.焦糖鮭魚) | E9: 28.57 | F9: 1479 | G9: =E9*F9 -> 42255.03 | I9: 12 | J9: 3600 | K9: =J9/I9 -> 300 | L9: 12 | M9: =F9/V9*60 -> 3122.1417 | N9: =M9/L9 -> 260.17848 | O9: =L9-I9 -> 0 | P9: =N9-K9 -> -39.821521 | Q9: =N9/K9 -> 0.8672616 | S9: 0.33333333 | T9: 0.35306713 | U9: 5.7333333 | V9: 28.422797 | AA9: =M9-J9 -> -477.85826 | AB9: =M9/J9 -> 0.8672616
B21: 平均 | I21: =AVERAGE(I5:I20) -> 11 | J21: =AVERAGE(J5:J20) -> 3600 | K21: =J21/I21 -> 327.27273 | L21: =AVERAGE(L5:L20) -> 11 | M21: =AVERAGE(M5:M20) -> 3162.5091 | N21: =M21/L21 -> 287.50083 | O21: =L21-I21 -> 0 | P21: =N21-K21 -> -39.771897 | Q21: =N21/K21 -> 0.87847476 | S21: 0.16666667 | T21: 0.4846875 | AA21: =M21-J21 -> -437.49087 | AB21: =M21/J21 -> 0.87847476
A22: (新) 3300型飯糰機 | B22: 18℃-飯糰 | C22: 一配鮭魚奶油醬油飯糰 | E22: 18.53 | F22: 2492 | G22: =E22*F22 -> 46176.76 | I22: 3 | J22: 3300 | K22: =J22/I22 -> 1100 | L22: 3 | M22: =F22/V22*60 -> 3002.3557 | N22: =M22/L22 -> 1000.7852 | O22: =L22-I22 -> 0 | P22: =N22-K22 -> -99.214772 | Q22: =N22/K22 -> 0.90980475 | R22: =Q38 -> 0.91034558 | S22: 0.32569444 | T22: 0.36027778 | V22: 49.800895 | AA22: =M22-J22 -> -297.64432 | AB22: =M22/J22 -> 0.90980475 | AC22: =AB38 -> 0.91034558
B23: 18℃-飯糰 | C23: 一配壹號醬炙烤牛飯糰 | E23: 22.28 | F23: 852 | G23: =E23*F23 -> 18982.56 | I23: 5 | J23: 3300 | K23: =J23/I23 -> 660 | L23: 5 | M23: =F23/V23*60 -> 3006.8429 | N23: =M23/L23 -> 601.36858 | O23: =L23-I23 -> 0 | P23: =N23-K23 -> -58.631424 | Q23: =N23/K23 -> 0.91116451 | S23: 0.36319444 | T23: 0.375 | U23: 5 | V23: 17.001221 | AA23: =M23-J23 -> -293.15712 | AB23: =M23/J23 -> 0.91116451
B24: 18℃-飯糰 | C24: 一配鹽蔥燒肉飯糰 | E24: 17.89 | F24: 2946 | G24: =E24*F24 -> 52703.94 | I24: 4 | J24: 3300 | K24: =J24/I24 -> 825 | L24: 4 | M24: =F24/V24*60 -> 3003.2226 | N24: =M24/L24 -> 750.80566 | O24: =L24-I24 -> 0 | P24: =N24-K24 -> -74.194342 | Q24: =N24/K24 -> 0.91006746 | S24: 0.37916667 | T24: 0.42003472 | U24: 6 | V24: 58.856775 | AA24: =M24-J24 -> -296.77737 | AB24: =M24/J24 -> 0.91006746
B38: 平均 | I38: =AVERAGE(I22:I37) -> 4 | J38: =AVERAGE(J22:J37) -> 3300 | K38: =J38/I38 -> 825 | L38: =AVERAGE(L22:L37) -> 4 | M38: =AVERAGE(M22:M37) -> 3004.1404 | N38: =M38/L38 -> 751.0351 | O38: =L38-I38 -> 0 | P38: =N38-K38 -> -73.9649 | Q38: =N38/K38 -> 0.91034558 | S38: 0.32569444 | T38: 0.42003472 | AA38: =M38-J38 -> -295.8596 | AB38: =M38/J38 -> 0.91034558
A39: GKK3600型 飯糰機 | B39: 18℃-飯糰 | C39: 一配熟成紅鮭飯糰 | E39: 25.03 | F39: 1109 | G39: =E39*F39 -> 27758.27 | I39: 5 | J39: 3600 | K39: =J39/I39 -> 720 | L39: 5 | M39: =F39/V39*60 -> 3208.7896 | N39: =M39/L39 -> 641.75791 | O39: =L39-I39 -> 0 | P39: =N39-K39 -> -78.24209 | Q39: =N39/K39 -> 0.89133043 | R39: =Q55 -> 0.89593719 | S39: 0.25 | T39: 0.26439815 | V39: 20.736792 | AA39: =M39-J39 -> -391.21045 | AB39: =M39/J39 -> 0.89133043 | AC39: =AB55 -> 0.89593719
B40: 18℃-飯糰 | C40: 一配蔬食鮪魚飯糰 | E40: 18.18 | F40: 1213 | G40: =E40*F40 -> 22052.34 | I40: 3 | J40: 3600 | K40: =J40/I40 -> 1200 | L40: 3 | M40: =F40/V40*60 -> 3209.8818 | N40: =M40/L40 -> 1069.9606 | O40: =L40-I40 -> 0 | P40: =N40-K40 -> -130.0394 | Q40: =N40/K40 -> 0.89163384 | S40: 0.27430556 | T40: 0.2900463 | U40: 15 | V40: 22.673732 | AA40: =M40-J40 -> -390.11819 | AB40: =M40/J40 -> 0.89163384
B41: 18℃-飯糰 | C41: 一配柚檸海灣貝飯糰 | E41: 23.72 | F41: 895 | G41: =E41*F41 -> 21229.4 | I41: 5 | J41: 3600 | K41: =J41/I41 -> 720 | L41: 5 | M41: =F41/V41*60 -> 3205.9911 | N41: =M41/L41 -> 641.19823 | O41: =L41-I41 -> 0 | P41: =N41-K41 -> -78.80177 | Q41: =N41/K41 -> 0.8905531 | S41: 0.3 | T41: 0.31162037 | U41: 15 | V41: 16.74989 | AA41: =M41-J41 -> -394.00885 | AB41: =M41/J41 -> 0.8905531
B42: 18℃-飯糰 | C42: 一配北海道秋鮭親子飯糰 | E42: 24.82 | F42: 1450 | G42: =E42*F42 -> 35989 | I42: 5 | J42: 3600 | K42: =J42/I42 -> 720 | L42: 5 | M42: =F42/V42*60 -> 3206.2077 | N42: =M42/L42 -> 641.24153 | O42: =L42-I42 -> 0 | P42: =N42-K42 -> -78.758468 | Q42: =N42/K42 -> 0.89061324 | S42: 0.32152778 | T42: 0.34037037 | U42: 15 | V42: 27.134861 | AA42: =M42-J42 -> -393.79234 | AB42: =M42/J42 -> 0.89061324
B43: 18℃-飯糰 | C43: 一配黑胡椒洋蔥豬飯糰 | E43: 17.07 | F43: 2284 | G43: =E43*F43 -> 38987.88 | I43: 3 | J43: 3300 | K43: =J43/I43 -> 1100 | L43: 3 | M43: =F43/V43*60 -> 3001.5423 | N43: =M43/L43 -> 1000.5141 | O43: =L43-I43 -> 0 | P43: =N43-K43 -> -99.485893 | Q43: =N43/K43 -> 0.90955828 | S43: 0.35069444 | T43: 0.38239583 | U43: 14.866667 | V43: 45.656528 | AA43: =M43-J43 -> -298.45768 | AB43: =M43/J43 -> 0.90955828
B44: 18℃-飯糰 | C44: 一配經典肉鬆飯糰 | E44: 14.03 | F44: 4676 | G44: =E44*F44 -> 65604.28 | I44: 3 | J44: 3000 | K44: =J44/I44 -> 1000 | L44: 3 | M44: =F44/V44*60 -> 2733.5161 | N44: =M44/L44 -> 911.17204 | O44: =L44-I44 -> 0 | P44: =N44-K44 -> -88.827962 | Q44: =N44/K44 -> 0.91117204 | S44: 0.39236111 | T44: 0.46363426 | U44: 15 | V44: 102.63704 | AA44: =M44-J44 -> -266.48389 | AB44: =M44/J44 -> 0.91117204
B45: 18℃-飯糰 | C45: 一配鮪魚飯糰 | E45: 14.28 | F45: 6481 | G45: =E45*F45 -> 92548.68 | I45: 3 | J45: 3600 | K45: =J45/I45 -> 1200 | L45: 3 | M45: =F45/V45*60 -> 3205.3452 | N45: =M45/L45 -> 1068.4484 | O45: =L45-I45 -> 0 | P45: =N45-K45 -> -131.55159 | Q45: =N45/K45 -> 0.89037368 | S45: 0.47361111 | T45: 0.55784722 | U45: 15 | V45: 121.31611 | AA45: =M45-J45 -> -394.65476 | AB45: =M45/J45 -> 0.89037368
B55: 平均 | I55: =AVERAGE(I39:I54) -> 3.8571429 | J55: =AVERAGE(J39:J54) -> 3471.4286 | K55: =J55/I55 -> 900 | L55: =AVERAGE(L39:L54) -> 3.8571429 | M55: =AVERAGE(M39:M54) -> 3110.182 | N55: =M55/L55 -> 806.34348 | O55: =L55-I55 -> 0 | P55: =N55-K55 -> -93.656525 | Q55: =N55/K55 -> 0.89593719 | S55: 0.25 | T55: 0.55784722 | AA55: =M55-J55 -> -361.24659 | AB55: =M55/J55 -> 0.89593719
A56: GKK3600型 飯糰機2 | B56: 18℃-飯糰 | C56: 一配椒鹽檸檬鯖魚飯糰 | E56: 20.72 | F56: 1938 | G56: =E56*F56 -> 40155.36 | I56: 3 | J56: 3600 | K56: =J56/I56 -> 1200 | L56: 3 | M56: =F56/V56*60 -> 3207.9184 | N56: =M56/L56 -> 1069.3061 | O56: =L56-I56 -> 0 | P56: =N56-K56 -> -130.69388 | Q56: =N56/K56 -> 0.89108843 | R56: =Q72 -> 0.89380929 | S56: 0.25 | T56: 0.27516204 | V56: 36.247805 | AA56: =M56-J56 -> -392.08164 | AB56: =M56/J56 -> 0.89108843 | AC56: =AB72 -> 0.89380929
B57: 18℃-飯糰 | C57: 一配贅沢鮭魚肚飯糰 | E57: 30 | F57: 2007 | G57: =E57*F57 -> 60210 | I57: 4 | J57: 3600 | K57: =J57/I57 -> 900 | L57: 4 | M57: =F57/V57*60 -> 3207.0311 | N57: =M57/L57 -> 801.75778 | O57: =L57-I57 -> 0 | P57: =N57-K57 -> -98.242224 | Q57: =N57/K57 -> 0.89084197 | S57: 0.28541667 | T57: 0.31148148 | U57: 14.766667 | V57: 37.548747 | AA57: =M57-J57 -> -392.9689 | AB57: =M57/J57 -> 0.89084197
B58: 18℃-飯糰 | C58: 一配筋子銀鮭飯糰 | E58: 30 | F58: 3148 | G58: =E58*F58 -> 94440 | I58: 4 | J58: 3300 | K58: =J58/I58 -> 825 | L58: 4 | M58: =F58/V58*60 -> 3002.5849 | N58: =M58/L58 -> 750.64623 | O58: =L58-I58 -> 0 | P58: =N58-K58 -> -74.353774 | Q58: =N58/K58 -> 0.90987421 | S58: 0.32152778 | T58: 0.36520833 | U58: 15 | V58: 62.905798 | AA58: =M58-J58 -> -297.4151 | AB58: =M58/J58 -> 0.90987421
B59: 18℃-飯糰 | C59: 一配鹽蔥生鮭飯糰 | E59: 27.48 | F59: 3899 | G59: =E59*F59 -> 107144.52 | I59: 5 | J59: 3600 | K59: =J59/I59 -> 720 | L59: 5 | M59: =F59/V59*60 -> 3207.2459 | N59: =M59/L59 -> 641.44918 | O59: =L59-I59 -> 0 | P59: =N59-K59 -> -78.550825 | Q59: =N59/K59 -> 0.89090163 | S59: 0.37569444 | T59: 0.42634259 | U59: 15.1 | V59: 72.941087 | AA59: =M59-J59 -> -392.75412 | AB59: =M59/J59 -> 0.89090163
B60: 18℃-飯糰 | C60: 一配明太子龍蝦風味沙拉飯糰 | E60: 18.18 | F60: 2172 | G60: =E60*F60 -> 39486.96 | I60: 3 | J60: 3600 | K60: =J60/I60 -> 1200 | L60: 3 | M60: =F60/V60*60 -> 3206.7017 | N60: =M60/L60 -> 1068.9006 | O60: =L60-I60 -> 0 | P60: =N60-K60 -> -131.09943 | Q60: =N60/K60 -> 0.89075048 | S60: 0.43611111 | T60: 0.4643287 | U60: 15 | V60: 40.639888 | AA60: =M60-J60 -> -393.29828 | AB60: =M60/J60 -> 0.89075048
B61: 18℃-飯糰 | C61: 一配雞肉飯飯糰 | E61: 16.66 | F61: 5238 | G61: =E61*F61 -> 87265.08 | I61: 5 | J61: 3600 | K61: =J61/I61 -> 720 | L61: 5 | M61: =F61/V61*60 -> 3206.6558 | N61: =M61/L61 -> 641.33117 | O61: =L61-I61 -> 0 | P61: =N61-K61 -> -78.668834 | Q61: =N61/K61 -> 0.89073773 | S61: 0.47430556 | T61: 0.54236111 | U61: 15 | V61: 98.008647 | AA61: =M61-J61 -> -393.34417 | AB61: =M61/J61 -> 0.89073773
B72: 平均 | I72: =AVERAGE(I56:I71) -> 4 | J72: =AVERAGE(J56:J71) -> 3550 | K72: =J72/I72 -> 887.5 | L72: =AVERAGE(L56:L71) -> 4 | M72: =AVERAGE(M56:M71) -> 3173.023 | N72: =M72/L72 -> 793.25574 | O72: =L72-I72 -> 0 | P72: =N72-K72 -> -94.244259 | Q72: =N72/K72 -> 0.89380929 | S72: 0.25 | T72: 0.54236111 | AA72: =M72-J72 -> -376.97704 | AB72: =M72/J72 -> 0.89380929
A73: 自動包裝機 (二配) | B73: 18℃-飯糰 | C73: 二配兩粒飯糰(鮪魚.焦糖鮭魚) | E73: 28.57 | F73: 1389 | G73: =E73*F73 -> 39683.73 | I73: 12 | J73: 3600 | K73: =J73/I73 -> 300 | L73: 12 | M73: =F73/V73*60 -> 3121.6149 | N73: =M73/L73 -> 260.13458 | O73: =L73-I73 -> 0 | P73: =N73-K73 -> -39.865425 | Q73: =N73/K73 -> 0.86711525 | R73: =Q89 -> 0.89362319 | S73: 0.70833333 | T73: 0.72686343 | V73: 26.69772 | AA73: =M73-J73 -> -478.3851 | AB73: =M73/J73 -> 0.86711525 | AC73: =AB89 -> 0.89362319
B74: 18℃-飯糰 | C74: 二配柚香雞胸五穀飯糰 | E74: 17.71 | F74: 768 | G74: =E74*F74 -> 13601.28 | I74: 5 | J74: 3600 | K74: =J74/I74 -> 720 | L74: 5 | M74: =F74/V74*60 -> 3265.7013 | N74: =M74/L74 -> 653.14026 | O74: =L74-I74 -> 0 | P74: =N74-K74 -> -66.85974 | Q74: =N74/K74 -> 0.90713925 | S74: 0.72986111 | T74: 0.73965278 | U74: 5 | V74: 14.110292 | AA74: =M74-J74 -> -334.2987 | AB74: =M74/J74 -> 0.90713925
B75: 18℃-飯糰 | C75: 二配鮭魚毛豆炊飯飯糰 | E75: 18.92 | F75: 1286 | G75: =E75*F75 -> 24331.12 | I75: 5 | J75: 3600 | K75: =J75/I75 -> 720 | L75: 5 | M75: =F75/V75*60 -> 3263.8142 | N75: =M75/L75 -> 652.76284 | O75: =L75-I75 -> 0 | P75: =N75-K75 -> -67.23716 | Q75: =N75/K75 -> 0.90661506 | S75: 0.74305556 | T75: 0.75946759 | U75: 4.9 | V75: 23.641052 | AA75: =M75-J75 -> -336.1858 | AB75: =M75/J75 -> 0.90661506
B89: 平均 | I89: =AVERAGE(I73:I88) -> 7.3333333 | J89: =AVERAGE(J73:J88) -> 3600 | K89: =J89/I89 -> 490.90909 | L89: =AVERAGE(L73:L88) -> 7.3333333 | M89: =AVERAGE(M73:M88) -> 3217.0435 | N89: =M89/L89 -> 438.68775 | O89: =L89-I89 -> 0 | P89: =N89-K89 -> -52.221345 | Q89: =N89/K89 -> 0.89362319 | S89: 0.70833333 | T89: 0.75946759 | AA89: =M89-J89 -> -382.95653 | AB89: =M89/J89 -> 0.89362319
A90: (新) 3300型飯糰機 (二配) | B90: 18℃-飯糰 | C90: 二配大飯糰乾燒風味鮮蝦 | E90: 23.27 | F90: 649 | G90: =E90*F90 -> 15102.23 | I90: 5 | J90: 3000 | K90: =J90/I90 -> 600 | L90: 5 | M90: =F90/V90*60 -> 2733.1218 | N90: =M90/L90 -> 546.62437 | O90: =L90-I90 -> 0 | P90: =N90-K90 -> -53.375633 | Q90: =N90/K90 -> 0.91104061 | R90: =Q106 -> 0.91045314 | S90: 0.70833333 | T90: 0.71821759 | V90: 14.247444 | AA90: =M90-J90 -> -266.87816 | AB90: =M90/J90 -> 0.91104061 | AC90: =AB106 -> 0.91045314
B91: 18℃-飯糰 | C91: 二配大飯糰韓式蒜烤豬五花 | E91: 24.54 | F91: 1450 | G91: =E91*F91 -> 35583 | I91: 4 | J91: 3000 | K91: =J91/I91 -> 750 | L91: 4 | M91: =F91/V91*60 -> 2730.1787 | N91: =M91/L91 -> 682.54467 | O91: =L91-I91 -> 0 | P91: =N91-K91 -> -67.455331 | Q91: =N91/K91 -> 0.91005956 | S91: 0.72222222 | T91: 0.74434028 | U91: 5.7666667 | V91: 31.866046 | AA91: =M91-J91 -> -269.82132 | AB91: =M91/J91 -> 0.91005956
B92: 18℃-飯糰 | C92: 二配大飯糰泡菜鮪魚 | E92: 24.33 | F92: 1705 | G92: =E92*F92 -> 41482.65 | I92: 4 | J92: 3000 | K92: =J92/I92 -> 750 | L92: 4 | M92: =F92/V92*60 -> 2730.9766 | N92: =M92/L92 -> 682.74416 | O92: =L92-I92 -> 0 | P92: =N92-K92 -> -67.255839 | Q92: =N92/K92 -> 0.91032555 | S92: 0.74791667 | T92: 0.77392361 | U92: 5.15 | V92: 37.459127 | AA92: =M92-J92 -> -269.02336 | AB92: =M92/J92 -> 0.91032555
B93: 18℃-飯糰 | C93: 二配壹號醬炙烤牛飯糰 | E93: 22.28 | F93: 1629 | G93: =E93*F93 -> 36294.12 | I93: 5 | J93: 3300 | K93: =J93/I93 -> 660 | L93: 5 | M93: =F93/V93*60 -> 3006.7515 | N93: =M93/L93 -> 601.3503 | O93: =L93-I93 -> 0 | P93: =N93-K93 -> -58.649698 | Q93: =N93/K93 -> 0.91113682 | S93: 0.77708333 | T93: 0.79965278 | U93: 4.55 | V93: 32.506843 | AA93: =M93-J93 -> -293.24849 | AB93: =M93/J93 -> 0.91113682
B94: 18℃-飯糰 | C94: 二配鹽蔥燒肉飯糰 | E94: 17.89 | F94: 5131 | G94: =E94*F94 -> 91793.59 | I94: 4 | J94: 3300 | K94: =J94/I94 -> 825 | L94: 4 | M94: =F94/V94*60 -> 3002.0403 | N94: =M94/L94 -> 750.51007 | O94: =L94-I94 -> 0 | P94: =N94-K94 -> -74.489928 | Q94: =N94/K94 -> 0.90970918 | S94: 0.80277778 | T94: 0.87399306 | U94: 4.5 | V94: 102.55026 | AA94: =M94-J94 -> -297.95971 | AB94: =M94/J94 -> 0.90970918
B106: 平均 | I106: =AVERAGE(I90:I105) -> 4.4 | J106: =AVERAGE(J90:J105) -> 3120 | K106: =J106/I106 -> 709.09091 | L106: =AVERAGE(L90:L105) -> 4.4 | M106: =AVERAGE(M90:M105) -> 2840.6138 | N106: =M106/L106 -> 645.59404 | O106: =L106-I106 -> 0 | P106: =N106-K106 -> -63.496866 | Q106: =N106/K106 -> 0.91045314 | S106: 0.70833333 | T106: 0.87399306 | AA106: =M106-J106 -> -279.38621 | AB106: =M106/J106 -> 0.91045314
A107: GKK3600型 飯糰機 (二配) | B107: 18℃-飯糰 | C107: 二配芝麻香鬆飯糰 | E107: 18.18 | F107: 632 | G107: =E107*F107 -> 11489.76 | H107: 2 | I107: 3 | J107: 3000 | K107: =J107/I107 -> 1000 | L107: 3 | M107: =F107/V107*60 -> 2732.2157 | N107: =M107/L107 -> 910.73856 | O107: =L107-I107 -> 0 | P107: =N107-K107 -> -89.261436 | Q107: =N107/K107 -> 0.91073856 | R107: =Q123 -> 0.90000828 | S107: 0.73472222 | T107: 0.74435185 | V107: 13.878846 | AA107: =M107-J107 -> -267.78431 | AB107: =M107/J107 -> 0.91073856 | AC107: =AB123 -> 0.90000828
B108: 18℃-飯糰 | C108: 二配熟成紅鮭飯糰 | E108: 25.03 | F108: 502 | G108: =E108*F108 -> 12565.06 | H108: 2 | I108: 5 | J108: 3600 | K108: =J108/I108 -> 720 | L108: 5 | M108: =F108/V108*60 -> 3205.9087 | N108: =M108/L108 -> 641.18175 | O108: =L108-I108 -> 0 | P108: =N108-K108 -> -78.818251 | Q108: =N108/K108 -> 0.89053021 | S108: 0.75416667 | T108: 0.76068287 | U108: 15 | V108: 9.395152 | AA108: =M108-J108 -> -394.09126 | AB108: =M108/J108 -> 0.89053021
B109: 18℃-飯糰 | C109: 二配經典肉鬆飯糰 | E109: 14.03 | F109: 2196 | G109: =E109*F109 -> 30809.88 | H109: 2 | I109: 3 | J109: 3000 | K109: =J109/I109 -> 1000 | L109: 3 | M109: =F109/V109*60 -> 2733.1401 | N109: =M109/L109 -> 911.0467 | O109: =L109-I109 -> 0 | P109: =N109-K109 -> -88.9533 | Q109: =N109/K109 -> 0.9110467 | S109: 0.77083333 | T109: 0.80430556 | U109: 14.616667 | V109: 48.208286 | AA109: =M109-J109 -> -266.8599 | AB109: =M109/J109 -> 0.9110467
B110: 18℃-飯糰 | C110: 二配鮪魚飯糰 | E110: 14.28 | F110: 2685 | G110: =E110*F110 -> 38341.8 | H110: 2 | I110: 3 | J110: 3600 | K110: =J110/I110 -> 1200 | L110: 3 | M110: =F110/V110*60 -> 3208.8448 | N110: =M110/L110 -> 1069.6149 | O110: =L110-I110 -> 0 | P110: =N110-K110 -> -130.38508 | Q110: =N110/K110 -> 0.89134577 | S110: 0.81458333 | T110: 0.84944444 | U110: 14.8 | V110: 50.204984 | AA110: =M110-J110 -> -391.15523 | AB110: =M110/J110 -> 0.89134577
B111: 18℃-飯糰 | C111: 二配芝麻香鬆飯糰 | E111: 18.18 | F111: 1376 | G111: =E111*F111 -> 25015.68 | I111: 3 | J111: 3000 | K111: =J111/I111 -> 1000 | L111: 3 | M111: =F111/V111*60 -> 2732.2157 | N111: =M111/L111 -> 910.73856 | O111: =L111-I111 -> 0 | P111: =N111-K111 -> -89.261436 | Q111: =N111/K111 -> 0.91073856 | S111: 0.85972222 | T111: 0.88070602 | U111: 14.8 | V111: 30.217234 | AA111: =M111-J111 -> -267.78431 | AB111: =M111/J111 -> 0.91073856
B112: 18℃-飯糰 | C112: 二配熟成紅鮭飯糰 | E112: 25.03 | F112: 1106 | G112: =E112*F112 -> 27683.18 | I112: 5 | J112: 3600 | K112: =J112/I112 -> 720 | L112: 5 | M112: =F112/V112*60 -> 3205.9087 | N112: =M112/L112 -> 641.18175 | O112: =L112-I112 -> 0 | P112: =N112-K112 -> -78.818251 | Q112: =N112/K112 -> 0.89053021 | S112: 0.89097222 | T112: 0.90533565 | U112: 14.783333 | V112: 20.699279 | AA112: =M112-J112 -> -394.09126 | AB112: =M112/J112 -> 0.89053021
B113: 18℃-飯糰 | C113: 二配經典肉鬆飯糰 | E113: 14.03 | F113: 5740 | G113: =E113*F113 -> 80532.2 | I113: 3 | J113: 3000 | K113: =J113/I113 -> 1000 | L113: 3 | M113: =F113/V113*60 -> 2733.1401 | N113: =M113/L113 -> 911.0467 | O113: =L113-I113 -> 0 | P113: =N113-K113 -> -88.9533 | Q113: =N113/K113 -> 0.9110467 | S113: 0.91527778 | T113: 1.0027778 | U113: 15 | V113: 126.00891 | AA113: =M113-J113 -> -266.8599 | AB113: =M113/J113 -> 0.9110467
B114: 18℃-飯糰 | C114: 二配鮪魚飯糰 | E114: 14.28 | F114: 7257 | G114: =E114*F114 -> 103629.96 | I114: 3 | J114: 3600 | K114: =J114/I114 -> 1200 | L114: 3 | M114: =F114/V114*60 -> 3208.8448 | N114: =M114/L114 -> 1069.6149 | O114: =L114-I114 -> 0 | P114: =N114-K114 -> -130.38508 | Q114: =N114/K114 -> 0.89134577 | S114: 1.0131944 | T114: 1.107419 | U114: 15 | V114: 135.69369 | AA114: =M114-J114 -> -391.15523 | AB114: =M114/J114 -> 0.89134577
B123: 平均 | I123: =AVERAGE(I107:I122) -> 3.5 | J123: =AVERAGE(J107:J122) -> 3300 | K123: =J123/I123 -> 942.85714 | L123: =AVERAGE(L107:L122) -> 3.5 | M123: =AVERAGE(M107:M122) -> 2970.0273 | N123: =M123/L123 -> 848.57924 | O123: =L123-I123 -> 0 | P123: =N123-K123 -> -94.277907 | Q123: =N123/K123 -> 0.90000828 | S123: 0.73472222 | T123: 1.107419 | AA123: =M123-J123 -> -329.97267 | AB123: =M123/J123 -> 0.90000828
A124: GKK3600型 飯糰機2 (二配) | B124: 18℃-飯糰 | C124: 二配蔬食鮪魚飯糰 | E124: 18.18 | F124: 375 | G124: =E124*F124 -> 6817.5 | H124: 2 | I124: 3 | J124: 3600 | K124: =J124/I124 -> 1200 | L124: 3 | M124: =F124/V124*60 -> 3206.4029 | N124: =M124/L124 -> 1068.801 | O124: =L124-I124 -> 0 | P124: =N124-K124 -> -131.19902 | Q124: =N124/K124 -> 0.89066748 | R124: =Q140 -> 0.89076192 | S124: 0.74027778 | T124: 0.74515046 | V124: 7.0172091 | AA124: =M124-J124 -> -393.59706 | AB124: =M124/J124 -> 0.89066748 | AC124: =AB140 -> 0.89076192
B125: 18℃-飯糰 | C125: 二配三杯醬爆菇菇飯糰 | E125: 16.7 | F125: 435 | G125: =E125*F125 -> 7264.5 | H125: 2 | I125: 3 | J125: 3600 | K125: =J125/I125 -> 1200 | L125: 3 | M125: =F125/V125*60 -> 3210.8039 | N125: =M125/L125 -> 1070.268 | O125: =L125-I125 -> 0 | P125: =N125-K125 -> -129.73204 | Q125: =N125/K125 -> 0.89188997 | S125: 0.75555556 | T125: 0.76119213 | U125: 14.983333 | V125: 8.1288054 | AA125: =M125-J125 -> -389.19611 | AB125: =M125/J125 -> 0.89188997
B126: 18℃-飯糰 | C126: 二配贅沢鮭魚肚飯糰 | E126: 30 | F126: 723 | G126: =E126*F126 -> 21690 | H126: 2 | I126: 4 | J126: 3600 | K126: =J126/I126 -> 900 | L126: 4 | M126: =F126/V126*60 -> 3205.92 | N126: =M126/L126 -> 801.48001 | O126: =L126-I126 -> 0 | P126: =N126-K126 -> -98.519992 | Q126: =N126/K126 -> 0.89053334 | S126: 0.77152778 | T126: 0.78091435 | U126: 14.883333 | V126: 13.531217 | AA126: =M126-J126 -> -394.07997 | AB126: =M126/J126 -> 0.89053334
B127: 18℃-飯糰 | C127: 二配北海道秋鮭親子飯糰 | E127: 24.82 | F127: 694 | G127: =E127*F127 -> 17225.08 | H127: 2 | I127: 5 | J127: 3600 | K127: =J127/I127 -> 720 | L127: 5 | M127: =F127/V127*60 -> 3205.4732 | N127: =M127/L127 -> 641.09463 | O127: =L127-I127 -> 0 | P127: =N127-K127 -> -78.90537 | Q127: =N127/K127 -> 0.89040921 | S127: 0.79097222 | T127: 0.79998843 | U127: 15 | V127: 12.990282 | AA127: =M127-J127 -> -394.52685 | AB127: =M127/J127 -> 0.89040921
B128: 18℃-飯糰 | C128: 二配明太子龍蝦風味沙拉飯糰 | E128: 18.18 | F128: 979 | G128: =E128*F128 -> 17798.22 | H128: 2 | I128: 3 | J128: 3600 | K128: =J128/I128 -> 1200 | L128: 3 | M128: =F128/V128*60 -> 3204.1497 | N128: =M128/L128 -> 1068.0499 | O128: =L128-I128 -> 0 | P128: =N128-K128 -> -131.95011 | Q128: =N128/K128 -> 0.89004157 | S128: 0.80972222 | T128: 0.82244213 | U128: 15 | V128: 18.332477 | AA128: =M128-J128 -> -395.85033 | AB128: =M128/J128 -> 0.89004157
B129: 18℃-飯糰 | C129: 二配雞肉飯飯糰 | E129: 16.66 | F129: 2241 | G129: =E129*F129 -> 37335.06 | H129: 2 | I129: 5 | J129: 3600 | K129: =J129/I129 -> 720 | L129: 5 | M129: =F129/V129*60 -> 3207.7079 | N129: =M129/L129 -> 641.54157 | O129: =L129-I129 -> 0 | P129: =N129-K129 -> -78.458426 | Q129: =N129/K129 -> 0.89102996 | S129: 0.83263889 | T129: 0.86174769 | U129: 14.683333 | V129: 41.917782 | AA129: =M129-J129 -> -392.29213 | AB129: =M129/J129 -> 0.89102996
B130: 18℃-飯糰 | C130: 二配蔬食鮪魚飯糰 | E130: 18.18 | F130: 891 | G130: =E130*F130 -> 16198.38 | I130: 3 | J130: 3600 | K130: =J130/I130 -> 1200 | L130: 3 | M130: =F130/V130*60 -> 3206.4029 | N130: =M130/L130 -> 1068.801 | O130: =L130-I130 -> 0 | P130: =N130-K130 -> -131.19902 | Q130: =N130/K130 -> 0.89066748 | S130: 0.87152778 | T130: 0.88310185 | U130: 15 | V130: 16.672889 | AA130: =M130-J130 -> -393.59706 | AB130: =M130/J130 -> 0.89066748
B131: 18℃-飯糰 | C131: 二配三杯醬爆菇菇飯糰 | E131: 16.7 | F131: 1043 | G131: =E131*F131 -> 17418.1 | I131: 3 | J131: 3600 | K131: =J131/I131 -> 1200 | L131: 3 | M131: =F131/V131*60 -> 3210.8039 | N131: =M131/L131 -> 1070.268 | O131: =L131-I131 -> 0 | P131: =N131-K131 -> -129.73204 | Q131: =N131/K131 -> 0.89188997 | S131: 0.89305556 | T131: 0.90658565 | U131: 15 | V131: 19.490446 | AA131: =M131-J131 -> -389.19611 | AB131: =M131/J131 -> 0.89188997
B132: 18℃-飯糰 | C132: 二配贅沢鮭魚肚飯糰 | E132: 30 | F132: 1706 | G132: =E132*F132 -> 51180 | I132: 4 | J132: 3600 | K132: =J132/I132 -> 900 | L132: 4 | M132: =F132/V132*60 -> 3205.92 | N132: =M132/L132 -> 801.48001 | O132: =L132-I132 -> 0 | P132: =N132-K132 -> -98.519992 | Q132: =N132/K132 -> 0.89053334 | S132: 0.91666667 | T132: 0.93883102 | U132: 14.516667 | V132: 31.928432 | AA132: =M132-J132 -> -394.07997 | AB132: =M132/J132 -> 0.89053334
B133: 18℃-飯糰 | C133: 二配北海道秋鮭親子飯糰 | E133: 24.82 | F133: 1633 | G133: =E133*F133 -> 40531.06 | I133: 5 | J133: 3600 | K133: =J133/I133 -> 720 | L133: 5 | M133: =F133/V133*60 -> 3205.4732 | N133: =M133/L133 -> 641.09463 | O133: =L133-I133 -> 0 | P133: =N133-K133 -> -78.90537 | Q133: =N133/K133 -> 0.89040921 | S133: 0.94861111 | T133: 0.96982639 | U133: 15 | V133: 30.56647 | AA133: =M133-J133 -> -394.52685 | AB133: =M133/J133 -> 0.89040921
B134: 18℃-飯糰 | C134: 二配明太子龍蝦風味沙拉飯糰 | E134: 18.18 | F134: 2528 | G134: =E134*F134 -> 45959.04 | I134: 3 | J134: 3600 | K134: =J134/I134 -> 1200 | L134: 3 | M134: =F134/V134*60 -> 3204.1497 | N134: =M134/L134 -> 1068.0499 | O134: =L134-I134 -> 0 | P134: =N134-K134 -> -131.95011 | Q134: =N134/K134 -> 0.89004157 | S134: 0.97986111 | T134: 1.0127315 | U134: 15 | V134: 47.338613 | AA134: =M134-J134 -> -395.85033 | AB134: =M134/J134 -> 0.89004157
B135: 18℃-飯糰 | C135: 二配雞肉飯飯糰 | E135: 16.66 | F135: 5718 | G135: =E135*F135 -> 95261.88 | I135: 5 | J135: 3600 | K135: =J135/I135 -> 720 | L135: 5 | M135: =F135/V135*60 -> 3207.7079 | N135: =M135/L135 -> 641.54157 | O135: =L135-I135 -> 0 | P135: =N135-K135 -> -78.458426 | Q135: =N135/K135 -> 0.89102996 | S135: 1.0229167 | T135: 1.0971875 | U135: 14.666667 | V135: 106.95488 | AA135: =M135-J135 -> -392.29213 | AB135: =M135/J135 -> 0.89102996
B140: 平均 | I140: =AVERAGE(I124:I139) -> 3.8333333 | J140: =AVERAGE(J124:J139) -> 3600 | K140: =J140/I140 -> 939.13043 | L140: =AVERAGE(L124:L139) -> 3.8333333 | M140: =AVERAGE(M124:M139) -> 3206.7429 | N140: =M140/L140 -> 836.54163 | O140: =L140-I140 -> 0 | P140: =N140-K140 -> -102.5888 | Q140: =N140/K140 -> 0.89076192 | S140: 0.74027778 | T140: 1.0971875 | AA140: =M140-J140 -> -393.25708 | AB140: =M140/J140 -> 0.89076192
Y142: 原因回覆
Y143: 1.當日出勤人數較多
Y144: 2.當日出勤人數較少
Y145: 3.當日出勤熟手較多
Y146: 4.當日出勤新人較多
Y147: 5.機台夾盒
Y148: 6.封膜不順
Y149: 7.更換膠膜
Y150: 8.更換碳帶
Y151: 9.當日熱轉印碳帶異常
Y152: 10.訂單量過少
Y153: 11.新品上市，尚未熟悉
Y154: 12.活動期間品項需貼標

Sheet 0729(4度C)
A1: 大溪廠日報分析 | C1: 總生產量 | D1: =SUM(F5:F140) -> 91212 | E1: 營業額 | F1: =SUM(G5:G140) -> 4025010.1 | G1: 出勤人數 | H1: =L21+L38+L55+L72+L89+L106+L123+L140 -> 136.25833 | I1: 產線配置圖 | L1: 生產實績 | O1: 人時性差異分析 | S1: 日報登錄 | Y1: 合計次數 | Z1: 合計(時間/分) | AA1: 產線異常 分析說明(5分鐘以上) | AC1: 合計次數 | AD1: 合計(時間/分) | AE1: 產能差異分析
A2: 46232 | C2: 人時性 | D2: =AVERAGE(N21,N38,N55,N72,N89,N106,N123,N140) -> 200.7387 | E2: 平均廠價 | F2: =F1/D1 -> 44.128076 | G2: 多次生產數 | H2: =COUNT(H5:H140) -> 0 | Y2: =SUM(Y21,Y38,Y55,Y72,Y89,Y106,Y123,Y140) -> 0 | Z2: =SUM(Z21,Z38,Z55,Z72,Z89,Z106,Z123,Z140) -> 0 | AC2: =SUM(AC21,AC38,AC55,AC72,AC89,AC106,AC123,AC140) -> 0 | AD2: =SUM(AD21,AD38,AD55,AD72,AD89,AD106,AD123,AD140) -> 0
A3: 線別 | B3: 品類 | C3: 品名 | E3: 廠價 | F3: 生產量 | G3: 營收 | H3: 多次 生產 | I3: 人數 | J3: 產能/時 | K3: 人時性 | L3: 人數 | M3: 產能/時 | N3: 人時性 | O3: 人數 | P3: 人時性 | Q3: 達成率 | R3: 達成率 平均 | S3: 生產時間 | U3: 換線、休息/分 | V3: 稼動時間/分 | W3: 休息時間 | Y3: 產線異常統計(5分鐘以上) | AA3: (屏榮回填) | AC3: 短暫停線統計(5分鐘以下) | AE3: 產能/時 | AF3: 達成率 | AG3: 達成率平均
S4: 開始 | T4: 結束 | W4: 開始 | X4: 結束 | Y4: 次數 | Z4: 時間/分 | AC4: 總次數 | AD4: 設備因素(次數)
A5: 便當二線 | B5: 微波小吃 | C5: 日式茶碗蒸 | E5: 19.7 | F5: 3570 | G5: =E5*F5 -> 70329 | I5: 13 | J5: 1200 | K5: =J5/I5 -> 92.307692 | L5: 13 | M5: =F5/V5*60 -> 1083.5673 | N5: =M5/L5 -> 83.35133 | O5: =L5-I5 -> 0 | P5: =N5-K5 -> -8.9563624 | Q5: =N5/K5 -> 0.90297274 | R5: =Q21 -> 0.8993536 | S5: 0.16666667 | T5: 0.30393519 | V5: 197.68039 | AE5: =M5-J5 -> -116.43271 | AF5: =M5/J5 -> 0.90297274 | AG5: =AF21 -> 0.8993536
B6: 微波主食 | C6: 糖燻野郎三十天熟成牛飯 | E6: 56.43 | F6: 4076 | G6: =E6*F6 -> 230008.68 | I6: 24 | J6: 2000 | K6: =J6/I6 -> 83.333333 | L6: 24 | M6: =F6/V6*60 -> 1797.1735 | N6: =M6/L6 -> 74.88223 | O6: =L6-I6 -> 0 | P6: =N6-K6 -> -8.451103 | Q6: =N6/K6 -> 0.89858676 | S6: 0.30694444 | T6: 0.40143519 | U6: 5 | V6: 136.08035 | AE6: =M6-J6 -> -202.82647 | AF6: =M6/J6 -> 0.89858676
B7: 便當 | C7: 香檸奶油魚排蔬滿盒 | E7: 77.35 | F7: 689 | G7: =E7*F7 -> 53294.15 | I7: 25 | J7: 2000 | K7: =J7/I7 -> 80 | L7: 25 | M7: =F7/V7*60 -> 1797.0925 | N7: =M7/L7 -> 71.883701 | O7: =L7-I7 -> 0 | P7: =N7-K7 -> -8.1162987 | Q7: =N7/K7 -> 0.89854627 | S7: 0.40486111 | T7: 0.42083333 | U7: 4.9333333 | V7: 23.003824 | AE7: =M7-J7 -> -202.90747 | AF7: =M7/J7 -> 0.89854627
B8: 便當 | C8: 嫩烤香料雞胸排蔬滿盒 | E8: 77.34 | F8: 1823 | G8: =E8*F8 -> 140990.82 | I8: 23 | J8: 2000 | K8: =J8/I8 -> 86.956522 | L8: 23 | M8: =F8/V8*60 -> 1797.6081 | N8: =M8/L8 -> 78.156874 | O8: =L8-I8 -> 0 | P8: =N8-K8 -> -8.7996479 | Q8: =N8/K8 -> 0.89880405 | S8: 0.425 | T8: 0.46724537 | U8: 6 | V8: 60.847523 | W8: 0.46724537 | X8: 0.50555556 | AE8: =M8-J8 -> -202.3919 | AF8: =M8/J8 -> 0.89880405
B9: 便當 | C9: 健身G肉餐盒 | E9: 59.52 | F9: 4612 | G9: =E9*F9 -> 274506.24 | I9: 24 | J9: 2000 | K9: =J9/I9 -> 83.333333 | L9: 24 | M9: =F9/V9*60 -> 1798.6117 | N9: =M9/L9 -> 74.942153 | O9: =L9-I9 -> 0 | P9: =N9-K9 -> -8.3911803 | Q9: =N9/K9 -> 0.89930584 | S9: 0.50555556 | T9: 0.61239583 | U9: 55.166667 | V9: 153.852 | AE9: =M9-J9 -> -201.38833 | AF9: =M9/J9 -> 0.89930584
B21: 平均 | I21: =AVERAGE(I5:I20) -> 21.8 | J21: =AVERAGE(J5:J20) -> 1840 | K21: =J21/I21 -> 84.40367 | L21: =AVERAGE(L5:L20) -> 21.8 | M21: =AVERAGE(M5:M20) -> 1654.8106 | N21: =M21/L21 -> 75.908744 | O21: =L21-I21 -> 0 | P21: =N21-K21 -> -8.4949255 | Q21: =N21/K21 -> 0.8993536 | S21: 0.16666667 | T21: 0.61239583 | Y21: =SUM(Y5:Y20) -> 0 | Z21: =SUM(Z5:Z20) -> 0 | AC21: =SUM(AC5:AC20) -> 0 | AD21: =SUM(AD5:AD20) -> 0 | AE21: =M21-J21 -> -185.18938 | AF21: =M21/J21 -> 0.8993536
A22: 涼麵一線 | B22: 4℃-壽司手卷 | C22: 海陸雙拼壽司 | E22: 36.45 | F22: 2295 | G22: =E22*F22 -> 83652.75 | I22: 20 | J22: 2100 | K22: =J22/I22 -> 105 | L22: 20 | M22: =F22/V22*60 -> 1892.8583 | N22: =M22/L22 -> 94.642917 | O22: =L22-I22 -> 0 | P22: =N22-K22 -> -10.357083 | Q22: =N22/K22 -> 0.90136112 | R22: =Q38 -> 0.90222724 | S22: 0.16666667 | T22: 0.21717593 | V22: 72.747124 | AE22: =M22-J22 -> -207.14166 | AF22: =M22/J22 -> 0.90136112 | AG22: =AF38 -> 0.90944506
B23: 微波小吃 | C23: 馬鈴薯玉米濃湯 | E23: 31.72 | F23: 1584 | G23: =E23*F23 -> 50244.48 | I23: 22 | J23: 2000 | K23: =J23/I23 -> 90.909091 | L23: 22 | M23: =F23/V23*60 -> 1800.0275 | N23: =M23/L23 -> 81.819432 | O23: =L23-I23 -> 0 | P23: =N23-K23 -> -9.0896584 | Q23: =N23/K23 -> 0.90001376 | S23: 0.22083333 | T23: 0.25748843 | U23: 5.2666667 | V23: 52.799193 | AE23: =M23-J23 -> -199.97249 | AF23: =M23/J23 -> 0.90001376
B24: 微波小吃 | C24: 三合一味噌湯 | E24: 34.79 | F24: 1611 | G24: =E24*F24 -> 56046.69 | I24: 11 | J24: 2000 | K24: =J24/I24 -> 181.81818 | L24: 11 | M24: =F24/V24*60 -> 1808.528 | N24: =M24/L24 -> 164.41164 | O24: =L24-I24 -> 0 | P24: =N24-K24 -> -17.406546 | Q24: =N24/K24 -> 0.904264 | S24: 0.26041667 | T24: 0.29752315 | U24: 5 | V24: 53.446781 | AE24: =M24-J24 -> -191.472 | AF24: =M24/J24 -> 0.904264
B25: 微波小吃 | C25: 蒸蛋湯 | E25: 33.2 | F25: 2746 | G25: =E25*F25 -> 91167.2 | I25: 11 | J25: 2000 | K25: =J25/I25 -> 181.81818 | L25: 11 | M25: =F25/V25*60 -> 1807.5725 | N25: =M25/L25 -> 164.32477 | O25: =L25-I25 -> 0 | P25: =N25-K25 -> -17.493412 | Q25: =N25/K25 -> 0.90378623 | S25: 0.30069444 | T25: 0.36398148 | U25: 4.5666667 | V25: 91.149873 | AE25: =M25-J25 -> -192.42754 | AF25: =M25/J25 -> 0.90378623
B26: 微波小吃 | C26: 越式牛肉寬粉 | E26: 51.44 | F26: 1853 | G26: =E26*F26 -> 95318.32 | I26: 19 | J26: 2000 | K26: =J26/I26 -> 105.26316 | L26: 19 | M26: =F26/V26*60 -> 1801.5709 | N26: =M26/L26 -> 94.819522 | O26: =L26-I26 -> 0 | P26: =N26-K26 -> -10.443636 | Q26: =N26/K26 -> 0.90078546 | S26: 0.36736111 | T26: 0.41020833 | U26: 4.8666667 | V26: 61.712808 | AE26: =M26-J26 -> -198.42908 | AF26: =M26/J26 -> 0.90078546
B27: 微波主食 | C27: 日式鮭魚茶泡烤飯 | E27: 46.34 | F27: 2807 | G27: =E27*F27 -> 130076.38 | I27: 21 | J27: 1800 | K27: =J27/I27 -> 85.714286 | L27: 21 | M27: =F27/V27*60 -> 1622.5561 | N27: =M27/L27 -> 77.264577 | O27: =L27-I27 -> 0 | P27: =N27-K27 -> -8.449709 | Q27: =N27/K27 -> 0.90142006 | S27: 0.41388889 | T27: 0.48596065 | U27: 5.3 | V27: 103.79918 | W27: 0.48596065 | X27: 0.525 | AE27: =M27-J27 -> -177.44389 | AF27: =M27/J27 -> 0.90142006
B28: 4℃-飯糰 | C28: 麻油雞飯糰 | E28: 29.97 | F28: 2170 | G28: =E28*F28 -> 65034.9 | I28: 21 | J28: 2790 | K28: =J28/I28 -> 132.85714 | L28: 22 | M28: =F28/V28*60 -> 2626.6346 | N28: =M28/L28 -> 119.39248 | O28: =L28-I28 -> 1 | P28: =N28-K28 -> -13.46466 | Q28: =N28/K28 -> 0.89865309 | S28: 0.525 | T28: 0.5594213 | U28: 56.216667 | V28: 49.569133 | AE28: =M28-J28 -> -163.36538 | AF28: =M28/J28 -> 0.9414461
B38: 平均 | I38: =AVERAGE(I22:I37) -> 17.857143 | J38: =AVERAGE(J22:J37) -> 2098.5714 | K38: =J38/I38 -> 117.52 | L38: =AVERAGE(L22:L37) -> 18 | M38: =AVERAGE(M22:M37) -> 1908.5354 | N38: =M38/L38 -> 106.02975 | O38: =L38-I38 -> 0.14285714 | P38: =N38-K38 -> -11.490254 | Q38: =N38/K38 -> 0.90222724 | S38: 0.16666667 | T38: 0.5594213 | Y38: =SUM(Y22:Y37) -> 0 | Z38: =SUM(Z22:Z37) -> 0 | AC38: =SUM(AC22:AC37) -> 0 | AD38: =SUM(AD22:AD37) -> 0 | AE38: =M38-J38 -> -190.03601 | AF38: =M38/J38 -> 0.90944506
A39: 涼麵二線 | B39: 便當 | C39: 香腸腿排雙拼便當 | E39: 53.76 | F39: 2793 | G39: =E39*F39 -> 150151.68 | I39: 20 | J39: 2000 | K39: =J39/I39 -> 100 | L39: 20 | M39: =F39/V39*60 -> 1795.544 | N39: =M39/L39 -> 89.777202 | O39: =L39-I39 -> 0 | P39: =N39-K39 -> -10.222798 | Q39: =N39/K39 -> 0.89777202 | R39: =Q55 -> 0.89856101 | S39: 0.16666667 | T39: 0.23146991 | V39: 93.331044 | AE39: =M39-J39 -> -204.45595 | AF39: =M39/J39 -> 0.89777202 | AG39: =AF55 -> 0.89856101
B40: 便當 | C40: 蔬活腿排補力餐盒 | E40: 71.55 | F40: 2015 | G40: =E40*F40 -> 144173.25 | I40: 22 | J40: 2000 | K40: =J40/I40 -> 90.909091 | L40: 22 | M40: =F40/V40*60 -> 1797.2029 | N40: =M40/L40 -> 81.691041 | O40: =L40-I40 -> 0 | P40: =N40-K40 -> -9.2180498 | Q40: =N40/K40 -> 0.89860145 | S40: 0.23472222 | T40: 0.28143519 | U40: 4.6833333 | V40: 67.271202 | AE40: =M40-J40 -> -202.7971 | AF40: =M40/J40 -> 0.89860145
B41: 便當 | C41: 地中海布格麥烤魚餐盒 | E41: 63.92 | F41: 1714 | G41: =E41*F41 -> 109558.88 | I41: 24 | J41: 2000 | K41: =J41/I41 -> 83.333333 | L41: 24 | M41: =F41/V41*60 -> 1798.0273 | N41: =M41/L41 -> 74.917803 | O41: =L41-I41 -> 0 | P41: =N41-K41 -> -8.4155307 | Q41: =N41/K41 -> 0.89901363 | S41: 0.28541667 | T41: 0.32512731 | U41: 5.7333333 | V41: 57.196018 | AE41: =M41-J41 -> -201.97274 | AF41: =M41/J41 -> 0.89901363
B42: 便當 | C42: 烤蛋白餐盒 | E42: 58.67 | F42: 3648 | G42: =E42*F42 -> 214028.16 | I42: 23 | J42: 2000 | K42: =J42/I42 -> 86.956522 | L42: 23 | M42: =F42/V42*60 -> 1796.2544 | N42: =M42/L42 -> 78.098019 | O42: =L42-I42 -> 0 | P42: =N42-K42 -> -8.8585029 | Q42: =N42/K42 -> 0.89812722 | S42: 0.32847222 | T42: 0.41309028 | U42: 4.8166667 | V42: 121.85356 | AE42: =M42-J42 -> -203.74557 | AF42: =M42/J42 -> 0.89812722
B43: 便當 | C43: 海陸雙拼肉肉餐盒 | E43: 59.54 | F43: 2556 | G43: =E43*F43 -> 152184.24 | I43: 23 | J43: 2000 | K43: =J43/I43 -> 86.956522 | L43: 23 | M43: =F43/V43*60 -> 1796.8576 | N43: =M43/L43 -> 78.124244 | O43: =L43-I43 -> 0 | P43: =N43-K43 -> -8.8322781 | Q43: =N43/K43 -> 0.8984288 | S43: 0.41597222 | T43: 0.47523148 | U43: 5 | V43: 85.349 | W43: 0.47523148 | X43: 0.51388889 | AE43: =M43-J43 -> -203.1424 | AF43: =M43/J43 -> 0.8984288
B44: 便當 | C44: 懷舊滷雙拼便當 | E44: 61.09 | F44: 2825 | G44: =E44*F44 -> 172579.25 | I44: 20 | J44: 2000 | K44: =J44/I44 -> 100 | L44: 20 | M44: =F44/V44*60 -> 1798.8459 | N44: =M44/L44 -> 89.942295 | O44: =L44-I44 -> 0 | P44: =N44-K44 -> -10.057705 | Q44: =N44/K44 -> 0.89942295 | S44: 0.51388889 | T44: 0.57931713 | U44: 55.666667 | V44: 94.227082 | AE44: =M44-J44 -> -201.15409 | AF44: =M44/J44 -> 0.89942295
B55: 平均 | I55: =AVERAGE(I39:I54) -> 22 | J55: =AVERAGE(J39:J54) -> 2000 | K55: =J55/I55 -> 90.909091 | L55: =AVERAGE(L39:L54) -> 22 | M55: =AVERAGE(M39:M54) -> 1797.122 | N55: =M55/L55 -> 81.687365 | O55: =L55-I55 -> 0 | P55: =N55-K55 -> -9.2217261 | Q55: =N55/K55 -> 0.89856101 | S55: 0.16666667 | T55: 0.57931713 | Y55: =SUM(Y39:Y54) -> 0 | Z55: =SUM(Z39:Z54) -> 0 | AC55: =SUM(AC39:AC54) -> 0 | AD55: =SUM(AD39:AD54) -> 0 | AE55: =M55-J55 -> -202.87797 | AF55: =M55/J55 -> 0.89856101
A56: 涼麵三線 | B56: 季節調理麵 | C56: 和風涓絲冷麵 | E56: 28.86 | F56: 2130 | G56: =E56*F56 -> 61471.8 | I56: 19 | J56: 3600 | K56: =J56/I56 -> 189.47368 | L56: 19 | M56: =F56/V56*60 -> 3191.4779 | N56: =M56/L56 -> 167.97252 | O56: =L56-I56 -> 0 | P56: =N56-K56 -> -21.501161 | Q56: =N56/K56 -> 0.88652165 | R56: =Q72 -> 0.90181885 | S56: 0.16666667 | T56: 0.19446759 | V56: 40.044143 | AE56: =M56-J56 -> -408.52206 | AF56: =M56/J56 -> 0.88652165 | AG56: =AF72 -> 0.90181885
B57: 季節調理麵 | C57: 嘉義崇文白醋涼麵 | E57: 35.89 | F57: 3151 | G57: =E57*F57 -> 113089.39 | I57: 19 | J57: 3600 | K57: =J57/I57 -> 189.47368 | L57: 19 | M57: =F57/V57*60 -> 3194.5424 | N57: =M57/L57 -> 168.13381 | O57: =L57-I57 -> 0 | P57: =N57-K57 -> -21.339876 | Q57: =N57/K57 -> 0.88737288 | S57: 0.19791667 | T57: 0.23900463 | U57: 4.9666667 | V57: 59.182186 | AE57: =M57-J57 -> -405.45765 | AF57: =M57/J57 -> 0.88737288
B58: 季節調理麵 | C58: 招牌雞絲胡麻涼麵 | E58: 43.96 | F58: 1706 | G58: =E58*F58 -> 74995.76 | I58: 24 | J58: 3600 | K58: =J58/I58 -> 150 | L58: 24 | M58: =F58/V58*60 -> 3264.9448 | N58: =M58/L58 -> 136.03937 | O58: =L58-I58 -> 0 | P58: =N58-K58 -> -13.960633 | Q58: =N58/K58 -> 0.90692911 | S58: 0.24305556 | T58: 0.26482639 | U58: 5.8333333 | V58: 31.351219 | AE58: =M58-J58 -> -335.05519 | AF58: =M58/J58 -> 0.90692911
B59: 季節調理麵 | C59: 日式胡麻雞絲冷麵 | E59: 46.93 | F59: 1332 | G59: =E59*F59 -> 62510.76 | I59: 24 | J59: 3600 | K59: =J59/I59 -> 150 | L59: 24 | M59: =F59/V59*60 -> 3266.1257 | N59: =M59/L59 -> 136.08857 | O59: =L59-I59 -> 0 | P59: =N59-K59 -> -13.911429 | Q59: =N59/K59 -> 0.90725714 | S59: 0.26875 | T59: 0.28574074 | U59: 5.65 | V59: 24.469358 | AE59: =M59-J59 -> -333.87429 | AF59: =M59/J59 -> 0.90725714
B60: 季節調理麵 | C60: 日式蕎麥沾麵 | E60: 36.73 | F60: 3176 | G60: =E60*F60 -> 116654.48 | I60: 20 | J60: 3600 | K60: =J60/I60 -> 180 | L60: 20 | M60: =F60/V60*60 -> 3260.0967 | N60: =M60/L60 -> 163.00484 | O60: =L60-I60 -> 0 | P60: =N60-K60 -> -16.995164 | Q60: =N60/K60 -> 0.90558242 | S60: 0.28888889 | T60: 0.32947917 | U60: 4.5333333 | V60: 58.452254 | AE60: =M60-J60 -> -339.90329 | AF60: =M60/J60 -> 0.90558242
B61: 季節調理麵 | C61: 月見烏龍冷麵 | E61: 48.4 | F61: 2289 | G61: =E61*F61 -> 110787.6 | I61: 22 | J61: 3600 | K61: =J61/I61 -> 163.63636 | L61: 22 | M61: =F61/V61*60 -> 3263.7052 | N61: =M61/L61 -> 148.35024 | O61: =L61-I61 -> 0 | P61: =N61-K61 -> -15.286127 | Q61: =N61/K61 -> 0.90658478 | S61: 0.33263889 | T61: 0.36185185 | U61: 4.55 | V61: 42.081006 | AE61: =M61-J61 -> -336.29479 | AF61: =M61/J61 -> 0.90658478
B62: 季節調理麵 | C62: 大滿足香辣涼麵 | E62: 38.48 | F62: 4867 | G62: =E62*F62 -> 187282.16 | I62: 20 | J62: 3600 | K62: =J62/I62 -> 180 | L62: 20 | M62: =F62/V62*60 -> 3267.5012 | N62: =M62/L62 -> 163.37506 | O62: =L62-I62 -> 0 | P62: =N62-K62 -> -16.62494 | Q62: =N62/K62 -> 0.90763922 | S62: 0.36527778 | T62: 0.42733796 | U62: 4.9333333 | V62: 89.371046 | W62: 0.42733796 | X62: 0.46666667 | AE62: =M62-J62 -> -332.4988 | AF62: =M62/J62 -> 0.90763922
B63: 季節調理麵 | C63: 大滿足麻醬涼麵 | E63: 37.8 | F63: 6102 | G63: =E63*F63 -> 230655.6 | I63: 21 | J63: 3600 | K63: =J63/I63 -> 171.42857 | L63: 21 | M63: =F63/V63*60 -> 3263.9889 | N63: =M63/L63 -> 155.42804 | O63: =L63-I63 -> 0 | P63: =N63-K63 -> -16.000528 | Q63: =N63/K63 -> 0.90666359 | S63: 0.46666667 | T63: 0.54456019 | U63: 56.633333 | V63: 112.1695 | AE63: =M63-J63 -> -336.01109 | AF63: =M63/J63 -> 0.90666359
B72: 平均 | I72: =AVERAGE(I56:I71) -> 21.125 | J72: =AVERAGE(J56:J71) -> 3600 | K72: =J72/I72 -> 170.4142 | L72: =AVERAGE(L56:L71) -> 21.125 | M72: =AVERAGE(M56:M71) -> 3246.5479 | N72: =M72/L72 -> 153.68274 | O72: =L72-I72 -> 0 | P72: =N72-K72 -> -16.731462 | Q72: =N72/K72 -> 0.90181885 | S72: 0.16666667 | T72: 0.54456019 | Y72: =SUM(Y56:Y71) -> 0 | Z72: =SUM(Z56:Z71) -> 0 | AC72: =SUM(AC56:AC71) -> 0 | AD72: =SUM(AD56:AD71) -> 0 | AE72: =M72-J72 -> -353.45215 | AF72: =M72/J72 -> 0.90181885
A73: 自動包裝機 | B73: 4℃-壽司手卷 | C73: 醬油生鮭脆卷 | E73: 23.55 | F73: 4875 | G73: =E73*F73 -> 114806.25 | I73: 6 | J73: 2500 | K73: =J73/I73 -> 416.66667 | L73: 6 | M73: =F73/V73*60 -> 2108.7978 | N73: =M73/L73 -> 351.4663 | O73: =L73-I73 -> 0 | P73: =N73-K73 -> -65.200371 | Q73: =N73/K73 -> 0.84351911 | R73: =Q89 -> 0.83620509 | S73: 0.35625 | T73: 0.45256944 | U73: 4.5833333 | V73: 138.70462 | AE73: =M73-J73 -> -391.20222 | AF73: =M73/J73 -> 0.84351911 | AG73: =AF89 -> 0.88846791
B74: 4℃-壽司手卷 | C74: 韓式辣炒豬肉飯卷 | E74: 27.05 | F74: 771 | G74: =E74*F74 -> 20855.55 | I74: 5 | J74: 3273 | K74: =J74/I74 -> 654.6 | L74: 6 | M74: =F74/V74*60 -> 2961.3146 | N74: =M74/L74 -> 493.55243 | O74: =L74-I74 -> 1 | P74: =N74-K74 -> -161.04757 | Q74: =N74/K74 -> 0.7539756 | S74: 0.45625 | T74: 0.46709491 | U74: 5.3 | V74: 15.621441 | AE74: =M74-J74 -> -311.68542 | AF74: =M74/J74 -> 0.90477072
B75: 4℃-壽司手卷 | C75: 厚香料優格咖哩烤雞飯卷 | E75: 27.05 | F75: 987 | G75: =E75*F75 -> 26698.35 | I75: 5 | J75: 3273 | K75: =J75/I75 -> 654.6 | L75: 5 | M75: =F75/V75*60 -> 2966.9683 | N75: =M75/L75 -> 593.39366 | O75: =L75-I75 -> 0 | P75: =N75-K75 -> -61.206335 | Q75: =N75/K75 -> 0.90649811 | S75: 0.47083333 | T75: 0.4846875 | U75: 5.3833333 | V75: 19.959768 | AE75: =M75-J75 -> -306.03168 | AF75: =M75/J75 -> 0.90649811
B89: 平均 | I89: =AVERAGE(I73:I88) -> 5.3333333 | J89: =AVERAGE(J73:J88) -> 3015.3333 | K89: =J89/I89 -> 565.375 | L89: =AVERAGE(L73:L88) -> 5.6666667 | M89: =AVERAGE(M73:M88) -> 2679.0269 | N89: =M89/L89 -> 472.76945 | O89: =L89-I89 -> 0.33333333 | P89: =N89-K89 -> -92.605548 | Q89: =N89/K89 -> 0.83620509 | S89: 0.16666667 | T89: 0.4846875 | Y89: =SUM(Y73:Y88) -> 0 | Z89: =SUM(Z73:Z88) -> 0 | AC89: =SUM(AC73:AC88) -> 0 | AD89: =SUM(AD73:AD88) -> 0 | AE89: =M89-J89 -> -336.30644 | AF89: =M89/J89 -> 0.88846791
A90: 自動包裝機2 | B90: 4℃-壽司手卷 | C90: 鮪魚昆布細卷 | E90: 15.51 | F90: 2076 | G90: =E90*F90 -> 32198.76 | I90: 6 | J90: 3600 | K90: =J90/I90 -> 600 | L90: 6 | M90: =F90/V90*60 -> 3249 | N90: =M90/L90 -> 541.5 | O90: =L90-I90 -> 0 | P90: =N90-K90 -> -58.5 | Q90: =N90/K90 -> 0.9025 | R90: =Q106 -> 0.90292325 | S90: 0.25 | T90: 0.27662037 | V90: 38.33795 | AE90: =M90-J90 -> -351 | AF90: =M90/J90 -> 0.9025 | AG90: =AF106 -> 0.90292325
B91: 4℃-壽司手卷 | C91: 肉鬆火腿細卷 | E91: 15.01 | F91: 2171 | G91: =E91*F91 -> 32586.71 | I91: 6 | J91: 3600 | K91: =J91/I91 -> 600 | L91: 6 | M91: =F91/V91*60 -> 3252.0474 | N91: =M91/L91 -> 542.0079 | O91: =L91-I91 -> 0 | P91: =N91-K91 -> -57.992104 | Q91: =N91/K91 -> 0.90334649 | S91: 0.27986111 | T91: 0.30767361 | U91: 4.6666667 | V91: 40.054767 | AE91: =M91-J91 -> -347.95263 | AF91: =M91/J91 -> 0.90334649
B106: 平均 | I106: =AVERAGE(I90:I105) -> 6 | J106: =AVERAGE(J90:J105) -> 3600 | K106: =J106/I106 -> 600 | L106: =AVERAGE(L90:L105) -> 6 | M106: =AVERAGE(M90:M105) -> 3250.5237 | N106: =M106/L106 -> 541.75395 | O106: =L106-I106 -> 0 | P106: =N106-K106 -> -58.246052 | Q106: =N106/K106 -> 0.90292325 | S106: 0.25 | T106: 0.30767361 | Y106: =SUM(Y90:Y105) -> 0 | Z106: =SUM(Z90:Z105) -> 0 | AC106: =SUM(AC90:AC105) -> 0 | AD106: =SUM(AD90:AD105) -> 0 | AE106: =M106-J106 -> -349.47631 | AF106: =M106/J106 -> 0.90292325
A107: 便當二線 (二配) | B107: 微波主食 | C107: 二配香烤魚排青醬燉飯 | E107: 58.17 | F107: 1681 | G107: =E107*F107 -> 97783.77 | I107: 18 | J107: 2000 | K107: =J107/I107 -> 111.11111 | L107: 17 | M107: =F107/V107*60 -> 1790.4 | N107: =M107/L107 -> 105.31765 | O107: =L107-I107 -> -1 | P107: =N107-K107 -> -5.7934641 | Q107: =N107/K107 -> 0.94785882 | R107: =Q123 -> 0.94319226 | S107: 0.70833333 | T107: 0.7474537 | V107: 56.33378 | AE107: =M107-J107 -> -209.6 | AF107: =M107/J107 -> 0.8952 | AG107: =AF123 -> 0.89523333
B108: 微波主食 | C108: 二配濃起司燻腸紅醬焗烤飯 | E108: 50.67 | F108: 1496 | G108: =E108*F108 -> 75802.32 | I108: 20 | J108: 2000 | K108: =J108/I108 -> 100 | L108: 19 | M108: =F108/V108*60 -> 1790.4 | N108: =M108/L108 -> 94.231579 | O108: =L108-I108 -> -1 | P108: =N108-K108 -> -5.7684211 | Q108: =N108/K108 -> 0.94231579 | S108: 0.75138889 | T108: 0.7862037 | U108: 5.6666667 | V108: 50.134048 | AE108: =M108-J108 -> -209.6 | AF108: =M108/J108 -> 0.8952
B109: 微波主食 | C109: 二配西班牙風味海鮮燉飯 | E109: 57.3 | F109: 1850 | G109: =E109*F109 -> 106005 | I109: 21 | J109: 2000 | K109: =J109/I109 -> 95.238095 | L109: 20 | M109: =F109/V109*60 -> 1790.6 | N109: =M109/L109 -> 89.53 | O109: =L109-I109 -> -1 | P109: =N109-K109 -> -5.7080952 | Q109: =N109/K109 -> 0.940065 | S109: 0.78958333 | T109: 0.83262731 | U109: 4.8666667 | V109: 61.990394 | AE109: =M109-J109 -> -209.4 | AF109: =M109/J109 -> 0.8953
B123: 平均 | I123: =AVERAGE(I107:I122) -> 19.666667 | J123: =AVERAGE(J107:J122) -> 2000 | K123: =J123/I123 -> 101.69492 | L123: =AVERAGE(L107:L122) -> 18.666667 | M123: =AVERAGE(M107:M122) -> 1790.4667 | N123: =M123/L123 -> 95.917857 | O123: =L123-I123 -> -1 | P123: =N123-K123 -> -5.7770581 | Q123: =N123/K123 -> 0.94319226 | S123: 0.70833333 | T123: 0.83262731 | Y123: =SUM(Y107:Y122) -> 0 | Z123: =SUM(Z107:Z122) -> 0 | AC123: =SUM(AC107:AC122) -> 0 | AD123: =SUM(AD107:AD122) -> 0 | AE123: =M123-J123 -> -209.53333 | AF123: =M123/J123 -> 0.89523333
A124: 涼麵一線 (二配) | B124: 微波主食 | C124: 二配哞哞培根奶香海陸焗飯 | E124: 47.6 | F124: 1736 | G124: =E124*F124 -> 82633.6 | I124: 23 | J124: 2000 | K124: =J124/I124 -> 86.956522 | L124: 23 | M124: =F124/V124*60 -> 1797.6133 | N124: =M124/L124 -> 78.157098 | O124: =L124-I124 -> 0 | P124: =N124-K124 -> -8.7994237 | Q124: =N124/K124 -> 0.89880663 | R124: =Q140 -> 0.89883715 | S124: 0.70833333 | T124: 0.74856481 | V124: 57.943498 | AE124: =M124-J124 -> -202.38674 | AF124: =M124/J124 -> 0.89880663 | AG124: =AF140 -> 0.89883715
B125: 微波主食 | C125: 二配黃金雞排蘑菇白醬歐姆蛋飯 | E125: 56.87 | F125: 1428 | G125: =E125*F125 -> 81210.36 | I125: 23 | J125: 2000 | K125: =J125/I125 -> 86.956522 | L125: 23 | M125: =F125/V125*60 -> 1797.7204 | N125: =M125/L125 -> 78.161756 | O125: =L125-I125 -> 0 | P125: =N125-K125 -> -8.7947657 | Q125: =N125/K125 -> 0.89886019 | S125: 0.75208333 | T125: 0.78517361 | U125: 5.0666667 | V125: 47.660359 | AE125: =M125-J125 -> -202.27961 | AF125: =M125/J125 -> 0.89886019
B126: 微波主食 | C126: 二配里肌豬排可可咖哩歐姆蛋飯 | E126: 56.79 | F126: 2001 | G126: =E126*F126 -> 113636.79 | I126: 23 | J126: 2000 | K126: =J126/I126 -> 86.956522 | L126: 23 | M126: =F126/V126*60 -> 1797.6893 | N126: =M126/L126 -> 78.160403 | O126: =L126-I126 -> 0 | P126: =N126-K126 -> -8.7961185 | Q126: =N126/K126 -> 0.89884464 | S126: 0.78888889 | T126: 0.8352662 | U126: 5.35 | V126: 66.785735 | AE126: =M126-J126 -> -202.31072 | AF126: =M126/J126 -> 0.89884464
B140: 平均 | I140: =AVERAGE(I124:I139) -> 23 | J140: =AVERAGE(J124:J139) -> 2000 | K140: =J140/I140 -> 86.956522 | L140: =AVERAGE(L124:L139) -> 23 | M140: =AVERAGE(M124:M139) -> 1797.6743 | N140: =M140/L140 -> 78.159752 | O140: =L140-I140 -> 0 | P140: =N140-K140 -> -8.7967693 | Q140: =N140/K140 -> 0.89883715 | S140: 0.70833333 | T140: 0.8352662 | Y140: =SUM(Y124:Y139) -> 0 | Z140: =SUM(Z124:Z139) -> 0 | AC140: =SUM(AC124:AC139) -> 0 | AD140: =SUM(AD124:AD139) -> 0 | AE140: =M140-J140 -> -202.32569 | AF140: =M140/J140 -> 0.89883715
AA142: 原因回覆
AA143: 1.當日出勤人數較多
AA144: 2.當日出勤人數較少
AA145: 3.當日出勤熟手較多
AA146: 4.當日出勤新人較多
AA147: 5.機台夾盒
AA148: 6.封膜不順
AA149: 7.更換膠膜
AA150: 8.更換碳帶
AA151: 9.當日熱轉印碳帶異常
AA152: 10.訂單量過少
AA153: 11.新品上市，尚未熟悉
AA154: 12.活動期間品項需貼標

Sheet 0728
B1: 屏榮 大溪廠組合室生產人時性分析
B3: 日期 | C3: 115.07.28星期二 | E3: 訂單量 | F3: ='0728(18度C)'!D1+'0728(4度C)'!D1 -> 213264 | H3: 營業額 | I3: ='0728(18度C)'!F1+'0728(4度C)'!F1 -> 6626056.9
B4: 人時性 | C4: 項目 | E4: ➀ | G4: ➁ | I4: ➂ | K4: ④ | M4: ⑤ | O4: 異常停線 | Q4: 短暫停線
C5: 組合室 | E5: 全溫層 | G5: 4度C-各編組展開(一配) | I5: 4度C-各編組展開(二配) | K5: 18度C-各編組展開(一配) | M5: 18度C-各編組展開(二配) | O5: 合計次數 | P5: 時間 | Q5: 合計次數 | R5: 設備次數
C6: 排關平均 | E6: =AVERAGE(D14:O14,D32:X32) -> 487.08222 | F6: =AVERAGE(#REF!,D14:K14) -> #REF! | G6: =AVERAGE(D14:K14) -> 263.81731 | I6: =AVERAGE(L14:O14) -> 94.325718 | K6: =AVERAGE(D32:O32) -> 734.94318 | M6: =AVERAGE(P32:X32) -> 770.49689 | O6: ='0728(4度C)'!Y2 -> 0 | P6: ='0728(4度C)'!Z2 -> 0 | Q6: ='0728(4度C)'!AC2 -> 0 | R6: ='0728(4度C)'!AD2 -> 0
C7: 實績平均 | E7: =AVERAGE(D15:O15,D33:X33) -> 435.56218 | F7: =AVERAGE(#REF!,D15:K15) -> #REF! | G7: =AVERAGE(D15:K15) -> 231.91016 | I7: =AVERAGE(L15:O15) -> 87.029436 | K7: =AVERAGE(D33:O33) -> 658.86372 | M7: =AVERAGE(P33:X33) -> 692.00503
C8: 達成率平均 | E8: =AVERAGE(D16:O16,D34:X34) -> 0.89674299 | F8: =AVERAGE(D16:K16,#REF!) -> #REF! | G8: =AVERAGE(D16:K16) -> 0.88959133 | I8: =AVERAGE(L16:O16) -> 0.92091292 | K8: =AVERAGE(D34:O34) -> 0.8938524 | M8: =AVERAGE(P34:X34) -> 0.89827611
O9: ※現行日本鮮食廠以達成率80%為基本(即為現行KPI)
B11: 溫層 | D11: ➁4度C-各編組展開 | L11: ➂4度C-各編組展開
B12: 編組 | D12: 1 | E12: 2 | F12: 3 | G12: 4 | H12: 5 | I12: 6 | J12: 7 | K12: 8 | L12: 1 | M12: 2 | N12: 3 | O12: 4
D13: 便當一線 | E13: 便當二線 | F13: 涼麵一線 | G13: 涼麵二線 | H13: 涼麵三線 | I13: 自動包裝機 | J13: 自動包裝機2 | K13: 自動包裝機3 | L13: 便當一線 | M13: 便當二線 | N13: 涼麵一線 | O13: 涼麵二線
B14: 人時性 | C14: 排關 | D14: - | E14: 84.40367 | F14: 112.94521 | G14: 90.322581 | H14: 170.4142 | I14: 524.81818 | J14: 600 | K14: - | L14: - | M14: 101.69492 | N14: 86.956522 | O14: -
C15: 實績 | D15: - | E15: 75.889662 | F15: 101.92894 | G15: 81.14701 | H15: 153.6657 | I15: 437.4436 | J15: 541.38608 | K15: - | L15: - | M15: 95.910714 | N15: 78.148158 | O15: -
C16: 達成率 | D16: - | E16: =E15/E14 -> 0.89912751 | F16: =F15/F14 -> 0.90246362 | G16: =G15/G14 -> 0.89841333 | H16: =H15/H14 -> 0.90171885 | I16: =I15/I14 -> 0.83351456 | J16: =J15/J14 -> 0.90231013 | K16: - | L16: - | M16: =M15/M14 -> 0.94312202 | N16: =N15/N14 -> 0.89870382 | O16: -
B17: 作業 時間 | C17: 開始 | D17: - | E17: 0.16666667 | F17: 0.16666667 | G17: 0.16666667 | H17: 0.16666667 | I17: 0.16666667 | J17: 0.25 | K17: - | L17: - | M17: 0.70833333 | N17: 0.70833333 | O17: -
C18: 結束 | D18: - | E18: 0.6321875 | F18: 0.58002315 | G18: 0.61375 | H18: 0.54971065 | I18: 0.59305556 | J18: 0.30962963 | K18: - | L18: - | M18: 0.82650463 | N18: 0.84347222 | O18: -
B19: 產線異常 (5分鐘以上) | C19: 次數
C20: 時間/分
B21: 短暫停線 (5分鐘以下) | C21: 次數
C22: 設備次數
B23: 配置人數 | D23: - | E23: 21.8 | F23: 18.375 | G23: 22.142857 | H23: 21.125 | I23: 5.75 | J23: 6 | K23: - | L23: - | M23: 18.666667 | N23: 23 | O23: -
B24: 主要應用設備 | D24: L型封口機 | E24: ET-55 | F24: ET-55 | G24: ET-55 | H24: ET-600 | I24: 伺服包裝機 | J24: 伺服包裝機 | K24: 伺服包裝機 | L24: L型封口機 | M24: ET-55 | N24: ET-55 | O24: ET-55
B25: 次要應用設備 | D25: 伺服包裝機 | H25: 伺服包裝機
B26: 備註 | H26: 涼麵+烤飯糰 | I26: 大口飯糰線 | K26: 烤飯糰+手卷
B29: 溫層 | D29: ➃18度C-各編組展開 (一配) | P29: ⑤18度C-各編組展開 (二配)
B30: 編組 | D30: 1 | E30: 2 | F30: 3 | G30: 4 | H30: 5 | I30: 6 | J30: 7 | K30: 8 | L30: 9 | M30: 10 | N30: 11 | O30: 12 | P30: 1 | Q30: 2 | R30: 3 | S30: 4 | T30: 5 | U30: 6 | V30: 7 | W30: 8 | X30: 9
D31: 便當一線 | E31: 涼麵一線 | F31: 涼麵三線 | G31: 自動包裝機 | H31: 自動包裝機2 | I31: 自動包裝機3 | J31: 味付飯糰線B | K31: (舊) 3300型飯糰線 | L31: 3000型飯糰線 | M31: (新) 3300型飯糰機 | N31: GKK3600型 飯糰機 | O31: GKK3600型 飯糰機2 | P31: 自動包裝機 | Q31: 自動包裝機2 | R31: 自動包裝機3 | S31: 味付飯糰線B | T31: (舊) 3300型飯糰線 | U31: 3000型飯糰線 | V31: (新) 3300型飯糰機 | W31: GKK3600型 飯糰機 | X31: GKK3600型 飯糰機2
B32: 人時性 | C32: 排關 | D32: - | E32: - | F32: - | G32: 327.27273 | H32: - | I32: - | J32: - | K32: - | L32: - | M32: 825 | N32: 900 | O32: 887.5 | P32: 490.90909 | Q32: - | R32: - | S32: - | T32: - | U32: - | V32: 709.09091 | W32: 942.85714 | X32: 939.13043
C33: 實績 | D33: - | E33: - | F33: - | G33: 287.50083 | H33: - | I33: - | J33: - | K33: - | L33: - | M33: 749.34618 | N33: 805.89869 | O33: 792.70918 | P33: 438.68775 | Q33: - | R33: - | S33: - | T33: - | U33: - | V33: 644.81084 | W33: 848.43781 | X33: 836.08373
C34: 達成率 | D34: - | E34: - | F34: - | G34: =G33/G32 -> 0.87847476 | H34: - | I34: - | J34: - | K34: - | L34: - | M34: =M33/M32 -> 0.9082984 | N34: =N33/N32 -> 0.89544298 | O34: =O33/O32 -> 0.89319344 | P34: =P33/P32 -> 0.89362319 | Q34: - | R34: - | S34: - | T34: - | U34: - | V34: =V33/V32 -> 0.90934863 | W34: =W33/W32 -> 0.89985828 | X34: =X33/X32 -> 0.89027434
B35: 作業 時間 | C35: 開始 | D35: - | E35: - | F35: - | G35: 0.16666667 | H35: - | I35: - | J35: - | K35: - | L35: - | M35: 0.32708333 | N35: 0.25 | O35: 0.25 | P35: 0.70833333 | Q35: - | R35: - | S35: - | T35: - | U35: - | V35: 0.70833333 | W35: 0.73680556 | X35: 0.74513889
C36: 結束 | D36: - | E36: - | F36: - | G36: 0.59305556 | H36: - | I36: - | J36: - | K36: - | L36: - | M36: 0.42385417 | N36: 0.5653588 | O36: 0.5490162 | P36: 0.76130787 | Q36: - | R36: - | S36: - | T36: - | U36: - | V36: 0.88090278 | W36: 1.1279861 | X36: 1.1168403
B37: 配置人數 | D37: - | E37: - | F37: - | G37: 11 | H37: - | I37: - | J37: - | K37: - | L37: - | M37: 4 | N37: 3.8571429 | O37: 4 | P37: 7.3333333 | Q37: - | R37: - | S37: - | T37: - | U37: - | V37: 4.4 | W37: 3.5 | X37: 3.8333333
B38: 主要應用設備 | D38: 伺服包裝機 | E38: ET-55 | F38: ET-600 | G38: 夾心型 | H38: 伺服包裝機 | I38: 伺服包裝機 | J38: 夾心型 | K38: 3300型 | L38: 3300型 | M38: 3300型 | N38: GKK | O38: GKK | P38: 夾心型 | Q38: 伺服包裝機 | R38: 伺服包裝機 | S38: 夾心型 | T38: 3300型 | U38: 3300型 | V38: 3300型 | W38: GKK | X38: GKK
B39: 次要應用設備
B40: 備註

Sheet 0728(18度C)
A1: 大溪廠日報分析 | C1: 總生產量 | D1: =SUM(F5:F140) -> 114457 | E1: 營業額 | F1: =SUM(G5:G140) -> 2305725.1 | G1: 出勤人數 | H1: =L21+L38+L55+L72+L89+L106+L123+L140 -> 41.92381 | I1: 產線配置圖 | L1: 生產實績 | O1: 人時性差異分析 | S1: 日報登錄 | Y1: 合計次數 | Z1: 合計(時間/分) | AA1: 產線異常 分析說明(5分鐘以上) | AC1: 合計次數 | AD1: 合計(時間/分) | AE1: 分析說明 | AG1: 產能差異分析
A2: 46231 | C2: 人時性 | D2: =AVERAGE(N21,N38,N55,N72,N89,N106,N123,N140) -> 675.43438 | E2: 平均廠價 | F2: =F1/D1 -> 20.144902 | G2: 多次生產數 | H2: =COUNT(H5:H140) -> 10 | Y2: =SUM(Y21,Y38,Y55,Y72,Y89,Y106,Y123,Y140) -> 0 | Z2: =SUM(Z21,Z38,Z55,Z72,Z89,Z106,Z123,Z140) -> 0 | AC2: =SUM(AC21,AC38,AC55,AC72,AC89,AC106,AC123,AC140) -> 0 | AD2: =SUM(AD21,AD38,AD55,AD72,AD89,AD106,AD123,AD140) -> 0
A3: 線別 | B3: 品類 | C3: 品名 | E3: 廠價 | F3: 生產量 | G3: 營收 | H3: 多次 生產 | I3: 人數 | J3: 產能/時 | K3: 人時性 | L3: 人數 | M3: 產能/時 | N3: 人時性 | O3: 人數 | P3: 人時性 | Q3: 達成率 | R3: 達成率 平均 | S3: 生產時間 | U3: 換線、休息/分 | V3: 稼動時間/分 | W3: 休息時間 | Y3: 產線異常統計(5分鐘以上) | AA3: (屏榮回填) | AC3: 短暫停線統計(5分鐘以下) | AE3: (屏榮回填) | AG3: 產能/時 | AH3: 達成率 | AI3: 達成率平均
S4: 開始 | T4: 結束 | W4: 開始 | X4: 結束 | Y4: 次數 | Z4: 時間/分 | AC4: 總次數 | AD4: 設備因素(次數)
A5: 自動包裝機 | B5: 18℃-壽司手卷 | C5: 一配長野稻荷壽司 | E5: 25.64 | F5: 1883 | G5: =E5*F5 -> 48280.12 | I5: 10 | J5: 3600 | K5: =J5/I5 -> 360 | L5: 10 | M5: =F5/V5*60 -> 3217.2496 | N5: =M5/L5 -> 321.72496 | O5: =L5-I5 -> 0 | P5: =N5-K5 -> -38.275045 | Q5: =N5/K5 -> 0.89368043 | R5: =Q21 -> 0.87847476 | S5: 0.16666667 | T5: 0.19105324 | V5: 35.116953 | AG5: =M5-J5 -> -382.75045 | AH5: =M5/J5 -> 0.89368043 | AI5: =AH21 -> 0.87847476
B6: 18℃-壽司手卷 | C6: 一配經典人氣雙手卷 | E6: 29.52 | F6: 2903 | G6: =E6*F6 -> 85696.56 | I6: 11 | J6: 3600 | K6: =J6/I6 -> 327.27273 | L6: 11 | M6: =F6/V6*60 -> 3157.8027 | N6: =M6/L6 -> 287.07298 | O6: =L6-I6 -> 0 | P6: =N6-K6 -> -40.199751 | Q6: =N6/K6 -> 0.87716743 | S6: 0.19444444 | T6: 0.23274306 | U6: 4.8833333 | V6: 55.158607 | AG6: =M6-J6 -> -442.19726 | AH6: =M6/J6 -> 0.87716743
B7: 18℃-壽司手卷 | C7: 一配鮭鮪海饌雙手卷 | E7: 29.85 | F7: 3315 | G7: =E7*F7 -> 98952.75 | I7: 11 | J7: 3600 | K7: =J7/I7 -> 327.27273 | L7: 11 | M7: =F7/V7*60 -> 3158.5204 | N7: =M7/L7 -> 287.13822 | O7: =L7-I7 -> 0 | P7: =N7-K7 -> -40.134512 | Q7: =N7/K7 -> 0.87736677 | S7: 0.23680556 | T7: 0.28053241 | U7: 5.85 | V7: 62.972524 | AG7: =M7-J7 -> -441.47963 | AH7: =M7/J7 -> 0.87736677
B8: 18℃-壽司手卷 | C8: 一配青木瓜雞絲泰泰雙手卷 | E8: 30 | F8: 3331 | G8: =E8*F8 -> 99930 | I8: 11 | J8: 3600 | K8: =J8/I8 -> 327.27273 | L8: 11 | M8: =F8/V8*60 -> 3157.9113 | N8: =M8/L8 -> 287.08284 | O8: =L8-I8 -> 0 | P8: =N8-K8 -> -40.189886 | Q8: =N8/K8 -> 0.87719757 | S8: 0.28333333 | T8: 0.32728009 | U8: 5 | V8: 63.288669 | AG8: =M8-J8 -> -442.08875 | AH8: =M8/J8 -> 0.87719757
B9: 18℃-飯糰 | C9: 一配兩粒飯糰(鮪魚.焦糖鮭魚) | E9: 28.57 | F9: 1496 | G9: =E9*F9 -> 42740.72 | I9: 12 | J9: 3600 | K9: =J9/I9 -> 300 | L9: 12 | M9: =F9/V9*60 -> 3121.0617 | N9: =M9/L9 -> 260.08848 | O9: =L9-I9 -> 0 | P9: =N9-K9 -> -39.911521 | Q9: =N9/K9 -> 0.8669616 | S9: 0.33055556 | T9: 0.35052083 | U9: 4.7166667 | V9: 28.759444 | AG9: =M9-J9 -> -478.93826 | AH9: =M9/J9 -> 0.8669616
B21: 平均 | I21: =AVERAGE(I5:I20) -> 11 | J21: =AVERAGE(J5:J20) -> 3600 | K21: =J21/I21 -> 327.27273 | L21: =AVERAGE(L5:L20) -> 11 | M21: =AVERAGE(M5:M20) -> 3162.5091 | N21: =M21/L21 -> 287.50083 | O21: =L21-I21 -> 0 | P21: =N21-K21 -> -39.771897 | Q21: =N21/K21 -> 0.87847476 | S21: 0.16666667 | T21: 0.59305556 | Y21: =SUM(Y5:Y20) -> 0 | Z21: =SUM(Z5:Z20) -> 0 | AC21: =SUM(AC5:AC20) -> 0 | AD21: =SUM(AD5:AD20) -> 0 | AG21: =M21-J21 -> -437.49087 | AH21: =M21/J21 -> 0.87847476
A22: (新) 3300型飯糰機 | B22: 18℃-飯糰 | C22: 一配鮭魚奶油醬油飯糰 | E22: 18.53 | F22: 2538 | G22: =E22*F22 -> 47029.14 | I22: 3 | J22: 3300 | K22: =J22/I22 -> 1100 | L22: 3 | M22: =F22/V22*60 -> 2996.2204 | N22: =M22/L22 -> 998.74015 | O22: =L22-I22 -> 0 | P22: =N22-K22 -> -101.25985 | Q22: =N22/K22 -> 0.90794559 | R22: =Q38 -> 0.9082984 | S22: 0.32708333 | T22: 0.36237269 | V22: 50.824031 | AG22: =M22-J22 -> -303.77956 | AH22: =M22/J22 -> 0.90794559 | AI22: =AH38 -> 0.9082984
B23: 18℃-飯糰 | C23: 一配壹號醬炙烤牛飯糰 | E23: 22.28 | F23: 864 | G23: =E23*F23 -> 19249.92 | I23: 5 | J23: 3300 | K23: =J23/I23 -> 660 | L23: 5 | M23: =F23/V23*60 -> 2999.4551 | N23: =M23/L23 -> 599.89101 | O23: =L23-I23 -> 0 | P23: =N23-K23 -> -60.108986 | Q23: =N23/K23 -> 0.90892578 | S23: 0.36527778 | T23: 0.37726852 | U23: 5 | V23: 17.283139 | AG23: =M23-J23 -> -300.54493 | AH23: =M23/J23 -> 0.90892578
B24: 18℃-飯糰 | C24: 一配鹽蔥燒肉飯糰 | E24: 17.89 | F24: 3064 | G24: =E24*F24 -> 54814.96 | I24: 4 | J24: 3300 | K24: =J24/I24 -> 825 | L24: 4 | M24: =F24/V24*60 -> 2996.4787 | N24: =M24/L24 -> 749.11967 | O24: =L24-I24 -> 0 | P24: =N24-K24 -> -75.880327 | Q24: =N24/K24 -> 0.90802385 | S24: 0.38125 | T24: 0.42385417 | U24: 5.7333333 | V24: 61.352013 | AG24: =M24-J24 -> -303.52131 | AH24: =M24/J24 -> 0.90802385
B38: 平均 | I38: =AVERAGE(I22:I37) -> 4 | J38: =AVERAGE(J22:J37) -> 3300 | K38: =J38/I38 -> 825 | L38: =AVERAGE(L22:L37) -> 4 | M38: =AVERAGE(M22:M37) -> 2997.3847 | N38: =M38/L38 -> 749.34618 | O38: =L38-I38 -> 0 | P38: =N38-K38 -> -75.653816 | Q38: =N38/K38 -> 0.9082984 | S38: 0.32708333 | T38: 0.42385417 | Y38: =SUM(Y22:Y37) -> 0 | Z38: =SUM(Z22:Z37) -> 0 | AC38: =SUM(AC22:AC37) -> 0 | AD38: =SUM(AD22:AD37) -> 0 | AG38: =M38-J38 -> -302.61527 | AH38: =M38/J38 -> 0.9082984
A39: GKK3600型 飯糰機 | B39: 18℃-飯糰 | C39: 一配熟成紅鮭飯糰 | E39: 25.03 | F39: 1112 | G39: =E39*F39 -> 27833.36 | I39: 5 | J39: 3600 | K39: =J39/I39 -> 720 | L39: 5 | M39: =F39/V39*60 -> 3207.3496 | N39: =M39/L39 -> 641.46991 | O39: =L39-I39 -> 0 | P39: =N39-K39 -> -78.53009 | Q39: =N39/K39 -> 0.89093043 | R39: =Q55 -> 0.89544298 | S39: 0.25 | T39: 0.26444444 | V39: 20.802223 | AG39: =M39-J39 -> -392.65045 | AH39: =M39/J39 -> 0.89093043 | AI39: =AH55 -> 0.89544298
B40: 18℃-飯糰 | C40: 一配蔬食鮪魚飯糰 | E40: 18.18 | F40: 1231 | G40: =E40*F40 -> 22379.58 | I40: 3 | J40: 3600 | K40: =J40/I40 -> 1200 | L40: 3 | M40: =F40/V40*60 -> 3208.0818 | N40: =M40/L40 -> 1069.3606 | O40: =L40-I40 -> 0 | P40: =N40-K40 -> -130.6394 | Q40: =N40/K40 -> 0.89113384 | S40: 0.27430556 | T40: 0.29028935 | U40: 15 | V40: 23.023104 | AG40: =M40-J40 -> -391.91819 | AH40: =M40/J40 -> 0.89113384
B41: 18℃-飯糰 | C41: 一配柚檸海灣貝飯糰 | E41: 23.72 | F41: 899 | G41: =E41*F41 -> 21324.28 | I41: 5 | J41: 3600 | K41: =J41/I41 -> 720 | L41: 5 | M41: =F41/V41*60 -> 3204.5511 | N41: =M41/L41 -> 640.91023 | O41: =L41-I41 -> 0 | P41: =N41-K41 -> -79.08977 | Q41: =N41/K41 -> 0.8901531 | S41: 0.30069444 | T41: 0.31237269 | U41: 14.983333 | V41: 16.832311 | AG41: =M41-J41 -> -395.44885 | AH41: =M41/J41 -> 0.8901531
B42: 18℃-飯糰 | C42: 一配北海道秋鮭親子飯糰 | E42: 24.82 | F42: 1483 | G42: =E42*F42 -> 36808.06 | I42: 5 | J42: 3600 | K42: =J42/I42 -> 720 | L42: 5 | M42: =F42/V42*60 -> 3205.4877 | N42: =M42/L42 -> 641.09753 | O42: =L42-I42 -> 0 | P42: =N42-K42 -> -78.902468 | Q42: =N42/K42 -> 0.89041324 | S42: 0.32222222 | T42: 0.34149306 | U42: 15 | V42: 27.758647 | AG42: =M42-J42 -> -394.51234 | AH42: =M42/J42 -> 0.89041324
B43: 18℃-飯糰 | C43: 一配黑胡椒洋蔥豬飯糰 | E43: 17.07 | F43: 2377 | G43: =E43*F43 -> 40575.39 | I43: 3 | J43: 3300 | K43: =J43/I43 -> 1100 | L43: 3 | M43: =F43/V43*60 -> 2995.953 | N43: =M43/L43 -> 998.651 | O43: =L43-I43 -> 0 | P43: =N43-K43 -> -101.349 | Q43: =N43/K43 -> 0.90786454 | S43: 0.35138889 | T43: 0.38444444 | U43: 15 | V43: 47.604218 | AG43: =M43-J43 -> -304.04701 | AH43: =M43/J43 -> 0.90786454
B44: 18℃-飯糰 | C44: 一配經典肉鬆飯糰 | E44: 14.03 | F44: 4861 | G44: =E44*F44 -> 68199.83 | I44: 3 | J44: 3000 | K44: =J44/I44 -> 1000 | L44: 3 | M44: =F44/V44*60 -> 2733.2161 | N44: =M44/L44 -> 911.07204 | O44: =L44-I44 -> 0 | P44: =N44-K44 -> -88.927962 | Q44: =N44/K44 -> 0.91107204 | S44: 0.39444444 | T44: 0.46854167 | U44: 15 | V44: 106.70945 | AG44: =M44-J44 -> -266.78389 | AH44: =M44/J44 -> 0.91107204
B45: 18℃-飯糰 | C45: 一配鮪魚飯糰 | E45: 14.28 | F45: 6683 | G45: =E45*F45 -> 95433.24 | I45: 3 | J45: 3600 | K45: =J45/I45 -> 1200 | L45: 3 | M45: =F45/V45*60 -> 3204.6252 | N45: =M45/L45 -> 1068.2084 | O45: =L45-I45 -> 0 | P45: =N45-K45 -> -131.79159 | Q45: =N45/K45 -> 0.89017368 | S45: 0.47847222 | T45: 0.5653588 | U45: 15 | V45: 125.1254 | AG45: =M45-J45 -> -395.37476 | AH45: =M45/J45 -> 0.89017368
B55: 平均 | I55: =AVERAGE(I39:I54) -> 3.8571429 | J55: =AVERAGE(J39:J54) -> 3471.4286 | K55: =J55/I55 -> 900 | L55: =AVERAGE(L39:L54) -> 3.8571429 | M55: =AVERAGE(M39:M54) -> 3108.4664 | N55: =M55/L55 -> 805.89869 | O55: =L55-I55 -> 0 | P55: =N55-K55 -> -94.101315 | Q55: =N55/K55 -> 0.89544298 | S55: 0.25 | T55: 0.5653588 | Y55: =SUM(Y39:Y54) -> 0 | Z55: =SUM(Z39:Z54) -> 0 | AC55: =SUM(AC39:AC54) -> 0 | AD55: =SUM(AD39:AD54) -> 0 | AG55: =M55-J55 -> -362.96221 | AH55: =M55/J55 -> 0.89544298
A56: GKK3600型 飯糰機2 | B56: 18℃-飯糰 | C56: 一配椒鹽檸檬鯖魚飯糰 | E56: 20.72 | F56: 1951 | G56: =E56*F56 -> 40424.72 | I56: 3 | J56: 3600 | K56: =J56/I56 -> 1200 | L56: 3 | M56: =F56/V56*60 -> 3207.1984 | N56: =M56/L56 -> 1069.0661 | O56: =L56-I56 -> 0 | P56: =N56-K56 -> -130.93388 | Q56: =N56/K56 -> 0.89088843 | R56: =Q72 -> 0.89319344 | S56: 0.25 | T56: 0.27533565 | V56: 36.499146 | AG56: =M56-J56 -> -392.80164 | AH56: =M56/J56 -> 0.89088843 | AI56: =AH72 -> 0.89319344
B57: 18℃-飯糰 | C57: 一配贅沢鮭魚肚飯糰 | E57: 30 | F57: 2050 | G57: =E57*F57 -> 61500 | I57: 4 | J57: 3600 | K57: =J57/I57 -> 900 | L57: 4 | M57: =F57/V57*60 -> 3205.5911 | N57: =M57/L57 -> 801.39778 | O57: =L57-I57 -> 0 | P57: =N57-K57 -> -98.602224 | Q57: =N57/K57 -> 0.89044197 | S57: 0.28541667 | T57: 0.31206019 | U57: 14.516667 | V57: 38.370458 | AG57: =M57-J57 -> -394.4089 | AH57: =M57/J57 -> 0.89044197
B58: 18℃-飯糰 | C58: 一配筋子銀鮭飯糰 | E58: 30 | F58: 3249 | G58: =E58*F58 -> 97470 | I58: 4 | J58: 3300 | K58: =J58/I58 -> 825 | L58: 4 | M58: =F58/V58*60 -> 2995.5873 | N58: =M58/L58 -> 748.89684 | O58: =L58-I58 -> 0 | P58: =N58-K58 -> -76.103165 | Q58: =N58/K58 -> 0.90775374 | S58: 0.32222222 | T58: 0.36740741 | U58: 14.633333 | V58: 65.075719 | AG58: =M58-J58 -> -304.41266 | AH58: =M58/J58 -> 0.90775374
B59: 18℃-飯糰 | C59: 一配鹽蔥生鮭飯糰 | E59: 27.48 | F59: 3996 | G59: =E59*F59 -> 109810.08 | I59: 5 | J59: 3600 | K59: =J59/I59 -> 720 | L59: 5 | M59: =F59/V59*60 -> 3205.4459 | N59: =M59/L59 -> 641.08918 | O59: =L59-I59 -> 0 | P59: =N59-K59 -> -78.910825 | Q59: =N59/K59 -> 0.89040163 | S59: 0.37777778 | T59: 0.42971065 | U59: 14.933333 | V59: 74.797707 | AG59: =M59-J59 -> -394.55412 | AH59: =M59/J59 -> 0.89040163
B60: 18℃-飯糰 | C60: 一配明太子龍蝦風味沙拉飯糰 | E60: 18.18 | F60: 2260 | G60: =E60*F60 -> 41086.8 | I60: 3 | J60: 3600 | K60: =J60/I60 -> 1200 | L60: 3 | M60: =F60/V60*60 -> 3205.6217 | N60: =M60/L60 -> 1068.5406 | O60: =L60-I60 -> 0 | P60: =N60-K60 -> -131.45943 | Q60: =N60/K60 -> 0.89045048 | S60: 0.43958333 | T60: 0.46895833 | U60: 15 | V60: 42.300687 | AG60: =M60-J60 -> -394.37828 | AH60: =M60/J60 -> 0.89045048
B61: 18℃-飯糰 | C61: 一配雞肉飯飯糰 | E61: 16.66 | F61: 5374 | G61: =E61*F61 -> 89530.84 | I61: 5 | J61: 3600 | K61: =J61/I61 -> 720 | L61: 5 | M61: =F61/V61*60 -> 3205.5758 | N61: =M61/L61 -> 641.11517 | O61: =L61-I61 -> 0 | P61: =N61-K61 -> -78.884834 | Q61: =N61/K61 -> 0.89043773 | S61: 0.47916667 | T61: 0.5490162 | U61: 14.7 | V61: 100.58723 | AG61: =M61-J61 -> -394.42417 | AH61: =M61/J61 -> 0.89043773
B72: 平均 | I72: =AVERAGE(I56:I71) -> 4 | J72: =AVERAGE(J56:J71) -> 3550 | K72: =J72/I72 -> 887.5 | L72: =AVERAGE(L56:L71) -> 4 | M72: =AVERAGE(M56:M71) -> 3170.8367 | N72: =M72/L72 -> 792.70918 | O72: =L72-I72 -> 0 | P72: =N72-K72 -> -94.790824 | Q72: =N72/K72 -> 0.89319344 | S72: 0.25 | T72: 0.5490162 | Y72: =SUM(Y56:Y71) -> 0 | Z72: =SUM(Z56:Z71) -> 0 | AC72: =SUM(AC56:AC71) -> 0 | AD72: =SUM(AD56:AD71) -> 0 | AG72: =M72-J72 -> -379.1633 | AH72: =M72/J72 -> 0.89319344
A73: 自動包裝機 (二配) | B73: 18℃-飯糰 | C73: 二配兩粒飯糰(鮪魚.焦糖鮭魚) | E73: 28.57 | F73: 1385 | G73: =E73*F73 -> 39569.45 | I73: 12 | J73: 3600 | K73: =J73/I73 -> 300 | L73: 12 | M73: =F73/V73*60 -> 3121.9749 | N73: =M73/L73 -> 260.16458 | O73: =L73-I73 -> 0 | P73: =N73-K73 -> -39.835425 | Q73: =N73/K73 -> 0.86721525 | R73: =Q89 -> 0.89362319 | S73: 0.70833333 | T73: 0.72681713 | V73: 26.617767 | AG73: =M73-J73 -> -478.0251 | AH73: =M73/J73 -> 0.86721525 | AI73: =AH89 -> 0.89362319
B74: 18℃-飯糰 | C74: 二配柚香雞胸五穀飯糰 | E74: 17.71 | F74: 842 | G74: =E74*F74 -> 14911.82 | I74: 5 | J74: 3600 | K74: =J74/I74 -> 720 | L74: 5 | M74: =F74/V74*60 -> 3265.7013 | N74: =M74/L74 -> 653.14026 | O74: =L74-I74 -> 0 | P74: =N74-K74 -> -66.85974 | Q74: =N74/K74 -> 0.90713925 | S74: 0.72986111 | T74: 0.74060185 | U74: 5 | V74: 15.469878 | AG74: =M74-J74 -> -334.2987 | AH74: =M74/J74 -> 0.90713925
B75: 18℃-飯糰 | C75: 二配鮭魚毛豆炊飯飯糰 | E75: 18.92 | F75: 1376 | G75: =E75*F75 -> 26033.92 | I75: 5 | J75: 3600 | K75: =J75/I75 -> 720 | L75: 5 | M75: =F75/V75*60 -> 3263.4542 | N75: =M75/L75 -> 652.69084 | O75: =L75-I75 -> 0 | P75: =N75-K75 -> -67.30916 | Q75: =N75/K75 -> 0.90651506 | S75: 0.74375 | T75: 0.76130787 | U75: 4.5333333 | V75: 25.298348 | AG75: =M75-J75 -> -336.5458 | AH75: =M75/J75 -> 0.90651506
B89: 平均 | I89: =AVERAGE(I73:I88) -> 7.3333333 | J89: =AVERAGE(J73:J88) -> 3600 | K89: =J89/I89 -> 490.90909 | L89: =AVERAGE(L73:L88) -> 7.3333333 | M89: =AVERAGE(M73:M88) -> 3217.0435 | N89: =M89/L89 -> 438.68775 | O89: =L89-I89 -> 0 | P89: =N89-K89 -> -52.221345 | Q89: =N89/K89 -> 0.89362319 | S89: 0.70833333 | T89: 0.76130787 | Y89: =SUM(Y73:Y88) -> 0 | Z89: =SUM(Z73:Z88) -> 0 | AC89: =SUM(AC73:AC88) -> 0 | AD89: =SUM(AD73:AD88) -> 0 | AG89: =M89-J89 -> -382.95653 | AH89: =M89/J89 -> 0.89362319
A90: (新) 3300型飯糰機 (二配) | B90: 18℃-飯糰 | C90: 二配大飯糰乾燒風味鮮蝦 | E90: 23.27 | F90: 665 | G90: =E90*F90 -> 15474.55 | I90: 5 | J90: 3000 | K90: =J90/I90 -> 600 | L90: 5 | M90: =F90/V90*60 -> 2730.6049 | N90: =M90/L90 -> 546.12097 | O90: =L90-I90 -> 0 | P90: =N90-K90 -> -53.879028 | Q90: =N90/K90 -> 0.91020162 | R90: =Q106 -> 0.90934863 | S90: 0.70833333 | T90: 0.71847222 | V90: 14.612147 | AG90: =M90-J90 -> -269.39514 | AH90: =M90/J90 -> 0.91020162 | AI90: =AH106 -> 0.90934863
B91: 18℃-飯糰 | C91: 二配大飯糰韓式蒜烤豬五花 | E91: 24.54 | F91: 1510 | G91: =E91*F91 -> 37055.4 | I91: 4 | J91: 3000 | K91: =J91/I91 -> 750 | L91: 4 | M91: =F91/V91*60 -> 2729.8787 | N91: =M91/L91 -> 682.46967 | O91: =L91-I91 -> 0 | P91: =N91-K91 -> -67.530331 | Q91: =N91/K91 -> 0.90995956 | S91: 0.72222222 | T91: 0.7452662 | U91: 5.4 | V91: 33.188288 | AG91: =M91-J91 -> -270.12132 | AH91: =M91/J91 -> 0.90995956
B92: 18℃-飯糰 | C92: 二配大飯糰泡菜鮪魚 | E92: 24.33 | F92: 1771 | G92: =E92*F92 -> 43088.43 | I92: 4 | J92: 3000 | K92: =J92/I92 -> 750 | L92: 4 | M92: =F92/V92*60 -> 2730.3766 | N92: =M92/L92 -> 682.59416 | O92: =L92-I92 -> 0 | P92: =N92-K92 -> -67.405839 | Q92: =N92/K92 -> 0.91012555 | S92: 0.74861111 | T92: 0.77563657 | U92: 4.8166667 | V92: 38.917708 | AG92: =M92-J92 -> -269.62336 | AH92: =M92/J92 -> 0.91012555
B93: 18℃-飯糰 | C93: 二配壹號醬炙烤牛飯糰 | E93: 22.28 | F93: 1671 | G93: =E93*F93 -> 37229.88 | I93: 5 | J93: 3300 | K93: =J93/I93 -> 660 | L93: 5 | M93: =F93/V93*60 -> 2998.05 | N93: =M93/L93 -> 599.61 | O93: =L93-I93 -> 0 | P93: =N93-K93 -> -60.39 | Q93: =N93/K93 -> 0.9085 | S93: 0.77847222 | T93: 0.80168981 | U93: 5 | V93: 33.441737 | AG93: =M93-J93 -> -301.95 | AH93: =M93/J93 -> 0.9085
B94: 18℃-飯糰 | C94: 二配鹽蔥燒肉飯糰 | E94: 17.89 | F94: 5470 | G94: =E94*F94 -> 97858.3 | I94: 4 | J94: 3300 | K94: =J94/I94 -> 825 | L94: 4 | M94: =F94/V94*60 -> 2996.9284 | N94: =M94/L94 -> 749.2321 | O94: =L94-I94 -> 0 | P94: =N94-K94 -> -75.767902 | Q94: =N94/K94 -> 0.90816012 | S94: 0.80486111 | T94: 0.88090278 | U94: 4.5666667 | V94: 109.51213 | AG94: =M94-J94 -> -303.07161 | AH94: =M94/J94 -> 0.90816012
B106: 平均 | I106: =AVERAGE(I90:I105) -> 4.4 | J106: =AVERAGE(J90:J105) -> 3120 | K106: =J106/I106 -> 709.09091 | L106: =AVERAGE(L90:L105) -> 4.4 | M106: =AVERAGE(M90:M105) -> 2837.1677 | N106: =M106/L106 -> 644.81084 | O106: =L106-I106 -> 0 | P106: =N106-K106 -> -64.280065 | Q106: =N106/K106 -> 0.90934863 | S106: 0.70833333 | T106: 0.88090278 | Y106: =SUM(Y90:Y105) -> 0 | Z106: =SUM(Z90:Z105) -> 0 | AC106: =SUM(AC90:AC105) -> 0 | AD106: =SUM(AD90:AD105) -> 0 | AG106: =M106-J106 -> -282.83229 | AH106: =M106/J106 -> 0.90934863
A107: GKK3600型 飯糰機 (二配) | B107: 18℃-飯糰 | C107: 二配芝麻香鬆飯糰 | E107: 18.18 | F107: 671 | G107: =E107*F107 -> 12198.78 | H107: 2 | I107: 3 | J107: 3000 | K107: =J107/I107 -> 1000 | L107: 3 | M107: =F107/V107*60 -> 2731.9157 | N107: =M107/L107 -> 910.63856 | O107: =L107-I107 -> 0 | P107: =N107-K107 -> -89.361436 | Q107: =N107/K107 -> 0.91063856 | R107: =Q123 -> 0.89985828 | S107: 0.73680556 | T107: 0.74703704 | V107: 14.736912 | AG107: =M107-J107 -> -268.08431 | AH107: =M107/J107 -> 0.91063856 | AI107: =AH123 -> 0.89985828
B108: 18℃-飯糰 | C108: 二配熟成紅鮭飯糰 | E108: 25.03 | F108: 545 | G108: =E108*F108 -> 13641.35 | H108: 2 | I108: 5 | J108: 3600 | K108: =J108/I108 -> 720 | L108: 5 | M108: =F108/V108*60 -> 3205.5487 | N108: =M108/L108 -> 641.10975 | O108: =L108-I108 -> 0 | P108: =N108-K108 -> -78.890251 | Q108: =N108/K108 -> 0.89043021 | S108: 0.75694444 | T108: 0.76402778 | U108: 15 | V108: 10.201062 | AG108: =M108-J108 -> -394.45126 | AH108: =M108/J108 -> 0.89043021
B109: 18℃-飯糰 | C109: 二配經典肉鬆飯糰 | E109: 14.03 | F109: 2379 | G109: =E109*F109 -> 33377.37 | H109: 2 | I109: 3 | J109: 3000 | K109: =J109/I109 -> 1000 | L109: 3 | M109: =F109/V109*60 -> 2732.5401 | N109: =M109/L109 -> 910.8467 | O109: =L109-I109 -> 0 | P109: =N109-K109 -> -89.1533 | Q109: =N109/K109 -> 0.9108467 | S109: 0.77430556 | T109: 0.8105787 | U109: 14.8 | V109: 52.237111 | AG109: =M109-J109 -> -267.4599 | AH109: =M109/J109 -> 0.9108467
B110: 18℃-飯糰 | C110: 二配鮪魚飯糰 | E110: 14.28 | F110: 2849 | G110: =E110*F110 -> 40683.72 | H110: 2 | I110: 3 | J110: 3600 | K110: =J110/I110 -> 1200 | L110: 3 | M110: =F110/V110*60 -> 3208.1248 | N110: =M110/L110 -> 1069.3749 | O110: =L110-I110 -> 0 | P110: =N110-K110 -> -130.62508 | Q110: =N110/K110 -> 0.89114577 | S110: 0.82083333 | T110: 0.85783565 | U110: 14.766667 | V110: 53.283464 | AG110: =M110-J110 -> -391.87523 | AH110: =M110/J110 -> 0.89114577
B111: 18℃-飯糰 | C111: 二配芝麻香鬆飯糰 | E111: 18.18 | F111: 1380 | G111: =E111*F111 -> 25088.4 | I111: 3 | J111: 3000 | K111: =J111/I111 -> 1000 | L111: 3 | M111: =F111/V111*60 -> 2731.9157 | N111: =M111/L111 -> 910.63856 | O111: =L111-I111 -> 0 | P111: =N111-K111 -> -89.361436 | Q111: =N111/K111 -> 0.91063856 | S111: 0.86805556 | T111: 0.88909722 | U111: 14.716667 | V111: 30.308402 | AG111: =M111-J111 -> -268.08431 | AH111: =M111/J111 -> 0.91063856
B112: 18℃-飯糰 | C112: 二配熟成紅鮭飯糰 | E112: 25.03 | F112: 1164 | G112: =E112*F112 -> 29134.92 | I112: 5 | J112: 3600 | K112: =J112/I112 -> 720 | L112: 5 | M112: =F112/V112*60 -> 3205.5487 | N112: =M112/L112 -> 641.10975 | O112: =L112-I112 -> 0 | P112: =N112-K112 -> -78.890251 | Q112: =N112/K112 -> 0.89043021 | S112: 0.89930556 | T112: 0.91443287 | U112: 14.7 | V112: 21.787221 | AG112: =M112-J112 -> -394.45126 | AH112: =M112/J112 -> 0.89043021
B113: 18℃-飯糰 | C113: 二配經典肉鬆飯糰 | E113: 14.03 | F113: 6279 | G113: =E113*F113 -> 88094.37 | I113: 3 | J113: 3000 | K113: =J113/I113 -> 1000 | L113: 3 | M113: =F113/V113*60 -> 2732.5401 | N113: =M113/L113 -> 910.8467 | O113: =L113-I113 -> 0 | P113: =N113-K113 -> -89.1533 | Q113: =N113/K113 -> 0.9108467 | S113: 0.92430556 | T113: 1.0200463 | U113: 15 | V113: 137.87172 | AG113: =M113-J113 -> -267.4599 | AH113: =M113/J113 -> 0.9108467
B114: 18℃-飯糰 | C114: 二配鮪魚飯糰 | E114: 14.28 | F114: 7556 | G114: =E114*F114 -> 107899.68 | I114: 3 | J114: 3600 | K114: =J114/I114 -> 1200 | L114: 3 | M114: =F114/V114*60 -> 3208.1248 | N114: =M114/L114 -> 1069.3749 | O114: =L114-I114 -> 0 | P114: =N114-K114 -> -130.62508 | Q114: =N114/K114 -> 0.89114577 | S114: 1.0298611 | T114: 1.1279861 | U114: 15 | V114: 141.3162 | AG114: =M114-J114 -> -391.87523 | AH114: =M114/J114 -> 0.89114577
B123: 平均 | I123: =AVERAGE(I107:I122) -> 3.5 | J123: =AVERAGE(J107:J122) -> 3300 | K123: =J123/I123 -> 942.85714 | L123: =AVERAGE(L107:L122) -> 3.5 | M123: =AVERAGE(M107:M122) -> 2969.5323 | N123: =M123/L123 -> 848.43781 | O123: =L123-I123 -> 0 | P123: =N123-K123 -> -94.419336 | Q123: =N123/K123 -> 0.89985828 | S123: 0.73680556 | T123: 1.1279861 | Y123: =SUM(Y107:Y122) -> 0 | Z123: =SUM(Z107:Z122) -> 0 | AC123: =SUM(AC107:AC122) -> 0 | AD123: =SUM(AD107:AD122) -> 0 | AG123: =M123-J123 -> -330.46767 | AH123: =M123/J123 -> 0.89985828
A124: GKK3600型 飯糰機2 (二配) | B124: 18℃-飯糰 | C124: 二配蔬食鮪魚飯糰 | E124: 18.18 | F124: 394 | G124: =E124*F124 -> 7162.92 | H124: 2 | I124: 3 | J124: 3600 | K124: =J124/I124 -> 1200 | L124: 3 | M124: =F124/V124*60 -> 3206.0429 | N124: =M124/L124 -> 1068.681 | O124: =L124-I124 -> 0 | P124: =N124-K124 -> -131.31902 | Q124: =N124/K124 -> 0.89056748 | R124: =Q140 -> 0.89027434 | S124: 0.74513889 | T124: 0.75025463 | V124: 7.3735756 | AG124: =M124-J124 -> -393.95706 | AH124: =M124/J124 -> 0.89056748 | AI124: =AH140 -> 0.89027434
B125: 18℃-飯糰 | C125: 二配三杯醬爆菇菇飯糰 | E125: 16.7 | F125: 472 | G125: =E125*F125 -> 7882.4 | H125: 2 | I125: 3 | J125: 3600 | K125: =J125/I125 -> 1200 | L125: 3 | M125: =F125/V125*60 -> 3209.3639 | N125: =M125/L125 -> 1069.788 | O125: =L125-I125 -> 0 | P125: =N125-K125 -> -130.21204 | Q125: =N125/K125 -> 0.89148997 | S125: 0.76041667 | T125: 0.76653935 | U125: 14.633333 | V125: 8.8241786 | AG125: =M125-J125 -> -390.63611 | AH125: =M125/J125 -> 0.89148997
B126: 18℃-飯糰 | C126: 二配贅沢鮭魚肚飯糰 | E126: 30 | F126: 765 | G126: =E126*F126 -> 22950 | H126: 2 | I126: 4 | J126: 3600 | K126: =J126/I126 -> 900 | L126: 4 | M126: =F126/V126*60 -> 3205.2 | N126: =M126/L126 -> 801.30001 | O126: =L126-I126 -> 0 | P126: =N126-K126 -> -98.699992 | Q126: =N126/K126 -> 0.89033334 | S126: 0.77638889 | T126: 0.78633102 | U126: 15 | V126: 14.320479 | AG126: =M126-J126 -> -394.79997 | AH126: =M126/J126 -> 0.89033334
B127: 18℃-飯糰 | C127: 二配北海道秋鮭親子飯糰 | E127: 24.82 | F127: 752 | G127: =E127*F127 -> 18664.64 | H127: 2 | I127: 5 | J127: 3600 | K127: =J127/I127 -> 720 | L127: 5 | M127: =F127/V127*60 -> 3204.3932 | N127: =M127/L127 -> 640.87863 | O127: =L127-I127 -> 0 | P127: =N127-K127 -> -79.12137 | Q127: =N127/K127 -> 0.89010921 | S127: 0.79652778 | T127: 0.8062963 | U127: 14.683333 | V127: 14.080669 | AG127: =M127-J127 -> -395.60685 | AH127: =M127/J127 -> 0.89010921
B128: 18℃-飯糰 | C128: 二配明太子龍蝦風味沙拉飯糰 | E128: 18.18 | F128: 1074 | G128: =E128*F128 -> 19525.32 | H128: 2 | I128: 3 | J128: 3600 | K128: =J128/I128 -> 1200 | L128: 3 | M128: =F128/V128*60 -> 3202.7097 | N128: =M128/L128 -> 1067.5699 | O128: =L128-I128 -> 0 | P128: =N128-K128 -> -132.43011 | Q128: =N128/K128 -> 0.88964157 | S128: 0.81666667 | T128: 0.83063657 | U128: 14.933333 | V128: 20.120463 | AG128: =M128-J128 -> -397.29033 | AH128: =M128/J128 -> 0.88964157
B129: 18℃-飯糰 | C129: 二配雞肉飯飯糰 | E129: 16.66 | F129: 2389 | G129: =E129*F129 -> 39800.74 | H129: 2 | I129: 5 | J129: 3600 | K129: =J129/I129 -> 720 | L129: 5 | M129: =F129/V129*60 -> 3206.6279 | N129: =M129/L129 -> 641.32557 | O129: =L129-I129 -> 0 | P129: =N129-K129 -> -78.674426 | Q129: =N129/K129 -> 0.89072996 | S129: 0.84097222 | T129: 0.87201389 | U129: 14.883333 | V129: 44.701164 | AG129: =M129-J129 -> -393.37213 | AH129: =M129/J129 -> 0.89072996
B130: 18℃-飯糰 | C130: 二配蔬食鮪魚飯糰 | E130: 18.18 | F130: 939 | G130: =E130*F130 -> 17071.02 | I130: 3 | J130: 3600 | K130: =J130/I130 -> 1200 | L130: 3 | M130: =F130/V130*60 -> 3206.0429 | N130: =M130/L130 -> 1068.681 | O130: =L130-I130 -> 0 | P130: =N130-K130 -> -131.31902 | Q130: =N130/K130 -> 0.89056748 | S130: 0.88194444 | T130: 0.89414352 | U130: 15 | V130: 17.573065 | AG130: =M130-J130 -> -393.95706 | AH130: =M130/J130 -> 0.89056748
B131: 18℃-飯糰 | C131: 二配三杯醬爆菇菇飯糰 | E131: 16.7 | F131: 1056 | G131: =E131*F131 -> 17635.2 | I131: 3 | J131: 3600 | K131: =J131/I131 -> 1200 | L131: 3 | M131: =F131/V131*60 -> 3203.7254 | N131: =M131/L131 -> 1067.9085 | O131: =L131-I131 -> 0 | P131: =N131-K131 -> -132.09153 | Q131: =N131/K131 -> 0.88992373 | S131: 0.90416667 | T131: 0.91789352 | U131: 15 | V131: 19.776976 | AG131: =M131-J131 -> -396.27458 | AH131: =M131/J131 -> 0.88992373
B132: 18℃-飯糰 | C132: 二配贅沢鮭魚肚飯糰 | E132: 30 | F132: 1767 | G132: =E132*F132 -> 53010 | I132: 4 | J132: 3600 | K132: =J132/I132 -> 900 | L132: 4 | M132: =F132/V132*60 -> 3205.2 | N132: =M132/L132 -> 801.30001 | O132: =L132-I132 -> 0 | P132: =N132-K132 -> -98.699992 | Q132: =N132/K132 -> 0.89033334 | S132: 0.92777778 | T132: 0.95074074 | U132: 15 | V132: 33.077499 | AG132: =M132-J132 -> -394.79997 | AH132: =M132/J132 -> 0.89033334
B133: 18℃-飯糰 | C133: 二配北海道秋鮭親子飯糰 | E133: 24.82 | F133: 1723 | G133: =E133*F133 -> 42764.86 | I133: 5 | J133: 3600 | K133: =J133/I133 -> 720 | L133: 5 | M133: =F133/V133*60 -> 3204.3932 | N133: =M133/L133 -> 640.87863 | O133: =L133-I133 -> 0 | P133: =N133-K133 -> -79.12137 | Q133: =N133/K133 -> 0.89010921 | S133: 0.96111111 | T133: 0.98350694 | U133: 14.933333 | V133: 32.261959 | AG133: =M133-J133 -> -395.60685 | AH133: =M133/J133 -> 0.89010921
B134: 18℃-飯糰 | C134: 二配明太子龍蝦風味沙拉飯糰 | E134: 18.18 | F134: 2646 | G134: =E134*F134 -> 48104.28 | I134: 3 | J134: 3600 | K134: =J134/I134 -> 1200 | L134: 3 | M134: =F134/V134*60 -> 3202.7097 | N134: =M134/L134 -> 1067.5699 | O134: =L134-I134 -> 0 | P134: =N134-K134 -> -132.43011 | Q134: =N134/K134 -> 0.88964157 | S134: 0.99375 | T134: 1.0281713 | U134: 14.75 | V134: 49.570525 | AG134: =M134-J134 -> -397.29033 | AH134: =M134/J134 -> 0.88964157
B135: 18℃-飯糰 | C135: 二配雞肉飯飯糰 | E135: 16.66 | F135: 6047 | G135: =E135*F135 -> 100743.02 | I135: 5 | J135: 3600 | K135: =J135/I135 -> 720 | L135: 5 | M135: =F135/V135*60 -> 3203.4429 | N135: =M135/L135 -> 640.68858 | O135: =L135-I135 -> 0 | P135: =N135-K135 -> -79.311421 | Q135: =N135/K135 -> 0.88984525 | S135: 1.0381944 | T135: 1.1168403 | U135: 15 | V135: 113.25939 | AG135: =M135-J135 -> -396.55711 | AH135: =M135/J135 -> 0.88984525
B140: 平均 | I140: =AVERAGE(I124:I139) -> 3.8333333 | J140: =AVERAGE(J124:J139) -> 3600 | K140: =J140/I140 -> 939.13043 | L140: =AVERAGE(L124:L139) -> 3.8333333 | M140: =AVERAGE(M124:M139) -> 3204.9876 | N140: =M140/L140 -> 836.08373 | O140: =L140-I140 -> 0 | P140: =N140-K140 -> -103.0467 | Q140: =N140/K140 -> 0.89027434 | S140: 0.74513889 | T140: 1.1168403 | Y140: =SUM(Y124:Y139) -> 0 | Z140: =SUM(Z124:Z139) -> 0 | AC140: =SUM(AC124:AC139) -> 0 | AD140: =SUM(AD124:AD139) -> 0 | AG140: =M140-J140 -> -395.01236 | AH140: =M140/J140 -> 0.89027434
AA142: 原因回覆 | AE142: 原因回覆
AA143: 1.當日出勤人數較多 | AE143: 1.當日出勤人數較多
AA144: 2.當日出勤人數較少 | AE144: 2.當日出勤人數較少
AA145: 3.當日出勤熟手較多 | AE145: 3.當日出勤熟手較多
AA146: 4.當日出勤新人較多 | AE146: 4.當日出勤新人較多
AA147: 5.機台夾盒 | AE147: 5.機台夾盒
AA148: 6.封膜不順 | AE148: 6.封膜不順
AA149: 7.更換膠膜 | AE149: 7.更換膠膜
AA150: 8.更換碳帶 | AE150: 8.更換碳帶
AA151: 9.當日熱轉印碳帶異常 | AE151: 9.當日熱轉印碳帶異常
AA152: 10.訂單量過少 | AE152: 10.訂單量過少
AA153: 11.新品上市，尚未熟悉 | AE153: 11.新品上市，尚未熟悉
AA154: 12.活動期間品項需貼標 | AE154: 12.活動期間品項需貼標

Sheet 0728(4度C)
A1: 大溪廠日報分析 | C1: 總生產量 | D1: =SUM(F5:F140) -> 98807 | E1: 營業額 | F1: =SUM(G5:G140) -> 4320331.8 | G1: 出勤人數 | H1: =L21+L38+L55+L72+L89+L106+L123+L140 -> 136.85952 | I1: 產線配置圖 | L1: 生產實績 | O1: 人時性差異分析 | S1: 日報登錄 | Y1: 合計次數 | Z1: 合計(時間/分) | AA1: 產線異常 分析說明(5分鐘以上) | AC1: 合計次數 | AD1: 合計(時間/分) | AE1: 產能差異分析
A2: 46231 | C2: 人時性 | D2: =AVERAGE(N21,N38,N55,N72,N89,N106,N123,N140) -> 195.68998 | E2: 平均廠價 | F2: =F1/D1 -> 43.724957 | G2: 多次生產數 | H2: =COUNT(H5:H140) -> 3 | Y2: =SUM(Y21,Y38,Y55,Y72,Y89,Y106,Y123,Y140) -> 0 | Z2: =SUM(Z21,Z38,Z55,Z72,Z89,Z106,Z123,Z140) -> 0 | AC2: =SUM(AC21,AC38,AC55,AC72,AC89,AC106,AC123,AC140) -> 0 | AD2: =SUM(AD21,AD38,AD55,AD72,AD89,AD106,AD123,AD140) -> 0
A3: 線別 | B3: 品類 | C3: 品名 | E3: 廠價 | F3: 生產量 | G3: 營收 | H3: 多次 生產 | I3: 人數 | J3: 產能/時 | K3: 人時性 | L3: 人數 | M3: 產能/時 | N3: 人時性 | O3: 人數 | P3: 人時性 | Q3: 達成率 | R3: 達成率 平均 | S3: 生產時間 | U3: 換線、休息/分 | V3: 稼動時間/分 | W3: 休息時間 | Y3: 產線異常統計(5分鐘以上) | AA3: (屏榮回填) | AC3: 短暫停線統計(5分鐘以下) | AE3: 產能/時 | AF3: 達成率 | AG3: 達成率平均
S4: 開始 | T4: 結束 | W4: 開始 | X4: 結束 | Y4: 次數 | Z4: 時間/分 | AC4: 總次數 | AD4: 設備因素(次數)
A5: 便當二線 | B5: 微波小吃 | C5: 日式茶碗蒸 | E5: 19.7 | F5: 3342 | G5: =E5*F5 -> 65837.4 | I5: 13 | J5: 1200 | K5: =J5/I5 -> 92.307692 | L5: 13 | M5: =F5/V5*60 -> 1083.0873 | N5: =M5/L5 -> 83.314407 | O5: =L5-I5 -> 0 | P5: =N5-K5 -> -8.9932855 | Q5: =N5/K5 -> 0.90257274 | R5: =Q21 -> 0.89912751 | S5: 0.16666667 | T5: 0.29523148 | V5: 185.13743 | AE5: =M5-J5 -> -116.91271 | AF5: =M5/J5 -> 0.90257274 | AG5: =AF21 -> 0.89912751
B6: 微波主食 | C6: 糖燻野郎三十天熟成牛飯 | E6: 56.43 | F6: 4513 | G6: =E6*F6 -> 254668.59 | I6: 24 | J6: 2000 | K6: =J6/I6 -> 83.333333 | L6: 24 | M6: =F6/V6*60 -> 1796.7735 | N6: =M6/L6 -> 74.865564 | O6: =L6-I6 -> 0 | P6: =N6-K6 -> -8.4677697 | Q6: =N6/K6 -> 0.89838676 | S6: 0.29861111 | T6: 0.40326389 | U6: 4.8666667 | V6: 150.70347 | AE6: =M6-J6 -> -203.22647 | AF6: =M6/J6 -> 0.89838676
B7: 便當 | C7: 香檸奶油魚排蔬滿盒 | E7: 77.35 | F7: 693 | G7: =E7*F7 -> 53603.55 | I7: 25 | J7: 2000 | K7: =J7/I7 -> 80 | L7: 25 | M7: =F7/V7*60 -> 1796.6925 | N7: =M7/L7 -> 71.867701 | O7: =L7-I7 -> 0 | P7: =N7-K7 -> -8.1322987 | Q7: =N7/K7 -> 0.89834627 | S7: 0.40625 | T7: 0.42231481 | U7: 5 | V7: 23.142524 | AE7: =M7-J7 -> -203.30747 | AF7: =M7/J7 -> 0.89834627
B8: 便當 | C8: 嫩烤香料雞胸排蔬滿盒 | E8: 77.34 | F8: 1975 | G8: =E8*F8 -> 152746.5 | I8: 23 | J8: 2000 | K8: =J8/I8 -> 86.956522 | L8: 23 | M8: =F8/V8*60 -> 1797.4081 | N8: =M8/L8 -> 78.148178 | O8: =L8-I8 -> 0 | P8: =N8-K8 -> -8.8083436 | Q8: =N8/K8 -> 0.89870405 | S8: 0.42638889 | T8: 0.47216435 | U8: 5.8666667 | V8: 65.928266 | W8: 0.47216435 | X8: 0.50972222 | AE8: =M8-J8 -> -202.5919 | AF8: =M8/J8 -> 0.89870405
B9: 便當 | C9: 健身G肉餐盒 | E9: 59.52 | F9: 5285 | G9: =E9*F9 -> 314563.2 | I9: 24 | J9: 2000 | K9: =J9/I9 -> 83.333333 | L9: 24 | M9: =F9/V9*60 -> 1798.0117 | N9: =M9/L9 -> 74.917153 | O9: =L9-I9 -> 0 | P9: =N9-K9 -> -8.4161803 | Q9: =N9/K9 -> 0.89900584 | S9: 0.50972222 | T9: 0.6321875 | U9: 55 | V9: 176.36148 | AE9: =M9-J9 -> -201.98833 | AF9: =M9/J9 -> 0.89900584
B21: 平均 | I21: =AVERAGE(I5:I20) -> 21.8 | J21: =AVERAGE(J5:J20) -> 1840 | K21: =J21/I21 -> 84.40367 | L21: =AVERAGE(L5:L20) -> 21.8 | M21: =AVERAGE(M5:M20) -> 1654.3946 | N21: =M21/L21 -> 75.889662 | O21: =L21-I21 -> 0 | P21: =N21-K21 -> -8.5140081 | Q21: =N21/K21 -> 0.89912751 | S21: 0.16666667 | T21: 0.6321875 | Y21: =SUM(Y5:Y20) -> 0 | Z21: =SUM(Z5:Z20) -> 0 | AC21: =SUM(AC5:AC20) -> 0 | AD21: =SUM(AD5:AD20) -> 0 | AE21: =M21-J21 -> -185.60538 | AF21: =M21/J21 -> 0.89912751
A22: 涼麵一線 | B22: 4℃-壽司手卷 | C22: 海陸雙拼壽司 | E22: 36.45 | F22: 2548 | G22: =E22*F22 -> 92874.6 | I22: 20 | J22: 2100 | K22: =J22/I22 -> 105 | L22: 20 | M22: =F22/V22*60 -> 1893.0683 | N22: =M22/L22 -> 94.653417 | O22: =L22-I22 -> 0 | P22: =N22-K22 -> -10.346583 | Q22: =N22/K22 -> 0.90146112 | R22: =Q38 -> 0.90246362 | S22: 0.16666667 | T22: 0.22274306 | V22: 80.757782 | AE22: =M22-J22 -> -206.93166 | AF22: =M22/J22 -> 0.90146112 | AG22: =AF38 -> 0.90864488
B23: 微波小吃 | C23: 馬鈴薯玉米濃湯 | E23: 31.72 | F23: 1590 | G23: =E23*F23 -> 50434.8 | I23: 22 | J23: 2000 | K23: =J23/I23 -> 90.909091 | L23: 22 | M23: =F23/V23*60 -> 1800.2275 | N23: =M23/L23 -> 81.828523 | O23: =L23-I23 -> 0 | P23: =N23-K23 -> -9.0805675 | Q23: =N23/K23 -> 0.90011376 | S23: 0.22569444 | T23: 0.26248843 | U23: 5 | V23: 52.993302 | AE23: =M23-J23 -> -199.77249 | AF23: =M23/J23 -> 0.90011376
B24: 微波小吃 | C24: 三合一味噌湯 | E24: 34.79 | F24: 1551 | G24: =E24*F24 -> 53959.29 | I24: 11 | J24: 2000 | K24: =J24/I24 -> 181.81818 | L24: 11 | M24: =F24/V24*60 -> 1807.928 | N24: =M24/L24 -> 164.35709 | O24: =L24-I24 -> 0 | P24: =N24-K24 -> -17.461091 | Q24: =N24/K24 -> 0.903964 | S24: 0.26527778 | T24: 0.30101852 | U24: 5 | V24: 51.473289 | AE24: =M24-J24 -> -192.072 | AF24: =M24/J24 -> 0.903964
B25: 微波小吃 | C25: 蒸蛋湯 | E25: 33.2 | F25: 3007 | G25: =E25*F25 -> 99832.4 | I25: 11 | J25: 2000 | K25: =J25/I25 -> 181.81818 | L25: 11 | M25: =F25/V25*60 -> 1807.7725 | N25: =M25/L25 -> 164.34295 | O25: =L25-I25 -> 0 | P25: =N25-K25 -> -17.475231 | Q25: =N25/K25 -> 0.90388623 | S25: 0.30416667 | T25: 0.37347222 | U25: 4.5333333 | V25: 99.802383 | AE25: =M25-J25 -> -192.22754 | AF25: =M25/J25 -> 0.90388623
B26: 微波小吃 | C26: 越式牛肉寬粉 | E26: 51.44 | F26: 1917 | G26: =E26*F26 -> 98610.48 | I26: 19 | J26: 2000 | K26: =J26/I26 -> 105.26316 | L26: 19 | M26: =F26/V26*60 -> 1801.3709 | N26: =M26/L26 -> 94.808996 | O26: =L26-I26 -> 0 | P26: =N26-K26 -> -10.454162 | Q26: =N26/K26 -> 0.90068546 | S26: 0.37708333 | T26: 0.42142361 | U26: 5.2 | V26: 63.85137 | AE26: =M26-J26 -> -198.62908 | AF26: =M26/J26 -> 0.90068546
B27: 微波主食 | C27: 日式鮭魚茶泡烤飯 | E27: 46.34 | F27: 1220 | G27: =E27*F27 -> 56534.8 | H27: 2 | I27: 21 | J27: 1800 | K27: =J27/I27 -> 85.714286 | L27: 21 | M27: =F27/V27*60 -> 1623.2761 | N27: =M27/L27 -> 77.298862 | O27: =L27-I27 -> 0 | P27: =N27-K27 -> -8.4154233 | Q27: =N27/K27 -> 0.90182006 | S27: 0.42430556 | T27: 0.45561343 | U27: 5 | V27: 45.093992 | W27: 0.45561343 | X27: 0.49375 | AE27: =M27-J27 -> -176.72389 | AF27: =M27/J27 -> 0.90182006
B28: 4℃-飯糰 | C28: 麻油雞飯糰 | E28: 29.97 | F28: 2424 | G28: =E28*F28 -> 72647.28 | I28: 21 | J28: 2790 | K28: =J28/I28 -> 132.85714 | L28: 22 | M28: =F28/V28*60 -> 2626.6346 | N28: =M28/L28 -> 119.39248 | O28: =L28-I28 -> 1 | P28: =N28-K28 -> -13.46466 | Q28: =N28/K28 -> 0.89865309 | S28: 0.49375 | T28: 0.53219907 | U28: 54.916667 | V28: 55.371234 | AE28: =M28-J28 -> -163.36538 | AF28: =M28/J28 -> 0.9414461
B29: 微波主食 | C29: 日式鮭魚茶泡烤飯 | E29: 46.34 | F29: 1738 | G29: =E29*F29 -> 80538.92 | I29: 21 | J29: 1800 | K29: =J29/I29 -> 85.714286 | L29: 21 | M29: =F29/V29*60 -> 1623.2761 | N29: =M29/L29 -> 77.298862 | O29: =L29-I29 -> 0 | P29: =N29-K29 -> -8.4154233 | Q29: =N29/K29 -> 0.90182006 | S29: 0.53541667 | T29: 0.58002315 | U29: 4.6333333 | V29: 64.240457 | AE29: =M29-J29 -> -176.72389 | AF29: =M29/J29 -> 0.90182006
B38: 平均 | I38: =AVERAGE(I22:I37) -> 18.25 | J38: =AVERAGE(J22:J37) -> 2061.25 | K38: =J38/I38 -> 112.94521 | L38: =AVERAGE(L22:L37) -> 18.375 | M38: =AVERAGE(M22:M37) -> 1872.9443 | N38: =M38/L38 -> 101.92894 | O38: =L38-I38 -> 0.125 | P38: =N38-K38 -> -11.016266 | Q38: =N38/K38 -> 0.90246362 | S38: 0.16666667 | T38: 0.58002315 | Y38: =SUM(Y22:Y37) -> 0 | Z38: =SUM(Z22:Z37) -> 0 | AC38: =SUM(AC22:AC37) -> 0 | AD38: =SUM(AD22:AD37) -> 0 | AE38: =M38-J38 -> -188.30574 | AF38: =M38/J38 -> 0.90864488
A39: 涼麵二線 | B39: 便當 | C39: 香腸腿排雙拼便當 | E39: 53.76 | F39: 2901 | G39: =E39*F39 -> 155957.76 | I39: 20 | J39: 2000 | K39: =J39/I39 -> 100 | L39: 20 | M39: =F39/V39*60 -> 1795.344 | N39: =M39/L39 -> 89.767202 | O39: =L39-I39 -> 0 | P39: =N39-K39 -> -10.232798 | Q39: =N39/K39 -> 0.89767202 | R39: =Q55 -> 0.89841333 | S39: 0.16666667 | T39: 0.23399306 | V39: 96.950777 | AE39: =M39-J39 -> -204.65595 | AF39: =M39/J39 -> 0.89767202 | AG39: =AF55 -> 0.89841333
B40: 便當 | C40: 蔬活腿排補力餐盒 | E40: 71.55 | F40: 2169 | G40: =E40*F40 -> 155191.95 | I40: 22 | J40: 2000 | K40: =J40/I40 -> 90.909091 | L40: 22 | M40: =F40/V40*60 -> 1797.0029 | N40: =M40/L40 -> 81.68195 | O40: =L40-I40 -> 0 | P40: =N40-K40 -> -9.2271407 | Q40: =N40/K40 -> 0.89850145 | S40: 0.2375 | T40: 0.28778935 | U40: 5.05 | V40: 72.420584 | AE40: =M40-J40 -> -202.9971 | AF40: =M40/J40 -> 0.89850145
B41: 便當 | C41: 地中海布格麥烤魚餐盒 | E41: 63.92 | F41: 1781 | G41: =E41*F41 -> 113841.52 | I41: 24 | J41: 2000 | K41: =J41/I41 -> 83.333333 | L41: 24 | M41: =F41/V41*60 -> 1797.4273 | N41: =M41/L41 -> 74.892803 | O41: =L41-I41 -> 0 | P41: =N41-K41 -> -8.4405307 | Q41: =N41/K41 -> 0.89871363 | S41: 0.29097222 | T41: 0.33225694 | U41: 4.5833333 | V41: 59.451641 | AE41: =M41-J41 -> -202.57274 | AF41: =M41/J41 -> 0.89871363
B42: 便當 | C42: 烤蛋白餐盒 | E42: 58.67 | F42: 1156 | G42: =E42*F42 -> 67822.52 | H42: 2 | I42: 23 | J42: 2000 | K42: =J42/I42 -> 86.956522 | L42: 23 | M42: =F42/V42*60 -> 1796.2544 | N42: =M42/L42 -> 78.098019 | O42: =L42-I42 -> 0 | P42: =N42-K42 -> -8.8585029 | Q42: =N42/K42 -> 0.89812722 | S42: 0.33541667 | T42: 0.36222222 | U42: 4.55 | V42: 38.613683 | AE42: =M42-J42 -> -203.74557 | AF42: =M42/J42 -> 0.89812722
B43: 便當 | C43: 海陸雙拼肉肉餐盒 | E43: 59.54 | F43: 3029 | G43: =E43*F43 -> 180346.66 | I43: 23 | J43: 2000 | K43: =J43/I43 -> 86.956522 | L43: 23 | M43: =F43/V43*60 -> 1796.8576 | N43: =M43/L43 -> 78.124244 | O43: =L43-I43 -> 0 | P43: =N43-K43 -> -8.8322781 | Q43: =N43/K43 -> 0.8984288 | S43: 0.36597222 | T43: 0.4362037 | U43: 5.4 | V43: 101.14324 | W43: 0.4362037 | X43: 0.475 | AE43: =M43-J43 -> -203.1424 | AF43: =M43/J43 -> 0.8984288
B44: 便當 | C44: 懷舊滷雙拼便當 | E44: 61.09 | F44: 2923 | G44: =E44*F44 -> 178566.07 | I44: 20 | J44: 2000 | K44: =J44/I44 -> 100 | L44: 20 | M44: =F44/V44*60 -> 1798.6459 | N44: =M44/L44 -> 89.932295 | O44: =L44-I44 -> 0 | P44: =N44-K44 -> -10.067705 | Q44: =N44/K44 -> 0.89932295 | S44: 0.475 | T44: 0.54270833 | U44: 55.866667 | V44: 97.506685 | AE44: =M44-J44 -> -201.35409 | AF44: =M44/J44 -> 0.89932295
B45: 便當 | C45: 烤蛋白餐盒 | E45: 58.67 | F45: 2898 | G45: =E45*F45 -> 170025.66 | I45: 23 | J45: 2000 | K45: =J45/I45 -> 86.956522 | L45: 23 | M45: =F45/V45*60 -> 1796.2544 | N45: =M45/L45 -> 78.098019 | O45: =L45-I45 -> 0 | P45: =N45-K45 -> -8.8585029 | Q45: =N45/K45 -> 0.89812722 | S45: 0.54652778 | T45: 0.61375 | U45: 5.5 | V45: 96.801431 | AE45: =M45-J45 -> -203.74557 | AF45: =M45/J45 -> 0.89812722
B55: 平均 | I55: =AVERAGE(I39:I54) -> 22.142857 | J55: =AVERAGE(J39:J54) -> 2000 | K55: =J55/I55 -> 90.322581 | L55: =AVERAGE(L39:L54) -> 22.142857 | M55: =AVERAGE(M39:M54) -> 1796.8267 | N55: =M55/L55 -> 81.14701 | O55: =L55-I55 -> 0 | P55: =N55-K55 -> -9.1755704 | Q55: =N55/K55 -> 0.89841333 | S55: 0.16666667 | T55: 0.61375 | Y55: =SUM(Y39:Y54) -> 0 | Z55: =SUM(Z39:Z54) -> 0 | AC55: =SUM(AC39:AC54) -> 0 | AD55: =SUM(AD39:AD54) -> 0 | AE55: =M55-J55 -> -203.17334 | AF55: =M55/J55 -> 0.89841333
A56: 涼麵三線 | B56: 季節調理麵 | C56: 和風涓絲冷麵 | E56: 28.86 | F56: 2447 | G56: =E56*F56 -> 70620.42 | I56: 19 | J56: 3600 | K56: =J56/I56 -> 189.47368 | L56: 19 | M56: =F56/V56*60 -> 3191.8379 | N56: =M56/L56 -> 167.99147 | O56: =L56-I56 -> 0 | P56: =N56-K56 -> -21.482214 | Q56: =N56/K56 -> 0.88662165 | R56: =Q72 -> 0.90171885 | S56: 0.16666667 | T56: 0.19859954 | V56: 45.998576 | AE56: =M56-J56 -> -408.16206 | AF56: =M56/J56 -> 0.88662165 | AG56: =AF72 -> 0.90171885
B57: 季節調理麵 | C57: 嘉義崇文白醋涼麵 | E57: 35.89 | F57: 3277 | G57: =E57*F57 -> 117611.53 | I57: 19 | J57: 3600 | K57: =J57/I57 -> 189.47368 | L57: 19 | M57: =F57/V57*60 -> 3193.4624 | N57: =M57/L57 -> 168.07697 | O57: =L57-I57 -> 0 | P57: =N57-K57 -> -21.396718 | Q57: =N57/K57 -> 0.88707288 | S57: 0.20138889 | T57: 0.24414352 | U57: 5 | V57: 61.569538 | AE57: =M57-J57 -> -406.53765 | AF57: =M57/J57 -> 0.88707288
B58: 季節調理麵 | C58: 招牌雞絲胡麻涼麵 | E58: 43.96 | F58: 1673 | G58: =E58*F58 -> 73545.08 | I58: 24 | J58: 3600 | K58: =J58/I58 -> 150 | L58: 24 | M58: =F58/V58*60 -> 3263.8648 | N58: =M58/L58 -> 135.99437 | O58: =L58-I58 -> 0 | P58: =N58-K58 -> -14.005633 | Q58: =N58/K58 -> 0.90662911 | S58: 0.24722222 | T58: 0.26857639 | U58: 5 | V58: 30.75495 | AE58: =M58-J58 -> -336.13519 | AF58: =M58/J58 -> 0.90662911
B59: 季節調理麵 | C59: 日式胡麻雞絲冷麵 | E59: 46.93 | F59: 1291 | G59: =E59*F59 -> 60586.63 | I59: 24 | J59: 3600 | K59: =J59/I59 -> 150 | L59: 24 | M59: =F59/V59*60 -> 3266.1257 | N59: =M59/L59 -> 136.08857 | O59: =L59-I59 -> 0 | P59: =N59-K59 -> -13.911429 | Q59: =N59/K59 -> 0.90725714 | S59: 0.27222222 | T59: 0.28868056 | U59: 5.25 | V59: 23.716172 | AE59: =M59-J59 -> -333.87429 | AF59: =M59/J59 -> 0.90725714
B60: 季節調理麵 | C60: 日式蕎麥沾麵 | E60: 36.73 | F60: 3221 | G60: =E60*F60 -> 118307.33 | I60: 20 | J60: 3600 | K60: =J60/I60 -> 180 | L60: 20 | M60: =F60/V60*60 -> 3261.1767 | N60: =M60/L60 -> 163.05884 | O60: =L60-I60 -> 0 | P60: =N60-K60 -> -16.941164 | Q60: =N60/K60 -> 0.90588242 | S60: 0.29166667 | T60: 0.3328125 | U60: 5 | V60: 59.260818 | AE60: =M60-J60 -> -338.82329 | AF60: =M60/J60 -> 0.90588242
B61: 季節調理麵 | C61: 月見烏龍冷麵 | E61: 48.4 | F61: 2398 | G61: =E61*F61 -> 116063.2 | I61: 22 | J61: 3600 | K61: =J61/I61 -> 163.63636 | L61: 22 | M61: =F61/V61*60 -> 3262.2652 | N61: =M61/L61 -> 148.28478 | O61: =L61-I61 -> 0 | P61: =N61-K61 -> -15.351581 | Q61: =N61/K61 -> 0.90618478 | S61: 0.33611111 | T61: 0.36673611 | U61: 4.75 | V61: 44.104323 | AE61: =M61-J61 -> -337.73479 | AF61: =M61/J61 -> 0.90618478
B62: 季節調理麵 | C62: 大滿足香辣涼麵 | E62: 38.48 | F62: 4899 | G62: =E62*F62 -> 188513.52 | I62: 20 | J62: 3600 | K62: =J62/I62 -> 180 | L62: 20 | M62: =F62/V62*60 -> 3266.0612 | N62: =M62/L62 -> 163.30306 | O62: =L62-I62 -> 0 | P62: =N62-K62 -> -16.69694 | Q62: =N62/K62 -> 0.90723922 | S62: 0.37083333 | T62: 0.43332176 | U62: 5.9 | V62: 89.998314 | W62: 0.43332176 | X62: 0.47222222 | AE62: =M62-J62 -> -333.9388 | AF62: =M62/J62 -> 0.90723922
