Workbook

Sheet 0930
B1: 屏榮 大溪廠組合室生產人時性分析
B3: 日期 | C3: 115.09.30星期三 | E3: 訂單量 | F3: ='0930(18度C)'!D1+'0930(4度C)'!D1 -> 150408 | H3: 營業額 | I3: ='0930(18度C)'!F1+'0930(4度C)'!F1 -> 4733864.6
B4: 人時性 | C4: 項目 | E4: ➀ | G4: ➁ | I4: ➂ | K4: ④ | M4: ⑤ | O4: 異常停線 | Q4: 短暫停線
C5: 組合室 | E5: 全溫層 | G5: 4度C-各編組展開(一配) | I5: 4度C-各編組展開(二配) | K5: 18度C-各編組展開(一配) | M5: 18度C-各編組展開(二配) | O5: 合計次數 | P5: 時間 | Q5: 合計次數 | R5: 設備次數
C6: 排關平均 | E6: =AVERAGE(D14:O14,D32:X32) -> 473.31811 | F6: =AVERAGE(#REF!,D14:K14) -> #REF! | G6: =AVERAGE(D14:K14) -> 274.37434 | I6: =AVERAGE(L14:O14) -> 94.325718 | K6: =AVERAGE(D32:O32) -> 716.27883 | M6: =AVERAGE(P32:X32) -> 718.26923 | O6: ='0930(4度C)'!Y2 -> 0 | P6: ='0930(4度C)'!Z2 -> 0 | Q6: ='0930(4度C)'!AC2 -> 0 | R6: ='0930(4度C)'!AD2 -> 0
C7: 實績平均 | E7: =AVERAGE(D15:O15,D33:X33) -> 429.4493 | F7: =AVERAGE(#REF!,D15:K15) -> #REF! | G7: =AVERAGE(D15:K15) -> 247.95255 | I7: =AVERAGE(L15:O15) -> 87.604344 | K7: =AVERAGE(D33:O33) -> 646.96494 | M7: =AVERAGE(P33:X33) -> 655.10125
C8: 達成率平均 | E8: =AVERAGE(D16:O16,D34:X34) -> 0.90505684 | F8: =AVERAGE(D16:K16,#REF!) -> #REF! | G8: =AVERAGE(D16:K16) -> 0.90266236 | I8: =AVERAGE(L16:O16) -> 0.92681305 | K8: =AVERAGE(D34:O34) -> 0.897643 | M8: =AVERAGE(P34:X34) -> 0.90518429
O9: ※現行日本鮮食廠以達成率80%為基本(即為現行KPI)
B11: 溫層 | D11: ➁4度C-各編組展開 | L11: ➂4度C-各編組展開
B12: 編組 | D12: 1 | E12: 2 | F12: 3 | G12: 4 | H12: 5 | I12: 6 | J12: 7 | K12: 8 | L12: 1 | M12: 2 | N12: 3 | O12: 4
D13: 便當一線 | E13: 便當二線 | F13: 涼麵一線 | G13: 涼麵二線 | H13: 涼麵三線 | I13: 自動包裝機 | J13: 自動包裝機2 | K13: 自動包裝機3 | L13: 便當一線 | M13: 便當二線 | N13: 涼麵一線 | O13: 涼麵二線
B14: 人時性 | C14: 排關 | D14: - | E14: 85.245902 | F14: 114.5098 | G14: 86.206897 | H14: 173.63636 | I14: 486.64706 | J14: 700 | K14: - | L14: - | M14: 101.69492 | N14: 86.956522 | O14: -
C15: 實績 | D15: - | E15: 76.993316 | F15: 103.41706 | G15: 77.872207 | H15: 155.62769 | I15: 440.751 | J15: 633.05404 | K15: - | L15: - | M15: 96.764286 | N15: 78.444403 | O15: -
C16: 達成率 | D16: - | E16: =E15/E14 -> 0.90319083 | F16: =F15/F14 -> 0.90312847 | G16: =G15/G14 -> 0.9033176 | H16: =H15/H14 -> 0.89628511 | I16: =I15/I14 -> 0.90568923 | J16: =J15/J14 -> 0.90436291 | K16: - | L16: - | M16: =M15/M14 -> 0.95151548 | N16: =N15/N14 -> 0.90211063 | O16: -
B17: 作業 時間 | C17: 開始 | D17: - | E17: 0.20833333 | F17: 0.20833333 | G17: 0.20833333 | H17: 0.25 | I17: 0.20833333 | J17: 0.25 | K17: - | L17: - | M17: 0.70833333 | N17: 0.70833333 | O17: -
C18: 結束 | D18: - | E18: 0.62592593 | F18: 0.58673611 | G18: 0.50041667 | H18: 0.42119213 | I18: 0.42825231 | J18: 0.30111111 | K18: - | L18: - | M18: 0.82678241 | N18: 0.86069444 | O18: -
B19: 產線異常 (5分鐘以上) | C19: 次數
C20: 時間/分
B21: 短暫停線 (5分鐘以下) | C21: 次數
C22: 設備次數
B23: 配置人數 | D23: - | E23: 20.333333 | F23: 20.8 | G23: 23.2 | H23: 19.8 | I23: 5.6666667 | J23: 6 | K23: - | L23: - | M23: 18.666667 | N23: 23 | O23: -
B24: 主要應用設備 | D24: L型封口機 | E24: ET-55 | F24: ET-55 | G24: ET-55 | H24: ET-600 | I24: 伺服包裝機 | J24: 伺服包裝機 | K24: 伺服包裝機 | L24: L型封口機 | M24: ET-55 | N24: ET-55 | O24: ET-55
B25: 次要應用設備 | D25: 伺服包裝機 | H25: 伺服包裝機
B26: 備註 | H26: 涼麵+烤飯糰 | I26: 大口飯糰線 | K26: 烤飯糰+手卷
B29: 溫層 | D29: ➃18度C-各編組展開 (一配) | P29: ⑤18度C-各編組展開 (二配)
B30: 編組 | D30: 1 | E30: 2 | F30: 3 | G30: 4 | H30: 5 | I30: 6 | J30: 7 | K30: 8 | L30: 9 | M30: 10 | N30: 11 | O30: 12 | P30: 1 | Q30: 2 | R30: 3 | S30: 4 | T30: 5 | U30: 6 | V30: 7 | W30: 8 | X30: 9
D31: 便當一線 | E31: 涼麵一線 | F31: 涼麵三線 | G31: 自動包裝機 | H31: 自動包裝機2 | I31: 自動包裝機3 | J31: 味付飯糰線B | K31: (舊) 3300型飯糰線 | L31: 3000型飯糰線 | M31: (新) 3300型飯糰機 | N31: GKK3600型 飯糰機 | O31: GKK3600型 飯糰機2 | P31: 自動包裝機 | Q31: 自動包裝機2 | R31: 自動包裝機3 | S31: 味付飯糰線B | T31: (舊) 3300型飯糰線 | U31: 3000型飯糰線 | V31: (新) 3300型飯糰機 | W31: GKK3600型 飯糰機 | X31: GKK3600型 飯糰機2
B32: 人時性 | C32: 排關 | D32: - | E32: - | F32: - | G32: 322.38806 | H32: - | I32: - | J32: - | K32: - | L32: - | M32: 750 | N32: 920 | O32: 872.72727 | P32: 300 | Q32: - | R32: - | S32: - | T32: - | U32: - | V32: 750 | W32: 923.07692 | X32: 900
C33: 實績 | D33: - | E33: - | F33: - | G33: 280.87263 | H33: - | I33: - | J33: - | K33: - | L33: - | M33: 669.77986 | N33: 843.45222 | O33: 793.75505 | P33: 259.96346 | Q33: - | R33: - | S33: - | T33: - | U33: - | V33: 697.21315 | W33: 844.44486 | X33: 818.78354
C34: 達成率 | D34: - | E34: - | F34: - | G34: =G33/G32 -> 0.8712253 | H34: - | I34: - | J34: - | K34: - | L34: - | M34: =M33/M32 -> 0.89303982 | N34: =N33/N32 -> 0.91679589 | O34: =O33/O32 -> 0.90951099 | P34: =P33/P32 -> 0.86654487 | Q34: - | R34: - | S34: - | T34: - | U34: - | V34: =V33/V32 -> 0.92961753 | W34: =W33/W32 -> 0.91481526 | X34: =X33/X32 -> 0.90975949
B35: 作業 時間 | C35: 開始 | D35: - | E35: - | F35: - | G35: 0.20833333 | H35: - | I35: - | J35: - | K35: - | L35: - | M35: 0.31805556 | N35: 0.25 | O35: 0.25 | P35: 0.73958333 | Q35: - | R35: - | S35: - | T35: - | U35: - | V35: 0.70833333 | W35: 0.73263889 | X35: 0.73263889
C36: 結束 | D36: - | E36: - | F36: - | G36: 0.42825231 | H36: - | I36: - | J36: - | K36: - | L36: - | M36: 0.38787037 | N36: 0.48474537 | O36: 0.47805556 | P36: 0.75303241 | Q36: - | R36: - | S36: - | T36: - | U36: - | V36: 0.72170139 | W36: 1.1123958 | X36: 1.0983218
B37: 配置人數 | D37: - | E37: - | F37: - | G37: 11.166667 | H37: - | I37: - | J37: - | K37: - | L37: - | M37: 4 | N37: 3.75 | O37: 4.125 | P37: 12 | Q37: - | R37: - | S37: - | T37: - | U37: - | V37: 4 | W37: 3.7142857 | X37: 4
B38: 主要應用設備 | D38: 伺服包裝機 | E38: ET-55 | F38: ET-600 | G38: 夾心型 | H38: 伺服包裝機 | I38: 伺服包裝機 | J38: 夾心型 | K38: 3300型 | L38: 3300型 | M38: 3300型 | N38: GKK | O38: GKK | P38: 夾心型 | Q38: 伺服包裝機 | R38: 伺服包裝機 | S38: 夾心型 | T38: 3300型 | U38: 3300型 | V38: 3300型 | W38: GKK | X38: GKK
B39: 次要應用設備
B40: 備註

Sheet 0930(18度C)
A1: 大溪廠日報分析 | C1: 總生產量 | D1: =SUM(F5:F140) -> 77634 | E1: 營業額 | F1: =SUM(G5:G140) -> 1549857.3 | G1: 出勤人數 | H1: =L21+L38+L55+L72+L89+L106+L123+L140 -> 46.755952 | I1: 產線配置圖 | L1: 生產實績 | O1: 人時性差異分析 | S1: 日報登錄 | Y1: 分析說明 | AA1: 產能差異分析
A2: 46295 | C2: 人時性 | D2: =AVERAGE(N21,N38,N55,N72,N89,N106,N123,N140) -> 651.0331 | E2: 平均廠價 | F2: =F1/D1 -> 19.963641 | G2: 多次生產數 | H2: =COUNT(H5:H140) -> 14
A3: 線別 | B3: 品類 | C3: 品名 | E3: 廠價 | F3: 生產量 | G3: 營收 | H3: 多次 生產 | I3: 人數 | J3: 產能/時 | K3: 人時性 | L3: 人數 | M3: 產能/時 | N3: 人時性 | O3: 人數 | P3: 人時性 | Q3: 達成率 | R3: 達成率 平均 | S3: 生產時間 | U3: 換線、休息/分 | V3: 稼動時間/分 | W3: 休息時間 | Y3: (屏榮回填) | AA3: 產能/時 | AB3: 達成率 | AC3: 達成率平均
S4: 開始 | T4: 結束 | W4: 開始 | X4: 結束
A5: 自動包裝機 | B5: 18℃-壽司手卷 | C5: 一配長野稻荷壽司 | E5: 25.64 | F5: 1136 | G5: =E5*F5 -> 29127.04 | I5: 10 | J5: 3600 | K5: =J5/I5 -> 360 | L5: 10 | M5: =F5/V5*60 -> 3215.4496 | N5: =M5/L5 -> 321.54496 | O5: =L5-I5 -> 0 | P5: =N5-K5 -> -38.455045 | Q5: =N5/K5 -> 0.89318043 | R5: =Q21 -> 0.8712253 | S5: 0.20833333 | T5: 0.22304398 | V5: 21.197658 | AA5: =M5-J5 -> -384.55045 | AB5: =M5/J5 -> 0.89318043 | AC5: =AB21 -> 0.8712253
B6: 18℃-壽司手卷 | C6: 一配經典人氣雙手卷 | E6: 29.52 | F6: 1926 | G6: =E6*F6 -> 56855.52 | I6: 11 | J6: 3600 | K6: =J6/I6 -> 327.27273 | L6: 11 | M6: =F6/V6*60 -> 3155.7235 | N6: =M6/L6 -> 286.88395 | O6: =L6-I6 -> 0 | P6: =N6-K6 -> -40.388774 | Q6: =N6/K6 -> 0.87658986 | S6: 0.22638889 | T6: 0.25181713 | U6: 4.8166667 | V6: 36.619178 | AA6: =M6-J6 -> -444.27651 | AB6: =M6/J6 -> 0.87658986
B7: 18℃-壽司手卷 | C7: 一配鮭鮪海饌雙手卷 | E7: 29.85 | F7: 2336 | G7: =E7*F7 -> 69729.6 | I7: 11 | J7: 3600 | K7: =J7/I7 -> 327.27273 | L7: 11 | M7: =F7/V7*60 -> 3156.8314 | N7: =M7/L7 -> 286.98468 | O7: =L7-I7 -> 0 | P7: =N7-K7 -> -40.288051 | Q7: =N7/K7 -> 0.87689762 | S7: 0.25555556 | T7: 0.28637731 | U7: 5.3833333 | V7: 44.39895 | AA7: =M7-J7 -> -443.16856 | AB7: =M7/J7 -> 0.87689762
B8: 18℃-壽司手卷 | C8: 一配青木瓜雞絲泰泰雙手卷 | E8: 30 | F8: 186 | G8: =E8*F8 -> 5580 | I8: 11 | J8: 3600 | K8: =J8/I8 -> 327.27273 | L8: 11 | M8: =F8/V8*60 -> 3156.6273 | N8: =M8/L8 -> 286.96612 | O8: =L8-I8 -> 0 | P8: =N8-K8 -> -40.30661 | Q8: =N8/K8 -> 0.87684091 | S8: 0.29027778 | T8: 0.29273148 | U8: 5.6166667 | V8: 3.535419 | AA8: =M8-J8 -> -443.37271 | AB8: =M8/J8 -> 0.87684091
B9: 18℃-壽司手卷 | C9: 一配陽光蔬彩雙手卷 | E9: 30.95 | F9: 2219 | G9: =E9*F9 -> 68678.05 | I9: 12 | J9: 3600 | K9: =J9/I9 -> 300 | L9: 12 | M9: =F9/V9*60 -> 3011.4072 | N9: =M9/L9 -> 250.9506 | O9: =L9-I9 -> 0 | P9: =N9-K9 -> -49.0494 | Q9: =N9/K9 -> 0.836502 | S9: 0.29652778 | T9: 0.32722222 | U9: 5.4666667 | V9: 44.211889 | AA9: =M9-J9 -> -588.5928 | AB9: =M9/J9 -> 0.836502
B10: 18℃-飯糰 | C10: 一配兩粒飯糰(鮪魚.焦糖鮭魚) | E10: 28.57 | F10: 755 | G10: =E10*F10 -> 21570.35 | I10: 12 | J10: 3600 | K10: =J10/I10 -> 300 | L10: 12 | M10: =F10/V10*60 -> 3122.4275 | N10: =M10/L10 -> 260.20229 | O10: =L10-I10 -> 0 | P10: =N10-K10 -> -39.797712 | Q10: =N10/K10 -> 0.86734096 | S10: 0.33055556 | T10: 0.340625 | U10: 4.8 | V10: 14.507943 | AA10: =M10-J10 -> -477.57254 | AB10: =M10/J10 -> 0.86734096
B21: 平均 | I21: =AVERAGE(I5:I20) -> 11.166667 | J21: =AVERAGE(J5:J20) -> 3600 | K21: =J21/I21 -> 322.38806 | L21: =AVERAGE(L5:L20) -> 11.166667 | M21: =AVERAGE(M5:M20) -> 3136.4111 | N21: =M21/L21 -> 280.87263 | O21: =L21-I21 -> 0 | P21: =N21-K21 -> -41.515427 | Q21: =N21/K21 -> 0.8712253 | S21: 0.20833333 | T21: 0.42825231 | AA21: =M21-J21 -> -463.58893 | AB21: =M21/J21 -> 0.8712253
A22: (新) 3300型飯糰機 | B22: 18℃-飯糰 | C22: 一配鮭魚奶油醬油飯糰 | E22: 18.53 | F22: 1478 | G22: =E22*F22 -> 27387.34 | I22: 3 | J22: 3300 | K22: =J22/I22 -> 1100 | L22: 3 | M22: =F22/V22*60 -> 3072.5272 | N22: =M22/L22 -> 1024.1757 | O22: =L22-I22 -> 0 | P22: =N22-K22 -> -75.824272 | Q22: =N22/K22 -> 0.93106884 | R22: =Q38 -> 0.89303982 | S22: 0.31805556 | T22: 0.33809028 | V22: 28.862234 | AA22: =M22-J22 -> -227.47281 | AB22: =M22/J22 -> 0.93106884 | AC22: =AB38 -> 0.89303982
B23: 18℃-飯糰 | C23: 一配熊本麥味噌雞肉飯糰 | E23: 22.95 | F23: 2573 | G23: =E23*F23 -> 59050.35 | I23: 5 | J23: 2700 | K23: =J23/I23 -> 540 | L23: 5 | M23: =F23/V23*60 -> 2285.7117 | N23: =M23/L23 -> 457.14234 | O23: =L23-I23 -> 0 | P23: =N23-K23 -> -82.857656 | Q23: =N23/K23 -> 0.8465599 | S23: 0.34097222 | T23: 0.38787037 | U23: 5 | V23: 67.541326 | AA23: =M23-J23 -> -414.28828 | AB23: =M23/J23 -> 0.8465599
B38: 平均 | I38: =AVERAGE(I22:I37) -> 4 | J38: =AVERAGE(J22:J37) -> 3000 | K38: =J38/I38 -> 750 | L38: =AVERAGE(L22:L37) -> 4 | M38: =AVERAGE(M22:M37) -> 2679.1195 | N38: =M38/L38 -> 669.77986 | O38: =L38-I38 -> 0 | P38: =N38-K38 -> -80.220137 | Q38: =N38/K38 -> 0.89303982 | S38: 0.31805556 | T38: 0.38787037 | AA38: =M38-J38 -> -320.88055 | AB38: =M38/J38 -> 0.89303982
A39: GKK3600型 飯糰機 | B39: 18℃-飯糰 | C39: 一配北海道秋鮭親子飯糰 | E39: 24.82 | F39: 792 | G39: =E39*F39 -> 19657.44 | I39: 5 | J39: 3600 | K39: =J39/I39 -> 720 | L39: 5 | M39: =F39/V39*60 -> 3274.8115 | N39: =M39/L39 -> 654.9623 | O39: =L39-I39 -> 0 | P39: =N39-K39 -> -65.037701 | Q39: =N39/K39 -> 0.90966986 | R39: =Q55 -> 0.91679589 | S39: 0.25 | T39: 0.26006944 | V39: 14.510759 | AA39: =M39-J39 -> -325.1885 | AB39: =M39/J39 -> 0.90966986 | AC39: =AB55 -> 0.91679589
B40: 18℃-飯糰 | C40: 一配熟成紅鮭飯糰 | E40: 25.03 | F40: 687 | G40: =E40*F40 -> 17195.61 | I40: 5 | J40: 3600 | K40: =J40/I40 -> 720 | L40: 5 | M40: =F40/V40*60 -> 3276.4002 | N40: =M40/L40 -> 655.28004 | O40: =L40-I40 -> 0 | P40: =N40-K40 -> -64.71996 | Q40: =N40/K40 -> 0.91011117 | S40: 0.26944444 | T40: 0.2781713 | U40: 13.5 | V40: 12.580881 | AA40: =M40-J40 -> -323.5998 | AB40: =M40/J40 -> 0.91011117
B41: 18℃-飯糰 | C41: 一配生鱈魚子鮭魚飯糰 | E41: 23.8 | F41: 708 | G41: =E41*F41 -> 16850.4 | I41: 4 | J41: 3600 | K41: =J41/I41 -> 900 | L41: 4 | M41: =F41/V41*60 -> 3272.4672 | N41: =M41/L41 -> 818.11679 | O41: =L41-I41 -> 0 | P41: =N41-K41 -> -81.883208 | Q41: =N41/K41 -> 0.90901866 | S41: 0.2875 | T41: 0.29650463 | U41: 13.433333 | V41: 12.981032 | AA41: =M41-J41 -> -327.53283 | AB41: =M41/J41 -> 0.90901866
B42: 18℃-飯糰 | C42: 一配筋子銀鮭飯糰 | E42: 30 | F42: 651 | G42: =E42*F42 -> 19530 | I42: 4 | J42: 3300 | K42: =J42/I42 -> 825 | L42: 4 | M42: =F42/V42*60 -> 3072.3913 | N42: =M42/L42 -> 768.09782 | O42: =L42-I42 -> 0 | P42: =N42-K42 -> -56.90218 | Q42: =N42/K42 -> 0.93102766 | S42: 0.30555556 | T42: 0.314375 | U42: 13.033333 | V42: 12.713224 | AA42: =M42-J42 -> -227.60872 | AB42: =M42/J42 -> 0.93102766
B43: 18℃-飯糰 | C43: 一配蔬食鮪魚飯糰 | E43: 18.18 | F43: 847 | G43: =E43*F43 -> 15398.46 | I43: 3 | J43: 3600 | K43: =J43/I43 -> 1200 | L43: 3 | M43: =F43/V43*60 -> 3269.5294 | N43: =M43/L43 -> 1089.8431 | O43: =L43-I43 -> 0 | P43: =N43-K43 -> -110.15688 | Q43: =N43/K43 -> 0.9082026 | S43: 0.32361111 | T43: 0.33439815 | U43: 13.3 | V43: 15.543522 | AA43: =M43-J43 -> -330.47065 | AB43: =M43/J43 -> 0.9082026
B44: 18℃-飯糰 | C44: 一配黑胡椒洋蔥豬飯糰 | E44: 17.07 | F44: 1204 | G44: =E44*F44 -> 20552.28 | I44: 3 | J44: 3300 | K44: =J44/I44 -> 1100 | L44: 3 | M44: =F44/V44*60 -> 3071.5426 | N44: =M44/L44 -> 1023.8475 | O44: =L44-I44 -> 0 | P44: =N44-K44 -> -76.152473 | Q44: =N44/K44 -> 0.93077048 | S44: 0.34375 | T44: 0.36008102 | U44: 13.466667 | V44: 23.519127 | AA44: =M44-J44 -> -228.45742 | AB44: =M44/J44 -> 0.93077048
B45: 18℃-飯糰 | C45: 一配經典肉鬆飯糰 | E45: 14.03 | F45: 3210 | G45: =E45*F45 -> 45036.3 | I45: 3 | J45: 3000 | K45: =J45/I45 -> 1000 | L45: 3 | M45: =F45/V45*60 -> 2795.3556 | N45: =M45/L45 -> 931.7852 | O45: =L45-I45 -> 0 | P45: =N45-K45 -> -68.214804 | Q45: =N45/K45 -> 0.9317852 | S45: 0.36944444 | T45: 0.41729167 | U45: 13.483333 | V45: 68.9 | AA45: =M45-J45 -> -204.64441 | AB45: =M45/J45 -> 0.9317852
B46: 18℃-飯糰 | C46: 一配鮪魚飯糰 | E46: 14.28 | F46: 4527 | G46: =E46*F46 -> 64645.56 | I46: 3 | J46: 3600 | K46: =J46/I46 -> 1200 | L46: 3 | M46: =F46/V46*60 -> 3271.069 | N46: =M46/L46 -> 1090.3563 | O46: =L46-I46 -> 0 | P46: =N46-K46 -> -109.64368 | Q46: =N46/K46 -> 0.90863027 | S46: 0.42708333 | T46: 0.48474537 | U46: 14.1 | V46: 83.037075 | AA46: =M46-J46 -> -328.93103 | AB46: =M46/J46 -> 0.90863027
B55: 平均 | I55: =AVERAGE(I39:I54) -> 3.75 | J55: =AVERAGE(J39:J54) -> 3450 | K55: =J55/I55 -> 920 | L55: =AVERAGE(L39:L54) -> 3.75 | M55: =AVERAGE(M39:M54) -> 3162.9458 | N55: =M55/L55 -> 843.45222 | O55: =L55-I55 -> 0 | P55: =N55-K55 -> -76.547779 | Q55: =N55/K55 -> 0.91679589 | S55: 0.25 | T55: 0.48474537 | AA55: =M55-J55 -> -287.05417 | AB55: =M55/J55 -> 0.91679589
A56: GKK3600型 飯糰機2 | B56: 18℃-飯糰 | C56: 一配明太子龍蝦風味沙拉飯糰 | E56: 18.18 | F56: 1376 | G56: =E56*F56 -> 25015.68 | I56: 3 | J56: 3600 | K56: =J56/I56 -> 1200 | L56: 3 | M56: =F56/V56*60 -> 3274.4963 | N56: =M56/L56 -> 1091.4988 | O56: =L56-I56 -> 0 | P56: =N56-K56 -> -108.50122 | Q56: =N56/K56 -> 0.90958232 | R56: =Q72 -> 0.90951099 | S56: 0.25 | T56: 0.2675 | V56: 25.213038 | AA56: =M56-J56 -> -325.50366 | AB56: =M56/J56 -> 0.90958232 | AC56: =AB72 -> 0.90951099
B57: 18℃-飯糰 | C57: 一配椒鹽檸檬鯖魚飯糰 | E57: 20.72 | F57: 714 | G57: =E57*F57 -> 14794.08 | I57: 3 | J57: 3600 | K57: =J57/I57 -> 1200 | L57: 3 | M57: =F57/V57*60 -> 3274.8771 | N57: =M57/L57 -> 1091.6257 | O57: =L57-I57 -> 0 | P57: =N57-K57 -> -108.37429 | Q57: =N57/K57 -> 0.90968809 | S57: 0.27708333 | T57: 0.28615741 | U57: 13.8 | V57: 13.081407 | AA57: =M57-J57 -> -325.12286 | AB57: =M57/J57 -> 0.90968809
B58: 18℃-飯糰 | C58: 一配贅沢鮭魚肚飯糰 | E58: 30 | F58: 1016 | G58: =E58*F58 -> 30480 | I58: 4 | J58: 3600 | K58: =J58/I58 -> 900 | L58: 4 | M58: =F58/V58*60 -> 3274.6715 | N58: =M58/L58 -> 818.66788 | O58: =L58-I58 -> 0 | P58: =N58-K58 -> -81.332122 | Q58: =N58/K58 -> 0.90963098 | S58: 0.29583333 | T58: 0.30875 | U58: 13.933333 | V58: 18.615608 | AA58: =M58-J58 -> -325.32849 | AB58: =M58/J58 -> 0.90963098
B59: 18℃-飯糰 | C59: 一配卵黃牛挽肉飯糰 | E59: 24.76 | F59: 1167 | G59: =E59*F59 -> 28894.92 | I59: 4 | J59: 3600 | K59: =J59/I59 -> 900 | L59: 4 | M59: =F59/V59*60 -> 3275.0234 | N59: =M59/L59 -> 818.75585 | O59: =L59-I59 -> 0 | P59: =N59-K59 -> -81.244155 | Q59: =N59/K59 -> 0.90972872 | S59: 0.31805556 | T59: 0.33289352 | U59: 13.4 | V59: 21.38 | AA59: =M59-J59 -> -324.97662 | AB59: =M59/J59 -> 0.90972872
B60: 18℃-飯糰 | C60: 一配鹽蔥燒肉飯糰 | E60: 17.89 | F60: 2012 | G60: =E60*F60 -> 35994.68 | I60: 4 | J60: 3600 | K60: =J60/I60 -> 900 | L60: 4 | M60: =F60/V60*60 -> 3273.8026 | N60: =M60/L60 -> 818.45066 | O60: =L60-I60 -> 0 | P60: =N60-K60 -> -81.54934 | Q60: =N60/K60 -> 0.90938962 | S60: 0.34236111 | T60: 0.36796296 | U60: 13.633333 | V60: 36.87455 | AA60: =M60-J60 -> -326.19736 | AB60: =M60/J60 -> 0.90938962
B61: 18℃-飯糰 | C61: 一配醬燒炙烤牛飯糰 | E61: 22.32 | F61: 1482 | G61: =E61*F61 -> 33078.24 | I61: 5 | J61: 3600 | K61: =J61/I61 -> 720 | L61: 5 | M61: =F61/V61*60 -> 3272.8731 | N61: =M61/L61 -> 654.57463 | O61: =L61-I61 -> 0 | P61: =N61-K61 -> -65.425372 | Q61: =N61/K61 -> 0.90913143 | S61: 0.37708333 | T61: 0.39594907 | U61: 13.133333 | V61: 27.168789 | AA61: =M61-J61 -> -327.12686 | AB61: =M61/J61 -> 0.90913143
B62: 18℃-飯糰 | C62: 一配鹽蔥生鮭飯糰 | E62: 27.48 | F62: 1204 | G62: =E62*F62 -> 33085.92 | I62: 5 | J62: 3600 | K62: =J62/I62 -> 720 | L62: 5 | M62: =F62/V62*60 -> 3274.5064 | N62: =M62/L62 -> 654.90128 | O62: =L62-I62 -> 0 | P62: =N62-K62 -> -65.098715 | Q62: =N62/K62 -> 0.90958512 | S62: 0.40555556 | T62: 0.42086806 | U62: 13.833333 | V62: 22.06134 | AA62: =M62-J62 -> -325.49358 | AB62: =M62/J62 -> 0.90958512
B63: 18℃-飯糰 | C63: 一配雞肉飯飯糰 | E63: 16.66 | F63: 3732 | G63: =E63*F63 -> 62175.12 | I63: 5 | J63: 3600 | K63: =J63/I63 -> 720 | L63: 5 | M63: =F63/V63*60 -> 3273.666 | N63: =M63/L63 -> 654.73321 | O63: =L63-I63 -> 0 | P63: =N63-K63 -> -65.26679 | Q63: =N63/K63 -> 0.90935168 | S63: 0.43055556 | T63: 0.47805556 | U63: 13.95 | V63: 68.400379 | AA63: =M63-J63 -> -326.33395 | AB63: =M63/J63 -> 0.90935168
B72: 平均 | I72: =AVERAGE(I56:I71) -> 4.125 | J72: =AVERAGE(J56:J71) -> 3600 | K72: =J72/I72 -> 872.72727 | L72: =AVERAGE(L56:L71) -> 4.125 | M72: =AVERAGE(M56:M71) -> 3274.2396 | N72: =M72/L72 -> 793.75505 | O72: =L72-I72 -> 0 | P72: =N72-K72 -> -78.972223 | Q72: =N72/K72 -> 0.90951099 | S72: 0.25 | T72: 0.47805556 | AA72: =M72-J72 -> -325.76042 | AB72: =M72/J72 -> 0.90951099
A73: 自動包裝機 (二配) | B73: 18℃-飯糰 | C73: 二配兩粒飯糰(鮪魚.焦糖鮭魚) | E73: 28.57 | F73: 1007 | G73: =E73*F73 -> 28769.99 | I73: 12 | J73: 3600 | K73: =J73/I73 -> 300 | L73: 12 | M73: =F73/V73*60 -> 3119.5615 | N73: =M73/L73 -> 259.96346 | O73: =L73-I73 -> 0 | P73: =N73-K73 -> -40.03654 | Q73: =N73/K73 -> 0.86654487 | R73: =Q89 -> 0.86654487 | S73: 0.73958333 | T73: 0.75303241 | V73: 19.368107 | AA73: =M73-J73 -> -480.43848 | AB73: =M73/J73 -> 0.86654487 | AC73: =AB89 -> 0.86654487
B89: 平均 | I89: =AVERAGE(I73:I88) -> 12 | J89: =AVERAGE(J73:J88) -> 3600 | K89: =J89/I89 -> 300 | L89: =AVERAGE(L73:L88) -> 12 | M89: =AVERAGE(M73:M88) -> 3119.5615 | N89: =M89/L89 -> 259.96346 | O89: =L89-I89 -> 0 | P89: =N89-K89 -> -40.03654 | Q89: =N89/K89 -> 0.86654487 | S89: 0.73958333 | T89: 0.75303241 | AA89: =M89-J89 -> -480.43848 | AB89: =M89/J89 -> 0.86654487
A90: (新) 3300型飯糰機 (二配) | B90: 18℃-飯糰 | C90: 二配大飯糰韓式蒜烤豬五花 | E90: 24.54 | F90: 895 | G90: =E90*F90 -> 21963.3 | I90: 4 | J90: 3000 | K90: =J90/I90 -> 750 | L90: 4 | M90: =F90/V90*60 -> 2788.8526 | N90: =M90/L90 -> 697.21315 | O90: =L90-I90 -> 0 | P90: =N90-K90 -> -52.786853 | Q90: =N90/K90 -> 0.92961753 | R90: =Q106 -> 0.92961753 | S90: 0.70833333 | T90: 0.72170139 | V90: 19.255231 | AA90: =M90-J90 -> -211.14741 | AB90: =M90/J90 -> 0.92961753 | AC90: =AB106 -> 0.92961753
B106: 平均 | I106: =AVERAGE(I90:I105) -> 4 | J106: =AVERAGE(J90:J105) -> 3000 | K106: =J106/I106 -> 750 | L106: =AVERAGE(L90:L105) -> 4 | M106: =AVERAGE(M90:M105) -> 2788.8526 | N106: =M106/L106 -> 697.21315 | O106: =L106-I106 -> 0 | P106: =N106-K106 -> -52.786853 | Q106: =N106/K106 -> 0.92961753 | S106: 0.70833333 | T106: 0.72170139 | AA106: =M106-J106 -> -211.14741 | AB106: =M106/J106 -> 0.92961753
A107: GKK3600型 飯糰機 (二配) | B107: 18℃-飯糰 | C107: 二配經典肉鬆飯糰 | E107: 14.03 | F107: 335 | G107: =E107*F107 -> 4700.05 | H107: 2 | I107: 3 | J107: 3000 | K107: =J107/I107 -> 1000 | L107: 3 | M107: =F107/V107*60 -> 2792.9931 | N107: =M107/L107 -> 930.9977 | O107: =L107-I107 -> 0 | P107: =N107-K107 -> -69.002301 | Q107: =N107/K107 -> 0.9309977 | R107: =Q123 -> 0.91481526 | S107: 0.73263889 | T107: 0.73762731 | V107: 7.1965806 | AA107: =M107-J107 -> -207.0069 | AB107: =M107/J107 -> 0.9309977 | AC107: =AB123 -> 0.91481526
B108: 18℃-飯糰 | C108: 二配芝麻香鬆飯糰 | E108: 18.18 | F108: 637 | G108: =E108*F108 -> 11580.66 | H108: 2 | I108: 3 | J108: 3000 | K108: =J108/I108 -> 1000 | L108: 3 | M108: =F108/V108*60 -> 2789.4538 | N108: =M108/L108 -> 929.81794 | O108: =L108-I108 -> 0 | P108: =N108-K108 -> -70.18206 | Q108: =N108/K108 -> 0.92981794 | S108: 0.74722222 | T108: 0.75673611 | U108: 13.816667 | V108: 13.701607 | AA108: =M108-J108 -> -210.54618 | AB108: =M108/J108 -> 0.92981794
B109: 18℃-飯糰 | C109: 二配蔬食鮪魚飯糰 | E109: 18.18 | F109: 379 | G109: =E109*F109 -> 6890.22 | H109: 2 | I109: 3 | J109: 3600 | K109: =J109/I109 -> 1200 | L109: 3 | M109: =F109/V109*60 -> 3273.7567 | N109: =M109/L109 -> 1091.2522 | O109: =L109-I109 -> 0 | P109: =N109-K109 -> -108.74775 | Q109: =N109/K109 -> 0.90937687 | S109: 0.76597222 | T109: 0.77078704 | U109: 13.3 | V109: 6.9461483 | AA109: =M109-J109 -> -326.24325 | AB109: =M109/J109 -> 0.90937687
B110: 18℃-飯糰 | C110: 二配三杯醬爆菇菇飯糰 | E110: 16.7 | F110: 1103 | G110: =E110*F110 -> 18420.1 | H110: 2 | I110: 3 | J110: 3600 | K110: =J110/I110 -> 1200 | L110: 3 | M110: =F110/V110*60 -> 3275.1489 | N110: =M110/L110 -> 1091.7163 | O110: =L110-I110 -> 0 | P110: =N110-K110 -> -108.28371 | Q110: =N110/K110 -> 0.90976357 | S110: 0.77986111 | T110: 0.79388889 | U110: 13.066667 | V110: 20.206715 | AA110: =M110-J110 -> -324.85114 | AB110: =M110/J110 -> 0.90976357
B111: 18℃-飯糰 | C111: 二配贅沢鮭魚肚飯糰 | E111: 30 | F111: 725 | G111: =E111*F111 -> 21750 | H111: 2 | I111: 4 | J111: 3600 | K111: =J111/I111 -> 900 | L111: 4 | M111: =F111/V111*60 -> 3276.2478 | N111: =M111/L111 -> 819.06195 | O111: =L111-I111 -> 0 | P111: =N111-K111 -> -80.938048 | Q111: =N111/K111 -> 0.91006884 | S111: 0.80347222 | T111: 0.81268519 | U111: 13.8 | V111: 13.277384 | AA111: =M111-J111 -> -323.75219 | AB111: =M111/J111 -> 0.91006884
B112: 18℃-飯糰 | C112: 二配熟成紅鮭飯糰 | E112: 25.03 | F112: 448 | G112: =E112*F112 -> 11213.44 | H112: 2 | I112: 5 | J112: 3600 | K112: =J112/I112 -> 720 | L112: 5 | M112: =F112/V112*60 -> 3271.3073 | N112: =M112/L112 -> 654.26145 | O112: =L112-I112 -> 0 | P112: =N112-K112 -> -65.738546 | Q112: =N112/K112 -> 0.90869646 | S112: 0.82222222 | T112: 0.82792824 | U112: 13.733333 | V112: 8.2168986 | AA112: =M112-J112 -> -328.69273 | AB112: =M112/J112 -> 0.90869646
B113: 18℃-飯糰 | C113: 二配雞肉飯飯糰 | E113: 16.66 | F113: 2306 | G113: =E113*F113 -> 38417.96 | H113: 2 | I113: 5 | J113: 3600 | K113: =J113/I113 -> 720 | L113: 5 | M113: =F113/V113*60 -> 3274.2444 | N113: =M113/L113 -> 654.84887 | O113: =L113-I113 -> 0 | P113: =N113-K113 -> -65.151126 | Q113: =N113/K113 -> 0.90951232 | S113: 0.8375 | T113: 0.86684028 | U113: 13.783333 | V113: 42.257078 | AA113: =M113-J113 -> -325.75563 | AB113: =M113/J113 -> 0.90951232
B114: 18℃-飯糰 | C114: 二配芝麻香鬆飯糰 | E114: 18.18 | F114: 784 | G114: =E114*F114 -> 14253.12 | I114: 3 | J114: 3000 | K114: =J114/I114 -> 1000 | L114: 3 | M114: =F114/V114*60 -> 2789.4538 | N114: =M114/L114 -> 929.81794 | O114: =L114-I114 -> 0 | P114: =N114-K114 -> -70.18206 | Q114: =N114/K114 -> 0.92981794 | S114: 0.87638889 | T114: 0.88809028 | U114: 13.75 | V114: 16.863516 | AA114: =M114-J114 -> -210.54618 | AB114: =M114/J114 -> 0.92981794
B115: 18℃-飯糰 | C115: 二配蔬食鮪魚飯糰 | E115: 18.18 | F115: 477 | G115: =E115*F115 -> 8671.86 | I115: 3 | J115: 3600 | K115: =J115/I115 -> 1200 | L115: 3 | M115: =F115/V115*60 -> 3273.7567 | N115: =M115/L115 -> 1091.2522 | O115: =L115-I115 -> 0 | P115: =N115-K115 -> -108.74775 | Q115: =N115/K115 -> 0.90937687 | S115: 0.89722222 | T115: 0.90328704 | U115: 13.15 | V115: 8.74225 | AA115: =M115-J115 -> -326.24325 | AB115: =M115/J115 -> 0.90937687
B116: 18℃-飯糰 | C116: 二配三杯醬爆菇菇飯糰 | E116: 16.7 | F116: 1623 | G116: =E116*F116 -> 27104.1 | I116: 3 | J116: 3600 | K116: =J116/I116 -> 1200 | L116: 3 | M116: =F116/V116*60 -> 3274.6296 | N116: =M116/L116 -> 1091.5432 | O116: =L116-I116 -> 0 | P116: =N116-K116 -> -108.45679 | Q116: =N116/K116 -> 0.90961934 | S116: 0.9125 | T116: 0.93314815 | U116: 13.266667 | V116: 29.737714 | AA116: =M116-J116 -> -325.37036 | AB116: =M116/J116 -> 0.90961934
B117: 18℃-飯糰 | C117: 二配贅沢鮭魚肚飯糰 | E117: 30 | F117: 935 | G117: =E117*F117 -> 28050 | I117: 4 | J117: 3600 | K117: =J117/I117 -> 900 | L117: 4 | M117: =F117/V117*60 -> 3275.6937 | N117: =M117/L117 -> 818.92342 | O117: =L117-I117 -> 0 | P117: =N117-K117 -> -81.076576 | Q117: =N117/K117 -> 0.90991492 | S117: 0.94236111 | T117: 0.95424769 | U117: 13.266667 | V117: 17.126143 | AA117: =M117-J117 -> -324.3063 | AB117: =M117/J117 -> 0.90991492
B118: 18℃-飯糰 | C118: 二配熟成紅鮭飯糰 | E118: 25.03 | F118: 517 | G118: =E118*F118 -> 12940.51 | I118: 5 | J118: 3600 | K118: =J118/I118 -> 720 | L118: 5 | M118: =F118/V118*60 -> 3271.3073 | N118: =M118/L118 -> 654.26145 | O118: =L118-I118 -> 0 | P118: =N118-K118 -> -65.738546 | Q118: =N118/K118 -> 0.90869646 | S118: 0.96388889 | T118: 0.97046296 | U118: 13.883333 | V118: 9.4824477 | AA118: =M118-J118 -> -328.69273 | AB118: =M118/J118 -> 0.90869646
B119: 18℃-飯糰 | C119: 二配經典肉鬆飯糰 | E119: 14.03 | F119: 5383 | G119: =E119*F119 -> 75523.49 | I119: 3 | J119: 3000 | K119: =J119/I119 -> 1000 | L119: 3 | M119: =F119/V119*60 -> 2794.6606 | N119: =M119/L119 -> 931.55354 | O119: =L119-I119 -> 0 | P119: =N119-K119 -> -68.446459 | Q119: =N119/K119 -> 0.93155354 | S119: 0.97986111 | T119: 1.0601157 | U119: 13.533333 | V119: 115.57038 | AA119: =M119-J119 -> -205.33938 | AB119: =M119/J119 -> 0.93155354
B120: 18℃-飯糰 | C120: 二配雞肉飯飯糰 | E120: 16.66 | F120: 3380 | G120: =E120*F120 -> 56310.8 | I120: 5 | J120: 3600 | K120: =J120/I120 -> 720 | L120: 5 | M120: =F120/V120*60 -> 3278.4789 | N120: =M120/L120 -> 655.69578 | O120: =L120-I120 -> 0 | P120: =N120-K120 -> -64.30422 | Q120: =N120/K120 -> 0.91068858 | S120: 1.0694444 | T120: 1.1123958 | U120: 13.433333 | V120: 61.857955 | AA120: =M120-J120 -> -321.5211 | AB120: =M120/J120 -> 0.91068858
B123: 平均 | I123: =AVERAGE(I107:I122) -> 3.7142857 | J123: =AVERAGE(J107:J122) -> 3428.5714 | K123: =J123/I123 -> 923.07692 | L123: =AVERAGE(L107:L122) -> 3.7142857 | M123: =AVERAGE(M107:M122) -> 3136.5095 | N123: =M123/L123 -> 844.44486 | O123: =L123-I123 -> 0 | P123: =N123-K123 -> -78.632064 | Q123: =N123/K123 -> 0.91481526 | S123: 0.73263889 | T123: 1.1123958 | AA123: =M123-J123 -> -292.06195 | AB123: =M123/J123 -> 0.91481526
A124: GKK3600型 飯糰機2 (二配) | B124: 18℃-飯糰 | C124: 二配鮪魚飯糰 | E124: 14.28 | F124: 359 | G124: =E124*F124 -> 5126.52 | H124: 2 | I124: 3 | J124: 3600 | K124: =J124/I124 -> 1200 | L124: 3 | M124: =F124/V124*60 -> 3275.7123 | N124: =M124/L124 -> 1091.9041 | O124: =L124-I124 -> 0 | P124: =N124-K124 -> -108.0959 | Q124: =N124/K124 -> 0.90992008 | R124: =Q140 -> 0.90975949 | S124: 0.73263889 | T124: 0.73719907 | V124: 6.575669 | AA124: =M124-J124 -> -324.28769 | AB124: =M124/J124 -> 0.90992008 | AC124: =AB140 -> 0.90975949
B125: 18℃-飯糰 | C125: 二配生鱈魚子鮭魚飯糰 | E125: 23.8 | F125: 370 | G125: =E125*F125 -> 8806 | H125: 2 | I125: 4 | J125: 3600 | K125: =J125/I125 -> 900 | L125: 4 | M125: =F125/V125*60 -> 3278.9985 | N125: =M125/L125 -> 819.74962 | O125: =L125-I125 -> 0 | P125: =N125-K125 -> -80.250381 | Q125: =N125/K125 -> 0.91083291 | S125: 0.74722222 | T125: 0.7519213 | U125: 14.433333 | V125: 6.77036 | AA125: =M125-J125 -> -321.00152 | AB125: =M125/J125 -> 0.91083291
B126: 18℃-飯糰 | C126: 二配北海道秋鮭親子飯糰 | E126: 24.82 | F126: 662 | G126: =E126*F126 -> 16430.84 | H126: 2 | I126: 5 | J126: 3600 | K126: =J126/I126 -> 720 | L126: 5 | M126: =F126/V126*60 -> 3273.7261 | N126: =M126/L126 -> 654.74522 | O126: =L126-I126 -> 0 | P126: =N126-K126 -> -65.25478 | Q126: =N126/K126 -> 0.90936836 | S126: 0.76180556 | T126: 0.77021991 | U126: 14.233333 | V126: 12.132964 | AA126: =M126-J126 -> -326.2739 | AB126: =M126/J126 -> 0.90936836
B127: 18℃-飯糰 | C127: 二配卵黃牛挽肉飯糰 | E127: 24.76 | F127: 566 | G127: =E127*F127 -> 14014.16 | H127: 2 | I127: 4 | J127: 3600 | K127: =J127/I127 -> 900 | L127: 4 | M127: =F127/V127*60 -> 3277.4598 | N127: =M127/L127 -> 819.36495 | O127: =L127-I127 -> 0 | P127: =N127-K127 -> -80.635047 | Q127: =N127/K127 -> 0.9104055 | S127: 0.78055556 | T127: 0.78774306 | U127: 14.883333 | V127: 10.361683 | AA127: =M127-J127 -> -322.54019 | AB127: =M127/J127 -> 0.9104055
B128: 18℃-飯糰 | C128: 二配醬燒炙烤牛飯糰 | E128: 22.32 | F128: 732 | G128: =E128*F128 -> 16338.24 | H128: 2 | I128: 5 | J128: 3600 | K128: =J128/I128 -> 720 | L128: 5 | M128: =F128/V128*60 -> 3274.5086 | N128: =M128/L128 -> 654.90171 | O128: =L128-I128 -> 0 | P128: =N128-K128 -> -65.098287 | Q128: =N128/K128 -> 0.90958571 | S128: 0.79722222 | T128: 0.80652778 | U128: 13.65 | V128: 13.4127 | AA128: =M128-J128 -> -325.49143 | AB128: =M128/J128 -> 0.90958571
B129: 18℃-飯糰 | C129: 二配明太子龍蝦風味沙拉飯糰 | E129: 18.18 | F129: 996 | G129: =E129*F129 -> 18107.28 | H129: 2 | I129: 3 | J129: 3600 | K129: =J129/I129 -> 1200 | L129: 3 | M129: =F129/V129*60 -> 3273.9336 | N129: =M129/L129 -> 1091.3112 | O129: =L129-I129 -> 0 | P129: =N129-K129 -> -108.68879 | Q129: =N129/K129 -> 0.90942601 | S129: 0.81597222 | T129: 0.82864583 | U129: 13.6 | V129: 18.253272 | AA129: =M129-J129 -> -326.06636 | AB129: =M129/J129 -> 0.90942601
B130: 18℃-飯糰 | C130: 二配鹽蔥燒肉飯糰 | E130: 17.89 | F130: 1500 | G130: =E130*F130 -> 26835 | H130: 2 | I130: 4 | J130: 3600 | K130: =J130/I130 -> 900 | L130: 4 | M130: =F130/V130*60 -> 3275.8399 | N130: =M130/L130 -> 818.95998 | O130: =L130-I130 -> 0 | P130: =N130-K130 -> -81.040016 | Q130: =N130/K130 -> 0.90995554 | S130: 0.83819444 | T130: 0.85726852 | U130: 13.75 | V130: 27.47387 | AA130: =M130-J130 -> -324.16006 | AB130: =M130/J130 -> 0.90995554
B131: 18℃-飯糰 | C131: 二配生鱈魚子鮭魚飯糰 | E131: 23.8 | F131: 414 | G131: =E131*F131 -> 9853.2 | I131: 4 | J131: 3600 | K131: =J131/I131 -> 900 | L131: 4 | M131: =F131/V131*60 -> 3273.197 | N131: =M131/L131 -> 818.29924 | O131: =L131-I131 -> 0 | P131: =N131-K131 -> -81.70076 | Q131: =N131/K131 -> 0.90922138 | S131: 0.86666667 | T131: 0.87193287 | U131: 13.533333 | V131: 7.5889109 | AA131: =M131-J131 -> -326.80304 | AB131: =M131/J131 -> 0.90922138
B132: 18℃-飯糰 | C132: 二配北海道秋鮭親子飯糰 | E132: 24.82 | F132: 811 | G132: =E132*F132 -> 20129.02 | I132: 5 | J132: 3600 | K132: =J132/I132 -> 720 | L132: 5 | M132: =F132/V132*60 -> 3275.9301 | N132: =M132/L132 -> 655.18601 | O132: =L132-I132 -> 0 | P132: =N132-K132 -> -64.813986 | Q132: =N132/K132 -> 0.90998057 | S132: 0.88194444 | T132: 0.89225694 | U132: 14.416667 | V132: 14.853797 | AA132: =M132-J132 -> -324.06993 | AB132: =M132/J132 -> 0.90998057
B133: 18℃-飯糰 | C133: 二配卵黃牛挽肉飯糰 | E133: 24.76 | F133: 750 | G133: =E133*F133 -> 18570 | I133: 4 | J133: 3600 | K133: =J133/I133 -> 900 | L133: 4 | M133: =F133/V133*60 -> 3275.9085 | N133: =M133/L133 -> 818.97713 | O133: =L133-I133 -> 0 | P133: =N133-K133 -> -81.022865 | Q133: =N133/K133 -> 0.90997459 | S133: 0.90138889 | T133: 0.91092593 | U133: 13.15 | V133: 13.736647 | AA133: =M133-J133 -> -324.09146 | AB133: =M133/J133 -> 0.90997459
B134: 18℃-飯糰 | C134: 二配醬燒炙烤牛飯糰 | E134: 22.32 | F134: 1099 | G134: =E134*F134 -> 24529.68 | I134: 5 | J134: 3600 | K134: =J134/I134 -> 720 | L134: 5 | M134: =F134/V134*60 -> 3275.3196 | N134: =M134/L134 -> 655.06392 | O134: =L134-I134 -> 0 | P134: =N134-K134 -> -64.936082 | Q134: =N134/K134 -> 0.909811 | S134: 0.92013889 | T134: 0.9341088 | U134: 13.266667 | V134: 20.132387 | AA134: =M134-J134 -> -324.68041 | AB134: =M134/J134 -> 0.909811
B135: 18℃-飯糰 | C135: 二配明太子龍蝦風味沙拉飯糰 | E135: 18.18 | F135: 1529 | G135: =E135*F135 -> 27797.22 | I135: 3 | J135: 3600 | K135: =J135/I135 -> 1200 | L135: 3 | M135: =F135/V135*60 -> 3271.5166 | N135: =M135/L135 -> 1090.5055 | O135: =L135-I135 -> 0 | P135: =N135-K135 -> -109.49448 | Q135: =N135/K135 -> 0.9087546 | S135: 0.94444444 | T135: 0.96391204 | U135: 14.883333 | V135: 28.042041 | AA135: =M135-J135 -> -328.48344 | AB135: =M135/J135 -> 0.9087546
B136: 18℃-飯糰 | C136: 二配鹽蔥燒肉飯糰 | E136: 17.89 | F136: 2285 | G136: =E136*F136 -> 40878.65 | I136: 4 | J136: 3600 | K136: =J136/I136 -> 900 | L136: 4 | M136: =F136/V136*60 -> 3275.8399 | N136: =M136/L136 -> 818.95998 | O136: =L136-I136 -> 0 | P136: =N136-K136 -> -81.040016 | Q136: =N136/K136 -> 0.90995554 | S136: 0.97430556 | T136: 1.0033681 | U136: 14.966667 | V136: 41.851862 | AA136: =M136-J136 -> -324.16006 | AB136: =M136/J136 -> 0.90995554
B137: 18℃-飯糰 | C137: 二配鮪魚飯糰 | E137: 14.28 | F137: 6689 | G137: =E137*F137 -> 95518.92 | I137: 3 | J137: 3600 | K137: =J137/I137 -> 1200 | L137: 3 | M137: =F137/V137*60 -> 3273.9879 | N137: =M137/L137 -> 1091.3293 | O137: =L137-I137 -> 0 | P137: =N137-K137 -> -108.67068 | Q137: =N137/K137 -> 0.9094411 | S137: 1.0131944 | T137: 1.0983218 | U137: 14.15 | V137: 122.58445 | AA137: =M137-J137 -> -326.01205 | AB137: =M137/J137 -> 0.9094411
B140: 平均 | I140: =AVERAGE(I124:I139) -> 4 | J140: =AVERAGE(J124:J139) -> 3600 | K140: =J140/I140 -> 900 | L140: =AVERAGE(L124:L139) -> 4 | M140: =AVERAGE(M124:M139) -> 3275.1342 | N140: =M140/L140 -> 818.78354 | O140: =L140-I140 -> 0 | P140: =N140-K140 -> -81.216457 | Q140: =N140/K140 -> 0.90975949 | S140: 0.73263889 | T140: 1.0983218 | AA140: =M140-J140 -> -324.86583 | AB140: =M140/J140 -> 0.90975949
Y142: 原因回覆
Y143: 1.當日出勤人數較多
Y144: 2.當日出勤人數較少
Y145: 3.當日出勤熟手較多
Y146: 4.當日出勤新人較多
Y147: 5.機台夾盒
Y148: 6.封膜不順
Y149: 7.更換膠膜
Y150: 8.更換碳帶
Y151: 9.當日熱轉印碳帶異常
Y152: 10.訂單量過少
Y153: 11.新品上市，尚未熟悉
Y154: 12.活動期間品項需貼標

Sheet 0930(4度C)
A1: 大溪廠日報分析 | C1: 總生產量 | D1: =SUM(F5:F140) -> 72774 | E1: 營業額 | F1: =SUM(G5:G140) -> 3184007.3 | G1: 出勤人數 | H1: =L21+L38+L55+L72+L89+L106+L123+L140 -> 137.46667 | I1: 產線配置圖 | L1: 生產實績 | O1: 人時性差異分析 | S1: 日報登錄 | Y1: 合計次數 | Z1: 合計(時間/分) | AA1: 產線異常 分析說明(5分鐘以上) | AC1: 合計次數 | AD1: 合計(時間/分) | AE1: 產能差異分析
A2: 46295 | C2: 人時性 | D2: =AVERAGE(N21,N38,N55,N72,N89,N106,N123,N140) -> 207.8655 | E2: 平均廠價 | F2: =F1/D1 -> 43.75199 | G2: 多次生產數 | H2: =COUNT(H5:H140) -> 0 | Y2: =SUM(Y21,Y38,Y55,Y72,Y89,Y106,Y123,Y140) -> 0 | Z2: =SUM(Z21,Z38,Z55,Z72,Z89,Z106,Z123,Z140) -> 0 | AC2: =SUM(AC21,AC38,AC55,AC72,AC89,AC106,AC123,AC140) -> 0 | AD2: =SUM(AD21,AD38,AD55,AD72,AD89,AD106,AD123,AD140) -> 0
A3: 線別 | B3: 品類 | C3: 品名 | E3: 廠價 | F3: 生產量 | G3: 營收 | H3: 多次 生產 | I3: 人數 | J3: 產能/時 | K3: 人時性 | L3: 人數 | M3: 產能/時 | N3: 人時性 | O3: 人數 | P3: 人時性 | Q3: 達成率 | R3: 達成率 平均 | S3: 生產時間 | U3: 換線、休息/分 | V3: 稼動時間/分 | W3: 休息時間 | Y3: 產線異常統計(5分鐘以上) | AA3: (屏榮回填) | AC3: 短暫停線統計(5分鐘以下) | AE3: 產能/時 | AF3: 達成率 | AG3: 達成率平均
S4: 開始 | T4: 結束 | W4: 開始 | X4: 結束 | Y4: 次數 | Z4: 時間/分 | AC4: 總次數 | AD4: 設備因素(次數)
A5: 便當二線 | B5: 微波小吃 | C5: 日式茶碗蒸 | E5: 19.7 | F5: 4080 | G5: =E5*F5 -> 80376 | I5: 13 | J5: 1200 | K5: =J5/I5 -> 92.307692 | L5: 13 | M5: =F5/V5*60 -> 1086.8073 | N5: =M5/L5 -> 83.600561 | O5: =L5-I5 -> 0 | P5: =N5-K5 -> -8.7071317 | Q5: =N5/K5 -> 0.90567274 | R5: =Q21 -> 0.90319083 | S5: 0.20833333 | T5: 0.36474537 | V5: 225.24693 | AE5: =M5-J5 -> -113.19271 | AF5: =M5/J5 -> 0.90567274 | AG5: =AF21 -> 0.90319083
B6: 微波主食 | C6: 糖燻野郎三十天熟成牛飯 | E6: 56.43 | F6: 4773 | G6: =E6*F6 -> 269340.39 | I6: 24 | J6: 2000 | K6: =J6/I6 -> 83.333333 | L6: 24 | M6: =F6/V6*60 -> 1804.5548 | N6: =M6/L6 -> 75.189784 | O6: =L6-I6 -> 0 | P6: =N6-K6 -> -8.1435491 | Q6: =N6/K6 -> 0.90227741 | S6: 0.36805556 | T6: 0.47825231 | U6: 4.7666667 | V6: 158.69842 | W6: 0.47825231 | X6: 0.51666667 | AE6: =M6-J6 -> -195.44518 | AF6: =M6/J6 -> 0.90227741
B7: 便當 | C7: 健身G肉餐盒 | E7: 59.52 | F7: 4734 | G7: =E7*F7 -> 281767.68 | I7: 24 | J7: 2000 | K7: =J7/I7 -> 83.333333 | L7: 24 | M7: =F7/V7*60 -> 1805.2302 | N7: =M7/L7 -> 75.217925 | O7: =L7-I7 -> 0 | P7: =N7-K7 -> -8.1154088 | Q7: =N7/K7 -> 0.90261509 | S7: 0.51666667 | T7: 0.62592593 | U7: 55.316667 | V7: 157.34282 | AE7: =M7-J7 -> -194.76981 | AF7: =M7/J7 -> 0.90261509
B21: 平均 | I21: =AVERAGE(I5:I20) -> 20.333333 | J21: =AVERAGE(J5:J20) -> 1733.3333 | K21: =J21/I21 -> 85.245902 | L21: =AVERAGE(L5:L20) -> 20.333333 | M21: =AVERAGE(M5:M20) -> 1565.5308 | N21: =M21/L21 -> 76.993316 | O21: =L21-I21 -> 0 | P21: =N21-K21 -> -8.2525853 | Q21: =N21/K21 -> 0.90319083 | S21: 0.20833333 | T21: 0.62592593 | Y21: =SUM(Y5:Y20) -> 0 | Z21: =SUM(Z5:Z20) -> 0 | AC21: =SUM(AC5:AC20) -> 0 | AD21: =SUM(AD5:AD20) -> 0 | AE21: =M21-J21 -> -167.80257 | AF21: =M21/J21 -> 0.90319083
A22: 涼麵一線 | B22: 4℃-飯糰 | C22: 里肌肉蛋紫米飯糰 | E22: 29.87 | F22: 4774 | G22: =E22*F22 -> 142599.38 | I22: 21 | J22: 2790 | K22: =J22/I22 -> 132.85714 | L22: 22 | M22: =F22/V22*60 -> 2626.6346 | N22: =M22/L22 -> 119.39248 | O22: =L22-I22 -> 1 | P22: =N22-K22 -> -13.46466 | Q22: =N22/K22 -> 0.89865309 | R22: =Q38 -> 0.90312847 | S22: 0.20833333 | T22: 0.2840625 | V22: 109.05209 | AE22: =M22-J22 -> -163.36538 | AF22: =M22/J22 -> 0.9414461 | AG22: =AF38 -> 0.92083687
B23: 4℃-飯糰 | C23: 經典傳統飯糰 | E23: 24.35 | F23: 3548 | G23: =E23*F23 -> 86393.8 | I23: 21 | J23: 2790 | K23: =J23/I23 -> 132.85714 | L23: 22 | M23: =F23/V23*60 -> 2626.6346 | N23: =M23/L23 -> 119.39248 | O23: =L23-I23 -> 1 | P23: =N23-K23 -> -13.46466 | Q23: =N23/K23 -> 0.89865309 | S23: 0.28819444 | T23: 0.34446759 | U23: 5.95 | V23: 81.046674 | AE23: =M23-J23 -> -163.36538 | AF23: =M23/J23 -> 0.9414461
B24: 4℃-壽司手卷 | C24: 海陸雙拼壽司 | E24: 36.45 | F24: 2067 | G24: =E24*F24 -> 75342.15 | I24: 20 | J24: 2100 | K24: =J24/I24 -> 105 | L24: 20 | M24: =F24/V24*60 -> 1892.0183 | N24: =M24/L24 -> 94.600917 | O24: =L24-I24 -> 0 | P24: =N24-K24 -> -10.399083 | Q24: =N24/K24 -> 0.90096112 | S24: 0.34791667 | T24: 0.39342593 | U24: 4.9666667 | V24: 65.549047 | AE24: =M24-J24 -> -207.98166 | AF24: =M24/J24 -> 0.90096112
B25: 便當 | C25: 懷舊滷雙拼便當 | E25: 61.09 | F25: 3272 | G25: =E25*F25 -> 199886.48 | I25: 20 | J25: 2000 | K25: =J25/I25 -> 100 | L25: 20 | M25: =F25/V25*60 -> 1805.2427 | N25: =M25/L25 -> 90.262133 | O25: =L25-I25 -> 0 | P25: =N25-K25 -> -9.7378669 | Q25: =N25/K25 -> 0.90262133 | S25: 0.39652778 | T25: 0.47203704 | U25: 5 | V25: 108.74992 | W25: 0.47203704 | X25: 0.51041667 | AE25: =M25-J25 -> -194.75734 | AF25: =M25/J25 -> 0.90262133
B26: 便當 | C26: 香腸腿排雙拼便當 | E26: 53.76 | F26: 3306 | G26: =E26*F26 -> 177730.56 | I26: 20 | J26: 2000 | K26: =J26/I26 -> 100 | L26: 20 | M26: =F26/V26*60 -> 1804.8444 | N26: =M26/L26 -> 90.242219 | O26: =L26-I26 -> 0 | P26: =N26-K26 -> -9.7577806 | Q26: =N26/K26 -> 0.90242219 | S26: 0.51041667 | T26: 0.58673611 | U26: 55.266667 | V26: 109.90421 | AE26: =M26-J26 -> -195.15561 | AF26: =M26/J26 -> 0.90242219
B38: 平均 | I38: =AVERAGE(I22:I37) -> 20.4 | J38: =AVERAGE(J22:J37) -> 2336 | K38: =J38/I38 -> 114.5098 | L38: =AVERAGE(L22:L37) -> 20.8 | M38: =AVERAGE(M22:M37) -> 2151.0749 | N38: =M38/L38 -> 103.41706 | O38: =L38-I38 -> 0.4 | P38: =N38-K38 -> -11.09274 | Q38: =N38/K38 -> 0.90312847 | S38: 0.20833333 | T38: 0.58673611 | Y38: =SUM(Y22:Y37) -> 0 | Z38: =SUM(Z22:Z37) -> 0 | AC38: =SUM(AC22:AC37) -> 0 | AD38: =SUM(AD22:AD37) -> 0 | AE38: =M38-J38 -> -184.92508 | AF38: =M38/J38 -> 0.92083687
A39: 涼麵二線 | B39: 便當 | C39: 蔬活腿排補力餐盒 | E39: 71.55 | F39: 2509 | G39: =E39*F39 -> 179518.95 | I39: 22 | J39: 2000 | K39: =J39/I39 -> 90.909091 | L39: 22 | M39: =F39/V39*60 -> 1808.2186 | N39: =M39/L39 -> 82.191754 | O39: =L39-I39 -> 0 | P39: =N39-K39 -> -8.7173367 | Q39: =N39/K39 -> 0.9041093 | R39: =Q55 -> 0.9033176 | S39: 0.20833333 | T39: 0.26614583 | V39: 83.253209 | AE39: =M39-J39 -> -191.78141 | AF39: =M39/J39 -> 0.9041093 | AG39: =AF55 -> 0.9033176
B40: 便當 | C40: 海陸雙拼肉肉餐盒 | E40: 59.54 | F40: 2555 | G40: =E40*F40 -> 152124.7 | I40: 23 | J40: 2000 | K40: =J40/I40 -> 86.956522 | L40: 23 | M40: =F40/V40*60 -> 1807.8274 | N40: =M40/L40 -> 78.601191 | O40: =L40-I40 -> 0 | P40: =N40-K40 -> -8.3553309 | Q40: =N40/K40 -> 0.90391369 | S40: 0.26944444 | T40: 0.32832176 | U40: 4.75 | V40: 84.797919 | AE40: =M40-J40 -> -192.17261 | AF40: =M40/J40 -> 0.90391369
B41: 便當 | C41: 烤蛋白餐盒 | E41: 58.67 | F41: 3633 | G41: =E41*F41 -> 213148.11 | I41: 23 | J41: 2000 | K41: =J41/I41 -> 86.956522 | L41: 23 | M41: =F41/V41*60 -> 1804.1094 | N41: =M41/L41 -> 78.439537 | O41: =L41-I41 -> 0 | P41: =N41-K41 -> -8.5169842 | Q41: =N41/K41 -> 0.90205468 | S41: 0.33125 | T41: 0.41515046 | U41: 5 | V41: 120.82416 | AE41: =M41-J41 -> -195.89064 | AF41: =M41/J41 -> 0.90205468
B42: 便當 | C42: 香烤鱈魚輕蔬餐盒 | E42: 69.26 | F42: 629 | G42: =E42*F42 -> 43564.54 | I42: 24 | J42: 2000 | K42: =J42/I42 -> 83.333333 | L42: 24 | M42: =F42/V42*60 -> 1804.7152 | N42: =M42/L42 -> 75.196466 | O42: =L42-I42 -> 0 | P42: =N42-K42 -> -8.1368669 | Q42: =N42/K42 -> 0.9023576 | S42: 0.41805556 | T42: 0.43256944 | U42: 5 | V42: 20.911887 | W42: 0.43256944 | X42: 0.47152778 | AE42: =M42-J42 -> -195.28481 | AF42: =M42/J42 -> 0.9023576
B43: 便當 | C43: 地中海布格麥烤魚餐盒 | E43: 63.92 | F43: 1254 | G43: =E43*F43 -> 80155.68 | I43: 24 | J43: 2000 | K43: =J43/I43 -> 83.333333 | L43: 24 | M43: =F43/V43*60 -> 1808.3054 | N43: =M43/L43 -> 75.34606 | O43: =L43-I43 -> 0 | P43: =N43-K43 -> -7.9872734 | Q43: =N43/K43 -> 0.90415272 | S43: 0.47152778 | T43: 0.50041667 | U43: 56.1 | V43: 41.608015 | AE43: =M43-J43 -> -191.69456 | AF43: =M43/J43 -> 0.90415272
B55: 平均 | I55: =AVERAGE(I39:I54) -> 23.2 | J55: =AVERAGE(J39:J54) -> 2000 | K55: =J55/I55 -> 86.206897 | L55: =AVERAGE(L39:L54) -> 23.2 | M55: =AVERAGE(M39:M54) -> 1806.6352 | N55: =M55/L55 -> 77.872207 | O55: =L55-I55 -> 0 | P55: =N55-K55 -> -8.3346899 | Q55: =N55/K55 -> 0.9033176 | S55: 0.20833333 | T55: 0.50041667 | Y55: =SUM(Y39:Y54) -> 0 | Z55: =SUM(Z39:Z54) -> 0 | AC55: =SUM(AC39:AC54) -> 0 | AD55: =SUM(AD39:AD54) -> 0 | AE55: =M55-J55 -> -193.3648 | AF55: =M55/J55 -> 0.9033176
A56: 涼麵三線 | B56: 季節調理麵 | C56: 和風涓絲冷麵 | E56: 28.86 | F56: 1394 | G56: =E56*F56 -> 40230.84 | I56: 18 | J56: 3600 | K56: =J56/I56 -> 200 | L56: 18 | M56: =F56/V56*60 -> 3195.3135 | N56: =M56/L56 -> 177.51742 | O56: =L56-I56 -> 0 | P56: =N56-K56 -> -22.482585 | Q56: =N56/K56 -> 0.88758708 | R56: =Q72 -> 0.89628511 | S56: 0.25 | T56: 0.2681713 | V56: 26.175836 | AE56: =M56-J56 -> -404.68653 | AF56: =M56/J56 -> 0.88758708 | AG56: =AF72 -> 0.89628511
B57: 季節調理麵 | C57: 韓式泡菜冷麵 | E57: 36.73 | F57: 811 | G57: =E57*F57 -> 29788.03 | I57: 21 | J57: 3600 | K57: =J57/I57 -> 171.42857 | L57: 21 | M57: =F57/V57*60 -> 3196.3256 | N57: =M57/L57 -> 152.20598 | O57: =L57-I57 -> 0 | P57: =N57-K57 -> -19.22259 | Q57: =N57/K57 -> 0.88786822 | S57: 0.27152778 | T57: 0.28209491 | U57: 4.8333333 | V57: 15.223731 | AE57: =M57-J57 -> -403.67439 | AF57: =M57/J57 -> 0.88786822
B58: 季節調理麵 | C58: 大滿足麻醬涼麵 | E58: 37.8 | F58: 4031 | G58: =E58*F58 -> 152371.8 | I58: 20 | J58: 3600 | K58: =J58/I58 -> 180 | L58: 20 | M58: =F58/V58*60 -> 3270.0889 | N58: =M58/L58 -> 163.50445 | O58: =L58-I58 -> 0 | P58: =N58-K58 -> -16.495554 | Q58: =N58/K58 -> 0.90835803 | S58: 0.28611111 | T58: 0.33746528 | U58: 5.7833333 | V58: 73.961292 | AE58: =M58-J58 -> -329.91108 | AF58: =M58/J58 -> 0.90835803
B59: 季節調理麵 | C59: 大滿足香辣涼麵 | E59: 38.48 | F59: 3235 | G59: =E59*F59 -> 124482.8 | I59: 19 | J59: 3600 | K59: =J59/I59 -> 189.47368 | L59: 19 | M59: =F59/V59*60 -> 3261.24 | N59: =M59/L59 -> 171.64421 | O59: =L59-I59 -> 0 | P59: =N59-K59 -> -17.829474 | Q59: =N59/K59 -> 0.9059 | S59: 0.34027778 | T59: 0.3816088 | U59: 5 | V59: 59.517239 | AE59: =M59-J59 -> -338.76 | AF59: =M59/J59 -> 0.9059
B60: 4℃-飯糰 | C60: 麻油雞飯糰 | E60: 29.97 | F60: 2133 | G60: =E60*F60 -> 63926.01 | I60: 21 | J60: 2790 | K60: =J60/I60 -> 132.85714 | L60: 21 | M60: =F60/V60*60 -> 2484.1731 | N60: =M60/L60 -> 118.29396 | O60: =L60-I60 -> 0 | P60: =N60-K60 -> -14.563187 | Q60: =N60/K60 -> 0.89038462 | S60: 0.38541667 | T60: 0.42119213 | U60: 5.4833333 | V60: 51.51815 | AE60: =M60-J60 -> -305.82692 | AF60: =M60/J60 -> 0.89038462
B72: 平均 | I72: =AVERAGE(I56:I71) -> 19.8 | J72: =AVERAGE(J56:J71) -> 3438 | K72: =J72/I72 -> 173.63636 | L72: =AVERAGE(L56:L71) -> 19.8 | M72: =AVERAGE(M56:M71) -> 3081.4282 | N72: =M72/L72 -> 155.62769 | O72: =L72-I72 -> 0 | P72: =N72-K72 -> -18.008676 | Q72: =N72/K72 -> 0.89628511 | S72: 0.25 | T72: 0.42119213 | Y72: =SUM(Y56:Y71) -> 0 | Z72: =SUM(Z56:Z71) -> 0 | AC72: =SUM(AC56:AC71) -> 0 | AD72: =SUM(AD56:AD71) -> 0 | AE72: =M72-J72 -> -356.57179 | AF72: =M72/J72 -> 0.89628511
A73: 自動包裝機 | B73: 4℃-壽司手卷 | C73: 生菜鮮蝦脆卷 | E73: 22.83 | F73: 2204 | G73: =E73*F73 -> 50317.32 | I73: 6 | J73: 2500 | K73: =J73/I73 -> 416.66667 | L73: 6 | M73: =F73/V73*60 -> 2263.1316 | N73: =M73/L73 -> 377.18859 | O73: =L73-I73 -> 0 | P73: =N73-K73 -> -39.478074 | Q73: =N73/K73 -> 0.90525262 | R73: =Q89 -> 0.90568923 | S73: 0.34375 | T73: 0.38431713 | U73: 5 | V73: 58.432308 | AE73: =M73-J73 -> -236.86844 | AF73: =M73/J73 -> 0.90525262 | AG73: =AF89 -> 0.90568923
B74: 4℃-壽司手卷 | C74: 蔥花生鮪魚脆卷 | E74: 23.19 | F74: 668 | G74: =E74*F74 -> 15490.92 | I74: 6 | J74: 2500 | K74: =J74/I74 -> 416.66667 | L74: 6 | M74: =F74/V74*60 -> 2263.8385 | N74: =M74/L74 -> 377.30642 | O74: =L74-I74 -> 0 | P74: =N74-K74 -> -39.360246 | Q74: =N74/K74 -> 0.90553541 | S74: 0.38819444 | T74: 0.40048611 | U74: 5.5833333 | V74: 17.704443 | AE74: =M74-J74 -> -236.16147 | AF74: =M74/J74 -> 0.90553541
B75: 4℃-壽司手卷 | C75: 香濃明太子嫩雞飯卷 | E75: 35.89 | F75: 1715 | G75: =E75*F75 -> 61551.35 | I75: 5 | J75: 3273 | K75: =J75/I75 -> 654.6 | L75: 5 | M75: =F75/V75*60 -> 2965.7969 | N75: =M75/L75 -> 593.15939 | O75: =L75-I75 -> 0 | P75: =N75-K75 -> -61.440612 | Q75: =N75/K75 -> 0.90614022 | S75: 0.40416667 | T75: 0.42825231 | U75: 5.3 | V75: 34.695565 | AE75: =M75-J75 -> -307.20306 | AF75: =M75/J75 -> 0.90614022
B89: 平均 | I89: =AVERAGE(I73:I88) -> 5.6666667 | J89: =AVERAGE(J73:J88) -> 2757.6667 | K89: =J89/I89 -> 486.64706 | L89: =AVERAGE(L73:L88) -> 5.6666667 | M89: =AVERAGE(M73:M88) -> 2497.589 | N89: =M89/L89 -> 440.751 | O89: =L89-I89 -> 0 | P89: =N89-K89 -> -45.896058 | Q89: =N89/K89 -> 0.90568923 | S89: 0.20833333 | T89: 0.42825231 | Y89: =SUM(Y73:Y88) -> 0 | Z89: =SUM(Z73:Z88) -> 0 | AC89: =SUM(AC73:AC88) -> 0 | AD89: =SUM(AD73:AD88) -> 0 | AE89: =M89-J89 -> -260.07766 | AF89: =M89/J89 -> 0.90568923
A90: 自動包裝機2 | B90: 4℃-壽司手卷 | C90: 鮪魚昆布細卷 | E90: 15.51 | F90: 2123 | G90: =E90*F90 -> 32927.73 | I90: 6 | J90: 4200 | K90: =J90/I90 -> 700 | L90: 6 | M90: =F90/V90*60 -> 3796.8829 | N90: =M90/L90 -> 632.81382 | O90: =L90-I90 -> 0 | P90: =N90-K90 -> -67.186176 | Q90: =N90/K90 -> 0.90401975 | R90: =Q106 -> 0.90436291 | S90: 0.25 | T90: 0.27328704 | V90: 33.548572 | AE90: =M90-J90 -> -403.11706 | AF90: =M90/J90 -> 0.90401975 | AG90: =AF106 -> 0.90436291
B91: 4℃-壽司手卷 | C91: 肉鬆火腿細卷 | E91: 15.01 | F91: 2192 | G91: =E91*F91 -> 32901.92 | I91: 6 | J91: 4200 | K91: =J91/I91 -> 700 | L91: 6 | M91: =F91/V91*60 -> 3799.7655 | N91: =M91/L91 -> 633.29425 | O91: =L91-I91 -> 0 | P91: =N91-K91 -> -66.705751 | Q91: =N91/K91 -> 0.90470607 | S91: 0.27708333 | T91: 0.30111111 | U91: 5.4666667 | V91: 34.612662 | AE91: =M91-J91 -> -400.23451 | AF91: =M91/J91 -> 0.90470607
B106: 平均 | I106: =AVERAGE(I90:I105) -> 6 | J106: =AVERAGE(J90:J105) -> 4200 | K106: =J106/I106 -> 700 | L106: =AVERAGE(L90:L105) -> 6 | M106: =AVERAGE(M90:M105) -> 3798.3242 | N106: =M106/L106 -> 633.05404 | O106: =L106-I106 -> 0 | P106: =N106-K106 -> -66.945964 | Q106: =N106/K106 -> 0.90436291 | S106: 0.25 | T106: 0.30111111 | Y106: =SUM(Y90:Y105) -> 0 | Z106: =SUM(Z90:Z105) -> 0 | AC106: =SUM(AC90:AC105) -> 0 | AD106: =SUM(AD90:AD105) -> 0 | AE106: =M106-J106 -> -401.67578 | AF106: =M106/J106 -> 0.90436291
A107: 便當二線 (二配) | B107: 微波主食 | C107: 二配香烤魚排青醬燉飯 | E107: 58.17 | F107: 1636 | G107: =E107*F107 -> 95166.12 | I107: 18 | J107: 2000 | K107: =J107/I107 -> 111.11111 | L107: 17 | M107: =F107/V107*60 -> 1805.6 | N107: =M107/L107 -> 106.21176 | O107: =L107-I107 -> -1 | P107: =N107-K107 -> -4.8993464 | Q107: =N107/K107 -> 0.95590588 | R107: =Q123 -> 0.95151548 | S107: 0.70833333 | T107: 0.74607639 | V107: 54.3642 | AE107: =M107-J107 -> -194.4 | AF107: =M107/J107 -> 0.9028 | AG107: =AF123 -> 0.90313333
B108: 微波主食 | C108: 二配濃起司燻腸紅醬焗烤飯 | E108: 50.67 | F108: 1912 | G108: =E108*F108 -> 96881.04 | I108: 20 | J108: 2000 | K108: =J108/I108 -> 100 | L108: 19 | M108: =F108/V108*60 -> 1806.4 | N108: =M108/L108 -> 95.073684 | O108: =L108-I108 -> -1 | P108: =N108-K108 -> -4.9263158 | Q108: =N108/K108 -> 0.95073684 | S108: 0.74930556 | T108: 0.79340278 | U108: 4.65 | V108: 63.507529 | AE108: =M108-J108 -> -193.6 | AF108: =M108/J108 -> 0.9032
B109: 微波主食 | C109: 二配西班牙風味海鮮燉飯 | E109: 57.3 | F109: 1312 | G109: =E109*F109 -> 75177.6 | I109: 21 | J109: 2000 | K109: =J109/I109 -> 95.238095 | L109: 20 | M109: =F109/V109*60 -> 1806.8 | N109: =M109/L109 -> 90.34 | O109: =L109-I109 -> -1 | P109: =N109-K109 -> -4.8980952 | Q109: =N109/K109 -> 0.94857 | S109: 0.79652778 | T109: 0.82678241 | U109: 5 | V109: 43.56874 | AE109: =M109-J109 -> -193.2 | AF109: =M109/J109 -> 0.9034
B123: 平均 | I123: =AVERAGE(I107:I122) -> 19.666667 | J123: =AVERAGE(J107:J122) -> 2000 | K123: =J123/I123 -> 101.69492 | L123: =AVERAGE(L107:L122) -> 18.666667 | M123: =AVERAGE(M107:M122) -> 1806.2667 | N123: =M123/L123 -> 96.764286 | O123: =L123-I123 -> -1 | P123: =N123-K123 -> -4.9306295 | Q123: =N123/K123 -> 0.95151548 | S123: 0.70833333 | T123: 0.82678241 | Y123: =SUM(Y107:Y122) -> 0 | Z123: =SUM(Z107:Z122) -> 0 | AC123: =SUM(AC107:AC122) -> 0 | AD123: =SUM(AD107:AD122) -> 0 | AE123: =M123-J123 -> -193.73333 | AF123: =M123/J123 -> 0.90313333
A124: 涼麵一線 (二配) | B124: 微波主食 | C124: 二配黃金雞排蘑菇白醬歐姆蛋飯 | E124: 56.87 | F124: 1509 | G124: =E124*F124 -> 85816.83 | I124: 23 | J124: 2000 | K124: =J124/I124 -> 86.956522 | L124: 23 | M124: =F124/V124*60 -> 1803.8186 | N124: =M124/L124 -> 78.426894 | O124: =L124-I124 -> 0 | P124: =N124-K124 -> -8.5296276 | Q124: =N124/K124 -> 0.90190928 | R124: =Q140 -> 0.90211063 | S124: 0.70833333 | T124: 0.74318287 | V124: 50.193518 | AE124: =M124-J124 -> -196.18144 | AF124: =M124/J124 -> 0.90190928 | AG124: =AF140 -> 0.90211063
B125: 微波主食 | C125: 二配里肌豬排可可咖哩歐姆蛋飯 | E125: 56.79 | F125: 1982 | G125: =E125*F125 -> 112557.78 | I125: 23 | J125: 2000 | K125: =J125/I125 -> 86.956522 | L125: 23 | M125: =F125/V125*60 -> 1801.9667 | N125: =M125/L125 -> 78.346379 | O125: =L125-I125 -> 0 | P125: =N125-K125 -> -8.6101426 | Q125: =N125/K125 -> 0.90098336 | S125: 0.74722222 | T125: 0.79304398 | U125: 5.8166667 | V125: 65.99456 | AE125: =M125-J125 -> -198.03328 | AF125: =M125/J125 -> 0.90098336
B126: 微波主食 | C126: 二配起司棉被海陸白醬焗烤飯 | E126: 47.6 | F126: 2783 | G126: =E126*F126 -> 132470.8 | I126: 23 | J126: 2000 | K126: =J126/I126 -> 86.956522 | L126: 23 | M126: =F126/V126*60 -> 1806.8785 | N126: =M126/L126 -> 78.559935 | O126: =L126-I126 -> 0 | P126: =N126-K126 -> -8.3965867 | Q126: =N126/K126 -> 0.90343925 | S126: 0.79652778 | T126: 0.86069444 | U126: 5.0166667 | V126: 92.413518 | AE126: =M126-J126 -> -193.12149 | AF126: =M126/J126 -> 0.90343925
B140: 平均 | I140: =AVERAGE(I124:I139) -> 23 | J140: =AVERAGE(J124:J139) -> 2000 | K140: =J140/I140 -> 86.956522 | L140: =AVERAGE(L124:L139) -> 23 | M140: =AVERAGE(M124:M139) -> 1804.2213 | N140: =M140/L140 -> 78.444403 | O140: =L140-I140 -> 0 | P140: =N140-K140 -> -8.512119 | Q140: =N140/K140 -> 0.90211063 | S140: 0.70833333 | T140: 0.86069444 | Y140: =SUM(Y124:Y139) -> 0 | Z140: =SUM(Z124:Z139) -> 0 | AC140: =SUM(AC124:AC139) -> 0 | AD140: =SUM(AD124:AD139) -> 0 | AE140: =M140-J140 -> -195.77874 | AF140: =M140/J140 -> 0.90211063
AA142: 原因回覆
AA143: 1.當日出勤人數較多
AA144: 2.當日出勤人數較少
AA145: 3.當日出勤熟手較多
AA146: 4.當日出勤新人較多
AA147: 5.機台夾盒
AA148: 6.封膜不順
AA149: 7.更換膠膜
AA150: 8.更換碳帶
AA151: 9.當日熱轉印碳帶異常
AA152: 10.訂單量過少
AA153: 11.新品上市，尚未熟悉
AA154: 12.活動期間品項需貼標

Sheet 0929
B1: 屏榮 大溪廠組合室生產人時性分析
B3: 日期 | C3: 115.09.29星期二 | E3: 訂單量 | F3: ='0929(18度C)'!D1+'0929(4度C)'!D1 -> 154969 | H3: 營業額 | I3: ='0929(18度C)'!F1+'0929(4度C)'!F1 -> 4813434.3
B4: 人時性 | C4: 項目 | E4: ➀ | G4: ➁ | I4: ➂ | K4: ④ | M4: ⑤ | O4: 異常停線 | Q4: 短暫停線
C5: 組合室 | E5: 全溫層 | G5: 4度C-各編組展開(一配) | I5: 4度C-各編組展開(二配) | K5: 18度C-各編組展開(一配) | M5: 18度C-各編組展開(二配) | O5: 合計次數 | P5: 時間 | Q5: 合計次數 | R5: 設備次數
C6: 排關平均 | E6: =AVERAGE(D14:O14,D32:X32) -> 473.31811 | F6: =AVERAGE(#REF!,D14:K14) -> #REF! | G6: =AVERAGE(D14:K14) -> 274.37434 | I6: =AVERAGE(L14:O14) -> 94.325718 | K6: =AVERAGE(D32:O32) -> 716.27883 | M6: =AVERAGE(P32:X32) -> 718.26923 | O6: ='0929(4度C)'!Y2 -> 0 | P6: ='0929(4度C)'!Z2 -> 0 | Q6: ='0929(4度C)'!AC2 -> 0 | R6: ='0929(4度C)'!AD2 -> 0
C7: 實績平均 | E7: =AVERAGE(D15:O15,D33:X33) -> 428.77247 | F7: =AVERAGE(#REF!,D15:K15) -> #REF! | G7: =AVERAGE(D15:K15) -> 248.00466 | I7: =AVERAGE(L15:O15) -> 87.580794 | K7: =AVERAGE(D33:O33) -> 644.55583 | M7: =AVERAGE(P33:X33) -> 654.73666
C8: 達成率平均 | E8: =AVERAGE(D16:O16,D34:X34) -> 0.90405811 | F8: =AVERAGE(D16:K16,#REF!) -> #REF! | G8: =AVERAGE(D16:K16) -> 0.9026874 | I8: =AVERAGE(L16:O16) -> 0.92658389 | K8: =AVERAGE(D34:O34) -> 0.89413042 | M8: =AVERAGE(P34:X34) -> 0.90477899
O9: ※現行日本鮮食廠以達成率80%為基本(即為現行KPI)
B11: 溫層 | D11: ➁4度C-各編組展開 | L11: ➂4度C-各編組展開
B12: 編組 | D12: 1 | E12: 2 | F12: 3 | G12: 4 | H12: 5 | I12: 6 | J12: 7 | K12: 8 | L12: 1 | M12: 2 | N12: 3 | O12: 4
D13: 便當一線 | E13: 便當二線 | F13: 涼麵一線 | G13: 涼麵二線 | H13: 涼麵三線 | I13: 自動包裝機 | J13: 自動包裝機2 | K13: 自動包裝機3 | L13: 便當一線 | M13: 便當二線 | N13: 涼麵一線 | O13: 涼麵二線
B14: 人時性 | C14: 排關 | D14: - | E14: 85.245902 | F14: 114.5098 | G14: 86.206897 | H14: 173.63636 | I14: 486.64706 | J14: 700 | K14: - | L14: - | M14: 101.69492 | N14: 86.956522 | O14: -
C15: 實績 | D15: - | E15: 76.97889 | F15: 103.40928 | G15: 77.854965 | H15: 155.65013 | I15: 440.73068 | J15: 633.40404 | K15: - | L15: - | M15: 96.714286 | N15: 78.447301 | O15: -
C16: 達成率 | D16: - | E16: =E15/E14 -> 0.9030216 | F16: =F15/F14 -> 0.90306045 | G16: =G15/G14 -> 0.9031176 | H16: =H15/H14 -> 0.89641436 | I16: =I15/I14 -> 0.90564748 | J16: =J15/J14 -> 0.90486291 | K16: - | L16: - | M16: =M15/M14 -> 0.95102381 | N16: =N15/N14 -> 0.90214397 | O16: -
B17: 作業 時間 | C17: 開始 | D17: - | E17: 0.20833333 | F17: 0.20833333 | G17: 0.20833333 | H17: 0.25 | I17: 0.20833333 | J17: 0.25 | K17: - | L17: - | M17: 0.70833333 | N17: 0.70833333 | O17: -
C18: 結束 | D18: - | E18: 0.60071759 | F18: 0.56211806 | G18: 0.51221065 | H18: 0.43226852 | I18: 0.45108796 | J18: 0.30402778 | K18: - | L18: - | M18: 0.82222222 | N18: 0.86631944 | O18: -
B19: 產線異常 (5分鐘以上) | C19: 次數
C20: 時間/分
B21: 短暫停線 (5分鐘以下) | C21: 次數
C22: 設備次數
B23: 配置人數 | D23: - | E23: 20.333333 | F23: 20.8 | G23: 23.2 | H23: 19.8 | I23: 5.6666667 | J23: 6 | K23: - | L23: - | M23: 18.666667 | N23: 23 | O23: -
B24: 主要應用設備 | D24: L型封口機 | E24: ET-55 | F24: ET-55 | G24: ET-55 | H24: ET-600 | I24: 伺服包裝機 | J24: 伺服包裝機 | K24: 伺服包裝機 | L24: L型封口機 | M24: ET-55 | N24: ET-55 | O24: ET-55
B25: 次要應用設備 | D25: 伺服包裝機 | H25: 伺服包裝機
B26: 備註 | H26: 涼麵+烤飯糰 | I26: 大口飯糰線 | K26: 烤飯糰+手卷
B29: 溫層 | D29: ➃18度C-各編組展開 (一配) | P29: ⑤18度C-各編組展開 (二配)
B30: 編組 | D30: 1 | E30: 2 | F30: 3 | G30: 4 | H30: 5 | I30: 6 | J30: 7 | K30: 8 | L30: 9 | M30: 10 | N30: 11 | O30: 12 | P30: 1 | Q30: 2 | R30: 3 | S30: 4 | T30: 5 | U30: 6 | V30: 7 | W30: 8 | X30: 9
D31: 便當一線 | E31: 涼麵一線 | F31: 涼麵三線 | G31: 自動包裝機 | H31: 自動包裝機2 | I31: 自動包裝機3 | J31: 味付飯糰線B | K31: (舊) 3300型飯糰線 | L31: 3000型飯糰線 | M31: (新) 3300型飯糰機 | N31: GKK3600型 飯糰機 | O31: GKK3600型 飯糰機2 | P31: 自動包裝機 | Q31: 自動包裝機2 | R31: 自動包裝機3 | S31: 味付飯糰線B | T31: (舊) 3300型飯糰線 | U31: 3000型飯糰線 | V31: (新) 3300型飯糰機 | W31: GKK3600型 飯糰機 | X31: GKK3600型 飯糰機2
B32: 人時性 | C32: 排關 | D32: - | E32: - | F32: - | G32: 322.38806 | H32: - | I32: - | J32: - | K32: - | L32: - | M32: 750 | N32: 920 | O32: 872.72727 | P32: 300 | Q32: - | R32: - | S32: - | T32: - | U32: - | V32: 750 | W32: 923.07692 | X32: 900
C33: 實績 | D33: - | E33: - | F33: - | G33: 280.0182 | H33: - | I33: - | J33: - | K33: - | L33: - | M33: 662.43891 | N33: 842.78673 | O33: 792.97948 | P33: 259.96346 | Q33: - | R33: - | S33: - | T33: - | U33: - | V33: 697.13815 | W33: 843.87327 | X33: 817.97175
C34: 達成率 | D34: - | E34: - | F34: - | G34: =G33/G32 -> 0.86857496 | H34: - | I34: - | J34: - | K34: - | L34: - | M34: =M33/M32 -> 0.88325188 | N34: =N33/N32 -> 0.91607253 | O34: =O33/O32 -> 0.90862232 | P34: =P33/P32 -> 0.86654487 | Q34: - | R34: - | S34: - | T34: - | U34: - | V34: =V33/V32 -> 0.92951753 | W34: =W33/W32 -> 0.91419604 | X34: =X33/X32 -> 0.90885751
B35: 作業 時間 | C35: 開始 | D35: - | E35: - | F35: - | G35: 0.20833333 | H35: - | I35: - | J35: - | K35: - | L35: - | M35: 0.32083333 | N35: 0.25 | O35: 0.25 | P35: 0.73958333 | Q35: - | R35: - | S35: - | T35: - | U35: - | V35: 0.70833333 | W35: 0.73263889 | X35: 0.73263889
C36: 結束 | D36: - | E36: - | F36: - | G36: 0.45108796 | H36: - | I36: - | J36: - | K36: - | L36: - | M36: 0.41805556 | N36: 0.49387731 | O36: 0.48483796 | P36: 0.75293981 | Q36: - | R36: - | S36: - | T36: - | U36: - | V36: 0.72189815 | W36: 1.1151852 | X36: 1.107581
B37: 配置人數 | D37: - | E37: - | F37: - | G37: 11.166667 | H37: - | I37: - | J37: - | K37: - | L37: - | M37: 4 | N37: 3.75 | O37: 4.125 | P37: 12 | Q37: - | R37: - | S37: - | T37: - | U37: - | V37: 4 | W37: 3.7142857 | X37: 4
B38: 主要應用設備 | D38: 伺服包裝機 | E38: ET-55 | F38: ET-600 | G38: 夾心型 | H38: 伺服包裝機 | I38: 伺服包裝機 | J38: 夾心型 | K38: 3300型 | L38: 3300型 | M38: 3300型 | N38: GKK | O38: GKK | P38: 夾心型 | Q38: 伺服包裝機 | R38: 伺服包裝機 | S38: 夾心型 | T38: 3300型 | U38: 3300型 | V38: 3300型 | W38: GKK | X38: GKK
B39: 次要應用設備
B40: 備註

Sheet 0929(18度C)
A1: 大溪廠日報分析 | C1: 總生產量 | D1: =SUM(F5:F140) -> 82755 | E1: 營業額 | F1: =SUM(G5:G140) -> 1668399.6 | G1: 出勤人數 | H1: =L21+L38+L55+L72+L89+L106+L123+L140 -> 46.755952 | I1: 產線配置圖 | L1: 生產實績 | O1: 人時性差異分析 | S1: 日報登錄 | Y1: 分析說明 | AA1: 產能差異分析
A2: 46294 | C2: 人時性 | D2: =AVERAGE(N21,N38,N55,N72,N89,N106,N123,N140) -> 649.64624 | E2: 平均廠價 | F2: =F1/D1 -> 20.16071 | G2: 多次生產數 | H2: =COUNT(H5:H140) -> 14
A3: 線別 | B3: 品類 | C3: 品名 | E3: 廠價 | F3: 生產量 | G3: 營收 | H3: 多次 生產 | I3: 人數 | J3: 產能/時 | K3: 人時性 | L3: 人數 | M3: 產能/時 | N3: 人時性 | O3: 人數 | P3: 人時性 | Q3: 達成率 | R3: 達成率 平均 | S3: 生產時間 | U3: 換線、休息/分 | V3: 稼動時間/分 | W3: 休息時間 | Y3: (屏榮回填) | AA3: 產能/時 | AB3: 達成率 | AC3: 達成率平均
S4: 開始 | T4: 結束 | W4: 開始 | X4: 結束
A5: 自動包裝機 | B5: 18℃-壽司手卷 | C5: 一配長野稻荷壽司 | E5: 25.64 | F5: 1162 | G5: =E5*F5 -> 29793.68 | I5: 10 | J5: 3600 | K5: =J5/I5 -> 360 | L5: 10 | M5: =F5/V5*60 -> 3217.2496 | N5: =M5/L5 -> 321.72496 | O5: =L5-I5 -> 0 | P5: =N5-K5 -> -38.275045 | Q5: =N5/K5 -> 0.89368043 | R5: =Q21 -> 0.86857496 | S5: 0.20833333 | T5: 0.22337963 | V5: 21.670685 | AA5: =M5-J5 -> -382.75045 | AB5: =M5/J5 -> 0.89368043 | AC5: =AB21 -> 0.86857496
B6: 18℃-壽司手卷 | C6: 一配經典人氣雙手卷 | E6: 29.52 | F6: 1956 | G6: =E6*F6 -> 57741.12 | I6: 11 | J6: 3600 | K6: =J6/I6 -> 327.27273 | L6: 11 | M6: =F6/V6*60 -> 3155.7235 | N6: =M6/L6 -> 286.88395 | O6: =L6-I6 -> 0 | P6: =N6-K6 -> -40.388774 | Q6: =N6/K6 -> 0.87658986 | S6: 0.22708333 | T6: 0.25290509 | U6: 5.3333333 | V6: 37.18957 | AA6: =M6-J6 -> -444.27651 | AB6: =M6/J6 -> 0.87658986
B7: 18℃-壽司手卷 | C7: 一配鮭鮪海饌雙手卷 | E7: 29.85 | F7: 2357 | G7: =E7*F7 -> 70356.45 | I7: 11 | J7: 3600 | K7: =J7/I7 -> 327.27273 | L7: 11 | M7: =F7/V7*60 -> 3156.8314 | N7: =M7/L7 -> 286.98468 | O7: =L7-I7 -> 0 | P7: =N7-K7 -> -40.288051 | Q7: =N7/K7 -> 0.87689762 | S7: 0.25625 | T7: 0.28734954 | U7: 4.8166667 | V7: 44.798084 | AA7: =M7-J7 -> -443.16856 | AB7: =M7/J7 -> 0.87689762
B8: 18℃-壽司手卷 | C8: 一配青木瓜雞絲泰泰雙手卷 | E8: 30 | F8: 196 | G8: =E8*F8 -> 5880 | I8: 11 | J8: 3600 | K8: =J8/I8 -> 327.27273 | L8: 11 | M8: =F8/V8*60 -> 3155.5473 | N8: =M8/L8 -> 286.86794 | O8: =L8-I8 -> 0 | P8: =N8-K8 -> -40.404792 | Q8: =N8/K8 -> 0.87654091 | S8: 0.29097222 | T8: 0.29355324 | U8: 5.2166667 | V8: 3.7267703 | AA8: =M8-J8 -> -444.45271 | AB8: =M8/J8 -> 0.87654091
B9: 18℃-壽司手卷 | C9: 一配陽光蔬彩雙手卷 | E9: 30.95 | F9: 3534 | G9: =E9*F9 -> 109377.3 | I9: 12 | J9: 3600 | K9: =J9/I9 -> 300 | L9: 12 | M9: =F9/V9*60 -> 2952 | N9: =M9/L9 -> 246 | O9: =L9-I9 -> 0 | P9: =N9-K9 -> -54 | Q9: =N9/K9 -> 0.82 | S9: 0.29652778 | T9: 0.34640046 | U9: 5 | V9: 71.829268 | AA9: =M9-J9 -> -648 | AB9: =M9/J9 -> 0.82
B10: 18℃-飯糰 | C10: 一配兩粒飯糰(鮪魚.焦糖鮭魚) | E10: 28.57 | F10: 790 | G10: =E10*F10 -> 22570.3 | I10: 12 | J10: 3600 | K10: =J10/I10 -> 300 | L10: 12 | M10: =F10/V10*60 -> 3123.8675 | N10: =M10/L10 -> 260.32229 | O10: =L10-I10 -> 0 | P10: =N10-K10 -> -39.677712 | Q10: =N10/K10 -> 0.86774096 | S10: 0.34930556 | T10: 0.35983796 | U10: 5 | V10: 15.173499 | AA10: =M10-J10 -> -476.13254 | AB10: =M10/J10 -> 0.86774096
B21: 平均 | I21: =AVERAGE(I5:I20) -> 11.166667 | J21: =AVERAGE(J5:J20) -> 3600 | K21: =J21/I21 -> 322.38806 | L21: =AVERAGE(L5:L20) -> 11.166667 | M21: =AVERAGE(M5:M20) -> 3126.8699 | N21: =M21/L21 -> 280.0182 | O21: =L21-I21 -> 0 | P21: =N21-K21 -> -42.369862 | Q21: =N21/K21 -> 0.86857496 | S21: 0.20833333 | T21: 0.45108796 | AA21: =M21-J21 -> -473.13013 | AB21: =M21/J21 -> 0.86857496
A22: (新) 3300型飯糰機 | B22: 18℃-飯糰 | C22: 一配鮭魚奶油醬油飯糰 | E22: 18.53 | F22: 1497 | G22: =E22*F22 -> 27739.41 | I22: 3 | J22: 3300 | K22: =J22/I22 -> 1100 | L22: 3 | M22: =F22/V22*60 -> 3069.3369 | N22: =M22/L22 -> 1023.1123 | O22: =L22-I22 -> 0 | P22: =N22-K22 -> -76.887716 | Q22: =N22/K22 -> 0.93010208 | R22: =Q38 -> 0.88325188 | S22: 0.32083333 | T22: 0.34114583 | V22: 29.26365 | AA22: =M22-J22 -> -230.66315 | AB22: =M22/J22 -> 0.93010208 | AC22: =AB38 -> 0.88325188
B23: 18℃-飯糰 | C23: 一配熊本麥味噌雞肉飯糰 | E23: 22.95 | F23: 3940 | G23: =E23*F23 -> 90423 | I23: 5 | J23: 2700 | K23: =J23/I23 -> 540 | L23: 5 | M23: =F23/V23*60 -> 2230.1744 | N23: =M23/L23 -> 446.03488 | O23: =L23-I23 -> 0 | P23: =N23-K23 -> -93.965115 | Q23: =N23/K23 -> 0.82599053 | S23: 0.34444444 | T23: 0.41805556 | U23: 4.75 | V23: 106.00068 | AA23: =M23-J23 -> -469.82558 | AB23: =M23/J23 -> 0.82599053
B38: 平均 | I38: =AVERAGE(I22:I37) -> 4 | J38: =AVERAGE(J22:J37) -> 3000 | K38: =J38/I38 -> 750 | L38: =AVERAGE(L22:L37) -> 4 | M38: =AVERAGE(M22:M37) -> 2649.7556 | N38: =M38/L38 -> 662.43891 | O38: =L38-I38 -> 0 | P38: =N38-K38 -> -87.56109 | Q38: =N38/K38 -> 0.88325188 | S38: 0.32083333 | T38: 0.41805556 | AA38: =M38-J38 -> -350.24436 | AB38: =M38/J38 -> 0.88325188
A39: GKK3600型 飯糰機 | B39: 18℃-飯糰 | C39: 一配北海道秋鮭親子飯糰 | E39: 24.82 | F39: 840 | G39: =E39*F39 -> 20848.8 | I39: 5 | J39: 3600 | K39: =J39/I39 -> 720 | L39: 5 | M39: =F39/V39*60 -> 3274.0915 | N39: =M39/L39 -> 654.8183 | O39: =L39-I39 -> 0 | P39: =N39-K39 -> -65.181701 | Q39: =N39/K39 -> 0.90946986 | R39: =Q55 -> 0.91607253 | S39: 0.25 | T39: 0.26068287 | V39: 15.393583 | AA39: =M39-J39 -> -325.9085 | AB39: =M39/J39 -> 0.90946986 | AC39: =AB55 -> 0.91607253
B40: 18℃-飯糰 | C40: 一配熟成紅鮭飯糰 | E40: 25.03 | F40: 713 | G40: =E40*F40 -> 17846.39 | I40: 5 | J40: 3600 | K40: =J40/I40 -> 720 | L40: 5 | M40: =F40/V40*60 -> 3268.5052 | N40: =M40/L40 -> 653.70104 | O40: =L40-I40 -> 0 | P40: =N40-K40 -> -66.298962 | Q40: =N40/K40 -> 0.90791811 | S40: 0.27013889 | T40: 0.27922454 | U40: 13.616667 | V40: 13.088552 | AA40: =M40-J40 -> -331.49481 | AB40: =M40/J40 -> 0.90791811
B41: 18℃-飯糰 | C41: 一配生鱈魚子鮭魚飯糰 | E41: 23.8 | F41: 756 | G41: =E41*F41 -> 17992.8 | I41: 4 | J41: 3600 | K41: =J41/I41 -> 900 | L41: 4 | M41: =F41/V41*60 -> 3269.5881 | N41: =M41/L41 -> 817.39704 | O41: =L41-I41 -> 0 | P41: =N41-K41 -> -82.602963 | Q41: =N41/K41 -> 0.90821893 | S41: 0.28888889 | T41: 0.29851852 | U41: 13.916667 | V41: 13.873307 | AA41: =M41-J41 -> -330.41185 | AB41: =M41/J41 -> 0.90821893
B42: 18℃-飯糰 | C42: 一配筋子銀鮭飯糰 | E42: 30 | F42: 684 | G42: =E42*F42 -> 20520 | I42: 4 | J42: 3300 | K42: =J42/I42 -> 825 | L42: 4 | M42: =F42/V42*60 -> 3071.7313 | N42: =M42/L42 -> 767.93282 | O42: =L42-I42 -> 0 | P42: =N42-K42 -> -57.06718 | Q42: =N42/K42 -> 0.93082766 | S42: 0.30763889 | T42: 0.31690972 | U42: 13.133333 | V42: 13.360544 | AA42: =M42-J42 -> -228.26872 | AB42: =M42/J42 -> 0.93082766
B43: 18℃-飯糰 | C43: 一配蔬食鮪魚飯糰 | E43: 18.18 | F43: 883 | G43: =E43*F43 -> 16052.94 | I43: 3 | J43: 3600 | K43: =J43/I43 -> 1200 | L43: 3 | M43: =F43/V43*60 -> 3269.1694 | N43: =M43/L43 -> 1089.7231 | O43: =L43-I43 -> 0 | P43: =N43-K43 -> -110.27688 | Q43: =N43/K43 -> 0.9081026 | S43: 0.32638889 | T43: 0.33763889 | U43: 13.65 | V43: 16.205952 | AA43: =M43-J43 -> -330.83065 | AB43: =M43/J43 -> 0.9081026
B44: 18℃-飯糰 | C44: 一配黑胡椒洋蔥豬飯糰 | E44: 17.07 | F44: 1261 | G44: =E44*F44 -> 21525.27 | I44: 3 | J44: 3300 | K44: =J44/I44 -> 1100 | L44: 3 | M44: =F44/V44*60 -> 3071.2126 | N44: =M44/L44 -> 1023.7375 | O44: =L44-I44 -> 0 | P44: =N44-K44 -> -76.262473 | Q44: =N44/K44 -> 0.93067048 | S44: 0.34722222 | T44: 0.3643287 | U44: 13.8 | V44: 24.635221 | AA44: =M44-J44 -> -228.78742 | AB44: =M44/J44 -> 0.93067048
B45: 18℃-飯糰 | C45: 一配經典肉鬆飯糰 | E45: 14.03 | F45: 3351 | G45: =E45*F45 -> 47014.53 | I45: 3 | J45: 3000 | K45: =J45/I45 -> 1000 | L45: 3 | M45: =F45/V45*60 -> 2788.5949 | N45: =M45/L45 -> 929.53163 | O45: =L45-I45 -> 0 | P45: =N45-K45 -> -70.468371 | Q45: =N45/K45 -> 0.92953163 | S45: 0.37361111 | T45: 0.42368056 | U45: 13.366667 | V45: 72.100828 | AA45: =M45-J45 -> -211.40511 | AB45: =M45/J45 -> 0.92953163
B46: 18℃-飯糰 | C46: 一配鮪魚飯糰 | E46: 14.28 | F46: 4753 | G46: =E46*F46 -> 67872.84 | I46: 3 | J46: 3600 | K46: =J46/I46 -> 1200 | L46: 3 | M46: =F46/V46*60 -> 3270.709 | N46: =M46/L46 -> 1090.2363 | O46: =L46-I46 -> 0 | P46: =N46-K46 -> -109.76368 | Q46: =N46/K46 -> 0.90853027 | S46: 0.43333333 | T46: 0.49387731 | U46: 13.9 | V46: 87.192105 | AA46: =M46-J46 -> -329.29103 | AB46: =M46/J46 -> 0.90853027
B55: 平均 | I55: =AVERAGE(I39:I54) -> 3.75 | J55: =AVERAGE(J39:J54) -> 3450 | K55: =J55/I55 -> 920 | L55: =AVERAGE(L39:L54) -> 3.75 | M55: =AVERAGE(M39:M54) -> 3160.4502 | N55: =M55/L55 -> 842.78673 | O55: =L55-I55 -> 0 | P55: =N55-K55 -> -77.21327 | Q55: =N55/K55 -> 0.91607253 | S55: 0.25 | T55: 0.49387731 | AA55: =M55-J55 -> -289.54976 | AB55: =M55/J55 -> 0.91607253
A56: GKK3600型 飯糰機2 | B56: 18℃-飯糰 | C56: 一配明太子龍蝦風味沙拉飯糰 | E56: 18.18 | F56: 1389 | G56: =E56*F56 -> 25252.02 | I56: 3 | J56: 3600 | K56: =J56/I56 -> 1200 | L56: 3 | M56: =F56/V56*60 -> 3272.4781 | N56: =M56/L56 -> 1090.826 | O56: =L56-I56 -> 0 | P56: =N56-K56 -> -109.17396 | Q56: =N56/K56 -> 0.9090217 | R56: =Q72 -> 0.90862232 | S56: 0.25 | T56: 0.26768519 | V56: 25.466939 | AA56: =M56-J56 -> -327.52187 | AB56: =M56/J56 -> 0.9090217 | AC56: =AB72 -> 0.90862232
B57: 18℃-飯糰 | C57: 一配椒鹽檸檬鯖魚飯糰 | E57: 20.72 | F57: 735 | G57: =E57*F57 -> 15229.2 | I57: 3 | J57: 3600 | K57: =J57/I57 -> 1200 | L57: 3 | M57: =F57/V57*60 -> 3273.0771 | N57: =M57/L57 -> 1091.0257 | O57: =L57-I57 -> 0 | P57: =N57-K57 -> -108.97429 | Q57: =N57/K57 -> 0.90918809 | S57: 0.27708333 | T57: 0.28643519 | U57: 13.533333 | V57: 13.47356 | AA57: =M57-J57 -> -326.92286 | AB57: =M57/J57 -> 0.90918809
B58: 18℃-飯糰 | C58: 一配贅沢鮭魚肚飯糰 | E58: 30 | F58: 1047 | G58: =E58*F58 -> 31410 | I58: 4 | J58: 3600 | K58: =J58/I58 -> 900 | L58: 4 | M58: =F58/V58*60 -> 3268.3227 | N58: =M58/L58 -> 817.08068 | O58: =L58-I58 -> 0 | P58: =N58-K58 -> -82.919324 | Q58: =N58/K58 -> 0.90786742 | S58: 0.29583333 | T58: 0.30917824 | U58: 13.533333 | V58: 19.220868 | AA58: =M58-J58 -> -331.6773 | AB58: =M58/J58 -> 0.90786742
B59: 18℃-飯糰 | C59: 一配卵黃牛挽肉飯糰 | E59: 24.76 | F59: 1297 | G59: =E59*F59 -> 32113.72 | I59: 4 | J59: 3600 | K59: =J59/I59 -> 900 | L59: 4 | M59: =F59/V59*60 -> 3269.1951 | N59: =M59/L59 -> 817.29877 | O59: =L59-I59 -> 0 | P59: =N59-K59 -> -82.701226 | Q59: =N59/K59 -> 0.90810975 | S59: 0.31875 | T59: 0.33527778 | U59: 13.783333 | V59: 23.804024 | AA59: =M59-J59 -> -330.80491 | AB59: =M59/J59 -> 0.90810975
B60: 18℃-飯糰 | C60: 一配鹽蔥燒肉飯糰 | E60: 17.89 | F60: 2111 | G60: =E60*F60 -> 37765.79 | I60: 4 | J60: 3600 | K60: =J60/I60 -> 900 | L60: 4 | M60: =F60/V60*60 -> 3272.3626 | N60: =M60/L60 -> 818.09066 | O60: =L60-I60 -> 0 | P60: =N60-K60 -> -81.90934 | Q60: =N60/K60 -> 0.90898962 | S60: 0.34444444 | T60: 0.37131944 | U60: 13.2 | V60: 38.705979 | AA60: =M60-J60 -> -327.63736 | AB60: =M60/J60 -> 0.90898962
B61: 18℃-飯糰 | C61: 一配醬燒炙烤牛飯糰 | E61: 22.32 | F61: 1559 | G61: =E61*F61 -> 34796.88 | I61: 5 | J61: 3600 | K61: =J61/I61 -> 720 | L61: 5 | M61: =F61/V61*60 -> 3269.3856 | N61: =M61/L61 -> 653.87712 | O61: =L61-I61 -> 0 | P61: =N61-K61 -> -66.122876 | Q61: =N61/K61 -> 0.90816267 | S61: 0.38055556 | T61: 0.40041667 | U61: 13.3 | V61: 28.61088 | AA61: =M61-J61 -> -330.61438 | AB61: =M61/J61 -> 0.90816267
B62: 18℃-飯糰 | C62: 一配鹽蔥生鮭飯糰 | E62: 27.48 | F62: 1263 | G62: =E62*F62 -> 34707.24 | I62: 5 | J62: 3600 | K62: =J62/I62 -> 720 | L62: 5 | M62: =F62/V62*60 -> 3272.6628 | N62: =M62/L62 -> 654.53256 | O62: =L62-I62 -> 0 | P62: =N62-K62 -> -65.467436 | Q62: =N62/K62 -> 0.90907301 | S62: 0.40972222 | T62: 0.42579861 | U62: 13.4 | V62: 23.155456 | AA62: =M62-J62 -> -327.33718 | AB62: =M62/J62 -> 0.90907301
B63: 18℃-飯糰 | C63: 一配雞肉飯飯糰 | E63: 16.66 | F63: 3880 | G63: =E63*F63 -> 64640.8 | I63: 5 | J63: 3600 | K63: =J63/I63 -> 720 | L63: 5 | M63: =F63/V63*60 -> 3270.8387 | N63: =M63/L63 -> 654.16774 | O63: =L63-I63 -> 0 | P63: =N63-K63 -> -65.832263 | Q63: =N63/K63 -> 0.9085663 | S63: 0.43541667 | T63: 0.48483796 | U63: 13.85 | V63: 71.174406 | AA63: =M63-J63 -> -329.16131 | AB63: =M63/J63 -> 0.9085663
B72: 平均 | I72: =AVERAGE(I56:I71) -> 4.125 | J72: =AVERAGE(J56:J71) -> 3600 | K72: =J72/I72 -> 872.72727 | L72: =AVERAGE(L56:L71) -> 4.125 | M72: =AVERAGE(M56:M71) -> 3271.0404 | N72: =M72/L72 -> 792.97948 | O72: =L72-I72 -> 0 | P72: =N72-K72 -> -79.747793 | Q72: =N72/K72 -> 0.90862232 | S72: 0.25 | T72: 0.48483796 | AA72: =M72-J72 -> -328.95965 | AB72: =M72/J72 -> 0.90862232
A73: 自動包裝機 (二配) | B73: 18℃-飯糰 | C73: 二配兩粒飯糰(鮪魚.焦糖鮭魚) | E73: 28.57 | F73: 1000 | G73: =E73*F73 -> 28570 | I73: 12 | J73: 3600 | K73: =J73/I73 -> 300 | L73: 12 | M73: =F73/V73*60 -> 3119.5615 | N73: =M73/L73 -> 259.96346 | O73: =L73-I73 -> 0 | P73: =N73-K73 -> -40.03654 | Q73: =N73/K73 -> 0.86654487 | R73: =Q89 -> 0.86654487 | S73: 0.73958333 | T73: 0.75293981 | V73: 19.233472 | AA73: =M73-J73 -> -480.43848 | AB73: =M73/J73 -> 0.86654487 | AC73: =AB89 -> 0.86654487
B89: 平均 | I89: =AVERAGE(I73:I88) -> 12 | J89: =AVERAGE(J73:J88) -> 3600 | K89: =J89/I89 -> 300 | L89: =AVERAGE(L73:L88) -> 12 | M89: =AVERAGE(M73:M88) -> 3119.5615 | N89: =M89/L89 -> 259.96346 | O89: =L89-I89 -> 0 | P89: =N89-K89 -> -40.03654 | Q89: =N89/K89 -> 0.86654487 | S89: 0.73958333 | T89: 0.75293981 | AA89: =M89-J89 -> -480.43848 | AB89: =M89/J89 -> 0.86654487
A90: (新) 3300型飯糰機 (二配) | B90: 18℃-飯糰 | C90: 二配大飯糰韓式蒜烤豬五花 | E90: 24.54 | F90: 908 | G90: =E90*F90 -> 22282.32 | I90: 4 | J90: 3000 | K90: =J90/I90 -> 750 | L90: 4 | M90: =F90/V90*60 -> 2788.5526 | N90: =M90/L90 -> 697.13815 | O90: =L90-I90 -> 0 | P90: =N90-K90 -> -52.861853 | Q90: =N90/K90 -> 0.92951753 | R90: =Q106 -> 0.92951753 | S90: 0.70833333 | T90: 0.72189815 | V90: 19.537017 | AA90: =M90-J90 -> -211.44741 | AB90: =M90/J90 -> 0.92951753 | AC90: =AB106 -> 0.92951753
B106: 平均 | I106: =AVERAGE(I90:I105) -> 4 | J106: =AVERAGE(J90:J105) -> 3000 | K106: =J106/I106 -> 750 | L106: =AVERAGE(L90:L105) -> 4 | M106: =AVERAGE(M90:M105) -> 2788.5526 | N106: =M106/L106 -> 697.13815 | O106: =L106-I106 -> 0 | P106: =N106-K106 -> -52.861853 | Q106: =N106/K106 -> 0.92951753 | S106: 0.70833333 | T106: 0.72189815 | AA106: =M106-J106 -> -211.44741 | AB106: =M106/J106 -> 0.92951753
A107: GKK3600型 飯糰機 (二配) | B107: 18℃-飯糰 | C107: 二配經典肉鬆飯糰 | E107: 14.03 | F107: 321 | G107: =E107*F107 -> 4503.63 | H107: 2 | I107: 3 | J107: 3000 | K107: =J107/I107 -> 1000 | L107: 3 | M107: =F107/V107*60 -> 2791.1931 | N107: =M107/L107 -> 930.3977 | O107: =L107-I107 -> 0 | P107: =N107-K107 -> -69.602301 | Q107: =N107/K107 -> 0.9303977 | R107: =Q123 -> 0.91419604 | S107: 0.73263889 | T107: 0.73743056 | V107: 6.900275 | AA107: =M107-J107 -> -208.8069 | AB107: =M107/J107 -> 0.9303977 | AC107: =AB123 -> 0.91419604
B108: 18℃-飯糰 | C108: 二配芝麻香鬆飯糰 | E108: 18.18 | F108: 649 | G108: =E108*F108 -> 11798.82 | H108: 2 | I108: 3 | J108: 3000 | K108: =J108/I108 -> 1000 | L108: 3 | M108: =F108/V108*60 -> 2788.5538 | N108: =M108/L108 -> 929.51794 | O108: =L108-I108 -> 0 | P108: =N108-K108 -> -70.48206 | Q108: =N108/K108 -> 0.92951794 | S108: 0.74652778 | T108: 0.75621528 | U108: 13.1 | V108: 13.964228 | AA108: =M108-J108 -> -211.44618 | AB108: =M108/J108 -> 0.92951794
B109: 18℃-飯糰 | C109: 二配蔬食鮪魚飯糰 | E109: 18.18 | F109: 408 | G109: =E109*F109 -> 7417.44 | H109: 2 | I109: 3 | J109: 3600 | K109: =J109/I109 -> 1200 | L109: 3 | M109: =F109/V109*60 -> 3273.3967 | N109: =M109/L109 -> 1091.1322 | O109: =L109-I109 -> 0 | P109: =N109-K109 -> -108.86775 | Q109: =N109/K109 -> 0.90927687 | S109: 0.76527778 | T109: 0.77046296 | U109: 13.05 | V109: 7.4784702 | AA109: =M109-J109 -> -326.60325 | AB109: =M109/J109 -> 0.90927687
B110: 18℃-飯糰 | C110: 二配三杯醬爆菇菇飯糰 | E110: 16.7 | F110: 1075 | G110: =E110*F110 -> 17952.5 | H110: 2 | I110: 3 | J110: 3600 | K110: =J110/I110 -> 1200 | L110: 3 | M110: =F110/V110*60 -> 3272.4488 | N110: =M110/L110 -> 1090.8163 | O110: =L110-I110 -> 0 | P110: =N110-K110 -> -109.18372 | Q110: =N110/K110 -> 0.90901357 | S110: 0.77986111 | T110: 0.79354167 | U110: 13.533333 | V110: 19.71001 | AA110: =M110-J110 -> -327.55116 | AB110: =M110/J110 -> 0.90901357
B111: 18℃-飯糰 | C111: 二配贅沢鮭魚肚飯糰 | E111: 30 | F111: 746 | G111: =E111*F111 -> 22380 | H111: 2 | I111: 4 | J111: 3600 | K111: =J111/I111 -> 900 | L111: 4 | M111: =F111/V111*60 -> 3272.7021 | N111: =M111/L111 -> 818.17553 | O111: =L111-I111 -> 0 | P111: =N111-K111 -> -81.824469 | Q111: =N111/K111 -> 0.90908392 | S111: 0.80277778 | T111: 0.81226852 | U111: 13.3 | V111: 13.676772 | AA111: =M111-J111 -> -327.29787 | AB111: =M111/J111 -> 0.90908392
B112: 18℃-飯糰 | C112: 二配熟成紅鮭飯糰 | E112: 25.03 | F112: 483 | G112: =E112*F112 -> 12089.49 | H112: 2 | I112: 5 | J112: 3600 | K112: =J112/I112 -> 720 | L112: 5 | M112: =F112/V112*60 -> 3269.8673 | N112: =M112/L112 -> 653.97345 | O112: =L112-I112 -> 0 | P112: =N112-K112 -> -66.026546 | Q112: =N112/K112 -> 0.90829646 | S112: 0.82152778 | T112: 0.82767361 | U112: 13.333333 | V112: 8.8627451 | AA112: =M112-J112 -> -330.13273 | AB112: =M112/J112 -> 0.90829646
B113: 18℃-飯糰 | C113: 二配雞肉飯飯糰 | E113: 16.66 | F113: 2417 | G113: =E113*F113 -> 40267.22 | H113: 2 | I113: 5 | J113: 3600 | K113: =J113/I113 -> 720 | L113: 5 | M113: =F113/V113*60 -> 3273.1644 | N113: =M113/L113 -> 654.63287 | O113: =L113-I113 -> 0 | P113: =N113-K113 -> -65.367126 | Q113: =N113/K113 -> 0.90921232 | S113: 0.83680556 | T113: 0.86756944 | U113: 13.15 | V113: 44.305749 | AA113: =M113-J113 -> -326.83563 | AB113: =M113/J113 -> 0.90921232
B114: 18℃-飯糰 | C114: 二配芝麻香鬆飯糰 | E114: 18.18 | F114: 803 | G114: =E114*F114 -> 14598.54 | I114: 3 | J114: 3000 | K114: =J114/I114 -> 1000 | L114: 3 | M114: =F114/V114*60 -> 2788.5538 | N114: =M114/L114 -> 929.51794 | O114: =L114-I114 -> 0 | P114: =N114-K114 -> -70.48206 | Q114: =N114/K114 -> 0.92951794 | S114: 0.87708333 | T114: 0.88907407 | U114: 13.7 | V114: 17.277773 | AA114: =M114-J114 -> -211.44618 | AB114: =M114/J114 -> 0.92951794
B115: 18℃-飯糰 | C115: 二配蔬食鮪魚飯糰 | E115: 18.18 | F115: 487 | G115: =E115*F115 -> 8853.66 | I115: 3 | J115: 3600 | K115: =J115/I115 -> 1200 | L115: 3 | M115: =F115/V115*60 -> 3273.3967 | N115: =M115/L115 -> 1091.1322 | O115: =L115-I115 -> 0 | P115: =N115-K115 -> -108.86775 | Q115: =N115/K115 -> 0.90927687 | S115: 0.89861111 | T115: 0.90480324 | U115: 13.733333 | V115: 8.9265073 | AA115: =M115-J115 -> -326.60325 | AB115: =M115/J115 -> 0.90927687
B116: 18℃-飯糰 | C116: 二配三杯醬爆菇菇飯糰 | E116: 16.7 | F116: 1463 | G116: =E116*F116 -> 24432.1 | I116: 3 | J116: 3600 | K116: =J116/I116 -> 1200 | L116: 3 | M116: =F116/V116*60 -> 3272.4488 | N116: =M116/L116 -> 1090.8163 | O116: =L116-I116 -> 0 | P116: =N116-K116 -> -109.18372 | Q116: =N116/K116 -> 0.90901357 | S116: 0.91388889 | T116: 0.93251157 | U116: 13.083333 | V116: 26.823949 | AA116: =M116-J116 -> -327.55116 | AB116: =M116/J116 -> 0.90901357
B117: 18℃-飯糰 | C117: 二配贅沢鮭魚肚飯糰 | E117: 30 | F117: 933 | G117: =E117*F117 -> 27990 | I117: 4 | J117: 3600 | K117: =J117/I117 -> 900 | L117: 4 | M117: =F117/V117*60 -> 3272.7021 | N117: =M117/L117 -> 818.17553 | O117: =L117-I117 -> 0 | P117: =N117-K117 -> -81.824469 | Q117: =N117/K117 -> 0.90908392 | S117: 0.94166667 | T117: 0.95354167 | U117: 13.183333 | V117: 17.105131 | AA117: =M117-J117 -> -327.29787 | AB117: =M117/J117 -> 0.90908392
B118: 18℃-飯糰 | C118: 二配熟成紅鮭飯糰 | E118: 25.03 | F118: 501 | G118: =E118*F118 -> 12540.03 | I118: 5 | J118: 3600 | K118: =J118/I118 -> 720 | L118: 5 | M118: =F118/V118*60 -> 3269.8673 | N118: =M118/L118 -> 653.97345 | O118: =L118-I118 -> 0 | P118: =N118-K118 -> -66.026546 | Q118: =N118/K118 -> 0.90829646 | S118: 0.96319444 | T118: 0.96957176 | U118: 13.9 | V118: 9.1930337 | AA118: =M118-J118 -> -330.13273 | AB118: =M118/J118 -> 0.90829646
B119: 18℃-飯糰 | C119: 二配經典肉鬆飯糰 | E119: 14.03 | F119: 5394 | G119: =E119*F119 -> 75677.82 | I119: 3 | J119: 3000 | K119: =J119/I119 -> 1000 | L119: 3 | M119: =F119/V119*60 -> 2789.9504 | N119: =M119/L119 -> 929.98348 | O119: =L119-I119 -> 0 | P119: =N119-K119 -> -70.01652 | Q119: =N119/K119 -> 0.92998348 | S119: 0.97916667 | T119: 1.0597222 | U119: 13.816667 | V119: 116.00206 | AA119: =M119-J119 -> -210.04956 | AB119: =M119/J119 -> 0.92998348
B120: 18℃-飯糰 | C120: 二配雞肉飯飯糰 | E120: 16.66 | F120: 3594 | G120: =E120*F120 -> 59876.04 | I120: 5 | J120: 3600 | K120: =J120/I120 -> 720 | L120: 5 | M120: =F120/V120*60 -> 3273.1644 | N120: =M120/L120 -> 654.63287 | O120: =L120-I120 -> 0 | P120: =N120-K120 -> -65.367126 | Q120: =N120/K120 -> 0.90921232 | S120: 1.0694444 | T120: 1.1151852 | U120: 14 | V120: 65.881201 | AA120: =M120-J120 -> -326.83563 | AB120: =M120/J120 -> 0.90921232
B123: 平均 | I123: =AVERAGE(I107:I122) -> 3.7142857 | J123: =AVERAGE(J107:J122) -> 3428.5714 | K123: =J123/I123 -> 923.07692 | L123: =AVERAGE(L107:L122) -> 3.7142857 | M123: =AVERAGE(M107:M122) -> 3134.3864 | N123: =M123/L123 -> 843.87327 | O123: =L123-I123 -> 0 | P123: =N123-K123 -> -79.203656 | Q123: =N123/K123 -> 0.91419604 | S123: 0.73263889 | T123: 1.1151852 | AA123: =M123-J123 -> -294.18501 | AB123: =M123/J123 -> 0.91419604
A124: GKK3600型 飯糰機2 (二配) | B124: 18℃-飯糰 | C124: 二配鮪魚飯糰 | E124: 14.28 | F124: 357 | G124: =E124*F124 -> 5097.96 | H124: 2 | I124: 3 | J124: 3600 | K124: =J124/I124 -> 1200 | L124: 3 | M124: =F124/V124*60 -> 3272.6409 | N124: =M124/L124 -> 1090.8803 | O124: =L124-I124 -> 0 | P124: =N124-K124 -> -109.1197 | Q124: =N124/K124 -> 0.90906691 | R124: =Q140 -> 0.90885751 | S124: 0.73263889 | T124: 0.73717593 | V124: 6.5451728 | AA124: =M124-J124 -> -327.35911 | AB124: =M124/J124 -> 0.90906691 | AC124: =AB140 -> 0.90885751
B125: 18℃-飯糰 | C125: 二配生鱈魚子鮭魚飯糰 | E125: 23.8 | F125: 411 | G125: =E125*F125 -> 9781.8 | H125: 2 | I125: 4 | J125: 3600 | K125: =J125/I125 -> 900 | L125: 4 | M125: =F125/V125*60 -> 3272.837 | N125: =M125/L125 -> 818.20924 | O125: =L125-I125 -> 0 | P125: =N125-K125 -> -81.79076 | Q125: =N125/K125 -> 0.90912138 | S125: 0.74652778 | T125: 0.75175926 | U125: 13.466667 | V125: 7.5347475 | AA125: =M125-J125 -> -327.16304 | AB125: =M125/J125 -> 0.90912138
B126: 18℃-飯糰 | C126: 二配北海道秋鮭親子飯糰 | E126: 24.82 | F126: 673 | G126: =E126*F126 -> 16703.86 | H126: 2 | I126: 5 | J126: 3600 | K126: =J126/I126 -> 720 | L126: 5 | M126: =F126/V126*60 -> 3273.7261 | N126: =M126/L126 -> 654.74522 | O126: =L126-I126 -> 0 | P126: =N126-K126 -> -65.25478 | Q126: =N126/K126 -> 0.90936836 | S126: 0.76111111 | T126: 0.76967593 | U126: 13.466667 | V126: 12.334569 | AA126: =M126-J126 -> -326.2739 | AB126: =M126/J126 -> 0.90936836
B127: 18℃-飯糰 | C127: 二配卵黃牛挽肉飯糰 | E127: 24.76 | F127: 603 | G127: =E127*F127 -> 14930.28 | H127: 2 | I127: 4 | J127: 3600 | K127: =J127/I127 -> 900 | L127: 4 | M127: =F127/V127*60 -> 3270.0659 | N127: =M127/L127 -> 817.51647 | O127: =L127-I127 -> 0 | P127: =N127-K127 -> -82.483529 | Q127: =N127/K127 -> 0.90835163 | S127: 0.77916667 | T127: 0.78684028 | U127: 13.666667 | V127: 11.063997 | AA127: =M127-J127 -> -329.93412 | AB127: =M127/J127 -> 0.90835163
B128: 18℃-飯糰 | C128: 二配醬燒炙烤牛飯糰 | E128: 22.32 | F128: 737 | G128: =E128*F128 -> 16449.84 | H128: 2 | I128: 5 | J128: 3600 | K128: =J128/I128 -> 720 | L128: 5 | M128: =F128/V128*60 -> 3271.709 | N128: =M128/L128 -> 654.34181 | O128: =L128-I128 -> 0 | P128: =N128-K128 -> -65.658193 | Q128: =N128/K128 -> 0.90880807 | S128: 0.79722222 | T128: 0.80659722 | U128: 14.95 | V128: 13.515872 | AA128: =M128-J128 -> -328.29096 | AB128: =M128/J128 -> 0.90880807
B129: 18℃-飯糰 | C129: 二配明太子龍蝦風味沙拉飯糰 | E129: 18.18 | F129: 1044 | G129: =E129*F129 -> 18979.92 | H129: 2 | I129: 3 | J129: 3600 | K129: =J129/I129 -> 1200 | L129: 3 | M129: =F129/V129*60 -> 3268.5503 | N129: =M129/L129 -> 1089.5168 | O129: =L129-I129 -> 0 | P129: =N129-K129 -> -110.48322 | Q129: =N129/K129 -> 0.90793065 | S129: 0.81666667 | T129: 0.82996528 | U129: 14.5 | V129: 19.164459 | AA129: =M129-J129 -> -331.44967 | AB129: =M129/J129 -> 0.90793065
B130: 18℃-飯糰 | C130: 二配鹽蔥燒肉飯糰 | E130: 17.89 | F130: 1571 | G130: =E130*F130 -> 28105.19 | H130: 2 | I130: 4 | J130: 3600 | K130: =J130/I130 -> 900 | L130: 4 | M130: =F130/V130*60 -> 3273.6799 | N130: =M130/L130 -> 818.41998 | O130: =L130-I130 -> 0 | P130: =N130-K130 -> -81.580016 | Q130: =N130/K130 -> 0.90935554 | S130: 0.83958333 | T130: 0.85957176 | U130: 13.85 | V130: 28.793285 | AA130: =M130-J130 -> -326.32006 | AB130: =M130/J130 -> 0.90935554
B131: 18℃-飯糰 | C131: 二配生鱈魚子鮭魚飯糰 | E131: 23.8 | F131: 427 | G131: =E131*F131 -> 10162.6 | I131: 4 | J131: 3600 | K131: =J131/I131 -> 900 | L131: 4 | M131: =F131/V131*60 -> 3272.837 | N131: =M131/L131 -> 818.20924 | O131: =L131-I131 -> 0 | P131: =N131-K131 -> -81.79076 | Q131: =N131/K131 -> 0.90912138 | S131: 0.86875 | T131: 0.87417824 | U131: 13.216667 | V131: 7.828071 | AA131: =M131-J131 -> -327.16304 | AB131: =M131/J131 -> 0.90912138
B132: 18℃-飯糰 | C132: 二配北海道秋鮭親子飯糰 | E132: 24.82 | F132: 825 | G132: =E132*F132 -> 20476.5 | I132: 5 | J132: 3600 | K132: =J132/I132 -> 720 | L132: 5 | M132: =F132/V132*60 -> 3273.7261 | N132: =M132/L132 -> 654.74522 | O132: =L132-I132 -> 0 | P132: =N132-K132 -> -65.25478 | Q132: =N132/K132 -> 0.90936836 | S132: 0.88402778 | T132: 0.89452546 | U132: 14.183333 | V132: 15.120385 | AA132: =M132-J132 -> -326.2739 | AB132: =M132/J132 -> 0.90936836
B133: 18℃-飯糰 | C133: 二配卵黃牛挽肉飯糰 | E133: 24.76 | F133: 762 | G133: =E133*F133 -> 18867.12 | I133: 4 | J133: 3600 | K133: =J133/I133 -> 900 | L133: 4 | M133: =F133/V133*60 -> 3270.0659 | N133: =M133/L133 -> 817.51647 | O133: =L133-I133 -> 0 | P133: =N133-K133 -> -82.483529 | Q133: =N133/K133 -> 0.90835163 | S133: 0.90416667 | T133: 0.91386574 | U133: 13.883333 | V133: 13.98137 | AA133: =M133-J133 -> -329.93412 | AB133: =M133/J133 -> 0.90835163
B134: 18℃-飯糰 | C134: 二配醬燒炙烤牛飯糰 | E134: 22.32 | F134: 1141 | G134: =E134*F134 -> 25467.12 | I134: 5 | J134: 3600 | K134: =J134/I134 -> 720 | L134: 5 | M134: =F134/V134*60 -> 3271.709 | N134: =M134/L134 -> 654.34181 | O134: =L134-I134 -> 0 | P134: =N134-K134 -> -65.658193 | Q134: =N134/K134 -> 0.90880807 | S134: 0.92291667 | T134: 0.93744213 | U134: 13.033333 | V134: 20.924844 | AA134: =M134-J134 -> -328.29096 | AB134: =M134/J134 -> 0.90880807
B135: 18℃-飯糰 | C135: 二配明太子龍蝦風味沙拉飯糰 | E135: 18.18 | F135: 1551 | G135: =E135*F135 -> 28197.18 | I135: 3 | J135: 3600 | K135: =J135/I135 -> 1200 | L135: 3 | M135: =F135/V135*60 -> 3268.5503 | N135: =M135/L135 -> 1089.5168 | O135: =L135-I135 -> 0 | P135: =N135-K135 -> -110.48322 | Q135: =N135/K135 -> 0.90793065 | S135: 0.94722222 | T135: 0.96699074 | U135: 14.083333 | V135: 28.471338 | AA135: =M135-J135 -> -331.44967 | AB135: =M135/J135 -> 0.90793065
B136: 18℃-飯糰 | C136: 二配鹽蔥燒肉飯糰 | E136: 17.89 | F136: 2376 | G136: =E136*F136 -> 42506.64 | I136: 4 | J136: 3600 | K136: =J136/I136 -> 900 | L136: 4 | M136: =F136/V136*60 -> 3273.6799 | N136: =M136/L136 -> 818.41998 | O136: =L136-I136 -> 0 | P136: =N136-K136 -> -81.580016 | Q136: =N136/K136 -> 0.90935554 | S136: 0.97638889 | T136: 1.0066204 | U136: 13.533333 | V136: 43.547324 | AA136: =M136-J136 -> -326.32006 | AB136: =M136/J136 -> 0.90935554
B137: 18℃-飯糰 | C137: 二配鮪魚飯糰 | E137: 14.28 | F137: 7141 | G137: =E137*F137 -> 101973.48 | I137: 3 | J137: 3600 | K137: =J137/I137 -> 1200 | L137: 3 | M137: =F137/V137*60 -> 3272.6409 | N137: =M137/L137 -> 1090.8803 | O137: =L137-I137 -> 0 | P137: =N137-K137 -> -109.1197 | Q137: =N137/K137 -> 0.90906691 | S137: 1.0166667 | T137: 1.107581 | U137: 14.466667 | V137: 130.92179 | AA137: =M137-J137 -> -327.35911 | AB137: =M137/J137 -> 0.90906691
B140: 平均 | I140: =AVERAGE(I124:I139) -> 4 | J140: =AVERAGE(J124:J139) -> 3600 | K140: =J140/I140 -> 900 | L140: =AVERAGE(L124:L139) -> 4 | M140: =AVERAGE(M124:M139) -> 3271.887 | N140: =M140/L140 -> 817.97175 | O140: =L140-I140 -> 0 | P140: =N140-K140 -> -82.028245 | Q140: =N140/K140 -> 0.90885751 | S140: 0.73263889 | T140: 1.107581 | AA140: =M140-J140 -> -328.11298 | AB140: =M140/J140 -> 0.90885751
Y142: 原因回覆
Y143: 1.當日出勤人數較多
Y144: 2.當日出勤人數較少
Y145: 3.當日出勤熟手較多
Y146: 4.當日出勤新人較多
Y147: 5.機台夾盒
Y148: 6.封膜不順
Y149: 7.更換膠膜
Y150: 8.更換碳帶
Y151: 9.當日熱轉印碳帶異常
Y152: 10.訂單量過少
Y153: 11.新品上市，尚未熟悉
Y154: 12.活動期間品項需貼標

Sheet 0929(4度C)
A1: 大溪廠日報分析 | C1: 總生產量 | D1: =SUM(F5:F140) -> 72214 | E1: 營業額 | F1: =SUM(G5:G140) -> 3145034.7 | G1: 出勤人數 | H1: =L21+L38+L55+L72+L89+L106+L123+L140 -> 137.46667 | I1: 產線配置圖 | L1: 生產實績 | O1: 人時性差異分析 | S1: 日報登錄 | Y1: 合計次數 | Z1: 合計(時間/分) | AA1: 產線異常 分析說明(5分鐘以上) | AC1: 合計次數 | AD1: 合計(時間/分) | AE1: 產能差異分析
A2: 46294 | C2: 人時性 | D2: =AVERAGE(N21,N38,N55,N72,N89,N106,N123,N140) -> 207.8987 | E2: 平均廠價 | F2: =F1/D1 -> 43.551593 | G2: 多次生產數 | H2: =COUNT(H5:H140) -> 0 | Y2: =SUM(Y21,Y38,Y55,Y72,Y89,Y106,Y123,Y140) -> 0 | Z2: =SUM(Z21,Z38,Z55,Z72,Z89,Z106,Z123,Z140) -> 0 | AC2: =SUM(AC21,AC38,AC55,AC72,AC89,AC106,AC123,AC140) -> 0 | AD2: =SUM(AD21,AD38,AD55,AD72,AD89,AD106,AD123,AD140) -> 0
A3: 線別 | B3: 品類 | C3: 品名 | E3: 廠價 | F3: 生產量 | G3: 營收 | H3: 多次 生產 | I3: 人數 | J3: 產能/時 | K3: 人時性 | L3: 人數 | M3: 產能/時 | N3: 人時性 | O3: 人數 | P3: 人時性 | Q3: 達成率 | R3: 達成率 平均 | S3: 生產時間 | U3: 換線、休息/分 | V3: 稼動時間/分 | W3: 休息時間 | Y3: 產線異常統計(5分鐘以上) | AA3: (屏榮回填) | AC3: 短暫停線統計(5分鐘以下) | AE3: 產能/時 | AF3: 達成率 | AG3: 達成率平均
S4: 開始 | T4: 結束 | W4: 開始 | X4: 結束 | Y4: 次數 | Z4: 時間/分 | AC4: 總次數 | AD4: 設備因素(次數)
A5: 便當二線 | B5: 微波小吃 | C5: 日式茶碗蒸 | E5: 19.7 | F5: 3858 | G5: =E5*F5 -> 76002.6 | I5: 13 | J5: 1200 | K5: =J5/I5 -> 92.307692 | L5: 13 | M5: =F5/V5*60 -> 1086.3273 | N5: =M5/L5 -> 83.563638 | O5: =L5-I5 -> 0 | P5: =N5-K5 -> -8.7440548 | Q5: =N5/K5 -> 0.90527274 | R5: =Q21 -> 0.9030216 | S5: 0.20833333 | T5: 0.35630787 | V5: 213.08495 | AE5: =M5-J5 -> -113.67271 | AF5: =M5/J5 -> 0.90527274 | AG5: =AF21 -> 0.9030216
B6: 微波主食 | C6: 糖燻野郎三十天熟成牛飯 | E6: 56.43 | F6: 4236 | G6: =E6*F6 -> 239037.48 | I6: 24 | J6: 2000 | K6: =J6/I6 -> 83.333333 | L6: 24 | M6: =F6/V6*60 -> 1804.7548 | N6: =M6/L6 -> 75.198118 | O6: =L6-I6 -> 0 | P6: =N6-K6 -> -8.1352158 | Q6: =N6/K6 -> 0.90237741 | S6: 0.36041667 | T6: 0.45820602 | U6: 5.9166667 | V6: 140.82799 | W6: 0.45820602 | X6: 0.49652778 | AE6: =M6-J6 -> -195.24518 | AF6: =M6/J6 -> 0.90237741
B7: 便當 | C7: 健身G肉餐盒 | E7: 59.52 | F7: 4513 | G7: =E7*F7 -> 268613.76 | I7: 24 | J7: 2000 | K7: =J7/I7 -> 83.333333 | L7: 24 | M7: =F7/V7*60 -> 1804.6302 | N7: =M7/L7 -> 75.192925 | O7: =L7-I7 -> 0 | P7: =N7-K7 -> -8.1404088 | Q7: =N7/K7 -> 0.90231509 | S7: 0.49652778 | T7: 0.60071759 | U7: 55.183333 | V7: 150.04736 | AE7: =M7-J7 -> -195.36981 | AF7: =M7/J7 -> 0.90231509
B21: 平均 | I21: =AVERAGE(I5:I20) -> 20.333333 | J21: =AVERAGE(J5:J20) -> 1733.3333 | K21: =J21/I21 -> 85.245902 | L21: =AVERAGE(L5:L20) -> 20.333333 | M21: =AVERAGE(M5:M20) -> 1565.2374 | N21: =M21/L21 -> 76.97889 | O21: =L21-I21 -> 0 | P21: =N21-K21 -> -8.2670115 | Q21: =N21/K21 -> 0.9030216 | S21: 0.20833333 | T21: 0.60071759 | Y21: =SUM(Y5:Y20) -> 0 | Z21: =SUM(Z5:Z20) -> 0 | AC21: =SUM(AC5:AC20) -> 0 | AD21: =SUM(AD5:AD20) -> 0 | AE21: =M21-J21 -> -168.0959 | AF21: =M21/J21 -> 0.9030216
A22: 涼麵一線 | B22: 4℃-飯糰 | C22: 里肌肉蛋紫米飯糰 | E22: 29.87 | F22: 4293 | G22: =E22*F22 -> 128231.91 | I22: 21 | J22: 2790 | K22: =J22/I22 -> 132.85714 | L22: 22 | M22: =F22/V22*60 -> 2626.6346 | N22: =M22/L22 -> 119.39248 | O22: =L22-I22 -> 1 | P22: =N22-K22 -> -13.46466 | Q22: =N22/K22 -> 0.89865309 | R22: =Q38 -> 0.90306045 | S22: 0.20833333 | T22: 0.27642361 | V22: 98.064648 | AE22: =M22-J22 -> -163.36538 | AF22: =M22/J22 -> 0.9414461 | AG22: =AF38 -> 0.92076752
B23: 4℃-飯糰 | C23: 經典傳統飯糰 | E23: 24.35 | F23: 3278 | G23: =E23*F23 -> 79819.3 | I23: 21 | J23: 2790 | K23: =J23/I23 -> 132.85714 | L23: 22 | M23: =F23/V23*60 -> 2626.6346 | N23: =M23/L23 -> 119.39248 | O23: =L23-I23 -> 1 | P23: =N23-K23 -> -13.46466 | Q23: =N23/K23 -> 0.89865309 | S23: 0.28055556 | T23: 0.3325463 | U23: 5.95 | V23: 74.879086 | AE23: =M23-J23 -> -163.36538 | AF23: =M23/J23 -> 0.9414461
B24: 4℃-壽司手卷 | C24: 海陸雙拼壽司 | E24: 36.45 | F24: 2188 | G24: =E24*F24 -> 79752.6 | I24: 20 | J24: 2100 | K24: =J24/I24 -> 105 | L24: 20 | M24: =F24/V24*60 -> 1891.8083 | N24: =M24/L24 -> 94.590417 | O24: =L24-I24 -> 0 | P24: =N24-K24 -> -10.409583 | Q24: =N24/K24 -> 0.90086112 | S24: 0.33541667 | T24: 0.38359954 | U24: 5 | V24: 69.393922 | AE24: =M24-J24 -> -208.19166 | AF24: =M24/J24 -> 0.90086112
B25: 便當 | C25: 懷舊滷雙拼便當 | E25: 61.09 | F25: 2953 | G25: =E25*F25 -> 180398.77 | I25: 20 | J25: 2000 | K25: =J25/I25 -> 100 | L25: 20 | M25: =F25/V25*60 -> 1804.4427 | N25: =M25/L25 -> 90.222133 | O25: =L25-I25 -> 0 | P25: =N25-K25 -> -9.7778669 | Q25: =N25/K25 -> 0.90222133 | S25: 0.3875 | T25: 0.45568287 | U25: 5.6166667 | V25: 98.190984 | W25: 0.45568287 | X25: 0.49513889 | AE25: =M25-J25 -> -195.55734 | AF25: =M25/J25 -> 0.90222133
B26: 便當 | C26: 香腸腿排雙拼便當 | E26: 53.76 | F26: 2902 | G26: =E26*F26 -> 156011.52 | I26: 20 | J26: 2000 | K26: =J26/I26 -> 100 | L26: 20 | M26: =F26/V26*60 -> 1805.0444 | N26: =M26/L26 -> 90.252219 | O26: =L26-I26 -> 0 | P26: =N26-K26 -> -9.7477806 | Q26: =N26/K26 -> 0.90252219 | S26: 0.49513889 | T26: 0.56211806 | U26: 56.816667 | V26: 96.463002 | AE26: =M26-J26 -> -194.95561 | AF26: =M26/J26 -> 0.90252219
B38: 平均 | I38: =AVERAGE(I22:I37) -> 20.4 | J38: =AVERAGE(J22:J37) -> 2336 | K38: =J38/I38 -> 114.5098 | L38: =AVERAGE(L22:L37) -> 20.8 | M38: =AVERAGE(M22:M37) -> 2150.9129 | N38: =M38/L38 -> 103.40928 | O38: =L38-I38 -> 0.4 | P38: =N38-K38 -> -11.100529 | Q38: =N38/K38 -> 0.90306045 | S38: 0.20833333 | T38: 0.56211806 | Y38: =SUM(Y22:Y37) -> 0 | Z38: =SUM(Z22:Z37) -> 0 | AC38: =SUM(AC22:AC37) -> 0 | AD38: =SUM(AD22:AD37) -> 0 | AE38: =M38-J38 -> -185.08708 | AF38: =M38/J38 -> 0.92076752
A39: 涼麵二線 | B39: 便當 | C39: 蔬活腿排補力餐盒 | E39: 71.55 | F39: 2549 | G39: =E39*F39 -> 182380.95 | I39: 22 | J39: 2000 | K39: =J39/I39 -> 90.909091 | L39: 22 | M39: =F39/V39*60 -> 1807.8186 | N39: =M39/L39 -> 82.173572 | O39: =L39-I39 -> 0 | P39: =N39-K39 -> -8.7355185 | Q39: =N39/K39 -> 0.9039093 | R39: =Q55 -> 0.9031176 | S39: 0.20833333 | T39: 0.26707176 | V39: 84.599196 | AE39: =M39-J39 -> -192.18141 | AF39: =M39/J39 -> 0.9039093 | AG39: =AF55 -> 0.9031176
B40: 便當 | C40: 海陸雙拼肉肉餐盒 | E40: 59.54 | F40: 2645 | G40: =E40*F40 -> 157483.3 | I40: 23 | J40: 2000 | K40: =J40/I40 -> 86.956522 | L40: 23 | M40: =F40/V40*60 -> 1807.4274 | N40: =M40/L40 -> 78.5838 | O40: =L40-I40 -> 0 | P40: =N40-K40 -> -8.3727222 | Q40: =N40/K40 -> 0.90371369 | S40: 0.27083333 | T40: 0.33180556 | U40: 5.4166667 | V40: 87.804357 | AE40: =M40-J40 -> -192.57261 | AF40: =M40/J40 -> 0.90371369
B41: 便當 | C41: 烤蛋白餐盒 | E41: 58.67 | F41: 3959 | G41: =E41*F41 -> 232274.53 | I41: 23 | J41: 2000 | K41: =J41/I41 -> 86.956522 | L41: 23 | M41: =F41/V41*60 -> 1804.1094 | N41: =M41/L41 -> 78.439537 | O41: =L41-I41 -> 0 | P41: =N41-K41 -> -8.5169842 | Q41: =N41/K41 -> 0.90205468 | S41: 0.33541667 | T41: 0.42684028 | U41: 5.2 | V41: 131.66608 | AE41: =M41-J41 -> -195.89064 | AF41: =M41/J41 -> 0.90205468
B42: 便當 | C42: 香烤鱈魚輕蔬餐盒 | E42: 69.26 | F42: 649 | G42: =E42*F42 -> 44949.74 | I42: 24 | J42: 2000 | K42: =J42/I42 -> 83.333333 | L42: 24 | M42: =F42/V42*60 -> 1803.7152 | N42: =M42/L42 -> 75.1548 | O42: =L42-I42 -> 0 | P42: =N42-K42 -> -8.1785336 | Q42: =N42/K42 -> 0.9018576 | S42: 0.43055556 | T42: 0.44554398 | U42: 5.35 | V42: 21.588774 | W42: 0.44554398 | X42: 0.48402778 | AE42: =M42-J42 -> -196.28481 | AF42: =M42/J42 -> 0.9018576
B43: 便當 | C43: 地中海布格麥烤魚餐盒 | E43: 63.92 | F43: 1223 | G43: =E43*F43 -> 78174.16 | I43: 24 | J43: 2000 | K43: =J43/I43 -> 83.333333 | L43: 24 | M43: =F43/V43*60 -> 1808.1054 | N43: =M43/L43 -> 75.337727 | O43: =L43-I43 -> 0 | P43: =N43-K43 -> -7.9956067 | Q43: =N43/K43 -> 0.90405272 | S43: 0.48402778 | T43: 0.51221065 | U43: 55.416667 | V43: 40.583916 | AE43: =M43-J43 -> -191.89456 | AF43: =M43/J43 -> 0.90405272
B55: 平均 | I55: =AVERAGE(I39:I54) -> 23.2 | J55: =AVERAGE(J39:J54) -> 2000 | K55: =J55/I55 -> 86.206897 | L55: =AVERAGE(L39:L54) -> 23.2 | M55: =AVERAGE(M39:M54) -> 1806.2352 | N55: =M55/L55 -> 77.854965 | O55: =L55-I55 -> 0 | P55: =N55-K55 -> -8.3519312 | Q55: =N55/K55 -> 0.9031176 | S55: 0.20833333 | T55: 0.51221065 | Y55: =SUM(Y39:Y54) -> 0 | Z55: =SUM(Z39:Z54) -> 0 | AC55: =SUM(AC39:AC54) -> 0 | AD55: =SUM(AD39:AD54) -> 0 | AE55: =M55-J55 -> -193.7648 | AF55: =M55/J55 -> 0.9031176
A56: 涼麵三線 | B56: 季節調理麵 | C56: 和風涓絲冷麵 | E56: 28.86 | F56: 1381 | G56: =E56*F56 -> 39855.66 | I56: 18 | J56: 3600 | K56: =J56/I56 -> 200 | L56: 18 | M56: =F56/V56*60 -> 3195.3135 | N56: =M56/L56 -> 177.51742 | O56: =L56-I56 -> 0 | P56: =N56-K56 -> -22.482585 | Q56: =N56/K56 -> 0.88758708 | R56: =Q72 -> 0.89641436 | S56: 0.25 | T56: 0.26799769 | V56: 25.931728 | AE56: =M56-J56 -> -404.68653 | AF56: =M56/J56 -> 0.88758708 | AG56: =AF72 -> 0.89641436
B57: 季節調理麵 | C57: 韓式泡菜冷麵 | E57: 36.73 | F57: 745 | G57: =E57*F57 -> 27363.85 | I57: 21 | J57: 3600 | K57: =J57/I57 -> 171.42857 | L57: 21 | M57: =F57/V57*60 -> 3195.6674 | N57: =M57/L57 -> 152.17464 | O57: =L57-I57 -> 0 | P57: =N57-K57 -> -19.253933 | Q57: =N57/K57 -> 0.88768539 | S57: 0.27083333 | T57: 0.28054398 | U57: 5 | V57: 13.987688 | AE57: =M57-J57 -> -404.33258 | AF57: =M57/J57 -> 0.88768539
B58: 季節調理麵 | C58: 大滿足麻醬涼麵 | E58: 37.8 | F58: 4217 | G58: =E58*F58 -> 159402.6 | I58: 20 | J58: 3600 | K58: =J58/I58 -> 180 | L58: 20 | M58: =F58/V58*60 -> 3271.5289 | N58: =M58/L58 -> 163.57645 | O58: =L58-I58 -> 0 | P58: =N58-K58 -> -16.423554 | Q58: =N58/K58 -> 0.90875803 | S58: 0.28402778 | T58: 0.33773148 | U58: 5.0166667 | V58: 77.339986 | AE58: =M58-J58 -> -328.47108 | AF58: =M58/J58 -> 0.90875803
B59: 季節調理麵 | C59: 大滿足香辣涼麵 | E59: 38.48 | F59: 3487 | G59: =E59*F59 -> 134179.76 | I59: 19 | J59: 3600 | K59: =J59/I59 -> 189.47368 | L59: 19 | M59: =F59/V59*60 -> 3262.68 | N59: =M59/L59 -> 171.72 | O59: =L59-I59 -> 0 | P59: =N59-K59 -> -17.753684 | Q59: =N59/K59 -> 0.9063 | S59: 0.34166667 | T59: 0.38619213 | U59: 5.6666667 | V59: 64.125198 | AE59: =M59-J59 -> -337.32 | AF59: =M59/J59 -> 0.9063
B60: 4℃-飯糰 | C60: 麻油雞飯糰 | E60: 29.97 | F60: 2545 | G60: =E60*F60 -> 76273.65 | I60: 21 | J60: 2790 | K60: =J60/I60 -> 132.85714 | L60: 21 | M60: =F60/V60*60 -> 2484.1731 | N60: =M60/L60 -> 118.29396 | O60: =L60-I60 -> 0 | P60: =N60-K60 -> -14.563187 | Q60: =N60/K60 -> 0.89038462 | S60: 0.38958333 | T60: 0.43226852 | U60: 4.8833333 | V60: 61.469147 | AE60: =M60-J60 -> -305.82692 | AF60: =M60/J60 -> 0.89038462
B72: 平均 | I72: =AVERAGE(I56:I71) -> 19.8 | J72: =AVERAGE(J56:J71) -> 3438 | K72: =J72/I72 -> 173.63636 | L72: =AVERAGE(L56:L71) -> 19.8 | M72: =AVERAGE(M56:M71) -> 3081.8726 | N72: =M72/L72 -> 155.65013 | O72: =L72-I72 -> 0 | P72: =N72-K72 -> -17.986233 | Q72: =N72/K72 -> 0.89641436 | S72: 0.25 | T72: 0.43226852 | Y72: =SUM(Y56:Y71) -> 0 | Z72: =SUM(Z56:Z71) -> 0 | AC72: =SUM(AC56:AC71) -> 0 | AD72: =SUM(AD56:AD71) -> 0 | AE72: =M72-J72 -> -356.12742 | AF72: =M72/J72 -> 0.89641436
A73: 自動包裝機 | B73: 4℃-壽司手卷 | C73: 生菜鮮蝦脆卷 | E73: 22.83 | F73: 2115 | G73: =E73*F73 -> 48285.45 | I73: 6 | J73: 2500 | K73: =J73/I73 -> 416.66667 | L73: 6 | M73: =F73/V73*60 -> 2261.8816 | N73: =M73/L73 -> 376.98026 | O73: =L73-I73 -> 0 | P73: =N73-K73 -> -39.686407 | Q73: =N73/K73 -> 0.90475262 | R73: =Q89 -> 0.90564748 | S73: 0.36388889 | T73: 0.40284722 | U73: 5.8333333 | V73: 56.103733 | AE73: =M73-J73 -> -238.11844 | AF73: =M73/J73 -> 0.90475262 | AG73: =AF89 -> 0.90564748
B74: 4℃-壽司手卷 | C74: 蔥花生鮪魚脆卷 | E74: 23.19 | F74: 752 | G74: =E74*F74 -> 17438.88 | I74: 6 | J74: 2500 | K74: =J74/I74 -> 416.66667 | L74: 6 | M74: =F74/V74*60 -> 2264.0885 | N74: =M74/L74 -> 377.34809 | O74: =L74-I74 -> 0 | P74: =N74-K74 -> -39.318579 | Q74: =N74/K74 -> 0.90563541 | S74: 0.40694444 | T74: 0.42077546 | U74: 5.9 | V74: 19.928549 | AE74: =M74-J74 -> -235.91147 | AF74: =M74/J74 -> 0.90563541
B75: 4℃-壽司手卷 | C75: 香濃明太子嫩雞飯卷 | E75: 35.89 | F75: 1907 | G75: =E75*F75 -> 68442.23 | I75: 5 | J75: 3273 | K75: =J75/I75 -> 654.6 | L75: 5 | M75: =F75/V75*60 -> 2966.4515 | N75: =M75/L75 -> 593.29031 | O75: =L75-I75 -> 0 | P75: =N75-K75 -> -61.309692 | Q75: =N75/K75 -> 0.90634022 | S75: 0.42430556 | T75: 0.45108796 | U75: 5.0833333 | V75: 38.571336 | AE75: =M75-J75 -> -306.54846 | AF75: =M75/J75 -> 0.90634022
B89: 平均 | I89: =AVERAGE(I73:I88) -> 5.6666667 | J89: =AVERAGE(J73:J88) -> 2757.6667 | K89: =J89/I89 -> 486.64706 | L89: =AVERAGE(L73:L88) -> 5.6666667 | M89: =AVERAGE(M73:M88) -> 2497.4739 | N89: =M89/L89 -> 440.73068 | O89: =L89-I89 -> 0 | P89: =N89-K89 -> -45.916375 | Q89: =N89/K89 -> 0.90564748 | S89: 0.20833333 | T89: 0.45108796 | Y89: =SUM(Y73:Y88) -> 0 | Z89: =SUM(Z73:Z88) -> 0 | AC89: =SUM(AC73:AC88) -> 0 | AD89: =SUM(AD73:AD88) -> 0 | AE89: =M89-J89 -> -260.19279 | AF89: =M89/J89 -> 0.90564748
A90: 自動包裝機2 | B90: 4℃-壽司手卷 | C90: 鮪魚昆布細卷 | E90: 15.51 | F90: 2313 | G90: =E90*F90 -> 35874.63 | I90: 6 | J90: 4200 | K90: =J90/I90 -> 700 | L90: 6 | M90: =F90/V90*60 -> 3798.9829 | N90: =M90/L90 -> 633.16382 | O90: =L90-I90 -> 0 | P90: =N90-K90 -> -66.836176 | Q90: =N90/K90 -> 0.90451975 | R90: =Q106 -> 0.90486291 | S90: 0.25 | T90: 0.2753588 | V90: 36.53083 | AE90: =M90-J90 -> -401.01706 | AF90: =M90/J90 -> 0.90451975 | AG90: =AF106 -> 0.90486291
B91: 4℃-壽司手卷 | C91: 肉鬆火腿細卷 | E91: 15.01 | F91: 2332 | G91: =E91*F91 -> 35003.32 | I91: 6 | J91: 4200 | K91: =J91/I91 -> 700 | L91: 6 | M91: =F91/V91*60 -> 3801.8655 | N91: =M91/L91 -> 633.64425 | O91: =L91-I91 -> 0 | P91: =N91-K91 -> -66.355751 | Q91: =N91/K91 -> 0.90520607 | S91: 0.27847222 | T91: 0.30402778 | U91: 5 | V91: 36.802985 | AE91: =M91-J91 -> -398.13451 | AF91: =M91/J91 -> 0.90520607
B106: 平均 | I106: =AVERAGE(I90:I105) -> 6 | J106: =AVERAGE(J90:J105) -> 4200 | K106: =J106/I106 -> 700 | L106: =AVERAGE(L90:L105) -> 6 | M106: =AVERAGE(M90:M105) -> 3800.4242 | N106: =M106/L106 -> 633.40404 | O106: =L106-I106 -> 0 | P106: =N106-K106 -> -66.595964 | Q106: =N106/K106 -> 0.90486291 | S106: 0.25 | T106: 0.30402778 | Y106: =SUM(Y90:Y105) -> 0 | Z106: =SUM(Z90:Z105) -> 0 | AC106: =SUM(AC90:AC105) -> 0 | AD106: =SUM(AD90:AD105) -> 0 | AE106: =M106-J106 -> -399.57578 | AF106: =M106/J106 -> 0.90486291
A107: 便當二線 (二配) | B107: 微波主食 | C107: 二配香烤魚排青醬燉飯 | E107: 58.17 | F107: 1578 | G107: =E107*F107 -> 91792.26 | I107: 18 | J107: 2000 | K107: =J107/I107 -> 111.11111 | L107: 17 | M107: =F107/V107*60 -> 1805 | N107: =M107/L107 -> 106.17647 | O107: =L107-I107 -> -1 | P107: =N107-K107 -> -4.9346405 | Q107: =N107/K107 -> 0.95558824 | R107: =Q123 -> 0.95102381 | S107: 0.70833333 | T107: 0.74475694 | V107: 52.454294 | AE107: =M107-J107 -> -195 | AF107: =M107/J107 -> 0.9025 | AG107: =AF123 -> 0.90266667
B108: 微波主食 | C108: 二配濃起司燻腸紅醬焗烤飯 | E108: 50.67 | F108: 1800 | G108: =E108*F108 -> 91206 | I108: 20 | J108: 2000 | K108: =J108/I108 -> 100 | L108: 19 | M108: =F108/V108*60 -> 1805.4 | N108: =M108/L108 -> 95.021053 | O108: =L108-I108 -> -1 | P108: =N108-K108 -> -4.9789474 | Q108: =N108/K108 -> 0.95021053 | S108: 0.74861111 | T108: 0.79015046 | U108: 5.55 | V108: 59.820538 | AE108: =M108-J108 -> -194.6 | AF108: =M108/J108 -> 0.9027
B109: 微波主食 | C109: 二配西班牙風味海鮮燉飯 | E109: 57.3 | F109: 1264 | G109: =E109*F109 -> 72427.2 | I109: 21 | J109: 2000 | K109: =J109/I109 -> 95.238095 | L109: 20 | M109: =F109/V109*60 -> 1805.6 | N109: =M109/L109 -> 90.28 | O109: =L109-I109 -> -1 | P109: =N109-K109 -> -4.9580952 | Q109: =N109/K109 -> 0.94794 | S109: 0.79305556 | T109: 0.82222222 | U109: 5 | V109: 42.002658 | AE109: =M109-J109 -> -194.4 | AF109: =M109/J109 -> 0.9028
B123: 平均 | I123: =AVERAGE(I107:I122) -> 19.666667 | J123: =AVERAGE(J107:J122) -> 2000 | K123: =J123/I123 -> 101.69492 | L123: =AVERAGE(L107:L122) -> 18.666667 | M123: =AVERAGE(M107:M122) -> 1805.3333 | N123: =M123/L123 -> 96.714286 | O123: =L123-I123 -> -1 | P123: =N123-K123 -> -4.9806295 | Q123: =N123/K123 -> 0.95102381 | S123: 0.70833333 | T123: 0.82222222 | Y123: =SUM(Y107:Y122) -> 0 | Z123: =SUM(Z107:Z122) -> 0 | AC123: =SUM(AC107:AC122) -> 0 | AD123: =SUM(AD107:AD122) -> 0 | AE123: =M123-J123 -> -194.66667 | AF123: =M123/J123 -> 0.90266667
A124: 涼麵一線 (二配) | B124: 微波主食 | C124: 二配黃金雞排蘑菇白醬歐姆蛋飯 | E124: 56.87 | F124: 1521 | G124: =E124*F124 -> 86499.27 | I124: 23 | J124: 2000 | K124: =J124/I124 -> 86.956522 | L124: 23 | M124: =F124/V124*60 -> 1803.8186 | N124: =M124/L124 -> 78.426894 | O124: =L124-I124 -> 0 | P124: =N124-K124 -> -8.5296276 | Q124: =N124/K124 -> 0.90190928 | R124: =Q140 -> 0.90214397 | S124: 0.70833333 | T124: 0.74346065 | V124: 50.592671 | AE124: =M124-J124 -> -196.18144 | AF124: =M124/J124 -> 0.90190928 | AG124: =AF140 -> 0.90214397
B125: 微波主食 | C125: 二配里肌豬排可可咖哩歐姆蛋飯 | E125: 56.79 | F125: 2104 | G125: =E125*F125 -> 119486.16 | I125: 23 | J125: 2000 | K125: =J125/I125 -> 86.956522 | L125: 23 | M125: =F125/V125*60 -> 1801.7667 | N125: =M125/L125 -> 78.337683 | O125: =L125-I125 -> 0 | P125: =N125-K125 -> -8.6188383 | Q125: =N125/K125 -> 0.90088336 | S125: 0.74652778 | T125: 0.79517361 | U125: 5 | V125: 70.064564 | AE125: =M125-J125 -> -198.23328 | AF125: =M125/J125 -> 0.90088336
B126: 微波主食 | C126: 二配起司棉被海陸白醬焗烤飯 | E126: 47.6 | F126: 2907 | G126: =E126*F126 -> 138373.2 | I126: 23 | J126: 2000 | K126: =J126/I126 -> 86.956522 | L126: 23 | M126: =F126/V126*60 -> 1807.2785 | N126: =M126/L126 -> 78.577326 | O126: =L126-I126 -> 0 | P126: =N126-K126 -> -8.3791954 | Q126: =N126/K126 -> 0.90363925 | S126: 0.79930556 | T126: 0.86631944 | U126: 5.95 | V126: 96.509752 | AE126: =M126-J126 -> -192.72149 | AF126: =M126/J126 -> 0.90363925
B140: 平均 | I140: =AVERAGE(I124:I139) -> 23 | J140: =AVERAGE(J124:J139) -> 2000 | K140: =J140/I140 -> 86.956522 | L140: =AVERAGE(L124:L139) -> 23 | M140: =AVERAGE(M124:M139) -> 1804.2879 | N140: =M140/L140 -> 78.447301 | O140: =L140-I140 -> 0 | P140: =N140-K140 -> -8.5092204 | Q140: =N140/K140 -> 0.90214397 | S140: 0.70833333 | T140: 0.86631944 | Y140: =SUM(Y124:Y139) -> 0 | Z140: =SUM(Z124:Z139) -> 0 | AC140: =SUM(AC124:AC139) -> 0 | AD140: =SUM(AD124:AD139) -> 0 | AE140: =M140-J140 -> -195.71207 | AF140: =M140/J140 -> 0.90214397
AA142: 原因回覆
AA143: 1.當日出勤人數較多
AA144: 2.當日出勤人數較少
AA145: 3.當日出勤熟手較多
AA146: 4.當日出勤新人較多
AA147: 5.機台夾盒
AA148: 6.封膜不順
AA149: 7.更換膠膜
AA150: 8.更換碳帶
AA151: 9.當日熱轉印碳帶異常
AA152: 10.訂單量過少
AA153: 11.新品上市，尚未熟悉
AA154: 12.活動期間品項需貼標

Sheet 0928
B1: 屏榮 大溪廠組合室生產人時性分析
B3: 日期 | C3: 115.09.28星期一 | E3: 訂單量 | F3: ='0928(18度C)'!D1+'0928(4度C)'!D1 -> 158887 | H3: 營業額 | I3: ='0928(18度C)'!F1+'0928(4度C)'!F1 -> 5084208.6
B4: 人時性 | C4: 項目 | E4: ➀ | G4: ➁ | I4: ➂ | K4: ④ | M4: ⑤ | O4: 異常停線 | Q4: 短暫停線
C5: 組合室 | E5: 全溫層 | G5: 4度C-各編組展開(一配) | I5: 4度C-各編組展開(二配) | K5: 18度C-各編組展開(一配) | M5: 18度C-各編組展開(二配) | O5: 合計次數 | P5: 時間 | Q5: 合計次數 | R5: 設備次數
C6: 排關平均 | E6: =AVERAGE(D14:O14,D32:X32) -> 495.4984 | F6: =AVERAGE(#REF!,D14:K14) -> #REF! | G6: =AVERAGE(D14:K14) -> 274.37434 | I6: =AVERAGE(L14:O14) -> 94.325718 | K6: =AVERAGE(D32:O32) -> 805 | M6: =AVERAGE(P32:X32) -> 718.26923 | O6: ='0928(4度C)'!Y2 -> 0 | P6: ='0928(4度C)'!Z2 -> 0 | Q6: ='0928(4度C)'!AC2 -> 0 | R6: ='0928(4度C)'!AD2 -> 0
C7: 實績平均 | E7: =AVERAGE(D15:O15,D33:X33) -> 451.61587 | F7: =AVERAGE(#REF!,D15:K15) -> #REF! | G7: =AVERAGE(D15:K15) -> 248.0011 | I7: =AVERAGE(L15:O15) -> 87.604344 | K7: =AVERAGE(D33:O33) -> 736.16684 | M7: =AVERAGE(P33:X33) -> 654.49281
C8: 達成率平均 | E8: =AVERAGE(D16:O16,D34:X34) -> 0.90745557 | F8: =AVERAGE(D16:K16,#REF!) -> #REF! | G8: =AVERAGE(D16:K16) -> 0.9026946 | I8: =AVERAGE(L16:O16) -> 0.92681305 | K8: =AVERAGE(D34:O34) -> 0.90786204 | M8: =AVERAGE(P34:X34) -> 0.90451183
O9: ※現行日本鮮食廠以達成率80%為基本(即為現行KPI)
B11: 溫層 | D11: ➁4度C-各編組展開 | L11: ➂4度C-各編組展開
B12: 編組 | D12: 1 | E12: 2 | F12: 3 | G12: 4 | H12: 5 | I12: 6 | J12: 7 | K12: 8 | L12: 1 | M12: 2 | N12: 3 | O12: 4
D13: 便當一線 | E13: 便當二線 | F13: 涼麵一線 | G13: 涼麵二線 | H13: 涼麵三線 | I13: 自動包裝機 | J13: 自動包裝機2 | K13: 自動包裝機3 | L13: 便當一線 | M13: 便當二線 | N13: 涼麵一線 | O13: 涼麵二線
B14: 人時性 | C14: 排關 | D14: - | E14: 85.245902 | F14: 114.5098 | G14: 86.206897 | H14: 173.63636 | I14: 486.64706 | J14: 700 | K14: - | L14: - | M14: 101.69492 | N14: 86.956522 | O14: -
C15: 實績 | D15: - | E15: 76.984136 | F15: 103.42476 | G15: 77.856689 | H15: 155.62468 | I15: 440.72962 | J15: 633.38671 | K15: - | L15: - | M15: 96.764286 | N15: 78.444403 | O15: -
C16: 達成率 | D16: - | E16: =E15/E14 -> 0.90308313 | F16: =F15/F14 -> 0.90319564 | G16: =G15/G14 -> 0.9031376 | H16: =H15/H14 -> 0.89626777 | I16: =I15/I14 -> 0.90564529 | J16: =J15/J14 -> 0.90483815 | K16: - | L16: - | M16: =M15/M14 -> 0.95151548 | N16: =N15/N14 -> 0.90211063 | O16: -
B17: 作業 時間 | C17: 開始 | D17: - | E17: 0.20833333 | F17: 0.20833333 | G17: 0.20833333 | H17: 0.25 | I17: 0.25 | J17: 0.25 | K17: - | L17: - | M17: 0.70833333 | N17: 0.70833333 | O17: -
C18: 結束 | D18: - | E18: 0.63386574 | F18: 0.60439815 | G18: 0.5519213 | H18: 0.45319444 | I18: 0.47127315 | J18: 0.30456019 | K18: - | L18: - | M18: 0.82626157 | N18: 0.87596065 | O18: -
B19: 產線異常 (5分鐘以上) | C19: 次數
C20: 時間/分
B21: 短暫停線 (5分鐘以下) | C21: 次數
C22: 設備次數
B23: 配置人數 | D23: - | E23: 20.333333 | F23: 20.8 | G23: 23.2 | H23: 19.8 | I23: 5.6666667 | J23: 6 | K23: - | L23: - | M23: 18.666667 | N23: 23 | O23: -
B24: 主要應用設備 | D24: L型封口機 | E24: ET-55 | F24: ET-55 | G24: ET-55 | H24: ET-600 | I24: 伺服包裝機 | J24: 伺服包裝機 | K24: 伺服包裝機 | L24: L型封口機 | M24: ET-55 | N24: ET-55 | O24: ET-55
B25: 次要應用設備 | D25: 伺服包裝機 | H25: 伺服包裝機
B26: 備註 | H26: 涼麵+烤飯糰 | I26: 大口飯糰線 | K26: 烤飯糰+手卷
B29: 溫層 | D29: ➃18度C-各編組展開 (一配) | P29: ⑤18度C-各編組展開 (二配)
B30: 編組 | D30: 1 | E30: 2 | F30: 3 | G30: 4 | H30: 5 | I30: 6 | J30: 7 | K30: 8 | L30: 9 | M30: 10 | N30: 11 | O30: 12 | P30: 1 | Q30: 2 | R30: 3 | S30: 4 | T30: 5 | U30: 6 | V30: 7 | W30: 8 | X30: 9
D31: 便當一線 | E31: 涼麵一線 | F31: 涼麵三線 | G31: 自動包裝機 | H31: 自動包裝機2 | I31: 自動包裝機3 | J31: 味付飯糰線B | K31: (舊) 3300型飯糰線 | L31: 3000型飯糰線 | M31: (新) 3300型飯糰機 | N31: GKK3600型 飯糰機 | O31: GKK3600型 飯糰機2 | P31: 自動包裝機 | Q31: 自動包裝機2 | R31: 自動包裝機3 | S31: 味付飯糰線B | T31: (舊) 3300型飯糰線 | U31: 3000型飯糰線 | V31: (新) 3300型飯糰機 | W31: GKK3600型 飯糰機 | X31: GKK3600型 飯糰機2
B32: 人時性 | C32: 排關 | D32: - | E32: - | F32: - | G32: 327.27273 | H32: - | I32: - | J32: - | K32: - | L32: - | M32: 1100 | N32: 920 | O32: 872.72727 | P32: 300 | Q32: - | R32: - | S32: - | T32: - | U32: - | V32: 750 | W32: 923.07692 | X32: 900
C33: 實績 | D33: - | E33: - | F33: - | G33: 287.42071 | H33: - | I33: - | J33: - | K33: - | L33: - | M33: 1021.9545 | N33: 842.49813 | O33: 792.79403 | P33: 259.96346 | Q33: - | R33: - | S33: - | T33: - | U33: - | V33: 697.13815 | W33: 843.32846 | X33: 817.54118
C34: 達成率 | D34: - | E34: - | F34: - | G34: =G33/G32 -> 0.87822996 | H34: - | I34: - | J34: - | K34: - | L34: - | M34: =M33/M32 -> 0.92904955 | N34: =N33/N32 -> 0.91575884 | O34: =O33/O32 -> 0.90840982 | P34: =P33/P32 -> 0.86654487 | Q34: - | R34: - | S34: - | T34: - | U34: - | V34: =V33/V32 -> 0.92951753 | W34: =W33/W32 -> 0.91360583 | X34: =X33/X32 -> 0.90837909
B35: 作業 時間 | C35: 開始 | D35: - | E35: - | F35: - | G35: 0.25 | H35: - | I35: - | J35: - | K35: - | L35: - | M35: 0.32222222 | N35: 0.25 | O35: 0.25 | P35: 0.73958333 | Q35: - | R35: - | S35: - | T35: - | U35: - | V35: 0.70833333 | W35: 0.73263889 | X35: 0.73263889
C36: 結束 | D36: - | E36: - | F36: - | G36: 0.47127315 | H36: - | I36: - | J36: - | K36: - | L36: - | M36: 0.34334491 | N36: 0.50071759 | O36: 0.49274306 | P36: 0.75293981 | Q36: - | R36: - | S36: - | T36: - | U36: - | V36: 0.72197917 | W36: 1.1081944 | X36: 1.123125
B37: 配置人數 | D37: - | E37: - | F37: - | G37: 11 | H37: - | I37: - | J37: - | K37: - | L37: - | M37: 3 | N37: 3.75 | O37: 4.125 | P37: 12 | Q37: - | R37: - | S37: - | T37: - | U37: - | V37: 4 | W37: 3.7142857 | X37: 4
B38: 主要應用設備 | D38: 伺服包裝機 | E38: ET-55 | F38: ET-600 | G38: 夾心型 | H38: 伺服包裝機 | I38: 伺服包裝機 | J38: 夾心型 | K38: 3300型 | L38: 3300型 | M38: 3300型 | N38: GKK | O38: GKK | P38: 夾心型 | Q38: 伺服包裝機 | R38: 伺服包裝機 | S38: 夾心型 | T38: 3300型 | U38: 3300型 | V38: 3300型 | W38: GKK | X38: GKK
B39: 次要應用設備
B40: 備註

Sheet 0928(18度C)
A1: 大溪廠日報分析 | C1: 總生產量 | D1: =SUM(F5:F140) -> 77243 | E1: 營業額 | F1: =SUM(G5:G140) -> 1514716.4 | G1: 出勤人數 | H1: =L21+L38+L55+L72+L89+L106+L123+L140 -> 45.589286 | I1: 產線配置圖 | L1: 生產實績 | O1: 人時性差異分析 | S1: 日報登錄 | Y1: 分析說明 | AA1: 產能差異分析
A2: 46293 | C2: 人時性 | D2: =AVERAGE(N21,N38,N55,N72,N89,N106,N123,N140) -> 695.32983 | E2: 平均廠價 | F2: =F1/D1 -> 19.609756 | G2: 多次生產數 | H2: =COUNT(H5:H140) -> 14
A3: 線別 | B3: 品類 | C3: 品名 | E3: 廠價 | F3: 生產量 | G3: 營收 | H3: 多次 生產 | I3: 人數 | J3: 產能/時 | K3: 人時性 | L3: 人數 | M3: 產能/時 | N3: 人時性 | O3: 人數 | P3: 人時性 | Q3: 達成率 | R3: 達成率 平均 | S3: 生產時間 | U3: 換線、休息/分 | V3: 稼動時間/分 | W3: 休息時間 | Y3: (屏榮回填) | AA3: 產能/時 | AB3: 達成率 | AC3: 達成率平均
S4: 開始 | T4: 結束 | W4: 開始 | X4: 結束
A5: 自動包裝機 | B5: 18℃-壽司手卷 | C5: 一配長野稻荷壽司 | E5: 25.64 | F5: 1234 | G5: =E5*F5 -> 31639.76 | I5: 10 | J5: 3600 | K5: =J5/I5 -> 360 | L5: 10 | M5: =F5/V5*60 -> 3216.5296 | N5: =M5/L5 -> 321.65296 | O5: =L5-I5 -> 0 | P5: =N5-K5 -> -38.347045 | Q5: =N5/K5 -> 0.89348043 | R5: =Q21 -> 0.87822996 | S5: 0.25 | T5: 0.2659838 | V5: 23.018598 | AA5: =M5-J5 -> -383.47045 | AB5: =M5/J5 -> 0.89348043 | AC5: =AB21 -> 0.87822996
B6: 18℃-壽司手卷 | C6: 一配經典人氣雙手卷 | E6: 29.52 | F6: 2057 | G6: =E6*F6 -> 60722.64 | I6: 11 | J6: 3600 | K6: =J6/I6 -> 327.27273 | L6: 11 | M6: =F6/V6*60 -> 3156.0835 | N6: =M6/L6 -> 286.91668 | O6: =L6-I6 -> 0 | P6: =N6-K6 -> -40.356046 | Q6: =N6/K6 -> 0.87668986 | S6: 0.26944444 | T6: 0.29659722 | U6: 4.9833333 | V6: 39.105429 | AA6: =M6-J6 -> -443.91651 | AB6: =M6/J6 -> 0.87668986
B7: 18℃-壽司手卷 | C7: 一配鮭鮪海饌雙手卷 | E7: 29.85 | F7: 2459 | G7: =E7*F7 -> 73401.15 | I7: 11 | J7: 3600 | K7: =J7/I7 -> 327.27273 | L7: 11 | M7: =F7/V7*60 -> 3156.1114 | N7: =M7/L7 -> 286.91922 | O7: =L7-I7 -> 0 | P7: =N7-K7 -> -40.353506 | Q7: =N7/K7 -> 0.87669762 | S7: 0.30069444 | T7: 0.33314815 | U7: 5.9 | V7: 46.747399 | AA7: =M7-J7 -> -443.88856 | AB7: =M7/J7 -> 0.87669762
B8: 18℃-壽司手卷 | C8: 一配青木瓜雞絲泰泰雙手卷 | E8: 30 | F8: 222 | G8: =E8*F8 -> 6660 | I8: 11 | J8: 3600 | K8: =J8/I8 -> 327.27273 | L8: 11 | M8: =F8/V8*60 -> 3156.6273 | N8: =M8/L8 -> 286.96612 | O8: =L8-I8 -> 0 | P8: =N8-K8 -> -40.30661 | Q8: =N8/K8 -> 0.87684091 | S8: 0.33611111 | T8: 0.33903935 | U8: 5 | V8: 4.2196936 | AA8: =M8-J8 -> -443.37271 | AB8: =M8/J8 -> 0.87684091
B9: 18℃-飯糰 | C9: 一配兩粒飯糰(鮪魚.焦糖鮭魚) | E9: 28.57 | F9: 804 | G9: =E9*F9 -> 22970.28 | I9: 12 | J9: 3600 | K9: =J9/I9 -> 300 | L9: 12 | M9: =F9/V9*60 -> 3122.7875 | N9: =M9/L9 -> 260.23229 | O9: =L9-I9 -> 0 | P9: =N9-K9 -> -39.767712 | Q9: =N9/K9 -> 0.86744096 | S9: 0.34305556 | T9: 0.35377315 | U9: 5.7833333 | V9: 15.447737 | AA9: =M9-J9 -> -477.21254 | AB9: =M9/J9 -> 0.86744096
B21: 平均 | I21: =AVERAGE(I5:I20) -> 11 | J21: =AVERAGE(J5:J20) -> 3600 | K21: =J21/I21 -> 327.27273 | L21: =AVERAGE(L5:L20) -> 11 | M21: =AVERAGE(M5:M20) -> 3161.6278 | N21: =M21/L21 -> 287.42071 | O21: =L21-I21 -> 0 | P21: =N21-K21 -> -39.852014 | Q21: =N21/K21 -> 0.87822996 | S21: 0.25 | T21: 0.47127315 | AA21: =M21-J21 -> -438.37216 | AB21: =M21/J21 -> 0.87822996
A22: (新) 3300型飯糰機 | B22: 18℃-飯糰 | C22: 一配鮭魚奶油醬油飯糰 | E22: 18.53 | F22: 1555 | G22: =E22*F22 -> 28814.15 | I22: 3 | J22: 3300 | K22: =J22/I22 -> 1100 | L22: 3 | M22: =F22/V22*60 -> 3065.8635 | N22: =M22/L22 -> 1021.9545 | O22: =L22-I22 -> 0 | P22: =N22-K22 -> -78.045498 | Q22: =N22/K22 -> 0.92904955 | R22: =Q38 -> 0.92904955 | S22: 0.32222222 | T22: 0.34334491 | V22: 30.431883 | AA22: =M22-J22 -> -234.13649 | AB22: =M22/J22 -> 0.92904955 | AC22: =AB38 -> 0.92904955
B38: 平均 | I38: =AVERAGE(I22:I37) -> 3 | J38: =AVERAGE(J22:J37) -> 3300 | K38: =J38/I38 -> 1100 | L38: =AVERAGE(L22:L37) -> 3 | M38: =AVERAGE(M22:M37) -> 3065.8635 | N38: =M38/L38 -> 1021.9545 | O38: =L38-I38 -> 0 | P38: =N38-K38 -> -78.045498 | Q38: =N38/K38 -> 0.92904955 | S38: 0.32222222 | T38: 0.34334491 | AA38: =M38-J38 -> -234.13649 | AB38: =M38/J38 -> 0.92904955
A39: GKK3600型 飯糰機 | B39: 18℃-飯糰 | C39: 一配北海道秋鮭親子飯糰 | E39: 24.82 | F39: 892 | G39: =E39*F39 -> 22139.44 | I39: 5 | J39: 3600 | K39: =J39/I39 -> 720 | L39: 5 | M39: =F39/V39*60 -> 3273.0115 | N39: =M39/L39 -> 654.6023 | O39: =L39-I39 -> 0 | P39: =N39-K39 -> -65.397701 | Q39: =N39/K39 -> 0.90916986 | R39: =Q55 -> 0.91575884 | S39: 0.25 | T39: 0.26135417 | V39: 16.351913 | AA39: =M39-J39 -> -326.9885 | AB39: =M39/J39 -> 0.90916986 | AC39: =AB55 -> 0.91575884
B40: 18℃-飯糰 | C40: 一配熟成紅鮭飯糰 | E40: 25.03 | F40: 716 | G40: =E40*F40 -> 17921.48 | I40: 5 | J40: 3600 | K40: =J40/I40 -> 720 | L40: 5 | M40: =F40/V40*60 -> 3267.7852 | N40: =M40/L40 -> 653.55704 | O40: =L40-I40 -> 0 | P40: =N40-K40 -> -66.442962 | Q40: =N40/K40 -> 0.90771811 | S40: 0.27083333 | T40: 0.2799537 | U40: 13.65 | V40: 13.146519 | AA40: =M40-J40 -> -332.21481 | AB40: =M40/J40 -> 0.90771811
B41: 18℃-飯糰 | C41: 一配生鱈魚子鮭魚飯糰 | E41: 23.8 | F41: 880 | G41: =E41*F41 -> 20944 | I41: 4 | J41: 3600 | K41: =J41/I41 -> 900 | L41: 4 | M41: =F41/V41*60 -> 3269.5881 | N41: =M41/L41 -> 817.39704 | O41: =L41-I41 -> 0 | P41: =N41-K41 -> -82.602963 | Q41: =N41/K41 -> 0.90821893 | S41: 0.28958333 | T41: 0.30078704 | U41: 13.866667 | V41: 16.148823 | AA41: =M41-J41 -> -330.41185 | AB41: =M41/J41 -> 0.90821893
B42: 18℃-飯糰 | C42: 一配筋子銀鮭飯糰 | E42: 30 | F42: 748 | G42: =E42*F42 -> 22440 | I42: 4 | J42: 3300 | K42: =J42/I42 -> 825 | L42: 4 | M42: =F42/V42*60 -> 3069.7513 | N42: =M42/L42 -> 767.43782 | O42: =L42-I42 -> 0 | P42: =N42-K42 -> -57.56218 | Q42: =N42/K42 -> 0.93022766 | S42: 0.31041667 | T42: 0.32056713 | U42: 13.866667 | V42: 14.620077 | AA42: =M42-J42 -> -230.24872 | AB42: =M42/J42 -> 0.93022766
B43: 18℃-飯糰 | C43: 一配蔬食鮪魚飯糰 | E43: 18.18 | F43: 851 | G43: =E43*F43 -> 15471.18 | I43: 3 | J43: 3600 | K43: =J43/I43 -> 1200 | L43: 3 | M43: =F43/V43*60 -> 3268.0894 | N43: =M43/L43 -> 1089.3631 | O43: =L43-I43 -> 0 | P43: =N43-K43 -> -110.63688 | Q43: =N43/K43 -> 0.9078026 | S43: 0.32986111 | T43: 0.34070602 | U43: 13.383333 | V43: 15.623808 | AA43: =M43-J43 -> -331.91065 | AB43: =M43/J43 -> 0.9078026
B44: 18℃-飯糰 | C44: 一配黑胡椒洋蔥豬飯糰 | E44: 17.07 | F44: 1231 | G44: =E44*F44 -> 21013.17 | I44: 3 | J44: 3300 | K44: =J44/I44 -> 1100 | L44: 3 | M44: =F44/V44*60 -> 3069.5626 | N44: =M44/L44 -> 1023.1875 | O44: =L44-I44 -> 0 | P44: =N44-K44 -> -76.812473 | Q44: =N44/K44 -> 0.93017048 | S44: 0.35 | T44: 0.36670139 | U44: 13.383333 | V44: 24.06206 | AA44: =M44-J44 -> -230.43742 | AB44: =M44/J44 -> 0.93017048
B45: 18℃-飯糰 | C45: 一配經典肉鬆飯糰 | E45: 14.03 | F45: 3434 | G45: =E45*F45 -> 48179.02 | I45: 3 | J45: 3000 | K45: =J45/I45 -> 1000 | L45: 3 | M45: =F45/V45*60 -> 2788.2468 | N45: =M45/L45 -> 929.41561 | O45: =L45-I45 -> 0 | P45: =N45-K45 -> -70.584386 | Q45: =N45/K45 -> 0.92941561 | S45: 0.37638889 | T45: 0.42769676 | U45: 13.95 | V45: 73.895896 | AA45: =M45-J45 -> -211.75316 | AB45: =M45/J45 -> 0.92941561
B46: 18℃-飯糰 | C46: 一配鮪魚飯糰 | E46: 14.28 | F46: 5015 | G46: =E46*F46 -> 71614.2 | I46: 3 | J46: 3600 | K46: =J46/I46 -> 1200 | L46: 3 | M46: =F46/V46*60 -> 3268.909 | N46: =M46/L46 -> 1089.6363 | O46: =L46-I46 -> 0 | P46: =N46-K46 -> -110.36368 | Q46: =N46/K46 -> 0.90803027 | S46: 0.43680556 | T46: 0.50071759 | U46: 13.116667 | V46: 92.049061 | AA46: =M46-J46 -> -331.09103 | AB46: =M46/J46 -> 0.90803027
B55: 平均 | I55: =AVERAGE(I39:I54) -> 3.75 | J55: =AVERAGE(J39:J54) -> 3450 | K55: =J55/I55 -> 920 | L55: =AVERAGE(L39:L54) -> 3.75 | M55: =AVERAGE(M39:M54) -> 3159.368 | N55: =M55/L55 -> 842.49813 | O55: =L55-I55 -> 0 | P55: =N55-K55 -> -77.501871 | Q55: =N55/K55 -> 0.91575884 | S55: 0.25 | T55: 0.50071759 | AA55: =M55-J55 -> -290.63202 | AB55: =M55/J55 -> 0.91575884
A56: GKK3600型 飯糰機2 | B56: 18℃-飯糰 | C56: 一配明太子龍蝦風味沙拉飯糰 | E56: 18.18 | F56: 1423 | G56: =E56*F56 -> 25870.14 | I56: 3 | J56: 3600 | K56: =J56/I56 -> 1200 | L56: 3 | M56: =F56/V56*60 -> 3271.0381 | N56: =M56/L56 -> 1090.346 | O56: =L56-I56 -> 0 | P56: =N56-K56 -> -109.65396 | Q56: =N56/K56 -> 0.9086217 | R56: =Q72 -> 0.90840982 | S56: 0.25 | T56: 0.268125 | V56: 26.101805 | AA56: =M56-J56 -> -328.96187 | AB56: =M56/J56 -> 0.9086217 | AC56: =AB72 -> 0.90840982
B57: 18℃-飯糰 | C57: 一配椒鹽檸檬鯖魚飯糰 | E57: 20.72 | F57: 775 | G57: =E57*F57 -> 16058 | I57: 3 | J57: 3600 | K57: =J57/I57 -> 1200 | L57: 3 | M57: =F57/V57*60 -> 3272.3571 | N57: =M57/L57 -> 1090.7857 | O57: =L57-I57 -> 0 | P57: =N57-K57 -> -109.21429 | Q57: =N57/K57 -> 0.90898809 | S57: 0.27777778 | T57: 0.28763889 | U57: 13.9 | V57: 14.20994 | AA57: =M57-J57 -> -327.64286 | AB57: =M57/J57 -> 0.90898809
B58: 18℃-飯糰 | C58: 一配贅沢鮭魚肚飯糰 | E58: 30 | F58: 1126 | G58: =E58*F58 -> 33780 | I58: 4 | J58: 3600 | K58: =J58/I58 -> 900 | L58: 4 | M58: =F58/V58*60 -> 3267.9627 | N58: =M58/L58 -> 816.99068 | O58: =L58-I58 -> 0 | P58: =N58-K58 -> -83.009324 | Q58: =N58/K58 -> 0.90776742 | S58: 0.29722222 | T58: 0.31157407 | U58: 13.8 | V58: 20.673431 | AA58: =M58-J58 -> -332.0373 | AB58: =M58/J58 -> 0.90776742
B59: 18℃-飯糰 | C59: 一配卵黃牛挽肉飯糰 | E59: 24.76 | F59: 1405 | G59: =E59*F59 -> 34787.8 | I59: 4 | J59: 3600 | K59: =J59/I59 -> 900 | L59: 4 | M59: =F59/V59*60 -> 3268.8351 | N59: =M59/L59 -> 817.20877 | O59: =L59-I59 -> 0 | P59: =N59-K59 -> -82.791226 | Q59: =N59/K59 -> 0.90800975 | S59: 0.32083333 | T59: 0.33873843 | U59: 13.333333 | V59: 25.789004 | AA59: =M59-J59 -> -331.16491 | AB59: =M59/J59 -> 0.90800975
B60: 18℃-飯糰 | C60: 一配鹽蔥燒肉飯糰 | E60: 17.89 | F60: 2167 | G60: =E60*F60 -> 38767.63 | I60: 4 | J60: 3600 | K60: =J60/I60 -> 900 | L60: 4 | M60: =F60/V60*60 -> 3270.9226 | N60: =M60/L60 -> 817.73066 | O60: =L60-I60 -> 0 | P60: =N60-K60 -> -82.26934 | Q60: =N60/K60 -> 0.90858962 | S60: 0.34791667 | T60: 0.37552083 | U60: 13.216667 | V60: 39.750252 | AA60: =M60-J60 -> -329.07736 | AB60: =M60/J60 -> 0.90858962
B61: 18℃-飯糰 | C61: 一配醬燒炙烤牛飯糰 | E61: 22.32 | F61: 1620 | G61: =E61*F61 -> 36158.4 | I61: 5 | J61: 3600 | K61: =J61/I61 -> 720 | L61: 5 | M61: =F61/V61*60 -> 3268.6656 | N61: =M61/L61 -> 653.73312 | O61: =L61-I61 -> 0 | P61: =N61-K61 -> -66.266876 | Q61: =N61/K61 -> 0.90796267 | S61: 0.38472222 | T61: 0.40537037 | U61: 13.25 | V61: 29.736905 | AA61: =M61-J61 -> -331.33438 | AB61: =M61/J61 -> 0.90796267
B62: 18℃-飯糰 | C62: 一配鹽蔥生鮭飯糰 | E62: 27.48 | F62: 1336 | G62: =E62*F62 -> 36713.28 | I62: 5 | J62: 3600 | K62: =J62/I62 -> 720 | L62: 5 | M62: =F62/V62*60 -> 3271.9428 | N62: =M62/L62 -> 654.38856 | O62: =L62-I62 -> 0 | P62: =N62-K62 -> -65.611436 | Q62: =N62/K62 -> 0.90887301 | S62: 0.41458333 | T62: 0.43158565 | U62: 13.266667 | V62: 24.499206 | AA62: =M62-J62 -> -328.05718 | AB62: =M62/J62 -> 0.90887301
B63: 18℃-飯糰 | C63: 一配雞肉飯飯糰 | E63: 16.66 | F63: 4064 | G63: =E63*F63 -> 67706.24 | I63: 5 | J63: 3600 | K63: =J63/I63 -> 720 | L63: 5 | M63: =F63/V63*60 -> 3270.4787 | N63: =M63/L63 -> 654.09574 | O63: =L63-I63 -> 0 | P63: =N63-K63 -> -65.904263 | Q63: =N63/K63 -> 0.9084663 | S63: 0.44097222 | T63: 0.49274306 | U63: 13.516667 | V63: 74.557893 | AA63: =M63-J63 -> -329.52131 | AB63: =M63/J63 -> 0.9084663
B72: 平均 | I72: =AVERAGE(I56:I71) -> 4.125 | J72: =AVERAGE(J56:J71) -> 3600 | K72: =J72/I72 -> 872.72727 | L72: =AVERAGE(L56:L71) -> 4.125 | M72: =AVERAGE(M56:M71) -> 3270.2754 | N72: =M72/L72 -> 792.79403 | O72: =L72-I72 -> 0 | P72: =N72-K72 -> -79.933247 | Q72: =N72/K72 -> 0.90840982 | S72: 0.25 | T72: 0.49274306 | AA72: =M72-J72 -> -329.72465 | AB72: =M72/J72 -> 0.90840982
A73: 自動包裝機 (二配) | B73: 18℃-飯糰 | C73: 二配兩粒飯糰(鮪魚.焦糖鮭魚) | E73: 28.57 | F73: 1000 | G73: =E73*F73 -> 28570 | I73: 12 | J73: 3600 | K73: =J73/I73 -> 300 | L73: 12 | M73: =F73/V73*60 -> 3119.5615 | N73: =M73/L73 -> 259.96346 | O73: =L73-I73 -> 0 | P73: =N73-K73 -> -40.03654 | Q73: =N73/K73 -> 0.86654487 | R73: =Q89 -> 0.86654487 | S73: 0.73958333 | T73: 0.75293981 | V73: 19.233472 | AA73: =M73-J73 -> -480.43848 | AB73: =M73/J73 -> 0.86654487 | AC73: =AB89 -> 0.86654487
B89: 平均 | I89: =AVERAGE(I73:I88) -> 12 | J89: =AVERAGE(J73:J88) -> 3600 | K89: =J89/I89 -> 300 | L89: =AVERAGE(L73:L88) -> 12 | M89: =AVERAGE(M73:M88) -> 3119.5615 | N89: =M89/L89 -> 259.96346 | O89: =L89-I89 -> 0 | P89: =N89-K89 -> -40.03654 | Q89: =N89/K89 -> 0.86654487 | S89: 0.73958333 | T89: 0.75293981 | AA89: =M89-J89 -> -480.43848 | AB89: =M89/J89 -> 0.86654487
A90: (新) 3300型飯糰機 (二配) | B90: 18℃-飯糰 | C90: 二配大飯糰韓式蒜烤豬五花 | E90: 24.54 | F90: 914 | G90: =E90*F90 -> 22429.56 | I90: 4 | J90: 3000 | K90: =J90/I90 -> 750 | L90: 4 | M90: =F90/V90*60 -> 2788.5526 | N90: =M90/L90 -> 697.13815 | O90: =L90-I90 -> 0 | P90: =N90-K90 -> -52.861853 | Q90: =N90/K90 -> 0.92951753 | R90: =Q106 -> 0.92951753 | S90: 0.70833333 | T90: 0.72197917 | V90: 19.666116 | AA90: =M90-J90 -> -211.44741 | AB90: =M90/J90 -> 0.92951753 | AC90: =AB106 -> 0.92951753
B106: 平均 | I106: =AVERAGE(I90:I105) -> 4 | J106: =AVERAGE(J90:J105) -> 3000 | K106: =J106/I106 -> 750 | L106: =AVERAGE(L90:L105) -> 4 | M106: =AVERAGE(M90:M105) -> 2788.5526 | N106: =M106/L106 -> 697.13815 | O106: =L106-I106 -> 0 | P106: =N106-K106 -> -52.861853 | Q106: =N106/K106 -> 0.92951753 | S106: 0.70833333 | T106: 0.72197917 | AA106: =M106-J106 -> -211.44741 | AB106: =M106/J106 -> 0.92951753
A107: GKK3600型 飯糰機 (二配) | B107: 18℃-飯糰 | C107: 二配經典肉鬆飯糰 | E107: 14.03 | F107: 346 | G107: =E107*F107 -> 4854.38 | H107: 2 | I107: 3 | J107: 3000 | K107: =J107/I107 -> 1000 | L107: 3 | M107: =F107/V107*60 -> 2786.3475 | N107: =M107/L107 -> 928.78249 | O107: =L107-I107 -> 0 | P107: =N107-K107 -> -71.21751 | Q107: =N107/K107 -> 0.92878249 | R107: =Q123 -> 0.91360583 | S107: 0.73263889 | T107: 0.7378125 | V107: 7.4506142 | AA107: =M107-J107 -> -213.65253 | AB107: =M107/J107 -> 0.92878249 | AC107: =AB123 -> 0.91360583
B108: 18℃-飯糰 | C108: 二配芝麻香鬆飯糰 | E108: 18.18 | F108: 673 | G108: =E108*F108 -> 12235.14 | H108: 2 | I108: 3 | J108: 3000 | K108: =J108/I108 -> 1000 | L108: 3 | M108: =F108/V108*60 -> 2787.3538 | N108: =M108/L108 -> 929.11794 | O108: =L108-I108 -> 0 | P108: =N108-K108 -> -70.88206 | Q108: =N108/K108 -> 0.92911794 | S108: 0.74722222 | T108: 0.75728009 | U108: 13.55 | V108: 14.486858 | AA108: =M108-J108 -> -212.64618 | AB108: =M108/J108 -> 0.92911794
B109: 18℃-飯糰 | C109: 二配蔬食鮪魚飯糰 | E109: 18.18 | F109: 419 | G109: =E109*F109 -> 7617.42 | H109: 2 | I109: 3 | J109: 3600 | K109: =J109/I109 -> 1200 | L109: 3 | M109: =F109/V109*60 -> 3271.9567 | N109: =M109/L109 -> 1090.6522 | O109: =L109-I109 -> 0 | P109: =N109-K109 -> -109.34775 | Q109: =N109/K109 -> 0.90887687 | S109: 0.76666667 | T109: 0.77200231 | U109: 13.516667 | V109: 7.6834757 | AA109: =M109-J109 -> -328.04325 | AB109: =M109/J109 -> 0.90887687
B110: 18℃-飯糰 | C110: 二配三杯醬爆菇菇飯糰 | E110: 16.7 | F110: 489 | G110: =E110*F110 -> 8166.3 | H110: 2 | I110: 3 | J110: 3600 | K110: =J110/I110 -> 1200 | L110: 3 | M110: =F110/V110*60 -> 3271.7288 | N110: =M110/L110 -> 1090.5763 | O110: =L110-I110 -> 0 | P110: =N110-K110 -> -109.42372 | Q110: =N110/K110 -> 0.90881357 | S110: 0.78125 | T110: 0.78747685 | U110: 13.316667 | V110: 8.9677358 | AA110: =M110-J110 -> -328.27116 | AB110: =M110/J110 -> 0.90881357
B111: 18℃-飯糰 | C111: 二配贅沢鮭魚肚飯糰 | E111: 30 | F111: 798 | G111: =E111*F111 -> 23940 | H111: 2 | I111: 4 | J111: 3600 | K111: =J111/I111 -> 900 | L111: 4 | M111: =F111/V111*60 -> 3270.9021 | N111: =M111/L111 -> 817.72553 | O111: =L111-I111 -> 0 | P111: =N111-K111 -> -82.274469 | Q111: =N111/K111 -> 0.90858392 | S111: 0.79652778 | T111: 0.80668981 | U111: 13.033333 | V111: 14.638163 | AA111: =M111-J111 -> -329.09787 | AB111: =M111/J111 -> 0.90858392
B112: 18℃-飯糰 | C112: 二配熟成紅鮭飯糰 | E112: 25.03 | F112: 521 | G112: =E112*F112 -> 13040.63 | H112: 2 | I112: 5 | J112: 3600 | K112: =J112/I112 -> 720 | L112: 5 | M112: =F112/V112*60 -> 3268.0673 | N112: =M112/L112 -> 653.61345 | O112: =L112-I112 -> 0 | P112: =N112-K112 -> -66.386546 | Q112: =N112/K112 -> 0.90779646 | S112: 0.81597222 | T112: 0.82260417 | U112: 13.366667 | V112: 9.5652866 | AA112: =M112-J112 -> -331.93273 | AB112: =M112/J112 -> 0.90779646
B113: 18℃-飯糰 | C113: 二配雞肉飯飯糰 | E113: 16.66 | F113: 2572 | G113: =E113*F113 -> 42849.52 | H113: 2 | I113: 5 | J113: 3600 | K113: =J113/I113 -> 720 | L113: 5 | M113: =F113/V113*60 -> 3271.3644 | N113: =M113/L113 -> 654.27287 | O113: =L113-I113 -> 0 | P113: =N113-K113 -> -65.727126 | Q113: =N113/K113 -> 0.90871232 | S113: 0.83194444 | T113: 0.86469907 | U113: 13.45 | V113: 47.172978 | AA113: =M113-J113 -> -328.63563 | AB113: =M113/J113 -> 0.90871232
B114: 18℃-飯糰 | C114: 二配芝麻香鬆飯糰 | E114: 18.18 | F114: 826 | G114: =E114*F114 -> 15016.68 | I114: 3 | J114: 3000 | K114: =J114/I114 -> 1000 | L114: 3 | M114: =F114/V114*60 -> 2787.3538 | N114: =M114/L114 -> 929.11794 | O114: =L114-I114 -> 0 | P114: =N114-K114 -> -70.88206 | Q114: =N114/K114 -> 0.92911794 | S114: 0.87430556 | T114: 0.88664352 | U114: 13.833333 | V114: 17.780305 | AA114: =M114-J114 -> -212.64618 | AB114: =M114/J114 -> 0.92911794
B115: 18℃-飯糰 | C115: 二配蔬食鮪魚飯糰 | E115: 18.18 | F115: 504 | G115: =E115*F115 -> 9162.72 | I115: 3 | J115: 3600 | K115: =J115/I115 -> 1200 | L115: 3 | M115: =F115/V115*60 -> 3271.9567 | N115: =M115/L115 -> 1090.6522 | O115: =L115-I115 -> 0 | P115: =N115-K115 -> -109.34775 | Q115: =N115/K115 -> 0.90887687 | S115: 0.89583333 | T115: 0.90224537 | U115: 13.233333 | V115: 9.242176 | AA115: =M115-J115 -> -328.04325 | AB115: =M115/J115 -> 0.90887687
B116: 18℃-飯糰 | C116: 二配三杯醬爆菇菇飯糰 | E116: 16.7 | F116: 599 | G116: =E116*F116 -> 10003.3 | I116: 3 | J116: 3600 | K116: =J116/I116 -> 1200 | L116: 3 | M116: =F116/V116*60 -> 3268.0846 | N116: =M116/L116 -> 1089.3615 | O116: =L116-I116 -> 0 | P116: =N116-K116 -> -110.63848 | Q116: =N116/K116 -> 0.90780127 | S116: 0.91180556 | T116: 0.91943287 | U116: 13.766667 | V116: 10.997267 | AA116: =M116-J116 -> -331.91543 | AB116: =M116/J116 -> 0.90780127
B117: 18℃-飯糰 | C117: 二配贅沢鮭魚肚飯糰 | E117: 30 | F117: 1014 | G117: =E117*F117 -> 30420 | I117: 4 | J117: 3600 | K117: =J117/I117 -> 900 | L117: 4 | M117: =F117/V117*60 -> 3272.1852 | N117: =M117/L117 -> 818.04629 | O117: =L117-I117 -> 0 | P117: =N117-K117 -> -81.953711 | Q117: =N117/K117 -> 0.90894032 | S117: 0.92847222 | T117: 0.94137731 | U117: 13.016667 | V117: 18.59308 | AA117: =M117-J117 -> -327.81485 | AB117: =M117/J117 -> 0.90894032
B118: 18℃-飯糰 | C118: 二配熟成紅鮭飯糰 | E118: 25.03 | F118: 518 | G118: =E118*F118 -> 12965.54 | I118: 5 | J118: 3600 | K118: =J118/I118 -> 720 | L118: 5 | M118: =F118/V118*60 -> 3268.0673 | N118: =M118/L118 -> 653.61345 | O118: =L118-I118 -> 0 | P118: =N118-K118 -> -66.386546 | Q118: =N118/K118 -> 0.90779646 | S118: 0.95069444 | T118: 0.95729167 | U118: 13.416667 | V118: 9.5102082 | AA118: =M118-J118 -> -331.93273 | AB118: =M118/J118 -> 0.90779646
B119: 18℃-飯糰 | C119: 二配經典肉鬆飯糰 | E119: 14.03 | F119: 5638 | G119: =E119*F119 -> 79101.14 | I119: 3 | J119: 3000 | K119: =J119/I119 -> 1000 | L119: 3 | M119: =F119/V119*60 -> 2786.3475 | N119: =M119/L119 -> 928.78249 | O119: =L119-I119 -> 0 | P119: =N119-K119 -> -71.21751 | Q119: =N119/K119 -> 0.92878249 | S119: 0.96666667 | T119: 1.0509722 | U119: 13.5 | V119: 121.40625 | AA119: =M119-J119 -> -213.65253 | AB119: =M119/J119 -> 0.92878249
B120: 18℃-飯糰 | C120: 二配雞肉飯飯糰 | E120: 16.66 | F120: 3752 | G120: =E120*F120 -> 62508.32 | I120: 5 | J120: 3600 | K120: =J120/I120 -> 720 | L120: 5 | M120: =F120/V120*60 -> 3271.3644 | N120: =M120/L120 -> 654.27287 | O120: =L120-I120 -> 0 | P120: =N120-K120 -> -65.727126 | Q120: =N120/K120 -> 0.90871232 | S120: 1.0604167 | T120: 1.1081944 | U120: 13.6 | V120: 68.815324 | AA120: =M120-J120 -> -328.63563 | AB120: =M120/J120 -> 0.90871232
B123: 平均 | I123: =AVERAGE(I107:I122) -> 3.7142857 | J123: =AVERAGE(J107:J122) -> 3428.5714 | K123: =J123/I123 -> 923.07692 | L123: =AVERAGE(L107:L122) -> 3.7142857 | M123: =AVERAGE(M107:M122) -> 3132.3629 | N123: =M123/L123 -> 843.32846 | O123: =L123-I123 -> 0 | P123: =N123-K123 -> -79.748461 | Q123: =N123/K123 -> 0.91360583 | S123: 0.73263889 | T123: 1.1081944 | AA123: =M123-J123 -> -296.20857 | AB123: =M123/J123 -> 0.91360583
A124: GKK3600型 飯糰機2 (二配) | B124: 18℃-飯糰 | C124: 二配鮪魚飯糰 | E124: 14.28 | F124: 362 | G124: =E124*F124 -> 5169.36 | H124: 2 | I124: 3 | J124: 3600 | K124: =J124/I124 -> 1200 | L124: 3 | M124: =F124/V124*60 -> 3271.2009 | N124: =M124/L124 -> 1090.4003 | O124: =L124-I124 -> 0 | P124: =N124-K124 -> -109.5997 | Q124: =N124/K124 -> 0.90866691 | R124: =Q140 -> 0.90837909 | S124: 0.73263889 | T124: 0.73724537 | V124: 6.6397634 | AA124: =M124-J124 -> -328.79911 | AB124: =M124/J124 -> 0.90866691 | AC124: =AB140 -> 0.90837909
B125: 18℃-飯糰 | C125: 二配生鱈魚子鮭魚飯糰 | E125: 23.8 | F125: 455 | G125: =E125*F125 -> 10829 | H125: 2 | I125: 4 | J125: 3600 | K125: =J125/I125 -> 900 | L125: 4 | M125: =F125/V125*60 -> 3272.117 | N125: =M125/L125 -> 818.02924 | O125: =L125-I125 -> 0 | P125: =N125-K125 -> -81.97076 | Q125: =N125/K125 -> 0.90892138 | S125: 0.74722222 | T125: 0.75300926 | U125: 14.366667 | V125: 8.3432226 | AA125: =M125-J125 -> -327.88304 | AB125: =M125/J125 -> 0.90892138
B126: 18℃-飯糰 | C126: 二配北海道秋鮭親子飯糰 | E126: 24.82 | F126: 741 | G126: =E126*F126 -> 18391.62 | H126: 2 | I126: 5 | J126: 3600 | K126: =J126/I126 -> 720 | L126: 5 | M126: =F126/V126*60 -> 3271.5661 | N126: =M126/L126 -> 654.31322 | O126: =L126-I126 -> 0 | P126: =N126-K126 -> -65.68678 | Q126: =N126/K126 -> 0.90876836 | S126: 0.7625 | T126: 0.77193287 | U126: 13.666667 | V126: 13.589822 | AA126: =M126-J126 -> -328.4339 | AB126: =M126/J126 -> 0.90876836
B127: 18℃-飯糰 | C127: 二配卵黃牛挽肉飯糰 | E127: 24.76 | F127: 673 | G127: =E127*F127 -> 16663.48 | H127: 2 | I127: 4 | J127: 3600 | K127: =J127/I127 -> 900 | L127: 4 | M127: =F127/V127*60 -> 3267.9059 | N127: =M127/L127 -> 816.97647 | O127: =L127-I127 -> 0 | P127: =N127-K127 -> -83.023529 | Q127: =N127/K127 -> 0.90775163 | S127: 0.78125 | T127: 0.78982639 | U127: 13.416667 | V127: 12.356537 | AA127: =M127-J127 -> -332.09412 | AB127: =M127/J127 -> 0.90775163
B128: 18℃-飯糰 | C128: 二配醬燒炙烤牛飯糰 | E128: 22.32 | F128: 770 | G128: =E128*F128 -> 17186.4 | H128: 2 | I128: 5 | J128: 3600 | K128: =J128/I128 -> 720 | L128: 5 | M128: =F128/V128*60 -> 3270.989 | N128: =M128/L128 -> 654.19781 | O128: =L128-I128 -> 0 | P128: =N128-K128 -> -65.802193 | Q128: =N128/K128 -> 0.90860807 | S128: 0.79930556 | T128: 0.8091088 | U128: 13.65 | V128: 14.124168 | AA128: =M128-J128 -> -329.01096 | AB128: =M128/J128 -> 0.90860807
B129: 18℃-飯糰 | C129: 二配明太子龍蝦風味沙拉飯糰 | E129: 18.18 | F129: 1068 | G129: =E129*F129 -> 19416.24 | H129: 2 | I129: 3 | J129: 3600 | K129: =J129/I129 -> 1200 | L129: 3 | M129: =F129/V129*60 -> 3267.8303 | N129: =M129/L129 -> 1089.2768 | O129: =L129-I129 -> 0 | P129: =N129-K129 -> -110.72322 | Q129: =N129/K129 -> 0.90773065 | S129: 0.81944444 | T129: 0.83305556 | U129: 14.883333 | V129: 19.609341 | AA129: =M129-J129 -> -332.16967 | AB129: =M129/J129 -> 0.90773065
B130: 18℃-飯糰 | C130: 二配鹽蔥燒肉飯糰 | E130: 17.89 | F130: 1674 | G130: =E130*F130 -> 29947.86 | H130: 2 | I130: 4 | J130: 3600 | K130: =J130/I130 -> 900 | L130: 4 | M130: =F130/V130*60 -> 3272.5999 | N130: =M130/L130 -> 818.14998 | O130: =L130-I130 -> 0 | P130: =N130-K130 -> -81.850016 | Q130: =N130/K130 -> 0.90905554 | S130: 0.84236111 | T130: 0.86366898 | U130: 13.4 | V130: 30.691194 | AA130: =M130-J130 -> -327.40006 | AB130: =M130/J130 -> 0.90905554
B131: 18℃-飯糰 | C131: 二配生鱈魚子鮭魚飯糰 | E131: 23.8 | F131: 494 | G131: =E131*F131 -> 11757.2 | I131: 4 | J131: 3600 | K131: =J131/I131 -> 900 | L131: 4 | M131: =F131/V131*60 -> 3272.117 | N131: =M131/L131 -> 818.02924 | O131: =L131-I131 -> 0 | P131: =N131-K131 -> -81.97076 | Q131: =N131/K131 -> 0.90892138 | S131: 0.87291667 | T131: 0.87920139 | U131: 13.316667 | V131: 9.0583559 | AA131: =M131-J131 -> -327.88304 | AB131: =M131/J131 -> 0.90892138
B132: 18℃-飯糰 | C132: 二配北海道秋鮭親子飯糰 | E132: 24.82 | F132: 872 | G132: =E132*F132 -> 21643.04 | I132: 5 | J132: 3600 | K132: =J132/I132 -> 720 | L132: 5 | M132: =F132/V132*60 -> 3269.1605 | N132: =M132/L132 -> 653.8321 | O132: =L132-I132 -> 0 | P132: =N132-K132 -> -66.167899 | Q132: =N132/K132 -> 0.90810014 | S132: 0.88958333 | T132: 0.90069444 | U132: 14.95 | V132: 16.004109 | AA132: =M132-J132 -> -330.83949 | AB132: =M132/J132 -> 0.90810014
B133: 18℃-飯糰 | C133: 二配卵黃牛挽肉飯糰 | E133: 24.76 | F133: 834 | G133: =E133*F133 -> 20649.84 | I133: 4 | J133: 3600 | K133: =J133/I133 -> 900 | L133: 4 | M133: =F133/V133*60 -> 3267.9059 | N133: =M133/L133 -> 816.97647 | O133: =L133-I133 -> 0 | P133: =N133-K133 -> -83.023529 | Q133: =N133/K133 -> 0.90775163 | S133: 0.91111111 | T133: 0.92173611 | U133: 15 | V133: 15.312558 | AA133: =M133-J133 -> -332.09412 | AB133: =M133/J133 -> 0.90775163
B134: 18℃-飯糰 | C134: 二配醬燒炙烤牛飯糰 | E134: 22.32 | F134: 1200 | G134: =E134*F134 -> 26784 | I134: 5 | J134: 3600 | K134: =J134/I134 -> 720 | L134: 5 | M134: =F134/V134*60 -> 3267.8463 | N134: =M134/L134 -> 653.56926 | O134: =L134-I134 -> 0 | P134: =N134-K134 -> -66.430736 | Q134: =N134/K134 -> 0.90773509 | S134: 0.93125 | T134: 0.94653935 | U134: 13.7 | V134: 22.03286 | AA134: =M134-J134 -> -332.15368 | AB134: =M134/J134 -> 0.90773509
B135: 18℃-飯糰 | C135: 二配明太子龍蝦風味沙拉飯糰 | E135: 18.18 | F135: 1614 | G135: =E135*F135 -> 29342.52 | I135: 3 | J135: 3600 | K135: =J135/I135 -> 1200 | L135: 3 | M135: =F135/V135*60 -> 3267.2667 | N135: =M135/L135 -> 1089.0889 | O135: =L135-I135 -> 0 | P135: =N135-K135 -> -110.91111 | Q135: =N135/K135 -> 0.90757408 | S135: 0.95694444 | T135: 0.97752315 | U135: 14.983333 | V135: 29.639454 | AA135: =M135-J135 -> -332.73332 | AB135: =M135/J135 -> 0.90757408
B136: 18℃-飯糰 | C136: 二配鹽蔥燒肉飯糰 | E136: 17.89 | F136: 2512 | G136: =E136*F136 -> 44939.68 | I136: 4 | J136: 3600 | K136: =J136/I136 -> 900 | L136: 4 | M136: =F136/V136*60 -> 3272.5999 | N136: =M136/L136 -> 818.14998 | O136: =L136-I136 -> 0 | P136: =N136-K136 -> -81.850016 | Q136: =N136/K136 -> 0.90905554 | S136: 0.9875 | T136: 1.0194792 | U136: 14.366667 | V136: 46.055125 | AA136: =M136-J136 -> -327.40006 | AB136: =M136/J136 -> 0.90905554
B137: 18℃-飯糰 | C137: 二配鮪魚飯糰 | E137: 14.28 | F137: 7377 | G137: =E137*F137 -> 105343.56 | I137: 3 | J137: 3600 | K137: =J137/I137 -> 1200 | L137: 3 | M137: =F137/V137*60 -> 3271.2009 | N137: =M137/L137 -> 1090.4003 | O137: =L137-I137 -> 0 | P137: =N137-K137 -> -109.5997 | Q137: =N137/K137 -> 0.90866691 | S137: 1.0291667 | T137: 1.123125 | U137: 13.95 | V137: 135.30811 | AA137: =M137-J137 -> -328.79911 | AB137: =M137/J137 -> 0.90866691
B140: 平均 | I140: =AVERAGE(I124:I139) -> 4 | J140: =AVERAGE(J124:J139) -> 3600 | K140: =J140/I140 -> 900 | L140: =AVERAGE(L124:L139) -> 4 | M140: =AVERAGE(M124:M139) -> 3270.1647 | N140: =M140/L140 -> 817.54118 | O140: =L140-I140 -> 0 | P140: =N140-K140 -> -82.458816 | Q140: =N140/K140 -> 0.90837909 | S140: 0.73263889 | T140: 1.123125 | AA140: =M140-J140 -> -329.83526 | AB140: =M140/J140 -> 0.90837909
Y142: 原因回覆
Y143: 1.當日出勤人數較多
Y144: 2.當日出勤人數較少
Y145: 3.當日出勤熟手較多
Y146: 4.當日出勤新人較多
Y147: 5.機台夾盒
Y148: 6.封膜不順
Y149: 7.更換膠膜
Y150: 8.更換碳帶
Y151: 9.當日熱轉印碳帶異常
Y152: 10.訂單量過少
Y153: 11.新品上市，尚未熟悉
Y154: 12.活動期間品項需貼標

Sheet 0928(4度C)
A1: 大溪廠日報分析 | C1: 總生產量 | D1: =SUM(F5:F140) -> 81644 | E1: 營業額 | F1: =SUM(G5:G140) -> 3569492.2 | G1: 出勤人數 | H1: =L21+L38+L55+L72+L89+L106+L123+L140 -> 137.46667 | I1: 產線配置圖 | L1: 生產實績 | O1: 人時性差異分析 | S1: 日報登錄 | Y1: 合計次數 | Z1: 合計(時間/分) | AA1: 產線異常 分析說明(5分鐘以上) | AC1: 合計次數 | AD1: 合計(時間/分) | AE1: 產能差異分析
A2: 46293 | C2: 人時性 | D2: =AVERAGE(N21,N38,N55,N72,N89,N106,N123,N140) -> 207.90191 | E2: 平均廠價 | F2: =F1/D1 -> 43.720203 | G2: 多次生產數 | H2: =COUNT(H5:H140) -> 0 | Y2: =SUM(Y21,Y38,Y55,Y72,Y89,Y106,Y123,Y140) -> 0 | Z2: =SUM(Z21,Z38,Z55,Z72,Z89,Z106,Z123,Z140) -> 0 | AC2: =SUM(AC21,AC38,AC55,AC72,AC89,AC106,AC123,AC140) -> 0 | AD2: =SUM(AD21,AD38,AD55,AD72,AD89,AD106,AD123,AD140) -> 0
A3: 線別 | B3: 品類 | C3: 品名 | E3: 廠價 | F3: 生產量 | G3: 營收 | H3: 多次 生產 | I3: 人數 | J3: 產能/時 | K3: 人時性 | L3: 人數 | M3: 產能/時 | N3: 人時性 | O3: 人數 | P3: 人時性 | Q3: 達成率 | R3: 達成率 平均 | S3: 生產時間 | U3: 換線、休息/分 | V3: 稼動時間/分 | W3: 休息時間 | Y3: 產線異常統計(5分鐘以上) | AA3: (屏榮回填) | AC3: 短暫停線統計(5分鐘以下) | AE3: 產能/時 | AF3: 達成率 | AG3: 達成率平均
S4: 開始 | T4: 結束 | W4: 開始 | X4: 結束 | Y4: 次數 | Z4: 時間/分 | AC4: 總次數 | AD4: 設備因素(次數)
A5: 便當二線 | B5: 微波小吃 | C5: 日式茶碗蒸 | E5: 19.7 | F5: 3954 | G5: =E5*F5 -> 77893.8 | I5: 13 | J5: 1200 | K5: =J5/I5 -> 92.307692 | L5: 13 | M5: =F5/V5*60 -> 1086.4473 | N5: =M5/L5 -> 83.572868 | O5: =L5-I5 -> 0 | P5: =N5-K5 -> -8.734824 | Q5: =N5/K5 -> 0.90537274 | R5: =Q21 -> 0.90308313 | S5: 0.20833333 | T5: 0.35996528 | V5: 218.3631 | AE5: =M5-J5 -> -113.55271 | AF5: =M5/J5 -> 0.90537274 | AG5: =AF21 -> 0.90308313
B6: 微波主食 | C6: 糖燻野郎三十天熟成牛飯 | E6: 56.43 | F6: 4865 | G6: =E6*F6 -> 274531.95 | I6: 24 | J6: 2000 | K6: =J6/I6 -> 83.333333 | L6: 24 | M6: =F6/V6*60 -> 1805.1548 | N6: =M6/L6 -> 75.214784 | O6: =L6-I6 -> 0 | P6: =N6-K6 -> -8.1185491 | Q6: =N6/K6 -> 0.90257741 | S6: 0.36319444 | T6: 0.47548611 | U6: 4.65 | V6: 161.70358 | W6: 0.47548611 | X6: 0.51388889 | AE6: =M6-J6 -> -194.84518 | AF6: =M6/J6 -> 0.90257741
B7: 便當 | C7: 健身G肉餐盒 | E7: 59.52 | F7: 5196 | G7: =E7*F7 -> 309265.92 | I7: 24 | J7: 2000 | K7: =J7/I7 -> 83.333333 | L7: 24 | M7: =F7/V7*60 -> 1804.4302 | N7: =M7/L7 -> 75.184591 | O7: =L7-I7 -> 0 | P7: =N7-K7 -> -8.1487421 | Q7: =N7/K7 -> 0.90221509 | S7: 0.51388889 | T7: 0.63386574 | U7: 55.3 | V7: 172.77476 | AE7: =M7-J7 -> -195.56981 | AF7: =M7/J7 -> 0.90221509
B21: 平均 | I21: =AVERAGE(I5:I20) -> 20.333333 | J21: =AVERAGE(J5:J20) -> 1733.3333 | K21: =J21/I21 -> 85.245902 | L21: =AVERAGE(L5:L20) -> 20.333333 | M21: =AVERAGE(M5:M20) -> 1565.3441 | N21: =M21/L21 -> 76.984136 | O21: =L21-I21 -> 0 | P21: =N21-K21 -> -8.2617656 | Q21: =N21/K21 -> 0.90308313 | S21: 0.20833333 | T21: 0.63386574 | Y21: =SUM(Y5:Y20) -> 0 | Z21: =SUM(Z5:Z20) -> 0 | AC21: =SUM(AC5:AC20) -> 0 | AD21: =SUM(AD5:AD20) -> 0 | AE21: =M21-J21 -> -167.98923 | AF21: =M21/J21 -> 0.90308313
A22: 涼麵一線 | B22: 4℃-飯糰 | C22: 里肌肉蛋紫米飯糰 | E22: 29.87 | F22: 4777 | G22: =E22*F22 -> 142688.99 | I22: 21 | J22: 2790 | K22: =J22/I22 -> 132.85714 | L22: 22 | M22: =F22/V22*60 -> 2626.6346 | N22: =M22/L22 -> 119.39248 | O22: =L22-I22 -> 1 | P22: =N22-K22 -> -13.46466 | Q22: =N22/K22 -> 0.89865309 | R22: =Q38 -> 0.90319564 | S22: 0.20833333 | T22: 0.2841088 | V22: 109.12062 | AE22: =M22-J22 -> -163.36538 | AF22: =M22/J22 -> 0.9414461 | AG22: =AF38 -> 0.92090536
B23: 4℃-飯糰 | C23: 經典傳統飯糰 | E23: 24.35 | F23: 3981 | G23: =E23*F23 -> 96937.35 | I23: 21 | J23: 2790 | K23: =J23/I23 -> 132.85714 | L23: 22 | M23: =F23/V23*60 -> 2626.6346 | N23: =M23/L23 -> 119.39248 | O23: =L23-I23 -> 1 | P23: =N23-K23 -> -13.46466 | Q23: =N23/K23 -> 0.89865309 | S23: 0.2875 | T23: 0.35064815 | U23: 4.8833333 | V23: 90.937658 | AE23: =M23-J23 -> -163.36538 | AF23: =M23/J23 -> 0.9414461
B24: 4℃-壽司手卷 | C24: 海陸雙拼壽司 | E24: 36.45 | F24: 2278 | G24: =E24*F24 -> 83033.1 | I24: 20 | J24: 2100 | K24: =J24/I24 -> 105 | L24: 20 | M24: =F24/V24*60 -> 1892.0183 | N24: =M24/L24 -> 94.600917 | O24: =L24-I24 -> 0 | P24: =N24-K24 -> -10.399083 | Q24: =N24/K24 -> 0.90096112 | S24: 0.35416667 | T24: 0.4043287 | U24: 5.0666667 | V24: 72.240314 | AE24: =M24-J24 -> -207.98166 | AF24: =M24/J24 -> 0.90096112
B25: 便當 | C25: 懷舊滷雙拼便當 | E25: 61.09 | F25: 3473 | G25: =E25*F25 -> 212165.57 | I25: 20 | J25: 2000 | K25: =J25/I25 -> 100 | L25: 20 | M25: =F25/V25*60 -> 1805.0427 | N25: =M25/L25 -> 90.252133 | O25: =L25-I25 -> 0 | P25: =N25-K25 -> -9.7478669 | Q25: =N25/K25 -> 0.90252133 | S25: 0.40833333 | T25: 0.48849537 | U25: 5.7666667 | V25: 115.44325 | W25: 0.48849537 | X25: 0.52638889 | AE25: =M25-J25 -> -194.95734 | AF25: =M25/J25 -> 0.90252133
B26: 便當 | C26: 香腸腿排雙拼便當 | E26: 53.76 | F26: 3381 | G26: =E26*F26 -> 181762.56 | I26: 20 | J26: 2000 | K26: =J26/I26 -> 100 | L26: 20 | M26: =F26/V26*60 -> 1805.8444 | N26: =M26/L26 -> 90.292219 | O26: =L26-I26 -> 0 | P26: =N26-K26 -> -9.7077806 | Q26: =N26/K26 -> 0.90292219 | S26: 0.52638889 | T26: 0.60439815 | U26: 54.566667 | V26: 112.33526 | AE26: =M26-J26 -> -194.15561 | AF26: =M26/J26 -> 0.90292219
B38: 平均 | I38: =AVERAGE(I22:I37) -> 20.4 | J38: =AVERAGE(J22:J37) -> 2336 | K38: =J38/I38 -> 114.5098 | L38: =AVERAGE(L22:L37) -> 20.8 | M38: =AVERAGE(M22:M37) -> 2151.2349 | N38: =M38/L38 -> 103.42476 | O38: =L38-I38 -> 0.4 | P38: =N38-K38 -> -11.085048 | Q38: =N38/K38 -> 0.90319564 | S38: 0.20833333 | T38: 0.60439815 | Y38: =SUM(Y22:Y37) -> 0 | Z38: =SUM(Z22:Z37) -> 0 | AC38: =SUM(AC22:AC37) -> 0 | AD38: =SUM(AD22:AD37) -> 0 | AE38: =M38-J38 -> -184.76508 | AF38: =M38/J38 -> 0.92090536
A39: 涼麵二線 | B39: 便當 | C39: 蔬活腿排補力餐盒 | E39: 71.55 | F39: 2937 | G39: =E39*F39 -> 210142.35 | I39: 22 | J39: 2000 | K39: =J39/I39 -> 90.909091 | L39: 22 | M39: =F39/V39*60 -> 1807.6186 | N39: =M39/L39 -> 82.164481 | O39: =L39-I39 -> 0 | P39: =N39-K39 -> -8.7446094 | Q39: =N39/K39 -> 0.9038093 | R39: =Q55 -> 0.9031376 | S39: 0.20833333 | T39: 0.27603009 | V39: 97.48738 | AE39: =M39-J39 -> -192.38141 | AF39: =M39/J39 -> 0.9038093 | AG39: =AF55 -> 0.9031376
B40: 便當 | C40: 海陸雙拼肉肉餐盒 | E40: 59.54 | F40: 3059 | G40: =E40*F40 -> 182132.86 | I40: 23 | J40: 2000 | K40: =J40/I40 -> 86.956522 | L40: 23 | M40: =F40/V40*60 -> 1807.2274 | N40: =M40/L40 -> 78.575104 | O40: =L40-I40 -> 0 | P40: =N40-K40 -> -8.3814179 | Q40: =N40/K40 -> 0.90361369 | S40: 0.27986111 | T40: 0.35038194 | U40: 5.5166667 | V40: 101.55889 | AE40: =M40-J40 -> -192.77261 | AF40: =M40/J40 -> 0.90361369
B41: 便當 | C41: 烤蛋白餐盒 | E41: 58.67 | F41: 4084 | G41: =E41*F41 -> 239608.28 | I41: 23 | J41: 2000 | K41: =J41/I41 -> 86.956522 | L41: 23 | M41: =F41/V41*60 -> 1804.3094 | N41: =M41/L41 -> 78.448233 | O41: =L41-I41 -> 0 | P41: =N41-K41 -> -8.5082886 | Q41: =N41/K41 -> 0.90215468 | S41: 0.35416667 | T41: 0.44847222 | U41: 5.45 | V41: 135.8082 | AE41: =M41-J41 -> -195.69064 | AF41: =M41/J41 -> 0.90215468
B42: 便當 | C42: 香烤鱈魚輕蔬餐盒 | E42: 69.26 | F42: 1050 | G42: =E42*F42 -> 72723 | I42: 24 | J42: 2000 | K42: =J42/I42 -> 83.333333 | L42: 24 | M42: =F42/V42*60 -> 1803.5152 | N42: =M42/L42 -> 75.146466 | O42: =L42-I42 -> 0 | P42: =N42-K42 -> -8.1868669 | Q42: =N42/K42 -> 0.9017576 | S42: 0.45138889 | T42: 0.47563657 | U42: 5 | V42: 34.931782 | W42: 0.47563657 | X42: 0.51458333 | AE42: =M42-J42 -> -196.48481 | AF42: =M42/J42 -> 0.9017576
B43: 便當 | C43: 地中海布格麥烤魚餐盒 | E43: 63.92 | F43: 1621 | G43: =E43*F43 -> 103614.32 | I43: 24 | J43: 2000 | K43: =J43/I43 -> 83.333333 | L43: 24 | M43: =F43/V43*60 -> 1808.7054 | N43: =M43/L43 -> 75.362727 | O43: =L43-I43 -> 0 | P43: =N43-K43 -> -7.9706067 | Q43: =N43/K43 -> 0.90435272 | S43: 0.51458333 | T43: 0.5519213 | U43: 56.083333 | V43: 53.773267 | AE43: =M43-J43 -> -191.29456 | AF43: =M43/J43 -> 0.90435272
B55: 平均 | I55: =AVERAGE(I39:I54) -> 23.2 | J55: =AVERAGE(J39:J54) -> 2000 | K55: =J55/I55 -> 86.206897 | L55: =AVERAGE(L39:L54) -> 23.2 | M55: =AVERAGE(M39:M54) -> 1806.2752 | N55: =M55/L55 -> 77.856689 | O55: =L55-I55 -> 0 | P55: =N55-K55 -> -8.3502071 | Q55: =N55/K55 -> 0.9031376 | S55: 0.20833333 | T55: 0.5519213 | Y55: =SUM(Y39:Y54) -> 0 | Z55: =SUM(Z39:Z54) -> 0 | AC55: =SUM(AC39:AC54) -> 0 | AD55: =SUM(AD39:AD54) -> 0 | AE55: =M55-J55 -> -193.7248 | AF55: =M55/J55 -> 0.9031376
A56: 涼麵三線 | B56: 季節調理麵 | C56: 和風涓絲冷麵 | E56: 28.86 | F56: 1739 | G56: =E56*F56 -> 50187.54 | I56: 18 | J56: 3600 | K56: =J56/I56 -> 200 | L56: 18 | M56: =F56/V56*60 -> 3194.2335 | N56: =M56/L56 -> 177.45742 | O56: =L56-I56 -> 0 | P56: =N56-K56 -> -22.542585 | Q56: =N56/K56 -> 0.88728708 | R56: =Q72 -> 0.89626777 | S56: 0.25 | T56: 0.27267361 | V56: 32.665114 | AE56: =M56-J56 -> -405.76653 | AF56: =M56/J56 -> 0.88728708 | AG56: =AF72 -> 0.89626777
B57: 季節調理麵 | C57: 韓式泡菜冷麵 | E57: 36.73 | F57: 1048 | G57: =E57*F57 -> 38493.04 | I57: 21 | J57: 3600 | K57: =J57/I57 -> 171.42857 | L57: 21 | M57: =F57/V57*60 -> 3194.2274 | N57: =M57/L57 -> 152.10607 | O57: =L57-I57 -> 0 | P57: =N57-K57 -> -19.322504 | Q57: =N57/K57 -> 0.88728539 | S57: 0.27569444 | T57: 0.28936343 | U57: 5 | V57: 19.685511 | AE57: =M57-J57 -> -405.77258 | AF57: =M57/J57 -> 0.88728539
B58: 季節調理麵 | C58: 大滿足麻醬涼麵 | E58: 37.8 | F58: 4880 | G58: =E58*F58 -> 184464 | I58: 20 | J58: 3600 | K58: =J58/I58 -> 180 | L58: 20 | M58: =F58/V58*60 -> 3271.8889 | N58: =M58/L58 -> 163.59445 | O58: =L58-I58 -> 0 | P58: =N58-K58 -> -16.405554 | Q58: =N58/K58 -> 0.90885803 | S58: 0.29305556 | T58: 0.35519676 | U58: 5.3166667 | V58: 89.489591 | AE58: =M58-J58 -> -328.11108 | AF58: =M58/J58 -> 0.90885803
B59: 季節調理麵 | C59: 大滿足香辣涼麵 | E59: 38.48 | F59: 4032 | G59: =E59*F59 -> 155151.36 | I59: 19 | J59: 3600 | K59: =J59/I59 -> 189.47368 | L59: 19 | M59: =F59/V59*60 -> 3262.32 | N59: =M59/L59 -> 171.70105 | O59: =L59-I59 -> 0 | P59: =N59-K59 -> -17.772632 | Q59: =N59/K59 -> 0.9062 | S59: 0.35833333 | T59: 0.40982639 | U59: 4.5166667 | V59: 74.155815 | AE59: =M59-J59 -> -337.68 | AF59: =M59/J59 -> 0.9062
B60: 4℃-飯糰 | C60: 麻油雞飯糰 | E60: 29.97 | F60: 2385 | G60: =E60*F60 -> 71478.45 | I60: 21 | J60: 2790 | K60: =J60/I60 -> 132.85714 | L60: 21 | M60: =F60/V60*60 -> 2484.1731 | N60: =M60/L60 -> 118.29396 | O60: =L60-I60 -> 0 | P60: =N60-K60 -> -14.563187 | Q60: =N60/K60 -> 0.89038462 | S60: 0.41319444 | T60: 0.45319444 | U60: 4.85 | V60: 57.604682 | AE60: =M60-J60 -> -305.82692 | AF60: =M60/J60 -> 0.89038462
B72: 平均 | I72: =AVERAGE(I56:I71) -> 19.8 | J72: =AVERAGE(J56:J71) -> 3438 | K72: =J72/I72 -> 173.63636 | L72: =AVERAGE(L56:L71) -> 19.8 | M72: =AVERAGE(M56:M71) -> 3081.3686 | N72: =M72/L72 -> 155.62468 | O72: =L72-I72 -> 0 | P72: =N72-K72 -> -18.011688 | Q72: =N72/K72 -> 0.89626777 | S72: 0.25 | T72: 0.45319444 | Y72: =SUM(Y56:Y71) -> 0 | Z72: =SUM(Z56:Z71) -> 0 | AC72: =SUM(AC56:AC71) -> 0 | AD72: =SUM(AD56:AD71) -> 0 | AE72: =M72-J72 -> -356.63142 | AF72: =M72/J72 -> 0.89626777
A73: 自動包裝機 | B73: 4℃-壽司手卷 | C73: 生菜鮮蝦脆卷 | E73: 22.83 | F73: 2737 | G73: =E73*F73 -> 62485.71 | I73: 6 | J73: 2500 | K73: =J73/I73 -> 416.66667 | L73: 6 | M73: =F73/V73*60 -> 2261.3816 | N73: =M73/L73 -> 376.89693 | O73: =L73-I73 -> 0 | P73: =N73-K73 -> -39.769741 | Q73: =N73/K73 -> 0.90455262 | R73: =Q89 -> 0.90564529 | S73: 0.35694444 | T73: 0.40737269 | U73: 4.5666667 | V73: 72.619324 | AE73: =M73-J73 -> -238.61844 | AF73: =M73/J73 -> 0.90455262 | AG73: =AF89 -> 0.90564529
B74: 4℃-壽司手卷 | C74: 蔥花生鮪魚脆卷 | E74: 23.19 | F74: 1149 | G74: =E74*F74 -> 26645.31 | I74: 6 | J74: 2500 | K74: =J74/I74 -> 416.66667 | L74: 6 | M74: =F74/V74*60 -> 2263.5885 | N74: =M74/L74 -> 377.26475 | O74: =L74-I74 -> 0 | P74: =N74-K74 -> -39.401912 | Q74: =N74/K74 -> 0.90543541 | S74: 0.41041667 | T74: 0.4315625 | U74: 5 | V74: 30.456065 | AE74: =M74-J74 -> -236.41147 | AF74: =M74/J74 -> 0.90543541
B75: 4℃-壽司手卷 | C75: 香濃明太子嫩雞飯卷 | E75: 35.89 | F75: 2554 | G75: =E75*F75 -> 91663.06 | I75: 5 | J75: 3273 | K75: =J75/I75 -> 654.6 | L75: 5 | M75: =F75/V75*60 -> 2967.4334 | N75: =M75/L75 -> 593.48669 | O75: =L75-I75 -> 0 | P75: =N75-K75 -> -61.113312 | Q75: =N75/K75 -> 0.90664022 | S75: 0.43541667 | T75: 0.47127315 | U75: 5.55 | V75: 51.640585 | AE75: =M75-J75 -> -305.56656 | AF75: =M75/J75 -> 0.90664022
B89: 平均 | I89: =AVERAGE(I73:I88) -> 5.6666667 | J89: =AVERAGE(J73:J88) -> 2757.6667 | K89: =J89/I89 -> 486.64706 | L89: =AVERAGE(L73:L88) -> 5.6666667 | M89: =AVERAGE(M73:M88) -> 2497.4678 | N89: =M89/L89 -> 440.72962 | O89: =L89-I89 -> 0 | P89: =N89-K89 -> -45.91744 | Q89: =N89/K89 -> 0.90564529 | S89: 0.25 | T89: 0.47127315 | Y89: =SUM(Y73:Y88) -> 0 | Z89: =SUM(Z73:Z88) -> 0 | AC89: =SUM(AC73:AC88) -> 0 | AD89: =SUM(AD73:AD88) -> 0 | AE89: =M89-J89 -> -260.19883 | AF89: =M89/J89 -> 0.90564529
A90: 自動包裝機2 | B90: 4℃-壽司手卷 | C90: 鮪魚昆布細卷 | E90: 15.51 | F90: 2331 | G90: =E90*F90 -> 36153.81 | I90: 6 | J90: 4200 | K90: =J90/I90 -> 700 | L90: 6 | M90: =F90/V90*60 -> 3800.035 | N90: =M90/L90 -> 633.33916 | O90: =L90-I90 -> 0 | P90: =N90-K90 -> -66.660839 | Q90: =N90/K90 -> 0.90477023 | R90: =Q106 -> 0.90483815 | S90: 0.25 | T90: 0.27555556 | V90: 36.804924 | AE90: =M90-J90 -> -399.96503 | AF90: =M90/J90 -> 0.90477023 | AG90: =AF106 -> 0.90483815
B91: 4℃-壽司手卷 | C91: 肉鬆火腿細卷 | E91: 15.01 | F91: 2380 | G91: =E91*F91 -> 35723.8 | I91: 6 | J91: 4200 | K91: =J91/I91 -> 700 | L91: 6 | M91: =F91/V91*60 -> 3800.6055 | N91: =M91/L91 -> 633.43425 | O91: =L91-I91 -> 0 | P91: =N91-K91 -> -66.565751 | Q91: =N91/K91 -> 0.90490607 | S91: 0.27847222 | T91: 0.30456019 | U91: 5 | V91: 37.57296 | AE91: =M91-J91 -> -399.39451 | AF91: =M91/J91 -> 0.90490607
B106: 平均 | I106: =AVERAGE(I90:I105) -> 6 | J106: =AVERAGE(J90:J105) -> 4200 | K106: =J106/I106 -> 700 | L106: =AVERAGE(L90:L105) -> 6 | M106: =AVERAGE(M90:M105) -> 3800.3202 | N106: =M106/L106 -> 633.38671 | O106: =L106-I106 -> 0 | P106: =N106-K106 -> -66.613295 | Q106: =N106/K106 -> 0.90483815 | S106: 0.25 | T106: 0.30456019 | Y106: =SUM(Y90:Y105) -> 0 | Z106: =SUM(Z90:Z105) -> 0 | AC106: =SUM(AC90:AC105) -> 0 | AD106: =SUM(AD90:AD105) -> 0 | AE106: =M106-J106 -> -399.67977 | AF106: =M106/J106 -> 0.90483815
A107: 便當二線 (二配) | B107: 微波主食 | C107: 二配香烤魚排青醬燉飯 | E107: 58.17 | F107: 1607 | G107: =E107*F107 -> 93479.19 | I107: 18 | J107: 2000 | K107: =J107/I107 -> 111.11111 | L107: 17 | M107: =F107/V107*60 -> 1806 | N107: =M107/L107 -> 106.23529 | O107: =L107-I107 -> -1 | P107: =N107-K107 -> -4.875817 | Q107: =N107/K107 -> 0.95611765 | R107: =Q123 -> 0.95151548 | S107: 0.70833333 | T107: 0.74540509 | V107: 53.388704 | AE107: =M107-J107 -> -194 | AF107: =M107/J107 -> 0.903 | AG107: =AF123 -> 0.90313333
B108: 微波主食 | C108: 二配濃起司燻腸紅醬焗烤飯 | E108: 50.67 | F108: 1808 | G108: =E108*F108 -> 91611.36 | I108: 20 | J108: 2000 | K108: =J108/I108 -> 100 | L108: 19 | M108: =F108/V108*60 -> 1806 | N108: =M108/L108 -> 95.052632 | O108: =L108-I108 -> -1 | P108: =N108-K108 -> -4.9473684 | Q108: =N108/K108 -> 0.95052632 | S108: 0.74861111 | T108: 0.7903125 | U108: 4.6166667 | V108: 60.066445 | AE108: =M108-J108 -> -194 | AF108: =M108/J108 -> 0.903
B109: 微波主食 | C109: 二配西班牙風味海鮮燉飯 | E109: 57.3 | F109: 1380 | G109: =E109*F109 -> 79074 | I109: 21 | J109: 2000 | K109: =J109/I109 -> 95.238095 | L109: 20 | M109: =F109/V109*60 -> 1806.8 | N109: =M109/L109 -> 90.34 | O109: =L109-I109 -> -1 | P109: =N109-K109 -> -4.8980952 | Q109: =N109/K109 -> 0.94857 | S109: 0.79444444 | T109: 0.82626157 | U109: 5.95 | V109: 45.826876 | AE109: =M109-J109 -> -193.2 | AF109: =M109/J109 -> 0.9034
B123: 平均 | I123: =AVERAGE(I107:I122) -> 19.666667 | J123: =AVERAGE(J107:J122) -> 2000 | K123: =J123/I123 -> 101.69492 | L123: =AVERAGE(L107:L122) -> 18.666667 | M123: =AVERAGE(M107:M122) -> 1806.2667 | N123: =M123/L123 -> 96.764286 | O123: =L123-I123 -> -1 | P123: =N123-K123 -> -4.9306295 | Q123: =N123/K123 -> 0.95151548 | S123: 0.70833333 | T123: 0.82626157 | Y123: =SUM(Y107:Y122) -> 0 | Z123: =SUM(Z107:Z122) -> 0 | AC123: =SUM(AC107:AC122) -> 0 | AD123: =SUM(AD107:AD122) -> 0 | AE123: =M123-J123 -> -193.73333 | AF123: =M123/J123 -> 0.90313333
A124: 涼麵一線 (二配) | B124: 微波主食 | C124: 二配黃金雞排蘑菇白醬歐姆蛋飯 | E124: 56.87 | F124: 1626 | G124: =E124*F124 -> 92470.62 | I124: 23 | J124: 2000 | K124: =J124/I124 -> 86.956522 | L124: 23 | M124: =F124/V124*60 -> 1803.0186 | N124: =M124/L124 -> 78.392111 | O124: =L124-I124 -> 0 | P124: =N124-K124 -> -8.5644102 | Q124: =N124/K124 -> 0.90150928 | R124: =Q140 -> 0.90211063 | S124: 0.70833333 | T124: 0.74590278 | V124: 54.10926 | AE124: =M124-J124 -> -196.98144 | AF124: =M124/J124 -> 0.90150928 | AG124: =AF140 -> 0.90211063
B125: 微波主食 | C125: 二配里肌豬排可可咖哩歐姆蛋飯 | E125: 56.79 | F125: 2188 | G125: =E125*F125 -> 124256.52 | I125: 23 | J125: 2000 | K125: =J125/I125 -> 86.956522 | L125: 23 | M125: =F125/V125*60 -> 1802.5667 | N125: =M125/L125 -> 78.372466 | O125: =L125-I125 -> 0 | P125: =N125-K125 -> -8.5840557 | Q125: =N125/K125 -> 0.90128336 | S125: 0.75 | T125: 0.80056713 | U125: 5.9 | V125: 72.829482 | AE125: =M125-J125 -> -197.43328 | AF125: =M125/J125 -> 0.90128336
B126: 微波主食 | C126: 二配起司棉被海陸白醬焗烤飯 | E126: 47.6 | F126: 3144 | G126: =E126*F126 -> 149654.4 | I126: 23 | J126: 2000 | K126: =J126/I126 -> 86.956522 | L126: 23 | M126: =F126/V126*60 -> 1807.0785 | N126: =M126/L126 -> 78.568631 | O126: =L126-I126 -> 0 | P126: =N126-K126 -> -8.387891 | Q126: =N126/K126 -> 0.90353925 | S126: 0.80347222 | T126: 0.87596065 | U126: 5 | V126: 104.38949 | AE126: =M126-J126 -> -192.92149 | AF126: =M126/J126 -> 0.90353925
B140: 平均 | I140: =AVERAGE(I124:I139) -> 23 | J140: =AVERAGE(J124:J139) -> 2000 | K140: =J140/I140 -> 86.956522 | L140: =AVERAGE(L124:L139) -> 23 | M140: =AVERAGE(M124:M139) -> 1804.2213 | N140: =M140/L140 -> 78.444403 | O140: =L140-I140 -> 0 | P140: =N140-K140 -> -8.512119 | Q140: =N140/K140 -> 0.90211063 | S140: 0.70833333 | T140: 0.87596065 | Y140: =SUM(Y124:Y139) -> 0 | Z140: =SUM(Z124:Z139) -> 0 | AC140: =SUM(AC124:AC139) -> 0 | AD140: =SUM(AD124:AD139) -> 0 | AE140: =M140-J140 -> -195.77874 | AF140: =M140/J140 -> 0.90211063
AA142: 原因回覆
AA143: 1.當日出勤人數較多
AA144: 2.當日出勤人數較少
AA145: 3.當日出勤熟手較多
AA146: 4.當日出勤新人較多
AA147: 5.機台夾盒
AA148: 6.封膜不順
AA149: 7.更換膠膜
AA150: 8.更換碳帶
AA151: 9.當日熱轉印碳帶異常
AA152: 10.訂單量過少
AA153: 11.新品上市，尚未熟悉
AA154: 12.活動期間品項需貼標

Sheet 0927
B1: 屏榮 大溪廠組合室生產人時性分析
B3: 日期 | C3: 115.09.27星期日 | E3: 訂單量 | F3: ='0927(18度C)'!D1+'0927(4度C)'!D1 -> 116459 | H3: 營業額 | I3: ='0927(18度C)'!F1+'0927(4度C)'!F1 -> 3684589.2
B4: 人時性 | C4: 項目 | E4: ➀ | G4: ➁ | I4: ➂ | K4: ④ | M4: ⑤ | O4: 異常停線 | Q4: 短暫停線
C5: 組合室 | E5: 全溫層 | G5: 4度C-各編組展開(一配) | I5: 4度C-各編組展開(二配) | K5: 18度C-各編組展開(一配) | M5: 18度C-各編組展開(二配) | O5: 合計次數 | P5: 時間 | Q5: 合計次數 | R5: 設備次數
C6: 排關平均 | E6: =AVERAGE(D14:O14,D32:X32) -> 494.75508 | F6: =AVERAGE(#REF!,D14:K14) -> #REF! | G6: =AVERAGE(D14:K14) -> 272.39216 | I6: =AVERAGE(L14:O14) -> 94.325718 | K6: =AVERAGE(D32:O32) -> 805 | M6: =AVERAGE(P32:X32) -> 718.26923 | O6: ='0927(4度C)'!Y2 -> 0 | P6: ='0927(4度C)'!Z2 -> 0 | Q6: ='0927(4度C)'!AC2 -> 0 | R6: ='0927(4度C)'!AD2 -> 0
C7: 實績平均 | E7: =AVERAGE(D15:O15,D33:X33) -> 450.80475 | F7: =AVERAGE(#REF!,D15:K15) -> #REF! | G7: =AVERAGE(D15:K15) -> 246.22125 | I7: =AVERAGE(L15:O15) -> 87.598884 | K7: =AVERAGE(D33:O33) -> 735.92409 | M7: =AVERAGE(P33:X33) -> 654.16358
C8: 達成率平均 | E8: =AVERAGE(D16:O16,D34:X34) -> 0.90725481 | F8: =AVERAGE(D16:K16,#REF!) -> #REF! | G8: =AVERAGE(D16:K16) -> 0.9026146 | I8: =AVERAGE(L16:O16) -> 0.92674728 | K8: =AVERAGE(D34:O34) -> 0.90759404 | M8: =AVERAGE(P34:X34) -> 0.90412965
O9: ※現行日本鮮食廠以達成率80%為基本(即為現行KPI)
B11: 溫層 | D11: ➁4度C-各編組展開 | L11: ➂4度C-各編組展開
B12: 編組 | D12: 1 | E12: 2 | F12: 3 | G12: 4 | H12: 5 | I12: 6 | J12: 7 | K12: 8 | L12: 1 | M12: 2 | N12: 3 | O12: 4
D13: 便當一線 | E13: 便當二線 | F13: 涼麵一線 | G13: 涼麵二線 | H13: 涼麵三線 | I13: 自動包裝機 | J13: 自動包裝機2 | K13: 自動包裝機3 | L13: 便當一線 | M13: 便當二線 | N13: 涼麵一線 | O13: 涼麵二線
B14: 人時性 | C14: 排關 | D14: - | E14: 85.245902 | F14: 109.75309 | G14: 86.206897 | H14: 166.5 | I14: 486.64706 | J14: 700 | K14: - | L14: - | M14: 101.69492 | N14: 86.956522 | O14: -
C15: 實績 | D15: - | E15: 76.980202 | F15: 99.158293 | G15: 77.851517 | H15: 149.0858 | I15: 440.75997 | J15: 633.49171 | K15: - | L15: - | M15: 96.767857 | N15: 78.42991 | O15: -
C16: 達成率 | D16: - | E16: =E15/E14 -> 0.90303698 | F16: =F15/F14 -> 0.90346701 | G16: =G15/G14 -> 0.9030776 | H16: =H15/H14 -> 0.89541021 | I16: =I15/I14 -> 0.90570766 | J16: =J15/J14 -> 0.90498815 | K16: - | L16: - | M16: =M15/M14 -> 0.9515506 | N16: =N15/N14 -> 0.90194397 | O16: -
B17: 作業 時間 | C17: 開始 | D17: - | E17: 0.25 | F17: 0.29166667 | G17: 0.29166667 | H17: 0.29166667 | I17: 0.29166667 | J17: 0.29166667 | K17: - | L17: - | M17: 0.70833333 | N17: 0.70833333 | O17: -
C18: 結束 | D18: - | E18: 0.57237269 | F18: 0.56296296 | G18: 0.50998843 | H18: 0.55105324 | I18: 0.43019676 | J18: 0.32878472 | K18: - | L18: - | M18: 0.82403935 | N18: 0.85673611 | O18: -
B19: 產線異常 (5分鐘以上) | C19: 次數
C20: 時間/分
B21: 短暫停線 (5分鐘以下) | C21: 次數
C22: 設備次數
B23: 配置人數 | D23: - | E23: 20.333333 | F23: 20.5 | G23: 23.2 | H23: 20 | I23: 5.6666667 | J23: 6 | K23: - | L23: - | M23: 18.666667 | N23: 23 | O23: -
B24: 主要應用設備 | D24: L型封口機 | E24: ET-55 | F24: ET-55 | G24: ET-55 | H24: ET-600 | I24: 伺服包裝機 | J24: 伺服包裝機 | K24: 伺服包裝機 | L24: L型封口機 | M24: ET-55 | N24: ET-55 | O24: ET-55
B25: 次要應用設備 | D25: 伺服包裝機 | H25: 伺服包裝機
B26: 備註 | H26: 涼麵+烤飯糰 | I26: 大口飯糰線 | K26: 烤飯糰+手卷
B29: 溫層 | D29: ➃18度C-各編組展開 (一配) | P29: ⑤18度C-各編組展開 (二配)
B30: 編組 | D30: 1 | E30: 2 | F30: 3 | G30: 4 | H30: 5 | I30: 6 | J30: 7 | K30: 8 | L30: 9 | M30: 10 | N30: 11 | O30: 12 | P30: 1 | Q30: 2 | R30: 3 | S30: 4 | T30: 5 | U30: 6 | V30: 7 | W30: 8 | X30: 9
D31: 便當一線 | E31: 涼麵一線 | F31: 涼麵三線 | G31: 自動包裝機 | H31: 自動包裝機2 | I31: 自動包裝機3 | J31: 味付飯糰線B | K31: (舊) 3300型飯糰線 | L31: 3000型飯糰線 | M31: (新) 3300型飯糰機 | N31: GKK3600型 飯糰機 | O31: GKK3600型 飯糰機2 | P31: 自動包裝機 | Q31: 自動包裝機2 | R31: 自動包裝機3 | S31: 味付飯糰線B | T31: (舊) 3300型飯糰線 | U31: 3000型飯糰線 | V31: (新) 3300型飯糰機 | W31: GKK3600型 飯糰機 | X31: GKK3600型 飯糰機2
B32: 人時性 | C32: 排關 | D32: - | E32: - | F32: - | G32: 327.27273 | H32: - | I32: - | J32: - | K32: - | L32: - | M32: 1100 | N32: 920 | O32: 872.72727 | P32: 300 | Q32: - | R32: - | S32: - | T32: - | U32: - | V32: 750 | W32: 923.07692 | X32: 900
C33: 實績 | D33: - | E33: - | F33: - | G33: 287.39453 | H33: - | I33: - | J33: - | K33: - | L33: - | M33: 1021.6245 | N33: 842.28653 | O33: 792.39081 | P33: 259.96346 | Q33: - | R33: - | S33: - | T33: - | U33: - | V33: 696.78384 | W33: 842.85013 | X33: 817.05688
C34: 達成率 | D34: - | E34: - | F34: - | G34: =G33/G32 -> 0.87814996 | H34: - | I34: - | J34: - | K34: - | L34: - | M34: =M33/M32 -> 0.92874955 | N34: =N33/N32 -> 0.91552884 | O34: =O33/O32 -> 0.9079478 | P34: =P33/P32 -> 0.86654487 | Q34: - | R34: - | S34: - | T34: - | U34: - | V34: =V33/V32 -> 0.92904512 | W34: =W33/W32 -> 0.91308764 | X34: =X33/X32 -> 0.90784098
B35: 作業 時間 | C35: 開始 | D35: - | E35: - | F35: - | G35: 0.29166667 | H35: - | I35: - | J35: - | K35: - | L35: - | M35: 0.34583333 | N35: 0.25 | O35: 0.25 | P35: 0.73819444 | Q35: - | R35: - | S35: - | T35: - | U35: - | V35: 0.70833333 | W35: 0.73055556 | X35: 0.73055556
C36: 結束 | D36: - | E36: - | F36: - | G36: 0.43019676 | H36: - | I36: - | J36: - | K36: - | L36: - | M36: 0.35861111 | N36: 0.4218287 | O36: 0.41986111 | P36: 0.74958333 | Q36: - | R36: - | S36: - | T36: - | U36: - | V36: 0.71967593 | W36: 1.061713 | X36: 1.0813542
B37: 配置人數 | D37: - | E37: - | F37: - | G37: 11 | H37: - | I37: - | J37: - | K37: - | L37: - | M37: 3 | N37: 3.75 | O37: 4.125 | P37: 12 | Q37: - | R37: - | S37: - | T37: - | U37: - | V37: 4 | W37: 3.7142857 | X37: 4
B38: 主要應用設備 | D38: 伺服包裝機 | E38: ET-55 | F38: ET-600 | G38: 夾心型 | H38: 伺服包裝機 | I38: 伺服包裝機 | J38: 夾心型 | K38: 3300型 | L38: 3300型 | M38: 3300型 | N38: GKK | O38: GKK | P38: 夾心型 | Q38: 伺服包裝機 | R38: 伺服包裝機 | S38: 夾心型 | T38: 3300型 | U38: 3300型 | V38: 3300型 | W38: GKK | X38: GKK
B39: 次要應用設備
B40: 備註

Sheet 0927(18度C)
A1: 大溪廠日報分析 | C1: 總生產量 | D1: =SUM(F5:F140) -> 55777 | E1: 營業額 | F1: =SUM(G5:G140) -> 1087050.7 | G1: 出勤人數 | H1: =L21+L38+L55+L72+L89+L106+L123+L140 -> 45.589286 | I1: 產線配置圖 | L1: 生產實績 | O1: 人時性差異分析 | S1: 日報登錄 | Y1: 分析說明 | AA1: 產能差異分析
A2: 46292 | C2: 人時性 | D2: =AVERAGE(N21,N38,N55,N72,N89,N106,N123,N140) -> 695.04384 | E2: 平均廠價 | F2: =F1/D1 -> 19.489229 | G2: 多次生產數 | H2: =COUNT(H5:H140) -> 14
A3: 線別 | B3: 品類 | C3: 品名 | E3: 廠價 | F3: 生產量 | G3: 營收 | H3: 多次 生產 | I3: 人數 | J3: 產能/時 | K3: 人時性 | L3: 人數 | M3: 產能/時 | N3: 人時性 | O3: 人數 | P3: 人時性 | Q3: 達成率 | R3: 達成率 平均 | S3: 生產時間 | U3: 換線、休息/分 | V3: 稼動時間/分 | W3: 休息時間 | Y3: (屏榮回填) | AA3: 產能/時 | AB3: 達成率 | AC3: 達成率平均
S4: 開始 | T4: 結束 | W4: 開始 | X4: 結束
A5: 自動包裝機 | B5: 18℃-壽司手卷 | C5: 一配長野稻荷壽司 | E5: 25.64 | F5: 817 | G5: =E5*F5 -> 20947.88 | I5: 10 | J5: 3600 | K5: =J5/I5 -> 360 | L5: 10 | M5: =F5/V5*60 -> 3216.5296 | N5: =M5/L5 -> 321.65296 | O5: =L5-I5 -> 0 | P5: =N5-K5 -> -38.347045 | Q5: =N5/K5 -> 0.89348043 | R5: =Q21 -> 0.87814996 | S5: 0.29166667 | T5: 0.30224537 | V5: 15.240028 | AA5: =M5-J5 -> -383.47045 | AB5: =M5/J5 -> 0.89348043 | AC5: =AB21 -> 0.87814996
B6: 18℃-壽司手卷 | C6: 一配經典人氣雙手卷 | E6: 29.52 | F6: 1367 | G6: =E6*F6 -> 40353.84 | I6: 11 | J6: 3600 | K6: =J6/I6 -> 327.27273 | L6: 11 | M6: =F6/V6*60 -> 3157.1635 | N6: =M6/L6 -> 287.01486 | O6: =L6-I6 -> 0 | P6: =N6-K6 -> -40.257865 | Q6: =N6/K6 -> 0.87698986 | S6: 0.30555556 | T6: 0.32358796 | U6: 4.7666667 | V6: 25.979016 | AA6: =M6-J6 -> -442.83651 | AB6: =M6/J6 -> 0.87698986
B7: 18℃-壽司手卷 | C7: 一配鮭鮪海饌雙手卷 | E7: 29.85 | F7: 1660 | G7: =E7*F7 -> 49551 | I7: 11 | J7: 3600 | K7: =J7/I7 -> 327.27273 | L7: 11 | M7: =F7/V7*60 -> 3155.7514 | N7: =M7/L7 -> 286.88649 | O7: =L7-I7 -> 0 | P7: =N7-K7 -> -40.386233 | Q7: =N7/K7 -> 0.87659762 | S7: 0.32638889 | T7: 0.34829861 | U7: 5 | V7: 31.561421 | AA7: =M7-J7 -> -444.24856 | AB7: =M7/J7 -> 0.87659762
B8: 18℃-壽司手卷 | C8: 一配青木瓜雞絲泰泰雙手卷 | E8: 30 | F8: 130 | G8: =E8*F8 -> 3900 | I8: 11 | J8: 3600 | K8: =J8/I8 -> 327.27273 | L8: 11 | M8: =F8/V8*60 -> 3156.2673 | N8: =M8/L8 -> 286.93339 | O8: =L8-I8 -> 0 | P8: =N8-K8 -> -40.339337 | Q8: =N8/K8 -> 0.87674091 | S8: 0.35208333 | T8: 0.3537963 | U8: 5.45 | V8: 2.4712736 | AA8: =M8-J8 -> -443.73271 | AB8: =M8/J8 -> 0.87674091
B9: 18℃-飯糰 | C9: 一配兩粒飯糰(鮪魚.焦糖鮭魚) | E9: 28.57 | F9: 493 | G9: =E9*F9 -> 14085.01 | I9: 12 | J9: 3600 | K9: =J9/I9 -> 300 | L9: 12 | M9: =F9/V9*60 -> 3120.9875 | N9: =M9/L9 -> 260.08229 | O9: =L9-I9 -> 0 | P9: =N9-K9 -> -39.917712 | Q9: =N9/K9 -> 0.86694096 | S9: 0.35763889 | T9: 0.36421296 | U9: 5.5333333 | V9: 9.4777696 | AA9: =M9-J9 -> -479.01254 | AB9: =M9/J9 -> 0.86694096
B21: 平均 | I21: =AVERAGE(I5:I20) -> 11 | J21: =AVERAGE(J5:J20) -> 3600 | K21: =J21/I21 -> 327.27273 | L21: =AVERAGE(L5:L20) -> 11 | M21: =AVERAGE(M5:M20) -> 3161.3398 | N21: =M21/L21 -> 287.39453 | O21: =L21-I21 -> 0 | P21: =N21-K21 -> -39.878196 | Q21: =N21/K21 -> 0.87814996 | S21: 0.29166667 | T21: 0.43019676 | AA21: =M21-J21 -> -438.66016 | AB21: =M21/J21 -> 0.87814996
A22: (新) 3300型飯糰機 | B22: 18℃-飯糰 | C22: 一配鮭魚奶油醬油飯糰 | E22: 18.53 | F22: 940 | G22: =E22*F22 -> 17418.2 | I22: 3 | J22: 3300 | K22: =J22/I22 -> 1100 | L22: 3 | M22: =F22/V22*60 -> 3064.8735 | N22: =M22/L22 -> 1021.6245 | O22: =L22-I22 -> 0 | P22: =N22-K22 -> -78.375498 | Q22: =N22/K22 -> 0.92874955 | R22: =Q38 -> 0.92874955 | S22: 0.34583333 | T22: 0.35861111 | V22: 18.402065 | AA22: =M22-J22 -> -235.12649 | AB22: =M22/J22 -> 0.92874955 | AC22: =AB38 -> 0.92874955
B38: 平均 | I38: =AVERAGE(I22:I37) -> 3 | J38: =AVERAGE(J22:J37) -> 3300 | K38: =J38/I38 -> 1100 | L38: =AVERAGE(L22:L37) -> 3 | M38: =AVERAGE(M22:M37) -> 3064.8735 | N38: =M38/L38 -> 1021.6245 | O38: =L38-I38 -> 0 | P38: =N38-K38 -> -78.375498 | Q38: =N38/K38 -> 0.92874955 | S38: 0.34583333 | T38: 0.35861111 | AA38: =M38-J38 -> -235.12649 | AB38: =M38/J38 -> 0.92874955
A39: GKK3600型 飯糰機 | B39: 18℃-飯糰 | C39: 一配北海道秋鮭親子飯糰 | E39: 24.82 | F39: 476 | G39: =E39*F39 -> 11814.32 | I39: 5 | J39: 3600 | K39: =J39/I39 -> 720 | L39: 5 | M39: =F39/V39*60 -> 3273.1736 | N39: =M39/L39 -> 654.63471 | O39: =L39-I39 -> 0 | P39: =N39-K39 -> -65.365287 | Q39: =N39/K39 -> 0.90921488 | R39: =Q55 -> 0.91552884 | S39: 0.25 | T39: 0.25605324 | V39: 8.7254768 | AA39: =M39-J39 -> -326.82643 | AB39: =M39/J39 -> 0.90921488 | AC39: =AB55 -> 0.91552884
B40: 18℃-飯糰 | C40: 一配熟成紅鮭飯糰 | E40: 25.03 | F40: 328 | G40: =E40*F40 -> 8209.84 | I40: 5 | J40: 3600 | K40: =J40/I40 -> 720 | L40: 5 | M40: =F40/V40*60 -> 3267.4252 | N40: =M40/L40 -> 653.48504 | O40: =L40-I40 -> 0 | P40: =N40-K40 -> -66.514962 | Q40: =N40/K40 -> 0.90761811 | S40: 0.26527778 | T40: 0.26945602 | U40: 13.283333 | V40: 6.0230912 | AA40: =M40-J40 -> -332.57481 | AB40: =M40/J40 -> 0.90761811
B41: 18℃-飯糰 | C41: 一配生鱈魚子鮭魚飯糰 | E41: 23.8 | F41: 463 | G41: =E41*F41 -> 11019.4 | I41: 4 | J41: 3600 | K41: =J41/I41 -> 900 | L41: 4 | M41: =F41/V41*60 -> 3268.8681 | N41: =M41/L41 -> 817.21704 | O41: =L41-I41 -> 0 | P41: =N41-K41 -> -82.782963 | Q41: =N41/K41 -> 0.90801893 | S41: 0.27916667 | T41: 0.28505787 | U41: 13.983333 | V41: 8.4983544 | AA41: =M41-J41 -> -331.13185 | AB41: =M41/J41 -> 0.90801893
B42: 18℃-飯糰 | C42: 一配筋子銀鮭飯糰 | E42: 30 | F42: 411 | G42: =E42*F42 -> 12330 | I42: 4 | J42: 3300 | K42: =J42/I42 -> 825 | L42: 4 | M42: =F42/V42*60 -> 3068.7613 | N42: =M42/L42 -> 767.19032 | O42: =L42-I42 -> 0 | P42: =N42-K42 -> -57.80968 | Q42: =N42/K42 -> 0.92992766 | S42: 0.29444444 | T42: 0.30002315 | U42: 13.516667 | V42: 8.0358157 | AA42: =M42-J42 -> -231.23872 | AB42: =M42/J42 -> 0.92992766
B43: 18℃-飯糰 | C43: 一配蔬食鮪魚飯糰 | E43: 18.18 | F43: 516 | G43: =E43*F43 -> 9380.88 | I43: 3 | J43: 3600 | K43: =J43/I43 -> 1200 | L43: 3 | M43: =F43/V43*60 -> 3266.6494 | N43: =M43/L43 -> 1088.8831 | O43: =L43-I43 -> 0 | P43: =N43-K43 -> -111.11688 | Q43: =N43/K43 -> 0.9074026 | S43: 0.30972222 | T43: 0.3162963 | U43: 13.966667 | V43: 9.4776013 | AA43: =M43-J43 -> -333.35065 | AB43: =M43/J43 -> 0.9074026
B44: 18℃-飯糰 | C44: 一配黑胡椒洋蔥豬飯糰 | E44: 17.07 | F44: 786 | G44: =E44*F44 -> 13417.02 | I44: 3 | J44: 3300 | K44: =J44/I44 -> 1100 | L44: 3 | M44: =F44/V44*60 -> 3068.2426 | N44: =M44/L44 -> 1022.7475 | O44: =L44-I44 -> 0 | P44: =N44-K44 -> -77.252473 | Q44: =N44/K44 -> 0.92977048 | S44: 0.32569444 | T44: 0.33636574 | U44: 13.533333 | V44: 15.370362 | AA44: =M44-J44 -> -231.75742 | AB44: =M44/J44 -> 0.92977048
B45: 18℃-飯糰 | C45: 一配經典肉鬆飯糰 | E45: 14.03 | F45: 2215 | G45: =E45*F45 -> 31076.45 | I45: 3 | J45: 3000 | K45: =J45/I45 -> 1000 | L45: 3 | M45: =F45/V45*60 -> 2787.6468 | N45: =M45/L45 -> 929.21561 | O45: =L45-I45 -> 0 | P45: =N45-K45 -> -70.784386 | Q45: =N45/K45 -> 0.92921561 | S45: 0.34583333 | T45: 0.37893519 | U45: 13.633333 | V45: 47.674619 | AA45: =M45-J45 -> -212.35316 | AB45: =M45/J45 -> 0.92921561
B46: 18℃-飯糰 | C46: 一配鮪魚飯糰 | E46: 14.28 | F46: 2638 | G46: =E46*F46 -> 37670.64 | I46: 3 | J46: 3600 | K46: =J46/I46 -> 1200 | L46: 3 | M46: =F46/V46*60 -> 3267.829 | N46: =M46/L46 -> 1089.2763 | O46: =L46-I46 -> 0 | P46: =N46-K46 -> -110.72368 | Q46: =N46/K46 -> 0.90773027 | S46: 0.38819444 | T46: 0.4218287 | U46: 13.333333 | V46: 48.435827 | AA46: =M46-J46 -> -332.17103 | AB46: =M46/J46 -> 0.90773027
B55: 平均 | I55: =AVERAGE(I39:I54) -> 3.75 | J55: =AVERAGE(J39:J54) -> 3450 | K55: =J55/I55 -> 920 | L55: =AVERAGE(L39:L54) -> 3.75 | M55: =AVERAGE(M39:M54) -> 3158.5745 | N55: =M55/L55 -> 842.28653 | O55: =L55-I55 -> 0 | P55: =N55-K55 -> -77.713469 | Q55: =N55/K55 -> 0.91552884 | S55: 0.25 | T55: 0.4218287 | AA55: =M55-J55 -> -291.42551 | AB55: =M55/J55 -> 0.91552884
A56: GKK3600型 飯糰機2 | B56: 18℃-飯糰 | C56: 一配明太子龍蝦風味沙拉飯糰 | E56: 18.18 | F56: 907 | G56: =E56*F56 -> 16489.26 | I56: 3 | J56: 3600 | K56: =J56/I56 -> 1200 | L56: 3 | M56: =F56/V56*60 -> 3269.5981 | N56: =M56/L56 -> 1089.866 | O56: =L56-I56 -> 0 | P56: =N56-K56 -> -110.13396 | Q56: =N56/K56 -> 0.9082217 | R56: =Q72 -> 0.9079478 | S56: 0.25 | T56: 0.26155093 | V56: 16.644247 | AA56: =M56-J56 -> -330.40187 | AB56: =M56/J56 -> 0.9082217 | AC56: =AB72 -> 0.9079478
B57: 18℃-飯糰 | C57: 一配椒鹽檸檬鯖魚飯糰 | E57: 20.72 | F57: 414 | G57: =E57*F57 -> 8578.08 | I57: 3 | J57: 3600 | K57: =J57/I57 -> 1200 | L57: 3 | M57: =F57/V57*60 -> 3268.9759 | N57: =M57/L57 -> 1089.6586 | O57: =L57-I57 -> 0 | P57: =N57-K57 -> -110.34137 | Q57: =N57/K57 -> 0.90804886 | S57: 0.27083333 | T57: 0.27609954 | U57: 13.366667 | V57: 7.5987101 | AA57: =M57-J57 -> -331.02411 | AB57: =M57/J57 -> 0.90804886
B58: 18℃-飯糰 | C58: 一配贅沢鮭魚肚飯糰 | E58: 30 | F58: 585 | G58: =E58*F58 -> 17550 | I58: 4 | J58: 3600 | K58: =J58/I58 -> 900 | L58: 4 | M58: =F58/V58*60 -> 3266.8827 | N58: =M58/L58 -> 816.72068 | O58: =L58-I58 -> 0 | P58: =N58-K58 -> -83.279324 | Q58: =N58/K58 -> 0.90746742 | S58: 0.28541667 | T58: 0.29287037 | U58: 13.416667 | V58: 10.744187 | AA58: =M58-J58 -> -333.1173 | AB58: =M58/J58 -> 0.90746742
B59: 18℃-飯糰 | C59: 一配卵黃牛挽肉飯糰 | E59: 24.76 | F59: 809 | G59: =E59*F59 -> 20030.84 | I59: 4 | J59: 3600 | K59: =J59/I59 -> 900 | L59: 4 | M59: =F59/V59*60 -> 3268.1151 | N59: =M59/L59 -> 817.02877 | O59: =L59-I59 -> 0 | P59: =N59-K59 -> -82.971226 | Q59: =N59/K59 -> 0.90780975 | S59: 0.30208333 | T59: 0.31239583 | U59: 13.266667 | V59: 14.852598 | AA59: =M59-J59 -> -331.88491 | AB59: =M59/J59 -> 0.90780975
B60: 18℃-飯糰 | C60: 一配鹽蔥燒肉飯糰 | E60: 17.89 | F60: 1322 | G60: =E60*F60 -> 23650.58 | I60: 4 | J60: 3600 | K60: =J60/I60 -> 900 | L60: 4 | M60: =F60/V60*60 -> 3268.9177 | N60: =M60/L60 -> 817.22943 | O60: =L60-I60 -> 0 | P60: =N60-K60 -> -82.770567 | Q60: =N60/K60 -> 0.9080327 | S60: 0.32152778 | T60: 0.33836806 | U60: 13.15 | V60: 24.264912 | AA60: =M60-J60 -> -331.08227 | AB60: =M60/J60 -> 0.9080327
B61: 18℃-飯糰 | C61: 一配醬燒炙烤牛飯糰 | E61: 22.32 | F61: 1127 | G61: =E61*F61 -> 25154.64 | I61: 5 | J61: 3600 | K61: =J61/I61 -> 720 | L61: 5 | M61: =F61/V61*60 -> 3268.3056 | N61: =M61/L61 -> 653.66112 | O61: =L61-I61 -> 0 | P61: =N61-K61 -> -66.338876 | Q61: =N61/K61 -> 0.90786267 | S61: 0.34791667 | T61: 0.36228009 | U61: 13.75 | V61: 20.68962 | AA61: =M61-J61 -> -331.69438 | AB61: =M61/J61 -> 0.90786267
B62: 18℃-飯糰 | C62: 一配鹽蔥生鮭飯糰 | E62: 27.48 | F62: 832 | G62: =E62*F62 -> 22863.36 | I62: 5 | J62: 3600 | K62: =J62/I62 -> 720 | L62: 5 | M62: =F62/V62*60 -> 3269.7828 | N62: =M62/L62 -> 653.95656 | O62: =L62-I62 -> 0 | P62: =N62-K62 -> -66.043436 | Q62: =N62/K62 -> 0.90827301 | S62: 0.37152778 | T62: 0.38212963 | U62: 13.316667 | V62: 15.267069 | AA62: =M62-J62 -> -330.21718 | AB62: =M62/J62 -> 0.90827301
B63: 18℃-飯糰 | C63: 一配雞肉飯飯糰 | E63: 16.66 | F63: 2212 | G63: =E63*F63 -> 36851.92 | I63: 5 | J63: 3600 | K63: =J63/I63 -> 720 | L63: 5 | M63: =F63/V63*60 -> 3268.3187 | N63: =M63/L63 -> 653.66374 | O63: =L63-I63 -> 0 | P63: =N63-K63 -> -66.336263 | Q63: =N63/K63 -> 0.9078663 | S63: 0.39166667 | T63: 0.41986111 | U63: 13.733333 | V63: 40.608035 | AA63: =M63-J63 -> -331.68131 | AB63: =M63/J63 -> 0.9078663
B72: 平均 | I72: =AVERAGE(I56:I71) -> 4.125 | J72: =AVERAGE(J56:J71) -> 3600 | K72: =J72/I72 -> 872.72727 | L72: =AVERAGE(L56:L71) -> 4.125 | M72: =AVERAGE(M56:M71) -> 3268.6121 | N72: =M72/L72 -> 792.39081 | O72: =L72-I72 -> 0 | P72: =N72-K72 -> -80.336464 | Q72: =N72/K72 -> 0.9079478 | S72: 0.25 | T72: 0.41986111 | AA72: =M72-J72 -> -331.38791 | AB72: =M72/J72 -> 0.9079478
A73: 自動包裝機 (二配) | B73: 18℃-飯糰 | C73: 二配兩粒飯糰(鮪魚.焦糖鮭魚) | E73: 28.57 | F73: 853 | G73: =E73*F73 -> 24370.21 | I73: 12 | J73: 3600 | K73: =J73/I73 -> 300 | L73: 12 | M73: =F73/V73*60 -> 3119.5615 | N73: =M73/L73 -> 259.96346 | O73: =L73-I73 -> 0 | P73: =N73-K73 -> -40.03654 | Q73: =N73/K73 -> 0.86654487 | R73: =Q89 -> 0.86654487 | S73: 0.73819444 | T73: 0.74958333 | V73: 16.406152 | AA73: =M73-J73 -> -480.43848 | AB73: =M73/J73 -> 0.86654487 | AC73: =AB89 -> 0.86654487
B89: 平均 | I89: =AVERAGE(I73:I88) -> 12 | J89: =AVERAGE(J73:J88) -> 3600 | K89: =J89/I89 -> 300 | L89: =AVERAGE(L73:L88) -> 12 | M89: =AVERAGE(M73:M88) -> 3119.5615 | N89: =M89/L89 -> 259.96346 | O89: =L89-I89 -> 0 | P89: =N89-K89 -> -40.03654 | Q89: =N89/K89 -> 0.86654487 | S89: 0.73819444 | T89: 0.74958333 | AA89: =M89-J89 -> -480.43848 | AB89: =M89/J89 -> 0.86654487
A90: (新) 3300型飯糰機 (二配) | B90: 18℃-飯糰 | C90: 二配大飯糰韓式蒜烤豬五花 | E90: 24.54 | F90: 759 | G90: =E90*F90 -> 18625.86 | I90: 4 | J90: 3000 | K90: =J90/I90 -> 750 | L90: 4 | M90: =F90/V90*60 -> 2787.1354 | N90: =M90/L90 -> 696.78384 | O90: =L90-I90 -> 0 | P90: =N90-K90 -> -53.216159 | Q90: =N90/K90 -> 0.92904512 | R90: =Q106 -> 0.92904512 | S90: 0.70833333 | T90: 0.71967593 | V90: 16.339357 | AA90: =M90-J90 -> -212.86464 | AB90: =M90/J90 -> 0.92904512 | AC90: =AB106 -> 0.92904512
B106: 平均 | I106: =AVERAGE(I90:I105) -> 4 | J106: =AVERAGE(J90:J105) -> 3000 | K106: =J106/I106 -> 750 | L106: =AVERAGE(L90:L105) -> 4 | M106: =AVERAGE(M90:M105) -> 2787.1354 | N106: =M106/L106 -> 696.78384 | O106: =L106-I106 -> 0 | P106: =N106-K106 -> -53.216159 | Q106: =N106/K106 -> 0.92904512 | S106: 0.70833333 | T106: 0.71967593 | AA106: =M106-J106 -> -212.86464 | AB106: =M106/J106 -> 0.92904512
A107: GKK3600型 飯糰機 (二配) | B107: 18℃-飯糰 | C107: 二配經典肉鬆飯糰 | E107: 14.03 | F107: 294 | G107: =E107*F107 -> 4124.82 | H107: 2 | I107: 3 | J107: 3000 | K107: =J107/I107 -> 1000 | L107: 3 | M107: =F107/V107*60 -> 2785.1475 | N107: =M107/L107 -> 928.38249 | O107: =L107-I107 -> 0 | P107: =N107-K107 -> -71.61751 | Q107: =N107/K107 -> 0.92838249 | R107: =Q123 -> 0.91308764 | S107: 0.73055556 | T107: 0.7349537 | V107: 6.3335964 | AA107: =M107-J107 -> -214.85253 | AB107: =M107/J107 -> 0.92838249 | AC107: =AB123 -> 0.91308764
B108: 18℃-飯糰 | C108: 二配芝麻香鬆飯糰 | E108: 18.18 | F108: 536 | G108: =E108*F108 -> 9744.48 | H108: 2 | I108: 3 | J108: 3000 | K108: =J108/I108 -> 1000 | L108: 3 | M108: =F108/V108*60 -> 2785.8538 | N108: =M108/L108 -> 928.61794 | O108: =L108-I108 -> 0 | P108: =N108-K108 -> -71.38206 | Q108: =N108/K108 -> 0.92861794 | S108: 0.74444444 | T108: 0.7524537 | U108: 13.666667 | V108: 11.544037 | AA108: =M108-J108 -> -214.14618 | AB108: =M108/J108 -> 0.92861794
B109: 18℃-飯糰 | C109: 二配蔬食鮪魚飯糰 | E109: 18.18 | F109: 327 | G109: =E109*F109 -> 5944.86 | H109: 2 | I109: 3 | J109: 3600 | K109: =J109/I109 -> 1200 | L109: 3 | M109: =F109/V109*60 -> 3271.5967 | N109: =M109/L109 -> 1090.5322 | O109: =L109-I109 -> 0 | P109: =N109-K109 -> -109.46775 | Q109: =N109/K109 -> 0.90877687 | S109: 0.76180556 | T109: 0.76596065 | U109: 13.466667 | V109: 5.9970716 | AA109: =M109-J109 -> -328.40325 | AB109: =M109/J109 -> 0.90877687
B110: 18℃-飯糰 | C110: 二配三杯醬爆菇菇飯糰 | E110: 16.7 | F110: 386 | G110: =E110*F110 -> 6446.2 | H110: 2 | I110: 3 | J110: 3600 | K110: =J110/I110 -> 1200 | L110: 3 | M110: =F110/V110*60 -> 3266.6446 | N110: =M110/L110 -> 1088.8815 | O110: =L110-I110 -> 0 | P110: =N110-K110 -> -111.11848 | Q110: =N110/K110 -> 0.90740127 | S110: 0.775 | T110: 0.77991898 | U110: 13.016667 | V110: 7.0898439 | AA110: =M110-J110 -> -333.35543 | AB110: =M110/J110 -> 0.90740127
B111: 18℃-飯糰 | C111: 二配贅沢鮭魚肚飯糰 | E111: 30 | F111: 647 | G111: =E111*F111 -> 19410 | H111: 2 | I111: 4 | J111: 3600 | K111: =J111/I111 -> 900 | L111: 4 | M111: =F111/V111*60 -> 3267.5891 | N111: =M111/L111 -> 816.89729 | O111: =L111-I111 -> 0 | P111: =N111-K111 -> -83.102713 | Q111: =N111/K111 -> 0.90766365 | S111: 0.78958333 | T111: 0.79782407 | U111: 13.916667 | V111: 11.880319 | AA111: =M111-J111 -> -332.41085 | AB111: =M111/J111 -> 0.90766365
B112: 18℃-飯糰 | C112: 二配熟成紅鮭飯糰 | E112: 25.03 | F112: 428 | G112: =E112*F112 -> 10712.84 | H112: 2 | I112: 5 | J112: 3600 | K112: =J112/I112 -> 720 | L112: 5 | M112: =F112/V112*60 -> 3268.0673 | N112: =M112/L112 -> 653.61345 | O112: =L112-I112 -> 0 | P112: =N112-K112 -> -66.386546 | Q112: =N112/K112 -> 0.90779646 | S112: 0.80694444 | T112: 0.81239583 | U112: 13.133333 | V112: 7.8578554 | AA112: =M112-J112 -> -331.93273 | AB112: =M112/J112 -> 0.90779646
B113: 18℃-飯糰 | C113: 二配雞肉飯飯糰 | E113: 16.66 | F113: 2001 | G113: =E113*F113 -> 33336.66 | H113: 2 | I113: 5 | J113: 3600 | K113: =J113/I113 -> 720 | L113: 5 | M113: =F113/V113*60 -> 3269.2044 | N113: =M113/L113 -> 653.84087 | O113: =L113-I113 -> 0 | P113: =N113-K113 -> -66.159126 | Q113: =N113/K113 -> 0.90811232 | S113: 0.82152778 | T113: 0.84702546 | U113: 13.15 | V113: 36.724532 | AA113: =M113-J113 -> -330.79563 | AB113: =M113/J113 -> 0.90811232
B114: 18℃-飯糰 | C114: 二配芝麻香鬆飯糰 | E114: 18.18 | F114: 703 | G114: =E114*F114 -> 12780.54 | I114: 3 | J114: 3000 | K114: =J114/I114 -> 1000 | L114: 3 | M114: =F114/V114*60 -> 2785.8538 | N114: =M114/L114 -> 928.61794 | O114: =L114-I114 -> 0 | P114: =N114-K114 -> -71.38206 | Q114: =N114/K114 -> 0.92861794 | S114: 0.85625 | T114: 0.86675926 | U114: 13.283333 | V114: 15.14078 | AA114: =M114-J114 -> -214.14618 | AB114: =M114/J114 -> 0.92861794
B115: 18℃-飯糰 | C115: 二配蔬食鮪魚飯糰 | E115: 18.18 | F115: 432 | G115: =E115*F115 -> 7853.76 | I115: 3 | J115: 3600 | K115: =J115/I115 -> 1200 | L115: 3 | M115: =F115/V115*60 -> 3271.5967 | N115: =M115/L115 -> 1090.5322 | O115: =L115-I115 -> 0 | P115: =N115-K115 -> -109.46775 | Q115: =N115/K115 -> 0.90877687 | S115: 0.87638889 | T115: 0.88188657 | U115: 13.866667 | V115: 7.9227368 | AA115: =M115-J115 -> -328.40325 | AB115: =M115/J115 -> 0.90877687
B116: 18℃-飯糰 | C116: 二配三杯醬爆菇菇飯糰 | E116: 16.7 | F116: 540 | G116: =E116*F116 -> 9018 | I116: 3 | J116: 3600 | K116: =J116/I116 -> 1200 | L116: 3 | M116: =F116/V116*60 -> 3266.6446 | N116: =M116/L116 -> 1088.8815 | O116: =L116-I116 -> 0 | P116: =N116-K116 -> -111.11848 | Q116: =N116/K116 -> 0.90740127 | S116: 0.89097222 | T116: 0.8978588 | U116: 13.083333 | V116: 9.9184344 | AA116: =M116-J116 -> -333.35543 | AB116: =M116/J116 -> 0.90740127
B117: 18℃-飯糰 | C117: 二配贅沢鮭魚肚飯糰 | E117: 30 | F117: 812 | G117: =E117*F117 -> 24360 | I117: 4 | J117: 3600 | K117: =J117/I117 -> 900 | L117: 4 | M117: =F117/V117*60 -> 3267.5891 | N117: =M117/L117 -> 816.89729 | O117: =L117-I117 -> 0 | P117: =N117-K117 -> -83.102713 | Q117: =N117/K117 -> 0.90766365 | S117: 0.90694444 | T117: 0.91729167 | U117: 13.083333 | V117: 14.910075 | AA117: =M117-J117 -> -332.41085 | AB117: =M117/J117 -> 0.90766365
B118: 18℃-飯糰 | C118: 二配熟成紅鮭飯糰 | E118: 25.03 | F118: 454 | G118: =E118*F118 -> 11363.62 | I118: 5 | J118: 3600 | K118: =J118/I118 -> 720 | L118: 5 | M118: =F118/V118*60 -> 3268.0673 | N118: =M118/L118 -> 653.61345 | O118: =L118-I118 -> 0 | P118: =N118-K118 -> -66.386546 | Q118: =N118/K118 -> 0.90779646 | S118: 0.92638889 | T118: 0.93217593 | U118: 13.1 | V118: 8.3352017 | AA118: =M118-J118 -> -331.93273 | AB118: =M118/J118 -> 0.90779646
B119: 18℃-飯糰 | C119: 二配經典肉鬆飯糰 | E119: 14.03 | F119: 4719 | G119: =E119*F119 -> 66207.57 | I119: 3 | J119: 3000 | K119: =J119/I119 -> 1000 | L119: 3 | M119: =F119/V119*60 -> 2785.1475 | N119: =M119/L119 -> 928.38249 | O119: =L119-I119 -> 0 | P119: =N119-K119 -> -71.61751 | Q119: =N119/K119 -> 0.92838249 | S119: 0.94166667 | T119: 1.0122569 | U119: 13.666667 | V119: 101.66069 | AA119: =M119-J119 -> -214.85253 | AB119: =M119/J119 -> 0.92838249
B120: 18℃-飯糰 | C120: 二配雞肉飯飯糰 | E120: 16.66 | F120: 3153 | G120: =E120*F120 -> 52528.98 | I120: 5 | J120: 3600 | K120: =J120/I120 -> 720 | L120: 5 | M120: =F120/V120*60 -> 3269.2044 | N120: =M120/L120 -> 653.84087 | O120: =L120-I120 -> 0 | P120: =N120-K120 -> -66.159126 | Q120: =N120/K120 -> 0.90811232 | S120: 1.0215278 | T120: 1.061713 | U120: 13.35 | V120: 57.867291 | AA120: =M120-J120 -> -330.79563 | AB120: =M120/J120 -> 0.90811232
B123: 平均 | I123: =AVERAGE(I107:I122) -> 3.7142857 | J123: =AVERAGE(J107:J122) -> 3428.5714 | K123: =J123/I123 -> 923.07692 | L123: =AVERAGE(L107:L122) -> 3.7142857 | M123: =AVERAGE(M107:M122) -> 3130.5862 | N123: =M123/L123 -> 842.85013 | O123: =L123-I123 -> 0 | P123: =N123-K123 -> -80.226793 | Q123: =N123/K123 -> 0.91308764 | S123: 0.73055556 | T123: 1.061713 | AA123: =M123-J123 -> -297.98523 | AB123: =M123/J123 -> 0.91308764
A124: GKK3600型 飯糰機2 (二配) | B124: 18℃-飯糰 | C124: 二配鮪魚飯糰 | E124: 14.28 | F124: 335 | G124: =E124*F124 -> 4783.8 | H124: 2 | I124: 3 | J124: 3600 | K124: =J124/I124 -> 1200 | L124: 3 | M124: =F124/V124*60 -> 3270.1209 | N124: =M124/L124 -> 1090.0403 | O124: =L124-I124 -> 0 | P124: =N124-K124 -> -109.9597 | Q124: =N124/K124 -> 0.90836691 | R124: =Q140 -> 0.90784098 | S124: 0.73055556 | T124: 0.73481481 | V124: 6.1465618 | AA124: =M124-J124 -> -329.87911 | AB124: =M124/J124 -> 0.90836691 | AC124: =AB140 -> 0.90784098
B125: 18℃-飯糰 | C125: 二配生鱈魚子鮭魚飯糰 | E125: 23.8 | F125: 382 | G125: =E125*F125 -> 9091.6 | H125: 2 | I125: 4 | J125: 3600 | K125: =J125/I125 -> 900 | L125: 4 | M125: =F125/V125*60 -> 3271.397 | N125: =M125/L125 -> 817.84924 | O125: =L125-I125 -> 0 | P125: =N125-K125 -> -82.15076 | Q125: =N125/K125 -> 0.90872138 | S125: 0.74513889 | T125: 0.75 | U125: 14.866667 | V125: 7.0061812 | AA125: =M125-J125 -> -328.60304 | AB125: =M125/J125 -> 0.90872138
B126: 18℃-飯糰 | C126: 二配北海道秋鮭親子飯糰 | E126: 24.82 | F126: 638 | G126: =E126*F126 -> 15835.16 | H126: 2 | I126: 5 | J126: 3600 | K126: =J126/I126 -> 720 | L126: 5 | M126: =F126/V126*60 -> 3268.0805 | N126: =M126/L126 -> 653.6161 | O126: =L126-I126 -> 0 | P126: =N126-K126 -> -66.383899 | Q126: =N126/K126 -> 0.90780014 | S126: 0.76041667 | T126: 0.76854167 | U126: 15 | V126: 11.713298 | AA126: =M126-J126 -> -331.91949 | AB126: =M126/J126 -> 0.90780014
B127: 18℃-飯糰 | C127: 二配卵黃牛挽肉飯糰 | E127: 24.76 | F127: 551 | G127: =E127*F127 -> 13642.76 | H127: 2 | I127: 4 | J127: 3600 | K127: =J127/I127 -> 900 | L127: 4 | M127: =F127/V127*60 -> 3265.7459 | N127: =M127/L127 -> 816.43647 | O127: =L127-I127 -> 0 | P127: =N127-K127 -> -83.563529 | Q127: =N127/K127 -> 0.90715163 | S127: 0.77777778 | T127: 0.78480324 | U127: 13.3 | V127: 10.123262 | AA127: =M127-J127 -> -334.25412 | AB127: =M127/J127 -> 0.90715163
B128: 18℃-飯糰 | C128: 二配醬燒炙烤牛飯糰 | E128: 22.32 | F128: 681 | G128: =E128*F128 -> 15199.92 | H128: 2 | I128: 5 | J128: 3600 | K128: =J128/I128 -> 720 | L128: 5 | M128: =F128/V128*60 -> 3265.6438 | N128: =M128/L128 -> 653.12876 | O128: =L128-I128 -> 0 | P128: =N128-K128 -> -66.871235 | Q128: =N128/K128 -> 0.90712328 | S128: 0.79513889 | T128: 0.80381944 | U128: 14.883333 | V128: 12.512081 | AA128: =M128-J128 -> -334.35618 | AB128: =M128/J128 -> 0.90712328
B129: 18℃-飯糰 | C129: 二配明太子龍蝦風味沙拉飯糰 | E129: 18.18 | F129: 912 | G129: =E129*F129 -> 16580.16 | H129: 2 | I129: 3 | J129: 3600 | K129: =J129/I129 -> 1200 | L129: 3 | M129: =F129/V129*60 -> 3266.1647 | N129: =M129/L129 -> 1088.7216 | O129: =L129-I129 -> 0 | P129: =N129-K129 -> -111.27843 | Q129: =N129/K129 -> 0.90726798 | S129: 0.81388889 | T129: 0.82552083 | U129: 14.5 | V129: 16.753595 | AA129: =M129-J129 -> -333.83528 | AB129: =M129/J129 -> 0.90726798
B130: 18℃-飯糰 | C130: 二配鹽蔥燒肉飯糰 | E130: 17.89 | F130: 1330 | G130: =E130*F130 -> 23793.7 | H130: 2 | I130: 4 | J130: 3600 | K130: =J130/I130 -> 900 | L130: 4 | M130: =F130/V130*60 -> 3270.4399 | N130: =M130/L130 -> 817.60998 | O130: =L130-I130 -> 0 | P130: =N130-K130 -> -82.390016 | Q130: =N130/K130 -> 0.90845554 | S130: 0.83541667 | T130: 0.85236111 | U130: 14.25 | V130: 24.400387 | AA130: =M130-J130 -> -329.56006 | AB130: =M130/J130 -> 0.90845554
B131: 18℃-飯糰 | C131: 二配生鱈魚子鮭魚飯糰 | E131: 23.8 | F131: 387 | G131: =E131*F131 -> 9210.6 | I131: 4 | J131: 3600 | K131: =J131/I131 -> 900 | L131: 4 | M131: =F131/V131*60 -> 3271.397 | N131: =M131/L131 -> 817.84924 | O131: =L131-I131 -> 0 | P131: =N131-K131 -> -82.15076 | Q131: =N131/K131 -> 0.90872138 | S131: 0.8625 | T131: 0.86741898 | U131: 14.6 | V131: 7.0978852 | AA131: =M131-J131 -> -328.60304 | AB131: =M131/J131 -> 0.90872138
B132: 18℃-飯糰 | C132: 二配北海道秋鮭親子飯糰 | E132: 24.82 | F132: 771 | G132: =E132*F132 -> 19136.22 | I132: 5 | J132: 3600 | K132: =J132/I132 -> 720 | L132: 5 | M132: =F132/V132*60 -> 3268.0805 | N132: =M132/L132 -> 653.6161 | O132: =L132-I132 -> 0 | P132: =N132-K132 -> -66.383899 | Q132: =N132/K132 -> 0.90780014 | S132: 0.87777778 | T132: 0.88760417 | U132: 14.916667 | V132: 14.155098 | AA132: =M132-J132 -> -331.91949 | AB132: =M132/J132 -> 0.90780014
B133: 18℃-飯糰 | C133: 二配卵黃牛挽肉飯糰 | E133: 24.76 | F133: 719 | G133: =E133*F133 -> 17802.44 | I133: 4 | J133: 3600 | K133: =J133/I133 -> 900 | L133: 4 | M133: =F133/V133*60 -> 3265.7459 | N133: =M133/L133 -> 816.43647 | O133: =L133-I133 -> 0 | P133: =N133-K133 -> -83.563529 | Q133: =N133/K133 -> 0.90715163 | S133: 0.89791667 | T133: 0.90708333 | U133: 14.85 | V133: 13.209846 | AA133: =M133-J133 -> -334.25412 | AB133: =M133/J133 -> 0.90715163
B134: 18℃-飯糰 | C134: 二配醬燒炙烤牛飯糰 | E134: 22.32 | F134: 1085 | G134: =E134*F134 -> 24217.2 | I134: 5 | J134: 3600 | K134: =J134/I134 -> 720 | L134: 5 | M134: =F134/V134*60 -> 3265.6438 | N134: =M134/L134 -> 653.12876 | O134: =L134-I134 -> 0 | P134: =N134-K134 -> -66.871235 | Q134: =N134/K134 -> 0.90712328 | S134: 0.91736111 | T134: 0.9312037 | U134: 14.8 | V134: 19.934813 | AA134: =M134-J134 -> -334.35618 | AB134: =M134/J134 -> 0.90712328
B135: 18℃-飯糰 | C135: 二配明太子龍蝦風味沙拉飯糰 | E135: 18.18 | F135: 1422 | G135: =E135*F135 -> 25851.96 | I135: 3 | J135: 3600 | K135: =J135/I135 -> 1200 | L135: 3 | M135: =F135/V135*60 -> 3266.1647 | N135: =M135/L135 -> 1088.7216 | O135: =L135-I135 -> 0 | P135: =N135-K135 -> -111.27843 | Q135: =N135/K135 -> 0.90726798 | S135: 0.94097222 | T135: 0.9591088 | U135: 14.066667 | V135: 26.122381 | AA135: =M135-J135 -> -333.83528 | AB135: =M135/J135 -> 0.90726798
B136: 18℃-飯糰 | C136: 二配鹽蔥燒肉飯糰 | E136: 17.89 | F136: 2068 | G136: =E136*F136 -> 36996.52 | I136: 4 | J136: 3600 | K136: =J136/I136 -> 900 | L136: 4 | M136: =F136/V136*60 -> 3270.4399 | N136: =M136/L136 -> 817.60998 | O136: =L136-I136 -> 0 | P136: =N136-K136 -> -82.390016 | Q136: =N136/K136 -> 0.90845554 | S136: 0.96875 | T136: 0.99509259 | U136: 13.883333 | V136: 37.93985 | AA136: =M136-J136 -> -329.56006 | AB136: =M136/J136 -> 0.90845554
B137: 18℃-飯糰 | C137: 二配鮪魚飯糰 | E137: 14.28 | F137: 6004 | G137: =E137*F137 -> 85737.12 | I137: 3 | J137: 3600 | K137: =J137/I137 -> 1200 | L137: 3 | M137: =F137/V137*60 -> 3270.1209 | N137: =M137/L137 -> 1090.0403 | O137: =L137-I137 -> 0 | P137: =N137-K137 -> -109.9597 | Q137: =N137/K137 -> 0.90836691 | S137: 1.0048611 | T137: 1.0813542 | U137: 14.066667 | V137: 110.16106 | AA137: =M137-J137 -> -329.87911 | AB137: =M137/J137 -> 0.90836691
B140: 平均 | I140: =AVERAGE(I124:I139) -> 4 | J140: =AVERAGE(J124:J139) -> 3600 | K140: =J140/I140 -> 900 | L140: =AVERAGE(L124:L139) -> 4 | M140: =AVERAGE(M124:M139) -> 3268.2275 | N140: =M140/L140 -> 817.05688 | O140: =L140-I140 -> 0 | P140: =N140-K140 -> -82.943117 | Q140: =N140/K140 -> 0.90784098 | S140: 0.73055556 | T140: 1.0813542 | AA140: =M140-J140 -> -331.77247 | AB140: =M140/J140 -> 0.90784098
Y142: 原因回覆
Y143: 1.當日出勤人數較多
Y144: 2.當日出勤人數較少
Y145: 3.當日出勤熟手較多
Y146: 4.當日出勤新人較多
Y147: 5.機台夾盒
Y148: 6.封膜不順
Y149: 7.更換膠膜
Y150: 8.更換碳帶
Y151: 9.當日熱轉印碳帶異常
Y152: 10.訂單量過少
Y153: 11.新品上市，尚未熟悉
Y154: 12.活動期間品項需貼標

Sheet 0927(4度C)
A1: 大溪廠日報分析 | C1: 總生產量 | D1: =SUM(F5:F140) -> 60682 | E1: 營業額 | F1: =SUM(G5:G140) -> 2597538.5 | G1: 出勤人數 | H1: =L21+L38+L55+L72+L89+L106+L123+L140 -> 137.36667 | I1: 產線配置圖 | L1: 生產實績 | O1: 人時性差異分析 | S1: 日報登錄 | Y1: 合計次數 | Z1: 合計(時間/分) | AA1: 產線異常 分析說明(5分鐘以上) | AC1: 合計次數 | AD1: 合計(時間/分) | AE1: 產能差異分析
A2: 46292 | C2: 人時性 | D2: =AVERAGE(N21,N38,N55,N72,N89,N106,N123,N140) -> 206.56566 | E2: 平均廠價 | F2: =F1/D1 -> 42.80575 | G2: 多次生產數 | H2: =COUNT(H5:H140) -> 0 | Y2: =SUM(Y21,Y38,Y55,Y72,Y89,Y106,Y123,Y140) -> 0 | Z2: =SUM(Z21,Z38,Z55,Z72,Z89,Z106,Z123,Z140) -> 0 | AC2: =SUM(AC21,AC38,AC55,AC72,AC89,AC106,AC123,AC140) -> 0 | AD2: =SUM(AD21,AD38,AD55,AD72,AD89,AD106,AD123,AD140) -> 0
A3: 線別 | B3: 品類 | C3: 品名 | E3: 廠價 | F3: 生產量 | G3: 營收 | H3: 多次 生產 | I3: 人數 | J3: 產能/時 | K3: 人時性 | L3: 人數 | M3: 產能/時 | N3: 人時性 | O3: 人數 | P3: 人時性 | Q3: 達成率 | R3: 達成率 平均 | S3: 生產時間 | U3: 換線、休息/分 | V3: 稼動時間/分 | W3: 休息時間 | Y3: 產線異常統計(5分鐘以上) | AA3: (屏榮回填) | AC3: 短暫停線統計(5分鐘以下) | AE3: 產能/時 | AF3: 達成率 | AG3: 達成率平均
S4: 開始 | T4: 結束 | W4: 開始 | X4: 結束 | Y4: 次數 | Z4: 時間/分 | AC4: 總次數 | AD4: 設備因素(次數)
A5: 便當二線 | B5: 微波小吃 | C5: 日式茶碗蒸 | E5: 19.7 | F5: 3333 | G5: =E5*F5 -> 65660.1 | I5: 13 | J5: 1200 | K5: =J5/I5 -> 92.307692 | L5: 13 | M5: =F5/V5*60 -> 1086.2073 | N5: =M5/L5 -> 83.554407 | O5: =L5-I5 -> 0 | P5: =N5-K5 -> -8.7532855 | Q5: =N5/K5 -> 0.90517274 | R5: =Q21 -> 0.90303698 | S5: 0.25 | T5: 0.37784722 | V5: 184.10851 | AE5: =M5-J5 -> -113.79271 | AF5: =M5/J5 -> 0.90517274 | AG5: =AF21 -> 0.90303698
B6: 微波主食 | C6: 糖燻野郎三十天熟成牛飯 | E6: 56.43 | F6: 3522 | G6: =E6*F6 -> 198746.46 | I6: 24 | J6: 2000 | K6: =J6/I6 -> 83.333333 | L6: 24 | M6: =F6/V6*60 -> 1805.1548 | N6: =M6/L6 -> 75.214784 | O6: =L6-I6 -> 0 | P6: =N6-K6 -> -8.1185491 | Q6: =N6/K6 -> 0.90257741 | S6: 0.38194444 | T6: 0.46322917 | U6: 5.9 | V6: 117.06475 | W6: 0.46322917 | X6: 0.50208333 | AE6: =M6-J6 -> -194.84518 | AF6: =M6/J6 -> 0.90257741
B7: 便當 | C7: 健身G肉餐盒 | E7: 59.52 | F7: 3044 | G7: =E7*F7 -> 181178.88 | I7: 24 | J7: 2000 | K7: =J7/I7 -> 83.333333 | L7: 24 | M7: =F7/V7*60 -> 1804.4302 | N7: =M7/L7 -> 75.184591 | O7: =L7-I7 -> 0 | P7: =N7-K7 -> -8.1487421 | Q7: =N7/K7 -> 0.90221509 | S7: 0.50208333 | T7: 0.57237269 | U7: 55.95 | V7: 101.21755 | AE7: =M7-J7 -> -195.56981 | AF7: =M7/J7 -> 0.90221509
B21: 平均 | I21: =AVERAGE(I5:I20) -> 20.333333 | J21: =AVERAGE(J5:J20) -> 1733.3333 | K21: =J21/I21 -> 85.245902 | L21: =AVERAGE(L5:L20) -> 20.333333 | M21: =AVERAGE(M5:M20) -> 1565.2641 | N21: =M21/L21 -> 76.980202 | O21: =L21-I21 -> 0 | P21: =N21-K21 -> -8.2657 | Q21: =N21/K21 -> 0.90303698 | S21: 0.25 | T21: 0.57237269 | Y21: =SUM(Y5:Y20) -> 0 | Z21: =SUM(Z5:Z20) -> 0 | AC21: =SUM(AC5:AC20) -> 0 | AD21: =SUM(AD5:AD20) -> 0 | AE21: =M21-J21 -> -168.06923 | AF21: =M21/J21 -> 0.90303698
A22: 涼麵一線 | B22: 4℃-飯糰 | C22: 里肌肉蛋紫米飯糰 | E22: 29.87 | F22: 5561 | G22: =E22*F22 -> 166107.07 | I22: 21 | J22: 2790 | K22: =J22/I22 -> 132.85714 | L22: 22 | M22: =F22/V22*60 -> 2626.6346 | N22: =M22/L22 -> 119.39248 | O22: =L22-I22 -> 1 | P22: =N22-K22 -> -13.46466 | Q22: =N22/K22 -> 0.89865309 | R22: =Q38 -> 0.90346701 | S22: 0.29166667 | T22: 0.37987269 | V22: 127.02947 | AE22: =M22-J22 -> -163.36538 | AF22: =M22/J22 -> 0.9414461 | AG22: =AF38 -> 0.91462092
B23: 4℃-壽司手卷 | C23: 海陸雙拼壽司 | E23: 36.45 | F23: 1548 | G23: =E23*F23 -> 56424.6 | I23: 20 | J23: 2100 | K23: =J23/I23 -> 105 | L23: 20 | M23: =F23/V23*60 -> 1892.8583 | N23: =M23/L23 -> 94.642917 | O23: =L23-I23 -> 0 | P23: =N23-K23 -> -10.357083 | Q23: =N23/K23 -> 0.90136112 | S23: 0.38402778 | T23: 0.41810185 | U23: 5.9833333 | V23: 49.068648 | AE23: =M23-J23 -> -207.14166 | AF23: =M23/J23 -> 0.90136112
B24: 便當 | C24: 懷舊滷雙拼便當 | E24: 61.09 | F24: 2307 | G24: =E24*F24 -> 140934.63 | I24: 20 | J24: 2000 | K24: =J24/I24 -> 100 | L24: 20 | M24: =F24/V24*60 -> 1806.0427 | N24: =M24/L24 -> 90.302133 | O24: =L24-I24 -> 0 | P24: =N24-K24 -> -9.6978669 | Q24: =N24/K24 -> 0.90302133 | S24: 0.42152778 | T24: 0.47474537 | U24: 4.9333333 | V24: 76.642708 | W24: 0.47474537 | X24: 0.51319444 | AE24: =M24-J24 -> -193.95734 | AF24: =M24/J24 -> 0.90302133
B25: 便當 | C25: 香腸腿排雙拼便當 | E25: 53.76 | F25: 2157 | G25: =E25*F25 -> 115960.32 | I25: 20 | J25: 2000 | K25: =J25/I25 -> 100 | L25: 20 | M25: =F25/V25*60 -> 1805.4444 | N25: =M25/L25 -> 90.272219 | O25: =L25-I25 -> 0 | P25: =N25-K25 -> -9.7277806 | Q25: =N25/K25 -> 0.90272219 | S25: 0.51319444 | T25: 0.56296296 | U25: 55.366667 | V25: 71.683183 | AE25: =M25-J25 -> -194.55561 | AF25: =M25/J25 -> 0.90272219
B38: 平均 | I38: =AVERAGE(I22:I37) -> 20.25 | J38: =AVERAGE(J22:J37) -> 2222.5 | K38: =J38/I38 -> 109.75309 | L38: =AVERAGE(L22:L37) -> 20.5 | M38: =AVERAGE(M22:M37) -> 2032.745 | N38: =M38/L38 -> 99.158293 | O38: =L38-I38 -> 0.25 | P38: =N38-K38 -> -10.594794 | Q38: =N38/K38 -> 0.90346701 | S38: 0.29166667 | T38: 0.56296296 | Y38: =SUM(Y22:Y37) -> 0 | Z38: =SUM(Z22:Z37) -> 0 | AC38: =SUM(AC22:AC37) -> 0 | AD38: =SUM(AD22:AD37) -> 0 | AE38: =M38-J38 -> -189.755 | AF38: =M38/J38 -> 0.91462092
A39: 涼麵二線 | B39: 便當 | C39: 蔬活腿排補力餐盒 | E39: 71.55 | F39: 1684 | G39: =E39*F39 -> 120490.2 | I39: 22 | J39: 2000 | K39: =J39/I39 -> 90.909091 | L39: 22 | M39: =F39/V39*60 -> 1807.2186 | N39: =M39/L39 -> 82.1463 | O39: =L39-I39 -> 0 | P39: =N39-K39 -> -8.7627912 | Q39: =N39/K39 -> 0.9036093 | R39: =Q55 -> 0.9030776 | S39: 0.29166667 | T39: 0.33048611 | V39: 55.909119 | AE39: =M39-J39 -> -192.78141 | AF39: =M39/J39 -> 0.9036093 | AG39: =AF55 -> 0.9030776
B40: 便當 | C40: 海陸雙拼肉肉餐盒 | E40: 59.54 | F40: 1669 | G40: =E40*F40 -> 99372.26 | I40: 23 | J40: 2000 | K40: =J40/I40 -> 86.956522 | L40: 23 | M40: =F40/V40*60 -> 1807.0274 | N40: =M40/L40 -> 78.566408 | O40: =L40-I40 -> 0 | P40: =N40-K40 -> -8.3901135 | Q40: =N40/K40 -> 0.90351369 | S40: 0.33402778 | T40: 0.37251157 | U40: 5.1 | V40: 55.41698 | AE40: =M40-J40 -> -192.97261 | AF40: =M40/J40 -> 0.90351369
B41: 便當 | C41: 烤蛋白餐盒 | E41: 58.67 | F41: 2787 | G41: =E41*F41 -> 163513.29 | I41: 23 | J41: 2000 | K41: =J41/I41 -> 86.956522 | L41: 23 | M41: =F41/V41*60 -> 1804.3094 | N41: =M41/L41 -> 78.448233 | O41: =L41-I41 -> 0 | P41: =N41-K41 -> -8.5082886 | Q41: =N41/K41 -> 0.90215468 | S41: 0.37638889 | T41: 0.44074074 | U41: 5.5833333 | V41: 92.67812 | AE41: =M41-J41 -> -195.69064 | AF41: =M41/J41 -> 0.90215468
B42: 便當 | C42: 香烤鱈魚輕蔬餐盒 | E42: 69.26 | F42: 373 | G42: =E42*F42 -> 25833.98 | I42: 24 | J42: 2000 | K42: =J42/I42 -> 83.333333 | L42: 24 | M42: =F42/V42*60 -> 1803.1152 | N42: =M42/L42 -> 75.1298 | O42: =L42-I42 -> 0 | P42: =N42-K42 -> -8.2035336 | Q42: =N42/K42 -> 0.9015576 | S42: 0.44444444 | T42: 0.45305556 | U42: 5.3333333 | V42: 12.411853 | W42: 0.45305556 | X42: 0.49097222 | AE42: =M42-J42 -> -196.88481 | AF42: =M42/J42 -> 0.9015576
B43: 便當 | C43: 地中海布格麥烤魚餐盒 | E43: 63.92 | F43: 826 | G43: =E43*F43 -> 52797.92 | I43: 24 | J43: 2000 | K43: =J43/I43 -> 83.333333 | L43: 24 | M43: =F43/V43*60 -> 1809.1054 | N43: =M43/L43 -> 75.379393 | O43: =L43-I43 -> 0 | P43: =N43-K43 -> -7.9539401 | Q43: =N43/K43 -> 0.90455272 | S43: 0.49097222 | T43: 0.50998843 | U43: 54.6 | V43: 27.394755 | AE43: =M43-J43 -> -190.89456 | AF43: =M43/J43 -> 0.90455272
B55: 平均 | I55: =AVERAGE(I39:I54) -> 23.2 | J55: =AVERAGE(J39:J54) -> 2000 | K55: =J55/I55 -> 86.206897 | L55: =AVERAGE(L39:L54) -> 23.2 | M55: =AVERAGE(M39:M54) -> 1806.1552 | N55: =M55/L55 -> 77.851517 | O55: =L55-I55 -> 0 | P55: =N55-K55 -> -8.3553795 | Q55: =N55/K55 -> 0.9030776 | S55: 0.29166667 | T55: 0.50998843 | Y55: =SUM(Y39:Y54) -> 0 | Z55: =SUM(Z39:Z54) -> 0 | AC55: =SUM(AC39:AC54) -> 0 | AD55: =SUM(AD39:AD54) -> 0 | AE55: =M55-J55 -> -193.8448 | AF55: =M55/J55 -> 0.9030776
A56: 涼麵三線 | B56: 季節調理麵 | C56: 和風涓絲冷麵 | E56: 28.86 | F56: 1389 | G56: =E56*F56 -> 40086.54 | I56: 18 | J56: 3600 | K56: =J56/I56 -> 200 | L56: 18 | M56: =F56/V56*60 -> 3195.3135 | N56: =M56/L56 -> 177.51742 | O56: =L56-I56 -> 0 | P56: =N56-K56 -> -22.482585 | Q56: =N56/K56 -> 0.88758708 | R56: =Q72 -> 0.89541021 | S56: 0.29166667 | T56: 0.30976852 | V56: 26.081948 | AE56: =M56-J56 -> -404.68653 | AF56: =M56/J56 -> 0.88758708 | AG56: =AF72 -> 0.89541021
B57: 季節調理麵 | C57: 韓式泡菜冷麵 | E57: 36.73 | F57: 735 | G57: =E57*F57 -> 26996.55 | I57: 21 | J57: 3600 | K57: =J57/I57 -> 171.42857 | L57: 21 | M57: =F57/V57*60 -> 3193.1474 | N57: =M57/L57 -> 152.05464 | O57: =L57-I57 -> 0 | P57: =N57-K57 -> -19.373933 | Q57: =N57/K57 -> 0.88698539 | S57: 0.31319444 | T57: 0.32277778 | U57: 4.9333333 | V57: 13.810825 | AE57: =M57-J57 -> -406.85258 | AF57: =M57/J57 -> 0.88698539
B58: 季節調理麵 | C58: 大滿足麻醬涼麵 | E58: 37.8 | F58: 4181 | G58: =E58*F58 -> 158041.8 | I58: 20 | J58: 3600 | K58: =J58/I58 -> 180 | L58: 20 | M58: =F58/V58*60 -> 3270.4489 | N58: =M58/L58 -> 163.52245 | O58: =L58-I58 -> 0 | P58: =N58-K58 -> -16.477554 | Q58: =N58/K58 -> 0.90845803 | S58: 0.32638889 | T58: 0.37965278 | U58: 5.2 | V58: 76.705066 | AE58: =M58-J58 -> -329.55108 | AF58: =M58/J58 -> 0.90845803
B59: 季節調理麵 | C59: 大滿足香辣涼麵 | E59: 38.48 | F59: 3428 | G59: =E59*F59 -> 131909.44 | I59: 19 | J59: 3600 | K59: =J59/I59 -> 189.47368 | L59: 19 | M59: =F59/V59*60 -> 3263.04 | N59: =M59/L59 -> 171.73895 | O59: =L59-I59 -> 0 | P59: =N59-K59 -> -17.734737 | Q59: =N59/K59 -> 0.9064 | S59: 0.38333333 | T59: 0.42709491 | U59: 5.3 | V59: 63.033245 | AE59: =M59-J59 -> -336.96 | AF59: =M59/J59 -> 0.9064
B60: 4℃-飯糰 | C60: 經典傳統飯糰 | E60: 24.35 | F60: 2713 | G60: =E60*F60 -> 66061.55 | I60: 21 | J60: 2790 | K60: =J60/I60 -> 132.85714 | L60: 21 | M60: =F60/V60*60 -> 2484.1731 | N60: =M60/L60 -> 118.29396 | O60: =L60-I60 -> 0 | P60: =N60-K60 -> -14.563187 | Q60: =N60/K60 -> 0.89038462 | S60: 0.43125 | T60: 0.47674769 | U60: 5.9833333 | V60: 65.526835 | W60: 0.47674769 | X60: 0.51458333 | AE60: =M60-J60 -> -305.82692 | AF60: =M60/J60 -> 0.89038462
B61: 4℃-飯糰 | C61: 麻油雞飯糰 | E61: 29.97 | F61: 2175 | G61: =E61*F61 -> 65184.75 | I61: 21 | J61: 2790 | K61: =J61/I61 -> 132.85714 | L61: 21 | M61: =F61/V61*60 -> 2484.1731 | N61: =M61/L61 -> 118.29396 | O61: =L61-I61 -> 0 | P61: =N61-K61 -> -14.563187 | Q61: =N61/K61 -> 0.89038462 | S61: 0.51458333 | T61: 0.55105324 | U61: 55 | V61: 52.532572 | AE61: =M61-J61 -> -305.82692 | AF61: =M61/J61 -> 0.89038462
B72: 平均 | I72: =AVERAGE(I56:I71) -> 20 | J72: =AVERAGE(J56:J71) -> 3330 | K72: =J72/I72 -> 166.5 | L72: =AVERAGE(L56:L71) -> 20 | M72: =AVERAGE(M56:M71) -> 2981.716 | N72: =M72/L72 -> 149.0858 | O72: =L72-I72 -> 0 | P72: =N72-K72 -> -17.4142 | Q72: =N72/K72 -> 0.89541021 | S72: 0.29166667 | T72: 0.55105324 | Y72: =SUM(Y56:Y71) -> 0 | Z72: =SUM(Z56:Z71) -> 0 | AC72: =SUM(AC56:AC71) -> 0 | AD72: =SUM(AD56:AD71) -> 0 | AE72: =M72-J72 -> -348.28401 | AF72: =M72/J72 -> 0.89541021
A73: 自動包裝機 | B73: 4℃-壽司手卷 | C73: 生菜鮮蝦脆卷 | E73: 22.83 | F73: 1543 | G73: =E73*F73 -> 35226.69 | I73: 6 | J73: 2500 | K73: =J73/I73 -> 416.66667 | L73: 6 | M73: =F73/V73*60 -> 2261.8816 | N73: =M73/L73 -> 376.98026 | O73: =L73-I73 -> 0 | P73: =N73-K73 -> -39.686407 | Q73: =N73/K73 -> 0.90475262 | R73: =Q89 -> 0.90570766 | S73: 0.36736111 | T73: 0.39577546 | U73: 4.5333333 | V73: 40.930525 | AE73: =M73-J73 -> -238.11844 | AF73: =M73/J73 -> 0.90475262 | AG73: =AF89 -> 0.90570766
B74: 4℃-壽司手卷 | C74: 蔥花生鮪魚脆卷 | E74: 23.19 | F74: 542 | G74: =E74*F74 -> 12568.98 | I74: 6 | J74: 2500 | K74: =J74/I74 -> 416.66667 | L74: 6 | M74: =F74/V74*60 -> 2264.9137 | N74: =M74/L74 -> 377.48561 | O74: =L74-I74 -> 0 | P74: =N74-K74 -> -39.181057 | Q74: =N74/K74 -> 0.90596546 | S74: 0.39930556 | T74: 0.40927083 | U74: 5.0833333 | V74: 14.358163 | AE74: =M74-J74 -> -235.08634 | AF74: =M74/J74 -> 0.90596546
B75: 4℃-壽司手卷 | C75: 香濃明太子嫩雞飯卷 | E75: 35.89 | F75: 1260 | G75: =E75*F75 -> 45221.4 | I75: 5 | J75: 3273 | K75: =J75/I75 -> 654.6 | L75: 5 | M75: =F75/V75*60 -> 2966.1242 | N75: =M75/L75 -> 593.22485 | O75: =L75-I75 -> 0 | P75: =N75-K75 -> -61.375152 | Q75: =N75/K75 -> 0.90624022 | S75: 0.4125 | T75: 0.43019676 | U75: 4.65 | V75: 25.487806 | AE75: =M75-J75 -> -306.87576 | AF75: =M75/J75 -> 0.90624022
B89: 平均 | I89: =AVERAGE(I73:I88) -> 5.6666667 | J89: =AVERAGE(J73:J88) -> 2757.6667 | K89: =J89/I89 -> 486.64706 | L89: =AVERAGE(L73:L88) -> 5.6666667 | M89: =AVERAGE(M73:M88) -> 2497.6398 | N89: =M89/L89 -> 440.75997 | O89: =L89-I89 -> 0 | P89: =N89-K89 -> -45.887091 | Q89: =N89/K89 -> 0.90570766 | S89: 0.29166667 | T89: 0.43019676 | Y89: =SUM(Y73:Y88) -> 0 | Z89: =SUM(Z73:Z88) -> 0 | AC89: =SUM(AC73:AC88) -> 0 | AD89: =SUM(AD73:AD88) -> 0 | AE89: =M89-J89 -> -260.02685 | AF89: =M89/J89 -> 0.90570766
A90: 自動包裝機2 | B90: 4℃-壽司手卷 | C90: 鮪魚昆布細卷 | E90: 15.51 | F90: 1482 | G90: =E90*F90 -> 22985.82 | I90: 6 | J90: 4200 | K90: =J90/I90 -> 700 | L90: 6 | M90: =F90/V90*60 -> 3799.615 | N90: =M90/L90 -> 633.26916 | O90: =L90-I90 -> 0 | P90: =N90-K90 -> -66.730839 | Q90: =N90/K90 -> 0.90467023 | R90: =Q106 -> 0.90498815 | S90: 0.29166667 | T90: 0.30791667 | V90: 23.402371 | AE90: =M90-J90 -> -400.38503 | AF90: =M90/J90 -> 0.90467023 | AG90: =AF106 -> 0.90498815
B91: 4℃-壽司手卷 | C91: 肉鬆火腿細卷 | E91: 15.01 | F91: 1613 | G91: =E91*F91 -> 24211.13 | I91: 6 | J91: 4200 | K91: =J91/I91 -> 700 | L91: 6 | M91: =F91/V91*60 -> 3802.2855 | N91: =M91/L91 -> 633.71425 | O91: =L91-I91 -> 0 | P91: =N91-K91 -> -66.285751 | Q91: =N91/K91 -> 0.90530607 | S91: 0.31111111 | T91: 0.32878472 | U91: 4.6 | V91: 25.453112 | AE91: =M91-J91 -> -397.71451 | AF91: =M91/J91 -> 0.90530607
B106: 平均 | I106: =AVERAGE(I90:I105) -> 6 | J106: =AVERAGE(J90:J105) -> 4200 | K106: =J106/I106 -> 700 | L106: =AVERAGE(L90:L105) -> 6 | M106: =AVERAGE(M90:M105) -> 3800.9502 | N106: =M106/L106 -> 633.49171 | O106: =L106-I106 -> 0 | P106: =N106-K106 -> -66.508295 | Q106: =N106/K106 -> 0.90498815 | S106: 0.29166667 | T106: 0.32878472 | Y106: =SUM(Y90:Y105) -> 0 | Z106: =SUM(Z90:Z105) -> 0 | AC106: =SUM(AC90:AC105) -> 0 | AD106: =SUM(AD90:AD105) -> 0 | AE106: =M106-J106 -> -399.04977 | AF106: =M106/J106 -> 0.90498815
A107: 便當二線 (二配) | B107: 微波主食 | C107: 二配香烤魚排青醬燉飯 | E107: 58.17 | F107: 1570 | G107: =E107*F107 -> 91326.9 | I107: 18 | J107: 2000 | K107: =J107/I107 -> 111.11111 | L107: 17 | M107: =F107/V107*60 -> 1806.2 | N107: =M107/L107 -> 106.24706 | O107: =L107-I107 -> -1 | P107: =N107-K107 -> -4.8640523 | Q107: =N107/K107 -> 0.95622353 | R107: =Q123 -> 0.9515506 | S107: 0.70833333 | T107: 0.74454861 | V107: 52.153693 | AE107: =M107-J107 -> -193.8 | AF107: =M107/J107 -> 0.9031 | AG107: =AF123 -> 0.90316667
B108: 微波主食 | C108: 二配濃起司燻腸紅醬焗烤飯 | E108: 50.67 | F108: 1775 | G108: =E108*F108 -> 89939.25 | I108: 20 | J108: 2000 | K108: =J108/I108 -> 100 | L108: 19 | M108: =F108/V108*60 -> 1806 | N108: =M108/L108 -> 95.052632 | O108: =L108-I108 -> -1 | P108: =N108-K108 -> -4.9473684 | Q108: =N108/K108 -> 0.95052632 | S108: 0.74861111 | T108: 0.78956019 | U108: 5.85 | V108: 58.9701 | AE108: =M108-J108 -> -194 | AF108: =M108/J108 -> 0.903
B109: 微波主食 | C109: 二配西班牙風味海鮮燉飯 | E109: 57.3 | F109: 1344 | G109: =E109*F109 -> 77011.2 | I109: 21 | J109: 2000 | K109: =J109/I109 -> 95.238095 | L109: 20 | M109: =F109/V109*60 -> 1806.8 | N109: =M109/L109 -> 90.34 | O109: =L109-I109 -> -1 | P109: =N109-K109 -> -4.8980952 | Q109: =N109/K109 -> 0.94857 | S109: 0.79305556 | T109: 0.82403935 | U109: 5.0333333 | V109: 44.631393 | AE109: =M109-J109 -> -193.2 | AF109: =M109/J109 -> 0.9034
B123: 平均 | I123: =AVERAGE(I107:I122) -> 19.666667 | J123: =AVERAGE(J107:J122) -> 2000 | K123: =J123/I123 -> 101.69492 | L123: =AVERAGE(L107:L122) -> 18.666667 | M123: =AVERAGE(M107:M122) -> 1806.3333 | N123: =M123/L123 -> 96.767857 | O123: =L123-I123 -> -1 | P123: =N123-K123 -> -4.9270581 | Q123: =N123/K123 -> 0.9515506 | S123: 0.70833333 | T123: 0.82403935 | Y123: =SUM(Y107:Y122) -> 0 | Z123: =SUM(Z107:Z122) -> 0 | AC123: =SUM(AC107:AC122) -> 0 | AD123: =SUM(AD107:AD122) -> 0 | AE123: =M123-J123 -> -193.66667 | AF123: =M123/J123 -> 0.90316667
A124: 涼麵一線 (二配) | B124: 微波主食 | C124: 二配黃金雞排蘑菇白醬歐姆蛋飯 | E124: 56.87 | F124: 1514 | G124: =E124*F124 -> 86101.18 | I124: 23 | J124: 2000 | K124: =J124/I124 -> 86.956522 | L124: 23 | M124: =F124/V124*60 -> 1802.0186 | N124: =M124/L124 -> 78.348633 | O124: =L124-I124 -> 0 | P124: =N124-K124 -> -8.6078885 | Q124: =N124/K124 -> 0.90100928 | R124: =Q140 -> 0.90194397 | S124: 0.70833333 | T124: 0.74333333 | V124: 50.410136 | AE124: =M124-J124 -> -197.98144 | AF124: =M124/J124 -> 0.90100928 | AG124: =AF140 -> 0.90194397
