Workbook

Sheet 1008
B1: 屏榮 大溪廠組合室生產人時性分析
B3: 日期 | C3: 115.10.08星期四 | E3: 訂單量 | F3: ='1008(18度C)'!D1+'1008(4度C)'!D1 -> 111063 | H3: 營業額 | I3: ='1008(18度C)'!F1+'1008(4度C)'!F1 -> 3399634.9
B4: 人時性 | C4: 項目 | E4: ➀ | G4: ➁ | I4: ➂ | K4: ④ | M4: ⑤ | O4: 異常停線 | Q4: 短暫停線
C5: 組合室 | E5: 全溫層 | G5: 4度C-各編組展開(一配) | I5: 4度C-各編組展開(二配) | K5: 18度C-各編組展開(一配) | M5: 18度C-各編組展開(二配) | O5: 合計次數 | P5: 時間 | Q5: 合計次數 | R5: 設備次數
C6: 排關平均 | E6: =AVERAGE(D14:O14,D32:X32) -> 496.38205 | F6: =AVERAGE(#REF!,D14:K14) -> #REF! | G6: =AVERAGE(D14:K14) -> 302.80046 | I6: =AVERAGE(L14:O14) -> 94.325718 | K6: =AVERAGE(D32:O32) -> 717.5 | M6: =AVERAGE(P32:X32) -> 718.26923 | O6: ='1008(4度C)'!Y2 -> 0 | P6: ='1008(4度C)'!Z2 -> 0 | Q6: ='1008(4度C)'!AC2 -> 0 | R6: ='1008(4度C)'!AD2 -> 0
C7: 實績平均 | E7: =AVERAGE(D15:O15,D33:X33) -> 453.17195 | F7: =AVERAGE(#REF!,D15:K15) -> #REF! | G7: =AVERAGE(D15:K15) -> 272.47761 | I7: =AVERAGE(L15:O15) -> 87.622615 | K7: =AVERAGE(D33:O33) -> 657.60962 | M7: =AVERAGE(P33:X33) -> 657.37688
C8: 達成率平均 | E8: =AVERAGE(D16:O16,D34:X34) -> 0.90849086 | F8: =AVERAGE(D16:K16,#REF!) -> #REF! | G8: =AVERAGE(D16:K16) -> 0.89954123 | I8: =AVERAGE(L16:O16) -> 0.92704103 | K8: =AVERAGE(D34:O34) -> 0.91103199 | M8: =AVERAGE(P34:X34) -> 0.90786169
O9: ※現行日本鮮食廠以達成率80%為基本(即為現行KPI)
B11: 溫層 | D11: ➁4度C-各編組展開 | L11: ➂4度C-各編組展開
B12: 編組 | D12: 1 | E12: 2 | F12: 3 | G12: 4 | H12: 5 | I12: 6 | J12: 7 | K12: 8 | L12: 1 | M12: 2 | N12: 3 | O12: 4
D13: 便當一線 | E13: 便當二線 | F13: 涼麵一線 | G13: 涼麵二線 | H13: 涼麵三線 | I13: 自動包裝機 | J13: 自動包裝機2 | K13: 自動包裝機3 | L13: 便當一線 | M13: 便當二線 | N13: 涼麵一線 | O13: 涼麵二線
B14: 人時性 | C14: 排關 | D14: - | E14: 85.245902 | F14: 138.52113 | G14: 88.235294 | H14: - | I14: 502 | J14: 700 | K14: - | L14: - | M14: 101.69492 | N14: 86.956522 | O14: -
C15: 實績 | D15: - | E15: 76.955939 | F15: 123.84347 | G15: 79.672196 | H15: - | I15: 447.88783 | J15: 634.0286 | K15: - | L15: - | M15: 96.742857 | N15: 78.502374 | O15: -
C16: 達成率 | D16: - | E16: =E15/E14 -> 0.90275237 | F16: =F15/F14 -> 0.89404027 | G16: =G15/G14 -> 0.90295155 | H16: - | I16: =I15/I14 -> 0.89220684 | J16: =J15/J14 -> 0.90575514 | K16: - | L16: - | M16: =M15/M14 -> 0.95130476 | N16: =N15/N14 -> 0.9027773 | O16: -
B17: 作業 時間 | C17: 開始 | D17: - | E17: 0.25 | F17: 0.25 | G17: 0.25 | H17: - | I17: 0.25 | J17: 0.25 | K17: - | L17: - | M17: 0.70833333 | N17: 0.70833333 | O17: -
C18: 結束 | D18: - | E18: 0.59618056 | F18: 0.53636574 | G18: 0.55162037 | H18: - | I18: 0.47592593 | J18: 0.29010417 | K18: - | L18: - | M18: 0.77712963 | N18: 0.82528935 | O18: -
B19: 產線異常 (5分鐘以上) | C19: 次數
C20: 時間/分
B21: 短暫停線 (5分鐘以下) | C21: 次數
C22: 設備次數
B23: 配置人數 | D23: - | E23: 20.333333 | F23: 20.714286 | G23: 22.666667 | H23: - | I23: 5.75 | J23: 6 | K23: - | L23: - | M23: 18.666667 | N23: 23 | O23: -
B24: 主要應用設備 | D24: L型封口機 | E24: ET-55 | F24: ET-55 | G24: ET-55 | H24: ET-600 | I24: 伺服包裝機 | J24: 伺服包裝機 | K24: 伺服包裝機 | L24: L型封口機 | M24: ET-55 | N24: ET-55 | O24: ET-55
B25: 次要應用設備 | D25: 伺服包裝機 | H25: 伺服包裝機
B26: 備註 | H26: 涼麵+烤飯糰 | I26: 大口飯糰線 | K26: 烤飯糰+手卷
B29: 溫層 | D29: ➃18度C-各編組展開 (一配) | P29: ⑤18度C-各編組展開 (二配)
B30: 編組 | D30: 1 | E30: 2 | F30: 3 | G30: 4 | H30: 5 | I30: 6 | J30: 7 | K30: 8 | L30: 9 | M30: 10 | N30: 11 | O30: 12 | P30: 1 | Q30: 2 | R30: 3 | S30: 4 | T30: 5 | U30: 6 | V30: 7 | W30: 8 | X30: 9
D31: 便當一線 | E31: 涼麵一線 | F31: 涼麵三線 | G31: 自動包裝機 | H31: 自動包裝機2 | I31: 自動包裝機3 | J31: 味付飯糰線B | K31: (舊) 3300型飯糰線 | L31: 3000型飯糰線 | M31: (新) 3300型飯糰機 | N31: GKK3600型 飯糰機 | O31: GKK3600型 飯糰機2 | P31: 自動包裝機 | Q31: 自動包裝機2 | R31: 自動包裝機3 | S31: 味付飯糰線B | T31: (舊) 3300型飯糰線 | U31: 3000型飯糰線 | V31: (新) 3300型飯糰機 | W31: GKK3600型 飯糰機 | X31: GKK3600型 飯糰機2
B32: 人時性 | C32: 排關 | D32: - | E32: - | F32: - | G32: 327.27273 | H32: - | I32: - | J32: - | K32: - | L32: - | M32: 750 | N32: 920 | O32: 872.72727 | P32: 300 | Q32: - | R32: - | S32: - | T32: - | U32: - | V32: 750 | W32: 923.07692 | X32: 900
C33: 實績 | D33: - | E33: - | F33: - | G33: 287.37698 | H33: - | I33: - | J33: - | K33: - | L33: - | M33: 699.37202 | N33: 846.82886 | O33: 796.86061 | P33: 260.01177 | Q33: - | R33: - | S33: - | T33: - | U33: - | V33: 699.84376 | W33: 847.90871 | X33: 821.74326
C34: 達成率 | D34: - | E34: - | F34: - | G34: =G33/G32 -> 0.87809633 | H34: - | I34: - | J34: - | K34: - | L34: - | M34: =M33/M32 -> 0.93249602 | N34: =N33/N32 -> 0.92046616 | O34: =O33/O32 -> 0.91306945 | P34: =P33/P32 -> 0.86670591 | Q34: - | R34: - | S34: - | T34: - | U34: - | V34: =V33/V32 -> 0.93312502 | W34: =W33/W32 -> 0.91856777 | X34: =X33/X32 -> 0.91304807
B35: 作業 時間 | C35: 開始 | D35: - | E35: - | F35: - | G35: 0.25 | H35: - | I35: - | J35: - | K35: - | L35: - | M35: 0.30833333 | N35: 0.25 | O35: 0.25 | P35: 0.73541667 | Q35: - | R35: - | S35: - | T35: - | U35: - | V35: 0.70833333 | W35: 0.73055556 | X35: 0.72986111
C36: 結束 | D36: - | E36: - | F36: - | G36: 0.47592593 | H36: - | I36: - | J36: - | K36: - | L36: - | M36: 0.36627315 | N36: 0.42565972 | O36: 0.41710648 | P36: 0.74684028 | Q36: - | R36: - | S36: - | T36: - | U36: - | V36: 0.7183912 | W36: 1.0542014 | X36: 1.0447685
B37: 配置人數 | D37: - | E37: - | F37: - | G37: 11 | H37: - | I37: - | J37: - | K37: - | L37: - | M37: 4 | N37: 3.75 | O37: 4.125 | P37: 12 | Q37: - | R37: - | S37: - | T37: - | U37: - | V37: 4 | W37: 3.7142857 | X37: 4
B38: 主要應用設備 | D38: 伺服包裝機 | E38: ET-55 | F38: ET-600 | G38: 夾心型 | H38: 伺服包裝機 | I38: 伺服包裝機 | J38: 夾心型 | K38: 3300型 | L38: 3300型 | M38: 3300型 | N38: GKK | O38: GKK | P38: 夾心型 | Q38: 伺服包裝機 | R38: 伺服包裝機 | S38: 夾心型 | T38: 3300型 | U38: 3300型 | V38: 3300型 | W38: GKK | X38: GKK
B39: 次要應用設備
B40: 備註

Sheet 1008(18度C)
A1: 大溪廠日報分析 | C1: 總生產量 | D1: =SUM(F5:F140) -> 58711 | E1: 營業額 | F1: =SUM(G5:G140) -> 1160231.6 | G1: 出勤人數 | H1: =L21+L38+L55+L72+L89+L106+L123+L140 -> 46.589286 | I1: 產線配置圖 | L1: 生產實績 | O1: 人時性差異分析 | S1: 日報登錄 | Y1: 分析說明 | AA1: 產能差異分析
A2: 46303 | C2: 人時性 | D2: =AVERAGE(N21,N38,N55,N72,N89,N106,N123,N140) -> 657.49325 | E2: 平均廠價 | F2: =F1/D1 -> 19.761742 | G2: 多次生產數 | H2: =COUNT(H5:H140) -> 14
A3: 線別 | B3: 品類 | C3: 品名 | E3: 廠價 | F3: 生產量 | G3: 營收 | H3: 多次 生產 | I3: 人數 | J3: 產能/時 | K3: 人時性 | L3: 人數 | M3: 產能/時 | N3: 人時性 | O3: 人數 | P3: 人時性 | Q3: 達成率 | R3: 達成率 平均 | S3: 生產時間 | U3: 換線、休息/分 | V3: 稼動時間/分 | W3: 休息時間 | Y3: (屏榮回填) | AA3: 產能/時 | AB3: 達成率 | AC3: 達成率平均
S4: 開始 | T4: 結束 | W4: 開始 | X4: 結束
A5: 自動包裝機 | B5: 18℃-壽司手卷 | C5: 一配長野稻荷壽司 | E5: 25.64 | F5: 808 | G5: =E5*F5 -> 20717.12 | I5: 10 | J5: 3600 | K5: =J5/I5 -> 360 | L5: 10 | M5: =F5/V5*60 -> 3216.5296 | N5: =M5/L5 -> 321.65296 | O5: =L5-I5 -> 0 | P5: =N5-K5 -> -38.347045 | Q5: =N5/K5 -> 0.89348043 | R5: =Q21 -> 0.87809633 | S5: 0.25 | T5: 0.26046296 | V5: 15.072145 | AA5: =M5-J5 -> -383.47045 | AB5: =M5/J5 -> 0.89348043 | AC5: =AB21 -> 0.87809633
B6: 18℃-壽司手卷 | C6: 一配經典人氣雙手卷 | E6: 29.52 | F6: 1455 | G6: =E6*F6 -> 42951.6 | I6: 11 | J6: 3600 | K6: =J6/I6 -> 327.27273 | L6: 11 | M6: =F6/V6*60 -> 3158.0118 | N6: =M6/L6 -> 287.09199 | O6: =L6-I6 -> 0 | P6: =N6-K6 -> -40.180741 | Q6: =N6/K6 -> 0.87722551 | S6: 0.26458333 | T6: 0.28377315 | U6: 5.9333333 | V6: 27.643975 | AA6: =M6-J6 -> -441.98815 | AB6: =M6/J6 -> 0.87722551
B7: 18℃-壽司手卷 | C7: 一配鮭鮪海饌雙手卷 | E7: 29.85 | F7: 1735 | G7: =E7*F7 -> 51789.75 | I7: 11 | J7: 3600 | K7: =J7/I7 -> 327.27273 | L7: 11 | M7: =F7/V7*60 -> 3155.4476 | N7: =M7/L7 -> 286.85888 | O7: =L7-I7 -> 0 | P7: =N7-K7 -> -40.41385 | Q7: =N7/K7 -> 0.87651324 | S7: 0.28680556 | T7: 0.30971065 | U7: 5 | V7: 32.990565 | AA7: =M7-J7 -> -444.55235 | AB7: =M7/J7 -> 0.87651324
B8: 18℃-壽司手卷 | C8: 一配青木瓜雞絲泰泰雙手卷 | E8: 30 | F8: 110 | G8: =E8*F8 -> 3300 | I8: 11 | J8: 3600 | K8: =J8/I8 -> 327.27273 | L8: 11 | M8: =F8/V8*60 -> 3157.7073 | N8: =M8/L8 -> 287.0643 | O8: =L8-I8 -> 0 | P8: =N8-K8 -> -40.208428 | Q8: =N8/K8 -> 0.87714091 | S8: 0.31319444 | T8: 0.3146412 | U8: 5.0166667 | V8: 2.0901241 | AA8: =M8-J8 -> -442.29271 | AB8: =M8/J8 -> 0.87714091
B9: 18℃-壽司手卷 | C9: 一配陽光蔬彩雙手卷 | E9: 30.95 | F9: 1764 | G9: =E9*F9 -> 54595.8 | I9: 11 | J9: 3600 | K9: =J9/I9 -> 327.27273 | L9: 11 | M9: =F9/V9*60 -> 3156.729 | N9: =M9/L9 -> 286.97536 | O9: =L9-I9 -> 0 | P9: =N9-K9 -> -40.297363 | Q9: =N9/K9 -> 0.87686917 | S9: 0.31875 | T9: 0.34202546 | U9: 5.9166667 | V9: 33.528377 | AA9: =M9-J9 -> -443.27099 | AB9: =M9/J9 -> 0.87686917
B10: 18℃-飯糰 | C10: 一配兩粒飯糰(鮪魚.焦糖鮭魚) | E10: 28.57 | F10: 523 | G10: =E10*F10 -> 14942.11 | I10: 12 | J10: 3600 | K10: =J10/I10 -> 300 | L10: 12 | M10: =F10/V10*60 -> 3122.4554 | N10: =M10/L10 -> 260.20461 | O10: =L10-I10 -> 0 | P10: =N10-K10 -> -39.795386 | Q10: =N10/K10 -> 0.86734871 | S10: 0.34583333 | T10: 0.35280093 | U10: 5.4833333 | V10: 10.049783 | AA10: =M10-J10 -> -477.54463 | AB10: =M10/J10 -> 0.86734871
B21: 平均 | I21: =AVERAGE(I5:I20) -> 11 | J21: =AVERAGE(J5:J20) -> 3600 | K21: =J21/I21 -> 327.27273 | L21: =AVERAGE(L5:L20) -> 11 | M21: =AVERAGE(M5:M20) -> 3161.1468 | N21: =M21/L21 -> 287.37698 | O21: =L21-I21 -> 0 | P21: =N21-K21 -> -39.895747 | Q21: =N21/K21 -> 0.87809633 | S21: 0.25 | T21: 0.47592593 | AA21: =M21-J21 -> -438.85321 | AB21: =M21/J21 -> 0.87809633
A22: (新) 3300型飯糰機 | B22: 18℃-飯糰 | C22: 一配鮭魚奶油醬油飯糰 | E22: 18.53 | F22: 1043 | G22: =E22*F22 -> 19326.79 | I22: 3 | J22: 3300 | K22: =J22/I22 -> 1100 | L22: 3 | M22: =F22/V22*60 -> 3078.9014 | N22: =M22/L22 -> 1026.3005 | O22: =L22-I22 -> 0 | P22: =N22-K22 -> -73.699532 | Q22: =N22/K22 -> 0.93300043 | R22: =Q38 -> 0.93249602 | S22: 0.30833333 | T22: 0.32244213 | V22: 20.325432 | AA22: =M22-J22 -> -221.0986 | AB22: =M22/J22 -> 0.93300043 | AC22: =AB38 -> 0.93249602
B23: 18℃-飯糰 | C23: 一配熊本麥味噌雞肉飯糰 | E23: 22.95 | F23: 2409 | G23: =E23*F23 -> 55286.55 | I23: 5 | J23: 2700 | K23: =J23/I23 -> 540 | L23: 5 | M23: =F23/V23*60 -> 2516.0747 | N23: =M23/L23 -> 503.21495 | O23: =L23-I23 -> 0 | P23: =N23-K23 -> -36.785055 | Q23: =N23/K23 -> 0.93187953 | S23: 0.32638889 | T23: 0.36627315 | U23: 5.6833333 | V23: 57.446624 | AA23: =M23-J23 -> -183.92527 | AB23: =M23/J23 -> 0.93187953
B38: 平均 | I38: =AVERAGE(I22:I37) -> 4 | J38: =AVERAGE(J22:J37) -> 3000 | K38: =J38/I38 -> 750 | L38: =AVERAGE(L22:L37) -> 4 | M38: =AVERAGE(M22:M37) -> 2797.4881 | N38: =M38/L38 -> 699.37202 | O38: =L38-I38 -> 0 | P38: =N38-K38 -> -50.627984 | Q38: =N38/K38 -> 0.93249602 | S38: 0.30833333 | T38: 0.36627315 | AA38: =M38-J38 -> -202.51194 | AB38: =M38/J38 -> 0.93249602
A39: GKK3600型 飯糰機 | B39: 18℃-飯糰 | C39: 一配北海道秋鮭親子飯糰 | E39: 24.82 | F39: 479 | G39: =E39*F39 -> 11888.78 | I39: 5 | J39: 3600 | K39: =J39/I39 -> 720 | L39: 5 | M39: =F39/V39*60 -> 3287.6011 | N39: =M39/L39 -> 657.52022 | O39: =L39-I39 -> 0 | P39: =N39-K39 -> -62.479778 | Q39: =N39/K39 -> 0.91322253 | R39: =Q55 -> 0.92046616 | S39: 0.25 | T39: 0.25606481 | V39: 8.7419365 | AA39: =M39-J39 -> -312.39889 | AB39: =M39/J39 -> 0.91322253 | AC39: =AB55 -> 0.92046616
B40: 18℃-飯糰 | C40: 一配熟成紅鮭飯糰 | E40: 25.03 | F40: 330 | G40: =E40*F40 -> 8259.9 | I40: 5 | J40: 3600 | K40: =J40/I40 -> 720 | L40: 5 | M40: =F40/V40*60 -> 3287.4026 | N40: =M40/L40 -> 657.48052 | O40: =L40-I40 -> 0 | P40: =N40-K40 -> -62.519483 | Q40: =N40/K40 -> 0.91316738 | S40: 0.26527778 | T40: 0.26945602 | U40: 13.266667 | V40: 6.0229922 | AA40: =M40-J40 -> -312.59742 | AB40: =M40/J40 -> 0.91316738
B41: 18℃-飯糰 | C41: 一配生鱈魚子鮭魚飯糰 | E41: 23.8 | F41: 259 | G41: =E41*F41 -> 6164.2 | I41: 4 | J41: 3600 | K41: =J41/I41 -> 900 | L41: 4 | M41: =F41/V41*60 -> 3285.4104 | N41: =M41/L41 -> 821.3526 | O41: =L41-I41 -> 0 | P41: =N41-K41 -> -78.647399 | Q41: =N41/K41 -> 0.912614 | S41: 0.27916667 | T41: 0.28244213 | U41: 13.983333 | V41: 4.7300027 | AA41: =M41-J41 -> -314.5896 | AB41: =M41/J41 -> 0.912614
B42: 18℃-飯糰 | C42: 一配筋子銀鮭飯糰 | E42: 30 | F42: 339 | G42: =E42*F42 -> 10170 | I42: 4 | J42: 3300 | K42: =J42/I42 -> 825 | L42: 4 | M42: =F42/V42*60 -> 3083.9903 | N42: =M42/L42 -> 770.99758 | O42: =L42-I42 -> 0 | P42: =N42-K42 -> -54.002416 | Q42: =N42/K42 -> 0.93454253 | S42: 0.29166667 | T42: 0.29623843 | U42: 13.283333 | V42: 6.5953514 | AA42: =M42-J42 -> -216.00966 | AB42: =M42/J42 -> 0.93454253
B43: 18℃-飯糰 | C43: 一配蔬食鮪魚飯糰 | E43: 18.18 | F43: 589 | G43: =E43*F43 -> 10708.02 | I43: 3 | J43: 3600 | K43: =J43/I43 -> 1200 | L43: 3 | M43: =F43/V43*60 -> 3285.2877 | N43: =M43/L43 -> 1095.0959 | O43: =L43-I43 -> 0 | P43: =N43-K43 -> -104.90411 | Q43: =N43/K43 -> 0.91257991 | S43: 0.30486111 | T43: 0.31232639 | U43: 12.416667 | V43: 10.757049 | AA43: =M43-J43 -> -314.71234 | AB43: =M43/J43 -> 0.91257991
B44: 18℃-飯糰 | C44: 一配黑胡椒洋蔥豬飯糰 | E44: 17.07 | F44: 842 | G44: =E44*F44 -> 14372.94 | I44: 3 | J44: 3300 | K44: =J44/I44 -> 1100 | L44: 3 | M44: =F44/V44*60 -> 3084.0661 | N44: =M44/L44 -> 1028.022 | O44: =L44-I44 -> 0 | P44: =N44-K44 -> -71.977952 | Q44: =N44/K44 -> 0.9345655 | S44: 0.32152778 | T44: 0.33289352 | U44: 13.25 | V44: 16.380972 | AA44: =M44-J44 -> -215.93386 | AB44: =M44/J44 -> 0.9345655
B45: 18℃-飯糰 | C45: 一配經典肉鬆飯糰 | E45: 14.03 | F45: 2333 | G45: =E45*F45 -> 32731.99 | I45: 3 | J45: 3000 | K45: =J45/I45 -> 1000 | L45: 3 | M45: =F45/V45*60 -> 2803.1556 | N45: =M45/L45 -> 934.3852 | O45: =L45-I45 -> 0 | P45: =N45-K45 -> -65.614804 | Q45: =N45/K45 -> 0.9343852 | S45: 0.34166667 | T45: 0.37634259 | U45: 12.633333 | V45: 49.936579 | AA45: =M45-J45 -> -196.84441 | AB45: =M45/J45 -> 0.9343852
B46: 18℃-飯糰 | C46: 一配鮪魚飯糰 | E46: 14.28 | F46: 3176 | G46: =E46*F46 -> 45353.28 | I46: 3 | J46: 3600 | K46: =J46/I46 -> 1200 | L46: 3 | M46: =F46/V46*60 -> 3287.9521 | N46: =M46/L46 -> 1095.984 | O46: =L46-I46 -> 0 | P46: =N46-K46 -> -104.01598 | Q46: =N46/K46 -> 0.91332002 | S46: 0.38541667 | T46: 0.42565972 | U46: 13.066667 | V46: 57.957049 | AA46: =M46-J46 -> -312.04794 | AB46: =M46/J46 -> 0.91332002
B55: 平均 | I55: =AVERAGE(I39:I54) -> 3.75 | J55: =AVERAGE(J39:J54) -> 3450 | K55: =J55/I55 -> 920 | L55: =AVERAGE(L39:L54) -> 3.75 | M55: =AVERAGE(M39:M54) -> 3175.6082 | N55: =M55/L55 -> 846.82886 | O55: =L55-I55 -> 0 | P55: =N55-K55 -> -73.171137 | Q55: =N55/K55 -> 0.92046616 | S55: 0.25 | T55: 0.42565972 | AA55: =M55-J55 -> -274.39176 | AB55: =M55/J55 -> 0.92046616
A56: GKK3600型 飯糰機2 | B56: 18℃-飯糰 | C56: 一配明太子龍蝦風味沙拉飯糰 | E56: 18.18 | F56: 978 | G56: =E56*F56 -> 17780.04 | I56: 3 | J56: 3600 | K56: =J56/I56 -> 1200 | L56: 3 | M56: =F56/V56*60 -> 3285.4599 | N56: =M56/L56 -> 1095.1533 | O56: =L56-I56 -> 0 | P56: =N56-K56 -> -104.84669 | Q56: =N56/K56 -> 0.91262776 | R56: =Q72 -> 0.91306945 | S56: 0.25 | T56: 0.26239583 | V56: 17.860513 | AA56: =M56-J56 -> -314.54008 | AB56: =M56/J56 -> 0.91262776 | AC56: =AB72 -> 0.91306945
B57: 18℃-飯糰 | C57: 一配椒鹽檸檬鯖魚飯糰 | E57: 20.72 | F57: 422 | G57: =E57*F57 -> 8743.84 | I57: 3 | J57: 3600 | K57: =J57/I57 -> 1200 | L57: 3 | M57: =F57/V57*60 -> 3288.7074 | N57: =M57/L57 -> 1096.2358 | O57: =L57-I57 -> 0 | P57: =N57-K57 -> -103.76421 | Q57: =N57/K57 -> 0.91352983 | S57: 0.27152778 | T57: 0.27686343 | U57: 13.15 | V57: 7.6990735 | AA57: =M57-J57 -> -311.29262 | AB57: =M57/J57 -> 0.91352983
B58: 18℃-飯糰 | C58: 一配贅沢鮭魚肚飯糰 | E58: 30 | F58: 617 | G58: =E58*F58 -> 18510 | I58: 4 | J58: 3600 | K58: =J58/I58 -> 900 | L58: 4 | M58: =F58/V58*60 -> 3290.3419 | N58: =M58/L58 -> 822.58547 | O58: =L58-I58 -> 0 | P58: =N58-K58 -> -77.414534 | Q58: =N58/K58 -> 0.91398385 | S58: 0.28541667 | T58: 0.29322917 | U58: 12.316667 | V58: 11.251111 | AA58: =M58-J58 -> -309.65814 | AB58: =M58/J58 -> 0.91398385
B59: 18℃-飯糰 | C59: 一配卵黃牛挽肉飯糰 | E59: 24.76 | F59: 531 | G59: =E59*F59 -> 13147.56 | I59: 4 | J59: 3600 | K59: =J59/I59 -> 900 | L59: 4 | M59: =F59/V59*60 -> 3285.1034 | N59: =M59/L59 -> 821.27585 | O59: =L59-I59 -> 0 | P59: =N59-K59 -> -78.724155 | Q59: =N59/K59 -> 0.91252872 | S59: 0.30277778 | T59: 0.30950231 | U59: 13.75 | V59: 9.6983249 | AA59: =M59-J59 -> -314.89662 | AB59: =M59/J59 -> 0.91252872
B60: 18℃-飯糰 | C60: 一配鹽蔥燒肉飯糰 | E60: 17.89 | F60: 1413 | G60: =E60*F60 -> 25278.57 | I60: 4 | J60: 3600 | K60: =J60/I60 -> 900 | L60: 4 | M60: =F60/V60*60 -> 3287.3766 | N60: =M60/L60 -> 821.84414 | O60: =L60-I60 -> 0 | P60: =N60-K60 -> -78.155857 | Q60: =N60/K60 -> 0.91316016 | S60: 0.31805556 | T60: 0.33596065 | U60: 12.316667 | V60: 25.789561 | AA60: =M60-J60 -> -312.62343 | AB60: =M60/J60 -> 0.91316016
B61: 18℃-飯糰 | C61: 一配醬燒炙烤牛飯糰 | E61: 22.32 | F61: 1037 | G61: =E61*F61 -> 23145.84 | I61: 5 | J61: 3600 | K61: =J61/I61 -> 720 | L61: 5 | M61: =F61/V61*60 -> 3285.0572 | N61: =M61/L61 -> 657.01144 | O61: =L61-I61 -> 0 | P61: =N61-K61 -> -62.98856 | Q61: =N61/K61 -> 0.91251589 | S61: 0.34444444 | T61: 0.35759259 | U61: 12.216667 | V61: 18.940309 | AA61: =M61-J61 -> -314.9428 | AB61: =M61/J61 -> 0.91251589
B62: 18℃-飯糰 | C62: 一配鹽蔥生鮭飯糰 | E62: 27.48 | F62: 736 | G62: =E62*F62 -> 20225.28 | I62: 5 | J62: 3600 | K62: =J62/I62 -> 720 | L62: 5 | M62: =F62/V62*60 -> 3286.8701 | N62: =M62/L62 -> 657.37401 | O62: =L62-I62 -> 0 | P62: =N62-K62 -> -62.625986 | Q62: =N62/K62 -> 0.91301946 | S62: 0.36666667 | T62: 0.37599537 | U62: 13.066667 | V62: 13.435274 | AA62: =M62-J62 -> -313.12993 | AB62: =M62/J62 -> 0.91301946
B63: 18℃-飯糰 | C63: 一配雞肉飯飯糰 | E63: 16.66 | F63: 2556 | G63: =E63*F63 -> 42582.96 | I63: 5 | J63: 3600 | K63: =J63/I63 -> 720 | L63: 5 | M63: =F63/V63*60 -> 3287.4837 | N63: =M63/L63 -> 657.49675 | O63: =L63-I63 -> 0 | P63: =N63-K63 -> -62.503251 | Q63: =N63/K63 -> 0.91318993 | S63: 0.38472222 | T63: 0.41710648 | U63: 12.566667 | V63: 46.64966 | AA63: =M63-J63 -> -312.51625 | AB63: =M63/J63 -> 0.91318993
B72: 平均 | I72: =AVERAGE(I56:I71) -> 4.125 | J72: =AVERAGE(J56:J71) -> 3600 | K72: =J72/I72 -> 872.72727 | L72: =AVERAGE(L56:L71) -> 4.125 | M72: =AVERAGE(M56:M71) -> 3287.05 | N72: =M72/L72 -> 796.86061 | O72: =L72-I72 -> 0 | P72: =N72-K72 -> -75.866663 | Q72: =N72/K72 -> 0.91306945 | S72: 0.25 | T72: 0.41710648 | AA72: =M72-J72 -> -312.94998 | AB72: =M72/J72 -> 0.91306945
A73: 自動包裝機 (二配) | B73: 18℃-飯糰 | C73: 二配兩粒飯糰(鮪魚.焦糖鮭魚) | E73: 28.57 | F73: 856 | G73: =E73*F73 -> 24455.92 | I73: 12 | J73: 3600 | K73: =J73/I73 -> 300 | L73: 12 | M73: =F73/V73*60 -> 3120.1413 | N73: =M73/L73 -> 260.01177 | O73: =L73-I73 -> 0 | P73: =N73-K73 -> -39.988228 | Q73: =N73/K73 -> 0.86670591 | R73: =Q89 -> 0.86670591 | S73: 0.73541667 | T73: 0.74684028 | V73: 16.460793 | AA73: =M73-J73 -> -479.85874 | AB73: =M73/J73 -> 0.86670591 | AC73: =AB89 -> 0.86670591
B89: 平均 | I89: =AVERAGE(I73:I88) -> 12 | J89: =AVERAGE(J73:J88) -> 3600 | K89: =J89/I89 -> 300 | L89: =AVERAGE(L73:L88) -> 12 | M89: =AVERAGE(M73:M88) -> 3120.1413 | N89: =M89/L89 -> 260.01177 | O89: =L89-I89 -> 0 | P89: =N89-K89 -> -39.988228 | Q89: =N89/K89 -> 0.86670591 | S89: 0.73541667 | T89: 0.74684028 | AA89: =M89-J89 -> -479.85874 | AB89: =M89/J89 -> 0.86670591
A90: (新) 3300型飯糰機 (二配) | B90: 18℃-飯糰 | C90: 二配大飯糰韓式蒜烤豬五花 | E90: 24.54 | F90: 676 | G90: =E90*F90 -> 16589.04 | I90: 4 | J90: 3000 | K90: =J90/I90 -> 750 | L90: 4 | M90: =F90/V90*60 -> 2799.3751 | N90: =M90/L90 -> 699.84376 | O90: =L90-I90 -> 0 | P90: =N90-K90 -> -50.156235 | Q90: =N90/K90 -> 0.93312502 | R90: =Q106 -> 0.93312502 | S90: 0.70833333 | T90: 0.7183912 | V90: 14.488948 | AA90: =M90-J90 -> -200.62494 | AB90: =M90/J90 -> 0.93312502 | AC90: =AB106 -> 0.93312502
B106: 平均 | I106: =AVERAGE(I90:I105) -> 4 | J106: =AVERAGE(J90:J105) -> 3000 | K106: =J106/I106 -> 750 | L106: =AVERAGE(L90:L105) -> 4 | M106: =AVERAGE(M90:M105) -> 2799.3751 | N106: =M106/L106 -> 699.84376 | O106: =L106-I106 -> 0 | P106: =N106-K106 -> -50.156235 | Q106: =N106/K106 -> 0.93312502 | S106: 0.70833333 | T106: 0.7183912 | AA106: =M106-J106 -> -200.62494 | AB106: =M106/J106 -> 0.93312502
A107: GKK3600型 飯糰機 (二配) | B107: 18℃-飯糰 | C107: 二配芝麻香鬆飯糰 | E107: 18.18 | F107: 511 | G107: =E107*F107 -> 9289.98 | H107: 2 | I107: 3 | J107: 3000 | K107: =J107/I107 -> 1000 | L107: 3 | M107: =F107/V107*60 -> 2801.1874 | N107: =M107/L107 -> 933.72914 | O107: =L107-I107 -> 0 | P107: =N107-K107 -> -66.270861 | Q107: =N107/K107 -> 0.93372914 | R107: =Q123 -> 0.91856777 | S107: 0.73055556 | T107: 0.73814815 | V107: 10.945358 | AA107: =M107-J107 -> -198.81258 | AB107: =M107/J107 -> 0.93372914 | AC107: =AB123 -> 0.91856777
B108: 18℃-飯糰 | C108: 二配蔬食鮪魚飯糰 | E108: 18.18 | F108: 295 | G108: =E108*F108 -> 5363.1 | H108: 2 | I108: 3 | J108: 3600 | K108: =J108/I108 -> 1200 | L108: 3 | M108: =F108/V108*60 -> 3287.8653 | N108: =M108/L108 -> 1095.9551 | O108: =L108-I108 -> 0 | P108: =N108-K108 -> -104.04488 | Q108: =N108/K108 -> 0.91329593 | S108: 0.74652778 | T108: 0.7502662 | U108: 12.066667 | V108: 5.3834321 | AA108: =M108-J108 -> -312.13465 | AB108: =M108/J108 -> 0.91329593
B109: 18℃-飯糰 | C109: 二配三杯醬爆菇菇飯糰 | E109: 16.7 | F109: 705 | G109: =E109*F109 -> 11773.5 | H109: 2 | I109: 3 | J109: 3600 | K109: =J109/I109 -> 1200 | L109: 3 | M109: =F109/V109*60 -> 3287.232 | N109: =M109/L109 -> 1095.744 | O109: =L109-I109 -> 0 | P109: =N109-K109 -> -104.25599 | Q109: =N109/K109 -> 0.91312001 | S109: 0.75902778 | T109: 0.76796296 | U109: 12.616667 | V109: 12.867969 | AA109: =M109-J109 -> -312.76797 | AB109: =M109/J109 -> 0.91312001
B110: 18℃-飯糰 | C110: 二配贅沢鮭魚肚飯糰 | E110: 30 | F110: 550 | G110: =E110*F110 -> 16500 | H110: 2 | I110: 4 | J110: 3600 | K110: =J110/I110 -> 900 | L110: 4 | M110: =F110/V110*60 -> 3288.7538 | N110: =M110/L110 -> 822.18844 | O110: =L110-I110 -> 0 | P110: =N110-K110 -> -77.811555 | Q110: =N110/K110 -> 0.91354272 | S110: 0.77708333 | T110: 0.78405093 | U110: 13.133333 | V110: 10.034196 | AA110: =M110-J110 -> -311.24622 | AB110: =M110/J110 -> 0.91354272
B111: 18℃-飯糰 | C111: 二配熟成紅鮭飯糰 | E111: 25.03 | F111: 346 | G111: =E111*F111 -> 8660.38 | H111: 2 | I111: 5 | J111: 3600 | K111: =J111/I111 -> 720 | L111: 5 | M111: =F111/V111*60 -> 3286.2439 | N111: =M111/L111 -> 657.24878 | O111: =L111-I111 -> 0 | P111: =N111-K111 -> -62.751223 | Q111: =N111/K111 -> 0.91284552 | S111: 0.79375 | T111: 0.79813657 | U111: 13.966667 | V111: 6.3172426 | AA111: =M111-J111 -> -313.75611 | AB111: =M111/J111 -> 0.91284552
B112: 18℃-飯糰 | C112: 二配經典肉鬆飯糰 | E112: 14.03 | F112: 1778 | G112: =E112*F112 -> 24945.34 | H112: 2 | I112: 3 | J112: 3000 | K112: =J112/I112 -> 1000 | L112: 3 | M112: =F112/V112*60 -> 2805.1383 | N112: =M112/L112 -> 935.04609 | O112: =L112-I112 -> 0 | P112: =N112-K112 -> -64.953906 | Q112: =N112/K112 -> 0.93504609 | S112: 0.80763889 | T112: 0.83403935 | U112: 13.683333 | V112: 38.030211 | AA112: =M112-J112 -> -194.86172 | AB112: =M112/J112 -> 0.93504609
B113: 18℃-飯糰 | C113: 二配雞肉飯飯糰 | E113: 16.66 | F113: 1858 | G113: =E113*F113 -> 30954.28 | H113: 2 | I113: 5 | J113: 3600 | K113: =J113/I113 -> 720 | L113: 5 | M113: =F113/V113*60 -> 3289.2057 | N113: =M113/L113 -> 657.84115 | O113: =L113-I113 -> 0 | P113: =N113-K113 -> -62.158852 | Q113: =N113/K113 -> 0.91366826 | S113: 0.84375 | T113: 0.86728009 | U113: 13.983333 | V113: 33.892681 | AA113: =M113-J113 -> -310.79426 | AB113: =M113/J113 -> 0.91366826
B114: 18℃-飯糰 | C114: 二配芝麻香鬆飯糰 | E114: 18.18 | F114: 679 | G114: =E114*F114 -> 12344.22 | I114: 3 | J114: 3000 | K114: =J114/I114 -> 1000 | L114: 3 | M114: =F114/V114*60 -> 2801.1874 | N114: =M114/L114 -> 933.72914 | O114: =L114-I114 -> 0 | P114: =N114-K114 -> -66.270861 | Q114: =N114/K114 -> 0.93372914 | S114: 0.87638889 | T114: 0.88648148 | U114: 13.116667 | V114: 14.543832 | AA114: =M114-J114 -> -198.81258 | AB114: =M114/J114 -> 0.93372914
B115: 18℃-飯糰 | C115: 二配蔬食鮪魚飯糰 | E115: 18.18 | F115: 404 | G115: =E115*F115 -> 7344.72 | I115: 3 | J115: 3600 | K115: =J115/I115 -> 1200 | L115: 3 | M115: =F115/V115*60 -> 3287.8653 | N115: =M115/L115 -> 1095.9551 | O115: =L115-I115 -> 0 | P115: =N115-K115 -> -104.04488 | Q115: =N115/K115 -> 0.91329593 | S115: 0.89513889 | T115: 0.90025463 | U115: 12.466667 | V115: 7.3725647 | AA115: =M115-J115 -> -312.13465 | AB115: =M115/J115 -> 0.91329593
B116: 18℃-飯糰 | C116: 二配三杯醬爆菇菇飯糰 | E116: 16.7 | F116: 1072 | G116: =E116*F116 -> 17902.4 | I116: 3 | J116: 3600 | K116: =J116/I116 -> 1200 | L116: 3 | M116: =F116/V116*60 -> 3287.232 | N116: =M116/L116 -> 1095.744 | O116: =L116-I116 -> 0 | P116: =N116-K116 -> -104.25599 | Q116: =N116/K116 -> 0.91312001 | S116: 0.90972222 | T116: 0.92329861 | U116: 13.633333 | V116: 19.566614 | AA116: =M116-J116 -> -312.76797 | AB116: =M116/J116 -> 0.91312001
B117: 18℃-飯糰 | C117: 二配贅沢鮭魚肚飯糰 | E117: 30 | F117: 770 | G117: =E117*F117 -> 23100 | I117: 4 | J117: 3600 | K117: =J117/I117 -> 900 | L117: 4 | M117: =F117/V117*60 -> 3288.7538 | N117: =M117/L117 -> 822.18844 | O117: =L117-I117 -> 0 | P117: =N117-K117 -> -77.811555 | Q117: =N117/K117 -> 0.91354272 | S117: 0.93194444 | T117: 0.94168981 | U117: 12.45 | V117: 14.047874 | AA117: =M117-J117 -> -311.24622 | AB117: =M117/J117 -> 0.91354272
B118: 18℃-飯糰 | C118: 二配熟成紅鮭飯糰 | E118: 25.03 | F118: 390 | G118: =E118*F118 -> 9761.7 | I118: 5 | J118: 3600 | K118: =J118/I118 -> 720 | L118: 5 | M118: =F118/V118*60 -> 3286.2439 | N118: =M118/L118 -> 657.24878 | O118: =L118-I118 -> 0 | P118: =N118-K118 -> -62.751223 | Q118: =N118/K118 -> 0.91284552 | S118: 0.95138889 | T118: 0.95633102 | U118: 13.966667 | V118: 7.1205914 | AA118: =M118-J118 -> -313.75611 | AB118: =M118/J118 -> 0.91284552
B119: 18℃-飯糰 | C119: 二配經典肉鬆飯糰 | E119: 14.03 | F119: 2801 | G119: =E119*F119 -> 39298.03 | I119: 3 | J119: 3000 | K119: =J119/I119 -> 1000 | L119: 3 | M119: =F119/V119*60 -> 2805.1383 | N119: =M119/L119 -> 935.04609 | O119: =L119-I119 -> 0 | P119: =N119-K119 -> -64.953906 | Q119: =N119/K119 -> 0.93504609 | S119: 0.96527778 | T119: 1.006875 | U119: 12.883333 | V119: 59.911485 | AA119: =M119-J119 -> -194.86172 | AB119: =M119/J119 -> 0.93504609
B120: 18℃-飯糰 | C120: 二配雞肉飯飯糰 | E120: 16.66 | F120: 3018 | G120: =E120*F120 -> 50279.88 | I120: 5 | J120: 3600 | K120: =J120/I120 -> 720 | L120: 5 | M120: =F120/V120*60 -> 3289.2057 | N120: =M120/L120 -> 657.84115 | O120: =L120-I120 -> 0 | P120: =N120-K120 -> -62.158852 | Q120: =N120/K120 -> 0.91366826 | S120: 1.0159722 | T120: 1.0542014 | U120: 13.1 | V120: 55.052804 | AA120: =M120-J120 -> -310.79426 | AB120: =M120/J120 -> 0.91366826
B123: 平均 | I123: =AVERAGE(I107:I122) -> 3.7142857 | J123: =AVERAGE(J107:J122) -> 3428.5714 | K123: =J123/I123 -> 923.07692 | L123: =AVERAGE(L107:L122) -> 3.7142857 | M123: =AVERAGE(M107:M122) -> 3149.3752 | N123: =M123/L123 -> 847.90871 | O123: =L123-I123 -> 0 | P123: =N123-K123 -> -75.168212 | Q123: =N123/K123 -> 0.91856777 | S123: 0.73055556 | T123: 1.0542014 | AA123: =M123-J123 -> -279.19622 | AB123: =M123/J123 -> 0.91856777
A124: GKK3600型 飯糰機2 (二配) | B124: 18℃-飯糰 | C124: 二配生鱈魚子鮭魚飯糰 | E124: 23.8 | F124: 188 | G124: =E124*F124 -> 4474.4 | H124: 2 | I124: 4 | J124: 3600 | K124: =J124/I124 -> 900 | L124: 4 | M124: =F124/V124*60 -> 3287.2785 | N124: =M124/L124 -> 821.81962 | O124: =L124-I124 -> 0 | P124: =N124-K124 -> -78.180381 | Q124: =N124/K124 -> 0.91313291 | R124: =Q140 -> 0.91304807 | S124: 0.72986111 | T124: 0.7322338 | V124: 3.4314099 | AA124: =M124-J124 -> -312.72152 | AB124: =M124/J124 -> 0.91313291 | AC124: =AB140 -> 0.91304807
B125: 18℃-飯糰 | C125: 二配北海道秋鮭親子飯糰 | E125: 24.82 | F125: 578 | G125: =E125*F125 -> 14345.96 | H125: 2 | I125: 5 | J125: 3600 | K125: =J125/I125 -> 720 | L125: 5 | M125: =F125/V125*60 -> 3286.6452 | N125: =M125/L125 -> 657.32904 | O125: =L125-I125 -> 0 | P125: =N125-K125 -> -62.670963 | Q125: =N125/K125 -> 0.912957 | S125: 0.74166667 | T125: 0.74899306 | U125: 13.583333 | V125: 10.551793 | AA125: =M125-J125 -> -313.35481 | AB125: =M125/J125 -> 0.912957
B126: 18℃-飯糰 | C126: 二配卵黃牛挽肉飯糰 | E126: 24.76 | F126: 301 | G126: =E126*F126 -> 7452.76 | H126: 2 | I126: 4 | J126: 3600 | K126: =J126/I126 -> 900 | L126: 4 | M126: =F126/V126*60 -> 3288.2598 | N126: =M126/L126 -> 822.06495 | O126: =L126-I126 -> 0 | P126: =N126-K126 -> -77.935047 | Q126: =N126/K126 -> 0.9134055 | S126: 0.75833333 | T126: 0.7621412 | U126: 13.45 | V126: 5.4922667 | AA126: =M126-J126 -> -311.74019 | AB126: =M126/J126 -> 0.9134055
B127: 18℃-飯糰 | C127: 二配醬燒炙烤牛飯糰 | E127: 22.32 | F127: 569 | G127: =E127*F127 -> 12700.08 | H127: 2 | I127: 5 | J127: 3600 | K127: =J127/I127 -> 720 | L127: 5 | M127: =F127/V127*60 -> 3285.5644 | N127: =M127/L127 -> 657.11289 | O127: =L127-I127 -> 0 | P127: =N127-K127 -> -62.887113 | Q127: =N127/K127 -> 0.91265679 | S127: 0.77083333 | T127: 0.77804398 | U127: 12.516667 | V127: 10.390909 | AA127: =M127-J127 -> -314.43556 | AB127: =M127/J127 -> 0.91265679
B128: 18℃-飯糰 | C128: 二配明太子龍蝦風味沙拉飯糰 | E128: 18.18 | F128: 823 | G128: =E128*F128 -> 14962.14 | H128: 2 | I128: 3 | J128: 3600 | K128: =J128/I128 -> 1200 | L128: 3 | M128: =F128/V128*60 -> 3285.4265 | N128: =M128/L128 -> 1095.1422 | O128: =L128-I128 -> 0 | P128: =N128-K128 -> -104.85785 | Q128: =N128/K128 -> 0.91261846 | S128: 0.7875 | T128: 0.79792824 | U128: 13.616667 | V128: 15.030012 | AA128: =M128-J128 -> -314.57354 | AB128: =M128/J128 -> 0.91261846
B129: 18℃-飯糰 | C129: 二配鹽蔥燒肉飯糰 | E129: 17.89 | F129: 1250 | G129: =E129*F129 -> 22362.5 | H129: 2 | I129: 4 | J129: 3600 | K129: =J129/I129 -> 900 | L129: 4 | M129: =F129/V129*60 -> 3287.0251 | N129: =M129/L129 -> 821.75628 | O129: =L129-I129 -> 0 | P129: =N129-K129 -> -78.243715 | Q129: =N129/K129 -> 0.91306254 | S129: 0.80694444 | T129: 0.82278935 | U129: 12.983333 | V129: 22.816984 | AA129: =M129-J129 -> -312.97486 | AB129: =M129/J129 -> 0.91306254
B130: 18℃-飯糰 | C130: 二配鮪魚飯糰 | E130: 14.28 | F130: 2180 | G130: =E130*F130 -> 31130.4 | H130: 2 | I130: 3 | J130: 3600 | K130: =J130/I130 -> 1200 | L130: 3 | M130: =F130/V130*60 -> 3288.6445 | N130: =M130/L130 -> 1096.2148 | O130: =L130-I130 -> 0 | P130: =N130-K130 -> -103.78516 | Q130: =N130/K130 -> 0.91351237 | S130: 0.83125 | T130: 0.85886574 | U130: 12.183333 | V130: 39.773226 | AA130: =M130-J130 -> -311.35549 | AB130: =M130/J130 -> 0.91351237
B131: 18℃-飯糰 | C131: 二配生鱈魚子鮭魚飯糰 | E131: 23.8 | F131: 198 | G131: =E131*F131 -> 4712.4 | I131: 4 | J131: 3600 | K131: =J131/I131 -> 900 | L131: 4 | M131: =F131/V131*60 -> 3287.2785 | N131: =M131/L131 -> 821.81962 | O131: =L131-I131 -> 0 | P131: =N131-K131 -> -78.180381 | Q131: =N131/K131 -> 0.91313291 | S131: 0.86736111 | T131: 0.86986111 | U131: 12.233333 | V131: 3.6139317 | AA131: =M131-J131 -> -312.72152 | AB131: =M131/J131 -> 0.91313291
B132: 18℃-飯糰 | C132: 二配北海道秋鮭親子飯糰 | E132: 24.82 | F132: 725 | G132: =E132*F132 -> 17994.5 | I132: 5 | J132: 3600 | K132: =J132/I132 -> 720 | L132: 5 | M132: =F132/V132*60 -> 3286.6452 | N132: =M132/L132 -> 657.32904 | O132: =L132-I132 -> 0 | P132: =N132-K132 -> -62.670963 | Q132: =N132/K132 -> 0.912957 | S132: 0.87916667 | T132: 0.88835648 | U132: 13.4 | V132: 13.235381 | AA132: =M132-J132 -> -313.35481 | AB132: =M132/J132 -> 0.912957
B133: 18℃-飯糰 | C133: 二配卵黃牛挽肉飯糰 | E133: 24.76 | F133: 443 | G133: =E133*F133 -> 10968.68 | I133: 4 | J133: 3600 | K133: =J133/I133 -> 900 | L133: 4 | M133: =F133/V133*60 -> 3288.2598 | N133: =M133/L133 -> 822.06495 | O133: =L133-I133 -> 0 | P133: =N133-K133 -> -77.935047 | Q133: =N133/K133 -> 0.9134055 | S133: 0.89791667 | T133: 0.90351852 | U133: 13.766667 | V133: 8.0833029 | AA133: =M133-J133 -> -311.74019 | AB133: =M133/J133 -> 0.9134055
B134: 18℃-飯糰 | C134: 二配醬燒炙烤牛飯糰 | E134: 22.32 | F134: 975 | G134: =E134*F134 -> 21762 | I134: 5 | J134: 3600 | K134: =J134/I134 -> 720 | L134: 5 | M134: =F134/V134*60 -> 3285.5385 | N134: =M134/L134 -> 657.1077 | O134: =L134-I134 -> 0 | P134: =N134-K134 -> -62.892302 | Q134: =N134/K134 -> 0.91264958 | S134: 0.91319444 | T134: 0.92555556 | U134: 13.933333 | V134: 17.8053 | AA134: =M134-J134 -> -314.46151 | AB134: =M134/J134 -> 0.91264958
B135: 18℃-飯糰 | C135: 二配明太子龍蝦風味沙拉飯糰 | E135: 18.18 | F135: 1357 | G135: =E135*F135 -> 24670.26 | I135: 3 | J135: 3600 | K135: =J135/I135 -> 1200 | L135: 3 | M135: =F135/V135*60 -> 3285.387 | N135: =M135/L135 -> 1095.129 | O135: =L135-I135 -> 0 | P135: =N135-K135 -> -104.871 | Q135: =N135/K135 -> 0.9126075 | S135: 0.93472222 | T135: 0.9519213 | U135: 13.2 | V135: 24.782469 | AA135: =M135-J135 -> -314.613 | AB135: =M135/J135 -> 0.9126075
B136: 18℃-飯糰 | C136: 二配鹽蔥燒肉飯糰 | E136: 17.89 | F136: 2068 | G136: =E136*F136 -> 36996.52 | I136: 4 | J136: 3600 | K136: =J136/I136 -> 900 | L136: 4 | M136: =F136/V136*60 -> 3287.0251 | N136: =M136/L136 -> 821.75628 | O136: =L136-I136 -> 0 | P136: =N136-K136 -> -78.243715 | Q136: =N136/K136 -> 0.91306254 | S136: 0.96041667 | T136: 0.98662037 | U136: 12.233333 | V136: 37.748418 | AA136: =M136-J136 -> -312.97486 | AB136: =M136/J136 -> 0.91306254
B137: 18℃-飯糰 | C137: 二配鮪魚飯糰 | E137: 14.28 | F137: 3863 | G137: =E137*F137 -> 55163.64 | I137: 3 | J137: 3600 | K137: =J137/I137 -> 1200 | L137: 3 | M137: =F137/V137*60 -> 3288.6445 | N137: =M137/L137 -> 1096.2148 | O137: =L137-I137 -> 0 | P137: =N137-K137 -> -103.78516 | Q137: =N137/K137 -> 0.91351237 | S137: 0.99583333 | T137: 1.0447685 | U137: 13.266667 | V137: 70.478885 | AA137: =M137-J137 -> -311.35549 | AB137: =M137/J137 -> 0.91351237
B140: 平均 | I140: =AVERAGE(I124:I139) -> 4 | J140: =AVERAGE(J124:J139) -> 3600 | K140: =J140/I140 -> 900 | L140: =AVERAGE(L124:L139) -> 4 | M140: =AVERAGE(M124:M139) -> 3286.973 | N140: =M140/L140 -> 821.74326 | O140: =L140-I140 -> 0 | P140: =N140-K140 -> -78.256739 | Q140: =N140/K140 -> 0.91304807 | S140: 0.72986111 | T140: 1.0447685 | AA140: =M140-J140 -> -313.02695 | AB140: =M140/J140 -> 0.91304807
Y142: 原因回覆
Y143: 1.當日出勤人數較多
Y144: 2.當日出勤人數較少
Y145: 3.當日出勤熟手較多
Y146: 4.當日出勤新人較多
Y147: 5.機台夾盒
Y148: 6.封膜不順
Y149: 7.更換膠膜
Y150: 8.更換碳帶
Y151: 9.當日熱轉印碳帶異常
Y152: 10.訂單量過少
Y153: 11.新品上市，尚未熟悉
Y154: 12.活動期間品項需貼標

Sheet 1008(4度C)
A1: 大溪廠日報分析 | C1: 總生產量 | D1: =SUM(F5:F123) -> 52352 | E1: 營業額 | F1: =SUM(G5:G123) -> 2239403.2 | G1: 出勤人數 | H1: =L21+L38+L55+L72+L89+L106+L123 -> 117.13095 | I1: 產線配置圖 | L1: 生產實績 | O1: 人時性差異分析 | S1: 日報登錄 | Y1: 合計次數 | Z1: 合計(時間/分) | AA1: 產線異常 分析說明(5分鐘以上) | AC1: 合計次數 | AD1: 合計(時間/分) | AE1: 產能差異分析
A2: 46303 | C2: 人時性 | D2: =AVERAGE(N21,N38,N55,N72,N89,N106,N123) -> 219.66189 | E2: 平均廠價 | F2: =F1/D1 -> 42.775887 | G2: 多次生產數 | H2: =COUNT(H5:H123) -> 0 | Y2: =SUM(Y21,Y38,Y55,Y72,Y89,Y106,Y123) -> 0 | Z2: =SUM(Z21,Z38,Z55,Z72,Z89,Z106,Z123) -> 0 | AC2: =SUM(AC21,AC38,AC55,AC72,AC89,AC106,AC123) -> 0 | AD2: =SUM(AD21,AD38,AD55,AD72,AD89,AD106,AD123) -> 0
A3: 線別 | B3: 品類 | C3: 品名 | E3: 廠價 | F3: 生產量 | G3: 營收 | H3: 多次 生產 | I3: 人數 | J3: 產能/時 | K3: 人時性 | L3: 人數 | M3: 產能/時 | N3: 人時性 | O3: 人數 | P3: 人時性 | Q3: 達成率 | R3: 達成率 平均 | S3: 生產時間 | U3: 換線、休息/分 | V3: 稼動時間/分 | W3: 休息時間 | Y3: 產線異常統計(5分鐘以上) | AA3: (屏榮回填) | AC3: 短暫停線統計(5分鐘以下) | AE3: 產能/時 | AF3: 達成率 | AG3: 達成率平均
S4: 開始 | T4: 結束 | W4: 開始 | X4: 結束 | Y4: 次數 | Z4: 時間/分 | AC4: 總次數 | AD4: 設備因素(次數)
A5: 便當二線 | B5: 微波小吃 | C5: 日式茶碗蒸 | E5: 19.7 | F5: 4302 | G5: =E5*F5 -> 84749.4 | I5: 13 | J5: 1200 | K5: =J5/I5 -> 92.307692 | L5: 13 | M5: =F5/V5*60 -> 1085.1273 | N5: =M5/L5 -> 83.47133 | O5: =L5-I5 -> 0 | P5: =N5-K5 -> -8.8363624 | Q5: =N5/K5 -> 0.90427274 | R5: =Q21 -> 0.90275237 | S5: 0.25 | T5: 0.41518519 | V5: 237.87071 | AE5: =M5-J5 -> -114.87271 | AF5: =M5/J5 -> 0.90427274 | AG5: =AF21 -> 0.90275237
B6: 微波主食 | C6: 糖燻野郎三十天熟成牛飯 | E6: 56.43 | F6: 2796 | G6: =E6*F6 -> 157778.28 | I6: 24 | J6: 2000 | K6: =J6/I6 -> 83.333333 | L6: 24 | M6: =F6/V6*60 -> 1801.5548 | N6: =M6/L6 -> 75.064784 | O6: =L6-I6 -> 0 | P6: =N6-K6 -> -8.2685491 | Q6: =N6/K6 -> 0.90077741 | S6: 0.41875 | T6: 0.48341435 | U6: 5.1333333 | V6: 93.119564 | W6: 0.48341435 | X6: 0.52222222 | AE6: =M6-J6 -> -198.44518 | AF6: =M6/J6 -> 0.90077741
B7: 便當 | C7: 健身G肉餐盒 | E7: 59.52 | F7: 3209 | G7: =E7*F7 -> 190999.68 | I7: 24 | J7: 2000 | K7: =J7/I7 -> 83.333333 | L7: 24 | M7: =F7/V7*60 -> 1807.6302 | N7: =M7/L7 -> 75.317925 | O7: =L7-I7 -> 0 | P7: =N7-K7 -> -8.0154088 | Q7: =N7/K7 -> 0.90381509 | S7: 0.52222222 | T7: 0.59618056 | U7: 55.883333 | V7: 106.51515 | AE7: =M7-J7 -> -192.36981 | AF7: =M7/J7 -> 0.90381509
B21: 平均 | I21: =AVERAGE(I5:I20) -> 20.333333 | J21: =AVERAGE(J5:J20) -> 1733.3333 | K21: =J21/I21 -> 85.245902 | L21: =AVERAGE(L5:L20) -> 20.333333 | M21: =AVERAGE(M5:M20) -> 1564.7708 | N21: =M21/L21 -> 76.955939 | O21: =L21-I21 -> 0 | P21: =N21-K21 -> -8.2899623 | Q21: =N21/K21 -> 0.90275237 | S21: 0.25 | T21: 0.59618056 | Y21: =SUM(Y5:Y20) -> 0 | Z21: =SUM(Z5:Z20) -> 0 | AC21: =SUM(AC5:AC20) -> 0 | AD21: =SUM(AD5:AD20) -> 0 | AE21: =M21-J21 -> -168.56257 | AF21: =M21/J21 -> 0.90275237
A22: 涼麵一線 | B22: 季節調理麵 | C22: 和風涓絲冷麵 | E22: 28.86 | F22: 1232 | G22: =E22*F22 -> 35555.52 | I22: 18 | J22: 3600 | K22: =J22/I22 -> 200 | L22: 18 | M22: =F22/V22*60 -> 3191.7477 | N22: =M22/L22 -> 177.31932 | O22: =L22-I22 -> 0 | P22: =N22-K22 -> -22.680682 | Q22: =N22/K22 -> 0.88659659 | R22: =Q38 -> 0.89404027 | S22: 0.25 | T22: 0.26607639 | V22: 23.159725 | AE22: =M22-J22 -> -408.25228 | AF22: =M22/J22 -> 0.88659659 | AG22: =AF38 -> 0.91292844
B23: 季節調理麵 | C23: 韓式泡菜冷麵 | E23: 36.73 | F23: 1457 | G23: =E23*F23 -> 53515.61 | I23: 21 | J23: 3600 | K23: =J23/I23 -> 171.42857 | L23: 21 | M23: =F23/V23*60 -> 3194.0782 | N23: =M23/L23 -> 152.09896 | O23: =L23-I23 -> 0 | P23: =N23-K23 -> -19.329612 | Q23: =N23/K23 -> 0.88724393 | S23: 0.26944444 | T23: 0.28844907 | U23: 4.85 | V23: 27.369399 | AE23: =M23-J23 -> -405.92185 | AF23: =M23/J23 -> 0.88724393
B24: 4℃-壽司手卷 | C24: 海陸雙拼壽司 | E24: 36.45 | F24: 1628 | G24: =E24*F24 -> 59340.6 | I24: 20 | J24: 2100 | K24: =J24/I24 -> 105 | L24: 20 | M24: =F24/V24*60 -> 1890.1283 | N24: =M24/L24 -> 94.506417 | O24: =L24-I24 -> 0 | P24: =N24-K24 -> -10.493583 | Q24: =N24/K24 -> 0.90006112 | S24: 0.29166667 | T24: 0.3275463 | U24: 4.6333333 | V24: 51.67903 | AE24: =M24-J24 -> -209.87166 | AF24: =M24/J24 -> 0.90006112
B25: 4℃-飯糰 | C25: 經典傳統飯糰 | E25: 24.35 | F25: 1902 | G25: =E25*F25 -> 46313.7 | I25: 21 | J25: 2790 | K25: =J25/I25 -> 132.85714 | L25: 22 | M25: =F25/V25*60 -> 2626.6346 | N25: =M25/L25 -> 119.39248 | O25: =L25-I25 -> 1 | P25: =N25-K25 -> -13.46466 | Q25: =N25/K25 -> 0.89865309 | S25: 0.33125 | T25: 0.36141204 | U25: 5.3333333 | V25: 43.447231 | AE25: =M25-J25 -> -163.36538 | AF25: =M25/J25 -> 0.9414461
B26: 4℃-飯糰 | C26: 里肌肉蛋紫米飯糰 | E26: 29.87 | F26: 2930 | G26: =E26*F26 -> 87519.1 | I26: 21 | J26: 2790 | K26: =J26/I26 -> 132.85714 | L26: 22 | M26: =F26/V26*60 -> 2626.6346 | N26: =M26/L26 -> 119.39248 | O26: =L26-I26 -> 1 | P26: =N26-K26 -> -13.46466 | Q26: =N26/K26 -> 0.89865309 | S26: 0.36527778 | T26: 0.41174769 | U26: 5.5666667 | V26: 66.929751 | AE26: =M26-J26 -> -163.36538 | AF26: =M26/J26 -> 0.9414461
B27: 4℃-飯糰 | C27: 麻油雞飯糰 | E27: 29.97 | F27: 2141 | G27: =E27*F27 -> 64165.77 | I27: 21 | J27: 2790 | K27: =J27/I27 -> 132.85714 | L27: 22 | M27: =F27/V27*60 -> 2626.6346 | N27: =M27/L27 -> 119.39248 | O27: =L27-I27 -> 1 | P27: =N27-K27 -> -13.46466 | Q27: =N27/K27 -> 0.89865309 | S27: 0.41458333 | T27: 0.44854167 | U27: 5 | V27: 48.906688 | W27: 0.44854167 | X27: 0.4875 | AE27: =M27-J27 -> -163.36538 | AF27: =M27/J27 -> 0.9414461
B28: 便當 | C28: 香腸腿排雙拼便當 | E28: 53.76 | F28: 2113 | G28: =E28*F28 -> 113594.88 | I28: 20 | J28: 2000 | K28: =J28/I28 -> 100 | L28: 20 | M28: =F28/V28*60 -> 1801.4444 | N28: =M28/L28 -> 90.072219 | O28: =L28-I28 -> 0 | P28: =N28-K28 -> -9.9277806 | Q28: =N28/K28 -> 0.90072219 | S28: 0.4875 | T28: 0.53636574 | U28: 56.1 | V28: 70.37686 | AE28: =M28-J28 -> -198.55561 | AF28: =M28/J28 -> 0.90072219
B38: 平均 | I38: =AVERAGE(I22:I37) -> 20.285714 | J38: =AVERAGE(J22:J37) -> 2810 | K38: =J38/I38 -> 138.52113 | L38: =AVERAGE(L22:L37) -> 20.714286 | M38: =AVERAGE(M22:M37) -> 2565.3289 | N38: =M38/L38 -> 123.84347 | O38: =L38-I38 -> 0.42857143 | P38: =N38-K38 -> -14.677662 | Q38: =N38/K38 -> 0.89404027 | S38: 0.25 | T38: 0.53636574 | Y38: =SUM(Y22:Y37) -> 0 | Z38: =SUM(Z22:Z37) -> 0 | AC38: =SUM(AC22:AC37) -> 0 | AD38: =SUM(AD22:AD37) -> 0 | AE38: =M38-J38 -> -244.67108 | AF38: =M38/J38 -> 0.91292844
A39: 涼麵二線 | B39: 便當 | C39: 蔬活腿排補力餐盒 | E39: 71.55 | F39: 2505 | G39: =E39*F39 -> 179232.75 | I39: 22 | J39: 2000 | K39: =J39/I39 -> 90.909091 | L39: 22 | M39: =F39/V39*60 -> 1808.4186 | N39: =M39/L39 -> 82.200845 | O39: =L39-I39 -> 0 | P39: =N39-K39 -> -8.7082458 | Q39: =N39/K39 -> 0.9042093 | R39: =Q55 -> 0.90295155 | S39: 0.25 | T39: 0.30770833 | V39: 83.111289 | AE39: =M39-J39 -> -191.58141 | AF39: =M39/J39 -> 0.9042093 | AG39: =AF55 -> 0.90295155
B40: 便當 | C40: 海陸雙拼肉肉餐盒 | E40: 59.54 | F40: 1834 | G40: =E40*F40 -> 109196.36 | I40: 23 | J40: 2000 | K40: =J40/I40 -> 86.956522 | L40: 23 | M40: =F40/V40*60 -> 1806.6274 | N40: =M40/L40 -> 78.549017 | O40: =L40-I40 -> 0 | P40: =N40-K40 -> -8.4075048 | Q40: =N40/K40 -> 0.90331369 | S40: 0.31180556 | T40: 0.35409722 | U40: 5.9 | V40: 60.909073 | AE40: =M40-J40 -> -193.37261 | AF40: =M40/J40 -> 0.90331369
B41: 便當 | C41: 烤蛋白餐盒 | E41: 58.67 | F41: 2612 | G41: =E41*F41 -> 153246.04 | I41: 23 | J41: 2000 | K41: =J41/I41 -> 86.956522 | L41: 23 | M41: =F41/V41*60 -> 1802.3094 | N41: =M41/L41 -> 78.361277 | O41: =L41-I41 -> 0 | P41: =N41-K41 -> -8.5952451 | Q41: =N41/K41 -> 0.90115468 | S41: 0.35694444 | T41: 0.41732639 | U41: 5 | V41: 86.955105 | AE41: =M41-J41 -> -197.69064 | AF41: =M41/J41 -> 0.90115468
B42: 便當 | C42: 香烤鱈魚輕蔬餐盒 | E42: 69.26 | F42: 455 | G42: =E42*F42 -> 31513.3 | I42: 24 | J42: 2000 | K42: =J42/I42 -> 83.333333 | L42: 24 | M42: =F42/V42*60 -> 1802.7152 | N42: =M42/L42 -> 75.113133 | O42: =L42-I42 -> 0 | P42: =N42-K42 -> -8.2202003 | Q42: =N42/K42 -> 0.9013576 | S42: 0.42013889 | T42: 0.43064815 | U42: 5 | V42: 15.143823 | AE42: =M42-J42 -> -197.28481 | AF42: =M42/J42 -> 0.9013576
B43: 便當 | C43: 地中海布格麥烤魚餐盒 | E43: 63.92 | F43: 1445 | G43: =E43*F43 -> 92364.4 | I43: 24 | J43: 2000 | K43: =J43/I43 -> 83.333333 | L43: 24 | M43: =F43/V43*60 -> 1809.9054 | N43: =M43/L43 -> 75.412727 | O43: =L43-I43 -> 0 | P43: =N43-K43 -> -7.9206067 | Q43: =N43/K43 -> 0.90495272 | S43: 0.43472222 | T43: 0.46798611 | U43: 5.8666667 | V43: 47.903055 | W43: 0.46798611 | X43: 0.50694444 | AE43: =M43-J43 -> -190.09456 | AF43: =M43/J43 -> 0.90495272
B44: 便當 | C44: 懷舊滷雙拼便當 | E44: 61.09 | F44: 1936 | G44: =E44*F44 -> 118270.24 | I44: 20 | J44: 2000 | K44: =J44/I44 -> 100 | L44: 20 | M44: =F44/V44*60 -> 1805.4427 | N44: =M44/L44 -> 90.272133 | O44: =L44-I44 -> 0 | P44: =N44-K44 -> -9.7278669 | Q44: =N44/K44 -> 0.90272133 | S44: 0.50694444 | T44: 0.55162037 | U44: 56.1 | V44: 64.338792 | AE44: =M44-J44 -> -194.55734 | AF44: =M44/J44 -> 0.90272133
B55: 平均 | I55: =AVERAGE(I39:I54) -> 22.666667 | J55: =AVERAGE(J39:J54) -> 2000 | K55: =J55/I55 -> 88.235294 | L55: =AVERAGE(L39:L54) -> 22.666667 | M55: =AVERAGE(M39:M54) -> 1805.9031 | N55: =M55/L55 -> 79.672196 | O55: =L55-I55 -> 0 | P55: =N55-K55 -> -8.5630983 | Q55: =N55/K55 -> 0.90295155 | S55: 0.25 | T55: 0.55162037 | Y55: =SUM(Y39:Y54) -> 0 | Z55: =SUM(Z39:Z54) -> 0 | AC55: =SUM(AC39:AC54) -> 0 | AD55: =SUM(AD39:AD54) -> 0 | AE55: =M55-J55 -> -194.09689 | AF55: =M55/J55 -> 0.90295155
A56: 自動包裝機 | B56: 4℃-壽司手卷 | C56: 生菜鮮蝦脆卷 | E56: 22.83 | F56: 985 | G56: =E56*F56 -> 22487.55 | I56: 6 | J56: 2500 | K56: =J56/I56 -> 416.66667 | L56: 6 | M56: =F56/V56*60 -> 2265.0449 | N56: =M56/L56 -> 377.50749 | O56: =L56-I56 -> 0 | P56: =N56-K56 -> -39.159179 | Q56: =N56/K56 -> 0.90601797 | R56: =Q72 -> 0.89220684 | S56: 0.35625 | T56: 0.37436343 | U56: 4.9666667 | V56: 26.092198 | AE56: =M56-J56 -> -234.95508 | AF56: =M56/J56 -> 0.90601797 | AG56: =AF72 -> 0.89220684
B57: 4℃-壽司手卷 | C57: 蔥花生鮪魚脆卷 | E57: 23.19 | F57: 499 | G57: =E57*F57 -> 11571.81 | I57: 6 | J57: 2500 | K57: =J57/I57 -> 416.66667 | L57: 6 | M57: =F57/V57*60 -> 2265.8385 | N57: =M57/L57 -> 377.63975 | O57: =L57-I57 -> 0 | P57: =N57-K57 -> -39.026912 | Q57: =N57/K57 -> 0.90633541 | S57: 0.37847222 | T57: 0.38763889 | U57: 5.9166667 | V57: 13.213651 | AE57: =M57-J57 -> -234.16147 | AF57: =M57/J57 -> 0.90633541
B58: 4℃-壽司手卷 | C58: 香濃明太子嫩雞飯卷 | E58: 35.89 | F58: 1348 | G58: =E58*F58 -> 48379.72 | I58: 5 | J58: 3273 | K58: =J58/I58 -> 654.6 | L58: 5 | M58: =F58/V58*60 -> 2958.5963 | N58: =M58/L58 -> 591.71927 | O58: =L58-I58 -> 0 | P58: =N58-K58 -> -62.880732 | Q58: =N58/K58 -> 0.90394022 | S58: 0.39097222 | T58: 0.4099537 | U58: 4.8 | V58: 27.337288 | AE58: =M58-J58 -> -314.40366 | AF58: =M58/J58 -> 0.90394022
B59: 4℃-壽司手卷 | C59: 小黃瓜壽司卷 | E59: 30.84 | F59: 4187 | G59: =E59*F59 -> 129127.08 | I59: 6 | J59: 3273 | K59: =J59/I59 -> 545.5 | L59: 6 | M59: =F59/V59*60 -> 2811.9403 | N59: =M59/L59 -> 468.65672 | O59: =L59-I59 -> 0 | P59: =N59-K59 -> -76.843277 | Q59: =N59/K59 -> 0.8591324 | S59: 0.41388889 | T59: 0.47592593 | U59: 5.6666667 | V59: 89.340445 | AE59: =M59-J59 -> -461.05966 | AF59: =M59/J59 -> 0.8591324
B72: 平均 | I72: =AVERAGE(I56:I71) -> 5.75 | J72: =AVERAGE(J56:J71) -> 2886.5 | K72: =J72/I72 -> 502 | L72: =AVERAGE(L56:L71) -> 5.75 | M72: =AVERAGE(M56:M71) -> 2575.355 | N72: =M72/L72 -> 447.88783 | O72: =L72-I72 -> 0 | P72: =N72-K72 -> -54.112168 | Q72: =N72/K72 -> 0.89220684 | S72: 0.25 | T72: 0.47592593 | Y72: =SUM(Y56:Y71) -> 0 | Z72: =SUM(Z56:Z71) -> 0 | AC72: =SUM(AC56:AC71) -> 0 | AD72: =SUM(AD56:AD71) -> 0 | AE72: =M72-J72 -> -311.14497 | AF72: =M72/J72 -> 0.89220684
A73: 自動包裝機2 | B73: 4℃-壽司手卷 | C73: 鮪魚昆布細卷 | E73: 15.51 | F73: 1610 | G73: =E73*F73 -> 24971.1 | I73: 6 | J73: 4200 | K73: =J73/I73 -> 700 | L73: 6 | M73: =F73/V73*60 -> 3803.1177 | N73: =M73/L73 -> 633.85295 | O73: =L73-I73 -> 0 | P73: =N73-K73 -> -66.147052 | Q73: =N73/K73 -> 0.90550421 | R73: =Q89 -> 0.90575514 | S73: 0.25 | T73: 0.26763889 | V73: 25.400213 | AE73: =M73-J73 -> -396.88231 | AF73: =M73/J73 -> 0.90550421 | AG73: =AF89 -> 0.90575514
B74: 4℃-壽司手卷 | C74: 肉鬆火腿細卷 | E74: 15.01 | F74: 1760 | G74: =E74*F74 -> 26417.6 | I74: 6 | J74: 4200 | K74: =J74/I74 -> 700 | L74: 6 | M74: =F74/V74*60 -> 3805.2255 | N74: =M74/L74 -> 634.20425 | O74: =L74-I74 -> 0 | P74: =N74-K74 -> -65.795751 | Q74: =N74/K74 -> 0.90600607 | S74: 0.27083333 | T74: 0.29010417 | U74: 4.6 | V74: 27.751312 | AE74: =M74-J74 -> -394.77451 | AF74: =M74/J74 -> 0.90600607
B89: 平均 | I89: =AVERAGE(I73:I88) -> 6 | J89: =AVERAGE(J73:J88) -> 4200 | K89: =J89/I89 -> 700 | L89: =AVERAGE(L73:L88) -> 6 | M89: =AVERAGE(M73:M88) -> 3804.1716 | N89: =M89/L89 -> 634.0286 | O89: =L89-I89 -> 0 | P89: =N89-K89 -> -65.971402 | Q89: =N89/K89 -> 0.90575514 | S89: 0.25 | T89: 0.29010417 | Y89: =SUM(Y73:Y88) -> 0 | Z89: =SUM(Z73:Z88) -> 0 | AC89: =SUM(AC73:AC88) -> 0 | AD89: =SUM(AD73:AD88) -> 0 | AE89: =M89-J89 -> -395.82841 | AF89: =M89/J89 -> 0.90575514
A90: 便當二線 (二配) | B90: 微波主食 | C90: 二配香烤魚排青醬燉飯 | E90: 58.17 | F90: 373 | G90: =E90*F90 -> 21697.41 | I90: 18 | J90: 2000 | K90: =J90/I90 -> 111.11111 | L90: 17 | M90: =F90/V90*60 -> 1805.4 | N90: =M90/L90 -> 106.2 | O90: =L90-I90 -> -1 | P90: =N90-K90 -> -4.9111111 | Q90: =N90/K90 -> 0.9558 | R90: =Q106 -> 0.95130476 | S90: 0.70833333 | T90: 0.71693287 | V90: 12.396145 | AE90: =M90-J90 -> -194.6 | AF90: =M90/J90 -> 0.9027 | AG90: =AF106 -> 0.90293333
B91: 微波主食 | C91: 二配濃起司燻腸紅醬焗烤飯 | E91: 50.67 | F91: 1374 | G91: =E91*F91 -> 69620.58 | I91: 20 | J91: 2000 | K91: =J91/I91 -> 100 | L91: 19 | M91: =F91/V91*60 -> 1805.4 | N91: =M91/L91 -> 95.021053 | O91: =L91-I91 -> -1 | P91: =N91-K91 -> -4.9789474 | Q91: =N91/K91 -> 0.95021053 | S91: 0.72083333 | T91: 0.75253472 | U91: 5.6166667 | V91: 45.663011 | AE91: =M91-J91 -> -194.6 | AF91: =M91/J91 -> 0.9027
B92: 微波主食 | C92: 二配西班牙風味海鮮燉飯 | E92: 57.3 | F92: 936 | G92: =E92*F92 -> 53632.8 | I92: 21 | J92: 2000 | K92: =J92/I92 -> 95.238095 | L92: 20 | M92: =F92/V92*60 -> 1806.8 | N92: =M92/L92 -> 90.34 | O92: =L92-I92 -> -1 | P92: =N92-K92 -> -4.8980952 | Q92: =N92/K92 -> 0.94857 | S92: 0.75555556 | T92: 0.77712963 | U92: 5 | V92: 31.082577 | AE92: =M92-J92 -> -193.2 | AF92: =M92/J92 -> 0.9034
B106: 平均 | I106: =AVERAGE(I90:I105) -> 19.666667 | J106: =AVERAGE(J90:J105) -> 2000 | K106: =J106/I106 -> 101.69492 | L106: =AVERAGE(L90:L105) -> 18.666667 | M106: =AVERAGE(M90:M105) -> 1805.8667 | N106: =M106/L106 -> 96.742857 | O106: =L106-I106 -> -1 | P106: =N106-K106 -> -4.9520581 | Q106: =N106/K106 -> 0.95130476 | S106: 0.70833333 | T106: 0.77712963 | Y106: =SUM(Y90:Y105) -> 0 | Z106: =SUM(Z90:Z105) -> 0 | AC106: =SUM(AC90:AC105) -> 0 | AD106: =SUM(AD90:AD105) -> 0 | AE106: =M106-J106 -> -194.13333 | AF106: =M106/J106 -> 0.90293333
A107: 涼麵一線 (二配) | B107: 微波主食 | C107: 二配黃金雞排蘑菇白醬歐姆蛋飯 | E107: 56.87 | F107: 1198 | G107: =E107*F107 -> 68130.26 | I107: 23 | J107: 2000 | K107: =J107/I107 -> 86.956522 | L107: 23 | M107: =F107/V107*60 -> 1806.0186 | N107: =M107/L107 -> 78.522546 | O107: =L107-I107 -> 0 | P107: =N107-K107 -> -8.4339755 | Q107: =N107/K107 -> 0.90300928 | R107: =Q123 -> 0.9027773 | S107: 0.70833333 | T107: 0.73597222 | V107: 39.800255 | AE107: =M107-J107 -> -193.98144 | AF107: =M107/J107 -> 0.90300928 | AG107: =AF123 -> 0.9027773
B108: 微波主食 | C108: 二配里肌豬排可可咖哩歐姆蛋飯 | E108: 56.79 | F108: 1672 | G108: =E108*F108 -> 94952.88 | I108: 23 | J108: 2000 | K108: =J108/I108 -> 86.956522 | L108: 23 | M108: =F108/V108*60 -> 1800.9667 | N108: =M108/L108 -> 78.302901 | O108: =L108-I108 -> 0 | P108: =N108-K108 -> -8.6536209 | Q108: =N108/K108 -> 0.90048336 | S108: 0.73958333 | T108: 0.77826389 | U108: 5.2 | V108: 55.703417 | AE108: =M108-J108 -> -199.03328 | AF108: =M108/J108 -> 0.90048336
B109: 微波主食 | C109: 二配起司棉被海陸白醬焗烤飯 | E109: 47.6 | F109: 1913 | G109: =E109*F109 -> 91058.8 | I109: 23 | J109: 2000 | K109: =J109/I109 -> 86.956522 | L109: 23 | M109: =F109/V109*60 -> 1809.6785 | N109: =M109/L109 -> 78.681674 | O109: =L109-I109 -> 0 | P109: =N109-K109 -> -8.2748476 | Q109: =N109/K109 -> 0.90483925 | S109: 0.78125 | T109: 0.82528935 | U109: 5 | V109: 63.42563 | AE109: =M109-J109 -> -190.32149 | AF109: =M109/J109 -> 0.90483925
B123: 平均 | I123: =AVERAGE(I107:I122) -> 23 | J123: =AVERAGE(J107:J122) -> 2000 | K123: =J123/I123 -> 86.956522 | L123: =AVERAGE(L107:L122) -> 23 | M123: =AVERAGE(M107:M122) -> 1805.5546 | N123: =M123/L123 -> 78.502374 | O123: =L123-I123 -> 0 | P123: =N123-K123 -> -8.454148 | Q123: =N123/K123 -> 0.9027773 | S123: 0.70833333 | T123: 0.82528935 | Y123: =SUM(Y107:Y122) -> 0 | Z123: =SUM(Z107:Z122) -> 0 | AC123: =SUM(AC107:AC122) -> 0 | AD123: =SUM(AD107:AD122) -> 0 | AE123: =M123-J123 -> -194.4454 | AF123: =M123/J123 -> 0.9027773
AA125: 原因回覆
AA126: 1.當日出勤人數較多
AA127: 2.當日出勤人數較少
AA128: 3.當日出勤熟手較多
AA129: 4.當日出勤新人較多
AA130: 5.機台夾盒
AA131: 6.封膜不順
AA132: 7.更換膠膜
AA133: 8.更換碳帶
AA134: 9.當日熱轉印碳帶異常
AA135: 10.訂單量過少
AA136: 11.新品上市，尚未熟悉
AA137: 12.活動期間品項需貼標

Sheet 1007
B1: 屏榮 大溪廠組合室生產人時性分析
B3: 日期 | C3: 115.10.07星期三 | E3: 訂單量 | F3: ='1007(18度C)'!D1+'1007(4度C)'!D1 -> 145554 | H3: 營業額 | I3: ='1007(18度C)'!F1+'1007(4度C)'!F1 -> 4554575.8
B4: 人時性 | C4: 項目 | E4: ➀ | G4: ➁ | I4: ➂ | K4: ④ | M4: ⑤ | O4: 異常停線 | Q4: 短暫停線
C5: 組合室 | E5: 全溫層 | G5: 4度C-各編組展開(一配) | I5: 4度C-各編組展開(二配) | K5: 18度C-各編組展開(一配) | M5: 18度C-各編組展開(二配) | O5: 合計次數 | P5: 時間 | Q5: 合計次數 | R5: 設備次數
C6: 排關平均 | E6: =AVERAGE(D14:O14,D32:X32) -> 474.58296 | F6: =AVERAGE(#REF!,D14:K14) -> #REF! | G6: =AVERAGE(D14:K14) -> 276.93316 | I6: =AVERAGE(L14:O14) -> 94.325718 | K6: =AVERAGE(D32:O32) -> 717.5 | M6: =AVERAGE(P32:X32) -> 718.26923 | O6: ='1007(4度C)'!Y2 -> 0 | P6: ='1007(4度C)'!Z2 -> 0 | Q6: ='1007(4度C)'!AC2 -> 0 | R6: ='1007(4度C)'!AD2 -> 0
C7: 實績平均 | E7: =AVERAGE(D15:O15,D33:X33) -> 432.91276 | F7: =AVERAGE(#REF!,D15:K15) -> #REF! | G7: =AVERAGE(D15:K15) -> 248.82977 | I7: =AVERAGE(L15:O15) -> 87.611461 | K7: =AVERAGE(D33:O33) -> 657.38478 | M7: =AVERAGE(P33:X33) -> 657.21587
C8: 達成率平均 | E8: =AVERAGE(D16:O16,D34:X34) -> 0.90784972 | F8: =AVERAGE(D16:K16,#REF!) -> #REF! | G8: =AVERAGE(D16:K16) -> 0.89959837 | I8: =AVERAGE(L16:O16) -> 0.92692168 | K8: =AVERAGE(D34:O34) -> 0.91078059 | M8: =AVERAGE(P34:X34) -> 0.90775988
O9: ※現行日本鮮食廠以達成率80%為基本(即為現行KPI)
B11: 溫層 | D11: ➁4度C-各編組展開 | L11: ➂4度C-各編組展開
B12: 編組 | D12: 1 | E12: 2 | F12: 3 | G12: 4 | H12: 5 | I12: 6 | J12: 7 | K12: 8 | L12: 1 | M12: 2 | N12: 3 | O12: 4
D13: 便當一線 | E13: 便當二線 | F13: 涼麵一線 | G13: 涼麵二線 | H13: 涼麵三線 | I13: 自動包裝機 | J13: 自動包裝機2 | K13: 自動包裝機3 | L13: 便當一線 | M13: 便當二線 | N13: 涼麵一線 | O13: 涼麵二線
B14: 人時性 | C14: 排關 | D14: - | E14: 85.245902 | F14: 114.5098 | G14: 86.206897 | H14: 173.63636 | I14: 502 | J14: 700 | K14: - | L14: - | M14: 101.69492 | N14: 86.956522 | O14: -
C15: 實績 | D15: - | E15: 76.960529 | F15: 103.38553 | G15: 77.860138 | H15: 155.61671 | I15: 445.24945 | J15: 633.90628 | K15: - | L15: - | M15: 96.732143 | N15: 78.49078 | O15: -
C16: 達成率 | D16: - | E16: =E15/E14 -> 0.90280621 | F16: =F15/F14 -> 0.90285305 | G16: =G15/G14 -> 0.9031776 | H16: =H15/H14 -> 0.89622188 | I16: =I15/I14 -> 0.88695109 | J16: =J15/J14 -> 0.9055804 | K16: - | L16: - | M16: =M15/M14 -> 0.9511994 | N16: =N15/N14 -> 0.90264397 | O16: -
B17: 作業 時間 | C17: 開始 | D17: - | E17: 0.20833333 | F17: 0.20833333 | G17: 0.20833333 | H17: 0.25 | I17: 0.20833333 | J17: 0.25 | K17: - | L17: - | M17: 0.70833333 | N17: 0.70833333 | O17: -
C18: 結束 | D18: - | E18: 0.61229167 | F18: 0.55396991 | G18: 0.4971875 | H18: 0.41515046 | I18: 0.48258102 | J18: 0.29642361 | K18: - | L18: - | M18: 0.80793981 | N18: 0.83930556 | O18: -
B19: 產線異常 (5分鐘以上) | C19: 次數
C20: 時間/分
B21: 短暫停線 (5分鐘以下) | C21: 次數
C22: 設備次數
B23: 配置人數 | D23: - | E23: 20.333333 | F23: 20.8 | G23: 23.2 | H23: 19.8 | I23: 5.75 | J23: 6 | K23: - | L23: - | M23: 18.666667 | N23: 23 | O23: -
B24: 主要應用設備 | D24: L型封口機 | E24: ET-55 | F24: ET-55 | G24: ET-55 | H24: ET-600 | I24: 伺服包裝機 | J24: 伺服包裝機 | K24: 伺服包裝機 | L24: L型封口機 | M24: ET-55 | N24: ET-55 | O24: ET-55
B25: 次要應用設備 | D25: 伺服包裝機 | H25: 伺服包裝機
B26: 備註 | H26: 涼麵+烤飯糰 | I26: 大口飯糰線 | K26: 烤飯糰+手卷
B29: 溫層 | D29: ➃18度C-各編組展開 (一配) | P29: ⑤18度C-各編組展開 (二配)
B30: 編組 | D30: 1 | E30: 2 | F30: 3 | G30: 4 | H30: 5 | I30: 6 | J30: 7 | K30: 8 | L30: 9 | M30: 10 | N30: 11 | O30: 12 | P30: 1 | Q30: 2 | R30: 3 | S30: 4 | T30: 5 | U30: 6 | V30: 7 | W30: 8 | X30: 9
D31: 便當一線 | E31: 涼麵一線 | F31: 涼麵三線 | G31: 自動包裝機 | H31: 自動包裝機2 | I31: 自動包裝機3 | J31: 味付飯糰線B | K31: (舊) 3300型飯糰線 | L31: 3000型飯糰線 | M31: (新) 3300型飯糰機 | N31: GKK3600型 飯糰機 | O31: GKK3600型 飯糰機2 | P31: 自動包裝機 | Q31: 自動包裝機2 | R31: 自動包裝機3 | S31: 味付飯糰線B | T31: (舊) 3300型飯糰線 | U31: 3000型飯糰線 | V31: (新) 3300型飯糰機 | W31: GKK3600型 飯糰機 | X31: GKK3600型 飯糰機2
B32: 人時性 | C32: 排關 | D32: - | E32: - | F32: - | G32: 327.27273 | H32: - | I32: - | J32: - | K32: - | L32: - | M32: 750 | N32: 920 | O32: 872.72727 | P32: 300 | Q32: - | R32: - | S32: - | T32: - | U32: - | V32: 750 | W32: 923.07692 | X32: 900
C33: 實績 | D33: - | E33: - | F33: - | G33: 287.39079 | H33: - | I33: - | J33: - | K33: - | L33: - | M33: 699.22952 | N33: 846.40045 | O33: 796.51838 | P33: 260.16177 | Q33: - | R33: - | S33: - | T33: - | U33: - | V33: 699.69376 | W33: 847.60871 | X33: 821.39924
C34: 達成率 | D34: - | E34: - | F34: - | G34: =G33/G32 -> 0.87813853 | H34: - | I34: - | J34: - | K34: - | L34: - | M34: =M33/M32 -> 0.93230602 | N34: =N33/N32 -> 0.92000049 | O34: =O33/O32 -> 0.91267731 | P34: =P33/P32 -> 0.86720591 | Q34: - | R34: - | S34: - | T34: - | U34: - | V34: =V33/V32 -> 0.93292502 | W34: =W33/W32 -> 0.91824277 | X34: =X33/X32 -> 0.91266582
B35: 作業 時間 | C35: 開始 | D35: - | E35: - | F35: - | G35: 0.20833333 | H35: - | I35: - | J35: - | K35: - | L35: - | M35: 0.31458333 | N35: 0.25 | O35: 0.25 | P35: 0.73680556 | Q35: - | R35: - | S35: - | T35: - | U35: - | V35: 0.70833333 | W35: 0.73125 | X35: 0.73055556
C36: 結束 | D36: - | E36: - | F36: - | G36: 0.48258102 | H36: - | I36: - | J36: - | K36: - | L36: - | M36: 0.38748843 | N36: 0.4805787 | O36: 0.46979167 | P36: 0.74888889 | Q36: - | R36: - | S36: - | T36: - | U36: - | V36: 0.71978009 | W36: 1.0816204 | X36: 1.0689468
B37: 配置人數 | D37: - | E37: - | F37: - | G37: 11 | H37: - | I37: - | J37: - | K37: - | L37: - | M37: 4 | N37: 3.75 | O37: 4.125 | P37: 12 | Q37: - | R37: - | S37: - | T37: - | U37: - | V37: 4 | W37: 3.7142857 | X37: 4
B38: 主要應用設備 | D38: 伺服包裝機 | E38: ET-55 | F38: ET-600 | G38: 夾心型 | H38: 伺服包裝機 | I38: 伺服包裝機 | J38: 夾心型 | K38: 3300型 | L38: 3300型 | M38: 3300型 | N38: GKK | O38: GKK | P38: 夾心型 | Q38: 伺服包裝機 | R38: 伺服包裝機 | S38: 夾心型 | T38: 3300型 | U38: 3300型 | V38: 3300型 | W38: GKK | X38: GKK
B39: 次要應用設備
B40: 備註

Sheet 1007(18度C)
A1: 大溪廠日報分析 | C1: 總生產量 | D1: =SUM(F5:F140) -> 74069 | E1: 營業額 | F1: =SUM(G5:G140) -> 1470612.4 | G1: 出勤人數 | H1: =L21+L38+L55+L72+L89+L106+L123+L140 -> 46.589286 | I1: 產線配置圖 | L1: 生產實績 | O1: 人時性差異分析 | S1: 日報登錄 | Y1: 分析說明 | AA1: 產能差異分析
A2: 46302 | C2: 人時性 | D2: =AVERAGE(N21,N38,N55,N72,N89,N106,N123,N140) -> 657.30033 | E2: 平均廠價 | F2: =F1/D1 -> 19.854627 | G2: 多次生產數 | H2: =COUNT(H5:H140) -> 14
A3: 線別 | B3: 品類 | C3: 品名 | E3: 廠價 | F3: 生產量 | G3: 營收 | H3: 多次 生產 | I3: 人數 | J3: 產能/時 | K3: 人時性 | L3: 人數 | M3: 產能/時 | N3: 人時性 | O3: 人數 | P3: 人時性 | Q3: 達成率 | R3: 達成率 平均 | S3: 生產時間 | U3: 換線、休息/分 | V3: 稼動時間/分 | W3: 休息時間 | Y3: (屏榮回填) | AA3: 產能/時 | AB3: 達成率 | AC3: 達成率平均
S4: 開始 | T4: 結束 | W4: 開始 | X4: 結束
A5: 自動包裝機 | B5: 18℃-壽司手卷 | C5: 一配長野稻荷壽司 | E5: 25.64 | F5: 1110 | G5: =E5*F5 -> 28460.4 | I5: 10 | J5: 3600 | K5: =J5/I5 -> 360 | L5: 10 | M5: =F5/V5*60 -> 3216.5296 | N5: =M5/L5 -> 321.65296 | O5: =L5-I5 -> 0 | P5: =N5-K5 -> -38.347045 | Q5: =N5/K5 -> 0.89348043 | R5: =Q21 -> 0.87813853 | S5: 0.20833333 | T5: 0.22270833 | V5: 20.705546 | AA5: =M5-J5 -> -383.47045 | AB5: =M5/J5 -> 0.89348043 | AC5: =AB21 -> 0.87813853
B6: 18℃-壽司手卷 | C6: 一配經典人氣雙手卷 | E6: 29.52 | F6: 1970 | G6: =E6*F6 -> 58154.4 | I6: 11 | J6: 3600 | K6: =J6/I6 -> 327.27273 | L6: 11 | M6: =F6/V6*60 -> 3156.9318 | N6: =M6/L6 -> 286.9938 | O6: =L6-I6 -> 0 | P6: =N6-K6 -> -40.278923 | Q6: =N6/K6 -> 0.87692551 | S6: 0.22569444 | T6: 0.25168981 | U6: 5 | V6: 37.441416 | AA6: =M6-J6 -> -443.06815 | AB6: =M6/J6 -> 0.87692551
B7: 18℃-壽司手卷 | C7: 一配鮭鮪海饌雙手卷 | E7: 29.85 | F7: 2320 | G7: =E7*F7 -> 69252 | I7: 11 | J7: 3600 | K7: =J7/I7 -> 327.27273 | L7: 11 | M7: =F7/V7*60 -> 3156.1959 | N7: =M7/L7 -> 286.9269 | O7: =L7-I7 -> 0 | P7: =N7-K7 -> -40.345829 | Q7: =N7/K7 -> 0.87672108 | S7: 0.25555556 | T7: 0.28618056 | U7: 5.5666667 | V7: 44.103727 | AA7: =M7-J7 -> -443.80412 | AB7: =M7/J7 -> 0.87672108
B8: 18℃-壽司手卷 | C8: 一配青木瓜雞絲泰泰雙手卷 | E8: 30 | F8: 132 | G8: =E8*F8 -> 3960 | I8: 11 | J8: 3600 | K8: =J8/I8 -> 327.27273 | L8: 11 | M8: =F8/V8*60 -> 3157.3473 | N8: =M8/L8 -> 287.03157 | O8: =L8-I8 -> 0 | P8: =N8-K8 -> -40.241155 | Q8: =N8/K8 -> 0.87704091 | S8: 0.28958333 | T8: 0.29131944 | U8: 4.9 | V8: 2.5084349 | AA8: =M8-J8 -> -442.65271 | AB8: =M8/J8 -> 0.87704091
B9: 18℃-壽司手卷 | C9: 一配陽光蔬彩雙手卷 | E9: 30.95 | F9: 2107 | G9: =E9*F9 -> 65211.65 | I9: 11 | J9: 3600 | K9: =J9/I9 -> 327.27273 | L9: 11 | M9: =F9/V9*60 -> 3157.809 | N9: =M9/L9 -> 287.07355 | O9: =L9-I9 -> 0 | P9: =N9-K9 -> -40.199181 | Q9: =N9/K9 -> 0.87716917 | S9: 0.29444444 | T9: 0.32224537 | U9: 5 | V9: 40.034087 | AA9: =M9-J9 -> -442.19099 | AB9: =M9/J9 -> 0.87716917
B10: 18℃-飯糰 | C10: 一配兩粒飯糰(鮪魚.焦糖鮭魚) | E10: 28.57 | F10: 740 | G10: =E10*F10 -> 21141.8 | I10: 12 | J10: 3600 | K10: =J10/I10 -> 300 | L10: 12 | M10: =F10/V10*60 -> 3122.9787 | N10: =M10/L10 -> 260.24822 | O10: =L10-I10 -> 0 | P10: =N10-K10 -> -39.751778 | Q10: =N10/K10 -> 0.86749407 | S10: 0.32638889 | T10: 0.33626157 | U10: 5.9666667 | V10: 14.217196 | AA10: =M10-J10 -> -477.02134 | AB10: =M10/J10 -> 0.86749407
B21: 平均 | I21: =AVERAGE(I5:I20) -> 11 | J21: =AVERAGE(J5:J20) -> 3600 | K21: =J21/I21 -> 327.27273 | L21: =AVERAGE(L5:L20) -> 11 | M21: =AVERAGE(M5:M20) -> 3161.2987 | N21: =M21/L21 -> 287.39079 | O21: =L21-I21 -> 0 | P21: =N21-K21 -> -39.881936 | Q21: =N21/K21 -> 0.87813853 | S21: 0.20833333 | T21: 0.48258102 | AA21: =M21-J21 -> -438.70129 | AB21: =M21/J21 -> 0.87813853
A22: (新) 3300型飯糰機 | B22: 18℃-飯糰 | C22: 一配鮭魚奶油醬油飯糰 | E22: 18.53 | F22: 1498 | G22: =E22*F22 -> 27757.94 | I22: 3 | J22: 3300 | K22: =J22/I22 -> 1100 | L22: 3 | M22: =F22/V22*60 -> 3078.5714 | N22: =M22/L22 -> 1026.1905 | O22: =L22-I22 -> 0 | P22: =N22-K22 -> -73.809532 | Q22: =N22/K22 -> 0.93290043 | R22: =Q38 -> 0.93230602 | S22: 0.31458333 | T22: 0.33484954 | V22: 29.19536 | AA22: =M22-J22 -> -221.4286 | AB22: =M22/J22 -> 0.93290043 | AC22: =AB38 -> 0.93230602
B23: 18℃-飯糰 | C23: 一配熊本麥味噌雞肉飯糰 | E23: 22.95 | F23: 2934 | G23: =E23*F23 -> 67335.3 | I23: 5 | J23: 2700 | K23: =J23/I23 -> 540 | L23: 5 | M23: =F23/V23*60 -> 2515.2647 | N23: =M23/L23 -> 503.05295 | O23: =L23-I23 -> 0 | P23: =N23-K23 -> -36.947055 | Q23: =N23/K23 -> 0.93157953 | S23: 0.33888889 | T23: 0.38748843 | U23: 5.8166667 | V23: 69.988657 | AA23: =M23-J23 -> -184.73527 | AB23: =M23/J23 -> 0.93157953
B38: 平均 | I38: =AVERAGE(I22:I37) -> 4 | J38: =AVERAGE(J22:J37) -> 3000 | K38: =J38/I38 -> 750 | L38: =AVERAGE(L22:L37) -> 4 | M38: =AVERAGE(M22:M37) -> 2796.9181 | N38: =M38/L38 -> 699.22952 | O38: =L38-I38 -> 0 | P38: =N38-K38 -> -50.770484 | Q38: =N38/K38 -> 0.93230602 | S38: 0.31458333 | T38: 0.38748843 | AA38: =M38-J38 -> -203.08194 | AB38: =M38/J38 -> 0.93230602
A39: GKK3600型 飯糰機 | B39: 18℃-飯糰 | C39: 一配北海道秋鮭親子飯糰 | E39: 24.82 | F39: 722 | G39: =E39*F39 -> 17920.04 | I39: 5 | J39: 3600 | K39: =J39/I39 -> 720 | L39: 5 | M39: =F39/V39*60 -> 3286.8811 | N39: =M39/L39 -> 657.37622 | O39: =L39-I39 -> 0 | P39: =N39-K39 -> -62.623778 | Q39: =N39/K39 -> 0.91302253 | R39: =Q55 -> 0.92000049 | S39: 0.25 | T39: 0.25914352 | V39: 13.179667 | AA39: =M39-J39 -> -313.11889 | AB39: =M39/J39 -> 0.91302253 | AC39: =AB55 -> 0.92000049
B40: 18℃-飯糰 | C40: 一配熟成紅鮭飯糰 | E40: 25.03 | F40: 629 | G40: =E40*F40 -> 15743.87 | I40: 5 | J40: 3600 | K40: =J40/I40 -> 720 | L40: 5 | M40: =F40/V40*60 -> 3285.9626 | N40: =M40/L40 -> 657.19252 | O40: =L40-I40 -> 0 | P40: =N40-K40 -> -62.807483 | Q40: =N40/K40 -> 0.91276738 | S40: 0.26875 | T40: 0.27672454 | U40: 13.833333 | V40: 11.485219 | AA40: =M40-J40 -> -314.03742 | AB40: =M40/J40 -> 0.91276738
B41: 18℃-飯糰 | C41: 一配生鱈魚子鮭魚飯糰 | E41: 23.8 | F41: 490 | G41: =E41*F41 -> 11662 | I41: 4 | J41: 3600 | K41: =J41/I41 -> 900 | L41: 4 | M41: =F41/V41*60 -> 3282.7737 | N41: =M41/L41 -> 820.69343 | O41: =L41-I41 -> 0 | P41: =N41-K41 -> -79.306568 | Q41: =N41/K41 -> 0.91188159 | S41: 0.28541667 | T41: 0.29163194 | U41: 12.516667 | V41: 8.9558411 | AA41: =M41-J41 -> -317.22627 | AB41: =M41/J41 -> 0.91188159
B42: 18℃-飯糰 | C42: 一配筋子銀鮭飯糰 | E42: 30 | F42: 607 | G42: =E42*F42 -> 18210 | I42: 4 | J42: 3300 | K42: =J42/I42 -> 825 | L42: 4 | M42: =F42/V42*60 -> 3082.5882 | N42: =M42/L42 -> 770.64704 | O42: =L42-I42 -> 0 | P42: =N42-K42 -> -54.352957 | Q42: =N42/K42 -> 0.93411763 | S42: 0.30069444 | T42: 0.30888889 | U42: 13.05 | V42: 11.814747 | AA42: =M42-J42 -> -217.41183 | AB42: =M42/J42 -> 0.93411763
B43: 18℃-飯糰 | C43: 一配蔬食鮪魚飯糰 | E43: 18.18 | F43: 839 | G43: =E43*F43 -> 15253.02 | I43: 3 | J43: 3600 | K43: =J43/I43 -> 1200 | L43: 3 | M43: =F43/V43*60 -> 3283.1277 | N43: =M43/L43 -> 1094.3759 | O43: =L43-I43 -> 0 | P43: =N43-K43 -> -105.62411 | Q43: =N43/K43 -> 0.91197991 | S43: 0.31805556 | T43: 0.32869213 | U43: 13.2 | V43: 15.33294 | AA43: =M43-J43 -> -316.87234 | AB43: =M43/J43 -> 0.91197991
B44: 18℃-飯糰 | C44: 一配黑胡椒洋蔥豬飯糰 | E44: 17.07 | F44: 1139 | G44: =E44*F44 -> 19442.73 | I44: 3 | J44: 3300 | K44: =J44/I44 -> 1100 | L44: 3 | M44: =F44/V44*60 -> 3080.7726 | N44: =M44/L44 -> 1026.9242 | O44: =L44-I44 -> 0 | P44: =N44-K44 -> -73.075801 | Q44: =N44/K44 -> 0.93356745 | S44: 0.33819444 | T44: 0.35358796 | U44: 13.683333 | V44: 22.182747 | AA44: =M44-J44 -> -219.2274 | AB44: =M44/J44 -> 0.93356745
B45: 18℃-飯糰 | C45: 一配經典肉鬆飯糰 | E45: 14.03 | F45: 3239 | G45: =E45*F45 -> 45443.17 | I45: 3 | J45: 3000 | K45: =J45/I45 -> 1000 | L45: 3 | M45: =F45/V45*60 -> 2801.9556 | N45: =M45/L45 -> 933.9852 | O45: =L45-I45 -> 0 | P45: =N45-K45 -> -66.014804 | Q45: =N45/K45 -> 0.9339852 | S45: 0.3625 | T45: 0.41065972 | U45: 12.833333 | V45: 69.358701 | AA45: =M45-J45 -> -198.04441 | AB45: =M45/J45 -> 0.9339852
B46: 18℃-飯糰 | C46: 一配鮪魚飯糰 | E46: 14.28 | F46: 4825 | G46: =E46*F46 -> 68901 | I46: 3 | J46: 3600 | K46: =J46/I46 -> 1200 | L46: 3 | M46: =F46/V46*60 -> 3287.9521 | N46: =M46/L46 -> 1095.984 | O46: =L46-I46 -> 0 | P46: =N46-K46 -> -104.01598 | Q46: =N46/K46 -> 0.91332002 | S46: 0.41944444 | T46: 0.4805787 | U46: 12.65 | V46: 88.048729 | AA46: =M46-J46 -> -312.04794 | AB46: =M46/J46 -> 0.91332002
B55: 平均 | I55: =AVERAGE(I39:I54) -> 3.75 | J55: =AVERAGE(J39:J54) -> 3450 | K55: =J55/I55 -> 920 | L55: =AVERAGE(L39:L54) -> 3.75 | M55: =AVERAGE(M39:M54) -> 3174.0017 | N55: =M55/L55 -> 846.40045 | O55: =L55-I55 -> 0 | P55: =N55-K55 -> -73.59955 | Q55: =N55/K55 -> 0.92000049 | S55: 0.25 | T55: 0.4805787 | AA55: =M55-J55 -> -275.99831 | AB55: =M55/J55 -> 0.92000049
A56: GKK3600型 飯糰機2 | B56: 18℃-飯糰 | C56: 一配明太子龍蝦風味沙拉飯糰 | E56: 18.18 | F56: 1333 | G56: =E56*F56 -> 24233.94 | I56: 3 | J56: 3600 | K56: =J56/I56 -> 1200 | L56: 3 | M56: =F56/V56*60 -> 3283.6599 | N56: =M56/L56 -> 1094.5533 | O56: =L56-I56 -> 0 | P56: =N56-K56 -> -105.44669 | Q56: =N56/K56 -> 0.91212776 | R56: =Q72 -> 0.91267731 | S56: 0.25 | T56: 0.26690972 | V56: 24.356968 | AA56: =M56-J56 -> -316.34008 | AB56: =M56/J56 -> 0.91212776 | AC56: =AB72 -> 0.91267731
B57: 18℃-飯糰 | C57: 一配椒鹽檸檬鯖魚飯糰 | E57: 20.72 | F57: 686 | G57: =E57*F57 -> 14213.92 | I57: 3 | J57: 3600 | K57: =J57/I57 -> 1200 | L57: 3 | M57: =F57/V57*60 -> 3287.9874 | N57: =M57/L57 -> 1095.9958 | O57: =L57-I57 -> 0 | P57: =N57-K57 -> -104.00421 | Q57: =N57/K57 -> 0.91332983 | S57: 0.27569444 | T57: 0.28438657 | U57: 12.65 | V57: 12.518296 | AA57: =M57-J57 -> -312.01262 | AB57: =M57/J57 -> 0.91332983
B58: 18℃-飯糰 | C58: 一配贅沢鮭魚肚飯糰 | E58: 30 | F58: 983 | G58: =E58*F58 -> 29490 | I58: 4 | J58: 3600 | K58: =J58/I58 -> 900 | L58: 4 | M58: =F58/V58*60 -> 3288.5419 | N58: =M58/L58 -> 822.13547 | O58: =L58-I58 -> 0 | P58: =N58-K58 -> -77.864534 | Q58: =N58/K58 -> 0.91348385 | S58: 0.29375 | T58: 0.3062037 | U58: 13.483333 | V58: 17.935001 | AA58: =M58-J58 -> -311.45814 | AB58: =M58/J58 -> 0.91348385
B59: 18℃-飯糰 | C59: 一配卵黃牛挽肉飯糰 | E59: 24.76 | F59: 902 | G59: =E59*F59 -> 22333.52 | I59: 4 | J59: 3600 | K59: =J59/I59 -> 900 | L59: 4 | M59: =F59/V59*60 -> 3283.3034 | N59: =M59/L59 -> 820.82585 | O59: =L59-I59 -> 0 | P59: =N59-K59 -> -79.174155 | Q59: =N59/K59 -> 0.91202872 | S59: 0.31458333 | T59: 0.32603009 | U59: 12.066667 | V59: 16.483399 | AA59: =M59-J59 -> -316.69662 | AB59: =M59/J59 -> 0.91202872
B60: 18℃-飯糰 | C60: 一配鹽蔥燒肉飯糰 | E60: 17.89 | F60: 1999 | G60: =E60*F60 -> 35762.11 | I60: 4 | J60: 3600 | K60: =J60/I60 -> 900 | L60: 4 | M60: =F60/V60*60 -> 3285.2166 | N60: =M60/L60 -> 821.30414 | O60: =L60-I60 -> 0 | P60: =N60-K60 -> -78.695857 | Q60: =N60/K60 -> 0.91256016 | S60: 0.33541667 | T60: 0.36076389 | U60: 13.516667 | V60: 36.509009 | AA60: =M60-J60 -> -314.78343 | AB60: =M60/J60 -> 0.91256016
B61: 18℃-飯糰 | C61: 一配醬燒炙烤牛飯糰 | E61: 22.32 | F61: 1438 | G61: =E61*F61 -> 32096.16 | I61: 5 | J61: 3600 | K61: =J61/I61 -> 720 | L61: 5 | M61: =F61/V61*60 -> 3283.4835 | N61: =M61/L61 -> 656.69671 | O61: =L61-I61 -> 0 | P61: =N61-K61 -> -63.30329 | Q61: =N61/K61 -> 0.91207876 | S61: 0.36944444 | T61: 0.38768519 | U61: 12.5 | V61: 26.27697 | AA61: =M61-J61 -> -316.51645 | AB61: =M61/J61 -> 0.91207876
B62: 18℃-飯糰 | C62: 一配鹽蔥生鮭飯糰 | E62: 27.48 | F62: 1145 | G62: =E62*F62 -> 31464.6 | I62: 5 | J62: 3600 | K62: =J62/I62 -> 720 | L62: 5 | M62: =F62/V62*60 -> 3286.1501 | N62: =M62/L62 -> 657.23001 | O62: =L62-I62 -> 0 | P62: =N62-K62 -> -62.769986 | Q62: =N62/K62 -> 0.91281946 | S62: 0.39722222 | T62: 0.41173611 | U62: 13.733333 | V62: 20.905923 | AA62: =M62-J62 -> -313.84993 | AB62: =M62/J62 -> 0.91281946
B63: 18℃-飯糰 | C63: 一配雞肉飯飯糰 | E63: 16.66 | F63: 3917 | G63: =E63*F63 -> 65257.22 | I63: 5 | J63: 3600 | K63: =J63/I63 -> 720 | L63: 5 | M63: =F63/V63*60 -> 3286.7637 | N63: =M63/L63 -> 657.35275 | O63: =L63-I63 -> 0 | P63: =N63-K63 -> -62.647251 | Q63: =N63/K63 -> 0.91298993 | S63: 0.42013889 | T63: 0.46979167 | U63: 12.1 | V63: 71.504987 | AA63: =M63-J63 -> -313.23625 | AB63: =M63/J63 -> 0.91298993
B72: 平均 | I72: =AVERAGE(I56:I71) -> 4.125 | J72: =AVERAGE(J56:J71) -> 3600 | K72: =J72/I72 -> 872.72727 | L72: =AVERAGE(L56:L71) -> 4.125 | M72: =AVERAGE(M56:M71) -> 3285.6383 | N72: =M72/L72 -> 796.51838 | O72: =L72-I72 -> 0 | P72: =N72-K72 -> -76.208895 | Q72: =N72/K72 -> 0.91267731 | S72: 0.25 | T72: 0.46979167 | AA72: =M72-J72 -> -314.36169 | AB72: =M72/J72 -> 0.91267731
A73: 自動包裝機 (二配) | B73: 18℃-飯糰 | C73: 二配兩粒飯糰(鮪魚.焦糖鮭魚) | E73: 28.57 | F73: 906 | G73: =E73*F73 -> 25884.42 | I73: 12 | J73: 3600 | K73: =J73/I73 -> 300 | L73: 12 | M73: =F73/V73*60 -> 3121.9413 | N73: =M73/L73 -> 260.16177 | O73: =L73-I73 -> 0 | P73: =N73-K73 -> -39.838228 | Q73: =N73/K73 -> 0.86720591 | R73: =Q89 -> 0.86720591 | S73: 0.73680556 | T73: 0.74888889 | V73: 17.412243 | AA73: =M73-J73 -> -478.05874 | AB73: =M73/J73 -> 0.86720591 | AC73: =AB89 -> 0.86720591
B89: 平均 | I89: =AVERAGE(I73:I88) -> 12 | J89: =AVERAGE(J73:J88) -> 3600 | K89: =J89/I89 -> 300 | L89: =AVERAGE(L73:L88) -> 12 | M89: =AVERAGE(M73:M88) -> 3121.9413 | N89: =M89/L89 -> 260.16177 | O89: =L89-I89 -> 0 | P89: =N89-K89 -> -39.838228 | Q89: =N89/K89 -> 0.86720591 | S89: 0.73680556 | T89: 0.74888889 | AA89: =M89-J89 -> -478.05874 | AB89: =M89/J89 -> 0.86720591
A90: (新) 3300型飯糰機 (二配) | B90: 18℃-飯糰 | C90: 二配大飯糰韓式蒜烤豬五花 | E90: 24.54 | F90: 769 | G90: =E90*F90 -> 18871.26 | I90: 4 | J90: 3000 | K90: =J90/I90 -> 750 | L90: 4 | M90: =F90/V90*60 -> 2798.7751 | N90: =M90/L90 -> 699.69376 | O90: =L90-I90 -> 0 | P90: =N90-K90 -> -50.306235 | Q90: =N90/K90 -> 0.93292502 | R90: =Q106 -> 0.93292502 | S90: 0.70833333 | T90: 0.71978009 | V90: 16.485784 | AA90: =M90-J90 -> -201.22494 | AB90: =M90/J90 -> 0.93292502 | AC90: =AB106 -> 0.93292502
B106: 平均 | I106: =AVERAGE(I90:I105) -> 4 | J106: =AVERAGE(J90:J105) -> 3000 | K106: =J106/I106 -> 750 | L106: =AVERAGE(L90:L105) -> 4 | M106: =AVERAGE(M90:M105) -> 2798.7751 | N106: =M106/L106 -> 699.69376 | O106: =L106-I106 -> 0 | P106: =N106-K106 -> -50.306235 | Q106: =N106/K106 -> 0.93292502 | S106: 0.70833333 | T106: 0.71978009 | AA106: =M106-J106 -> -201.22494 | AB106: =M106/J106 -> 0.93292502
A107: GKK3600型 飯糰機 (二配) | B107: 18℃-飯糰 | C107: 二配經典肉鬆飯糰 | E107: 14.03 | F107: 293 | G107: =E107*F107 -> 4110.79 | H107: 2 | I107: 3 | J107: 3000 | K107: =J107/I107 -> 1000 | L107: 3 | M107: =F107/V107*60 -> 2804.5383 | N107: =M107/L107 -> 934.84609 | O107: =L107-I107 -> 0 | P107: =N107-K107 -> -65.153906 | Q107: =N107/K107 -> 0.93484609 | R107: =Q123 -> 0.91824277 | S107: 0.73125 | T107: 0.73560185 | V107: 6.2684115 | AA107: =M107-J107 -> -195.46172 | AB107: =M107/J107 -> 0.93484609 | AC107: =AB123 -> 0.91824277
B108: 18℃-飯糰 | C108: 二配芝麻香鬆飯糰 | E108: 18.18 | F108: 539 | G108: =E108*F108 -> 9799.02 | H108: 2 | I108: 3 | J108: 3000 | K108: =J108/I108 -> 1000 | L108: 3 | M108: =F108/V108*60 -> 2799.3874 | N108: =M108/L108 -> 933.12914 | O108: =L108-I108 -> 0 | P108: =N108-K108 -> -66.870861 | Q108: =N108/K108 -> 0.93312914 | S108: 0.74444444 | T108: 0.75246528 | U108: 12.733333 | V108: 11.552527 | AA108: =M108-J108 -> -200.61258 | AB108: =M108/J108 -> 0.93312914
B109: 18℃-飯糰 | C109: 二配蔬食鮪魚飯糰 | E109: 18.18 | F109: 340 | G109: =E109*F109 -> 6181.2 | H109: 2 | I109: 3 | J109: 3600 | K109: =J109/I109 -> 1200 | L109: 3 | M109: =F109/V109*60 -> 3287.8653 | N109: =M109/L109 -> 1095.9551 | O109: =L109-I109 -> 0 | P109: =N109-K109 -> -104.04488 | Q109: =N109/K109 -> 0.91329593 | S109: 0.76180556 | T109: 0.76611111 | U109: 13.45 | V109: 6.2046337 | AA109: =M109-J109 -> -312.13465 | AB109: =M109/J109 -> 0.91329593
B110: 18℃-飯糰 | C110: 二配三杯醬爆菇菇飯糰 | E110: 16.7 | F110: 938 | G110: =E110*F110 -> 15664.6 | H110: 2 | I110: 3 | J110: 3600 | K110: =J110/I110 -> 1200 | L110: 3 | M110: =F110/V110*60 -> 3286.872 | N110: =M110/L110 -> 1095.624 | O110: =L110-I110 -> 0 | P110: =N110-K110 -> -104.37599 | Q110: =N110/K110 -> 0.91302001 | S110: 0.77569444 | T110: 0.78758102 | U110: 13.8 | V110: 17.122662 | AA110: =M110-J110 -> -313.12797 | AB110: =M110/J110 -> 0.91302001
B111: 18℃-飯糰 | C111: 二配贅沢鮭魚肚飯糰 | E111: 30 | F111: 593 | G111: =E111*F111 -> 17790 | H111: 2 | I111: 4 | J111: 3600 | K111: =J111/I111 -> 900 | L111: 4 | M111: =F111/V111*60 -> 3287.3138 | N111: =M111/L111 -> 821.82844 | O111: =L111-I111 -> 0 | P111: =N111-K111 -> -78.171555 | Q111: =N111/K111 -> 0.91314272 | S111: 0.79722222 | T111: 0.8047338 | U111: 13.883333 | V111: 10.823427 | AA111: =M111-J111 -> -312.68622 | AB111: =M111/J111 -> 0.91314272
B112: 18℃-飯糰 | C112: 二配熟成紅鮭飯糰 | E112: 25.03 | F112: 373 | G112: =E112*F112 -> 9336.19 | H112: 2 | I112: 5 | J112: 3600 | K112: =J112/I112 -> 720 | L112: 5 | M112: =F112/V112*60 -> 3284.4439 | N112: =M112/L112 -> 656.88878 | O112: =L112-I112 -> 0 | P112: =N112-K112 -> -63.111223 | Q112: =N112/K112 -> 0.91234552 | S112: 0.81319444 | T112: 0.81791667 | U112: 12.183333 | V112: 6.8139389 | AA112: =M112-J112 -> -315.55611 | AB112: =M112/J112 -> 0.91234552
B113: 18℃-飯糰 | C113: 二配雞肉飯飯糰 | E113: 16.66 | F113: 2118 | G113: =E113*F113 -> 35285.88 | H113: 2 | I113: 5 | J113: 3600 | K113: =J113/I113 -> 720 | L113: 5 | M113: =F113/V113*60 -> 3287.4057 | N113: =M113/L113 -> 657.48115 | O113: =L113-I113 -> 0 | P113: =N113-K113 -> -62.518852 | Q113: =N113/K113 -> 0.91316826 | S113: 0.82708333 | T113: 0.85392361 | U113: 13.2 | V113: 38.656622 | AA113: =M113-J113 -> -312.59426 | AB113: =M113/J113 -> 0.91316826
B114: 18℃-飯糰 | C114: 二配芝麻香鬆飯糰 | E114: 18.18 | F114: 746 | G114: =E114*F114 -> 13562.28 | I114: 3 | J114: 3000 | K114: =J114/I114 -> 1000 | L114: 3 | M114: =F114/V114*60 -> 2799.3874 | N114: =M114/L114 -> 933.12914 | O114: =L114-I114 -> 0 | P114: =N114-K114 -> -66.870861 | Q114: =N114/K114 -> 0.93312914 | S114: 0.86319444 | T114: 0.87429398 | U114: 13.35 | V114: 15.989212 | AA114: =M114-J114 -> -200.61258 | AB114: =M114/J114 -> 0.93312914
B115: 18℃-飯糰 | C115: 二配蔬食鮪魚飯糰 | E115: 18.18 | F115: 443 | G115: =E115*F115 -> 8053.74 | I115: 3 | J115: 3600 | K115: =J115/I115 -> 1200 | L115: 3 | M115: =F115/V115*60 -> 3287.8653 | N115: =M115/L115 -> 1095.9551 | O115: =L115-I115 -> 0 | P115: =N115-K115 -> -104.04488 | Q115: =N115/K115 -> 0.91329593 | S115: 0.88333333 | T115: 0.88894676 | U115: 13.016667 | V115: 8.0842727 | AA115: =M115-J115 -> -312.13465 | AB115: =M115/J115 -> 0.91329593
B116: 18℃-飯糰 | C116: 二配三杯醬爆菇菇飯糰 | E116: 16.7 | F116: 1350 | G116: =E116*F116 -> 22545 | I116: 3 | J116: 3600 | K116: =J116/I116 -> 1200 | L116: 3 | M116: =F116/V116*60 -> 3286.872 | N116: =M116/L116 -> 1095.624 | O116: =L116-I116 -> 0 | P116: =N116-K116 -> -104.37599 | Q116: =N116/K116 -> 0.91302001 | S116: 0.89791667 | T116: 0.91502315 | U116: 12.916667 | V116: 24.643491 | AA116: =M116-J116 -> -313.12797 | AB116: =M116/J116 -> 0.91302001
B117: 18℃-飯糰 | C117: 二配贅沢鮭魚肚飯糰 | E117: 30 | F117: 824 | G117: =E117*F117 -> 24720 | I117: 4 | J117: 3600 | K117: =J117/I117 -> 900 | L117: 4 | M117: =F117/V117*60 -> 3287.3138 | N117: =M117/L117 -> 821.82844 | O117: =L117-I117 -> 0 | P117: =N117-K117 -> -78.171555 | Q117: =N117/K117 -> 0.91314272 | S117: 0.92430556 | T117: 0.93474537 | U117: 13.366667 | V117: 15.039635 | AA117: =M117-J117 -> -312.68622 | AB117: =M117/J117 -> 0.91314272
B118: 18℃-飯糰 | C118: 二配熟成紅鮭飯糰 | E118: 25.03 | F118: 449 | G118: =E118*F118 -> 11238.47 | I118: 5 | J118: 3600 | K118: =J118/I118 -> 720 | L118: 5 | M118: =F118/V118*60 -> 3284.4439 | N118: =M118/L118 -> 656.88878 | O118: =L118-I118 -> 0 | P118: =N118-K118 -> -63.111223 | Q118: =N118/K118 -> 0.91234552 | S118: 0.94375 | T118: 0.94944444 | U118: 12.966667 | V118: 8.2023018 | AA118: =M118-J118 -> -315.55611 | AB118: =M118/J118 -> 0.91234552
B119: 18℃-飯糰 | C119: 二配經典肉鬆飯糰 | E119: 14.03 | F119: 4775 | G119: =E119*F119 -> 66993.25 | I119: 3 | J119: 3000 | K119: =J119/I119 -> 1000 | L119: 3 | M119: =F119/V119*60 -> 2804.5383 | N119: =M119/L119 -> 934.84609 | O119: =L119-I119 -> 0 | P119: =N119-K119 -> -65.153906 | Q119: =N119/K119 -> 0.93484609 | S119: 0.95833333 | T119: 1.0292708 | U119: 12.8 | V119: 102.15585 | AA119: =M119-J119 -> -195.46172 | AB119: =M119/J119 -> 0.93484609
B120: 18℃-飯糰 | C120: 二配雞肉飯飯糰 | E120: 16.66 | F120: 3427 | G120: =E120*F120 -> 57093.82 | I120: 5 | J120: 3600 | K120: =J120/I120 -> 720 | L120: 5 | M120: =F120/V120*60 -> 3287.4057 | N120: =M120/L120 -> 657.48115 | O120: =L120-I120 -> 0 | P120: =N120-K120 -> -62.518852 | Q120: =N120/K120 -> 0.91316826 | S120: 1.0381944 | T120: 1.0816204 | U120: 12.85 | V120: 62.547801 | AA120: =M120-J120 -> -312.59426 | AB120: =M120/J120 -> 0.91316826
B123: 平均 | I123: =AVERAGE(I107:I122) -> 3.7142857 | J123: =AVERAGE(J107:J122) -> 3428.5714 | K123: =J123/I123 -> 923.07692 | L123: =AVERAGE(L107:L122) -> 3.7142857 | M123: =AVERAGE(M107:M122) -> 3148.2609 | N123: =M123/L123 -> 847.60871 | O123: =L123-I123 -> 0 | P123: =N123-K123 -> -75.468212 | Q123: =N123/K123 -> 0.91824277 | S123: 0.73125 | T123: 1.0816204 | AA123: =M123-J123 -> -280.3105 | AB123: =M123/J123 -> 0.91824277
A124: GKK3600型 飯糰機2 (二配) | B124: 18℃-飯糰 | C124: 二配鮪魚飯糰 | E124: 14.28 | F124: 362 | G124: =E124*F124 -> 5169.36 | H124: 2 | I124: 3 | J124: 3600 | K124: =J124/I124 -> 1200 | L124: 3 | M124: =F124/V124*60 -> 3286.4845 | N124: =M124/L124 -> 1095.4948 | O124: =L124-I124 -> 0 | P124: =N124-K124 -> -104.50516 | Q124: =N124/K124 -> 0.91291237 | R124: =Q140 -> 0.91266582 | S124: 0.73055556 | T124: 0.73513889 | V124: 6.6088855 | AA124: =M124-J124 -> -313.51549 | AB124: =M124/J124 -> 0.91291237 | AC124: =AB140 -> 0.91266582
B125: 18℃-飯糰 | C125: 二配生鱈魚子鮭魚飯糰 | E125: 23.8 | F125: 247 | G125: =E125*F125 -> 5878.6 | H125: 2 | I125: 4 | J125: 3600 | K125: =J125/I125 -> 900 | L125: 4 | M125: =F125/V125*60 -> 3285.4785 | N125: =M125/L125 -> 821.36962 | O125: =L125-I125 -> 0 | P125: =N125-K125 -> -78.630381 | Q125: =N125/K125 -> 0.91263291 | S125: 0.74375 | T125: 0.746875 | U125: 12.4 | V125: 4.5107585 | AA125: =M125-J125 -> -314.52152 | AB125: =M125/J125 -> 0.91263291
B126: 18℃-飯糰 | C126: 二配北海道秋鮭親子飯糰 | E126: 24.82 | F126: 586 | G126: =E126*F126 -> 14544.52 | H126: 2 | I126: 5 | J126: 3600 | K126: =J126/I126 -> 720 | L126: 5 | M126: =F126/V126*60 -> 3284.8452 | N126: =M126/L126 -> 656.96904 | O126: =L126-I126 -> 0 | P126: =N126-K126 -> -63.030963 | Q126: =N126/K126 -> 0.912457 | S126: 0.75555556 | T126: 0.76298611 | U126: 12.5 | V126: 10.703701 | AA126: =M126-J126 -> -315.15481 | AB126: =M126/J126 -> 0.912457
B127: 18℃-飯糰 | C127: 二配卵黃牛挽肉飯糰 | E127: 24.76 | F127: 377 | G127: =E127*F127 -> 9334.52 | H127: 2 | I127: 4 | J127: 3600 | K127: =J127/I127 -> 900 | L127: 4 | M127: =F127/V127*60 -> 3287.5398 | N127: =M127/L127 -> 821.88495 | O127: =L127-I127 -> 0 | P127: =N127-K127 -> -78.115047 | Q127: =N127/K127 -> 0.9132055 | S127: 0.77152778 | T127: 0.7762963 | U127: 12.3 | V127: 6.880525 | AA127: =M127-J127 -> -312.46019 | AB127: =M127/J127 -> 0.9132055
B128: 18℃-飯糰 | C128: 二配醬燒炙烤牛飯糰 | E128: 22.32 | F128: 647 | G128: =E128*F128 -> 14441.04 | H128: 2 | I128: 5 | J128: 3600 | K128: =J128/I128 -> 720 | L128: 5 | M128: =F128/V128*60 -> 3284.2561 | N128: =M128/L128 -> 656.85122 | O128: =L128-I128 -> 0 | P128: =N128-K128 -> -63.148776 | Q128: =N128/K128 -> 0.91229337 | S128: 0.78541667 | T128: 0.79362269 | U128: 13.133333 | V128: 11.820028 | AA128: =M128-J128 -> -315.74388 | AB128: =M128/J128 -> 0.91229337
B129: 18℃-飯糰 | C129: 二配明太子龍蝦風味沙拉飯糰 | E129: 18.18 | F129: 893 | G129: =E129*F129 -> 16234.74 | H129: 2 | I129: 3 | J129: 3600 | K129: =J129/I129 -> 1200 | L129: 3 | M129: =F129/V129*60 -> 3283.9093 | N129: =M129/L129 -> 1094.6364 | O129: =L129-I129 -> 0 | P129: =N129-K129 -> -105.36355 | Q129: =N129/K129 -> 0.91219704 | S129: 0.80277778 | T129: 0.81409722 | U129: 13.183333 | V129: 16.315919 | AA129: =M129-J129 -> -316.09066 | AB129: =M129/J129 -> 0.91219704
B130: 18℃-飯糰 | C130: 二配鹽蔥燒肉飯糰 | E130: 17.89 | F130: 1391 | G130: =E130*F130 -> 24884.99 | H130: 2 | I130: 4 | J130: 3600 | K130: =J130/I130 -> 900 | L130: 4 | M130: =F130/V130*60 -> 3286.6651 | N130: =M130/L130 -> 821.66628 | O130: =L130-I130 -> 0 | P130: =N130-K130 -> -78.333715 | Q130: =N130/K130 -> 0.91296254 | S130: 0.82361111 | T130: 0.84123843 | U130: 13.7 | V130: 25.393521 | AA130: =M130-J130 -> -313.33486 | AB130: =M130/J130 -> 0.91296254
B131: 18℃-飯糰 | C131: 二配生鱈魚子鮭魚飯糰 | E131: 23.8 | F131: 255 | G131: =E131*F131 -> 6069 | I131: 4 | J131: 3600 | K131: =J131/I131 -> 900 | L131: 4 | M131: =F131/V131*60 -> 3285.4785 | N131: =M131/L131 -> 821.36962 | O131: =L131-I131 -> 0 | P131: =N131-K131 -> -78.630381 | Q131: =N131/K131 -> 0.91263291 | S131: 0.85069444 | T131: 0.85392361 | U131: 13.616667 | V131: 4.656856 | AA131: =M131-J131 -> -314.52152 | AB131: =M131/J131 -> 0.91263291
B132: 18℃-飯糰 | C132: 二配北海道秋鮭親子飯糰 | E132: 24.82 | F132: 759 | G132: =E132*F132 -> 18838.38 | I132: 5 | J132: 3600 | K132: =J132/I132 -> 720 | L132: 5 | M132: =F132/V132*60 -> 3284.8452 | N132: =M132/L132 -> 656.96904 | O132: =L132-I132 -> 0 | P132: =N132-K132 -> -63.030963 | Q132: =N132/K132 -> 0.912457 | S132: 0.86319444 | T132: 0.8728125 | U132: 13.35 | V132: 13.863667 | AA132: =M132-J132 -> -315.15481 | AB132: =M132/J132 -> 0.912457
B133: 18℃-飯糰 | C133: 二配卵黃牛挽肉飯糰 | E133: 24.76 | F133: 543 | G133: =E133*F133 -> 13444.68 | I133: 4 | J133: 3600 | K133: =J133/I133 -> 900 | L133: 4 | M133: =F133/V133*60 -> 3287.5398 | N133: =M133/L133 -> 821.88495 | O133: =L133-I133 -> 0 | P133: =N133-K133 -> -78.115047 | Q133: =N133/K133 -> 0.9132055 | S133: 0.88194444 | T133: 0.88881944 | U133: 13.15 | V133: 9.9101462 | AA133: =M133-J133 -> -312.46019 | AB133: =M133/J133 -> 0.9132055
B134: 18℃-飯糰 | C134: 二配醬燒炙烤牛飯糰 | E134: 22.32 | F134: 1075 | G134: =E134*F134 -> 23994 | I134: 5 | J134: 3600 | K134: =J134/I134 -> 720 | L134: 5 | M134: =F134/V134*60 -> 3284.2561 | N134: =M134/L134 -> 656.85122 | O134: =L134-I134 -> 0 | P134: =N134-K134 -> -63.148776 | Q134: =N134/K134 -> 0.91229337 | S134: 0.89791667 | T134: 0.91155093 | U134: 13.1 | V134: 19.63915 | AA134: =M134-J134 -> -315.74388 | AB134: =M134/J134 -> 0.91229337
B135: 18℃-飯糰 | C135: 二配明太子龍蝦風味沙拉飯糰 | E135: 18.18 | F135: 1475 | G135: =E135*F135 -> 26815.5 | I135: 3 | J135: 3600 | K135: =J135/I135 -> 1200 | L135: 3 | M135: =F135/V135*60 -> 3283.9093 | N135: =M135/L135 -> 1094.6364 | O135: =L135-I135 -> 0 | P135: =N135-K135 -> -105.36355 | Q135: =N135/K135 -> 0.91219704 | S135: 0.92013889 | T135: 0.93884259 | U135: 12.366667 | V135: 26.949587 | AA135: =M135-J135 -> -316.09066 | AB135: =M135/J135 -> 0.91219704
B136: 18℃-飯糰 | C136: 二配鹽蔥燒肉飯糰 | E136: 17.89 | F136: 2338 | G136: =E136*F136 -> 41826.82 | I136: 4 | J136: 3600 | K136: =J136/I136 -> 900 | L136: 4 | M136: =F136/V136*60 -> 3286.6651 | N136: =M136/L136 -> 821.66628 | O136: =L136-I136 -> 0 | P136: =N136-K136 -> -78.333715 | Q136: =N136/K136 -> 0.91296254 | S136: 0.94791667 | T136: 0.9775463 | U136: 13.066667 | V136: 42.681561 | AA136: =M136-J136 -> -313.33486 | AB136: =M136/J136 -> 0.91296254
B137: 18℃-飯糰 | C137: 二配鮪魚飯糰 | E137: 14.28 | F137: 6534 | G137: =E137*F137 -> 93305.52 | I137: 3 | J137: 3600 | K137: =J137/I137 -> 1200 | L137: 3 | M137: =F137/V137*60 -> 3286.4845 | N137: =M137/L137 -> 1095.4948 | O137: =L137-I137 -> 0 | P137: =N137-K137 -> -104.50516 | Q137: =N137/K137 -> 0.91291237 | S137: 0.98611111 | T137: 1.0689468 | U137: 12.333333 | V137: 119.28856 | AA137: =M137-J137 -> -313.51549 | AB137: =M137/J137 -> 0.91291237
B140: 平均 | I140: =AVERAGE(I124:I139) -> 4 | J140: =AVERAGE(J124:J139) -> 3600 | K140: =J140/I140 -> 900 | L140: =AVERAGE(L124:L139) -> 4 | M140: =AVERAGE(M124:M139) -> 3285.5969 | N140: =M140/L140 -> 821.39924 | O140: =L140-I140 -> 0 | P140: =N140-K140 -> -78.600765 | Q140: =N140/K140 -> 0.91266582 | S140: 0.73055556 | T140: 1.0689468 | AA140: =M140-J140 -> -314.40306 | AB140: =M140/J140 -> 0.91266582
Y142: 原因回覆
Y143: 1.當日出勤人數較多
Y144: 2.當日出勤人數較少
Y145: 3.當日出勤熟手較多
Y146: 4.當日出勤新人較多
Y147: 5.機台夾盒
Y148: 6.封膜不順
Y149: 7.更換膠膜
Y150: 8.更換碳帶
Y151: 9.當日熱轉印碳帶異常
Y152: 10.訂單量過少
Y153: 11.新品上市，尚未熟悉
Y154: 12.活動期間品項需貼標

Sheet 1007(4度C)
A1: 大溪廠日報分析 | C1: 總生產量 | D1: =SUM(F5:F140) -> 71485 | E1: 營業額 | F1: =SUM(G5:G140) -> 3083963.4 | G1: 出勤人數 | H1: =L21+L38+L55+L72+L89+L106+L123+L140 -> 137.55 | I1: 產線配置圖 | L1: 生產實績 | O1: 人時性差異分析 | S1: 日報登錄 | Y1: 合計次數 | Z1: 合計(時間/分) | AA1: 產線異常 分析說明(5分鐘以上) | AC1: 合計次數 | AD1: 合計(時間/分) | AE1: 產能差異分析
A2: 46302 | C2: 人時性 | D2: =AVERAGE(N21,N38,N55,N72,N89,N106,N123,N140) -> 208.52519 | E2: 平均廠價 | F2: =F1/D1 -> 43.141406 | G2: 多次生產數 | H2: =COUNT(H5:H140) -> 0 | Y2: =SUM(Y21,Y38,Y55,Y72,Y89,Y106,Y123,Y140) -> 0 | Z2: =SUM(Z21,Z38,Z55,Z72,Z89,Z106,Z123,Z140) -> 0 | AC2: =SUM(AC21,AC38,AC55,AC72,AC89,AC106,AC123,AC140) -> 0 | AD2: =SUM(AD21,AD38,AD55,AD72,AD89,AD106,AD123,AD140) -> 0
A3: 線別 | B3: 品類 | C3: 品名 | E3: 廠價 | F3: 生產量 | G3: 營收 | H3: 多次 生產 | I3: 人數 | J3: 產能/時 | K3: 人時性 | L3: 人數 | M3: 產能/時 | N3: 人時性 | O3: 人數 | P3: 人時性 | Q3: 達成率 | R3: 達成率 平均 | S3: 生產時間 | U3: 換線、休息/分 | V3: 稼動時間/分 | W3: 休息時間 | Y3: 產線異常統計(5分鐘以上) | AA3: (屏榮回填) | AC3: 短暫停線統計(5分鐘以下) | AE3: 產能/時 | AF3: 達成率 | AG3: 達成率平均
S4: 開始 | T4: 結束 | W4: 開始 | X4: 結束 | Y4: 次數 | Z4: 時間/分 | AC4: 總次數 | AD4: 設備因素(次數)
A5: 便當二線 | B5: 微波小吃 | C5: 日式茶碗蒸 | E5: 19.7 | F5: 4140 | G5: =E5*F5 -> 81558 | I5: 13 | J5: 1200 | K5: =J5/I5 -> 92.307692 | L5: 13 | M5: =F5/V5*60 -> 1085.6073 | N5: =M5/L5 -> 83.508253 | O5: =L5-I5 -> 0 | P5: =N5-K5 -> -8.7994394 | Q5: =N5/K5 -> 0.90467274 | R5: =Q21 -> 0.90280621 | S5: 0.20833333 | T5: 0.36722222 | V5: 228.81202 | AE5: =M5-J5 -> -114.39271 | AF5: =M5/J5 -> 0.90467274 | AG5: =AF21 -> 0.90280621
B6: 微波主食 | C6: 糖燻野郎三十天熟成牛飯 | E6: 56.43 | F6: 4491 | G6: =E6*F6 -> 253427.13 | I6: 24 | J6: 2000 | K6: =J6/I6 -> 83.333333 | L6: 24 | M6: =F6/V6*60 -> 1801.9548 | N6: =M6/L6 -> 75.081451 | O6: =L6-I6 -> 0 | P6: =N6-K6 -> -8.2518824 | Q6: =N6/K6 -> 0.90097741 | S6: 0.37013889 | T6: 0.47398148 | U6: 5 | V6: 149.5376 | W6: 0.47398148 | X6: 0.5125 | AE6: =M6-J6 -> -198.04518 | AF6: =M6/J6 -> 0.90097741
B7: 便當 | C7: 健身G肉餐盒 | E7: 59.52 | F7: 4328 | G7: =E7*F7 -> 257602.56 | I7: 24 | J7: 2000 | K7: =J7/I7 -> 83.333333 | L7: 24 | M7: =F7/V7*60 -> 1807.0302 | N7: =M7/L7 -> 75.292925 | O7: =L7-I7 -> 0 | P7: =N7-K7 -> -8.0404088 | Q7: =N7/K7 -> 0.90351509 | S7: 0.5125 | T7: 0.61229167 | U7: 55.466667 | V7: 143.7054 | AE7: =M7-J7 -> -192.96981 | AF7: =M7/J7 -> 0.90351509
B21: 平均 | I21: =AVERAGE(I5:I20) -> 20.333333 | J21: =AVERAGE(J5:J20) -> 1733.3333 | K21: =J21/I21 -> 85.245902 | L21: =AVERAGE(L5:L20) -> 20.333333 | M21: =AVERAGE(M5:M20) -> 1564.8641 | N21: =M21/L21 -> 76.960529 | O21: =L21-I21 -> 0 | P21: =N21-K21 -> -8.2853722 | Q21: =N21/K21 -> 0.90280621 | S21: 0.20833333 | T21: 0.61229167 | Y21: =SUM(Y5:Y20) -> 0 | Z21: =SUM(Z5:Z20) -> 0 | AC21: =SUM(AC5:AC20) -> 0 | AD21: =SUM(AD5:AD20) -> 0 | AE21: =M21-J21 -> -168.46923 | AF21: =M21/J21 -> 0.90280621
A22: 涼麵一線 | B22: 4℃-飯糰 | C22: 經典傳統飯糰 | E22: 24.35 | F22: 2447 | G22: =E22*F22 -> 59584.45 | I22: 21 | J22: 2790 | K22: =J22/I22 -> 132.85714 | L22: 22 | M22: =F22/V22*60 -> 2626.6346 | N22: =M22/L22 -> 119.39248 | O22: =L22-I22 -> 1 | P22: =N22-K22 -> -13.46466 | Q22: =N22/K22 -> 0.89865309 | R22: =Q38 -> 0.90285305 | S22: 0.20833333 | T22: 0.2471412 | V22: 55.896621 | AE22: =M22-J22 -> -163.36538 | AF22: =M22/J22 -> 0.9414461 | AG22: =AF38 -> 0.92055605
B23: 4℃-飯糰 | C23: 里肌肉蛋紫米飯糰 | E23: 29.87 | F23: 4798 | G23: =E23*F23 -> 143316.26 | I23: 21 | J23: 2790 | K23: =J23/I23 -> 132.85714 | L23: 22 | M23: =F23/V23*60 -> 2626.6346 | N23: =M23/L23 -> 119.39248 | O23: =L23-I23 -> 1 | P23: =N23-K23 -> -13.46466 | Q23: =N23/K23 -> 0.89865309 | S23: 0.25069444 | T23: 0.32680556 | U23: 5.1166667 | V23: 109.60032 | AE23: =M23-J23 -> -163.36538 | AF23: =M23/J23 -> 0.9414461
B24: 4℃-壽司手卷 | C24: 海陸雙拼壽司 | E24: 36.45 | F24: 1855 | G24: =E24*F24 -> 67614.75 | I24: 20 | J24: 2100 | K24: =J24/I24 -> 105 | L24: 20 | M24: =F24/V24*60 -> 1890.3383 | N24: =M24/L24 -> 94.516917 | O24: =L24-I24 -> 0 | P24: =N24-K24 -> -10.483083 | Q24: =N24/K24 -> 0.90016112 | S24: 0.32986111 | T24: 0.37074074 | U24: 5 | V24: 58.878349 | AE24: =M24-J24 -> -209.66166 | AF24: =M24/J24 -> 0.90016112
B25: 便當 | C25: 懷舊滷雙拼便當 | E25: 61.09 | F25: 3057 | G25: =E25*F25 -> 186752.13 | I25: 20 | J25: 2000 | K25: =J25/I25 -> 100 | L25: 20 | M25: =F25/V25*60 -> 1806.0427 | N25: =M25/L25 -> 90.302133 | O25: =L25-I25 -> 0 | P25: =N25-K25 -> -9.6978669 | Q25: =N25/K25 -> 0.90302133 | S25: 0.37430556 | T25: 0.44482639 | U25: 5.1333333 | V25: 101.55906 | W25: 0.44482639 | X25: 0.48263889 | AE25: =M25-J25 -> -193.95734 | AF25: =M25/J25 -> 0.90302133
B26: 便當 | C26: 香腸腿排雙拼便當 | E26: 53.76 | F26: 3086 | G26: =E26*F26 -> 165903.36 | I26: 20 | J26: 2000 | K26: =J26/I26 -> 100 | L26: 20 | M26: =F26/V26*60 -> 1802.4444 | N26: =M26/L26 -> 90.122219 | O26: =L26-I26 -> 0 | P26: =N26-K26 -> -9.8777806 | Q26: =N26/K26 -> 0.90122219 | S26: 0.48263889 | T26: 0.55396991 | U26: 55 | V26: 102.72716 | AE26: =M26-J26 -> -197.55561 | AF26: =M26/J26 -> 0.90122219
B38: 平均 | I38: =AVERAGE(I22:I37) -> 20.4 | J38: =AVERAGE(J22:J37) -> 2336 | K38: =J38/I38 -> 114.5098 | L38: =AVERAGE(L22:L37) -> 20.8 | M38: =AVERAGE(M22:M37) -> 2150.4189 | N38: =M38/L38 -> 103.38553 | O38: =L38-I38 -> 0.4 | P38: =N38-K38 -> -11.124279 | Q38: =N38/K38 -> 0.90285305 | S38: 0.20833333 | T38: 0.55396991 | Y38: =SUM(Y22:Y37) -> 0 | Z38: =SUM(Z22:Z37) -> 0 | AC38: =SUM(AC22:AC37) -> 0 | AD38: =SUM(AD22:AD37) -> 0 | AE38: =M38-J38 -> -185.58108 | AF38: =M38/J38 -> 0.92055605
A39: 涼麵二線 | B39: 便當 | C39: 蔬活腿排補力餐盒 | E39: 71.55 | F39: 2328 | G39: =E39*F39 -> 166568.4 | I39: 22 | J39: 2000 | K39: =J39/I39 -> 90.909091 | L39: 22 | M39: =F39/V39*60 -> 1807.4186 | N39: =M39/L39 -> 82.155391 | O39: =L39-I39 -> 0 | P39: =N39-K39 -> -8.7537003 | Q39: =N39/K39 -> 0.9037093 | R39: =Q55 -> 0.9031776 | S39: 0.20833333 | T39: 0.26199074 | V39: 77.281489 | AE39: =M39-J39 -> -192.58141 | AF39: =M39/J39 -> 0.9037093 | AG39: =AF55 -> 0.9031776
B40: 便當 | C40: 海陸雙拼肉肉餐盒 | E40: 59.54 | F40: 2406 | G40: =E40*F40 -> 143253.24 | I40: 23 | J40: 2000 | K40: =J40/I40 -> 86.956522 | L40: 23 | M40: =F40/V40*60 -> 1807.4274 | N40: =M40/L40 -> 78.5838 | O40: =L40-I40 -> 0 | P40: =N40-K40 -> -8.3727222 | Q40: =N40/K40 -> 0.90371369 | S40: 0.26597222 | T40: 0.32143519 | U40: 5.7333333 | V40: 79.870428 | AE40: =M40-J40 -> -192.57261 | AF40: =M40/J40 -> 0.90371369
B41: 便當 | C41: 烤蛋白餐盒 | E41: 58.67 | F41: 3509 | G41: =E41*F41 -> 205873.03 | I41: 23 | J41: 2000 | K41: =J41/I41 -> 86.956522 | L41: 23 | M41: =F41/V41*60 -> 1802.7094 | N41: =M41/L41 -> 78.378668 | O41: =L41-I41 -> 0 | P41: =N41-K41 -> -8.5778538 | Q41: =N41/K41 -> 0.90135468 | S41: 0.325 | T41: 0.40609954 | U41: 5.1333333 | V41: 116.79087 | AE41: =M41-J41 -> -197.29064 | AF41: =M41/J41 -> 0.90135468
B42: 便當 | C42: 香烤鱈魚輕蔬餐盒 | E42: 69.26 | F42: 513 | G42: =E42*F42 -> 35530.38 | I42: 24 | J42: 2000 | K42: =J42/I42 -> 83.333333 | L42: 24 | M42: =F42/V42*60 -> 1803.5152 | N42: =M42/L42 -> 75.146466 | O42: =L42-I42 -> 0 | P42: =N42-K42 -> -8.1868669 | Q42: =N42/K42 -> 0.9017576 | S42: 0.40972222 | T42: 0.42157407 | U42: 5.2166667 | V42: 17.066671 | W42: 0.42157407 | X42: 0.46111111 | AE42: =M42-J42 -> -196.48481 | AF42: =M42/J42 -> 0.9017576
B43: 便當 | C43: 地中海布格麥烤魚餐盒 | E43: 63.92 | F43: 1568 | G43: =E43*F43 -> 100226.56 | I43: 24 | J43: 2000 | K43: =J43/I43 -> 83.333333 | L43: 24 | M43: =F43/V43*60 -> 1810.7054 | N43: =M43/L43 -> 75.44606 | O43: =L43-I43 -> 0 | P43: =N43-K43 -> -7.8872734 | Q43: =N43/K43 -> 0.90535272 | S43: 0.46111111 | T43: 0.4971875 | U43: 56.933333 | V43: 51.95765 | AE43: =M43-J43 -> -189.29456 | AF43: =M43/J43 -> 0.90535272
B55: 平均 | I55: =AVERAGE(I39:I54) -> 23.2 | J55: =AVERAGE(J39:J54) -> 2000 | K55: =J55/I55 -> 86.206897 | L55: =AVERAGE(L39:L54) -> 23.2 | M55: =AVERAGE(M39:M54) -> 1806.3552 | N55: =M55/L55 -> 77.860138 | O55: =L55-I55 -> 0 | P55: =N55-K55 -> -8.3467588 | Q55: =N55/K55 -> 0.9031776 | S55: 0.20833333 | T55: 0.4971875 | Y55: =SUM(Y39:Y54) -> 0 | Z55: =SUM(Z39:Z54) -> 0 | AC55: =SUM(AC39:AC54) -> 0 | AD55: =SUM(AD39:AD54) -> 0 | AE55: =M55-J55 -> -193.6448 | AF55: =M55/J55 -> 0.9031776
A56: 涼麵三線 | B56: 季節調理麵 | C56: 和風涓絲冷麵 | E56: 28.86 | F56: 1246 | G56: =E56*F56 -> 35959.56 | I56: 18 | J56: 3600 | K56: =J56/I56 -> 200 | L56: 18 | M56: =F56/V56*60 -> 3192.8277 | N56: =M56/L56 -> 177.37932 | O56: =L56-I56 -> 0 | P56: =N56-K56 -> -22.620682 | Q56: =N56/K56 -> 0.88689659 | R56: =Q72 -> 0.89622188 | S56: 0.25 | T56: 0.26625 | V56: 23.414981 | AE56: =M56-J56 -> -407.17228 | AF56: =M56/J56 -> 0.88689659 | AG56: =AF72 -> 0.89622188
B57: 季節調理麵 | C57: 韓式泡菜冷麵 | E57: 36.73 | F57: 1388 | G57: =E57*F57 -> 50981.24 | I57: 21 | J57: 3600 | K57: =J57/I57 -> 171.42857 | L57: 21 | M57: =F57/V57*60 -> 3193.4456 | N57: =M57/L57 -> 152.06884 | O57: =L57-I57 -> 0 | P57: =N57-K57 -> -19.359733 | Q57: =N57/K57 -> 0.88706822 | S57: 0.26944444 | T57: 0.2875463 | U57: 4.6 | V57: 26.078415 | AE57: =M57-J57 -> -406.55439 | AF57: =M57/J57 -> 0.88706822
B58: 季節調理麵 | C58: 大滿足麻醬涼麵 | E58: 37.8 | F58: 3641 | G58: =E58*F58 -> 137629.8 | I58: 20 | J58: 3600 | K58: =J58/I58 -> 180 | L58: 20 | M58: =F58/V58*60 -> 3271.5289 | N58: =M58/L58 -> 163.57645 | O58: =L58-I58 -> 0 | P58: =N58-K58 -> -16.423554 | Q58: =N58/K58 -> 0.90875803 | S58: 0.29097222 | T58: 0.33733796 | U58: 4.9333333 | V58: 66.776118 | AE58: =M58-J58 -> -328.47108 | AF58: =M58/J58 -> 0.90875803
B59: 季節調理麵 | C59: 大滿足香辣涼麵 | E59: 38.48 | F59: 2780 | G59: =E59*F59 -> 106974.4 | I59: 19 | J59: 3600 | K59: =J59/I59 -> 189.47368 | L59: 19 | M59: =F59/V59*60 -> 3264.0787 | N59: =M59/L59 -> 171.79362 | O59: =L59-I59 -> 0 | P59: =N59-K59 -> -17.680067 | Q59: =N59/K59 -> 0.90668854 | S59: 0.34027778 | T59: 0.37576389 | U59: 5 | V59: 51.101709 | AE59: =M59-J59 -> -335.92127 | AF59: =M59/J59 -> 0.90668854
B60: 4℃-飯糰 | C60: 麻油雞飯糰 | E60: 29.97 | F60: 2104 | G60: =E60*F60 -> 63056.88 | I60: 21 | J60: 2790 | K60: =J60/I60 -> 132.85714 | L60: 21 | M60: =F60/V60*60 -> 2484.1731 | N60: =M60/L60 -> 118.29396 | O60: =L60-I60 -> 0 | P60: =N60-K60 -> -14.563187 | Q60: =N60/K60 -> 0.89038462 | S60: 0.37986111 | T60: 0.41515046 | U60: 5.9 | V60: 50.817715 | AE60: =M60-J60 -> -305.82692 | AF60: =M60/J60 -> 0.89038462
B72: 平均 | I72: =AVERAGE(I56:I71) -> 19.8 | J72: =AVERAGE(J56:J71) -> 3438 | K72: =J72/I72 -> 173.63636 | L72: =AVERAGE(L56:L71) -> 19.8 | M72: =AVERAGE(M56:M71) -> 3081.2108 | N72: =M72/L72 -> 155.61671 | O72: =L72-I72 -> 0 | P72: =N72-K72 -> -18.019656 | Q72: =N72/K72 -> 0.89622188 | S72: 0.25 | T72: 0.41515046 | Y72: =SUM(Y56:Y71) -> 0 | Z72: =SUM(Z56:Z71) -> 0 | AC72: =SUM(AC56:AC71) -> 0 | AD72: =SUM(AD56:AD71) -> 0 | AE72: =M72-J72 -> -356.78919 | AF72: =M72/J72 -> 0.89622188
A73: 自動包裝機 | B73: 4℃-壽司手卷 | C73: 生菜鮮蝦脆卷 | E73: 22.83 | F73: 1320 | G73: =E73*F73 -> 30135.6 | I73: 6 | J73: 2500 | K73: =J73/I73 -> 416.66667 | L73: 6 | M73: =F73/V73*60 -> 2264.5449 | N73: =M73/L73 -> 377.42415 | O73: =L73-I73 -> 0 | P73: =N73-K73 -> -39.242513 | Q73: =N73/K73 -> 0.90581797 | R73: =Q89 -> 0.88695109 | S73: 0.34027778 | T73: 0.36456019 | U73: 5.7833333 | V73: 34.973914 | AE73: =M73-J73 -> -235.45508 | AF73: =M73/J73 -> 0.90581797 | AG73: =AF89 -> 0.88695109
B74: 4℃-壽司手卷 | C74: 蔥花生鮪魚脆卷 | E74: 23.19 | F74: 525 | G74: =E74*F74 -> 12174.75 | I74: 6 | J74: 2500 | K74: =J74/I74 -> 416.66667 | L74: 6 | M74: =F74/V74*60 -> 2265.0885 | N74: =M74/L74 -> 377.51475 | O74: =L74-I74 -> 0 | P74: =N74-K74 -> -39.151912 | Q74: =N74/K74 -> 0.90603541 | S74: 0.36736111 | T74: 0.37701389 | U74: 5 | V74: 13.906741 | AE74: =M74-J74 -> -234.91147 | AF74: =M74/J74 -> 0.90603541
B75: 4℃-壽司手卷 | C75: 香濃明太子嫩雞飯卷 | E75: 35.89 | F75: 1700 | G75: =E75*F75 -> 61013 | I75: 5 | J75: 3273 | K75: =J75/I75 -> 654.6 | L75: 5 | M75: =F75/V75*60 -> 2960.2328 | N75: =M75/L75 -> 592.04657 | O75: =L75-I75 -> 0 | P75: =N75-K75 -> -62.553432 | Q75: =N75/K75 -> 0.90444022 | S75: 0.38055556 | T75: 0.40447917 | U75: 5.1 | V75: 34.456749 | AE75: =M75-J75 -> -312.76716 | AF75: =M75/J75 -> 0.90444022
B76: 4℃-壽司手卷 | C76: 小黃瓜壽司卷 | E76: 30.84 | F76: 4902 | G76: =E76*F76 -> 151177.68 | I76: 6 | J76: 3273 | K76: =J76/I76 -> 545.5 | L76: 6 | M76: =F76/V76*60 -> 2750.871 | N76: =M76/L76 -> 458.4785 | O76: =L76-I76 -> 0 | P76: =N76-K76 -> -87.0215 | Q76: =N76/K76 -> 0.84047388 | S76: 0.40833333 | T76: 0.48258102 | U76: 5.55 | V76: 106.91886 | AE76: =M76-J76 -> -522.129 | AF76: =M76/J76 -> 0.84047388
B89: 平均 | I89: =AVERAGE(I73:I88) -> 5.75 | J89: =AVERAGE(J73:J88) -> 2886.5 | K89: =J89/I89 -> 502 | L89: =AVERAGE(L73:L88) -> 5.75 | M89: =AVERAGE(M73:M88) -> 2560.1843 | N89: =M89/L89 -> 445.24945 | O89: =L89-I89 -> 0 | P89: =N89-K89 -> -56.750553 | Q89: =N89/K89 -> 0.88695109 | S89: 0.20833333 | T89: 0.48258102 | Y89: =SUM(Y73:Y88) -> 0 | Z89: =SUM(Z73:Z88) -> 0 | AC89: =SUM(AC73:AC88) -> 0 | AD89: =SUM(AD73:AD88) -> 0 | AE89: =M89-J89 -> -326.31568 | AF89: =M89/J89 -> 0.88695109
A90: 自動包裝機2 | B90: 4℃-壽司手卷 | C90: 鮪魚昆布細卷 | E90: 15.51 | F90: 1912 | G90: =E90*F90 -> 29655.12 | I90: 6 | J90: 4200 | K90: =J90/I90 -> 700 | L90: 6 | M90: =F90/V90*60 -> 3803.3299 | N90: =M90/L90 -> 633.88831 | O90: =L90-I90 -> 0 | P90: =N90-K90 -> -66.111686 | Q90: =N90/K90 -> 0.90555473 | R90: =Q106 -> 0.9055804 | S90: 0.25 | T90: 0.2709375 | V90: 30.163042 | AE90: =M90-J90 -> -396.67012 | AF90: =M90/J90 -> 0.90555473 | AG90: =AF106 -> 0.9055804
B91: 4℃-壽司手卷 | C91: 肉鬆火腿細卷 | E91: 15.01 | F91: 2020 | G91: =E91*F91 -> 30320.2 | I91: 6 | J91: 4200 | K91: =J91/I91 -> 700 | L91: 6 | M91: =F91/V91*60 -> 3803.5455 | N91: =M91/L91 -> 633.92425 | O91: =L91-I91 -> 0 | P91: =N91-K91 -> -66.075751 | Q91: =N91/K91 -> 0.90560607 | S91: 0.27430556 | T91: 0.29642361 | U91: 4.85 | V91: 31.865006 | AE91: =M91-J91 -> -396.45451 | AF91: =M91/J91 -> 0.90560607
B106: 平均 | I106: =AVERAGE(I90:I105) -> 6 | J106: =AVERAGE(J90:J105) -> 4200 | K106: =J106/I106 -> 700 | L106: =AVERAGE(L90:L105) -> 6 | M106: =AVERAGE(M90:M105) -> 3803.4377 | N106: =M106/L106 -> 633.90628 | O106: =L106-I106 -> 0 | P106: =N106-K106 -> -66.093719 | Q106: =N106/K106 -> 0.9055804 | S106: 0.25 | T106: 0.29642361 | Y106: =SUM(Y90:Y105) -> 0 | Z106: =SUM(Z90:Z105) -> 0 | AC106: =SUM(AC90:AC105) -> 0 | AD106: =SUM(AD90:AD105) -> 0 | AE106: =M106-J106 -> -396.56231 | AF106: =M106/J106 -> 0.9055804
A107: 便當二線 (二配) | B107: 微波主食 | C107: 二配香烤魚排青醬燉飯 | E107: 58.17 | F107: 1378 | G107: =E107*F107 -> 80158.26 | I107: 18 | J107: 2000 | K107: =J107/I107 -> 111.11111 | L107: 17 | M107: =F107/V107*60 -> 1805.2 | N107: =M107/L107 -> 106.18824 | O107: =L107-I107 -> -1 | P107: =N107-K107 -> -4.9228758 | Q107: =N107/K107 -> 0.95569412 | R107: =Q123 -> 0.9511994 | S107: 0.70833333 | T107: 0.74013889 | V107: 45.801019 | AE107: =M107-J107 -> -194.8 | AF107: =M107/J107 -> 0.9026 | AG107: =AF123 -> 0.90283333
B108: 微波主食 | C108: 二配濃起司燻腸紅醬焗烤飯 | E108: 50.67 | F108: 1598 | G108: =E108*F108 -> 80970.66 | I108: 20 | J108: 2000 | K108: =J108/I108 -> 100 | L108: 19 | M108: =F108/V108*60 -> 1805.4 | N108: =M108/L108 -> 95.021053 | O108: =L108-I108 -> -1 | P108: =N108-K108 -> -4.9789474 | Q108: =N108/K108 -> 0.95021053 | S108: 0.74305556 | T108: 0.77993056 | U108: 5 | V108: 53.107345 | AE108: =M108-J108 -> -194.6 | AF108: =M108/J108 -> 0.9027
B109: 微波主食 | C109: 二配西班牙風味海鮮燉飯 | E109: 57.3 | F109: 1067 | G109: =E109*F109 -> 61139.1 | I109: 21 | J109: 2000 | K109: =J109/I109 -> 95.238095 | L109: 20 | M109: =F109/V109*60 -> 1806.4 | N109: =M109/L109 -> 90.32 | O109: =L109-I109 -> -1 | P109: =N109-K109 -> -4.9180952 | Q109: =N109/K109 -> 0.94836 | S109: 0.78333333 | T109: 0.80793981 | U109: 4.9 | V109: 35.440655 | AE109: =M109-J109 -> -193.6 | AF109: =M109/J109 -> 0.9032
B123: 平均 | I123: =AVERAGE(I107:I122) -> 19.666667 | J123: =AVERAGE(J107:J122) -> 2000 | K123: =J123/I123 -> 101.69492 | L123: =AVERAGE(L107:L122) -> 18.666667 | M123: =AVERAGE(M107:M122) -> 1805.6667 | N123: =M123/L123 -> 96.732143 | O123: =L123-I123 -> -1 | P123: =N123-K123 -> -4.9627724 | Q123: =N123/K123 -> 0.9511994 | S123: 0.70833333 | T123: 0.80793981 | Y123: =SUM(Y107:Y122) -> 0 | Z123: =SUM(Z107:Z122) -> 0 | AC123: =SUM(AC107:AC122) -> 0 | AD123: =SUM(AD107:AD122) -> 0 | AE123: =M123-J123 -> -194.33333 | AF123: =M123/J123 -> 0.90283333
A124: 涼麵一線 (二配) | B124: 微波主食 | C124: 二配黃金雞排蘑菇白醬歐姆蛋飯 | E124: 56.87 | F124: 1340 | G124: =E124*F124 -> 76205.8 | I124: 23 | J124: 2000 | K124: =J124/I124 -> 86.956522 | L124: 23 | M124: =F124/V124*60 -> 1805.0186 | N124: =M124/L124 -> 78.479068 | O124: =L124-I124 -> 0 | P124: =N124-K124 -> -8.4774537 | Q124: =N124/K124 -> 0.90250928 | R124: =Q140 -> 0.90264397 | S124: 0.70833333 | T124: 0.73925926 | V124: 44.542478 | AE124: =M124-J124 -> -194.98144 | AF124: =M124/J124 -> 0.90250928 | AG124: =AF140 -> 0.90264397
B125: 微波主食 | C125: 二配里肌豬排可可咖哩歐姆蛋飯 | E125: 56.79 | F125: 1849 | G125: =E125*F125 -> 105004.71 | I125: 23 | J125: 2000 | K125: =J125/I125 -> 86.956522 | L125: 23 | M125: =F125/V125*60 -> 1801.9667 | N125: =M125/L125 -> 78.346379 | O125: =L125-I125 -> 0 | P125: =N125-K125 -> -8.6101426 | Q125: =N125/K125 -> 0.90098336 | S125: 0.74236111 | T125: 0.78510417 | U125: 5 | V125: 61.566065 | AE125: =M125-J125 -> -198.03328 | AF125: =M125/J125 -> 0.90098336
B126: 微波主食 | C126: 二配起司棉被海陸白醬焗烤飯 | E126: 47.6 | F126: 2189 | G126: =E126*F126 -> 104196.4 | I126: 23 | J126: 2000 | K126: =J126/I126 -> 86.956522 | L126: 23 | M126: =F126/V126*60 -> 1808.8785 | N126: =M126/L126 -> 78.646892 | O126: =L126-I126 -> 0 | P126: =N126-K126 -> -8.3096302 | Q126: =N126/K126 -> 0.90443925 | S126: 0.78888889 | T126: 0.83930556 | U126: 5.45 | V126: 72.608525 | AE126: =M126-J126 -> -191.12149 | AF126: =M126/J126 -> 0.90443925
B140: 平均 | I140: =AVERAGE(I124:I139) -> 23 | J140: =AVERAGE(J124:J139) -> 2000 | K140: =J140/I140 -> 86.956522 | L140: =AVERAGE(L124:L139) -> 23 | M140: =AVERAGE(M124:M139) -> 1805.2879 | N140: =M140/L140 -> 78.49078 | O140: =L140-I140 -> 0 | P140: =N140-K140 -> -8.4657422 | Q140: =N140/K140 -> 0.90264397 | S140: 0.70833333 | T140: 0.83930556 | Y140: =SUM(Y124:Y139) -> 0 | Z140: =SUM(Z124:Z139) -> 0 | AC140: =SUM(AC124:AC139) -> 0 | AD140: =SUM(AD124:AD139) -> 0 | AE140: =M140-J140 -> -194.71207 | AF140: =M140/J140 -> 0.90264397
AA142: 原因回覆
AA143: 1.當日出勤人數較多
AA144: 2.當日出勤人數較少
AA145: 3.當日出勤熟手較多
AA146: 4.當日出勤新人較多
AA147: 5.機台夾盒
AA148: 6.封膜不順
AA149: 7.更換膠膜
AA150: 8.更換碳帶
AA151: 9.當日熱轉印碳帶異常
AA152: 10.訂單量過少
AA153: 11.新品上市，尚未熟悉
AA154: 12.活動期間品項需貼標

Sheet 1006
B1: 屏榮 大溪廠組合室生產人時性分析
B3: 日期 | C3: 115.10.06星期二 | E3: 訂單量 | F3: ='1006(18度C)'!D1+'1006(4度C)'!D1 -> 162159 | H3: 營業額 | I3: ='1006(18度C)'!F1+'1006(4度C)'!F1 -> 5110033.6
B4: 人時性 | C4: 項目 | E4: ➀ | G4: ➁ | I4: ➂ | K4: ④ | M4: ⑤ | O4: 異常停線 | Q4: 短暫停線
C5: 組合室 | E5: 全溫層 | G5: 4度C-各編組展開(一配) | I5: 4度C-各編組展開(二配) | K5: 18度C-各編組展開(一配) | M5: 18度C-各編組展開(二配) | O5: 合計次數 | P5: 時間 | Q5: 合計次數 | R5: 設備次數
C6: 排關平均 | E6: =AVERAGE(D14:O14,D32:X32) -> 475.14546 | F6: =AVERAGE(#REF!,D14:K14) -> #REF! | G6: =AVERAGE(D14:K14) -> 278.43316 | I6: =AVERAGE(L14:O14) -> 94.325718 | K6: =AVERAGE(D32:O32) -> 717.5 | M6: =AVERAGE(P32:X32) -> 718.26923 | O6: ='1006(4度C)'!Y2 -> 0 | P6: ='1006(4度C)'!Z2 -> 0 | Q6: ='1006(4度C)'!AC2 -> 0 | R6: ='1006(4度C)'!AD2 -> 0
C7: 實績平均 | E7: =AVERAGE(D15:O15,D33:X33) -> 432.75453 | F7: =AVERAGE(#REF!,D15:K15) -> #REF! | G7: =AVERAGE(D15:K15) -> 248.61985 | I7: =AVERAGE(L15:O15) -> 87.605897 | K7: =AVERAGE(D33:O33) -> 657.28476 | M7: =AVERAGE(P33:X33) -> 657.00064
C8: 達成率平均 | E8: =AVERAGE(D16:O16,D34:X34) -> 0.9066303 | F8: =AVERAGE(D16:K16,#REF!) -> #REF! | G8: =AVERAGE(D16:K16) -> 0.89662251 | I8: =AVERAGE(L16:O16) -> 0.92684282 | K8: =AVERAGE(D34:O34) -> 0.91065555 | M8: =AVERAGE(P34:X34) -> 0.90751046
O9: ※現行日本鮮食廠以達成率80%為基本(即為現行KPI)
B11: 溫層 | D11: ➁4度C-各編組展開 | L11: ➂4度C-各編組展開
B12: 編組 | D12: 1 | E12: 2 | F12: 3 | G12: 4 | H12: 5 | I12: 6 | J12: 7 | K12: 8 | L12: 1 | M12: 2 | N12: 3 | O12: 4
D13: 便當一線 | E13: 便當二線 | F13: 涼麵一線 | G13: 涼麵二線 | H13: 涼麵三線 | I13: 自動包裝機 | J13: 自動包裝機2 | K13: 自動包裝機3 | L13: 便當一線 | M13: 便當二線 | N13: 涼麵一線 | O13: 涼麵二線
B14: 人時性 | C14: 排關 | D14: - | E14: 85.245902 | F14: 114.5098 | G14: 86.206897 | H14: 173.63636 | I14: 511 | J14: 700 | K14: - | L14: - | M14: 101.69492 | N14: 86.956522 | O14: -
C15: 實績 | D15: - | E15: 76.953316 | F15: 103.38562 | G15: 77.872207 | H15: 155.6458 | I15: 444.09587 | J15: 633.76628 | K15: - | L15: - | M15: 96.75 | N15: 78.461794 | O15: -
C16: 達成率 | D16: - | E16: =E15/E14 -> 0.9027216 | F16: =F15/F14 -> 0.90285389 | G16: =G15/G14 -> 0.9033176 | H16: =H15/H14 -> 0.89638942 | I16: =I15/I14 -> 0.86907215 | J16: =J15/J14 -> 0.9053804 | K16: - | L16: - | M16: =M15/M14 -> 0.951375 | N16: =N15/N14 -> 0.90231063 | O16: -
B17: 作業 時間 | C17: 開始 | D17: - | E17: 0.20833333 | F17: 0.20833333 | G17: 0.20833333 | H17: 0.25 | I17: 0.20833333 | J17: 0.25 | K17: - | L17: - | M17: 0.70833333 | N17: 0.70833333 | O17: -
C18: 結束 | D18: - | E18: 0.64638889 | F18: 0.53525463 | G18: 0.52125 | H18: 0.45638889 | I18: 0.59261574 | J18: 0.30228009 | K18: - | L18: - | M18: 0.82237269 | N18: 0.86434028 | O18: -
B19: 產線異常 (5分鐘以上) | C19: 次數
C20: 時間/分
B21: 短暫停線 (5分鐘以下) | C21: 次數
C22: 設備次數
B23: 配置人數 | D23: - | E23: 20.333333 | F23: 20.8 | G23: 23.2 | H23: 19.8 | I23: 5.8 | J23: 6 | K23: - | L23: - | M23: 18.666667 | N23: 23 | O23: -
B24: 主要應用設備 | D24: L型封口機 | E24: ET-55 | F24: ET-55 | G24: ET-55 | H24: ET-600 | I24: 伺服包裝機 | J24: 伺服包裝機 | K24: 伺服包裝機 | L24: L型封口機 | M24: ET-55 | N24: ET-55 | O24: ET-55
B25: 次要應用設備 | D25: 伺服包裝機 | H25: 伺服包裝機
B26: 備註 | H26: 涼麵+烤飯糰 | I26: 大口飯糰線 | K26: 烤飯糰+手卷
B29: 溫層 | D29: ➃18度C-各編組展開 (一配) | P29: ⑤18度C-各編組展開 (二配)
B30: 編組 | D30: 1 | E30: 2 | F30: 3 | G30: 4 | H30: 5 | I30: 6 | J30: 7 | K30: 8 | L30: 9 | M30: 10 | N30: 11 | O30: 12 | P30: 1 | Q30: 2 | R30: 3 | S30: 4 | T30: 5 | U30: 6 | V30: 7 | W30: 8 | X30: 9
D31: 便當一線 | E31: 涼麵一線 | F31: 涼麵三線 | G31: 自動包裝機 | H31: 自動包裝機2 | I31: 自動包裝機3 | J31: 味付飯糰線B | K31: (舊) 3300型飯糰線 | L31: 3000型飯糰線 | M31: (新) 3300型飯糰機 | N31: GKK3600型 飯糰機 | O31: GKK3600型 飯糰機2 | P31: 自動包裝機 | Q31: 自動包裝機2 | R31: 自動包裝機3 | S31: 味付飯糰線B | T31: (舊) 3300型飯糰線 | U31: 3000型飯糰線 | V31: (新) 3300型飯糰機 | W31: GKK3600型 飯糰機 | X31: GKK3600型 飯糰機2
B32: 人時性 | C32: 排關 | D32: - | E32: - | F32: - | G32: 327.27273 | H32: - | I32: - | J32: - | K32: - | L32: - | M32: 750 | N32: 920 | O32: 872.72727 | P32: 300 | Q32: - | R32: - | S32: - | T32: - | U32: - | V32: 750 | W32: 923.07692 | X32: 900
C33: 實績 | D33: - | E33: - | F33: - | G33: 287.33647 | H33: - | I33: - | J33: - | K33: - | L33: - | M33: 699.44309 | N33: 846.02655 | O33: 796.33292 | P33: 260.16177 | Q33: - | R33: - | S33: - | T33: - | U33: - | V33: 699.46876 | W33: 847.28782 | X33: 821.08419
C34: 達成率 | D34: - | E34: - | F34: - | G34: =G33/G32 -> 0.87797254 | H34: - | I34: - | J34: - | K34: - | L34: - | M34: =M33/M32 -> 0.93259079 | N34: =N33/N32 -> 0.91959408 | O34: =O33/O32 -> 0.91246481 | P34: =P33/P32 -> 0.86720591 | Q34: - | R34: - | S34: - | T34: - | U34: - | V34: =V33/V32 -> 0.93262502 | W34: =W33/W32 -> 0.91789514 | X34: =X33/X32 -> 0.91231577
B35: 作業 時間 | C35: 開始 | D35: - | E35: - | F35: - | G35: 0.20833333 | H35: - | I35: - | J35: - | K35: - | L35: - | M35: 0.32083333 | N35: 0.25 | O35: 0.25 | P35: 0.73888889 | Q35: - | R35: - | S35: - | T35: - | U35: - | V35: 0.70833333 | W35: 0.73194444 | X35: 0.73194444
C36: 結束 | D36: - | E36: - | F36: - | G36: 0.59261574 | H36: - | I36: - | J36: - | K36: - | L36: - | M36: 0.39553241 | N36: 0.48788194 | O36: 0.47762731 | P36: 0.75215278 | Q36: - | R36: - | S36: - | T36: - | U36: - | V36: 0.72113426 | W36: 1.1141319 | X36: 1.099213
B37: 配置人數 | D37: - | E37: - | F37: - | G37: 11 | H37: - | I37: - | J37: - | K37: - | L37: - | M37: 4 | N37: 3.75 | O37: 4.125 | P37: 12 | Q37: - | R37: - | S37: - | T37: - | U37: - | V37: 4 | W37: 3.7142857 | X37: 4
B38: 主要應用設備 | D38: 伺服包裝機 | E38: ET-55 | F38: ET-600 | G38: 夾心型 | H38: 伺服包裝機 | I38: 伺服包裝機 | J38: 夾心型 | K38: 3300型 | L38: 3300型 | M38: 3300型 | N38: GKK | O38: GKK | P38: 夾心型 | Q38: 伺服包裝機 | R38: 伺服包裝機 | S38: 夾心型 | T38: 3300型 | U38: 3300型 | V38: 3300型 | W38: GKK | X38: GKK
B39: 次要應用設備
B40: 備註

Sheet 1006(18度C)
A1: 大溪廠日報分析 | C1: 總生產量 | D1: =SUM(F5:F140) -> 80873 | E1: 營業額 | F1: =SUM(G5:G140) -> 1601727.9 | G1: 出勤人數 | H1: =L21+L38+L55+L72+L89+L106+L123+L140 -> 46.589286 | I1: 產線配置圖 | L1: 生產實績 | O1: 人時性差異分析 | S1: 日報登錄 | Y1: 分析說明 | AA1: 產能差異分析
A2: 46301 | C2: 人時性 | D2: =AVERAGE(N21,N38,N55,N72,N89,N106,N123,N140) -> 657.1427 | E2: 平均廠價 | F2: =F1/D1 -> 19.805472 | G2: 多次生產數 | H2: =COUNT(H5:H140) -> 14
A3: 線別 | B3: 品類 | C3: 品名 | E3: 廠價 | F3: 生產量 | G3: 營收 | H3: 多次 生產 | I3: 人數 | J3: 產能/時 | K3: 人時性 | L3: 人數 | M3: 產能/時 | N3: 人時性 | O3: 人數 | P3: 人時性 | Q3: 達成率 | R3: 達成率 平均 | S3: 生產時間 | U3: 換線、休息/分 | V3: 稼動時間/分 | W3: 休息時間 | Y3: (屏榮回填) | AA3: 產能/時 | AB3: 達成率 | AC3: 達成率平均
S4: 開始 | T4: 結束 | W4: 開始 | X4: 結束
A5: 自動包裝機 | B5: 18℃-壽司手卷 | C5: 一配長野稻荷壽司 | E5: 25.64 | F5: 1200 | G5: =E5*F5 -> 30768 | I5: 10 | J5: 3600 | K5: =J5/I5 -> 360 | L5: 10 | M5: =F5/V5*60 -> 3215.4496 | N5: =M5/L5 -> 321.54496 | O5: =L5-I5 -> 0 | P5: =N5-K5 -> -38.455045 | Q5: =N5/K5 -> 0.89318043 | R5: =Q21 -> 0.87797254 | S5: 0.20833333 | T5: 0.22387731 | V5: 22.391892 | AA5: =M5-J5 -> -384.55045 | AB5: =M5/J5 -> 0.89318043 | AC5: =AB21 -> 0.87797254
B6: 18℃-壽司手卷 | C6: 一配經典人氣雙手卷 | E6: 29.52 | F6: 2045 | G6: =E6*F6 -> 60368.4 | I6: 11 | J6: 3600 | K6: =J6/I6 -> 327.27273 | L6: 11 | M6: =F6/V6*60 -> 3155.4918 | N6: =M6/L6 -> 286.8629 | O6: =L6-I6 -> 0 | P6: =N6-K6 -> -40.409832 | Q6: =N6/K6 -> 0.87652551 | S6: 0.22777778 | T6: 0.25478009 | U6: 5.6166667 | V6: 38.884588 | AA6: =M6-J6 -> -444.50815 | AB6: =M6/J6 -> 0.87652551
B7: 18℃-壽司手卷 | C7: 一配鮭鮪海饌雙手卷 | E7: 29.85 | F7: 2417 | G7: =E7*F7 -> 72147.45 | I7: 11 | J7: 3600 | K7: =J7/I7 -> 327.27273 | L7: 11 | M7: =F7/V7*60 -> 3155.8505 | N7: =M7/L7 -> 286.8955 | O7: =L7-I7 -> 0 | P7: =N7-K7 -> -40.377232 | Q7: =N7/K7 -> 0.87662513 | S7: 0.25763889 | T7: 0.28954861 | U7: 5 | V7: 45.952748 | AA7: =M7-J7 -> -444.14955 | AB7: =M7/J7 -> 0.87662513
B8: 18℃-壽司手卷 | C8: 一配青木瓜雞絲泰泰雙手卷 | E8: 30 | F8: 156 | G8: =E8*F8 -> 4680 | I8: 11 | J8: 3600 | K8: =J8/I8 -> 327.27273 | L8: 11 | M8: =F8/V8*60 -> 3158.0673 | N8: =M8/L8 -> 287.09703 | O8: =L8-I8 -> 0 | P8: =N8-K8 -> -40.175701 | Q8: =N8/K8 -> 0.87724091 | S8: 0.29236111 | T8: 0.29440972 | U8: 5 | V8: 2.9638381 | AA8: =M8-J8 -> -441.93271 | AB8: =M8/J8 -> 0.87724091
B9: 18℃-壽司手卷 | C9: 一配陽光蔬彩雙手卷 | E9: 30.95 | F9: 2239 | G9: =E9*F9 -> 69297.05 | I9: 11 | J9: 3600 | K9: =J9/I9 -> 327.27273 | L9: 11 | M9: =F9/V9*60 -> 3157.449 | N9: =M9/L9 -> 287.04082 | O9: =L9-I9 -> 0 | P9: =N9-K9 -> -40.231908 | Q9: =N9/K9 -> 0.87706917 | S9: 0.29791667 | T9: 0.3274537 | U9: 5.05 | V9: 42.547005 | AA9: =M9-J9 -> -442.55099 | AB9: =M9/J9 -> 0.87706917
B10: 18℃-飯糰 | C10: 一配兩粒飯糰(鮪魚.焦糖鮭魚) | E10: 28.57 | F10: 781 | G10: =E10*F10 -> 22313.17 | I10: 12 | J10: 3600 | K10: =J10/I10 -> 300 | L10: 12 | M10: =F10/V10*60 -> 3121.8987 | N10: =M10/L10 -> 260.15822 | O10: =L10-I10 -> 0 | P10: =N10-K10 -> -39.841778 | Q10: =N10/K10 -> 0.86719407 | S10: 0.33125 | T10: 0.34166667 | U10: 5.4666667 | V10: 15.010096 | AA10: =M10-J10 -> -478.10134 | AB10: =M10/J10 -> 0.86719407
B21: 平均 | I21: =AVERAGE(I5:I20) -> 11 | J21: =AVERAGE(J5:J20) -> 3600 | K21: =J21/I21 -> 327.27273 | L21: =AVERAGE(L5:L20) -> 11 | M21: =AVERAGE(M5:M20) -> 3160.7011 | N21: =M21/L21 -> 287.33647 | O21: =L21-I21 -> 0 | P21: =N21-K21 -> -39.93626 | Q21: =N21/K21 -> 0.87797254 | S21: 0.20833333 | T21: 0.59261574 | AA21: =M21-J21 -> -439.29887 | AB21: =M21/J21 -> 0.87797254
A22: (新) 3300型飯糰機 | B22: 18℃-飯糰 | C22: 一配鮭魚奶油醬油飯糰 | E22: 18.53 | F22: 1520 | G22: =E22*F22 -> 28165.6 | I22: 3 | J22: 3300 | K22: =J22/I22 -> 1100 | L22: 3 | M22: =F22/V22*60 -> 3077.5814 | N22: =M22/L22 -> 1025.8605 | O22: =L22-I22 -> 0 | P22: =N22-K22 -> -74.139532 | Q22: =N22/K22 -> 0.93260043 | R22: =Q38 -> 0.93259079 | S22: 0.32083333 | T22: 0.34141204 | V22: 29.63366 | AA22: =M22-J22 -> -222.4186 | AB22: =M22/J22 -> 0.93260043 | AC22: =AB38 -> 0.93259079
B23: 18℃-飯糰 | C23: 一配熊本麥味噌雞肉飯糰 | E23: 22.95 | F23: 3088 | G23: =E23*F23 -> 70869.6 | I23: 5 | J23: 2700 | K23: =J23/I23 -> 540 | L23: 5 | M23: =F23/V23*60 -> 2517.9633 | N23: =M23/L23 -> 503.59267 | O23: =L23-I23 -> 0 | P23: =N23-K23 -> -36.407335 | Q23: =N23/K23 -> 0.93257901 | S23: 0.34444444 | T23: 0.39553241 | U23: 5 | V23: 73.58328 | AA23: =M23-J23 -> -182.03667 | AB23: =M23/J23 -> 0.93257901
B38: 平均 | I38: =AVERAGE(I22:I37) -> 4 | J38: =AVERAGE(J22:J37) -> 3000 | K38: =J38/I38 -> 750 | L38: =AVERAGE(L22:L37) -> 4 | M38: =AVERAGE(M22:M37) -> 2797.7724 | N38: =M38/L38 -> 699.44309 | O38: =L38-I38 -> 0 | P38: =N38-K38 -> -50.556909 | Q38: =N38/K38 -> 0.93259079 | S38: 0.32083333 | T38: 0.39553241 | AA38: =M38-J38 -> -202.22764 | AB38: =M38/J38 -> 0.93259079
A39: GKK3600型 飯糰機 | B39: 18℃-飯糰 | C39: 一配北海道秋鮭親子飯糰 | E39: 24.82 | F39: 778 | G39: =E39*F39 -> 19309.96 | I39: 5 | J39: 3600 | K39: =J39/I39 -> 720 | L39: 5 | M39: =F39/V39*60 -> 3285.0811 | N39: =M39/L39 -> 657.01622 | O39: =L39-I39 -> 0 | P39: =N39-K39 -> -62.983778 | Q39: =N39/K39 -> 0.91252253 | R39: =Q55 -> 0.91959408 | S39: 0.25 | T39: 0.25986111 | V39: 14.209695 | AA39: =M39-J39 -> -314.91889 | AB39: =M39/J39 -> 0.91252253 | AC39: =AB55 -> 0.91959408
B40: 18℃-飯糰 | C40: 一配熟成紅鮭飯糰 | E40: 25.03 | F40: 650 | G40: =E40*F40 -> 16269.5 | I40: 5 | J40: 3600 | K40: =J40/I40 -> 720 | L40: 5 | M40: =F40/V40*60 -> 3285.2426 | N40: =M40/L40 -> 657.04852 | O40: =L40-I40 -> 0 | P40: =N40-K40 -> -62.951483 | Q40: =N40/K40 -> 0.91256738 | S40: 0.26944444 | T40: 0.27768519 | U40: 13.8 | V40: 11.871269 | AA40: =M40-J40 -> -314.75742 | AB40: =M40/J40 -> 0.91256738
B41: 18℃-飯糰 | C41: 一配生鱈魚子鮭魚飯糰 | E41: 23.8 | F41: 515 | G41: =E41*F41 -> 12257 | I41: 4 | J41: 3600 | K41: =J41/I41 -> 900 | L41: 4 | M41: =F41/V41*60 -> 3282.4137 | N41: =M41/L41 -> 820.60343 | O41: =L41-I41 -> 0 | P41: =N41-K41 -> -79.396568 | Q41: =N41/K41 -> 0.91178159 | S41: 0.28611111 | T41: 0.29263889 | U41: 12.133333 | V41: 9.4138042 | AA41: =M41-J41 -> -317.58627 | AB41: =M41/J41 -> 0.91178159
B42: 18℃-飯糰 | C42: 一配筋子銀鮭飯糰 | E42: 30 | F42: 612 | G42: =E42*F42 -> 18360 | I42: 4 | J42: 3300 | K42: =J42/I42 -> 825 | L42: 4 | M42: =F42/V42*60 -> 3078.9913 | N42: =M42/L42 -> 769.74782 | O42: =L42-I42 -> 0 | P42: =N42-K42 -> -55.25218 | Q42: =N42/K42 -> 0.93302766 | S42: 0.30138889 | T42: 0.30966435 | U42: 12.6 | V42: 11.925984 | AA42: =M42-J42 -> -221.00872 | AB42: =M42/J42 -> 0.93302766
B43: 18℃-飯糰 | C43: 一配蔬食鮪魚飯糰 | E43: 18.18 | F43: 896 | G43: =E43*F43 -> 16289.28 | I43: 3 | J43: 3600 | K43: =J43/I43 -> 1200 | L43: 3 | M43: =F43/V43*60 -> 3282.7677 | N43: =M43/L43 -> 1094.2559 | O43: =L43-I43 -> 0 | P43: =N43-K43 -> -105.74411 | Q43: =N43/K43 -> 0.91187991 | S43: 0.31805556 | T43: 0.3294213 | U43: 12.083333 | V43: 16.376425 | AA43: =M43-J43 -> -317.23234 | AB43: =M43/J43 -> 0.91187991
B44: 18℃-飯糰 | C44: 一配黑胡椒洋蔥豬飯糰 | E44: 17.07 | F44: 1204 | G44: =E44*F44 -> 20552.28 | I44: 3 | J44: 3300 | K44: =J44/I44 -> 1100 | L44: 3 | M44: =F44/V44*60 -> 3079.4526 | N44: =M44/L44 -> 1026.4842 | O44: =L44-I44 -> 0 | P44: =N44-K44 -> -73.515801 | Q44: =N44/K44 -> 0.93316745 | S44: 0.33819444 | T44: 0.35447917 | U44: 12.633333 | V44: 23.458715 | AA44: =M44-J44 -> -220.5474 | AB44: =M44/J44 -> 0.93316745
B45: 18℃-飯糰 | C45: 一配經典肉鬆飯糰 | E45: 14.03 | F45: 3497 | G45: =E45*F45 -> 49062.91 | I45: 3 | J45: 3000 | K45: =J45/I45 -> 1000 | L45: 3 | M45: =F45/V45*60 -> 2801.0556 | N45: =M45/L45 -> 933.6852 | O45: =L45-I45 -> 0 | P45: =N45-K45 -> -66.314804 | Q45: =N45/K45 -> 0.9336852 | S45: 0.36319444 | T45: 0.41520833 | U45: 12.55 | V45: 74.907474 | AA45: =M45-J45 -> -198.94441 | AB45: =M45/J45 -> 0.9336852
B46: 18℃-飯糰 | C46: 一配鮪魚飯糰 | E46: 14.28 | F46: 5069 | G46: =E46*F46 -> 72385.32 | I46: 3 | J46: 3600 | K46: =J46/I46 -> 1200 | L46: 3 | M46: =F46/V46*60 -> 3285.7921 | N46: =M46/L46 -> 1095.264 | O46: =L46-I46 -> 0 | P46: =N46-K46 -> -104.73598 | Q46: =N46/K46 -> 0.91272002 | S46: 0.42361111 | T46: 0.48788194 | U46: 12.1 | V46: 92.562157 | AA46: =M46-J46 -> -314.20794 | AB46: =M46/J46 -> 0.91272002
B55: 平均 | I55: =AVERAGE(I39:I54) -> 3.75 | J55: =AVERAGE(J39:J54) -> 3450 | K55: =J55/I55 -> 920 | L55: =AVERAGE(L39:L54) -> 3.75 | M55: =AVERAGE(M39:M54) -> 3172.5996 | N55: =M55/L55 -> 846.02655 | O55: =L55-I55 -> 0 | P55: =N55-K55 -> -73.973446 | Q55: =N55/K55 -> 0.91959408 | S55: 0.25 | T55: 0.48788194 | AA55: =M55-J55 -> -277.40042 | AB55: =M55/J55 -> 0.91959408
A56: GKK3600型 飯糰機2 | B56: 18℃-飯糰 | C56: 一配明太子龍蝦風味沙拉飯糰 | E56: 18.18 | F56: 1422 | G56: =E56*F56 -> 25851.96 | I56: 3 | J56: 3600 | K56: =J56/I56 -> 1200 | L56: 3 | M56: =F56/V56*60 -> 3283.2999 | N56: =M56/L56 -> 1094.4333 | O56: =L56-I56 -> 0 | P56: =N56-K56 -> -105.56669 | Q56: =N56/K56 -> 0.91202776 | R56: =Q72 -> 0.91246481 | S56: 0.25 | T56: 0.26804398 | V56: 25.986051 | AA56: =M56-J56 -> -316.70008 | AB56: =M56/J56 -> 0.91202776 | AC56: =AB72 -> 0.91246481
B57: 18℃-飯糰 | C57: 一配椒鹽檸檬鯖魚飯糰 | E57: 20.72 | F57: 692 | G57: =E57*F57 -> 14338.24 | I57: 3 | J57: 3600 | K57: =J57/I57 -> 1200 | L57: 3 | M57: =F57/V57*60 -> 3286.9074 | N57: =M57/L57 -> 1095.6358 | O57: =L57-I57 -> 0 | P57: =N57-K57 -> -104.36421 | Q57: =N57/K57 -> 0.91302983 | S57: 0.27638889 | T57: 0.28515046 | U57: 12.016667 | V57: 12.631935 | AA57: =M57-J57 -> -313.09262 | AB57: =M57/J57 -> 0.91302983
B58: 18℃-飯糰 | C58: 一配贅沢鮭魚肚飯糰 | E58: 30 | F58: 1030 | G58: =E58*F58 -> 30900 | I58: 4 | J58: 3600 | K58: =J58/I58 -> 900 | L58: 4 | M58: =F58/V58*60 -> 3286.7419 | N58: =M58/L58 -> 821.68547 | O58: =L58-I58 -> 0 | P58: =N58-K58 -> -78.314534 | Q58: =N58/K58 -> 0.91298385 | S58: 0.29444444 | T58: 0.3075 | U58: 13.383333 | V58: 18.802815 | AA58: =M58-J58 -> -313.25814 | AB58: =M58/J58 -> 0.91298385
B59: 18℃-飯糰 | C59: 一配卵黃牛挽肉飯糰 | E59: 24.76 | F59: 985 | G59: =E59*F59 -> 24388.6 | I59: 4 | J59: 3600 | K59: =J59/I59 -> 900 | L59: 4 | M59: =F59/V59*60 -> 3282.5834 | N59: =M59/L59 -> 820.64585 | O59: =L59-I59 -> 0 | P59: =N59-K59 -> -79.354155 | Q59: =N59/K59 -> 0.91182872 | S59: 0.31597222 | T59: 0.32847222 | U59: 12.2 | V59: 18.004112 | AA59: =M59-J59 -> -317.41662 | AB59: =M59/J59 -> 0.91182872
B60: 18℃-飯糰 | C60: 一配鹽蔥燒肉飯糰 | E60: 17.89 | F60: 2102 | G60: =E60*F60 -> 37604.78 | I60: 4 | J60: 3600 | K60: =J60/I60 -> 900 | L60: 4 | M60: =F60/V60*60 -> 3284.1366 | N60: =M60/L60 -> 821.03414 | O60: =L60-I60 -> 0 | P60: =N60-K60 -> -78.965857 | Q60: =N60/K60 -> 0.91226016 | S60: 0.33819444 | T60: 0.36486111 | U60: 14 | V60: 38.402788 | AA60: =M60-J60 -> -315.86343 | AB60: =M60/J60 -> 0.91226016
B61: 18℃-飯糰 | C61: 一配醬燒炙烤牛飯糰 | E61: 22.32 | F61: 1470 | G61: =E61*F61 -> 32810.4 | I61: 5 | J61: 3600 | K61: =J61/I61 -> 720 | L61: 5 | M61: =F61/V61*60 -> 3283.4835 | N61: =M61/L61 -> 656.69671 | O61: =L61-I61 -> 0 | P61: =N61-K61 -> -63.30329 | Q61: =N61/K61 -> 0.91207876 | S61: 0.37430556 | T61: 0.39295139 | U61: 13.6 | V61: 26.861715 | AA61: =M61-J61 -> -316.51645 | AB61: =M61/J61 -> 0.91207876
B62: 18℃-飯糰 | C62: 一配鹽蔥生鮭飯糰 | E62: 27.48 | F62: 1181 | G62: =E62*F62 -> 32453.88 | I62: 5 | J62: 3600 | K62: =J62/I62 -> 720 | L62: 5 | M62: =F62/V62*60 -> 3286.1501 | N62: =M62/L62 -> 657.23001 | O62: =L62-I62 -> 0 | P62: =N62-K62 -> -62.769986 | Q62: =N62/K62 -> 0.91281946 | S62: 0.40208333 | T62: 0.41704861 | U62: 13.15 | V62: 21.563227 | AA62: =M62-J62 -> -313.84993 | AB62: =M62/J62 -> 0.91281946
B63: 18℃-飯糰 | C63: 一配雞肉飯飯糰 | E63: 16.66 | F63: 4096 | G63: =E63*F63 -> 68239.36 | I63: 5 | J63: 3600 | K63: =J63/I63 -> 720 | L63: 5 | M63: =F63/V63*60 -> 3285.6837 | N63: =M63/L63 -> 657.13675 | O63: =L63-I63 -> 0 | P63: =N63-K63 -> -62.863251 | Q63: =N63/K63 -> 0.91268993 | S63: 0.42569444 | T63: 0.47762731 | U63: 12.45 | V63: 74.797217 | AA63: =M63-J63 -> -314.31625 | AB63: =M63/J63 -> 0.91268993
B72: 平均 | I72: =AVERAGE(I56:I71) -> 4.125 | J72: =AVERAGE(J56:J71) -> 3600 | K72: =J72/I72 -> 872.72727 | L72: =AVERAGE(L56:L71) -> 4.125 | M72: =AVERAGE(M56:M71) -> 3284.8733 | N72: =M72/L72 -> 796.33292 | O72: =L72-I72 -> 0 | P72: =N72-K72 -> -76.394349 | Q72: =N72/K72 -> 0.91246481 | S72: 0.25 | T72: 0.47762731 | AA72: =M72-J72 -> -315.12669 | AB72: =M72/J72 -> 0.91246481
A73: 自動包裝機 (二配) | B73: 18℃-飯糰 | C73: 二配兩粒飯糰(鮪魚.焦糖鮭魚) | E73: 28.57 | F73: 994 | G73: =E73*F73 -> 28398.58 | I73: 12 | J73: 3600 | K73: =J73/I73 -> 300 | L73: 12 | M73: =F73/V73*60 -> 3121.9413 | N73: =M73/L73 -> 260.16177 | O73: =L73-I73 -> 0 | P73: =N73-K73 -> -39.838228 | Q73: =N73/K73 -> 0.86720591 | R73: =Q89 -> 0.86720591 | S73: 0.73888889 | T73: 0.75215278 | V73: 19.103498 | AA73: =M73-J73 -> -478.05874 | AB73: =M73/J73 -> 0.86720591 | AC73: =AB89 -> 0.86720591
B89: 平均 | I89: =AVERAGE(I73:I88) -> 12 | J89: =AVERAGE(J73:J88) -> 3600 | K89: =J89/I89 -> 300 | L89: =AVERAGE(L73:L88) -> 12 | M89: =AVERAGE(M73:M88) -> 3121.9413 | N89: =M89/L89 -> 260.16177 | O89: =L89-I89 -> 0 | P89: =N89-K89 -> -39.838228 | Q89: =N89/K89 -> 0.86720591 | S89: 0.73888889 | T89: 0.75215278 | AA89: =M89-J89 -> -478.05874 | AB89: =M89/J89 -> 0.86720591
A90: (新) 3300型飯糰機 (二配) | B90: 18℃-飯糰 | C90: 二配大飯糰韓式蒜烤豬五花 | E90: 24.54 | F90: 860 | G90: =E90*F90 -> 21104.4 | I90: 4 | J90: 3000 | K90: =J90/I90 -> 750 | L90: 4 | M90: =F90/V90*60 -> 2797.8751 | N90: =M90/L90 -> 699.46876 | O90: =L90-I90 -> 0 | P90: =N90-K90 -> -50.531235 | Q90: =N90/K90 -> 0.93262502 | R90: =Q106 -> 0.93262502 | S90: 0.70833333 | T90: 0.72113426 | V90: 18.442568 | AA90: =M90-J90 -> -202.12494 | AB90: =M90/J90 -> 0.93262502 | AC90: =AB106 -> 0.93262502
B106: 平均 | I106: =AVERAGE(I90:I105) -> 4 | J106: =AVERAGE(J90:J105) -> 3000 | K106: =J106/I106 -> 750 | L106: =AVERAGE(L90:L105) -> 4 | M106: =AVERAGE(M90:M105) -> 2797.8751 | N106: =M106/L106 -> 699.46876 | O106: =L106-I106 -> 0 | P106: =N106-K106 -> -50.531235 | Q106: =N106/K106 -> 0.93262502 | S106: 0.70833333 | T106: 0.72113426 | AA106: =M106-J106 -> -202.12494 | AB106: =M106/J106 -> 0.93262502
A107: GKK3600型 飯糰機 (二配) | B107: 18℃-飯糰 | C107: 二配經典肉鬆飯糰 | E107: 14.03 | F107: 318 | G107: =E107*F107 -> 4461.54 | H107: 2 | I107: 3 | J107: 3000 | K107: =J107/I107 -> 1000 | L107: 3 | M107: =F107/V107*60 -> 2803.3383 | N107: =M107/L107 -> 934.44609 | O107: =L107-I107 -> 0 | P107: =N107-K107 -> -65.553906 | Q107: =N107/K107 -> 0.93444609 | R107: =Q123 -> 0.91789514 | S107: 0.73194444 | T107: 0.73666667 | V107: 6.8061711 | AA107: =M107-J107 -> -196.66172 | AB107: =M107/J107 -> 0.93444609 | AC107: =AB123 -> 0.91789514
B108: 18℃-飯糰 | C108: 二配芝麻香鬆飯糰 | E108: 18.18 | F108: 622 | G108: =E108*F108 -> 11307.96 | H108: 2 | I108: 3 | J108: 3000 | K108: =J108/I108 -> 1000 | L108: 3 | M108: =F108/V108*60 -> 2797.8874 | N108: =M108/L108 -> 932.62914 | O108: =L108-I108 -> 0 | P108: =N108-K108 -> -67.370861 | Q108: =N108/K108 -> 0.93262914 | S108: 0.74583333 | T108: 0.75509259 | U108: 13.2 | V108: 13.338635 | AA108: =M108-J108 -> -202.11258 | AB108: =M108/J108 -> 0.93262914
B109: 18℃-飯糰 | C109: 二配蔬食鮪魚飯糰 | E109: 18.18 | F109: 389 | G109: =E109*F109 -> 7072.02 | H109: 2 | I109: 3 | J109: 3600 | K109: =J109/I109 -> 1200 | L109: 3 | M109: =F109/V109*60 -> 3286.4253 | N109: =M109/L109 -> 1095.4751 | O109: =L109-I109 -> 0 | P109: =N109-K109 -> -104.52488 | Q109: =N109/K109 -> 0.91289593 | S109: 0.76388889 | T109: 0.76881944 | U109: 12.666667 | V109: 7.1019413 | AA109: =M109-J109 -> -313.57465 | AB109: =M109/J109 -> 0.91289593
B110: 18℃-飯糰 | C110: 二配三杯醬爆菇菇飯糰 | E110: 16.7 | F110: 1101 | G110: =E110*F110 -> 18386.7 | H110: 2 | I110: 3 | J110: 3600 | K110: =J110/I110 -> 1200 | L110: 3 | M110: =F110/V110*60 -> 3285.432 | N110: =M110/L110 -> 1095.144 | O110: =L110-I110 -> 0 | P110: =N110-K110 -> -104.85599 | Q110: =N110/K110 -> 0.91262001 | S110: 0.77777778 | T110: 0.79173611 | U110: 12.9 | V110: 20.106945 | AA110: =M110-J110 -> -314.56797 | AB110: =M110/J110 -> 0.91262001
B111: 18℃-飯糰 | C111: 二配贅沢鮭魚肚飯糰 | E111: 30 | F111: 737 | G111: =E111*F111 -> 22110 | H111: 2 | I111: 4 | J111: 3600 | K111: =J111/I111 -> 900 | L111: 4 | M111: =F111/V111*60 -> 3285.8738 | N111: =M111/L111 -> 821.46844 | O111: =L111-I111 -> 0 | P111: =N111-K111 -> -78.531555 | Q111: =N111/K111 -> 0.91274272 | S111: 0.80138889 | T111: 0.81072917 | U111: 13.9 | V111: 13.457608 | AA111: =M111-J111 -> -314.12622 | AB111: =M111/J111 -> 0.91274272
B112: 18℃-飯糰 | C112: 二配熟成紅鮭飯糰 | E112: 25.03 | F112: 452 | G112: =E112*F112 -> 11313.56 | H112: 2 | I112: 5 | J112: 3600 | K112: =J112/I112 -> 720 | L112: 5 | M112: =F112/V112*60 -> 3283.7239 | N112: =M112/L112 -> 656.74478 | O112: =L112-I112 -> 0 | P112: =N112-K112 -> -63.255223 | Q112: =N112/K112 -> 0.91214552 | S112: 0.81944444 | T112: 0.82517361 | U112: 12.55 | V112: 8.2589161 | AA112: =M112-J112 -> -316.27611 | AB112: =M112/J112 -> 0.91214552
B113: 18℃-飯糰 | C113: 二配雞肉飯飯糰 | E113: 16.66 | F113: 2448 | G113: =E113*F113 -> 40783.68 | H113: 2 | I113: 5 | J113: 3600 | K113: =J113/I113 -> 720 | L113: 5 | M113: =F113/V113*60 -> 3287.0457 | N113: =M113/L113 -> 657.40915 | O113: =L113-I113 -> 0 | P113: =N113-K113 -> -62.590852 | Q113: =N113/K113 -> 0.91306826 | S113: 0.83402778 | T113: 0.86505787 | U113: 12.75 | V113: 44.684501 | AA113: =M113-J113 -> -312.95426 | AB113: =M113/J113 -> 0.91306826
B114: 18℃-飯糰 | C114: 二配芝麻香鬆飯糰 | E114: 18.18 | F114: 806 | G114: =E114*F114 -> 14653.08 | I114: 3 | J114: 3000 | K114: =J114/I114 -> 1000 | L114: 3 | M114: =F114/V114*60 -> 2797.8874 | N114: =M114/L114 -> 932.62914 | O114: =L114-I114 -> 0 | P114: =N114-K114 -> -67.370861 | Q114: =N114/K114 -> 0.93262914 | S114: 0.87361111 | T114: 0.88561343 | U114: 12.316667 | V114: 17.28447 | AA114: =M114-J114 -> -202.11258 | AB114: =M114/J114 -> 0.93262914
B115: 18℃-飯糰 | C115: 二配蔬食鮪魚飯糰 | E115: 18.18 | F115: 485 | G115: =E115*F115 -> 8817.3 | I115: 3 | J115: 3600 | K115: =J115/I115 -> 1200 | L115: 3 | M115: =F115/V115*60 -> 3286.4253 | N115: =M115/L115 -> 1095.4751 | O115: =L115-I115 -> 0 | P115: =N115-K115 -> -104.52488 | Q115: =N115/K115 -> 0.91289593 | S115: 0.89513889 | T115: 0.90128472 | U115: 13.716667 | V115: 8.8546055 | AA115: =M115-J115 -> -313.57465 | AB115: =M115/J115 -> 0.91289593
B116: 18℃-飯糰 | C116: 二配三杯醬爆菇菇飯糰 | E116: 16.7 | F116: 1463 | G116: =E116*F116 -> 24432.1 | I116: 3 | J116: 3600 | K116: =J116/I116 -> 1200 | L116: 3 | M116: =F116/V116*60 -> 3285.432 | N116: =M116/L116 -> 1095.144 | O116: =L116-I116 -> 0 | P116: =N116-K116 -> -104.85599 | Q116: =N116/K116 -> 0.91262001 | S116: 0.90972222 | T116: 0.92827546 | U116: 12.15 | V116: 26.717947 | AA116: =M116-J116 -> -314.56797 | AB116: =M116/J116 -> 0.91262001
B117: 18℃-飯糰 | C117: 二配贅沢鮭魚肚飯糰 | E117: 30 | F117: 930 | G117: =E117*F117 -> 27900 | I117: 4 | J117: 3600 | K117: =J117/I117 -> 900 | L117: 4 | M117: =F117/V117*60 -> 3285.8738 | N117: =M117/L117 -> 821.46844 | O117: =L117-I117 -> 0 | P117: =N117-K117 -> -78.531555 | Q117: =N117/K117 -> 0.91274272 | S117: 0.9375 | T117: 0.94928241 | U117: 13.283333 | V117: 16.981784 | AA117: =M117-J117 -> -314.12622 | AB117: =M117/J117 -> 0.91274272
B118: 18℃-飯糰 | C118: 二配熟成紅鮭飯糰 | E118: 25.03 | F118: 515 | G118: =E118*F118 -> 12890.45 | I118: 5 | J118: 3600 | K118: =J118/I118 -> 720 | L118: 5 | M118: =F118/V118*60 -> 3283.2376 | N118: =M118/L118 -> 656.64752 | O118: =L118-I118 -> 0 | P118: =N118-K118 -> -63.352485 | Q118: =N118/K118 -> 0.91201044 | S118: 0.95833333 | T118: 0.96486111 | U118: 13.033333 | V118: 9.411442 | AA118: =M118-J118 -> -316.76242 | AB118: =M118/J118 -> 0.91201044
B119: 18℃-飯糰 | C119: 二配經典肉鬆飯糰 | E119: 14.03 | F119: 5642 | G119: =E119*F119 -> 79157.26 | I119: 3 | J119: 3000 | K119: =J119/I119 -> 1000 | L119: 3 | M119: =F119/V119*60 -> 2803.3383 | N119: =M119/L119 -> 934.44609 | O119: =L119-I119 -> 0 | P119: =N119-K119 -> -65.553906 | Q119: =N119/K119 -> 0.93444609 | S119: 0.97430556 | T119: 1.0581597 | U119: 13.6 | V119: 120.75603 | AA119: =M119-J119 -> -196.66172 | AB119: =M119/J119 -> 0.93444609
B120: 18℃-飯糰 | C120: 二配雞肉飯飯糰 | E120: 16.66 | F120: 3745 | G120: =E120*F120 -> 62391.7 | I120: 5 | J120: 3600 | K120: =J120/I120 -> 720 | L120: 5 | M120: =F120/V120*60 -> 3287.0457 | N120: =M120/L120 -> 657.40915 | O120: =L120-I120 -> 0 | P120: =N120-K120 -> -62.590852 | Q120: =N120/K120 -> 0.91306826 | S120: 1.0666667 | T120: 1.1141319 | U120: 12.25 | V120: 68.359256 | AA120: =M120-J120 -> -312.95426 | AB120: =M120/J120 -> 0.91306826
B123: 平均 | I123: =AVERAGE(I107:I122) -> 3.7142857 | J123: =AVERAGE(J107:J122) -> 3428.5714 | K123: =J123/I123 -> 923.07692 | L123: =AVERAGE(L107:L122) -> 3.7142857 | M123: =AVERAGE(M107:M122) -> 3147.069 | N123: =M123/L123 -> 847.28782 | O123: =L123-I123 -> 0 | P123: =N123-K123 -> -75.789103 | Q123: =N123/K123 -> 0.91789514 | S123: 0.73194444 | T123: 1.1141319 | AA123: =M123-J123 -> -281.50238 | AB123: =M123/J123 -> 0.91789514
A124: GKK3600型 飯糰機2 (二配) | B124: 18℃-飯糰 | C124: 二配鮪魚飯糰 | E124: 14.28 | F124: 356 | G124: =E124*F124 -> 5083.68 | H124: 2 | I124: 3 | J124: 3600 | K124: =J124/I124 -> 1200 | L124: 3 | M124: =F124/V124*60 -> 3286.1245 | N124: =M124/L124 -> 1095.3748 | O124: =L124-I124 -> 0 | P124: =N124-K124 -> -104.62516 | Q124: =N124/K124 -> 0.91281237 | R124: =Q140 -> 0.91231577 | S124: 0.73194444 | T124: 0.73645833 | V124: 6.500058 | AA124: =M124-J124 -> -313.87549 | AB124: =M124/J124 -> 0.91281237 | AC124: =AB140 -> 0.91231577
B125: 18℃-飯糰 | C125: 二配生鱈魚子鮭魚飯糰 | E125: 23.8 | F125: 310 | G125: =E125*F125 -> 7378 | H125: 2 | I125: 4 | J125: 3600 | K125: =J125/I125 -> 900 | L125: 4 | M125: =F125/V125*60 -> 3284.3985 | N125: =M125/L125 -> 821.09962 | O125: =L125-I125 -> 0 | P125: =N125-K125 -> -78.900381 | Q125: =N125/K125 -> 0.91233291 | S125: 0.74583333 | T125: 0.74975694 | U125: 13.5 | V125: 5.6631374 | AA125: =M125-J125 -> -315.60152 | AB125: =M125/J125 -> 0.91233291
B126: 18℃-飯糰 | C126: 二配北海道秋鮭親子飯糰 | E126: 24.82 | F126: 690 | G126: =E126*F126 -> 17125.8 | H126: 2 | I126: 5 | J126: 3600 | K126: =J126/I126 -> 720 | L126: 5 | M126: =F126/V126*60 -> 3283.0452 | N126: =M126/L126 -> 656.60904 | O126: =L126-I126 -> 0 | P126: =N126-K126 -> -63.390963 | Q126: =N126/K126 -> 0.911957 | S126: 0.75902778 | T126: 0.76777778 | U126: 13.35 | V126: 12.610244 | AA126: =M126-J126 -> -316.95481 | AB126: =M126/J126 -> 0.911957
B127: 18℃-飯糰 | C127: 二配卵黃牛挽肉飯糰 | E127: 24.76 | F127: 492 | G127: =E127*F127 -> 12181.92 | H127: 2 | I127: 4 | J127: 3600 | K127: =J127/I127 -> 900 | L127: 4 | M127: =F127/V127*60 -> 3286.0998 | N127: =M127/L127 -> 821.52495 | O127: =L127-I127 -> 0 | P127: =N127-K127 -> -78.475047 | Q127: =N127/K127 -> 0.9128055 | S127: 0.77638889 | T127: 0.78261574 | U127: 12.4 | V127: 8.9832938 | AA127: =M127-J127 -> -313.90019 | AB127: =M127/J127 -> 0.9128055
B128: 18℃-飯糰 | C128: 二配醬燒炙烤牛飯糰 | E128: 22.32 | F128: 731 | G128: =E128*F128 -> 16315.92 | H128: 2 | I128: 5 | J128: 3600 | K128: =J128/I128 -> 720 | L128: 5 | M128: =F128/V128*60 -> 3283.5361 | N128: =M128/L128 -> 656.70722 | O128: =L128-I128 -> 0 | P128: =N128-K128 -> -63.292776 | Q128: =N128/K128 -> 0.91209337 | S128: 0.79097222 | T128: 0.80024306 | U128: 12.033333 | V128: 13.357551 | AA128: =M128-J128 -> -316.46388 | AB128: =M128/J128 -> 0.91209337
B129: 18℃-飯糰 | C129: 二配明太子龍蝦風味沙拉飯糰 | E129: 18.18 | F129: 1058 | G129: =E129*F129 -> 19234.44 | H129: 2 | I129: 3 | J129: 3600 | K129: =J129/I129 -> 1200 | L129: 3 | M129: =F129/V129*60 -> 3281.7493 | N129: =M129/L129 -> 1093.9164 | O129: =L129-I129 -> 0 | P129: =N129-K129 -> -106.08355 | Q129: =N129/K129 -> 0.91159704 | S129: 0.80902778 | T129: 0.8224537 | U129: 12.65 | V129: 19.343342 | AA129: =M129-J129 -> -318.25066 | AB129: =M129/J129 -> 0.91159704
B130: 18℃-飯糰 | C130: 二配鹽蔥燒肉飯糰 | E130: 17.89 | F130: 1657 | G130: =E130*F130 -> 29643.73 | H130: 2 | I130: 4 | J130: 3600 | K130: =J130/I130 -> 900 | L130: 4 | M130: =F130/V130*60 -> 3286.3051 | N130: =M130/L130 -> 821.57628 | O130: =L130-I130 -> 0 | P130: =N130-K130 -> -78.423715 | Q130: =N130/K130 -> 0.91286254 | S130: 0.83194444 | T130: 0.85295139 | U130: 13.666667 | V130: 30.252821 | AA130: =M130-J130 -> -313.69486 | AB130: =M130/J130 -> 0.91286254
B131: 18℃-飯糰 | C131: 二配生鱈魚子鮭魚飯糰 | E131: 23.8 | F131: 334 | G131: =E131*F131 -> 7949.2 | I131: 4 | J131: 3600 | K131: =J131/I131 -> 900 | L131: 4 | M131: =F131/V131*60 -> 3284.3985 | N131: =M131/L131 -> 821.09962 | O131: =L131-I131 -> 0 | P131: =N131-K131 -> -78.900381 | Q131: =N131/K131 -> 0.91233291 | S131: 0.86180556 | T131: 0.86604167 | U131: 12.75 | V131: 6.1015739 | AA131: =M131-J131 -> -315.60152 | AB131: =M131/J131 -> 0.91233291
B132: 18℃-飯糰 | C132: 二配北海道秋鮭親子飯糰 | E132: 24.82 | F132: 867 | G132: =E132*F132 -> 21518.94 | I132: 5 | J132: 3600 | K132: =J132/I132 -> 720 | L132: 5 | M132: =F132/V132*60 -> 3282.5138 | N132: =M132/L132 -> 656.50275 | O132: =L132-I132 -> 0 | P132: =N132-K132 -> -63.497247 | Q132: =N132/K132 -> 0.91180938 | S132: 0.87569444 | T132: 0.88668981 | U132: 13.9 | V132: 15.847611 | AA132: =M132-J132 -> -317.48623 | AB132: =M132/J132 -> 0.91180938
B133: 18℃-飯糰 | C133: 二配卵黃牛挽肉飯糰 | E133: 24.76 | F133: 652 | G133: =E133*F133 -> 16143.52 | I133: 4 | J133: 3600 | K133: =J133/I133 -> 900 | L133: 4 | M133: =F133/V133*60 -> 3286.0998 | N133: =M133/L133 -> 821.52495 | O133: =L133-I133 -> 0 | P133: =N133-K133 -> -78.475047 | Q133: =N133/K133 -> 0.9128055 | S133: 0.89513889 | T133: 0.90340278 | U133: 12.166667 | V133: 11.90469 | AA133: =M133-J133 -> -313.90019 | AB133: =M133/J133 -> 0.9128055
B134: 18℃-飯糰 | C134: 二配醬燒炙烤牛飯糰 | E134: 22.32 | F134: 1162 | G134: =E134*F134 -> 25935.84 | I134: 5 | J134: 3600 | K134: =J134/I134 -> 720 | L134: 5 | M134: =F134/V134*60 -> 3281.7136 | N134: =M134/L134 -> 656.34272 | O134: =L134-I134 -> 0 | P134: =N134-K134 -> -63.657282 | Q134: =N134/K134 -> 0.91158711 | S134: 0.9125 | T134: 0.92724537 | U134: 13.1 | V134: 21.244998 | AA134: =M134-J134 -> -318.28641 | AB134: =M134/J134 -> 0.91158711
B135: 18℃-飯糰 | C135: 二配明太子龍蝦風味沙拉飯糰 | E135: 18.18 | F135: 1597 | G135: =E135*F135 -> 29033.46 | I135: 3 | J135: 3600 | K135: =J135/I135 -> 1200 | L135: 3 | M135: =F135/V135*60 -> 3282.3008 | N135: =M135/L135 -> 1094.1003 | O135: =L135-I135 -> 0 | P135: =N135-K135 -> -105.89974 | Q135: =N135/K135 -> 0.91175022 | S135: 0.93680556 | T135: 0.95707176 | U135: 13.766667 | V135: 29.192937 | AA135: =M135-J135 -> -317.69921 | AB135: =M135/J135 -> 0.91175022
B136: 18℃-飯糰 | C136: 二配鹽蔥燒肉飯糰 | E136: 17.89 | F136: 2538 | G136: =E136*F136 -> 45404.82 | I136: 4 | J136: 3600 | K136: =J136/I136 -> 900 | L136: 4 | M136: =F136/V136*60 -> 3286.3051 | N136: =M136/L136 -> 821.57628 | O136: =L136-I136 -> 0 | P136: =N136-K136 -> -78.423715 | Q136: =N136/K136 -> 0.91286254 | S136: 0.96597222 | T136: 0.99814815 | U136: 12.816667 | V136: 46.337754 | AA136: =M136-J136 -> -313.69486 | AB136: =M136/J136 -> 0.91286254
B137: 18℃-飯糰 | C137: 二配鮪魚飯糰 | E137: 14.28 | F137: 7277 | G137: =E137*F137 -> 103915.56 | I137: 3 | J137: 3600 | K137: =J137/I137 -> 1200 | L137: 3 | M137: =F137/V137*60 -> 3286.1245 | N137: =M137/L137 -> 1095.3748 | O137: =L137-I137 -> 0 | P137: =N137-K137 -> -104.62516 | Q137: =N137/K137 -> 0.91281237 | S137: 1.0069444 | T137: 1.099213 | U137: 12.666667 | V137: 132.86776 | AA137: =M137-J137 -> -313.87549 | AB137: =M137/J137 -> 0.91281237
B140: 平均 | I140: =AVERAGE(I124:I139) -> 4 | J140: =AVERAGE(J124:J139) -> 3600 | K140: =J140/I140 -> 900 | L140: =AVERAGE(L124:L139) -> 4 | M140: =AVERAGE(M124:M139) -> 3284.3368 | N140: =M140/L140 -> 821.08419 | O140: =L140-I140 -> 0 | P140: =N140-K140 -> -78.915809 | Q140: =N140/K140 -> 0.91231577 | S140: 0.73194444 | T140: 1.099213 | AA140: =M140-J140 -> -315.66324 | AB140: =M140/J140 -> 0.91231577
Y142: 原因回覆
Y143: 1.當日出勤人數較多
Y144: 2.當日出勤人數較少
Y145: 3.當日出勤熟手較多
Y146: 4.當日出勤新人較多
Y147: 5.機台夾盒
Y148: 6.封膜不順
Y149: 7.更換膠膜
Y150: 8.更換碳帶
Y151: 9.當日熱轉印碳帶異常
Y152: 10.訂單量過少
Y153: 11.新品上市，尚未熟悉
Y154: 12.活動期間品項需貼標

Sheet 1006(4度C)
A1: 大溪廠日報分析 | C1: 總生產量 | D1: =SUM(F5:F140) -> 81286 | E1: 營業額 | F1: =SUM(G5:G140) -> 3508305.7 | G1: 出勤人數 | H1: =L21+L38+L55+L72+L89+L106+L123+L140 -> 137.6 | I1: 產線配置圖 | L1: 生產實績 | O1: 人時性差異分析 | S1: 日報登錄 | Y1: 合計次數 | Z1: 合計(時間/分) | AA1: 產線異常 分析說明(5分鐘以上) | AC1: 合計次數 | AD1: 合計(時間/分) | AE1: 產能差異分析
A2: 46301 | C2: 人時性 | D2: =AVERAGE(N21,N38,N55,N72,N89,N106,N123,N140) -> 208.36636 | E2: 平均廠價 | F2: =F1/D1 -> 43.160024 | G2: 多次生產數 | H2: =COUNT(H5:H140) -> 1 | Y2: =SUM(Y21,Y38,Y55,Y72,Y89,Y106,Y123,Y140) -> 0 | Z2: =SUM(Z21,Z38,Z55,Z72,Z89,Z106,Z123,Z140) -> 0 | AC2: =SUM(AC21,AC38,AC55,AC72,AC89,AC106,AC123,AC140) -> 0 | AD2: =SUM(AD21,AD38,AD55,AD72,AD89,AD106,AD123,AD140) -> 0
A3: 線別 | B3: 品類 | C3: 品名 | E3: 廠價 | F3: 生產量 | G3: 營收 | H3: 多次 生產 | I3: 人數 | J3: 產能/時 | K3: 人時性 | L3: 人數 | M3: 產能/時 | N3: 人時性 | O3: 人數 | P3: 人時性 | Q3: 達成率 | R3: 達成率 平均 | S3: 生產時間 | U3: 換線、休息/分 | V3: 稼動時間/分 | W3: 休息時間 | Y3: 產線異常統計(5分鐘以上) | AA3: (屏榮回填) | AC3: 短暫停線統計(5分鐘以下) | AE3: 產能/時 | AF3: 達成率 | AG3: 達成率平均
S4: 開始 | T4: 結束 | W4: 開始 | X4: 結束 | Y4: 次數 | Z4: 時間/分 | AC4: 總次數 | AD4: 設備因素(次數)
A5: 便當二線 | B5: 微波小吃 | C5: 日式茶碗蒸 | E5: 19.7 | F5: 4194 | G5: =E5*F5 -> 82621.8 | I5: 13 | J5: 1200 | K5: =J5/I5 -> 92.307692 | L5: 13 | M5: =F5/V5*60 -> 1085.9673 | N5: =M5/L5 -> 83.535945 | O5: =L5-I5 -> 0 | P5: =N5-K5 -> -8.7717471 | Q5: =N5/K5 -> 0.90497274 | R5: =Q21 -> 0.9027216 | S5: 0.20833333 | T5: 0.36924769 | V5: 231.71969 | AE5: =M5-J5 -> -114.03271 | AF5: =M5/J5 -> 0.90497274 | AG5: =AF21 -> 0.9027216
B6: 微波主食 | C6: 糖燻野郎三十天熟成牛飯 | E6: 56.43 | F6: 5033 | G6: =E6*F6 -> 284012.19 | I6: 24 | J6: 2000 | K6: =J6/I6 -> 83.333333 | L6: 24 | M6: =F6/V6*60 -> 1801.3548 | N6: =M6/L6 -> 75.056451 | O6: =L6-I6 -> 0 | P6: =N6-K6 -> -8.2768824 | Q6: =N6/K6 -> 0.90067741 | S6: 0.37222222 | T6: 0.48863426 | U6: 5 | V6: 167.64049 | W6: 0.48863426 | X6: 0.52708333 | AE6: =M6-J6 -> -198.64518 | AF6: =M6/J6 -> 0.90067741
B7: 便當 | C7: 健身G肉餐盒 | E7: 59.52 | F7: 5174 | G7: =E7*F7 -> 307956.48 | I7: 24 | J7: 2000 | K7: =J7/I7 -> 83.333333 | L7: 24 | M7: =F7/V7*60 -> 1806.8302 | N7: =M7/L7 -> 75.284591 | O7: =L7-I7 -> 0 | P7: =N7-K7 -> -8.0487421 | Q7: =N7/K7 -> 0.90341509 | S7: 0.52708333 | T7: 0.64638889 | U7: 55.366667 | V7: 171.81471 | AE7: =M7-J7 -> -193.16981 | AF7: =M7/J7 -> 0.90341509
B21: 平均 | I21: =AVERAGE(I5:I20) -> 20.333333 | J21: =AVERAGE(J5:J20) -> 1733.3333 | K21: =J21/I21 -> 85.245902 | L21: =AVERAGE(L5:L20) -> 20.333333 | M21: =AVERAGE(M5:M20) -> 1564.7174 | N21: =M21/L21 -> 76.953316 | O21: =L21-I21 -> 0 | P21: =N21-K21 -> -8.2925853 | Q21: =N21/K21 -> 0.9027216 | S21: 0.20833333 | T21: 0.64638889 | Y21: =SUM(Y5:Y20) -> 0 | Z21: =SUM(Z5:Z20) -> 0 | AC21: =SUM(AC5:AC20) -> 0 | AD21: =SUM(AD5:AD20) -> 0 | AE21: =M21-J21 -> -168.6159 | AF21: =M21/J21 -> 0.9027216
A22: 涼麵一線 | B22: 4℃-飯糰 | C22: 麻油雞飯糰 | E22: 29.97 | F22: 2293 | G22: =E22*F22 -> 68721.21 | I22: 21 | J22: 2790 | K22: =J22/I22 -> 132.85714 | L22: 22 | M22: =F22/V22*60 -> 2626.6346 | N22: =M22/L22 -> 119.39248 | O22: =L22-I22 -> 1 | P22: =N22-K22 -> -13.46466 | Q22: =N22/K22 -> 0.89865309 | R22: =Q38 -> 0.90285389 | S22: 0.20833333 | T22: 0.24469907 | V22: 52.378812 | AE22: =M22-J22 -> -163.36538 | AF22: =M22/J22 -> 0.9414461 | AG22: =AF38 -> 0.9205569
B23: 4℃-飯糰 | C23: 經典傳統飯糰 | E23: 24.35 | F23: 2663 | G23: =E23*F23 -> 64844.05 | I23: 21 | J23: 2790 | K23: =J23/I23 -> 132.85714 | L23: 22 | M23: =F23/V23*60 -> 2626.6346 | N23: =M23/L23 -> 119.39248 | O23: =L23-I23 -> 1 | P23: =N23-K23 -> -13.46466 | Q23: =N23/K23 -> 0.89865309 | S23: 0.24861111 | T23: 0.29084491 | U23: 5.6333333 | V23: 60.830692 | AE23: =M23-J23 -> -163.36538 | AF23: =M23/J23 -> 0.9414461
B24: 4℃-壽司手卷 | C24: 海陸雙拼壽司 | E24: 36.45 | F24: 2040 | G24: =E24*F24 -> 74358 | I24: 20 | J24: 2100 | K24: =J24/I24 -> 105 | L24: 20 | M24: =F24/V24*60 -> 1890.5483 | N24: =M24/L24 -> 94.527417 | O24: =L24-I24 -> 0 | P24: =N24-K24 -> -10.472583 | Q24: =N24/K24 -> 0.90026112 | S24: 0.29375 | T24: 0.3387037 | U24: 5 | V24: 64.743121 | AE24: =M24-J24 -> -209.45166 | AF24: =M24/J24 -> 0.90026112
B25: 便當 | C25: 懷舊滷雙拼便當 | E25: 61.09 | F25: 3454 | G25: =E25*F25 -> 211004.86 | I25: 20 | J25: 2000 | K25: =J25/I25 -> 100 | L25: 20 | M25: =F25/V25*60 -> 1806.2427 | N25: =M25/L25 -> 90.312133 | O25: =L25-I25 -> 0 | P25: =N25-K25 -> -9.6878669 | Q25: =N25/K25 -> 0.90312133 | S25: 0.34166667 | T25: 0.42134259 | U25: 5 | V25: 114.73541 | W25: 0.42134259 | X25: 0.45902778 | AE25: =M25-J25 -> -193.75734 | AF25: =M25/J25 -> 0.90312133
B26: 便當 | C26: 香腸腿排雙拼便當 | E26: 53.76 | F26: 3297 | G26: =E26*F26 -> 177246.72 | I26: 20 | J26: 2000 | K26: =J26/I26 -> 100 | L26: 20 | M26: =F26/V26*60 -> 1802.0444 | N26: =M26/L26 -> 90.102219 | O26: =L26-I26 -> 0 | P26: =N26-K26 -> -9.8977806 | Q26: =N26/K26 -> 0.90102219 | S26: 0.45902778 | T26: 0.53525463 | U26: 55 | V26: 109.77532 | AE26: =M26-J26 -> -197.95561 | AF26: =M26/J26 -> 0.90102219
B38: 平均 | I38: =AVERAGE(I22:I37) -> 20.4 | J38: =AVERAGE(J22:J37) -> 2336 | K38: =J38/I38 -> 114.5098 | L38: =AVERAGE(L22:L37) -> 20.8 | M38: =AVERAGE(M22:M37) -> 2150.4209 | N38: =M38/L38 -> 103.38562 | O38: =L38-I38 -> 0.4 | P38: =N38-K38 -> -11.124183 | Q38: =N38/K38 -> 0.90285389 | S38: 0.20833333 | T38: 0.53525463 | Y38: =SUM(Y22:Y37) -> 0 | Z38: =SUM(Z22:Z37) -> 0 | AC38: =SUM(AC22:AC37) -> 0 | AD38: =SUM(AD22:AD37) -> 0 | AE38: =M38-J38 -> -185.57908 | AF38: =M38/J38 -> 0.9205569
A39: 涼麵二線 | B39: 便當 | C39: 蔬活腿排補力餐盒 | E39: 71.55 | F39: 2603 | G39: =E39*F39 -> 186244.65 | I39: 22 | J39: 2000 | K39: =J39/I39 -> 90.909091 | L39: 22 | M39: =F39/V39*60 -> 1808.2186 | N39: =M39/L39 -> 82.191754 | O39: =L39-I39 -> 0 | P39: =N39-K39 -> -8.7173367 | Q39: =N39/K39 -> 0.9041093 | R39: =Q55 -> 0.9033176 | S39: 0.20833333 | T39: 0.26831019 | V39: 86.372301 | AE39: =M39-J39 -> -191.78141 | AF39: =M39/J39 -> 0.9041093 | AG39: =AF55 -> 0.9033176
B40: 便當 | C40: 海陸雙拼肉肉餐盒 | E40: 59.54 | F40: 2693 | G40: =E40*F40 -> 160341.22 | I40: 23 | J40: 2000 | K40: =J40/I40 -> 86.956522 | L40: 23 | M40: =F40/V40*60 -> 1807.2274 | N40: =M40/L40 -> 78.575104 | O40: =L40-I40 -> 0 | P40: =N40-K40 -> -8.3814179 | Q40: =N40/K40 -> 0.90361369 | S40: 0.27222222 | T40: 0.33430556 | U40: 5.6333333 | V40: 89.407676 | AE40: =M40-J40 -> -192.77261 | AF40: =M40/J40 -> 0.90361369
B41: 便當 | C41: 烤蛋白餐盒 | E41: 58.67 | F41: 3983 | G41: =E41*F41 -> 233682.61 | I41: 23 | J41: 2000 | K41: =J41/I41 -> 86.956522 | L41: 23 | M41: =F41/V41*60 -> 1803.5094 | N41: =M41/L41 -> 78.413451 | O41: =L41-I41 -> 0 | P41: =N41-K41 -> -8.5430712 | Q41: =N41/K41 -> 0.90175468 | S41: 0.3375 | T41: 0.42951389 | U41: 4.6 | V41: 132.50832 | AE41: =M41-J41 -> -196.49064 | AF41: =M41/J41 -> 0.90175468
B42: 便當 | C42: 香烤鱈魚輕蔬餐盒 | E42: 69.26 | F42: 542 | G42: =E42*F42 -> 37538.92 | I42: 24 | J42: 2000 | K42: =J42/I42 -> 83.333333 | L42: 24 | M42: =F42/V42*60 -> 1803.3152 | N42: =M42/L42 -> 75.138133 | O42: =L42-I42 -> 0 | P42: =N42-K42 -> -8.1952003 | Q42: =N42/K42 -> 0.9016576 | S42: 0.43263889 | T42: 0.44516204 | U42: 5 | V42: 18.033453 | W42: 0.44516204 | X42: 0.48333333 | AE42: =M42-J42 -> -196.68481 | AF42: =M42/J42 -> 0.9016576
B43: 便當 | C43: 地中海布格麥烤魚餐盒 | E43: 63.92 | F43: 1648 | G43: =E43*F43 -> 105340.16 | I43: 24 | J43: 2000 | K43: =J43/I43 -> 83.333333 | L43: 24 | M43: =F43/V43*60 -> 1810.9054 | N43: =M43/L43 -> 75.454393 | O43: =L43-I43 -> 0 | P43: =N43-K43 -> -7.8789401 | Q43: =N43/K43 -> 0.90545272 | S43: 0.48333333 | T43: 0.52125 | U43: 54.966667 | V43: 54.60252 | AE43: =M43-J43 -> -189.09456 | AF43: =M43/J43 -> 0.90545272
B55: 平均 | I55: =AVERAGE(I39:I54) -> 23.2 | J55: =AVERAGE(J39:J54) -> 2000 | K55: =J55/I55 -> 86.206897 | L55: =AVERAGE(L39:L54) -> 23.2 | M55: =AVERAGE(M39:M54) -> 1806.6352 | N55: =M55/L55 -> 77.872207 | O55: =L55-I55 -> 0 | P55: =N55-K55 -> -8.3346899 | Q55: =N55/K55 -> 0.9033176 | S55: 0.20833333 | T55: 0.52125 | Y55: =SUM(Y39:Y54) -> 0 | Z55: =SUM(Z39:Z54) -> 0 | AC55: =SUM(AC39:AC54) -> 0 | AD55: =SUM(AD39:AD54) -> 0 | AE55: =M55-J55 -> -193.3648 | AF55: =M55/J55 -> 0.9033176
A56: 涼麵三線 | B56: 季節調理麵 | C56: 和風涓絲冷麵 | E56: 28.86 | F56: 1119 | G56: =E56*F56 -> 32294.34 | I56: 18 | J56: 3600 | K56: =J56/I56 -> 200 | L56: 18 | M56: =F56/V56*60 -> 3193.9077 | N56: =M56/L56 -> 177.43932 | O56: =L56-I56 -> 0 | P56: =N56-K56 -> -22.560682 | Q56: =N56/K56 -> 0.88719659 | R56: =Q72 -> 0.89638942 | S56: 0.25 | T56: 0.26459491 | V56: 21.021271 | AE56: =M56-J56 -> -406.09228 | AF56: =M56/J56 -> 0.88719659 | AG56: =AF72 -> 0.89638942
B57: 季節調理麵 | C57: 韓式泡菜冷麵 | E57: 36.73 | F57: 1299 | G57: =E57*F57 -> 47712.27 | I57: 21 | J57: 3600 | K57: =J57/I57 -> 171.42857 | L57: 21 | M57: =F57/V57*60 -> 3192.7256 | N57: =M57/L57 -> 152.03455 | O57: =L57-I57 -> 0 | P57: =N57-K57 -> -19.394019 | Q57: =N57/K57 -> 0.88686822 | S57: 0.26805556 | T57: 0.285 | U57: 4.9833333 | V57: 24.411744 | AE57: =M57-J57 -> -407.27439 | AF57: =M57/J57 -> 0.88686822
B58: 季節調理麵 | C58: 大滿足麻醬涼麵 | E58: 37.8 | F58: 3958 | G58: =E58*F58 -> 149612.4 | I58: 20 | J58: 3600 | K58: =J58/I58 -> 180 | L58: 20 | M58: =F58/V58*60 -> 3273.3289 | N58: =M58/L58 -> 163.66645 | O58: =L58-I58 -> 0 | P58: =N58-K58 -> -16.333554 | Q58: =N58/K58 -> 0.90925803 | S58: 0.28819444 | T58: 0.33856481 | U58: 4.6 | V58: 72.549996 | AE58: =M58-J58 -> -326.67108 | AF58: =M58/J58 -> 0.90925803
B59: 季節調理麵 | C59: 大滿足香辣涼麵 | E59: 38.48 | F59: 2637 | G59: =E59*F59 -> 101471.76 | I59: 19 | J59: 3600 | K59: =J59/I59 -> 189.47368 | L59: 19 | M59: =F59/V59*60 -> 3264.7987 | N59: =M59/L59 -> 171.83151 | O59: =L59-I59 -> 0 | P59: =N59-K59 -> -17.642172 | Q59: =N59/K59 -> 0.90688854 | S59: 0.34236111 | T59: 0.37600694 | U59: 5.4666667 | V59: 48.462406 | AE59: =M59-J59 -> -335.20127 | AF59: =M59/J59 -> 0.90688854
B60: 4℃-飯糰 | C60: 里肌肉蛋紫米飯糰 | E60: 29.87 | F60: 4563 | G60: =E60*F60 -> 136296.81 | I60: 21 | J60: 2790 | K60: =J60/I60 -> 132.85714 | L60: 21 | M60: =F60/V60*60 -> 2484.1731 | N60: =M60/L60 -> 118.29396 | O60: =L60-I60 -> 0 | P60: =N60-K60 -> -14.563187 | Q60: =N60/K60 -> 0.89038462 | S60: 0.37986111 | T60: 0.45638889 | U60: 5.55 | V60: 110.20971 | AE60: =M60-J60 -> -305.82692 | AF60: =M60/J60 -> 0.89038462
B72: 平均 | I72: =AVERAGE(I56:I71) -> 19.8 | J72: =AVERAGE(J56:J71) -> 3438 | K72: =J72/I72 -> 173.63636 | L72: =AVERAGE(L56:L71) -> 19.8 | M72: =AVERAGE(M56:M71) -> 3081.7868 | N72: =M72/L72 -> 155.6458 | O72: =L72-I72 -> 0 | P72: =N72-K72 -> -17.990565 | Q72: =N72/K72 -> 0.89638942 | S72: 0.25 | T72: 0.45638889 | Y72: =SUM(Y56:Y71) -> 0 | Z72: =SUM(Z56:Z71) -> 0 | AC72: =SUM(AC56:AC71) -> 0 | AD72: =SUM(AD56:AD71) -> 0 | AE72: =M72-J72 -> -356.21319 | AF72: =M72/J72 -> 0.89638942
A73: 自動包裝機 | B73: 4℃-壽司手卷 | C73: 生菜鮮蝦脆卷 | E73: 22.83 | F73: 1312 | G73: =E73*F73 -> 29952.96 | I73: 6 | J73: 2500 | K73: =J73/I73 -> 416.66667 | L73: 6 | M73: =F73/V73*60 -> 2263.5007 | N73: =M73/L73 -> 377.25011 | O73: =L73-I73 -> 0 | P73: =N73-K73 -> -39.416554 | Q73: =N73/K73 -> 0.90540027 | R73: =Q89 -> 0.86907215 | S73: 0.34513889 | T73: 0.36928241 | U73: 5 | V73: 34.777988 | AE73: =M73-J73 -> -236.49933 | AF73: =M73/J73 -> 0.90540027 | AG73: =AF89 -> 0.86907215
B74: 4℃-壽司手卷 | C74: 蔥花生鮪魚脆卷 | E74: 23.19 | F74: 607 | G74: =E74*F74 -> 14076.33 | I74: 6 | J74: 2500 | K74: =J74/I74 -> 416.66667 | L74: 6 | M74: =F74/V74*60 -> 2265.3385 | N74: =M74/L74 -> 377.55642 | O74: =L74-I74 -> 0 | P74: =N74-K74 -> -39.110246 | Q74: =N74/K74 -> 0.90613541 | S74: 0.37291667 | T74: 0.38407407 | U74: 5.2333333 | V74: 16.077067 | AE74: =M74-J74 -> -234.66147 | AF74: =M74/J74 -> 0.90613541
B75: 4℃-壽司手卷 | C75: 小黃瓜壽司卷 | E75: 30.84 | F75: 3912 | G75: =E75*F75 -> 120646.08 | H75: 2 | I75: 6 | J75: 3273 | K75: =J75/I75 -> 545.5 | L75: 6 | M75: =F75/V75*60 -> 2691 | N75: =M75/L75 -> 448.5 | O75: =L75-I75 -> 0 | P75: =N75-K75 -> -97 | Q75: =N75/K75 -> 0.82218148 | S75: 0.38819444 | T75: 0.44876157 | U75: 5.9333333 | V75: 87.22408 | AE75: =M75-J75 -> -582 | AF75: =M75/J75 -> 0.82218148
B76: 4℃-壽司手卷 | C76: 香濃明太子嫩雞飯卷 | E76: 35.89 | F76: 1828 | G76: =E76*F76 -> 65606.92 | I76: 5 | J76: 3273 | K76: =J76/I76 -> 654.6 | L76: 5 | M76: =F76/V76*60 -> 2960.5601 | N76: =M76/L76 -> 592.11203 | O76: =L76-I76 -> 0 | P76: =N76-K76 -> -62.487972 | Q76: =N76/K76 -> 0.90454022 | S76: 0.45208333 | T76: 0.47780093 | U76: 4.7833333 | V76: 37.047043 | W76: 0.47780093 | X76: 0.51666667 | AE76: =M76-J76 -> -312.43986 | AF76: =M76/J76 -> 0.90454022
B77: 4℃-壽司手卷 | C77: 小黃瓜壽司卷 | E77: 30.84 | F77: 4919 | G77: =E77*F77 -> 151701.96 | I77: 6 | J77: 3273 | K77: =J77/I77 -> 545.5 | L77: 6 | M77: =F77/V77*60 -> 2698.3809 | N77: =M77/L77 -> 449.73015 | O77: =L77-I77 -> 0 | P77: =N77-K77 -> -95.769848 | Q77: =N77/K77 -> 0.82443658 | S77: 0.51666667 | T77: 0.59261574 | U77: 55.966667 | V77: 109.3767 | AE77: =M77-J77 -> -574.61909 | AF77: =M77/J77 -> 0.82443658
B89: 平均 | I89: =AVERAGE(I73:I88) -> 5.8 | J89: =AVERAGE(J73:J88) -> 2963.8 | K89: =J89/I89 -> 511 | L89: =AVERAGE(L73:L88) -> 5.8 | M89: =AVERAGE(M73:M88) -> 2575.7561 | N89: =M89/L89 -> 444.09587 | O89: =L89-I89 -> 0 | P89: =N89-K89 -> -66.904129 | Q89: =N89/K89 -> 0.86907215 | S89: 0.20833333 | T89: 0.59261574 | Y89: =SUM(Y73:Y88) -> 0 | Z89: =SUM(Z73:Z88) -> 0 | AC89: =SUM(AC73:AC88) -> 0 | AD89: =SUM(AD73:AD88) -> 0 | AE89: =M89-J89 -> -388.04395 | AF89: =M89/J89 -> 0.86907215
A90: 自動包裝機2 | B90: 4℃-壽司手卷 | C90: 鮪魚昆布細卷 | E90: 15.51 | F90: 2164 | G90: =E90*F90 -> 33563.64 | I90: 6 | J90: 4200 | K90: =J90/I90 -> 700 | L90: 6 | M90: =F90/V90*60 -> 3802.9099 | N90: =M90/L90 -> 633.81831 | O90: =L90-I90 -> 0 | P90: =N90-K90 -> -66.181686 | Q90: =N90/K90 -> 0.90545473 | R90: =Q106 -> 0.9053804 | S90: 0.25 | T90: 0.2737037 | V90: 34.142276 | AE90: =M90-J90 -> -397.09012 | AF90: =M90/J90 -> 0.90545473 | AG90: =AF106 -> 0.9053804
B91: 4℃-壽司手卷 | C91: 肉鬆火腿細卷 | E91: 15.01 | F91: 2236 | G91: =E91*F91 -> 33562.36 | I91: 6 | J91: 4200 | K91: =J91/I91 -> 700 | L91: 6 | M91: =F91/V91*60 -> 3802.2855 | N91: =M91/L91 -> 633.71425 | O91: =L91-I91 -> 0 | P91: =N91-K91 -> -66.285751 | Q91: =N91/K91 -> 0.90530607 | S91: 0.27777778 | T91: 0.30228009 | U91: 5.8666667 | V91: 35.284042 | AE91: =M91-J91 -> -397.71451 | AF91: =M91/J91 -> 0.90530607
B106: 平均 | I106: =AVERAGE(I90:I105) -> 6 | J106: =AVERAGE(J90:J105) -> 4200 | K106: =J106/I106 -> 700 | L106: =AVERAGE(L90:L105) -> 6 | M106: =AVERAGE(M90:M105) -> 3802.5977 | N106: =M106/L106 -> 633.76628 | O106: =L106-I106 -> 0 | P106: =N106-K106 -> -66.233719 | Q106: =N106/K106 -> 0.9053804 | S106: 0.25 | T106: 0.30228009 | Y106: =SUM(Y90:Y105) -> 0 | Z106: =SUM(Z90:Z105) -> 0 | AC106: =SUM(AC90:AC105) -> 0 | AD106: =SUM(AD90:AD105) -> 0 | AE106: =M106-J106 -> -397.40231 | AF106: =M106/J106 -> 0.9053804
A107: 便當二線 (二配) | B107: 微波主食 | C107: 二配香烤魚排青醬燉飯 | E107: 58.17 | F107: 1550 | G107: =E107*F107 -> 90163.5 | I107: 18 | J107: 2000 | K107: =J107/I107 -> 111.11111 | L107: 17 | M107: =F107/V107*60 -> 1805.6 | N107: =M107/L107 -> 106.21176 | O107: =L107-I107 -> -1 | P107: =N107-K107 -> -4.8993464 | Q107: =N107/K107 -> 0.95590588 | R107: =Q123 -> 0.951375 | S107: 0.70833333 | T107: 0.74409722 | V107: 51.506424 | AE107: =M107-J107 -> -194.4 | AF107: =M107/J107 -> 0.9028 | AG107: =AF123 -> 0.903
B108: 微波主食 | C108: 二配濃起司燻腸紅醬焗烤飯 | E108: 50.67 | F108: 1862 | G108: =E108*F108 -> 94347.54 | I108: 20 | J108: 2000 | K108: =J108/I108 -> 100 | L108: 19 | M108: =F108/V108*60 -> 1806.4 | N108: =M108/L108 -> 95.073684 | O108: =L108-I108 -> -1 | P108: =N108-K108 -> -4.9263158 | Q108: =N108/K108 -> 0.95073684 | S108: 0.74791667 | T108: 0.79085648 | U108: 5.5 | V108: 61.846767 | AE108: =M108-J108 -> -193.6 | AF108: =M108/J108 -> 0.9032
B109: 微波主食 | C109: 二配西班牙風味海鮮燉飯 | E109: 57.3 | F109: 1241 | G109: =E109*F109 -> 71109.3 | I109: 21 | J109: 2000 | K109: =J109/I109 -> 95.238095 | L109: 20 | M109: =F109/V109*60 -> 1806 | N109: =M109/L109 -> 90.3 | O109: =L109-I109 -> -1 | P109: =N109-K109 -> -4.9380952 | Q109: =N109/K109 -> 0.94815 | S109: 0.79375 | T109: 0.82237269 | U109: 5 | V109: 41.229236 | AE109: =M109-J109 -> -194 | AF109: =M109/J109 -> 0.903
B123: 平均 | I123: =AVERAGE(I107:I122) -> 19.666667 | J123: =AVERAGE(J107:J122) -> 2000 | K123: =J123/I123 -> 101.69492 | L123: =AVERAGE(L107:L122) -> 18.666667 | M123: =AVERAGE(M107:M122) -> 1806 | N123: =M123/L123 -> 96.75 | O123: =L123-I123 -> -1 | P123: =N123-K123 -> -4.9449153 | Q123: =N123/K123 -> 0.951375 | S123: 0.70833333 | T123: 0.82237269 | Y123: =SUM(Y107:Y122) -> 0 | Z123: =SUM(Z107:Z122) -> 0 | AC123: =SUM(AC107:AC122) -> 0 | AD123: =SUM(AD107:AD122) -> 0 | AE123: =M123-J123 -> -194 | AF123: =M123/J123 -> 0.903
A124: 涼麵一線 (二配) | B124: 微波主食 | C124: 二配黃金雞排蘑菇白醬歐姆蛋飯 | E124: 56.87 | F124: 1613 | G124: =E124*F124 -> 91731.31 | I124: 23 | J124: 2000 | K124: =J124/I124 -> 86.956522 | L124: 23 | M124: =F124/V124*60 -> 1804.2186 | N124: =M124/L124 -> 78.444285 | O124: =L124-I124 -> 0 | P124: =N124-K124 -> -8.5122363 | Q124: =N124/K124 -> 0.90210928 | R124: =Q140 -> 0.90231063 | S124: 0.70833333 | T124: 0.7455787 | V124: 53.640951 | AE124: =M124-J124 -> -195.78144 | AF124: =M124/J124 -> 0.90210928 | AG124: =AF140 -> 0.90231063
B125: 微波主食 | C125: 二配里肌豬排可可咖哩歐姆蛋飯 | E125: 56.79 | F125: 2147 | G125: =E125*F125 -> 121928.13 | I125: 23 | J125: 2000 | K125: =J125/I125 -> 86.956522 | L125: 23 | M125: =F125/V125*60 -> 1801.3667 | N125: =M125/L125 -> 78.320292 | O125: =L125-I125 -> 0 | P125: =N125-K125 -> -8.6362296 | Q125: =N125/K125 -> 0.90068336 | S125: 0.74861111 | T125: 0.79826389 | U125: 5 | V125: 71.512368 | AE125: =M125-J125 -> -198.63328 | AF125: =M125/J125 -> 0.90068336
B126: 微波主食 | C126: 二配起司棉被海陸白醬焗烤飯 | E126: 47.6 | F126: 2702 | G126: =E126*F126 -> 128615.2 | I126: 23 | J126: 2000 | K126: =J126/I126 -> 86.956522 | L126: 23 | M126: =F126/V126*60 -> 1808.2785 | N126: =M126/L126 -> 78.620805 | O126: =L126-I126 -> 0 | P126: =N126-K126 -> -8.3357171 | Q126: =N126/K126 -> 0.90413925 | S126: 0.80208333 | T126: 0.86434028 | U126: 5.5 | V126: 89.654331 | AE126: =M126-J126 -> -191.72149 | AF126: =M126/J126 -> 0.90413925
B140: 平均 | I140: =AVERAGE(I124:I139) -> 23 | J140: =AVERAGE(J124:J139) -> 2000 | K140: =J140/I140 -> 86.956522 | L140: =AVERAGE(L124:L139) -> 23 | M140: =AVERAGE(M124:M139) -> 1804.6213 | N140: =M140/L140 -> 78.461794 | O140: =L140-I140 -> 0 | P140: =N140-K140 -> -8.4947277 | Q140: =N140/K140 -> 0.90231063 | S140: 0.70833333 | T140: 0.86434028 | Y140: =SUM(Y124:Y139) -> 0 | Z140: =SUM(Z124:Z139) -> 0 | AC140: =SUM(AC124:AC139) -> 0 | AD140: =SUM(AD124:AD139) -> 0 | AE140: =M140-J140 -> -195.37874 | AF140: =M140/J140 -> 0.90231063
AA142: 原因回覆
AA143: 1.當日出勤人數較多
AA144: 2.當日出勤人數較少
AA145: 3.當日出勤熟手較多
AA146: 4.當日出勤新人較多
AA147: 5.機台夾盒
AA148: 6.封膜不順
AA149: 7.更換膠膜
AA150: 8.更換碳帶
AA151: 9.當日熱轉印碳帶異常
AA152: 10.訂單量過少
AA153: 11.新品上市，尚未熟悉
AA154: 12.活動期間品項需貼標

Sheet 1005
B1: 屏榮 大溪廠組合室生產人時性分析
B3: 日期 | C3: 115.10.05星期一 | E3: 訂單量 | F3: ='1005(18度C)'!D1+'1005(4度C)'!D1 -> 161205 | H3: 營業額 | I3: ='1005(18度C)'!F1+'1005(4度C)'!F1 -> 5067127.2
B4: 人時性 | C4: 項目 | E4: ➀ | G4: ➁ | I4: ➂ | K4: ④ | M4: ⑤ | O4: 異常停線 | Q4: 短暫停線
C5: 組合室 | E5: 全溫層 | G5: 4度C-各編組展開(一配) | I5: 4度C-各編組展開(二配) | K5: 18度C-各編組展開(一配) | M5: 18度C-各編組展開(二配) | O5: 合計次數 | P5: 時間 | Q5: 合計次數 | R5: 設備次數
C6: 排關平均 | E6: =AVERAGE(D14:O14,D32:X32) -> 473.31811 | F6: =AVERAGE(#REF!,D14:K14) -> #REF! | G6: =AVERAGE(D14:K14) -> 274.37434 | I6: =AVERAGE(L14:O14) -> 94.325718 | K6: =AVERAGE(D32:O32) -> 716.27883 | M6: =AVERAGE(P32:X32) -> 718.26923 | O6: ='1005(4度C)'!Y2 -> 0 | P6: ='1005(4度C)'!Z2 -> 0 | Q6: ='1005(4度C)'!AC2 -> 0 | R6: ='1005(4度C)'!AD2 -> 0
C7: 實績平均 | E7: =AVERAGE(D15:O15,D33:X33) -> 432.11629 | F7: =AVERAGE(#REF!,D15:K15) -> #REF! | G7: =AVERAGE(D15:K15) -> 248.00581 | I7: =AVERAGE(L15:O15) -> 87.605121 | K7: =AVERAGE(D33:O33) -> 655.9128 | M7: =AVERAGE(P33:X33) -> 656.74109
C8: 達成率平均 | E8: =AVERAGE(D16:O16,D34:X34) -> 0.9087205 | F8: =AVERAGE(D16:K16,#REF!) -> #REF! | G8: =AVERAGE(D16:K16) -> 0.90261528 | I8: =AVERAGE(L16:O16) -> 0.92682793 | K8: =AVERAGE(D34:O34) -> 0.91029556 | M8: =AVERAGE(P34:X34) -> 0.90724954
O9: ※現行日本鮮食廠以達成率80%為基本(即為現行KPI)
B11: 溫層 | D11: ➁4度C-各編組展開 | L11: ➂4度C-各編組展開
B12: 編組 | D12: 1 | E12: 2 | F12: 3 | G12: 4 | H12: 5 | I12: 6 | J12: 7 | K12: 8 | L12: 1 | M12: 2 | N12: 3 | O12: 4
D13: 便當一線 | E13: 便當二線 | F13: 涼麵一線 | G13: 涼麵二線 | H13: 涼麵三線 | I13: 自動包裝機 | J13: 自動包裝機2 | K13: 自動包裝機3 | L13: 便當一線 | M13: 便當二線 | N13: 涼麵一線 | O13: 涼麵二線
B14: 人時性 | C14: 排關 | D14: - | E14: 85.245902 | F14: 114.5098 | G14: 86.206897 | H14: 173.63636 | I14: 486.64706 | J14: 700 | K14: - | L14: - | M14: 101.69492 | N14: 86.956522 | O14: -
C15: 實績 | D15: - | E15: 76.957907 | F15: 103.3837 | G15: 77.856689 | H15: 155.6458 | I15: 440.66948 | J15: 633.52128 | K15: - | L15: - | M15: 96.757143 | N15: 78.453098 | O15: -
C16: 達成率 | D16: - | E16: =E15/E14 -> 0.90277544 | F16: =F15/F14 -> 0.90283709 | G16: =G15/G14 -> 0.9031376 | H16: =H15/H14 -> 0.89638942 | I16: =I15/I14 -> 0.90552173 | J16: =J15/J14 -> 0.9050304 | K16: - | L16: - | M16: =M15/M14 -> 0.95144524 | N16: =N15/N14 -> 0.90221063 | O16: -
B17: 作業 時間 | C17: 開始 | D17: - | E17: 0.20833333 | F17: 0.20833333 | G17: 0.20833333 | H17: 0.25 | I17: 0.25 | J17: 0.25 | K17: - | L17: - | M17: 0.70833333 | N17: 0.70833333 | O17: -
C18: 結束 | D18: - | E18: 0.64880787 | F18: 0.54849537 | G18: 0.54195602 | H18: 0.47173611 | I18: 0.4780787 | J18: 0.30850694 | K18: - | L18: - | M18: 0.82732639 | N18: 0.87409722 | O18: -
B19: 產線異常 (5分鐘以上) | C19: 次數
C20: 時間/分
B21: 短暫停線 (5分鐘以下) | C21: 次數
C22: 設備次數
B23: 配置人數 | D23: - | E23: 20.333333 | F23: 20.8 | G23: 23.2 | H23: 19.8 | I23: 5.6666667 | J23: 6 | K23: - | L23: - | M23: 18.666667 | N23: 23 | O23: -
B24: 主要應用設備 | D24: L型封口機 | E24: ET-55 | F24: ET-55 | G24: ET-55 | H24: ET-600 | I24: 伺服包裝機 | J24: 伺服包裝機 | K24: 伺服包裝機 | L24: L型封口機 | M24: ET-55 | N24: ET-55 | O24: ET-55
B25: 次要應用設備 | D25: 伺服包裝機 | H25: 伺服包裝機
B26: 備註 | H26: 涼麵+烤飯糰 | I26: 大口飯糰線 | K26: 烤飯糰+手卷
B29: 溫層 | D29: ➃18度C-各編組展開 (一配) | P29: ⑤18度C-各編組展開 (二配)
B30: 編組 | D30: 1 | E30: 2 | F30: 3 | G30: 4 | H30: 5 | I30: 6 | J30: 7 | K30: 8 | L30: 9 | M30: 10 | N30: 11 | O30: 12 | P30: 1 | Q30: 2 | R30: 3 | S30: 4 | T30: 5 | U30: 6 | V30: 7 | W30: 8 | X30: 9
D31: 便當一線 | E31: 涼麵一線 | F31: 涼麵三線 | G31: 自動包裝機 | H31: 自動包裝機2 | I31: 自動包裝機3 | J31: 味付飯糰線B | K31: (舊) 3300型飯糰線 | L31: 3000型飯糰線 | M31: (新) 3300型飯糰機 | N31: GKK3600型 飯糰機 | O31: GKK3600型 飯糰機2 | P31: 自動包裝機 | Q31: 自動包裝機2 | R31: 自動包裝機3 | S31: 味付飯糰線B | T31: (舊) 3300型飯糰線 | U31: 3000型飯糰線 | V31: (新) 3300型飯糰機 | W31: GKK3600型 飯糰機 | X31: GKK3600型 飯糰機2
B32: 人時性 | C32: 排關 | D32: - | E32: - | F32: - | G32: 322.38806 | H32: - | I32: - | J32: - | K32: - | L32: - | M32: 750 | N32: 920 | O32: 872.72727 | P32: 300 | Q32: - | R32: - | S32: - | T32: - | U32: - | V32: 750 | W32: 923.07692 | X32: 900
C33: 實績 | D33: - | E33: - | F33: - | G33: 283.05576 | H33: - | I33: - | J33: - | K33: - | L33: - | M33: 698.88209 | N33: 845.62042 | O33: 796.09292 | P33: 260.22177 | Q33: - | R33: - | S33: - | T33: - | U33: - | V33: 699.31876 | W33: 846.93121 | X33: 820.49259
C34: 達成率 | D34: - | E34: - | F34: - | G34: =G33/G32 -> 0.87799702 | H34: - | I34: - | J34: - | K34: - | L34: - | M34: =M33/M32 -> 0.93184279 | N34: =N33/N32 -> 0.91915263 | O34: =O33/O32 -> 0.91218981 | P34: =P33/P32 -> 0.86740591 | Q34: - | R34: - | S34: - | T34: - | U34: - | V34: =V33/V32 -> 0.93242502 | W34: =W33/W32 -> 0.91750882 | X34: =X33/X32 -> 0.91165843
B35: 作業 時間 | C35: 開始 | D35: - | E35: - | F35: - | G35: 0.25 | H35: - | I35: - | J35: - | K35: - | L35: - | M35: 0.32638889 | N35: 0.25 | O35: 0.25 | P35: 0.73888889 | Q35: - | R35: - | S35: - | T35: - | U35: - | V35: 0.70833333 | W35: 0.73333333 | X35: 0.73333333
C36: 結束 | D36: - | E36: - | F36: - | G36: 0.4780787 | H36: - | I36: - | J36: - | K36: - | L36: - | M36: 0.40325231 | N36: 0.49446759 | O36: 0.48546296 | P36: 0.75269676 | Q36: - | R36: - | S36: - | T36: - | U36: - | V36: 0.72186343 | W36: 1.1362616 | X36: 1.1197917
B37: 配置人數 | D37: - | E37: - | F37: - | G37: 11.166667 | H37: - | I37: - | J37: - | K37: - | L37: - | M37: 4 | N37: 3.75 | O37: 4.125 | P37: 12 | Q37: - | R37: - | S37: - | T37: - | U37: - | V37: 4 | W37: 3.7142857 | X37: 4
B38: 主要應用設備 | D38: 伺服包裝機 | E38: ET-55 | F38: ET-600 | G38: 夾心型 | H38: 伺服包裝機 | I38: 伺服包裝機 | J38: 夾心型 | K38: 3300型 | L38: 3300型 | M38: 3300型 | N38: GKK | O38: GKK | P38: 夾心型 | Q38: 伺服包裝機 | R38: 伺服包裝機 | S38: 夾心型 | T38: 3300型 | U38: 3300型 | V38: 3300型 | W38: GKK | X38: GKK
B39: 次要應用設備
B40: 備註

Sheet 1005(18度C)
A1: 大溪廠日報分析 | C1: 總生產量 | D1: =SUM(F5:F140) -> 83612 | E1: 營業額 | F1: =SUM(G5:G140) -> 1652558.5 | G1: 出勤人數 | H1: =L21+L38+L55+L72+L89+L106+L123+L140 -> 46.755952 | I1: 產線配置圖 | L1: 生產實績 | O1: 人時性差異分析 | S1: 日報登錄 | Y1: 分析說明 | AA1: 產能差異分析
A2: 46300 | C2: 人時性 | D2: =AVERAGE(N21,N38,N55,N72,N89,N106,N123,N140) -> 656.32694 | E2: 平均廠價 | F2: =F1/D1 -> 19.76461 | G2: 多次生產數 | H2: =COUNT(H5:H140) -> 14
A3: 線別 | B3: 品類 | C3: 品名 | E3: 廠價 | F3: 生產量 | G3: 營收 | H3: 多次 生產 | I3: 人數 | J3: 產能/時 | K3: 人時性 | L3: 人數 | M3: 產能/時 | N3: 人時性 | O3: 人數 | P3: 人時性 | Q3: 達成率 | R3: 達成率 平均 | S3: 生產時間 | U3: 換線、休息/分 | V3: 稼動時間/分 | W3: 休息時間 | Y3: (屏榮回填) | AA3: 產能/時 | AB3: 達成率 | AC3: 達成率平均
S4: 開始 | T4: 結束 | W4: 開始 | X4: 結束
A5: 自動包裝機 | B5: 18℃-壽司手卷 | C5: 一配長野稻荷壽司 | E5: 25.64 | F5: 1219 | G5: =E5*F5 -> 31255.16 | I5: 10 | J5: 3600 | K5: =J5/I5 -> 360 | L5: 10 | M5: =F5/V5*60 -> 3216.1696 | N5: =M5/L5 -> 321.61696 | O5: =L5-I5 -> 0 | P5: =N5-K5 -> -38.383045 | Q5: =N5/K5 -> 0.89338043 | R5: =Q21 -> 0.87799702 | S5: 0.25 | T5: 0.26578704 | V5: 22.741338 | AA5: =M5-J5 -> -383.83045 | AB5: =M5/J5 -> 0.89338043 | AC5: =AB21 -> 0.87799702
B6: 18℃-壽司手卷 | C6: 一配經典人氣雙手卷 | E6: 29.52 | F6: 2069 | G6: =E6*F6 -> 61076.88 | I6: 11 | J6: 3600 | K6: =J6/I6 -> 327.27273 | L6: 11 | M6: =F6/V6*60 -> 3155.4918 | N6: =M6/L6 -> 286.8629 | O6: =L6-I6 -> 0 | P6: =N6-K6 -> -40.409832 | Q6: =N6/K6 -> 0.87652551 | S6: 0.26875 | T6: 0.29606481 | U6: 5 | V6: 39.340935 | AA6: =M6-J6 -> -444.50815 | AB6: =M6/J6 -> 0.87652551
B7: 18℃-壽司手卷 | C7: 一配鮭鮪海饌雙手卷 | E7: 29.85 | F7: 2433 | G7: =E7*F7 -> 72625.05 | I7: 11 | J7: 3600 | K7: =J7/I7 -> 327.27273 | L7: 11 | M7: =F7/V7*60 -> 3156.2105 | N7: =M7/L7 -> 286.92822 | O7: =L7-I7 -> 0 | P7: =N7-K7 -> -40.344504 | Q7: =N7/K7 -> 0.87672513 | S7: 0.3 | T7: 0.33211806 | U7: 5.6666667 | V7: 46.251669 | AA7: =M7-J7 -> -443.78955 | AB7: =M7/J7 -> 0.87672513
B8: 18℃-壽司手卷 | C8: 一配青木瓜雞絲泰泰雙手卷 | E8: 30 | F8: 220 | G8: =E8*F8 -> 6600 | I8: 11 | J8: 3600 | K8: =J8/I8 -> 327.27273 | L8: 11 | M8: =F8/V8*60 -> 3158.0673 | N8: =M8/L8 -> 287.09703 | O8: =L8-I8 -> 0 | P8: =N8-K8 -> -40.175701 | Q8: =N8/K8 -> 0.87724091 | S8: 0.33611111 | T8: 0.33900463 | U8: 5.75 | V8: 4.1797716 | AA8: =M8-J8 -> -441.93271 | AB8: =M8/J8 -> 0.87724091
B9: 18℃-壽司手卷 | C9: 一配陽光蔬彩雙手卷 | E9: 30.95 | F9: 2049 | G9: =E9*F9 -> 63416.55 | I9: 12 | J9: 3600 | K9: =J9/I9 -> 300 | L9: 12 | M9: =F9/V9*60 -> 3156.729 | N9: =M9/L9 -> 263.06075 | O9: =L9-I9 -> 0 | P9: =N9-K9 -> -36.939249 | Q9: =N9/K9 -> 0.87686917 | S9: 0.34236111 | T9: 0.36939815 | U9: 4.8333333 | V9: 38.945377 | AA9: =M9-J9 -> -443.27099 | AB9: =M9/J9 -> 0.87686917
B10: 18℃-飯糰 | C10: 一配兩粒飯糰(鮪魚.焦糖鮭魚) | E10: 28.57 | F10: 788 | G10: =E10*F10 -> 22513.16 | I10: 12 | J10: 3600 | K10: =J10/I10 -> 300 | L10: 12 | M10: =F10/V10*60 -> 3122.0675 | N10: =M10/L10 -> 260.17229 | O10: =L10-I10 -> 0 | P10: =N10-K10 -> -39.827712 | Q10: =N10/K10 -> 0.86724096 | S10: 0.37291667 | T10: 0.38342593 | U10: 5.0666667 | V10: 15.143811 | AA10: =M10-J10 -> -477.93254 | AB10: =M10/J10 -> 0.86724096
B21: 平均 | I21: =AVERAGE(I5:I20) -> 11.166667 | J21: =AVERAGE(J5:J20) -> 3600 | K21: =J21/I21 -> 322.38806 | L21: =AVERAGE(L5:L20) -> 11.166667 | M21: =AVERAGE(M5:M20) -> 3160.7893 | N21: =M21/L21 -> 283.05576 | O21: =L21-I21 -> 0 | P21: =N21-K21 -> -39.332304 | Q21: =N21/K21 -> 0.87799702 | S21: 0.25 | T21: 0.4780787 | AA21: =M21-J21 -> -439.21073 | AB21: =M21/J21 -> 0.87799702
A22: (新) 3300型飯糰機 | B22: 18℃-飯糰 | C22: 一配鮭魚奶油醬油飯糰 | E22: 18.53 | F22: 1598 | G22: =E22*F22 -> 29610.94 | I22: 3 | J22: 3300 | K22: =J22/I22 -> 1100 | L22: 3 | M22: =F22/V22*60 -> 3075.8832 | N22: =M22/L22 -> 1025.2944 | O22: =L22-I22 -> 0 | P22: =N22-K22 -> -74.705596 | Q22: =N22/K22 -> 0.93208582 | R22: =Q38 -> 0.93184279 | S22: 0.32638889 | T22: 0.34803241 | V22: 31.171535 | AA22: =M22-J22 -> -224.11679 | AB22: =M22/J22 -> 0.93208582 | AC22: =AB38 -> 0.93184279
B23: 18℃-飯糰 | C23: 一配熊本麥味噌雞肉飯糰 | E23: 22.95 | F23: 3131 | G23: =E23*F23 -> 71856.45 | I23: 5 | J23: 2700 | K23: =J23/I23 -> 540 | L23: 5 | M23: =F23/V23*60 -> 2515.1735 | N23: =M23/L23 -> 503.03471 | O23: =L23-I23 -> 0 | P23: =N23-K23 -> -36.965295 | Q23: =N23/K23 -> 0.93154575 | S23: 0.35138889 | T23: 0.40325231 | U23: 4.8333333 | V23: 74.690672 | AA23: =M23-J23 -> -184.82647 | AB23: =M23/J23 -> 0.93154575
B38: 平均 | I38: =AVERAGE(I22:I37) -> 4 | J38: =AVERAGE(J22:J37) -> 3000 | K38: =J38/I38 -> 750 | L38: =AVERAGE(L22:L37) -> 4 | M38: =AVERAGE(M22:M37) -> 2795.5284 | N38: =M38/L38 -> 698.88209 | O38: =L38-I38 -> 0 | P38: =N38-K38 -> -51.117908 | Q38: =N38/K38 -> 0.93184279 | S38: 0.32638889 | T38: 0.40325231 | AA38: =M38-J38 -> -204.47163 | AB38: =M38/J38 -> 0.93184279
A39: GKK3600型 飯糰機 | B39: 18℃-飯糰 | C39: 一配北海道秋鮭親子飯糰 | E39: 24.82 | F39: 798 | G39: =E39*F39 -> 19806.36 | I39: 5 | J39: 3600 | K39: =J39/I39 -> 720 | L39: 5 | M39: =F39/V39*60 -> 3283.6411 | N39: =M39/L39 -> 656.72822 | O39: =L39-I39 -> 0 | P39: =N39-K39 -> -63.271778 | Q39: =N39/K39 -> 0.91212253 | R39: =Q55 -> 0.91915263 | S39: 0.25 | T39: 0.26011574 | V39: 14.581374 | AA39: =M39-J39 -> -316.35889 | AB39: =M39/J39 -> 0.91212253 | AC39: =AB55 -> 0.91915263
B40: 18℃-飯糰 | C40: 一配熟成紅鮭飯糰 | E40: 25.03 | F40: 676 | G40: =E40*F40 -> 16920.28 | I40: 5 | J40: 3600 | K40: =J40/I40 -> 720 | L40: 5 | M40: =F40/V40*60 -> 3284.1626 | N40: =M40/L40 -> 656.83252 | O40: =L40-I40 -> 0 | P40: =N40-K40 -> -63.167483 | Q40: =N40/K40 -> 0.91226738 | S40: 0.26944444 | T40: 0.27802083 | U40: 13.433333 | V40: 12.35018 | AA40: =M40-J40 -> -315.83742 | AB40: =M40/J40 -> 0.91226738
B41: 18℃-飯糰 | C41: 一配生鱈魚子鮭魚飯糰 | E41: 23.8 | F41: 565 | G41: =E41*F41 -> 13447 | I41: 4 | J41: 3600 | K41: =J41/I41 -> 900 | L41: 4 | M41: =F41/V41*60 -> 3280.6137 | N41: =M41/L41 -> 820.15343 | O41: =L41-I41 -> 0 | P41: =N41-K41 -> -79.846568 | Q41: =N41/K41 -> 0.91128159 | S41: 0.2875 | T41: 0.29467593 | U41: 13.65 | V41: 10.333432 | AA41: =M41-J41 -> -319.38627 | AB41: =M41/J41 -> 0.91128159
B42: 18℃-飯糰 | C42: 一配筋子銀鮭飯糰 | E42: 30 | F42: 632 | G42: =E42*F42 -> 18960 | I42: 4 | J42: 3300 | K42: =J42/I42 -> 825 | L42: 4 | M42: =F42/V42*60 -> 3078.0013 | N42: =M42/L42 -> 769.50032 | O42: =L42-I42 -> 0 | P42: =N42-K42 -> -55.49968 | Q42: =N42/K42 -> 0.93272766 | S42: 0.30416667 | T42: 0.31271991 | U42: 13.666667 | V42: 12.319683 | AA42: =M42-J42 -> -221.99872 | AB42: =M42/J42 -> 0.93272766
B43: 18℃-飯糰 | C43: 一配蔬食鮪魚飯糰 | E43: 18.18 | F43: 877 | G43: =E43*F43 -> 15943.86 | I43: 3 | J43: 3600 | K43: =J43/I43 -> 1200 | L43: 3 | M43: =F43/V43*60 -> 3281.6877 | N43: =M43/L43 -> 1093.8959 | O43: =L43-I43 -> 0 | P43: =N43-K43 -> -106.10411 | Q43: =N43/K43 -> 0.91157991 | S43: 0.32222222 | T43: 0.33335648 | U43: 13.683333 | V43: 16.034433 | AA43: =M43-J43 -> -318.31234 | AB43: =M43/J43 -> 0.91157991
B44: 18℃-飯糰 | C44: 一配黑胡椒洋蔥豬飯糰 | E44: 17.07 | F44: 1220 | G44: =E44*F44 -> 20825.4 | I44: 3 | J44: 3300 | K44: =J44/I44 -> 1100 | L44: 3 | M44: =F44/V44*60 -> 3078.1326 | N44: =M44/L44 -> 1026.0442 | O44: =L44-I44 -> 0 | P44: =N44-K44 -> -73.955801 | Q44: =N44/K44 -> 0.93276745 | S44: 0.34305556 | T44: 0.35956019 | U44: 13.966667 | V44: 23.780652 | AA44: =M44-J44 -> -221.8674 | AB44: =M44/J44 -> 0.93276745
B45: 18℃-飯糰 | C45: 一配經典肉鬆飯糰 | E45: 14.03 | F45: 3404 | G45: =E45*F45 -> 47758.12 | I45: 3 | J45: 3000 | K45: =J45/I45 -> 1000 | L45: 3 | M45: =F45/V45*60 -> 2800.1556 | N45: =M45/L45 -> 933.3852 | O45: =L45-I45 -> 0 | P45: =N45-K45 -> -66.614804 | Q45: =N45/K45 -> 0.9333852 | S45: 0.36875 | T45: 0.41939815 | U45: 13.233333 | V45: 72.938804 | AA45: =M45-J45 -> -199.84441 | AB45: =M45/J45 -> 0.9333852
B46: 18℃-飯糰 | C46: 一配鮪魚飯糰 | E46: 14.28 | F46: 5199 | G46: =E46*F46 -> 74241.72 | I46: 3 | J46: 3600 | K46: =J46/I46 -> 1200 | L46: 3 | M46: =F46/V46*60 -> 3282.2181 | N46: =M46/L46 -> 1094.0727 | O46: =L46-I46 -> 0 | P46: =N46-K46 -> -105.9273 | Q46: =N46/K46 -> 0.91172725 | S46: 0.42847222 | T46: 0.49446759 | U46: 13.066667 | V46: 95.039388 | AA46: =M46-J46 -> -317.78189 | AB46: =M46/J46 -> 0.91172725
B55: 平均 | I55: =AVERAGE(I39:I54) -> 3.75 | J55: =AVERAGE(J39:J54) -> 3450 | K55: =J55/I55 -> 920 | L55: =AVERAGE(L39:L54) -> 3.75 | M55: =AVERAGE(M39:M54) -> 3171.0766 | N55: =M55/L55 -> 845.62042 | O55: =L55-I55 -> 0 | P55: =N55-K55 -> -74.379578 | Q55: =N55/K55 -> 0.91915263 | S55: 0.25 | T55: 0.49446759 | AA55: =M55-J55 -> -278.92342 | AB55: =M55/J55 -> 0.91915263
A56: GKK3600型 飯糰機2 | B56: 18℃-飯糰 | C56: 一配明太子龍蝦風味沙拉飯糰 | E56: 18.18 | F56: 1428 | G56: =E56*F56 -> 25961.04 | I56: 3 | J56: 3600 | K56: =J56/I56 -> 1200 | L56: 3 | M56: =F56/V56*60 -> 3282.5799 | N56: =M56/L56 -> 1094.1933 | O56: =L56-I56 -> 0 | P56: =N56-K56 -> -105.80669 | Q56: =N56/K56 -> 0.91182776 | R56: =Q72 -> 0.91218981 | S56: 0.25 | T56: 0.268125 | V56: 26.101421 | AA56: =M56-J56 -> -317.42008 | AB56: =M56/J56 -> 0.91182776 | AC56: =AB72 -> 0.91218981
B57: 18℃-飯糰 | C57: 一配椒鹽檸檬鯖魚飯糰 | E57: 20.72 | F57: 739 | G57: =E57*F57 -> 15312.08 | I57: 3 | J57: 3600 | K57: =J57/I57 -> 1200 | L57: 3 | M57: =F57/V57*60 -> 3285.4674 | N57: =M57/L57 -> 1095.1558 | O57: =L57-I57 -> 0 | P57: =N57-K57 -> -104.84421 | Q57: =N57/K57 -> 0.91262983 | S57: 0.27777778 | T57: 0.2871412 | U57: 13.9 | V57: 13.495797 | AA57: =M57-J57 -> -314.53262 | AB57: =M57/J57 -> 0.91262983
B58: 18℃-飯糰 | C58: 一配贅沢鮭魚肚飯糰 | E58: 30 | F58: 1069 | G58: =E58*F58 -> 32070 | I58: 4 | J58: 3600 | K58: =J58/I58 -> 900 | L58: 4 | M58: =F58/V58*60 -> 3285.6619 | N58: =M58/L58 -> 821.41547 | O58: =L58-I58 -> 0 | P58: =N58-K58 -> -78.584534 | Q58: =N58/K58 -> 0.91268385 | S58: 0.29652778 | T58: 0.31008102 | U58: 13.516667 | V58: 19.521181 | AA58: =M58-J58 -> -314.33814 | AB58: =M58/J58 -> 0.91268385
B59: 18℃-飯糰 | C59: 一配卵黃牛挽肉飯糰 | E59: 24.76 | F59: 1049 | G59: =E59*F59 -> 25973.24 | I59: 4 | J59: 3600 | K59: =J59/I59 -> 900 | L59: 4 | M59: =F59/V59*60 -> 3281.5034 | N59: =M59/L59 -> 820.37585 | O59: =L59-I59 -> 0 | P59: =N59-K59 -> -79.624155 | Q59: =N59/K59 -> 0.91152872 | S59: 0.31944444 | T59: 0.33275463 | U59: 13.483333 | V59: 19.180233 | AA59: =M59-J59 -> -318.49662 | AB59: =M59/J59 -> 0.91152872
B60: 18℃-飯糰 | C60: 一配鹽蔥燒肉飯糰 | E60: 17.89 | F60: 2099 | G60: =E60*F60 -> 37551.11 | I60: 4 | J60: 3600 | K60: =J60/I60 -> 900 | L60: 4 | M60: =F60/V60*60 -> 3281.9766 | N60: =M60/L60 -> 820.49414 | O60: =L60-I60 -> 0 | P60: =N60-K60 -> -79.505857 | Q60: =N60/K60 -> 0.91166016 | S60: 0.34236111 | T60: 0.36900463 | U60: 13.833333 | V60: 38.373217 | AA60: =M60-J60 -> -318.02343 | AB60: =M60/J60 -> 0.91166016
B61: 18℃-飯糰 | C61: 一配醬燒炙烤牛飯糰 | E61: 22.32 | F61: 1519 | G61: =E61*F61 -> 33904.08 | I61: 5 | J61: 3600 | K61: =J61/I61 -> 720 | L61: 5 | M61: =F61/V61*60 -> 3283.1235 | N61: =M61/L61 -> 656.62471 | O61: =L61-I61 -> 0 | P61: =N61-K61 -> -63.37529 | Q61: =N61/K61 -> 0.91197876 | S61: 0.37847222 | T61: 0.39774306 | U61: 13.633333 | V61: 27.760149 | AA61: =M61-J61 -> -316.87645 | AB61: =M61/J61 -> 0.91197876
B62: 18℃-飯糰 | C62: 一配鹽蔥生鮭飯糰 | E62: 27.48 | F62: 1205 | G62: =E62*F62 -> 33113.4 | I62: 5 | J62: 3600 | K62: =J62/I62 -> 720 | L62: 5 | M62: =F62/V62*60 -> 3285.4301 | N62: =M62/L62 -> 657.08601 | O62: =L62-I62 -> 0 | P62: =N62-K62 -> -62.913986 | Q62: =N62/K62 -> 0.91261946 | S62: 0.40694444 | T62: 0.42222222 | U62: 13.25 | V62: 22.006251 | AA62: =M62-J62 -> -314.56993 | AB62: =M62/J62 -> 0.91261946
B63: 18℃-飯糰 | C63: 一配雞肉飯飯糰 | E63: 16.66 | F63: 4220 | G63: =E63*F63 -> 70305.2 | I63: 5 | J63: 3600 | K63: =J63/I63 -> 720 | L63: 5 | M63: =F63/V63*60 -> 3285.3237 | N63: =M63/L63 -> 657.06475 | O63: =L63-I63 -> 0 | P63: =N63-K63 -> -62.935251 | Q63: =N63/K63 -> 0.91258993 | S63: 0.43194444 | T63: 0.48546296 | U63: 14 | V63: 77.07003 | AA63: =M63-J63 -> -314.67625 | AB63: =M63/J63 -> 0.91258993
B72: 平均 | I72: =AVERAGE(I56:I71) -> 4.125 | J72: =AVERAGE(J56:J71) -> 3600 | K72: =J72/I72 -> 872.72727 | L72: =AVERAGE(L56:L71) -> 4.125 | M72: =AVERAGE(M56:M71) -> 3283.8833 | N72: =M72/L72 -> 796.09292 | O72: =L72-I72 -> 0 | P72: =N72-K72 -> -76.634349 | Q72: =N72/K72 -> 0.91218981 | S72: 0.25 | T72: 0.48546296 | AA72: =M72-J72 -> -316.11669 | AB72: =M72/J72 -> 0.91218981
A73: 自動包裝機 (二配) | B73: 18℃-飯糰 | C73: 二配兩粒飯糰(鮪魚.焦糖鮭魚) | E73: 28.57 | F73: 1035 | G73: =E73*F73 -> 29569.95 | I73: 12 | J73: 3600 | K73: =J73/I73 -> 300 | L73: 12 | M73: =F73/V73*60 -> 3122.6613 | N73: =M73/L73 -> 260.22177 | O73: =L73-I73 -> 0 | P73: =N73-K73 -> -39.778228 | Q73: =N73/K73 -> 0.86740591 | R73: =Q89 -> 0.86740591 | S73: 0.73888889 | T73: 0.75269676 | V73: 19.886883 | AA73: =M73-J73 -> -477.33874 | AB73: =M73/J73 -> 0.86740591 | AC73: =AB89 -> 0.86740591
B89: 平均 | I89: =AVERAGE(I73:I88) -> 12 | J89: =AVERAGE(J73:J88) -> 3600 | K89: =J89/I89 -> 300 | L89: =AVERAGE(L73:L88) -> 12 | M89: =AVERAGE(M73:M88) -> 3122.6613 | N89: =M89/L89 -> 260.22177 | O89: =L89-I89 -> 0 | P89: =N89-K89 -> -39.778228 | Q89: =N89/K89 -> 0.86740591 | S89: 0.73888889 | T89: 0.75269676 | AA89: =M89-J89 -> -477.33874 | AB89: =M89/J89 -> 0.86740591
A90: (新) 3300型飯糰機 (二配) | B90: 18℃-飯糰 | C90: 二配大飯糰韓式蒜烤豬五花 | E90: 24.54 | F90: 909 | G90: =E90*F90 -> 22306.86 | I90: 4 | J90: 3000 | K90: =J90/I90 -> 750 | L90: 4 | M90: =F90/V90*60 -> 2797.2751 | N90: =M90/L90 -> 699.31876 | O90: =L90-I90 -> 0 | P90: =N90-K90 -> -50.681235 | Q90: =N90/K90 -> 0.93242502 | R90: =Q106 -> 0.93242502 | S90: 0.70833333 | T90: 0.72186343 | V90: 19.497546 | AA90: =M90-J90 -> -202.72494 | AB90: =M90/J90 -> 0.93242502 | AC90: =AB106 -> 0.93242502
B106: 平均 | I106: =AVERAGE(I90:I105) -> 4 | J106: =AVERAGE(J90:J105) -> 3000 | K106: =J106/I106 -> 750 | L106: =AVERAGE(L90:L105) -> 4 | M106: =AVERAGE(M90:M105) -> 2797.2751 | N106: =M106/L106 -> 699.31876 | O106: =L106-I106 -> 0 | P106: =N106-K106 -> -50.681235 | Q106: =N106/K106 -> 0.93242502 | S106: 0.70833333 | T106: 0.72186343 | AA106: =M106-J106 -> -202.72494 | AB106: =M106/J106 -> 0.93242502
A107: GKK3600型 飯糰機 (二配) | B107: 18℃-飯糰 | C107: 二配經典肉鬆飯糰 | E107: 14.03 | F107: 303 | G107: =E107*F107 -> 4251.09 | H107: 2 | I107: 3 | J107: 3000 | K107: =J107/I107 -> 1000 | L107: 3 | M107: =F107/V107*60 -> 2802.4383 | N107: =M107/L107 -> 934.14609 | O107: =L107-I107 -> 0 | P107: =N107-K107 -> -65.853906 | Q107: =N107/K107 -> 0.93414609 | R107: =Q123 -> 0.91750882 | S107: 0.73333333 | T107: 0.73783565 | V107: 6.487208 | AA107: =M107-J107 -> -197.56172 | AB107: =M107/J107 -> 0.93414609 | AC107: =AB123 -> 0.91750882
B108: 18℃-飯糰 | C108: 二配芝麻香鬆飯糰 | E108: 18.18 | F108: 658 | G108: =E108*F108 -> 11962.44 | H108: 2 | I108: 3 | J108: 3000 | K108: =J108/I108 -> 1000 | L108: 3 | M108: =F108/V108*60 -> 2797.8874 | N108: =M108/L108 -> 932.62914 | O108: =L108-I108 -> 0 | P108: =N108-K108 -> -67.370861 | Q108: =N108/K108 -> 0.93262914 | S108: 0.74722222 | T108: 0.75701389 | U108: 13.516667 | V108: 14.110646 | AA108: =M108-J108 -> -202.11258 | AB108: =M108/J108 -> 0.93262914
B109: 18℃-飯糰 | C109: 二配蔬食鮪魚飯糰 | E109: 18.18 | F109: 430 | G109: =E109*F109 -> 7817.4 | H109: 2 | I109: 3 | J109: 3600 | K109: =J109/I109 -> 1200 | L109: 3 | M109: =F109/V109*60 -> 3284.9853 | N109: =M109/L109 -> 1094.9951 | O109: =L109-I109 -> 0 | P109: =N109-K109 -> -105.00488 | Q109: =N109/K109 -> 0.91249593 | S109: 0.76666667 | T109: 0.77211806 | U109: 13.9 | V109: 7.8539163 | AA109: =M109-J109 -> -315.01465 | AB109: =M109/J109 -> 0.91249593
B110: 18℃-飯糰 | C110: 二配三杯醬爆菇菇飯糰 | E110: 16.7 | F110: 1161 | G110: =E110*F110 -> 19388.7 | H110: 2 | I110: 3 | J110: 3600 | K110: =J110/I110 -> 1200 | L110: 3 | M110: =F110/V110*60 -> 3283.992 | N110: =M110/L110 -> 1094.664 | O110: =L110-I110 -> 0 | P110: =N110-K110 -> -105.33599 | Q110: =N110/K110 -> 0.91222001 | S110: 0.78125 | T110: 0.79597222 | U110: 13.15 | V110: 21.211988 | AA110: =M110-J110 -> -316.00797 | AB110: =M110/J110 -> 0.91222001
B111: 18℃-飯糰 | C111: 二配贅沢鮭魚肚飯糰 | E111: 30 | F111: 766 | G111: =E111*F111 -> 22980 | H111: 2 | I111: 4 | J111: 3600 | K111: =J111/I111 -> 900 | L111: 4 | M111: =F111/V111*60 -> 3285.8738 | N111: =M111/L111 -> 821.46844 | O111: =L111-I111 -> 0 | P111: =N111-K111 -> -78.531555 | Q111: =N111/K111 -> 0.91274272 | S111: 0.80555556 | T111: 0.8152662 | U111: 13.8 | V111: 13.987147 | AA111: =M111-J111 -> -314.12622 | AB111: =M111/J111 -> 0.91274272
B112: 18℃-飯糰 | C112: 二配熟成紅鮭飯糰 | E112: 25.03 | F112: 483 | G112: =E112*F112 -> 12089.49 | H112: 2 | I112: 5 | J112: 3600 | K112: =J112/I112 -> 720 | L112: 5 | M112: =F112/V112*60 -> 3279.3927 | N112: =M112/L112 -> 655.87854 | O112: =L112-I112 -> 0 | P112: =N112-K112 -> -64.121456 | Q112: =N112/K112 -> 0.91094242 | S112: 0.82430556 | T112: 0.83043981 | U112: 13.016667 | V112: 8.837002 | AA112: =M112-J112 -> -320.60728 | AB112: =M112/J112 -> 0.91094242
B113: 18℃-飯糰 | C113: 二配雞肉飯飯糰 | E113: 16.66 | F113: 2603 | G113: =E113*F113 -> 43365.98 | H113: 2 | I113: 5 | J113: 3600 | K113: =J113/I113 -> 720 | L113: 5 | M113: =F113/V113*60 -> 3285.6057 | N113: =M113/L113 -> 657.12115 | O113: =L113-I113 -> 0 | P113: =N113-K113 -> -62.878852 | Q113: =N113/K113 -> 0.91266826 | S113: 0.83958333 | T113: 0.87259259 | U113: 13.166667 | V113: 47.534614 | AA113: =M113-J113 -> -314.39426 | AB113: =M113/J113 -> 0.91266826
B114: 18℃-飯糰 | C114: 二配芝麻香鬆飯糰 | E114: 18.18 | F114: 892 | G114: =E114*F114 -> 16216.56 | I114: 3 | J114: 3000 | K114: =J114/I114 -> 1000 | L114: 3 | M114: =F114/V114*60 -> 2797.6274 | N114: =M114/L114 -> 932.54245 | O114: =L114-I114 -> 0 | P114: =N114-K114 -> -67.457545 | Q114: =N114/K114 -> 0.93254245 | S114: 0.88194444 | T114: 0.89521991 | U114: 13.466667 | V114: 19.130496 | AA114: =M114-J114 -> -202.37264 | AB114: =M114/J114 -> 0.93254245
B115: 18℃-飯糰 | C115: 二配蔬食鮪魚飯糰 | E115: 18.18 | F115: 515 | G115: =E115*F115 -> 9362.7 | I115: 3 | J115: 3600 | K115: =J115/I115 -> 1200 | L115: 3 | M115: =F115/V115*60 -> 3284.9853 | N115: =M115/L115 -> 1094.9951 | O115: =L115-I115 -> 0 | P115: =N115-K115 -> -105.00488 | Q115: =N115/K115 -> 0.91249593 | S115: 0.90486111 | T115: 0.91138889 | U115: 13.883333 | V115: 9.4064347 | AA115: =M115-J115 -> -315.01465 | AB115: =M115/J115 -> 0.91249593
B116: 18℃-飯糰 | C116: 二配三杯醬爆菇菇飯糰 | E116: 16.7 | F116: 1549 | G116: =E116*F116 -> 25868.3 | I116: 3 | J116: 3600 | K116: =J116/I116 -> 1200 | L116: 3 | M116: =F116/V116*60 -> 3283.992 | N116: =M116/L116 -> 1094.664 | O116: =L116-I116 -> 0 | P116: =N116-K116 -> -105.33599 | Q116: =N116/K116 -> 0.91222001 | S116: 0.92083333 | T116: 0.94048611 | U116: 13.6 | V116: 28.300921 | AA116: =M116-J116 -> -316.00797 | AB116: =M116/J116 -> 0.91222001
B117: 18℃-飯糰 | C117: 二配贅沢鮭魚肚飯糰 | E117: 30 | F117: 974 | G117: =E117*F117 -> 29220 | I117: 4 | J117: 3600 | K117: =J117/I117 -> 900 | L117: 4 | M117: =F117/V117*60 -> 3285.8738 | N117: =M117/L117 -> 821.46844 | O117: =L117-I117 -> 0 | P117: =N117-K117 -> -78.531555 | Q117: =N117/K117 -> 0.91274272 | S117: 0.95 | T117: 0.96234954 | U117: 13.7 | V117: 17.785224 | AA117: =M117-J117 -> -314.12622 | AB117: =M117/J117 -> 0.91274272
B118: 18℃-飯糰 | C118: 二配熟成紅鮭飯糰 | E118: 25.03 | F118: 539 | G118: =E118*F118 -> 13491.17 | I118: 5 | J118: 3600 | K118: =J118/I118 -> 720 | L118: 5 | M118: =F118/V118*60 -> 3279.7253 | N118: =M118/L118 -> 655.94506 | O118: =L118-I118 -> 0 | P118: =N118-K118 -> -64.054941 | Q118: =N118/K118 -> 0.9110348 | S118: 0.97152778 | T118: 0.97836806 | U118: 13.216667 | V118: 9.8605819 | AA118: =M118-J118 -> -320.2747 | AB118: =M118/J118 -> 0.9110348
B119: 18℃-飯糰 | C119: 二配經典肉鬆飯糰 | E119: 14.03 | F119: 6033 | G119: =E119*F119 -> 84642.99 | I119: 3 | J119: 3000 | K119: =J119/I119 -> 1000 | L119: 3 | M119: =F119/V119*60 -> 2802.4383 | N119: =M119/L119 -> 934.14609 | O119: =L119-I119 -> 0 | P119: =N119-K119 -> -65.853906 | Q119: =N119/K119 -> 0.93414609 | S119: 0.9875 | T119: 1.0771875 | U119: 13.15 | V119: 129.16609 | AA119: =M119-J119 -> -197.56172 | AB119: =M119/J119 -> 0.93414609
B120: 18℃-飯糰 | C120: 二配雞肉飯飯糰 | E120: 16.66 | F120: 3900 | G120: =E120*F120 -> 64974 | I120: 5 | J120: 3600 | K120: =J120/I120 -> 720 | L120: 5 | M120: =F120/V120*60 -> 3285.6057 | N120: =M120/L120 -> 657.12115 | O120: =L120-I120 -> 0 | P120: =N120-K120 -> -62.878852 | Q120: =N120/K120 -> 0.91266826 | S120: 1.0868056 | T120: 1.1362616 | U120: 13.85 | V120: 71.219744 | AA120: =M120-J120 -> -314.39426 | AB120: =M120/J120 -> 0.91266826
B123: 平均 | I123: =AVERAGE(I107:I122) -> 3.7142857 | J123: =AVERAGE(J107:J122) -> 3428.5714 | K123: =J123/I123 -> 923.07692 | L123: =AVERAGE(L107:L122) -> 3.7142857 | M123: =AVERAGE(M107:M122) -> 3145.7445 | N123: =M123/L123 -> 846.93121 | O123: =L123-I123 -> 0 | P123: =N123-K123 -> -76.145709 | Q123: =N123/K123 -> 0.91750882 | S123: 0.73333333 | T123: 1.1362616 | AA123: =M123-J123 -> -282.82692 | AB123: =M123/J123 -> 0.91750882
A124: GKK3600型 飯糰機2 (二配) | B124: 18℃-飯糰 | C124: 二配鮪魚飯糰 | E124: 14.28 | F124: 356 | G124: =E124*F124 -> 5083.68 | H124: 2 | I124: 3 | J124: 3600 | K124: =J124/I124 -> 1200 | L124: 3 | M124: =F124/V124*60 -> 3284.3245 | N124: =M124/L124 -> 1094.7748 | O124: =L124-I124 -> 0 | P124: =N124-K124 -> -105.22516 | Q124: =N124/K124 -> 0.91231237 | R124: =Q140 -> 0.91165843 | S124: 0.73333333 | T124: 0.73784722 | V124: 6.5036204 | AA124: =M124-J124 -> -315.67549 | AB124: =M124/J124 -> 0.91231237 | AC124: =AB140 -> 0.91165843
B125: 18℃-飯糰 | C125: 二配生鱈魚子鮭魚飯糰 | E125: 23.8 | F125: 346 | G125: =E125*F125 -> 8234.8 | H125: 2 | I125: 4 | J125: 3600 | K125: =J125/I125 -> 900 | L125: 4 | M125: =F125/V125*60 -> 3283.3185 | N125: =M125/L125 -> 820.82962 | O125: =L125-I125 -> 0 | P125: =N125-K125 -> -79.170381 | Q125: =N125/K125 -> 0.91203291 | S125: 0.74722222 | T125: 0.7516088 | U125: 13.5 | V125: 6.3228713 | AA125: =M125-J125 -> -316.68152 | AB125: =M125/J125 -> 0.91203291
B126: 18℃-飯糰 | C126: 二配北海道秋鮭親子飯糰 | E126: 24.82 | F126: 716 | G126: =E126*F126 -> 17771.12 | H126: 2 | I126: 5 | J126: 3600 | K126: =J126/I126 -> 720 | L126: 5 | M126: =F126/V126*60 -> 3279.3638 | N126: =M126/L126 -> 655.87275 | O126: =L126-I126 -> 0 | P126: =N126-K126 -> -64.127245 | Q126: =N126/K126 -> 0.91093438 | S126: 0.76180556 | T126: 0.77090278 | U126: 14.683333 | V126: 13.100102 | AA126: =M126-J126 -> -320.63623 | AB126: =M126/J126 -> 0.91093438
B127: 18℃-飯糰 | C127: 二配卵黃牛挽肉飯糰 | E127: 24.76 | F127: 543 | G127: =E127*F127 -> 13444.68 | H127: 2 | I127: 4 | J127: 3600 | K127: =J127/I127 -> 900 | L127: 4 | M127: =F127/V127*60 -> 3284.6598 | N127: =M127/L127 -> 821.16495 | O127: =L127-I127 -> 0 | P127: =N127-K127 -> -78.835047 | Q127: =N127/K127 -> 0.9124055 | S127: 0.78055556 | T127: 0.78744213 | U127: 13.9 | V127: 9.9188354 | AA127: =M127-J127 -> -315.34019 | AB127: =M127/J127 -> 0.9124055
B128: 18℃-飯糰 | C128: 二配醬燒炙烤牛飯糰 | E128: 22.32 | F128: 763 | G128: =E128*F128 -> 17030.16 | H128: 2 | I128: 5 | J128: 3600 | K128: =J128/I128 -> 720 | L128: 5 | M128: =F128/V128*60 -> 3278.2671 | N128: =M128/L128 -> 655.65342 | O128: =L128-I128 -> 0 | P128: =N128-K128 -> -64.346581 | Q128: =N128/K128 -> 0.91062975 | S128: 0.79652778 | T128: 0.80621528 | U128: 13.083333 | V128: 13.964695 | AA128: =M128-J128 -> -321.7329 | AB128: =M128/J128 -> 0.91062975
B129: 18℃-飯糰 | C129: 二配明太子龍蝦風味沙拉飯糰 | E129: 18.18 | F129: 1068 | G129: =E129*F129 -> 19416.24 | H129: 2 | I129: 3 | J129: 3600 | K129: =J129/I129 -> 1200 | L129: 3 | M129: =F129/V129*60 -> 3279.3336 | N129: =M129/L129 -> 1093.1112 | O129: =L129-I129 -> 0 | P129: =N129-K129 -> -106.88879 | Q129: =N129/K129 -> 0.91092601 | S129: 0.81527778 | T129: 0.82884259 | U129: 13.05 | V129: 19.540555 | AA129: =M129-J129 -> -320.66636 | AB129: =M129/J129 -> 0.91092601
B130: 18℃-飯糰 | C130: 二配鹽蔥燒肉飯糰 | E130: 17.89 | F130: 1717 | G130: =E130*F130 -> 30717.13 | H130: 2 | I130: 4 | J130: 3600 | K130: =J130/I130 -> 900 | L130: 4 | M130: =F130/V130*60 -> 3284.5051 | N130: =M130/L130 -> 821.12628 | O130: =L130-I130 -> 0 | P130: =N130-K130 -> -78.873715 | Q130: =N130/K130 -> 0.91236254 | S130: 0.83819444 | T130: 0.85996528 | U130: 13.466667 | V130: 31.365456 | AA130: =M130-J130 -> -315.49486 | AB130: =M130/J130 -> 0.91236254
B131: 18℃-飯糰 | C131: 二配生鱈魚子鮭魚飯糰 | E131: 23.8 | F131: 356 | G131: =E131*F131 -> 8472.8 | I131: 4 | J131: 3600 | K131: =J131/I131 -> 900 | L131: 4 | M131: =F131/V131*60 -> 3283.3185 | N131: =M131/L131 -> 820.82962 | O131: =L131-I131 -> 0 | P131: =N131-K131 -> -79.170381 | Q131: =N131/K131 -> 0.91203291 | S131: 0.86944444 | T131: 0.87395833 | U131: 13.65 | V131: 6.5056132 | AA131: =M131-J131 -> -316.68152 | AB131: =M131/J131 -> 0.91203291
B132: 18℃-飯糰 | C132: 二配北海道秋鮭親子飯糰 | E132: 24.82 | F132: 892 | G132: =E132*F132 -> 22139.44 | I132: 5 | J132: 3600 | K132: =J132/I132 -> 720 | L132: 5 | M132: =F132/V132*60 -> 3279.404 | N132: =M132/L132 -> 655.88079 | O132: =L132-I132 -> 0 | P132: =N132-K132 -> -64.119208 | Q132: =N132/K132 -> 0.91094554 | S132: 0.88402778 | T132: 0.8953588 | U132: 14.5 | V132: 16.320039 | AA132: =M132-J132 -> -320.59604 | AB132: =M132/J132 -> 0.91094554
B133: 18℃-飯糰 | C133: 二配卵黃牛挽肉飯糰 | E133: 24.76 | F133: 707 | G133: =E133*F133 -> 17505.32 | I133: 4 | J133: 3600 | K133: =J133/I133 -> 900 | L133: 4 | M133: =F133/V133*60 -> 3284.6598 | N133: =M133/L133 -> 821.16495 | O133: =L133-I133 -> 0 | P133: =N133-K133 -> -78.835047 | Q133: =N133/K133 -> 0.9124055 | S133: 0.90486111 | T133: 0.91381944 | U133: 13.683333 | V133: 12.914579 | AA133: =M133-J133 -> -315.34019 | AB133: =M133/J133 -> 0.9124055
B134: 18℃-飯糰 | C134: 二配醬燒炙烤牛飯糰 | E134: 22.32 | F134: 1235 | G134: =E134*F134 -> 27565.2 | I134: 5 | J134: 3600 | K134: =J134/I134 -> 720 | L134: 5 | M134: =F134/V134*60 -> 3278.2671 | N134: =M134/L134 -> 655.65342 | O134: =L134-I134 -> 0 | P134: =N134-K134 -> -64.346581 | Q134: =N134/K134 -> 0.91062975 | S134: 0.92361111 | T134: 0.93930556 | U134: 14.1 | V134: 22.603405 | AA134: =M134-J134 -> -321.7329 | AB134: =M134/J134 -> 0.91062975
B135: 18℃-飯糰 | C135: 二配明太子龍蝦風味沙拉飯糰 | E135: 18.18 | F135: 1645 | G135: =E135*F135 -> 29906.1 | I135: 3 | J135: 3600 | K135: =J135/I135 -> 1200 | L135: 3 | M135: =F135/V135*60 -> 3279.3336 | N135: =M135/L135 -> 1093.1112 | O135: =L135-I135 -> 0 | P135: =N135-K135 -> -106.88879 | Q135: =N135/K135 -> 0.91092601 | S135: 0.94930556 | T135: 0.97019676 | U135: 14.4 | V135: 30.097578 | AA135: =M135-J135 -> -320.66636 | AB135: =M135/J135 -> 0.91092601
B136: 18℃-飯糰 | C136: 二配鹽蔥燒肉飯糰 | E136: 17.89 | F136: 2621 | G136: =E136*F136 -> 46889.69 | I136: 4 | J136: 3600 | K136: =J136/I136 -> 900 | L136: 4 | M136: =F136/V136*60 -> 3284.5051 | N136: =M136/L136 -> 821.12628 | O136: =L136-I136 -> 0 | P136: =N136-K136 -> -78.873715 | Q136: =N136/K136 -> 0.91236254 | S136: 0.97986111 | T136: 1.0131019 | U136: 13.916667 | V136: 47.879359 | AA136: =M136-J136 -> -315.49486 | AB136: =M136/J136 -> 0.91236254
B137: 18℃-飯糰 | C137: 二配鮪魚飯糰 | E137: 14.28 | F137: 7691 | G137: =E137*F137 -> 109827.48 | I137: 3 | J137: 3600 | K137: =J137/I137 -> 1200 | L137: 3 | M137: =F137/V137*60 -> 3284.3245 | N137: =M137/L137 -> 1094.7748 | O137: =L137-I137 -> 0 | P137: =N137-K137 -> -105.22516 | Q137: =N137/K137 -> 0.91231237 | S137: 1.0222222 | T137: 1.1197917 | U137: 13.133333 | V137: 140.50378 | AA137: =M137-J137 -> -315.67549 | AB137: =M137/J137 -> 0.91231237
AA138: =M138-J138 -> 0 | AB138: =M138/J138 -> #DIV/0!
B140: 平均 | I140: =AVERAGE(I124:I139) -> 4 | J140: =AVERAGE(J124:J139) -> 3600 | K140: =J140/I140 -> 900 | L140: =AVERAGE(L124:L139) -> 4 | M140: =AVERAGE(M124:M139) -> 3281.9704 | N140: =M140/L140 -> 820.49259 | O140: =L140-I140 -> 0 | P140: =N140-K140 -> -79.507409 | Q140: =N140/K140 -> 0.91165843 | S140: 0.73333333 | T140: 1.1197917 | AA140: =M140-J140 -> -318.02964 | AB140: =M140/J140 -> 0.91165843
Y142: 原因回覆
Y143: 1.當日出勤人數較多
Y144: 2.當日出勤人數較少
Y145: 3.當日出勤熟手較多
Y146: 4.當日出勤新人較多
Y147: 5.機台夾盒
Y148: 6.封膜不順
Y149: 7.更換膠膜
Y150: 8.更換碳帶
Y151: 9.當日熱轉印碳帶異常
Y152: 10.訂單量過少
Y153: 11.新品上市，尚未熟悉
Y154: 12.活動期間品項需貼標

Sheet 1005(4度C)
A1: 大溪廠日報分析 | C1: 總生產量 | D1: =SUM(F5:F140) -> 77593 | E1: 營業額 | F1: =SUM(G5:G140) -> 3414568.7 | G1: 出勤人數 | H1: =L21+L38+L55+L72+L89+L106+L123+L140 -> 137.46667 | I1: 產線配置圖 | L1: 生產實績 | O1: 人時性差異分析 | S1: 日報登錄 | Y1: 合計次數 | Z1: 合計(時間/分) | AA1: 產線異常 分析說明(5分鐘以上) | AC1: 合計次數 | AD1: 合計(時間/分) | AE1: 產能差異分析
A2: 46300 | C2: 人時性 | D2: =AVERAGE(N21,N38,N55,N72,N89,N106,N123,N140) -> 207.90564 | E2: 平均廠價 | F2: =F1/D1 -> 44.006143 | G2: 多次生產數 | H2: =COUNT(H5:H140) -> 0 | Y2: =SUM(Y21,Y38,Y55,Y72,Y89,Y106,Y123,Y140) -> 0 | Z2: =SUM(Z21,Z38,Z55,Z72,Z89,Z106,Z123,Z140) -> 0 | AC2: =SUM(AC21,AC38,AC55,AC72,AC89,AC106,AC123,AC140) -> 0 | AD2: =SUM(AD21,AD38,AD55,AD72,AD89,AD106,AD123,AD140) -> 0
A3: 線別 | B3: 品類 | C3: 品名 | E3: 廠價 | F3: 生產量 | G3: 營收 | H3: 多次 生產 | I3: 人數 | J3: 產能/時 | K3: 人時性 | L3: 人數 | M3: 產能/時 | N3: 人時性 | O3: 人數 | P3: 人時性 | Q3: 達成率 | R3: 達成率 平均 | S3: 生產時間 | U3: 換線、休息/分 | V3: 稼動時間/分 | W3: 休息時間 | Y3: 產線異常統計(5分鐘以上) | AA3: (屏榮回填) | AC3: 短暫停線統計(5分鐘以下) | AE3: 產能/時 | AF3: 達成率 | AG3: 達成率平均
S4: 開始 | T4: 結束 | W4: 開始 | X4: 結束 | Y4: 次數 | Z4: 時間/分 | AC4: 總次數 | AD4: 設備因素(次數)
A5: 便當二線 | B5: 微波小吃 | C5: 日式茶碗蒸 | E5: 19.7 | F5: 4362 | G5: =E5*F5 -> 85931.4 | I5: 13 | J5: 1200 | K5: =J5/I5 -> 92.307692 | L5: 13 | M5: =F5/V5*60 -> 1086.4473 | N5: =M5/L5 -> 83.572868 | O5: =L5-I5 -> 0 | P5: =N5-K5 -> -8.734824 | Q5: =N5/K5 -> 0.90537274 | R5: =Q21 -> 0.90277544 | S5: 0.20833333 | T5: 0.37561343 | V5: 240.89526 | AE5: =M5-J5 -> -113.55271 | AF5: =M5/J5 -> 0.90537274 | AG5: =AF21 -> 0.90277544
B6: 微波主食 | C6: 糖燻野郎三十天熟成牛飯 | E6: 56.43 | F6: 4948 | G6: =E6*F6 -> 279215.64 | I6: 24 | J6: 2000 | K6: =J6/I6 -> 83.333333 | L6: 24 | M6: =F6/V6*60 -> 1802.1548 | N6: =M6/L6 -> 75.089784 | O6: =L6-I6 -> 0 | P6: =N6-K6 -> -8.2435491 | Q6: =N6/K6 -> 0.90107741 | S6: 0.37916667 | T6: 0.49356481 | U6: 5.1166667 | V6: 164.73612 | W6: 0.49356481 | X6: 0.53194444 | AE6: =M6-J6 -> -197.84518 | AF6: =M6/J6 -> 0.90107741
B7: 便當 | C7: 健身G肉餐盒 | E7: 59.52 | F7: 5065 | G7: =E7*F7 -> 301468.8 | I7: 24 | J7: 2000 | K7: =J7/I7 -> 83.333333 | L7: 24 | M7: =F7/V7*60 -> 1805.8302 | N7: =M7/L7 -> 75.242925 | O7: =L7-I7 -> 0 | P7: =N7-K7 -> -8.0904088 | Q7: =N7/K7 -> 0.90291509 | S7: 0.53194444 | T7: 0.64880787 | U7: 55.266667 | V7: 168.28825 | AE7: =M7-J7 -> -194.16981 | AF7: =M7/J7 -> 0.90291509
B21: 平均 | I21: =AVERAGE(I5:I20) -> 20.333333 | J21: =AVERAGE(J5:J20) -> 1733.3333 | K21: =J21/I21 -> 85.245902 | L21: =AVERAGE(L5:L20) -> 20.333333 | M21: =AVERAGE(M5:M20) -> 1564.8108 | N21: =M21/L21 -> 76.957907 | O21: =L21-I21 -> 0 | P21: =N21-K21 -> -8.2879951 | Q21: =N21/K21 -> 0.90277544 | S21: 0.20833333 | T21: 0.64880787 | Y21: =SUM(Y5:Y20) -> 0 | Z21: =SUM(Z5:Z20) -> 0 | AC21: =SUM(AC5:AC20) -> 0 | AD21: =SUM(AD5:AD20) -> 0 | AE21: =M21-J21 -> -168.52257 | AF21: =M21/J21 -> 0.90277544
A22: 涼麵一線 | B22: 4℃-飯糰 | C22: 麻油雞飯糰 | E22: 29.97 | F22: 2261 | G22: =E22*F22 -> 67762.17 | I22: 21 | J22: 2790 | K22: =J22/I22 -> 132.85714 | L22: 22 | M22: =F22/V22*60 -> 2626.6346 | N22: =M22/L22 -> 119.39248 | O22: =L22-I22 -> 1 | P22: =N22-K22 -> -13.46466 | Q22: =N22/K22 -> 0.89865309 | R22: =Q38 -> 0.90283709 | S22: 0.20833333 | T22: 0.24418981 | V22: 51.647838 | AE22: =M22-J22 -> -163.36538 | AF22: =M22/J22 -> 0.9414461 | AG22: =AF38 -> 0.92053978
B23: 4℃-飯糰 | C23: 經典傳統飯糰 | E23: 24.35 | F23: 3085 | G23: =E23*F23 -> 75119.75 | I23: 21 | J23: 2790 | K23: =J23/I23 -> 132.85714 | L23: 22 | M23: =F23/V23*60 -> 2626.6346 | N23: =M23/L23 -> 119.39248 | O23: =L23-I23 -> 1 | P23: =N23-K23 -> -13.46466 | Q23: =N23/K23 -> 0.89865309 | S23: 0.24722222 | T23: 0.29615741 | U23: 5 | V23: 70.470403 | AE23: =M23-J23 -> -163.36538 | AF23: =M23/J23 -> 0.9414461
B24: 4℃-壽司手卷 | C24: 海陸雙拼壽司 | E24: 36.45 | F24: 2348 | G24: =E24*F24 -> 85584.6 | I24: 20 | J24: 2100 | K24: =J24/I24 -> 105 | L24: 20 | M24: =F24/V24*60 -> 1890.5483 | N24: =M24/L24 -> 94.527417 | O24: =L24-I24 -> 0 | P24: =N24-K24 -> -10.472583 | Q24: =N24/K24 -> 0.90026112 | S24: 0.3 | T24: 0.35174769 | U24: 5.5333333 | V24: 74.518063 | AE24: =M24-J24 -> -209.45166 | AF24: =M24/J24 -> 0.90026112
B25: 便當 | C25: 懷舊滷雙拼便當 | E25: 61.09 | F25: 3389 | G25: =E25*F25 -> 207034.01 | I25: 20 | J25: 2000 | K25: =J25/I25 -> 100 | L25: 20 | M25: =F25/V25*60 -> 1805.4427 | N25: =M25/L25 -> 90.272133 | O25: =L25-I25 -> 0 | P25: =N25-K25 -> -9.7278669 | Q25: =N25/K25 -> 0.90272133 | S25: 0.35486111 | T25: 0.43306713 | U25: 5 | V25: 112.62612 | W25: 0.43306713 | X25: 0.47152778 | AE25: =M25-J25 -> -194.55734 | AF25: =M25/J25 -> 0.90272133
B26: 便當 | C26: 香腸腿排雙拼便當 | E26: 53.76 | F26: 3330 | G26: =E26*F26 -> 179020.8 | I26: 20 | J26: 2000 | K26: =J26/I26 -> 100 | L26: 20 | M26: =F26/V26*60 -> 1802.6444 | N26: =M26/L26 -> 90.132219 | O26: =L26-I26 -> 0 | P26: =N26-K26 -> -9.8677806 | Q26: =N26/K26 -> 0.90132219 | S26: 0.47152778 | T26: 0.54849537 | U26: 55.383333 | V26: 110.83717 | AE26: =M26-J26 -> -197.35561 | AF26: =M26/J26 -> 0.90132219
B38: 平均 | I38: =AVERAGE(I22:I37) -> 20.4 | J38: =AVERAGE(J22:J37) -> 2336 | K38: =J38/I38 -> 114.5098 | L38: =AVERAGE(L22:L37) -> 20.8 | M38: =AVERAGE(M22:M37) -> 2150.3809 | N38: =M38/L38 -> 103.3837 | O38: =L38-I38 -> 0.4 | P38: =N38-K38 -> -11.126106 | Q38: =N38/K38 -> 0.90283709 | S38: 0.20833333 | T38: 0.54849537 | Y38: =SUM(Y22:Y37) -> 0 | Z38: =SUM(Z22:Z37) -> 0 | AC38: =SUM(AC22:AC37) -> 0 | AD38: =SUM(AD22:AD37) -> 0 | AE38: =M38-J38 -> -185.61908 | AF38: =M38/J38 -> 0.92053978
A39: 涼麵二線 | B39: 便當 | C39: 蔬活腿排補力餐盒 | E39: 71.55 | F39: 2844 | G39: =E39*F39 -> 203488.2 | I39: 22 | J39: 2000 | K39: =J39/I39 -> 90.909091 | L39: 22 | M39: =F39/V39*60 -> 1807.6186 | N39: =M39/L39 -> 82.164481 | O39: =L39-I39 -> 0 | P39: =N39-K39 -> -8.7446094 | Q39: =N39/K39 -> 0.9038093 | R39: =Q55 -> 0.9031376 | S39: 0.20833333 | T39: 0.27388889 | V39: 94.400445 | AE39: =M39-J39 -> -192.38141 | AF39: =M39/J39 -> 0.9038093 | AG39: =AF55 -> 0.9031376
B40: 便當 | C40: 海陸雙拼肉肉餐盒 | E40: 59.54 | F40: 2931 | G40: =E40*F40 -> 174511.74 | I40: 23 | J40: 2000 | K40: =J40/I40 -> 86.956522 | L40: 23 | M40: =F40/V40*60 -> 1807.2274 | N40: =M40/L40 -> 78.575104 | O40: =L40-I40 -> 0 | P40: =N40-K40 -> -8.3814179 | Q40: =N40/K40 -> 0.90361369 | S40: 0.27777778 | T40: 0.34534722 | U40: 5.6 | V40: 97.309282 | AE40: =M40-J40 -> -192.77261 | AF40: =M40/J40 -> 0.90361369
B41: 便當 | C41: 烤蛋白餐盒 | E41: 58.67 | F41: 4197 | G41: =E41*F41 -> 246237.99 | I41: 23 | J41: 2000 | K41: =J41/I41 -> 86.956522 | L41: 23 | M41: =F41/V41*60 -> 1802.9094 | N41: =M41/L41 -> 78.387364 | O41: =L41-I41 -> 0 | P41: =N41-K41 -> -8.5691582 | Q41: =N41/K41 -> 0.90145468 | S41: 0.34861111 | T41: 0.44560185 | U41: 4.7 | V41: 139.67424 | AE41: =M41-J41 -> -197.09064 | AF41: =M41/J41 -> 0.90145468
B42: 便當 | C42: 香烤鱈魚輕蔬餐盒 | E42: 69.26 | F42: 836 | G42: =E42*F42 -> 57901.36 | I42: 24 | J42: 2000 | K42: =J42/I42 -> 83.333333 | L42: 24 | M42: =F42/V42*60 -> 1802.9152 | N42: =M42/L42 -> 75.121466 | O42: =L42-I42 -> 0 | P42: =N42-K42 -> -8.2118669 | Q42: =N42/K42 -> 0.9014576 | S42: 0.44930556 | T42: 0.46862269 | U42: 5.3333333 | V42: 27.821608 | W42: 0.46862269 | X42: 0.50625 | AE42: =M42-J42 -> -197.08481 | AF42: =M42/J42 -> 0.9014576
B43: 便當 | C43: 地中海布格麥烤魚餐盒 | E43: 63.92 | F43: 1552 | G43: =E43*F43 -> 99203.84 | I43: 24 | J43: 2000 | K43: =J43/I43 -> 83.333333 | L43: 24 | M43: =F43/V43*60 -> 1810.7054 | N43: =M43/L43 -> 75.44606 | O43: =L43-I43 -> 0 | P43: =N43-K43 -> -7.8872734 | Q43: =N43/K43 -> 0.90535272 | S43: 0.50625 | T43: 0.54195602 | U43: 55 | V43: 51.42747 | AE43: =M43-J43 -> -189.29456 | AF43: =M43/J43 -> 0.90535272
B55: 平均 | I55: =AVERAGE(I39:I54) -> 23.2 | J55: =AVERAGE(J39:J54) -> 2000 | K55: =J55/I55 -> 86.206897 | L55: =AVERAGE(L39:L54) -> 23.2 | M55: =AVERAGE(M39:M54) -> 1806.2752 | N55: =M55/L55 -> 77.856689 | O55: =L55-I55 -> 0 | P55: =N55-K55 -> -8.3502071 | Q55: =N55/K55 -> 0.9031376 | S55: 0.20833333 | T55: 0.54195602 | Y55: =SUM(Y39:Y54) -> 0 | Z55: =SUM(Z39:Z54) -> 0 | AC55: =SUM(AC39:AC54) -> 0 | AD55: =SUM(AD39:AD54) -> 0 | AE55: =M55-J55 -> -193.7248 | AF55: =M55/J55 -> 0.9031376
A56: 涼麵三線 | B56: 季節調理麵 | C56: 和風涓絲冷麵 | E56: 28.86 | F56: 1401 | G56: =E56*F56 -> 40432.86 | I56: 18 | J56: 3600 | K56: =J56/I56 -> 200 | L56: 18 | M56: =F56/V56*60 -> 3193.9077 | N56: =M56/L56 -> 177.43932 | O56: =L56-I56 -> 0 | P56: =N56-K56 -> -22.560682 | Q56: =N56/K56 -> 0.88719659 | R56: =Q72 -> 0.89638942 | S56: 0.25 | T56: 0.26827546 | V56: 26.318857 | AE56: =M56-J56 -> -406.09228 | AF56: =M56/J56 -> 0.88719659 | AG56: =AF72 -> 0.89638942
B57: 季節調理麵 | C57: 韓式泡菜冷麵 | E57: 36.73 | F57: 824 | G57: =E57*F57 -> 30265.52 | I57: 21 | J57: 3600 | K57: =J57/I57 -> 171.42857 | L57: 21 | M57: =F57/V57*60 -> 3193.4456 | N57: =M57/L57 -> 152.06884 | O57: =L57-I57 -> 0 | P57: =N57-K57 -> -19.359733 | Q57: =N57/K57 -> 0.88706822 | S57: 0.27152778 | T57: 0.28226852 | U57: 4.6833333 | V57: 15.48171 | AE57: =M57-J57 -> -406.55439 | AF57: =M57/J57 -> 0.88706822
B58: 季節調理麵 | C58: 大滿足麻醬涼麵 | E58: 37.8 | F58: 3823 | G58: =E58*F58 -> 144509.4 | I58: 20 | J58: 3600 | K58: =J58/I58 -> 180 | L58: 20 | M58: =F58/V58*60 -> 3272.2489 | N58: =M58/L58 -> 163.61245 | O58: =L58-I58 -> 0 | P58: =N58-K58 -> -16.387554 | Q58: =N58/K58 -> 0.90895803 | S58: 0.28541667 | T58: 0.33408565 | U58: 4.5333333 | V58: 70.098579 | AE58: =M58-J58 -> -327.75108 | AF58: =M58/J58 -> 0.90895803
B59: 季節調理麵 | C59: 大滿足香辣涼麵 | E59: 38.48 | F59: 3110 | G59: =E59*F59 -> 119672.8 | I59: 19 | J59: 3600 | K59: =J59/I59 -> 189.47368 | L59: 19 | M59: =F59/V59*60 -> 3265.1587 | N59: =M59/L59 -> 171.85046 | O59: =L59-I59 -> 0 | P59: =N59-K59 -> -17.623225 | Q59: =N59/K59 -> 0.90698854 | S59: 0.33819444 | T59: 0.37787037 | U59: 5.9166667 | V59: 57.14883 | AE59: =M59-J59 -> -334.84127 | AF59: =M59/J59 -> 0.90698854
B60: 4℃-飯糰 | C60: 里肌肉蛋紫米飯糰 | E60: 29.87 | F60: 5395 | G60: =E60*F60 -> 161148.65 | I60: 21 | J60: 2790 | K60: =J60/I60 -> 132.85714 | L60: 21 | M60: =F60/V60*60 -> 2484.1731 | N60: =M60/L60 -> 118.29396 | O60: =L60-I60 -> 0 | P60: =N60-K60 -> -14.563187 | Q60: =N60/K60 -> 0.89038462 | S60: 0.38125 | T60: 0.47173611 | U60: 4.8666667 | V60: 130.30493 | AE60: =M60-J60 -> -305.82692 | AF60: =M60/J60 -> 0.89038462
B72: 平均 | I72: =AVERAGE(I56:I71) -> 19.8 | J72: =AVERAGE(J56:J71) -> 3438 | K72: =J72/I72 -> 173.63636 | L72: =AVERAGE(L56:L71) -> 19.8 | M72: =AVERAGE(M56:M71) -> 3081.7868 | N72: =M72/L72 -> 155.6458 | O72: =L72-I72 -> 0 | P72: =N72-K72 -> -17.990565 | Q72: =N72/K72 -> 0.89638942 | S72: 0.25 | T72: 0.47173611 | Y72: =SUM(Y56:Y71) -> 0 | Z72: =SUM(Z56:Z71) -> 0 | AC72: =SUM(AC56:AC71) -> 0 | AD72: =SUM(AD56:AD71) -> 0 | AE72: =M72-J72 -> -356.21319 | AF72: =M72/J72 -> 0.89638942
A73: 自動包裝機 | B73: 4℃-壽司手卷 | C73: 生菜鮮蝦脆卷 | E73: 22.83 | F73: 1881 | G73: =E73*F73 -> 42943.23 | I73: 6 | J73: 2500 | K73: =J73/I73 -> 416.66667 | L73: 6 | M73: =F73/V73*60 -> 2263.7507 | N73: =M73/L73 -> 377.29178 | O73: =L73-I73 -> 0 | P73: =N73-K73 -> -39.374888 | Q73: =N73/K73 -> 0.90550027 | R73: =Q89 -> 0.90552173 | S73: 0.3875 | T73: 0.42211806 | U73: 5.8666667 | V73: 49.855314 | AE73: =M73-J73 -> -236.24933 | AF73: =M73/J73 -> 0.90550027 | AG73: =AF89 -> 0.90552173
B74: 4℃-壽司手卷 | C74: 蔥花生鮪魚脆卷 | E74: 23.19 | F74: 916 | G74: =E74*F74 -> 21242.04 | I74: 6 | J74: 2500 | K74: =J74/I74 -> 416.66667 | L74: 6 | M74: =F74/V74*60 -> 2266.0885 | N74: =M74/L74 -> 377.68142 | O74: =L74-I74 -> 0 | P74: =N74-K74 -> -38.985246 | Q74: =N74/K74 -> 0.90643541 | S74: 0.42569444 | T74: 0.44253472 | U74: 5.15 | V74: 24.253245 | AE74: =M74-J74 -> -233.91147 | AF74: =M74/J74 -> 0.90643541
B75: 4℃-壽司手卷 | C75: 香濃明太子嫩雞飯卷 | E75: 35.89 | F75: 2292 | G75: =E75*F75 -> 82259.88 | I75: 5 | J75: 3273 | K75: =J75/I75 -> 654.6 | L75: 5 | M75: =F75/V75*60 -> 2961.542 | N75: =M75/L75 -> 592.30841 | O75: =L75-I75 -> 0 | P75: =N75-K75 -> -62.291592 | Q75: =N75/K75 -> 0.90484022 | S75: 0.44583333 | T75: 0.4780787 | U75: 4.75 | V75: 46.435269 | AE75: =M75-J75 -> -311.45796 | AF75: =M75/J75 -> 0.90484022
B89: 平均 | I89: =AVERAGE(I73:I88) -> 5.6666667 | J89: =AVERAGE(J73:J88) -> 2757.6667 | K89: =J89/I89 -> 486.64706 | L89: =AVERAGE(L73:L88) -> 5.6666667 | M89: =AVERAGE(M73:M88) -> 2497.1271 | N89: =M89/L89 -> 440.66948 | O89: =L89-I89 -> 0 | P89: =N89-K89 -> -45.977574 | Q89: =N89/K89 -> 0.90552173 | S89: 0.25 | T89: 0.4780787 | Y89: =SUM(Y73:Y88) -> 0 | Z89: =SUM(Z73:Z88) -> 0 | AC89: =SUM(AC73:AC88) -> 0 | AD89: =SUM(AD73:AD88) -> 0 | AE89: =M89-J89 -> -260.53959 | AF89: =M89/J89 -> 0.90552173
A90: 自動包裝機2 | B90: 4℃-壽司手卷 | C90: 鮪魚昆布細卷 | E90: 15.51 | F90: 2476 | G90: =E90*F90 -> 38402.76 | I90: 6 | J90: 4200 | K90: =J90/I90 -> 700 | L90: 6 | M90: =F90/V90*60 -> 3801.2299 | N90: =M90/L90 -> 633.53831 | O90: =L90-I90 -> 0 | P90: =N90-K90 -> -66.461686 | Q90: =N90/K90 -> 0.90505473 | R90: =Q106 -> 0.9050304 | S90: 0.25 | T90: 0.27712963 | V90: 39.082088 | AE90: =M90-J90 -> -398.77012 | AF90: =M90/J90 -> 0.90505473 | AG90: =AF106 -> 0.9050304
B91: 4℃-壽司手卷 | C91: 肉鬆火腿細卷 | E91: 15.01 | F91: 2550 | G91: =E91*F91 -> 38275.5 | I91: 6 | J91: 4200 | K91: =J91/I91 -> 700 | L91: 6 | M91: =F91/V91*60 -> 3801.0255 | N91: =M91/L91 -> 633.50425 | O91: =L91-I91 -> 0 | P91: =N91-K91 -> -66.495751 | Q91: =N91/K91 -> 0.90500607 | S91: 0.28055556 | T91: 0.30850694 | U91: 4.9333333 | V91: 40.252295 | AE91: =M91-J91 -> -398.97451 | AF91: =M91/J91 -> 0.90500607
B106: 平均 | I106: =AVERAGE(I90:I105) -> 6 | J106: =AVERAGE(J90:J105) -> 4200 | K106: =J106/I106 -> 700 | L106: =AVERAGE(L90:L105) -> 6 | M106: =AVERAGE(M90:M105) -> 3801.1277 | N106: =M106/L106 -> 633.52128 | O106: =L106-I106 -> 0 | P106: =N106-K106 -> -66.478719 | Q106: =N106/K106 -> 0.9050304 | S106: 0.25 | T106: 0.30850694 | Y106: =SUM(Y90:Y105) -> 0 | Z106: =SUM(Z90:Z105) -> 0 | AC106: =SUM(AC90:AC105) -> 0 | AD106: =SUM(AD90:AD105) -> 0 | AE106: =M106-J106 -> -398.87231 | AF106: =M106/J106 -> 0.9050304
A107: 便當二線 (二配) | B107: 微波主食 | C107: 二配香烤魚排青醬燉飯 | E107: 58.17 | F107: 1633 | G107: =E107*F107 -> 94991.61 | I107: 18 | J107: 2000 | K107: =J107/I107 -> 111.11111 | L107: 17 | M107: =F107/V107*60 -> 1806 | N107: =M107/L107 -> 106.23529 | O107: =L107-I107 -> -1 | P107: =N107-K107 -> -4.875817 | Q107: =N107/K107 -> 0.95611765 | R107: =Q123 -> 0.95144524 | S107: 0.70833333 | T107: 0.74600694 | V107: 54.252492 | AE107: =M107-J107 -> -194 | AF107: =M107/J107 -> 0.903 | AG107: =AF123 -> 0.90306667
B108: 微波主食 | C108: 二配濃起司燻腸紅醬焗烤飯 | E108: 50.67 | F108: 1939 | G108: =E108*F108 -> 98249.13 | I108: 20 | J108: 2000 | K108: =J108/I108 -> 100 | L108: 19 | M108: =F108/V108*60 -> 1805.4 | N108: =M108/L108 -> 95.021053 | O108: =L108-I108 -> -1 | P108: =N108-K108 -> -4.9789474 | Q108: =N108/K108 -> 0.95021053 | S108: 0.74930556 | T108: 0.79405093 | U108: 4.75 | V108: 64.440013 | AE108: =M108-J108 -> -194.6 | AF108: =M108/J108 -> 0.9027
