Workbook

Sheet 0331
B1: 屏榮 大溪廠組合室生產人時性分析
B3: 日期 | C3: 115.03.31星期二 | E3: 訂單量 | F3: ='0331(18度C)'!D1+'0331(4度C)'!D1 -> 179182 | H3: 營業額 | I3: ='0331(18度C)'!F1+'0331(4度C)'!F1 -> 5566322
B4: 人時性 | C4: 項目 | E4: ➀ | G4: ➁ | I4: ➂ | K4: ④ | M4: ⑤ | O4: 異常停線 | Q4: 短暫停線
C5: 組合室 | E5: 全溫層 | G5: 4度C-各編組展開(一配) | I5: 4度C-各編組展開(二配) | K5: 18度C-各編組展開(一配) | M5: 18度C-各編組展開(二配) | O5: 合計次數 | P5: 時間 | Q5: 合計次數 | R5: 設備次數
C6: 排關平均 | E6: =AVERAGE(D14:O14,D32:X32) -> 460.54537 | F6: =AVERAGE(#REF!,D14:K14) -> #REF! | G6: =AVERAGE(D14:K14) -> 132.89206 | I6: =AVERAGE(L14:O14) -> 93.173541 | K6: =AVERAGE(D32:O32) -> 741.60585 | M6: =AVERAGE(P32:X32) -> 712.40196 | O6: ='0331(4度C)'!Y2 -> 0 | P6: ='0331(4度C)'!Z2 -> 0 | Q6: ='0331(4度C)'!AC2 -> 0 | R6: ='0331(4度C)'!AD2 -> 0
C7: 實績平均 | E7: =AVERAGE(D15:O15,D33:X33) -> 410.20375 | F7: =AVERAGE(#REF!,D15:K15) -> #REF! | G7: =AVERAGE(D15:K15) -> 118.52637 | I7: =AVERAGE(L15:O15) -> 82.460658 | K7: =AVERAGE(D33:O33) -> 661.94081 | M7: =AVERAGE(P33:X33) -> 633.01712
C8: 達成率平均 | E8: =AVERAGE(D16:O16,D34:X34) -> 0.88799655 | F8: =AVERAGE(D16:K16,#REF!) -> #REF! | G8: =AVERAGE(D16:K16) -> 0.88651976 | I8: =AVERAGE(L16:O16) -> 0.88577169 | K8: =AVERAGE(D34:O34) -> 0.89180695 | M8: =AVERAGE(P34:X34) -> 0.88637899
O9: ※現行日本鮮食廠以達成率80%為基本(即為現行KPI)
B11: 溫層 | D11: ➁4度C-各編組展開 | L11: ➂4度C-各編組展開
B12: 編組 | D12: 1 | E12: 2 | F12: 3 | G12: 4 | H12: 5 | I12: 6 | J12: 7 | K12: 8 | L12: 1 | M12: 2 | N12: 3 | O12: 4
D13: 便當一線 | E13: 便當二線 | F13: 涼麵一線 | G13: 涼麵二線 | H13: 涼麵三線 | I13: 自動包裝機 | J13: 自動包裝機2 | K13: 自動包裝機3 | L13: 便當一線 | M13: 便當二線 | N13: 涼麵一線 | O13: 涼麵二線
B14: 人時性 | C14: 排關 | D14: - | E14: 84.507042 | F14: 93.023256 | G14: 82.191781 | H14: 271.84615 | I14: - | J14: - | K14: - | L14: - | M14: 90 | N14: 102.5641 | O14: 86.956522
C15: 實績 | D15: - | E15: 75.482749 | F15: 82.113692 | G15: 71.37622 | H15: 245.13282 | I15: - | J15: - | K15: - | L15: - | M15: 80.310514 | N15: 89.34043 | O15: 77.731029
C16: 達成率 | D16: - | E16: =E15/E14 -> 0.89321253 | F16: =F15/F14 -> 0.88272219 | G16: =G15/G14 -> 0.86841068 | H16: =H15/H14 -> 0.90173364 | I16: - | J16: - | K16: - | L16: - | M16: =M15/M14 -> 0.89233904 | N16: =N15/N14 -> 0.87106919 | O16: =O15/O14 -> 0.89390684
B17: 作業 時間 | C17: 開始 | D17: - | E17: 0.25 | F17: 0.25 | G17: 0.25021991 | H17: 0.25018519 | I17: - | J17: - | K17: - | L17: - | M17: 0.70833333 | N17: 0.70833333 | O17: 0.70833333
C18: 結束 | D18: - | E18: 0.58403935 | F18: 0.56319444 | G18: 0.60486111 | H18: 0.53611111 | I18: - | J18: - | K18: - | L18: - | M18: 0.81875 | N18: 0.79728009 | O18: 0.84614583
B19: 產線異常 (5分鐘以上) | C19: 次數
C20: 時間/分
B21: 短暫停線 (5分鐘以下) | C21: 次數
C22: 設備次數
B23: 配置人數 | D23: - | E23: 23.666667 | F23: 21.75 | G23: 24.333333 | H23: 10.4 | I23: - | J23: - | K23: - | L23: - | M23: 20 | N23: 20 | O23: 23
B24: 主要應用設備 | D24: L型封口機 | E24: ET-55 | F24: ET-55 | G24: ET-55 | H24: ET-600 | I24: 伺服包裝機 | J24: 伺服包裝機 | K24: 伺服包裝機 | L24: L型封口機 | M24: ET-55 | N24: ET-55 | O24: ET-55
B25: 次要應用設備 | D25: 伺服包裝機 | H25: 伺服包裝機
B26: 備註 | H26: 涼麵+烤飯糰 | I26: 大口飯糰線 | K26: 烤飯糰+手卷
B29: 溫層 | D29: ➃18度C-各編組展開 (一配) | P29: ⑤18度C-各編組展開 (二配)
B30: 編組 | D30: 1 | E30: 2 | F30: 3 | G30: 4 | H30: 5 | I30: 6 | J30: 7 | K30: 8 | L30: 9 | M30: 10 | N30: 11 | O30: 12 | P30: 1 | Q30: 2 | R30: 3 | S30: 4 | T30: 5 | U30: 6 | V30: 7 | W30: 8 | X30: 9
D31: 便當一線 | E31: 涼麵一線 | F31: 涼麵三線 | G31: 自動包裝機 | H31: 自動包裝機2 | I31: 自動包裝機3 | J31: 味付飯糰線B | K31: (舊) 3300型飯糰線 | L31: 3000型飯糰線 | M31: (新) 3300型飯糰機 | N31: GKK3600型 飯糰機 | O31: GKK3600型 飯糰機2 | P31: 自動包裝機 | Q31: 自動包裝機2 | R31: 自動包裝機3 | S31: 味付飯糰線B | T31: (舊) 3300型飯糰線 | U31: 3000型飯糰線 | V31: (新) 3300型飯糰機 | W31: GKK3600型 飯糰機 | X31: GKK3600型 飯糰機2
B32: 人時性 | C32: 排關 | D32: - | E32: - | F32: - | G32: 328.81356 | H32: 433.33333 | I32: - | J32: - | K32: - | L32: - | M32: 1100 | N32: 1005.8824 | O32: 840 | P32: 300 | Q32: - | R32: - | S32: - | T32: - | U32: - | V32: 723.52941 | W32: 979.41176 | X32: 846.66667
C33: 實績 | D33: - | E33: - | F33: - | G33: 290.15651 | H33: 390.10581 | I33: - | J33: - | K33: - | L33: - | M33: 990.45465 | N33: 892.56791 | O33: 746.41917 | P33: 262.0813 | Q33: - | R33: - | S33: - | T33: - | U33: - | V33: 648.20866 | W33: 871.26322 | X33: 750.51531
C34: 達成率 | D34: - | E34: - | F34: - | G34: =G33/G32 -> 0.88243476 | H34: =H33/H32 -> 0.90024419 | I34: - | J34: - | K34: - | L34: - | M34: =M33/M32 -> 0.90041332 | N34: =N33/N32 -> 0.88734822 | O34: =O33/O32 -> 0.88859425 | P34: =P33/P32 -> 0.87360434 | Q34: - | R34: - | S34: - | T34: - | U34: - | V34: =V33/V32 -> 0.89589814 | W34: =W33/W32 -> 0.88957806 | X34: =X33/X32 -> 0.8864354
B35: 作業 時間 | C35: 開始 | D35: - | E35: - | F35: - | G35: 0.25 | H35: 0.29166667 | I35: - | J35: - | K35: - | L35: - | M35: 0.35438657 | N35: 0.25 | O35: 0.25 | P35: 0.70855324 | Q35: - | R35: - | S35: - | T35: - | U35: - | V35: 0.70850694 | W35: 0.70833333 | X35: 0.70833333
C36: 結束 | D36: - | E36: - | F36: - | G36: 0.44674769 | H36: 0.33263889 | I36: - | J36: - | K36: - | L36: - | M36: 0.40555556 | N36: 0.53541667 | O36: 0.51944444 | P36: 0.8994213 | Q36: - | R36: - | S36: - | T36: - | U36: - | V36: 0.81189815 | W36: 1.19375 | X36: 1.1722222
B37: 配置人數 | D37: - | E37: - | F37: - | G37: 9.8333333 | H37: 6 | I37: - | J37: - | K37: - | L37: - | M37: 3 | N37: 3.4 | O37: 4 | P37: 12 | Q37: - | R37: - | S37: - | T37: - | U37: - | V37: 4.25 | W37: 3.4 | X37: 4.0909091
B38: 主要應用設備 | D38: 伺服包裝機 | E38: ET-55 | F38: ET-600 | G38: 夾心型 | H38: 伺服包裝機 | I38: 伺服包裝機 | J38: 夾心型 | K38: 3300型 | L38: 3300型 | M38: 3300型 | N38: GKK | O38: GKK | P38: 夾心型 | Q38: 伺服包裝機 | R38: 伺服包裝機 | S38: 夾心型 | T38: 3300型 | U38: 3300型 | V38: 3300型 | W38: GKK | X38: GKK
B39: 次要應用設備
B40: 備註

Sheet 0331(18度C)
A1: 大溪廠日報分析 | C1: 總生產量 | D1: =SUM(F5:F157) -> 118957 | E1: 營業額 | F1: =SUM(G5:G157) -> 2313079.4 | G1: 出勤人數 | H1: =L21+L38+L55+L72+L89+L106+L123+L140+L157 -> 49.974242 | I1: 產線配置圖 | L1: 生產實績 | O1: 人時性差異分析 | S1: 日報登錄 | Y1: 分析說明 | AA1: 產能差異分析
A2: 46112 | C2: 人時性 | D2: =AVERAGE(N21,N38,N55,N72,N89,N106,N123,N140,N157) -> 649.08584 | E2: 平均廠價 | F2: =F1/D1 -> 19.444668 | G2: 多次生產數 | H2: =COUNT(H5:H157) -> 10
A3: 線別 | B3: 品類 | C3: 品名 | E3: 廠價 | F3: 生產量 | G3: 營收 | H3: 多次 生產 | I3: 人數 | J3: 產能/時 | K3: 人時性 | L3: 人數 | M3: 產能/時 | N3: 人時性 | O3: 人數 | P3: 人時性 | Q3: 達成率 | R3: 達成率 平均 | S3: 生產時間 | U3: 換線、休息/分 | V3: 稼動時間/分 | W3: 休息時間 | Y3: (屏榮回填) | AA3: 產能/時 | AB3: 達成率 | AC3: 達成率平均
S4: 開始 | T4: 結束 | W4: 開始 | X4: 結束
A5: 自動包裝機 | B5: 18℃-壽司手卷 | C5: 一配日式鮪魚美乃滋脆卷 | E5: 17.87 | F5: 1372 | G5: =E5*F5 -> 24517.64 | I5: 6 | J5: 2500 | K5: =J5/I5 -> 416.66667 | L5: 6 | M5: =F5/V5*60 -> 2258.4362 | N5: =M5/L5 -> 376.40604 | O5: =L5-I5 -> 0 | P5: =N5-K5 -> -40.260631 | Q5: =N5/K5 -> 0.90337449 | R5: =Q21 -> 0.88243476 | S5: 0.25 | T5: 0.2753125 | V5: 36.45 | AA5: =M5-J5 -> -241.56379 | AB5: =M5/J5 -> 0.90337449 | AC5: =AB21 -> 0.88243476
B6: 18℃-壽司手卷 | C6: 一配銀鮭美乃滋脆卷 | E6: 19.7 | F6: 2787 | G6: =E6*F6 -> 54903.9 | I6: 6 | J6: 2500 | K6: =J6/I6 -> 416.66667 | L6: 6 | M6: =F6/V6*60 -> 2257.6958 | N6: =M6/L6 -> 376.28263 | O6: =L6-I6 -> 0 | P6: =N6-K6 -> -40.384038 | Q6: =N6/K6 -> 0.90307831 | S6: 0.27847222 | T6: 0.32990741 | U6: 4.55 | V6: 74.066667 | AA6: =M6-J6 -> -242.30423 | AB6: =M6/J6 -> 0.90307831
B7: 18℃-壽司手卷 | C7: 一配海饌雙手卷 | E7: 29.85 | F7: 2188 | G7: =E7*F7 -> 65311.8 | I7: 12 | J7: 3600 | K7: =J7/I7 -> 300 | L7: 12 | M7: =F7/V7*60 -> 3146.9437 | N7: =M7/L7 -> 262.24531 | O7: =L7-I7 -> 0 | P7: =N7-K7 -> -37.754694 | Q7: =N7/K7 -> 0.87415102 | S7: 0.33353009 | T7: 0.3625 | U7: 5.2166667 | V7: 41.716667 | AA7: =M7-J7 -> -453.05633 | AB7: =M7/J7 -> 0.87415102
B8: 18℃-壽司手卷 | C8: 一配雙饗雙手卷 | E8: 29.52 | F8: 1977 | G8: =E8*F8 -> 58361.04 | I8: 12 | J8: 3600 | K8: =J8/I8 -> 300 | L8: 12 | M8: =F8/V8*60 -> 3147.8107 | N8: =M8/L8 -> 262.31756 | O8: =L8-I8 -> 0 | P8: =N8-K8 -> -37.682441 | Q8: =N8/K8 -> 0.87439186 | S8: 0.36688657 | T8: 0.39305556 | U8: 6.3166667 | V8: 37.683333 | AA8: =M8-J8 -> -452.1893 | AB8: =M8/J8 -> 0.87439186
B9: 18℃-壽司手卷 | C9: 一配長野稻荷壽司 | E9: 25.64 | F9: 1564 | G9: =E9*F9 -> 40100.96 | I9: 11 | J9: 3600 | K9: =J9/I9 -> 327.27273 | L9: 11 | M9: =F9/V9*60 -> 3182.8151 | N9: =M9/L9 -> 289.34683 | O9: =L9-I9 -> 0 | P9: =N9-K9 -> -37.925895 | Q9: =N9/K9 -> 0.88411532 | S9: 0.39652778 | T9: 0.41700231 | U9: 5 | V9: 29.483333 | AA9: =M9-J9 -> -417.18485 | AB9: =M9/J9 -> 0.88411532
B10: 18℃-飯糰 | C10: 一配兩粒飯糰(鮪魚.焦糖鮭魚) | E10: 28.57 | F10: 1996 | G10: =E10*F10 -> 57025.72 | I10: 12 | J10: 3600 | K10: =J10/I10 -> 300 | L10: 12 | M10: =F10/V10*60 -> 3125.5328 | N10: =M10/L10 -> 260.46107 | O10: =L10-I10 -> 0 | P10: =N10-K10 -> -39.53893 | Q10: =N10/K10 -> 0.86820357 | S10: 0.42013889 | T10: 0.44674769 | U10: 4.5166667 | V10: 38.316667 | AA10: =M10-J10 -> -474.46716 | AB10: =M10/J10 -> 0.86820357
B21: 平均 | I21: =AVERAGE(I5:I20) -> 9.8333333 | J21: =AVERAGE(J5:J20) -> 3233.3333 | K21: =J21/I21 -> 328.81356 | L21: =AVERAGE(L5:L20) -> 9.8333333 | M21: =AVERAGE(M5:M20) -> 2853.2057 | N21: =M21/L21 -> 290.15651 | O21: =L21-I21 -> 0 | P21: =N21-K21 -> -38.657045 | Q21: =N21/K21 -> 0.88243476 | S21: =S5 -> 0.25 | T21: =INDEX(T5:T20,COUNTA(T5:T20)) -> 0.44674769 | AA21: =M21-J21 -> -380.12761 | AB21: =M21/J21 -> 0.88243476
A22: 自動包裝機2 | B22: 18℃-壽司手卷 | C22: 一配雙鬆細卷 | E22: 14.03 | F22: 978 | G22: =E22*F22 -> 13721.34 | I22: 6 | J22: 2600 | K22: =J22/I22 -> 433.33333 | L22: 6 | M22: =F22/V22*60 -> 2340.9574 | N22: =M22/L22 -> 390.15957 | O22: =L22-I22 -> 0 | P22: =N22-K22 -> -43.173759 | Q22: =N22/K22 -> 0.90036825 | R22: =Q38 -> 0.90024419 | S22: 0.29166667 | T22: 0.30907407 | V22: 25.066667 | AA22: =M22-J22 -> -259.04255 | AB22: =M22/J22 -> 0.90036825 | AC22: =AB38 -> 0.90024419
B23: 18℃-壽司手卷 | C23: 一配經典鮪魚沙拉細卷 | E23: 14.49 | F23: 1124 | G23: =E23*F23 -> 16286.76 | I23: 6 | J23: 2600 | K23: =J23/I23 -> 433.33333 | L23: 6 | M23: =F23/V23*60 -> 2340.3123 | N23: =M23/L23 -> 390.05205 | O23: =L23-I23 -> 0 | P23: =N23-K23 -> -43.28128 | Q23: =N23/K23 -> 0.90012012 | S23: 0.31262731 | T23: 0.33263889 | U23: 5.1166667 | V23: 28.816667 | AA23: =M23-J23 -> -259.68768 | AB23: =M23/J23 -> 0.90012012
B38: 平均 | I38: =AVERAGE(I22:I37) -> 6 | J38: =AVERAGE(J22:J37) -> 2600 | K38: =J38/I38 -> 433.33333 | L38: =AVERAGE(L22:L37) -> 6 | M38: =AVERAGE(M22:M37) -> 2340.6349 | N38: =M38/L38 -> 390.10581 | O38: =L38-I38 -> 0 | P38: =N38-K38 -> -43.227519 | Q38: =N38/K38 -> 0.90024419 | S38: =S22 -> 0.29166667 | T38: =INDEX(T22:T37,COUNTA(T22:T37)) -> 0.33263889 | AA38: =M38-J38 -> -259.36512 | AB38: =M38/J38 -> 0.90024419
A39: (新) 3300型飯糰機 | B39: 18℃-飯糰 | C39: 一配鮭魚奶油醬油飯糰 | E39: 18.53 | F39: 3649 | G39: =E39*F39 -> 67615.97 | I39: 3 | J39: 3300 | K39: =J39/I39 -> 1100 | L39: 3 | M39: =F39/V39*60 -> 2971.3639 | N39: =M39/L39 -> 990.45465 | O39: =L39-I39 -> 0 | P39: =N39-K39 -> -109.54535 | Q39: =N39/K39 -> 0.90041332 | R39: =Q55 -> 0.90041332 | S39: 0.35438657 | T39: 0.40555556 | V39: 73.683333 | AA39: =M39-J39 -> -328.63606 | AB39: =M39/J39 -> 0.90041332 | AC39: =AB55 -> 0.90041332
B55: 平均 | I55: =AVERAGE(I39:I54) -> 3 | J55: =AVERAGE(J39:J54) -> 3300 | K55: =J55/I55 -> 1100 | L55: =AVERAGE(L39:L54) -> 3 | M55: =AVERAGE(M39:M54) -> 2971.3639 | N55: =M55/L55 -> 990.45465 | O55: =L55-I55 -> 0 | P55: =N55-K55 -> -109.54535 | Q55: =N55/K55 -> 0.90041332 | S55: =S39 -> 0.35438657 | T55: =INDEX(T39:T54,COUNTA(T39:T54)) -> 0.40555556 | AA55: =M55-J55 -> -328.63606 | AB55: =M55/J55 -> 0.90041332
A56: GKK3600型 飯糰機 | B56: 18℃-飯糰 | C56: 一配蔬食鮪魚飯糰 | E56: 18.18 | F56: 1350 | G56: =E56*F56 -> 24543 | I56: 3 | J56: 3600 | K56: =J56/I56 -> 1200 | L56: 3 | M56: =F56/V56*60 -> 3178.5481 | N56: =M56/L56 -> 1059.516 | O56: =L56-I56 -> 0 | P56: =N56-K56 -> -140.48398 | Q56: =N56/K56 -> 0.88293002 | R56: =Q72 -> 0.88734822 | S56: 0.25 | T56: 0.26769676 | V56: 25.483333 | AA56: =M56-J56 -> -421.45193 | AB56: =M56/J56 -> 0.88293002 | AC56: =AB72 -> 0.88734822
B57: 18℃-飯糰 | C57: 一配明太子龍蝦風味沙拉飯糰 | E57: 18.18 | F57: 2534 | G57: =E57*F57 -> 46068.12 | I57: 3 | J57: 3600 | K57: =J57/I57 -> 1200 | L57: 3 | M57: =F57/V57*60 -> 3175.2175 | N57: =M57/L57 -> 1058.4058 | O57: =L57-I57 -> 0 | P57: =N57-K57 -> -141.59415 | Q57: =N57/K57 -> 0.88200487 | S57: 0.2778588 | T57: 0.31111111 | U57: 14.633333 | V57: 47.883333 | AA57: =M57-J57 -> -424.78246 | AB57: =M57/J57 -> 0.88200487
B58: 18℃-飯糰 | C58: 一配壹號醬炙烤牛飯糰 | E58: 22.28 | F58: 1297 | G58: =E58*F58 -> 28897.16 | I58: 5 | J58: 3300 | K58: =J58/I58 -> 660 | L58: 5 | M58: =F58/V58*60 -> 2947.7273 | N58: =M58/L58 -> 589.54545 | O58: =L58-I58 -> 0 | P58: =N58-K58 -> -70.454545 | Q58: =N58/K58 -> 0.89325069 | S58: 0.32222222 | T58: 0.34055556 | U58: 16 | V58: 26.4 | AA58: =M58-J58 -> -352.27273 | AB58: =M58/J58 -> 0.89325069
B59: 18℃-飯糰 | C59: 一配經典肉鬆飯糰 | E59: 14.03 | F59: 5201 | G59: =E59*F59 -> 72970.03 | I59: 3 | J59: 3000 | K59: =J59/I59 -> 1000 | L59: 3 | M59: =F59/V59*60 -> 2699.0918 | N59: =M59/L59 -> 899.69728 | O59: =L59-I59 -> 0 | P59: =N59-K59 -> -100.30272 | Q59: =N59/K59 -> 0.89969728 | S59: 0.35096065 | T59: 0.43125 | U59: 14.983333 | V59: 115.61667 | AA59: =M59-J59 -> -300.90817 | AB59: =M59/J59 -> 0.89969728
B60: 18℃-飯糰 | C60: 一配鮪魚飯糰 | E60: 14.28 | F60: 7135 | G60: =E60*F60 -> 101887.8 | I60: 3 | J60: 3600 | K60: =J60/I60 -> 1200 | L60: 3 | M60: =F60/V60*60 -> 3173.0698 | N60: =M60/L60 -> 1057.6899 | O60: =L60-I60 -> 0 | P60: =N60-K60 -> -142.31007 | Q60: =N60/K60 -> 0.88140828 | S60: 0.44172454 | T60: 0.53541667 | U60: 15.083333 | V60: 134.91667 | AA60: =M60-J60 -> -426.9302 | AB60: =M60/J60 -> 0.88140828
B72: 平均 | I72: =AVERAGE(I56:I71) -> 3.4 | J72: =AVERAGE(J56:J71) -> 3420 | K72: =J72/I72 -> 1005.8824 | L72: =AVERAGE(L56:L71) -> 3.4 | M72: =AVERAGE(M56:M71) -> 3034.7309 | N72: =M72/L72 -> 892.56791 | O72: =L72-I72 -> 0 | P72: =N72-K72 -> -113.31444 | Q72: =N72/K72 -> 0.88734822 | S72: =S56 -> 0.25 | T72: =INDEX(T56:T71,COUNTA(T56:T71)) -> 0.53541667 | AA72: =M72-J72 -> -385.2691 | AB72: =M72/J72 -> 0.88734822
A73: GKK3600型 飯糰機2 | B73: 18℃-飯糰 | C73: 一配熟成紅鮭飯糰 | E73: 25.03 | F73: 1670 | G73: =E73*F73 -> 41800.1 | I73: 4 | J73: 3300 | K73: =J73/I73 -> 825 | L73: 4 | M73: =F73/V73*60 -> 2941.2916 | N73: =M73/L73 -> 735.3229 | O73: =L73-I73 -> 0 | P73: =N73-K73 -> -89.677104 | Q73: =N73/K73 -> 0.89130048 | R73: =Q89 -> 0.88859425 | S73: 0.25 | T73: 0.27365741 | V73: 34.066667 | AA73: =M73-J73 -> -358.70841 | AB73: =M73/J73 -> 0.89130048 | AC73: =AB89 -> 0.88859425
B74: 18℃-飯糰 | C74: 一配北海道秋鮭親子飯糰 | E74: 24.82 | F74: 2040 | G74: =E74*F74 -> 50632.8 | I74: 4 | J74: 3300 | K74: =J74/I74 -> 825 | L74: 4 | M74: =F74/V74*60 -> 2941.1294 | N74: =M74/L74 -> 735.28234 | O74: =L74-I74 -> 0 | P74: =N74-K74 -> -89.717661 | Q74: =N74/K74 -> 0.89125132 | S74: 0.28429398 | T74: 0.31319444 | U74: 15.316667 | V74: 41.616667 | AA74: =M74-J74 -> -358.87064 | AB74: =M74/J74 -> 0.89125132
B75: 18℃-飯糰 | C75: 一配鹽蔥燒肉飯糰 | E75: 17.89 | F75: 3399 | G75: =E75*F75 -> 60808.11 | I75: 4 | J75: 3600 | K75: =J75/I75 -> 900 | L75: 4 | M75: =F75/V75*60 -> 3172.5175 | N75: =M75/L75 -> 793.12938 | O75: =L75-I75 -> 0 | P75: =N75-K75 -> -106.87062 | Q75: =N75/K75 -> 0.88125486 | S75: 0.32430556 | T75: 0.36894676 | U75: 16 | V75: 64.283333 | AA75: =M75-J75 -> -427.4825 | AB75: =M75/J75 -> 0.88125486
B76: 18℃-飯糰 | C76: 一配贅沢鮭魚肚飯糰 | E76: 30 | F76: 3388 | G76: =E76*F76 -> 101640 | I76: 3 | J76: 3000 | K76: =J76/I76 -> 1000 | L76: 3 | M76: =F76/V76*60 -> 2700.1992 | N76: =M76/L76 -> 900.06642 | O76: =L76-I76 -> 0 | P76: =N76-K76 -> -99.933584 | Q76: =N76/K76 -> 0.90006642 | S76: 0.37916667 | T76: 0.43144676 | U76: 14.716667 | V76: 75.283333 | AA76: =M76-J76 -> -299.80075 | AB76: =M76/J76 -> 0.90006642
B77: 18℃-飯糰 | C77: 一配雞肉飯飯糰 | E77: 16.66 | F77: 5904 | G77: =E77*F77 -> 98360.64 | I77: 5 | J77: 3600 | K77: =J77/I77 -> 720 | L77: 5 | M77: =F77/V77*60 -> 3173.2457 | N77: =M77/L77 -> 634.64915 | O77: =L77-I77 -> 0 | P77: =N77-K77 -> -85.350851 | Q77: =N77/K77 -> 0.88145715 | S77: 0.4419213 | T77: 0.51944444 | U77: 15.083333 | V77: 111.63333 | AA77: =M77-J77 -> -426.75426 | AB77: =M77/J77 -> 0.88145715
B89: 平均 | I89: =AVERAGE(I73:I88) -> 4 | J89: =AVERAGE(J73:J88) -> 3360 | K89: =J89/I89 -> 840 | L89: =AVERAGE(L73:L88) -> 4 | M89: =AVERAGE(M73:M88) -> 2985.6767 | N89: =M89/L89 -> 746.41917 | O89: =L89-I89 -> 0 | P89: =N89-K89 -> -93.580828 | Q89: =N89/K89 -> 0.88859425 | S89: =S73 -> 0.25 | T89: =INDEX(T73:T88,COUNTA(T73:T88)) -> 0.51944444 | AA89: =M89-J89 -> -374.32331 | AB89: =M89/J89 -> 0.88859425
A90: 自動包裝機 (二配) | B90: 18℃-壽司手卷 | C90: 二配長野稻荷壽司 | E90: 25.64 | F90: 1469 | G90: =E90*F90 -> 37665.16 | I90: 11 | J90: 3600 | K90: =J90/I90 -> 327.27273 | L90: 11 | M90: =F90/V90*60 -> 3183.8651 | N90: =M90/L90 -> 289.44229 | O90: =L90-I90 -> 0 | P90: =N90-K90 -> -37.830442 | Q90: =N90/K90 -> 0.88440698 | R90: =Q106 -> 0.87360434 | S90: 0.70855324 | T90: 0.72777778 | V90: 27.683333 | AA90: =M90-J90 -> -416.13486 | AB90: =M90/J90 -> 0.88440698 | AC90: =AB106 -> 0.87360434
B91: 18℃-壽司手卷 | C91: 二配雙饗雙手卷 | E91: 29.52 | F91: 1974 | G91: =E91*F91 -> 58272.48 | I91: 12 | J91: 3600 | K91: =J91/I91 -> 300 | L91: 12 | M91: =F91/V91*60 -> 3147.2099 | N91: =M91/L91 -> 262.26749 | O91: =L91-I91 -> 0 | P91: =N91-K91 -> -37.732507 | Q91: =N91/K91 -> 0.87422498 | S91: 0.73150463 | T91: 0.75763889 | U91: 5.3666667 | V91: 37.633333 | AA91: =M91-J91 -> -452.79008 | AB91: =M91/J91 -> 0.87422498
B92: 18℃-壽司手卷 | C92: 二配海饌雙手卷 | E92: 29.85 | F92: 2089 | G92: =E92*F92 -> 62356.65 | I92: 12 | J92: 3600 | K92: =J92/I92 -> 300 | L92: 12 | M92: =F92/V92*60 -> 3145.2949 | N92: =M92/L92 -> 262.1079 | O92: =L92-I92 -> 0 | P92: =N92-K92 -> -37.892095 | Q92: =N92/K92 -> 0.87369302 | S92: 0.76121528 | T92: 0.78888889 | U92: 5.15 | V92: 39.85 | AA92: =M92-J92 -> -454.70514 | AB92: =M92/J92 -> 0.87369302
B93: 18℃-飯糰 | C93: 二配兩粒飯糰(鮪魚.焦糖鮭魚) | E93: 28.57 | F93: 1550 | G93: =E93*F93 -> 44283.5 | I93: 12 | J93: 3600 | K93: =J93/I93 -> 300 | L93: 12 | M93: =F93/V93*60 -> 3124.3001 | N93: =M93/L93 -> 260.35834 | O93: =L93-I93 -> 0 | P93: =N93-K93 -> -39.641657 | Q93: =N93/K93 -> 0.86786114 | S93: 0.79252315 | T93: 0.81319444 | U93: 5.2333333 | V93: 29.766667 | AA93: =M93-J93 -> -475.69989 | AB93: =M93/J93 -> 0.86786114
B94: 18℃-飯糰 | C94: 二配鮮蝦旬彩炊飯飯糰 | E94: 20.17 | F94: 1254 | G94: =E94*F94 -> 25293.18 | I94: 12 | J94: 3600 | K94: =J94/I94 -> 300 | L94: 12 | M94: =F94/V94*60 -> 3250.108 | N94: =M94/L94 -> 270.84233 | O94: =L94-I94 -> 0 | P94: =N94-K94 -> -29.157667 | Q94: =N94/K94 -> 0.90280778 | S94: 0.81666667 | T94: 0.83274306 | U94: 5 | V94: 23.15 | AA94: =M94-J94 -> -349.89201 | AB94: =M94/J94 -> 0.90280778
B95: 18℃-飯糰 | C95: 二配溏心蛋五目飯糰 | E95: 20.42 | F95: 4537 | G95: =E95*F95 -> 92645.54 | I95: 13 | J95: 3600 | K95: =J95/I95 -> 276.92308 | L95: 13 | M95: =F95/V95*60 -> 3019.0758 | N95: =M95/L95 -> 232.2366 | O95: =L95-I95 -> 0 | P95: =N95-K95 -> -44.686478 | Q95: =N95/K95 -> 0.83863216 | S95: 0.83680556 | T95: 0.8994213 | U95: 5.85 | V95: 90.166667 | AA95: =M95-J95 -> -580.92421 | AB95: =M95/J95 -> 0.83863216
B106: 平均 | I106: =AVERAGE(I90:I105) -> 12 | J106: =AVERAGE(J90:J105) -> 3600 | K106: =J106/I106 -> 300 | L106: =AVERAGE(L90:L105) -> 12 | M106: =AVERAGE(M90:M105) -> 3144.9756 | N106: =M106/L106 -> 262.0813 | O106: =L106-I106 -> 0 | P106: =N106-K106 -> -37.918697 | Q106: =N106/K106 -> 0.87360434 | S106: =S90 -> 0.70855324 | T106: =INDEX(T90:T105,COUNTA(T90:T105)) -> 0.8994213 | AA106: =M106-J106 -> -455.02437 | AB106: =M106/J106 -> 0.87360434
A107: (新) 3300型飯糰機 (二配) | B107: 18℃-飯糰 | C107: 二配油蔥G絲飯糰 | E107: 18.18 | F107: 879 | G107: =E107*F107 -> 15980.22 | I107: 4 | J107: 3300 | K107: =J107/I107 -> 825 | L107: 4 | M107: =F107/V107*60 -> 2971.2676 | N107: =M107/L107 -> 742.8169 | O107: =L107-I107 -> 0 | P107: =N107-K107 -> -82.183099 | Q107: =N107/K107 -> 0.90038412 | R107: =Q123 -> 0.89589814 | S107: 0.70850694 | T107: 0.72083333 | V107: 17.75 | AA107: =M107-J107 -> -328.73239 | AB107: =M107/J107 -> 0.90038412 | AC107: =AB123 -> 0.89589814
B108: 18℃-飯糰 | C108: 二配大飯糰鮪魚昆布 | E108: 22.21 | F108: 1937 | G108: =E108*F108 -> 43020.77 | I108: 4 | J108: 3000 | K108: =J108/I108 -> 750 | L108: 4 | M108: =F108/V108*60 -> 2683.0319 | N108: =M108/L108 -> 670.75798 | O108: =L108-I108 -> 0 | P108: =N108-K108 -> -79.242016 | Q108: =N108/K108 -> 0.89434398 | S108: 0.72430556 | T108: 0.75438657 | U108: 5 | V108: 43.316667 | AA108: =M108-J108 -> -316.96806 | AB108: =M108/J108 -> 0.89434398
B109: 18℃-飯糰 | C109: 二配大飯糰滷肉飯加蛋 | E109: 22.48 | F109: 1190 | G109: =E109*F109 -> 26751.2 | I109: 5 | J109: 3000 | K109: =J109/I109 -> 600 | L109: 5 | M109: =F109/V109*60 -> 2682.5297 | N109: =M109/L109 -> 536.50595 | O109: =L109-I109 -> 0 | P109: =N109-K109 -> -63.494051 | Q109: =N109/K109 -> 0.89417658 | S109: 0.75859954 | T109: 0.77708333 | U109: 6.0666667 | V109: 26.616667 | AA109: =M109-J109 -> -317.47026 | AB109: =M109/J109 -> 0.89417658
B110: 18℃-飯糰 | C110: 二配大飯糰韓式蒜烤豬五花 | E110: 24.54 | F110: 2018 | G110: =E110*F110 -> 49521.72 | I110: 4 | J110: 3000 | K110: =J110/I110 -> 750 | L110: 4 | M110: =F110/V110*60 -> 2682.7179 | N110: =M110/L110 -> 670.67947 | O110: =L110-I110 -> 0 | P110: =N110-K110 -> -79.320532 | Q110: =N110/K110 -> 0.89423929 | S110: 0.78055556 | T110: 0.81189815 | U110: 5 | V110: 45.133333 | AA110: =M110-J110 -> -317.28213 | AB110: =M110/J110 -> 0.89423929
B123: 平均 | I123: =AVERAGE(I107:I122) -> 4.25 | J123: =AVERAGE(J107:J122) -> 3075 | K123: =J123/I123 -> 723.52941 | L123: =AVERAGE(L107:L122) -> 4.25 | M123: =AVERAGE(M107:M122) -> 2754.8868 | N123: =M123/L123 -> 648.20866 | O123: =L123-I123 -> 0 | P123: =N123-K123 -> -75.320755 | Q123: =N123/K123 -> 0.89589814 | S123: =S107 -> 0.70850694 | T123: =INDEX(T107:T122,COUNTA(T107:T122)) -> 0.81189815 | AA123: =M123-J123 -> -320.11321 | AB123: =M123/J123 -> 0.89589814
A124: GKK3600型 飯糰機 (二配) | B124: 18℃-飯糰 | C124: 二配芝麻香鬆飯糰 | E124: 18.18 | F124: 691 | G124: =E124*F124 -> 12562.38 | H124: 2 | I124: 4 | J124: 3000 | K124: =J124/I124 -> 750 | L124: 4 | M124: =F124/V124*60 -> 2700.9772 | N124: =M124/L124 -> 675.2443 | O124: =L124-I124 -> 0 | P124: =N124-K124 -> -74.7557 | Q124: =N124/K124 -> 0.90032573 | R124: =Q140 -> 0.88957806 | S124: 0.70833333 | T124: 0.71899306 | V124: 15.35 | AA124: =M124-J124 -> -299.0228 | AB124: =M124/J124 -> 0.90032573 | AC124: =AB140 -> 0.88957806
B125: 18℃-飯糰 | C125: 二配經典肉鬆飯糰 | E125: 14.03 | F125: 2296 | G125: =E125*F125 -> 32212.88 | H125: 2 | I125: 3 | J125: 3000 | K125: =J125/I125 -> 1000 | L125: 3 | M125: =F125/V125*60 -> 2699.4121 | N125: =M125/L125 -> 899.80405 | O125: =L125-I125 -> 0 | P125: =N125-K125 -> -100.19595 | Q125: =N125/K125 -> 0.89980405 | S125: 0.72916667 | T125: 0.76460648 | U125: 14.65 | V125: 51.033333 | AA125: =M125-J125 -> -300.58785 | AB125: =M125/J125 -> 0.89980405
B126: 18℃-飯糰 | C126: 二配蔬食鮪魚飯糰 | E126: 18.18 | F126: 1383 | G126: =E126*F126 -> 25142.94 | I126: 3 | J126: 3600 | K126: =J126/I126 -> 1200 | L126: 3 | M126: =F126/V126*60 -> 3175.2551 | N126: =M126/L126 -> 1058.4184 | O126: =L126-I126 -> 0 | P126: =N126-K126 -> -141.58163 | Q126: =N126/K126 -> 0.88201531 | S126: 0.775 | T126: 0.79314815 | U126: 14.966667 | V126: 26.133333 | AA126: =M126-J126 -> -424.7449 | AB126: =M126/J126 -> 0.88201531
B127: 18℃-飯糰 | C127: 二配三杯醬爆菇菇飯糰 | E127: 16.7 | F127: 476 | G127: =E127*F127 -> 7949.2 | H127: 2 | I127: 3 | J127: 3600 | K127: =J127/I127 -> 1200 | L127: 3 | M127: =F127/V127*60 -> 3179.2208 | N127: =M127/L127 -> 1059.7403 | O127: =L127-I127 -> 0 | P127: =N127-K127 -> -140.25974 | Q127: =N127/K127 -> 0.88311688 | S127: 0.8034838 | T127: 0.80972222 | U127: 14.883333 | V127: 8.9833333 | AA127: =M127-J127 -> -420.77922 | AB127: =M127/J127 -> 0.88311688
B128: 18℃-飯糰 | C128: 二配鮪魚飯糰 | E128: 14.28 | F128: 2909 | G128: =E128*F128 -> 41540.52 | H128: 2 | I128: 3 | J128: 3600 | K128: =J128/I128 -> 1200 | L128: 3 | M128: =F128/V128*60 -> 3175.379 | N128: =M128/L128 -> 1058.4597 | O128: =L128-I128 -> 0 | P128: =N128-K128 -> -141.54033 | Q128: =N128/K128 -> 0.88204973 | S128: 0.82085648 | T128: 0.85902778 | U128: 16.033333 | V128: 54.966667 | W128: 0.85902778 | X128: 0.91111111 | AA128: =M128-J128 -> -424.62098 | AB128: =M128/J128 -> 0.88204973
B129: 18℃-飯糰 | C129: 二配芝麻香鬆飯糰 | E129: 18.18 | F129: 1276 | G129: =E129*F129 -> 23197.68 | I129: 4 | J129: 3000 | K129: =J129/I129 -> 750 | L129: 4 | M129: =F129/V129*60 -> 2700.5291 | N129: =M129/L129 -> 675.13228 | O129: =L129-I129 -> 0 | P129: =N129-K129 -> -74.867725 | Q129: =N129/K129 -> 0.90017637 | S129: 0.91111111 | T129: 0.93079861 | U129: 75 | V129: 28.35 | AA129: =M129-J129 -> -299.4709 | AB129: =M129/J129 -> 0.90017637
B130: 18℃-飯糰 | C130: 二配三杯醬爆菇菇飯糰 | E130: 16.7 | F130: 1035 | G130: =E130*F130 -> 17284.5 | I130: 3 | J130: 3600 | K130: =J130/I130 -> 1200 | L130: 3 | M130: =F130/V130*60 -> 3176.4706 | N130: =M130/L130 -> 1058.8235 | O130: =L130-I130 -> 0 | P130: =N130-K130 -> -141.17647 | Q130: =N130/K130 -> 0.88235294 | S130: 0.94128472 | T130: 0.95486111 | U130: 15.1 | V130: 19.55 | AA130: =M130-J130 -> -423.52941 | AB130: =M130/J130 -> 0.88235294
B131: 18℃-飯糰 | C131: 二配壹號醬炙烤牛飯糰 | E131: 22.28 | F131: 1361 | G131: =E131*F131 -> 30323.08 | I131: 5 | J131: 3300 | K131: =J131/I131 -> 660 | L131: 5 | M131: =F131/V131*60 -> 2940.9364 | N131: =M131/L131 -> 588.18727 | O131: =L131-I131 -> 0 | P131: =N131-K131 -> -71.812725 | Q131: =N131/K131 -> 0.89119284 | S131: 0.96543981 | T131: 0.98472222 | U131: 15.233333 | V131: 27.766667 | AA131: =M131-J131 -> -359.06363 | AB131: =M131/J131 -> 0.89119284
B132: 18℃-飯糰 | C132: 二配經典肉鬆飯糰 | E132: 14.03 | F132: 5780 | G132: =E132*F132 -> 81093.4 | I132: 3 | J132: 3000 | K132: =J132/I132 -> 1000 | L132: 3 | M132: =F132/V132*60 -> 2699.533 | N132: =M132/L132 -> 899.84432 | O132: =L132-I132 -> 0 | P132: =N132-K132 -> -100.15568 | Q132: =N132/K132 -> 0.89984432 | S132: 0.99513889 | T132: 1.0843519 | U132: 15 | V132: 128.46667 | AA132: =M132-J132 -> -300.46705 | AB132: =M132/J132 -> 0.89984432
B133: 18℃-飯糰 | C133: 二配鮪魚飯糰 | E133: 14.28 | F133: 7565 | G133: =E133*F133 -> 108028.2 | I133: 3 | J133: 3600 | K133: =J133/I133 -> 1200 | L133: 3 | M133: =F133/V133*60 -> 3175.2361 | N133: =M133/L133 -> 1058.412 | O133: =L133-I133 -> 0 | P133: =N133-K133 -> -141.58797 | Q133: =N133/K133 -> 0.88201003 | S133: 1.0944792 | T133: 1.19375 | U133: 14.583333 | V133: 142.95 | AA133: =M133-J133 -> -424.7639 | AB133: =M133/J133 -> 0.88201003
B140: 平均 | I140: =AVERAGE(I124:I139) -> 3.4 | J140: =AVERAGE(J124:J139) -> 3330 | K140: =J140/I140 -> 979.41176 | L140: =AVERAGE(L124:L139) -> 3.4 | M140: =AVERAGE(M124:M139) -> 2962.2949 | N140: =M140/L140 -> 871.26322 | O140: =L140-I140 -> 0 | P140: =N140-K140 -> -108.14855 | Q140: =N140/K140 -> 0.88957806 | S140: =S124 -> 0.70833333 | T140: =INDEX(T124:T139,COUNTA(T124:T139)) -> 1.19375 | AA140: =M140-J140 -> -367.70506 | AB140: =M140/J140 -> 0.88957806
A141: GKK3600型 飯糰機2 (二配) | B141: 18℃-飯糰 | C141: 二配壹號醬炙烤牛飯糰 | E141: 22.28 | F141: 497 | G141: =E141*F141 -> 11073.16 | H141: 2 | I141: 5 | J141: 3300 | K141: =J141/I141 -> 660 | L141: 5 | M141: =F141/V141*60 -> 2942.7632 | N141: =M141/L141 -> 588.55263 | O141: =L141-I141 -> 0 | P141: =N141-K141 -> -71.447368 | Q141: =N141/K141 -> 0.89174641 | R141: =Q157 -> 0.8864354 | S141: 0.70833333 | T141: 0.71537037 | V141: 10.133333 | AA141: =M141-J141 -> -357.23684 | AB141: =M141/J141 -> 0.89174641 | AC141: =AB157 -> 0.8864354
B142: 18℃-飯糰 | C142: 二配明太子龍蝦風味沙拉飯糰 | E142: 18.18 | F142: 1059 | G142: =E142*F142 -> 19252.62 | H142: 2 | I142: 3 | J142: 3600 | K142: =J142/I142 -> 1200 | L142: 3 | M142: =F142/V142*60 -> 3177 | N142: =M142/L142 -> 1059 | O142: =L142-I142 -> 0 | P142: =N142-K142 -> -141 | Q142: =N142/K142 -> 0.8825 | S142: 0.72569444 | T142: 0.73958333 | U142: 14.866667 | V142: 20 | AA142: =M142-J142 -> -423 | AB142: =M142/J142 -> 0.8825
B143: 18℃-飯糰 | C143: 二配北海道秋鮭親子飯糰 | E143: 24.82 | F143: 885 | G143: =E143*F143 -> 21965.7 | H143: 2 | I143: 4 | J143: 3300 | K143: =J143/I143 -> 825 | L143: 4 | M143: =F143/V143*60 -> 2944.5471 | N143: =M143/L143 -> 736.13678 | O143: =L143-I143 -> 0 | P143: =N143-K143 -> -88.863216 | Q143: =N143/K143 -> 0.89228701 | S143: 0.75 | T143: 0.76252315 | U143: 15 | V143: 18.033333 | AA143: =M143-J143 -> -355.45287 | AB143: =M143/J143 -> 0.89228701
B144: 18℃-飯糰 | C144: 二配熟成紅鮭飯糰 | E144: 25.03 | F144: 713 | G144: =E144*F144 -> 17846.39 | H144: 2 | I144: 4 | J144: 3300 | K144: =J144/I144 -> 825 | L144: 4 | M144: =F144/V144*60 -> 2943.578 | N144: =M144/L144 -> 735.8945 | O144: =L144-I144 -> 0 | P144: =N144-K144 -> -89.105505 | Q144: =N144/K144 -> 0.89199333 | S144: 0.77324074 | T144: 0.78333333 | U144: 15.433333 | V144: 14.533333 | AA144: =M144-J144 -> -356.42202 | AB144: =M144/J144 -> 0.89199333
B145: 18℃-飯糰 | C145: 二配鹽蔥燒肉飯糰 | E145: 17.89 | F145: 1644 | G145: =E145*F145 -> 29411.16 | H145: 2 | I145: 4 | J145: 3600 | K145: =J145/I145 -> 900 | L145: 4 | M145: =F145/V145*60 -> 3176.8116 | N145: =M145/L145 -> 794.2029 | O145: =L145-I145 -> 0 | P145: =N145-K145 -> -105.7971 | Q145: =N145/K145 -> 0.88244767 | S145: 0.79375 | T145: 0.8153125 | U145: 15 | V145: 31.05 | AA145: =M145-J145 -> -423.18841 | AB145: =M145/J145 -> 0.88244767
B146: 18℃-飯糰 | C146: 二配雞肉飯飯糰 | E146: 16.66 | F146: 2498 | G146: =E146*F146 -> 41616.68 | H146: 2 | I146: 5 | J146: 3600 | K146: =J146/I146 -> 720 | L146: 5 | M146: =F146/V146*60 -> 3173.1828 | N146: =M146/L146 -> 634.63656 | O146: =L146-I146 -> 0 | P146: =N146-K146 -> -85.363444 | Q146: =N146/K146 -> 0.88143966 | S146: 0.82569444 | T146: 0.85849537 | U146: 14.95 | V146: 47.233333 | W146: 0.85849537 | X146: 0.91111111 | AA146: =M146-J146 -> -426.81722 | AB146: =M146/J146 -> 0.88143966
B147: 18℃-飯糰 | C147: 二配明太子龍蝦風味沙拉飯糰 | E147: 18.18 | F147: 2668 | G147: =E147*F147 -> 48504.24 | I147: 3 | J147: 3600 | K147: =J147/I147 -> 1200 | L147: 3 | M147: =F147/V147*60 -> 3177.2412 | N147: =M147/L147 -> 1059.0804 | O147: =L147-I147 -> 0 | P147: =N147-K147 -> -140.91962 | Q147: =N147/K147 -> 0.88256699 | S147: 0.91111111 | T147: 0.94609954 | U147: 75.766667 | V147: 50.383333 | AA147: =M147-J147 -> -422.75885 | AB147: =M147/J147 -> 0.88256699
B148: 18℃-飯糰 | C148: 二配北海道秋鮭親子飯糰 | E148: 24.82 | F148: 1983 | G148: =E148*F148 -> 49218.06 | I148: 4 | J148: 3300 | K148: =J148/I148 -> 825 | L148: 4 | M148: =F148/V148*60 -> 2945.0495 | N148: =M148/L148 -> 736.26238 | O148: =L148-I148 -> 0 | P148: =N148-K148 -> -88.737624 | Q148: =N148/K148 -> 0.89243924 | S148: 0.95625 | T148: 0.98430556 | U148: 14.616667 | V148: 40.4 | AA148: =M148-J148 -> -354.9505 | AB148: =M148/J148 -> 0.89243924
B149: 18℃-飯糰 | C149: 二配熟成紅鮭飯糰 | E149: 25.03 | F149: 1444 | G149: =E149*F149 -> 36143.32 | I149: 4 | J149: 3300 | K149: =J149/I149 -> 825 | L149: 4 | M149: =F149/V149*60 -> 2943.6014 | N149: =M149/L149 -> 735.90034 | O149: =L149-I149 -> 0 | P149: =N149-K149 -> -89.09966 | Q149: =N149/K149 -> 0.89200041 | S149: 0.99444444 | T149: 1.0148843 | U149: 14.6 | V149: 29.433333 | AA149: =M149-J149 -> -356.39864 | AB149: =M149/J149 -> 0.89200041
B150: 18℃-飯糰 | C150: 二配鹽蔥燒肉飯糰 | E150: 17.89 | F150: 4178 | G150: =E150*F150 -> 74744.42 | I150: 4 | J150: 3600 | K150: =J150/I150 -> 900 | L150: 4 | M150: =F150/V150*60 -> 3176.5153 | N150: =M150/L150 -> 794.12883 | O150: =L150-I150 -> 0 | P150: =N150-K150 -> -105.87117 | Q150: =N150/K150 -> 0.88236536 | S150: 1.0250579 | T150: 1.0798611 | U150: 14.65 | V150: 78.916667 | AA150: =M150-J150 -> -423.48469 | AB150: =M150/J150 -> 0.88236536
B151: 18℃-飯糰 | C151: 二配雞肉飯飯糰 | E151: 16.66 | F151: 6166 | G151: =E151*F151 -> 102725.56 | I151: 5 | J151: 3600 | K151: =J151/I151 -> 720 | L151: 5 | M151: =F151/V151*60 -> 3172.8988 | N151: =M151/L151 -> 634.57976 | O151: =L151-I151 -> 0 | P151: =N151-K151 -> -85.42024 | Q151: =N151/K151 -> 0.88136078 | S151: 1.09125 | T151: 1.1722222 | U151: 16.4 | V151: 116.6 | AA151: =M151-J151 -> -427.1012 | AB151: =M151/J151 -> 0.88136078
B157: 平均 | I157: =AVERAGE(I141:I156) -> 4.0909091 | J157: =AVERAGE(J141:J156) -> 3463.6364 | K157: =J157/I157 -> 846.66667 | L157: =AVERAGE(L141:L156) -> 4.0909091 | M157: =AVERAGE(M141:M156) -> 3070.2899 | N157: =M157/L157 -> 750.51531 | O157: =L157-I157 -> 0 | P157: =N157-K157 -> -96.151361 | Q157: =N157/K157 -> 0.8864354 | S157: =S141 -> 0.70833333 | T157: =INDEX(T141:T156,COUNTA(T141:T156)) -> 1.1722222 | AA157: =M157-J157 -> -393.34647 | AB157: =M157/J157 -> 0.8864354
Y159: 原因回覆
Y160: 1.當日出勤人數較多
Y161: 2.當日出勤人數較少
Y162: 3.當日出勤熟手較多
Y163: 4.當日出勤新人較多
Y164: 5.機台夾盒
Y165: 6.封膜不順
Y166: 7.更換膠膜
Y167: 8.更換碳帶
Y168: 9.當日熱轉印碳帶異常
Y169: 10.訂單量過少
Y170: 11.新品上市，尚未熟悉
Y171: 12.活動期間品項需貼標

Sheet 0331(4度C)
A1: 大溪廠日報分析 | C1: 總生產量 | D1: =SUM(F5:F123) -> 60225 | E1: 營業額 | F1: =SUM(G5:G123) -> 3253242.6 | G1: 出勤人數 | H1: =L21+L38+L55+L72+L89+L106+L123 -> 143.15 | I1: 產線配置圖 | L1: 生產實績 | O1: 人時性差異分析 | S1: 日報登錄 | Y1: 合計次數 | Z1: 合計(時間/分) | AA1: 產線異常 分析說明(5分鐘以上) | AC1: 合計次數 | AD1: 合計(時間/分) | AE1: 產能差異分析
A2: 46112 | C2: 人時性 | D2: =AVERAGE(N21,N38,N55,N72,N89,N106,N123) -> 103.06964 | E2: 平均廠價 | F2: =F1/D1 -> 54.018142 | G2: 多次生產數 | H2: =COUNT(H5:H123) -> 0 | Y2: =SUM(Y21,Y38,Y55,Y72,Y89,Y106,Y123) -> 0 | Z2: =SUM(Z21,Z38,Z55,Z72,Z89,Z106,Z123) -> 0 | AC2: =SUM(AC21,AC38,AC55,AC72,AC89,AC106,AC123) -> 0 | AD2: =SUM(AD21,AD38,AD55,AD72,AD89,AD106,AD123) -> 0
A3: 線別 | B3: 品類 | C3: 品名 | E3: 廠價 | F3: 生產量 | G3: 營收 | H3: 多次 生產 | I3: 人數 | J3: 產能/時 | K3: 人時性 | L3: 人數 | M3: 產能/時 | N3: 人時性 | O3: 人數 | P3: 人時性 | Q3: 達成率 | R3: 達成率 平均 | S3: 生產時間 | U3: 換線、休息/分 | V3: 稼動時間/分 | W3: 休息時間 | Y3: 產線異常統計(5分鐘以上) | AA3: (屏榮回填) | AC3: 短暫停線統計(5分鐘以下) | AE3: 產能/時 | AF3: 達成率 | AG3: 達成率平均
S4: 開始 | T4: 結束 | W4: 開始 | X4: 結束 | Y4: 次數 | Z4: 時間/分 | AC4: 總次數 | AD4: 設備因素(次數)
A5: 便當二線 | B5: 微波主食 | C5: 糖燻野郎三十天熟成牛飯 | E5: 56.77 | F5: 3703 | G5: =E5*F5 -> 210219.31 | I5: 24 | J5: 2000 | K5: =J5/I5 -> 83.333333 | L5: 24 | M5: =F5/V5*60 -> 1785.2953 | N5: =M5/L5 -> 74.387304 | O5: =L5-I5 -> 0 | P5: =N5-K5 -> -8.9460292 | Q5: =N5/K5 -> 0.89264765 | R5: =Q21 -> 0.89321253 | S5: 0.25 | T5: 0.33642361 | V5: 124.45 | AE5: =M5-J5 -> -214.7047 | AF5: =M5/J5 -> 0.89264765 | AG5: =AF21 -> 0.89321253
B6: 便當 | C6: 健身G肉餐盒 | E6: 59.52 | F6: 6208 | G6: =E6*F6 -> 369500.16 | I6: 24 | J6: 2000 | K6: =J6/I6 -> 83.333333 | L6: 24 | M6: =F6/V6*60 -> 1786.0465 | N6: =M6/L6 -> 74.418605 | O6: =L6-I6 -> 0 | P6: =N6-K6 -> -8.9147287 | Q6: =N6/K6 -> 0.89302326 | S6: 0.33989583 | T6: 0.48472222 | U6: 5 | V6: 208.55 | W6: 0.48472222 | X6: 0.52361111 | AE6: =M6-J6 -> -213.95349 | AF6: =M6/J6 -> 0.89302326
B7: 便當 | C7: 嫩烤香料雞胸排蔬滿盒 | E7: 77.34 | F7: 2593 | G7: =E7*F7 -> 200542.62 | I7: 23 | J7: 2000 | K7: =J7/I7 -> 86.956522 | L7: 23 | M7: =F7/V7*60 -> 1787.9333 | N7: =M7/L7 -> 77.736232 | O7: =L7-I7 -> 0 | P7: =N7-K7 -> -9.2202893 | Q7: =N7/K7 -> 0.89396667 | S7: 0.52361111 | T7: 0.58403935 | U7: 56 | V7: 87.016667 | AE7: =M7-J7 -> -212.06665 | AF7: =M7/J7 -> 0.89396667
B21: 平均 | I21: =AVERAGE(I5:I20) -> 23.666667 | J21: =AVERAGE(J5:J20) -> 2000 | K21: =J21/I21 -> 84.507042 | L21: =AVERAGE(L5:L20) -> 23.666667 | M21: =AVERAGE(M5:M20) -> 1786.4251 | N21: =M21/L21 -> 75.482749 | O21: =L21-I21 -> 0 | P21: =N21-K21 -> -9.0242936 | Q21: =N21/K21 -> 0.89321253 | S21: =S5 -> 0.25 | T21: =INDEX(T5:T20,COUNTA(T5:T20)) -> 0.58403935 | Y21: =SUM(Y5:Y20) -> 0 | Z21: =SUM(Z5:Z20) -> 0 | AC21: =SUM(AC5:AC20) -> 0 | AD21: =SUM(AD5:AD20) -> 0 | AE21: =M21-J21 -> -213.57495 | AF21: =M21/J21 -> 0.89321253
A22: 涼麵一線 | B22: 便當 | C22: 香腸腿排雙拼便當 | E22: 53.76 | F22: 3308 | G22: =E22*F22 -> 177838.08 | I22: 20 | J22: 2000 | K22: =J22/I22 -> 100 | L22: 20 | M22: =F22/V22*60 -> 1786.4986 | N22: =M22/L22 -> 89.324932 | O22: =L22-I22 -> 0 | P22: =N22-K22 -> -10.675068 | Q22: =N22/K22 -> 0.89324932 | R22: =Q38 -> 0.88272219 | S22: 0.25 | T22: 0.32715278 | V22: 111.1 | AE22: =M22-J22 -> -213.50135 | AF22: =M22/J22 -> 0.89324932 | AG22: =AF38 -> 0.8929864
B23: 便當 | C23: 經典滷肉飯 | E23: 47.37 | F23: 1905 | G23: =E23*F23 -> 90239.85 | I23: 21 | J23: 2000 | K23: =J23/I23 -> 95.238095 | L23: 22 | M23: =F23/V23*60 -> 1785.4725 | N23: =M23/L23 -> 81.157842 | O23: =L23-I23 -> 1 | P23: =N23-K23 -> -14.080253 | Q23: =N23/K23 -> 0.85215735 | S23: 0.33055556 | T23: 0.37501157 | U23: 4.9 | V23: 64.016667 | AE23: =M23-J23 -> -214.52747 | AF23: =M23/J23 -> 0.89273627
B24: 便當 | C24: 蔬活腿排補力餐盒 | E24: 71.55 | F24: 2707 | G24: =E24*F24 -> 193685.85 | I24: 22 | J24: 2000 | K24: =J24/I24 -> 90.909091 | L24: 22 | M24: =F24/V24*60 -> 1786.4711 | N24: =M24/L24 -> 81.203233 | O24: =L24-I24 -> 0 | P24: =N24-K24 -> -9.7058578 | Q24: =N24/K24 -> 0.89323556 | S24: 0.37922454 | T24: 0.44236111 | U24: 6.0666667 | V24: 90.916667 | W24: 0.44236111 | X24: 0.48158565 | AE24: =M24-J24 -> -213.52887 | AF24: =M24/J24 -> 0.89323556
B25: 便當 | C25: 海陸雙拼肉肉餐盒 | E25: 59.54 | F25: 3497 | G25: =E25*F25 -> 208211.38 | I25: 23 | J25: 2000 | K25: =J25/I25 -> 86.956522 | L25: 23 | M25: =F25/V25*60 -> 1785.4489 | N25: =M25/L25 -> 77.628212 | O25: =L25-I25 -> 0 | P25: =N25-K25 -> -9.3283099 | Q25: =N25/K25 -> 0.89272444 | S25: 0.48158565 | T25: 0.56319444 | U25: 56.483333 | V25: 117.51667 | AE25: =M25-J25 -> -214.55113 | AF25: =M25/J25 -> 0.89272444
B38: 平均 | I38: =AVERAGE(I22:I37) -> 21.5 | J38: =AVERAGE(J22:J37) -> 2000 | K38: =J38/I38 -> 93.023256 | L38: =AVERAGE(L22:L37) -> 21.75 | M38: =AVERAGE(M22:M37) -> 1785.9728 | N38: =M38/L38 -> 82.113692 | O38: =L38-I38 -> 0.25 | P38: =N38-K38 -> -10.909564 | Q38: =N38/K38 -> 0.88272219 | S38: =S22 -> 0.25 | T38: =INDEX(T22:T37,COUNTA(T22:T37)) -> 0.56319444 | Y38: =SUM(Y22:Y37) -> 0 | Z38: =SUM(Z22:Z37) -> 0 | AC38: =SUM(AC22:AC37) -> 0 | AD38: =SUM(AD22:AD37) -> 0 | AE38: =M38-J38 -> -214.0272 | AF38: =M38/J38 -> 0.8929864
A39: 涼麵二線 | B39: 便當 | C39: 美式雞丁餐盒 | E39: 59.34 | F39: 2284 | G39: =E39*F39 -> 135532.56 | I39: 24 | J39: 2000 | K39: =J39/I39 -> 83.333333 | L39: 24 | M39: =F39/V39*60 -> 1787.0898 | N39: =M39/L39 -> 74.462073 | O39: =L39-I39 -> 0 | P39: =N39-K39 -> -8.8712599 | Q39: =N39/K39 -> 0.89354488 | R39: =Q55 -> 0.86841068 | S39: 0.25021991 | T39: 0.30347222 | V39: 76.683333 | AE39: =M39-J39 -> -212.91024 | AF39: =M39/J39 -> 0.89354488 | AG39: =AF55 -> 0.86841068
B40: 便當 | C40: 烤蛋白餐盒 | E40: 58.67 | F40: 4796 | G40: =E40*F40 -> 281381.32 | I40: 23 | J40: 2000 | K40: =J40/I40 -> 86.956522 | L40: 23 | M40: =F40/V40*60 -> 1786.9592 | N40: =M40/L40 -> 77.693879 | O40: =L40-I40 -> 0 | P40: =N40-K40 -> -9.2626425 | Q40: =N40/K40 -> 0.89347961 | S40: 0.30694444 | T40: 0.41877315 | U40: 5 | V40: 161.03333 | W40: 0.41877315 | X40: 0.45763889 | AE40: =M40-J40 -> -213.04078 | AF40: =M40/J40 -> 0.89347961
B41: 便當 | C41: 香檸奶油魚排蔬滿盒 | E41: 77.35 | F41: 5782 | G41: =E41*F41 -> 447237.7 | I41: 26 | J41: 2000 | K41: =J41/I41 -> 76.923077 | L41: 26 | M41: =F41/V41*60 -> 1636.4151 | N41: =M41/L41 -> 62.939042 | O41: =L41-I41 -> 0 | P41: =N41-K41 -> -13.984035 | Q41: =N41/K41 -> 0.81820755 | S41: 0.45763889 | T41: 0.60486111 | U41: 55.966667 | V41: 212 | AE41: =M41-J41 -> -363.58491 | AF41: =M41/J41 -> 0.81820755
B55: 平均 | I55: =AVERAGE(I39:I54) -> 24.333333 | J55: =AVERAGE(J39:J54) -> 2000 | K55: =J55/I55 -> 82.191781 | L55: =AVERAGE(L39:L54) -> 24.333333 | M55: =AVERAGE(M39:M54) -> 1736.8214 | N55: =M55/L55 -> 71.37622 | O55: =L55-I55 -> 0 | P55: =N55-K55 -> -10.815561 | Q55: =N55/K55 -> 0.86841068 | S55: =S39 -> 0.25021991 | T55: =INDEX(T39:T54,COUNTA(T39:T54)) -> 0.60486111 | Y55: =SUM(Y39:Y54) -> 0 | Z55: =SUM(Z39:Z54) -> 0 | AC55: =SUM(AC39:AC54) -> 0 | AD55: =SUM(AD39:AD54) -> 0 | AE55: =M55-J55 -> -263.17864 | AF55: =M55/J55 -> 0.86841068
A56: 涼麵三線 | B56: 微波小吃 | C56: 日式茶碗蒸 | E56: 19.7 | F56: 3576 | G56: =E56*F56 -> 70447.2 | I56: 13 | J56: 1200 | K56: =J56/I56 -> 92.307692 | L56: 13 | M56: =F56/V56*60 -> 1079.6377 | N56: =M56/L56 -> 83.049054 | O56: =L56-I56 -> 0 | P56: =N56-K56 -> -9.258638 | Q56: =N56/K56 -> 0.89969809 | R56: =Q72 -> 0.90173364 | S56: 0.25018519 | T56: 0.38819444 | V56: 198.73333 | AE56: =M56-J56 -> -120.36229 | AF56: =M56/J56 -> 0.89969809 | AG56: =AF72 -> 0.90173364
B57: 4℃-壽司手卷 | C57: 明太子泡菜牛飯卷 | E57: 27.05 | F57: 630 | G57: =E57*F57 -> 17041.5 | I57: 6 | J57: 3273 | K57: =J57/I57 -> 545.5 | L57: 6 | M57: =F57/V57*60 -> 2960.8355 | N57: =M57/L57 -> 493.47258 | O57: =L57-I57 -> 0 | P57: =N57-K57 -> -52.027415 | Q57: =N57/K57 -> 0.90462435 | S57: 0.3918287 | T57: 0.40069444 | U57: 5.2333333 | V57: 12.766667 | AE57: =M57-J57 -> -312.16449 | AF57: =M57/J57 -> 0.90462435
B58: 4℃-壽司手卷 | C58: 香料咖哩烤雞飯卷 | E58: 26.21 | F58: 1470 | G58: =E58*F58 -> 38528.7 | I58: 6 | J58: 3273 | K58: =J58/I58 -> 545.5 | L58: 6 | M58: =F58/V58*60 -> 2961.3878 | N58: =M58/L58 -> 493.56463 | O58: =L58-I58 -> 0 | P58: =N58-K58 -> -51.935367 | Q58: =N58/K58 -> 0.9047931 | S58: 0.40431713 | T58: 0.425 | U58: 5.2166667 | V58: 29.783333 | AE58: =M58-J58 -> -311.6122 | AF58: =M58/J58 -> 0.9047931
B59: 4℃-飯糰 | C59: 蟹味可樂餅風炸飯糰 | E59: 21.92 | F59: 1355 | G59: =E59*F59 -> 29701.6 | I59: 6 | J59: 3600 | K59: =J59/I59 -> 600 | L59: 6 | M59: =F59/V59*60 -> 3262.8763 | N59: =M59/L59 -> 543.81271 | O59: =L59-I59 -> 0 | P59: =N59-K59 -> -56.187291 | Q59: =N59/K59 -> 0.90635452 | S59: 0.42922454 | T59: 0.44652778 | U59: 6.0833333 | V59: 24.916667 | W59: 0.44652778 | X59: 0.48489583 | AE59: =M59-J59 -> -337.12375 | AF59: =M59/J59 -> 0.90635452
B60: 4℃-飯糰 | C60: 麻油雞飯糰 | E60: 29.97 | F60: 3051 | G60: =E60*F60 -> 91438.47 | I60: 21 | J60: 2790 | K60: =J60/I60 -> 132.85714 | L60: 21 | M60: =F60/V60*60 -> 2482.1695 | N60: =M60/L60 -> 118.19855 | O60: =L60-I60 -> 0 | P60: =N60-K60 -> -14.658596 | Q60: =N60/K60 -> 0.88966648 | S60: 0.48489583 | T60: 0.53611111 | U60: 55.25 | V60: 73.75 | AE60: =M60-J60 -> -307.83051 | AF60: =M60/J60 -> 0.88966648
B72: 平均 | I72: =AVERAGE(I56:I71) -> 10.4 | J72: =AVERAGE(J56:J71) -> 2827.2 | K72: =J72/I72 -> 271.84615 | L72: =AVERAGE(L56:L71) -> 10.4 | M72: =AVERAGE(M56:M71) -> 2549.3814 | N72: =M72/L72 -> 245.13282 | O72: =L72-I72 -> 0 | P72: =N72-K72 -> -26.713332 | Q72: =N72/K72 -> 0.90173364 | S72: =S56 -> 0.25018519 | T72: =INDEX(T56:T71,COUNTA(T56:T71)) -> 0.53611111 | Y72: =SUM(Y56:Y71) -> 0 | Z72: =SUM(Z56:Z71) -> 0 | AC72: =SUM(AC56:AC71) -> 0 | AD72: =SUM(AD56:AD71) -> 0 | AE72: =M72-J72 -> -277.81865 | AF72: =M72/J72 -> 0.90173364
A73: 便當二線 (二配) | B73: 微波主食 | C73: 二配蒙古風味烤肉飯 | E73: 58.17 | F73: 1312 | G73: =E73*F73 -> 76319.04 | I73: 19 | J73: 1800 | K73: =J73/I73 -> 94.736842 | L73: 19 | M73: =F73/V73*60 -> 1605.9844 | N73: =M73/L73 -> 84.525493 | O73: =L73-I73 -> 0 | P73: =N73-K73 -> -10.21135 | Q73: =N73/K73 -> 0.89221353 | R73: =Q89 -> 0.89233904 | S73: 0.70833333 | T73: 0.74237269 | V73: 49.016667 | AE73: =M73-J73 -> -194.01564 | AF73: =M73/J73 -> 0.89221353 | AG73: =AF89 -> 0.89233904
B74: 微波主食 | C74: 二配鐵板豆腐燴蛋蓋飯 | E74: 44.98 | F74: 2801 | G74: =E74*F74 -> 125988.98 | I74: 21 | J74: 1800 | K74: =J74/I74 -> 85.714286 | L74: 21 | M74: =F74/V74*60 -> 1606.4362 | N74: =M74/L74 -> 76.496962 | O74: =L74-I74 -> 0 | P74: =N74-K74 -> -9.217324 | Q74: =N74/K74 -> 0.89246455 | S74: 0.74609954 | T74: 0.81875 | U74: 5.3666667 | V74: 104.61667 | AE74: =M74-J74 -> -193.5638 | AF74: =M74/J74 -> 0.89246455
B89: 平均 | I89: =AVERAGE(I73:I88) -> 20 | J89: =AVERAGE(J73:J88) -> 1800 | K89: =J89/I89 -> 90 | L89: =AVERAGE(L73:L88) -> 20 | M89: =AVERAGE(M73:M88) -> 1606.2103 | N89: =M89/L89 -> 80.310514 | O89: =L89-I89 -> 0 | P89: =N89-K89 -> -9.6894861 | Q89: =N89/K89 -> 0.89233904 | S89: =S73 -> 0.70833333 | T89: =INDEX(T73:T88,COUNTA(T73:T88)) -> 0.81875 | Y89: =SUM(Y73:Y88) -> 0 | Z89: =SUM(Z73:Z88) -> 0 | AC89: =SUM(AC73:AC88) -> 0 | AD89: =SUM(AD73:AD88) -> 0 | AE89: =M89-J89 -> -193.78972 | AF89: =M89/J89 -> 0.89233904
A90: 涼麵一線 (二配) | B90: 微波主食 | C90: 二配失控起司薯餅焗飯 | E90: 54.09 | F90: 1132 | G90: =E90*F90 -> 61229.88 | I90: 19 | J90: 2000 | K90: =J90/I90 -> 105.26316 | L90: 20 | M90: =F90/V90*60 -> 1787.3684 | N90: =M90/L90 -> 89.368421 | O90: =L90-I90 -> 1 | P90: =N90-K90 -> -15.894737 | Q90: =N90/K90 -> 0.849 | R90: =Q106 -> 0.87106919 | S90: 0.70833333 | T90: 0.73472222 | V90: 38 | AE90: =M90-J90 -> -212.63158 | AF90: =M90/J90 -> 0.89368421 | AG90: =AF106 -> 0.8934043
B91: 微波主食 | C91: 二配濃起司燻腸紅醬焗烤飯 | E91: 50.67 | F91: 2533 | G91: =E91*F91 -> 128347.11 | I91: 20 | J91: 2000 | K91: =J91/I91 -> 100 | L91: 20 | M91: =F91/V91*60 -> 1786.2488 | N91: =M91/L91 -> 89.312439 | O91: =L91-I91 -> 0 | P91: =N91-K91 -> -10.687561 | Q91: =N91/K91 -> 0.89312439 | S91: 0.73819444 | T91: 0.79728009 | U91: 5 | V91: 85.083333 | AE91: =M91-J91 -> -213.75122 | AF91: =M91/J91 -> 0.89312439
B106: 平均 | I106: =AVERAGE(I90:I105) -> 19.5 | J106: =AVERAGE(J90:J105) -> 2000 | K106: =J106/I106 -> 102.5641 | L106: =AVERAGE(L90:L105) -> 20 | M106: =AVERAGE(M90:M105) -> 1786.8086 | N106: =M106/L106 -> 89.34043 | O106: =L106-I106 -> 0.5 | P106: =N106-K106 -> -13.223673 | Q106: =N106/K106 -> 0.87106919 | S106: =S90 -> 0.70833333 | T106: =INDEX(T90:T105,COUNTA(T90:T105)) -> 0.79728009 | Y106: =SUM(Y90:Y105) -> 0 | Z106: =SUM(Z90:Z105) -> 0 | AC106: =SUM(AC90:AC105) -> 0 | AD106: =SUM(AD90:AD105) -> 0 | AE106: =M106-J106 -> -213.1914 | AF106: =M106/J106 -> 0.8934043
A107: 涼麵二線 (二配) | B107: 微波主食 | C107: 二配哞哞培根奶香海陸焗飯 | E107: 47.6 | F107: 1885 | G107: =E107*F107 -> 89726 | I107: 23 | J107: 2000 | K107: =J107/I107 -> 86.956522 | L107: 23 | M107: =F107/V107*60 -> 1789.0852 | N107: =M107/L107 -> 77.786311 | O107: =L107-I107 -> 0 | P107: =N107-K107 -> -9.1702106 | Q107: =N107/K107 -> 0.89454258 | R107: =Q123 -> 0.89390684 | S107: 0.70833333 | T107: 0.7522338 | V107: 63.216667 | AE107: =M107-J107 -> -210.91484 | AF107: =M107/J107 -> 0.89454258 | AG107: =AF123 -> 0.89390684
B108: 微波主食 | C108: 二配黃金雞排蘑菇白醬歐姆蛋飯 | E108: 56.87 | F108: 1658 | G108: =E108*F108 -> 94290.46 | I108: 23 | J108: 2000 | K108: =J108/I108 -> 86.956522 | L108: 23 | M108: =F108/V108*60 -> 1787.0659 | N108: =M108/L108 -> 77.698516 | O108: =L108-I108 -> 0 | P108: =N108-K108 -> -9.2580057 | Q108: =N108/K108 -> 0.89353293 | S108: 0.75578704 | T108: 0.79444444 | U108: 5.1166667 | V108: 55.666667 | AE108: =M108-J108 -> -212.93413 | AF108: =M108/J108 -> 0.89353293
B109: 微波主食 | C109: 二配里肌豬排可可咖哩歐姆蛋飯 | E109: 56.79 | F109: 2039 | G109: =E109*F109 -> 115794.81 | I109: 23 | J109: 2000 | K109: =J109/I109 -> 86.956522 | L109: 23 | M109: =F109/V109*60 -> 1787.29 | N109: =M109/L109 -> 77.708261 | O109: =L109-I109 -> 0 | P109: =N109-K109 -> -9.2482612 | Q109: =N109/K109 -> 0.893645 | S109: 0.79861111 | T109: 0.84614583 | U109: 6 | V109: 68.45 | AE109: =M109-J109 -> -212.71001 | AF109: =M109/J109 -> 0.893645
B123: 平均 | I123: =AVERAGE(I107:I122) -> 23 | J123: =AVERAGE(J107:J122) -> 2000 | K123: =J123/I123 -> 86.956522 | L123: =AVERAGE(L107:L122) -> 23 | M123: =AVERAGE(M107:M122) -> 1787.8137 | N123: =M123/L123 -> 77.731029 | O123: =L123-I123 -> 0 | P123: =N123-K123 -> -9.2254925 | Q123: =N123/K123 -> 0.89390684 | S123: =S107 -> 0.70833333 | T123: =INDEX(T107:T122,COUNTA(T107:T122)) -> 0.84614583 | Y123: =SUM(Y107:Y122) -> 0 | Z123: =SUM(Z107:Z122) -> 0 | AC123: =SUM(AC107:AC122) -> 0 | AD123: =SUM(AD107:AD122) -> 0 | AE123: =M123-J123 -> -212.18633 | AF123: =M123/J123 -> 0.89390684
AA125: 原因回覆
AA126: 1.當日出勤人數較多
AA127: 2.當日出勤人數較少
AA128: 3.當日出勤熟手較多
AA129: 4.當日出勤新人較多
AA130: 5.機台夾盒
AA131: 6.封膜不順
AA132: 7.更換膠膜
AA133: 8.更換碳帶
AA134: 9.當日熱轉印碳帶異常
AA135: 10.訂單量過少
AA136: 11.新品上市，尚未熟悉
AA137: 12.活動期間品項需貼標

Sheet 0330
B1: 屏榮 大溪廠組合室生產人時性分析
B3: 日期 | C3: 115.03.30星期一 | E3: 訂單量 | F3: ='0330(18度C)'!D1+'0330(4度C)'!D1 -> 175057 | H3: 營業額 | I3: ='0330(18度C)'!F1+'0330(4度C)'!F1 -> 5101122.3
B4: 人時性 | C4: 項目 | E4: ➀ | G4: ➁ | I4: ➂ | K4: ④ | M4: ⑤ | O4: 異常停線 | Q4: 短暫停線
C5: 組合室 | E5: 全溫層 | G5: 4度C-各編組展開(一配) | I5: 4度C-各編組展開(二配) | K5: 18度C-各編組展開(一配) | M5: 18度C-各編組展開(二配) | O5: 合計次數 | P5: 時間 | Q5: 合計次數 | R5: 設備次數
C6: 排關平均 | E6: =AVERAGE(D14:O14,D32:X32) -> 467.69622 | F6: =AVERAGE(#REF!,D14:K14) -> #REF! | G6: =AVERAGE(D14:K14) -> 160.21605 | I6: =AVERAGE(L14:O14) -> 93.173541 | K6: =AVERAGE(D32:O32) -> 742.62938 | M6: =AVERAGE(P32:X32) -> 712.40196 | O6: ='0330(4度C)'!Y2 -> 0 | P6: ='0330(4度C)'!Z2 -> 0 | Q6: ='0330(4度C)'!AC2 -> 0 | R6: ='0330(4度C)'!AD2 -> 0
C7: 實績平均 | E7: =AVERAGE(D15:O15,D33:X33) -> 416.63274 | F7: =AVERAGE(#REF!,D15:K15) -> #REF! | G7: =AVERAGE(D15:K15) -> 144.01507 | I7: =AVERAGE(L15:O15) -> 82.459435 | K7: =AVERAGE(D33:O33) -> 662.35517 | M7: =AVERAGE(P33:X33) -> 632.72734
C8: 達成率平均 | E8: =AVERAGE(D16:O16,D34:X34) -> 0.88965443 | F8: =AVERAGE(D16:K16,#REF!) -> #REF! | G8: =AVERAGE(D16:K16) -> 0.89466849 | I8: =AVERAGE(L16:O16) -> 0.88575763 | K8: =AVERAGE(D34:O34) -> 0.89125794 | M8: =AVERAGE(P34:X34) -> 0.88555858
O9: ※現行日本鮮食廠以達成率80%為基本(即為現行KPI)
B11: 溫層 | D11: ➁4度C-各編組展開 | L11: ➂4度C-各編組展開
B12: 編組 | D12: 1 | E12: 2 | F12: 3 | G12: 4 | H12: 5 | I12: 6 | J12: 7 | K12: 8 | L12: 1 | M12: 2 | N12: 3 | O12: 4
D13: 便當一線 | E13: 便當二線 | F13: 涼麵一線 | G13: 涼麵二線 | H13: 涼麵三線 | I13: 自動包裝機 | J13: 自動包裝機2 | K13: 自動包裝機3 | L13: 便當一線 | M13: 便當二線 | N13: 涼麵一線 | O13: 涼麵二線
B14: 人時性 | C14: 排關 | D14: - | E14: 84.507042 | F14: 104.64286 | G14: 85.714286 | H14: 366 | I14: - | J14: - | K14: - | L14: - | M14: 90 | N14: 102.5641 | O14: 86.956522
C15: 實績 | D15: - | E15: 75.48412 | F15: 92.859223 | G15: 76.565931 | H15: 331.15099 | I15: - | J15: - | K15: - | L15: - | M15: 80.312496 | N15: 89.339978 | O15: 77.72583
C16: 達成率 | D16: - | E16: =E15/E14 -> 0.89322876 | F16: =F15/F14 -> 0.88739189 | G16: =G15/G14 -> 0.89326919 | H16: =H15/H14 -> 0.90478413 | I16: - | J16: - | K16: - | L16: - | M16: =M15/M14 -> 0.89236107 | N16: =N15/N14 -> 0.87106479 | O16: =O15/O14 -> 0.89384704
B17: 作業 時間 | C17: 開始 | D17: - | E17: 0.25005787 | F17: 0.25011574 | G17: 0.25006944 | H17: 0.25 | I17: - | J17: - | K17: - | L17: - | M17: 0.70855324 | N17: 0.70833333 | O17: 0.70833333
C18: 結束 | D18: - | E18: 0.56527778 | F18: 0.53126157 | G18: 0.48680556 | H18: 0.45277778 | I18: - | J18: - | K18: - | L18: - | M18: 0.82430556 | N18: 0.80013889 | O18: 0.85006944
B19: 產線異常 (5分鐘以上) | C19: 次數
C20: 時間/分
B21: 短暫停線 (5分鐘以下) | C21: 次數
C22: 設備次數
B23: 配置人數 | D23: - | E23: 23.666667 | F23: 21.5 | G23: 23.333333 | H23: 7.75 | I23: - | J23: - | K23: - | L23: - | M23: 20 | N23: 20 | O23: 23
B24: 主要應用設備 | D24: L型封口機 | E24: ET-55 | F24: ET-55 | G24: ET-55 | H24: ET-600 | I24: 伺服包裝機 | J24: 伺服包裝機 | K24: 伺服包裝機 | L24: L型封口機 | M24: ET-55 | N24: ET-55 | O24: ET-55
B25: 次要應用設備 | D25: 伺服包裝機 | H25: 伺服包裝機
B26: 備註 | H26: 涼麵+烤飯糰 | I26: 大口飯糰線 | K26: 烤飯糰+手卷
B29: 溫層 | D29: ➃18度C-各編組展開 (一配) | P29: ⑤18度C-各編組展開 (二配)
B30: 編組 | D30: 1 | E30: 2 | F30: 3 | G30: 4 | H30: 5 | I30: 6 | J30: 7 | K30: 8 | L30: 9 | M30: 10 | N30: 11 | O30: 12 | P30: 1 | Q30: 2 | R30: 3 | S30: 4 | T30: 5 | U30: 6 | V30: 7 | W30: 8 | X30: 9
D31: 便當一線 | E31: 涼麵一線 | F31: 涼麵三線 | G31: 自動包裝機 | H31: 自動包裝機2 | I31: 自動包裝機3 | J31: 味付飯糰線B | K31: (舊) 3300型飯糰線 | L31: 3000型飯糰線 | M31: (新) 3300型飯糰機 | N31: GKK3600型 飯糰機 | O31: GKK3600型 飯糰機2 | P31: 自動包裝機 | Q31: 自動包裝機2 | R31: 自動包裝機3 | S31: 味付飯糰線B | T31: (舊) 3300型飯糰線 | U31: 3000型飯糰線 | V31: (新) 3300型飯糰機 | W31: GKK3600型 飯糰機 | X31: GKK3600型 飯糰機2
B32: 人時性 | C32: 排關 | D32: - | E32: - | F32: - | G32: 328.81356 | H32: 433.33333 | I32: - | J32: - | K32: - | L32: - | M32: 1100 | N32: 1035 | O32: 816 | P32: 300 | Q32: - | R32: - | S32: - | T32: - | U32: - | V32: 723.52941 | W32: 979.41176 | X32: 846.66667
C33: 實績 | D33: - | E33: - | F33: - | G33: 290.13059 | H33: 390.053 | I33: - | J33: - | K33: - | L33: - | M33: 990.3503 | N33: 917.18813 | O33: 724.05384 | P33: 261.18856 | Q33: - | R33: - | S33: - | T33: - | U33: - | V33: 648.18555 | W33: 871.17924 | X33: 750.356
C34: 達成率 | D34: - | E34: - | F34: - | G34: =G33/G32 -> 0.88235592 | H34: =H33/H32 -> 0.90012232 | I34: - | J34: - | K34: - | L34: - | M34: =M33/M32 -> 0.90031845 | N34: =N33/N32 -> 0.88617211 | O34: =O33/O32 -> 0.88732088 | P34: =P33/P32 -> 0.87062854 | Q34: - | R34: - | S34: - | T34: - | U34: - | V34: =V33/V32 -> 0.89586621 | W34: =W33/W32 -> 0.88949232 | X34: =X33/X32 -> 0.88624725
B35: 作業 時間 | C35: 開始 | D35: - | E35: - | F35: - | G35: 0.25001157 | H35: 0.29195602 | I35: - | J35: - | K35: - | L35: - | M35: 0.35440972 | N35: 0.25001157 | O35: 0.25 | P35: 0.70833333 | Q35: - | R35: - | S35: - | T35: - | U35: - | V35: 0.7083912 | W35: 0.70833333 | X35: 0.70833333
C36: 結束 | D36: - | E36: - | F36: - | G36: 0.44791667 | H36: 0.33148148 | I36: - | J36: - | K36: - | L36: - | M36: 0.40694444 | N36: 0.60790509 | O36: 0.59513889 | P36: 0.90902778 | Q36: - | R36: - | S36: - | T36: - | U36: - | V36: 0.81319444 | W36: 1.2013889 | X36: 1.1819792
B37: 配置人數 | D37: - | E37: - | F37: - | G37: 9.8333333 | H37: 6 | I37: - | J37: - | K37: - | L37: - | M37: 3 | N37: 3.3333333 | O37: 4.1666667 | P37: 12 | Q37: - | R37: - | S37: - | T37: - | U37: - | V37: 4.25 | W37: 3.4 | X37: 4.0909091
B38: 主要應用設備 | D38: 伺服包裝機 | E38: ET-55 | F38: ET-600 | G38: 夾心型 | H38: 伺服包裝機 | I38: 伺服包裝機 | J38: 夾心型 | K38: 3300型 | L38: 3300型 | M38: 3300型 | N38: GKK | O38: GKK | P38: 夾心型 | Q38: 伺服包裝機 | R38: 伺服包裝機 | S38: 夾心型 | T38: 3300型 | U38: 3300型 | V38: 3300型 | W38: GKK | X38: GKK
B39: 次要應用設備
B40: 備註

Sheet 0330(18度C)
A1: 大溪廠日報分析 | C1: 總生產量 | D1: =SUM(F5:F157) -> 121289 | E1: 營業額 | F1: =SUM(G5:G157) -> 2353766.5 | G1: 出勤人數 | H1: =L21+L38+L55+L72+L89+L106+L123+L140+L157 -> 50.074242 | I1: 產線配置圖 | L1: 生產實績 | O1: 人時性差異分析 | S1: 日報登錄 | Y1: 分析說明 | AA1: 產能差異分析
A2: 46111 | C2: 人時性 | D2: =AVERAGE(N21,N38,N55,N72,N89,N106,N123,N140,N157) -> 649.18725 | E2: 平均廠價 | F2: =F1/D1 -> 19.406265 | G2: 多次生產數 | H2: =COUNT(H5:H157) -> 12
A3: 線別 | B3: 品類 | C3: 品名 | E3: 廠價 | F3: 生產量 | G3: 營收 | H3: 多次 生產 | I3: 人數 | J3: 產能/時 | K3: 人時性 | L3: 人數 | M3: 產能/時 | N3: 人時性 | O3: 人數 | P3: 人時性 | Q3: 達成率 | R3: 達成率 平均 | S3: 生產時間 | U3: 換線、休息/分 | V3: 稼動時間/分 | W3: 休息時間 | Y3: (屏榮回填) | AA3: 產能/時 | AB3: 達成率 | AC3: 達成率平均
S4: 開始 | T4: 結束 | W4: 開始 | X4: 結束
A5: 自動包裝機 | B5: 18℃-壽司手卷 | C5: 一配日式鮪魚美乃滋脆卷 | E5: 17.87 | F5: 1279 | G5: =E5*F5 -> 22855.73 | I5: 6 | J5: 2500 | K5: =J5/I5 -> 416.66667 | L5: 6 | M5: =F5/V5*60 -> 2258.1658 | N5: =M5/L5 -> 376.36096 | O5: =L5-I5 -> 0 | P5: =N5-K5 -> -40.305705 | Q5: =N5/K5 -> 0.90326631 | R5: =Q21 -> 0.88235592 | S5: 0.25001157 | T5: 0.27361111 | V5: 33.983333 | AA5: =M5-J5 -> -241.83423 | AB5: =M5/J5 -> 0.90326631 | AC5: =AB21 -> 0.88235592
B6: 18℃-壽司手卷 | C6: 一配銀鮭美乃滋脆卷 | E6: 19.7 | F6: 2931 | G6: =E6*F6 -> 57740.7 | I6: 6 | J6: 2500 | K6: =J6/I6 -> 416.66667 | L6: 6 | M6: =F6/V6*60 -> 2257.5096 | N6: =M6/L6 -> 376.2516 | O6: =L6-I6 -> 0 | P6: =N6-K6 -> -40.415062 | Q6: =N6/K6 -> 0.90300385 | S6: 0.27715278 | T6: 0.33125 | U6: 5.1 | V6: 77.9 | AA6: =M6-J6 -> -242.49037 | AB6: =M6/J6 -> 0.90300385
B7: 18℃-壽司手卷 | C7: 一配海饌雙手卷 | E7: 29.85 | F7: 2182 | G7: =E7*F7 -> 65132.7 | I7: 12 | J7: 3600 | K7: =J7/I7 -> 300 | L7: 12 | M7: =F7/V7*60 -> 3147.1154 | N7: =M7/L7 -> 262.25962 | O7: =L7-I7 -> 0 | P7: =N7-K7 -> -37.740385 | Q7: =N7/K7 -> 0.87419872 | S7: 0.33569444 | T7: 0.36458333 | U7: 6.4 | V7: 41.6 | AA7: =M7-J7 -> -452.88462 | AB7: =M7/J7 -> 0.87419872
B8: 18℃-壽司手卷 | C8: 一配雙饗雙手卷 | E8: 29.52 | F8: 1942 | G8: =E8*F8 -> 57327.84 | I8: 12 | J8: 3600 | K8: =J8/I8 -> 300 | L8: 12 | M8: =F8/V8*60 -> 3147.7713 | N8: =M8/L8 -> 262.31427 | O8: =L8-I8 -> 0 | P8: =N8-K8 -> -37.685727 | Q8: =N8/K8 -> 0.87438091 | S8: 0.36805556 | T8: 0.39376157 | U8: 5 | V8: 37.016667 | AA8: =M8-J8 -> -452.22873 | AB8: =M8/J8 -> 0.87438091
B9: 18℃-壽司手卷 | C9: 一配長野稻荷壽司 | E9: 25.64 | F9: 1532 | G9: =E9*F9 -> 39280.48 | I9: 11 | J9: 3600 | K9: =J9/I9 -> 327.27273 | L9: 11 | M9: =F9/V9*60 -> 3180.6228 | N9: =M9/L9 -> 289.14753 | O9: =L9-I9 -> 0 | P9: =N9-K9 -> -38.125197 | Q9: =N9/K9 -> 0.88350634 | S9: 0.39729167 | T9: 0.41736111 | U9: 5.0833333 | V9: 28.9 | AA9: =M9-J9 -> -419.37716 | AB9: =M9/J9 -> 0.88350634
B10: 18℃-飯糰 | C10: 一配兩粒飯糰(鮪魚.焦糖鮭魚) | E10: 28.57 | F10: 2014 | G10: =E10*F10 -> 57539.98 | I10: 12 | J10: 3600 | K10: =J10/I10 -> 300 | L10: 12 | M10: =F10/V10*60 -> 3126.5201 | N10: =M10/L10 -> 260.54334 | O10: =L10-I10 -> 0 | P10: =N10-K10 -> -39.456662 | Q10: =N10/K10 -> 0.86847779 | S10: 0.42107639 | T10: 0.44791667 | U10: 5.35 | V10: 38.65 | AA10: =M10-J10 -> -473.47995 | AB10: =M10/J10 -> 0.86847779
B21: 平均 | I21: =AVERAGE(I5:I20) -> 9.8333333 | J21: =AVERAGE(J5:J20) -> 3233.3333 | K21: =J21/I21 -> 328.81356 | L21: =AVERAGE(L5:L20) -> 9.8333333 | M21: =AVERAGE(M5:M20) -> 2852.9508 | N21: =M21/L21 -> 290.13059 | O21: =L21-I21 -> 0 | P21: =N21-K21 -> -38.682967 | Q21: =N21/K21 -> 0.88235592 | S21: =S5 -> 0.25001157 | T21: =INDEX(T5:T20,COUNTA(T5:T20)) -> 0.44791667 | AA21: =M21-J21 -> -380.38251 | AB21: =M21/J21 -> 0.88235592
A22: 自動包裝機2 | B22: 18℃-壽司手卷 | C22: 一配雙鬆細卷 | E22: 14.03 | F22: 920 | G22: =E22*F22 -> 12907.6 | I22: 6 | J22: 2600 | K22: =J22/I22 -> 433.33333 | L22: 6 | M22: =F22/V22*60 -> 2340.636 | N22: =M22/L22 -> 390.10601 | O22: =L22-I22 -> 0 | P22: =N22-K22 -> -43.227326 | Q22: =N22/K22 -> 0.90024463 | R22: =Q38 -> 0.90012232 | S22: 0.29195602 | T22: 0.30833333 | V22: 23.583333 | AA22: =M22-J22 -> -259.36396 | AB22: =M22/J22 -> 0.90024463 | AC22: =AB38 -> 0.90012232
B23: 18℃-壽司手卷 | C23: 一配經典鮪魚沙拉細卷 | E23: 14.49 | F23: 1105 | G23: =E23*F23 -> 16011.45 | I23: 6 | J23: 2600 | K23: =J23/I23 -> 433.33333 | L23: 6 | M23: =F23/V23*60 -> 2340 | N23: =M23/L23 -> 390 | O23: =L23-I23 -> 0 | P23: =N23-K23 -> -43.333333 | Q23: =N23/K23 -> 0.9 | S23: 0.31180556 | T23: 0.33148148 | U23: 5 | V23: 28.333333 | AA23: =M23-J23 -> -260 | AB23: =M23/J23 -> 0.9
B38: 平均 | I38: =AVERAGE(I22:I37) -> 6 | J38: =AVERAGE(J22:J37) -> 2600 | K38: =J38/I38 -> 433.33333 | L38: =AVERAGE(L22:L37) -> 6 | M38: =AVERAGE(M22:M37) -> 2340.318 | N38: =M38/L38 -> 390.053 | O38: =L38-I38 -> 0 | P38: =N38-K38 -> -43.28033 | Q38: =N38/K38 -> 0.90012232 | S38: =S22 -> 0.29195602 | T38: =INDEX(T22:T37,COUNTA(T22:T37)) -> 0.33148148 | AA38: =M38-J38 -> -259.68198 | AB38: =M38/J38 -> 0.90012232
A39: (新) 3300型飯糰機 | B39: 18℃-飯糰 | C39: 一配鮭魚奶油醬油飯糰 | E39: 18.53 | F39: 3746 | G39: =E39*F39 -> 69413.38 | I39: 3 | J39: 3300 | K39: =J39/I39 -> 1100 | L39: 3 | M39: =F39/V39*60 -> 2971.0509 | N39: =M39/L39 -> 990.3503 | O39: =L39-I39 -> 0 | P39: =N39-K39 -> -109.6497 | Q39: =N39/K39 -> 0.90031845 | R39: =Q55 -> 0.90031845 | S39: 0.35440972 | T39: 0.40694444 | V39: 75.65 | AA39: =M39-J39 -> -328.94911 | AB39: =M39/J39 -> 0.90031845 | AC39: =AB55 -> 0.90031845
B55: 平均 | I55: =AVERAGE(I39:I54) -> 3 | J55: =AVERAGE(J39:J54) -> 3300 | K55: =J55/I55 -> 1100 | L55: =AVERAGE(L39:L54) -> 3 | M55: =AVERAGE(M39:M54) -> 2971.0509 | N55: =M55/L55 -> 990.3503 | O55: =L55-I55 -> 0 | P55: =N55-K55 -> -109.6497 | Q55: =N55/K55 -> 0.90031845 | S55: =S39 -> 0.35440972 | T55: =INDEX(T39:T54,COUNTA(T39:T54)) -> 0.40694444 | AA55: =M55-J55 -> -328.94911 | AB55: =M55/J55 -> 0.90031845
A56: GKK3600型 飯糰機 | B56: 18℃-飯糰 | C56: 一配蔬食鮪魚飯糰 | E56: 18.18 | F56: 1270 | G56: =E56*F56 -> 23088.6 | I56: 3 | J56: 3600 | K56: =J56/I56 -> 1200 | L56: 3 | M56: =F56/V56*60 -> 3177.2064 | N56: =M56/L56 -> 1059.0688 | O56: =L56-I56 -> 0 | P56: =N56-K56 -> -140.9312 | Q56: =N56/K56 -> 0.88255733 | R56: =Q72 -> 0.88617211 | S56: 0.25001157 | T56: 0.26666667 | V56: 23.983333 | AA56: =M56-J56 -> -422.79361 | AB56: =M56/J56 -> 0.88255733 | AC56: =AB72 -> 0.88617211
B57: 18℃-飯糰 | C57: 一配明太子龍蝦風味沙拉飯糰 | E57: 18.18 | F57: 2548 | G57: =E57*F57 -> 46322.64 | I57: 3 | J57: 3600 | K57: =J57/I57 -> 1200 | L57: 3 | M57: =F57/V57*60 -> 3175.0779 | N57: =M57/L57 -> 1058.3593 | O57: =L57-I57 -> 0 | P57: =N57-K57 -> -141.64071 | Q57: =N57/K57 -> 0.88196608 | S57: 0.27708333 | T57: 0.31052083 | U57: 15 | V57: 48.15 | AA57: =M57-J57 -> -424.92212 | AB57: =M57/J57 -> 0.88196608
B58: 18℃-飯糰 | C58: 一配壹號醬炙烤牛飯糰 | E58: 22.28 | F58: 1254 | G58: =E58*F58 -> 27939.12 | I58: 5 | J58: 3300 | K58: =J58/I58 -> 660 | L58: 5 | M58: =F58/V58*60 -> 2946.7363 | N58: =M58/L58 -> 589.34726 | O58: =L58-I58 -> 0 | P58: =N58-K58 -> -70.652742 | Q58: =N58/K58 -> 0.89295039 | S58: 0.32115741 | T58: 0.33888889 | U58: 15.316667 | V58: 25.533333 | AA58: =M58-J58 -> -353.26371 | AB58: =M58/J58 -> 0.89295039
B59: 18℃-飯糰 | C59: 一配經典肉鬆飯糰 | E59: 14.03 | F59: 5059 | G59: =E59*F59 -> 70977.77 | I59: 3 | J59: 3000 | K59: =J59/I59 -> 1000 | L59: 3 | M59: =F59/V59*60 -> 2698.933 | N59: =M59/L59 -> 899.64434 | O59: =L59-I59 -> 0 | P59: =N59-K59 -> -100.35566 | Q59: =N59/K59 -> 0.89964434 | S59: 0.34930556 | T59: 0.42740741 | U59: 15 | V59: 112.46667 | AA59: =M59-J59 -> -301.06698 | AB59: =M59/J59 -> 0.89964434
B60: 18℃-飯糰 | C60: 一配鮪魚飯糰 | E60: 14.28 | F60: 2318 | G60: =E60*F60 -> 33101.04 | H60: 2 | I60: 3 | J60: 3600 | K60: =J60/I60 -> 1200 | L60: 3 | M60: =F60/V60*60 -> 3172.9278 | N60: =M60/L60 -> 1057.6426 | O60: =L60-I60 -> 0 | P60: =N60-K60 -> -142.35741 | Q60: =N60/K60 -> 0.88136882 | S60: 0.43761574 | T60: 0.46805556 | U60: 14.7 | V60: 43.833333 | W60: 0.46805556 | X60: 0.54166667 | AA60: =M60-J60 -> -427.07224 | AB60: =M60/J60 -> 0.88136882
B61: 18℃-飯糰 | C61: 一配鮪魚飯糰 | E61: 14.28 | F61: 5044 | G61: =E61*F61 -> 72028.32 | I61: 3 | J61: 3600 | K61: =J61/I61 -> 1200 | L61: 3 | M61: =F61/V61*60 -> 3172.8814 | N61: =M61/L61 -> 1057.6271 | O61: =L61-I61 -> 0 | P61: =N61-K61 -> -142.37288 | Q61: =N61/K61 -> 0.88135593 | S61: 0.54166667 | T61: 0.60790509 | V61: 95.383333 | AA61: =M61-J61 -> -427.11864 | AB61: =M61/J61 -> 0.88135593
B72: 平均 | I72: =AVERAGE(I56:I71) -> 3.3333333 | J72: =AVERAGE(J56:J71) -> 3450 | K72: =J72/I72 -> 1035 | L72: =AVERAGE(L56:L71) -> 3.3333333 | M72: =AVERAGE(M56:M71) -> 3057.2938 | N72: =M72/L72 -> 917.18813 | O72: =L72-I72 -> 0 | P72: =N72-K72 -> -117.81187 | Q72: =N72/K72 -> 0.88617211 | S72: =S56 -> 0.25001157 | T72: =INDEX(T56:T71,COUNTA(T56:T71)) -> 0.60790509 | AA72: =M72-J72 -> -392.70622 | AB72: =M72/J72 -> 0.88617211
A73: GKK3600型 飯糰機2 | B73: 18℃-飯糰 | C73: 一配熟成紅鮭飯糰 | E73: 25.03 | F73: 1687 | G73: =E73*F73 -> 42225.61 | I73: 4 | J73: 3300 | K73: =J73/I73 -> 825 | L73: 4 | M73: =F73/V73*60 -> 2941.0169 | N73: =M73/L73 -> 735.25424 | O73: =L73-I73 -> 0 | P73: =N73-K73 -> -89.745763 | Q73: =N73/K73 -> 0.89121726 | R73: =Q89 -> 0.88732088 | S73: 0.25 | T73: 0.27390046 | V73: 34.416667 | AA73: =M73-J73 -> -358.98305 | AB73: =M73/J73 -> 0.89121726 | AC73: =AB89 -> 0.88732088
B74: 18℃-飯糰 | C74: 一配北海道秋鮭親子飯糰 | E74: 24.82 | F74: 2047 | G74: =E74*F74 -> 50806.54 | I74: 4 | J74: 3300 | K74: =J74/I74 -> 825 | L74: 4 | M74: =F74/V74*60 -> 2940.6225 | N74: =M74/L74 -> 735.15563 | O74: =L74-I74 -> 0 | P74: =N74-K74 -> -89.844374 | Q74: =N74/K74 -> 0.89109773 | S74: 0.28418981 | T74: 0.31319444 | U74: 14.816667 | V74: 41.766667 | AA74: =M74-J74 -> -359.37749 | AB74: =M74/J74 -> 0.89109773
B75: 18℃-飯糰 | C75: 一配鹽蔥燒肉飯糰 | E75: 17.89 | F75: 3526 | G75: =E75*F75 -> 63080.14 | I75: 4 | J75: 3600 | K75: =J75/I75 -> 900 | L75: 4 | M75: =F75/V75*60 -> 3172.6068 | N75: =M75/L75 -> 793.15171 | O75: =L75-I75 -> 0 | P75: =N75-K75 -> -106.84829 | Q75: =N75/K75 -> 0.88127968 | S75: 0.32383102 | T75: 0.37013889 | U75: 15.316667 | V75: 66.683333 | AA75: =M75-J75 -> -427.39315 | AB75: =M75/J75 -> 0.88127968
B76: 18℃-飯糰 | C76: 一配贅沢鮭魚肚飯糰 | E76: 30 | F76: 3470 | G76: =E76*F76 -> 104100 | I76: 3 | J76: 3000 | K76: =J76/I76 -> 1000 | L76: 3 | M76: =F76/V76*60 -> 2700.3891 | N76: =M76/L76 -> 900.1297 | O76: =L76-I76 -> 0 | P76: =N76-K76 -> -99.870298 | Q76: =N76/K76 -> 0.9001297 | S76: 0.38125 | T76: 0.43479167 | U76: 16 | V76: 77.1 | AA76: =M76-J76 -> -299.61089 | AB76: =M76/J76 -> 0.9001297
B77: 18℃-飯糰 | C77: 一配雞肉飯飯糰 | E77: 16.66 | F77: 1955 | G77: =E77*F77 -> 32570.3 | H77: 2 | I77: 5 | J77: 3600 | K77: =J77/I77 -> 720 | L77: 5 | M77: =F77/V77*60 -> 3173.1289 | N77: =M77/L77 -> 634.62579 | O77: =L77-I77 -> 0 | P77: =N77-K77 -> -85.374211 | Q77: =N77/K77 -> 0.88142471 | S77: 0.44516204 | T77: 0.47083333 | U77: 14.933333 | V77: 36.966667 | W77: 0.47083333 | X77: 0.54168981 | AA77: =M77-J77 -> -426.87106 | AB77: =M77/J77 -> 0.88142471
B78: 18℃-飯糰 | C78: 一配雞肉飯飯糰 | E78: 16.66 | F78: 4071 | G78: =E78*F78 -> 67822.86 | I78: 5 | J78: 3600 | K78: =J78/I78 -> 720 | L78: 5 | M78: =F78/V78*60 -> 3173.5816 | N78: =M78/L78 -> 634.71633 | O78: =L78-I78 -> 0 | P78: =N78-K78 -> -85.283673 | Q78: =N78/K78 -> 0.88155045 | S78: 0.54168981 | T78: 0.59513889 | V78: 76.966667 | AA78: =M78-J78 -> -426.41836 | AB78: =M78/J78 -> 0.88155045
B89: 平均 | I89: =AVERAGE(I73:I88) -> 4.1666667 | J89: =AVERAGE(J73:J88) -> 3400 | K89: =J89/I89 -> 816 | L89: =AVERAGE(L73:L88) -> 4.1666667 | M89: =AVERAGE(M73:M88) -> 3016.891 | N89: =M89/L89 -> 724.05384 | O89: =L89-I89 -> 0 | P89: =N89-K89 -> -91.94616 | Q89: =N89/K89 -> 0.88732088 | S89: =S73 -> 0.25 | T89: =INDEX(T73:T88,COUNTA(T73:T88)) -> 0.59513889 | AA89: =M89-J89 -> -383.109 | AB89: =M89/J89 -> 0.88732088
A90: 自動包裝機 (二配) | B90: 18℃-壽司手卷 | C90: 二配長野稻荷壽司 | E90: 25.64 | F90: 1486 | G90: =E90*F90 -> 38101.04 | I90: 11 | J90: 3600 | K90: =J90/I90 -> 327.27273 | L90: 11 | M90: =F90/V90*60 -> 3182.3914 | N90: =M90/L90 -> 289.30831 | O90: =L90-I90 -> 0 | P90: =N90-K90 -> -37.964415 | Q90: =N90/K90 -> 0.88399762 | R90: =Q106 -> 0.87062854 | S90: 0.70833333 | T90: 0.72778935 | V90: 28.016667 | AA90: =M90-J90 -> -417.60857 | AB90: =M90/J90 -> 0.88399762 | AC90: =AB106 -> 0.87062854
B91: 18℃-壽司手卷 | C91: 二配雙饗雙手卷 | E91: 29.52 | F91: 1909 | G91: =E91*F91 -> 56353.68 | I91: 12 | J91: 3600 | K91: =J91/I91 -> 300 | L91: 12 | M91: =F91/V91*60 -> 3146.7033 | N91: =M91/L91 -> 262.22527 | O91: =L91-I91 -> 0 | P91: =N91-K91 -> -37.774725 | Q91: =N91/K91 -> 0.87408425 | S91: 0.73125 | T91: 0.75652778 | U91: 4.9833333 | V91: 36.4 | AA91: =M91-J91 -> -453.2967 | AB91: =M91/J91 -> 0.87408425
B92: 18℃-壽司手卷 | C92: 二配海饌雙手卷 | E92: 29.85 | F92: 2006 | G92: =E92*F92 -> 59879.1 | I92: 12 | J92: 3600 | K92: =J92/I92 -> 300 | L92: 12 | M92: =F92/V92*60 -> 3145.2962 | N92: =M92/L92 -> 262.10801 | O92: =L92-I92 -> 0 | P92: =N92-K92 -> -37.891986 | Q92: =N92/K92 -> 0.87369338 | S92: 0.75972222 | T92: 0.7862963 | U92: 4.6 | V92: 38.266667 | AA92: =M92-J92 -> -454.70383 | AB92: =M92/J92 -> 0.87369338
B93: 18℃-飯糰 | C93: 二配兩粒飯糰(鮪魚.焦糖鮭魚) | E93: 28.57 | F93: 1479 | G93: =E93*F93 -> 42255.03 | I93: 12 | J93: 3600 | K93: =J93/I93 -> 300 | L93: 12 | M93: =F93/V93*60 -> 3124.6479 | N93: =M93/L93 -> 260.38732 | O93: =L93-I93 -> 0 | P93: =N93-K93 -> -39.612676 | Q93: =N93/K93 -> 0.86795775 | S93: 0.78958333 | T93: 0.80930556 | U93: 4.7333333 | V93: 28.4 | AA93: =M93-J93 -> -475.35211 | AB93: =M93/J93 -> 0.86795775
B94: 18℃-飯糰 | C94: 二配鮮蝦旬彩炊飯飯糰 | E94: 20.17 | F94: 1257 | G94: =E94*F94 -> 25353.69 | I94: 12 | J94: 3600 | K94: =J94/I94 -> 300 | L94: 12 | M94: =F94/V94*60 -> 3250.8621 | N94: =M94/L94 -> 270.90517 | O94: =L94-I94 -> 0 | P94: =N94-K94 -> -29.094828 | Q94: =N94/K94 -> 0.90301724 | S94: 0.8125 | T94: 0.82861111 | U94: 4.6 | V94: 23.2 | AA94: =M94-J94 -> -349.13793 | AB94: =M94/J94 -> 0.90301724
B95: 18℃-飯糰 | C95: 二配溏心蛋五目飯糰 | E95: 20.42 | F95: 5468 | G95: =E95*F95 -> 111656.56 | I95: 13 | J95: 3600 | K95: =J95/I95 -> 276.92308 | L95: 13 | M95: =F95/V95*60 -> 2955.6757 | N95: =M95/L95 -> 227.35967 | O95: =L95-I95 -> 0 | P95: =N95-K95 -> -49.56341 | Q95: =N95/K95 -> 0.82102102 | S95: 0.83194444 | T95: 0.90902778 | U95: 4.8 | V95: 111 | AA95: =M95-J95 -> -644.32432 | AB95: =M95/J95 -> 0.82102102
B106: 平均 | I106: =AVERAGE(I90:I105) -> 12 | J106: =AVERAGE(J90:J105) -> 3600 | K106: =J106/I106 -> 300 | L106: =AVERAGE(L90:L105) -> 12 | M106: =AVERAGE(M90:M105) -> 3134.2628 | N106: =M106/L106 -> 261.18856 | O106: =L106-I106 -> 0 | P106: =N106-K106 -> -38.811437 | Q106: =N106/K106 -> 0.87062854 | S106: =S90 -> 0.70833333 | T106: =INDEX(T90:T105,COUNTA(T90:T105)) -> 0.90902778 | AA106: =M106-J106 -> -465.73725 | AB106: =M106/J106 -> 0.87062854
A107: (新) 3300型飯糰機 (二配) | B107: 18℃-飯糰 | C107: 二配油蔥G絲飯糰 | E107: 18.18 | F107: 788 | G107: =E107*F107 -> 14325.84 | I107: 4 | J107: 3300 | K107: =J107/I107 -> 825 | L107: 4 | M107: =F107/V107*60 -> 2970.4712 | N107: =M107/L107 -> 742.6178 | O107: =L107-I107 -> 0 | P107: =N107-K107 -> -82.382199 | Q107: =N107/K107 -> 0.90014279 | R107: =Q123 -> 0.89586621 | S107: 0.7083912 | T107: 0.71944444 | V107: 15.916667 | AA107: =M107-J107 -> -329.5288 | AB107: =M107/J107 -> 0.90014279 | AC107: =AB123 -> 0.89586621
B108: 18℃-飯糰 | C108: 二配大飯糰鮪魚昆布 | E108: 22.21 | F108: 2077 | G108: =E108*F108 -> 46130.17 | I108: 4 | J108: 3000 | K108: =J108/I108 -> 750 | L108: 4 | M108: =F108/V108*60 -> 2682.8848 | N108: =M108/L108 -> 670.72121 | O108: =L108-I108 -> 0 | P108: =N108-K108 -> -79.278794 | Q108: =N108/K108 -> 0.89429494 | S108: 0.72291667 | T108: 0.75517361 | U108: 5 | V108: 46.45 | AA108: =M108-J108 -> -317.11518 | AB108: =M108/J108 -> 0.89429494
B109: 18℃-飯糰 | C109: 二配大飯糰滷肉飯加蛋 | E109: 22.48 | F109: 1197 | G109: =E109*F109 -> 26908.56 | I109: 5 | J109: 3000 | K109: =J109/I109 -> 600 | L109: 5 | M109: =F109/V109*60 -> 2683.188 | N109: =M109/L109 -> 536.63761 | O109: =L109-I109 -> 0 | P109: =N109-K109 -> -63.362391 | Q109: =N109/K109 -> 0.89439601 | S109: 0.75918981 | T109: 0.77777778 | U109: 5.7833333 | V109: 26.766667 | AA109: =M109-J109 -> -316.81196 | AB109: =M109/J109 -> 0.89439601
B110: 18℃-飯糰 | C110: 二配大飯糰韓式蒜烤豬五花 | E110: 24.54 | F110: 2044 | G110: =E110*F110 -> 50159.76 | I110: 4 | J110: 3000 | K110: =J110/I110 -> 750 | L110: 4 | M110: =F110/V110*60 -> 2682.6103 | N110: =M110/L110 -> 670.65257 | O110: =L110-I110 -> 0 | P110: =N110-K110 -> -79.34743 | Q110: =N110/K110 -> 0.89420343 | S110: 0.78144676 | T110: 0.81319444 | U110: 5.2833333 | V110: 45.716667 | AA110: =M110-J110 -> -317.38972 | AB110: =M110/J110 -> 0.89420343
B123: 平均 | I123: =AVERAGE(I107:I122) -> 4.25 | J123: =AVERAGE(J107:J122) -> 3075 | K123: =J123/I123 -> 723.52941 | L123: =AVERAGE(L107:L122) -> 4.25 | M123: =AVERAGE(M107:M122) -> 2754.7886 | N123: =M123/L123 -> 648.18555 | O123: =L123-I123 -> 0 | P123: =N123-K123 -> -75.343862 | Q123: =N123/K123 -> 0.89586621 | S123: =S107 -> 0.7083912 | T123: =INDEX(T107:T122,COUNTA(T107:T122)) -> 0.81319444 | AA123: =M123-J123 -> -320.21141 | AB123: =M123/J123 -> 0.89586621
A124: GKK3600型 飯糰機 (二配) | B124: 18℃-飯糰 | C124: 二配芝麻香鬆飯糰 | E124: 18.18 | F124: 682 | G124: =E124*F124 -> 12398.76 | H124: 2 | I124: 4 | J124: 3000 | K124: =J124/I124 -> 750 | L124: 4 | M124: =F124/V124*60 -> 2700.9901 | N124: =M124/L124 -> 675.24752 | O124: =L124-I124 -> 0 | P124: =N124-K124 -> -74.752475 | Q124: =N124/K124 -> 0.90033003 | R124: =Q140 -> 0.88949232 | S124: 0.70833333 | T124: 0.71885417 | V124: 15.15 | AA124: =M124-J124 -> -299.0099 | AB124: =M124/J124 -> 0.90033003 | AC124: =AB140 -> 0.88949232
B125: 18℃-飯糰 | C125: 二配經典肉鬆飯糰 | E125: 14.03 | F125: 2387 | G125: =E125*F125 -> 33489.61 | H125: 2 | I125: 3 | J125: 3000 | K125: =J125/I125 -> 1000 | L125: 3 | M125: =F125/V125*60 -> 2699.7172 | N125: =M125/L125 -> 899.90575 | O125: =L125-I125 -> 0 | P125: =N125-K125 -> -100.09425 | Q125: =N125/K125 -> 0.89990575 | S125: 0.72916667 | T125: 0.76600694 | U125: 14.85 | V125: 53.05 | AA125: =M125-J125 -> -300.28275 | AB125: =M125/J125 -> 0.89990575
B126: 18℃-飯糰 | C126: 二配蔬食鮪魚飯糰 | E126: 18.18 | F126: 1366 | G126: =E126*F126 -> 24833.88 | I126: 3 | J126: 3600 | K126: =J126/I126 -> 1200 | L126: 3 | M126: =F126/V126*60 -> 3174.6934 | N126: =M126/L126 -> 1058.2311 | O126: =L126-I126 -> 0 | P126: =N126-K126 -> -141.76888 | Q126: =N126/K126 -> 0.88185926 | S126: 0.7765162 | T126: 0.79444444 | U126: 15.133333 | V126: 25.816667 | AA126: =M126-J126 -> -425.30665 | AB126: =M126/J126 -> 0.88185926
B127: 18℃-飯糰 | C127: 二配三杯醬爆菇菇飯糰 | E127: 16.7 | F127: 481 | G127: =E127*F127 -> 8032.7 | H127: 2 | I127: 3 | J127: 3600 | K127: =J127/I127 -> 1200 | L127: 3 | M127: =F127/V127*60 -> 3177.2477 | N127: =M127/L127 -> 1059.0826 | O127: =L127-I127 -> 0 | P127: =N127-K127 -> -140.91743 | Q127: =N127/K127 -> 0.88256881 | S127: 0.80555556 | T127: 0.81186343 | U127: 16 | V127: 9.0833333 | AA127: =M127-J127 -> -422.75229 | AB127: =M127/J127 -> 0.88256881
B128: 18℃-飯糰 | C128: 二配鮪魚飯糰 | E128: 14.28 | F128: 3049 | G128: =E128*F128 -> 43539.72 | H128: 2 | I128: 3 | J128: 3600 | K128: =J128/I128 -> 1200 | L128: 3 | M128: =F128/V128*60 -> 3175.1229 | N128: =M128/L128 -> 1058.3743 | O128: =L128-I128 -> 0 | P128: =N128-K128 -> -141.62569 | Q128: =N128/K128 -> 0.88197859 | S128: 0.82248843 | T128: 0.8625 | U128: 15.3 | V128: 57.616667 | W128: 0.8625 | X128: 0.91472222 | AA128: =M128-J128 -> -424.87706 | AB128: =M128/J128 -> 0.88197859
B129: 18℃-飯糰 | C129: 二配芝麻香鬆飯糰 | E129: 18.18 | F129: 1251 | G129: =E129*F129 -> 22743.18 | I129: 4 | J129: 3000 | K129: =J129/I129 -> 750 | L129: 4 | M129: =F129/V129*60 -> 2700 | N129: =M129/L129 -> 675 | O129: =L129-I129 -> 0 | P129: =N129-K129 -> -75 | Q129: =N129/K129 -> 0.9 | S129: 0.91472222 | T129: 0.93402778 | U129: 75.2 | V129: 27.8 | AA129: =M129-J129 -> -300 | AB129: =M129/J129 -> 0.9
B130: 18℃-飯糰 | C130: 二配三杯醬爆菇菇飯糰 | E130: 16.7 | F130: 997 | G130: =E130*F130 -> 16649.9 | I130: 3 | J130: 3600 | K130: =J130/I130 -> 1200 | L130: 3 | M130: =F130/V130*60 -> 3176.2832 | N130: =M130/L130 -> 1058.7611 | O130: =L130-I130 -> 0 | P130: =N130-K130 -> -141.23894 | Q130: =N130/K130 -> 0.88230088 | S130: 0.94456019 | T130: 0.95763889 | U130: 15.166667 | V130: 18.833333 | AA130: =M130-J130 -> -423.71681 | AB130: =M130/J130 -> 0.88230088
B131: 18℃-飯糰 | C131: 二配壹號醬炙烤牛飯糰 | E131: 22.28 | F131: 1331 | G131: =E131*F131 -> 29654.68 | I131: 5 | J131: 3300 | K131: =J131/I131 -> 660 | L131: 5 | M131: =F131/V131*60 -> 2941.4365 | N131: =M131/L131 -> 588.28729 | O131: =L131-I131 -> 0 | P131: =N131-K131 -> -71.712707 | Q131: =N131/K131 -> 0.89134438 | S131: 0.96805556 | T131: 0.98690972 | U131: 15 | V131: 27.15 | AA131: =M131-J131 -> -358.56354 | AB131: =M131/J131 -> 0.89134438
B132: 18℃-飯糰 | C132: 二配經典肉鬆飯糰 | E132: 14.03 | F132: 5885 | G132: =E132*F132 -> 82566.55 | I132: 3 | J132: 3000 | K132: =J132/I132 -> 1000 | L132: 3 | M132: =F132/V132*60 -> 2699.5413 | N132: =M132/L132 -> 899.84709 | O132: =L132-I132 -> 0 | P132: =N132-K132 -> -100.15291 | Q132: =N132/K132 -> 0.89984709 | S132: 0.99736111 | T132: 1.0881944 | U132: 15.05 | V132: 130.8 | AA132: =M132-J132 -> -300.45872 | AB132: =M132/J132 -> 0.89984709
B133: 18℃-飯糰 | C133: 二配鮪魚飯糰 | E133: 14.28 | F133: 7823 | G133: =E133*F133 -> 111712.44 | I133: 3 | J133: 3600 | K133: =J133/I133 -> 1200 | L133: 3 | M133: =F133/V133*60 -> 3175.062 | N133: =M133/L133 -> 1058.354 | O133: =L133-I133 -> 0 | P133: =N133-K133 -> -141.646 | Q133: =N133/K133 -> 0.88196167 | S133: 1.0987269 | T133: 1.2013889 | U133: 15.166667 | V133: 147.83333 | AA133: =M133-J133 -> -424.93799 | AB133: =M133/J133 -> 0.88196167
B140: 平均 | I140: =AVERAGE(I124:I139) -> 3.4 | J140: =AVERAGE(J124:J139) -> 3330 | K140: =J140/I140 -> 979.41176 | L140: =AVERAGE(L124:L139) -> 3.4 | M140: =AVERAGE(M124:M139) -> 2962.0094 | N140: =M140/L140 -> 871.17924 | O140: =L140-I140 -> 0 | P140: =N140-K140 -> -108.23252 | Q140: =N140/K140 -> 0.88949232 | S140: =S124 -> 0.70833333 | T140: =INDEX(T124:T139,COUNTA(T124:T139)) -> 1.2013889 | AA140: =M140-J140 -> -367.99057 | AB140: =M140/J140 -> 0.88949232
A141: GKK3600型 飯糰機2 (二配) | B141: 18℃-飯糰 | C141: 二配壹號醬炙烤牛飯糰 | E141: 22.28 | F141: 502 | G141: =E141*F141 -> 11184.56 | H141: 2 | I141: 5 | J141: 3300 | K141: =J141/I141 -> 660 | L141: 5 | M141: =F141/V141*60 -> 2943.3225 | N141: =M141/L141 -> 588.6645 | O141: =L141-I141 -> 0 | P141: =N141-K141 -> -71.335505 | Q141: =N141/K141 -> 0.8919159 | R141: =Q157 -> 0.88624725 | S141: 0.70833333 | T141: 0.71543981 | V141: 10.233333 | AA141: =M141-J141 -> -356.67752 | AB141: =M141/J141 -> 0.8919159 | AC141: =AB157 -> 0.88624725
B142: 18℃-飯糰 | C142: 二配明太子龍蝦風味沙拉飯糰 | E142: 18.18 | F142: 1111 | G142: =E142*F142 -> 20197.98 | H142: 2 | I142: 3 | J142: 3600 | K142: =J142/I142 -> 1200 | L142: 3 | M142: =F142/V142*60 -> 3176.807 | N142: =M142/L142 -> 1058.9357 | O142: =L142-I142 -> 0 | P142: =N142-K142 -> -141.06434 | Q142: =N142/K142 -> 0.88244639 | S142: 0.72570602 | T142: 0.74027778 | U142: 14.783333 | V142: 20.983333 | AA142: =M142-J142 -> -423.19301 | AB142: =M142/J142 -> 0.88244639
B143: 18℃-飯糰 | C143: 二配北海道秋鮭親子飯糰 | E143: 24.82 | F143: 907 | G143: =E143*F143 -> 22511.74 | H143: 2 | I143: 4 | J143: 3300 | K143: =J143/I143 -> 825 | L143: 4 | M143: =F143/V143*60 -> 2944.2741 | N143: =M143/L143 -> 736.06853 | O143: =L143-I143 -> 0 | P143: =N143-K143 -> -88.93147 | Q143: =N143/K143 -> 0.89220428 | S143: 0.75069444 | T143: 0.76353009 | U143: 15 | V143: 18.483333 | AA143: =M143-J143 -> -355.72588 | AB143: =M143/J143 -> 0.89220428
B144: 18℃-飯糰 | C144: 二配熟成紅鮭飯糰 | E144: 25.03 | F144: 734 | G144: =E144*F144 -> 18372.02 | H144: 2 | I144: 4 | J144: 3300 | K144: =J144/I144 -> 825 | L144: 4 | M144: =F144/V144*60 -> 2942.539 | N144: =M144/L144 -> 735.63474 | O144: =L144-I144 -> 0 | P144: =N144-K144 -> -89.365256 | Q144: =N144/K144 -> 0.89167848 | S144: 0.77363426 | T144: 0.78402778 | U144: 14.55 | V144: 14.966667 | AA144: =M144-J144 -> -357.46102 | AB144: =M144/J144 -> 0.89167848
B145: 18℃-飯糰 | C145: 二配鹽蔥燒肉飯糰 | E145: 17.89 | F145: 1635 | G145: =E145*F145 -> 29250.15 | H145: 2 | I145: 4 | J145: 3600 | K145: =J145/I145 -> 900 | L145: 4 | M145: =F145/V145*60 -> 3176.4706 | N145: =M145/L145 -> 794.11765 | O145: =L145-I145 -> 0 | P145: =N145-K145 -> -105.88235 | Q145: =N145/K145 -> 0.88235294 | S145: 0.79452546 | T145: 0.81597222 | U145: 15.116667 | V145: 30.883333 | AA145: =M145-J145 -> -423.52941 | AB145: =M145/J145 -> 0.88235294
B146: 18℃-飯糰 | C146: 二配雞肉飯飯糰 | E146: 16.66 | F146: 2656 | G146: =E146*F146 -> 44248.96 | H146: 2 | I146: 5 | J146: 3600 | K146: =J146/I146 -> 720 | L146: 5 | M146: =F146/V146*60 -> 3172.3955 | N146: =M146/L146 -> 634.4791 | O146: =L146-I146 -> 0 | P146: =N146-K146 -> -85.520902 | Q146: =N146/K146 -> 0.88122097 | S146: 0.82638889 | T146: 0.86127315 | U146: 15 | V146: 50.233333 | W146: 0.86127315 | X146: 0.91388889 | AA146: =M146-J146 -> -427.60451 | AB146: =M146/J146 -> 0.88122097
B147: 18℃-飯糰 | C147: 二配明太子龍蝦風味沙拉飯糰 | E147: 18.18 | F147: 2700 | G147: =E147*F147 -> 49086 | I147: 3 | J147: 3600 | K147: =J147/I147 -> 1200 | L147: 3 | M147: =F147/V147*60 -> 3175.4329 | N147: =M147/L147 -> 1058.4776 | O147: =L147-I147 -> 0 | P147: =N147-K147 -> -141.52238 | Q147: =N147/K147 -> 0.88206468 | S147: 0.91388889 | T147: 0.94931713 | U147: 75.766667 | V147: 51.016667 | AA147: =M147-J147 -> -424.56713 | AB147: =M147/J147 -> 0.88206468
B148: 18℃-飯糰 | C148: 二配北海道秋鮭親子飯糰 | E148: 24.82 | F148: 1990 | G148: =E148*F148 -> 49391.8 | I148: 4 | J148: 3300 | K148: =J148/I148 -> 825 | L148: 4 | M148: =F148/V148*60 -> 2943.3032 | N148: =M148/L148 -> 735.8258 | O148: =L148-I148 -> 0 | P148: =N148-K148 -> -89.174199 | Q148: =N148/K148 -> 0.89191006 | S148: 0.96071759 | T148: 0.98888889 | U148: 16.416667 | V148: 40.566667 | AA148: =M148-J148 -> -356.6968 | AB148: =M148/J148 -> 0.89191006
B149: 18℃-飯糰 | C149: 二配熟成紅鮭飯糰 | E149: 25.03 | F149: 1449 | G149: =E149*F149 -> 36268.47 | I149: 4 | J149: 3300 | K149: =J149/I149 -> 825 | L149: 4 | M149: =F149/V149*60 -> 2942.132 | N149: =M149/L149 -> 735.53299 | O149: =L149-I149 -> 0 | P149: =N149-K149 -> -89.467005 | Q149: =N149/K149 -> 0.89155515 | S149: 0.99961806 | T149: 1.0201389 | U149: 15.45 | V149: 29.55 | AA149: =M149-J149 -> -357.86802 | AB149: =M149/J149 -> 0.89155515
B150: 18℃-飯糰 | C150: 二配鹽蔥燒肉飯糰 | E150: 17.89 | F150: 4289 | G150: =E150*F150 -> 76730.21 | I150: 4 | J150: 3600 | K150: =J150/I150 -> 900 | L150: 4 | M150: =F150/V150*60 -> 3177.037 | N150: =M150/L150 -> 794.25926 | O150: =L150-I150 -> 0 | P150: =N150-K150 -> -105.74074 | Q150: =N150/K150 -> 0.88251029 | S150: 1.0305556 | T150: 1.0868056 | U150: 15 | V150: 81 | AA150: =M150-J150 -> -422.96296 | AB150: =M150/J150 -> 0.88251029
B151: 18℃-飯糰 | C151: 二配雞肉飯飯糰 | E151: 16.66 | F151: 6453 | G151: =E151*F151 -> 107506.98 | I151: 5 | J151: 3600 | K151: =J151/I151 -> 720 | L151: 5 | M151: =F151/V151*60 -> 3172.3064 | N151: =M151/L151 -> 634.46129 | O151: =L151-I151 -> 0 | P151: =N151-K151 -> -85.538714 | Q151: =N151/K151 -> 0.88119623 | S151: 1.0972222 | T151: 1.1819792 | U151: 15 | V151: 122.05 | AA151: =M151-J151 -> -427.69357 | AB151: =M151/J151 -> 0.88119623
B157: 平均 | I157: =AVERAGE(I141:I156) -> 4.0909091 | J157: =AVERAGE(J141:J156) -> 3463.6364 | K157: =J157/I157 -> 846.66667 | L157: =AVERAGE(L141:L156) -> 4.0909091 | M157: =AVERAGE(M141:M156) -> 3069.6382 | N157: =M157/L157 -> 750.356 | O157: =L157-I157 -> 0 | P157: =N157-K157 -> -96.310663 | Q157: =N157/K157 -> 0.88624725 | S157: =S141 -> 0.70833333 | T157: =INDEX(T141:T156,COUNTA(T141:T156)) -> 1.1819792 | AA157: =M157-J157 -> -393.99817 | AB157: =M157/J157 -> 0.88624725
Y159: 原因回覆
Y160: 1.當日出勤人數較多
Y161: 2.當日出勤人數較少
Y162: 3.當日出勤熟手較多
Y163: 4.當日出勤新人較多
Y164: 5.機台夾盒
Y165: 6.封膜不順
Y166: 7.更換膠膜
Y167: 8.更換碳帶
Y168: 9.當日熱轉印碳帶異常
Y169: 10.訂單量過少
Y170: 11.新品上市，尚未熟悉
Y171: 12.活動期間品項需貼標

Sheet 0330(4度C)
A1: 大溪廠日報分析 | C1: 總生產量 | D1: =SUM(F5:F123) -> 53768 | E1: 營業額 | F1: =SUM(G5:G123) -> 2747355.8 | G1: 出勤人數 | H1: =L21+L38+L55+L72+L89+L106+L123 -> 139.25 | I1: 產線配置圖 | L1: 生產實績 | O1: 人時性差異分析 | S1: 日報登錄 | Y1: 合計次數 | Z1: 合計(時間/分) | AA1: 產線異常 分析說明(5分鐘以上) | AC1: 合計次數 | AD1: 合計(時間/分) | AE1: 產能差異分析
A2: 46111 | C2: 人時性 | D2: =AVERAGE(N21,N38,N55,N72,N89,N106,N123) -> 117.63408 | E2: 平均廠價 | F2: =F1/D1 -> 51.096485 | G2: 多次生產數 | H2: =COUNT(H5:H123) -> 0 | Y2: =SUM(Y21,Y38,Y55,Y72,Y89,Y106,Y123) -> 0 | Z2: =SUM(Z21,Z38,Z55,Z72,Z89,Z106,Z123) -> 0 | AC2: =SUM(AC21,AC38,AC55,AC72,AC89,AC106,AC123) -> 0 | AD2: =SUM(AD21,AD38,AD55,AD72,AD89,AD106,AD123) -> 0
A3: 線別 | B3: 品類 | C3: 品名 | E3: 廠價 | F3: 生產量 | G3: 營收 | H3: 多次 生產 | I3: 人數 | J3: 產能/時 | K3: 人時性 | L3: 人數 | M3: 產能/時 | N3: 人時性 | O3: 人數 | P3: 人時性 | Q3: 達成率 | R3: 達成率 平均 | S3: 生產時間 | U3: 換線、休息/分 | V3: 稼動時間/分 | W3: 休息時間 | Y3: 產線異常統計(5分鐘以上) | AA3: (屏榮回填) | AC3: 短暫停線統計(5分鐘以下) | AE3: 產能/時 | AF3: 達成率 | AG3: 達成率平均
S4: 開始 | T4: 結束 | W4: 開始 | X4: 結束 | Y4: 次數 | Z4: 時間/分 | AC4: 總次數 | AD4: 設備因素(次數)
A5: 便當二線 | B5: 微波主食 | C5: 糖燻野郎三十天熟成牛飯 | E5: 56.77 | F5: 3955 | G5: =E5*F5 -> 224525.35 | I5: 24 | J5: 2000 | K5: =J5/I5 -> 83.333333 | L5: 24 | M5: =F5/V5*60 -> 1785.3292 | N5: =M5/L5 -> 74.388715 | O5: =L5-I5 -> 0 | P5: =N5-K5 -> -8.9446186 | Q5: =N5/K5 -> 0.89266458 | R5: =Q21 -> 0.89322876 | S5: 0.25005787 | T5: 0.34236111 | V5: 132.91667 | AE5: =M5-J5 -> -214.67085 | AF5: =M5/J5 -> 0.89266458 | AG5: =AF21 -> 0.89322876
B6: 便當 | C6: 健身G肉餐盒 | E6: 59.52 | F6: 5118 | G6: =E6*F6 -> 304623.36 | I6: 24 | J6: 2000 | K6: =J6/I6 -> 83.333333 | L6: 24 | M6: =F6/V6*60 -> 1786.0411 | N6: =M6/L6 -> 74.418379 | O6: =L6-I6 -> 0 | P6: =N6-K6 -> -8.9149541 | Q6: =N6/K6 -> 0.89302055 | S6: 0.34587963 | T6: 0.46527778 | U6: 5.0666667 | V6: 171.93333 | W6: 0.46527778 | X6: 0.50450231 | AE6: =M6-J6 -> -213.9589 | AF6: =M6/J6 -> 0.89302055
B7: 便當 | C7: 嫩烤香料雞胸排蔬滿盒 | E7: 77.34 | F7: 2608 | G7: =E7*F7 -> 201702.72 | I7: 23 | J7: 2000 | K7: =J7/I7 -> 86.956522 | L7: 23 | M7: =F7/V7*60 -> 1788.0023 | N7: =M7/L7 -> 77.73923 | O7: =L7-I7 -> 0 | P7: =N7-K7 -> -9.2172919 | Q7: =N7/K7 -> 0.89400114 | S7: 0.50450231 | T7: 0.56527778 | U7: 56.483333 | V7: 87.516667 | AE7: =M7-J7 -> -211.99771 | AF7: =M7/J7 -> 0.89400114
B21: 平均 | I21: =AVERAGE(I5:I20) -> 23.666667 | J21: =AVERAGE(J5:J20) -> 2000 | K21: =J21/I21 -> 84.507042 | L21: =AVERAGE(L5:L20) -> 23.666667 | M21: =AVERAGE(M5:M20) -> 1786.4575 | N21: =M21/L21 -> 75.48412 | O21: =L21-I21 -> 0 | P21: =N21-K21 -> -9.022922 | Q21: =N21/K21 -> 0.89322876 | S21: =S5 -> 0.25005787 | T21: =INDEX(T5:T20,COUNTA(T5:T20)) -> 0.56527778 | Y21: =SUM(Y5:Y20) -> 0 | Z21: =SUM(Z5:Z20) -> 0 | AC21: =SUM(AC5:AC20) -> 0 | AD21: =SUM(AD5:AD20) -> 0 | AE21: =M21-J21 -> -213.54249 | AF21: =M21/J21 -> 0.89322876
A22: 涼麵一線 | B22: 便當 | C22: 經典滷肉飯 | E22: 47.37 | F22: 2048 | G22: =E22*F22 -> 97013.76 | I22: 21 | J22: 2000 | K22: =J22/I22 -> 95.238095 | L22: 22 | M22: =F22/V22*60 -> 1785.1816 | N22: =M22/L22 -> 81.144618 | O22: =L22-I22 -> 1 | P22: =N22-K22 -> -14.093477 | Q22: =N22/K22 -> 0.85201849 | R22: =Q38 -> 0.88739189 | S22: 0.25011574 | T22: 0.29791667 | V22: 68.833333 | AE22: =M22-J22 -> -214.8184 | AF22: =M22/J22 -> 0.8925908 | AG22: =AF38 -> 0.90852027
B23: 便當 | C23: 香腸腿排雙拼便當 | E23: 53.76 | F23: 3351 | G23: =E23*F23 -> 180149.76 | I23: 20 | J23: 2000 | K23: =J23/I23 -> 100 | L23: 20 | M23: =F23/V23*60 -> 1786.406 | N23: =M23/L23 -> 89.320302 | O23: =L23-I23 -> 0 | P23: =N23-K23 -> -10.679698 | Q23: =N23/K23 -> 0.89320302 | S23: 0.30239583 | T23: 0.38055556 | U23: 6.45 | V23: 112.55 | AE23: =M23-J23 -> -213.59396 | AF23: =M23/J23 -> 0.89320302
B24: 便當 | C24: 蔬活腿排補力餐盒 | E24: 71.55 | F24: 2631 | G24: =E24*F24 -> 188248.05 | I24: 22 | J24: 2000 | K24: =J24/I24 -> 90.909091 | L24: 22 | M24: =F24/V24*60 -> 1786.4202 | N24: =M24/L24 -> 81.200919 | O24: =L24-I24 -> 0 | P24: =N24-K24 -> -9.7081719 | Q24: =N24/K24 -> 0.89321011 | S24: 0.38402778 | T24: 0.44539352 | U24: 5 | V24: 88.366667 | W24: 0.44539352 | X24: 0.48402778 | AE24: =M24-J24 -> -213.57978 | AF24: =M24/J24 -> 0.89321011
B25: 4℃-飯糰 | C25: 麻油雞飯糰 | E25: 29.97 | F25: 2979 | G25: =E25*F25 -> 89280.63 | I25: 21 | J25: 2790 | K25: =J25/I25 -> 132.85714 | L25: 22 | M25: =F25/V25*60 -> 2627.8853 | N25: =M25/L25 -> 119.44933 | O25: =L25-I25 -> 1 | P25: =N25-K25 -> -13.40781 | Q25: =N25/K25 -> 0.899081 | S25: 0.48402778 | T25: 0.53126157 | U25: 55.633333 | V25: 68.016667 | AE25: =M25-J25 -> -162.11468 | AF25: =M25/J25 -> 0.94189438
B38: 平均 | I38: =AVERAGE(I22:I37) -> 21 | J38: =AVERAGE(J22:J37) -> 2197.5 | K38: =J38/I38 -> 104.64286 | L38: =AVERAGE(L22:L37) -> 21.5 | M38: =AVERAGE(M22:M37) -> 1996.4733 | N38: =M38/L38 -> 92.859223 | O38: =L38-I38 -> 0.5 | P38: =N38-K38 -> -11.783634 | Q38: =N38/K38 -> 0.88739189 | S38: =S22 -> 0.25011574 | T38: =INDEX(T22:T37,COUNTA(T22:T37)) -> 0.53126157 | Y38: =SUM(Y22:Y37) -> 0 | Z38: =SUM(Z22:Z37) -> 0 | AC38: =SUM(AC22:AC37) -> 0 | AD38: =SUM(AD22:AD37) -> 0 | AE38: =M38-J38 -> -201.0267 | AF38: =M38/J38 -> 0.90852027
A39: 涼麵二線 | B39: 便當 | C39: 美式雞丁餐盒 | E39: 59.34 | F39: 2201 | G39: =E39*F39 -> 130607.34 | I39: 24 | J39: 2000 | K39: =J39/I39 -> 83.333333 | L39: 24 | M39: =F39/V39*60 -> 1787.0095 | N39: =M39/L39 -> 74.458728 | O39: =L39-I39 -> 0 | P39: =N39-K39 -> -8.8746053 | Q39: =N39/K39 -> 0.89350474 | R39: =Q55 -> 0.89326919 | S39: 0.25006944 | T39: 0.30138889 | V39: 73.9 | AE39: =M39-J39 -> -212.99053 | AF39: =M39/J39 -> 0.89350474 | AG39: =AF55 -> 0.89326919
B40: 便當 | C40: 烤蛋白餐盒 | E40: 58.67 | F40: 4316 | G40: =E40*F40 -> 253219.72 | I40: 23 | J40: 2000 | K40: =J40/I40 -> 86.956522 | L40: 23 | M40: =F40/V40*60 -> 1786.958 | N40: =M40/L40 -> 77.693827 | O40: =L40-I40 -> 0 | P40: =N40-K40 -> -9.2626947 | Q40: =N40/K40 -> 0.89347901 | S40: 0.30491898 | T40: 0.40555556 | U40: 5.0833333 | V40: 144.91667 | AE40: =M40-J40 -> -213.04198 | AF40: =M40/J40 -> 0.89347901
B41: 便當 | C41: 海陸雙拼肉肉餐盒 | E41: 59.54 | F41: 3297 | G41: =E41*F41 -> 196303.38 | I41: 23 | J41: 2000 | K41: =J41/I41 -> 86.956522 | L41: 23 | M41: =F41/V41*60 -> 1785.6477 | N41: =M41/L41 -> 77.636855 | O41: =L41-I41 -> 0 | P41: =N41-K41 -> -9.3196669 | Q41: =N41/K41 -> 0.89282383 | S41: 0.40987269 | T41: 0.48680556 | U41: 6.2166667 | V41: 110.78333 | AE41: =M41-J41 -> -214.35234 | AF41: =M41/J41 -> 0.89282383
B55: 平均 | I55: =AVERAGE(I39:I54) -> 23.333333 | J55: =AVERAGE(J39:J54) -> 2000 | K55: =J55/I55 -> 85.714286 | L55: =AVERAGE(L39:L54) -> 23.333333 | M55: =AVERAGE(M39:M54) -> 1786.5384 | N55: =M55/L55 -> 76.565931 | O55: =L55-I55 -> 0 | P55: =N55-K55 -> -9.1483549 | Q55: =N55/K55 -> 0.89326919 | S55: =S39 -> 0.25006944 | T55: =INDEX(T39:T54,COUNTA(T39:T54)) -> 0.48680556 | Y55: =SUM(Y39:Y54) -> 0 | Z55: =SUM(Z39:Z54) -> 0 | AC55: =SUM(AC39:AC54) -> 0 | AD55: =SUM(AD39:AD54) -> 0 | AE55: =M55-J55 -> -213.46162 | AF55: =M55/J55 -> 0.89326919
A56: 涼麵三線 | B56: 微波小吃 | C56: 日式茶碗蒸 | E56: 19.7 | F56: 3639 | G56: =E56*F56 -> 71688.3 | I56: 13 | J56: 1200 | K56: =J56/I56 -> 92.307692 | L56: 13 | M56: =F56/V56*60 -> 1079.644 | N56: =M56/L56 -> 83.049537 | O56: =L56-I56 -> 0 | P56: =N56-K56 -> -9.2581557 | Q56: =N56/K56 -> 0.89970331 | R56: =Q72 -> 0.90478413 | S56: 0.25 | T56: 0.39043981 | V56: 202.23333 | AE56: =M56-J56 -> -120.35602 | AF56: =M56/J56 -> 0.89970331 | AG56: =AF72 -> 0.90478413
B57: 4℃-壽司手卷 | C57: 明太子泡菜牛飯卷 | E57: 27.05 | F57: 732 | G57: =E57*F57 -> 19800.6 | I57: 6 | J57: 3273 | K57: =J57/I57 -> 545.5 | L57: 6 | M57: =F57/V57*60 -> 2960.8989 | N57: =M57/L57 -> 493.48315 | O57: =L57-I57 -> 0 | P57: =N57-K57 -> -52.016854 | Q57: =N57/K57 -> 0.90464371 | S57: 0.39386574 | T57: 0.40416667 | U57: 4.9333333 | V57: 14.833333 | AE57: =M57-J57 -> -312.10112 | AF57: =M57/J57 -> 0.90464371
B58: 4℃-壽司手卷 | C58: 香料咖哩烤雞飯卷 | E58: 26.21 | F58: 1588 | G58: =E58*F58 -> 41621.48 | I58: 6 | J58: 3273 | K58: =J58/I58 -> 545.5 | L58: 6 | M58: =F58/V58*60 -> 2962.0725 | N58: =M58/L58 -> 493.67876 | O58: =L58-I58 -> 0 | P58: =N58-K58 -> -51.821244 | Q58: =N58/K58 -> 0.9050023 | S58: 0.40833333 | T58: 0.4306713 | U58: 6 | V58: 32.166667 | AE58: =M58-J58 -> -310.92746 | AF58: =M58/J58 -> 0.9050023
B59: 4℃-飯糰 | C59: 蟹味可樂餅風炸飯糰 | E59: 21.92 | F59: 1443 | G59: =E59*F59 -> 31630.56 | I59: 6 | J59: 3600 | K59: =J59/I59 -> 600 | L59: 6 | M59: =F59/V59*60 -> 3263.0653 | N59: =M59/L59 -> 543.84422 | O59: =L59-I59 -> 0 | P59: =N59-K59 -> -56.155779 | Q59: =N59/K59 -> 0.90640704 | S59: 0.43435185 | T59: 0.45277778 | U59: 5.3 | V59: 26.533333 | AE59: =M59-J59 -> -336.93467 | AF59: =M59/J59 -> 0.90640704
B72: 平均 | I72: =AVERAGE(I56:I71) -> 7.75 | J72: =AVERAGE(J56:J71) -> 2836.5 | K72: =J72/I72 -> 366 | L72: =AVERAGE(L56:L71) -> 7.75 | M72: =AVERAGE(M56:M71) -> 2566.4202 | N72: =M72/L72 -> 331.15099 | O72: =L72-I72 -> 0 | P72: =N72-K72 -> -34.849009 | Q72: =N72/K72 -> 0.90478413 | S72: =S56 -> 0.25 | T72: =INDEX(T56:T71,COUNTA(T56:T71)) -> 0.45277778 | Y72: =SUM(Y56:Y71) -> 0 | Z72: =SUM(Z56:Z71) -> 0 | AC72: =SUM(AC56:AC71) -> 0 | AD72: =SUM(AD56:AD71) -> 0 | AE72: =M72-J72 -> -270.07982 | AF72: =M72/J72 -> 0.90478413
A73: 便當二線 (二配) | B73: 微波主食 | C73: 二配蒙古風味烤肉飯 | E73: 58.17 | F73: 1330 | G73: =E73*F73 -> 77366.1 | I73: 19 | J73: 1800 | K73: =J73/I73 -> 94.736842 | L73: 19 | M73: =F73/V73*60 -> 1606.1724 | N73: =M73/L73 -> 84.535391 | O73: =L73-I73 -> 0 | P73: =N73-K73 -> -10.201451 | Q73: =N73/K73 -> 0.89231801 | R73: =Q89 -> 0.89236107 | S73: 0.70855324 | T73: 0.74305556 | V73: 49.683333 | AE73: =M73-J73 -> -193.82757 | AF73: =M73/J73 -> 0.89231801 | AG73: =AF89 -> 0.89236107
B74: 微波主食 | C74: 二配鐵板豆腐燴蛋蓋飯 | E74: 44.98 | F74: 2990 | G74: =E74*F74 -> 134490.2 | I74: 21 | J74: 1800 | K74: =J74/I74 -> 85.714286 | L74: 21 | M74: =F74/V74*60 -> 1606.3274 | N74: =M74/L74 -> 76.491782 | O74: =L74-I74 -> 0 | P74: =N74-K74 -> -9.2225041 | Q74: =N74/K74 -> 0.89240412 | S74: 0.74674769 | T74: 0.82430556 | U74: 5.3166667 | V74: 111.68333 | AE74: =M74-J74 -> -193.67259 | AF74: =M74/J74 -> 0.89240412
B89: 平均 | I89: =AVERAGE(I73:I88) -> 20 | J89: =AVERAGE(J73:J88) -> 1800 | K89: =J89/I89 -> 90 | L89: =AVERAGE(L73:L88) -> 20 | M89: =AVERAGE(M73:M88) -> 1606.2499 | N89: =M89/L89 -> 80.312496 | O89: =L89-I89 -> 0 | P89: =N89-K89 -> -9.687504 | Q89: =N89/K89 -> 0.89236107 | S89: =S73 -> 0.70855324 | T89: =INDEX(T73:T88,COUNTA(T73:T88)) -> 0.82430556 | Y89: =SUM(Y73:Y88) -> 0 | Z89: =SUM(Z73:Z88) -> 0 | AC89: =SUM(AC73:AC88) -> 0 | AD89: =SUM(AD73:AD88) -> 0 | AE89: =M89-J89 -> -193.75008 | AF89: =M89/J89 -> 0.89236107
A90: 涼麵一線 (二配) | B90: 微波主食 | C90: 二配失控起司薯餅焗飯 | E90: 54.09 | F90: 1202 | G90: =E90*F90 -> 65016.18 | I90: 19 | J90: 2000 | K90: =J90/I90 -> 105.26316 | L90: 20 | M90: =F90/V90*60 -> 1787.3606 | N90: =M90/L90 -> 89.36803 | O90: =L90-I90 -> 1 | P90: =N90-K90 -> -15.895128 | Q90: =N90/K90 -> 0.84899628 | R90: =Q106 -> 0.87106479 | S90: 0.70833333 | T90: 0.73635417 | V90: 40.35 | AE90: =M90-J90 -> -212.63941 | AF90: =M90/J90 -> 0.8936803 | AG90: =AF106 -> 0.89339978
B91: 微波主食 | C91: 二配濃起司燻腸紅醬焗烤飯 | E91: 50.67 | F91: 2596 | G91: =E91*F91 -> 131539.32 | I91: 20 | J91: 2000 | K91: =J91/I91 -> 100 | L91: 20 | M91: =F91/V91*60 -> 1786.2385 | N91: =M91/L91 -> 89.311927 | O91: =L91-I91 -> 0 | P91: =N91-K91 -> -10.688073 | Q91: =N91/K91 -> 0.89311927 | S91: 0.73958333 | T91: 0.80013889 | U91: 4.65 | V91: 87.2 | AE91: =M91-J91 -> -213.76147 | AF91: =M91/J91 -> 0.89311927
B106: 平均 | I106: =AVERAGE(I90:I105) -> 19.5 | J106: =AVERAGE(J90:J105) -> 2000 | K106: =J106/I106 -> 102.5641 | L106: =AVERAGE(L90:L105) -> 20 | M106: =AVERAGE(M90:M105) -> 1786.7996 | N106: =M106/L106 -> 89.339978 | O106: =L106-I106 -> 0.5 | P106: =N106-K106 -> -13.224124 | Q106: =N106/K106 -> 0.87106479 | S106: =S90 -> 0.70833333 | T106: =INDEX(T90:T105,COUNTA(T90:T105)) -> 0.80013889 | Y106: =SUM(Y90:Y105) -> 0 | Z106: =SUM(Z90:Z105) -> 0 | AC106: =SUM(AC90:AC105) -> 0 | AD106: =SUM(AD90:AD105) -> 0 | AE106: =M106-J106 -> -213.20044 | AF106: =M106/J106 -> 0.89339978
A107: 涼麵二線 (二配) | B107: 微波主食 | C107: 二配哞哞培根奶香海陸焗飯 | E107: 47.6 | F107: 1938 | G107: =E107*F107 -> 92248.8 | I107: 23 | J107: 2000 | K107: =J107/I107 -> 86.956522 | L107: 23 | M107: =F107/V107*60 -> 1788.9231 | N107: =M107/L107 -> 77.779264 | O107: =L107-I107 -> 0 | P107: =N107-K107 -> -9.1772575 | Q107: =N107/K107 -> 0.89446154 | R107: =Q123 -> 0.89384704 | S107: 0.70833333 | T107: 0.75347222 | V107: 65 | AE107: =M107-J107 -> -211.07692 | AF107: =M107/J107 -> 0.89446154 | AG107: =AF123 -> 0.89384704
B108: 微波主食 | C108: 二配黃金雞排蘑菇白醬歐姆蛋飯 | E108: 56.87 | F108: 1718 | G108: =E108*F108 -> 97702.66 | I108: 23 | J108: 2000 | K108: =J108/I108 -> 86.956522 | L108: 23 | M108: =F108/V108*60 -> 1786.998 | N108: =M108/L108 -> 77.695564 | O108: =L108-I108 -> 0 | P108: =N108-K108 -> -9.2609575 | Q108: =N108/K108 -> 0.89349899 | S108: 0.75716435 | T108: 0.79722222 | U108: 5.3166667 | V108: 57.683333 | AE108: =M108-J108 -> -213.00202 | AF108: =M108/J108 -> 0.89349899
B109: 微波主食 | C109: 二配里肌豬排可可咖哩歐姆蛋飯 | E109: 56.79 | F109: 2088 | G109: =E109*F109 -> 118577.52 | I109: 23 | J109: 2000 | K109: =J109/I109 -> 86.956522 | L109: 23 | M109: =F109/V109*60 -> 1787.1612 | N109: =M109/L109 -> 77.702661 | O109: =L109-I109 -> 0 | P109: =N109-K109 -> -9.2538609 | Q109: =N109/K109 -> 0.8935806 | S109: 0.80138889 | T109: 0.85006944 | U109: 6 | V109: 70.1 | AE109: =M109-J109 -> -212.8388 | AF109: =M109/J109 -> 0.8935806
B123: 平均 | I123: =AVERAGE(I107:I122) -> 23 | J123: =AVERAGE(J107:J122) -> 2000 | K123: =J123/I123 -> 86.956522 | L123: =AVERAGE(L107:L122) -> 23 | M123: =AVERAGE(M107:M122) -> 1787.6941 | N123: =M123/L123 -> 77.72583 | O123: =L123-I123 -> 0 | P123: =N123-K123 -> -9.230692 | Q123: =N123/K123 -> 0.89384704 | S123: =S107 -> 0.70833333 | T123: =INDEX(T107:T122,COUNTA(T107:T122)) -> 0.85006944 | Y123: =SUM(Y107:Y122) -> 0 | Z123: =SUM(Z107:Z122) -> 0 | AC123: =SUM(AC107:AC122) -> 0 | AD123: =SUM(AD107:AD122) -> 0 | AE123: =M123-J123 -> -212.30592 | AF123: =M123/J123 -> 0.89384704
AA125: 原因回覆
AA126: 1.當日出勤人數較多
AA127: 2.當日出勤人數較少
AA128: 3.當日出勤熟手較多
AA129: 4.當日出勤新人較多
AA130: 5.機台夾盒
AA131: 6.封膜不順
AA132: 7.更換膠膜
AA133: 8.更換碳帶
AA134: 9.當日熱轉印碳帶異常
AA135: 10.訂單量過少
AA136: 11.新品上市，尚未熟悉
AA137: 12.活動期間品項需貼標

Sheet 0329
B1: 屏榮 大溪廠組合室生產人時性分析
B3: 日期 | C3: 115.03.29星期日 | E3: 訂單量 | F3: ='0329(18度C)'!D1+'0329(4度C)'!D1 -> 178715 | H3: 營業額 | I3: ='0329(18度C)'!F1+'0329(4度C)'!F1 -> 5382127.6
B4: 人時性 | C4: 項目 | E4: ➀ | G4: ➁ | I4: ➂ | K4: ④ | M4: ⑤ | O4: 異常停線 | Q4: 短暫停線
C5: 組合室 | E5: 全溫層 | G5: 4度C-各編組展開(一配) | I5: 4度C-各編組展開(二配) | K5: 18度C-各編組展開(一配) | M5: 18度C-各編組展開(二配) | O5: 合計次數 | P5: 時間 | Q5: 合計次數 | R5: 設備次數
C6: 排關平均 | E6: =AVERAGE(D14:O14,D32:X32) -> 467.69417 | F6: =AVERAGE(#REF!,D14:K14) -> #REF! | G6: =AVERAGE(D14:K14) -> 160.21605 | I6: =AVERAGE(L14:O14) -> 93.173541 | K6: =AVERAGE(D32:O32) -> 741.60585 | M6: =AVERAGE(P32:X32) -> 713.67315 | O6: ='0329(4度C)'!Y2 -> 0 | P6: ='0329(4度C)'!Z2 -> 0 | Q6: ='0329(4度C)'!AC2 -> 0 | R6: ='0329(4度C)'!AD2 -> 0
C7: 實績平均 | E7: =AVERAGE(D15:O15,D33:X33) -> 416.92232 | F7: =AVERAGE(#REF!,D15:K15) -> #REF! | G7: =AVERAGE(D15:K15) -> 144.00212 | I7: =AVERAGE(L15:O15) -> 82.453841 | K7: =AVERAGE(D33:O33) -> 661.87611 | M7: =AVERAGE(P33:X33) -> 634.50165
C8: 達成率平均 | E8: =AVERAGE(D16:O16,D34:X34) -> 0.89037204 | F8: =AVERAGE(D16:K16,#REF!) -> #REF! | G8: =AVERAGE(D16:K16) -> 0.89461862 | I8: =AVERAGE(L16:O16) -> 0.88569453 | K8: =AVERAGE(D34:O34) -> 0.8917422 | M8: =AVERAGE(P34:X34) -> 0.88792087
O9: ※現行日本鮮食廠以達成率80%為基本(即為現行KPI)
B11: 溫層 | D11: ➁4度C-各編組展開 | L11: ➂4度C-各編組展開
B12: 編組 | D12: 1 | E12: 2 | F12: 3 | G12: 4 | H12: 5 | I12: 6 | J12: 7 | K12: 8 | L12: 1 | M12: 2 | N12: 3 | O12: 4
D13: 便當一線 | E13: 便當二線 | F13: 涼麵一線 | G13: 涼麵二線 | H13: 涼麵三線 | I13: 自動包裝機 | J13: 自動包裝機2 | K13: 自動包裝機3 | L13: 便當一線 | M13: 便當二線 | N13: 涼麵一線 | O13: 涼麵二線
B14: 人時性 | C14: 排關 | D14: - | E14: 84.507042 | F14: 104.64286 | G14: 85.714286 | H14: 366 | I14: - | J14: - | K14: - | L14: - | M14: 90 | N14: 102.5641 | O14: 86.956522
C15: 實績 | D15: - | E15: 75.478282 | F15: 92.86004 | G15: 76.564756 | H15: 331.10542 | I15: - | J15: - | K15: - | L15: - | M15: 80.305307 | N15: 89.33947 | O15: 77.716746
C16: 達成率 | D16: - | E16: =E15/E14 -> 0.89315968 | F16: =F15/F14 -> 0.8873997 | G16: =G15/G14 -> 0.89325548 | H16: =H15/H14 -> 0.90465961 | I16: - | J16: - | K16: - | L16: - | M16: =M15/M14 -> 0.89228119 | N16: =N15/N14 -> 0.87105983 | O16: =O15/O14 -> 0.89374257
B17: 作業 時間 | C17: 開始 | D17: - | E17: 0.20834491 | F17: 0.20833333 | G17: 0.20859954 | H17: 0.25030093 | I17: - | J17: - | K17: - | L17: - | M17: 0.70859954 | N17: 0.70836806 | O17: 0.70833333
C18: 結束 | D18: - | E18: 0.56822917 | F18: 0.51458333 | G18: 0.48078704 | H18: 0.43402778 | I18: - | J18: - | K18: - | L18: - | M18: 0.83680556 | N18: 0.8037037 | O18: 0.86041667
B19: 產線異常 (5分鐘以上) | C19: 次數
C20: 時間/分
B21: 短暫停線 (5分鐘以下) | C21: 次數
C22: 設備次數
B23: 配置人數 | D23: - | E23: 23.666667 | F23: 21.5 | G23: 23.333333 | H23: 7.75 | I23: - | J23: - | K23: - | L23: - | M23: 20 | N23: 20 | O23: 23
B24: 主要應用設備 | D24: L型封口機 | E24: ET-55 | F24: ET-55 | G24: ET-55 | H24: ET-600 | I24: 伺服包裝機 | J24: 伺服包裝機 | K24: 伺服包裝機 | L24: L型封口機 | M24: ET-55 | N24: ET-55 | O24: ET-55
B25: 次要應用設備 | D25: 伺服包裝機 | H25: 伺服包裝機
B26: 備註 | H26: 涼麵+烤飯糰 | I26: 大口飯糰線 | K26: 烤飯糰+手卷
B29: 溫層 | D29: ➃18度C-各編組展開 (一配) | P29: ⑤18度C-各編組展開 (二配)
B30: 編組 | D30: 1 | E30: 2 | F30: 3 | G30: 4 | H30: 5 | I30: 6 | J30: 7 | K30: 8 | L30: 9 | M30: 10 | N30: 11 | O30: 12 | P30: 1 | Q30: 2 | R30: 3 | S30: 4 | T30: 5 | U30: 6 | V30: 7 | W30: 8 | X30: 9
D31: 便當一線 | E31: 涼麵一線 | F31: 涼麵三線 | G31: 自動包裝機 | H31: 自動包裝機2 | I31: 自動包裝機3 | J31: 味付飯糰線B | K31: (舊) 3300型飯糰線 | L31: 3000型飯糰線 | M31: (新) 3300型飯糰機 | N31: GKK3600型 飯糰機 | O31: GKK3600型 飯糰機2 | P31: 自動包裝機 | Q31: 自動包裝機2 | R31: 自動包裝機3 | S31: 味付飯糰線B | T31: (舊) 3300型飯糰線 | U31: 3000型飯糰線 | V31: (新) 3300型飯糰機 | W31: GKK3600型 飯糰機 | X31: GKK3600型 飯糰機2
B32: 人時性 | C32: 排關 | D32: - | E32: - | F32: - | G32: 328.81356 | H32: 433.33333 | I32: - | J32: - | K32: - | L32: - | M32: 1100 | N32: 1005.8824 | O32: 840 | P32: 305.08475 | Q32: - | R32: - | S32: - | T32: - | U32: - | V32: 723.52941 | W32: 979.41176 | X32: 846.66667
C33: 實績 | D33: - | E33: - | F33: - | G33: 290.12501 | H33: 390.14384 | I33: - | J33: - | K33: - | L33: - | M33: 990.28632 | N33: 892.41576 | O33: 746.40962 | P33: 268.61624 | Q33: - | R33: - | S33: - | T33: - | U33: - | V33: 648.11808 | W33: 871.07166 | X33: 750.20061
C34: 達成率 | D34: - | E34: - | F34: - | G34: =G33/G32 -> 0.88233895 | H34: =H33/H32 -> 0.90033195 | I34: - | J34: - | K34: - | L34: - | M34: =M33/M32 -> 0.90026029 | N34: =N33/N32 -> 0.88719696 | O34: =O33/O32 -> 0.88858288 | P34: =P33/P32 -> 0.88046434 | Q34: - | R34: - | S34: - | T34: - | U34: - | V34: =V33/V32 -> 0.89577295 | W34: =W33/W32 -> 0.88938247 | X34: =X33/X32 -> 0.88606372
B35: 作業 時間 | C35: 開始 | D35: - | E35: - | F35: - | G35: 0.25 | H35: 0.29166667 | I35: - | J35: - | K35: - | L35: - | M35: 0.35445602 | N35: 0.20833333 | O35: 0.20847222 | P35: 0.70833333 | Q35: - | R35: - | S35: - | T35: - | U35: - | V35: 0.70833333 | W35: 0.7083912 | X35: 0.70833333
C36: 結束 | D36: - | E36: - | F36: - | G36: 0.46070602 | H36: 0.33364583 | I36: - | J36: - | K36: - | L36: - | M36: 0.40902778 | N36: 0.50238426 | O36: 0.48850694 | P36: 0.82998843 | Q36: - | R36: - | S36: - | T36: - | U36: - | V36: 0.81597222 | W36: 1.2125 | X36: 1.1909722
B37: 配置人數 | D37: - | E37: - | F37: - | G37: 9.8333333 | H37: 6 | I37: - | J37: - | K37: - | L37: - | M37: 3 | N37: 3.4 | O37: 4 | P37: 11.8 | Q37: - | R37: - | S37: - | T37: - | U37: - | V37: 4.25 | W37: 3.4 | X37: 4.0909091
B38: 主要應用設備 | D38: 伺服包裝機 | E38: ET-55 | F38: ET-600 | G38: 夾心型 | H38: 伺服包裝機 | I38: 伺服包裝機 | J38: 夾心型 | K38: 3300型 | L38: 3300型 | M38: 3300型 | N38: GKK | O38: GKK | P38: 夾心型 | Q38: 伺服包裝機 | R38: 伺服包裝機 | S38: 夾心型 | T38: 3300型 | U38: 3300型 | V38: 3300型 | W38: GKK | X38: GKK
B39: 次要應用設備
B40: 備註

Sheet 0329(18度C)
A1: 大溪廠日報分析 | C1: 總生產量 | D1: =SUM(F5:F157) -> 119965 | E1: 營業額 | F1: =SUM(G5:G157) -> 2321924.2 | G1: 出勤人數 | H1: =L21+L38+L55+L72+L89+L106+L123+L140+L157 -> 49.774242 | I1: 產線配置圖 | L1: 生產實績 | O1: 人時性差異分析 | S1: 日報登錄 | Y1: 分析說明 | AA1: 產能差異分析
A2: 46110 | C2: 人時性 | D2: =AVERAGE(N21,N38,N55,N72,N89,N106,N123,N140,N157) -> 649.70968 | E2: 平均廠價 | F2: =F1/D1 -> 19.355014 | G2: 多次生產數 | H2: =COUNT(H5:H157) -> 10
A3: 線別 | B3: 品類 | C3: 品名 | E3: 廠價 | F3: 生產量 | G3: 營收 | H3: 多次 生產 | I3: 人數 | J3: 產能/時 | K3: 人時性 | L3: 人數 | M3: 產能/時 | N3: 人時性 | O3: 人數 | P3: 人時性 | Q3: 達成率 | R3: 達成率 平均 | S3: 生產時間 | U3: 換線、休息/分 | V3: 稼動時間/分 | W3: 休息時間 | Y3: (屏榮回填) | AA3: 產能/時 | AB3: 達成率 | AC3: 達成率平均
S4: 開始 | T4: 結束 | W4: 開始 | X4: 結束
A5: 自動包裝機 | B5: 18℃-壽司手卷 | C5: 一配日式鮪魚美乃滋脆卷 | E5: 17.87 | F5: 1508 | G5: =E5*F5 -> 26947.96 | I5: 6 | J5: 2500 | K5: =J5/I5 -> 416.66667 | L5: 6 | M5: =F5/V5*60 -> 2258.2363 | N5: =M5/L5 -> 376.37271 | O5: =L5-I5 -> 0 | P5: =N5-K5 -> -40.293955 | Q5: =N5/K5 -> 0.90329451 | R5: =Q21 -> 0.88233895 | S5: 0.25 | T5: 0.27782407 | V5: 40.066667 | AA5: =M5-J5 -> -241.76373 | AB5: =M5/J5 -> 0.90329451 | AC5: =AB21 -> 0.88233895
B6: 18℃-壽司手卷 | C6: 一配銀鮭美乃滋脆卷 | E6: 19.7 | F6: 3167 | G6: =E6*F6 -> 62389.9 | I6: 6 | J6: 2500 | K6: =J6/I6 -> 416.66667 | L6: 6 | M6: =F6/V6*60 -> 2257.2164 | N6: =M6/L6 -> 376.20273 | O6: =L6-I6 -> 0 | P6: =N6-K6 -> -40.463935 | Q6: =N6/K6 -> 0.90288656 | S6: 0.28125 | T6: 0.33971065 | U6: 4.9333333 | V6: 84.183333 | AA6: =M6-J6 -> -242.78361 | AB6: =M6/J6 -> 0.90288656
B7: 18℃-壽司手卷 | C7: 一配海饌雙手卷 | E7: 29.85 | F7: 2277 | G7: =E7*F7 -> 67968.45 | I7: 12 | J7: 3600 | K7: =J7/I7 -> 300 | L7: 12 | M7: =F7/V7*60 -> 3146.7179 | N7: =M7/L7 -> 262.22649 | O7: =L7-I7 -> 0 | P7: =N7-K7 -> -37.773512 | Q7: =N7/K7 -> 0.87408829 | S7: 0.34305556 | T7: 0.37320602 | U7: 4.8166667 | V7: 43.416667 | AA7: =M7-J7 -> -453.28215 | AB7: =M7/J7 -> 0.87408829
B8: 18℃-壽司手卷 | C8: 一配雙饗雙手卷 | E8: 29.52 | F8: 2095 | G8: =E8*F8 -> 61844.4 | I8: 12 | J8: 3600 | K8: =J8/I8 -> 300 | L8: 12 | M8: =F8/V8*60 -> 3147.7462 | N8: =M8/L8 -> 262.31219 | O8: =L8-I8 -> 0 | P8: =N8-K8 -> -37.687813 | Q8: =N8/K8 -> 0.87437396 | S8: 0.37643519 | T8: 0.40416667 | U8: 4.65 | V8: 39.933333 | AA8: =M8-J8 -> -452.25376 | AB8: =M8/J8 -> 0.87437396
B9: 18℃-壽司手卷 | C9: 一配長野稻荷壽司 | E9: 25.64 | F9: 1602 | G9: =E9*F9 -> 41075.28 | I9: 11 | J9: 3600 | K9: =J9/I9 -> 327.27273 | L9: 11 | M9: =F9/V9*60 -> 3181.0259 | N9: =M9/L9 -> 289.18417 | O9: =L9-I9 -> 0 | P9: =N9-K9 -> -38.088552 | Q9: =N9/K9 -> 0.88361831 | S9: 0.40763889 | T9: 0.42862269 | U9: 5 | V9: 30.216667 | AA9: =M9-J9 -> -418.97408 | AB9: =M9/J9 -> 0.88361831
B10: 18℃-飯糰 | C10: 一配兩粒飯糰(鮪魚.焦糖鮭魚) | E10: 28.57 | F10: 2106 | G10: =E10*F10 -> 60168.42 | I10: 12 | J10: 3600 | K10: =J10/I10 -> 300 | L10: 12 | M10: =F10/V10*60 -> 3126.433 | N10: =M10/L10 -> 260.53608 | O10: =L10-I10 -> 0 | P10: =N10-K10 -> -39.463918 | Q10: =N10/K10 -> 0.86845361 | S10: 0.43263889 | T10: 0.46070602 | U10: 5.7833333 | V10: 40.416667 | AA10: =M10-J10 -> -473.56701 | AB10: =M10/J10 -> 0.86845361
B21: 平均 | I21: =AVERAGE(I5:I20) -> 9.8333333 | J21: =AVERAGE(J5:J20) -> 3233.3333 | K21: =J21/I21 -> 328.81356 | L21: =AVERAGE(L5:L20) -> 9.8333333 | M21: =AVERAGE(M5:M20) -> 2852.8959 | N21: =M21/L21 -> 290.12501 | O21: =L21-I21 -> 0 | P21: =N21-K21 -> -38.688548 | Q21: =N21/K21 -> 0.88233895 | S21: =S5 -> 0.25 | T21: =INDEX(T5:T20,COUNTA(T5:T20)) -> 0.46070602 | AA21: =M21-J21 -> -380.43739 | AB21: =M21/J21 -> 0.88233895
A22: 自動包裝機2 | B22: 18℃-壽司手卷 | C22: 一配雙鬆細卷 | E22: 14.03 | F22: 976 | G22: =E22*F22 -> 13693.28 | I22: 6 | J22: 2600 | K22: =J22/I22 -> 433.33333 | L22: 6 | M22: =F22/V22*60 -> 2340.8394 | N22: =M22/L22 -> 390.13991 | O22: =L22-I22 -> 0 | P22: =N22-K22 -> -43.193427 | Q22: =N22/K22 -> 0.90032286 | R22: =Q38 -> 0.90033195 | S22: 0.29166667 | T22: 0.30903935 | V22: 25.016667 | AA22: =M22-J22 -> -259.16056 | AB22: =M22/J22 -> 0.90032286 | AC22: =AB38 -> 0.90033195
B23: 18℃-壽司手卷 | C23: 一配經典鮪魚沙拉細卷 | E23: 14.49 | F23: 1188 | G23: =E23*F23 -> 17214.12 | I23: 6 | J23: 2600 | K23: =J23/I23 -> 433.33333 | L23: 6 | M23: =F23/V23*60 -> 2340.8867 | N23: =M23/L23 -> 390.14778 | O23: =L23-I23 -> 0 | P23: =N23-K23 -> -43.18555 | Q23: =N23/K23 -> 0.90034104 | S23: 0.3125 | T23: 0.33364583 | U23: 4.9833333 | V23: 30.45 | AA23: =M23-J23 -> -259.1133 | AB23: =M23/J23 -> 0.90034104
B38: 平均 | I38: =AVERAGE(I22:I37) -> 6 | J38: =AVERAGE(J22:J37) -> 2600 | K38: =J38/I38 -> 433.33333 | L38: =AVERAGE(L22:L37) -> 6 | M38: =AVERAGE(M22:M37) -> 2340.8631 | N38: =M38/L38 -> 390.14384 | O38: =L38-I38 -> 0 | P38: =N38-K38 -> -43.189488 | Q38: =N38/K38 -> 0.90033195 | S38: =S22 -> 0.29166667 | T38: =INDEX(T22:T37,COUNTA(T22:T37)) -> 0.33364583 | AA38: =M38-J38 -> -259.13693 | AB38: =M38/J38 -> 0.90033195
A39: (新) 3300型飯糰機 | B39: 18℃-飯糰 | C39: 一配鮭魚奶油醬油飯糰 | E39: 18.53 | F39: 3891 | G39: =E39*F39 -> 72100.23 | I39: 3 | J39: 3300 | K39: =J39/I39 -> 1100 | L39: 3 | M39: =F39/V39*60 -> 2970.859 | N39: =M39/L39 -> 990.28632 | O39: =L39-I39 -> 0 | P39: =N39-K39 -> -109.71368 | Q39: =N39/K39 -> 0.90026029 | R39: =Q55 -> 0.90026029 | S39: 0.35445602 | T39: 0.40902778 | V39: 78.583333 | AA39: =M39-J39 -> -329.14104 | AB39: =M39/J39 -> 0.90026029 | AC39: =AB55 -> 0.90026029
B55: 平均 | I55: =AVERAGE(I39:I54) -> 3 | J55: =AVERAGE(J39:J54) -> 3300 | K55: =J55/I55 -> 1100 | L55: =AVERAGE(L39:L54) -> 3 | M55: =AVERAGE(M39:M54) -> 2970.859 | N55: =M55/L55 -> 990.28632 | O55: =L55-I55 -> 0 | P55: =N55-K55 -> -109.71368 | Q55: =N55/K55 -> 0.90026029 | S55: =S39 -> 0.35445602 | T55: =INDEX(T39:T54,COUNTA(T39:T54)) -> 0.40902778 | AA55: =M55-J55 -> -329.14104 | AB55: =M55/J55 -> 0.90026029
A56: GKK3600型 飯糰機 | B56: 18℃-飯糰 | C56: 一配蔬食鮪魚飯糰 | E56: 18.18 | F56: 1348 | G56: =E56*F56 -> 24506.64 | I56: 3 | J56: 3600 | K56: =J56/I56 -> 1200 | L56: 3 | M56: =F56/V56*60 -> 3177.9961 | N56: =M56/L56 -> 1059.332 | O56: =L56-I56 -> 0 | P56: =N56-K56 -> -140.66798 | Q56: =N56/K56 -> 0.88277669 | R56: =Q72 -> 0.88719696 | S56: 0.20833333 | T56: 0.22600694 | V56: 25.45 | AA56: =M56-J56 -> -422.00393 | AB56: =M56/J56 -> 0.88277669 | AC56: =AB72 -> 0.88719696
B57: 18℃-飯糰 | C57: 一配明太子龍蝦風味沙拉飯糰 | E57: 18.18 | F57: 2665 | G57: =E57*F57 -> 48449.7 | I57: 3 | J57: 3600 | K57: =J57/I57 -> 1200 | L57: 3 | M57: =F57/V57*60 -> 3174.7187 | N57: =M57/L57 -> 1058.2396 | O57: =L57-I57 -> 0 | P57: =N57-K57 -> -141.76042 | Q57: =N57/K57 -> 0.88186631 | S57: 0.23611111 | T57: 0.27108796 | U57: 14.55 | V57: 50.366667 | AA57: =M57-J57 -> -425.28127 | AB57: =M57/J57 -> 0.88186631
B58: 18℃-飯糰 | C58: 一配壹號醬炙烤牛飯糰 | E58: 22.28 | F58: 1327 | G58: =E58*F58 -> 29565.56 | I58: 5 | J58: 3300 | K58: =J58/I58 -> 660 | L58: 5 | M58: =F58/V58*60 -> 2947.0697 | N58: =M58/L58 -> 589.41394 | O58: =L58-I58 -> 0 | P58: =N58-K58 -> -70.586058 | Q58: =N58/K58 -> 0.89305143 | S58: 0.28125 | T58: 0.30001157 | U58: 14.633333 | V58: 27.016667 | AA58: =M58-J58 -> -352.93029 | AB58: =M58/J58 -> 0.89305143
B59: 18℃-飯糰 | C59: 一配經典肉鬆飯糰 | E59: 14.03 | F59: 5289 | G59: =E59*F59 -> 74204.67 | I59: 3 | J59: 3000 | K59: =J59/I59 -> 1000 | L59: 3 | M59: =F59/V59*60 -> 2698.8519 | N59: =M59/L59 -> 899.61729 | O59: =L59-I59 -> 0 | P59: =N59-K59 -> -100.38271 | Q59: =N59/K59 -> 0.89961729 | S59: 0.31070602 | T59: 0.39236111 | U59: 15.4 | V59: 117.58333 | AA59: =M59-J59 -> -301.14812 | AB59: =M59/J59 -> 0.89961729
B60: 18℃-飯糰 | C60: 一配鮪魚飯糰 | E60: 14.28 | F60: 7531 | G60: =E60*F60 -> 107542.68 | I60: 3 | J60: 3600 | K60: =J60/I60 -> 1200 | L60: 3 | M60: =F60/V60*60 -> 3172.4315 | N60: =M60/L60 -> 1057.4772 | O60: =L60-I60 -> 0 | P60: =N60-K60 -> -142.52282 | Q60: =N60/K60 -> 0.88123099 | S60: 0.40347222 | T60: 0.50238426 | U60: 16 | V60: 142.43333 | AA60: =M60-J60 -> -427.56845 | AB60: =M60/J60 -> 0.88123099
B72: 平均 | I72: =AVERAGE(I56:I71) -> 3.4 | J72: =AVERAGE(J56:J71) -> 3420 | K72: =J72/I72 -> 1005.8824 | L72: =AVERAGE(L56:L71) -> 3.4 | M72: =AVERAGE(M56:M71) -> 3034.2136 | N72: =M72/L72 -> 892.41576 | O72: =L72-I72 -> 0 | P72: =N72-K72 -> -113.46659 | Q72: =N72/K72 -> 0.88719696 | S72: =S56 -> 0.20833333 | T72: =INDEX(T56:T71,COUNTA(T56:T71)) -> 0.50238426 | AA72: =M72-J72 -> -385.78641 | AB72: =M72/J72 -> 0.88719696
A73: GKK3600型 飯糰機2 | B73: 18℃-飯糰 | C73: 一配熟成紅鮭飯糰 | E73: 25.03 | F73: 1755 | G73: =E73*F73 -> 43927.65 | I73: 4 | J73: 3300 | K73: =J73/I73 -> 825 | L73: 4 | M73: =F73/V73*60 -> 2941.3408 | N73: =M73/L73 -> 735.3352 | O73: =L73-I73 -> 0 | P73: =N73-K73 -> -89.664804 | Q73: =N73/K73 -> 0.89131539 | R73: =Q89 -> 0.88858288 | S73: 0.20847222 | T73: 0.23333333 | V73: 35.8 | AA73: =M73-J73 -> -358.65922 | AB73: =M73/J73 -> 0.89131539 | AC73: =AB89 -> 0.88858288
B74: 18℃-飯糰 | C74: 一配北海道秋鮭親子飯糰 | E74: 24.82 | F74: 2111 | G74: =E74*F74 -> 52395.02 | I74: 4 | J74: 3300 | K74: =J74/I74 -> 825 | L74: 4 | M74: =F74/V74*60 -> 2941.0217 | N74: =M74/L74 -> 735.25542 | O74: =L74-I74 -> 0 | P74: =N74-K74 -> -89.744582 | Q74: =N74/K74 -> 0.89121869 | S74: 0.24375 | T74: 0.27365741 | U74: 15 | V74: 43.066667 | AA74: =M74-J74 -> -358.97833 | AB74: =M74/J74 -> 0.89121869
B75: 18℃-飯糰 | C75: 一配鹽蔥燒肉飯糰 | E75: 17.89 | F75: 3621 | G75: =E75*F75 -> 64779.69 | I75: 4 | J75: 3600 | K75: =J75/I75 -> 900 | L75: 4 | M75: =F75/V75*60 -> 3172.4507 | N75: =M75/L75 -> 793.11268 | O75: =L75-I75 -> 0 | P75: =N75-K75 -> -106.88732 | Q75: =N75/K75 -> 0.88123631 | S75: 0.28402778 | T75: 0.33158565 | U75: 14.933333 | V75: 68.483333 | AA75: =M75-J75 -> -427.54928 | AB75: =M75/J75 -> 0.88123631
B76: 18℃-飯糰 | C76: 一配贅沢鮭魚肚飯糰 | E76: 30 | F76: 3621 | G76: =E76*F76 -> 108630 | I76: 3 | J76: 3000 | K76: =J76/I76 -> 1000 | L76: 3 | M76: =F76/V76*60 -> 2700 | N76: =M76/L76 -> 900 | O76: =L76-I76 -> 0 | P76: =N76-K76 -> -100 | Q76: =N76/K76 -> 0.9 | S76: 0.34166667 | T76: 0.3975463 | U76: 14.516667 | V76: 80.466667 | AA76: =M76-J76 -> -300 | AB76: =M76/J76 -> 0.9
B77: 18℃-飯糰 | C77: 一配雞肉飯飯糰 | E77: 16.66 | F77: 6159 | G77: =E77*F77 -> 102608.94 | I77: 5 | J77: 3600 | K77: =J77/I77 -> 720 | L77: 5 | M77: =F77/V77*60 -> 3173.3791 | N77: =M77/L77 -> 634.67583 | O77: =L77-I77 -> 0 | P77: =N77-K77 -> -85.324173 | Q77: =N77/K77 -> 0.8814942 | S77: 0.40763889 | T77: 0.48850694 | U77: 14.533333 | V77: 116.45 | AA77: =M77-J77 -> -426.62087 | AB77: =M77/J77 -> 0.8814942
B89: 平均 | I89: =AVERAGE(I73:I88) -> 4 | J89: =AVERAGE(J73:J88) -> 3360 | K89: =J89/I89 -> 840 | L89: =AVERAGE(L73:L88) -> 4 | M89: =AVERAGE(M73:M88) -> 2985.6385 | N89: =M89/L89 -> 746.40962 | O89: =L89-I89 -> 0 | P89: =N89-K89 -> -93.590385 | Q89: =N89/K89 -> 0.88858288 | S89: =S73 -> 0.20847222 | T89: =INDEX(T73:T88,COUNTA(T73:T88)) -> 0.48850694 | AA89: =M89-J89 -> -374.36154 | AB89: =M89/J89 -> 0.88858288
A90: 自動包裝機 (二配) | B90: 18℃-壽司手卷 | C90: 二配長野稻荷壽司 | E90: 25.64 | F90: 1491 | G90: =E90*F90 -> 38229.24 | I90: 11 | J90: 3600 | K90: =J90/I90 -> 327.27273 | L90: 11 | M90: =F90/V90*60 -> 3181.7427 | N90: =M90/L90 -> 289.24934 | O90: =L90-I90 -> 0 | P90: =N90-K90 -> -38.023387 | Q90: =N90/K90 -> 0.88381743 | R90: =Q106 -> 0.88046434 | S90: 0.70833333 | T90: 0.7278588 | V90: 28.116667 | AA90: =M90-J90 -> -418.25726 | AB90: =M90/J90 -> 0.88381743 | AC90: =AB106 -> 0.88046434
B91: 18℃-壽司手卷 | C91: 二配雙饗雙手卷 | E91: 29.52 | F91: 1912 | G91: =E91*F91 -> 56442.24 | I91: 12 | J91: 3600 | K91: =J91/I91 -> 300 | L91: 12 | M91: =F91/V91*60 -> 3145.8867 | N91: =M91/L91 -> 262.15722 | O91: =L91-I91 -> 0 | P91: =N91-K91 -> -37.842779 | Q91: =N91/K91 -> 0.8738574 | S91: 0.73125 | T91: 0.75657407 | U91: 4.8833333 | V91: 36.466667 | AA91: =M91-J91 -> -454.11335 | AB91: =M91/J91 -> 0.8738574
B92: 18℃-壽司手卷 | C92: 二配海饌雙手卷 | E92: 29.85 | F92: 1984 | G92: =E92*F92 -> 59222.4 | I92: 12 | J92: 3600 | K92: =J92/I92 -> 300 | L92: 12 | M92: =F92/V92*60 -> 3145.0462 | N92: =M92/L92 -> 262.08719 | O92: =L92-I92 -> 0 | P92: =N92-K92 -> -37.912814 | Q92: =N92/K92 -> 0.87362395 | S92: 0.75982639 | T92: 0.78611111 | U92: 4.6833333 | V92: 37.85 | AA92: =M92-J92 -> -454.95376 | AB92: =M92/J92 -> 0.87362395
B93: 18℃-飯糰 | C93: 二配鮮蝦旬彩炊飯飯糰 | E93: 20.17 | F93: 1256 | G93: =E93*F93 -> 25333.52 | I93: 12 | J93: 3600 | K93: =J93/I93 -> 300 | L93: 12 | M93: =F93/V93*60 -> 3250.6111 | N93: =M93/L93 -> 270.88426 | O93: =L93-I93 -> 0 | P93: =N93-K93 -> -29.115744 | Q93: =N93/K93 -> 0.90294752 | S93: 0.79027778 | T93: 0.80637731 | U93: 6 | V93: 23.183333 | AA93: =M93-J93 -> -349.38893 | AB93: =M93/J93 -> 0.90294752
B94: 18℃-飯糰 | C94: 二配兩粒飯糰(鮪魚.焦糖鮭魚) | E94: 28.57 | F94: 1520 | G94: =E94*F94 -> 43426.4 | I94: 12 | J94: 3600 | K94: =J94/I94 -> 300 | L94: 12 | M94: =F94/V94*60 -> 3125.0714 | N94: =M94/L94 -> 260.42262 | O94: =L94-I94 -> 0 | P94: =N94-K94 -> -39.577384 | Q94: =N94/K94 -> 0.86807539 | S94: 0.80972222 | T94: 0.82998843 | U94: 4.8166667 | V94: 29.183333 | AA94: =M94-J94 -> -474.92861 | AB94: =M94/J94 -> 0.86807539
B106: 平均 | I106: =AVERAGE(I90:I105) -> 11.8 | J106: =AVERAGE(J90:J105) -> 3600 | K106: =J106/I106 -> 305.08475 | L106: =AVERAGE(L90:L105) -> 11.8 | M106: =AVERAGE(M90:M105) -> 3169.6716 | N106: =M106/L106 -> 268.61624 | O106: =L106-I106 -> 0 | P106: =N106-K106 -> -36.468507 | Q106: =N106/K106 -> 0.88046434 | S106: =S90 -> 0.70833333 | T106: =INDEX(T90:T105,COUNTA(T90:T105)) -> 0.82998843 | AA106: =M106-J106 -> -430.32838 | AB106: =M106/J106 -> 0.88046434
A107: (新) 3300型飯糰機 (二配) | B107: 18℃-飯糰 | C107: 二配油蔥G絲飯糰 | E107: 18.18 | F107: 843 | G107: =E107*F107 -> 15325.74 | I107: 4 | J107: 3300 | K107: =J107/I107 -> 825 | L107: 4 | M107: =F107/V107*60 -> 2969.4716 | N107: =M107/L107 -> 742.36791 | O107: =L107-I107 -> 0 | P107: =N107-K107 -> -82.632094 | Q107: =N107/K107 -> 0.89983989 | R107: =Q123 -> 0.89577295 | S107: 0.70833333 | T107: 0.72016204 | V107: 17.033333 | AA107: =M107-J107 -> -330.52838 | AB107: =M107/J107 -> 0.89983989 | AC107: =AB123 -> 0.89577295
B108: 18℃-飯糰 | C108: 二配大飯糰鮪魚昆布 | E108: 22.21 | F108: 2082 | G108: =E108*F108 -> 46241.22 | I108: 4 | J108: 3000 | K108: =J108/I108 -> 750 | L108: 4 | M108: =F108/V108*60 -> 2682.6056 | N108: =M108/L108 -> 670.6514 | O108: =L108-I108 -> 0 | P108: =N108-K108 -> -79.348604 | Q108: =N108/K108 -> 0.89420186 | S108: 0.72391204 | T108: 0.75625 | U108: 5.4 | V108: 46.566667 | AA108: =M108-J108 -> -317.39442 | AB108: =M108/J108 -> 0.89420186
B109: 18℃-飯糰 | C109: 二配大飯糰滷肉飯加蛋 | E109: 22.48 | F109: 1240 | G109: =E109*F109 -> 27875.2 | I109: 5 | J109: 3000 | K109: =J109/I109 -> 600 | L109: 5 | M109: =F109/V109*60 -> 2682.6923 | N109: =M109/L109 -> 536.53846 | O109: =L109-I109 -> 0 | P109: =N109-K109 -> -63.461538 | Q109: =N109/K109 -> 0.89423077 | S109: 0.75990741 | T109: 0.77916667 | U109: 5.2666667 | V109: 27.733333 | AA109: =M109-J109 -> -317.30769 | AB109: =M109/J109 -> 0.89423077
B110: 18℃-飯糰 | C110: 二配大飯糰韓式蒜烤豬五花 | E110: 24.54 | F110: 2081 | G110: =E110*F110 -> 51067.74 | I110: 4 | J110: 3000 | K110: =J110/I110 -> 750 | L110: 4 | M110: =F110/V110*60 -> 2683.2378 | N110: =M110/L110 -> 670.80946 | O110: =L110-I110 -> 0 | P110: =N110-K110 -> -79.190544 | Q110: =N110/K110 -> 0.89441261 | S110: 0.78365741 | T110: 0.81597222 | U110: 6.4666667 | V110: 46.533333 | AA110: =M110-J110 -> -316.76218 | AB110: =M110/J110 -> 0.89441261
B123: 平均 | I123: =AVERAGE(I107:I122) -> 4.25 | J123: =AVERAGE(J107:J122) -> 3075 | K123: =J123/I123 -> 723.52941 | L123: =AVERAGE(L107:L122) -> 4.25 | M123: =AVERAGE(M107:M122) -> 2754.5018 | N123: =M123/L123 -> 648.11808 | O123: =L123-I123 -> 0 | P123: =N123-K123 -> -75.411333 | Q123: =N123/K123 -> 0.89577295 | S123: =S107 -> 0.70833333 | T123: =INDEX(T107:T122,COUNTA(T107:T122)) -> 0.81597222 | AA123: =M123-J123 -> -320.49817 | AB123: =M123/J123 -> 0.89577295
A124: GKK3600型 飯糰機 (二配) | B124: 18℃-飯糰 | C124: 二配芝麻香鬆飯糰 | E124: 18.18 | F124: 716 | G124: =E124*F124 -> 13016.88 | H124: 2 | I124: 4 | J124: 3000 | K124: =J124/I124 -> 750 | L124: 4 | M124: =F124/V124*60 -> 2699.0576 | N124: =M124/L124 -> 674.7644 | O124: =L124-I124 -> 0 | P124: =N124-K124 -> -75.235602 | Q124: =N124/K124 -> 0.89968586 | R124: =Q140 -> 0.88938247 | S124: 0.7083912 | T124: 0.71944444 | V124: 15.916667 | AA124: =M124-J124 -> -300.94241 | AB124: =M124/J124 -> 0.89968586 | AC124: =AB140 -> 0.88938247
B125: 18℃-飯糰 | C125: 二配經典肉鬆飯糰 | E125: 14.03 | F125: 2404 | G125: =E125*F125 -> 33728.12 | H125: 2 | I125: 3 | J125: 3000 | K125: =J125/I125 -> 1000 | L125: 3 | M125: =F125/V125*60 -> 2699.4386 | N125: =M125/L125 -> 899.81285 | O125: =L125-I125 -> 0 | P125: =N125-K125 -> -100.18715 | Q125: =N125/K125 -> 0.89981285 | S125: 0.72986111 | T125: 0.76696759 | U125: 15 | V125: 53.433333 | AA125: =M125-J125 -> -300.56145 | AB125: =M125/J125 -> 0.89981285
B126: 18℃-飯糰 | C126: 二配蔬食鮪魚飯糰 | E126: 18.18 | F126: 1436 | G126: =E126*F126 -> 26106.48 | I126: 3 | J126: 3600 | K126: =J126/I126 -> 1200 | L126: 3 | M126: =F126/V126*60 -> 3173.4807 | N126: =M126/L126 -> 1057.8269 | O126: =L126-I126 -> 0 | P126: =N126-K126 -> -142.17311 | Q126: =N126/K126 -> 0.88152241 | S126: 0.77708333 | T126: 0.7959375 | U126: 14.566667 | V126: 27.15 | AA126: =M126-J126 -> -426.51934 | AB126: =M126/J126 -> 0.88152241
B127: 18℃-飯糰 | C127: 二配三杯醬爆菇菇飯糰 | E127: 16.7 | F127: 494 | G127: =E127*F127 -> 8249.8 | H127: 2 | I127: 3 | J127: 3600 | K127: =J127/I127 -> 1200 | L127: 3 | M127: =F127/V127*60 -> 3175.7143 | N127: =M127/L127 -> 1058.5714 | O127: =L127-I127 -> 0 | P127: =N127-K127 -> -141.42857 | Q127: =N127/K127 -> 0.88214286 | S127: 0.80694444 | T127: 0.81342593 | U127: 15.85 | V127: 9.3333333 | AA127: =M127-J127 -> -424.28571 | AB127: =M127/J127 -> 0.88214286
B128: 18℃-飯糰 | C128: 二配鮪魚飯糰 | E128: 14.28 | F128: 3115 | G128: =E128*F128 -> 44482.2 | H128: 2 | I128: 3 | J128: 3600 | K128: =J128/I128 -> 1200 | L128: 3 | M128: =F128/V128*60 -> 3174.9717 | N128: =M128/L128 -> 1058.3239 | O128: =L128-I128 -> 0 | P128: =N128-K128 -> -141.6761 | Q128: =N128/K128 -> 0.88193658 | S128: 0.8237037 | T128: 0.86458333 | U128: 14.8 | V128: 58.866667 | W128: 0.86458333 | X128: 0.91666667 | AA128: =M128-J128 -> -425.02831 | AB128: =M128/J128 -> 0.88193658
B129: 18℃-飯糰 | C129: 二配芝麻香鬆飯糰 | E129: 18.18 | F129: 1316 | G129: =E129*F129 -> 23924.88 | I129: 4 | J129: 3000 | K129: =J129/I129 -> 750 | L129: 4 | M129: =F129/V129*60 -> 2701.0262 | N129: =M129/L129 -> 675.25656 | O129: =L129-I129 -> 0 | P129: =N129-K129 -> -74.743444 | Q129: =N129/K129 -> 0.90034208 | S129: 0.91666667 | T129: 0.93696759 | U129: 75 | V129: 29.233333 | AA129: =M129-J129 -> -298.97377 | AB129: =M129/J129 -> 0.90034208
B130: 18℃-飯糰 | C130: 二配三杯醬爆菇菇飯糰 | E130: 16.7 | F130: 1049 | G130: =E130*F130 -> 17518.3 | I130: 3 | J130: 3600 | K130: =J130/I130 -> 1200 | L130: 3 | M130: =F130/V130*60 -> 3176.1144 | N130: =M130/L130 -> 1058.7048 | O130: =L130-I130 -> 0 | P130: =N130-K130 -> -141.29521 | Q130: =N130/K130 -> 0.88225399 | S130: 0.94734954 | T130: 0.96111111 | U130: 14.95 | V130: 19.816667 | AA130: =M130-J130 -> -423.88562 | AB130: =M130/J130 -> 0.88225399
B131: 18℃-飯糰 | C131: 二配壹號醬炙烤牛飯糰 | E131: 22.28 | F131: 1396 | G131: =E131*F131 -> 31102.88 | I131: 5 | J131: 3300 | K131: =J131/I131 -> 660 | L131: 5 | M131: =F131/V131*60 -> 2940.6671 | N131: =M131/L131 -> 588.13341 | O131: =L131-I131 -> 0 | P131: =N131-K131 -> -71.866589 | Q131: =N131/K131 -> 0.89111123 | S131: 0.97152778 | T131: 0.99130787 | U131: 15 | V131: 28.483333 | AA131: =M131-J131 -> -359.33294 | AB131: =M131/J131 -> 0.89111123
B132: 18℃-飯糰 | C132: 二配經典肉鬆飯糰 | E132: 14.03 | F132: 6009 | G132: =E132*F132 -> 84306.27 | I132: 3 | J132: 3000 | K132: =J132/I132 -> 1000 | L132: 3 | M132: =F132/V132*60 -> 2701.0114 | N132: =M132/L132 -> 900.33712 | O132: =L132-I132 -> 0 | P132: =N132-K132 -> -99.662879 | Q132: =N132/K132 -> 0.90033712 | S132: 1.0013889 | T132: 1.0940856 | U132: 14.516667 | V132: 133.48333 | AA132: =M132-J132 -> -298.98864 | AB132: =M132/J132 -> 0.90033712
B133: 18℃-飯糰 | C133: 二配鮪魚飯糰 | E133: 14.28 | F133: 8254 | G133: =E133*F133 -> 117867.12 | I133: 3 | J133: 3600 | K133: =J133/I133 -> 1200 | L133: 3 | M133: =F133/V133*60 -> 3174.9546 | N133: =M133/L133 -> 1058.3182 | O133: =L133-I133 -> 0 | P133: =N133-K133 -> -141.6818 | Q133: =N133/K133 -> 0.88193183 | S133: 1.1041782 | T133: 1.2125 | U133: 14.533333 | V133: 155.98333 | AA133: =M133-J133 -> -425.04541 | AB133: =M133/J133 -> 0.88193183
B140: 平均 | I140: =AVERAGE(I124:I139) -> 3.4 | J140: =AVERAGE(J124:J139) -> 3330 | K140: =J140/I140 -> 979.41176 | L140: =AVERAGE(L124:L139) -> 3.4 | M140: =AVERAGE(M124:M139) -> 2961.6436 | N140: =M140/L140 -> 871.07166 | O140: =L140-I140 -> 0 | P140: =N140-K140 -> -108.34011 | Q140: =N140/K140 -> 0.88938247 | S140: =S124 -> 0.7083912 | T140: =INDEX(T124:T139,COUNTA(T124:T139)) -> 1.2125 | AA140: =M140-J140 -> -368.35636 | AB140: =M140/J140 -> 0.88938247
A141: GKK3600型 飯糰機2 (二配) | B141: 18℃-飯糰 | C141: 二配壹號醬炙烤牛飯糰 | E141: 22.28 | F141: 513 | G141: =E141*F141 -> 11429.64 | H141: 2 | I141: 5 | J141: 3300 | K141: =J141/I141 -> 660 | L141: 5 | M141: =F141/V141*60 -> 2940.7643 | N141: =M141/L141 -> 588.15287 | O141: =L141-I141 -> 0 | P141: =N141-K141 -> -71.847134 | Q141: =N141/K141 -> 0.89114071 | R141: =Q157 -> 0.88606372 | S141: 0.70833333 | T141: 0.71560185 | V141: 10.466667 | AA141: =M141-J141 -> -359.23567 | AB141: =M141/J141 -> 0.89114071 | AC141: =AB157 -> 0.88606372
B142: 18℃-飯糰 | C142: 二配明太子龍蝦風味沙拉飯糰 | E142: 18.18 | F142: 1143 | G142: =E142*F142 -> 20779.74 | H142: 2 | I142: 3 | J142: 3600 | K142: =J142/I142 -> 1200 | L142: 3 | M142: =F142/V142*60 -> 3175 | N142: =M142/L142 -> 1058.3333 | O142: =L142-I142 -> 0 | P142: =N142-K142 -> -141.66667 | Q142: =N142/K142 -> 0.88194444 | S142: 0.72597222 | T142: 0.74097222 | U142: 14.933333 | V142: 21.6 | AA142: =M142-J142 -> -425 | AB142: =M142/J142 -> 0.88194444
B143: 18℃-飯糰 | C143: 二配北海道秋鮭親子飯糰 | E143: 24.82 | F143: 895 | G143: =E143*F143 -> 22213.9 | H143: 2 | I143: 4 | J143: 3300 | K143: =J143/I143 -> 825 | L143: 4 | M143: =F143/V143*60 -> 2942.4658 | N143: =M143/L143 -> 735.61644 | O143: =L143-I143 -> 0 | P143: =N143-K143 -> -89.383562 | Q143: =N143/K143 -> 0.89165629 | S143: 0.75138889 | T143: 0.7640625 | U143: 15 | V143: 18.25 | AA143: =M143-J143 -> -357.53425 | AB143: =M143/J143 -> 0.89165629
B144: 18℃-飯糰 | C144: 二配熟成紅鮭飯糰 | E144: 25.03 | F144: 756 | G144: =E144*F144 -> 18922.68 | H144: 2 | I144: 4 | J144: 3300 | K144: =J144/I144 -> 825 | L144: 4 | M144: =F144/V144*60 -> 2942.2703 | N144: =M144/L144 -> 735.56757 | O144: =L144-I144 -> 0 | P144: =N144-K144 -> -89.432432 | Q144: =N144/K144 -> 0.89159705 | S144: 0.77430556 | T144: 0.78501157 | U144: 14.75 | V144: 15.416667 | AA144: =M144-J144 -> -357.72973 | AB144: =M144/J144 -> 0.89159705
B145: 18℃-飯糰 | C145: 二配鹽蔥燒肉飯糰 | E145: 17.89 | F145: 1711 | G145: =E145*F145 -> 30609.79 | H145: 2 | I145: 4 | J145: 3600 | K145: =J145/I145 -> 900 | L145: 4 | M145: =F145/V145*60 -> 3176.689 | N145: =M145/L145 -> 794.17225 | O145: =L145-I145 -> 0 | P145: =N145-K145 -> -105.82775 | Q145: =N145/K145 -> 0.88241362 | S145: 0.79513889 | T145: 0.81758102 | U145: 14.583333 | V145: 32.316667 | AA145: =M145-J145 -> -423.31099 | AB145: =M145/J145 -> 0.88241362
B146: 18℃-飯糰 | C146: 二配雞肉飯飯糰 | E146: 16.66 | F146: 2625 | G146: =E146*F146 -> 43732.5 | H146: 2 | I146: 5 | J146: 3600 | K146: =J146/I146 -> 720 | L146: 5 | M146: =F146/V146*60 -> 3172.2054 | N146: =M146/L146 -> 634.44109 | O146: =L146-I146 -> 0 | P146: =N146-K146 -> -85.558912 | Q146: =N146/K146 -> 0.88116818 | S146: 0.82871528 | T146: 0.86319444 | U146: 16.033333 | V146: 49.65 | W146: 0.86319444 | X146: 0.91527778 | AA146: =M146-J146 -> -427.79456 | AB146: =M146/J146 -> 0.88116818
B147: 18℃-飯糰 | C147: 二配明太子龍蝦風味沙拉飯糰 | E147: 18.18 | F147: 2806 | G147: =E147*F147 -> 51013.08 | I147: 3 | J147: 3600 | K147: =J147/I147 -> 1200 | L147: 3 | M147: =F147/V147*60 -> 3175.6052 | N147: =M147/L147 -> 1058.5351 | O147: =L147-I147 -> 0 | P147: =N147-K147 -> -141.46495 | Q147: =N147/K147 -> 0.88211254 | S147: 0.91527778 | T147: 0.95209491 | U147: 75 | V147: 53.016667 | AA147: =M147-J147 -> -424.39484 | AB147: =M147/J147 -> 0.88211254
B148: 18℃-飯糰 | C148: 二配北海道秋鮭親子飯糰 | E148: 24.82 | F148: 2083 | G148: =E148*F148 -> 51700.06 | I148: 4 | J148: 3300 | K148: =J148/I148 -> 825 | L148: 4 | M148: =F148/V148*60 -> 2943.0141 | N148: =M148/L148 -> 735.75353 | O148: =L148-I148 -> 0 | P148: =N148-K148 -> -89.246468 | Q148: =N148/K148 -> 0.89182246 | S148: 0.9625 | T148: 0.99199074 | U148: 14.983333 | V148: 42.466667 | AA148: =M148-J148 -> -356.98587 | AB148: =M148/J148 -> 0.89182246
B149: 18℃-飯糰 | C149: 二配熟成紅鮭飯糰 | E149: 25.03 | F149: 1517 | G149: =E149*F149 -> 37970.51 | I149: 4 | J149: 3300 | K149: =J149/I149 -> 825 | L149: 4 | M149: =F149/V149*60 -> 2942.4569 | N149: =M149/L149 -> 735.61422 | O149: =L149-I149 -> 0 | P149: =N149-K149 -> -89.385776 | Q149: =N149/K149 -> 0.89165361 | S149: 1.0021296 | T149: 1.0236111 | U149: 14.6 | V149: 30.933333 | AA149: =M149-J149 -> -357.5431 | AB149: =M149/J149 -> 0.89165361
B150: 18℃-飯糰 | C150: 二配鹽蔥燒肉飯糰 | E150: 17.89 | F150: 4442 | G150: =E150*F150 -> 79467.38 | I150: 4 | J150: 3600 | K150: =J150/I150 -> 900 | L150: 4 | M150: =F150/V150*60 -> 3176.6389 | N150: =M150/L150 -> 794.15971 | O150: =L150-I150 -> 0 | P150: =N150-K150 -> -105.84029 | Q150: =N150/K150 -> 0.88239968 | S150: 1.0340972 | T150: 1.0923611 | U150: 15.1 | V150: 83.9 | AA150: =M150-J150 -> -423.36114 | AB150: =M150/J150 -> 0.88239968
B151: 18℃-飯糰 | C151: 二配雞肉飯飯糰 | E151: 16.66 | F151: 6639 | G151: =E151*F151 -> 110605.74 | I151: 5 | J151: 3600 | K151: =J151/I151 -> 720 | L151: 5 | M151: =F151/V151*60 -> 3171.9177 | N151: =M151/L151 -> 634.38354 | O151: =L151-I151 -> 0 | P151: =N151-K151 -> -85.616457 | Q151: =N151/K151 -> 0.88108825 | S151: 1.1037616 | T151: 1.1909722 | U151: 16.416667 | V151: 125.58333 | AA151: =M151-J151 -> -428.08228 | AB151: =M151/J151 -> 0.88108825
B157: 平均 | I157: =AVERAGE(I141:I156) -> 4.0909091 | J157: =AVERAGE(J141:J156) -> 3463.6364 | K157: =J157/I157 -> 846.66667 | L157: =AVERAGE(L141:L156) -> 4.0909091 | M157: =AVERAGE(M141:M156) -> 3069.0025 | N157: =M157/L157 -> 750.20061 | O157: =L157-I157 -> 0 | P157: =N157-K157 -> -96.466054 | Q157: =N157/K157 -> 0.88606372 | S157: =S141 -> 0.70833333 | T157: =INDEX(T141:T156,COUNTA(T141:T156)) -> 1.1909722 | AA157: =M157-J157 -> -394.63386 | AB157: =M157/J157 -> 0.88606372
Y159: 原因回覆
Y160: 1.當日出勤人數較多
Y161: 2.當日出勤人數較少
Y162: 3.當日出勤熟手較多
Y163: 4.當日出勤新人較多
Y164: 5.機台夾盒
Y165: 6.封膜不順
Y166: 7.更換膠膜
Y167: 8.更換碳帶
Y168: 9.當日熱轉印碳帶異常
Y169: 10.訂單量過少
Y170: 11.新品上市，尚未熟悉
Y171: 12.活動期間品項需貼標

Sheet 0329(4度C)
A1: 大溪廠日報分析 | C1: 總生產量 | D1: =SUM(F5:F123) -> 58750 | E1: 營業額 | F1: =SUM(G5:G123) -> 3060203.3 | G1: 出勤人數 | H1: =L21+L38+L55+L72+L89+L106+L123 -> 139.25 | I1: 產線配置圖 | L1: 生產實績 | O1: 人時性差異分析 | S1: 日報登錄 | Y1: 合計次數 | Z1: 合計(時間/分) | AA1: 產線異常 分析說明(5分鐘以上) | AC1: 合計次數 | AD1: 合計(時間/分) | AE1: 產能差異分析
A2: 46110 | C2: 人時性 | D2: =AVERAGE(N21,N38,N55,N72,N89,N106,N123) -> 117.62429 | E2: 平均廠價 | F2: =F1/D1 -> 52.088567 | G2: 多次生產數 | H2: =COUNT(H5:H123) -> 0 | Y2: =SUM(Y21,Y38,Y55,Y72,Y89,Y106,Y123) -> 0 | Z2: =SUM(Z21,Z38,Z55,Z72,Z89,Z106,Z123) -> 0 | AC2: =SUM(AC21,AC38,AC55,AC72,AC89,AC106,AC123) -> 0 | AD2: =SUM(AD21,AD38,AD55,AD72,AD89,AD106,AD123) -> 0
A3: 線別 | B3: 品類 | C3: 品名 | E3: 廠價 | F3: 生產量 | G3: 營收 | H3: 多次 生產 | I3: 人數 | J3: 產能/時 | K3: 人時性 | L3: 人數 | M3: 產能/時 | N3: 人時性 | O3: 人數 | P3: 人時性 | Q3: 達成率 | R3: 達成率 平均 | S3: 生產時間 | U3: 換線、休息/分 | V3: 稼動時間/分 | W3: 休息時間 | Y3: 產線異常統計(5分鐘以上) | AA3: (屏榮回填) | AC3: 短暫停線統計(5分鐘以下) | AE3: 產能/時 | AF3: 達成率 | AG3: 達成率平均
S4: 開始 | T4: 結束 | W4: 開始 | X4: 結束 | Y4: 次數 | Z4: 時間/分 | AC4: 總次數 | AD4: 設備因素(次數)
A5: 便當二線 | B5: 微波主食 | C5: 糖燻野郎三十天熟成牛飯 | E5: 56.77 | F5: 4046 | G5: =E5*F5 -> 229691.42 | I5: 24 | J5: 2000 | K5: =J5/I5 -> 83.333333 | L5: 24 | M5: =F5/V5*60 -> 1785.2188 | N5: =M5/L5 -> 74.384116 | O5: =L5-I5 -> 0 | P5: =N5-K5 -> -8.9492176 | Q5: =N5/K5 -> 0.89260939 | R5: =Q21 -> 0.89315968 | S5: 0.20834491 | T5: 0.30277778 | V5: 135.98333 | AE5: =M5-J5 -> -214.78122 | AF5: =M5/J5 -> 0.89260939 | AG5: =AF21 -> 0.89315968
B6: 便當 | C6: 健身G肉餐盒 | E6: 59.52 | F6: 6574 | G6: =E6*F6 -> 391284.48 | I6: 24 | J6: 2000 | K6: =J6/I6 -> 83.333333 | L6: 24 | M6: =F6/V6*60 -> 1786.0086 | N6: =M6/L6 -> 74.417025 | O6: =L6-I6 -> 0 | P6: =N6-K6 -> -8.9163082 | Q6: =N6/K6 -> 0.8930043 | S6: 0.30635417 | T6: 0.45972222 | U6: 5.15 | V6: 220.85 | W6: 0.45972222 | X6: 0.49861111 | AE6: =M6-J6 -> -213.9914 | AF6: =M6/J6 -> 0.8930043
B7: 便當 | C7: 嫩烤香料雞胸排蔬滿盒 | E7: 77.34 | F7: 2987 | G7: =E7*F7 -> 231014.58 | I7: 23 | J7: 2000 | K7: =J7/I7 -> 86.956522 | L7: 23 | M7: =F7/V7*60 -> 1787.7307 | N7: =M7/L7 -> 77.727421 | O7: =L7-I7 -> 0 | P7: =N7-K7 -> -9.2291012 | Q7: =N7/K7 -> 0.89386534 | S7: 0.49861111 | T7: 0.56822917 | U7: 56 | V7: 100.25 | AE7: =M7-J7 -> -212.26933 | AF7: =M7/J7 -> 0.89386534
B21: 平均 | I21: =AVERAGE(I5:I20) -> 23.666667 | J21: =AVERAGE(J5:J20) -> 2000 | K21: =J21/I21 -> 84.507042 | L21: =AVERAGE(L5:L20) -> 23.666667 | M21: =AVERAGE(M5:M20) -> 1786.3194 | N21: =M21/L21 -> 75.478282 | O21: =L21-I21 -> 0 | P21: =N21-K21 -> -9.0287598 | Q21: =N21/K21 -> 0.89315968 | S21: =S5 -> 0.20834491 | T21: =INDEX(T5:T20,COUNTA(T5:T20)) -> 0.56822917 | Y21: =SUM(Y5:Y20) -> 0 | Z21: =SUM(Z5:Z20) -> 0 | AC21: =SUM(AC5:AC20) -> 0 | AD21: =SUM(AD5:AD20) -> 0 | AE21: =M21-J21 -> -213.68065 | AF21: =M21/J21 -> 0.89315968
A22: 涼麵一線 | B22: 便當 | C22: 經典滷肉飯 | E22: 47.37 | F22: 1999 | G22: =E22*F22 -> 94692.63 | I22: 21 | J22: 2000 | K22: =J22/I22 -> 95.238095 | L22: 22 | M22: =F22/V22*60 -> 1785.2642 | N22: =M22/L22 -> 81.148373 | O22: =L22-I22 -> 1 | P22: =N22-K22 -> -14.089722 | Q22: =N22/K22 -> 0.85205791 | R22: =Q38 -> 0.8873997 | S22: 0.20833333 | T22: 0.25498843 | V22: 67.183333 | AE22: =M22-J22 -> -214.7358 | AF22: =M22/J22 -> 0.8926321 | AG22: =AF38 -> 0.90852827
B23: 便當 | C23: 香腸腿排雙拼便當 | E23: 53.76 | F23: 3949 | G23: =E23*F23 -> 212298.24 | I23: 20 | J23: 2000 | K23: =J23/I23 -> 100 | L23: 20 | M23: =F23/V23*60 -> 1786.4288 | N23: =M23/L23 -> 89.321438 | O23: =L23-I23 -> 0 | P23: =N23-K23 -> -10.678562 | Q23: =N23/K23 -> 0.89321438 | S23: 0.25858796 | T23: 0.35069444 | U23: 5.1833333 | V23: 132.63333 | AE23: =M23-J23 -> -213.57125 | AF23: =M23/J23 -> 0.89321438
B24: 便當 | C24: 蔬活腿排補力餐盒 | E24: 71.55 | F24: 2936 | G24: =E24*F24 -> 210070.8 | I24: 22 | J24: 2000 | K24: =J24/I24 -> 90.909091 | L24: 22 | M24: =F24/V24*60 -> 1786.3106 | N24: =M24/L24 -> 81.195938 | O24: =L24-I24 -> 0 | P24: =N24-K24 -> -9.7131532 | Q24: =N24/K24 -> 0.89315532 | S24: 0.35512731 | T24: 0.42361111 | U24: 6.3833333 | V24: 98.616667 | W24: 0.42361111 | X24: 0.46267361 | AE24: =M24-J24 -> -213.68937 | AF24: =M24/J24 -> 0.89315532
B25: 4℃-飯糰 | C25: 麻油雞飯糰 | E25: 29.97 | F25: 3274 | G25: =E25*F25 -> 98121.78 | I25: 21 | J25: 2790 | K25: =J25/I25 -> 132.85714 | L25: 22 | M25: =F25/V25*60 -> 2627.9599 | N25: =M25/L25 -> 119.45272 | O25: =L25-I25 -> 1 | P25: =N25-K25 -> -13.404422 | Q25: =N25/K25 -> 0.8991065 | S25: 0.46267361 | T25: 0.51458333 | U25: 56.25 | V25: 74.75 | AE25: =M25-J25 -> -162.04013 | AF25: =M25/J25 -> 0.9419211
B38: 平均 | I38: =AVERAGE(I22:I37) -> 21 | J38: =AVERAGE(J22:J37) -> 2197.5 | K38: =J38/I38 -> 104.64286 | L38: =AVERAGE(L22:L37) -> 21.5 | M38: =AVERAGE(M22:M37) -> 1996.4909 | N38: =M38/L38 -> 92.86004 | O38: =L38-I38 -> 0.5 | P38: =N38-K38 -> -11.782817 | Q38: =N38/K38 -> 0.8873997 | S38: =S22 -> 0.20833333 | T38: =INDEX(T22:T37,COUNTA(T22:T37)) -> 0.51458333 | Y38: =SUM(Y22:Y37) -> 0 | Z38: =SUM(Z22:Z37) -> 0 | AC38: =SUM(AC22:AC37) -> 0 | AD38: =SUM(AD22:AD37) -> 0 | AE38: =M38-J38 -> -201.00914 | AF38: =M38/J38 -> 0.90852827
A39: 涼麵二線 | B39: 便當 | C39: 美式雞丁餐盒 | E39: 59.34 | F39: 2371 | G39: =E39*F39 -> 140695.14 | I39: 24 | J39: 2000 | K39: =J39/I39 -> 83.333333 | L39: 24 | M39: =F39/V39*60 -> 1786.8118 | N39: =M39/L39 -> 74.450492 | O39: =L39-I39 -> 0 | P39: =N39-K39 -> -8.8828414 | Q39: =N39/K39 -> 0.8934059 | R39: =Q55 -> 0.89325548 | S39: 0.20859954 | T39: 0.26388889 | V39: 79.616667 | AE39: =M39-J39 -> -213.18819 | AF39: =M39/J39 -> 0.8934059 | AG39: =AF55 -> 0.89325548
B40: 便當 | C40: 烤蛋白餐盒 | E40: 58.67 | F40: 5083 | G40: =E40*F40 -> 298219.61 | I40: 23 | J40: 2000 | K40: =J40/I40 -> 86.956522 | L40: 23 | M40: =F40/V40*60 -> 1786.9922 | N40: =M40/L40 -> 77.695312 | O40: =L40-I40 -> 0 | P40: =N40-K40 -> -9.2612092 | Q40: =N40/K40 -> 0.89349609 | S40: 0.26759259 | T40: 0.38611111 | U40: 5.3333333 | V40: 170.66667 | AE40: =M40-J40 -> -213.00781 | AF40: =M40/J40 -> 0.89349609
B41: 便當 | C41: 海陸雙拼肉肉餐盒 | E41: 59.54 | F41: 3879 | G41: =E41*F41 -> 230955.66 | I41: 23 | J41: 2000 | K41: =J41/I41 -> 86.956522 | L41: 23 | M41: =F41/V41*60 -> 1785.7289 | N41: =M41/L41 -> 77.640387 | O41: =L41-I41 -> 0 | P41: =N41-K41 -> -9.3161348 | Q41: =N41/K41 -> 0.89286445 | S41: 0.39027778 | T41: 0.48078704 | U41: 6 | V41: 130.33333 | AE41: =M41-J41 -> -214.2711 | AF41: =M41/J41 -> 0.89286445
B55: 平均 | I55: =AVERAGE(I39:I54) -> 23.333333 | J55: =AVERAGE(J39:J54) -> 2000 | K55: =J55/I55 -> 85.714286 | L55: =AVERAGE(L39:L54) -> 23.333333 | M55: =AVERAGE(M39:M54) -> 1786.511 | N55: =M55/L55 -> 76.564756 | O55: =L55-I55 -> 0 | P55: =N55-K55 -> -9.1495301 | Q55: =N55/K55 -> 0.89325548 | S55: =S39 -> 0.20859954 | T55: =INDEX(T39:T54,COUNTA(T39:T54)) -> 0.48078704 | Y55: =SUM(Y39:Y54) -> 0 | Z55: =SUM(Z39:Z54) -> 0 | AC55: =SUM(AC39:AC54) -> 0 | AD55: =SUM(AD39:AD54) -> 0 | AE55: =M55-J55 -> -213.48904 | AF55: =M55/J55 -> 0.89325548
A56: 涼麵三線 | B56: 微波小吃 | C56: 日式茶碗蒸 | E56: 19.7 | F56: 3285 | G56: =E56*F56 -> 64714.5 | I56: 13 | J56: 1200 | K56: =J56/I56 -> 92.307692 | L56: 13 | M56: =F56/V56*60 -> 1079.6056 | N56: =M56/L56 -> 83.046586 | O56: =L56-I56 -> 0 | P56: =N56-K56 -> -9.2611059 | Q56: =N56/K56 -> 0.89967135 | R56: =Q72 -> 0.90465961 | S56: 0.25030093 | T56: 0.37708333 | V56: 182.56667 | AE56: =M56-J56 -> -120.39438 | AF56: =M56/J56 -> 0.89967135 | AG56: =AF72 -> 0.90465961
B57: 4℃-壽司手卷 | C57: 明太子泡菜牛飯卷 | E57: 27.05 | F57: 588 | G57: =E57*F57 -> 15905.4 | I57: 6 | J57: 3273 | K57: =J57/I57 -> 545.5 | L57: 6 | M57: =F57/V57*60 -> 2960.5594 | N57: =M57/L57 -> 493.42657 | O57: =L57-I57 -> 0 | P57: =N57-K57 -> -52.073427 | Q57: =N57/K57 -> 0.90454001 | S57: 0.38061343 | T57: 0.38888889 | U57: 5.0833333 | V57: 11.916667 | AE57: =M57-J57 -> -312.44056 | AF57: =M57/J57 -> 0.90454001
B58: 4℃-壽司手卷 | C58: 香料咖哩烤雞飯卷 | E58: 26.21 | F58: 1365 | G58: =E58*F58 -> 35776.65 | I58: 6 | J58: 3273 | K58: =J58/I58 -> 545.5 | L58: 6 | M58: =F58/V58*60 -> 2962.0253 | N58: =M58/L58 -> 493.67089 | O58: =L58-I58 -> 0 | P58: =N58-K58 -> -51.829114 | Q58: =N58/K58 -> 0.90498788 | S58: 0.39260417 | T58: 0.41180556 | U58: 5.35 | V58: 27.65 | AE58: =M58-J58 -> -310.97468 | AF58: =M58/J58 -> 0.90498788
B59: 4℃-飯糰 | C59: 蟹味可樂餅風炸飯糰 | E59: 21.92 | F59: 1448 | G59: =E59*F59 -> 31740.16 | I59: 6 | J59: 3600 | K59: =J59/I59 -> 600 | L59: 6 | M59: =F59/V59*60 -> 3262.0776 | N59: =M59/L59 -> 543.6796 | O59: =L59-I59 -> 0 | P59: =N59-K59 -> -56.320401 | Q59: =N59/K59 -> 0.90613267 | S59: 0.41553241 | T59: 0.43402778 | U59: 5.3666667 | V59: 26.633333 | AE59: =M59-J59 -> -337.9224 | AF59: =M59/J59 -> 0.90613267
B72: 平均 | I72: =AVERAGE(I56:I71) -> 7.75 | J72: =AVERAGE(J56:J71) -> 2836.5 | K72: =J72/I72 -> 366 | L72: =AVERAGE(L56:L71) -> 7.75 | M72: =AVERAGE(M56:M71) -> 2566.067 | N72: =M72/L72 -> 331.10542 | O72: =L72-I72 -> 0 | P72: =N72-K72 -> -34.894581 | Q72: =N72/K72 -> 0.90465961 | S72: =S56 -> 0.25030093 | T72: =INDEX(T56:T71,COUNTA(T56:T71)) -> 0.43402778 | Y72: =SUM(Y56:Y71) -> 0 | Z72: =SUM(Z56:Z71) -> 0 | AC72: =SUM(AC56:AC71) -> 0 | AD72: =SUM(AD56:AD71) -> 0 | AE72: =M72-J72 -> -270.43301 | AF72: =M72/J72 -> 0.90465961
A73: 便當二線 (二配) | B73: 微波主食 | C73: 二配蒙古風味烤肉飯 | E73: 58.17 | F73: 1569 | G73: =E73*F73 -> 91268.73 | I73: 19 | J73: 1800 | K73: =J73/I73 -> 94.736842 | L73: 19 | M73: =F73/V73*60 -> 1606.0279 | N73: =M73/L73 -> 84.527782 | O73: =L73-I73 -> 0 | P73: =N73-K73 -> -10.20906 | Q73: =N73/K73 -> 0.8922377 | R73: =Q89 -> 0.89228119 | S73: 0.70859954 | T73: 0.74930556 | V73: 58.616667 | AE73: =M73-J73 -> -193.97214 | AF73: =M73/J73 -> 0.8922377 | AG73: =AF89 -> 0.89228119
B74: 微波主食 | C74: 二配鐵板豆腐燴蛋蓋飯 | E74: 44.98 | F74: 3232 | G74: =E74*F74 -> 145375.36 | I74: 21 | J74: 1800 | K74: =J74/I74 -> 85.714286 | L74: 21 | M74: =F74/V74*60 -> 1606.1844 | N74: =M74/L74 -> 76.484973 | O74: =L74-I74 -> 0 | P74: =N74-K74 -> -9.2293129 | Q74: =N74/K74 -> 0.89232468 | S74: 0.75296296 | T74: 0.83680556 | U74: 5.2666667 | V74: 120.73333 | AE74: =M74-J74 -> -193.81557 | AF74: =M74/J74 -> 0.89232468
B89: 平均 | I89: =AVERAGE(I73:I88) -> 20 | J89: =AVERAGE(J73:J88) -> 1800 | K89: =J89/I89 -> 90 | L89: =AVERAGE(L73:L88) -> 20 | M89: =AVERAGE(M73:M88) -> 1606.1061 | N89: =M89/L89 -> 80.305307 | O89: =L89-I89 -> 0 | P89: =N89-K89 -> -9.6946927 | Q89: =N89/K89 -> 0.89228119 | S89: =S73 -> 0.70859954 | T89: =INDEX(T73:T88,COUNTA(T73:T88)) -> 0.83680556 | Y89: =SUM(Y73:Y88) -> 0 | Z89: =SUM(Z73:Z88) -> 0 | AC89: =SUM(AC73:AC88) -> 0 | AD89: =SUM(AD73:AD88) -> 0 | AE89: =M89-J89 -> -193.89385 | AF89: =M89/J89 -> 0.89228119
A90: 涼麵一線 (二配) | B90: 微波主食 | C90: 二配失控起司薯餅焗飯 | E90: 54.09 | F90: 1339 | G90: =E90*F90 -> 72426.51 | I90: 19 | J90: 2000 | K90: =J90/I90 -> 105.26316 | L90: 20 | M90: =F90/V90*60 -> 1787.3192 | N90: =M90/L90 -> 89.365962 | O90: =L90-I90 -> 1 | P90: =N90-K90 -> -15.897196 | Q90: =N90/K90 -> 0.84897664 | R90: =Q106 -> 0.87105983 | S90: 0.70836806 | T90: 0.73958333 | V90: 44.95 | AE90: =M90-J90 -> -212.68076 | AF90: =M90/J90 -> 0.89365962 | AG90: =AF106 -> 0.8933947
B91: 微波主食 | C91: 二配濃起司燻腸紅醬焗烤飯 | E91: 50.67 | F91: 2600 | G91: =E91*F91 -> 131742 | I91: 20 | J91: 2000 | K91: =J91/I91 -> 100 | L91: 20 | M91: =F91/V91*60 -> 1786.2595 | N91: =M91/L91 -> 89.312977 | O91: =L91-I91 -> 0 | P91: =N91-K91 -> -10.687023 | Q91: =N91/K91 -> 0.89312977 | S91: 0.74305556 | T91: 0.8037037 | U91: 5 | V91: 87.333333 | AE91: =M91-J91 -> -213.74046 | AF91: =M91/J91 -> 0.89312977
B106: 平均 | I106: =AVERAGE(I90:I105) -> 19.5 | J106: =AVERAGE(J90:J105) -> 2000 | K106: =J106/I106 -> 102.5641 | L106: =AVERAGE(L90:L105) -> 20 | M106: =AVERAGE(M90:M105) -> 1786.7894 | N106: =M106/L106 -> 89.33947 | O106: =L106-I106 -> 0.5 | P106: =N106-K106 -> -13.224633 | Q106: =N106/K106 -> 0.87105983 | S106: =S90 -> 0.70836806 | T106: =INDEX(T90:T105,COUNTA(T90:T105)) -> 0.8037037 | Y106: =SUM(Y90:Y105) -> 0 | Z106: =SUM(Z90:Z105) -> 0 | AC106: =SUM(AC90:AC105) -> 0 | AD106: =SUM(AD90:AD105) -> 0 | AE106: =M106-J106 -> -213.21061 | AF106: =M106/J106 -> 0.8933947
A107: 涼麵二線 (二配) | B107: 微波主食 | C107: 二配哞哞培根奶香海陸焗飯 | E107: 47.6 | F107: 2123 | G107: =E107*F107 -> 101054.8 | I107: 23 | J107: 2000 | K107: =J107/I107 -> 86.956522 | L107: 23 | M107: =F107/V107*60 -> 1788.6263 | N107: =M107/L107 -> 77.766359 | O107: =L107-I107 -> 0 | P107: =N107-K107 -> -9.1901627 | Q107: =N107/K107 -> 0.89431313 | R107: =Q123 -> 0.89374257 | S107: 0.70833333 | T107: 0.75778935 | V107: 71.216667 | AE107: =M107-J107 -> -211.37374 | AF107: =M107/J107 -> 0.89431313 | AG107: =AF123 -> 0.89374257
B108: 微波主食 | C108: 二配黃金雞排蘑菇白醬歐姆蛋飯 | E108: 56.87 | F108: 1819 | G108: =E108*F108 -> 103446.53 | I108: 23 | J108: 2000 | K108: =J108/I108 -> 86.956522 | L108: 23 | M108: =F108/V108*60 -> 1786.7394 | N108: =M108/L108 -> 77.684323 | O108: =L108-I108 -> 0 | P108: =N108-K108 -> -9.2721988 | Q108: =N108/K108 -> 0.89336971 | S108: 0.76111111 | T108: 0.80353009 | U108: 4.7833333 | V108: 61.083333 | AE108: =M108-J108 -> -213.26057 | AF108: =M108/J108 -> 0.89336971
B109: 微波主食 | C109: 二配里肌豬排可可咖哩歐姆蛋飯 | E109: 56.79 | F109: 2284 | G109: =E109*F109 -> 129708.36 | I109: 23 | J109: 2000 | K109: =J109/I109 -> 86.956522 | L109: 23 | M109: =F109/V109*60 -> 1787.0898 | N109: =M109/L109 -> 77.699555 | O109: =L109-I109 -> 0 | P109: =N109-K109 -> -9.2569668 | Q109: =N109/K109 -> 0.89354488 | S109: 0.80716435 | T109: 0.86041667 | U109: 5.2333333 | V109: 76.683333 | AE109: =M109-J109 -> -212.91024 | AF109: =M109/J109 -> 0.89354488
B123: 平均 | I123: =AVERAGE(I107:I122) -> 23 | J123: =AVERAGE(J107:J122) -> 2000 | K123: =J123/I123 -> 86.956522 | L123: =AVERAGE(L107:L122) -> 23 | M123: =AVERAGE(M107:M122) -> 1787.4851 | N123: =M123/L123 -> 77.716746 | O123: =L123-I123 -> 0 | P123: =N123-K123 -> -9.2397761 | Q123: =N123/K123 -> 0.89374257 | S123: =S107 -> 0.70833333 | T123: =INDEX(T107:T122,COUNTA(T107:T122)) -> 0.86041667 | Y123: =SUM(Y107:Y122) -> 0 | Z123: =SUM(Z107:Z122) -> 0 | AC123: =SUM(AC107:AC122) -> 0 | AD123: =SUM(AD107:AD122) -> 0 | AE123: =M123-J123 -> -212.51485 | AF123: =M123/J123 -> 0.89374257
AA125: 原因回覆
AA126: 1.當日出勤人數較多
AA127: 2.當日出勤人數較少
AA128: 3.當日出勤熟手較多
AA129: 4.當日出勤新人較多
AA130: 5.機台夾盒
AA131: 6.封膜不順
AA132: 7.更換膠膜
AA133: 8.更換碳帶
AA134: 9.當日熱轉印碳帶異常
AA135: 10.訂單量過少
AA136: 11.新品上市，尚未熟悉
AA137: 12.活動期間品項需貼標

Sheet 0328
B1: 屏榮 大溪廠組合室生產人時性分析
B3: 日期 | C3: 115.03.28星期六 | E3: 訂單量 | F3: ='0328(18度C)'!D1+'0328(4度C)'!D1 -> 139511 | H3: 營業額 | I3: ='0328(18度C)'!F1+'0328(4度C)'!F1 -> 4079657.9
B4: 人時性 | C4: 項目 | E4: ➀ | G4: ➁ | I4: ➂ | K4: ④ | M4: ⑤ | O4: 異常停線 | Q4: 短暫停線
C5: 組合室 | E5: 全溫層 | G5: 4度C-各編組展開(一配) | I5: 4度C-各編組展開(二配) | K5: 18度C-各編組展開(一配) | M5: 18度C-各編組展開(二配) | O5: 合計次數 | P5: 時間 | Q5: 合計次數 | R5: 設備次數
C6: 排關平均 | E6: =AVERAGE(D14:O14,D32:X32) -> 467.69417 | F6: =AVERAGE(#REF!,D14:K14) -> #REF! | G6: =AVERAGE(D14:K14) -> 160.21605 | I6: =AVERAGE(L14:O14) -> 93.173541 | K6: =AVERAGE(D32:O32) -> 741.60585 | M6: =AVERAGE(P32:X32) -> 713.67315 | O6: ='0328(4度C)'!Y2 -> 0 | P6: ='0328(4度C)'!Z2 -> 0 | Q6: ='0328(4度C)'!AC2 -> 0 | R6: ='0328(4度C)'!AD2 -> 0
C7: 實績平均 | E7: =AVERAGE(D15:O15,D33:X33) -> 416.84179 | F7: =AVERAGE(#REF!,D15:K15) -> #REF! | G7: =AVERAGE(D15:K15) -> 143.75623 | I7: =AVERAGE(L15:O15) -> 82.450172 | K7: =AVERAGE(D33:O33) -> 661.84723 | M7: =AVERAGE(P33:X33) -> 634.46428
C8: 達成率平均 | E8: =AVERAGE(D16:O16,D34:X34) -> 0.88955685 | F8: =AVERAGE(D16:K16,#REF!) -> #REF! | G8: =AVERAGE(D16:K16) -> 0.89150416 | I8: =AVERAGE(L16:O16) -> 0.88565685 | K8: =AVERAGE(D34:O34) -> 0.89169112 | M8: =AVERAGE(P34:X34) -> 0.8878667
O9: ※現行日本鮮食廠以達成率80%為基本(即為現行KPI)
B11: 溫層 | D11: ➁4度C-各編組展開 | L11: ➂4度C-各編組展開
B12: 編組 | D12: 1 | E12: 2 | F12: 3 | G12: 4 | H12: 5 | I12: 6 | J12: 7 | K12: 8 | L12: 1 | M12: 2 | N12: 3 | O12: 4
D13: 便當一線 | E13: 便當二線 | F13: 涼麵一線 | G13: 涼麵二線 | H13: 涼麵三線 | I13: 自動包裝機 | J13: 自動包裝機2 | K13: 自動包裝機3 | L13: 便當一線 | M13: 便當二線 | N13: 涼麵一線 | O13: 涼麵二線
B14: 人時性 | C14: 排關 | D14: - | E14: 84.507042 | F14: 104.64286 | G14: 85.714286 | H14: 366 | I14: - | J14: - | K14: - | L14: - | M14: 90 | N14: 102.5641 | O14: 86.956522
C15: 實績 | D15: - | E15: 75.478912 | F15: 92.857196 | G15: 75.472718 | H15: 331.21608 | I15: - | J15: - | K15: - | L15: - | M15: 80.30327 | N15: 89.332189 | O15: 77.715058
C16: 達成率 | D16: - | E16: =E15/E14 -> 0.89316712 | F16: =F15/F14 -> 0.88737252 | G16: =G15/G14 -> 0.88051504 | H16: =H15/H14 -> 0.90496196 | I16: - | J16: - | K16: - | L16: - | M16: =M15/M14 -> 0.89225855 | N16: =N15/N14 -> 0.87098884 | O16: =O15/O14 -> 0.89372316
B17: 作業 時間 | C17: 開始 | D17: - | E17: 0.29166667 | F17: 0.29179398 | G17: 0.29166667 | H17: 0.29173611 | I17: - | J17: - | K17: - | L17: - | M17: 0.70865741 | N17: 0.70833333 | O17: 0.70857639
C18: 結束 | D18: - | E18: 0.55303241 | F18: 0.52716435 | G18: 0.46822917 | H18: 0.47296296 | I18: - | J18: - | K18: - | L18: - | M18: 0.81875 | N18: 0.79027778 | O18: 0.83488426
B19: 產線異常 (5分鐘以上) | C19: 次數
C20: 時間/分
B21: 短暫停線 (5分鐘以下) | C21: 次數
C22: 設備次數
B23: 配置人數 | D23: - | E23: 23.666667 | F23: 21.5 | G23: 23.666667 | H23: 7.75 | I23: - | J23: - | K23: - | L23: - | M23: 20 | N23: 20 | O23: 23
B24: 主要應用設備 | D24: L型封口機 | E24: ET-55 | F24: ET-55 | G24: ET-55 | H24: ET-600 | I24: 伺服包裝機 | J24: 伺服包裝機 | K24: 伺服包裝機 | L24: L型封口機 | M24: ET-55 | N24: ET-55 | O24: ET-55
B25: 次要應用設備 | D25: 伺服包裝機 | H25: 伺服包裝機
B26: 備註 | H26: 涼麵+烤飯糰 | I26: 大口飯糰線 | K26: 烤飯糰+手卷
B29: 溫層 | D29: ➃18度C-各編組展開 (一配) | P29: ⑤18度C-各編組展開 (二配)
B30: 編組 | D30: 1 | E30: 2 | F30: 3 | G30: 4 | H30: 5 | I30: 6 | J30: 7 | K30: 8 | L30: 9 | M30: 10 | N30: 11 | O30: 12 | P30: 1 | Q30: 2 | R30: 3 | S30: 4 | T30: 5 | U30: 6 | V30: 7 | W30: 8 | X30: 9
D31: 便當一線 | E31: 涼麵一線 | F31: 涼麵三線 | G31: 自動包裝機 | H31: 自動包裝機2 | I31: 自動包裝機3 | J31: 味付飯糰線B | K31: (舊) 3300型飯糰線 | L31: 3000型飯糰線 | M31: (新) 3300型飯糰機 | N31: GKK3600型 飯糰機 | O31: GKK3600型 飯糰機2 | P31: 自動包裝機 | Q31: 自動包裝機2 | R31: 自動包裝機3 | S31: 味付飯糰線B | T31: (舊) 3300型飯糰線 | U31: 3000型飯糰線 | V31: (新) 3300型飯糰機 | W31: GKK3600型 飯糰機 | X31: GKK3600型 飯糰機2
B32: 人時性 | C32: 排關 | D32: - | E32: - | F32: - | G32: 328.81356 | H32: 433.33333 | I32: - | J32: - | K32: - | L32: - | M32: 1100 | N32: 1005.8824 | O32: 840 | P32: 305.08475 | Q32: - | R32: - | S32: - | T32: - | U32: - | V32: 723.52941 | W32: 979.41176 | X32: 846.66667
C33: 實績 | D33: - | E33: - | F33: - | G33: 290.11779 | H33: 390.07853 | I33: - | J33: - | K33: - | L33: - | M33: 990.31657 | N33: 892.35811 | O33: 746.36514 | P33: 268.59644 | Q33: - | R33: - | S33: - | T33: - | U33: - | V33: 648.06163 | W33: 870.99224 | X33: 750.20683
C34: 達成率 | D34: - | E34: - | F34: - | G34: =G33/G32 -> 0.882317 | H34: =H33/H32 -> 0.90018123 | I34: - | J34: - | K34: - | L34: - | M34: =M33/M32 -> 0.90028779 | N34: =N33/N32 -> 0.88713964 | O34: =O33/O32 -> 0.88852993 | P34: =P33/P32 -> 0.88039944 | Q34: - | R34: - | S34: - | T34: - | U34: - | V34: =V33/V32 -> 0.89569493 | W34: =W33/W32 -> 0.88930138 | X34: =X33/X32 -> 0.88607105
B35: 作業 時間 | C35: 開始 | D35: - | E35: - | F35: - | G35: 0.29166667 | H35: 0.29172454 | I35: - | J35: - | K35: - | L35: - | M35: 0.354375 | N35: 0.25 | O35: 0.25 | P35: 0.70833333 | Q35: - | R35: - | S35: - | T35: - | U35: - | V35: 0.70833333 | W35: 0.70833333 | X35: 0.70834491
C36: 結束 | D36: - | E36: - | F36: - | G36: 0.44331019 | H36: 0.31944444 | I36: - | J36: - | K36: - | L36: - | M36: 0.39166667 | N36: 0.45728009 | O36: 0.4493287 | P36: 0.81119213 | Q36: - | R36: - | S36: - | T36: - | U36: - | V36: 0.80634259 | W36: 1.1743056 | X36: 1.1645833
B37: 配置人數 | D37: - | E37: - | F37: - | G37: 9.8333333 | H37: 6 | I37: - | J37: - | K37: - | L37: - | M37: 3 | N37: 3.4 | O37: 4 | P37: 11.8 | Q37: - | R37: - | S37: - | T37: - | U37: - | V37: 4.25 | W37: 3.4 | X37: 4.0909091
B38: 主要應用設備 | D38: 伺服包裝機 | E38: ET-55 | F38: ET-600 | G38: 夾心型 | H38: 伺服包裝機 | I38: 伺服包裝機 | J38: 夾心型 | K38: 3300型 | L38: 3300型 | M38: 3300型 | N38: GKK | O38: GKK | P38: 夾心型 | Q38: 伺服包裝機 | R38: 伺服包裝機 | S38: 夾心型 | T38: 3300型 | U38: 3300型 | V38: 3300型 | W38: GKK | X38: GKK
B39: 次要應用設備
B40: 備註

Sheet 0328(18度C)
A1: 大溪廠日報分析 | C1: 總生產量 | D1: =SUM(F5:F157) -> 94919 | E1: 營業額 | F1: =SUM(G5:G157) -> 1826481.9 | G1: 出勤人數 | H1: =L21+L38+L55+L72+L89+L106+L123+L140+L157 -> 49.774242 | I1: 產線配置圖 | L1: 生產實績 | O1: 人時性差異分析 | S1: 日報登錄 | Y1: 分析說明 | AA1: 產能差異分析
A2: 46109 | C2: 人時性 | D2: =AVERAGE(N21,N38,N55,N72,N89,N106,N123,N140,N157) -> 649.67703 | E2: 平均廠價 | F2: =F1/D1 -> 19.242532 | G2: 多次生產數 | H2: =COUNT(H5:H157) -> 10
A3: 線別 | B3: 品類 | C3: 品名 | E3: 廠價 | F3: 生產量 | G3: 營收 | H3: 多次 生產 | I3: 人數 | J3: 產能/時 | K3: 人時性 | L3: 人數 | M3: 產能/時 | N3: 人時性 | O3: 人數 | P3: 人時性 | Q3: 達成率 | R3: 達成率 平均 | S3: 生產時間 | U3: 換線、休息/分 | V3: 稼動時間/分 | W3: 休息時間 | Y3: (屏榮回填) | AA3: 產能/時 | AB3: 達成率 | AC3: 達成率平均
S4: 開始 | T4: 結束 | W4: 開始 | X4: 結束
A5: 自動包裝機 | B5: 18℃-壽司手卷 | C5: 一配日式鮪魚美乃滋脆卷 | E5: 17.87 | F5: 987 | G5: =E5*F5 -> 17637.69 | I5: 6 | J5: 2500 | K5: =J5/I5 -> 416.66667 | L5: 6 | M5: =F5/V5*60 -> 2257.4333 | N5: =M5/L5 -> 376.23888 | O5: =L5-I5 -> 0 | P5: =N5-K5 -> -40.427785 | Q5: =N5/K5 -> 0.90297332 | R5: =Q21 -> 0.882317 | S5: 0.29166667 | T5: 0.30988426 | V5: 26.233333 | AA5: =M5-J5 -> -242.56671 | AB5: =M5/J5 -> 0.90297332 | AC5: =AB21 -> 0.882317
B6: 18℃-壽司手卷 | C6: 一配銀鮭美乃滋脆卷 | E6: 19.7 | F6: 2417 | G6: =E6*F6 -> 47614.9 | I6: 6 | J6: 2500 | K6: =J6/I6 -> 416.66667 | L6: 6 | M6: =F6/V6*60 -> 2257.1206 | N6: =M6/L6 -> 376.18677 | O6: =L6-I6 -> 0 | P6: =N6-K6 -> -40.479896 | Q6: =N6/K6 -> 0.90284825 | S6: 0.31319444 | T6: 0.3578125 | U6: 4.7666667 | V6: 64.25 | AA6: =M6-J6 -> -242.87938 | AB6: =M6/J6 -> 0.90284825
B7: 18℃-壽司手卷 | C7: 一配海饌雙手卷 | E7: 29.85 | F7: 1443 | G7: =E7*F7 -> 43073.55 | I7: 12 | J7: 3600 | K7: =J7/I7 -> 300 | L7: 12 | M7: =F7/V7*60 -> 3146.4567 | N7: =M7/L7 -> 262.20472 | O7: =L7-I7 -> 0 | P7: =N7-K7 -> -37.795276 | Q7: =N7/K7 -> 0.87401575 | S7: 0.36144676 | T7: 0.38055556 | U7: 5.2333333 | V7: 27.516667 | AA7: =M7-J7 -> -453.54331 | AB7: =M7/J7 -> 0.87401575
B8: 18℃-壽司手卷 | C8: 一配雙饗雙手卷 | E8: 29.52 | F8: 1295 | G8: =E8*F8 -> 38228.4 | I8: 12 | J8: 3600 | K8: =J8/I8 -> 300 | L8: 12 | M8: =F8/V8*60 -> 3147.8731 | N8: =M8/L8 -> 262.32275 | O8: =L8-I8 -> 0 | P8: =N8-K8 -> -37.677245 | Q8: =N8/K8 -> 0.87440918 | S8: 0.38494213 | T8: 0.40208333 | U8: 6.3166667 | V8: 24.683333 | AA8: =M8-J8 -> -452.12694 | AB8: =M8/J8 -> 0.87440918
B9: 18℃-壽司手卷 | C9: 一配長野稻荷壽司 | E9: 25.64 | F9: 1111 | G9: =E9*F9 -> 28486.04 | I9: 11 | J9: 3600 | K9: =J9/I9 -> 327.27273 | L9: 11 | M9: =F9/V9*60 -> 3181.8616 | N9: =M9/L9 -> 289.26014 | O9: =L9-I9 -> 0 | P9: =N9-K9 -> -38.012584 | Q9: =N9/K9 -> 0.88385044 | S9: 0.40559028 | T9: 0.42013889 | U9: 5.05 | V9: 20.95 | AA9: =M9-J9 -> -418.13842 | AB9: =M9/J9 -> 0.88385044
B10: 18℃-飯糰 | C10: 一配兩粒飯糰(鮪魚.焦糖鮭魚) | E10: 28.57 | F10: 1478 | G10: =E10*F10 -> 42226.46 | I10: 12 | J10: 3600 | K10: =J10/I10 -> 300 | L10: 12 | M10: =F10/V10*60 -> 3126.2045 | N10: =M10/L10 -> 260.51704 | O10: =L10-I10 -> 0 | P10: =N10-K10 -> -39.482961 | Q10: =N10/K10 -> 0.86839013 | S10: 0.42361111 | T10: 0.44331019 | U10: 5 | V10: 28.366667 | AA10: =M10-J10 -> -473.79553 | AB10: =M10/J10 -> 0.86839013
B21: 平均 | I21: =AVERAGE(I5:I20) -> 9.8333333 | J21: =AVERAGE(J5:J20) -> 3233.3333 | K21: =J21/I21 -> 328.81356 | L21: =AVERAGE(L5:L20) -> 9.8333333 | M21: =AVERAGE(M5:M20) -> 2852.825 | N21: =M21/L21 -> 290.11779 | O21: =L21-I21 -> 0 | P21: =N21-K21 -> -38.695768 | Q21: =N21/K21 -> 0.882317 | S21: =S5 -> 0.29166667 | T21: =INDEX(T5:T20,COUNTA(T5:T20)) -> 0.44331019 | AA21: =M21-J21 -> -380.50838 | AB21: =M21/J21 -> 0.882317
A22: 自動包裝機2 | B22: 18℃-壽司手卷 | C22: 一配雙鬆細卷 | E22: 14.03 | F22: 621 | G22: =E22*F22 -> 8712.63 | I22: 6 | J22: 2600 | K22: =J22/I22 -> 433.33333 | L22: 6 | M22: =F22/V22*60 -> 2340.9424 | N22: =M22/L22 -> 390.15707 | O22: =L22-I22 -> 0 | P22: =N22-K22 -> -43.176265 | Q22: =N22/K22 -> 0.90036246 | R22: =Q38 -> 0.90018123 | S22: 0.29172454 | T22: 0.30277778 | V22: 15.916667 | AA22: =M22-J22 -> -259.05759 | AB22: =M22/J22 -> 0.90036246 | AC22: =AB38 -> 0.90018123
B23: 18℃-壽司手卷 | C23: 一配經典鮪魚沙拉細卷 | E23: 14.49 | F23: 741 | G23: =E23*F23 -> 10737.09 | I23: 6 | J23: 2600 | K23: =J23/I23 -> 433.33333 | L23: 6 | M23: =F23/V23*60 -> 2340 | N23: =M23/L23 -> 390 | O23: =L23-I23 -> 0 | P23: =N23-K23 -> -43.333333 | Q23: =N23/K23 -> 0.9 | S23: 0.30625 | T23: 0.31944444 | U23: 5 | V23: 19 | AA23: =M23-J23 -> -260 | AB23: =M23/J23 -> 0.9
B38: 平均 | I38: =AVERAGE(I22:I37) -> 6 | J38: =AVERAGE(J22:J37) -> 2600 | K38: =J38/I38 -> 433.33333 | L38: =AVERAGE(L22:L37) -> 6 | M38: =AVERAGE(M22:M37) -> 2340.4712 | N38: =M38/L38 -> 390.07853 | O38: =L38-I38 -> 0 | P38: =N38-K38 -> -43.254799 | Q38: =N38/K38 -> 0.90018123 | S38: =S22 -> 0.29172454 | T38: =INDEX(T22:T37,COUNTA(T22:T37)) -> 0.31944444 | AA38: =M38-J38 -> -259.5288 | AB38: =M38/J38 -> 0.90018123
A39: (新) 3300型飯糰機 | B39: 18℃-飯糰 | C39: 一配鮭魚奶油醬油飯糰 | E39: 18.53 | F39: 2659 | G39: =E39*F39 -> 49271.27 | I39: 3 | J39: 3300 | K39: =J39/I39 -> 1100 | L39: 3 | M39: =F39/V39*60 -> 2970.9497 | N39: =M39/L39 -> 990.31657 | O39: =L39-I39 -> 0 | P39: =N39-K39 -> -109.68343 | Q39: =N39/K39 -> 0.90028779 | R39: =Q55 -> 0.90028779 | S39: 0.354375 | T39: 0.39166667 | V39: 53.7 | AA39: =M39-J39 -> -329.05028 | AB39: =M39/J39 -> 0.90028779 | AC39: =AB55 -> 0.90028779
B55: 平均 | I55: =AVERAGE(I39:I54) -> 3 | J55: =AVERAGE(J39:J54) -> 3300 | K55: =J55/I55 -> 1100 | L55: =AVERAGE(L39:L54) -> 3 | M55: =AVERAGE(M39:M54) -> 2970.9497 | N55: =M55/L55 -> 990.31657 | O55: =L55-I55 -> 0 | P55: =N55-K55 -> -109.68343 | Q55: =N55/K55 -> 0.90028779 | S55: =S39 -> 0.354375 | T55: =INDEX(T39:T54,COUNTA(T39:T54)) -> 0.39166667 | AA55: =M55-J55 -> -329.05028 | AB55: =M55/J55 -> 0.90028779
A56: GKK3600型 飯糰機 | B56: 18℃-飯糰 | C56: 一配蔬食鮪魚飯糰 | E56: 18.18 | F56: 864 | G56: =E56*F56 -> 15707.52 | I56: 3 | J56: 3600 | K56: =J56/I56 -> 1200 | L56: 3 | M56: =F56/V56*60 -> 3177.1195 | N56: =M56/L56 -> 1059.0398 | O56: =L56-I56 -> 0 | P56: =N56-K56 -> -140.96016 | Q56: =N56/K56 -> 0.8825332 | R56: =Q72 -> 0.88713964 | S56: 0.25 | T56: 0.26133102 | V56: 16.316667 | AA56: =M56-J56 -> -422.88049 | AB56: =M56/J56 -> 0.8825332 | AC56: =AB72 -> 0.88713964
B57: 18℃-飯糰 | C57: 一配明太子龍蝦風味沙拉飯糰 | E57: 18.18 | F57: 1805 | G57: =E57*F57 -> 32814.9 | I57: 3 | J57: 3600 | K57: =J57/I57 -> 1200 | L57: 3 | M57: =F57/V57*60 -> 3174.4016 | N57: =M57/L57 -> 1058.1339 | O57: =L57-I57 -> 0 | P57: =N57-K57 -> -141.86615 | Q57: =N57/K57 -> 0.88177821 | S57: 0.27152778 | T57: 0.29521991 | U57: 14.683333 | V57: 34.116667 | AA57: =M57-J57 -> -425.59844 | AB57: =M57/J57 -> 0.88177821
B58: 18℃-飯糰 | C58: 一配壹號醬炙烤牛飯糰 | E58: 22.28 | F58: 894 | G58: =E58*F58 -> 19918.32 | I58: 5 | J58: 3300 | K58: =J58/I58 -> 660 | L58: 5 | M58: =F58/V58*60 -> 2947.2527 | N58: =M58/L58 -> 589.45055 | O58: =L58-I58 -> 0 | P58: =N58-K58 -> -70.549451 | Q58: =N58/K58 -> 0.89310689 | S58: 0.30555556 | T58: 0.31819444 | U58: 14.883333 | V58: 18.2 | AA58: =M58-J58 -> -352.74725 | AB58: =M58/J58 -> 0.89310689
B59: 18℃-飯糰 | C59: 一配經典肉鬆飯糰 | E59: 14.03 | F59: 3522 | G59: =E59*F59 -> 49413.66 | I59: 3 | J59: 3000 | K59: =J59/I59 -> 1000 | L59: 3 | M59: =F59/V59*60 -> 2698.8506 | N59: =M59/L59 -> 899.61686 | O59: =L59-I59 -> 0 | P59: =N59-K59 -> -100.38314 | Q59: =N59/K59 -> 0.89961686 | S59: 0.32847222 | T59: 0.38284722 | U59: 14.8 | V59: 78.3 | AA59: =M59-J59 -> -301.14943 | AB59: =M59/J59 -> 0.89961686
B60: 18℃-飯糰 | C60: 一配鮪魚飯糰 | E60: 14.28 | F60: 4890 | G60: =E60*F60 -> 69829.2 | I60: 3 | J60: 3600 | K60: =J60/I60 -> 1200 | L60: 3 | M60: =F60/V60*60 -> 3172.4635 | N60: =M60/L60 -> 1057.4878 | O60: =L60-I60 -> 0 | P60: =N60-K60 -> -142.51216 | Q60: =N60/K60 -> 0.88123986 | S60: 0.39305556 | T60: 0.45728009 | U60: 14.7 | V60: 92.483333 | AA60: =M60-J60 -> -427.53649 | AB60: =M60/J60 -> 0.88123986
B72: 平均 | I72: =AVERAGE(I56:I71) -> 3.4 | J72: =AVERAGE(J56:J71) -> 3420 | K72: =J72/I72 -> 1005.8824 | L72: =AVERAGE(L56:L71) -> 3.4 | M72: =AVERAGE(M56:M71) -> 3034.0176 | N72: =M72/L72 -> 892.35811 | O72: =L72-I72 -> 0 | P72: =N72-K72 -> -113.52424 | Q72: =N72/K72 -> 0.88713964 | S72: =S56 -> 0.25 | T72: =INDEX(T56:T71,COUNTA(T56:T71)) -> 0.45728009 | AA72: =M72-J72 -> -385.98242 | AB72: =M72/J72 -> 0.88713964
A73: GKK3600型 飯糰機2 | B73: 18℃-飯糰 | C73: 一配熟成紅鮭飯糰 | E73: 25.03 | F73: 1081 | G73: =E73*F73 -> 27057.43 | I73: 4 | J73: 3300 | K73: =J73/I73 -> 825 | L73: 4 | M73: =F73/V73*60 -> 2941.4966 | N73: =M73/L73 -> 735.37415 | O73: =L73-I73 -> 0 | P73: =N73-K73 -> -89.62585 | Q73: =N73/K73 -> 0.89136261 | R73: =Q89 -> 0.88852993 | S73: 0.25 | T73: 0.2653125 | V73: 22.05 | AA73: =M73-J73 -> -358.5034 | AB73: =M73/J73 -> 0.89136261 | AC73: =AB89 -> 0.88852993
B74: 18℃-飯糰 | C74: 一配北海道秋鮭親子飯糰 | E74: 24.82 | F74: 1439 | G74: =E74*F74 -> 35715.98 | I74: 4 | J74: 3300 | K74: =J74/I74 -> 825 | L74: 4 | M74: =F74/V74*60 -> 2940.0681 | N74: =M74/L74 -> 735.01703 | O74: =L74-I74 -> 0 | P74: =N74-K74 -> -89.982974 | Q74: =N74/K74 -> 0.89092973 | S74: 0.27569444 | T74: 0.29608796 | U74: 14.95 | V74: 29.366667 | AA74: =M74-J74 -> -359.9319 | AB74: =M74/J74 -> 0.89092973
B75: 18℃-飯糰 | C75: 一配鹽蔥燒肉飯糰 | E75: 17.89 | F75: 2390 | G75: =E75*F75 -> 42757.1 | I75: 4 | J75: 3600 | K75: =J75/I75 -> 900 | L75: 4 | M75: =F75/V75*60 -> 3172.5664 | N75: =M75/L75 -> 793.14159 | O75: =L75-I75 -> 0 | P75: =N75-K75 -> -106.85841 | Q75: =N75/K75 -> 0.88126844 | S75: 0.30625 | T75: 0.33763889 | U75: 14.633333 | V75: 45.2 | AA75: =M75-J75 -> -427.43363 | AB75: =M75/J75 -> 0.88126844
B76: 18℃-飯糰 | C76: 一配贅沢鮭魚肚飯糰 | E76: 30 | F76: 2445 | G76: =E76*F76 -> 73350 | I76: 3 | J76: 3000 | K76: =J76/I76 -> 1000 | L76: 3 | M76: =F76/V76*60 -> 2700 | N76: =M76/L76 -> 900 | O76: =L76-I76 -> 0 | P76: =N76-K76 -> -100 | Q76: =N76/K76 -> 0.9 | S76: 0.34791667 | T76: 0.38564815 | U76: 14.8 | V76: 54.333333 | AA76: =M76-J76 -> -300 | AB76: =M76/J76 -> 0.9
B77: 18℃-飯糰 | C77: 一配雞肉飯飯糰 | E77: 16.66 | F77: 4074 | G77: =E77*F77 -> 67872.84 | I77: 5 | J77: 3600 | K77: =J77/I77 -> 720 | L77: 5 | M77: =F77/V77*60 -> 3173.1718 | N77: =M77/L77 -> 634.63436 | O77: =L77-I77 -> 0 | P77: =N77-K77 -> -85.365643 | Q77: =N77/K77 -> 0.88143661 | S77: 0.39583333 | T77: 0.4493287 | U77: 14.666667 | V77: 77.033333 | AA77: =M77-J77 -> -426.82821 | AB77: =M77/J77 -> 0.88143661
B89: 平均 | I89: =AVERAGE(I73:I88) -> 4 | J89: =AVERAGE(J73:J88) -> 3360 | K89: =J89/I89 -> 840 | L89: =AVERAGE(L73:L88) -> 4 | M89: =AVERAGE(M73:M88) -> 2985.4606 | N89: =M89/L89 -> 746.36514 | O89: =L89-I89 -> 0 | P89: =N89-K89 -> -93.634857 | Q89: =N89/K89 -> 0.88852993 | S89: =S73 -> 0.25 | T89: =INDEX(T73:T88,COUNTA(T73:T88)) -> 0.4493287 | AA89: =M89-J89 -> -374.53943 | AB89: =M89/J89 -> 0.88852993
A90: 自動包裝機 (二配) | B90: 18℃-壽司手卷 | C90: 二配長野稻荷壽司 | E90: 25.64 | F90: 1134 | G90: =E90*F90 -> 29075.76 | I90: 11 | J90: 3600 | K90: =J90/I90 -> 327.27273 | L90: 11 | M90: =F90/V90*60 -> 3181.9174 | N90: =M90/L90 -> 289.26522 | O90: =L90-I90 -> 0 | P90: =N90-K90 -> -38.007511 | Q90: =N90/K90 -> 0.88386594 | R90: =Q106 -> 0.88039944 | S90: 0.70833333 | T90: 0.72318287 | V90: 21.383333 | AA90: =M90-J90 -> -418.08262 | AB90: =M90/J90 -> 0.88386594 | AC90: =AB106 -> 0.88039944
B91: 18℃-壽司手卷 | C91: 二配雙饗雙手卷 | E91: 29.52 | F91: 1505 | G91: =E91*F91 -> 44427.6 | I91: 12 | J91: 3600 | K91: =J91/I91 -> 300 | L91: 12 | M91: =F91/V91*60 -> 3146.3415 | N91: =M91/L91 -> 262.19512 | O91: =L91-I91 -> 0 | P91: =N91-K91 -> -37.804878 | Q91: =N91/K91 -> 0.87398374 | S91: 0.72659722 | T91: 0.74652778 | U91: 4.9166667 | V91: 28.7 | AA91: =M91-J91 -> -453.65854 | AB91: =M91/J91 -> 0.87398374
B92: 18℃-壽司手卷 | C92: 二配海饌雙手卷 | E92: 29.85 | F92: 1569 | G92: =E92*F92 -> 46834.65 | I92: 12 | J92: 3600 | K92: =J92/I92 -> 300 | L92: 12 | M92: =F92/V92*60 -> 3144.9889 | N92: =M92/L92 -> 262.08241 | O92: =L92-I92 -> 0 | P92: =N92-K92 -> -37.917595 | Q92: =N92/K92 -> 0.87360802 | S92: 0.7500463 | T92: 0.77083333 | U92: 5.0666667 | V92: 29.933333 | AA92: =M92-J92 -> -455.01114 | AB92: =M92/J92 -> 0.87360802
B93: 18℃-飯糰 | C93: 二配鮮蝦旬彩炊飯飯糰 | E93: 20.17 | F93: 1076 | G93: =E93*F93 -> 21702.92 | I93: 12 | J93: 3600 | K93: =J93/I93 -> 300 | L93: 12 | M93: =F93/V93*60 -> 3249.6644 | N93: =M93/L93 -> 270.80537 | O93: =L93-I93 -> 0 | P93: =N93-K93 -> -29.194631 | Q93: =N93/K93 -> 0.90268456 | S93: 0.77439815 | T93: 0.78819444 | U93: 5.1333333 | V93: 19.866667 | AA93: =M93-J93 -> -350.33557 | AB93: =M93/J93 -> 0.90268456
B94: 18℃-飯糰 | C94: 二配兩粒飯糰(鮪魚.焦糖鮭魚) | E94: 28.57 | F94: 1412 | G94: =E94*F94 -> 40340.84 | I94: 12 | J94: 3600 | K94: =J94/I94 -> 300 | L94: 12 | M94: =F94/V94*60 -> 3124.2778 | N94: =M94/L94 -> 260.35648 | O94: =L94-I94 -> 0 | P94: =N94-K94 -> -39.643516 | Q94: =N94/K94 -> 0.86785495 | S94: 0.79236111 | T94: 0.81119213 | U94: 6 | V94: 27.116667 | AA94: =M94-J94 -> -475.72219 | AB94: =M94/J94 -> 0.86785495
B106: 平均 | I106: =AVERAGE(I90:I105) -> 11.8 | J106: =AVERAGE(J90:J105) -> 3600 | K106: =J106/I106 -> 305.08475 | L106: =AVERAGE(L90:L105) -> 11.8 | M106: =AVERAGE(M90:M105) -> 3169.438 | N106: =M106/L106 -> 268.59644 | O106: =L106-I106 -> 0 | P106: =N106-K106 -> -36.488306 | Q106: =N106/K106 -> 0.88039944 | S106: =S90 -> 0.70833333 | T106: =INDEX(T90:T105,COUNTA(T90:T105)) -> 0.81119213 | AA106: =M106-J106 -> -430.56201 | AB106: =M106/J106 -> 0.88039944
A107: (新) 3300型飯糰機 (二配) | B107: 18℃-飯糰 | C107: 二配油蔥G絲飯糰 | E107: 18.18 | F107: 757 | G107: =E107*F107 -> 13762.26 | I107: 4 | J107: 3300 | K107: =J107/I107 -> 825 | L107: 4 | M107: =F107/V107*60 -> 2968.6275 | N107: =M107/L107 -> 742.15686 | O107: =L107-I107 -> 0 | P107: =N107-K107 -> -82.843137 | Q107: =N107/K107 -> 0.89958408 | R107: =Q123 -> 0.89569493 | S107: 0.70833333 | T107: 0.71895833 | V107: 15.3 | AA107: =M107-J107 -> -331.37255 | AB107: =M107/J107 -> 0.89958408 | AC107: =AB123 -> 0.89569493
B108: 18℃-飯糰 | C108: 二配大飯糰鮪魚昆布 | E108: 22.21 | F108: 1917 | G108: =E108*F108 -> 42576.57 | I108: 4 | J108: 3000 | K108: =J108/I108 -> 750 | L108: 4 | M108: =F108/V108*60 -> 2683.2037 | N108: =M108/L108 -> 670.80093 | O108: =L108-I108 -> 0 | P108: =N108-K108 -> -79.199067 | Q108: =N108/K108 -> 0.89440124 | S108: 0.72231481 | T108: 0.75208333 | U108: 4.8333333 | V108: 42.866667 | AA108: =M108-J108 -> -316.79627 | AB108: =M108/J108 -> 0.89440124
B109: 18℃-飯糰 | C109: 二配大飯糰滷肉飯加蛋 | E109: 22.48 | F109: 1099 | G109: =E109*F109 -> 24705.52 | I109: 5 | J109: 3000 | K109: =J109/I109 -> 600 | L109: 5 | M109: =F109/V109*60 -> 2682.3051 | N109: =M109/L109 -> 536.46102 | O109: =L109-I109 -> 0 | P109: =N109-K109 -> -63.538983 | Q109: =N109/K109 -> 0.89410169 | S109: 0.75584491 | T109: 0.77291667 | U109: 5.4166667 | V109: 24.583333 | AA109: =M109-J109 -> -317.69492 | AB109: =M109/J109 -> 0.89410169
B110: 18℃-飯糰 | C110: 二配大飯糰韓式蒜烤豬五花 | E110: 24.54 | F110: 1884 | G110: =E110*F110 -> 46233.36 | I110: 4 | J110: 3000 | K110: =J110/I110 -> 750 | L110: 4 | M110: =F110/V110*60 -> 2682.9114 | N110: =M110/L110 -> 670.72785 | O110: =L110-I110 -> 0 | P110: =N110-K110 -> -79.272152 | Q110: =N110/K110 -> 0.8943038 | S110: 0.77708333 | T110: 0.80634259 | U110: 6 | V110: 42.133333 | AA110: =M110-J110 -> -317.08861 | AB110: =M110/J110 -> 0.8943038
B123: 平均 | I123: =AVERAGE(I107:I122) -> 4.25 | J123: =AVERAGE(J107:J122) -> 3075 | K123: =J123/I123 -> 723.52941 | L123: =AVERAGE(L107:L122) -> 4.25 | M123: =AVERAGE(M107:M122) -> 2754.2619 | N123: =M123/L123 -> 648.06163 | O123: =L123-I123 -> 0 | P123: =N123-K123 -> -75.467785 | Q123: =N123/K123 -> 0.89569493 | S123: =S107 -> 0.70833333 | T123: =INDEX(T107:T122,COUNTA(T107:T122)) -> 0.80634259 | AA123: =M123-J123 -> -320.73808 | AB123: =M123/J123 -> 0.89569493
A124: GKK3600型 飯糰機 (二配) | B124: 18℃-飯糰 | C124: 二配芝麻香鬆飯糰 | E124: 18.18 | F124: 636 | G124: =E124*F124 -> 11562.48 | H124: 2 | I124: 4 | J124: 3000 | K124: =J124/I124 -> 750 | L124: 4 | M124: =F124/V124*60 -> 2700 | N124: =M124/L124 -> 675 | O124: =L124-I124 -> 0 | P124: =N124-K124 -> -75 | Q124: =N124/K124 -> 0.9 | R124: =Q140 -> 0.88930138 | S124: 0.70833333 | T124: 0.71814815 | V124: 14.133333 | AA124: =M124-J124 -> -300 | AB124: =M124/J124 -> 0.9 | AC124: =AB140 -> 0.88930138
B125: 18℃-飯糰 | C125: 二配經典肉鬆飯糰 | E125: 14.03 | F125: 2194 | G125: =E125*F125 -> 30781.82 | H125: 2 | I125: 3 | J125: 3000 | K125: =J125/I125 -> 1000 | L125: 3 | M125: =F125/V125*60 -> 2699.3848 | N125: =M125/L125 -> 899.79494 | O125: =L125-I125 -> 0 | P125: =N125-K125 -> -100.20506 | Q125: =N125/K125 -> 0.89979494 | S125: 0.72863426 | T125: 0.7625 | U125: 15.1 | V125: 48.766667 | AA125: =M125-J125 -> -300.61517 | AB125: =M125/J125 -> 0.89979494
B126: 18℃-飯糰 | C126: 二配蔬食鮪魚飯糰 | E126: 18.18 | F126: 1295 | G126: =E126*F126 -> 23543.1 | I126: 3 | J126: 3600 | K126: =J126/I126 -> 1200 | L126: 3 | M126: =F126/V126*60 -> 3173.5875 | N126: =M126/L126 -> 1057.8625 | O126: =L126-I126 -> 0 | P126: =N126-K126 -> -142.13751 | Q126: =N126/K126 -> 0.88155208 | S126: 0.77291667 | T126: 0.78991898 | U126: 15 | V126: 24.483333 | AA126: =M126-J126 -> -426.41253 | AB126: =M126/J126 -> 0.88155208
B127: 18℃-飯糰 | C127: 二配三杯醬爆菇菇飯糰 | E127: 16.7 | F127: 433 | G127: =E127*F127 -> 7231.1 | H127: 2 | I127: 3 | J127: 3600 | K127: =J127/I127 -> 1200 | L127: 3 | M127: =F127/V127*60 -> 3174.7454 | N127: =M127/L127 -> 1058.2485 | O127: =L127-I127 -> 0 | P127: =N127-K127 -> -141.75153 | Q127: =N127/K127 -> 0.88187373 | S127: 0.80069444 | T127: 0.80637731 | U127: 15.516667 | V127: 8.1833333 | AA127: =M127-J127 -> -425.25458 | AB127: =M127/J127 -> 0.88187373
B128: 18℃-飯糰 | C128: 二配鮪魚飯糰 | E128: 14.28 | F128: 2735 | G128: =E128*F128 -> 39055.8 | H128: 2 | I128: 3 | J128: 3600 | K128: =J128/I128 -> 1200 | L128: 3 | M128: =F128/V128*60 -> 3175.1048 | N128: =M128/L128 -> 1058.3683 | O128: =L128-I128 -> 0 | P128: =N128-K128 -> -141.63173 | Q128: =N128/K128 -> 0.88197356 | S128: 0.81688657 | T128: 0.85277778 | U128: 15.133333 | V128: 51.683333 | W128: 0.85277778 | X128: 0.90578704 | AA128: =M128-J128 -> -424.8952 | AB128: =M128/J128 -> 0.88197356
B129: 18℃-飯糰 | C129: 二配芝麻香鬆飯糰 | E129: 18.18 | F129: 1200 | G129: =E129*F129 -> 21816 | I129: 4 | J129: 3000 | K129: =J129/I129 -> 750 | L129: 4 | M129: =F129/V129*60 -> 2700 | N129: =M129/L129 -> 675 | O129: =L129-I129 -> 0 | P129: =N129-K129 -> -75 | Q129: =N129/K129 -> 0.9 | S129: 0.90578704 | T129: 0.92430556 | U129: 76.333333 | V129: 26.666667 | AA129: =M129-J129 -> -300 | AB129: =M129/J129 -> 0.9
B130: 18℃-飯糰 | C130: 二配三杯醬爆菇菇飯糰 | E130: 16.7 | F130: 988 | G130: =E130*F130 -> 16499.6 | I130: 3 | J130: 3600 | K130: =J130/I130 -> 1200 | L130: 3 | M130: =F130/V130*60 -> 3175.7143 | N130: =M130/L130 -> 1058.5714 | O130: =L130-I130 -> 0 | P130: =N130-K130 -> -141.42857 | Q130: =N130/K130 -> 0.88214286 | S130: 0.9349537 | T130: 0.94791667 | U130: 15.333333 | V130: 18.666667 | AA130: =M130-J130 -> -424.28571 | AB130: =M130/J130 -> 0.88214286
B131: 18℃-飯糰 | C131: 二配壹號醬炙烤牛飯糰 | E131: 22.28 | F131: 1025 | G131: =E131*F131 -> 22837 | I131: 5 | J131: 3300 | K131: =J131/I131 -> 660 | L131: 5 | M131: =F131/V131*60 -> 2940.239 | N131: =M131/L131 -> 588.04781 | O131: =L131-I131 -> 0 | P131: =N131-K131 -> -71.952191 | Q131: =N131/K131 -> 0.89098153 | S131: 0.9583912 | T131: 0.97291667 | U131: 15.083333 | V131: 20.916667 | AA131: =M131-J131 -> -359.76096 | AB131: =M131/J131 -> 0.89098153
B132: 18℃-飯糰 | C132: 二配經典肉鬆飯糰 | E132: 14.03 | F132: 5494 | G132: =E132*F132 -> 77080.82 | I132: 3 | J132: 3000 | K132: =J132/I132 -> 1000 | L132: 3 | M132: =F132/V132*60 -> 2699.3858 | N132: =M132/L132 -> 899.79528 | O132: =L132-I132 -> 0 | P132: =N132-K132 -> -100.20472 | Q132: =N132/K132 -> 0.89979528 | S132: 0.98333333 | T132: 1.0681366 | U132: 15 | V132: 122.11667 | AA132: =M132-J132 -> -300.61417 | AB132: =M132/J132 -> 0.89979528
B133: 18℃-飯糰 | C133: 二配鮪魚飯糰 | E133: 14.28 | F133: 7295 | G133: =E133*F133 -> 104172.6 | I133: 3 | J133: 3600 | K133: =J133/I133 -> 1200 | L133: 3 | M133: =F133/V133*60 -> 3175.5744 | N133: =M133/L133 -> 1058.5248 | O133: =L133-I133 -> 0 | P133: =N133-K133 -> -141.47521 | Q133: =N133/K133 -> 0.88210399 | S133: 1.078588 | T133: 1.1743056 | U133: 15.05 | V133: 137.83333 | AA133: =M133-J133 -> -424.42563 | AB133: =M133/J133 -> 0.88210399
B140: 平均 | I140: =AVERAGE(I124:I139) -> 3.4 | J140: =AVERAGE(J124:J139) -> 3330 | K140: =J140/I140 -> 979.41176 | L140: =AVERAGE(L124:L139) -> 3.4 | M140: =AVERAGE(M124:M139) -> 2961.3736 | N140: =M140/L140 -> 870.99224 | O140: =L140-I140 -> 0 | P140: =N140-K140 -> -108.41953 | Q140: =N140/K140 -> 0.88930138 | S140: =S124 -> 0.70833333 | T140: =INDEX(T124:T139,COUNTA(T124:T139)) -> 1.1743056 | AA140: =M140-J140 -> -368.62639 | AB140: =M140/J140 -> 0.88930138
A141: GKK3600型 飯糰機2 (二配) | B141: 18℃-飯糰 | C141: 二配壹號醬炙烤牛飯糰 | E141: 22.28 | F141: 783 | G141: =E141*F141 -> 17445.24 | H141: 2 | I141: 5 | J141: 3300 | K141: =J141/I141 -> 660 | L141: 5 | M141: =F141/V141*60 -> 2939.3118 | N141: =M141/L141 -> 587.86236 | O141: =L141-I141 -> 0 | P141: =N141-K141 -> -72.137643 | Q141: =N141/K141 -> 0.89070054 | R141: =Q157 -> 0.88607105 | S141: 0.70834491 | T141: 0.71944444 | V141: 15.983333 | AA141: =M141-J141 -> -360.68822 | AB141: =M141/J141 -> 0.89070054 | AC141: =AB157 -> 0.88607105
B142: 18℃-飯糰 | C142: 二配明太子龍蝦風味沙拉飯糰 | E142: 18.18 | F142: 1040 | G142: =E142*F142 -> 18907.2 | H142: 2 | I142: 3 | J142: 3600 | K142: =J142/I142 -> 1200 | L142: 3 | M142: =F142/V142*60 -> 3175.5725 | N142: =M142/L142 -> 1058.5242 | O142: =L142-I142 -> 0 | P142: =N142-K142 -> -141.47583 | Q142: =N142/K142 -> 0.88210348 | S142: 0.73010417 | T142: 0.74375 | U142: 15.35 | V142: 19.65 | AA142: =M142-J142 -> -424.42748 | AB142: =M142/J142 -> 0.88210348
B143: 18℃-飯糰 | C143: 二配北海道秋鮭親子飯糰 | E143: 24.82 | F143: 847 | G143: =E143*F143 -> 21022.54 | H143: 2 | I143: 4 | J143: 3300 | K143: =J143/I143 -> 825 | L143: 4 | M143: =F143/V143*60 -> 2943.2432 | N143: =M143/L143 -> 735.81081 | O143: =L143-I143 -> 0 | P143: =N143-K143 -> -89.189189 | Q143: =N143/K143 -> 0.89189189 | S143: 0.75416667 | T143: 0.76615741 | U143: 15 | V143: 17.266667 | AA143: =M143-J143 -> -356.75676 | AB143: =M143/J143 -> 0.89189189
B144: 18℃-飯糰 | C144: 二配熟成紅鮭飯糰 | E144: 25.03 | F144: 708 | G144: =E144*F144 -> 17721.24 | H144: 2 | I144: 4 | J144: 3300 | K144: =J144/I144 -> 825 | L144: 4 | M144: =F144/V144*60 -> 2943.1871 | N144: =M144/L144 -> 735.79677 | O144: =L144-I144 -> 0 | P144: =N144-K144 -> -89.203233 | Q144: =N144/K144 -> 0.89187487 | S144: 0.77708333 | T144: 0.78710648 | U144: 15.733333 | V144: 14.433333 | AA144: =M144-J144 -> -356.81293 | AB144: =M144/J144 -> 0.89187487
B145: 18℃-飯糰 | C145: 二配鹽蔥燒肉飯糰 | E145: 17.89 | F145: 1516 | G145: =E145*F145 -> 27121.24 | H145: 2 | I145: 4 | J145: 3600 | K145: =J145/I145 -> 900 | L145: 4 | M145: =F145/V145*60 -> 3176.7171 | N145: =M145/L145 -> 794.17928 | O145: =L145-I145 -> 0 | P145: =N145-K145 -> -105.82072 | Q145: =N145/K145 -> 0.88242142 | S145: 0.79747685 | T145: 0.81736111 | U145: 14.933333 | V145: 28.633333 | AA145: =M145-J145 -> -423.28289 | AB145: =M145/J145 -> 0.88242142
B146: 18℃-飯糰 | C146: 二配雞肉飯飯糰 | E146: 16.66 | F146: 2355 | G146: =E146*F146 -> 39234.3 | H146: 2 | I146: 5 | J146: 3600 | K146: =J146/I146 -> 720 | L146: 5 | M146: =F146/V146*60 -> 3171.7172 | N146: =M146/L146 -> 634.34343 | O146: =L146-I146 -> 0 | P146: =N146-K146 -> -85.656566 | Q146: =N146/K146 -> 0.88103255 | S146: 0.82809028 | T146: 0.85902778 | U146: 15.45 | V146: 44.55 | W146: 0.85902778 | X146: 0.91130787 | AA146: =M146-J146 -> -428.28283 | AB146: =M146/J146 -> 0.88103255
B147: 18℃-飯糰 | C147: 二配明太子龍蝦風味沙拉飯糰 | E147: 18.18 | F147: 2579 | G147: =E147*F147 -> 46886.22 | I147: 3 | J147: 3600 | K147: =J147/I147 -> 1200 | L147: 3 | M147: =F147/V147*60 -> 3176.3257 | N147: =M147/L147 -> 1058.7752 | O147: =L147-I147 -> 0 | P147: =N147-K147 -> -141.22477 | Q147: =N147/K147 -> 0.88231269 | S147: 0.91130787 | T147: 0.94513889 | U147: 75.283333 | V147: 48.716667 | AA147: =M147-J147 -> -423.67431 | AB147: =M147/J147 -> 0.88231269
B148: 18℃-飯糰 | C148: 二配北海道秋鮭親子飯糰 | E148: 24.82 | F148: 1908 | G148: =E148*F148 -> 47356.56 | I148: 4 | J148: 3300 | K148: =J148/I148 -> 825 | L148: 4 | M148: =F148/V148*60 -> 2941.6702 | N148: =M148/L148 -> 735.41756 | O148: =L148-I148 -> 0 | P148: =N148-K148 -> -89.582441 | Q148: =N148/K148 -> 0.89141522 | S148: 0.95561343 | T148: 0.98263889 | U148: 15.083333 | V148: 38.916667 | AA148: =M148-J148 -> -358.32976 | AB148: =M148/J148 -> 0.89141522
B149: 18℃-飯糰 | C149: 二配熟成紅鮭飯糰 | E149: 25.03 | F149: 1394 | G149: =E149*F149 -> 34891.82 | I149: 4 | J149: 3300 | K149: =J149/I149 -> 825 | L149: 4 | M149: =F149/V149*60 -> 2943.3431 | N149: =M149/L149 -> 735.83578 | O149: =L149-I149 -> 0 | P149: =N149-K149 -> -89.164223 | Q149: =N149/K149 -> 0.89192215 | S149: 0.99305556 | T149: 1.0127894 | U149: 15 | V149: 28.416667 | AA149: =M149-J149 -> -356.65689 | AB149: =M149/J149 -> 0.89192215
B150: 18℃-飯糰 | C150: 二配鹽蔥燒肉飯糰 | E150: 17.89 | F150: 3968 | G150: =E150*F150 -> 70987.52 | I150: 4 | J150: 3600 | K150: =J150/I150 -> 900 | L150: 4 | M150: =F150/V150*60 -> 3175.8115 | N150: =M150/L150 -> 793.95287 | O150: =L150-I150 -> 0 | P150: =N150-K150 -> -106.04713 | Q150: =N150/K150 -> 0.88216985 | S150: 1.0229398 | T150: 1.075 | U150: 14.616667 | V150: 74.966667 | AA150: =M150-J150 -> -424.18853 | AB150: =M150/J150 -> 0.88216985
B151: 18℃-飯糰 | C151: 二配雞肉飯飯糰 | E151: 16.66 | F151: 6017 | G151: =E151*F151 -> 100243.22 | I151: 5 | J151: 3600 | K151: =J151/I151 -> 720 | L151: 5 | M151: =F151/V151*60 -> 3172.4077 | N151: =M151/L151 -> 634.48155 | O151: =L151-I151 -> 0 | P151: =N151-K151 -> -85.518453 | Q151: =N151/K151 -> 0.88122437 | S151: 1.0855556 | T151: 1.1645833 | U151: 15.2 | V151: 113.8 | AA151: =M151-J151 -> -427.59227 | AB151: =M151/J151 -> 0.88122437
B157: 平均 | I157: =AVERAGE(I141:I156) -> 4.0909091 | J157: =AVERAGE(J141:J156) -> 3463.6364 | K157: =J157/I157 -> 846.66667 | L157: =AVERAGE(L141:L156) -> 4.0909091 | M157: =AVERAGE(M141:M156) -> 3069.0279 | N157: =M157/L157 -> 750.20683 | O157: =L157-I157 -> 0 | P157: =N157-K157 -> -96.459841 | Q157: =N157/K157 -> 0.88607105 | S157: =S141 -> 0.70834491 | T157: =INDEX(T141:T156,COUNTA(T141:T156)) -> 1.1645833 | AA157: =M157-J157 -> -394.60844 | AB157: =M157/J157 -> 0.88607105
Y159: 原因回覆
Y160: 1.當日出勤人數較多
Y161: 2.當日出勤人數較少
Y162: 3.當日出勤熟手較多
Y163: 4.當日出勤新人較多
Y164: 5.機台夾盒
Y165: 6.封膜不順
Y166: 7.更換膠膜
Y167: 8.更換碳帶
Y168: 9.當日熱轉印碳帶異常
Y169: 10.訂單量過少
Y170: 11.新品上市，尚未熟悉
Y171: 12.活動期間品項需貼標

Sheet 0328(4度C)
A1: 大溪廠日報分析 | C1: 總生產量 | D1: =SUM(F5:F123) -> 44592 | E1: 營業額 | F1: =SUM(G5:G123) -> 2253176 | G1: 出勤人數 | H1: =L21+L38+L55+L72+L89+L106+L123 -> 139.58333 | I1: 產線配置圖 | L1: 生產實績 | O1: 人時性差異分析 | S1: 日報登錄 | Y1: 合計次數 | Z1: 合計(時間/分) | AA1: 產線異常 分析說明(5分鐘以上) | AC1: 合計次數 | AD1: 合計(時間/分) | AE1: 產能差異分析
A2: 46109 | C2: 人時性 | D2: =AVERAGE(N21,N38,N55,N72,N89,N106,N123) -> 117.4822 | E2: 平均廠價 | F2: =F1/D1 -> 50.528704 | G2: 多次生產數 | H2: =COUNT(H5:H123) -> 0 | Y2: =SUM(Y21,Y38,Y55,Y72,Y89,Y106,Y123) -> 0 | Z2: =SUM(Z21,Z38,Z55,Z72,Z89,Z106,Z123) -> 0 | AC2: =SUM(AC21,AC38,AC55,AC72,AC89,AC106,AC123) -> 0 | AD2: =SUM(AD21,AD38,AD55,AD72,AD89,AD106,AD123) -> 0
A3: 線別 | B3: 品類 | C3: 品名 | E3: 廠價 | F3: 生產量 | G3: 營收 | H3: 多次 生產 | I3: 人數 | J3: 產能/時 | K3: 人時性 | L3: 人數 | M3: 產能/時 | N3: 人時性 | O3: 人數 | P3: 人時性 | Q3: 達成率 | R3: 達成率 平均 | S3: 生產時間 | U3: 換線、休息/分 | V3: 稼動時間/分 | W3: 休息時間 | Y3: 產線異常統計(5分鐘以上) | AA3: (屏榮回填) | AC3: 短暫停線統計(5分鐘以下) | AE3: 產能/時 | AF3: 達成率 | AG3: 達成率平均
S4: 開始 | T4: 結束 | W4: 開始 | X4: 結束 | Y4: 次數 | Z4: 時間/分 | AC4: 總次數 | AD4: 設備因素(次數)
A5: 便當二線 | B5: 微波主食 | C5: 糖燻野郎三十天熟成牛飯 | E5: 56.77 | F5: 3576 | G5: =E5*F5 -> 203009.52 | I5: 24 | J5: 2000 | K5: =J5/I5 -> 83.333333 | L5: 24 | M5: =F5/V5*60 -> 1785.2725 | N5: =M5/L5 -> 74.386354 | O5: =L5-I5 -> 0 | P5: =N5-K5 -> -8.9469792 | Q5: =N5/K5 -> 0.89263625 | R5: =Q21 -> 0.89316712 | S5: 0.29166667 | T5: 0.37512731 | V5: 120.18333 | AE5: =M5-J5 -> -214.7275 | AF5: =M5/J5 -> 0.89263625 | AG5: =AF21 -> 0.89316712
B6: 便當 | C6: 健身G肉餐盒 | E6: 59.52 | F6: 3966 | G6: =E6*F6 -> 236056.32 | I6: 24 | J6: 2000 | K6: =J6/I6 -> 83.333333 | L6: 24 | M6: =F6/V6*60 -> 1786.0395 | N6: =M6/L6 -> 74.418314 | O6: =L6-I6 -> 0 | P6: =N6-K6 -> -8.9150196 | Q6: =N6/K6 -> 0.89301976 | S6: 0.37847222 | T6: 0.47099537 | U6: 4.8166667 | V6: 133.23333 | W6: 0.47099537 | X6: 0.50902778 | AE6: =M6-J6 -> -213.96047 | AF6: =M6/J6 -> 0.89301976
B7: 便當 | C7: 嫩烤香料雞胸排蔬滿盒 | E7: 77.34 | F7: 1888 | G7: =E7*F7 -> 146017.92 | I7: 23 | J7: 2000 | K7: =J7/I7 -> 86.956522 | L7: 23 | M7: =F7/V7*60 -> 1787.6907 | N7: =M7/L7 -> 77.725682 | O7: =L7-I7 -> 0 | P7: =N7-K7 -> -9.2308396 | Q7: =N7/K7 -> 0.89384534 | S7: 0.50902778 | T7: 0.55303241 | U7: 54.766667 | V7: 63.366667 | AE7: =M7-J7 -> -212.30931 | AF7: =M7/J7 -> 0.89384534
B21: 平均 | I21: =AVERAGE(I5:I20) -> 23.666667 | J21: =AVERAGE(J5:J20) -> 2000 | K21: =J21/I21 -> 84.507042 | L21: =AVERAGE(L5:L20) -> 23.666667 | M21: =AVERAGE(M5:M20) -> 1786.3342 | N21: =M21/L21 -> 75.478912 | O21: =L21-I21 -> 0 | P21: =N21-K21 -> -9.0281307 | Q21: =N21/K21 -> 0.89316712 | S21: =S5 -> 0.29166667 | T21: =INDEX(T5:T20,COUNTA(T5:T20)) -> 0.55303241 | Y21: =SUM(Y5:Y20) -> 0 | Z21: =SUM(Z5:Z20) -> 0 | AC21: =SUM(AC5:AC20) -> 0 | AD21: =SUM(AD5:AD20) -> 0 | AE21: =M21-J21 -> -213.66576 | AF21: =M21/J21 -> 0.89316712
A22: 涼麵一線 | B22: 便當 | C22: 經典滷肉飯 | E22: 47.37 | F22: 1750 | G22: =E22*F22 -> 82897.5 | I22: 21 | J22: 2000 | K22: =J22/I22 -> 95.238095 | L22: 22 | M22: =F22/V22*60 -> 1785.2083 | N22: =M22/L22 -> 81.145831 | O22: =L22-I22 -> 1 | P22: =N22-K22 -> -14.092265 | Q22: =N22/K22 -> 0.85203122 | R22: =Q38 -> 0.88737252 | S22: 0.29179398 | T22: 0.33263889 | V22: 58.816667 | AE22: =M22-J22 -> -214.79173 | AF22: =M22/J22 -> 0.89260414 | AG22: =AF38 -> 0.90850044
B23: 便當 | C23: 香腸腿排雙拼便當 | E23: 53.76 | F23: 2706 | G23: =E23*F23 -> 145474.56 | I23: 20 | J23: 2000 | K23: =J23/I23 -> 100 | L23: 20 | M23: =F23/V23*60 -> 1786.4662 | N23: =M23/L23 -> 89.323308 | O23: =L23-I23 -> 0 | P23: =N23-K23 -> -10.676692 | Q23: =N23/K23 -> 0.89323308 | S23: 0.33619213 | T23: 0.39930556 | U23: 5.1166667 | V23: 90.883333 | AE23: =M23-J23 -> -213.53383 | AF23: =M23/J23 -> 0.89323308
B24: 便當 | C24: 蔬活腿排補力餐盒 | E24: 71.55 | F24: 2001 | G24: =E24*F24 -> 143171.55 | I24: 22 | J24: 2000 | K24: =J24/I24 -> 90.909091 | L24: 22 | M24: =F24/V24*60 -> 1786.1641 | N24: =M24/L24 -> 81.189279 | O24: =L24-I24 -> 0 | P24: =N24-K24 -> -9.7198116 | Q24: =N24/K24 -> 0.89308207 | S24: 0.40347222 | T24: 0.45015046 | U24: 6 | V24: 67.216667 | W24: 0.45015046 | X24: 0.48888889 | AE24: =M24-J24 -> -213.83585 | AF24: =M24/J24 -> 0.89308207
B25: 4℃-飯糰 | C25: 麻油雞飯糰 | E25: 29.97 | F25: 2414 | G25: =E25*F25 -> 72347.58 | I25: 21 | J25: 2790 | K25: =J25/I25 -> 132.85714 | L25: 22 | M25: =F25/V25*60 -> 2627.8803 | N25: =M25/L25 -> 119.4491 | O25: =L25-I25 -> 1 | P25: =N25-K25 -> -13.40804 | Q25: =N25/K25 -> 0.89907927 | S25: 0.48888889 | T25: 0.52716435 | U25: 55.783333 | V25: 55.116667 | AE25: =M25-J25 -> -162.11975 | AF25: =M25/J25 -> 0.94189256
B38: 平均 | I38: =AVERAGE(I22:I37) -> 21 | J38: =AVERAGE(J22:J37) -> 2197.5 | K38: =J38/I38 -> 104.64286 | L38: =AVERAGE(L22:L37) -> 21.5 | M38: =AVERAGE(M22:M37) -> 1996.4297 | N38: =M38/L38 -> 92.857196 | O38: =L38-I38 -> 0.5 | P38: =N38-K38 -> -11.785661 | Q38: =N38/K38 -> 0.88737252 | S38: =S22 -> 0.29179398 | T38: =INDEX(T22:T37,COUNTA(T22:T37)) -> 0.52716435 | Y38: =SUM(Y22:Y37) -> 0 | Z38: =SUM(Z22:Z37) -> 0 | AC38: =SUM(AC22:AC37) -> 0 | AD38: =SUM(AD22:AD37) -> 0 | AE38: =M38-J38 -> -201.07029 | AF38: =M38/J38 -> 0.90850044
A39: 涼麵二線 | B39: 便當 | C39: 美式雞丁餐盒 | E39: 59.34 | F39: 1830 | G39: =E39*F39 -> 108592.2 | I39: 24 | J39: 2000 | K39: =J39/I39 -> 83.333333 | L39: 24 | M39: =F39/V39*60 -> 1786.8186 | N39: =M39/L39 -> 74.450773 | O39: =L39-I39 -> 0 | P39: =N39-K39 -> -8.8825603 | Q39: =N39/K39 -> 0.89340928 | R39: =Q55 -> 0.88051504 | S39: 0.29166667 | T39: 0.33434028 | V39: 61.45 | AE39: =M39-J39 -> -213.18145 | AF39: =M39/J39 -> 0.89340928 | AG39: =AF55 -> 0.89309382
B40: 便當 | C40: 烤蛋白餐盒 | E40: 58.67 | F40: 3041 | G40: =E40*F40 -> 178415.47 | I40: 23 | J40: 2000 | K40: =J40/I40 -> 86.956522 | L40: 23 | M40: =F40/V40*60 -> 1787.0715 | N40: =M40/L40 -> 77.698761 | O40: =L40-I40 -> 0 | P40: =N40-K40 -> -9.2577609 | Q40: =N40/K40 -> 0.89353575 | S40: 0.3375 | T40: 0.40840278 | U40: 4.55 | V40: 102.1 | AE40: =M40-J40 -> -212.9285 | AF40: =M40/J40 -> 0.89353575
B41: 便當 | C41: 海陸雙拼肉肉餐盒 | E41: 59.54 | F41: 2387 | G41: =E41*F41 -> 142121.98 | I41: 23 | J41: 2000 | K41: =J41/I41 -> 86.956522 | L41: 24 | M41: =F41/V41*60 -> 1784.6729 | N41: =M41/L41 -> 74.361371 | O41: =L41-I41 -> 1 | P41: =N41-K41 -> -12.595151 | Q41: =N41/K41 -> 0.85515576 | S41: 0.4125 | T41: 0.46822917 | U41: 5.9 | V41: 80.25 | AE41: =M41-J41 -> -215.3271 | AF41: =M41/J41 -> 0.89233645
B55: 平均 | I55: =AVERAGE(I39:I54) -> 23.333333 | J55: =AVERAGE(J39:J54) -> 2000 | K55: =J55/I55 -> 85.714286 | L55: =AVERAGE(L39:L54) -> 23.666667 | M55: =AVERAGE(M39:M54) -> 1786.1876 | N55: =M55/L55 -> 75.472718 | O55: =L55-I55 -> 0.33333333 | P55: =N55-K55 -> -10.241568 | Q55: =N55/K55 -> 0.88051504 | S55: =S39 -> 0.29166667 | T55: =INDEX(T39:T54,COUNTA(T39:T54)) -> 0.46822917 | Y55: =SUM(Y39:Y54) -> 0 | Z55: =SUM(Z39:Z54) -> 0 | AC55: =SUM(AC39:AC54) -> 0 | AD55: =SUM(AD39:AD54) -> 0 | AE55: =M55-J55 -> -213.81235 | AF55: =M55/J55 -> 0.89309382
A56: 涼麵三線 | B56: 微波小吃 | C56: 日式茶碗蒸 | E56: 19.7 | F56: 3309 | G56: =E56*F56 -> 65187.3 | I56: 13 | J56: 1200 | K56: =J56/I56 -> 92.307692 | L56: 13 | M56: =F56/V56*60 -> 1079.6085 | N56: =M56/L56 -> 83.046806 | O56: =L56-I56 -> 0 | P56: =N56-K56 -> -9.2608859 | Q56: =N56/K56 -> 0.89967374 | R56: =Q72 -> 0.90496196 | S56: 0.29173611 | T56: 0.41944444 | V56: 183.9 | AE56: =M56-J56 -> -120.39152 | AF56: =M56/J56 -> 0.89967374 | AG56: =AF72 -> 0.90496196
B57: 4℃-壽司手卷 | C57: 明太子泡菜牛飯卷 | E57: 27.05 | F57: 638 | G57: =E57*F57 -> 17257.9 | I57: 6 | J57: 3273 | K57: =J57/I57 -> 545.5 | L57: 6 | M57: =F57/V57*60 -> 2963.6129 | N57: =M57/L57 -> 493.93548 | O57: =L57-I57 -> 0 | P57: =N57-K57 -> -51.564516 | Q57: =N57/K57 -> 0.90547293 | S57: 0.42297454 | T57: 0.43194444 | U57: 5.0833333 | V57: 12.916667 | AE57: =M57-J57 -> -309.3871 | AF57: =M57/J57 -> 0.90547293
B58: 4℃-壽司手卷 | C58: 香料咖哩烤雞飯卷 | E58: 26.21 | F58: 1336 | G58: =E58*F58 -> 35016.56 | I58: 6 | J58: 3273 | K58: =J58/I58 -> 545.5 | L58: 6 | M58: =F58/V58*60 -> 2963.4011 | N58: =M58/L58 -> 493.90018 | O58: =L58-I58 -> 0 | P58: =N58-K58 -> -51.599815 | Q58: =N58/K58 -> 0.90540822 | S58: 0.43541667 | T58: 0.45420139 | U58: 5 | V58: 27.05 | AE58: =M58-J58 -> -309.59889 | AF58: =M58/J58 -> 0.90540822
B59: 4℃-飯糰 | C59: 蟹味可樂餅風炸飯糰 | E59: 21.92 | F59: 1145 | G59: =E59*F59 -> 25098.4 | I59: 6 | J59: 3600 | K59: =J59/I59 -> 600 | L59: 6 | M59: =F59/V59*60 -> 3261.0759 | N59: =M59/L59 -> 543.51266 | O59: =L59-I59 -> 0 | P59: =N59-K59 -> -56.487342 | Q59: =N59/K59 -> 0.90585443 | S59: 0.45833333 | T59: 0.47296296 | U59: 5.95 | V59: 21.066667 | AE59: =M59-J59 -> -338.92405 | AF59: =M59/J59 -> 0.90585443
B72: 平均 | I72: =AVERAGE(I56:I71) -> 7.75 | J72: =AVERAGE(J56:J71) -> 2836.5 | K72: =J72/I72 -> 366 | L72: =AVERAGE(L56:L71) -> 7.75 | M72: =AVERAGE(M56:M71) -> 2566.9246 | N72: =M72/L72 -> 331.21608 | O72: =L72-I72 -> 0 | P72: =N72-K72 -> -34.783921 | Q72: =N72/K72 -> 0.90496196 | S72: =S56 -> 0.29173611 | T72: =INDEX(T56:T71,COUNTA(T56:T71)) -> 0.47296296 | Y72: =SUM(Y56:Y71) -> 0 | Z72: =SUM(Z56:Z71) -> 0 | AC72: =SUM(AC56:AC71) -> 0 | AD72: =SUM(AD56:AD71) -> 0 | AE72: =M72-J72 -> -269.57539 | AF72: =M72/J72 -> 0.90496196
A73: 便當二線 (二配) | B73: 微波主食 | C73: 二配蒙古風味烤肉飯 | E73: 58.17 | F73: 1299 | G73: =E73*F73 -> 75562.83 | I73: 19 | J73: 1800 | K73: =J73/I73 -> 94.736842 | L73: 19 | M73: =F73/V73*60 -> 1605.9066 | N73: =M73/L73 -> 84.5214 | O73: =L73-I73 -> 0 | P73: =N73-K73 -> -10.215442 | Q73: =N73/K73 -> 0.89217033 | R73: =Q89 -> 0.89225855 | S73: 0.70865741 | T73: 0.74236111 | V73: 48.533333 | AE73: =M73-J73 -> -194.09341 | AF73: =M73/J73 -> 0.89217033 | AG73: =AF89 -> 0.89225855
B74: 微波主食 | C74: 二配鐵板豆腐燴蛋蓋飯 | E74: 44.98 | F74: 2810 | G74: =E74*F74 -> 126393.8 | I74: 21 | J74: 1800 | K74: =J74/I74 -> 85.714286 | L74: 21 | M74: =F74/V74*60 -> 1606.2242 | N74: =M74/L74 -> 76.486867 | O74: =L74-I74 -> 0 | P74: =N74-K74 -> -9.2274191 | Q74: =N74/K74 -> 0.89234678 | S74: 0.74585648 | T74: 0.81875 | U74: 5.0333333 | V74: 104.96667 | AE74: =M74-J74 -> -193.7758 | AF74: =M74/J74 -> 0.89234678
B89: 平均 | I89: =AVERAGE(I73:I88) -> 20 | J89: =AVERAGE(J73:J88) -> 1800 | K89: =J89/I89 -> 90 | L89: =AVERAGE(L73:L88) -> 20 | M89: =AVERAGE(M73:M88) -> 1606.0654 | N89: =M89/L89 -> 80.30327 | O89: =L89-I89 -> 0 | P89: =N89-K89 -> -9.6967302 | Q89: =N89/K89 -> 0.89225855 | S89: =S73 -> 0.70865741 | T89: =INDEX(T73:T88,COUNTA(T73:T88)) -> 0.81875 | Y89: =SUM(Y73:Y88) -> 0 | Z89: =SUM(Z73:Z88) -> 0 | AC89: =SUM(AC73:AC88) -> 0 | AD89: =SUM(AD73:AD88) -> 0 | AE89: =M89-J89 -> -193.9346 | AF89: =M89/J89 -> 0.89225855
A90: 涼麵一線 (二配) | B90: 微波主食 | C90: 二配失控起司薯餅焗飯 | E90: 54.09 | F90: 1112 | G90: =E90*F90 -> 60148.08 | I90: 19 | J90: 2000 | K90: =J90/I90 -> 105.26316 | L90: 20 | M90: =F90/V90*60 -> 1787.1429 | N90: =M90/L90 -> 89.357143 | O90: =L90-I90 -> 1 | P90: =N90-K90 -> -15.906015 | Q90: =N90/K90 -> 0.84889286 | R90: =Q106 -> 0.87098884 | S90: 0.70833333 | T90: 0.73425926 | V90: 37.333333 | AE90: =M90-J90 -> -212.85714 | AF90: =M90/J90 -> 0.89357143 | AG90: =AF106 -> 0.89332189
B91: 微波主食 | C91: 二配濃起司燻腸紅醬焗烤飯 | E91: 50.67 | F91: 2256 | G91: =E91*F91 -> 114311.52 | I91: 20 | J91: 2000 | K91: =J91/I91 -> 100 | L91: 20 | M91: =F91/V91*60 -> 1786.1447 | N91: =M91/L91 -> 89.307236 | O91: =L91-I91 -> 0 | P91: =N91-K91 -> -10.692764 | Q91: =N91/K91 -> 0.89307236 | S91: 0.73765046 | T91: 0.79027778 | U91: 4.8833333 | V91: 75.783333 | AE91: =M91-J91 -> -213.85529 | AF91: =M91/J91 -> 0.89307236
B106: 平均 | I106: =AVERAGE(I90:I105) -> 19.5 | J106: =AVERAGE(J90:J105) -> 2000 | K106: =J106/I106 -> 102.5641 | L106: =AVERAGE(L90:L105) -> 20 | M106: =AVERAGE(M90:M105) -> 1786.6438 | N106: =M106/L106 -> 89.332189 | O106: =L106-I106 -> 0.5 | P106: =N106-K106 -> -13.231913 | Q106: =N106/K106 -> 0.87098884 | S106: =S90 -> 0.70833333 | T106: =INDEX(T90:T105,COUNTA(T90:T105)) -> 0.79027778 | Y106: =SUM(Y90:Y105) -> 0 | Z106: =SUM(Z90:Z105) -> 0 | AC106: =SUM(AC90:AC105) -> 0 | AD106: =SUM(AD90:AD105) -> 0 | AE106: =M106-J106 -> -213.35622 | AF106: =M106/J106 -> 0.89332189
A107: 涼麵二線 (二配) | B107: 微波主食 | C107: 二配哞哞培根奶香海陸焗飯 | E107: 47.6 | F107: 1659 | G107: =E107*F107 -> 78968.4 | I107: 23 | J107: 2000 | K107: =J107/I107 -> 86.956522 | L107: 23 | M107: =F107/V107*60 -> 1788.6792 | N107: =M107/L107 -> 77.768663 | O107: =L107-I107 -> 0 | P107: =N107-K107 -> -9.1878589 | Q107: =N107/K107 -> 0.89433962 | R107: =Q123 -> 0.89372316 | S107: 0.70857639 | T107: 0.74722222 | V107: 55.65 | AE107: =M107-J107 -> -211.32075 | AF107: =M107/J107 -> 0.89433962 | AG107: =AF123 -> 0.89372316
B108: 微波主食 | C108: 二配黃金雞排蘑菇白醬歐姆蛋飯 | E108: 56.87 | F108: 1526 | G108: =E108*F108 -> 86783.62 | I108: 23 | J108: 2000 | K108: =J108/I108 -> 86.956522 | L108: 23 | M108: =F108/V108*60 -> 1786.5366 | N108: =M108/L108 -> 77.675504 | O108: =L108-I108 -> 0 | P108: =N108-K108 -> -9.281018 | Q108: =N108/K108 -> 0.89326829 | S108: 0.75069444 | T108: 0.78628472 | U108: 5 | V108: 51.25 | AE108: =M108-J108 -> -213.46341 | AF108: =M108/J108 -> 0.89326829
B109: 微波主食 | C109: 二配里肌豬排可可咖哩歐姆蛋飯 | E109: 56.79 | F109: 1943 | G109: =E109*F109 -> 110342.97 | I109: 23 | J109: 2000 | K109: =J109/I109 -> 86.956522 | L109: 23 | M109: =F109/V109*60 -> 1787.1231 | N109: =M109/L109 -> 77.701006 | O109: =L109-I109 -> 0 | P109: =N109-K109 -> -9.2555153 | Q109: =N109/K109 -> 0.89356157 | S109: 0.78958333 | T109: 0.83488426 | U109: 4.75 | V109: 65.233333 | AE109: =M109-J109 -> -212.87685 | AF109: =M109/J109 -> 0.89356157
B123: 平均 | I123: =AVERAGE(I107:I122) -> 23 | J123: =AVERAGE(J107:J122) -> 2000 | K123: =J123/I123 -> 86.956522 | L123: =AVERAGE(L107:L122) -> 23 | M123: =AVERAGE(M107:M122) -> 1787.4463 | N123: =M123/L123 -> 77.715058 | O123: =L123-I123 -> 0 | P123: =N123-K123 -> -9.2414641 | Q123: =N123/K123 -> 0.89372316 | S123: =S107 -> 0.70857639 | T123: =INDEX(T107:T122,COUNTA(T107:T122)) -> 0.83488426 | Y123: =SUM(Y107:Y122) -> 0 | Z123: =SUM(Z107:Z122) -> 0 | AC123: =SUM(AC107:AC122) -> 0 | AD123: =SUM(AD107:AD122) -> 0 | AE123: =M123-J123 -> -212.55367 | AF123: =M123/J123 -> 0.89372316
AA125: 原因回覆
AA126: 1.當日出勤人數較多
AA127: 2.當日出勤人數較少
AA128: 3.當日出勤熟手較多
AA129: 4.當日出勤新人較多
AA130: 5.機台夾盒
AA131: 6.封膜不順
AA132: 7.更換膠膜
AA133: 8.更換碳帶
AA134: 9.當日熱轉印碳帶異常
AA135: 10.訂單量過少
AA136: 11.新品上市，尚未熟悉
AA137: 12.活動期間品項需貼標

Sheet 0327
B1: 屏榮 大溪廠組合室生產人時性分析
B3: 日期 | C3: 115.03.27星期五 | E3: 訂單量 | F3: ='0327(18度C)'!D1+'0327(4度C)'!D1 -> 130555 | H3: 營業額 | I3: ='0327(18度C)'!F1+'0327(4度C)'!F1 -> 3793881.8
B4: 人時性 | C4: 項目 | E4: ➀ | G4: ➁ | I4: ➂ | K4: ④ | M4: ⑤ | O4: 異常停線 | Q4: 短暫停線
C5: 組合室 | E5: 全溫層 | G5: 4度C-各編組展開(一配) | I5: 4度C-各編組展開(二配) | K5: 18度C-各編組展開(一配) | M5: 18度C-各編組展開(二配) | O5: 合計次數 | P5: 時間 | Q5: 合計次數 | R5: 設備次數
C6: 排關平均 | E6: =AVERAGE(D14:O14,D32:X32) -> 468.48804 | F6: =AVERAGE(#REF!,D14:K14) -> #REF! | G6: =AVERAGE(D14:K14) -> 160.21605 | I6: =AVERAGE(L14:O14) -> 93.173541 | K6: =AVERAGE(D32:O32) -> 741.60585 | M6: =AVERAGE(P32:X32) -> 716.84866 | O6: ='0327(4度C)'!Y2 -> 0 | P6: ='0327(4度C)'!Z2 -> 0 | Q6: ='0327(4度C)'!AC2 -> 0 | R6: ='0327(4度C)'!AD2 -> 0
C7: 實績平均 | E7: =AVERAGE(D15:O15,D33:X33) -> 417.53161 | F7: =AVERAGE(#REF!,D15:K15) -> #REF! | G7: =AVERAGE(D15:K15) -> 143.77632 | I7: =AVERAGE(L15:O15) -> 82.447497 | K7: =AVERAGE(D33:O33) -> 661.74059 | M7: =AVERAGE(P33:X33) -> 637.33874
C8: 達成率平均 | E8: =AVERAGE(D16:O16,D34:X34) -> 0.88951474 | F8: =AVERAGE(D16:K16,#REF!) -> #REF! | G8: =AVERAGE(D16:K16) -> 0.89154006 | I8: =AVERAGE(L16:O16) -> 0.88563148 | K8: =AVERAGE(D34:O34) -> 0.89150821 | M8: =AVERAGE(P34:X34) -> 0.88791003
O9: ※現行日本鮮食廠以達成率80%為基本(即為現行KPI)
B11: 溫層 | D11: ➁4度C-各編組展開 | L11: ➂4度C-各編組展開
B12: 編組 | D12: 1 | E12: 2 | F12: 3 | G12: 4 | H12: 5 | I12: 6 | J12: 7 | K12: 8 | L12: 1 | M12: 2 | N12: 3 | O12: 4
D13: 便當一線 | E13: 便當二線 | F13: 涼麵一線 | G13: 涼麵二線 | H13: 涼麵三線 | I13: 自動包裝機 | J13: 自動包裝機2 | K13: 自動包裝機3 | L13: 便當一線 | M13: 便當二線 | N13: 涼麵一線 | O13: 涼麵二線
B14: 人時性 | C14: 排關 | D14: - | E14: 84.507042 | F14: 104.64286 | G14: 85.714286 | H14: 366 | I14: - | J14: - | K14: - | L14: - | M14: 90 | N14: 102.5641 | O14: 86.956522
C15: 實績 | D15: - | E15: 75.476625 | F15: 92.857305 | G15: 75.466462 | H15: 331.30487 | I15: - | J15: - | K15: - | L15: - | M15: 80.298682 | N15: 89.323958 | O15: 77.71985
C16: 達成率 | D16: - | E16: =E15/E14 -> 0.89314006 | F16: =F15/F14 -> 0.88737357 | G16: =G15/G14 -> 0.88044206 | H16: =H15/H14 -> 0.90520457 | I16: - | J16: - | K16: - | L16: - | M16: =M15/M14 -> 0.89220758 | N16: =N15/N14 -> 0.87090859 | O16: =O15/O14 -> 0.89377827
B17: 作業 時間 | C17: 開始 | D17: - | E17: 0.29166667 | F17: 0.29166667 | G17: 0.29166667 | H17: 0.29185185 | I17: - | J17: - | K17: - | L17: - | M17: 0.70861111 | N17: 0.70863426 | O17: 0.70833333
C18: 結束 | D18: - | E18: 0.53835648 | F18: 0.50694444 | G18: 0.45215278 | H18: 0.47430556 | I18: - | J18: - | K18: - | L18: - | M18: 0.81002315 | N18: 0.7794213 | O18: 0.82430556
B19: 產線異常 (5分鐘以上) | C19: 次數
C20: 時間/分
B21: 短暫停線 (5分鐘以下) | C21: 次數
C22: 設備次數
B23: 配置人數 | D23: - | E23: 23.666667 | F23: 21.5 | G23: 23.666667 | H23: 7.75 | I23: - | J23: - | K23: - | L23: - | M23: 20 | N23: 20 | O23: 23
B24: 主要應用設備 | D24: L型封口機 | E24: ET-55 | F24: ET-55 | G24: ET-55 | H24: ET-600 | I24: 伺服包裝機 | J24: 伺服包裝機 | K24: 伺服包裝機 | L24: L型封口機 | M24: ET-55 | N24: ET-55 | O24: ET-55
B25: 次要應用設備 | D25: 伺服包裝機 | H25: 伺服包裝機
B26: 備註 | H26: 涼麵+烤飯糰 | I26: 大口飯糰線 | K26: 烤飯糰+手卷
B29: 溫層 | D29: ➃18度C-各編組展開 (一配) | P29: ⑤18度C-各編組展開 (二配)
B30: 編組 | D30: 1 | E30: 2 | F30: 3 | G30: 4 | H30: 5 | I30: 6 | J30: 7 | K30: 8 | L30: 9 | M30: 10 | N30: 11 | O30: 12 | P30: 1 | Q30: 2 | R30: 3 | S30: 4 | T30: 5 | U30: 6 | V30: 7 | W30: 8 | X30: 9
D31: 便當一線 | E31: 涼麵一線 | F31: 涼麵三線 | G31: 自動包裝機 | H31: 自動包裝機2 | I31: 自動包裝機3 | J31: 味付飯糰線B | K31: (舊) 3300型飯糰線 | L31: 3000型飯糰線 | M31: (新) 3300型飯糰機 | N31: GKK3600型 飯糰機 | O31: GKK3600型 飯糰機2 | P31: 自動包裝機 | Q31: 自動包裝機2 | R31: 自動包裝機3 | S31: 味付飯糰線B | T31: (舊) 3300型飯糰線 | U31: 3000型飯糰線 | V31: (新) 3300型飯糰機 | W31: GKK3600型 飯糰機 | X31: GKK3600型 飯糰機2
B32: 人時性 | C32: 排關 | D32: - | E32: - | F32: - | G32: 328.81356 | H32: 433.33333 | I32: - | J32: - | K32: - | L32: - | M32: 1100 | N32: 1005.8824 | O32: 840 | P32: 305.08475 | Q32: - | R32: - | S32: - | T32: - | U32: - | V32: 723.52941 | W32: 990 | X32: 848.78049
C33: 實績 | D33: - | E33: - | F33: - | G33: 290.10441 | H33: 389.83379 | I33: - | J33: - | K33: - | L33: - | M33: 990.39764 | N33: 892.14805 | O33: 746.21907 | P33: 268.63948 | Q33: - | R33: - | S33: - | T33: - | U33: - | V33: 647.98844 | W33: 881.2892 | X33: 751.43786
C34: 達成率 | D34: - | E34: - | F34: - | G34: =G33/G32 -> 0.8822763 | H34: =H33/H32 -> 0.89961643 | I34: - | J34: - | K34: - | L34: - | M34: =M33/M32 -> 0.90036149 | N34: =N33/N32 -> 0.88693081 | O34: =O33/O32 -> 0.88835603 | P34: =P33/P32 -> 0.88054051 | Q34: - | R34: - | S34: - | T34: - | U34: - | V34: =V33/V32 -> 0.89559378 | W34: =W33/W32 -> 0.89019112 | X34: =X33/X32 -> 0.88531471
B35: 作業 時間 | C35: 開始 | D35: - | E35: - | F35: - | G35: 0.25 | H35: 0.29166667 | I35: - | J35: - | K35: - | L35: - | M35: 0.35445602 | N35: 0.25 | O35: 0.25006944 | P35: 0.70833333 | Q35: - | R35: - | S35: - | T35: - | U35: - | V35: 0.70833333 | W35: 0.70833333 | X35: 0.70833333
C36: 結束 | D36: - | E36: - | F36: - | G36: 0.41133102 | H36: 0.32222222 | I36: - | J36: - | K36: - | L36: - | M36: 0.39375 | N36: 0.46597222 | O36: 0.45797454 | P36: 0.80988426 | Q36: - | R36: - | S36: - | T36: - | U36: - | V36: 0.79513889 | W36: 1.1203935 | X36: 1.1125926
B37: 配置人數 | D37: - | E37: - | F37: - | G37: 9.8333333 | H37: 6 | I37: - | J37: - | K37: - | L37: - | M37: 3 | N37: 3.4 | O37: 4 | P37: 11.8 | Q37: - | R37: - | S37: - | T37: - | U37: - | V37: 4.25 | W37: 3.3333333 | X37: 4.1
B38: 主要應用設備 | D38: 伺服包裝機 | E38: ET-55 | F38: ET-600 | G38: 夾心型 | H38: 伺服包裝機 | I38: 伺服包裝機 | J38: 夾心型 | K38: 3300型 | L38: 3300型 | M38: 3300型 | N38: GKK | O38: GKK | P38: 夾心型 | Q38: 伺服包裝機 | R38: 伺服包裝機 | S38: 夾心型 | T38: 3300型 | U38: 3300型 | V38: 3300型 | W38: GKK | X38: GKK
B39: 次要應用設備
B40: 備註

Sheet 0327(18度C)
A1: 大溪廠日報分析 | C1: 總生產量 | D1: =SUM(F5:F157) -> 89710 | E1: 營業額 | F1: =SUM(G5:G157) -> 1739372.6 | G1: 出勤人數 | H1: =L21+L38+L55+L72+L89+L106+L123+L140+L157 -> 49.716667 | I1: 產線配置圖 | L1: 生產實績 | O1: 人時性差異分析 | S1: 日報登錄 | Y1: 分析說明 | AA1: 產能差異分析
A2: 46108 | C2: 人時性 | D2: =AVERAGE(N21,N38,N55,N72,N89,N106,N123,N140,N157) -> 650.89533 | E2: 平均廠價 | F2: =F1/D1 -> 19.388837 | G2: 多次生產數 | H2: =COUNT(H5:H157) -> 3
A3: 線別 | B3: 品類 | C3: 品名 | E3: 廠價 | F3: 生產量 | G3: 營收 | H3: 多次 生產 | I3: 人數 | J3: 產能/時 | K3: 人時性 | L3: 人數 | M3: 產能/時 | N3: 人時性 | O3: 人數 | P3: 人時性 | Q3: 達成率 | R3: 達成率 平均 | S3: 生產時間 | U3: 換線、休息/分 | V3: 稼動時間/分 | W3: 休息時間 | Y3: (屏榮回填) | AA3: 產能/時 | AB3: 達成率 | AC3: 達成率平均
S4: 開始 | T4: 結束 | W4: 開始 | X4: 結束
A5: 自動包裝機 | B5: 18℃-壽司手卷 | C5: 一配日式鮪魚美乃滋脆卷 | E5: 17.87 | F5: 1107 | G5: =E5*F5 -> 19782.09 | I5: 6 | J5: 2500 | K5: =J5/I5 -> 416.66667 | L5: 6 | M5: =F5/V5*60 -> 2257.9037 | N5: =M5/L5 -> 376.31728 | O5: =L5-I5 -> 0 | P5: =N5-K5 -> -40.349386 | Q5: =N5/K5 -> 0.90316147 | R5: =Q21 -> 0.8822763 | S5: 0.25 | T5: 0.27042824 | V5: 29.416667 | AA5: =M5-J5 -> -242.09632 | AB5: =M5/J5 -> 0.90316147 | AC5: =AB21 -> 0.8822763
B6: 18℃-壽司手卷 | C6: 一配銀鮭美乃滋脆卷 | E6: 19.7 | F6: 2582 | G6: =E6*F6 -> 50865.4 | I6: 6 | J6: 2500 | K6: =J6/I6 -> 416.66667 | L6: 6 | M6: =F6/V6*60 -> 2256.6642 | N6: =M6/L6 -> 376.11071 | O6: =L6-I6 -> 0 | P6: =N6-K6 -> -40.55596 | Q6: =N6/K6 -> 0.9026657 | S6: 0.27385417 | T6: 0.32152778 | U6: 4.9333333 | V6: 68.65 | AA6: =M6-J6 -> -243.33576 | AB6: =M6/J6 -> 0.9026657
B7: 18℃-壽司手卷 | C7: 一配海饌雙手卷 | E7: 29.85 | F7: 1550 | G7: =E7*F7 -> 46267.5 | I7: 12 | J7: 3600 | K7: =J7/I7 -> 300 | L7: 12 | M7: =F7/V7*60 -> 3147.2081 | N7: =M7/L7 -> 262.26734 | O7: =L7-I7 -> 0 | P7: =N7-K7 -> -37.732657 | Q7: =N7/K7 -> 0.87422448 | S7: 0.32600694 | T7: 0.34652778 | U7: 6.45 | V7: 29.55 | AA7: =M7-J7 -> -452.79188 | AB7: =M7/J7 -> 0.87422448
B8: 18℃-壽司手卷 | C8: 一配雙饗雙手卷 | E8: 29.52 | F8: 1405 | G8: =E8*F8 -> 41475.6 | I8: 12 | J8: 3600 | K8: =J8/I8 -> 300 | L8: 12 | M8: =F8/V8*60 -> 3147.4798 | N8: =M8/L8 -> 262.28998 | O8: =L8-I8 -> 0 | P8: =N8-K8 -> -37.710019 | Q8: =N8/K8 -> 0.87429994 | S8: 0.35015046 | T8: 0.36875 | U8: 5.2166667 | V8: 26.783333 | AA8: =M8-J8 -> -452.52022 | AB8: =M8/J8 -> 0.87429994
B9: 18℃-壽司手卷 | C9: 一配長野稻荷壽司 | E9: 25.64 | F9: 1141 | G9: =E9*F9 -> 29255.24 | I9: 11 | J9: 3600 | K9: =J9/I9 -> 327.27273 | L9: 11 | M9: =F9/V9*60 -> 3181.7196 | N9: =M9/L9 -> 289.24724 | O9: =L9-I9 -> 0 | P9: =N9-K9 -> -38.025491 | Q9: =N9/K9 -> 0.883811 | S9: 0.37255787 | T9: 0.3875 | U9: 5.4833333 | V9: 21.516667 | AA9: =M9-J9 -> -418.2804 | AB9: =M9/J9 -> 0.883811
B10: 18℃-飯糰 | C10: 一配兩粒飯糰(鮪魚.焦糖鮭魚) | E10: 28.57 | F10: 1527 | G10: =E10*F10 -> 43626.39 | I10: 12 | J10: 3600 | K10: =J10/I10 -> 300 | L10: 12 | M10: =F10/V10*60 -> 3125.1848 | N10: =M10/L10 -> 260.43206 | O10: =L10-I10 -> 0 | P10: =N10-K10 -> -39.567936 | Q10: =N10/K10 -> 0.86810688 | S10: 0.39097222 | T10: 0.41133102 | U10: 5 | V10: 29.316667 | AA10: =M10-J10 -> -474.81524 | AB10: =M10/J10 -> 0.86810688
B21: 平均 | I21: =AVERAGE(I5:I20) -> 9.8333333 | J21: =AVERAGE(J5:J20) -> 3233.3333 | K21: =J21/I21 -> 328.81356 | L21: =AVERAGE(L5:L20) -> 9.8333333 | M21: =AVERAGE(M5:M20) -> 2852.6934 | N21: =M21/L21 -> 290.10441 | O21: =L21-I21 -> 0 | P21: =N21-K21 -> -38.709149 | Q21: =N21/K21 -> 0.8822763 | S21: =S5 -> 0.25 | T21: =INDEX(T5:T20,COUNTA(T5:T20)) -> 0.41133102 | AA21: =M21-J21 -> -380.63997 | AB21: =M21/J21 -> 0.8822763
A22: 自動包裝機2 | B22: 18℃-壽司手卷 | C22: 一配雙鬆細卷 | E22: 14.03 | F22: 705 | G22: =E22*F22 -> 9891.15 | I22: 6 | J22: 2600 | K22: =J22/I22 -> 433.33333 | L22: 6 | M22: =F22/V22*60 -> 2339.1705 | N22: =M22/L22 -> 389.86175 | O22: =L22-I22 -> 0 | P22: =N22-K22 -> -43.471582 | Q22: =N22/K22 -> 0.89968096 | R22: =Q38 -> 0.89961643 | S22: 0.29166667 | T22: 0.30422454 | V22: 18.083333 | AA22: =M22-J22 -> -260.82949 | AB22: =M22/J22 -> 0.89968096 | AC22: =AB38 -> 0.89961643
B23: 18℃-壽司手卷 | C23: 一配經典鮪魚沙拉細卷 | E23: 14.49 | F23: 803 | G23: =E23*F23 -> 11635.47 | I23: 6 | J23: 2600 | K23: =J23/I23 -> 433.33333 | L23: 6 | M23: =F23/V23*60 -> 2338.835 | N23: =M23/L23 -> 389.80583 | O23: =L23-I23 -> 0 | P23: =N23-K23 -> -43.527508 | Q23: =N23/K23 -> 0.8995519 | S23: 0.30791667 | T23: 0.32222222 | U23: 5.3166667 | V23: 20.6 | AA23: =M23-J23 -> -261.16505 | AB23: =M23/J23 -> 0.8995519
B38: 平均 | I38: =AVERAGE(I22:I37) -> 6 | J38: =AVERAGE(J22:J37) -> 2600 | K38: =J38/I38 -> 433.33333 | L38: =AVERAGE(L22:L37) -> 6 | M38: =AVERAGE(M22:M37) -> 2339.0027 | N38: =M38/L38 -> 389.83379 | O38: =L38-I38 -> 0 | P38: =N38-K38 -> -43.499545 | Q38: =N38/K38 -> 0.89961643 | S38: =S22 -> 0.29166667 | T38: =INDEX(T22:T37,COUNTA(T22:T37)) -> 0.32222222 | AA38: =M38-J38 -> -260.99727 | AB38: =M38/J38 -> 0.89961643
A39: (新) 3300型飯糰機 | B39: 18℃-飯糰 | C39: 一配鮭魚奶油醬油飯糰 | E39: 18.53 | F39: 2802 | G39: =E39*F39 -> 51921.06 | I39: 3 | J39: 3300 | K39: =J39/I39 -> 1100 | L39: 3 | M39: =F39/V39*60 -> 2971.1929 | N39: =M39/L39 -> 990.39764 | O39: =L39-I39 -> 0 | P39: =N39-K39 -> -109.60236 | Q39: =N39/K39 -> 0.90036149 | R39: =Q55 -> 0.90036149 | S39: 0.35445602 | T39: 0.39375 | V39: 56.583333 | AA39: =M39-J39 -> -328.80707 | AB39: =M39/J39 -> 0.90036149 | AC39: =AB55 -> 0.90036149
B55: 平均 | I55: =AVERAGE(I39:I54) -> 3 | J55: =AVERAGE(J39:J54) -> 3300 | K55: =J55/I55 -> 1100 | L55: =AVERAGE(L39:L54) -> 3 | M55: =AVERAGE(M39:M54) -> 2971.1929 | N55: =M55/L55 -> 990.39764 | O55: =L55-I55 -> 0 | P55: =N55-K55 -> -109.60236 | Q55: =N55/K55 -> 0.90036149 | S55: =S39 -> 0.35445602 | T55: =INDEX(T39:T54,COUNTA(T39:T54)) -> 0.39375 | AA55: =M55-J55 -> -328.80707 | AB55: =M55/J55 -> 0.90036149
A56: GKK3600型 飯糰機 | B56: 18℃-飯糰 | C56: 一配蔬食鮪魚飯糰 | E56: 18.18 | F56: 921 | G56: =E56*F56 -> 16743.78 | I56: 3 | J56: 3600 | K56: =J56/I56 -> 1200 | L56: 3 | M56: =F56/V56*60 -> 3175.8621 | N56: =M56/L56 -> 1058.6207 | O56: =L56-I56 -> 0 | P56: =N56-K56 -> -141.37931 | Q56: =N56/K56 -> 0.88218391 | R56: =Q72 -> 0.88693081 | S56: 0.25 | T56: 0.26208333 | V56: 17.4 | AA56: =M56-J56 -> -424.13793 | AB56: =M56/J56 -> 0.88218391 | AC56: =AB72 -> 0.88693081
B57: 18℃-飯糰 | C57: 一配明太子龍蝦風味沙拉飯糰 | E57: 18.18 | F57: 1894 | G57: =E57*F57 -> 34432.92 | I57: 3 | J57: 3600 | K57: =J57/I57 -> 1200 | L57: 3 | M57: =F57/V57*60 -> 3174.3017 | N57: =M57/L57 -> 1058.1006 | O57: =L57-I57 -> 0 | P57: =N57-K57 -> -141.89944 | Q57: =N57/K57 -> 0.88175047 | S57: 0.27236111 | T57: 0.29722222 | U57: 14.8 | V57: 35.8 | AA57: =M57-J57 -> -425.69832 | AB57: =M57/J57 -> 0.88175047
B58: 18℃-飯糰 | C58: 一配壹號醬炙烤牛飯糰 | E58: 22.28 | F58: 959 | G58: =E58*F58 -> 21366.52 | I58: 5 | J58: 3300 | K58: =J58/I58 -> 660 | L58: 5 | M58: =F58/V58*60 -> 2945.7338 | N58: =M58/L58 -> 589.14676 | O58: =L58-I58 -> 0 | P58: =N58-K58 -> -70.853242 | Q58: =N58/K58 -> 0.8926466 | S58: 0.30796296 | T58: 0.32152778 | U58: 15.466667 | V58: 19.533333 | AA58: =M58-J58 -> -354.26621 | AB58: =M58/J58 -> 0.8926466
B59: 18℃-飯糰 | C59: 一配經典肉鬆飯糰 | E59: 14.03 | F59: 3657 | G59: =E59*F59 -> 51307.71 | I59: 3 | J59: 3000 | K59: =J59/I59 -> 1000 | L59: 3 | M59: =F59/V59*60 -> 2698.893 | N59: =M59/L59 -> 899.631 | O59: =L59-I59 -> 0 | P59: =N59-K59 -> -100.369 | Q59: =N59/K59 -> 0.899631 | S59: 0.33194444 | T59: 0.38840278 | U59: 15 | V59: 81.3 | AA59: =M59-J59 -> -301.10701 | AB59: =M59/J59 -> 0.899631
B60: 18℃-飯糰 | C60: 一配鮪魚飯糰 | E60: 14.28 | F60: 5073 | G60: =E60*F60 -> 72442.44 | I60: 3 | J60: 3600 | K60: =J60/I60 -> 1200 | L60: 3 | M60: =F60/V60*60 -> 3171.7263 | N60: =M60/L60 -> 1057.2421 | O60: =L60-I60 -> 0 | P60: =N60-K60 -> -142.7579 | Q60: =N60/K60 -> 0.88103508 | S60: 0.3993287 | T60: 0.46597222 | U60: 15.733333 | V60: 95.966667 | AA60: =M60-J60 -> -428.27371 | AB60: =M60/J60 -> 0.88103508
B72: 平均 | I72: =AVERAGE(I56:I71) -> 3.4 | J72: =AVERAGE(J56:J71) -> 3420 | K72: =J72/I72 -> 1005.8824 | L72: =AVERAGE(L56:L71) -> 3.4 | M72: =AVERAGE(M56:M71) -> 3033.3034 | N72: =M72/L72 -> 892.14805 | O72: =L72-I72 -> 0 | P72: =N72-K72 -> -113.7343 | Q72: =N72/K72 -> 0.88693081 | S72: =S56 -> 0.25 | T72: =INDEX(T56:T71,COUNTA(T56:T71)) -> 0.46597222 | AA72: =M72-J72 -> -386.69664 | AB72: =M72/J72 -> 0.88693081
A73: GKK3600型 飯糰機2 | B73: 18℃-飯糰 | C73: 一配熟成紅鮭飯糰 | E73: 25.03 | F73: 1171 | G73: =E73*F73 -> 29310.13 | I73: 4 | J73: 3300 | K73: =J73/I73 -> 825 | L73: 4 | M73: =F73/V73*60 -> 2939.749 | N73: =M73/L73 -> 734.93724 | O73: =L73-I73 -> 0 | P73: =N73-K73 -> -90.062762 | Q73: =N73/K73 -> 0.89083302 | R73: =Q89 -> 0.88835603 | S73: 0.25006944 | T73: 0.26666667 | V73: 23.9 | AA73: =M73-J73 -> -360.25105 | AB73: =M73/J73 -> 0.89083302 | AC73: =AB89 -> 0.88835603
