Workbook

Sheet 0806
B1: 屏榮 大溪廠組合室生產人時性分析
B3: 日期 | C3: 115.08.06星期四 | E3: 訂單量 | F3: ='0806(18度C)'!D1+'0806(4度C)'!D1 -> 188918 | H3: 營業額 | I3: ='0806(18度C)'!F1+'0806(4度C)'!F1 -> 5817645.9
B4: 人時性 | C4: 項目 | E4: ➀ | G4: ➁ | I4: ➂ | K4: ④ | M4: ⑤ | O4: 異常停線 | Q4: 短暫停線
C5: 組合室 | E5: 全溫層 | G5: 4度C-各編組展開(一配) | I5: 4度C-各編組展開(二配) | K5: 18度C-各編組展開(一配) | M5: 18度C-各編組展開(二配) | O5: 合計次數 | P5: 時間 | Q5: 合計次數 | R5: 設備次數
C6: 排關平均 | E6: =AVERAGE(D14:O14,D32:X32) -> 494.89434 | F6: =AVERAGE(#REF!,D14:K14) -> #REF! | G6: =AVERAGE(D14:K14) -> 271.35686 | I6: =AVERAGE(L14:O14) -> 94.325718 | K6: =AVERAGE(D32:O32) -> 737.95063 | M6: =AVERAGE(P32:X32) -> 787.42857 | O6: ='0806(4度C)'!Y2 -> 0 | P6: ='0806(4度C)'!Z2 -> 0 | Q6: ='0806(4度C)'!AC2 -> 0 | R6: ='0806(4度C)'!AD2 -> 0
C7: 實績平均 | E7: =AVERAGE(D15:O15,D33:X33) -> 444.39754 | F7: =AVERAGE(#REF!,D15:K15) -> #REF! | G7: =AVERAGE(D15:K15) -> 239.95088 | I7: =AVERAGE(L15:O15) -> 87.472802 | K7: =AVERAGE(D33:O33) -> 664.11577 | M7: =AVERAGE(P33:X33) -> 709.81168
C8: 達成率平均 | E8: =AVERAGE(D16:O16,D34:X34) -> 0.89993664 | F8: =AVERAGE(D16:K16,#REF!) -> #REF! | G8: =AVERAGE(D16:K16) -> 0.89289181 | I8: =AVERAGE(L16:O16) -> 0.92546698 | K8: =AVERAGE(D34:O34) -> 0.89674145 | M8: =AVERAGE(P34:X34) -> 0.90093391
O9: ※現行日本鮮食廠以達成率80%為基本(即為現行KPI)
B11: 溫層 | D11: ➁4度C-各編組展開 | L11: ➂4度C-各編組展開
B12: 編組 | D12: 1 | E12: 2 | F12: 3 | G12: 4 | H12: 5 | I12: 6 | J12: 7 | K12: 8 | L12: 1 | M12: 2 | N12: 3 | O12: 4
D13: 便當一線 | E13: 便當二線 | F13: 涼麵一線 | G13: 涼麵二線 | H13: 涼麵三線 | I13: 自動包裝機 | J13: 自動包裝機2 | K13: 自動包裝機3 | L13: 便當一線 | M13: 便當二線 | N13: 涼麵一線 | O13: 涼麵二線
B14: 人時性 | C14: 排關 | D14: - | E14: 83.72093 | F14: 117.52 | G14: 90.909091 | H14: 170.61611 | I14: 565.375 | J14: 600 | K14: - | L14: - | M14: 101.69492 | N14: 86.956522 | O14: -
C15: 實績 | D15: - | E15: 75.481559 | F15: 106.08884 | G15: 81.904163 | H15: 153.19727 | I15: 481.30953 | J15: 541.72395 | K15: - | L15: - | M15: 96.564286 | N15: 78.381318 | O15: -
C16: 達成率 | D16: - | E16: =E15/E14 -> 0.90158529 | F16: =F15/F14 -> 0.90273007 | G16: =G15/G14 -> 0.9009458 | H16: =H15/H14 -> 0.8979062 | I16: =I15/I14 -> 0.85131024 | J16: =J15/J14 -> 0.90287325 | K16: - | L16: - | M16: =M15/M14 -> 0.94954881 | N16: =N15/N14 -> 0.90138516 | O16: -
B17: 作業 時間 | C17: 開始 | D17: - | E17: 0.20833333 | F17: 0.16666667 | G17: 0.16666667 | H17: 0.16666667 | I17: 0.20833333 | J17: 0.25 | K17: - | L17: - | M17: 0.70833333 | N17: 0.70833333 | O17: -
C18: 結束 | D18: - | E18: 0.59616898 | F18: 0.52952546 | G18: 0.57861111 | H18: 0.62271991 | I18: 0.44814815 | J18: 0.31082176 | K18: - | L18: - | M18: 0.79366898 | N18: 0.81310185 | O18: -
B19: 產線異常 (5分鐘以上) | C19: 次數
C20: 時間/分
B21: 短暫停線 (5分鐘以下) | C21: 次數
C22: 設備次數
B23: 配置人數 | D23: - | E23: 21.5 | F23: 18 | G23: 22 | H23: 21.1 | I23: 5.6666667 | J23: 6 | K23: - | L23: - | M23: 18.666667 | N23: 23 | O23: -
B24: 主要應用設備 | D24: L型封口機 | E24: ET-55 | F24: ET-55 | G24: ET-55 | H24: ET-600 | I24: 伺服包裝機 | J24: 伺服包裝機 | K24: 伺服包裝機 | L24: L型封口機 | M24: ET-55 | N24: ET-55 | O24: ET-55
B25: 次要應用設備 | D25: 伺服包裝機 | H25: 伺服包裝機
B26: 備註 | H26: 涼麵+烤飯糰 | I26: 大口飯糰線 | K26: 烤飯糰+手卷
B29: 溫層 | D29: ➃18度C-各編組展開 (一配) | P29: ⑤18度C-各編組展開 (二配)
B30: 編組 | D30: 1 | E30: 2 | F30: 3 | G30: 4 | H30: 5 | I30: 6 | J30: 7 | K30: 8 | L30: 9 | M30: 10 | N30: 11 | O30: 12 | P30: 1 | Q30: 2 | R30: 3 | S30: 4 | T30: 5 | U30: 6 | V30: 7 | W30: 8 | X30: 9
D31: 便當一線 | E31: 涼麵一線 | F31: 涼麵三線 | G31: 自動包裝機 | H31: 自動包裝機2 | I31: 自動包裝機3 | J31: 味付飯糰線B | K31: (舊) 3300型飯糰線 | L31: 3000型飯糰線 | M31: (新) 3300型飯糰機 | N31: GKK3600型 飯糰機 | O31: GKK3600型 飯糰機2 | P31: 自動包裝機 | Q31: 自動包裝機2 | R31: 自動包裝機3 | S31: 味付飯糰線B | T31: (舊) 3300型飯糰線 | U31: 3000型飯糰線 | V31: (新) 3300型飯糰機 | W31: GKK3600型 飯糰機 | X31: GKK3600型 飯糰機2
B32: 人時性 | C32: 排關 | D32: - | E32: - | F32: - | G32: 327.27273 | H32: - | I32: - | J32: - | K32: - | L32: - | M32: 825 | N32: 940.90909 | O32: 858.62069 | P32: 490.90909 | Q32: - | R32: - | S32: - | T32: - | U32: - | V32: 709.09091 | W32: 1085.7143 | X32: 864
C33: 實績 | D33: - | E33: - | F33: - | G33: 287.46361 | H33: - | I33: - | J33: - | K33: - | L33: - | M33: 753.19135 | N33: 846.47637 | O33: 769.33175 | P33: 438.7366 | Q33: - | R33: - | S33: - | T33: - | U33: - | V33: 647.19086 | W33: 981.56182 | X33: 771.75745
C34: 達成率 | D34: - | E34: - | F34: - | G34: =G33/G32 -> 0.87836102 | H34: - | I34: - | J34: - | K34: - | L34: - | M34: =M33/M32 -> 0.91295921 | N34: =N33/N32 -> 0.89963672 | O34: =O33/O32 -> 0.89600886 | P34: =P33/P32 -> 0.8937227 | Q34: - | R34: - | S34: - | T34: - | U34: - | V34: =V33/V32 -> 0.91270506 | W34: =W33/W32 -> 0.90407009 | X34: =X33/X32 -> 0.89323779
B35: 作業 時間 | C35: 開始 | D35: - | E35: - | F35: - | G35: 0.20833333 | H35: - | I35: - | J35: - | K35: - | L35: - | M35: 0.32847222 | N35: 0.25 | O35: 0.25 | P35: 0.70833333 | Q35: - | R35: - | S35: - | T35: - | U35: - | V35: 0.70833333 | W35: 0.73194444 | X35: 0.7375
C36: 結束 | D36: - | E36: - | F36: - | G36: 0.44814815 | H36: - | I36: - | J36: - | K36: - | L36: - | M36: 0.41982639 | N36: 0.52556713 | O36: 0.53013889 | P36: 0.75503472 | Q36: - | R36: - | S36: - | T36: - | U36: - | V36: 0.86011574 | W36: 1.0679282 | X36: 1.0795833
B37: 配置人數 | D37: - | E37: - | F37: - | G37: 11 | H37: - | I37: - | J37: - | K37: - | L37: - | M37: 4 | N37: 3.6666667 | O37: 4.1428571 | P37: 7.3333333 | Q37: - | R37: - | S37: - | T37: - | U37: - | V37: 4.4 | W37: 3 | X37: 4.1666667
B38: 主要應用設備 | D38: 伺服包裝機 | E38: ET-55 | F38: ET-600 | G38: 夾心型 | H38: 伺服包裝機 | I38: 伺服包裝機 | J38: 夾心型 | K38: 3300型 | L38: 3300型 | M38: 3300型 | N38: GKK | O38: GKK | P38: 夾心型 | Q38: 伺服包裝機 | R38: 伺服包裝機 | S38: 夾心型 | T38: 3300型 | U38: 3300型 | V38: 3300型 | W38: GKK | X38: GKK
B39: 次要應用設備
B40: 備註

Sheet 0806(18度C)
A1: 大溪廠日報分析 | C1: 總生產量 | D1: =SUM(F5:F140) -> 101071 | E1: 營業額 | F1: =SUM(G5:G140) -> 2021623 | G1: 出勤人數 | H1: =L21+L38+L55+L72+L89+L106+L123+L140 -> 41.709524 | I1: 產線配置圖 | L1: 生產實績 | O1: 人時性差異分析 | S1: 日報登錄 | Y1: 分析說明 | AA1: 產能差異分析
A2: 46240 | C2: 人時性 | D2: =AVERAGE(N21,N38,N55,N72,N89,N106,N123,N140) -> 686.96372 | E2: 平均廠價 | F2: =F1/D1 -> 20.002008 | G2: 多次生產數 | H2: =COUNT(H5:H140) -> 9
A3: 線別 | B3: 品類 | C3: 品名 | E3: 廠價 | F3: 生產量 | G3: 營收 | H3: 多次 生產 | I3: 人數 | J3: 產能/時 | K3: 人時性 | L3: 人數 | M3: 產能/時 | N3: 人時性 | O3: 人數 | P3: 人時性 | Q3: 達成率 | R3: 達成率 平均 | S3: 生產時間 | U3: 換線、休息/分 | V3: 稼動時間/分 | W3: 休息時間 | Y3: (屏榮回填) | AA3: 產能/時 | AB3: 達成率 | AC3: 達成率平均
S4: 開始 | T4: 結束 | W4: 開始 | X4: 結束
A5: 自動包裝機 | B5: 18℃-壽司手卷 | C5: 一配長野稻荷壽司 | E5: 25.64 | F5: 1843 | G5: =E5*F5 -> 47254.52 | I5: 10 | J5: 3600 | K5: =J5/I5 -> 360 | L5: 10 | M5: =F5/V5*60 -> 3219.0496 | N5: =M5/L5 -> 321.90496 | O5: =L5-I5 -> 0 | P5: =N5-K5 -> -38.095045 | Q5: =N5/K5 -> 0.89418043 | R5: =Q21 -> 0.87836102 | S5: 0.20833333 | T5: 0.2321875 | V5: 34.351755 | AA5: =M5-J5 -> -380.95045 | AB5: =M5/J5 -> 0.89418043 | AC5: =AB21 -> 0.87836102
B6: 18℃-壽司手卷 | C6: 一配經典人氣雙手卷 | E6: 29.52 | F6: 2882 | G6: =E6*F6 -> 85076.64 | I6: 11 | J6: 3600 | K6: =J6/I6 -> 327.27273 | L6: 11 | M6: =F6/V6*60 -> 3157.5433 | N6: =M6/L6 -> 287.04939 | O6: =L6-I6 -> 0 | P6: =N6-K6 -> -40.223333 | Q6: =N6/K6 -> 0.87709537 | S6: 0.23611111 | T6: 0.27413194 | U6: 5.65 | V6: 54.764094 | AA6: =M6-J6 -> -442.45666 | AB6: =M6/J6 -> 0.87709537
B7: 18℃-壽司手卷 | C7: 一配鮭鮪海饌雙手卷 | E7: 29.85 | F7: 3417 | G7: =E7*F7 -> 101997.45 | I7: 11 | J7: 3600 | K7: =J7/I7 -> 327.27273 | L7: 11 | M7: =F7/V7*60 -> 3156.5719 | N7: =M7/L7 -> 286.96108 | O7: =L7-I7 -> 0 | P7: =N7-K7 -> -40.311645 | Q7: =N7/K7 -> 0.87682553 | S7: 0.27777778 | T7: 0.32288194 | U7: 5.25 | V7: 64.950207 | AA7: =M7-J7 -> -443.42809 | AB7: =M7/J7 -> 0.87682553
B8: 18℃-壽司手卷 | C8: 一配青木瓜雞絲泰泰雙手卷 | E8: 30 | F8: 2009 | G8: =E8*F8 -> 60270 | I8: 11 | J8: 3600 | K8: =J8/I8 -> 327.27273 | L8: 11 | M8: =F8/V8*60 -> 3157.3112 | N8: =M8/L8 -> 287.02829 | O8: =L8-I8 -> 0 | P8: =N8-K8 -> -40.244439 | Q8: =N8/K8 -> 0.87703088 | S8: 0.32638889 | T8: 0.35289352 | U8: 5.05 | V8: 38.178055 | AA8: =M8-J8 -> -442.68883 | AB8: =M8/J8 -> 0.87703088
B9: 18℃-飯糰 | C9: 一配兩粒飯糰(鮪魚.焦糖鮭魚) | E9: 28.57 | F9: 1423 | G9: =E9*F9 -> 40655.11 | I9: 12 | J9: 3600 | K9: =J9/I9 -> 300 | L9: 12 | M9: =F9/V9*60 -> 3120.0223 | N9: =M9/L9 -> 260.00186 | O9: =L9-I9 -> 0 | P9: =N9-K9 -> -39.998141 | Q9: =N9/K9 -> 0.86667286 | S9: 0.35625 | T9: 0.37524306 | U9: 4.8333333 | V9: 27.365189 | AA9: =M9-J9 -> -479.97769 | AB9: =M9/J9 -> 0.86667286
B21: 平均 | I21: =AVERAGE(I5:I20) -> 11 | J21: =AVERAGE(J5:J20) -> 3600 | K21: =J21/I21 -> 327.27273 | L21: =AVERAGE(L5:L20) -> 11 | M21: =AVERAGE(M5:M20) -> 3162.0997 | N21: =M21/L21 -> 287.46361 | O21: =L21-I21 -> 0 | P21: =N21-K21 -> -39.809122 | Q21: =N21/K21 -> 0.87836102 | S21: 0.20833333 | T21: 0.44814815 | AA21: =M21-J21 -> -437.90034 | AB21: =M21/J21 -> 0.87836102
A22: (新) 3300型飯糰機 | B22: 18℃-飯糰 | C22: 一配鮭魚奶油醬油飯糰 | E22: 18.53 | F22: 2441 | G22: =E22*F22 -> 45231.73 | I22: 3 | J22: 3300 | K22: =J22/I22 -> 1100 | L22: 3 | M22: =F22/V22*60 -> 3011.1134 | N22: =M22/L22 -> 1003.7045 | O22: =L22-I22 -> 0 | P22: =N22-K22 -> -96.29552 | Q22: =N22/K22 -> 0.91245862 | R22: =Q38 -> 0.91295921 | S22: 0.32847222 | T22: 0.36224537 | V22: 48.639815 | AA22: =M22-J22 -> -288.88656 | AB22: =M22/J22 -> 0.91245862 | AC22: =AB38 -> 0.91295921
B23: 18℃-飯糰 | C23: 一配壹號醬炙烤牛飯糰 | E23: 22.28 | F23: 781 | G23: =E23*F23 -> 17400.68 | I23: 5 | J23: 3300 | K23: =J23/I23 -> 660 | L23: 5 | M23: =F23/V23*60 -> 3014.7198 | N23: =M23/L23 -> 602.94396 | O23: =L23-I23 -> 0 | P23: =N23-K23 -> -57.056039 | Q23: =N23/K23 -> 0.91355146 | S23: 0.36527778 | T23: 0.37606481 | U23: 5 | V23: 15.543733 | AA23: =M23-J23 -> -285.28019 | AB23: =M23/J23 -> 0.91355146
B24: 18℃-飯糰 | C24: 一配鹽蔥燒肉飯糰 | E24: 17.89 | F24: 2940 | G24: =E24*F24 -> 52596.6 | I24: 4 | J24: 3300 | K24: =J24/I24 -> 825 | L24: 4 | M24: =F24/V24*60 -> 3012.463 | N24: =M24/L24 -> 753.11574 | O24: =L24-I24 -> 0 | P24: =N24-K24 -> -71.884261 | Q24: =N24/K24 -> 0.91286756 | S24: 0.37916667 | T24: 0.41982639 | U24: 5 | V24: 58.556737 | AA24: =M24-J24 -> -287.53704 | AB24: =M24/J24 -> 0.91286756
B38: 平均 | I38: =AVERAGE(I22:I37) -> 4 | J38: =AVERAGE(J22:J37) -> 3300 | K38: =J38/I38 -> 825 | L38: =AVERAGE(L22:L37) -> 4 | M38: =AVERAGE(M22:M37) -> 3012.7654 | N38: =M38/L38 -> 753.19135 | O38: =L38-I38 -> 0 | P38: =N38-K38 -> -71.80865 | Q38: =N38/K38 -> 0.91295921 | S38: 0.32847222 | T38: 0.41982639 | AA38: =M38-J38 -> -287.2346 | AB38: =M38/J38 -> 0.91295921
A39: GKK3600型 飯糰機 | B39: 18℃-飯糰 | C39: 一配熟成紅鮭飯糰 | E39: 25.03 | F39: 955 | G39: =E39*F39 -> 23903.65 | I39: 5 | J39: 3600 | K39: =J39/I39 -> 720 | L39: 5 | M39: =F39/V39*60 -> 3217.4296 | N39: =M39/L39 -> 643.48591 | O39: =L39-I39 -> 0 | P39: =N39-K39 -> -76.51409 | Q39: =N39/K39 -> 0.89373043 | R39: =Q55 -> 0.89963672 | S39: 0.25 | T39: 0.26236111 | V39: 17.809248 | AA39: =M39-J39 -> -382.57045 | AB39: =M39/J39 -> 0.89373043 | AC39: =AB55 -> 0.89963672
B40: 18℃-飯糰 | C40: 一配蔬食鮪魚飯糰 | E40: 18.18 | F40: 1204 | G40: =E40*F40 -> 21888.72 | I40: 3 | J40: 3600 | K40: =J40/I40 -> 1200 | L40: 3 | M40: =F40/V40*60 -> 3216.3618 | N40: =M40/L40 -> 1072.1206 | O40: =L40-I40 -> 0 | P40: =N40-K40 -> -127.8794 | Q40: =N40/K40 -> 0.89343384 | S40: 0.27222222 | T40: 0.2878125 | U40: 15 | V40: 22.46016 | AA40: =M40-J40 -> -383.63819 | AB40: =M40/J40 -> 0.89343384
B41: 18℃-飯糰 | C41: 一配北海道秋鮭親子飯糰 | E41: 24.82 | F41: 1269 | G41: =E41*F41 -> 31496.58 | I41: 5 | J41: 3600 | K41: =J41/I41 -> 720 | L41: 5 | M41: =F41/V41*60 -> 3217.1202 | N41: =M41/L41 -> 643.42403 | O41: =L41-I41 -> 0 | P41: =N41-K41 -> -76.575968 | Q41: =N41/K41 -> 0.89364449 | S41: 0.29791667 | T41: 0.31435185 | U41: 14.55 | V41: 23.66713 | AA41: =M41-J41 -> -382.87984 | AB41: =M41/J41 -> 0.89364449
B42: 18℃-飯糰 | C42: 一配黑胡椒洋蔥豬飯糰 | E42: 17.07 | F42: 2079 | G42: =E42*F42 -> 35488.53 | I42: 3 | J42: 3300 | K42: =J42/I42 -> 1100 | L42: 3 | M42: =F42/V42*60 -> 3015.6672 | N42: =M42/L42 -> 1005.2224 | O42: =L42-I42 -> 0 | P42: =N42-K42 -> -94.777606 | Q42: =N42/K42 -> 0.91383854 | S42: 0.32430556 | T42: 0.35302083 | U42: 15 | V42: 41.363981 | AA42: =M42-J42 -> -284.33282 | AB42: =M42/J42 -> 0.91383854
B43: 18℃-飯糰 | C43: 一配經典肉鬆飯糰 | E43: 14.03 | F43: 4525 | G43: =E43*F43 -> 63485.75 | I43: 3 | J43: 3000 | K43: =J43/I43 -> 1000 | L43: 3 | M43: =F43/V43*60 -> 2741.9161 | N43: =M43/L43 -> 913.97204 | O43: =L43-I43 -> 0 | P43: =N43-K43 -> -86.027962 | Q43: =N43/K43 -> 0.91397204 | S43: 0.36319444 | T43: 0.43195602 | U43: 14.65 | V43: 99.018347 | AA43: =M43-J43 -> -258.08389 | AB43: =M43/J43 -> 0.91397204
B44: 18℃-飯糰 | C44: 一配鮪魚飯糰 | E44: 14.28 | F44: 6419 | G44: =E44*F44 -> 91663.32 | I44: 3 | J44: 3600 | K44: =J44/I44 -> 1200 | L44: 3 | M44: =F44/V44*60 -> 3213.9852 | N44: =M44/L44 -> 1071.3284 | O44: =L44-I44 -> 0 | P44: =N44-K44 -> -128.67159 | Q44: =N44/K44 -> 0.89277368 | S44: 0.44236111 | T44: 0.52556713 | U44: 14.983333 | V44: 119.83254 | AA44: =M44-J44 -> -386.01476 | AB44: =M44/J44 -> 0.89277368
B55: 平均 | I55: =AVERAGE(I39:I54) -> 3.6666667 | J55: =AVERAGE(J39:J54) -> 3450 | K55: =J55/I55 -> 940.90909 | L55: =AVERAGE(L39:L54) -> 3.6666667 | M55: =AVERAGE(M39:M54) -> 3103.7467 | N55: =M55/L55 -> 846.47637 | O55: =L55-I55 -> 0 | P55: =N55-K55 -> -94.432725 | Q55: =N55/K55 -> 0.89963672 | S55: 0.25 | T55: 0.52556713 | AA55: =M55-J55 -> -346.25332 | AB55: =M55/J55 -> 0.89963672
A56: GKK3600型 飯糰機2 | B56: 18℃-飯糰 | C56: 一配椒鹽檸檬鯖魚飯糰 | E56: 20.72 | F56: 1603 | G56: =E56*F56 -> 33214.16 | I56: 3 | J56: 3600 | K56: =J56/I56 -> 1200 | L56: 3 | M56: =F56/V56*60 -> 3217.2784 | N56: =M56/L56 -> 1072.4261 | O56: =L56-I56 -> 0 | P56: =N56-K56 -> -127.57388 | Q56: =N56/K56 -> 0.89368843 | R56: =Q72 -> 0.89600886 | S56: 0.25 | T56: 0.27075231 | V56: 29.894833 | AA56: =M56-J56 -> -382.72164 | AB56: =M56/J56 -> 0.89368843 | AC56: =AB72 -> 0.89600886
B57: 18℃-飯糰 | C57: 一配柚檸海灣貝飯糰 | E57: 23.72 | F57: 699 | G57: =E57*F57 -> 16580.28 | I57: 5 | J57: 3600 | K57: =J57/I57 -> 720 | L57: 5 | M57: =F57/V57*60 -> 3216.4311 | N57: =M57/L57 -> 643.28623 | O57: =L57-I57 -> 0 | P57: =N57-K57 -> -76.71377 | Q57: =N57/K57 -> 0.8934531 | S57: 0.28055556 | T57: 0.28960648 | U57: 15 | V57: 13.039297 | AA57: =M57-J57 -> -383.56885 | AB57: =M57/J57 -> 0.8934531
B58: 18℃-飯糰 | C58: 一配贅沢鮭魚肚飯糰 | E58: 30 | F58: 1852 | G58: =E58*F58 -> 55560 | I58: 4 | J58: 3600 | K58: =J58/I58 -> 900 | L58: 4 | M58: =F58/V58*60 -> 3216.7507 | N58: =M58/L58 -> 804.18767 | O58: =L58-I58 -> 0 | P58: =N58-K58 -> -95.812331 | Q58: =N58/K58 -> 0.89354185 | S58: 0.3 | T58: 0.32398148 | U58: 14.966667 | V58: 34.544176 | AA58: =M58-J58 -> -383.24933 | AB58: =M58/J58 -> 0.89354185
B59: 18℃-飯糰 | C59: 一配筋子銀鮭飯糰 | E59: 30 | F59: 2131 | G59: =E59*F59 -> 63930 | I59: 4 | J59: 3300 | K59: =J59/I59 -> 825 | L59: 4 | M59: =F59/V59*60 -> 3016.4409 | N59: =M59/L59 -> 754.11023 | O59: =L59-I59 -> 0 | P59: =N59-K59 -> -70.889775 | Q59: =N59/K59 -> 0.914073 | S59: 0.33402778 | T59: 0.36346065 | U59: 15 | V59: 42.387703 | AA59: =M59-J59 -> -283.5591 | AB59: =M59/J59 -> 0.914073
B60: 18℃-飯糰 | C60: 一配鹽蔥生鮭飯糰 | E60: 27.48 | F60: 3144 | G60: =E60*F60 -> 86397.12 | I60: 5 | J60: 3600 | K60: =J60/I60 -> 720 | L60: 5 | M60: =F60/V60*60 -> 3216.9659 | N60: =M60/L60 -> 643.39318 | O60: =L60-I60 -> 0 | P60: =N60-K60 -> -76.606825 | Q60: =N60/K60 -> 0.89360163 | S60: 0.37361111 | T60: 0.4143287 | U60: 14.616667 | V60: 58.639105 | AA60: =M60-J60 -> -383.03412 | AB60: =M60/J60 -> 0.89360163
B61: 18℃-飯糰 | C61: 一配明太子龍蝦風味沙拉飯糰 | E61: 18.18 | F61: 2102 | G61: =E61*F61 -> 38214.36 | I61: 3 | J61: 3600 | K61: =J61/I61 -> 1200 | L61: 3 | M61: =F61/V61*60 -> 3213.3663 | N61: =M61/L61 -> 1071.1221 | O61: =L61-I61 -> 0 | P61: =N61-K61 -> -128.87791 | Q61: =N61/K61 -> 0.89260174 | S61: 0.42430556 | T61: 0.45155093 | U61: 15 | V61: 39.24856 | AA61: =M61-J61 -> -386.63372 | AB61: =M61/J61 -> 0.89260174
B62: 18℃-飯糰 | C62: 一配雞肉飯飯糰 | E62: 16.66 | F62: 5270 | G62: =E62*F62 -> 87798.2 | I62: 5 | J62: 3600 | K62: =J62/I62 -> 720 | L62: 5 | M62: =F62/V62*60 -> 3213.3874 | N62: =M62/L62 -> 642.67747 | O62: =L62-I62 -> 0 | P62: =N62-K62 -> -77.322527 | Q62: =N62/K62 -> 0.8926076 | S62: 0.46180556 | T62: 0.53013889 | U62: 14.766667 | V62: 98.400835 | AA62: =M62-J62 -> -386.61263 | AB62: =M62/J62 -> 0.8926076
B72: 平均 | I72: =AVERAGE(I56:I71) -> 4.1428571 | J72: =AVERAGE(J56:J71) -> 3557.1429 | K72: =J72/I72 -> 858.62069 | L72: =AVERAGE(L56:L71) -> 4.1428571 | M72: =AVERAGE(M56:M71) -> 3187.2315 | N72: =M72/L72 -> 769.33175 | O72: =L72-I72 -> 0 | P72: =N72-K72 -> -89.288945 | Q72: =N72/K72 -> 0.89600886 | S72: 0.25 | T72: 0.53013889 | AA72: =M72-J72 -> -369.91134 | AB72: =M72/J72 -> 0.89600886
A73: 自動包裝機 (二配) | B73: 18℃-飯糰 | C73: 二配兩粒飯糰(鮪魚.焦糖鮭魚) | E73: 28.57 | F73: 1478 | G73: =E73*F73 -> 42226.46 | I73: 12 | J73: 3600 | K73: =J73/I73 -> 300 | L73: 12 | M73: =F73/V73*60 -> 3120.1541 | N73: =M73/L73 -> 260.01284 | O73: =L73-I73 -> 0 | P73: =N73-K73 -> -39.987159 | Q73: =N73/K73 -> 0.86670947 | R73: =Q89 -> 0.8937227 | S73: 0.70833333 | T73: 0.72806713 | V73: 28.421673 | AA73: =M73-J73 -> -479.84591 | AB73: =M73/J73 -> 0.86670947 | AC73: =AB89 -> 0.8937227
B74: 18℃-飯糰 | C74: 二配柚香雞胸五穀飯糰 | E74: 17.71 | F74: 506 | G74: =E74*F74 -> 8961.26 | I74: 5 | J74: 3600 | K74: =J74/I74 -> 720 | L74: 5 | M74: =F74/V74*60 -> 3266.7813 | N74: =M74/L74 -> 653.35626 | O74: =L74-I74 -> 0 | P74: =N74-K74 -> -66.64374 | Q74: =N74/K74 -> 0.90743925 | S74: 0.73194444 | T74: 0.7383912 | U74: 5.5833333 | V74: 9.2935514 | AA74: =M74-J74 -> -333.2187 | AB74: =M74/J74 -> 0.90743925
B75: 18℃-飯糰 | C75: 二配鮭魚毛豆炊飯飯糰 | E75: 18.92 | F75: 1048 | G75: =E75*F75 -> 19828.16 | I75: 5 | J75: 3600 | K75: =J75/I75 -> 720 | L75: 5 | M75: =F75/V75*60 -> 3265.2698 | N75: =M75/L75 -> 653.05395 | O75: =L75-I75 -> 0 | P75: =N75-K75 -> -66.946047 | Q75: =N75/K75 -> 0.90701938 | S75: 0.74166667 | T75: 0.75503472 | U75: 4.7166667 | V75: 19.257214 | AA75: =M75-J75 -> -334.73023 | AB75: =M75/J75 -> 0.90701938
B89: 平均 | I89: =AVERAGE(I73:I88) -> 7.3333333 | J89: =AVERAGE(J73:J88) -> 3600 | K89: =J89/I89 -> 490.90909 | L89: =AVERAGE(L73:L88) -> 7.3333333 | M89: =AVERAGE(M73:M88) -> 3217.4017 | N89: =M89/L89 -> 438.7366 | O89: =L89-I89 -> 0 | P89: =N89-K89 -> -52.172493 | Q89: =N89/K89 -> 0.8937227 | S89: 0.70833333 | T89: 0.75503472 | AA89: =M89-J89 -> -382.59828 | AB89: =M89/J89 -> 0.8937227
A90: (新) 3300型飯糰機 (二配) | B90: 18℃-飯糰 | C90: 二配大飯糰乾燒風味鮮蝦 | E90: 23.27 | F90: 514 | G90: =E90*F90 -> 11960.78 | I90: 5 | J90: 3000 | K90: =J90/I90 -> 600 | L90: 5 | M90: =F90/V90*60 -> 2739.0771 | N90: =M90/L90 -> 547.81543 | O90: =L90-I90 -> 0 | P90: =N90-K90 -> -52.184572 | Q90: =N90/K90 -> 0.91302571 | R90: =Q106 -> 0.91270506 | S90: 0.70833333 | T90: 0.71614583 | V90: 11.259267 | AA90: =M90-J90 -> -260.92286 | AB90: =M90/J90 -> 0.91302571 | AC90: =AB106 -> 0.91270506
B91: 18℃-飯糰 | C91: 二配大飯糰韓式蒜烤豬五花 | E91: 24.54 | F91: 1307 | G91: =E91*F91 -> 32073.78 | I91: 4 | J91: 3000 | K91: =J91/I91 -> 750 | L91: 4 | M91: =F91/V91*60 -> 2739.3099 | N91: =M91/L91 -> 684.82748 | O91: =L91-I91 -> 0 | P91: =N91-K91 -> -65.172523 | Q91: =N91/K91 -> 0.9131033 | S91: 0.71944444 | T91: 0.73931713 | U91: 4.75 | V91: 28.627648 | AA91: =M91-J91 -> -260.69009 | AB91: =M91/J91 -> 0.9131033
B92: 18℃-飯糰 | C92: 二配大飯糰泡菜鮪魚 | E92: 24.33 | F92: 1367 | G92: =E92*F92 -> 33259.11 | I92: 4 | J92: 3000 | K92: =J92/I92 -> 750 | L92: 4 | M92: =F92/V92*60 -> 2737.2851 | N92: =M92/L92 -> 684.32127 | O92: =L92-I92 -> 0 | P92: =N92-K92 -> -65.678727 | Q92: =N92/K92 -> 0.91242836 | S92: 0.74305556 | T92: 0.76385417 | U92: 5.3833333 | V92: 29.963996 | AA92: =M92-J92 -> -262.71491 | AB92: =M92/J92 -> 0.91242836
B93: 18℃-飯糰 | C93: 二配壹號醬炙烤牛飯糰 | E93: 22.28 | F93: 1512 | G93: =E93*F93 -> 33687.36 | I93: 5 | J93: 3300 | K93: =J93/I93 -> 660 | L93: 5 | M93: =F93/V93*60 -> 3011.2888 | N93: =M93/L93 -> 602.25775 | O93: =L93-I93 -> 0 | P93: =N93-K93 -> -57.742245 | Q93: =N93/K93 -> 0.91251175 | S93: 0.76666667 | T93: 0.78758102 | U93: 5 | V93: 30.126636 | AA93: =M93-J93 -> -288.71123 | AB93: =M93/J93 -> 0.91251175
B94: 18℃-飯糰 | C94: 二配鹽蔥燒肉飯糰 | E94: 17.89 | F94: 4947 | G94: =E94*F94 -> 88501.83 | I94: 4 | J94: 3300 | K94: =J94/I94 -> 825 | L94: 4 | M94: =F94/V94*60 -> 3011.2381 | N94: =M94/L94 -> 752.80952 | O94: =L94-I94 -> 0 | P94: =N94-K94 -> -72.190481 | Q94: =N94/K94 -> 0.91249639 | S94: 0.79166667 | T94: 0.86011574 | U94: 5.8833333 | V94: 98.570751 | AA94: =M94-J94 -> -288.76192 | AB94: =M94/J94 -> 0.91249639
B106: 平均 | I106: =AVERAGE(I90:I105) -> 4.4 | J106: =AVERAGE(J90:J105) -> 3120 | K106: =J106/I106 -> 709.09091 | L106: =AVERAGE(L90:L105) -> 4.4 | M106: =AVERAGE(M90:M105) -> 2847.6398 | N106: =M106/L106 -> 647.19086 | O106: =L106-I106 -> 0 | P106: =N106-K106 -> -61.900046 | Q106: =N106/K106 -> 0.91270506 | S106: 0.70833333 | T106: 0.86011574 | AA106: =M106-J106 -> -272.3602 | AB106: =M106/J106 -> 0.91270506
A107: GKK3600型 飯糰機 (二配) | B107: 18℃-飯糰 | C107: 二配芝麻香鬆飯糰 | E107: 18.18 | F107: 598 | G107: =E107*F107 -> 10871.64 | H107: 2 | I107: 3 | J107: 3000 | K107: =J107/I107 -> 1000 | L107: 3 | M107: =F107/V107*60 -> 2740.6541 | N107: =M107/L107 -> 913.55137 | O107: =L107-I107 -> 0 | P107: =N107-K107 -> -86.448628 | Q107: =N107/K107 -> 0.91355137 | R107: =Q123 -> 0.90407009 | S107: 0.73194444 | T107: 0.74103009 | V107: 13.091765 | AA107: =M107-J107 -> -259.34588 | AB107: =M107/J107 -> 0.91355137 | AC107: =AB123 -> 0.90407009
B108: 18℃-飯糰 | C108: 二配蔬食鮪魚飯糰 | E108: 18.18 | F108: 1186 | G108: =E108*F108 -> 21561.48 | I108: 3 | J108: 3600 | K108: =J108/I108 -> 1200 | L108: 3 | M108: =F108/V108*60 -> 3218.6846 | N108: =M108/L108 -> 1072.8949 | O108: =L108-I108 -> 0 | P108: =N108-K108 -> -127.10513 | Q108: =N108/K108 -> 0.89407906 | S108: 0.75138889 | T108: 0.76673611 | U108: 14.916667 | V108: 22.10841 | AA108: =M108-J108 -> -381.31538 | AB108: =M108/J108 -> 0.89407906
B109: 18℃-飯糰 | C109: 二配經典肉鬆飯糰 | E109: 14.03 | F109: 2020 | G109: =E109*F109 -> 28340.6 | H109: 2 | I109: 3 | J109: 3000 | K109: =J109/I109 -> 1000 | L109: 3 | M109: =F109/V109*60 -> 2740.0401 | N109: =M109/L109 -> 913.3467 | O109: =L109-I109 -> 0 | P109: =N109-K109 -> -86.6533 | Q109: =N109/K109 -> 0.9133467 | S109: 0.77708333 | T109: 0.80778935 | U109: 14.9 | V109: 44.232929 | AA109: =M109-J109 -> -259.9599 | AB109: =M109/J109 -> 0.9133467
B110: 18℃-飯糰 | C110: 二配鮪魚飯糰 | E110: 14.28 | F110: 2467 | G110: =E110*F110 -> 35228.76 | H110: 2 | I110: 3 | J110: 3600 | K110: =J110/I110 -> 1200 | L110: 3 | M110: =F110/V110*60 -> 3217.7603 | N110: =M110/L110 -> 1072.5868 | O110: =L110-I110 -> 0 | P110: =N110-K110 -> -127.41322 | Q110: =N110/K110 -> 0.89382231 | S110: 0.81805556 | T110: 0.85 | U110: 14.783333 | V110: 46.00094 | AA110: =M110-J110 -> -382.23967 | AB110: =M110/J110 -> 0.89382231
B111: 18℃-飯糰 | C111: 二配芝麻香鬆飯糰 | E111: 18.18 | F111: 1343 | G111: =E111*F111 -> 24415.74 | I111: 3 | J111: 3000 | K111: =J111/I111 -> 1000 | L111: 3 | M111: =F111/V111*60 -> 2740.6541 | N111: =M111/L111 -> 913.55137 | O111: =L111-I111 -> 0 | P111: =N111-K111 -> -86.448628 | Q111: =N111/K111 -> 0.91355137 | S111: 0.86041667 | T111: 0.88083333 | U111: 15 | V111: 29.40174 | AA111: =M111-J111 -> -259.34588 | AB111: =M111/J111 -> 0.91355137
B112: 18℃-飯糰 | C112: 二配經典肉鬆飯糰 | E112: 14.03 | F112: 5175 | G112: =E112*F112 -> 72605.25 | I112: 3 | J112: 3000 | K112: =J112/I112 -> 1000 | L112: 3 | M112: =F112/V112*60 -> 2740.0401 | N112: =M112/L112 -> 913.3467 | O112: =L112-I112 -> 0 | P112: =N112-K112 -> -86.6533 | Q112: =N112/K112 -> 0.9133467 | S112: 0.89097222 | T112: 0.96966435 | U112: 14.6 | V112: 113.31951 | AA112: =M112-J112 -> -259.9599 | AB112: =M112/J112 -> 0.9133467
B113: 18℃-飯糰 | C113: 二配鮪魚飯糰 | E113: 14.28 | F113: 6796 | G113: =E113*F113 -> 97046.88 | I113: 3 | J113: 3600 | K113: =J113/I113 -> 1200 | L113: 3 | M113: =F113/V113*60 -> 3214.9648 | N113: =M113/L113 -> 1071.6549 | O113: =L113-I113 -> 0 | P113: =N113-K113 -> -128.34508 | Q113: =N113/K113 -> 0.89304577 | S113: 0.97986111 | T113: 1.0679282 | U113: 14.683333 | V113: 126.83187 | AA113: =M113-J113 -> -385.03523 | AB113: =M113/J113 -> 0.89304577
B123: 平均 | I123: =AVERAGE(I107:I122) -> 3 | J123: =AVERAGE(J107:J122) -> 3257.1429 | K123: =J123/I123 -> 1085.7143 | L123: =AVERAGE(L107:L122) -> 3 | M123: =AVERAGE(M107:M122) -> 2944.6854 | N123: =M123/L123 -> 981.56182 | O123: =L123-I123 -> 0 | P123: =N123-K123 -> -104.15247 | Q123: =N123/K123 -> 0.90407009 | S123: 0.73194444 | T123: 1.0679282 | AA123: =M123-J123 -> -312.45741 | AB123: =M123/J123 -> 0.90407009
A124: GKK3600型 飯糰機2 (二配) | B124: 18℃-飯糰 | C124: 二配熟成紅鮭飯糰 | E124: 25.03 | F124: 429 | G124: =E124*F124 -> 10737.87 | H124: 2 | I124: 5 | J124: 3600 | K124: =J124/I124 -> 720 | L124: 5 | M124: =F124/V124*60 -> 3215.6287 | N124: =M124/L124 -> 643.12575 | O124: =L124-I124 -> 0 | P124: =N124-K124 -> -76.874251 | Q124: =N124/K124 -> 0.89323021 | R124: =Q140 -> 0.89323779 | S124: 0.7375 | T124: 0.74305556 | V124: 8.0046554 | AA124: =M124-J124 -> -384.37126 | AB124: =M124/J124 -> 0.89323021 | AC124: =AB140 -> 0.89323779
B125: 18℃-飯糰 | C125: 二配三杯醬爆菇菇飯糰 | E125: 16.7 | F125: 410 | G125: =E125*F125 -> 6847 | H125: 2 | I125: 3 | J125: 3600 | K125: =J125/I125 -> 1200 | L125: 3 | M125: =F125/V125*60 -> 3217.6439 | N125: =M125/L125 -> 1072.548 | O125: =L125-I125 -> 0 | P125: =N125-K125 -> -127.45204 | Q125: =N125/K125 -> 0.89378997 | S125: 0.75347222 | T125: 0.75877315 | U125: 15 | V125: 7.6453457 | AA125: =M125-J125 -> -382.35611 | AB125: =M125/J125 -> 0.89378997
B126: 18℃-飯糰 | C126: 二配贅沢鮭魚肚飯糰 | E126: 30 | F126: 637 | G126: =E126*F126 -> 19110 | H126: 2 | I126: 4 | J126: 3600 | K126: =J126/I126 -> 900 | L126: 4 | M126: =F126/V126*60 -> 3213.48 | N126: =M126/L126 -> 803.37001 | O126: =L126-I126 -> 0 | P126: =N126-K126 -> -96.629992 | Q126: =N126/K126 -> 0.89263334 | S126: 0.76875 | T126: 0.77700231 | U126: 15 | V126: 11.893648 | AA126: =M126-J126 -> -386.51997 | AB126: =M126/J126 -> 0.89263334
B127: 18℃-飯糰 | C127: 二配北海道秋鮭親子飯糰 | E127: 24.82 | F127: 648 | G127: =E127*F127 -> 16083.36 | H127: 2 | I127: 5 | J127: 3600 | K127: =J127/I127 -> 720 | L127: 5 | M127: =F127/V127*60 -> 3215.9132 | N127: =M127/L127 -> 643.18263 | O127: =L127-I127 -> 0 | P127: =N127-K127 -> -76.81737 | Q127: =N127/K127 -> 0.89330921 | S127: 0.78680556 | T127: 0.79519676 | U127: 15 | V127: 12.089879 | AA127: =M127-J127 -> -384.08685 | AB127: =M127/J127 -> 0.89330921
B128: 18℃-飯糰 | C128: 二配明太子龍蝦風味沙拉飯糰 | E128: 18.18 | F128: 923 | G128: =E128*F128 -> 16780.14 | H128: 2 | I128: 3 | J128: 3600 | K128: =J128/I128 -> 1200 | L128: 3 | M128: =F128/V128*60 -> 3215.0034 | N128: =M128/L128 -> 1071.6678 | O128: =L128-I128 -> 0 | P128: =N128-K128 -> -128.3322 | Q128: =N128/K128 -> 0.8930565 | S128: 0.80555556 | T128: 0.81751157 | U128: 14.916667 | V128: 17.225487 | AA128: =M128-J128 -> -384.99659 | AB128: =M128/J128 -> 0.8930565
B129: 18℃-飯糰 | C129: 二配雞肉飯飯糰 | E129: 16.66 | F129: 2029 | G129: =E129*F129 -> 33803.14 | H129: 2 | I129: 5 | J129: 3600 | K129: =J129/I129 -> 720 | L129: 5 | M129: =F129/V129*60 -> 3215.6279 | N129: =M129/L129 -> 643.12557 | O129: =L129-I129 -> 0 | P129: =N129-K129 -> -76.874426 | Q129: =N129/K129 -> 0.89322996 | S129: 0.82777778 | T129: 0.8540625 | U129: 14.783333 | V129: 37.858858 | AA129: =M129-J129 -> -384.37213 | AB129: =M129/J129 -> 0.89322996
B130: 18℃-飯糰 | C130: 二配熟成紅鮭飯糰 | E130: 25.03 | F130: 962 | G130: =E130*F130 -> 24078.86 | I130: 5 | J130: 3600 | K130: =J130/I130 -> 720 | L130: 5 | M130: =F130/V130*60 -> 3215.6287 | N130: =M130/L130 -> 643.12575 | O130: =L130-I130 -> 0 | P130: =N130-K130 -> -76.874251 | Q130: =N130/K130 -> 0.89323021 | S130: 0.86388889 | T130: 0.87634259 | U130: 15 | V130: 17.949833 | AA130: =M130-J130 -> -384.37126 | AB130: =M130/J130 -> 0.89323021
B131: 18℃-飯糰 | C131: 二配三杯醬爆菇菇飯糰 | E131: 16.7 | F131: 921 | G131: =E131*F131 -> 15380.7 | I131: 3 | J131: 3600 | K131: =J131/I131 -> 1200 | L131: 3 | M131: =F131/V131*60 -> 3217.6439 | N131: =M131/L131 -> 1072.548 | O131: =L131-I131 -> 0 | P131: =N131-K131 -> -127.45204 | Q131: =N131/K131 -> 0.89378997 | S131: 0.88611111 | T131: 0.89803241 | U131: 15 | V131: 17.174057 | AA131: =M131-J131 -> -382.35611 | AB131: =M131/J131 -> 0.89378997
B132: 18℃-飯糰 | C132: 二配贅沢鮭魚肚飯糰 | E132: 30 | F132: 1608 | G132: =E132*F132 -> 48240 | I132: 4 | J132: 3600 | K132: =J132/I132 -> 900 | L132: 4 | M132: =F132/V132*60 -> 3213.48 | N132: =M132/L132 -> 803.37001 | O132: =L132-I132 -> 0 | P132: =N132-K132 -> -96.629992 | Q132: =N132/K132 -> 0.89263334 | S132: 0.90833333 | T132: 0.92917824 | U132: 14.833333 | V132: 30.023526 | AA132: =M132-J132 -> -386.51997 | AB132: =M132/J132 -> 0.89263334
B133: 18℃-飯糰 | C133: 二配北海道秋鮭親子飯糰 | E133: 24.82 | F133: 1489 | G133: =E133*F133 -> 36956.98 | I133: 5 | J133: 3600 | K133: =J133/I133 -> 720 | L133: 5 | M133: =F133/V133*60 -> 3215.9132 | N133: =M133/L133 -> 643.18263 | O133: =L133-I133 -> 0 | P133: =N133-K133 -> -76.81737 | Q133: =N133/K133 -> 0.89330921 | S133: 0.93958333 | T133: 0.95886574 | U133: 14.983333 | V133: 27.780601 | AA133: =M133-J133 -> -384.08685 | AB133: =M133/J133 -> 0.89330921
B134: 18℃-飯糰 | C134: 二配明太子龍蝦風味沙拉飯糰 | E134: 18.18 | F134: 2369 | G134: =E134*F134 -> 43068.42 | I134: 3 | J134: 3600 | K134: =J134/I134 -> 1200 | L134: 3 | M134: =F134/V134*60 -> 3215.0034 | N134: =M134/L134 -> 1071.6678 | O134: =L134-I134 -> 0 | P134: =N134-K134 -> -128.3322 | Q134: =N134/K134 -> 0.8930565 | S134: 0.96875 | T134: 0.99944444 | U134: 15 | V134: 44.211462 | AA134: =M134-J134 -> -384.99659 | AB134: =M134/J134 -> 0.8930565
B135: 18℃-飯糰 | C135: 二配雞肉飯飯糰 | E135: 16.66 | F135: 5394 | G135: =E135*F135 -> 89864.04 | I135: 5 | J135: 3600 | K135: =J135/I135 -> 720 | L135: 5 | M135: =F135/V135*60 -> 3216.9064 | N135: =M135/L135 -> 643.38128 | O135: =L135-I135 -> 0 | P135: =N135-K135 -> -76.618725 | Q135: =N135/K135 -> 0.8935851 | S135: 1.0097222 | T135: 1.0795833 | U135: 14.8 | V135: 100.60597 | AA135: =M135-J135 -> -383.09362 | AB135: =M135/J135 -> 0.8935851
B140: 平均 | I140: =AVERAGE(I124:I139) -> 4.1666667 | J140: =AVERAGE(J124:J139) -> 3600 | K140: =J140/I140 -> 864 | L140: =AVERAGE(L124:L139) -> 4.1666667 | M140: =AVERAGE(M124:M139) -> 3215.6561 | N140: =M140/L140 -> 771.75745 | O140: =L140-I140 -> 0 | P140: =N140-K140 -> -92.242546 | Q140: =N140/K140 -> 0.89323779 | S140: 0.7375 | T140: 1.0795833 | AA140: =M140-J140 -> -384.34394 | AB140: =M140/J140 -> 0.89323779
Y142: 原因回覆
Y143: 1.當日出勤人數較多
Y144: 2.當日出勤人數較少
Y145: 3.當日出勤熟手較多
Y146: 4.當日出勤新人較多
Y147: 5.機台夾盒
Y148: 6.封膜不順
Y149: 7.更換膠膜
Y150: 8.更換碳帶
Y151: 9.當日熱轉印碳帶異常
Y152: 10.訂單量過少
Y153: 11.新品上市，尚未熟悉
Y154: 12.活動期間品項需貼標

Sheet 0806(4度C)
A1: 大溪廠日報分析 | C1: 總生產量 | D1: =SUM(F5:F140) -> 87847 | E1: 營業額 | F1: =SUM(G5:G140) -> 3796022.9 | G1: 出勤人數 | H1: =L21+L38+L55+L72+L89+L106+L123+L140 -> 135.93333 | I1: 產線配置圖 | L1: 生產實績 | O1: 人時性差異分析 | S1: 日報登錄 | Y1: 合計次數 | Z1: 合計(時間/分) | AA1: 產線異常 分析說明(5分鐘以上) | AC1: 合計次數 | AD1: 合計(時間/分) | AE1: 產能差異分析
A2: 46240 | C2: 人時性 | D2: =AVERAGE(N21,N38,N55,N72,N89,N106,N123,N140) -> 201.83136 | E2: 平均廠價 | F2: =F1/D1 -> 43.211754 | G2: 多次生產數 | H2: =COUNT(H5:H140) -> 1 | Y2: =SUM(Y21,Y38,Y55,Y72,Y89,Y106,Y123,Y140) -> 0 | Z2: =SUM(Z21,Z38,Z55,Z72,Z89,Z106,Z123,Z140) -> 0 | AC2: =SUM(AC21,AC38,AC55,AC72,AC89,AC106,AC123,AC140) -> 0 | AD2: =SUM(AD21,AD38,AD55,AD72,AD89,AD106,AD123,AD140) -> 0
A3: 線別 | B3: 品類 | C3: 品名 | E3: 廠價 | F3: 生產量 | G3: 營收 | H3: 多次 生產 | I3: 人數 | J3: 產能/時 | K3: 人時性 | L3: 人數 | M3: 產能/時 | N3: 人時性 | O3: 人數 | P3: 人時性 | Q3: 達成率 | R3: 達成率 平均 | S3: 生產時間 | U3: 換線、休息/分 | V3: 稼動時間/分 | W3: 休息時間 | Y3: 產線異常統計(5分鐘以上) | AA3: (屏榮回填) | AC3: 短暫停線統計(5分鐘以下) | AE3: 產能/時 | AF3: 達成率 | AG3: 達成率平均
S4: 開始 | T4: 結束 | W4: 開始 | X4: 結束 | Y4: 次數 | Z4: 時間/分 | AC4: 總次數 | AD4: 設備因素(次數)
A5: 便當二線 | B5: 微波小吃 | C5: 日式茶碗蒸 | E5: 19.7 | F5: 3846 | G5: =E5*F5 -> 75766.2 | I5: 13 | J5: 1200 | K5: =J5/I5 -> 92.307692 | L5: 13 | M5: =F5/V5*60 -> 1082.7273 | N5: =M5/L5 -> 83.286714 | O5: =L5-I5 -> 0 | P5: =N5-K5 -> -9.0209778 | Q5: =N5/K5 -> 0.90227274 | R5: =Q21 -> 0.90158529 | S5: 0.20833333 | T5: 0.35633102 | V5: 213.12846 | AE5: =M5-J5 -> -117.27271 | AF5: =M5/J5 -> 0.90227274 | AG5: =AF21 -> 0.90158529
B6: 微波主食 | C6: 糖燻野郎三十天熟成牛飯 | E6: 56.43 | F6: 3709 | G6: =E6*F6 -> 209298.87 | I6: 24 | J6: 2000 | K6: =J6/I6 -> 83.333333 | L6: 24 | M6: =F6/V6*60 -> 1803.7548 | N6: =M6/L6 -> 75.156451 | O6: =L6-I6 -> 0 | P6: =N6-K6 -> -8.1768824 | Q6: =N6/K6 -> 0.90187741 | S6: 0.35972222 | T6: 0.44539352 | U6: 4.8833333 | V6: 123.37597 | AE6: =M6-J6 -> -196.24518 | AF6: =M6/J6 -> 0.90187741
B7: 便當 | C7: 香檸奶油魚排蔬滿盒 | E7: 77.35 | F7: 912 | G7: =E7*F7 -> 70543.2 | I7: 25 | J7: 2000 | K7: =J7/I7 -> 80 | L7: 25 | M7: =F7/V7*60 -> 1802.0216 | N7: =M7/L7 -> 72.080864 | O7: =L7-I7 -> 0 | P7: =N7-K7 -> -7.9191358 | Q7: =N7/K7 -> 0.9010108 | S7: 0.44930556 | T7: 0.47038194 | U7: 5.6333333 | V7: 30.365896 | W7: 0.47038194 | X7: 0.50972222 | AE7: =M7-J7 -> -197.9784 | AF7: =M7/J7 -> 0.9010108
B8: 便當 | C8: 健身G肉餐盒 | E8: 59.52 | F8: 3741 | G8: =E8*F8 -> 222664.32 | I8: 24 | J8: 2000 | K8: =J8/I8 -> 83.333333 | L8: 24 | M8: =F8/V8*60 -> 1802.9104 | N8: =M8/L8 -> 75.121265 | O8: =L8-I8 -> 0 | P8: =N8-K8 -> -8.2120679 | Q8: =N8/K8 -> 0.90145519 | S8: 0.50972222 | T8: 0.59616898 | U8: 56.65 | V8: 124.4987 | AE8: =M8-J8 -> -197.08963 | AF8: =M8/J8 -> 0.90145519
B21: 平均 | I21: =AVERAGE(I5:I20) -> 21.5 | J21: =AVERAGE(J5:J20) -> 1800 | K21: =J21/I21 -> 83.72093 | L21: =AVERAGE(L5:L20) -> 21.5 | M21: =AVERAGE(M5:M20) -> 1622.8535 | N21: =M21/L21 -> 75.481559 | O21: =L21-I21 -> 0 | P21: =N21-K21 -> -8.2393711 | Q21: =N21/K21 -> 0.90158529 | S21: 0.20833333 | T21: 0.59616898 | Y21: =SUM(Y5:Y20) -> 0 | Z21: =SUM(Z5:Z20) -> 0 | AC21: =SUM(AC5:AC20) -> 0 | AD21: =SUM(AD5:AD20) -> 0 | AE21: =M21-J21 -> -177.14648 | AF21: =M21/J21 -> 0.90158529
A22: 涼麵一線 | B22: 4℃-壽司手卷 | C22: 海陸雙拼壽司 | E22: 36.45 | F22: 2438 | G22: =E22*F22 -> 88865.1 | I22: 20 | J22: 2100 | K22: =J22/I22 -> 105 | L22: 20 | M22: =F22/V22*60 -> 1892.2283 | N22: =M22/L22 -> 94.611417 | O22: =L22-I22 -> 0 | P22: =N22-K22 -> -10.388583 | Q22: =N22/K22 -> 0.90106112 | R22: =Q38 -> 0.90273007 | S22: 0.16666667 | T22: 0.22034722 | V22: 77.305681 | AE22: =M22-J22 -> -207.77166 | AF22: =M22/J22 -> 0.90106112 | AG22: =AF38 -> 0.90995192
B23: 微波小吃 | C23: 馬鈴薯玉米濃湯 | E23: 31.72 | F23: 1420 | G23: =E23*F23 -> 45042.4 | I23: 22 | J23: 2000 | K23: =J23/I23 -> 90.909091 | L23: 22 | M23: =F23/V23*60 -> 1804.0275 | N23: =M23/L23 -> 82.001251 | O23: =L23-I23 -> 0 | P23: =N23-K23 -> -8.9078403 | Q23: =N23/K23 -> 0.90201376 | S23: 0.22361111 | T23: 0.25640046 | U23: 4.7 | V23: 47.227661 | AE23: =M23-J23 -> -195.97249 | AF23: =M23/J23 -> 0.90201376
B24: 微波小吃 | C24: 三合一味噌湯 | E24: 34.79 | F24: 1546 | G24: =E24*F24 -> 53785.34 | I24: 11 | J24: 2000 | K24: =J24/I24 -> 181.81818 | L24: 11 | M24: =F24/V24*60 -> 1808.928 | N24: =M24/L24 -> 164.448 | O24: =L24-I24 -> 0 | P24: =N24-K24 -> -17.370182 | Q24: =N24/K24 -> 0.904464 | S24: 0.26041667 | T24: 0.29601852 | U24: 5.7833333 | V24: 51.27899 | AE24: =M24-J24 -> -191.072 | AF24: =M24/J24 -> 0.904464
B25: 微波小吃 | C25: 蒸蛋湯 | E25: 33.2 | F25: 2541 | G25: =E25*F25 -> 84361.2 | I25: 11 | J25: 2000 | K25: =J25/I25 -> 181.81818 | L25: 11 | M25: =F25/V25*60 -> 1808.1993 | N25: =M25/L25 -> 164.38176 | O25: =L25-I25 -> 0 | P25: =N25-K25 -> -17.436424 | Q25: =N25/K25 -> 0.90409967 | S25: 0.29930556 | T25: 0.35784722 | U25: 4.7333333 | V25: 84.315925 | AE25: =M25-J25 -> -191.80067 | AF25: =M25/J25 -> 0.90409967
B26: 微波小吃 | C26: 越式牛肉寬粉 | E26: 51.44 | F26: 1554 | G26: =E26*F26 -> 79937.76 | I26: 19 | J26: 2000 | K26: =J26/I26 -> 105.26316 | L26: 19 | M26: =F26/V26*60 -> 1804.3709 | N26: =M26/L26 -> 94.96689 | O26: =L26-I26 -> 0 | P26: =N26-K26 -> -10.296268 | Q26: =N26/K26 -> 0.90218546 | S26: 0.36180556 | T26: 0.39768519 | U26: 5.7 | V26: 51.674519 | AE26: =M26-J26 -> -195.62908 | AF26: =M26/J26 -> 0.90218546
B27: 微波主食 | C27: 日式鮭魚茶泡烤飯 | E27: 46.34 | F27: 2162 | G27: =E27*F27 -> 100187.08 | I27: 21 | J27: 1800 | K27: =J27/I27 -> 85.714286 | L27: 21 | M27: =F27/V27*60 -> 1622.8049 | N27: =M27/L27 -> 77.276425 | O27: =L27-I27 -> 0 | P27: =N27-K27 -> -8.4378607 | Q27: =N27/K27 -> 0.90155829 | S27: 0.40138889 | T27: 0.45689815 | U27: 5.3333333 | V27: 79.935671 | W27: 0.45689815 | X27: 0.49513889 | AE27: =M27-J27 -> -177.19508 | AF27: =M27/J27 -> 0.90155829
B28: 4℃-飯糰 | C28: 麻油雞飯糰 | E28: 29.97 | F28: 2168 | G28: =E28*F28 -> 64974.96 | I28: 21 | J28: 2790 | K28: =J28/I28 -> 132.85714 | L28: 22 | M28: =F28/V28*60 -> 2626.6346 | N28: =M28/L28 -> 119.39248 | O28: =L28-I28 -> 1 | P28: =N28-K28 -> -13.46466 | Q28: =N28/K28 -> 0.89865309 | S28: 0.49513889 | T28: 0.52952546 | U28: 55.066667 | V28: 49.523447 | AE28: =M28-J28 -> -163.36538 | AF28: =M28/J28 -> 0.9414461
B38: 平均 | I38: =AVERAGE(I22:I37) -> 17.857143 | J38: =AVERAGE(J22:J37) -> 2098.5714 | K38: =J38/I38 -> 117.52 | L38: =AVERAGE(L22:L37) -> 18 | M38: =AVERAGE(M22:M37) -> 1909.5991 | N38: =M38/L38 -> 106.08884 | O38: =L38-I38 -> 0.14285714 | P38: =N38-K38 -> -11.431162 | Q38: =N38/K38 -> 0.90273007 | S38: 0.16666667 | T38: 0.52952546 | Y38: =SUM(Y22:Y37) -> 0 | Z38: =SUM(Z22:Z37) -> 0 | AC38: =SUM(AC22:AC37) -> 0 | AD38: =SUM(AD22:AD37) -> 0 | AE38: =M38-J38 -> -188.97234 | AF38: =M38/J38 -> 0.90995192
A39: 涼麵二線 | B39: 便當 | C39: 香腸腿排雙拼便當 | E39: 53.76 | F39: 2846 | G39: =E39*F39 -> 153000.96 | I39: 20 | J39: 2000 | K39: =J39/I39 -> 100 | L39: 20 | M39: =F39/V39*60 -> 1801.3482 | N39: =M39/L39 -> 90.067411 | O39: =L39-I39 -> 0 | P39: =N39-K39 -> -9.9325893 | Q39: =N39/K39 -> 0.90067411 | R39: =Q55 -> 0.9009458 | S39: 0.16666667 | T39: 0.23248843 | V39: 94.795664 | AE39: =M39-J39 -> -198.65179 | AF39: =M39/J39 -> 0.90067411 | AG39: =AF55 -> 0.9009458
B40: 便當 | C40: 蔬活腿排補力餐盒 | E40: 71.55 | F40: 2586 | G40: =E40*F40 -> 185028.3 | I40: 22 | J40: 2000 | K40: =J40/I40 -> 90.909091 | L40: 22 | M40: =F40/V40*60 -> 1802.0138 | N40: =M40/L40 -> 81.909718 | O40: =L40-I40 -> 0 | P40: =N40-K40 -> -8.9993724 | Q40: =N40/K40 -> 0.9010069 | S40: 0.23541667 | T40: 0.29520833 | U40: 5 | V40: 86.103669 | AE40: =M40-J40 -> -197.98619 | AF40: =M40/J40 -> 0.9010069
B41: 便當 | C41: 地中海布格麥烤魚餐盒 | E41: 63.92 | F41: 2163 | G41: =E41*F41 -> 138258.96 | I41: 24 | J41: 2000 | K41: =J41/I41 -> 83.333333 | L41: 24 | M41: =F41/V41*60 -> 1803.7666 | N41: =M41/L41 -> 75.156941 | O41: =L41-I41 -> 0 | P41: =N41-K41 -> -8.1763927 | Q41: =N41/K41 -> 0.90188329 | S41: 0.29861111 | T41: 0.34856481 | U41: 4.9 | V41: 71.949443 | AE41: =M41-J41 -> -196.23343 | AF41: =M41/J41 -> 0.90188329
B42: 便當 | C42: 烤蛋白餐盒 | E42: 58.67 | F42: 2637 | G42: =E42*F42 -> 154712.79 | I42: 23 | J42: 2000 | K42: =J42/I42 -> 86.956522 | L42: 23 | M42: =F42/V42*60 -> 1801.2616 | N42: =M42/L42 -> 78.315721 | O42: =L42-I42 -> 0 | P42: =N42-K42 -> -8.6408009 | Q42: =N42/K42 -> 0.90063079 | S42: 0.35208333 | T42: 0.4130787 | U42: 5.0666667 | V42: 87.838436 | AE42: =M42-J42 -> -198.73842 | AF42: =M42/J42 -> 0.90063079
B43: 便當 | C43: 海陸雙拼肉肉餐盒 | E43: 59.54 | F43: 2444 | G43: =E43*F43 -> 145515.76 | I43: 23 | J43: 2000 | K43: =J43/I43 -> 86.956522 | L43: 23 | M43: =F43/V43*60 -> 1801.3797 | N43: =M43/L43 -> 78.320856 | O43: =L43-I43 -> 0 | P43: =N43-K43 -> -8.6356662 | Q43: =N43/K43 -> 0.90068984 | S43: 0.41597222 | T43: 0.4725 | U43: 5 | V43: 81.404271 | W43: 0.4725 | X43: 0.51041667 | AE43: =M43-J43 -> -198.62032 | AF43: =M43/J43 -> 0.90068984
B44: 便當 | C44: 懷舊滷雙拼便當 | E44: 61.09 | F44: 2949 | G44: =E44*F44 -> 180154.41 | I44: 20 | J44: 2000 | K44: =J44/I44 -> 100 | L44: 20 | M44: =F44/V44*60 -> 1801.5797 | N44: =M44/L44 -> 90.078985 | O44: =L44-I44 -> 0 | P44: =N44-K44 -> -9.9210153 | Q44: =N44/K44 -> 0.90078985 | S44: 0.51041667 | T44: 0.57861111 | U44: 54.6 | V44: 98.213807 | AE44: =M44-J44 -> -198.42031 | AF44: =M44/J44 -> 0.90078985
B55: 平均 | I55: =AVERAGE(I39:I54) -> 22 | J55: =AVERAGE(J39:J54) -> 2000 | K55: =J55/I55 -> 90.909091 | L55: =AVERAGE(L39:L54) -> 22 | M55: =AVERAGE(M39:M54) -> 1801.8916 | N55: =M55/L55 -> 81.904163 | O55: =L55-I55 -> 0 | P55: =N55-K55 -> -9.0049277 | Q55: =N55/K55 -> 0.9009458 | S55: 0.16666667 | T55: 0.57861111 | Y55: =SUM(Y39:Y54) -> 0 | Z55: =SUM(Z39:Z54) -> 0 | AC55: =SUM(AC39:AC54) -> 0 | AD55: =SUM(AD39:AD54) -> 0 | AE55: =M55-J55 -> -198.10841 | AF55: =M55/J55 -> 0.9009458
A56: 涼麵三線 | B56: 季節調理麵 | C56: 和風涓絲冷麵 | E56: 28.86 | F56: 2324 | G56: =E56*F56 -> 67070.64 | I56: 19 | J56: 3600 | K56: =J56/I56 -> 189.47368 | L56: 19 | M56: =F56/V56*60 -> 3194.5087 | N56: =M56/L56 -> 168.13204 | O56: =L56-I56 -> 0 | P56: =N56-K56 -> -21.341645 | Q56: =N56/K56 -> 0.88736354 | R56: =Q72 -> 0.8979062 | S56: 0.16666667 | T56: 0.19696759 | V56: 43.649904 | AE56: =M56-J56 -> -405.49126 | AF56: =M56/J56 -> 0.88736354 | AG56: =AF72 -> 0.8979062
B57: 季節調理麵 | C57: 嘉義崇文白醋涼麵 | E57: 35.89 | F57: 2862 | G57: =E57*F57 -> 102717.18 | I57: 19 | J57: 3600 | K57: =J57/I57 -> 189.47368 | L57: 19 | M57: =F57/V57*60 -> 3191.8478 | N57: =M57/L57 -> 167.99199 | O57: =L57-I57 -> 0 | P57: =N57-K57 -> -21.481697 | Q57: =N57/K57 -> 0.88662438 | S57: 0.2 | T57: 0.23734954 | U57: 5 | V57: 53.799558 | AE57: =M57-J57 -> -408.15224 | AF57: =M57/J57 -> 0.88662438
B58: 季節調理麵 | C58: 韓式泡菜冷麵 | E58: 36.73 | F58: 3891 | G58: =E58*F58 -> 142916.43 | I58: 21 | J58: 3600 | K58: =J58/I58 -> 171.42857 | L58: 21 | M58: =F58/V58*60 -> 3074.3441 | N58: =M58/L58 -> 146.39734 | O58: =L58-I58 -> 0 | P58: =N58-K58 -> -25.031232 | Q58: =N58/K58 -> 0.85398448 | S58: 0.24027778 | T58: 0.29300926 | U58: 5 | V58: 75.938148 | AE58: =M58-J58 -> -525.65588 | AF58: =M58/J58 -> 0.85398448
B59: 季節調理麵 | C59: 招牌雞絲胡麻涼麵 | E59: 43.96 | F59: 1637 | G59: =E59*F59 -> 71962.52 | I59: 24 | J59: 3600 | K59: =J59/I59 -> 150 | L59: 24 | M59: =F59/V59*60 -> 3267.6283 | N59: =M59/L59 -> 136.15118 | O59: =L59-I59 -> 0 | P59: =N59-K59 -> -13.84882 | Q59: =N59/K59 -> 0.90767453 | S59: 0.29652778 | T59: 0.31739583 | U59: 5.0666667 | V59: 30.058498 | AE59: =M59-J59 -> -332.37169 | AF59: =M59/J59 -> 0.90767453
B60: 季節調理麵 | C60: 日式胡麻雞絲冷麵 | E60: 46.93 | F60: 1328 | G60: =E60*F60 -> 62323.04 | I60: 24 | J60: 3600 | K60: =J60/I60 -> 150 | L60: 24 | M60: =F60/V60*60 -> 3268.4643 | N60: =M60/L60 -> 136.18601 | O60: =L60-I60 -> 0 | P60: =N60-K60 -> -13.813988 | Q60: =N60/K60 -> 0.90790675 | S60: 0.32083333 | T60: 0.33775463 | U60: 4.95 | V60: 24.378421 | AE60: =M60-J60 -> -331.53571 | AF60: =M60/J60 -> 0.90790675
B61: 季節調理麵 | C61: 日式蕎麥沾麵 | E61: 36.73 | F61: 3474 | G61: =E61*F61 -> 127600.02 | I61: 20 | J61: 3600 | K61: =J61/I61 -> 180 | L61: 20 | M61: =F61/V61*60 -> 3261.1767 | N61: =M61/L61 -> 163.05884 | O61: =L61-I61 -> 0 | P61: =N61-K61 -> -16.941164 | Q61: =N61/K61 -> 0.90588242 | S61: 0.34097222 | T61: 0.38534722 | U61: 4.6333333 | V61: 63.91558 | AE61: =M61-J61 -> -338.82329 | AF61: =M61/J61 -> 0.90588242
B62: 季節調理麵 | C62: 月見烏龍冷麵 | E62: 48.4 | F62: 2572 | G62: =E62*F62 -> 124484.8 | I62: 22 | J62: 3600 | K62: =J62/I62 -> 163.63636 | L62: 22 | M62: =F62/V62*60 -> 3263.3452 | N62: =M62/L62 -> 148.33387 | O62: =L62-I62 -> 0 | P62: =N62-K62 -> -15.30249 | Q62: =N62/K62 -> 0.90648478 | S62: 0.38819444 | T62: 0.42103009 | U62: 5 | V62: 47.288898 | AE62: =M62-J62 -> -336.65479 | AF62: =M62/J62 -> 0.90648478
B63: 季節調理麵 | C63: 大滿足麻醬涼麵 | E63: 37.8 | F63: 1887 | G63: =E63*F63 -> 71328.6 | H63: 2 | I63: 21 | J63: 3600 | K63: =J63/I63 -> 171.42857 | L63: 21 | M63: =F63/V63*60 -> 3268.572 | N63: =M63/L63 -> 155.64629 | O63: =L63-I63 -> 0 | P63: =N63-K63 -> -15.782284 | Q63: =N63/K63 -> 0.90793668 | S63: 0.42430556 | T63: 0.44835648 | U63: 4.7166667 | V63: 34.63898 | W63: 0.44835648 | X63: 0.48680556 | AE63: =M63-J63 -> -331.42796 | AF63: =M63/J63 -> 0.90793668
B64: 季節調理麵 | C64: 大滿足香辣涼麵 | E64: 38.48 | F64: 5394 | G64: =E64*F64 -> 207561.12 | I64: 20 | J64: 3600 | K64: =J64/I64 -> 180 | L64: 20 | M64: =F64/V64*60 -> 3266.1641 | N64: =M64/L64 -> 163.30821 | O64: =L64-I64 -> 0 | P64: =N64-K64 -> -16.691794 | Q64: =N64/K64 -> 0.90726781 | S64: 0.48680556 | T64: 0.55561343 | U64: 55.366667 | V64: 99.088713 | AE64: =M64-J64 -> -333.83588 | AF64: =M64/J64 -> 0.90726781
B65: 季節調理麵 | C65: 大滿足麻醬涼麵 | E65: 37.8 | F65: 4997 | G65: =E65*F65 -> 188886.6 | I65: 21 | J65: 3600 | K65: =J65/I65 -> 171.42857 | L65: 21 | M65: =F65/V65*60 -> 3268.572 | N65: =M65/L65 -> 155.64629 | O65: =L65-I65 -> 0 | P65: =N65-K65 -> -15.782284 | Q65: =N65/K65 -> 0.90793668 | S65: 0.55902778 | T65: 0.62271991 | U65: 4.9166667 | V65: 91.72813 | AE65: =M65-J65 -> -331.42796 | AF65: =M65/J65 -> 0.90793668
B72: 平均 | I72: =AVERAGE(I56:I71) -> 21.1 | J72: =AVERAGE(J56:J71) -> 3600 | K72: =J72/I72 -> 170.61611 | L72: =AVERAGE(L56:L71) -> 21.1 | M72: =AVERAGE(M56:M71) -> 3232.4623 | N72: =M72/L72 -> 153.19727 | O72: =L72-I72 -> 0 | P72: =N72-K72 -> -17.418847 | Q72: =N72/K72 -> 0.8979062 | S72: 0.16666667 | T72: 0.62271991 | Y72: =SUM(Y56:Y71) -> 0 | Z72: =SUM(Z56:Z71) -> 0 | AC72: =SUM(AC56:AC71) -> 0 | AD72: =SUM(AD56:AD71) -> 0 | AE72: =M72-J72 -> -367.53767 | AF72: =M72/J72 -> 0.8979062
A73: 自動包裝機 | B73: 4℃-壽司手卷 | C73: 醬油生鮭脆卷 | E73: 23.55 | F73: 2142 | G73: =E73*F73 -> 50444.1 | I73: 6 | J73: 2500 | K73: =J73/I73 -> 416.66667 | L73: 6 | M73: =F73/V73*60 -> 2257.5793 | N73: =M73/L73 -> 376.26322 | O73: =L73-I73 -> 0 | P73: =N73-K73 -> -40.403445 | Q73: =N73/K73 -> 0.90303173 | R73: =Q89 -> 0.85131024 | S73: 0.37916667 | T73: 0.41869213 | U73: 5.65 | V73: 56.928232 | AE73: =M73-J73 -> -242.42067 | AF73: =M73/J73 -> 0.90303173 | AG73: =AF89 -> 0.90451713
B74: 4℃-壽司手卷 | C74: 韓式辣炒豬肉飯卷 | E74: 27.05 | F74: 709 | G74: =E74*F74 -> 19178.45 | I74: 5 | J74: 3273 | K74: =J74/I74 -> 654.6 | L74: 6 | M74: =F74/V74*60 -> 2963.2784 | N74: =M74/L74 -> 493.87973 | O74: =L74-I74 -> 1 | P74: =N74-K74 -> -160.72027 | Q74: =N74/K74 -> 0.7544756 | S74: 0.42222222 | T74: 0.4321875 | U74: 5.0833333 | V74: 14.355722 | AE74: =M74-J74 -> -309.72162 | AF74: =M74/J74 -> 0.90537072
B75: 4℃-壽司手卷 | C75: 厚香料優格咖哩烤雞飯卷 | E75: 27.05 | F75: 856 | G75: =E75*F75 -> 23154.8 | I75: 5 | J75: 3273 | K75: =J75/I75 -> 654.6 | L75: 5 | M75: =F75/V75*60 -> 2961.4042 | N75: =M75/L75 -> 592.28084 | O75: =L75-I75 -> 0 | P75: =N75-K75 -> -62.319155 | Q75: =N75/K75 -> 0.90479811 | S75: 0.43611111 | T75: 0.44814815 | U75: 5.65 | V75: 17.343124 | AE75: =M75-J75 -> -311.59578 | AF75: =M75/J75 -> 0.90479811
B89: 平均 | I89: =AVERAGE(I73:I88) -> 5.3333333 | J89: =AVERAGE(J73:J88) -> 3015.3333 | K89: =J89/I89 -> 565.375 | L89: =AVERAGE(L73:L88) -> 5.6666667 | M89: =AVERAGE(M73:M88) -> 2727.4206 | N89: =M89/L89 -> 481.30953 | O89: =L89-I89 -> 0.33333333 | P89: =N89-K89 -> -84.065474 | Q89: =N89/K89 -> 0.85131024 | S89: 0.20833333 | T89: 0.44814815 | Y89: =SUM(Y73:Y88) -> 0 | Z89: =SUM(Z73:Z88) -> 0 | AC89: =SUM(AC73:AC88) -> 0 | AD89: =SUM(AD73:AD88) -> 0 | AE89: =M89-J89 -> -287.91269 | AF89: =M89/J89 -> 0.90451713
A90: 自動包裝機2 | B90: 4℃-壽司手卷 | C90: 鮪魚昆布細卷 | E90: 15.51 | F90: 2174 | G90: =E90*F90 -> 33718.74 | I90: 6 | J90: 3600 | K90: =J90/I90 -> 600 | L90: 6 | M90: =F90/V90*60 -> 3250.44 | N90: =M90/L90 -> 541.74 | O90: =L90-I90 -> 0 | P90: =N90-K90 -> -58.26 | Q90: =N90/K90 -> 0.9029 | R90: =Q106 -> 0.90287325 | S90: 0.25 | T90: 0.2778588 | V90: 40.129952 | AE90: =M90-J90 -> -349.56 | AF90: =M90/J90 -> 0.9029 | AG90: =AF106 -> 0.90287325
B91: 4℃-壽司手卷 | C91: 肉鬆火腿細卷 | E91: 15.01 | F91: 2307 | G91: =E91*F91 -> 34628.07 | I91: 6 | J91: 3600 | K91: =J91/I91 -> 600 | L91: 6 | M91: =F91/V91*60 -> 3250.2474 | N91: =M91/L91 -> 541.7079 | O91: =L91-I91 -> 0 | P91: =N91-K91 -> -58.292104 | Q91: =N91/K91 -> 0.90284649 | S91: 0.28125 | T91: 0.31082176 | U91: 4.8833333 | V91: 42.587528 | AE91: =M91-J91 -> -349.75263 | AF91: =M91/J91 -> 0.90284649
B106: 平均 | I106: =AVERAGE(I90:I105) -> 6 | J106: =AVERAGE(J90:J105) -> 3600 | K106: =J106/I106 -> 600 | L106: =AVERAGE(L90:L105) -> 6 | M106: =AVERAGE(M90:M105) -> 3250.3437 | N106: =M106/L106 -> 541.72395 | O106: =L106-I106 -> 0 | P106: =N106-K106 -> -58.276052 | Q106: =N106/K106 -> 0.90287325 | S106: 0.25 | T106: 0.31082176 | Y106: =SUM(Y90:Y105) -> 0 | Z106: =SUM(Z90:Z105) -> 0 | AC106: =SUM(AC90:AC105) -> 0 | AD106: =SUM(AD90:AD105) -> 0 | AE106: =M106-J106 -> -349.65631 | AF106: =M106/J106 -> 0.90287325
A107: 便當二線 (二配) | B107: 微波主食 | C107: 二配香烤魚排青醬燉飯 | E107: 58.17 | F107: 1177 | G107: =E107*F107 -> 68466.09 | I107: 18 | J107: 2000 | K107: =J107/I107 -> 111.11111 | L107: 17 | M107: =F107/V107*60 -> 1803 | N107: =M107/L107 -> 106.05882 | O107: =L107-I107 -> -1 | P107: =N107-K107 -> -5.0522876 | Q107: =N107/K107 -> 0.95452941 | R107: =Q123 -> 0.94954881 | S107: 0.70833333 | T107: 0.73553241 | V107: 39.168053 | AE107: =M107-J107 -> -197 | AF107: =M107/J107 -> 0.9015 | AG107: =AF123 -> 0.90126667
B108: 微波主食 | C108: 二配濃起司燻腸紅醬焗烤飯 | E108: 50.67 | F108: 1068 | G108: =E108*F108 -> 54115.56 | I108: 20 | J108: 2000 | K108: =J108/I108 -> 100 | L108: 19 | M108: =F108/V108*60 -> 1802.6 | N108: =M108/L108 -> 94.873684 | O108: =L108-I108 -> -1 | P108: =N108-K108 -> -5.1263158 | Q108: =N108/K108 -> 0.94873684 | S108: 0.73958333 | T108: 0.76425926 | U108: 5.8333333 | V108: 35.548652 | AE108: =M108-J108 -> -197.4 | AF108: =M108/J108 -> 0.9013
B109: 微波主食 | C109: 二配西班牙風味海鮮燉飯 | E109: 57.3 | F109: 1138 | G109: =E109*F109 -> 65207.4 | I109: 21 | J109: 2000 | K109: =J109/I109 -> 95.238095 | L109: 20 | M109: =F109/V109*60 -> 1802 | N109: =M109/L109 -> 90.1 | O109: =L109-I109 -> -1 | P109: =N109-K109 -> -5.1380952 | Q109: =N109/K109 -> 0.94605 | S109: 0.76736111 | T109: 0.79366898 | U109: 5 | V109: 37.891232 | AE109: =M109-J109 -> -198 | AF109: =M109/J109 -> 0.901
B123: 平均 | I123: =AVERAGE(I107:I122) -> 19.666667 | J123: =AVERAGE(J107:J122) -> 2000 | K123: =J123/I123 -> 101.69492 | L123: =AVERAGE(L107:L122) -> 18.666667 | M123: =AVERAGE(M107:M122) -> 1802.5333 | N123: =M123/L123 -> 96.564286 | O123: =L123-I123 -> -1 | P123: =N123-K123 -> -5.1306295 | Q123: =N123/K123 -> 0.94954881 | S123: 0.70833333 | T123: 0.79366898 | Y123: =SUM(Y107:Y122) -> 0 | Z123: =SUM(Z107:Z122) -> 0 | AC123: =SUM(AC107:AC122) -> 0 | AD123: =SUM(AD107:AD122) -> 0 | AE123: =M123-J123 -> -197.46667 | AF123: =M123/J123 -> 0.90126667
A124: 涼麵一線 (二配) | B124: 微波主食 | C124: 二配哞哞培根奶香海陸焗飯 | E124: 47.6 | F124: 1434 | G124: =E124*F124 -> 68258.4 | I124: 23 | J124: 2000 | K124: =J124/I124 -> 86.956522 | L124: 23 | M124: =F124/V124*60 -> 1804.2015 | N124: =M124/L124 -> 78.443542 | O124: =L124-I124 -> 0 | P124: =N124-K124 -> -8.5129797 | Q124: =N124/K124 -> 0.90210073 | R124: =Q140 -> 0.90138516 | S124: 0.70833333 | T124: 0.74144676 | V124: 47.688688 | AE124: =M124-J124 -> -195.79853 | AF124: =M124/J124 -> 0.90210073 | AG124: =AF140 -> 0.90138516
B125: 微波主食 | C125: 二配黃金雞排蘑菇白醬歐姆蛋飯 | E125: 56.87 | F125: 1196 | G125: =E125*F125 -> 68016.52 | I125: 23 | J125: 2000 | K125: =J125/I125 -> 86.956522 | L125: 23 | M125: =F125/V125*60 -> 1802.2791 | N125: =M125/L125 -> 78.359961 | O125: =L125-I125 -> 0 | P125: =N125-K125 -> -8.5965605 | Q125: =N125/K125 -> 0.90113955 | S125: 0.74444444 | T125: 0.77208333 | U125: 5 | V125: 39.816252 | AE125: =M125-J125 -> -197.72089 | AF125: =M125/J125 -> 0.90113955
B126: 微波主食 | C126: 二配里肌豬排可可咖哩歐姆蛋飯 | E126: 56.79 | F126: 1618 | G126: =E126*F126 -> 91886.22 | I126: 23 | J126: 2000 | K126: =J126/I126 -> 86.956522 | L126: 23 | M126: =F126/V126*60 -> 1801.8304 | N126: =M126/L126 -> 78.34045 | O126: =L126-I126 -> 0 | P126: =N126-K126 -> -8.6160714 | Q126: =N126/K126 -> 0.90091518 | S126: 0.77569444 | T126: 0.81310185 | U126: 5.2 | V126: 53.878546 | AE126: =M126-J126 -> -198.16964 | AF126: =M126/J126 -> 0.90091518
B140: 平均 | I140: =AVERAGE(I124:I139) -> 23 | J140: =AVERAGE(J124:J139) -> 2000 | K140: =J140/I140 -> 86.956522 | L140: =AVERAGE(L124:L139) -> 23 | M140: =AVERAGE(M124:M139) -> 1802.7703 | N140: =M140/L140 -> 78.381318 | O140: =L140-I140 -> 0 | P140: =N140-K140 -> -8.5752038 | Q140: =N140/K140 -> 0.90138516 | S140: 0.70833333 | T140: 0.81310185 | Y140: =SUM(Y124:Y139) -> 0 | Z140: =SUM(Z124:Z139) -> 0 | AC140: =SUM(AC124:AC139) -> 0 | AD140: =SUM(AD124:AD139) -> 0 | AE140: =M140-J140 -> -197.22969 | AF140: =M140/J140 -> 0.90138516
AA142: 原因回覆
AA143: 1.當日出勤人數較多
AA144: 2.當日出勤人數較少
AA145: 3.當日出勤熟手較多
AA146: 4.當日出勤新人較多
AA147: 5.機台夾盒
AA148: 6.封膜不順
AA149: 7.更換膠膜
AA150: 8.更換碳帶
AA151: 9.當日熱轉印碳帶異常
AA152: 10.訂單量過少
AA153: 11.新品上市，尚未熟悉
AA154: 12.活動期間品項需貼標

Sheet 0805
B1: 屏榮 大溪廠組合室生產人時性分析
B3: 日期 | C3: 115.08.05星期三 | E3: 訂單量 | F3: ='0805(18度C)'!D1+'0805(4度C)'!D1 -> 203649 | H3: 營業額 | I3: ='0805(18度C)'!F1+'0805(4度C)'!F1 -> 6359056
B4: 人時性 | C4: 項目 | E4: ➀ | G4: ➁ | I4: ➂ | K4: ④ | M4: ⑤ | O4: 異常停線 | Q4: 短暫停線
C5: 組合室 | E5: 全溫層 | G5: 4度C-各編組展開(一配) | I5: 4度C-各編組展開(二配) | K5: 18度C-各編組展開(一配) | M5: 18度C-各編組展開(二配) | O5: 合計次數 | P5: 時間 | Q5: 合計次數 | R5: 設備次數
C6: 排關平均 | E6: =AVERAGE(D14:O14,D32:X32) -> 495.82986 | F6: =AVERAGE(#REF!,D14:K14) -> #REF! | G6: =AVERAGE(D14:K14) -> 271.47065 | I6: =AVERAGE(L14:O14) -> 94.325718 | K6: =AVERAGE(D32:O32) -> 737.95063 | M6: =AVERAGE(P32:X32) -> 791 | O6: ='0805(4度C)'!Y2 -> 0 | P6: ='0805(4度C)'!Z2 -> 0 | Q6: ='0805(4度C)'!AC2 -> 0 | R6: ='0805(4度C)'!AD2 -> 0
C7: 實績平均 | E7: =AVERAGE(D15:O15,D33:X33) -> 444.99873 | F7: =AVERAGE(#REF!,D15:K15) -> #REF! | G7: =AVERAGE(D15:K15) -> 239.98708 | I7: =AVERAGE(L15:O15) -> 87.458252 | K7: =AVERAGE(D33:O33) -> 663.95988 | M7: =AVERAGE(P33:X33) -> 712.32531
C8: 達成率平均 | E8: =AVERAGE(D16:O16,D34:X34) -> 0.89956546 | F8: =AVERAGE(D16:K16,#REF!) -> #REF! | G8: =AVERAGE(D16:K16) -> 0.89251533 | I8: =AVERAGE(L16:O16) -> 0.92530941 | K8: =AVERAGE(D34:O34) -> 0.89660956 | M8: =AVERAGE(P34:X34) -> 0.90022457
O9: ※現行日本鮮食廠以達成率80%為基本(即為現行KPI)
B11: 溫層 | D11: ➁4度C-各編組展開 | L11: ➂4度C-各編組展開
B12: 編組 | D12: 1 | E12: 2 | F12: 3 | G12: 4 | H12: 5 | I12: 6 | J12: 7 | K12: 8 | L12: 1 | M12: 2 | N12: 3 | O12: 4
D13: 便當一線 | E13: 便當二線 | F13: 涼麵一線 | G13: 涼麵二線 | H13: 涼麵三線 | I13: 自動包裝機 | J13: 自動包裝機2 | K13: 自動包裝機3 | L13: 便當一線 | M13: 便當二線 | N13: 涼麵一線 | O13: 涼麵二線
B14: 人時性 | C14: 排關 | D14: - | E14: 84.40367 | F14: 117.52 | G14: 90.909091 | H14: 170.61611 | I14: 565.375 | J14: 600 | K14: - | L14: - | M14: 101.69492 | N14: 86.956522 | O14: -
C15: 實績 | D15: - | E15: 76.081106 | F15: 106.08226 | G15: 81.892042 | H15: 152.89357 | I15: 481.30953 | J15: 541.66395 | K15: - | L15: - | M15: 96.552577 | N15: 78.363927 | O15: -
C16: 達成率 | D16: - | E16: =E15/E14 -> 0.90139571 | F16: =F15/F14 -> 0.9026741 | G16: =G15/G14 -> 0.90081246 | H16: =H15/H14 -> 0.8961262 | I16: =I15/I14 -> 0.85131024 | J16: =J15/J14 -> 0.90277325 | K16: - | L16: - | M16: =M15/M14 -> 0.94943367 | N16: =N15/N14 -> 0.90118516 | O16: -
B17: 作業 時間 | C17: 開始 | D17: - | E17: 0.16666667 | F17: 0.16666667 | G17: 0.16666667 | H17: 0.16666667 | I17: 0.16666667 | J17: 0.25 | K17: - | L17: - | M17: 0.70833333 | N17: 0.70833333 | O17: -
C18: 結束 | D18: - | E18: 0.61082176 | F18: 0.5341088 | G18: 0.5925 | H18: 0.64075231 | I18: 0.42038194 | J18: 0.31085648 | K18: - | L18: - | M18: 0.82533565 | N18: 0.83608796 | O18: -
B19: 產線異常 (5分鐘以上) | C19: 次數
C20: 時間/分
B21: 短暫停線 (5分鐘以下) | C21: 次數
C22: 設備次數
B23: 配置人數 | D23: - | E23: 21.8 | F23: 18 | G23: 22 | H23: 21.1 | I23: 5.6666667 | J23: 6 | K23: - | L23: - | M23: 18.666667 | N23: 23 | O23: -
B24: 主要應用設備 | D24: L型封口機 | E24: ET-55 | F24: ET-55 | G24: ET-55 | H24: ET-600 | I24: 伺服包裝機 | J24: 伺服包裝機 | K24: 伺服包裝機 | L24: L型封口機 | M24: ET-55 | N24: ET-55 | O24: ET-55
B25: 次要應用設備 | D25: 伺服包裝機 | H25: 伺服包裝機
B26: 備註 | H26: 涼麵+烤飯糰 | I26: 大口飯糰線 | K26: 烤飯糰+手卷
B29: 溫層 | D29: ➃18度C-各編組展開 (一配) | P29: ⑤18度C-各編組展開 (二配)
B30: 編組 | D30: 1 | E30: 2 | F30: 3 | G30: 4 | H30: 5 | I30: 6 | J30: 7 | K30: 8 | L30: 9 | M30: 10 | N30: 11 | O30: 12 | P30: 1 | Q30: 2 | R30: 3 | S30: 4 | T30: 5 | U30: 6 | V30: 7 | W30: 8 | X30: 9
D31: 便當一線 | E31: 涼麵一線 | F31: 涼麵三線 | G31: 自動包裝機 | H31: 自動包裝機2 | I31: 自動包裝機3 | J31: 味付飯糰線B | K31: (舊) 3300型飯糰線 | L31: 3000型飯糰線 | M31: (新) 3300型飯糰機 | N31: GKK3600型 飯糰機 | O31: GKK3600型 飯糰機2 | P31: 自動包裝機 | Q31: 自動包裝機2 | R31: 自動包裝機3 | S31: 味付飯糰線B | T31: (舊) 3300型飯糰線 | U31: 3000型飯糰線 | V31: (新) 3300型飯糰機 | W31: GKK3600型 飯糰機 | X31: GKK3600型 飯糰機2
B32: 人時性 | C32: 排關 | D32: - | E32: - | F32: - | G32: 327.27273 | H32: - | I32: - | J32: - | K32: - | L32: - | M32: 825 | N32: 940.90909 | O32: 858.62069 | P32: 490.90909 | Q32: - | R32: - | S32: - | T32: - | U32: - | V32: 709.09091 | W32: 1100 | X32: 864
C33: 實績 | D33: - | E33: - | F33: - | G33: 287.56179 | H33: - | I33: - | J33: - | K33: - | L33: - | M33: 752.94385 | N33: 846.23364 | O33: 769.10026 | P33: 438.68751 | Q33: - | R33: - | S33: - | T33: - | U33: - | V33: 646.96314 | W33: 992.16349 | X33: 771.48708
C34: 達成率 | D34: - | E34: - | F34: - | G34: =G33/G32 -> 0.87866102 | H34: - | I34: - | J34: - | K34: - | L34: - | M34: =M33/M32 -> 0.91265921 | N34: =N33/N32 -> 0.89937875 | O34: =O33/O32 -> 0.89573926 | P34: =P33/P32 -> 0.8936227 | Q34: - | R34: - | S34: - | T34: - | U34: - | V34: =V33/V32 -> 0.91238391 | W34: =W33/W32 -> 0.90196681 | X34: =X33/X32 -> 0.89292487
B35: 作業 時間 | C35: 開始 | D35: - | E35: - | F35: - | G35: 0.16666667 | H35: - | I35: - | J35: - | K35: - | L35: - | M35: 0.32847222 | N35: 0.25 | O35: 0.25 | P35: 0.70833333 | Q35: - | R35: - | S35: - | T35: - | U35: - | V35: 0.70833333 | W35: 0.73263889 | X35: 0.74236111
C36: 結束 | D36: - | E36: - | F36: - | G36: 0.42038194 | H36: - | I36: - | J36: - | K36: - | L36: - | M36: 0.42358796 | N36: 0.5331713 | O36: 0.5425 | P36: 0.76065972 | Q36: - | R36: - | S36: - | T36: - | U36: - | V36: 0.87319444 | W36: 1.1083565 | X36: 1.1091551
B37: 配置人數 | D37: - | E37: - | F37: - | G37: 11 | H37: - | I37: - | J37: - | K37: - | L37: - | M37: 4 | N37: 3.6666667 | O37: 4.1428571 | P37: 7.3333333 | Q37: - | R37: - | S37: - | T37: - | U37: - | V37: 4.4 | W37: 3 | X37: 4.1666667
B38: 主要應用設備 | D38: 伺服包裝機 | E38: ET-55 | F38: ET-600 | G38: 夾心型 | H38: 伺服包裝機 | I38: 伺服包裝機 | J38: 夾心型 | K38: 3300型 | L38: 3300型 | M38: 3300型 | N38: GKK | O38: GKK | P38: 夾心型 | Q38: 伺服包裝機 | R38: 伺服包裝機 | S38: 夾心型 | T38: 3300型 | U38: 3300型 | V38: 3300型 | W38: GKK | X38: GKK
B39: 次要應用設備
B40: 備註

Sheet 0805(18度C)
A1: 大溪廠日報分析 | C1: 總生產量 | D1: =SUM(F5:F140) -> 108896 | E1: 營業額 | F1: =SUM(G5:G140) -> 2177372.8 | G1: 出勤人數 | H1: =#REF!+#REF!+#REF!+#REF!+L21+#REF!+L38+L55+L72+#REF!+#REF!+L89+L106+L123+L140 -> #REF! | I1: 產線配置圖 | L1: 生產實績 | O1: 人時性差異分析 | S1: 日報登錄 | Y1: 分析說明 | AA1: 產能差異分析
A2: 46239 | C2: 人時性 | D2: =AVERAGE(#REF!,#REF!,#REF!,#REF!,N21,#REF!,N38,N55,N72,#REF!,#REF!,N89,N106,N123,N140) -> #REF! | E2: 平均廠價 | F2: =F1/D1 -> 19.994975 | G2: 多次生產數 | H2: =COUNT(H5:H140) -> 10
A3: 線別 | B3: 品類 | C3: 品名 | E3: 廠價 | F3: 生產量 | G3: 營收 | H3: 多次 生產 | I3: 人數 | J3: 產能/時 | K3: 人時性 | L3: 人數 | M3: 產能/時 | N3: 人時性 | O3: 人數 | P3: 人時性 | Q3: 達成率 | R3: 達成率 平均 | S3: 生產時間 | U3: 換線、休息/分 | V3: 稼動時間/分 | W3: 休息時間 | Y3: (屏榮回填) | AA3: 產能/時 | AB3: 達成率 | AC3: 達成率平均
S4: 開始 | T4: 結束 | W4: 開始 | X4: 結束
A5: 自動包裝機 | B5: 18℃-壽司手卷 | C5: 一配長野稻荷壽司 | E5: 25.64 | F5: 1877 | G5: =E5*F5 -> 48126.28 | I5: 10 | J5: 3600 | K5: =J5/I5 -> 360 | L5: 10 | M5: =F5/V5*60 -> 3219.0496 | N5: =M5/L5 -> 321.90496 | O5: =L5-I5 -> 0 | P5: =N5-K5 -> -38.095045 | Q5: =N5/K5 -> 0.89418043 | R5: =Q21 -> 0.87866102 | S5: 0.16666667 | T5: 0.19096065 | V5: 34.985482 | AA5: =M5-J5 -> -380.95045 | AB5: =M5/J5 -> 0.89418043 | AC5: =AB21 -> 0.87866102
B6: 18℃-壽司手卷 | C6: 一配經典人氣雙手卷 | E6: 29.52 | F6: 2937 | G6: =E6*F6 -> 86700.24 | I6: 11 | J6: 3600 | K6: =J6/I6 -> 327.27273 | L6: 11 | M6: =F6/V6*60 -> 3158.6233 | N6: =M6/L6 -> 287.14758 | O6: =L6-I6 -> 0 | P6: =N6-K6 -> -40.125151 | Q6: =N6/K6 -> 0.87739537 | S6: 0.19375 | T6: 0.23248843 | U6: 5 | V6: 55.790128 | AA6: =M6-J6 -> -441.37666 | AB6: =M6/J6 -> 0.87739537
B7: 18℃-壽司手卷 | C7: 一配鮭鮪海饌雙手卷 | E7: 29.85 | F7: 3478 | G7: =E7*F7 -> 103818.3 | I7: 11 | J7: 3600 | K7: =J7/I7 -> 327.27273 | L7: 11 | M7: =F7/V7*60 -> 3157.6519 | N7: =M7/L7 -> 287.05926 | O7: =L7-I7 -> 0 | P7: =N7-K7 -> -40.213463 | Q7: =N7/K7 -> 0.87712553 | S7: 0.23541667 | T7: 0.28130787 | U7: 5 | V7: 66.087082 | AA7: =M7-J7 -> -442.34809 | AB7: =M7/J7 -> 0.87712553
B8: 18℃-壽司手卷 | C8: 一配青木瓜雞絲泰泰雙手卷 | E8: 30 | F8: 2447 | G8: =E8*F8 -> 73410 | I8: 11 | J8: 3600 | K8: =J8/I8 -> 327.27273 | L8: 11 | M8: =F8/V8*60 -> 3158.7512 | N8: =M8/L8 -> 287.1592 | O8: =L8-I8 -> 0 | P8: =N8-K8 -> -40.11353 | Q8: =N8/K8 -> 0.87743088 | S8: 0.28541667 | T8: 0.31768519 | U8: 5.9166667 | V8: 46.480394 | AA8: =M8-J8 -> -441.24883 | AB8: =M8/J8 -> 0.87743088
B9: 18℃-飯糰 | C9: 一配兩粒飯糰(鮪魚.焦糖鮭魚) | E9: 28.57 | F9: 1479 | G9: =E9*F9 -> 42255.03 | I9: 12 | J9: 3600 | K9: =J9/I9 -> 300 | L9: 12 | M9: =F9/V9*60 -> 3121.8223 | N9: =M9/L9 -> 260.15186 | O9: =L9-I9 -> 0 | P9: =N9-K9 -> -39.848141 | Q9: =N9/K9 -> 0.86717286 | S9: 0.32152778 | T9: 0.34126157 | U9: 5.5333333 | V9: 28.425705 | AA9: =M9-J9 -> -478.17769 | AB9: =M9/J9 -> 0.86717286
B21: 平均 | I21: =AVERAGE(I5:I20) -> 11 | J21: =AVERAGE(J5:J20) -> 3600 | K21: =J21/I21 -> 327.27273 | L21: =AVERAGE(L5:L20) -> 11 | M21: =AVERAGE(M5:M20) -> 3163.1797 | N21: =M21/L21 -> 287.56179 | O21: =L21-I21 -> 0 | P21: =N21-K21 -> -39.71094 | Q21: =N21/K21 -> 0.87866102 | S21: 0.16666667 | T21: 0.42038194 | AA21: =M21-J21 -> -436.82034 | AB21: =M21/J21 -> 0.87866102
A22: (新) 3300型飯糰機 | B22: 18℃-飯糰 | C22: 一配鮭魚奶油醬油飯糰 | E22: 18.53 | F22: 2510 | G22: =E22*F22 -> 46510.3 | I22: 3 | J22: 3300 | K22: =J22/I22 -> 1100 | L22: 3 | M22: =F22/V22*60 -> 3010.1234 | N22: =M22/L22 -> 1003.3745 | O22: =L22-I22 -> 0 | P22: =N22-K22 -> -96.62552 | Q22: =N22/K22 -> 0.91215862 | R22: =Q38 -> 0.91265921 | S22: 0.32847222 | T22: 0.36320602 | V22: 50.031171 | AA22: =M22-J22 -> -289.87656 | AB22: =M22/J22 -> 0.91215862 | AC22: =AB38 -> 0.91265921
B23: 18℃-飯糰 | C23: 一配壹號醬炙烤牛飯糰 | E23: 22.28 | F23: 809 | G23: =E23*F23 -> 18024.52 | I23: 5 | J23: 3300 | K23: =J23/I23 -> 660 | L23: 5 | M23: =F23/V23*60 -> 3013.7298 | N23: =M23/L23 -> 602.74596 | O23: =L23-I23 -> 0 | P23: =N23-K23 -> -57.254039 | Q23: =N23/K23 -> 0.91325146 | S23: 0.36666667 | T23: 0.37784722 | U23: 4.9833333 | V23: 16.106288 | AA23: =M23-J23 -> -286.27019 | AB23: =M23/J23 -> 0.91325146
B24: 18℃-飯糰 | C24: 一配鹽蔥燒肉飯糰 | E24: 17.89 | F24: 3010 | G24: =E24*F24 -> 53848.9 | I24: 4 | J24: 3300 | K24: =J24/I24 -> 825 | L24: 4 | M24: =F24/V24*60 -> 3011.473 | N24: =M24/L24 -> 752.86824 | O24: =L24-I24 -> 0 | P24: =N24-K24 -> -72.131761 | Q24: =N24/K24 -> 0.91256756 | S24: 0.38194444 | T24: 0.42358796 | U24: 5.9 | V24: 59.970653 | AA24: =M24-J24 -> -288.52704 | AB24: =M24/J24 -> 0.91256756
B38: 平均 | I38: =AVERAGE(I22:I37) -> 4 | J38: =AVERAGE(J22:J37) -> 3300 | K38: =J38/I38 -> 825 | L38: =AVERAGE(L22:L37) -> 4 | M38: =AVERAGE(M22:M37) -> 3011.7754 | N38: =M38/L38 -> 752.94385 | O38: =L38-I38 -> 0 | P38: =N38-K38 -> -72.05615 | Q38: =N38/K38 -> 0.91265921 | S38: 0.32847222 | T38: 0.42358796 | AA38: =M38-J38 -> -288.2246 | AB38: =M38/J38 -> 0.91265921
A39: GKK3600型 飯糰機 | B39: 18℃-飯糰 | C39: 一配熟成紅鮭飯糰 | E39: 25.03 | F39: 1014 | G39: =E39*F39 -> 25380.42 | I39: 5 | J39: 3600 | K39: =J39/I39 -> 720 | L39: 5 | M39: =F39/V39*60 -> 3216.3496 | N39: =M39/L39 -> 643.26991 | O39: =L39-I39 -> 0 | P39: =N39-K39 -> -76.73009 | Q39: =N39/K39 -> 0.89343043 | R39: =Q55 -> 0.89937875 | S39: 0.25 | T39: 0.263125 | V39: 18.915854 | AA39: =M39-J39 -> -383.65045 | AB39: =M39/J39 -> 0.89343043 | AC39: =AB55 -> 0.89937875
B40: 18℃-飯糰 | C40: 一配蔬食鮪魚飯糰 | E40: 18.18 | F40: 1221 | G40: =E40*F40 -> 22197.78 | I40: 3 | J40: 3600 | K40: =J40/I40 -> 1200 | L40: 3 | M40: =F40/V40*60 -> 3215.6418 | N40: =M40/L40 -> 1071.8806 | O40: =L40-I40 -> 0 | P40: =N40-K40 -> -128.1194 | Q40: =N40/K40 -> 0.89323384 | S40: 0.27291667 | T40: 0.28872685 | U40: 15 | V40: 22.782388 | AA40: =M40-J40 -> -384.35819 | AB40: =M40/J40 -> 0.89323384
B41: 18℃-飯糰 | C41: 一配北海道秋鮭親子飯糰 | E41: 24.82 | F41: 1321 | G41: =E41*F41 -> 32787.22 | I41: 5 | J41: 3600 | K41: =J41/I41 -> 720 | L41: 5 | M41: =F41/V41*60 -> 3216.7602 | N41: =M41/L41 -> 643.35203 | O41: =L41-I41 -> 0 | P41: =N41-K41 -> -76.647968 | Q41: =N41/K41 -> 0.89354449 | S41: 0.29861111 | T41: 0.31571759 | U41: 15 | V41: 24.639698 | AA41: =M41-J41 -> -383.23984 | AB41: =M41/J41 -> 0.89354449
B42: 18℃-飯糰 | C42: 一配黑胡椒洋蔥豬飯糰 | E42: 17.07 | F42: 2183 | G42: =E42*F42 -> 37263.81 | I42: 3 | J42: 3300 | K42: =J42/I42 -> 1100 | L42: 3 | M42: =F42/V42*60 -> 3015.0072 | N42: =M42/L42 -> 1005.0024 | O42: =L42-I42 -> 0 | P42: =N42-K42 -> -94.997606 | Q42: =N42/K42 -> 0.91363854 | S42: 0.32569444 | T42: 0.35585648 | U42: 15 | V42: 43.442683 | AA42: =M42-J42 -> -284.99282 | AB42: =M42/J42 -> 0.91363854
B43: 18℃-飯糰 | C43: 一配經典肉鬆飯糰 | E43: 14.03 | F43: 4674 | G43: =E43*F43 -> 65576.22 | I43: 3 | J43: 3000 | K43: =J43/I43 -> 1000 | L43: 3 | M43: =F43/V43*60 -> 2740.1161 | N43: =M43/L43 -> 913.37204 | O43: =L43-I43 -> 0 | P43: =N43-K43 -> -86.627962 | Q43: =N43/K43 -> 0.91337204 | S43: 0.36597222 | T43: 0.43703704 | U43: 14.566667 | V43: 102.34603 | AA43: =M43-J43 -> -259.88389 | AB43: =M43/J43 -> 0.91337204
B44: 18℃-飯糰 | C44: 一配鮪魚飯糰 | E44: 14.28 | F44: 6629 | G44: =E44*F44 -> 94662.12 | I44: 3 | J44: 3600 | K44: =J44/I44 -> 1200 | L44: 3 | M44: =F44/V44*60 -> 3213.2652 | N44: =M44/L44 -> 1071.0884 | O44: =L44-I44 -> 0 | P44: =N44-K44 -> -128.91159 | Q44: =N44/K44 -> 0.89257368 | S44: 0.44722222 | T44: 0.5331713 | U44: 14.666667 | V44: 123.78063 | AA44: =M44-J44 -> -386.73476 | AB44: =M44/J44 -> 0.89257368
B55: 平均 | I55: =AVERAGE(I39:I54) -> 3.6666667 | J55: =AVERAGE(J39:J54) -> 3450 | K55: =J55/I55 -> 940.90909 | L55: =AVERAGE(L39:L54) -> 3.6666667 | M55: =AVERAGE(M39:M54) -> 3102.8567 | N55: =M55/L55 -> 846.23364 | O55: =L55-I55 -> 0 | P55: =N55-K55 -> -94.675452 | Q55: =N55/K55 -> 0.89937875 | S55: 0.25 | T55: 0.5331713 | AA55: =M55-J55 -> -347.14332 | AB55: =M55/J55 -> 0.89937875
A56: GKK3600型 飯糰機2 | B56: 18℃-飯糰 | C56: 一配椒鹽檸檬鯖魚飯糰 | E56: 20.72 | F56: 1704 | G56: =E56*F56 -> 35306.88 | I56: 3 | J56: 3600 | K56: =J56/I56 -> 1200 | L56: 3 | M56: =F56/V56*60 -> 3216.5584 | N56: =M56/L56 -> 1072.1861 | O56: =L56-I56 -> 0 | P56: =N56-K56 -> -127.81388 | Q56: =N56/K56 -> 0.89348843 | R56: =Q72 -> 0.89573926 | S56: 0.25 | T56: 0.27207176 | V56: 31.785526 | AA56: =M56-J56 -> -383.44164 | AB56: =M56/J56 -> 0.89348843 | AC56: =AB72 -> 0.89573926
B57: 18℃-飯糰 | C57: 一配柚檸海灣貝飯糰 | E57: 23.72 | F57: 757 | G57: =E57*F57 -> 17956.04 | I57: 5 | J57: 3600 | K57: =J57/I57 -> 720 | L57: 5 | M57: =F57/V57*60 -> 3216.0711 | N57: =M57/L57 -> 643.21423 | O57: =L57-I57 -> 0 | P57: =N57-K57 -> -76.78577 | Q57: =N57/K57 -> 0.8933531 | S57: 0.28194444 | T57: 0.29174769 | U57: 15 | V57: 14.122822 | AA57: =M57-J57 -> -383.92885 | AB57: =M57/J57 -> 0.8933531
B58: 18℃-飯糰 | C58: 一配贅沢鮭魚肚飯糰 | E58: 30 | F58: 1934 | G58: =E58*F58 -> 58020 | I58: 4 | J58: 3600 | K58: =J58/I58 -> 900 | L58: 4 | M58: =F58/V58*60 -> 3214.9507 | N58: =M58/L58 -> 803.73767 | O58: =L58-I58 -> 0 | P58: =N58-K58 -> -96.262331 | Q58: =N58/K58 -> 0.89304185 | S58: 0.30208333 | T58: 0.3271412 | U58: 14.883333 | V58: 36.093866 | AA58: =M58-J58 -> -385.04933 | AB58: =M58/J58 -> 0.89304185
B59: 18℃-飯糰 | C59: 一配筋子銀鮭飯糰 | E59: 30 | F59: 2236 | G59: =E59*F59 -> 67080 | I59: 4 | J59: 3300 | K59: =J59/I59 -> 825 | L59: 4 | M59: =F59/V59*60 -> 3015.7809 | N59: =M59/L59 -> 753.94523 | O59: =L59-I59 -> 0 | P59: =N59-K59 -> -71.054775 | Q59: =N59/K59 -> 0.913873 | S59: 0.3375 | T59: 0.3683912 | U59: 14.916667 | V59: 44.48599 | AA59: =M59-J59 -> -284.2191 | AB59: =M59/J59 -> 0.913873
B60: 18℃-飯糰 | C60: 一配鹽蔥生鮭飯糰 | E60: 27.48 | F60: 3518 | G60: =E60*F60 -> 96674.64 | I60: 5 | J60: 3600 | K60: =J60/I60 -> 720 | L60: 5 | M60: =F60/V60*60 -> 3215.8859 | N60: =M60/L60 -> 643.17718 | O60: =L60-I60 -> 0 | P60: =N60-K60 -> -76.822825 | Q60: =N60/K60 -> 0.89330163 | S60: 0.37847222 | T60: 0.42405093 | U60: 14.516667 | V60: 65.636658 | AA60: =M60-J60 -> -384.11412 | AB60: =M60/J60 -> 0.89330163
B61: 18℃-飯糰 | C61: 一配明太子龍蝦風味沙拉飯糰 | E61: 18.18 | F61: 2201 | G61: =E61*F61 -> 40014.18 | I61: 3 | J61: 3600 | K61: =J61/I61 -> 1200 | L61: 3 | M61: =F61/V61*60 -> 3211.9263 | N61: =M61/L61 -> 1070.6421 | O61: =L61-I61 -> 0 | P61: =N61-K61 -> -129.35791 | Q61: =N61/K61 -> 0.89220174 | S61: 0.43402778 | T61: 0.46256944 | U61: 15 | V61: 41.115514 | AA61: =M61-J61 -> -388.07372 | AB61: =M61/J61 -> 0.89220174
B62: 18℃-飯糰 | C62: 一配雞肉飯飯糰 | E62: 16.66 | F62: 5366 | G62: =E62*F62 -> 89397.56 | I62: 5 | J62: 3600 | K62: =J62/I62 -> 720 | L62: 5 | M62: =F62/V62*60 -> 3212.7344 | N62: =M62/L62 -> 642.54688 | O62: =L62-I62 -> 0 | P62: =N62-K62 -> -77.453124 | Q62: =N62/K62 -> 0.89242622 | S62: 0.47291667 | T62: 0.5425 | U62: 14.9 | V62: 100.2137 | AA62: =M62-J62 -> -387.26562 | AB62: =M62/J62 -> 0.89242622
B72: 平均 | I72: =AVERAGE(I56:I71) -> 4.1428571 | J72: =AVERAGE(J56:J71) -> 3557.1429 | K72: =J72/I72 -> 858.62069 | L72: =AVERAGE(L56:L71) -> 4.1428571 | M72: =AVERAGE(M56:M71) -> 3186.2725 | N72: =M72/L72 -> 769.10026 | O72: =L72-I72 -> 0 | P72: =N72-K72 -> -89.520427 | Q72: =N72/K72 -> 0.89573926 | S72: 0.25 | T72: 0.5425 | AA72: =M72-J72 -> -370.87034 | AB72: =M72/J72 -> 0.89573926
A73: 自動包裝機 (二配) | B73: 18℃-飯糰 | C73: 二配兩粒飯糰(鮪魚.焦糖鮭魚) | E73: 28.57 | F73: 1591 | G73: =E73*F73 -> 45454.87 | I73: 12 | J73: 3600 | K73: =J73/I73 -> 300 | L73: 12 | M73: =F73/V73*60 -> 3121.5941 | N73: =M73/L73 -> 260.13284 | O73: =L73-I73 -> 0 | P73: =N73-K73 -> -39.867159 | Q73: =N73/K73 -> 0.86710947 | R73: =Q89 -> 0.8936227 | S73: 0.70833333 | T73: 0.72956019 | V73: 30.580529 | AA73: =M73-J73 -> -478.40591 | AB73: =M73/J73 -> 0.86710947 | AC73: =AB89 -> 0.8936227
B74: 18℃-飯糰 | C74: 二配柚香雞胸五穀飯糰 | E74: 17.71 | F74: 632 | G74: =E74*F74 -> 11192.72 | I74: 5 | J74: 3600 | K74: =J74/I74 -> 720 | L74: 5 | M74: =F74/V74*60 -> 3265.3413 | N74: =M74/L74 -> 653.06826 | O74: =L74-I74 -> 0 | P74: =N74-K74 -> -66.93174 | Q74: =N74/K74 -> 0.90703925 | S74: 0.73333333 | T74: 0.74138889 | U74: 5.4333333 | V74: 11.612875 | AA74: =M74-J74 -> -334.6587 | AB74: =M74/J74 -> 0.90703925
B75: 18℃-飯糰 | C75: 二配鮭魚毛豆炊飯飯糰 | E75: 18.92 | F75: 1216 | G75: =E75*F75 -> 23006.72 | I75: 5 | J75: 3600 | K75: =J75/I75 -> 720 | L75: 5 | M75: =F75/V75*60 -> 3264.1898 | N75: =M75/L75 -> 652.83795 | O75: =L75-I75 -> 0 | P75: =N75-K75 -> -67.162047 | Q75: =N75/K75 -> 0.90671938 | S75: 0.74513889 | T75: 0.76065972 | U75: 5.4 | V75: 22.351642 | AA75: =M75-J75 -> -335.81023 | AB75: =M75/J75 -> 0.90671938
B89: 平均 | I89: =AVERAGE(I73:I88) -> 7.3333333 | J89: =AVERAGE(J73:J88) -> 3600 | K89: =J89/I89 -> 490.90909 | L89: =AVERAGE(L73:L88) -> 7.3333333 | M89: =AVERAGE(M73:M88) -> 3217.0417 | N89: =M89/L89 -> 438.68751 | O89: =L89-I89 -> 0 | P89: =N89-K89 -> -52.221584 | Q89: =N89/K89 -> 0.8936227 | S89: 0.70833333 | T89: 0.76065972 | AA89: =M89-J89 -> -382.95828 | AB89: =M89/J89 -> 0.8936227
A90: (新) 3300型飯糰機 (二配) | B90: 18℃-飯糰 | C90: 二配大飯糰乾燒風味鮮蝦 | E90: 23.27 | F90: 581 | G90: =E90*F90 -> 13519.87 | I90: 5 | J90: 3000 | K90: =J90/I90 -> 600 | L90: 5 | M90: =F90/V90*60 -> 2737.5771 | N90: =M90/L90 -> 547.51543 | O90: =L90-I90 -> 0 | P90: =N90-K90 -> -52.484572 | Q90: =N90/K90 -> 0.91252571 | R90: =Q106 -> 0.91238391 | S90: 0.70833333 | T90: 0.71717593 | V90: 12.733888 | AA90: =M90-J90 -> -262.42286 | AB90: =M90/J90 -> 0.91252571 | AC90: =AB106 -> 0.91238391
B91: 18℃-飯糰 | C91: 二配大飯糰韓式蒜烤豬五花 | E91: 24.54 | F91: 1423 | G91: =E91*F91 -> 34920.42 | I91: 4 | J91: 3000 | K91: =J91/I91 -> 750 | L91: 4 | M91: =F91/V91*60 -> 2738.7099 | N91: =M91/L91 -> 684.67748 | O91: =L91-I91 -> 0 | P91: =N91-K91 -> -65.322523 | Q91: =N91/K91 -> 0.9129033 | S91: 0.72013889 | T91: 0.74178241 | U91: 5 | V91: 31.175262 | AA91: =M91-J91 -> -261.29009 | AB91: =M91/J91 -> 0.9129033
B92: 18℃-飯糰 | C92: 二配大飯糰泡菜鮪魚 | E92: 24.33 | F92: 1533 | G92: =E92*F92 -> 37297.89 | I92: 4 | J92: 3000 | K92: =J92/I92 -> 750 | L92: 4 | M92: =F92/V92*60 -> 2736.6851 | N92: =M92/L92 -> 684.17127 | O92: =L92-I92 -> 0 | P92: =N92-K92 -> -65.828727 | Q92: =N92/K92 -> 0.91222836 | S92: 0.74583333 | T92: 0.76916667 | U92: 5.8333333 | V92: 33.610005 | AA92: =M92-J92 -> -263.31491 | AB92: =M92/J92 -> 0.91222836
B93: 18℃-飯糰 | C93: 二配壹號醬炙烤牛飯糰 | E93: 22.28 | F93: 1642 | G93: =E93*F93 -> 36583.76 | I93: 5 | J93: 3300 | K93: =J93/I93 -> 660 | L93: 5 | M93: =F93/V93*60 -> 3009.9688 | N93: =M93/L93 -> 601.99375 | O93: =L93-I93 -> 0 | P93: =N93-K93 -> -58.006245 | Q93: =N93/K93 -> 0.91211175 | S93: 0.77222222 | T93: 0.79494213 | U93: 5 | V93: 32.731237 | AA93: =M93-J93 -> -290.03123 | AB93: =M93/J93 -> 0.91211175
B94: 18℃-飯糰 | C94: 二配鹽蔥燒肉飯糰 | E94: 17.89 | F94: 5389 | G94: =E94*F94 -> 96409.21 | I94: 4 | J94: 3300 | K94: =J94/I94 -> 825 | L94: 4 | M94: =F94/V94*60 -> 3010.2481 | N94: =M94/L94 -> 752.56202 | O94: =L94-I94 -> 0 | P94: =N94-K94 -> -72.437981 | Q94: =N94/K94 -> 0.91219639 | S94: 0.79861111 | T94: 0.87319444 | U94: 5.2833333 | V94: 107.41307 | AA94: =M94-J94 -> -289.75192 | AB94: =M94/J94 -> 0.91219639
B106: 平均 | I106: =AVERAGE(I90:I105) -> 4.4 | J106: =AVERAGE(J90:J105) -> 3120 | K106: =J106/I106 -> 709.09091 | L106: =AVERAGE(L90:L105) -> 4.4 | M106: =AVERAGE(M90:M105) -> 2846.6378 | N106: =M106/L106 -> 646.96314 | O106: =L106-I106 -> 0 | P106: =N106-K106 -> -62.127773 | Q106: =N106/K106 -> 0.91238391 | S106: 0.70833333 | T106: 0.87319444 | AA106: =M106-J106 -> -273.3622 | AB106: =M106/J106 -> 0.91238391
A107: GKK3600型 飯糰機 (二配) | B107: 18℃-飯糰 | C107: 二配芝麻香鬆飯糰 | E107: 18.18 | F107: 688 | G107: =E107*F107 -> 12507.84 | H107: 2 | I107: 3 | J107: 3000 | K107: =J107/I107 -> 1000 | L107: 3 | M107: =F107/V107*60 -> 2740.0541 | N107: =M107/L107 -> 913.35137 | O107: =L107-I107 -> 0 | P107: =N107-K107 -> -86.648628 | Q107: =N107/K107 -> 0.91335137 | R107: =Q123 -> 0.90196681 | S107: 0.73263889 | T107: 0.74309028 | V107: 15.065396 | AA107: =M107-J107 -> -259.94588 | AB107: =M107/J107 -> 0.91335137 | AC107: =AB123 -> 0.90196681
B108: 18℃-飯糰 | C108: 二配蔬食鮪魚飯糰 | E108: 18.18 | F108: 411 | G108: =E108*F108 -> 7471.98 | H108: 2 | I108: 3 | J108: 3600 | K108: =J108/I108 -> 1200 | L108: 3 | M108: =F108/V108*60 -> 3212.8829 | N108: =M108/L108 -> 1070.961 | O108: =L108-I108 -> 0 | P108: =N108-K108 -> -129.03902 | Q108: =N108/K108 -> 0.89246748 | S108: 0.75347222 | T108: 0.7587963 | U108: 14.95 | V108: 7.6753497 | AA108: =M108-J108 -> -387.11706 | AB108: =M108/J108 -> 0.89246748
B109: 18℃-飯糰 | C109: 二配經典肉鬆飯糰 | E109: 14.03 | F109: 2252 | G109: =E109*F109 -> 31595.56 | H109: 2 | I109: 3 | J109: 3000 | K109: =J109/I109 -> 1000 | L109: 3 | M109: =F109/V109*60 -> 2739.1401 | N109: =M109/L109 -> 913.0467 | O109: =L109-I109 -> 0 | P109: =N109-K109 -> -86.9533 | Q109: =N109/K109 -> 0.9130467 | S109: 0.76875 | T109: 0.80299769 | U109: 15 | V109: 49.32935 | AA109: =M109-J109 -> -260.8599 | AB109: =M109/J109 -> 0.9130467
B110: 18℃-飯糰 | C110: 二配鮪魚飯糰 | E110: 14.28 | F110: 2780 | G110: =E110*F110 -> 39698.4 | H110: 2 | I110: 3 | J110: 3600 | K110: =J110/I110 -> 1200 | L110: 3 | M110: =F110/V110*60 -> 3213.8848 | N110: =M110/L110 -> 1071.2949 | O110: =L110-I110 -> 0 | P110: =N110-K110 -> -128.70508 | Q110: =N110/K110 -> 0.89274577 | S110: 0.81319444 | T110: 0.84922454 | U110: 14.683333 | V110: 51.899807 | AA110: =M110-J110 -> -386.11523 | AB110: =M110/J110 -> 0.89274577
B111: 18℃-飯糰 | C111: 二配芝麻香鬆飯糰 | E111: 18.18 | F111: 1517 | G111: =E111*F111 -> 27579.06 | I111: 3 | J111: 3000 | K111: =J111/I111 -> 1000 | L111: 3 | M111: =F111/V111*60 -> 2740.0541 | N111: =M111/L111 -> 913.35137 | O111: =L111-I111 -> 0 | P111: =N111-K111 -> -86.648628 | Q111: =N111/K111 -> 0.91335137 | S111: 0.85902778 | T111: 0.88209491 | U111: 15 | V111: 33.218322 | AA111: =M111-J111 -> -259.94588 | AB111: =M111/J111 -> 0.91335137
B112: 18℃-飯糰 | C112: 二配蔬食鮪魚飯糰 | E112: 18.18 | F112: 905 | G112: =E112*F112 -> 16452.9 | I112: 3 | J112: 3600 | K112: =J112/I112 -> 1200 | L112: 3 | M112: =F112/V112*60 -> 3212.8829 | N112: =M112/L112 -> 1070.961 | O112: =L112-I112 -> 0 | P112: =N112-K112 -> -129.03902 | Q112: =N112/K112 -> 0.89246748 | S112: 0.89236111 | T112: 0.90409722 | U112: 14.783333 | V112: 16.900709 | AA112: =M112-J112 -> -387.11706 | AB112: =M112/J112 -> 0.89246748
B113: 18℃-飯糰 | C113: 二配經典肉鬆飯糰 | E113: 14.03 | F113: 5791 | G113: =E113*F113 -> 81247.73 | I113: 3 | J113: 3000 | K113: =J113/I113 -> 1000 | L113: 3 | M113: =F113/V113*60 -> 2739.1401 | N113: =M113/L113 -> 913.0467 | O113: =L113-I113 -> 0 | P113: =N113-K113 -> -86.9533 | Q113: =N113/K113 -> 0.9130467 | S113: 0.91388889 | T113: 1.0019792 | U113: 15 | V113: 126.85003 | AA113: =M113-J113 -> -260.8599 | AB113: =M113/J113 -> 0.9130467
B114: 18℃-飯糰 | C114: 二配鮪魚飯糰 | E114: 14.28 | F114: 7448 | G114: =E114*F114 -> 106357.44 | I114: 3 | J114: 3600 | K114: =J114/I114 -> 1200 | L114: 3 | M114: =F114/V114*60 -> 3213.8848 | N114: =M114/L114 -> 1071.2949 | O114: =L114-I114 -> 0 | P114: =N114-K114 -> -128.70508 | Q114: =N114/K114 -> 0.89274577 | S114: 1.0118056 | T114: 1.1083565 | U114: 15 | V114: 139.04668 | AA114: =M114-J114 -> -386.11523 | AB114: =M114/J114 -> 0.89274577
B123: 平均 | I123: =AVERAGE(I107:I122) -> 3 | J123: =AVERAGE(J107:J122) -> 3300 | K123: =J123/I123 -> 1100 | L123: =AVERAGE(L107:L122) -> 3 | M123: =AVERAGE(M107:M122) -> 2976.4905 | N123: =M123/L123 -> 992.16349 | O123: =L123-I123 -> 0 | P123: =N123-K123 -> -107.83651 | Q123: =N123/K123 -> 0.90196681 | S123: 0.73263889 | T123: 1.1083565 | AA123: =M123-J123 -> -323.50952 | AB123: =M123/J123 -> 0.90196681
A124: GKK3600型 飯糰機2 (二配) | B124: 18℃-飯糰 | C124: 二配熟成紅鮭飯糰 | E124: 25.03 | F124: 492 | G124: =E124*F124 -> 12314.76 | H124: 2 | I124: 5 | J124: 3600 | K124: =J124/I124 -> 720 | L124: 5 | M124: =F124/V124*60 -> 3213.4687 | N124: =M124/L124 -> 642.69375 | O124: =L124-I124 -> 0 | P124: =N124-K124 -> -77.306251 | Q124: =N124/K124 -> 0.89263021 | R124: =Q140 -> 0.89292487 | S124: 0.74236111 | T124: 0.74873843 | V124: 9.1863349 | AA124: =M124-J124 -> -386.53126 | AB124: =M124/J124 -> 0.89263021 | AC124: =AB140 -> 0.89292487
B125: 18℃-飯糰 | C125: 二配三杯醬爆菇菇飯糰 | E125: 16.7 | F125: 455 | G125: =E125*F125 -> 7598.5 | H125: 2 | I125: 3 | J125: 3600 | K125: =J125/I125 -> 1200 | L125: 3 | M125: =F125/V125*60 -> 3217.6439 | N125: =M125/L125 -> 1072.548 | O125: =L125-I125 -> 0 | P125: =N125-K125 -> -127.45204 | Q125: =N125/K125 -> 0.89378997 | S125: 0.75902778 | T125: 0.76491898 | U125: 14.816667 | V125: 8.4844691 | AA125: =M125-J125 -> -382.35611 | AB125: =M125/J125 -> 0.89378997
B126: 18℃-飯糰 | C126: 二配贅沢鮭魚肚飯糰 | E126: 30 | F126: 724 | G126: =E126*F126 -> 21720 | H126: 2 | I126: 4 | J126: 3600 | K126: =J126/I126 -> 900 | L126: 4 | M126: =F126/V126*60 -> 3212.04 | N126: =M126/L126 -> 803.01001 | O126: =L126-I126 -> 0 | P126: =N126-K126 -> -96.989992 | Q126: =N126/K126 -> 0.89223334 | S126: 0.775 | T126: 0.78438657 | U126: 14.516667 | V126: 13.524115 | AA126: =M126-J126 -> -387.95997 | AB126: =M126/J126 -> 0.89223334
B127: 18℃-飯糰 | C127: 二配北海道秋鮭親子飯糰 | E127: 24.82 | F127: 723 | G127: =E127*F127 -> 17944.86 | H127: 2 | I127: 5 | J127: 3600 | K127: =J127/I127 -> 720 | L127: 5 | M127: =F127/V127*60 -> 3214.1132 | N127: =M127/L127 -> 642.82263 | O127: =L127-I127 -> 0 | P127: =N127-K127 -> -77.17737 | Q127: =N127/K127 -> 0.89280921 | S127: 0.79444444 | T127: 0.80380787 | U127: 15 | V127: 13.496725 | AA127: =M127-J127 -> -385.88685 | AB127: =M127/J127 -> 0.89280921
B128: 18℃-飯糰 | C128: 二配明太子龍蝦風味沙拉飯糰 | E128: 18.18 | F128: 1050 | G128: =E128*F128 -> 19089 | H128: 2 | I128: 3 | J128: 3600 | K128: =J128/I128 -> 1200 | L128: 3 | M128: =F128/V128*60 -> 3214.2834 | N128: =M128/L128 -> 1071.4278 | O128: =L128-I128 -> 0 | P128: =N128-K128 -> -128.5722 | Q128: =N128/K128 -> 0.8928565 | S128: 0.81388889 | T128: 0.8275 | U128: 14.516667 | V128: 19.600014 | AA128: =M128-J128 -> -385.71659 | AB128: =M128/J128 -> 0.8928565
B129: 18℃-飯糰 | C129: 二配雞肉飯飯糰 | E129: 16.66 | F129: 2313 | G129: =E129*F129 -> 38534.58 | H129: 2 | I129: 5 | J129: 3600 | K129: =J129/I129 -> 720 | L129: 5 | M129: =F129/V129*60 -> 3215.6279 | N129: =M129/L129 -> 643.12557 | O129: =L129-I129 -> 0 | P129: =N129-K129 -> -76.874426 | Q129: =N129/K129 -> 0.89322996 | S129: 0.8375 | T129: 0.86746528 | U129: 15 | V129: 43.157979 | AA129: =M129-J129 -> -384.37213 | AB129: =M129/J129 -> 0.89322996
B130: 18℃-飯糰 | C130: 二配熟成紅鮭飯糰 | E130: 25.03 | F130: 1069 | G130: =E130*F130 -> 26757.07 | I130: 5 | J130: 3600 | K130: =J130/I130 -> 720 | L130: 5 | M130: =F130/V130*60 -> 3213.4687 | N130: =M130/L130 -> 642.69375 | O130: =L130-I130 -> 0 | P130: =N130-K130 -> -77.306251 | Q130: =N130/K130 -> 0.89263021 | S130: 0.87777778 | T130: 0.89163194 | U130: 14.85 | V130: 19.95974 | AA130: =M130-J130 -> -386.53126 | AB130: =M130/J130 -> 0.89263021
B131: 18℃-飯糰 | C131: 二配三杯醬爆菇菇飯糰 | E131: 16.7 | F131: 1016 | G131: =E131*F131 -> 16967.2 | I131: 3 | J131: 3600 | K131: =J131/I131 -> 1200 | L131: 3 | M131: =F131/V131*60 -> 3217.6439 | N131: =M131/L131 -> 1072.548 | O131: =L131-I131 -> 0 | P131: =N131-K131 -> -127.45204 | Q131: =N131/K131 -> 0.89378997 | S131: 0.90138889 | T131: 0.91453704 | U131: 15 | V131: 18.94554 | AA131: =M131-J131 -> -382.35611 | AB131: =M131/J131 -> 0.89378997
B132: 18℃-飯糰 | C132: 二配贅沢鮭魚肚飯糰 | E132: 30 | F132: 1755 | G132: =E132*F132 -> 52650 | I132: 4 | J132: 3600 | K132: =J132/I132 -> 900 | L132: 4 | M132: =F132/V132*60 -> 3212.04 | N132: =M132/L132 -> 803.01001 | O132: =L132-I132 -> 0 | P132: =N132-K132 -> -96.989992 | Q132: =N132/K132 -> 0.89223334 | S132: 0.92430556 | T132: 0.94706019 | U132: 15 | V132: 32.782904 | AA132: =M132-J132 -> -387.95997 | AB132: =M132/J132 -> 0.89223334
B133: 18℃-飯糰 | C133: 二配北海道秋鮭親子飯糰 | E133: 24.82 | F133: 1675 | G133: =E133*F133 -> 41573.5 | I133: 5 | J133: 3600 | K133: =J133/I133 -> 720 | L133: 5 | M133: =F133/V133*60 -> 3214.1132 | N133: =M133/L133 -> 642.82263 | O133: =L133-I133 -> 0 | P133: =N133-K133 -> -77.17737 | Q133: =N133/K133 -> 0.89280921 | S133: 0.95694444 | T133: 0.97865741 | U133: 15 | V133: 31.268345 | AA133: =M133-J133 -> -385.88685 | AB133: =M133/J133 -> 0.89280921
B134: 18℃-飯糰 | C134: 二配明太子龍蝦風味沙拉飯糰 | E134: 18.18 | F134: 2614 | G134: =E134*F134 -> 47522.52 | I134: 3 | J134: 3600 | K134: =J134/I134 -> 1200 | L134: 3 | M134: =F134/V134*60 -> 3214.2834 | N134: =M134/L134 -> 1071.4278 | O134: =L134-I134 -> 0 | P134: =N134-K134 -> -128.5722 | Q134: =N134/K134 -> 0.8928565 | S134: 0.98888889 | T134: 1.0227662 | U134: 14.733333 | V134: 48.794702 | AA134: =M134-J134 -> -385.71659 | AB134: =M134/J134 -> 0.8928565
B135: 18℃-飯糰 | C135: 二配雞肉飯飯糰 | E135: 16.66 | F135: 5906 | G135: =E135*F135 -> 98393.96 | I135: 5 | J135: 3600 | K135: =J135/I135 -> 720 | L135: 5 | M135: =F135/V135*60 -> 3215.6279 | N135: =M135/L135 -> 643.12557 | O135: =L135-I135 -> 0 | P135: =N135-K135 -> -76.874426 | Q135: =N135/K135 -> 0.89322996 | S135: 1.0326389 | T135: 1.1091551 | U135: 15 | V135: 110.19932 | AA135: =M135-J135 -> -384.37213 | AB135: =M135/J135 -> 0.89322996
B140: 平均 | I140: =AVERAGE(I124:I139) -> 4.1666667 | J140: =AVERAGE(J124:J139) -> 3600 | K140: =J140/I140 -> 864 | L140: =AVERAGE(L124:L139) -> 4.1666667 | M140: =AVERAGE(M124:M139) -> 3214.5295 | N140: =M140/L140 -> 771.48708 | O140: =L140-I140 -> 0 | P140: =N140-K140 -> -92.512916 | Q140: =N140/K140 -> 0.89292487 | S140: 0.74236111 | T140: 1.1091551 | AA140: =M140-J140 -> -385.47048 | AB140: =M140/J140 -> 0.89292487
Y142: 原因回覆
Y143: 1.當日出勤人數較多
Y144: 2.當日出勤人數較少
Y145: 3.當日出勤熟手較多
Y146: 4.當日出勤新人較多
Y147: 5.機台夾盒
Y148: 6.封膜不順
Y149: 7.更換膠膜
Y150: 8.更換碳帶
Y151: 9.當日熱轉印碳帶異常
Y152: 10.訂單量過少
Y153: 11.新品上市，尚未熟悉
Y154: 12.活動期間品項需貼標

Sheet 0805(4度C)
A1: 大溪廠日報分析 | C1: 總生產量 | D1: =SUM(F5:F140) -> 94753 | E1: 營業額 | F1: =SUM(G5:G140) -> 4181683.2 | G1: 出勤人數 | H1: =L21+L38+L55+L72+L89+L106+L123+L140 -> 136.23333 | I1: 產線配置圖 | L1: 生產實績 | O1: 人時性差異分析 | S1: 日報登錄 | Y1: 合計次數 | Z1: 合計(時間/分) | AA1: 產線異常 分析說明(5分鐘以上) | AC1: 合計次數 | AD1: 合計(時間/分) | AE1: 產能差異分析
A2: 46239 | C2: 人時性 | D2: =AVERAGE(N21,N38,N55,N72,N89,N106,N123,N140) -> 201.85487 | E2: 平均廠價 | F2: =F1/D1 -> 44.132463 | G2: 多次生產數 | H2: =COUNT(H5:H140) -> 1 | Y2: =SUM(Y21,Y38,Y55,Y72,Y89,Y106,Y123,Y140) -> 0 | Z2: =SUM(Z21,Z38,Z55,Z72,Z89,Z106,Z123,Z140) -> 0 | AC2: =SUM(AC21,AC38,AC55,AC72,AC89,AC106,AC123,AC140) -> 0 | AD2: =SUM(AD21,AD38,AD55,AD72,AD89,AD106,AD123,AD140) -> 0
A3: 線別 | B3: 品類 | C3: 品名 | E3: 廠價 | F3: 生產量 | G3: 營收 | H3: 多次 生產 | I3: 人數 | J3: 產能/時 | K3: 人時性 | L3: 人數 | M3: 產能/時 | N3: 人時性 | O3: 人數 | P3: 人時性 | Q3: 達成率 | R3: 達成率 平均 | S3: 生產時間 | U3: 換線、休息/分 | V3: 稼動時間/分 | W3: 休息時間 | Y3: 產線異常統計(5分鐘以上) | AA3: (屏榮回填) | AC3: 短暫停線統計(5分鐘以下) | AE3: 產能/時 | AF3: 達成率 | AG3: 達成率平均
S4: 開始 | T4: 結束 | W4: 開始 | X4: 結束 | Y4: 次數 | Z4: 時間/分 | AC4: 總次數 | AD4: 設備因素(次數)
A5: 便當二線 | B5: 微波小吃 | C5: 日式茶碗蒸 | E5: 19.7 | F5: 3753 | G5: =E5*F5 -> 73934.1 | I5: 13 | J5: 1200 | K5: =J5/I5 -> 92.307692 | L5: 13 | M5: =F5/V5*60 -> 1082.6073 | N5: =M5/L5 -> 83.277484 | O5: =L5-I5 -> 0 | P5: =N5-K5 -> -9.0302086 | Q5: =N5/K5 -> 0.90217274 | R5: =Q21 -> 0.90139571 | S5: 0.16666667 | T5: 0.31109954 | V5: 207.99786 | AE5: =M5-J5 -> -117.39271 | AF5: =M5/J5 -> 0.90217274 | AG5: =AF21 -> 0.90139571
B6: 微波主食 | C6: 糖燻野郎三十天熟成牛飯 | E6: 56.43 | F6: 3920 | G6: =E6*F6 -> 221205.6 | I6: 24 | J6: 2000 | K6: =J6/I6 -> 83.333333 | L6: 24 | M6: =F6/V6*60 -> 1803.5548 | N6: =M6/L6 -> 75.148118 | O6: =L6-I6 -> 0 | P6: =N6-K6 -> -8.1852158 | Q6: =N6/K6 -> 0.90177741 | S6: 0.31388889 | T6: 0.40444444 | U6: 5 | V6: 130.40912 | AE6: =M6-J6 -> -196.44518 | AF6: =M6/J6 -> 0.90177741
B7: 便當 | C7: 香檸奶油魚排蔬滿盒 | E7: 77.35 | F7: 701 | G7: =E7*F7 -> 54222.35 | I7: 25 | J7: 2000 | K7: =J7/I7 -> 80 | L7: 25 | M7: =F7/V7*60 -> 1801.8216 | N7: =M7/L7 -> 72.072864 | O7: =L7-I7 -> 0 | P7: =N7-K7 -> -7.9271358 | Q7: =N7/K7 -> 0.9009108 | S7: 0.40833333 | T7: 0.42453704 | U7: 5.6 | V7: 23.343043 | AE7: =M7-J7 -> -198.1784 | AF7: =M7/J7 -> 0.9009108
B8: 便當 | C8: 嫩烤香料雞胸排蔬滿盒 | E8: 77.34 | F8: 1798 | G8: =E8*F8 -> 139057.32 | I8: 23 | J8: 2000 | K8: =J8/I8 -> 86.956522 | L8: 23 | M8: =F8/V8*60 -> 1802.3465 | N8: =M8/L8 -> 78.36289 | O8: =L8-I8 -> 0 | P8: =N8-K8 -> -8.593632 | Q8: =N8/K8 -> 0.90117323 | S8: 0.42847222 | T8: 0.47003472 | U8: 5.6666667 | V8: 59.855306 | W8: 0.47003472 | X8: 0.50763889 | AE8: =M8-J8 -> -197.65354 | AF8: =M8/J8 -> 0.90117323
B9: 便當 | C9: 健身G肉餐盒 | E9: 59.52 | F9: 4464 | G9: =E9*F9 -> 265697.28 | I9: 24 | J9: 2000 | K9: =J9/I9 -> 83.333333 | L9: 24 | M9: =F9/V9*60 -> 1802.5104 | N9: =M9/L9 -> 75.104599 | O9: =L9-I9 -> 0 | P9: =N9-K9 -> -8.2287346 | Q9: =N9/K9 -> 0.90125519 | S9: 0.50763889 | T9: 0.61082176 | U9: 55 | V9: 148.59277 | AE9: =M9-J9 -> -197.48963 | AF9: =M9/J9 -> 0.90125519
B21: 平均 | I21: =AVERAGE(I5:I20) -> 21.8 | J21: =AVERAGE(J5:J20) -> 1840 | K21: =J21/I21 -> 84.40367 | L21: =AVERAGE(L5:L20) -> 21.8 | M21: =AVERAGE(M5:M20) -> 1658.5681 | N21: =M21/L21 -> 76.081106 | O21: =L21-I21 -> 0 | P21: =N21-K21 -> -8.3225638 | Q21: =N21/K21 -> 0.90139571 | S21: 0.16666667 | T21: 0.61082176 | Y21: =SUM(Y5:Y20) -> 0 | Z21: =SUM(Z5:Z20) -> 0 | AC21: =SUM(AC5:AC20) -> 0 | AD21: =SUM(AD5:AD20) -> 0 | AE21: =M21-J21 -> -181.43189 | AF21: =M21/J21 -> 0.90139571
A22: 涼麵一線 | B22: 4℃-壽司手卷 | C22: 海陸雙拼壽司 | E22: 36.45 | F22: 2348 | G22: =E22*F22 -> 85584.6 | I22: 20 | J22: 2100 | K22: =J22/I22 -> 105 | L22: 20 | M22: =F22/V22*60 -> 1893.0683 | N22: =M22/L22 -> 94.653417 | O22: =L22-I22 -> 0 | P22: =N22-K22 -> -10.346583 | Q22: =N22/K22 -> 0.90146112 | R22: =Q38 -> 0.9026741 | S22: 0.16666667 | T22: 0.21834491 | V22: 74.418866 | AE22: =M22-J22 -> -206.93166 | AF22: =M22/J22 -> 0.90146112 | AG22: =AF38 -> 0.9098955
B23: 微波小吃 | C23: 馬鈴薯玉米濃湯 | E23: 31.72 | F23: 1483 | G23: =E23*F23 -> 47040.76 | I23: 22 | J23: 2000 | K23: =J23/I23 -> 90.909091 | L23: 22 | M23: =F23/V23*60 -> 1803.2275 | N23: =M23/L23 -> 81.964887 | O23: =L23-I23 -> 0 | P23: =N23-K23 -> -8.9442039 | Q23: =N23/K23 -> 0.90161376 | S23: 0.22152778 | T23: 0.25578704 | U23: 4.5833333 | V23: 49.344855 | AE23: =M23-J23 -> -196.77249 | AF23: =M23/J23 -> 0.90161376
B24: 微波小吃 | C24: 三合一味噌湯 | E24: 34.79 | F24: 1527 | G24: =E24*F24 -> 53124.33 | I24: 11 | J24: 2000 | K24: =J24/I24 -> 181.81818 | L24: 11 | M24: =F24/V24*60 -> 1809.128 | N24: =M24/L24 -> 164.46618 | O24: =L24-I24 -> 0 | P24: =N24-K24 -> -17.352 | Q24: =N24/K24 -> 0.904564 | S24: 0.25902778 | T24: 0.29418981 | U24: 4.6666667 | V24: 50.643183 | AE24: =M24-J24 -> -190.872 | AF24: =M24/J24 -> 0.904564
B25: 微波小吃 | C25: 蒸蛋湯 | E25: 33.2 | F25: 2662 | G25: =E25*F25 -> 88378.4 | I25: 11 | J25: 2000 | K25: =J25/I25 -> 181.81818 | L25: 11 | M25: =F25/V25*60 -> 1807.7993 | N25: =M25/L25 -> 164.34539 | O25: =L25-I25 -> 0 | P25: =N25-K25 -> -17.472788 | Q25: =N25/K25 -> 0.90389967 | S25: 0.29722222 | T25: 0.35857639 | U25: 5 | V25: 88.350514 | AE25: =M25-J25 -> -192.20067 | AF25: =M25/J25 -> 0.90389967
B26: 微波小吃 | C26: 越式牛肉寬粉 | E26: 51.44 | F26: 1620 | G26: =E26*F26 -> 83332.8 | I26: 19 | J26: 2000 | K26: =J26/I26 -> 105.26316 | L26: 19 | M26: =F26/V26*60 -> 1803.7709 | N26: =M26/L26 -> 94.935311 | O26: =L26-I26 -> 0 | P26: =N26-K26 -> -10.327847 | Q26: =N26/K26 -> 0.90188546 | S26: 0.3625 | T26: 0.39991898 | U26: 5.65 | V26: 53.887109 | AE26: =M26-J26 -> -196.22908 | AF26: =M26/J26 -> 0.90188546
B27: 微波主食 | C27: 日式鮭魚茶泡烤飯 | E27: 46.34 | F27: 2344 | G27: =E27*F27 -> 108620.96 | I27: 21 | J27: 1800 | K27: =J27/I27 -> 85.714286 | L27: 21 | M27: =F27/V27*60 -> 1622.7361 | N27: =M27/L27 -> 77.273148 | O27: =L27-I27 -> 0 | P27: =N27-K27 -> -8.4411375 | Q27: =N27/K27 -> 0.90152006 | S27: 0.40277778 | T27: 0.46296296 | U27: 5 | V27: 86.668435 | W27: 0.46296296 | X27: 0.50069444 | AE27: =M27-J27 -> -177.26389 | AF27: =M27/J27 -> 0.90152006
B28: 4℃-飯糰 | C28: 麻油雞飯糰 | E28: 29.97 | F28: 2107 | G28: =E28*F28 -> 63146.79 | I28: 21 | J28: 2790 | K28: =J28/I28 -> 132.85714 | L28: 22 | M28: =F28/V28*60 -> 2626.6346 | N28: =M28/L28 -> 119.39248 | O28: =L28-I28 -> 1 | P28: =N28-K28 -> -13.46466 | Q28: =N28/K28 -> 0.89865309 | S28: 0.50069444 | T28: 0.5341088 | U28: 55 | V28: 48.130029 | AE28: =M28-J28 -> -163.36538 | AF28: =M28/J28 -> 0.9414461
B38: 平均 | I38: =AVERAGE(I22:I37) -> 17.857143 | J38: =AVERAGE(J22:J37) -> 2098.5714 | K38: =J38/I38 -> 117.52 | L38: =AVERAGE(L22:L37) -> 18 | M38: =AVERAGE(M22:M37) -> 1909.4807 | N38: =M38/L38 -> 106.08226 | O38: =L38-I38 -> 0.14285714 | P38: =N38-K38 -> -11.437739 | Q38: =N38/K38 -> 0.9026741 | S38: 0.16666667 | T38: 0.5341088 | Y38: =SUM(Y22:Y37) -> 0 | Z38: =SUM(Z22:Z37) -> 0 | AC38: =SUM(AC22:AC37) -> 0 | AD38: =SUM(AD22:AD37) -> 0 | AE38: =M38-J38 -> -189.09074 | AF38: =M38/J38 -> 0.9098955
A39: 涼麵二線 | B39: 便當 | C39: 香腸腿排雙拼便當 | E39: 53.76 | F39: 3122 | G39: =E39*F39 -> 167838.72 | I39: 20 | J39: 2000 | K39: =J39/I39 -> 100 | L39: 20 | M39: =F39/V39*60 -> 1801.1482 | N39: =M39/L39 -> 90.057411 | O39: =L39-I39 -> 0 | P39: =N39-K39 -> -9.9425893 | Q39: =N39/K39 -> 0.90057411 | R39: =Q55 -> 0.90081246 | S39: 0.16666667 | T39: 0.23888889 | V39: 104.00033 | AE39: =M39-J39 -> -198.85179 | AF39: =M39/J39 -> 0.90057411 | AG39: =AF55 -> 0.90081246
B40: 便當 | C40: 蔬活腿排補力餐盒 | E40: 71.55 | F40: 2112 | G40: =E40*F40 -> 151113.6 | I40: 22 | J40: 2000 | K40: =J40/I40 -> 90.909091 | L40: 22 | M40: =F40/V40*60 -> 1801.6138 | N40: =M40/L40 -> 81.891537 | O40: =L40-I40 -> 0 | P40: =N40-K40 -> -9.0175542 | Q40: =N40/K40 -> 0.9008069 | S40: 0.24305556 | T40: 0.29189815 | U40: 6 | V40: 70.336939 | AE40: =M40-J40 -> -198.38619 | AF40: =M40/J40 -> 0.9008069
B41: 便當 | C41: 地中海布格麥烤魚餐盒 | E41: 63.92 | F41: 1609 | G41: =E41*F41 -> 102847.28 | I41: 24 | J41: 2000 | K41: =J41/I41 -> 83.333333 | L41: 24 | M41: =F41/V41*60 -> 1803.1666 | N41: =M41/L41 -> 75.131941 | O41: =L41-I41 -> 0 | P41: =N41-K41 -> -8.2013927 | Q41: =N41/K41 -> 0.90158329 | S41: 0.29583333 | T41: 0.33300926 | U41: 5.6666667 | V41: 53.539147 | AE41: =M41-J41 -> -196.83343 | AF41: =M41/J41 -> 0.90158329
B42: 便當 | C42: 烤蛋白餐盒 | E42: 58.67 | F42: 3571 | G42: =E42*F42 -> 209510.57 | I42: 23 | J42: 2000 | K42: =J42/I42 -> 86.956522 | L42: 23 | M42: =F42/V42*60 -> 1801.2616 | N42: =M42/L42 -> 78.315721 | O42: =L42-I42 -> 0 | P42: =N42-K42 -> -8.6408009 | Q42: =N42/K42 -> 0.90063079 | S42: 0.33611111 | T42: 0.4187037 | U42: 5 | V42: 118.94996 | AE42: =M42-J42 -> -198.73842 | AF42: =M42/J42 -> 0.90063079
B43: 便當 | C43: 海陸雙拼肉肉餐盒 | E43: 59.54 | F43: 2691 | G43: =E43*F43 -> 160222.14 | I43: 23 | J43: 2000 | K43: =J43/I43 -> 86.956522 | L43: 23 | M43: =F43/V43*60 -> 1801.3797 | N43: =M43/L43 -> 78.320856 | O43: =L43-I43 -> 0 | P43: =N43-K43 -> -8.6356662 | Q43: =N43/K43 -> 0.90068984 | S43: 0.42152778 | T43: 0.48376157 | U43: 5 | V43: 89.631299 | W43: 0.48376157 | X43: 0.52222222 | AE43: =M43-J43 -> -198.62032 | AF43: =M43/J43 -> 0.90068984
B44: 便當 | C44: 懷舊滷雙拼便當 | E44: 61.09 | F44: 3038 | G44: =E44*F44 -> 185591.42 | I44: 20 | J44: 2000 | K44: =J44/I44 -> 100 | L44: 20 | M44: =F44/V44*60 -> 1801.1797 | N44: =M44/L44 -> 90.058985 | O44: =L44-I44 -> 0 | P44: =N44-K44 -> -9.9410153 | Q44: =N44/K44 -> 0.90058985 | S44: 0.52222222 | T44: 0.5925 | U44: 55.383333 | V44: 101.20034 | AE44: =M44-J44 -> -198.82031 | AF44: =M44/J44 -> 0.90058985
B55: 平均 | I55: =AVERAGE(I39:I54) -> 22 | J55: =AVERAGE(J39:J54) -> 2000 | K55: =J55/I55 -> 90.909091 | L55: =AVERAGE(L39:L54) -> 22 | M55: =AVERAGE(M39:M54) -> 1801.6249 | N55: =M55/L55 -> 81.892042 | O55: =L55-I55 -> 0 | P55: =N55-K55 -> -9.0170489 | Q55: =N55/K55 -> 0.90081246 | S55: 0.16666667 | T55: 0.5925 | Y55: =SUM(Y39:Y54) -> 0 | Z55: =SUM(Z39:Z54) -> 0 | AC55: =SUM(AC39:AC54) -> 0 | AD55: =SUM(AD39:AD54) -> 0 | AE55: =M55-J55 -> -198.37508 | AF55: =M55/J55 -> 0.90081246
A56: 涼麵三線 | B56: 季節調理麵 | C56: 和風涓絲冷麵 | E56: 28.86 | F56: 2268 | G56: =E56*F56 -> 65454.48 | I56: 19 | J56: 3600 | K56: =J56/I56 -> 189.47368 | L56: 19 | M56: =F56/V56*60 -> 3194.5087 | N56: =M56/L56 -> 168.13204 | O56: =L56-I56 -> 0 | P56: =N56-K56 -> -21.341645 | Q56: =N56/K56 -> 0.88736354 | R56: =Q72 -> 0.8961262 | S56: 0.16666667 | T56: 0.19623843 | V56: 42.598099 | AE56: =M56-J56 -> -405.49126 | AF56: =M56/J56 -> 0.88736354 | AG56: =AF72 -> 0.8961262
B57: 季節調理麵 | C57: 嘉義崇文白醋涼麵 | E57: 35.89 | F57: 2887 | G57: =E57*F57 -> 103614.43 | I57: 19 | J57: 3600 | K57: =J57/I57 -> 189.47368 | L57: 19 | M57: =F57/V57*60 -> 3191.4878 | N57: =M57/L57 -> 167.97304 | O57: =L57-I57 -> 0 | P57: =N57-K57 -> -21.500644 | Q57: =N57/K57 -> 0.88652438 | S57: 0.19930556 | T57: 0.23699074 | U57: 5 | V57: 54.275627 | AE57: =M57-J57 -> -408.51224 | AF57: =M57/J57 -> 0.88652438
B58: 季節調理麵 | C58: 韓式泡菜冷麵 | E58: 36.73 | F58: 4264 | G58: =E58*F58 -> 156616.72 | I58: 21 | J58: 3600 | K58: =J58/I58 -> 171.42857 | L58: 21 | M58: =F58/V58*60 -> 3005.944 | N58: =M58/L58 -> 143.14019 | O58: =L58-I58 -> 0 | P58: =N58-K58 -> -28.288382 | Q58: =N58/K58 -> 0.83498444 | S58: 0.24097222 | T58: 0.30006944 | U58: 5.7333333 | V58: 85.111367 | AE58: =M58-J58 -> -594.05603 | AF58: =M58/J58 -> 0.83498444
B59: 季節調理麵 | C59: 招牌雞絲胡麻涼麵 | E59: 43.96 | F59: 1698 | G59: =E59*F59 -> 74644.08 | I59: 24 | J59: 3600 | K59: =J59/I59 -> 150 | L59: 24 | M59: =F59/V59*60 -> 3269.0683 | N59: =M59/L59 -> 136.21118 | O59: =L59-I59 -> 0 | P59: =N59-K59 -> -13.78882 | Q59: =N59/K59 -> 0.90807453 | S59: 0.30416667 | T59: 0.32579861 | U59: 5.9 | V59: 31.164843 | AE59: =M59-J59 -> -330.93169 | AF59: =M59/J59 -> 0.90807453
B60: 季節調理麵 | C60: 日式胡麻雞絲冷麵 | E60: 46.93 | F60: 1246 | G60: =E60*F60 -> 58474.78 | I60: 24 | J60: 3600 | K60: =J60/I60 -> 150 | L60: 24 | M60: =F60/V60*60 -> 3268.4643 | N60: =M60/L60 -> 136.18601 | O60: =L60-I60 -> 0 | P60: =N60-K60 -> -13.813988 | Q60: =N60/K60 -> 0.90790675 | S60: 0.32986111 | T60: 0.34574074 | U60: 5.85 | V60: 22.873127 | AE60: =M60-J60 -> -331.53571 | AF60: =M60/J60 -> 0.90790675
B61: 季節調理麵 | C61: 日式蕎麥沾麵 | E61: 36.73 | F61: 3663 | G61: =E61*F61 -> 134541.99 | I61: 20 | J61: 3600 | K61: =J61/I61 -> 180 | L61: 20 | M61: =F61/V61*60 -> 3261.8967 | N61: =M61/L61 -> 163.09484 | O61: =L61-I61 -> 0 | P61: =N61-K61 -> -16.905164 | Q61: =N61/K61 -> 0.90608242 | S61: 0.34861111 | T61: 0.39539352 | U61: 5 | V61: 67.377977 | AE61: =M61-J61 -> -338.10329 | AF61: =M61/J61 -> 0.90608242
B62: 季節調理麵 | C62: 月見烏龍冷麵 | E62: 48.4 | F62: 2828 | G62: =E62*F62 -> 136875.2 | I62: 22 | J62: 3600 | K62: =J62/I62 -> 163.63636 | L62: 22 | M62: =F62/V62*60 -> 3261.9052 | N62: =M62/L62 -> 148.26842 | O62: =L62-I62 -> 0 | P62: =N62-K62 -> -15.367945 | Q62: =N62/K62 -> 0.90608478 | S62: 0.39930556 | T62: 0.43542824 | U62: 5.6333333 | V62: 52.018679 | AE62: =M62-J62 -> -338.09479 | AF62: =M62/J62 -> 0.90608478
B63: 季節調理麵 | C63: 大滿足麻醬涼麵 | E63: 37.8 | F63: 1986 | G63: =E63*F63 -> 75070.8 | H63: 2 | I63: 21 | J63: 3600 | K63: =J63/I63 -> 171.42857 | L63: 21 | M63: =F63/V63*60 -> 3270.012 | N63: =M63/L63 -> 155.71486 | O63: =L63-I63 -> 0 | P63: =N63-K63 -> -15.713712 | Q63: =N63/K63 -> 0.90833668 | S63: 0.43958333 | T63: 0.46488426 | U63: 5.9833333 | V63: 36.440233 | W63: 0.46488426 | X63: 0.50416667 | AE63: =M63-J63 -> -329.98796 | AF63: =M63/J63 -> 0.90833668
B64: 季節調理麵 | C64: 大滿足香辣涼麵 | E64: 38.48 | F64: 5530 | G64: =E64*F64 -> 212794.4 | I64: 20 | J64: 3600 | K64: =J64/I64 -> 180 | L64: 20 | M64: =F64/V64*60 -> 3267.2441 | N64: =M64/L64 -> 163.36221 | O64: =L64-I64 -> 0 | P64: =N64-K64 -> -16.637794 | Q64: =N64/K64 -> 0.90756781 | S64: 0.50416667 | T64: 0.5746875 | U64: 56.566667 | V64: 101.55348 | AE64: =M64-J64 -> -332.75588 | AF64: =M64/J64 -> 0.90756781
B65: 季節調理麵 | C65: 大滿足麻醬涼麵 | E65: 37.8 | F65: 4943 | G65: =E65*F65 -> 186845.4 | I65: 21 | J65: 3600 | K65: =J65/I65 -> 171.42857 | L65: 21 | M65: =F65/V65*60 -> 3270.012 | N65: =M65/L65 -> 155.71486 | O65: =L65-I65 -> 0 | P65: =N65-K65 -> -15.713712 | Q65: =N65/K65 -> 0.90833668 | S65: 0.57777778 | T65: 0.64075231 | U65: 5 | V65: 90.696914 | AE65: =M65-J65 -> -329.98796 | AF65: =M65/J65 -> 0.90833668
B72: 平均 | I72: =AVERAGE(I56:I71) -> 21.1 | J72: =AVERAGE(J56:J71) -> 3600 | K72: =J72/I72 -> 170.61611 | L72: =AVERAGE(L56:L71) -> 21.1 | M72: =AVERAGE(M56:M71) -> 3226.0543 | N72: =M72/L72 -> 152.89357 | O72: =L72-I72 -> 0 | P72: =N72-K72 -> -17.722544 | Q72: =N72/K72 -> 0.8961262 | S72: 0.16666667 | T72: 0.64075231 | Y72: =SUM(Y56:Y71) -> 0 | Z72: =SUM(Z56:Z71) -> 0 | AC72: =SUM(AC56:AC71) -> 0 | AD72: =SUM(AD56:AD71) -> 0 | AE72: =M72-J72 -> -373.94568 | AF72: =M72/J72 -> 0.8961262
A73: 自動包裝機 | B73: 4℃-壽司手卷 | C73: 醬油生鮭脆卷 | E73: 23.55 | F73: 2468 | G73: =E73*F73 -> 58121.4 | I73: 6 | J73: 2500 | K73: =J73/I73 -> 416.66667 | L73: 6 | M73: =F73/V73*60 -> 2257.5793 | N73: =M73/L73 -> 376.26322 | O73: =L73-I73 -> 0 | P73: =N73-K73 -> -40.403445 | Q73: =N73/K73 -> 0.90303173 | R73: =Q89 -> 0.85131024 | S73: 0.34444444 | T73: 0.38998843 | U73: 4.5833333 | V73: 65.592379 | AE73: =M73-J73 -> -242.42067 | AF73: =M73/J73 -> 0.90303173 | AG73: =AF89 -> 0.90451713
B74: 4℃-壽司手卷 | C74: 韓式辣炒豬肉飯卷 | E74: 27.05 | F74: 723 | G74: =E74*F74 -> 19557.15 | I74: 5 | J74: 3273 | K74: =J74/I74 -> 654.6 | L74: 6 | M74: =F74/V74*60 -> 2961.6419 | N74: =M74/L74 -> 493.60698 | O74: =L74-I74 -> 1 | P74: =N74-K74 -> -160.99302 | Q74: =N74/K74 -> 0.75405894 | S74: 0.39375 | T74: 0.40391204 | U74: 5.4166667 | V74: 14.647281 | AE74: =M74-J74 -> -311.35812 | AF74: =M74/J74 -> 0.90487072
B75: 4℃-壽司手卷 | C75: 厚香料優格咖哩烤雞飯卷 | E75: 27.05 | F75: 907 | G75: =E75*F75 -> 24534.35 | I75: 5 | J75: 3273 | K75: =J75/I75 -> 654.6 | L75: 5 | M75: =F75/V75*60 -> 2963.0407 | N75: =M75/L75 -> 592.60814 | O75: =L75-I75 -> 0 | P75: =N75-K75 -> -61.991855 | Q75: =N75/K75 -> 0.90529811 | S75: 0.40763889 | T75: 0.42038194 | U75: 5.3666667 | V75: 18.366268 | AE75: =M75-J75 -> -309.95928 | AF75: =M75/J75 -> 0.90529811
B89: 平均 | I89: =AVERAGE(I73:I88) -> 5.3333333 | J89: =AVERAGE(J73:J88) -> 3015.3333 | K89: =J89/I89 -> 565.375 | L89: =AVERAGE(L73:L88) -> 5.6666667 | M89: =AVERAGE(M73:M88) -> 2727.4206 | N89: =M89/L89 -> 481.30953 | O89: =L89-I89 -> 0.33333333 | P89: =N89-K89 -> -84.065474 | Q89: =N89/K89 -> 0.85131024 | S89: 0.16666667 | T89: 0.42038194 | Y89: =SUM(Y73:Y88) -> 0 | Z89: =SUM(Z73:Z88) -> 0 | AC89: =SUM(AC73:AC88) -> 0 | AD89: =SUM(AD73:AD88) -> 0 | AE89: =M89-J89 -> -287.91269 | AF89: =M89/J89 -> 0.90451713
A90: 自動包裝機2 | B90: 4℃-壽司手卷 | C90: 鮪魚昆布細卷 | E90: 15.51 | F90: 2149 | G90: =E90*F90 -> 33330.99 | I90: 6 | J90: 3600 | K90: =J90/I90 -> 600 | L90: 6 | M90: =F90/V90*60 -> 3250.8 | N90: =M90/L90 -> 541.8 | O90: =L90-I90 -> 0 | P90: =N90-K90 -> -58.2 | Q90: =N90/K90 -> 0.903 | R90: =Q106 -> 0.90277325 | S90: 0.25 | T90: 0.27753472 | V90: 39.664083 | AE90: =M90-J90 -> -349.2 | AF90: =M90/J90 -> 0.903 | AG90: =AF106 -> 0.90277325
B91: 4℃-壽司手卷 | C91: 肉鬆火腿細卷 | E91: 15.01 | F91: 2309 | G91: =E91*F91 -> 34658.09 | I91: 6 | J91: 3600 | K91: =J91/I91 -> 600 | L91: 6 | M91: =F91/V91*60 -> 3249.1674 | N91: =M91/L91 -> 541.5279 | O91: =L91-I91 -> 0 | P91: =N91-K91 -> -58.472104 | Q91: =N91/K91 -> 0.90254649 | S91: 0.28125 | T91: 0.31085648 | U91: 5.35 | V91: 42.638616 | AE91: =M91-J91 -> -350.83263 | AF91: =M91/J91 -> 0.90254649
B106: 平均 | I106: =AVERAGE(I90:I105) -> 6 | J106: =AVERAGE(J90:J105) -> 3600 | K106: =J106/I106 -> 600 | L106: =AVERAGE(L90:L105) -> 6 | M106: =AVERAGE(M90:M105) -> 3249.9837 | N106: =M106/L106 -> 541.66395 | O106: =L106-I106 -> 0 | P106: =N106-K106 -> -58.336052 | Q106: =N106/K106 -> 0.90277325 | S106: 0.25 | T106: 0.31085648 | Y106: =SUM(Y90:Y105) -> 0 | Z106: =SUM(Z90:Z105) -> 0 | AC106: =SUM(AC90:AC105) -> 0 | AD106: =SUM(AD90:AD105) -> 0 | AE106: =M106-J106 -> -350.01631 | AF106: =M106/J106 -> 0.90277325
A107: 便當二線 (二配) | B107: 微波主食 | C107: 二配香烤魚排青醬燉飯 | E107: 58.17 | F107: 1652 | G107: =E107*F107 -> 96096.84 | I107: 18 | J107: 2000 | K107: =J107/I107 -> 111.11111 | L107: 17 | M107: =F107/V107*60 -> 1802.3443 | N107: =M107/L107 -> 106.02025 | O107: =L107-I107 -> -1 | P107: =N107-K107 -> -5.0908579 | Q107: =N107/K107 -> 0.95418228 | R107: =Q123 -> 0.94943367 | S107: 0.70833333 | T107: 0.7465162 | V107: 54.995042 | AE107: =M107-J107 -> -197.6557 | AF107: =M107/J107 -> 0.90117215 | AG107: =AF123 -> 0.90115738
B108: 微波主食 | C108: 二配濃起司燻腸紅醬焗烤飯 | E108: 50.67 | F108: 1476 | G108: =E108*F108 -> 74788.92 | I108: 20 | J108: 2000 | K108: =J108/I108 -> 100 | L108: 19 | M108: =F108/V108*60 -> 1802.2 | N108: =M108/L108 -> 94.852632 | O108: =L108-I108 -> -1 | P108: =N108-K108 -> -5.1473684 | Q108: =N108/K108 -> 0.94852632 | S108: 0.74930556 | T108: 0.78342593 | U108: 5 | V108: 49.13994 | AE108: =M108-J108 -> -197.8 | AF108: =M108/J108 -> 0.9011
B109: 微波主食 | C109: 二配西班牙風味海鮮燉飯 | E109: 57.3 | F109: 1667 | G109: =E109*F109 -> 95519.1 | I109: 21 | J109: 2000 | K109: =J109/I109 -> 95.238095 | L109: 20 | M109: =F109/V109*60 -> 1802.4 | N109: =M109/L109 -> 90.12 | O109: =L109-I109 -> -1 | P109: =N109-K109 -> -5.1180952 | Q109: =N109/K109 -> 0.94626 | S109: 0.78680556 | T109: 0.82533565 | U109: 4.8666667 | V109: 55.492676 | AE109: =M109-J109 -> -197.6 | AF109: =M109/J109 -> 0.9012
B123: 平均 | I123: =AVERAGE(I107:I122) -> 19.666667 | J123: =AVERAGE(J107:J122) -> 2000 | K123: =J123/I123 -> 101.69492 | L123: =AVERAGE(L107:L122) -> 18.666667 | M123: =AVERAGE(M107:M122) -> 1802.3148 | N123: =M123/L123 -> 96.552577 | O123: =L123-I123 -> -1 | P123: =N123-K123 -> -5.1423384 | Q123: =N123/K123 -> 0.94943367 | S123: 0.70833333 | T123: 0.82533565 | Y123: =SUM(Y107:Y122) -> 0 | Z123: =SUM(Z107:Z122) -> 0 | AC123: =SUM(AC107:AC122) -> 0 | AD123: =SUM(AD107:AD122) -> 0 | AE123: =M123-J123 -> -197.68523 | AF123: =M123/J123 -> 0.90115738
A124: 涼麵一線 (二配) | B124: 微波主食 | C124: 二配哞哞培根奶香海陸焗飯 | E124: 47.6 | F124: 1831 | G124: =E124*F124 -> 87155.6 | I124: 23 | J124: 2000 | K124: =J124/I124 -> 86.956522 | L124: 23 | M124: =F124/V124*60 -> 1803.8015 | N124: =M124/L124 -> 78.426151 | O124: =L124-I124 -> 0 | P124: =N124-K124 -> -8.530371 | Q124: =N124/K124 -> 0.90190073 | R124: =Q140 -> 0.90118516 | S124: 0.70833333 | T124: 0.750625 | V124: 60.904707 | AE124: =M124-J124 -> -196.19853 | AF124: =M124/J124 -> 0.90190073 | AG124: =AF140 -> 0.90118516
B125: 微波主食 | C125: 二配黃金雞排蘑菇白醬歐姆蛋飯 | E125: 56.87 | F125: 1437 | G125: =E125*F125 -> 81722.19 | I125: 23 | J125: 2000 | K125: =J125/I125 -> 86.956522 | L125: 23 | M125: =F125/V125*60 -> 1801.8791 | N125: =M125/L125 -> 78.34257 | O125: =L125-I125 -> 0 | P125: =N125-K125 -> -8.6139518 | Q125: =N125/K125 -> 0.90093955 | S125: 0.75416667 | T125: 0.78739583 | U125: 5.1 | V125: 47.850047 | AE125: =M125-J125 -> -198.12089 | AF125: =M125/J125 -> 0.90093955
B126: 微波主食 | C126: 二配里肌豬排可可咖哩歐姆蛋飯 | E126: 56.79 | F126: 1951 | G126: =E126*F126 -> 110797.29 | I126: 23 | J126: 2000 | K126: =J126/I126 -> 86.956522 | L126: 23 | M126: =F126/V126*60 -> 1801.4304 | N126: =M126/L126 -> 78.323059 | O126: =L126-I126 -> 0 | P126: =N126-K126 -> -8.6334627 | Q126: =N126/K126 -> 0.90071518 | S126: 0.79097222 | T126: 0.83608796 | U126: 5.15 | V126: 64.981696 | AE126: =M126-J126 -> -198.56964 | AF126: =M126/J126 -> 0.90071518
B140: 平均 | I140: =AVERAGE(I124:I139) -> 23 | J140: =AVERAGE(J124:J139) -> 2000 | K140: =J140/I140 -> 86.956522 | L140: =AVERAGE(L124:L139) -> 23 | M140: =AVERAGE(M124:M139) -> 1802.3703 | N140: =M140/L140 -> 78.363927 | O140: =L140-I140 -> 0 | P140: =N140-K140 -> -8.5925952 | Q140: =N140/K140 -> 0.90118516 | S140: 0.70833333 | T140: 0.83608796 | Y140: =SUM(Y124:Y139) -> 0 | Z140: =SUM(Z124:Z139) -> 0 | AC140: =SUM(AC124:AC139) -> 0 | AD140: =SUM(AD124:AD139) -> 0 | AE140: =M140-J140 -> -197.62969 | AF140: =M140/J140 -> 0.90118516
AA142: 原因回覆
AA143: 1.當日出勤人數較多
AA144: 2.當日出勤人數較少
AA145: 3.當日出勤熟手較多
AA146: 4.當日出勤新人較多
AA147: 5.機台夾盒
AA148: 6.封膜不順
AA149: 7.更換膠膜
AA150: 8.更換碳帶
AA151: 9.當日熱轉印碳帶異常
AA152: 10.訂單量過少
AA153: 11.新品上市，尚未熟悉
AA154: 12.活動期間品項需貼標

Sheet 0804
B1: 屏榮 大溪廠組合室生產人時性分析
B3: 日期 | C3: 115.08.04星期二 | E3: 訂單量 | F3: ='0804(18度C)'!D1+'0804(4度C)'!D1 -> 211425 | H3: 營業額 | I3: ='0804(18度C)'!F1+'0804(4度C)'!F1 -> 6631265.1
B4: 人時性 | C4: 項目 | E4: ➀ | G4: ➁ | I4: ➂ | K4: ④ | M4: ⑤ | O4: 異常停線 | Q4: 短暫停線
C5: 組合室 | E5: 全溫層 | G5: 4度C-各編組展開(一配) | I5: 4度C-各編組展開(二配) | K5: 18度C-各編組展開(一配) | M5: 18度C-各編組展開(二配) | O5: 合計次數 | P5: 時間 | Q5: 合計次數 | R5: 設備次數
C6: 排關平均 | E6: =AVERAGE(D14:O14,D32:X32) -> 495.79321 | F6: =AVERAGE(#REF!,D14:K14) -> #REF! | G6: =AVERAGE(D14:K14) -> 271.37289 | I6: =AVERAGE(L14:O14) -> 94.325718 | K6: =AVERAGE(D32:O32) -> 737.95063 | M6: =AVERAGE(P32:X32) -> 791 | O6: ='0804(4度C)'!Y2 -> 0 | P6: ='0804(4度C)'!Z2 -> 0 | Q6: ='0804(4度C)'!AC2 -> 0 | R6: ='0804(4度C)'!AD2 -> 0
C7: 實績平均 | E7: =AVERAGE(D15:O15,D33:X33) -> 444.87453 | F7: =AVERAGE(#REF!,D15:K15) -> #REF! | G7: =AVERAGE(D15:K15) -> 239.88333 | I7: =AVERAGE(L15:O15) -> 87.374161 | K7: =AVERAGE(D33:O33) -> 663.7393 | M7: =AVERAGE(P33:X33) -> 712.24677
C8: 達成率平均 | E8: =AVERAGE(D16:O16,D34:X34) -> 0.8992052 | F8: =AVERAGE(D16:K16,#REF!) -> #REF! | G8: =AVERAGE(D16:K16) -> 0.89204922 | I8: =AVERAGE(L16:O16) -> 0.92443083 | K8: =AVERAGE(D34:O34) -> 0.89636484 | M8: =AVERAGE(P34:X34) -> 0.90016672
O9: ※現行日本鮮食廠以達成率80%為基本(即為現行KPI)
B11: 溫層 | D11: ➁4度C-各編組展開 | L11: ➂4度C-各編組展開
B12: 編組 | D12: 1 | E12: 2 | F12: 3 | G12: 4 | H12: 5 | I12: 6 | J12: 7 | K12: 8 | L12: 1 | M12: 2 | N12: 3 | O12: 4
D13: 便當一線 | E13: 便當二線 | F13: 涼麵一線 | G13: 涼麵二線 | H13: 涼麵三線 | I13: 自動包裝機 | J13: 自動包裝機2 | K13: 自動包裝機3 | L13: 便當一線 | M13: 便當二線 | N13: 涼麵一線 | O13: 涼麵二線
B14: 人時性 | C14: 排關 | D14: - | E14: 84.40367 | F14: 117.52 | G14: 90.322581 | H14: 170.61611 | I14: 565.375 | J14: 600 | K14: - | L14: - | M14: 101.69492 | N14: 86.956522 | O14: -
C15: 實績 | D15: - | E15: 76.023692 | F15: 106.07006 | G15: 81.308082 | H15: 152.54256 | I15: 481.54163 | J15: 541.81395 | K15: - | L15: - | M15: 96.446429 | N15: 78.301894 | O15: -
C16: 達成率 | D16: - | E16: =E15/E14 -> 0.90071548 | F16: =F15/F14 -> 0.90257031 | G16: =G15/G14 -> 0.90019663 | H16: =H15/H14 -> 0.89406891 | I16: =I15/I14 -> 0.85172076 | J16: =J15/J14 -> 0.90302325 | K16: - | L16: - | M16: =M15/M14 -> 0.94838988 | N16: =N15/N14 -> 0.90047178 | O16: -
B17: 作業 時間 | C17: 開始 | D17: - | E17: 0.16666667 | F17: 0.16666667 | G17: 0.16666667 | H17: 0.16666667 | I17: 0.16666667 | J17: 0.25 | K17: - | L17: - | M17: 0.70833333 | N17: 0.70833333 | O17: -
C18: 結束 | D18: - | E18: 0.62704861 | F18: 0.55740741 | G18: 0.62165509 | H18: 0.66142361 | I18: 0.41563657 | J18: 0.3121875 | K18: - | L18: - | M18: 0.8225 | N18: 0.84648148 | O18: -
B19: 產線異常 (5分鐘以上) | C19: 次數
C20: 時間/分
B21: 短暫停線 (5分鐘以下) | C21: 次數
C22: 設備次數
B23: 配置人數 | D23: - | E23: 21.8 | F23: 18 | G23: 22.142857 | H23: 21.1 | I23: 5.6666667 | J23: 6 | K23: - | L23: - | M23: 18.666667 | N23: 23 | O23: -
B24: 主要應用設備 | D24: L型封口機 | E24: ET-55 | F24: ET-55 | G24: ET-55 | H24: ET-600 | I24: 伺服包裝機 | J24: 伺服包裝機 | K24: 伺服包裝機 | L24: L型封口機 | M24: ET-55 | N24: ET-55 | O24: ET-55
B25: 次要應用設備 | D25: 伺服包裝機 | H25: 伺服包裝機
B26: 備註 | H26: 涼麵+烤飯糰 | I26: 大口飯糰線 | K26: 烤飯糰+手卷
B29: 溫層 | D29: ➃18度C-各編組展開 (一配) | P29: ⑤18度C-各編組展開 (二配)
B30: 編組 | D30: 1 | E30: 2 | F30: 3 | G30: 4 | H30: 5 | I30: 6 | J30: 7 | K30: 8 | L30: 9 | M30: 10 | N30: 11 | O30: 12 | P30: 1 | Q30: 2 | R30: 3 | S30: 4 | T30: 5 | U30: 6 | V30: 7 | W30: 8 | X30: 9
D31: 便當一線 | E31: 涼麵一線 | F31: 涼麵三線 | G31: 自動包裝機 | H31: 自動包裝機2 | I31: 自動包裝機3 | J31: 味付飯糰線B | K31: (舊) 3300型飯糰線 | L31: 3000型飯糰線 | M31: (新) 3300型飯糰機 | N31: GKK3600型 飯糰機 | O31: GKK3600型 飯糰機2 | P31: 自動包裝機 | Q31: 自動包裝機2 | R31: 自動包裝機3 | S31: 味付飯糰線B | T31: (舊) 3300型飯糰線 | U31: 3000型飯糰線 | V31: (新) 3300型飯糰機 | W31: GKK3600型 飯糰機 | X31: GKK3600型 飯糰機2
B32: 人時性 | C32: 排關 | D32: - | E32: - | F32: - | G32: 327.27273 | H32: - | I32: - | J32: - | K32: - | L32: - | M32: 825 | N32: 940.90909 | O32: 858.62069 | P32: 490.90909 | Q32: - | R32: - | S32: - | T32: - | U32: - | V32: 709.09091 | W32: 1100 | X32: 864
C33: 實績 | D33: - | E33: - | F33: - | G33: 287.57087 | H33: - | I33: - | J33: - | K33: - | L33: - | M33: 752.77885 | N33: 845.84637 | O33: 768.7611 | P33: 438.76139 | Q33: - | R33: - | S33: - | T33: - | U33: - | V33: 646.9835 | W33: 991.91349 | X33: 771.32868
C34: 達成率 | D34: - | E34: - | F34: - | G34: =G33/G32 -> 0.87868876 | H34: - | I34: - | J34: - | K34: - | L34: - | M34: =M33/M32 -> 0.91245921 | N34: =N33/N32 -> 0.89896715 | O34: =O33/O32 -> 0.89534425 | P34: =P33/P32 -> 0.89377319 | Q34: - | R34: - | S34: - | T34: - | U34: - | V34: =V33/V32 -> 0.91241263 | W34: =W33/W32 -> 0.90173954 | X34: =X33/X32 -> 0.89274153
B35: 作業 時間 | C35: 開始 | D35: - | E35: - | F35: - | G35: 0.16666667 | H35: - | I35: - | J35: - | K35: - | L35: - | M35: 0.32916667 | N35: 0.25 | O35: 0.25 | P35: 0.70833333 | Q35: - | R35: - | S35: - | T35: - | U35: - | V35: 0.70833333 | W35: 0.73125 | X35: 0.74097222
C36: 結束 | D36: - | E36: - | F36: - | G36: 0.41563657 | H36: - | I36: - | J36: - | K36: - | L36: - | M36: 0.4241088 | N36: 0.53924769 | O36: 0.54622685 | P36: 0.76097222 | Q36: - | R36: - | S36: - | T36: - | U36: - | V36: 0.87981481 | W36: 1.1248264 | X36: 1.1200116
B37: 配置人數 | D37: - | E37: - | F37: - | G37: 11 | H37: - | I37: - | J37: - | K37: - | L37: - | M37: 4 | N37: 3.6666667 | O37: 4.1428571 | P37: 7.3333333 | Q37: - | R37: - | S37: - | T37: - | U37: - | V37: 4.4 | W37: 3 | X37: 4.1666667
B38: 主要應用設備 | D38: 伺服包裝機 | E38: ET-55 | F38: ET-600 | G38: 夾心型 | H38: 伺服包裝機 | I38: 伺服包裝機 | J38: 夾心型 | K38: 3300型 | L38: 3300型 | M38: 3300型 | N38: GKK | O38: GKK | P38: 夾心型 | Q38: 伺服包裝機 | R38: 伺服包裝機 | S38: 夾心型 | T38: 3300型 | U38: 3300型 | V38: 3300型 | W38: GKK | X38: GKK
B39: 次要應用設備
B40: 備註

Sheet 0804(18度C)
A1: 大溪廠日報分析 | C1: 總生產量 | D1: =SUM(F5:F140) -> 112377 | E1: 營業額 | F1: =SUM(G5:G140) -> 2239285.5 | G1: 出勤人數 | H1: =L21+L38+L55+L72+L89+L106+L123+L140 -> 41.709524 | I1: 產線配置圖 | L1: 生產實績 | O1: 人時性差異分析 | S1: 日報登錄 | Y1: 分析說明 | AA1: 產能差異分析
A2: 46238 | C2: 人時性 | D2: =AVERAGE(N21,N38,N55,N72,N89,N106,N123,N140) -> 687.99303 | E2: 平均廠價 | F2: =F1/D1 -> 19.926547 | G2: 多次生產數 | H2: =COUNT(H5:H140) -> 10
A3: 線別 | B3: 品類 | C3: 品名 | E3: 廠價 | F3: 生產量 | G3: 營收 | H3: 多次 生產 | I3: 人數 | J3: 產能/時 | K3: 人時性 | L3: 人數 | M3: 產能/時 | N3: 人時性 | O3: 人數 | P3: 人時性 | Q3: 達成率 | R3: 達成率 平均 | S3: 生產時間 | U3: 換線、休息/分 | V3: 稼動時間/分 | W3: 休息時間 | Y3: (屏榮回填) | AA3: 產能/時 | AB3: 達成率 | AC3: 達成率平均
S4: 開始 | T4: 結束 | W4: 開始 | X4: 結束
A5: 自動包裝機 | B5: 18℃-壽司手卷 | C5: 一配長野稻荷壽司 | E5: 25.64 | F5: 1906 | G5: =E5*F5 -> 48869.84 | I5: 10 | J5: 3600 | K5: =J5/I5 -> 360 | L5: 10 | M5: =F5/V5*60 -> 3217.9696 | N5: =M5/L5 -> 321.79696 | O5: =L5-I5 -> 0 | P5: =N5-K5 -> -38.203045 | Q5: =N5/K5 -> 0.89388043 | R5: =Q21 -> 0.87868876 | S5: 0.16666667 | T5: 0.19134259 | V5: 35.537937 | AA5: =M5-J5 -> -382.03045 | AB5: =M5/J5 -> 0.89388043 | AC5: =AB21 -> 0.87868876
B6: 18℃-壽司手卷 | C6: 一配經典人氣雙手卷 | E6: 29.52 | F6: 2909 | G6: =E6*F6 -> 85873.68 | I6: 11 | J6: 3600 | K6: =J6/I6 -> 327.27273 | L6: 11 | M6: =F6/V6*60 -> 3159.9627 | N6: =M6/L6 -> 287.26934 | O6: =L6-I6 -> 0 | P6: =N6-K6 -> -40.003387 | Q6: =N6/K6 -> 0.87776743 | S6: 0.19513889 | T6: 0.23349537 | U6: 5.4666667 | V6: 55.234828 | AA6: =M6-J6 -> -440.03726 | AB6: =M6/J6 -> 0.87776743
B7: 18℃-壽司手卷 | C7: 一配鮭鮪海饌雙手卷 | E7: 29.85 | F7: 3413 | G7: =E7*F7 -> 101878.05 | I7: 11 | J7: 3600 | K7: =J7/I7 -> 327.27273 | L7: 11 | M7: =F7/V7*60 -> 3156.2119 | N7: =M7/L7 -> 286.92836 | O7: =L7-I7 -> 0 | P7: =N7-K7 -> -40.344372 | Q7: =N7/K7 -> 0.87672553 | S7: 0.23680556 | T7: 0.28185185 | U7: 4.7666667 | V7: 64.881575 | AA7: =M7-J7 -> -443.78809 | AB7: =M7/J7 -> 0.87672553
B8: 18℃-壽司手卷 | C8: 一配青木瓜雞絲泰泰雙手卷 | E8: 30 | F8: 2575 | G8: =E8*F8 -> 77250 | I8: 11 | J8: 3600 | K8: =J8/I8 -> 327.27273 | L8: 11 | M8: =F8/V8*60 -> 3159.3513 | N8: =M8/L8 -> 287.21375 | O8: =L8-I8 -> 0 | P8: =N8-K8 -> -40.058977 | Q8: =N8/K8 -> 0.87759757 | S8: 0.28472222 | T8: 0.31868056 | U8: 5 | V8: 48.902445 | AA8: =M8-J8 -> -440.64875 | AB8: =M8/J8 -> 0.87759757
B9: 18℃-飯糰 | C9: 一配兩粒飯糰(鮪魚.焦糖鮭魚) | E9: 28.57 | F9: 1492 | G9: =E9*F9 -> 42626.44 | I9: 12 | J9: 3600 | K9: =J9/I9 -> 300 | L9: 12 | M9: =F9/V9*60 -> 3122.9023 | N9: =M9/L9 -> 260.24186 | O9: =L9-I9 -> 0 | P9: =N9-K9 -> -39.758141 | Q9: =N9/K9 -> 0.86747286 | S9: 0.32152778 | T9: 0.34142361 | U9: 5 | V9: 28.665642 | AA9: =M9-J9 -> -477.09769 | AB9: =M9/J9 -> 0.86747286
B21: 平均 | I21: =AVERAGE(I5:I20) -> 11 | J21: =AVERAGE(J5:J20) -> 3600 | K21: =J21/I21 -> 327.27273 | L21: =AVERAGE(L5:L20) -> 11 | M21: =AVERAGE(M5:M20) -> 3163.2796 | N21: =M21/L21 -> 287.57087 | O21: =L21-I21 -> 0 | P21: =N21-K21 -> -39.701859 | Q21: =N21/K21 -> 0.87868876 | S21: 0.16666667 | T21: 0.41563657 | AA21: =M21-J21 -> -436.72045 | AB21: =M21/J21 -> 0.87868876
A22: (新) 3300型飯糰機 | B22: 18℃-飯糰 | C22: 一配鮭魚奶油醬油飯糰 | E22: 18.53 | F22: 2493 | G22: =E22*F22 -> 46195.29 | I22: 3 | J22: 3300 | K22: =J22/I22 -> 1100 | L22: 3 | M22: =F22/V22*60 -> 3010.1234 | N22: =M22/L22 -> 1003.3745 | O22: =L22-I22 -> 0 | P22: =N22-K22 -> -96.62552 | Q22: =N22/K22 -> 0.91215862 | R22: =Q38 -> 0.91245921 | S22: 0.32916667 | T22: 0.36366898 | V22: 49.692314 | AA22: =M22-J22 -> -289.87656 | AB22: =M22/J22 -> 0.91215862 | AC22: =AB38 -> 0.91245921
B23: 18℃-飯糰 | C23: 一配壹號醬炙烤牛飯糰 | E23: 22.28 | F23: 807 | G23: =E23*F23 -> 17979.96 | I23: 5 | J23: 3300 | K23: =J23/I23 -> 660 | L23: 5 | M23: =F23/V23*60 -> 3013.3998 | N23: =M23/L23 -> 602.67996 | O23: =L23-I23 -> 0 | P23: =N23-K23 -> -57.320039 | Q23: =N23/K23 -> 0.91315146 | S23: 0.36666667 | T23: 0.37782407 | U23: 5 | V23: 16.06823 | AA23: =M23-J23 -> -286.60019 | AB23: =M23/J23 -> 0.91315146
B24: 18℃-飯糰 | C24: 一配鹽蔥燒肉飯糰 | E24: 17.89 | F24: 3046 | G24: =E24*F24 -> 54492.94 | I24: 4 | J24: 3300 | K24: =J24/I24 -> 825 | L24: 4 | M24: =F24/V24*60 -> 3009.823 | N24: =M24/L24 -> 752.45574 | O24: =L24-I24 -> 0 | P24: =N24-K24 -> -72.544261 | Q24: =N24/K24 -> 0.91206756 | S24: 0.38194444 | T24: 0.4241088 | U24: 5.9333333 | V24: 60.721179 | AA24: =M24-J24 -> -290.17704 | AB24: =M24/J24 -> 0.91206756
B38: 平均 | I38: =AVERAGE(I22:I37) -> 4 | J38: =AVERAGE(J22:J37) -> 3300 | K38: =J38/I38 -> 825 | L38: =AVERAGE(L22:L37) -> 4 | M38: =AVERAGE(M22:M37) -> 3011.1154 | N38: =M38/L38 -> 752.77885 | O38: =L38-I38 -> 0 | P38: =N38-K38 -> -72.22115 | Q38: =N38/K38 -> 0.91245921 | S38: 0.32916667 | T38: 0.4241088 | AA38: =M38-J38 -> -288.8846 | AB38: =M38/J38 -> 0.91245921
A39: GKK3600型 飯糰機 | B39: 18℃-飯糰 | C39: 一配熟成紅鮭飯糰 | E39: 25.03 | F39: 1024 | G39: =E39*F39 -> 25630.72 | I39: 5 | J39: 3600 | K39: =J39/I39 -> 720 | L39: 5 | M39: =F39/V39*60 -> 3215.9896 | N39: =M39/L39 -> 643.19791 | O39: =L39-I39 -> 0 | P39: =N39-K39 -> -76.80209 | Q39: =N39/K39 -> 0.89333043 | R39: =Q55 -> 0.89896715 | S39: 0.25 | T39: 0.26326389 | V39: 19.10454 | AA39: =M39-J39 -> -384.01045 | AB39: =M39/J39 -> 0.89333043 | AC39: =AB55 -> 0.89896715
B40: 18℃-飯糰 | C40: 一配蔬食鮪魚飯糰 | E40: 18.18 | F40: 1314 | G40: =E40*F40 -> 23888.52 | I40: 3 | J40: 3600 | K40: =J40/I40 -> 1200 | L40: 3 | M40: =F40/V40*60 -> 3214.2018 | N40: =M40/L40 -> 1071.4006 | O40: =L40-I40 -> 0 | P40: =N40-K40 -> -128.5994 | Q40: =N40/K40 -> 0.89283384 | S40: 0.27361111 | T40: 0.29063657 | U40: 14.9 | V40: 24.52864 | AA40: =M40-J40 -> -385.79819 | AB40: =M40/J40 -> 0.89283384
B41: 18℃-飯糰 | C41: 一配北海道秋鮭親子飯糰 | E41: 24.82 | F41: 1328 | G41: =E41*F41 -> 32960.96 | I41: 5 | J41: 3600 | K41: =J41/I41 -> 720 | L41: 5 | M41: =F41/V41*60 -> 3214.9602 | N41: =M41/L41 -> 642.99203 | O41: =L41-I41 -> 0 | P41: =N41-K41 -> -77.007968 | Q41: =N41/K41 -> 0.89304449 | S41: 0.30069444 | T41: 0.31790509 | U41: 15 | V41: 24.784133 | AA41: =M41-J41 -> -385.03984 | AB41: =M41/J41 -> 0.89304449
B42: 18℃-飯糰 | C42: 一配黑胡椒洋蔥豬飯糰 | E42: 17.07 | F42: 2151 | G42: =E42*F42 -> 36717.57 | I42: 3 | J42: 3300 | K42: =J42/I42 -> 1100 | L42: 3 | M42: =F42/V42*60 -> 3013.6872 | N42: =M42/L42 -> 1004.5624 | O42: =L42-I42 -> 0 | P42: =N42-K42 -> -95.437606 | Q42: =N42/K42 -> 0.91323854 | S42: 0.32777778 | T42: 0.35751157 | U42: 15 | V42: 42.824617 | AA42: =M42-J42 -> -286.31282 | AB42: =M42/J42 -> 0.91323854
B43: 18℃-飯糰 | C43: 一配經典肉鬆飯糰 | E43: 14.03 | F43: 4881 | G43: =E43*F43 -> 68480.43 | I43: 3 | J43: 3000 | K43: =J43/I43 -> 1000 | L43: 3 | M43: =F43/V43*60 -> 2738.3161 | N43: =M43/L43 -> 912.77204 | O43: =L43-I43 -> 0 | P43: =N43-K43 -> -87.227962 | Q43: =N43/K43 -> 0.91277204 | S43: 0.36736111 | T43: 0.44162037 | U43: 15 | V43: 106.94894 | AA43: =M43-J43 -> -261.68389 | AB43: =M43/J43 -> 0.91277204
B44: 18℃-飯糰 | C44: 一配鮪魚飯糰 | E44: 14.28 | F44: 6772 | G44: =E44*F44 -> 96704.16 | I44: 3 | J44: 3600 | K44: =J44/I44 -> 1200 | L44: 3 | M44: =F44/V44*60 -> 3211.4652 | N44: =M44/L44 -> 1070.4884 | O44: =L44-I44 -> 0 | P44: =N44-K44 -> -129.51159 | Q44: =N44/K44 -> 0.89207368 | S44: 0.45138889 | T44: 0.53924769 | U44: 15 | V44: 126.52169 | AA44: =M44-J44 -> -388.53476 | AB44: =M44/J44 -> 0.89207368
B55: 平均 | I55: =AVERAGE(I39:I54) -> 3.6666667 | J55: =AVERAGE(J39:J54) -> 3450 | K55: =J55/I55 -> 940.90909 | L55: =AVERAGE(L39:L54) -> 3.6666667 | M55: =AVERAGE(M39:M54) -> 3101.4367 | N55: =M55/L55 -> 845.84637 | O55: =L55-I55 -> 0 | P55: =N55-K55 -> -95.062725 | Q55: =N55/K55 -> 0.89896715 | S55: 0.25 | T55: 0.53924769 | AA55: =M55-J55 -> -348.56332 | AB55: =M55/J55 -> 0.89896715
A56: GKK3600型 飯糰機2 | B56: 18℃-飯糰 | C56: 一配椒鹽檸檬鯖魚飯糰 | E56: 20.72 | F56: 1672 | G56: =E56*F56 -> 34643.84 | I56: 3 | J56: 3600 | K56: =J56/I56 -> 1200 | L56: 3 | M56: =F56/V56*60 -> 3214.7584 | N56: =M56/L56 -> 1071.5861 | O56: =L56-I56 -> 0 | P56: =N56-K56 -> -128.41388 | Q56: =N56/K56 -> 0.89298843 | R56: =Q72 -> 0.89534425 | S56: 0.25 | T56: 0.27166667 | V56: 31.206078 | AA56: =M56-J56 -> -385.24164 | AB56: =M56/J56 -> 0.89298843 | AC56: =AB72 -> 0.89534425
B57: 18℃-飯糰 | C57: 一配柚檸海灣貝飯糰 | E57: 23.72 | F57: 727 | G57: =E57*F57 -> 17244.44 | I57: 5 | J57: 3600 | K57: =J57/I57 -> 720 | L57: 5 | M57: =F57/V57*60 -> 3213.9111 | N57: =M57/L57 -> 642.78223 | O57: =L57-I57 -> 0 | P57: =N57-K57 -> -77.21777 | Q57: =N57/K57 -> 0.8927531 | S57: 0.28194444 | T57: 0.29136574 | U57: 14.8 | V57: 13.572248 | AA57: =M57-J57 -> -386.08885 | AB57: =M57/J57 -> 0.8927531
B58: 18℃-飯糰 | C58: 一配贅沢鮭魚肚飯糰 | E58: 30 | F58: 1958 | G58: =E58*F58 -> 58740 | I58: 4 | J58: 3600 | K58: =J58/I58 -> 900 | L58: 4 | M58: =F58/V58*60 -> 3214.5907 | N58: =M58/L58 -> 803.64767 | O58: =L58-I58 -> 0 | P58: =N58-K58 -> -96.352331 | Q58: =N58/K58 -> 0.89294185 | S58: 0.30138889 | T58: 0.32675926 | U58: 15 | V58: 36.545866 | AA58: =M58-J58 -> -385.40933 | AB58: =M58/J58 -> 0.89294185
B59: 18℃-飯糰 | C59: 一配筋子銀鮭飯糰 | E59: 30 | F59: 2281 | G59: =E59*F59 -> 68430 | I59: 4 | J59: 3300 | K59: =J59/I59 -> 825 | L59: 4 | M59: =F59/V59*60 -> 3012.0651 | N59: =M59/L59 -> 753.01628 | O59: =L59-I59 -> 0 | P59: =N59-K59 -> -71.98372 | Q59: =N59/K59 -> 0.91274701 | S59: 0.33680556 | T59: 0.36835648 | U59: 15 | V59: 45.437265 | AA59: =M59-J59 -> -287.93488 | AB59: =M59/J59 -> 0.91274701
B60: 18℃-飯糰 | C60: 一配鹽蔥生鮭飯糰 | E60: 27.48 | F60: 3668 | G60: =E60*F60 -> 100796.64 | I60: 5 | J60: 3600 | K60: =J60/I60 -> 720 | L60: 5 | M60: =F60/V60*60 -> 3214.8059 | N60: =M60/L60 -> 642.96118 | O60: =L60-I60 -> 0 | P60: =N60-K60 -> -77.038825 | Q60: =N60/K60 -> 0.89300163 | S60: 0.37847222 | T60: 0.42600694 | U60: 14.566667 | V60: 68.458255 | AA60: =M60-J60 -> -385.19412 | AB60: =M60/J60 -> 0.89300163
B61: 18℃-飯糰 | C61: 一配明太子龍蝦風味沙拉飯糰 | E61: 18.18 | F61: 2203 | G61: =E61*F61 -> 40050.54 | I61: 3 | J61: 3600 | K61: =J61/I61 -> 1200 | L61: 3 | M61: =F61/V61*60 -> 3211.5663 | N61: =M61/L61 -> 1070.5221 | O61: =L61-I61 -> 0 | P61: =N61-K61 -> -129.47791 | Q61: =N61/K61 -> 0.89210174 | S61: 0.43611111 | T61: 0.4646875 | U61: 14.55 | V61: 41.157488 | AA61: =M61-J61 -> -388.43372 | AB61: =M61/J61 -> 0.89210174
B62: 18℃-飯糰 | C62: 一配雞肉飯飯糰 | E62: 16.66 | F62: 5492 | G62: =E62*F62 -> 91496.72 | I62: 5 | J62: 3600 | K62: =J62/I62 -> 720 | L62: 5 | M62: =F62/V62*60 -> 3212.3744 | N62: =M62/L62 -> 642.47488 | O62: =L62-I62 -> 0 | P62: =N62-K62 -> -77.525124 | Q62: =N62/K62 -> 0.89232622 | S62: 0.475 | T62: 0.54622685 | U62: 14.85 | V62: 102.57833 | AA62: =M62-J62 -> -387.62562 | AB62: =M62/J62 -> 0.89232622
B72: 平均 | I72: =AVERAGE(I56:I71) -> 4.1428571 | J72: =AVERAGE(J56:J71) -> 3557.1429 | K72: =J72/I72 -> 858.62069 | L72: =AVERAGE(L56:L71) -> 4.1428571 | M72: =AVERAGE(M56:M71) -> 3184.8674 | N72: =M72/L72 -> 768.7611 | O72: =L72-I72 -> 0 | P72: =N72-K72 -> -89.859592 | Q72: =N72/K72 -> 0.89534425 | S72: 0.25 | T72: 0.54622685 | AA72: =M72-J72 -> -372.27545 | AB72: =M72/J72 -> 0.89534425
A73: 自動包裝機 (二配) | B73: 18℃-飯糰 | C73: 二配兩粒飯糰(鮪魚.焦糖鮭魚) | E73: 28.57 | F73: 1627 | G73: =E73*F73 -> 46483.39 | I73: 12 | J73: 3600 | K73: =J73/I73 -> 300 | L73: 12 | M73: =F73/V73*60 -> 3123.5794 | N73: =M73/L73 -> 260.29829 | O73: =L73-I73 -> 0 | P73: =N73-K73 -> -39.701714 | Q73: =N73/K73 -> 0.86766095 | R73: =Q89 -> 0.89377319 | S73: 0.70833333 | T73: 0.73003472 | V73: 31.252607 | AA73: =M73-J73 -> -476.42057 | AB73: =M73/J73 -> 0.86766095 | AC73: =AB89 -> 0.89377319
B74: 18℃-飯糰 | C74: 二配柚香雞胸五穀飯糰 | E74: 17.71 | F74: 667 | G74: =E74*F74 -> 11812.57 | I74: 5 | J74: 3600 | K74: =J74/I74 -> 720 | L74: 5 | M74: =F74/V74*60 -> 3264.9813 | N74: =M74/L74 -> 652.99626 | O74: =L74-I74 -> 0 | P74: =N74-K74 -> -67.00374 | Q74: =N74/K74 -> 0.90693925 | S74: 0.73333333 | T74: 0.74184028 | U74: 4.75 | V74: 12.257344 | AA74: =M74-J74 -> -335.0187 | AB74: =M74/J74 -> 0.90693925
B75: 18℃-飯糰 | C75: 二配鮭魚毛豆炊飯飯糰 | E75: 18.92 | F75: 1241 | G75: =E75*F75 -> 23479.72 | I75: 5 | J75: 3600 | K75: =J75/I75 -> 720 | L75: 5 | M75: =F75/V75*60 -> 3264.1898 | N75: =M75/L75 -> 652.83795 | O75: =L75-I75 -> 0 | P75: =N75-K75 -> -67.162047 | Q75: =N75/K75 -> 0.90671938 | S75: 0.74513889 | T75: 0.76097222 | U75: 4.75 | V75: 22.811174 | AA75: =M75-J75 -> -335.81023 | AB75: =M75/J75 -> 0.90671938
B89: 平均 | I89: =AVERAGE(I73:I88) -> 7.3333333 | J89: =AVERAGE(J73:J88) -> 3600 | K89: =J89/I89 -> 490.90909 | L89: =AVERAGE(L73:L88) -> 7.3333333 | M89: =AVERAGE(M73:M88) -> 3217.5835 | N89: =M89/L89 -> 438.76139 | O89: =L89-I89 -> 0 | P89: =N89-K89 -> -52.147705 | Q89: =N89/K89 -> 0.89377319 | S89: 0.70833333 | T89: 0.76097222 | AA89: =M89-J89 -> -382.4165 | AB89: =M89/J89 -> 0.89377319
A90: (新) 3300型飯糰機 (二配) | B90: 18℃-飯糰 | C90: 二配大飯糰乾燒風味鮮蝦 | E90: 23.27 | F90: 607 | G90: =E90*F90 -> 14124.89 | I90: 5 | J90: 3000 | K90: =J90/I90 -> 600 | L90: 5 | M90: =F90/V90*60 -> 2737.5771 | N90: =M90/L90 -> 547.51543 | O90: =L90-I90 -> 0 | P90: =N90-K90 -> -52.484572 | Q90: =N90/K90 -> 0.91252571 | R90: =Q106 -> 0.91241263 | S90: 0.70833333 | T90: 0.71756944 | V90: 13.303735 | AA90: =M90-J90 -> -262.42286 | AB90: =M90/J90 -> 0.91252571 | AC90: =AB106 -> 0.91241263
B91: 18℃-飯糰 | C91: 二配大飯糰韓式蒜烤豬五花 | E91: 24.54 | F91: 1469 | G91: =E91*F91 -> 36049.26 | I91: 4 | J91: 3000 | K91: =J91/I91 -> 750 | L91: 4 | M91: =F91/V91*60 -> 2740.4479 | N91: =M91/L91 -> 685.11198 | O91: =L91-I91 -> 0 | P91: =N91-K91 -> -64.888022 | Q91: =N91/K91 -> 0.91348264 | S91: 0.72083333 | T91: 0.74315972 | U91: 4.7 | V91: 32.162626 | AA91: =M91-J91 -> -259.55209 | AB91: =M91/J91 -> 0.91348264
B92: 18℃-飯糰 | C92: 二配大飯糰泡菜鮪魚 | E92: 24.33 | F92: 1540 | G92: =E92*F92 -> 37468.2 | I92: 4 | J92: 3000 | K92: =J92/I92 -> 750 | L92: 4 | M92: =F92/V92*60 -> 2736.3851 | N92: =M92/L92 -> 684.09627 | O92: =L92-I92 -> 0 | P92: =N92-K92 -> -65.903727 | Q92: =N92/K92 -> 0.91212836 | S92: 0.74722222 | T92: 0.7706713 | U92: 5.85 | V92: 33.767177 | AA92: =M92-J92 -> -263.61491 | AB92: =M92/J92 -> 0.91212836
B93: 18℃-飯糰 | C93: 二配壹號醬炙烤牛飯糰 | E93: 22.28 | F93: 1672 | G93: =E93*F93 -> 37252.16 | I93: 5 | J93: 3300 | K93: =J93/I93 -> 660 | L93: 5 | M93: =F93/V93*60 -> 3009.6388 | N93: =M93/L93 -> 601.92775 | O93: =L93-I93 -> 0 | P93: =N93-K93 -> -58.072245 | Q93: =N93/K93 -> 0.91201175 | S93: 0.77430556 | T93: 0.79744213 | U93: 5.2333333 | V93: 33.332904 | AA93: =M93-J93 -> -290.36123 | AB93: =M93/J93 -> 0.91201175
B94: 18℃-飯糰 | C94: 二配鹽蔥燒肉飯糰 | E94: 17.89 | F94: 5715 | G94: =E94*F94 -> 102241.35 | I94: 4 | J94: 3300 | K94: =J94/I94 -> 825 | L94: 4 | M94: =F94/V94*60 -> 3009.5881 | N94: =M94/L94 -> 752.39702 | O94: =L94-I94 -> 0 | P94: =N94-K94 -> -72.602981 | Q94: =N94/K94 -> 0.91199639 | S94: 0.80069444 | T94: 0.87981481 | U94: 4.6833333 | V94: 113.93586 | AA94: =M94-J94 -> -290.41192 | AB94: =M94/J94 -> 0.91199639
B106: 平均 | I106: =AVERAGE(I90:I105) -> 4.4 | J106: =AVERAGE(J90:J105) -> 3120 | K106: =J106/I106 -> 709.09091 | L106: =AVERAGE(L90:L105) -> 4.4 | M106: =AVERAGE(M90:M105) -> 2846.7274 | N106: =M106/L106 -> 646.9835 | O106: =L106-I106 -> 0 | P106: =N106-K106 -> -62.107409 | Q106: =N106/K106 -> 0.91241263 | S106: 0.70833333 | T106: 0.87981481 | AA106: =M106-J106 -> -273.2726 | AB106: =M106/J106 -> 0.91241263
A107: GKK3600型 飯糰機 (二配) | B107: 18℃-飯糰 | C107: 二配芝麻香鬆飯糰 | E107: 18.18 | F107: 737 | G107: =E107*F107 -> 13398.66 | H107: 2 | I107: 3 | J107: 3000 | K107: =J107/I107 -> 1000 | L107: 3 | M107: =F107/V107*60 -> 2739.7541 | N107: =M107/L107 -> 913.25137 | O107: =L107-I107 -> 0 | P107: =N107-K107 -> -86.748628 | Q107: =N107/K107 -> 0.91325137 | R107: =Q123 -> 0.90173954 | S107: 0.73125 | T107: 0.7424537 | V107: 16.140135 | AA107: =M107-J107 -> -260.24588 | AB107: =M107/J107 -> 0.91325137 | AC107: =AB123 -> 0.90173954
B108: 18℃-飯糰 | C108: 二配蔬食鮪魚飯糰 | E108: 18.18 | F108: 403 | G108: =E108*F108 -> 7326.54 | H108: 2 | I108: 3 | J108: 3600 | K108: =J108/I108 -> 1200 | L108: 3 | M108: =F108/V108*60 -> 3211.0829 | N108: =M108/L108 -> 1070.361 | O108: =L108-I108 -> 0 | P108: =N108-K108 -> -129.63902 | Q108: =N108/K108 -> 0.89196748 | S108: 0.75277778 | T108: 0.75799769 | U108: 14.866667 | V108: 7.5301699 | AA108: =M108-J108 -> -388.91706 | AB108: =M108/J108 -> 0.89196748
B109: 18℃-飯糰 | C109: 二配經典肉鬆飯糰 | E109: 14.03 | F109: 2435 | G109: =E109*F109 -> 34163.05 | H109: 2 | I109: 3 | J109: 3000 | K109: =J109/I109 -> 1000 | L109: 3 | M109: =F109/V109*60 -> 2738.2401 | N109: =M109/L109 -> 912.7467 | O109: =L109-I109 -> 0 | P109: =N109-K109 -> -87.2533 | Q109: =N109/K109 -> 0.9127467 | S109: 0.76805556 | T109: 0.80510417 | U109: 15 | V109: 53.355438 | AA109: =M109-J109 -> -261.7599 | AB109: =M109/J109 -> 0.9127467
B110: 18℃-飯糰 | C110: 二配鮪魚飯糰 | E110: 14.28 | F110: 2924 | G110: =E110*F110 -> 41754.72 | H110: 2 | I110: 3 | J110: 3600 | K110: =J110/I110 -> 1200 | L110: 3 | M110: =F110/V110*60 -> 3213.8848 | N110: =M110/L110 -> 1071.2949 | O110: =L110-I110 -> 0 | P110: =N110-K110 -> -128.70508 | Q110: =N110/K110 -> 0.89274577 | S110: 0.81527778 | T110: 0.85318287 | U110: 14.65 | V110: 54.588143 | AA110: =M110-J110 -> -386.11523 | AB110: =M110/J110 -> 0.89274577
B111: 18℃-飯糰 | C111: 二配芝麻香鬆飯糰 | E111: 18.18 | F111: 1489 | G111: =E111*F111 -> 27070.02 | I111: 3 | J111: 3000 | K111: =J111/I111 -> 1000 | L111: 3 | M111: =F111/V111*60 -> 2739.7541 | N111: =M111/L111 -> 913.25137 | O111: =L111-I111 -> 0 | P111: =N111-K111 -> -86.748628 | Q111: =N111/K111 -> 0.91325137 | S111: 0.86319444 | T111: 0.88583333 | U111: 15 | V111: 32.608766 | AA111: =M111-J111 -> -260.24588 | AB111: =M111/J111 -> 0.91325137
B112: 18℃-飯糰 | C112: 二配蔬食鮪魚飯糰 | E112: 18.18 | F112: 935 | G112: =E112*F112 -> 16998.3 | I112: 3 | J112: 3600 | K112: =J112/I112 -> 1200 | L112: 3 | M112: =F112/V112*60 -> 3211.0829 | N112: =M112/L112 -> 1070.361 | O112: =L112-I112 -> 0 | P112: =N112-K112 -> -129.63902 | Q112: =N112/K112 -> 0.89196748 | S112: 0.89583333 | T112: 0.90796296 | U112: 15 | V112: 17.470741 | AA112: =M112-J112 -> -388.91706 | AB112: =M112/J112 -> 0.89196748
B113: 18℃-飯糰 | C113: 二配經典肉鬆飯糰 | E113: 14.03 | F113: 6179 | G113: =E113*F113 -> 86691.37 | I113: 3 | J113: 3000 | K113: =J113/I113 -> 1000 | L113: 3 | M113: =F113/V113*60 -> 2738.2401 | N113: =M113/L113 -> 912.7467 | O113: =L113-I113 -> 0 | P113: =N113-K113 -> -87.2533 | Q113: =N113/K113 -> 0.9127467 | S113: 0.91805556 | T113: 1.0120718 | U113: 14.533333 | V113: 135.39353 | AA113: =M113-J113 -> -261.7599 | AB113: =M113/J113 -> 0.9127467
B114: 18℃-飯糰 | C114: 二配鮪魚飯糰 | E114: 14.28 | F114: 7915 | G114: =E114*F114 -> 113026.2 | I114: 3 | J114: 3600 | K114: =J114/I114 -> 1200 | L114: 3 | M114: =F114/V114*60 -> 3213.8848 | N114: =M114/L114 -> 1071.2949 | O114: =L114-I114 -> 0 | P114: =N114-K114 -> -128.70508 | Q114: =N114/K114 -> 0.89274577 | S114: 1.0222222 | T114: 1.1248264 | U114: 14.616667 | V114: 147.7651 | AA114: =M114-J114 -> -386.11523 | AB114: =M114/J114 -> 0.89274577
B123: 平均 | I123: =AVERAGE(I107:I122) -> 3 | J123: =AVERAGE(J107:J122) -> 3300 | K123: =J123/I123 -> 1100 | L123: =AVERAGE(L107:L122) -> 3 | M123: =AVERAGE(M107:M122) -> 2975.7405 | N123: =M123/L123 -> 991.91349 | O123: =L123-I123 -> 0 | P123: =N123-K123 -> -108.08651 | Q123: =N123/K123 -> 0.90173954 | S123: 0.73125 | T123: 1.1248264 | AA123: =M123-J123 -> -324.25952 | AB123: =M123/J123 -> 0.90173954
A124: GKK3600型 飯糰機2 (二配) | B124: 18℃-飯糰 | C124: 二配熟成紅鮭飯糰 | E124: 25.03 | F124: 522 | G124: =E124*F124 -> 13065.66 | H124: 2 | I124: 5 | J124: 3600 | K124: =J124/I124 -> 720 | L124: 5 | M124: =F124/V124*60 -> 3213.4687 | N124: =M124/L124 -> 642.69375 | O124: =L124-I124 -> 0 | P124: =N124-K124 -> -77.306251 | Q124: =N124/K124 -> 0.89263021 | R124: =Q140 -> 0.89274153 | S124: 0.74097222 | T124: 0.74773148 | V124: 9.7464772 | AA124: =M124-J124 -> -386.53126 | AB124: =M124/J124 -> 0.89263021 | AC124: =AB140 -> 0.89274153
B125: 18℃-飯糰 | C125: 二配三杯醬爆菇菇飯糰 | E125: 16.7 | F125: 520 | G125: =E125*F125 -> 8684 | H125: 2 | I125: 3 | J125: 3600 | K125: =J125/I125 -> 1200 | L125: 3 | M125: =F125/V125*60 -> 3217.6439 | N125: =M125/L125 -> 1072.548 | O125: =L125-I125 -> 0 | P125: =N125-K125 -> -127.45204 | Q125: =N125/K125 -> 0.89378997 | S125: 0.75763889 | T125: 0.76436343 | U125: 15 | V125: 9.6965361 | AA125: =M125-J125 -> -382.35611 | AB125: =M125/J125 -> 0.89378997
B126: 18℃-飯糰 | C126: 二配贅沢鮭魚肚飯糰 | E126: 30 | F126: 760 | G126: =E126*F126 -> 22800 | H126: 2 | I126: 4 | J126: 3600 | K126: =J126/I126 -> 900 | L126: 4 | M126: =F126/V126*60 -> 3210.96 | N126: =M126/L126 -> 802.74001 | O126: =L126-I126 -> 0 | P126: =N126-K126 -> -97.259992 | Q126: =N126/K126 -> 0.89193334 | S126: 0.77430556 | T126: 0.78416667 | U126: 15 | V126: 14.20136 | AA126: =M126-J126 -> -389.03997 | AB126: =M126/J126 -> 0.89193334
B127: 18℃-飯糰 | C127: 二配北海道秋鮭親子飯糰 | E127: 24.82 | F127: 766 | G127: =E127*F127 -> 19012.12 | H127: 2 | I127: 5 | J127: 3600 | K127: =J127/I127 -> 720 | L127: 5 | M127: =F127/V127*60 -> 3212.6732 | N127: =M127/L127 -> 642.53463 | O127: =L127-I127 -> 0 | P127: =N127-K127 -> -77.46537 | Q127: =N127/K127 -> 0.89240921 | S127: 0.79444444 | T127: 0.804375 | U127: 14.8 | V127: 14.305844 | AA127: =M127-J127 -> -387.32685 | AB127: =M127/J127 -> 0.89240921
B128: 18℃-飯糰 | C128: 二配明太子龍蝦風味沙拉飯糰 | E128: 18.18 | F128: 1091 | G128: =E128*F128 -> 19834.38 | H128: 2 | I128: 3 | J128: 3600 | K128: =J128/I128 -> 1200 | L128: 3 | M128: =F128/V128*60 -> 3213.9234 | N128: =M128/L128 -> 1071.3078 | O128: =L128-I128 -> 0 | P128: =N128-K128 -> -128.6922 | Q128: =N128/K128 -> 0.8927565 | S128: 0.81458333 | T128: 0.82872685 | U128: 14.7 | V128: 20.367629 | AA128: =M128-J128 -> -386.07659 | AB128: =M128/J128 -> 0.8927565
B129: 18℃-飯糰 | C129: 二配雞肉飯飯糰 | E129: 16.66 | F129: 2438 | G129: =E129*F129 -> 40617.08 | H129: 2 | I129: 5 | J129: 3600 | K129: =J129/I129 -> 720 | L129: 5 | M129: =F129/V129*60 -> 3214.5479 | N129: =M129/L129 -> 642.90957 | O129: =L129-I129 -> 0 | P129: =N129-K129 -> -77.090426 | Q129: =N129/K129 -> 0.89292996 | S129: 0.83888889 | T129: 0.87048611 | U129: 14.633333 | V129: 45.505622 | AA129: =M129-J129 -> -385.45213 | AB129: =M129/J129 -> 0.89292996
B130: 18℃-飯糰 | C130: 二配熟成紅鮭飯糰 | E130: 25.03 | F130: 1107 | G130: =E130*F130 -> 27708.21 | I130: 5 | J130: 3600 | K130: =J130/I130 -> 720 | L130: 5 | M130: =F130/V130*60 -> 3213.4687 | N130: =M130/L130 -> 642.69375 | O130: =L130-I130 -> 0 | P130: =N130-K130 -> -77.306251 | Q130: =N130/K130 -> 0.89263021 | S130: 0.88055556 | T130: 0.89490741 | U130: 15 | V130: 20.669253 | AA130: =M130-J130 -> -386.53126 | AB130: =M130/J130 -> 0.89263021
B131: 18℃-飯糰 | C131: 二配三杯醬爆菇菇飯糰 | E131: 16.7 | F131: 1065 | G131: =E131*F131 -> 17785.5 | I131: 3 | J131: 3600 | K131: =J131/I131 -> 1200 | L131: 3 | M131: =F131/V131*60 -> 3217.6439 | N131: =M131/L131 -> 1072.548 | O131: =L131-I131 -> 0 | P131: =N131-K131 -> -127.45204 | Q131: =N131/K131 -> 0.89378997 | S131: 0.90486111 | T131: 0.91864583 | U131: 15 | V131: 19.859252 | AA131: =M131-J131 -> -382.35611 | AB131: =M131/J131 -> 0.89378997
B132: 18℃-飯糰 | C132: 二配贅沢鮭魚肚飯糰 | E132: 30 | F132: 1792 | G132: =E132*F132 -> 53760 | I132: 4 | J132: 3600 | K132: =J132/I132 -> 900 | L132: 4 | M132: =F132/V132*60 -> 3210.96 | N132: =M132/L132 -> 802.74001 | O132: =L132-I132 -> 0 | P132: =N132-K132 -> -97.259992 | Q132: =N132/K132 -> 0.89193334 | S132: 0.92847222 | T132: 0.95172454 | U132: 15 | V132: 33.485312 | AA132: =M132-J132 -> -389.03997 | AB132: =M132/J132 -> 0.89193334
B133: 18℃-飯糰 | C133: 二配北海道秋鮭親子飯糰 | E133: 24.82 | F133: 1741 | G133: =E133*F133 -> 43211.62 | I133: 5 | J133: 3600 | K133: =J133/I133 -> 720 | L133: 5 | M133: =F133/V133*60 -> 3212.6732 | N133: =M133/L133 -> 642.53463 | O133: =L133-I133 -> 0 | P133: =N133-K133 -> -77.46537 | Q133: =N133/K133 -> 0.89240921 | S133: 0.96180556 | T133: 0.984375 | U133: 14.516667 | V133: 32.514979 | AA133: =M133-J133 -> -387.32685 | AB133: =M133/J133 -> 0.89240921
B134: 18℃-飯糰 | C134: 二配明太子龍蝦風味沙拉飯糰 | E134: 18.18 | F134: 2703 | G134: =E134*F134 -> 49140.54 | I134: 3 | J134: 3600 | K134: =J134/I134 -> 1200 | L134: 3 | M134: =F134/V134*60 -> 3213.9234 | N134: =M134/L134 -> 1071.3078 | O134: =L134-I134 -> 0 | P134: =N134-K134 -> -128.6922 | Q134: =N134/K134 -> 0.8927565 | S134: 0.99444444 | T134: 1.0294792 | U134: 14.5 | V134: 50.461688 | AA134: =M134-J134 -> -386.07659 | AB134: =M134/J134 -> 0.8927565
B135: 18℃-飯糰 | C135: 二配雞肉飯飯糰 | E135: 16.66 | F135: 6205 | G135: =E135*F135 -> 103375.3 | I135: 5 | J135: 3600 | K135: =J135/I135 -> 720 | L135: 5 | M135: =F135/V135*60 -> 3214.5479 | N135: =M135/L135 -> 642.90957 | O135: =L135-I135 -> 0 | P135: =N135-K135 -> -77.090426 | Q135: =N135/K135 -> 0.89292996 | S135: 1.0395833 | T135: 1.1200116 | U135: 14.55 | V135: 115.81722 | AA135: =M135-J135 -> -385.45213 | AB135: =M135/J135 -> 0.89292996
B140: 平均 | I140: =AVERAGE(I124:I139) -> 4.1666667 | J140: =AVERAGE(J124:J139) -> 3600 | K140: =J140/I140 -> 864 | L140: =AVERAGE(L124:L139) -> 4.1666667 | M140: =AVERAGE(M124:M139) -> 3213.8695 | N140: =M140/L140 -> 771.32868 | O140: =L140-I140 -> 0 | P140: =N140-K140 -> -92.671316 | Q140: =N140/K140 -> 0.89274153 | S140: 0.74097222 | T140: 1.1200116 | AA140: =M140-J140 -> -386.13048 | AB140: =M140/J140 -> 0.89274153
Y142: 原因回覆
Y143: 1.當日出勤人數較多
Y144: 2.當日出勤人數較少
Y145: 3.當日出勤熟手較多
Y146: 4.當日出勤新人較多
Y147: 5.機台夾盒
Y148: 6.封膜不順
Y149: 7.更換膠膜
Y150: 8.更換碳帶
Y151: 9.當日熱轉印碳帶異常
Y152: 10.訂單量過少
Y153: 11.新品上市，尚未熟悉
Y154: 12.活動期間品項需貼標

Sheet 0804(4度C)
A1: 大溪廠日報分析 | C1: 總生產量 | D1: =SUM(F5:F140) -> 99048 | E1: 營業額 | F1: =SUM(G5:G140) -> 4391979.6 | G1: 出勤人數 | H1: =L21+L38+L55+L72+L89+L106+L123+L140 -> 136.37619 | I1: 產線配置圖 | L1: 生產實績 | O1: 人時性差異分析 | S1: 日報登錄 | Y1: 合計次數 | Z1: 合計(時間/分) | AA1: 產線異常 分析說明(5分鐘以上) | AC1: 合計次數 | AD1: 合計(時間/分) | AE1: 產能差異分析
A2: 46238 | C2: 人時性 | D2: =AVERAGE(N21,N38,N55,N72,N89,N106,N123,N140) -> 201.75604 | E2: 平均廠價 | F2: =F1/D1 -> 44.341931 | G2: 多次生產數 | H2: =COUNT(H5:H140) -> 2 | Y2: =SUM(Y21,Y38,Y55,Y72,Y89,Y106,Y123,Y140) -> 0 | Z2: =SUM(Z21,Z38,Z55,Z72,Z89,Z106,Z123,Z140) -> 0 | AC2: =SUM(AC21,AC38,AC55,AC72,AC89,AC106,AC123,AC140) -> 0 | AD2: =SUM(AD21,AD38,AD55,AD72,AD89,AD106,AD123,AD140) -> 0
A3: 線別 | B3: 品類 | C3: 品名 | E3: 廠價 | F3: 生產量 | G3: 營收 | H3: 多次 生產 | I3: 人數 | J3: 產能/時 | K3: 人時性 | L3: 人數 | M3: 產能/時 | N3: 人時性 | O3: 人數 | P3: 人時性 | Q3: 達成率 | R3: 達成率 平均 | S3: 生產時間 | U3: 換線、休息/分 | V3: 稼動時間/分 | W3: 休息時間 | Y3: 產線異常統計(5分鐘以上) | AA3: (屏榮回填) | AC3: 短暫停線統計(5分鐘以下) | AE3: 產能/時 | AF3: 達成率 | AG3: 達成率平均
S4: 開始 | T4: 結束 | W4: 開始 | X4: 結束 | Y4: 次數 | Z4: 時間/分 | AC4: 總次數 | AD4: 設備因素(次數)
A5: 便當二線 | B5: 微波小吃 | C5: 日式茶碗蒸 | E5: 19.7 | F5: 3474 | G5: =E5*F5 -> 68437.8 | I5: 13 | J5: 1200 | K5: =J5/I5 -> 92.307692 | L5: 13 | M5: =F5/V5*60 -> 1082.7273 | N5: =M5/L5 -> 83.286714 | O5: =L5-I5 -> 0 | P5: =N5-K5 -> -9.0209778 | Q5: =N5/K5 -> 0.90227274 | R5: =Q21 -> 0.90071548 | S5: 0.16666667 | T5: 0.30034722 | V5: 192.51385 | AE5: =M5-J5 -> -117.27271 | AF5: =M5/J5 -> 0.90227274 | AG5: =AF21 -> 0.90071548
B6: 微波主食 | C6: 糖燻野郎三十天熟成牛飯 | E6: 56.43 | F6: 4369 | G6: =E6*F6 -> 246542.67 | I6: 24 | J6: 2000 | K6: =J6/I6 -> 83.333333 | L6: 24 | M6: =F6/V6*60 -> 1801.2827 | N6: =M6/L6 -> 75.053446 | O6: =L6-I6 -> 0 | P6: =N6-K6 -> -8.2798871 | Q6: =N6/K6 -> 0.90064135 | S6: 0.30416667 | T6: 0.40521991 | U6: 5.5 | V6: 145.52963 | AE6: =M6-J6 -> -198.71729 | AF6: =M6/J6 -> 0.90064135
B7: 便當 | C7: 香檸奶油魚排蔬滿盒 | E7: 77.35 | F7: 690 | G7: =E7*F7 -> 53371.5 | I7: 25 | J7: 2000 | K7: =J7/I7 -> 80 | L7: 25 | M7: =F7/V7*60 -> 1801.4216 | N7: =M7/L7 -> 72.056864 | O7: =L7-I7 -> 0 | P7: =N7-K7 -> -7.9431358 | Q7: =N7/K7 -> 0.9007108 | S7: 0.40902778 | T7: 0.42497685 | U7: 5.4833333 | V7: 22.981849 | AE7: =M7-J7 -> -198.5784 | AF7: =M7/J7 -> 0.9007108
B8: 便當 | C8: 嫩烤香料雞胸排蔬滿盒 | E8: 77.34 | F8: 1988 | G8: =E8*F8 -> 153751.92 | I8: 23 | J8: 2000 | K8: =J8/I8 -> 86.956522 | L8: 23 | M8: =F8/V8*60 -> 1799.2405 | N8: =M8/L8 -> 78.227847 | O8: =L8-I8 -> 0 | P8: =N8-K8 -> -8.7286749 | Q8: =N8/K8 -> 0.89962024 | S8: 0.42847222 | T8: 0.47450231 | U8: 5.0333333 | V8: 66.29464 | W8: 0.47450231 | X8: 0.51388889 | AE8: =M8-J8 -> -200.75952 | AF8: =M8/J8 -> 0.89962024
B9: 便當 | C9: 健身G肉餐盒 | E9: 59.52 | F9: 4894 | G9: =E9*F9 -> 291290.88 | I9: 24 | J9: 2000 | K9: =J9/I9 -> 83.333333 | L9: 24 | M9: =F9/V9*60 -> 1801.9104 | N9: =M9/L9 -> 75.079599 | O9: =L9-I9 -> 0 | P9: =N9-K9 -> -8.2537346 | Q9: =N9/K9 -> 0.90095519 | S9: 0.51388889 | T9: 0.62704861 | U9: 56.716667 | V9: 162.96038 | AE9: =M9-J9 -> -198.08963 | AF9: =M9/J9 -> 0.90095519
B21: 平均 | I21: =AVERAGE(I5:I20) -> 21.8 | J21: =AVERAGE(J5:J20) -> 1840 | K21: =J21/I21 -> 84.40367 | L21: =AVERAGE(L5:L20) -> 21.8 | M21: =AVERAGE(M5:M20) -> 1657.3165 | N21: =M21/L21 -> 76.023692 | O21: =L21-I21 -> 0 | P21: =N21-K21 -> -8.3799775 | Q21: =N21/K21 -> 0.90071548 | S21: 0.16666667 | T21: 0.62704861 | Y21: =SUM(Y5:Y20) -> 0 | Z21: =SUM(Z5:Z20) -> 0 | AC21: =SUM(AC5:AC20) -> 0 | AD21: =SUM(AD5:AD20) -> 0 | AE21: =M21-J21 -> -182.68351 | AF21: =M21/J21 -> 0.90071548
A22: 涼麵一線 | B22: 4℃-壽司手卷 | C22: 海陸雙拼壽司 | E22: 36.45 | F22: 2526 | G22: =E22*F22 -> 92072.7 | I22: 20 | J22: 2100 | K22: =J22/I22 -> 105 | L22: 20 | M22: =F22/V22*60 -> 1893.2783 | N22: =M22/L22 -> 94.663917 | O22: =L22-I22 -> 0 | P22: =N22-K22 -> -10.336083 | Q22: =N22/K22 -> 0.90156112 | R22: =Q38 -> 0.90257031 | S22: 0.16666667 | T22: 0.22225694 | V22: 80.051621 | AE22: =M22-J22 -> -206.72166 | AF22: =M22/J22 -> 0.90156112 | AG22: =AF38 -> 0.90979088
B23: 微波小吃 | C23: 馬鈴薯玉米濃湯 | E23: 31.72 | F23: 1520 | G23: =E23*F23 -> 48214.4 | I23: 22 | J23: 2000 | K23: =J23/I23 -> 90.909091 | L23: 22 | M23: =F23/V23*60 -> 1803.0275 | N23: =M23/L23 -> 81.955796 | O23: =L23-I23 -> 0 | P23: =N23-K23 -> -8.9532948 | Q23: =N23/K23 -> 0.90151376 | S23: 0.22638889 | T23: 0.26150463 | U23: 5.95 | V23: 50.581591 | AE23: =M23-J23 -> -196.97249 | AF23: =M23/J23 -> 0.90151376
B24: 微波小吃 | C24: 三合一味噌湯 | E24: 34.79 | F24: 1447 | G24: =E24*F24 -> 50341.13 | I24: 11 | J24: 2000 | K24: =J24/I24 -> 181.81818 | L24: 11 | M24: =F24/V24*60 -> 1808.928 | N24: =M24/L24 -> 164.448 | O24: =L24-I24 -> 0 | P24: =N24-K24 -> -17.370182 | Q24: =N24/K24 -> 0.904464 | S24: 0.26527778 | T24: 0.29859954 | U24: 5.4333333 | V24: 47.995277 | AE24: =M24-J24 -> -191.072 | AF24: =M24/J24 -> 0.904464
B25: 微波小吃 | C25: 蒸蛋湯 | E25: 33.2 | F25: 2902 | G25: =E25*F25 -> 96346.4 | I25: 11 | J25: 2000 | K25: =J25/I25 -> 181.81818 | L25: 11 | M25: =F25/V25*60 -> 1807.3725 | N25: =M25/L25 -> 164.30659 | O25: =L25-I25 -> 0 | P25: =N25-K25 -> -17.511594 | Q25: =N25/K25 -> 0.90368623 | S25: 0.30208333 | T25: 0.36898148 | U25: 5.0166667 | V25: 96.338748 | AE25: =M25-J25 -> -192.62754 | AF25: =M25/J25 -> 0.90368623
B26: 微波小吃 | C26: 越式牛肉寬粉 | E26: 51.44 | F26: 1733 | G26: =E26*F26 -> 89145.52 | I26: 19 | J26: 2000 | K26: =J26/I26 -> 105.26316 | L26: 19 | M26: =F26/V26*60 -> 1803.5709 | N26: =M26/L26 -> 94.924785 | O26: =L26-I26 -> 0 | P26: =N26-K26 -> -10.338373 | Q26: =N26/K26 -> 0.90178546 | S26: 0.37291667 | T26: 0.41295139 | U26: 5.6666667 | V26: 57.652294 | AE26: =M26-J26 -> -196.42908 | AF26: =M26/J26 -> 0.90178546
B27: 微波主食 | C27: 日式鮭魚茶泡烤飯 | E27: 46.34 | F27: 2495 | G27: =E27*F27 -> 115618.3 | I27: 21 | J27: 1800 | K27: =J27/I27 -> 85.714286 | L27: 21 | M27: =F27/V27*60 -> 1622.0161 | N27: =M27/L27 -> 77.238862 | O27: =L27-I27 -> 0 | P27: =N27-K27 -> -8.4754233 | Q27: =N27/K27 -> 0.90112006 | S27: 0.41597222 | T27: 0.48005787 | U27: 5 | V27: 92.292548 | W27: 0.48005787 | X27: 0.51805556 | AE27: =M27-J27 -> -177.98389 | AF27: =M27/J27 -> 0.90112006
B28: 4℃-飯糰 | C28: 麻油雞飯糰 | E28: 29.97 | F28: 2481 | G28: =E28*F28 -> 74355.57 | I28: 21 | J28: 2790 | K28: =J28/I28 -> 132.85714 | L28: 22 | M28: =F28/V28*60 -> 2626.6346 | N28: =M28/L28 -> 119.39248 | O28: =L28-I28 -> 1 | P28: =N28-K28 -> -13.46466 | Q28: =N28/K28 -> 0.89865309 | S28: 0.51805556 | T28: 0.55740741 | U28: 54.716667 | V28: 56.67328 | AE28: =M28-J28 -> -163.36538 | AF28: =M28/J28 -> 0.9414461
B38: 平均 | I38: =AVERAGE(I22:I37) -> 17.857143 | J38: =AVERAGE(J22:J37) -> 2098.5714 | K38: =J38/I38 -> 117.52 | L38: =AVERAGE(L22:L37) -> 18 | M38: =AVERAGE(M22:M37) -> 1909.2611 | N38: =M38/L38 -> 106.07006 | O38: =L38-I38 -> 0.14285714 | P38: =N38-K38 -> -11.449937 | Q38: =N38/K38 -> 0.90257031 | S38: 0.16666667 | T38: 0.55740741 | Y38: =SUM(Y22:Y37) -> 0 | Z38: =SUM(Z22:Z37) -> 0 | AC38: =SUM(AC22:AC37) -> 0 | AD38: =SUM(AD22:AD37) -> 0 | AE38: =M38-J38 -> -189.31029 | AF38: =M38/J38 -> 0.90979088
A39: 涼麵二線 | B39: 便當 | C39: 香腸腿排雙拼便當 | E39: 53.76 | F39: 3243 | G39: =E39*F39 -> 174343.68 | I39: 20 | J39: 2000 | K39: =J39/I39 -> 100 | L39: 20 | M39: =F39/V39*60 -> 1799.3909 | N39: =M39/L39 -> 89.969544 | O39: =L39-I39 -> 0 | P39: =N39-K39 -> -10.030456 | Q39: =N39/K39 -> 0.89969544 | R39: =Q55 -> 0.90019663 | S39: 0.16666667 | T39: 0.24175926 | V39: 108.13659 | AE39: =M39-J39 -> -200.60912 | AF39: =M39/J39 -> 0.89969544 | AG39: =AF55 -> 0.90019663
B40: 便當 | C40: 蔬活腿排補力餐盒 | E40: 71.55 | F40: 2166 | G40: =E40*F40 -> 154977.3 | I40: 22 | J40: 2000 | K40: =J40/I40 -> 90.909091 | L40: 22 | M40: =F40/V40*60 -> 1799.734 | N40: =M40/L40 -> 81.806092 | O40: =L40-I40 -> 0 | P40: =N40-K40 -> -9.1029994 | Q40: =N40/K40 -> 0.89986701 | S40: 0.24583333 | T40: 0.29597222 | U40: 5.8666667 | V40: 72.210671 | AE40: =M40-J40 -> -200.26599 | AF40: =M40/J40 -> 0.89986701
B41: 便當 | C41: 地中海布格麥烤魚餐盒 | E41: 63.92 | F41: 1651 | G41: =E41*F41 -> 105531.92 | I41: 24 | J41: 2000 | K41: =J41/I41 -> 83.333333 | L41: 24 | M41: =F41/V41*60 -> 1801.4842 | N41: =M41/L41 -> 75.061841 | O41: =L41-I41 -> 0 | P41: =N41-K41 -> -8.2714927 | Q41: =N41/K41 -> 0.90074209 | S41: 0.3 | T41: 0.33818287 | U41: 5.8 | V41: 54.987993 | AE41: =M41-J41 -> -198.51582 | AF41: =M41/J41 -> 0.90074209
B42: 便當 | C42: 烤蛋白餐盒 | E42: 58.67 | F42: 1161 | G42: =E42*F42 -> 68115.87 | H42: 2 | I42: 23 | J42: 2000 | K42: =J42/I42 -> 86.956522 | L42: 23 | M42: =F42/V42*60 -> 1800.8616 | N42: =M42/L42 -> 78.29833 | O42: =L42-I42 -> 0 | P42: =N42-K42 -> -8.6581922 | Q42: =N42/K42 -> 0.90043079 | S42: 0.34097222 | T42: 0.36782407 | U42: 5 | V42: 38.681485 | AE42: =M42-J42 -> -199.13842 | AF42: =M42/J42 -> 0.90043079
B43: 便當 | C43: 海陸雙拼肉肉餐盒 | E43: 59.54 | F43: 2891 | G43: =E43*F43 -> 172130.14 | I43: 23 | J43: 2000 | K43: =J43/I43 -> 86.956522 | L43: 23 | M43: =F43/V43*60 -> 1799.7746 | N43: =M43/L43 -> 78.251071 | O43: =L43-I43 -> 0 | P43: =N43-K43 -> -8.7054511 | Q43: =N43/K43 -> 0.89988731 | S43: 0.37152778 | T43: 0.43844907 | U43: 5.3333333 | V43: 96.378734 | W43: 0.43844907 | X43: 0.47638889 | AE43: =M43-J43 -> -200.22538 | AF43: =M43/J43 -> 0.89988731
B44: 便當 | C44: 懷舊滷雙拼便當 | E44: 61.09 | F44: 3316 | G44: =E44*F44 -> 202574.44 | I44: 20 | J44: 2000 | K44: =J44/I44 -> 100 | L44: 20 | M44: =F44/V44*60 -> 1800.6459 | N44: =M44/L44 -> 90.032295 | O44: =L44-I44 -> 0 | P44: =N44-K44 -> -9.9677047 | Q44: =N44/K44 -> 0.90032295 | S44: 0.47638889 | T44: 0.55311343 | U44: 54.633333 | V44: 110.49368 | AE44: =M44-J44 -> -199.35409 | AF44: =M44/J44 -> 0.90032295
B45: 便當 | C45: 烤蛋白餐盒 | E45: 58.67 | F45: 2827 | G45: =E45*F45 -> 165860.09 | I45: 23 | J45: 2000 | K45: =J45/I45 -> 86.956522 | L45: 23 | M45: =F45/V45*60 -> 1800.8616 | N45: =M45/L45 -> 78.29833 | O45: =L45-I45 -> 0 | P45: =N45-K45 -> -8.6581922 | Q45: =N45/K45 -> 0.90043079 | S45: 0.55625 | T45: 0.62165509 | U45: 4.5166667 | V45: 94.18825 | AE45: =M45-J45 -> -199.13842 | AF45: =M45/J45 -> 0.90043079
B55: 平均 | I55: =AVERAGE(I39:I54) -> 22.142857 | J55: =AVERAGE(J39:J54) -> 2000 | K55: =J55/I55 -> 90.322581 | L55: =AVERAGE(L39:L54) -> 22.142857 | M55: =AVERAGE(M39:M54) -> 1800.3933 | N55: =M55/L55 -> 81.308082 | O55: =L55-I55 -> 0 | P55: =N55-K55 -> -9.0144983 | Q55: =N55/K55 -> 0.90019663 | S55: 0.16666667 | T55: 0.62165509 | Y55: =SUM(Y39:Y54) -> 0 | Z55: =SUM(Z39:Z54) -> 0 | AC55: =SUM(AC39:AC54) -> 0 | AD55: =SUM(AD39:AD54) -> 0 | AE55: =M55-J55 -> -199.60675 | AF55: =M55/J55 -> 0.90019663
A56: 涼麵三線 | B56: 季節調理麵 | C56: 和風涓絲冷麵 | E56: 28.86 | F56: 2205 | G56: =E56*F56 -> 63636.3 | I56: 19 | J56: 3600 | K56: =J56/I56 -> 189.47368 | L56: 19 | M56: =F56/V56*60 -> 3193.4287 | N56: =M56/L56 -> 168.0752 | O56: =L56-I56 -> 0 | P56: =N56-K56 -> -21.398487 | Q56: =N56/K56 -> 0.88706354 | R56: =Q72 -> 0.89406891 | S56: 0.16666667 | T56: 0.19542824 | V56: 41.428825 | AE56: =M56-J56 -> -406.57126 | AF56: =M56/J56 -> 0.88706354 | AG56: =AF72 -> 0.89406891
B57: 季節調理麵 | C57: 嘉義崇文白醋涼麵 | E57: 35.89 | F57: 2956 | G57: =E57*F57 -> 106090.84 | I57: 19 | J57: 3600 | K57: =J57/I57 -> 189.47368 | L57: 19 | M57: =F57/V57*60 -> 3192.5678 | N57: =M57/L57 -> 168.02988 | O57: =L57-I57 -> 0 | P57: =N57-K57 -> -21.443802 | Q57: =N57/K57 -> 0.88682438 | S57: 0.19930556 | T57: 0.23788194 | U57: 5.5833333 | V57: 55.554028 | AE57: =M57-J57 -> -407.43224 | AF57: =M57/J57 -> 0.88682438
B58: 季節調理麵 | C58: 韓式泡菜冷麵 | E58: 36.73 | F58: 6087 | G58: =E58*F58 -> 223575.51 | I58: 21 | J58: 3600 | K58: =J58/I58 -> 171.42857 | L58: 21 | M58: =F58/V58*60 -> 2938.7217 | N58: =M58/L58 -> 139.93913 | O58: =L58-I58 -> 0 | P58: =N58-K58 -> -31.489445 | Q58: =N58/K58 -> 0.81631157 | S58: 0.24166667 | T58: 0.32796296 | U58: 5.45 | V58: 124.27853 | AE58: =M58-J58 -> -661.27835 | AF58: =M58/J58 -> 0.81631157
B59: 季節調理麵 | C59: 招牌雞絲胡麻涼麵 | E59: 43.96 | F59: 1640 | G59: =E59*F59 -> 72094.4 | I59: 24 | J59: 3600 | K59: =J59/I59 -> 150 | L59: 24 | M59: =F59/V59*60 -> 3267.9883 | N59: =M59/L59 -> 136.16618 | O59: =L59-I59 -> 0 | P59: =N59-K59 -> -13.83382 | Q59: =N59/K59 -> 0.90777453 | S59: 0.33194444 | T59: 0.35284722 | U59: 5.7333333 | V59: 30.110267 | AE59: =M59-J59 -> -332.01169 | AF59: =M59/J59 -> 0.90777453
B60: 季節調理麵 | C60: 日式胡麻雞絲冷麵 | E60: 46.93 | F60: 1215 | G60: =E60*F60 -> 57019.95 | I60: 24 | J60: 3600 | K60: =J60/I60 -> 150 | L60: 24 | M60: =F60/V60*60 -> 3267.3843 | N60: =M60/L60 -> 136.14101 | O60: =L60-I60 -> 0 | P60: =N60-K60 -> -13.858988 | Q60: =N60/K60 -> 0.90760675 | S60: 0.35694444 | T60: 0.37243056 | U60: 5.9 | V60: 22.311425 | AE60: =M60-J60 -> -332.61571 | AF60: =M60/J60 -> 0.90760675
B61: 季節調理麵 | C61: 日式蕎麥沾麵 | E61: 36.73 | F61: 3655 | G61: =E61*F61 -> 134248.15 | I61: 20 | J61: 3600 | K61: =J61/I61 -> 180 | L61: 20 | M61: =F61/V61*60 -> 3261.1767 | N61: =M61/L61 -> 163.05884 | O61: =L61-I61 -> 0 | P61: =N61-K61 -> -16.941164 | Q61: =N61/K61 -> 0.90588242 | S61: 0.37569444 | T61: 0.42238426 | U61: 4.7 | V61: 67.245666 | AE61: =M61-J61 -> -338.82329 | AF61: =M61/J61 -> 0.90588242
B62: 季節調理麵 | C62: 月見烏龍冷麵 | E62: 48.4 | F62: 2026 | G62: =E62*F62 -> 98058.4 | I62: 22 | J62: 3600 | K62: =J62/I62 -> 163.63636 | L62: 22 | M62: =F62/V62*60 -> 3260.4652 | N62: =M62/L62 -> 148.20296 | O62: =L62-I62 -> 0 | P62: =N62-K62 -> -15.4334 | Q62: =N62/K62 -> 0.90568478 | S62: 0.42569444 | T62: 0.45157407 | U62: 4.7666667 | V62: 37.283023 | AE62: =M62-J62 -> -339.53479 | AF62: =M62/J62 -> 0.90568478
B63: 季節調理麵 | C63: 大滿足麻醬涼麵 | E63: 37.8 | F63: 1978 | G63: =E63*F63 -> 74768.4 | H63: 2 | I63: 21 | J63: 3600 | K63: =J63/I63 -> 171.42857 | L63: 21 | M63: =F63/V63*60 -> 3268.932 | N63: =M63/L63 -> 155.66343 | O63: =L63-I63 -> 0 | P63: =N63-K63 -> -15.765141 | Q63: =N63/K63 -> 0.90803668 | S63: 0.45486111 | T63: 0.48006944 | U63: 4.7333333 | V63: 36.305435 | W63: 0.48006944 | X63: 0.51944444 | AE63: =M63-J63 -> -331.06796 | AF63: =M63/J63 -> 0.90803668
B64: 季節調理麵 | C64: 大滿足香辣涼麵 | E64: 38.48 | F64: 5742 | G64: =E64*F64 -> 220952.16 | I64: 20 | J64: 3600 | K64: =J64/I64 -> 180 | L64: 20 | M64: =F64/V64*60 -> 3266.8841 | N64: =M64/L64 -> 163.34421 | O64: =L64-I64 -> 0 | P64: =N64-K64 -> -16.655794 | Q64: =N64/K64 -> 0.90746781 | S64: 0.51944444 | T64: 0.59267361 | U64: 56.7 | V64: 105.45829 | AE64: =M64-J64 -> -333.11588 | AF64: =M64/J64 -> 0.90746781
B65: 季節調理麵 | C65: 大滿足麻醬涼麵 | E65: 37.8 | F65: 5092 | G65: =E65*F65 -> 192477.6 | I65: 21 | J65: 3600 | K65: =J65/I65 -> 171.42857 | L65: 21 | M65: =F65/V65*60 -> 3268.932 | N65: =M65/L65 -> 155.66343 | O65: =L65-I65 -> 0 | P65: =N65-K65 -> -15.765141 | Q65: =N65/K65 -> 0.90803668 | S65: 0.59652778 | T65: 0.66142361 | U65: 5.55 | V65: 93.461717 | AE65: =M65-J65 -> -331.06796 | AF65: =M65/J65 -> 0.90803668
B72: 平均 | I72: =AVERAGE(I56:I71) -> 21.1 | J72: =AVERAGE(J56:J71) -> 3600 | K72: =J72/I72 -> 170.61611 | L72: =AVERAGE(L56:L71) -> 21.1 | M72: =AVERAGE(M56:M71) -> 3218.6481 | N72: =M72/L72 -> 152.54256 | O72: =L72-I72 -> 0 | P72: =N72-K72 -> -18.07355 | Q72: =N72/K72 -> 0.89406891 | S72: 0.16666667 | T72: 0.66142361 | Y72: =SUM(Y56:Y71) -> 0 | Z72: =SUM(Z56:Z71) -> 0 | AC72: =SUM(AC56:AC71) -> 0 | AD72: =SUM(AD56:AD71) -> 0 | AE72: =M72-J72 -> -381.35191 | AF72: =M72/J72 -> 0.89406891
A73: 自動包裝機 | B73: 4℃-壽司手卷 | C73: 醬油生鮭脆卷 | E73: 23.55 | F73: 2147 | G73: =E73*F73 -> 50561.85 | I73: 6 | J73: 2500 | K73: =J73/I73 -> 416.66667 | L73: 6 | M73: =F73/V73*60 -> 2258.5793 | N73: =M73/L73 -> 376.42989 | O73: =L73-I73 -> 0 | P73: =N73-K73 -> -40.236778 | Q73: =N73/K73 -> 0.90343173 | R73: =Q89 -> 0.85172076 | S73: 0.34513889 | T73: 0.38474537 | U73: 5.35 | V73: 57.035854 | AE73: =M73-J73 -> -241.42067 | AF73: =M73/J73 -> 0.90343173 | AG73: =AF89 -> 0.90495331
B74: 4℃-壽司手卷 | C74: 韓式辣炒豬肉飯卷 | E74: 27.05 | F74: 727 | G74: =E74*F74 -> 19665.35 | I74: 5 | J74: 3273 | K74: =J74/I74 -> 654.6 | L74: 6 | M74: =F74/V74*60 -> 2963.2784 | N74: =M74/L74 -> 493.87973 | O74: =L74-I74 -> 1 | P74: =N74-K74 -> -160.72027 | Q74: =N74/K74 -> 0.7544756 | S74: 0.38888889 | T74: 0.3991088 | U74: 5.9666667 | V74: 14.720183 | AE74: =M74-J74 -> -309.72162 | AF74: =M74/J74 -> 0.90537072
B75: 4℃-壽司手卷 | C75: 厚香料優格咖哩烤雞飯卷 | E75: 27.05 | F75: 915 | G75: =E75*F75 -> 24750.75 | I75: 5 | J75: 3273 | K75: =J75/I75 -> 654.6 | L75: 5 | M75: =F75/V75*60 -> 2964.3499 | N75: =M75/L75 -> 592.86998 | O75: =L75-I75 -> 0 | P75: =N75-K75 -> -61.730015 | Q75: =N75/K75 -> 0.90569811 | S75: 0.40277778 | T75: 0.41563657 | U75: 5.2833333 | V75: 18.520081 | AE75: =M75-J75 -> -308.65008 | AF75: =M75/J75 -> 0.90569811
B89: 平均 | I89: =AVERAGE(I73:I88) -> 5.3333333 | J89: =AVERAGE(J73:J88) -> 3015.3333 | K89: =J89/I89 -> 565.375 | L89: =AVERAGE(L73:L88) -> 5.6666667 | M89: =AVERAGE(M73:M88) -> 2728.7359 | N89: =M89/L89 -> 481.54163 | O89: =L89-I89 -> 0.33333333 | P89: =N89-K89 -> -83.833374 | Q89: =N89/K89 -> 0.85172076 | S89: 0.16666667 | T89: 0.41563657 | Y89: =SUM(Y73:Y88) -> 0 | Z89: =SUM(Z73:Z88) -> 0 | AC89: =SUM(AC73:AC88) -> 0 | AD89: =SUM(AD73:AD88) -> 0 | AE89: =M89-J89 -> -286.59746 | AF89: =M89/J89 -> 0.90495331
A90: 自動包裝機2 | B90: 4℃-壽司手卷 | C90: 鮪魚昆布細卷 | E90: 15.51 | F90: 2252 | G90: =E90*F90 -> 34928.52 | I90: 6 | J90: 3600 | K90: =J90/I90 -> 600 | L90: 6 | M90: =F90/V90*60 -> 3251.88 | N90: =M90/L90 -> 541.98 | O90: =L90-I90 -> 0 | P90: =N90-K90 -> -58.02 | Q90: =N90/K90 -> 0.9033 | R90: =Q106 -> 0.90302325 | S90: 0.25 | T90: 0.27885417 | V90: 41.551349 | AE90: =M90-J90 -> -348.12 | AF90: =M90/J90 -> 0.9033 | AG90: =AF106 -> 0.90302325
B91: 4℃-壽司手卷 | C91: 肉鬆火腿細卷 | E91: 15.01 | F91: 2359 | G91: =E91*F91 -> 35408.59 | I91: 6 | J91: 3600 | K91: =J91/I91 -> 600 | L91: 6 | M91: =F91/V91*60 -> 3249.8874 | N91: =M91/L91 -> 541.6479 | O91: =L91-I91 -> 0 | P91: =N91-K91 -> -58.352104 | Q91: =N91/K91 -> 0.90274649 | S91: 0.28194444 | T91: 0.3121875 | U91: 5 | V91: 43.552278 | AE91: =M91-J91 -> -350.11263 | AF91: =M91/J91 -> 0.90274649
B106: 平均 | I106: =AVERAGE(I90:I105) -> 6 | J106: =AVERAGE(J90:J105) -> 3600 | K106: =J106/I106 -> 600 | L106: =AVERAGE(L90:L105) -> 6 | M106: =AVERAGE(M90:M105) -> 3250.8837 | N106: =M106/L106 -> 541.81395 | O106: =L106-I106 -> 0 | P106: =N106-K106 -> -58.186052 | Q106: =N106/K106 -> 0.90302325 | S106: 0.25 | T106: 0.3121875 | Y106: =SUM(Y90:Y105) -> 0 | Z106: =SUM(Z90:Z105) -> 0 | AC106: =SUM(AC90:AC105) -> 0 | AD106: =SUM(AD90:AD105) -> 0 | AE106: =M106-J106 -> -349.11631 | AF106: =M106/J106 -> 0.90302325
A107: 便當二線 (二配) | B107: 微波主食 | C107: 二配香烤魚排青醬燉飯 | E107: 58.17 | F107: 1573 | G107: =E107*F107 -> 91501.41 | I107: 18 | J107: 2000 | K107: =J107/I107 -> 111.11111 | L107: 17 | M107: =F107/V107*60 -> 1800.6 | N107: =M107/L107 -> 105.91765 | O107: =L107-I107 -> -1 | P107: =N107-K107 -> -5.1934641 | Q107: =N107/K107 -> 0.95325882 | R107: =Q123 -> 0.94838988 | S107: 0.70833333 | T107: 0.74472222 | V107: 52.415861 | AE107: =M107-J107 -> -199.4 | AF107: =M107/J107 -> 0.9003 | AG107: =AF123 -> 0.90016667
B108: 微波主食 | C108: 二配濃起司燻腸紅醬焗烤飯 | E108: 50.67 | F108: 1374 | G108: =E108*F108 -> 69620.58 | I108: 20 | J108: 2000 | K108: =J108/I108 -> 100 | L108: 19 | M108: =F108/V108*60 -> 1800.4 | N108: =M108/L108 -> 94.757895 | O108: =L108-I108 -> -1 | P108: =N108-K108 -> -5.2421053 | Q108: =N108/K108 -> 0.94757895 | S108: 0.74791667 | T108: 0.77971065 | U108: 4.6 | V108: 45.789824 | AE108: =M108-J108 -> -199.6 | AF108: =M108/J108 -> 0.9002
B109: 微波主食 | C109: 二配西班牙風味海鮮燉飯 | E109: 57.3 | F109: 1692 | G109: =E109*F109 -> 96951.6 | I109: 21 | J109: 2000 | K109: =J109/I109 -> 95.238095 | L109: 20 | M109: =F109/V109*60 -> 1800 | N109: =M109/L109 -> 90 | O109: =L109-I109 -> -1 | P109: =N109-K109 -> -5.2380952 | Q109: =N109/K109 -> 0.945 | S109: 0.78333333 | T109: 0.8225 | U109: 5.2166667 | V109: 56.4 | AE109: =M109-J109 -> -200 | AF109: =M109/J109 -> 0.9
B123: 平均 | I123: =AVERAGE(I107:I122) -> 19.666667 | J123: =AVERAGE(J107:J122) -> 2000 | K123: =J123/I123 -> 101.69492 | L123: =AVERAGE(L107:L122) -> 18.666667 | M123: =AVERAGE(M107:M122) -> 1800.3333 | N123: =M123/L123 -> 96.446429 | O123: =L123-I123 -> -1 | P123: =N123-K123 -> -5.2484867 | Q123: =N123/K123 -> 0.94838988 | S123: 0.70833333 | T123: 0.8225 | Y123: =SUM(Y107:Y122) -> 0 | Z123: =SUM(Z107:Z122) -> 0 | AC123: =SUM(AC107:AC122) -> 0 | AD123: =SUM(AD107:AD122) -> 0 | AE123: =M123-J123 -> -199.66667 | AF123: =M123/J123 -> 0.90016667
A124: 涼麵一線 (二配) | B124: 微波主食 | C124: 二配哞哞培根奶香海陸焗飯 | E124: 47.6 | F124: 1928 | G124: =E124*F124 -> 91772.8 | I124: 23 | J124: 2000 | K124: =J124/I124 -> 86.956522 | L124: 23 | M124: =F124/V124*60 -> 1801.6262 | N124: =M124/L124 -> 78.331574 | O124: =L124-I124 -> 0 | P124: =N124-K124 -> -8.6249474 | Q124: =N124/K124 -> 0.9008131 | R124: =Q140 -> 0.90047178 | S124: 0.70833333 | T124: 0.75291667 | V124: 64.208657 | AE124: =M124-J124 -> -198.37379 | AF124: =M124/J124 -> 0.9008131 | AG124: =AF140 -> 0.90047178
B125: 微波主食 | C125: 二配黃金雞排蘑菇白醬歐姆蛋飯 | E125: 56.87 | F125: 1581 | G125: =E125*F125 -> 89911.47 | I125: 23 | J125: 2000 | K125: =J125/I125 -> 86.956522 | L125: 23 | M125: =F125/V125*60 -> 1799.7741 | N125: =M125/L125 -> 78.251048 | O125: =L125-I125 -> 0 | P125: =N125-K125 -> -8.7054741 | Q125: =N125/K125 -> 0.89988705 | S125: 0.75694444 | T125: 0.79354167 | U125: 5.8 | V125: 52.706615 | AE125: =M125-J125 -> -200.2259 | AF125: =M125/J125 -> 0.89988705
B126: 微波主食 | C126: 二配里肌豬排可可咖哩歐姆蛋飯 | E126: 56.79 | F126: 2130 | G126: =E126*F126 -> 120962.7 | I126: 23 | J126: 2000 | K126: =J126/I126 -> 86.956522 | L126: 23 | M126: =F126/V126*60 -> 1801.4304 | N126: =M126/L126 -> 78.323059 | O126: =L126-I126 -> 0 | P126: =N126-K126 -> -8.6334627 | Q126: =N126/K126 -> 0.90071518 | S126: 0.79722222 | T126: 0.84648148 | U126: 5.3 | V126: 70.943625 | AE126: =M126-J126 -> -198.56964 | AF126: =M126/J126 -> 0.90071518
B140: 平均 | I140: =AVERAGE(I124:I139) -> 23 | J140: =AVERAGE(J124:J139) -> 2000 | K140: =J140/I140 -> 86.956522 | L140: =AVERAGE(L124:L139) -> 23 | M140: =AVERAGE(M124:M139) -> 1800.9436 | N140: =M140/L140 -> 78.301894 | O140: =L140-I140 -> 0 | P140: =N140-K140 -> -8.6546281 | Q140: =N140/K140 -> 0.90047178 | S140: 0.70833333 | T140: 0.84648148 | Y140: =SUM(Y124:Y139) -> 0 | Z140: =SUM(Z124:Z139) -> 0 | AC140: =SUM(AC124:AC139) -> 0 | AD140: =SUM(AD124:AD139) -> 0 | AE140: =M140-J140 -> -199.05645 | AF140: =M140/J140 -> 0.90047178
AA142: 原因回覆
AA143: 1.當日出勤人數較多
AA144: 2.當日出勤人數較少
AA145: 3.當日出勤熟手較多
AA146: 4.當日出勤新人較多
AA147: 5.機台夾盒
AA148: 6.封膜不順
AA149: 7.更換膠膜
AA150: 8.更換碳帶
AA151: 9.當日熱轉印碳帶異常
AA152: 10.訂單量過少
AA153: 11.新品上市，尚未熟悉
AA154: 12.活動期間品項需貼標

Sheet 0803
B1: 屏榮 大溪廠組合室生產人時性分析
B3: 日期 | C3: 115.08.03星期一 | E3: 訂單量 | F3: ='0803(18度C)'!D1+'0803(4度C)'!D1 -> 213443 | H3: 營業額 | I3: ='0803(18度C)'!F1+'0803(4度C)'!F1 -> 6725813.8
B4: 人時性 | C4: 項目 | E4: ➀ | G4: ➁ | I4: ➂ | K4: ④ | M4: ⑤ | O4: 異常停線 | Q4: 短暫停線
C5: 組合室 | E5: 全溫層 | G5: 4度C-各編組展開(一配) | I5: 4度C-各編組展開(二配) | K5: 18度C-各編組展開(一配) | M5: 18度C-各編組展開(二配) | O5: 合計次數 | P5: 時間 | Q5: 合計次數 | R5: 設備次數
C6: 排關平均 | E6: =AVERAGE(D14:O14,D32:X32) -> 495.49466 | F6: =AVERAGE(#REF!,D14:K14) -> #REF! | G6: =AVERAGE(D14:K14) -> 270.57678 | I6: =AVERAGE(L14:O14) -> 94.325718 | K6: =AVERAGE(D32:O32) -> 737.95063 | M6: =AVERAGE(P32:X32) -> 791 | O6: ='0803(4度C)'!Y2 -> 0 | P6: ='0803(4度C)'!Z2 -> 0 | Q6: ='0803(4度C)'!AC2 -> 50 | R6: ='0803(4度C)'!AD2 -> 0
C7: 實績平均 | E7: =AVERAGE(D15:O15,D33:X33) -> 444.57594 | F7: =AVERAGE(#REF!,D15:K15) -> #REF! | G7: =AVERAGE(D15:K15) -> 239.38267 | I7: =AVERAGE(L15:O15) -> 87.366578 | K7: =AVERAGE(D33:O33) -> 663.49248 | M7: =AVERAGE(P33:X33) -> 712.054
C8: 達成率平均 | E8: =AVERAGE(D16:O16,D34:X34) -> 0.89956025 | F8: =AVERAGE(D16:K16,#REF!) -> #REF! | G8: =AVERAGE(D16:K16) -> 0.89334852 | I8: =AVERAGE(L16:O16) -> 0.9243466 | K8: =AVERAGE(D34:O34) -> 0.8960689 | M8: =AVERAGE(P34:X34) -> 0.89997601
O9: ※現行日本鮮食廠以達成率80%為基本(即為現行KPI)
B11: 溫層 | D11: ➁4度C-各編組展開 | L11: ➂4度C-各編組展開
B12: 編組 | D12: 1 | E12: 2 | F12: 3 | G12: 4 | H12: 5 | I12: 6 | J12: 7 | K12: 8 | L12: 1 | M12: 2 | N12: 3 | O12: 4
D13: 便當一線 | E13: 便當二線 | F13: 涼麵一線 | G13: 涼麵二線 | H13: 涼麵三線 | I13: 自動包裝機 | J13: 自動包裝機2 | K13: 自動包裝機3 | L13: 便當一線 | M13: 便當二線 | N13: 涼麵一線 | O13: 涼麵二線
B14: 人時性 | C14: 排關 | D14: - | E14: 84.40367 | F14: 112.94521 | G14: 90.322581 | H14: 170.4142 | I14: 565.375 | J14: 600 | K14: - | L14: - | M14: 101.69492 | N14: 86.956522 | O14: -
C15: 實績 | D15: - | E15: 76.01305 | F15: 101.94867 | G15: 81.304211 | H15: 153.72211 | I15: 481.49403 | J15: 541.81395 | K15: - | L15: - | M15: 96.442857 | N15: 78.290299 | O15: -
C16: 達成率 | D16: - | E16: =E15/E14 -> 0.9005894 | F16: =F15/F14 -> 0.90263829 | G16: =G15/G14 -> 0.90015377 | H16: =H15/H14 -> 0.90204987 | I16: =I15/I14 -> 0.85163657 | J16: =J15/J14 -> 0.90302325 | K16: - | L16: - | M16: =M15/M14 -> 0.94835476 | N16: =N15/N14 -> 0.90033844 | O16: -
B17: 作業 時間 | C17: 開始 | D17: - | E17: 0.16666667 | F17: 0.16666667 | G17: 0.16666667 | H17: 0.16666667 | I17: 0.16666667 | J17: 0.25 | K17: - | L17: - | M17: 0.70833333 | N17: 0.70833333 | O17: -
C18: 結束 | D18: - | E18: 0.63865741 | F18: 0.60537037 | G18: 0.6309838 | H18: 0.59837963 | I18: 0.43195602 | J18: 0.318125 | K18: - | L18: - | M18: 0.82368056 | N18: 0.84517361 | O18: -
B19: 產線異常 (5分鐘以上) | C19: 次數
C20: 時間/分
B21: 短暫停線 (5分鐘以下) | C21: 次數 | E21: 12 | F21: 6 | G21: 12 | H21: 12 | I21: 1 | J21: 0 | M21: 3 | N21: 4
C22: 設備次數
B23: 配置人數 | D23: - | E23: 21.8 | F23: 18.375 | G23: 22.142857 | H23: 21.125 | I23: 5.6666667 | J23: 6 | K23: - | L23: - | M23: 18.666667 | N23: 23 | O23: -
B24: 主要應用設備 | D24: L型封口機 | E24: ET-55 | F24: ET-55 | G24: ET-55 | H24: ET-600 | I24: 伺服包裝機 | J24: 伺服包裝機 | K24: 伺服包裝機 | L24: L型封口機 | M24: ET-55 | N24: ET-55 | O24: ET-55
B25: 次要應用設備 | D25: 伺服包裝機 | H25: 伺服包裝機
B26: 備註 | H26: 涼麵+烤飯糰 | I26: 大口飯糰線 | K26: 烤飯糰+手卷
B29: 溫層 | D29: ➃18度C-各編組展開 (一配) | P29: ⑤18度C-各編組展開 (二配)
B30: 編組 | D30: 1 | E30: 2 | F30: 3 | G30: 4 | H30: 5 | I30: 6 | J30: 7 | K30: 8 | L30: 9 | M30: 10 | N30: 11 | O30: 12 | P30: 1 | Q30: 2 | R30: 3 | S30: 4 | T30: 5 | U30: 6 | V30: 7 | W30: 8 | X30: 9
D31: 便當一線 | E31: 涼麵一線 | F31: 涼麵三線 | G31: 自動包裝機 | H31: 自動包裝機2 | I31: 自動包裝機3 | J31: 味付飯糰線B | K31: (舊) 3300型飯糰線 | L31: 3000型飯糰線 | M31: (新) 3300型飯糰機 | N31: GKK3600型 飯糰機 | O31: GKK3600型 飯糰機2 | P31: 自動包裝機 | Q31: 自動包裝機2 | R31: 自動包裝機3 | S31: 味付飯糰線B | T31: (舊) 3300型飯糰線 | U31: 3000型飯糰線 | V31: (新) 3300型飯糰機 | W31: GKK3600型 飯糰機 | X31: GKK3600型 飯糰機2
B32: 人時性 | C32: 排關 | D32: - | E32: - | F32: - | G32: 327.27273 | H32: - | I32: - | J32: - | K32: - | L32: - | M32: 825 | N32: 940.90909 | O32: 858.62069 | P32: 490.90909 | Q32: - | R32: - | S32: - | T32: - | U32: - | V32: 709.09091 | W32: 1100 | X32: 864
C33: 實績 | D33: - | E33: - | F33: - | G33: 287.54469 | H33: - | I33: - | J33: - | K33: - | L33: - | M33: 752.42135 | N33: 845.52728 | O33: 768.47662 | P33: 438.85886 | Q33: - | R33: - | S33: - | T33: - | U33: - | V33: 646.82668 | W33: 991.57723 | X33: 770.95321
C34: 達成率 | D34: - | E34: - | F34: - | G34: =G33/G32 -> 0.87860876 | H34: - | I34: - | J34: - | K34: - | L34: - | M34: =M33/M32 -> 0.91202588 | N34: =N33/N32 -> 0.89862802 | O34: =O33/O32 -> 0.89501293 | P34: =P33/P32 -> 0.89397175 | Q34: - | R34: - | S34: - | T34: - | U34: - | V34: =V33/V32 -> 0.91219147 | W34: =W33/W32 -> 0.90143385 | X34: =X33/X32 -> 0.89230695
B35: 作業 時間 | C35: 開始 | D35: - | E35: - | F35: - | G35: 0.16666667 | H35: - | I35: - | J35: - | K35: - | L35: - | M35: 0.33680556 | N35: 0.25 | O35: 0.25 | P35: 0.70833333 | Q35: - | R35: - | S35: - | T35: - | U35: - | V35: 0.70833333 | W35: 0.73333333 | X35: 0.74166667
C36: 結束 | D36: - | E36: - | F36: - | G36: 0.43195602 | H36: - | I36: - | J36: - | K36: - | L36: - | M36: 0.43174769 | N36: 0.54303241 | O36: 0.54972222 | P36: 0.76072917 | Q36: - | R36: - | S36: - | T36: - | U36: - | V36: 0.88381944 | W36: 1.1301736 | X36: 1.1234491
B37: 配置人數 | D37: - | E37: - | F37: - | G37: 11 | H37: - | I37: - | J37: - | K37: - | L37: - | M37: 4 | N37: 3.6666667 | O37: 4.1428571 | P37: 7.3333333 | Q37: - | R37: - | S37: - | T37: - | U37: - | V37: 4.4 | W37: 3 | X37: 4.1666667
B38: 主要應用設備 | D38: 伺服包裝機 | E38: ET-55 | F38: ET-600 | G38: 夾心型 | H38: 伺服包裝機 | I38: 伺服包裝機 | J38: 夾心型 | K38: 3300型 | L38: 3300型 | M38: 3300型 | N38: GKK | O38: GKK | P38: 夾心型 | Q38: 伺服包裝機 | R38: 伺服包裝機 | S38: 夾心型 | T38: 3300型 | U38: 3300型 | V38: 3300型 | W38: GKK | X38: GKK
B39: 次要應用設備
B40: 備註

Sheet 0803(18度C)
A1: 大溪廠日報分析 | C1: 總生產量 | D1: =SUM(F5:F140) -> 113354 | E1: 營業額 | F1: =SUM(G5:G140) -> 2254623.9 | G1: 出勤人數 | H1: =L21+L38+L55+L72+L89+L106+L123+L140 -> 41.709524 | I1: 產線配置圖 | L1: 生產實績 | O1: 人時性差異分析 | S1: 日報登錄 | Y1: 分析說明 | AA1: 產能差異分析
A2: 46237 | C2: 人時性 | D2: =AVERAGE(N21,N38,N55,N72,N89,N106,N123,N140) -> 687.77324 | E2: 平均廠價 | F2: =F1/D1 -> 19.890113 | G2: 多次生產數 | H2: =COUNT(H5:H140) -> 10
A3: 線別 | B3: 品類 | C3: 品名 | E3: 廠價 | F3: 生產量 | G3: 營收 | H3: 多次 生產 | I3: 人數 | J3: 產能/時 | K3: 人時性 | L3: 人數 | M3: 產能/時 | N3: 人時性 | O3: 人數 | P3: 人時性 | Q3: 達成率 | R3: 達成率 平均 | S3: 生產時間 | U3: 換線、休息/分 | V3: 稼動時間/分 | W3: 休息時間 | Y3: (屏榮回填) | AA3: 產能/時 | AB3: 達成率 | AC3: 達成率平均
S4: 開始 | T4: 結束 | W4: 開始 | X4: 結束
A5: 自動包裝機 | B5: 18℃-壽司手卷 | C5: 一配長野稻荷壽司 | E5: 25.64 | F5: 1843 | G5: =E5*F5 -> 47254.52 | I5: 10 | J5: 3600 | K5: =J5/I5 -> 360 | L5: 10 | M5: =F5/V5*60 -> 3217.6096 | N5: =M5/L5 -> 321.76096 | O5: =L5-I5 -> 0 | P5: =N5-K5 -> -38.239045 | Q5: =N5/K5 -> 0.89378043 | R5: =Q21 -> 0.87860876 | S5: 0.16666667 | T5: 0.19053241 | V5: 34.367128 | AA5: =M5-J5 -> -382.39045 | AB5: =M5/J5 -> 0.89378043 | AC5: =AB21 -> 0.87860876
B6: 18℃-壽司手卷 | C6: 一配經典人氣雙手卷 | E6: 29.52 | F6: 2848 | G6: =E6*F6 -> 84072.96 | I6: 11 | J6: 3600 | K6: =J6/I6 -> 327.27273 | L6: 11 | M6: =F6/V6*60 -> 3158.1627 | N6: =M6/L6 -> 287.1057 | O6: =L6-I6 -> 0 | P6: =N6-K6 -> -40.167024 | Q6: =N6/K6 -> 0.87726743 | S6: 0.19444444 | T6: 0.23201389 | U6: 5.6333333 | V6: 54.107408 | AA6: =M6-J6 -> -441.83726 | AB6: =M6/J6 -> 0.87726743
B7: 18℃-壽司手卷 | C7: 一配鮭鮪海饌雙手卷 | E7: 29.85 | F7: 3365 | G7: =E7*F7 -> 100445.25 | I7: 11 | J7: 3600 | K7: =J7/I7 -> 327.27273 | L7: 11 | M7: =F7/V7*60 -> 3157.6519 | N7: =M7/L7 -> 287.05926 | O7: =L7-I7 -> 0 | P7: =N7-K7 -> -40.213463 | Q7: =N7/K7 -> 0.87712553 | S7: 0.23541667 | T7: 0.27981481 | U7: 4.9 | V7: 63.939917 | AA7: =M7-J7 -> -442.34809 | AB7: =M7/J7 -> 0.87712553
B8: 18℃-壽司手卷 | C8: 一配青木瓜雞絲泰泰雙手卷 | E8: 30 | F8: 2783 | G8: =E8*F8 -> 83490 | I8: 11 | J8: 3600 | K8: =J8/I8 -> 327.27273 | L8: 11 | M8: =F8/V8*60 -> 3158.9913 | N8: =M8/L8 -> 287.18102 | O8: =L8-I8 -> 0 | P8: =N8-K8 -> -40.091704 | Q8: =N8/K8 -> 0.87749757 | S8: 0.28333333 | T8: 0.32003472 | U8: 5.0666667 | V8: 52.858646 | AA8: =M8-J8 -> -441.00875 | AB8: =M8/J8 -> 0.87749757
B9: 18℃-飯糰 | C9: 一配兩粒飯糰(鮪魚.焦糖鮭魚) | E9: 28.57 | F9: 1390 | G9: =E9*F9 -> 39712.3 | I9: 12 | J9: 3600 | K9: =J9/I9 -> 300 | L9: 12 | M9: =F9/V9*60 -> 3122.5423 | N9: =M9/L9 -> 260.21186 | O9: =L9-I9 -> 0 | P9: =N9-K9 -> -39.788141 | Q9: =N9/K9 -> 0.86737286 | S9: 0.32291667 | T9: 0.34145833 | U9: 5 | V9: 26.709006 | AA9: =M9-J9 -> -477.45769 | AB9: =M9/J9 -> 0.86737286
B21: 平均 | I21: =AVERAGE(I5:I20) -> 11 | J21: =AVERAGE(J5:J20) -> 3600 | K21: =J21/I21 -> 327.27273 | L21: =AVERAGE(L5:L20) -> 11 | M21: =AVERAGE(M5:M20) -> 3162.9916 | N21: =M21/L21 -> 287.54469 | O21: =L21-I21 -> 0 | P21: =N21-K21 -> -39.728041 | Q21: =N21/K21 -> 0.87860876 | S21: 0.16666667 | T21: 0.43195602 | AA21: =M21-J21 -> -437.00845 | AB21: =M21/J21 -> 0.87860876
A22: (新) 3300型飯糰機 | B22: 18℃-飯糰 | C22: 一配鮭魚奶油醬油飯糰 | E22: 18.53 | F22: 2475 | G22: =E22*F22 -> 45861.75 | I22: 3 | J22: 3300 | K22: =J22/I22 -> 1100 | L22: 3 | M22: =F22/V22*60 -> 3008.8034 | N22: =M22/L22 -> 1002.9345 | O22: =L22-I22 -> 0 | P22: =N22-K22 -> -97.06552 | Q22: =N22/K22 -> 0.91175862 | R22: =Q38 -> 0.91202588 | S22: 0.33680556 | T22: 0.37107639 | V22: 49.355168 | AA22: =M22-J22 -> -291.19656 | AB22: =M22/J22 -> 0.91175862 | AC22: =AB38 -> 0.91202588
B23: 18℃-飯糰 | C23: 一配壹號醬炙烤牛飯糰 | E23: 22.28 | F23: 807 | G23: =E23*F23 -> 17979.96 | I23: 5 | J23: 3300 | K23: =J23/I23 -> 660 | L23: 5 | M23: =F23/V23*60 -> 3011.7498 | N23: =M23/L23 -> 602.34996 | O23: =L23-I23 -> 0 | P23: =N23-K23 -> -57.650039 | Q23: =N23/K23 -> 0.91265146 | S23: 0.375 | T23: 0.38615741 | U23: 5.65 | V23: 16.077033 | AA23: =M23-J23 -> -288.25019 | AB23: =M23/J23 -> 0.91265146
B24: 18℃-飯糰 | C24: 一配鹽蔥燒肉飯糰 | E24: 17.89 | F24: 3045 | G24: =E24*F24 -> 54475.05 | I24: 4 | J24: 3300 | K24: =J24/I24 -> 825 | L24: 4 | M24: =F24/V24*60 -> 3008.503 | N24: =M24/L24 -> 752.12574 | O24: =L24-I24 -> 0 | P24: =N24-K24 -> -72.874261 | Q24: =N24/K24 -> 0.91166756 | S24: 0.38958333 | T24: 0.43174769 | U24: 4.9333333 | V24: 60.727878 | AA24: =M24-J24 -> -291.49704 | AB24: =M24/J24 -> 0.91166756
B38: 平均 | I38: =AVERAGE(I22:I37) -> 4 | J38: =AVERAGE(J22:J37) -> 3300 | K38: =J38/I38 -> 825 | L38: =AVERAGE(L22:L37) -> 4 | M38: =AVERAGE(M22:M37) -> 3009.6854 | N38: =M38/L38 -> 752.42135 | O38: =L38-I38 -> 0 | P38: =N38-K38 -> -72.57865 | Q38: =N38/K38 -> 0.91202588 | S38: 0.33680556 | T38: 0.43174769 | AA38: =M38-J38 -> -290.3146 | AB38: =M38/J38 -> 0.91202588
A39: GKK3600型 飯糰機 | B39: 18℃-飯糰 | C39: 一配熟成紅鮭飯糰 | E39: 25.03 | F39: 1029 | G39: =E39*F39 -> 25755.87 | I39: 5 | J39: 3600 | K39: =J39/I39 -> 720 | L39: 5 | M39: =F39/V39*60 -> 3214.1896 | N39: =M39/L39 -> 642.83791 | O39: =L39-I39 -> 0 | P39: =N39-K39 -> -77.16209 | Q39: =N39/K39 -> 0.89283043 | R39: =Q55 -> 0.89862802 | S39: 0.25 | T39: 0.26333333 | V39: 19.208575 | AA39: =M39-J39 -> -385.81045 | AB39: =M39/J39 -> 0.89283043 | AC39: =AB55 -> 0.89862802
B40: 18℃-飯糰 | C40: 一配蔬食鮪魚飯糰 | E40: 18.18 | F40: 1234 | G40: =E40*F40 -> 22434.12 | I40: 3 | J40: 3600 | K40: =J40/I40 -> 1200 | L40: 3 | M40: =F40/V40*60 -> 3212.7618 | N40: =M40/L40 -> 1070.9206 | O40: =L40-I40 -> 0 | P40: =N40-K40 -> -129.0794 | Q40: =N40/K40 -> 0.89243384 | S40: 0.27361111 | T40: 0.28960648 | U40: 14.8 | V40: 23.045593 | AA40: =M40-J40 -> -387.23819 | AB40: =M40/J40 -> 0.89243384
B41: 18℃-飯糰 | C41: 一配北海道秋鮭親子飯糰 | E41: 24.82 | F41: 1334 | G41: =E41*F41 -> 33109.88 | I41: 5 | J41: 3600 | K41: =J41/I41 -> 720 | L41: 5 | M41: =F41/V41*60 -> 3213.5202 | N41: =M41/L41 -> 642.70403 | O41: =L41-I41 -> 0 | P41: =N41-K41 -> -77.295968 | Q41: =N41/K41 -> 0.89264449 | S41: 0.3 | T41: 0.31729167 | U41: 14.966667 | V41: 24.907266 | AA41: =M41-J41 -> -386.47984 | AB41: =M41/J41 -> 0.89264449
B42: 18℃-飯糰 | C42: 一配黑胡椒洋蔥豬飯糰 | E42: 17.07 | F42: 2265 | G42: =E42*F42 -> 38663.55 | I42: 3 | J42: 3300 | K42: =J42/I42 -> 1100 | L42: 3 | M42: =F42/V42*60 -> 3012.3672 | N42: =M42/L42 -> 1004.1224 | O42: =L42-I42 -> 0 | P42: =N42-K42 -> -95.877606 | Q42: =N42/K42 -> 0.91283854 | S42: 0.32708333 | T42: 0.35840278 | U42: 15 | V42: 45.114022 | AA42: =M42-J42 -> -287.63282 | AB42: =M42/J42 -> 0.91283854
B43: 18℃-飯糰 | C43: 一配經典肉鬆飯糰 | E43: 14.03 | F43: 4912 | G43: =E43*F43 -> 68915.36 | I43: 3 | J43: 3000 | K43: =J43/I43 -> 1000 | L43: 3 | M43: =F43/V43*60 -> 2738.0161 | N43: =M43/L43 -> 912.67204 | O43: =L43-I43 -> 0 | P43: =N43-K43 -> -87.327962 | Q43: =N43/K43 -> 0.91267204 | S43: 0.36875 | T43: 0.44349537 | U43: 14.9 | V43: 107.63998 | AA43: =M43-J43 -> -261.98389 | AB43: =M43/J43 -> 0.91267204
B44: 18℃-飯糰 | C44: 一配鮪魚飯糰 | E44: 14.28 | F44: 6902 | G44: =E44*F44 -> 98560.56 | I44: 3 | J44: 3600 | K44: =J44/I44 -> 1200 | L44: 3 | M44: =F44/V44*60 -> 3210.7452 | N44: =M44/L44 -> 1070.2484 | O44: =L44-I44 -> 0 | P44: =N44-K44 -> -129.75159 | Q44: =N44/K44 -> 0.89187368 | S44: 0.45347222 | T44: 0.54303241 | U44: 15 | V44: 128.9794 | AA44: =M44-J44 -> -389.25476 | AB44: =M44/J44 -> 0.89187368
B55: 平均 | I55: =AVERAGE(I39:I54) -> 3.6666667 | J55: =AVERAGE(J39:J54) -> 3450 | K55: =J55/I55 -> 940.90909 | L55: =AVERAGE(L39:L54) -> 3.6666667 | M55: =AVERAGE(M39:M54) -> 3100.2667 | N55: =M55/L55 -> 845.52728 | O55: =L55-I55 -> 0 | P55: =N55-K55 -> -95.381816 | Q55: =N55/K55 -> 0.89862802 | S55: 0.25 | T55: 0.54303241 | AA55: =M55-J55 -> -349.73332 | AB55: =M55/J55 -> 0.89862802
A56: GKK3600型 飯糰機2 | B56: 18℃-飯糰 | C56: 一配椒鹽檸檬鯖魚飯糰 | E56: 20.72 | F56: 1711 | G56: =E56*F56 -> 35451.92 | I56: 3 | J56: 3600 | K56: =J56/I56 -> 1200 | L56: 3 | M56: =F56/V56*60 -> 3212.9584 | N56: =M56/L56 -> 1070.9861 | O56: =L56-I56 -> 0 | P56: =N56-K56 -> -129.01388 | Q56: =N56/K56 -> 0.89248843 | R56: =Q72 -> 0.89501293 | S56: 0.25 | T56: 0.2721875 | V56: 31.951861 | AA56: =M56-J56 -> -387.04164 | AB56: =M56/J56 -> 0.89248843 | AC56: =AB72 -> 0.89501293
B57: 18℃-飯糰 | C57: 一配柚檸海灣貝飯糰 | E57: 23.72 | F57: 751 | G57: =E57*F57 -> 17813.72 | I57: 5 | J57: 3600 | K57: =J57/I57 -> 720 | L57: 5 | M57: =F57/V57*60 -> 3211.7511 | N57: =M57/L57 -> 642.35023 | O57: =L57-I57 -> 0 | P57: =N57-K57 -> -77.64977 | Q57: =N57/K57 -> 0.8921531 | S57: 0.28194444 | T57: 0.29167824 | U57: 15 | V57: 14.02973 | AA57: =M57-J57 -> -388.24885 | AB57: =M57/J57 -> 0.8921531
B58: 18℃-飯糰 | C58: 一配贅沢鮭魚肚飯糰 | E58: 30 | F58: 1910 | G58: =E58*F58 -> 57300 | I58: 4 | J58: 3600 | K58: =J58/I58 -> 900 | L58: 4 | M58: =F58/V58*60 -> 3213.1507 | N58: =M58/L58 -> 803.28767 | O58: =L58-I58 -> 0 | P58: =N58-K58 -> -96.712331 | Q58: =N58/K58 -> 0.89254185 | S58: 0.30208333 | T58: 0.32684028 | U58: 14.983333 | V58: 35.665928 | AA58: =M58-J58 -> -386.84933 | AB58: =M58/J58 -> 0.89254185
B59: 18℃-飯糰 | C59: 一配筋子銀鮭飯糰 | E59: 30 | F59: 2485 | G59: =E59*F59 -> 74550 | I59: 4 | J59: 3300 | K59: =J59/I59 -> 825 | L59: 4 | M59: =F59/V59*60 -> 3011.7351 | N59: =M59/L59 -> 752.93378 | O59: =L59-I59 -> 0 | P59: =N59-K59 -> -72.06622 | Q59: =N59/K59 -> 0.91264701 | S59: 0.33680556 | T59: 0.37118056 | U59: 15 | V59: 49.506346 | AA59: =M59-J59 -> -288.26488 | AB59: =M59/J59 -> 0.91264701
B60: 18℃-飯糰 | C60: 一配鹽蔥生鮭飯糰 | E60: 27.48 | F60: 3678 | G60: =E60*F60 -> 101071.44 | I60: 5 | J60: 3600 | K60: =J60/I60 -> 720 | L60: 5 | M60: =F60/V60*60 -> 3213.0059 | N60: =M60/L60 -> 642.60118 | O60: =L60-I60 -> 0 | P60: =N60-K60 -> -77.398825 | Q60: =N60/K60 -> 0.89250163 | S60: 0.38125 | T60: 0.42894676 | U60: 14.5 | V60: 68.683348 | AA60: =M60-J60 -> -386.99412 | AB60: =M60/J60 -> 0.89250163
B61: 18℃-飯糰 | C61: 一配明太子龍蝦風味沙拉飯糰 | E61: 18.18 | F61: 2197 | G61: =E61*F61 -> 39941.46 | I61: 3 | J61: 3600 | K61: =J61/I61 -> 1200 | L61: 3 | M61: =F61/V61*60 -> 3210.8463 | N61: =M61/L61 -> 1070.2821 | O61: =L61-I61 -> 0 | P61: =N61-K61 -> -129.71791 | Q61: =N61/K61 -> 0.89190174 | S61: 0.43888889 | T61: 0.46739583 | U61: 15 | V61: 41.054597 | AA61: =M61-J61 -> -389.15372 | AB61: =M61/J61 -> 0.89190174
B62: 18℃-飯糰 | C62: 一配雞肉飯飯糰 | E62: 16.66 | F62: 5547 | G62: =E62*F62 -> 92413.02 | I62: 5 | J62: 3600 | K62: =J62/I62 -> 720 | L62: 5 | M62: =F62/V62*60 -> 3212.3744 | N62: =M62/L62 -> 642.47488 | O62: =L62-I62 -> 0 | P62: =N62-K62 -> -77.525124 | Q62: =N62/K62 -> 0.89232622 | S62: 0.47777778 | T62: 0.54972222 | U62: 14.95 | V62: 103.60561 | AA62: =M62-J62 -> -387.62562 | AB62: =M62/J62 -> 0.89232622
B72: 平均 | I72: =AVERAGE(I56:I71) -> 4.1428571 | J72: =AVERAGE(J56:J71) -> 3557.1429 | K72: =J72/I72 -> 858.62069 | L72: =AVERAGE(L56:L71) -> 4.1428571 | M72: =AVERAGE(M56:M71) -> 3183.6888 | N72: =M72/L72 -> 768.47662 | O72: =L72-I72 -> 0 | P72: =N72-K72 -> -90.144075 | Q72: =N72/K72 -> 0.89501293 | S72: 0.25 | T72: 0.54972222 | AA72: =M72-J72 -> -373.45402 | AB72: =M72/J72 -> 0.89501293
A73: 自動包裝機 (二配) | B73: 18℃-飯糰 | C73: 二配兩粒飯糰(鮪魚.焦糖鮭魚) | E73: 28.57 | F73: 1434 | G73: =E73*F73 -> 40969.38 | I73: 12 | J73: 3600 | K73: =J73/I73 -> 300 | L73: 12 | M73: =F73/V73*60 -> 3122.8594 | N73: =M73/L73 -> 260.23829 | O73: =L73-I73 -> 0 | P73: =N73-K73 -> -39.761714 | Q73: =N73/K73 -> 0.86746095 | R73: =Q89 -> 0.89397175 | S73: 0.70833333 | T73: 0.72746528 | V73: 27.551672 | AA73: =M73-J73 -> -477.14057 | AB73: =M73/J73 -> 0.86746095 | AC73: =AB89 -> 0.89397175
B74: 18℃-飯糰 | C74: 二配柚香雞胸五穀飯糰 | E74: 17.71 | F74: 722 | G74: =E74*F74 -> 12786.62 | I74: 5 | J74: 3600 | K74: =J74/I74 -> 720 | L74: 5 | M74: =F74/V74*60 -> 3265.3413 | N74: =M74/L74 -> 653.06826 | O74: =L74-I74 -> 0 | P74: =N74-K74 -> -66.93174 | Q74: =N74/K74 -> 0.90703925 | S74: 0.73125 | T74: 0.74045139 | U74: 5.45 | V74: 13.266607 | AA74: =M74-J74 -> -334.6587 | AB74: =M74/J74 -> 0.90703925
B75: 18℃-飯糰 | C75: 二配鮭魚毛豆炊飯飯糰 | E75: 18.92 | F75: 1332 | G75: =E75*F75 -> 25201.44 | I75: 5 | J75: 3600 | K75: =J75/I75 -> 720 | L75: 5 | M75: =F75/V75*60 -> 3266.6942 | N75: =M75/L75 -> 653.33884 | O75: =L75-I75 -> 0 | P75: =N75-K75 -> -66.66116 | Q75: =N75/K75 -> 0.90741506 | S75: 0.74375 | T75: 0.76072917 | U75: 4.75 | V75: 24.4651 | AA75: =M75-J75 -> -333.3058 | AB75: =M75/J75 -> 0.90741506
B89: 平均 | I89: =AVERAGE(I73:I88) -> 7.3333333 | J89: =AVERAGE(J73:J88) -> 3600 | K89: =J89/I89 -> 490.90909 | L89: =AVERAGE(L73:L88) -> 7.3333333 | M89: =AVERAGE(M73:M88) -> 3218.2983 | N89: =M89/L89 -> 438.85886 | O89: =L89-I89 -> 0 | P89: =N89-K89 -> -52.050231 | Q89: =N89/K89 -> 0.89397175 | S89: 0.70833333 | T89: 0.76072917 | AA89: =M89-J89 -> -381.70169 | AB89: =M89/J89 -> 0.89397175
A90: (新) 3300型飯糰機 (二配) | B90: 18℃-飯糰 | C90: 二配大飯糰乾燒風味鮮蝦 | E90: 23.27 | F90: 607 | G90: =E90*F90 -> 14124.89 | I90: 5 | J90: 3000 | K90: =J90/I90 -> 600 | L90: 5 | M90: =F90/V90*60 -> 2736.9771 | N90: =M90/L90 -> 547.39543 | O90: =L90-I90 -> 0 | P90: =N90-K90 -> -52.604572 | Q90: =N90/K90 -> 0.91232571 | R90: =Q106 -> 0.91219147 | S90: 0.70833333 | T90: 0.71756944 | V90: 13.306651 | AA90: =M90-J90 -> -263.02286 | AB90: =M90/J90 -> 0.91232571 | AC90: =AB106 -> 0.91219147
B91: 18℃-飯糰 | C91: 二配大飯糰韓式蒜烤豬五花 | E91: 24.54 | F91: 1463 | G91: =E91*F91 -> 35902.02 | I91: 4 | J91: 3000 | K91: =J91/I91 -> 750 | L91: 4 | M91: =F91/V91*60 -> 2739.8479 | N91: =M91/L91 -> 684.96198 | O91: =L91-I91 -> 0 | P91: =N91-K91 -> -65.038022 | Q91: =N91/K91 -> 0.91328264 | S91: 0.72152778 | T91: 0.74377315 | U91: 5.7 | V91: 32.038275 | AA91: =M91-J91 -> -260.15209 | AB91: =M91/J91 -> 0.91328264
B92: 18℃-飯糰 | C92: 二配大飯糰泡菜鮪魚 | E92: 24.33 | F92: 1653 | G92: =E92*F92 -> 40217.49 | I92: 4 | J92: 3000 | K92: =J92/I92 -> 750 | L92: 4 | M92: =F92/V92*60 -> 2735.7851 | N92: =M92/L92 -> 683.94627 | O92: =L92-I92 -> 0 | P92: =N92-K92 -> -66.053727 | Q92: =N92/K92 -> 0.91192836 | S92: 0.74791667 | T92: 0.77309028 | U92: 5.9666667 | V92: 36.252848 | AA92: =M92-J92 -> -264.21491 | AB92: =M92/J92 -> 0.91192836
B93: 18℃-飯糰 | C93: 二配壹號醬炙烤牛飯糰 | E93: 22.28 | F93: 1683 | G93: =E93*F93 -> 37497.24 | I93: 5 | J93: 3300 | K93: =J93/I93 -> 660 | L93: 5 | M93: =F93/V93*60 -> 3009.3088 | N93: =M93/L93 -> 601.86175 | O93: =L93-I93 -> 0 | P93: =N93-K93 -> -58.138245 | Q93: =N93/K93 -> 0.91191175 | S93: 0.77708333 | T93: 0.80038194 | U93: 5.75 | V93: 33.555879 | AA93: =M93-J93 -> -290.69123 | AB93: =M93/J93 -> 0.91191175
B94: 18℃-飯糰 | C94: 二配鹽蔥燒肉飯糰 | E94: 17.89 | F94: 5801 | G94: =E94*F94 -> 103779.89 | I94: 4 | J94: 3300 | K94: =J94/I94 -> 825 | L94: 4 | M94: =F94/V94*60 -> 3008.2681 | N94: =M94/L94 -> 752.06702 | O94: =L94-I94 -> 0 | P94: =N94-K94 -> -72.932981 | Q94: =N94/K94 -> 0.91159639 | S94: 0.80347222 | T94: 0.88381944 | U94: 5 | V94: 115.70112 | AA94: =M94-J94 -> -291.73192 | AB94: =M94/J94 -> 0.91159639
B106: 平均 | I106: =AVERAGE(I90:I105) -> 4.4 | J106: =AVERAGE(J90:J105) -> 3120 | K106: =J106/I106 -> 709.09091 | L106: =AVERAGE(L90:L105) -> 4.4 | M106: =AVERAGE(M90:M105) -> 2846.0374 | N106: =M106/L106 -> 646.82668 | O106: =L106-I106 -> 0 | P106: =N106-K106 -> -62.264227 | Q106: =N106/K106 -> 0.91219147 | S106: 0.70833333 | T106: 0.88381944 | AA106: =M106-J106 -> -273.9626 | AB106: =M106/J106 -> 0.91219147
A107: GKK3600型 飯糰機 (二配) | B107: 18℃-飯糰 | C107: 二配芝麻香鬆飯糰 | E107: 18.18 | F107: 686 | G107: =E107*F107 -> 12471.48 | H107: 2 | I107: 3 | J107: 3000 | K107: =J107/I107 -> 1000 | L107: 3 | M107: =F107/V107*60 -> 2739.1541 | N107: =M107/L107 -> 913.05137 | O107: =L107-I107 -> 0 | P107: =N107-K107 -> -86.948628 | Q107: =N107/K107 -> 0.91305137 | R107: =Q123 -> 0.90143385 | S107: 0.73333333 | T107: 0.74376157 | V107: 15.026537 | AA107: =M107-J107 -> -260.84588 | AB107: =M107/J107 -> 0.91305137 | AC107: =AB123 -> 0.90143385
B108: 18℃-飯糰 | C108: 二配蔬食鮪魚飯糰 | E108: 18.18 | F108: 435 | G108: =E108*F108 -> 7908.3 | H108: 2 | I108: 3 | J108: 3600 | K108: =J108/I108 -> 1200 | L108: 3 | M108: =F108/V108*60 -> 3209.6429 | N108: =M108/L108 -> 1069.881 | O108: =L108-I108 -> 0 | P108: =N108-K108 -> -130.11902 | Q108: =N108/K108 -> 0.89156748 | S108: 0.75416667 | T108: 0.75980324 | U108: 14.983333 | V108: 8.1317456 | AA108: =M108-J108 -> -390.35706 | AB108: =M108/J108 -> 0.89156748
B109: 18℃-飯糰 | C109: 二配經典肉鬆飯糰 | E109: 14.03 | F109: 2438 | G109: =E109*F109 -> 34205.14 | H109: 2 | I109: 3 | J109: 3000 | K109: =J109/I109 -> 1000 | L109: 3 | M109: =F109/V109*60 -> 2737.0401 | N109: =M109/L109 -> 912.3467 | O109: =L109-I109 -> 0 | P109: =N109-K109 -> -87.6533 | Q109: =N109/K109 -> 0.9123467 | S109: 0.77013889 | T109: 0.80724537 | U109: 14.883333 | V109: 53.444595 | AA109: =M109-J109 -> -262.9599 | AB109: =M109/J109 -> 0.9123467
B110: 18℃-飯糰 | C110: 二配鮪魚飯糰 | E110: 14.28 | F110: 3040 | G110: =E110*F110 -> 43411.2 | H110: 2 | I110: 3 | J110: 3600 | K110: =J110/I110 -> 1200 | L110: 3 | M110: =F110/V110*60 -> 3212.4448 | N110: =M110/L110 -> 1070.8149 | O110: =L110-I110 -> 0 | P110: =N110-K110 -> -129.18508 | Q110: =N110/K110 -> 0.89234577 | S110: 0.81736111 | T110: 0.85678241 | U110: 14.566667 | V110: 56.779186 | AA110: =M110-J110 -> -387.55523 | AB110: =M110/J110 -> 0.89234577
B111: 18℃-飯糰 | C111: 二配芝麻香鬆飯糰 | E111: 18.18 | F111: 1430 | G111: =E111*F111 -> 25997.4 | I111: 3 | J111: 3000 | K111: =J111/I111 -> 1000 | L111: 3 | M111: =F111/V111*60 -> 2739.1541 | N111: =M111/L111 -> 913.05137 | O111: =L111-I111 -> 0 | P111: =N111-K111 -> -86.948628 | Q111: =N111/K111 -> 0.91305137 | S111: 0.86666667 | T111: 0.88841435 | U111: 15 | V111: 31.323539 | AA111: =M111-J111 -> -260.84588 | AB111: =M111/J111 -> 0.91305137
B112: 18℃-飯糰 | C112: 二配蔬食鮪魚飯糰 | E112: 18.18 | F112: 945 | G112: =E112*F112 -> 17180.1 | I112: 3 | J112: 3600 | K112: =J112/I112 -> 1200 | L112: 3 | M112: =F112/V112*60 -> 3209.6429 | N112: =M112/L112 -> 1069.881 | O112: =L112-I112 -> 0 | P112: =N112-K112 -> -130.11902 | Q112: =N112/K112 -> 0.89156748 | S112: 0.89861111 | T112: 0.91086806 | U112: 14.683333 | V112: 17.665516 | AA112: =M112-J112 -> -390.35706 | AB112: =M112/J112 -> 0.89156748
B113: 18℃-飯糰 | C113: 二配經典肉鬆飯糰 | E113: 14.03 | F113: 6281 | G113: =E113*F113 -> 88122.43 | I113: 3 | J113: 3000 | K113: =J113/I113 -> 1000 | L113: 3 | M113: =F113/V113*60 -> 2737.0401 | N113: =M113/L113 -> 912.3467 | O113: =L113-I113 -> 0 | P113: =N113-K113 -> -87.6533 | Q113: =N113/K113 -> 0.9123467 | S113: 0.92083333 | T113: 1.0164468 | U113: 15 | V113: 137.68889 | AA113: =M113-J113 -> -262.9599 | AB113: =M113/J113 -> 0.9123467
B114: 18℃-飯糰 | C114: 二配鮪魚飯糰 | E114: 14.28 | F114: 8005 | G114: =E114*F114 -> 114311.4 | I114: 3 | J114: 3600 | K114: =J114/I114 -> 1200 | L114: 3 | M114: =F114/V114*60 -> 3213.7345 | N114: =M114/L114 -> 1071.2448 | O114: =L114-I114 -> 0 | P114: =N114-K114 -> -128.75518 | Q114: =N114/K114 -> 0.89270401 | S114: 1.0263889 | T114: 1.1301736 | U114: 15 | V114: 149.4523 | AA114: =M114-J114 -> -386.26555 | AB114: =M114/J114 -> 0.89270401
B123: 平均 | I123: =AVERAGE(I107:I122) -> 3 | J123: =AVERAGE(J107:J122) -> 3300 | K123: =J123/I123 -> 1100 | L123: =AVERAGE(L107:L122) -> 3 | M123: =AVERAGE(M107:M122) -> 2974.7317 | N123: =M123/L123 -> 991.57723 | O123: =L123-I123 -> 0 | P123: =N123-K123 -> -108.42277 | Q123: =N123/K123 -> 0.90143385 | S123: 0.73333333 | T123: 1.1301736 | AA123: =M123-J123 -> -325.26831 | AB123: =M123/J123 -> 0.90143385
A124: GKK3600型 飯糰機2 (二配) | B124: 18℃-飯糰 | C124: 二配熟成紅鮭飯糰 | E124: 25.03 | F124: 524 | G124: =E124*F124 -> 13115.72 | H124: 2 | I124: 5 | J124: 3600 | K124: =J124/I124 -> 720 | L124: 5 | M124: =F124/V124*60 -> 3211.3087 | N124: =M124/L124 -> 642.26175 | O124: =L124-I124 -> 0 | P124: =N124-K124 -> -77.738251 | Q124: =N124/K124 -> 0.89203021 | R124: =Q140 -> 0.89230695 | S124: 0.74166667 | T124: 0.74846065 | V124: 9.7904009 | AA124: =M124-J124 -> -388.69126 | AB124: =M124/J124 -> 0.89203021 | AC124: =AB140 -> 0.89230695
B125: 18℃-飯糰 | C125: 二配三杯醬爆菇菇飯糰 | E125: 16.7 | F125: 486 | G125: =E125*F125 -> 8116.2 | H125: 2 | I125: 3 | J125: 3600 | K125: =J125/I125 -> 1200 | L125: 3 | M125: =F125/V125*60 -> 3216.5639 | N125: =M125/L125 -> 1072.188 | O125: =L125-I125 -> 0 | P125: =N125-K125 -> -127.81204 | Q125: =N125/K125 -> 0.89348997 | S125: 0.75833333 | T125: 0.76461806 | U125: 15 | V125: 9.0655746 | AA125: =M125-J125 -> -383.43611 | AB125: =M125/J125 -> 0.89348997
B126: 18℃-飯糰 | C126: 二配贅沢鮭魚肚飯糰 | E126: 30 | F126: 753 | G126: =E126*F126 -> 22590 | H126: 2 | I126: 4 | J126: 3600 | K126: =J126/I126 -> 900 | L126: 4 | M126: =F126/V126*60 -> 3210.24 | N126: =M126/L126 -> 802.56001 | O126: =L126-I126 -> 0 | P126: =N126-K126 -> -97.439992 | Q126: =N126/K126 -> 0.89173334 | S126: 0.775 | T126: 0.78476852 | U126: 14.95 | V126: 14.073714 | AA126: =M126-J126 -> -389.75997 | AB126: =M126/J126 -> 0.89173334
B127: 18℃-飯糰 | C127: 二配北海道秋鮭親子飯糰 | E127: 24.82 | F127: 745 | G127: =E127*F127 -> 18490.9 | H127: 2 | I127: 5 | J127: 3600 | K127: =J127/I127 -> 720 | L127: 5 | M127: =F127/V127*60 -> 3210.5132 | N127: =M127/L127 -> 642.10263 | O127: =L127-I127 -> 0 | P127: =N127-K127 -> -77.89737 | Q127: =N127/K127 -> 0.89180921 | S127: 0.79513889 | T127: 0.80480324 | U127: 14.933333 | V127: 13.923008 | AA127: =M127-J127 -> -389.48685 | AB127: =M127/J127 -> 0.89180921
B128: 18℃-飯糰 | C128: 二配明太子龍蝦風味沙拉飯糰 | E128: 18.18 | F128: 1092 | G128: =E128*F128 -> 19852.56 | H128: 2 | I128: 3 | J128: 3600 | K128: =J128/I128 -> 1200 | L128: 3 | M128: =F128/V128*60 -> 3213.2034 | N128: =M128/L128 -> 1071.0678 | O128: =L128-I128 -> 0 | P128: =N128-K128 -> -128.9322 | Q128: =N128/K128 -> 0.8925565 | S128: 0.81458333 | T128: 0.82873843 | U128: 15 | V128: 20.390866 | AA128: =M128-J128 -> -386.79659 | AB128: =M128/J128 -> 0.8925565
B129: 18℃-飯糰 | C129: 二配雞肉飯飯糰 | E129: 16.66 | F129: 2512 | G129: =E129*F129 -> 41849.92 | H129: 2 | I129: 5 | J129: 3600 | K129: =J129/I129 -> 720 | L129: 5 | M129: =F129/V129*60 -> 3214.1879 | N129: =M129/L129 -> 642.83757 | O129: =L129-I129 -> 0 | P129: =N129-K129 -> -77.162426 | Q129: =N129/K129 -> 0.89282996 | S129: 0.83888889 | T129: 0.87144676 | U129: 14.616667 | V129: 46.892094 | AA129: =M129-J129 -> -385.81213 | AB129: =M129/J129 -> 0.89282996
B130: 18℃-飯糰 | C130: 二配熟成紅鮭飯糰 | E130: 25.03 | F130: 1117 | G130: =E130*F130 -> 27958.51 | I130: 5 | J130: 3600 | K130: =J130/I130 -> 720 | L130: 5 | M130: =F130/V130*60 -> 3211.3087 | N130: =M130/L130 -> 642.26175 | O130: =L130-I130 -> 0 | P130: =N130-K130 -> -77.738251 | Q130: =N130/K130 -> 0.89203021 | S130: 0.88125 | T130: 0.89574074 | U130: 15 | V130: 20.869996 | AA130: =M130-J130 -> -388.69126 | AB130: =M130/J130 -> 0.89203021
B131: 18℃-飯糰 | C131: 二配三杯醬爆菇菇飯糰 | E131: 16.7 | F131: 1077 | G131: =E131*F131 -> 17985.9 | I131: 3 | J131: 3600 | K131: =J131/I131 -> 1200 | L131: 3 | M131: =F131/V131*60 -> 3216.5639 | N131: =M131/L131 -> 1072.188 | O131: =L131-I131 -> 0 | P131: =N131-K131 -> -127.81204 | Q131: =N131/K131 -> 0.89348997 | S131: 0.90555556 | T131: 0.91950231 | U131: 15 | V131: 20.089761 | AA131: =M131-J131 -> -383.43611 | AB131: =M131/J131 -> 0.89348997
B132: 18℃-飯糰 | C132: 二配贅沢鮭魚肚飯糰 | E132: 30 | F132: 1779 | G132: =E132*F132 -> 53370 | I132: 4 | J132: 3600 | K132: =J132/I132 -> 900 | L132: 4 | M132: =F132/V132*60 -> 3210.24 | N132: =M132/L132 -> 802.56001 | O132: =L132-I132 -> 0 | P132: =N132-K132 -> -97.439992 | Q132: =N132/K132 -> 0.89173334 | S132: 0.92986111 | T132: 0.95293981 | U132: 14.916667 | V132: 33.24985 | AA132: =M132-J132 -> -389.75997 | AB132: =M132/J132 -> 0.89173334
B133: 18℃-飯糰 | C133: 二配北海道秋鮭親子飯糰 | E133: 24.82 | F133: 1688 | G133: =E133*F133 -> 41896.16 | I133: 5 | J133: 3600 | K133: =J133/I133 -> 720 | L133: 5 | M133: =F133/V133*60 -> 3210.5132 | N133: =M133/L133 -> 642.10263 | O133: =L133-I133 -> 0 | P133: =N133-K133 -> -77.89737 | Q133: =N133/K133 -> 0.89180921 | S133: 0.96319444 | T133: 0.98509259 | U133: 14.766667 | V133: 31.546359 | AA133: =M133-J133 -> -389.48685 | AB133: =M133/J133 -> 0.89180921
B134: 18℃-飯糰 | C134: 二配明太子龍蝦風味沙拉飯糰 | E134: 18.18 | F134: 2752 | G134: =E134*F134 -> 50031.36 | I134: 3 | J134: 3600 | K134: =J134/I134 -> 1200 | L134: 3 | M134: =F134/V134*60 -> 3208.8297 | N134: =M134/L134 -> 1069.6099 | O134: =L134-I134 -> 0 | P134: =N134-K134 -> -130.39011 | Q134: =N134/K134 -> 0.89134157 | S134: 0.99513889 | T134: 1.0308681 | U134: 15 | V134: 51.458013 | AA134: =M134-J134 -> -391.17033 | AB134: =M134/J134 -> 0.89134157
B135: 18℃-飯糰 | C135: 二配雞肉飯飯糰 | E135: 16.66 | F135: 6363 | G135: =E135*F135 -> 106007.58 | I135: 5 | J135: 3600 | K135: =J135/I135 -> 720 | L135: 5 | M135: =F135/V135*60 -> 3214.1879 | N135: =M135/L135 -> 642.83757 | O135: =L135-I135 -> 0 | P135: =N135-K135 -> -77.162426 | Q135: =N135/K135 -> 0.89282996 | S135: 1.0409722 | T135: 1.1234491 | U135: 14.55 | V135: 118.77962 | AA135: =M135-J135 -> -385.81213 | AB135: =M135/J135 -> 0.89282996
B140: 平均 | I140: =AVERAGE(I124:I139) -> 4.1666667 | J140: =AVERAGE(J124:J139) -> 3600 | K140: =J140/I140 -> 864 | L140: =AVERAGE(L124:L139) -> 4.1666667 | M140: =AVERAGE(M124:M139) -> 3212.305 | N140: =M140/L140 -> 770.95321 | O140: =L140-I140 -> 0 | P140: =N140-K140 -> -93.046791 | Q140: =N140/K140 -> 0.89230695 | S140: 0.74166667 | T140: 1.1234491 | AA140: =M140-J140 -> -387.69496 | AB140: =M140/J140 -> 0.89230695
Y142: 原因回覆
Y143: 1.當日出勤人數較多
Y144: 2.當日出勤人數較少
Y145: 3.當日出勤熟手較多
Y146: 4.當日出勤新人較多
Y147: 5.機台夾盒
Y148: 6.封膜不順
Y149: 7.更換膠膜
Y150: 8.更換碳帶
Y151: 9.當日熱轉印碳帶異常
Y152: 10.訂單量過少
Y153: 11.新品上市，尚未熟悉
Y154: 12.活動期間品項需貼標

Sheet 0803(4度C)
A1: 大溪廠日報分析 | C1: 總生產量 | D1: =SUM(F5:F140) -> 100089 | E1: 營業額 | F1: =SUM(G5:G140) -> 4471189.9 | G1: 出勤人數 | H1: =L21+L38+L55+L72+L89+L106+L123+L140 -> 136.77619 | I1: 產線配置圖 | L1: 生產實績 | O1: 人時性差異分析 | S1: 日報登錄 | Y1: 合計次數 | Z1: 合計(時間/分) | AA1: 產線異常 分析說明(5分鐘以上) | AC1: 合計次數 | AD1: 合計(時間/分) | AE1: 產能差異分析
A2: 46237 | C2: 人時性 | D2: =AVERAGE(N21,N38,N55,N72,N89,N106,N123,N140) -> 201.37865 | E2: 平均廠價 | F2: =F1/D1 -> 44.672141 | G2: 多次生產數 | H2: =COUNT(H5:H140) -> 2 | Y2: =SUM(Y21,Y38,Y55,Y72,Y89,Y106,Y123,Y140) -> 0 | Z2: =SUM(Z21,Z38,Z55,Z72,Z89,Z106,Z123,Z140) -> 0 | AC2: =SUM(AC21,AC38,AC55,AC72,AC89,AC106,AC123,AC140) -> 50 | AD2: =SUM(AD21,AD38,AD55,AD72,AD89,AD106,AD123,AD140) -> 0
A3: 線別 | B3: 品類 | C3: 品名 | E3: 廠價 | F3: 生產量 | G3: 營收 | H3: 多次 生產 | I3: 人數 | J3: 產能/時 | K3: 人時性 | L3: 人數 | M3: 產能/時 | N3: 人時性 | O3: 人數 | P3: 人時性 | Q3: 達成率 | R3: 達成率 平均 | S3: 生產時間 | U3: 換線、休息/分 | V3: 稼動時間/分 | W3: 休息時間 | Y3: 產線異常統計(5分鐘以上) | AA3: (屏榮回填) | AC3: 短暫停線統計(5分鐘以下) | AE3: 產能/時 | AF3: 達成率 | AG3: 達成率平均
S4: 開始 | T4: 結束 | W4: 開始 | X4: 結束 | Y4: 次數 | Z4: 時間/分 | AC4: 總次數 | AD4: 設備因素(次數)
A5: 便當二線 | B5: 微波小吃 | C5: 日式茶碗蒸 | E5: 19.7 | F5: 3324 | G5: =E5*F5 -> 65482.8 | I5: 13 | J5: 1200 | K5: =J5/I5 -> 92.307692 | L5: 13 | M5: =F5/V5*60 -> 1082.9673 | N5: =M5/L5 -> 83.305176 | O5: =L5-I5 -> 0 | P5: =N5-K5 -> -9.0025163 | Q5: =N5/K5 -> 0.90247274 | R5: =Q21 -> 0.9005894 | S5: 0.16666667 | T5: 0.29454861 | V5: 184.16069 | AC5: 3 | AE5: =M5-J5 -> -117.03271 | AF5: =M5/J5 -> 0.90247274 | AG5: =AF21 -> 0.9005894
B6: 微波主食 | C6: 糖燻野郎三十天熟成牛飯 | E6: 56.43 | F6: 4730 | G6: =E6*F6 -> 266913.9 | I6: 24 | J6: 2000 | K6: =J6/I6 -> 83.333333 | L6: 24 | M6: =F6/V6*60 -> 1800.6827 | N6: =M6/L6 -> 75.028446 | O6: =L6-I6 -> 0 | P6: =N6-K6 -> -8.3048871 | Q6: =N6/K6 -> 0.90034135 | S6: 0.29861111 | T6: 0.40805556 | U6: 5.85 | V6: 157.60689 | AC6: 3 | AE6: =M6-J6 -> -199.31729 | AF6: =M6/J6 -> 0.90034135
B7: 便當 | C7: 香檸奶油魚排蔬滿盒 | E7: 77.35 | F7: 869 | G7: =E7*F7 -> 67217.15 | I7: 25 | J7: 2000 | K7: =J7/I7 -> 80 | L7: 25 | M7: =F7/V7*60 -> 1801.2216 | N7: =M7/L7 -> 72.048864 | O7: =L7-I7 -> 0 | P7: =N7-K7 -> -7.9511358 | Q7: =N7/K7 -> 0.9006108 | S7: 0.41180556 | T7: 0.43189815 | U7: 5.4 | V7: 28.947021 | AC7: 1 | AE7: =M7-J7 -> -198.7784 | AF7: =M7/J7 -> 0.9006108
B8: 便當 | C8: 嫩烤香料雞胸排蔬滿盒 | E8: 77.34 | F8: 2212 | G8: =E8*F8 -> 171076.08 | I8: 23 | J8: 2000 | K8: =J8/I8 -> 86.956522 | L8: 23 | M8: =F8/V8*60 -> 1799.2405 | N8: =M8/L8 -> 78.227847 | O8: =L8-I8 -> 0 | P8: =N8-K8 -> -8.7286749 | Q8: =N8/K8 -> 0.89962024 | S8: 0.43472222 | T8: 0.4859375 | U8: 5 | V8: 73.764459 | W8: 0.4859375 | X8: 0.52430556 | AC8: 2 | AE8: =M8-J8 -> -200.75952 | AF8: =M8/J8 -> 0.89962024
B9: 便當 | C9: 健身G肉餐盒 | E9: 59.52 | F9: 4944 | G9: =E9*F9 -> 294266.88 | I9: 24 | J9: 2000 | K9: =J9/I9 -> 83.333333 | L9: 24 | M9: =F9/V9*60 -> 1801.3104 | N9: =M9/L9 -> 75.054599 | O9: =L9-I9 -> 0 | P9: =N9-K9 -> -8.2787346 | Q9: =N9/K9 -> 0.90065519 | S9: 0.52430556 | T9: 0.63865741 | U9: 55.25 | V9: 164.68012 | AC9: 3 | AE9: =M9-J9 -> -198.68963 | AF9: =M9/J9 -> 0.90065519
B21: 平均 | I21: =AVERAGE(I5:I20) -> 21.8 | J21: =AVERAGE(J5:J20) -> 1840 | K21: =J21/I21 -> 84.40367 | L21: =AVERAGE(L5:L20) -> 21.8 | M21: =AVERAGE(M5:M20) -> 1657.0845 | N21: =M21/L21 -> 76.01305 | O21: =L21-I21 -> 0 | P21: =N21-K21 -> -8.3906197 | Q21: =N21/K21 -> 0.9005894 | S21: 0.16666667 | T21: 0.63865741 | Y21: =SUM(Y5:Y20) -> 0 | Z21: =SUM(Z5:Z20) -> 0 | AC21: =SUM(AC5:AC20) -> 12 | AD21: =SUM(AD5:AD20) -> 0 | AE21: =M21-J21 -> -182.91551 | AF21: =M21/J21 -> 0.9005894
A22: 涼麵一線 | B22: 4℃-壽司手卷 | C22: 海陸雙拼壽司 | E22: 36.45 | F22: 2816 | G22: =E22*F22 -> 102643.2 | I22: 20 | J22: 2100 | K22: =J22/I22 -> 105 | L22: 20 | M22: =F22/V22*60 -> 1892.6483 | N22: =M22/L22 -> 94.632417 | O22: =L22-I22 -> 0 | P22: =N22-K22 -> -10.367583 | Q22: =N22/K22 -> 0.90126112 | R22: =Q38 -> 0.90263829 | S22: 0.16666667 | T22: 0.22865741 | V22: 89.271734 | AC22: 1 | AE22: =M22-J22 -> -207.35166 | AF22: =M22/J22 -> 0.90126112 | AG22: =AF38 -> 0.90882074
B23: 微波小吃 | C23: 馬鈴薯玉米濃湯 | E23: 31.72 | F23: 1731 | G23: =E23*F23 -> 54907.32 | I23: 22 | J23: 2000 | K23: =J23/I23 -> 90.909091 | L23: 22 | M23: =F23/V23*60 -> 1802.2275 | N23: =M23/L23 -> 81.919432 | O23: =L23-I23 -> 0 | P23: =N23-K23 -> -8.9896584 | Q23: =N23/K23 -> 0.90111376 | S23: 0.23263889 | T23: 0.27265046 | U23: 5.7333333 | V23: 57.628684 | AC23: 1 | AE23: =M23-J23 -> -197.77249 | AF23: =M23/J23 -> 0.90111376
B24: 微波小吃 | C24: 三合一味噌湯 | E24: 34.79 | F24: 1820 | G24: =E24*F24 -> 63317.8 | I24: 11 | J24: 2000 | K24: =J24/I24 -> 181.81818 | L24: 11 | M24: =F24/V24*60 -> 1808.328 | N24: =M24/L24 -> 164.39345 | O24: =L24-I24 -> 0 | P24: =N24-K24 -> -17.424728 | Q24: =N24/K24 -> 0.904164 | S24: 0.27569444 | T24: 0.31762731 | U24: 5 | V24: 60.387275 | AC24: 0 | AE24: =M24-J24 -> -191.672 | AF24: =M24/J24 -> 0.904164
B25: 微波小吃 | C25: 蒸蛋湯 | E25: 33.2 | F25: 3168 | G25: =E25*F25 -> 105177.6 | I25: 11 | J25: 2000 | K25: =J25/I25 -> 181.81818 | L25: 11 | M25: =F25/V25*60 -> 1807.9725 | N25: =M25/L25 -> 164.36113 | O25: =L25-I25 -> 0 | P25: =N25-K25 -> -17.457049 | Q25: =N25/K25 -> 0.90398623 | S25: 0.32083333 | T25: 0.39384259 | U25: 4.6166667 | V25: 105.13434 | AC25: 1 | AE25: =M25-J25 -> -192.02754 | AF25: =M25/J25 -> 0.90398623
B26: 微波小吃 | C26: 越式牛肉寬粉 | E26: 51.44 | F26: 2163 | G26: =E26*F26 -> 111264.72 | I26: 19 | J26: 2000 | K26: =J26/I26 -> 105.26316 | L26: 19 | M26: =F26/V26*60 -> 1803.1709 | N26: =M26/L26 -> 94.903732 | O26: =L26-I26 -> 0 | P26: =N26-K26 -> -10.359426 | Q26: =N26/K26 -> 0.90158546 | S26: 0.39791667 | T26: 0.44789352 | U26: 5.8666667 | V26: 71.973211 | AC26: 2 | AE26: =M26-J26 -> -196.82908 | AF26: =M26/J26 -> 0.90158546
B27: 微波主食 | C27: 日式鮭魚茶泡烤飯 | E27: 46.34 | F27: 1150 | G27: =E27*F27 -> 53291 | H27: 2 | I27: 21 | J27: 1800 | K27: =J27/I27 -> 85.714286 | L27: 21 | M27: =F27/V27*60 -> 1622.7361 | N27: =M27/L27 -> 77.273148 | O27: =L27-I27 -> 0 | P27: =N27-K27 -> -8.4411375 | Q27: =N27/K27 -> 0.90152006 | S27: 0.45069444 | T27: 0.48021991 | U27: 5 | V27: 42.520777 | W27: 0.48021991 | X27: 0.51875 | AC27: 0 | AE27: =M27-J27 -> -177.26389 | AF27: =M27/J27 -> 0.90152006
B28: 4℃-飯糰 | C28: 麻油雞飯糰 | E28: 29.97 | F28: 2369 | G28: =E28*F28 -> 70998.93 | I28: 21 | J28: 2790 | K28: =J28/I28 -> 132.85714 | L28: 22 | M28: =F28/V28*60 -> 2626.6346 | N28: =M28/L28 -> 119.39248 | O28: =L28-I28 -> 1 | P28: =N28-K28 -> -13.46466 | Q28: =N28/K28 -> 0.89865309 | S28: 0.51875 | T28: 0.55631944 | U28: 55.483333 | V28: 54.114874 | AC28: 0 | AE28: =M28-J28 -> -163.36538 | AF28: =M28/J28 -> 0.9414461
B29: 微波主食 | C29: 日式鮭魚茶泡烤飯 | E29: 46.34 | F29: 1751 | G29: =E29*F29 -> 81141.34 | I29: 21 | J29: 1800 | K29: =J29/I29 -> 85.714286 | L29: 21 | M29: =F29/V29*60 -> 1622.7361 | N29: =M29/L29 -> 77.273148 | O29: =L29-I29 -> 0 | P29: =N29-K29 -> -8.4411375 | Q29: =N29/K29 -> 0.90152006 | S29: 0.56041667 | T29: 0.60537037 | U29: 5.9 | V29: 64.742504 | AC29: 1 | AE29: =M29-J29 -> -177.26389 | AF29: =M29/J29 -> 0.90152006
B38: 平均 | I38: =AVERAGE(I22:I37) -> 18.25 | J38: =AVERAGE(J22:J37) -> 2061.25 | K38: =J38/I38 -> 112.94521 | L38: =AVERAGE(L22:L37) -> 18.375 | M38: =AVERAGE(M22:M37) -> 1873.3068 | N38: =M38/L38 -> 101.94867 | O38: =L38-I38 -> 0.125 | P38: =N38-K38 -> -10.996538 | Q38: =N38/K38 -> 0.90263829 | S38: 0.16666667 | T38: 0.60537037 | Y38: =SUM(Y22:Y37) -> 0 | Z38: =SUM(Z22:Z37) -> 0 | AC38: =SUM(AC22:AC37) -> 6 | AD38: =SUM(AD22:AD37) -> 0 | AE38: =M38-J38 -> -187.94324 | AF38: =M38/J38 -> 0.90882074
A39: 涼麵二線 | B39: 便當 | C39: 香腸腿排雙拼便當 | E39: 53.76 | F39: 3267 | G39: =E39*F39 -> 175633.92 | I39: 20 | J39: 2000 | K39: =J39/I39 -> 100 | L39: 20 | M39: =F39/V39*60 -> 1799.3909 | N39: =M39/L39 -> 89.969544 | O39: =L39-I39 -> 0 | P39: =N39-K39 -> -10.030456 | Q39: =N39/K39 -> 0.89969544 | R39: =Q55 -> 0.90015377 | S39: 0.16666667 | T39: 0.24231481 | V39: 108.93686 | AC39: 2 | AE39: =M39-J39 -> -200.60912 | AF39: =M39/J39 -> 0.89969544 | AG39: =AF55 -> 0.90015377
B40: 便當 | C40: 蔬活腿排補力餐盒 | E40: 71.55 | F40: 2317 | G40: =E40*F40 -> 165781.35 | I40: 22 | J40: 2000 | K40: =J40/I40 -> 90.909091 | L40: 22 | M40: =F40/V40*60 -> 1799.734 | N40: =M40/L40 -> 81.806092 | O40: =L40-I40 -> 0 | P40: =N40-K40 -> -9.1029994 | Q40: =N40/K40 -> 0.89986701 | S40: 0.24513889 | T40: 0.29877315 | U40: 5 | V40: 77.244748 | AC40: 2 | AE40: =M40-J40 -> -200.26599 | AF40: =M40/J40 -> 0.89986701
B41: 便當 | C41: 地中海布格麥烤魚餐盒 | E41: 63.92 | F41: 1899 | G41: =E41*F41 -> 121384.08 | I41: 24 | J41: 2000 | K41: =J41/I41 -> 83.333333 | L41: 24 | M41: =F41/V41*60 -> 1801.2842 | N41: =M41/L41 -> 75.053507 | O41: =L41-I41 -> 0 | P41: =N41-K41 -> -8.279826 | Q41: =N41/K41 -> 0.90064209 | S41: 0.30277778 | T41: 0.34670139 | U41: 5.7666667 | V41: 63.254872 | AC41: 1 | AE41: =M41-J41 -> -198.71582 | AF41: =M41/J41 -> 0.90064209
B42: 便當 | C42: 烤蛋白餐盒 | E42: 58.67 | F42: 1062 | G42: =E42*F42 -> 62307.54 | H42: 2 | I42: 23 | J42: 2000 | K42: =J42/I42 -> 86.956522 | L42: 23 | M42: =F42/V42*60 -> 1800.6616 | N42: =M42/L42 -> 78.289634 | O42: =L42-I42 -> 0 | P42: =N42-K42 -> -8.6668878 | Q42: =N42/K42 -> 0.90033079 | S42: 0.35 | T42: 0.37457176 | U42: 4.75 | V42: 35.386994 | AC42: 1 | AE42: =M42-J42 -> -199.33842 | AF42: =M42/J42 -> 0.90033079
B43: 便當 | C43: 海陸雙拼肉肉餐盒 | E43: 59.54 | F43: 3077 | G43: =E43*F43 -> 183204.58 | I43: 23 | J43: 2000 | K43: =J43/I43 -> 86.956522 | L43: 23 | M43: =F43/V43*60 -> 1799.7746 | N43: =M43/L43 -> 78.251071 | O43: =L43-I43 -> 0 | P43: =N43-K43 -> -8.7054511 | Q43: =N43/K43 -> 0.89988731 | S43: 0.37777778 | T43: 0.44900463 | U43: 4.6166667 | V43: 102.57951 | W43: 0.44900463 | X43: 0.4875 | AC43: 2 | AE43: =M43-J43 -> -200.22538 | AF43: =M43/J43 -> 0.89988731
B44: 便當 | C44: 懷舊滷雙拼便當 | E44: 61.09 | F44: 3250 | G44: =E44*F44 -> 198542.5 | I44: 20 | J44: 2000 | K44: =J44/I44 -> 100 | L44: 20 | M44: =F44/V44*60 -> 1800.6459 | N44: =M44/L44 -> 90.032295 | O44: =L44-I44 -> 0 | P44: =N44-K44 -> -9.9677047 | Q44: =N44/K44 -> 0.90032295 | S44: 0.4875 | T44: 0.56269676 | U44: 55.433333 | V44: 108.29447 | AC44: 2 | AE44: =M44-J44 -> -199.35409 | AF44: =M44/J44 -> 0.90032295
B45: 便當 | C45: 烤蛋白餐盒 | E45: 58.67 | F45: 2810 | G45: =E45*F45 -> 164862.7 | I45: 23 | J45: 2000 | K45: =J45/I45 -> 86.956522 | L45: 23 | M45: =F45/V45*60 -> 1800.6616 | N45: =M45/L45 -> 78.289634 | O45: =L45-I45 -> 0 | P45: =N45-K45 -> -8.6668878 | Q45: =N45/K45 -> 0.90033079 | S45: 0.56597222 | T45: 0.6309838 | U45: 4.7166667 | V45: 93.632253 | AC45: 2 | AE45: =M45-J45 -> -199.33842 | AF45: =M45/J45 -> 0.90033079
B55: 平均 | I55: =AVERAGE(I39:I54) -> 22.142857 | J55: =AVERAGE(J39:J54) -> 2000 | K55: =J55/I55 -> 90.322581 | L55: =AVERAGE(L39:L54) -> 22.142857 | M55: =AVERAGE(M39:M54) -> 1800.3075 | N55: =M55/L55 -> 81.304211 | O55: =L55-I55 -> 0 | P55: =N55-K55 -> -9.0183693 | Q55: =N55/K55 -> 0.90015377 | S55: 0.16666667 | T55: 0.6309838 | Y55: =SUM(Y39:Y54) -> 0 | Z55: =SUM(Z39:Z54) -> 0 | AC55: =SUM(AC39:AC54) -> 12 | AD55: =SUM(AD39:AD54) -> 0 | AE55: =M55-J55 -> -199.69246 | AF55: =M55/J55 -> 0.90015377
A56: 涼麵三線 | B56: 季節調理麵 | C56: 和風涓絲冷麵 | E56: 28.86 | F56: 2438 | G56: =E56*F56 -> 70360.68 | I56: 19 | J56: 3600 | K56: =J56/I56 -> 189.47368 | L56: 19 | M56: =F56/V56*60 -> 3191.4779 | N56: =M56/L56 -> 167.97252 | O56: =L56-I56 -> 0 | P56: =N56-K56 -> -21.501161 | Q56: =N56/K56 -> 0.88652165 | R56: =Q72 -> 0.90204987 | S56: 0.16666667 | T56: 0.19849537 | V56: 45.834564 | AC56: 1 | AE56: =M56-J56 -> -408.52206 | AF56: =M56/J56 -> 0.88652165 | AG56: =AF72 -> 0.90204987
B57: 季節調理麵 | C57: 嘉義崇文白醋涼麵 | E57: 35.89 | F57: 3325 | G57: =E57*F57 -> 119334.25 | I57: 19 | J57: 3600 | K57: =J57/I57 -> 189.47368 | L57: 19 | M57: =F57/V57*60 -> 3192.2078 | N57: =M57/L57 -> 168.01093 | O57: =L57-I57 -> 0 | P57: =N57-K57 -> -21.46275 | Q57: =N57/K57 -> 0.88672438 | S57: 0.20208333 | T57: 0.24547454 | U57: 5.1666667 | V57: 62.495932 | AC57: 1 | AE57: =M57-J57 -> -407.79224 | AF57: =M57/J57 -> 0.88672438
B58: 季節調理麵 | C58: 招牌雞絲胡麻涼麵 | E58: 43.96 | F58: 1792 | G58: =E58*F58 -> 78776.32 | I58: 24 | J58: 3600 | K58: =J58/I58 -> 150 | L58: 24 | M58: =F58/V58*60 -> 3267.6283 | N58: =M58/L58 -> 136.15118 | O58: =L58-I58 -> 0 | P58: =N58-K58 -> -13.84882 | Q58: =N58/K58 -> 0.90767453 | S58: 0.24861111 | T58: 0.27145833 | U58: 4.5166667 | V58: 32.904599 | AC58: 1 | AE58: =M58-J58 -> -332.37169 | AF58: =M58/J58 -> 0.90767453
